Date,Open,High,Low,Close,Volume,SMA5,SMA20,SMA50,RSI,MACD,MACD_signal,MACD_hist,BB_mid,BB_upper,BB_lower
2021-09-29,560.53,566.59,554.48,565.72,1452600,,,,,0.0,0.0,0.0,,,
2021-09-30,566.59,570.05,559.67,563.13,1673900,,,,,-0.207,-0.041,-0.165,,,
2021-10-01,555.34,556.21,542.37,544.96,2175400,,,,,-1.816,-0.396,-1.419,,,
2021-10-04,548.42,551.88,544.96,548.42,1147000,,,,,-2.779,-0.873,-1.907,,,
2021-10-05,540.64,544.1,532.85,534.58,1711000,551.362,,,,-4.607,-1.62,-2.987,,,
2021-10-06,531.12,544.1,528.53,540.64,1995500,546.346,,,,-5.503,-2.396,-3.107,,,
2021-10-07,547.56,552.75,541.5,542.37,1562200,542.194,,,,-6.004,-3.118,-2.886,,,
2021-10-08,548.42,552.75,541.5,542.37,1504400,541.676,,,,-6.328,-3.76,-2.568,,,
2021-10-11,541.5,545.83,538.91,544.96,1015600,540.984,,,,-6.304,-4.269,-2.035,,,
2021-10-12,543.23,544.96,537.18,538.04,1124700,541.676,,,,-6.765,-4.768,-1.997,,,
2021-10-13,543.23,546.69,537.18,544.1,1052300,542.368,,,,-6.565,-5.127,-1.438,,,
2021-10-14,541.5,596.0,538.91,587.35,7828200,551.364,,,,-2.884,-4.679,1.795,,,
2021-10-15,585.62,590.81,567.45,580.43,3767500,558.976,,,,-0.519,-3.847,3.328,,,
2021-10-18,571.78,576.1,563.99,566.59,1771100,563.302,,,,0.236,-3.03,3.266,,,
2021-10-19,568.32,572.64,564.86,566.59,1494900,569.012,,,54.554,0.824,-2.259,3.084,,,
2021-10-20,571.78,576.1,557.94,560.53,1320700,572.298,,,50.666,0.793,-1.649,2.442,,,
2021-10-21,566.59,566.59,554.48,557.94,1425600,566.416,,,49.056,0.552,-1.209,1.761,,,
2021-10-22,553.61,564.86,551.02,557.94,1343500,561.918,,,49.056,0.358,-0.895,1.253,,,
2021-10-25,560.53,563.99,554.48,556.21,1089900,559.842,,,47.878,0.063,-0.704,0.767,,,
2021-10-26,562.26,567.45,559.67,566.59,1428500,559.842,555.473,,54.88,0.66,-0.431,1.091,555.473,584.184,526.762
2021-10-27,568.32,568.32,556.21,557.07,1198500,559.15,555.041,,48.451,0.36,-0.273,0.633,555.041,583.36,526.721
2021-10-28,557.94,564.86,557.07,562.26,3335000,560.014,554.997,,51.768,0.535,-0.111,0.646,554.997,583.267,526.727
2021-10-29,557.94,561.4,548.42,559.67,1287700,560.36,555.733,,50.038,0.46,0.003,0.457,555.733,583.666,527.799
2021-11-01,576.1,579.56,567.45,570.05,1737800,563.128,556.814,,56.337,1.224,0.247,0.976,556.814,585.226,528.402
2021-11-02,563.13,567.45,558.8,561.4,1137500,562.09,558.155,,50.611,1.118,0.421,0.697,558.155,584.613,531.697
2021-11-04,566.59,567.45,548.42,549.29,2306700,560.534,558.588,,43.885,0.056,0.348,-0.292,558.588,584.106,533.069
2021-11-05,551.02,579.56,539.77,571.78,6031200,562.438,560.058,,55.667,1.018,0.482,0.536,560.058,585.026,535.09
2021-11-08,571.78,590.81,543.23,544.1,3946300,559.324,560.144,,43.548,-0.448,0.296,-0.744,560.144,584.865,535.424
2021-11-09,543.23,546.69,534.58,534.58,2692700,552.23,559.626,,40.299,-2.351,-0.233,-2.118,559.626,586.064,533.187
2021-11-10,539.77,543.23,533.72,534.58,1647400,546.866,559.452,,40.299,-3.815,-0.95,-2.866,559.452,586.524,532.381
2021-11-11,536.31,540.64,534.58,537.18,1230600,544.444,559.106,,41.677,-4.712,-1.702,-3.01,559.106,587.163,531.05
2021-11-12,538.91,542.37,535.45,538.04,1450100,537.696,556.641,,42.153,-5.292,-2.42,-2.872,556.641,582.853,530.429
2021-11-15,538.91,539.77,535.45,538.04,942300,536.484,554.522,,42.153,-5.686,-3.073,-2.613,554.522,579.458,529.585
2021-11-16,540.64,546.69,535.45,535.45,1547900,536.658,552.964,,40.985,-6.136,-3.686,-2.45,552.964,578.607,527.322
2021-11-17,537.18,537.18,521.61,521.61,2222900,534.064,550.716,,35.349,-7.523,-4.453,-3.07,550.716,579.073,522.358
2021-11-18,519.01,519.01,509.5,512.96,1650200,529.22,548.337,,32.355,-9.214,-5.405,-3.809,548.337,580.897,515.777
2021-11-19,509.5,512.09,506.04,511.23,1377600,523.858,546.002,,31.775,-10.572,-6.439,-4.133,546.002,582.163,509.84
2021-11-22,507.77,519.88,507.77,519.88,1133800,520.226,544.098,,37.779,-10.826,-7.316,-3.509,544.098,581.596,506.601
2021-11-24,517.28,519.88,512.09,513.82,935400,515.9,541.979,,35.427,-11.384,-8.13,-3.254,541.979,581.339,502.619
2021-11-25,514.69,514.69,508.63,512.96,797500,514.17,539.297,,35.093,-11.761,-8.856,-2.905,539.297,578.905,499.69
2021-11-26,511.23,511.23,499.98,506.04,1355300,512.786,536.746,,32.443,-12.474,-9.58,-2.894,536.746,578.07,495.422
2021-11-29,500.85,500.85,490.47,490.47,1607200,508.634,533.156,,27.426,-14.132,-10.49,-3.642,533.156,577.51,488.803
2021-11-30,501.71,510.36,495.66,495.66,2732300,503.79,529.956,,31.243,-14.856,-11.363,-3.493,529.956,575.476,484.436
2021-12-01,491.33,499.98,491.33,496.52,1661300,500.33,526.28,,31.882,-15.186,-12.128,-3.058,526.28,570.007,482.552
2021-12-02,489.6,499.12,488.74,495.66,1525800,496.87,522.993,,31.566,-15.34,-12.77,-2.57,522.993,565.47,480.515
2021-12-03,500.85,506.04,493.06,506.04,1195500,496.87,520.83,,39.379,-14.457,-13.108,-1.35,520.83,562.056,479.604
2021-12-06,512.09,518.15,508.63,509.5,1360800,500.676,517.716,,41.765,-13.325,-13.151,-0.174,517.716,551.469,483.963
2021-12-07,492.2,492.2,462.79,480.95,6449200,497.734,514.558,,30.941,-14.564,-13.434,-1.13,514.558,549.705,479.412
2021-12-08,480.95,483.55,470.57,476.63,3555200,493.756,511.661,,29.687,-15.713,-13.89,-1.823,511.661,549.323,473.999
2021-12-09,478.36,480.09,467.11,467.11,2312400,488.046,508.288,536.4,27.083,-17.194,-14.55,-2.643,508.288,549.248,467.327
2021-12-10,463.65,468.84,457.6,461.06,2887100,479.05,504.482,534.307,25.549,-18.641,-15.368,-3.272,504.482,548.192,460.771
2021-12-13,461.06,464.52,457.6,460.19,1682000,469.188,500.589,532.248,25.327,-19.631,-16.221,-3.41,500.589,545.563,455.615
2021-12-14,453.27,458.46,450.68,456.73,2494600,464.344,496.524,530.483,24.417,-20.459,-17.069,-3.391,496.524,541.942,451.105
2021-12-15,455.87,463.65,454.14,461.06,1767600,461.23,492.804,528.736,27.906,-20.53,-17.761,-2.769,492.804,536.966,448.642
2021-12-16,469.71,470.57,462.79,466.25,1542700,461.058,490.036,527.369,31.96,-19.937,-18.196,-1.741,490.036,533.531,446.541
2021-12-17,463.65,468.84,461.06,461.92,1834100,461.23,487.484,525.795,30.423,-19.591,-18.475,-1.116,487.484,531.304,443.664
2021-12-20,458.46,463.65,457.6,460.19,1361000,461.23,484.932,524.151,29.806,-19.234,-18.627,-0.607,484.932,528.874,440.99
2021-12-21,470.57,472.3,464.52,465.38,1507600,462.96,482.207,522.612,34.121,-18.322,-18.566,0.244,482.207,523.716,440.698
2021-12-22,467.98,469.71,466.25,466.25,968500,463.998,479.828,521.037,34.844,-17.328,-18.318,0.99,479.828,519.101,440.556
2021-12-23,470.57,474.9,468.84,470.57,1447400,464.862,477.709,519.688,38.455,-16.008,-17.856,1.848,477.709,513.908,441.51
2021-12-24,469.71,471.44,467.11,469.71,821100,466.42,475.893,518.2,38.004,-14.86,-17.257,2.397,475.893,509.671,442.114
2021-12-27,467.98,469.71,464.52,464.52,912600,467.286,474.595,515.744,35.309,-14.205,-16.647,2.442,474.595,508.007,441.183
2021-12-28,467.98,474.9,466.25,474.9,1376200,469.19,473.557,513.633,43.881,-12.702,-15.858,3.156,473.557,505.47,441.644
2021-12-29,471.44,478.36,471.44,474.9,1379900,470.92,472.476,511.799,43.881,-11.38,-14.962,3.582,472.476,502.524,442.428
2021-12-30,472.3,473.17,467.98,469.71,1044100,470.748,471.178,509.862,40.75,-10.628,-14.095,3.467,471.178,499.183,443.174
2022-01-04,478.36,482.68,474.03,476.63,1268400,472.132,469.708,508.184,46.256,-9.366,-13.149,3.783,469.708,492.633,446.783
2022-01-05,477.49,484.41,474.9,484.41,1273400,476.11,468.453,506.713,51.692,-7.65,-12.05,4.4,468.453,483.655,453.252
2022-01-06,481.82,485.28,474.03,475.76,2019700,476.282,468.194,505.069,46.108,-6.908,-11.021,4.113,468.194,482.657,453.731
2022-01-07,475.76,478.36,467.98,471.44,1674000,475.59,467.934,503.374,43.576,-6.593,-10.136,3.543,467.934,481.939,453.93
2022-01-11,472.3,475.76,467.11,473.17,1179800,476.282,468.238,501.506,44.882,-6.133,-9.335,3.202,468.238,482.428,454.047
2022-01-12,475.76,478.36,473.17,476.63,1139600,476.282,469.016,499.897,47.497,-5.426,-8.553,3.127,469.016,483.257,454.775
2022-01-13,479.22,479.22,473.17,475.76,1083100,474.552,469.795,498.167,46.895,-4.881,-7.819,2.938,469.795,483.702,455.887
2022-01-14,475.76,476.63,465.38,467.98,1962900,472.996,470.357,496.333,41.789,-5.018,-7.259,2.241,470.357,482.881,457.833
2022-01-17,474.9,476.63,471.44,473.17,1008600,473.342,470.962,494.395,46.012,-4.654,-6.738,2.083,470.962,482.743,459.182
2022-01-18,473.17,474.03,461.92,463.65,2227600,471.438,470.832,492.44,40.244,-5.076,-6.405,1.33,470.832,482.886,458.779
2022-01-19,456.73,462.79,449.81,452.41,2479400,466.594,470.357,490.503,34.712,-6.245,-6.373,0.128,470.357,484.466,456.248
2022-01-20,450.68,461.06,450.68,457.6,1467500,462.962,470.227,488.219,38.889,-6.676,-6.434,-0.242,470.227,484.77,455.685
2022-01-21,454.14,461.06,453.27,461.06,1223000,461.578,470.011,486.558,41.573,-6.661,-6.479,-0.182,470.011,484.979,455.044
2022-01-24,465.38,470.57,462.79,469.71,1281600,460.886,470.184,485.261,47.752,-5.884,-6.36,0.476,470.184,485.049,455.32
2022-01-25,467.11,468.84,460.19,468.84,1183200,461.924,470.098,483.946,47.211,-5.277,-6.143,0.867,470.098,484.973,455.223
2022-01-26,469.71,471.44,466.25,468.84,959000,465.21,470.054,482.579,47.211,-4.741,-5.863,1.122,470.054,484.94,455.169
2022-01-27,462.79,465.38,455.87,460.19,1940400,465.728,469.838,481.022,41.758,-4.958,-5.682,0.724,469.838,485.181,454.495
2022-01-28,461.06,467.11,460.19,464.52,1186000,466.42,469.319,479.552,45.172,-4.726,-5.491,0.765,469.319,484.643,453.995
2022-01-31,466.25,466.25,459.33,462.79,1271200,465.036,468.714,478.099,44.061,-4.628,-5.318,0.69,468.714,484.066,453.361
2022-02-01,462.79,466.25,458.46,464.52,1155200,464.172,468.454,476.957,45.504,-4.36,-5.127,0.766,468.454,483.911,452.997
2022-02-02,463.65,464.52,458.46,463.65,1698400,463.134,467.805,475.971,44.877,-4.17,-4.935,0.765,467.805,482.902,452.708
2022-02-03,465.38,469.71,464.52,466.25,1426600,464.346,466.897,475.071,47.219,-3.767,-4.702,0.935,466.897,479.817,453.977
2022-02-04,466.25,488.74,458.46,468.84,6839800,465.21,466.551,474.05,49.519,-3.201,-4.401,1.2,466.551,478.826,454.276
2022-02-07,459.33,461.06,449.81,449.81,5432900,462.614,465.47,472.77,36.821,-4.239,-4.369,0.13,465.47,479.602,451.337
2022-02-08,450.68,470.57,450.68,469.71,3720100,463.652,465.297,471.905,50.978,-3.417,-4.179,0.762,465.297,479.113,451.48
2022-02-09,473.17,477.49,467.98,475.76,2337800,466.074,465.253,471.3,54.328,-2.251,-3.793,1.542,465.253,478.924,451.582
2022-02-10,472.3,480.09,468.84,478.36,2121000,468.496,465.383,471.057,55.729,-1.105,-3.255,2.151,465.383,479.516,451.25
2022-02-14,474.9,481.82,473.17,479.22,1916700,470.572,465.945,470.729,56.207,-0.125,-2.629,2.504,465.945,481.35,450.54
2022-02-15,482.68,488.74,478.36,482.68,2218000,477.146,466.42,470.452,58.165,0.919,-1.92,2.839,466.42,483.282,449.559
2022-02-16,483.55,485.28,478.36,482.68,1549700,479.74,467.372,470.192,58.165,1.727,-1.19,2.918,467.372,485.663,449.081
2022-02-17,484.41,494.79,484.41,493.93,2929100,483.374,469.448,469.95,64.202,3.238,-0.305,3.543,469.448,489.887,449.009
2022-02-18,486.14,488.74,480.95,484.41,1815500,484.584,470.788,469.448,56.741,3.626,0.482,3.144,470.788,491.471,450.106
2022-02-21,477.49,478.36,473.17,475.76,1260300,483.892,471.524,469.344,50.947,3.198,1.025,2.173,471.524,491.791,451.256
2022-02-22,469.71,469.71,461.92,468.84,1651100,481.124,471.48,469.189,46.827,2.274,1.275,1.0,471.48,491.768,451.192
2022-02-24,467.11,467.11,455.0,461.06,3108600,476.8,471.091,469.068,42.652,0.904,1.201,-0.297,471.091,491.884,450.298
2022-02-25,456.73,461.06,454.14,460.19,2349400,470.052,470.658,469.05,42.199,-0.249,0.911,-1.16,470.658,492.001,449.316
2022-02-28,459.33,471.44,459.33,470.57,2437900,467.284,471.178,469.258,49.141,-0.322,0.664,-0.986,471.178,491.945,450.41
2022-03-01,471.44,473.17,463.65,464.52,1755800,465.036,471.177,469.414,45.696,-0.858,0.36,-1.217,471.177,491.945,450.41
2022-03-02,459.33,461.92,450.68,453.27,1959100,461.922,470.701,469.258,40.071,-2.165,-0.145,-2.02,470.701,492.68,448.723
2022-03-03,456.73,465.38,455.0,464.52,2469600,462.614,470.702,469.223,47.086,-2.268,-0.57,-1.698,470.702,492.68,448.723
2022-03-04,461.06,467.11,458.46,465.38,2739400,463.652,470.788,469.292,47.591,-2.253,-0.906,-1.347,470.788,492.663,448.913
2022-03-07,461.06,461.92,449.81,453.27,1868000,460.192,470.139,469.154,41.573,-3.182,-1.362,-1.821,470.139,493.313,446.965
2022-03-08,449.81,450.68,436.84,438.57,2916200,455.002,468.626,468.618,35.676,-5.047,-2.099,-2.948,468.626,495.77,441.481
2022-03-09,432.51,436.84,429.92,431.65,2562700,450.678,467.717,467.926,33.283,-7.002,-3.079,-3.923,467.717,498.485,436.95
2022-03-10,439.43,463.65,438.57,462.79,3529100,450.332,467.372,467.77,49.652,-5.97,-3.657,-2.312,467.372,498.2,436.543
2022-03-11,459.33,467.98,459.33,465.38,2321000,450.332,466.852,467.684,50.734,-4.887,-3.903,-0.983,466.852,497.435,436.27
2022-03-14,471.44,487.87,469.71,484.41,2571200,456.56,467.155,468.081,57.898,-2.464,-3.615,1.151,467.155,498.331,435.979
2022-03-15,484.41,490.47,482.68,489.6,1905100,466.766,467.674,468.375,59.622,-0.124,-2.917,2.793,467.674,500.019,435.329
2022-03-16,489.6,493.93,483.55,487.01,2343000,477.838,467.89,468.618,58.338,1.504,-2.033,3.537,467.89,500.713,435.068
2022-03-17,493.06,494.79,488.74,493.06,2304400,483.892,468.409,469.085,60.479,3.245,-0.977,4.222,468.409,502.52,434.299
2022-03-18,492.2,494.79,487.01,488.74,2653200,488.564,468.15,469.327,58.18,4.228,0.064,4.164,468.15,501.514,434.786
2022-03-22,494.79,497.39,491.33,493.06,1704900,490.294,468.582,469.5,59.825,5.294,1.11,4.184,468.582,503.04,434.125
2022-03-23,497.39,503.44,495.66,502.58,1723000,492.89,469.924,470.036,63.255,6.828,2.253,4.575,469.924,507.503,432.344
2022-03-24,502.58,502.58,490.47,493.06,2028300,494.1,471.134,470.469,57.929,7.193,3.241,3.952,471.134,510.103,432.166
2022-03-25,496.52,501.71,493.06,499.98,2085600,495.484,473.08,471.005,60.53,7.949,4.183,3.766,473.08,513.779,432.382
2022-03-28,505.17,505.17,499.12,504.31,1691200,498.598,475.287,471.558,62.109,8.796,5.106,3.691,475.287,517.786,432.787
2022-03-29,499.98,499.98,490.47,498.25,2814600,499.636,476.67,472.008,58.578,8.876,5.86,3.017,476.67,520.311,433.03
2022-03-30,496.5,496.5,478.95,489.48,2933500,497.016,477.919,472.438,53.809,8.138,6.315,1.823,477.919,521.523,434.314
2022-03-31,484.22,486.85,478.95,480.71,1804800,494.546,479.29,472.589,49.472,6.768,6.406,0.362,479.29,521.329,437.252
2022-04-01,482.46,484.22,471.06,481.59,1425000,490.868,480.144,472.948,49.908,5.687,6.262,-0.575,480.144,521.609,438.679
2022-04-04,484.22,489.48,480.71,486.85,1519800,487.376,481.218,473.637,52.546,5.195,6.049,-0.854,481.218,522.181,440.254
2022-04-05,482.46,485.97,479.83,483.34,1202000,484.394,482.721,474.151,50.63,4.47,5.733,-1.263,482.721,521.516,443.926
2022-04-06,479.83,480.71,471.06,471.94,1304800,480.886,484.39,474.369,44.903,2.942,5.175,-2.233,484.39,517.667,451.112
2022-04-07,466.67,474.57,465.8,473.69,1560200,479.482,486.492,474.449,45.915,1.851,4.51,-2.659,486.492,509.455,463.528
2022-04-08,479.83,484.22,476.32,484.22,2084400,480.008,487.563,474.756,51.664,1.815,3.971,-2.156,487.563,507.695,467.431
2022-04-11,485.09,489.48,480.71,488.6,1575400,480.358,488.724,475.151,53.861,2.116,3.6,-1.484,488.724,505.937,471.511
2022-04-12,491.23,496.5,483.34,486.85,1425000,481.06,488.846,475.685,52.828,2.187,3.318,-1.13,488.846,505.964,471.728
2022-04-13,489.48,489.48,485.97,489.48,977500,484.568,488.84,476.184,54.248,2.429,3.14,-0.711,488.84,505.957,471.723
2022-04-14,489.48,495.62,488.6,493.87,966500,488.604,489.183,476.805,56.597,2.94,3.1,-0.16,489.183,506.42,471.946
2022-04-15,492.99,493.87,486.85,486.85,886900,489.13,488.873,477.252,51.999,2.747,3.029,-0.282,488.873,506.039,471.706
2022-04-18,482.46,483.34,474.57,479.83,915500,487.376,488.427,477.576,47.816,2.005,2.824,-0.82,488.427,506.064,470.79
2022-04-19,483.34,485.09,478.95,483.34,1066500,486.674,487.941,477.917,49.982,1.68,2.596,-0.915,487.941,505.576,470.306
2022-04-20,487.73,501.76,486.85,500.88,2259600,488.954,487.856,478.558,59.118,2.806,2.638,0.168,487.856,505.208,470.504
2022-04-21,507.9,510.53,502.64,504.39,1954800,491.058,488.422,479.65,60.666,3.936,2.897,1.039,488.422,507.174,469.671
2022-04-22,497.37,500.88,488.6,498.25,1687300,493.338,488.336,480.221,56.626,4.287,3.175,1.112,488.336,506.877,469.795
2022-04-25,491.23,497.37,490.36,492.99,1014400,495.97,487.77,480.565,53.349,4.093,3.359,0.734,487.77,504.895,470.645
2022-04-26,495.62,505.27,495.62,497.37,1295900,498.776,487.726,480.945,55.651,4.244,3.536,0.708,487.726,504.742,470.71
2022-04-27,493.87,498.25,488.6,490.36,1193800,496.672,487.77,481.168,51.289,3.755,3.58,0.175,487.77,504.81,470.73
2022-04-28,494.74,503.52,492.99,503.52,1564400,496.498,488.911,481.585,57.952,4.379,3.74,0.639,488.911,506.983,470.838
2022-05-02,498.25,504.39,493.87,501.76,1004000,497.2,489.919,481.967,56.832,4.677,3.927,0.75,489.919,508.515,471.323
2022-05-06,507.02,511.41,501.76,507.02,1546700,500.006,490.927,482.228,59.359,5.277,4.197,1.08,490.927,510.955,470.9
2022-05-09,505.27,505.27,495.62,501.76,970400,500.884,491.848,482.575,55.839,5.268,4.411,0.856,491.848,512.1,471.597
2022-05-10,499.13,504.39,494.74,501.76,1277800,503.164,493.339,483.095,55.839,5.2,4.569,0.631,493.339,511.724,474.955
2022-05-11,497.37,499.13,490.36,498.25,1407600,502.11,494.568,483.684,53.388,4.808,4.617,0.191,494.568,510.55,478.585
2022-05-12,492.99,501.76,460.53,464.92,3794900,494.742,493.602,483.761,36.851,1.787,4.051,-2.264,493.602,513.95,473.255
2022-05-13,464.92,478.95,461.41,478.08,2979200,488.954,493.076,484.119,44.201,0.45,3.33,-2.881,493.076,514.485,471.668
2022-05-16,477.2,478.08,466.67,471.06,2102700,482.814,492.287,484.128,41.431,-1.163,2.432,-3.595,492.287,515.73,468.844
2022-05-17,478.95,485.09,475.44,475.44,1095900,477.55,491.585,484.347,43.797,-2.064,1.533,-3.597,491.585,516.194,466.976
2022-05-18,473.69,476.32,470.18,471.06,981300,472.112,490.445,484.703,41.971,-3.096,0.607,-3.703,490.445,516.669,464.22
2022-05-19,461.41,471.06,461.41,469.3,1098800,472.988,489.567,484.798,41.227,-4.01,-0.317,-3.693,489.567,517.421,461.713
2022-05-20,464.92,466.67,462.29,462.29,1376400,469.83,488.69,484.736,38.314,-5.239,-1.301,-3.938,488.69,518.845,458.535
2022-05-23,465.8,473.69,464.04,469.3,1769400,469.478,487.988,485.057,42.676,-5.583,-2.157,-3.426,487.988,519.299,456.677
2022-05-24,471.06,471.94,460.53,460.53,1344600,466.496,485.97,485.496,38.964,-6.489,-3.024,-3.465,485.97,518.94,453.001
2022-05-25,464.04,465.8,456.15,457.02,1297300,463.688,483.602,486.004,37.556,-7.404,-3.9,-3.504,483.602,517.783,449.421
2022-05-26,456.15,464.04,455.27,460.53,1155000,461.934,481.716,485.958,39.895,-7.757,-4.671,-3.086,481.716,516.648,446.784
2022-05-27,460.53,463.16,456.15,457.02,978800,460.88,479.918,485.791,38.348,-8.225,-5.382,-2.843,479.918,516.088,443.747
2022-05-30,461.41,464.04,458.78,460.53,1282500,459.126,478.076,485.314,40.819,-8.218,-5.949,-2.269,478.076,514.256,441.895
2022-05-31,460.53,463.16,456.15,457.02,2134800,458.424,476.408,484.662,39.13,-8.399,-6.439,-1.96,476.408,513.272,439.545
2022-06-01,464.92,478.95,464.92,478.08,2256600,462.636,475.136,484.483,51.972,-6.765,-6.504,-0.261,475.136,509.747,440.526
2022-06-02,475.44,477.2,466.67,469.3,1478900,464.39,473.513,484.008,47.475,-6.108,-6.425,0.317,473.513,505.836,441.191
2022-06-03,469.3,472.81,465.8,468.43,928900,466.672,471.584,483.602,47.041,-5.593,-6.259,0.665,471.584,499.836,443.332
2022-06-06,466.67,469.3,464.92,469.3,1379100,468.426,469.961,483.127,47.558,-5.057,-6.018,0.962,469.961,494.384,445.538
2022-06-07,469.3,475.44,466.67,471.94,1496100,471.41,468.47,482.514,49.178,-4.368,-5.688,1.32,468.47,487.837,449.103
2022-06-08,471.94,473.69,467.55,469.3,1697500,469.654,467.023,482.039,47.594,-3.99,-5.349,1.359,467.023,480.427,453.618
2022-06-09,470.18,476.32,470.18,474.57,1396700,470.708,467.505,481.531,50.987,-3.227,-4.924,1.697,467.505,481.281,453.729
2022-06-10,473.69,473.69,468.43,468.43,1197800,470.708,467.023,480.813,47.156,-3.083,-4.556,1.473,467.023,479.884,454.161
2022-06-13,464.92,472.81,464.92,471.94,1164700,471.236,467.066,480.287,49.493,-2.654,-4.176,1.521,467.066,479.992,454.141
2022-06-14,469.3,470.18,465.8,469.3,1163200,470.708,466.76,479.883,47.782,-2.499,-3.84,1.341,466.76,479.128,454.391
2022-06-15,470.18,471.94,464.92,465.8,1303500,470.008,466.496,479.585,45.534,-2.628,-3.598,0.97,466.496,478.702,454.291
2022-06-16,473.69,485.97,472.81,482.46,2143000,471.586,467.154,479.602,56.116,-1.371,-3.153,1.782,467.154,481.267,453.042
2022-06-17,477.2,486.85,475.44,486.85,2429900,475.27,468.383,479.602,58.409,-0.019,-2.526,2.507,468.383,484.798,451.967
2022-06-20,490.36,492.11,478.95,481.59,1671400,477.2,468.997,479.567,54.719,0.62,-1.897,2.517,468.997,486.445,451.549
2022-06-21,479.83,493.87,479.83,489.48,1400000,481.236,470.444,479.918,58.912,1.743,-1.169,2.912,470.444,489.65,451.239
2022-06-22,491.23,495.62,485.97,493.87,963100,486.85,472.287,480.322,61.071,2.954,-0.344,3.298,472.287,493.075,451.499
2022-06-23,496.5,500.01,492.11,494.74,1384900,489.306,473.997,480.532,61.503,3.938,0.512,3.425,473.997,496.288,451.707
2022-06-24,494.74,494.74,481.59,490.36,2256300,490.008,475.664,480.567,58.014,4.314,1.273,3.042,475.664,497.593,453.736
2022-06-27,495.62,499.13,490.36,491.23,1133600,491.936,477.2,480.655,58.517,4.63,1.944,2.686,477.2,498.964,455.435
2022-06-28,494.74,506.15,490.36,505.27,1798800,495.094,479.612,480.971,65.671,5.944,2.744,3.2,479.612,502.62,456.604
2022-06-29,500.88,502.64,498.25,500.01,1212100,496.322,480.708,481.094,61.399,6.486,3.492,2.994,480.708,505.435,455.982
2022-06-30,502.64,507.02,499.13,502.64,1971100,497.902,482.376,481.409,62.705,7.047,4.203,2.844,482.376,508.328,456.423
2022-07-01,507.02,513.16,501.76,505.27,1771100,500.884,484.218,481.918,64.017,7.616,4.886,2.73,484.218,511.212,457.223
2022-07-04,508.78,508.78,500.88,507.02,1162200,504.042,486.104,482.392,64.901,8.115,5.532,2.583,486.104,513.966,458.241
2022-07-05,507.02,507.9,503.52,506.15,1122500,504.218,487.814,482.497,64.058,8.343,6.094,2.249,487.814,516.211,459.417
2022-07-06,496.5,500.01,491.23,499.13,1189100,504.042,489.305,482.392,57.562,7.867,6.449,1.419,489.305,516.724,461.887
2022-07-07,501.76,507.02,498.25,504.39,1271900,504.392,490.797,482.515,60.772,7.824,6.724,1.101,490.797,518.084,463.509
2022-07-08,501.76,503.52,495.62,497.37,2021300,502.812,492.243,482.602,54.813,7.142,6.807,0.334,492.243,517.534,466.953
2022-07-11,502.64,511.41,500.88,511.41,1620100,503.69,494.217,482.883,62.692,7.645,6.975,0.67,494.217,518.991,469.443
2022-07-12,509.66,532.46,507.02,525.45,4565200,507.55,497.024,483.585,68.591,9.073,7.395,1.678,497.024,522.622,471.427
2022-07-13,529.83,530.71,514.04,514.92,1806400,510.708,499.48,483.813,60.824,9.248,7.765,1.483,499.48,521.661,477.3
2022-07-14,517.55,518.43,513.16,518.43,1098600,513.516,501.279,484.146,62.354,9.56,8.124,1.435,501.279,523.482,479.076
2022-07-15,515.8,516.67,505.27,506.15,2279900,515.272,502.244,484.129,54.355,8.715,8.242,0.473,502.244,523.462,481.026
2022-07-19,510.53,514.04,505.27,512.29,1560800,515.448,503.779,484.34,57.304,8.444,8.283,0.162,503.779,523.059,484.499
2022-07-20,514.04,523.69,512.29,518.43,1818800,514.044,505.226,484.673,60.082,8.625,8.351,0.274,505.226,524.333,486.12
2022-07-21,518.43,526.32,514.04,524.57,1136200,515.974,506.761,485.199,62.695,9.159,8.513,0.646,506.761,526.93,486.593
2022-07-22,520.18,523.69,518.43,519.31,851700,516.15,507.99,486.287,59.124,9.053,8.621,0.432,507.99,528.068,487.912
2022-07-25,519.31,526.32,519.31,521.94,871800,519.308,509.569,487.164,60.34,9.077,8.712,0.365,509.569,528.757,490.381
2022-07-26,525.45,533.34,524.57,530.71,1474400,522.992,511.543,488.357,64.17,9.691,8.908,0.783,511.543,530.909,492.177
2022-07-27,531.59,531.59,521.94,524.57,1252600,524.22,512.508,489.34,59.815,9.573,9.041,0.532,512.508,532.472,492.544
2022-07-28,526.32,527.2,522.81,526.32,894000,524.57,513.823,490.445,60.635,9.51,9.135,0.375,513.823,533.787,493.86
2022-07-29,523.69,526.32,521.06,524.57,870900,525.622,514.92,491.551,59.331,9.213,9.15,0.063,514.92,534.706,495.134
2022-08-01,521.06,528.08,519.3,523.69,1210400,525.972,515.841,492.779,58.649,8.805,9.081,-0.276,515.841,535.45,496.232
2022-08-02,521.94,523.69,515.8,521.94,1254500,524.218,516.587,493.831,57.238,8.246,8.914,-0.668,516.587,535.916,497.258
2022-08-03,521.06,521.06,514.92,517.55,849000,522.814,517.157,494.972,53.745,7.363,8.604,-1.241,517.157,535.852,498.462
2022-08-04,522.81,525.45,469.3,494.74,7518400,516.498,516.938,495.726,40.065,4.768,7.837,-3.069,516.938,536.601,497.274
2022-08-05,483.34,501.76,478.08,498.25,2665000,511.234,516.63,496.481,42.491,2.961,6.862,-3.901,516.63,537.286,495.975
2022-08-08,498.25,513.16,497.37,507.9,2051400,508.076,517.157,497.498,48.645,2.281,5.946,-3.665,517.157,536.221,498.093
2022-08-09,507.9,507.9,499.13,501.76,1386600,504.04,516.675,498.323,45.321,1.232,5.003,-3.771,516.675,536.809,496.54
2022-08-10,500.88,501.76,495.62,499.13,1412000,500.356,515.359,499.165,43.937,0.187,4.04,-3.853,515.359,536.494,494.223
2022-08-12,510.53,510.53,504.39,510.53,2076500,503.514,515.139,499.814,50.934,0.275,3.287,-3.012,515.139,536.384,493.894
2022-08-15,509.66,510.53,505.27,508.78,1021800,505.62,514.656,500.604,49.905,0.202,2.67,-2.468,514.656,536.025,493.288
2022-08-16,507.02,507.9,504.39,507.9,679000,505.62,514.744,501.393,49.364,0.072,2.15,-2.079,514.744,535.98,493.508
2022-08-17,509.66,514.04,507.02,511.41,1171900,507.55,514.7,502.235,51.615,0.249,1.77,-1.521,514.7,535.961,493.439
2022-08-18,510.53,511.41,504.39,505.27,772900,508.778,514.042,502.902,47.627,-0.105,1.395,-1.5,514.042,535.629,492.455
2022-08-19,504.39,509.66,502.64,508.78,979500,508.428,513.253,503.691,50.005,-0.101,1.096,-1.197,513.253,534.368,492.137
2022-08-22,502.64,507.9,498.25,507.9,939600,508.252,512.682,504.358,49.399,-0.167,0.843,-1.01,512.682,533.725,491.639
2022-08-23,504.39,507.02,502.64,506.15,967000,507.902,511.893,505.112,48.15,-0.356,0.603,-0.96,511.893,532.656,491.129
2022-08-24,507.02,507.02,501.76,504.39,1093900,506.498,510.576,505.761,46.867,-0.641,0.354,-0.995,510.576,529.58,491.573
2022-08-25,507.02,512.29,503.52,507.02,925800,506.848,509.699,506.516,49.052,-0.647,0.154,-0.801,509.699,527.569,491.829
2022-08-26,509.66,509.66,504.39,505.27,617300,506.146,508.646,507.305,47.648,-0.784,-0.033,-0.75,508.646,524.791,492.502
2022-08-29,498.25,501.76,496.5,500.01,851700,504.568,507.418,507.656,43.607,-1.302,-0.287,-1.015,507.418,522.136,492.701
2022-08-30,504.39,507.02,502.64,506.15,705100,504.568,506.542,508.042,49.04,-1.203,-0.47,-0.733,506.542,519.11,493.973
2022-08-31,498.25,502.64,498.25,500.88,974200,503.866,505.489,508.428,45.03,-1.532,-0.683,-0.849,505.489,515.983,494.994
2022-09-01,499.13,500.88,497.37,499.13,1103800,502.288,504.568,508.621,43.751,-1.912,-0.928,-0.984,504.568,513.757,495.378
2022-09-02,497.37,498.25,487.73,490.36,1632400,499.306,504.348,508.551,37.934,-2.888,-1.32,-1.567,504.348,514.664,494.033
2022-09-05,482.46,487.73,481.59,483.34,1412400,495.972,503.603,508.323,34.034,-4.179,-1.892,-2.287,503.603,517.356,489.85
2022-09-06,483.34,485.97,482.46,484.22,966600,491.586,502.419,508.2,34.937,-5.073,-2.528,-2.545,502.419,518.496,486.342
2022-09-07,480.71,482.46,471.06,471.06,1775200,485.622,500.884,507.797,28.626,-6.766,-3.376,-3.39,500.884,522.226,479.542
2022-09-08,478.08,483.34,477.2,479.83,1222100,481.762,499.919,507.288,36.817,-7.315,-4.164,-3.151,499.919,523.248,476.59
2022-09-09,479.83,485.97,478.95,484.22,1518700,480.534,498.604,506.972,40.499,-7.312,-4.793,-2.518,498.604,522.376,474.831
2022-09-12,486.85,487.73,480.71,481.59,1051400,480.184,497.244,506.551,39.031,-7.436,-5.322,-2.114,497.244,521.667,472.821
2022-09-13,481.59,485.09,480.71,483.34,786600,480.008,496.016,506.112,40.574,-7.308,-5.719,-1.589,496.016,520.652,471.38
2022-09-14,478.95,480.71,476.32,476.32,1426600,481.06,494.261,505.498,36.576,-7.685,-6.112,-1.573,494.261,519.276,469.247
2022-09-15,478.95,480.71,475.44,476.32,806800,480.358,492.814,504.902,36.576,-7.893,-6.468,-1.425,492.814,518.488,467.14
2022-09-16,475.44,478.95,473.69,478.08,1070300,479.13,491.279,504.481,38.342,-7.826,-6.74,-1.086,491.279,516.603,465.955
2022-09-20,478.08,479.83,475.44,478.95,1533100,478.602,489.832,503.972,39.243,-7.614,-6.915,-0.699,489.832,514.455,465.208
2022-09-21,476.32,478.95,474.57,478.08,1041700,477.55,488.428,503.586,38.635,-7.431,-7.018,-0.413,488.428,512.324,464.532
2022-09-22,473.69,478.08,472.81,477.2,1124600,477.726,487.068,502.902,37.994,-7.273,-7.069,-0.204,487.068,510.223,463.914
2022-09-26,476.32,481.59,475.44,478.08,1315400,478.078,485.622,501.955,39.083,-6.996,-7.055,0.058,485.622,507.082,464.161
2022-09-27,478.95,483.34,478.95,478.95,1123800,478.252,484.306,501.235,40.201,-6.63,-6.97,0.339,484.306,503.833,464.778
2022-09-28,474.57,475.44,469.3,473.69,2021000,477.2,482.989,500.34,35.91,-6.688,-6.913,0.226,482.989,501.586,464.393
2022-09-29,479.92,486.16,476.36,484.38,1614100,478.46,481.901,499.905,48.046,-5.804,-6.691,0.888,481.901,497.012,466.79
2022-09-30,481.7,487.94,479.92,485.27,2298900,480.074,481.12,499.365,48.914,-4.974,-6.348,1.374,481.12,493.463,468.778
2022-10-03,481.7,483.48,473.69,475.47,1740900,479.552,479.938,498.505,40.83,-5.049,-6.088,1.039,479.938,489.15,470.725
2022-10-04,481.7,491.5,481.7,488.83,1474200,481.528,479.861,497.791,52.383,-3.984,-5.667,1.683,479.861,488.728,470.994
2022-10-05,491.5,493.28,484.38,485.27,1156900,483.844,479.958,497.11,49.604,-3.389,-5.212,1.823,479.958,489.024,470.891
2022-10-06,486.16,489.72,482.59,482.59,981500,483.486,479.876,496.323,47.558,-3.097,-4.789,1.691,479.876,488.809,470.943
2022-10-07,476.36,482.59,475.47,481.7,1124800,482.772,480.408,495.343,46.867,-2.905,-4.412,1.507,480.408,488.342,472.474
2022-10-11,478.14,484.38,476.36,481.7,1243800,484.018,480.502,494.485,46.867,-2.721,-4.074,1.353,480.502,488.451,472.552
2022-10-12,478.14,480.81,475.47,480.81,1162900,482.414,480.331,493.575,46.09,-2.617,-3.782,1.166,480.331,488.089,472.573
2022-10-13,476.36,479.03,475.47,475.47,865300,480.454,480.025,492.593,41.631,-2.931,-3.612,0.681,480.025,488.052,471.998
2022-10-14,482.59,484.38,477.25,482.59,1278700,480.454,479.987,491.771,48.751,-2.576,-3.405,0.829,479.987,487.956,472.019
2022-10-17,483.48,484.38,479.92,479.92,695100,480.098,480.167,490.931,46.462,-2.482,-3.22,0.738,480.167,487.947,472.388
2022-10-18,482.59,484.38,479.03,480.81,1130200,479.92,480.392,490.196,47.349,-2.309,-3.038,0.729,480.392,487.961,472.823
2022-10-19,485.27,490.61,483.48,486.16,1687400,480.99,480.796,490.024,52.451,-1.72,-2.774,1.055,480.796,488.7,472.892
2022-10-20,480.81,483.48,478.14,480.81,1463400,482.058,480.889,489.675,47.495,-1.665,-2.553,0.887,480.889,488.745,473.033
2022-10-21,481.7,483.48,478.14,478.14,978000,481.168,480.892,489.08,45.199,-1.817,-2.405,0.588,480.892,488.744,473.04
2022-10-24,479.92,479.92,473.69,473.69,1114400,479.922,480.716,488.519,41.592,-2.27,-2.378,0.108,480.716,489.058,472.375
2022-10-25,478.14,484.38,476.36,480.81,1176000,479.922,480.853,488.152,48.654,-2.031,-2.309,0.278,480.853,489.101,472.605
2022-10-26,482.59,482.59,477.25,479.03,1387600,478.496,480.857,487.522,47.12,-1.963,-2.24,0.277,480.857,489.101,472.613
2022-10-27,478.14,479.03,474.58,474.58,980600,477.25,480.902,486.838,43.433,-2.242,-2.24,-0.002,480.902,488.991,472.812
2022-10-28,474.58,476.36,471.91,471.91,1404300,476.004,480.278,486.119,41.343,-2.648,-2.322,-0.326,480.278,489.126,471.43
2022-10-31,473.69,476.36,471.91,471.91,937900,475.648,479.61,485.329,41.343,-2.936,-2.445,-0.491,479.61,488.878,470.342
2022-11-01,478.14,479.92,475.47,475.47,975300,474.58,479.61,484.733,45.406,-2.844,-2.525,-0.32,479.61,488.878,470.342
2022-11-02,475.47,496.84,475.47,487.05,3634200,476.184,479.521,484.298,56.065,-1.816,-2.383,0.567,479.521,488.444,470.598
2022-11-04,460.33,460.33,443.42,445.2,8874500,470.308,477.518,483.044,31.857,-4.328,-2.772,-1.556,477.518,494.946,460.089
2022-11-07,447.87,451.43,446.09,446.98,2951900,465.322,475.737,481.861,33.179,-6.105,-3.439,-2.667,475.737,497.676,453.798
2022-11-08,451.43,451.43,446.09,449.65,2594400,460.87,474.134,480.766,35.209,-7.215,-4.194,-3.021,474.134,498.757,449.512
2022-11-09,451.43,451.43,447.87,448.76,1435800,455.528,472.488,479.601,34.829,-8.073,-4.97,-3.103,472.488,499.29,445.685
2022-11-10,448.76,449.65,446.09,448.76,1754200,447.87,470.885,478.47,34.829,-8.654,-5.707,-2.947,470.885,499.372,442.398
2022-11-11,453.21,455.88,446.09,447.87,3100100,448.404,469.505,477.428,34.398,-9.081,-6.381,-2.699,469.505,499.68,439.33
2022-11-14,446.98,449.65,445.2,449.65,2028000,448.938,467.858,476.298,36.099,-9.17,-6.939,-2.231,467.858,498.616,437.1
2022-11-15,448.76,454.99,447.87,454.1,2415300,449.828,466.567,475.362,40.268,-8.78,-7.307,-1.473,466.567,497.361,435.773
2022-11-16,454.1,454.99,447.87,448.76,2009800,449.828,464.964,474.355,37.137,-8.801,-7.606,-1.195,464.964,495.973,433.956
2022-11-17,450.54,454.99,448.76,454.1,1384100,450.896,463.362,473.629,41.994,-8.291,-7.743,-0.548,463.362,493.043,433.68
2022-11-18,453.21,456.77,451.43,456.77,2054400,452.676,462.16,473.098,44.311,-7.583,-7.711,0.128,462.16,490.794,433.525
2022-11-21,460.33,462.12,458.55,460.33,1377300,454.812,461.269,472.62,47.331,-6.659,-7.501,0.842,461.269,488.901,433.637
2022-11-22,462.12,466.57,461.22,465.68,1504200,457.128,460.869,472.513,51.582,-5.432,-7.087,1.655,460.869,487.97,433.767
2022-11-24,466.57,469.24,463.9,469.24,1571200,461.224,460.29,472.301,54.229,-4.125,-6.494,2.37,460.29,486.06,434.52
2022-11-25,469.24,474.58,468.35,472.8,1395000,464.964,459.978,472.072,56.774,-2.77,-5.75,2.98,459.978,484.933,435.024
2022-11-28,474.58,475.47,467.46,469.24,1308500,467.458,459.712,471.825,53.566,-1.961,-4.992,3.031,459.712,484.116,435.307
2022-11-29,470.13,470.13,466.57,467.46,1218500,468.884,459.489,471.508,51.985,-1.446,-4.283,2.837,459.489,483.503,435.475
2022-11-30,465.68,467.46,463.9,464.79,1674500,468.706,459.133,471.277,49.619,-1.24,-3.674,2.434,459.133,482.576,435.69
2022-12-01,467.46,468.35,463.01,463.01,1298900,467.46,458.51,471.011,48.048,-1.206,-3.18,1.975,458.51,480.757,436.263
2022-12-02,461.22,461.22,456.77,460.33,1887200,464.966,457.174,470.656,45.703,-1.379,-2.82,1.441,457.174,474.968,439.38
2022-12-05,460.33,460.33,454.99,454.99,1295000,462.116,457.663,470.177,41.37,-1.925,-2.641,0.716,457.663,474.588,440.739
2022-12-06,455.88,460.33,454.99,460.33,1278800,460.69,458.331,469.822,46.802,-1.905,-2.494,0.589,458.331,474.519,442.143
2022-12-07,460.33,467.46,460.33,466.57,1317200,461.046,459.177,469.609,52.356,-1.37,-2.269,0.899,459.177,475.222,443.132
2022-12-08,467.46,467.46,463.9,464.79,1273800,461.402,459.978,469.343,50.729,-1.077,-2.031,0.954,459.978,475.423,444.534
2022-12-09,463.01,468.35,463.01,467.46,1803900,462.828,460.914,469.114,53.084,-0.622,-1.749,1.127,460.914,475.751,446.076
2022-12-12,469.24,471.02,465.68,465.68,978100,464.966,461.804,468.953,51.323,-0.401,-1.48,1.078,461.804,475.434,448.174
2022-12-13,468.35,470.13,465.68,470.13,707500,466.926,462.828,468.668,55.315,0.132,-1.157,1.289,462.828,475.667,449.989
2022-12-14,470.13,474.58,468.35,472.8,1243100,468.172,463.763,468.419,57.563,0.761,-0.774,1.535,463.763,476.65,450.876
2022-12-15,471.91,475.47,470.13,471.02,856800,469.418,464.876,468.33,55.556,1.103,-0.398,1.501,464.876,476.036,453.716
2022-12-16,469.24,474.58,467.46,471.02,1774100,470.13,465.722,467.974,55.556,1.359,-0.047,1.406,465.722,475.971,455.473
2022-12-19,470.13,471.91,466.57,471.91,840600,471.376,466.479,467.707,56.437,1.614,0.285,1.329,466.479,476.165,456.793
2022-12-20,473.69,478.14,468.35,475.47,1924300,472.444,467.236,467.564,59.864,2.08,0.644,1.436,467.236,477.259,457.213
2022-12-21,475.47,479.03,472.8,475.47,1610600,472.978,467.726,467.44,59.864,2.422,1.0,1.422,467.726,478.366,457.085
2022-12-22,478.14,479.92,474.58,479.92,950500,474.758,468.26,467.404,63.972,3.017,1.403,1.613,468.26,480.211,456.308
2022-12-23,477.25,483.48,475.47,483.48,1443000,477.25,468.794,467.457,66.892,3.732,1.869,1.863,468.794,482.434,455.153
2022-12-26,483.48,486.16,482.59,484.38,813700,479.744,469.55,467.636,67.606,4.322,2.36,1.963,469.55,484.872,454.229
2022-12-27,486.16,492.39,486.16,490.61,1501900,482.772,470.708,467.796,72.097,5.232,2.934,2.298,470.708,488.64,452.776
2022-12-28,490.61,492.39,486.16,490.61,895000,485.8,471.999,468.01,72.097,5.885,3.524,2.361,471.999,491.762,452.236
2022-12-29,490.61,492.39,484.38,488.83,917100,487.582,473.29,468.17,68.931,6.188,4.057,2.131,473.29,493.934,452.646
2022-12-30,487.05,491.5,486.16,488.83,971700,488.652,474.715,468.224,68.931,6.355,4.517,1.838,474.715,495.526,453.904
2023-01-04,486.16,487.05,478.14,479.03,1606100,487.582,475.917,468.188,53.835,5.631,4.74,0.892,475.917,494.599,457.235
2023-01-05,473.69,474.58,468.35,472.8,2158500,484.02,476.541,468.081,46.815,4.503,4.692,-0.189,476.541,493.811,459.27
2023-01-06,471.91,474.58,469.24,471.02,1330100,480.102,476.763,468.028,45.01,3.426,4.439,-1.013,476.763,493.602,459.924
2023-01-10,471.02,473.69,467.46,468.35,1324800,476.006,476.941,467.779,42.37,2.33,4.017,-1.687,476.941,493.316,460.566
2023-01-11,468.35,471.91,464.79,464.79,1750900,471.198,476.808,467.494,39.079,1.161,3.446,-2.285,476.808,493.548,460.067
2023-01-12,464.79,466.57,463.01,463.9,982900,468.172,476.719,467.28,38.278,0.161,2.789,-2.628,476.719,493.725,459.712
2023-01-13,460.33,465.68,460.33,463.01,1342500,466.214,476.362,467.102,37.452,-0.696,2.092,-2.788,476.362,494.226,458.499
2023-01-16,462.12,468.35,461.22,466.57,1035900,465.324,476.051,466.995,42.773,-1.075,1.459,-2.534,476.051,494.387,457.715
2023-01-17,467.46,470.13,465.68,466.57,912600,464.968,475.828,466.817,42.773,-1.36,0.895,-2.255,475.828,494.526,457.131
2023-01-18,468.35,473.69,466.57,471.02,1077500,466.214,475.828,466.497,49.056,-1.212,0.474,-1.686,475.828,494.526,457.131
2023-01-19,468.35,471.02,467.46,467.46,968700,466.926,475.606,466.942,44.817,-1.367,0.105,-1.472,475.606,494.603,456.609
2023-01-20,469.24,470.13,467.46,468.35,924300,467.994,475.25,467.369,46.071,-1.402,-0.196,-1.206,475.25,494.523,455.977
2023-01-23,471.02,471.91,467.46,468.35,796600,468.35,474.894,467.743,46.071,-1.413,-0.439,-0.973,474.894,494.411,455.377
2023-01-24,471.91,474.58,470.13,472.8,943000,469.596,474.538,468.224,52.353,-1.051,-0.562,-0.489,474.538,493.929,455.147
2023-01-25,473.69,473.69,471.02,472.8,857000,469.952,474.004,468.705,52.353,-0.755,-0.6,-0.154,474.004,492.941,455.067
2023-01-26,473.69,475.47,472.8,474.58,957900,471.376,473.514,469.239,54.796,-0.372,-0.555,0.182,473.514,491.817,455.211
2023-01-27,474.58,474.58,470.13,471.91,964700,472.088,472.579,469.684,50.605,-0.281,-0.5,0.219,472.579,489.02,456.138
2023-01-30,471.02,474.58,470.13,473.69,999500,473.156,471.733,470.076,53.176,-0.065,-0.413,0.348,471.733,485.844,457.622
2023-01-31,478.14,481.7,477.25,479.92,1183500,474.58,471.288,470.699,60.856,0.602,-0.21,0.812,471.288,483.57,459.005
2023-02-01,482.59,483.48,477.25,477.25,981700,475.47,470.708,471.162,56.573,0.905,0.013,0.892,470.708,480.308,461.109
2023-02-02,477.25,478.14,471.02,471.02,1153400,474.758,470.308,471.447,48.072,0.635,0.137,0.498,470.308,479.078,461.538
2023-02-03,471.02,473.69,465.68,467.46,2342900,473.868,470.041,471.59,44.004,0.132,0.136,-0.004,470.041,478.816,461.266
2023-02-06,471.02,477.25,471.02,471.91,1850100,473.512,470.086,471.715,49.731,0.092,0.128,-0.036,470.086,478.891,461.28
2023-02-07,472.8,474.58,468.35,468.35,1129700,471.198,470.086,471.697,45.704,-0.225,0.057,-0.282,470.086,478.891,461.28
2023-02-08,468.35,472.8,468.35,471.91,841900,470.13,470.442,471.679,50.059,-0.186,0.008,-0.195,470.442,478.915,461.968
2023-02-09,470.13,473.69,469.24,471.02,903600,470.13,470.798,471.715,49.001,-0.225,-0.038,-0.187,470.798,478.692,462.903
2023-02-10,469.24,470.13,466.57,469.24,2814600,470.486,471.109,471.75,46.867,-0.395,-0.11,-0.285,471.109,478.156,464.062
2023-02-13,469.24,469.24,464.79,466.57,1725900,469.418,471.109,471.786,43.786,-0.736,-0.235,-0.501,471.109,478.156,464.062
2023-02-14,469.24,471.91,468.35,470.13,1027100,469.774,471.287,471.928,48.634,-0.712,-0.33,-0.381,471.287,478.024,464.55
2023-02-15,471.91,476.36,471.91,473.69,847600,470.13,471.42,472.195,52.999,-0.4,-0.344,-0.056,471.42,478.241,464.6
2023-02-16,474.58,475.47,470.13,471.02,892300,470.13,471.599,472.516,49.595,-0.364,-0.348,-0.016,471.599,478.165,465.032
2023-02-17,471.91,478.14,471.02,478.14,1190100,471.91,472.088,472.872,57.445,0.236,-0.232,0.467,472.088,479.08,465.096
2023-02-20,482.59,484.38,480.81,484.38,1179300,475.472,472.89,473.228,62.898,1.201,0.055,1.146,472.89,481.553,464.226
2023-02-21,483.48,485.27,481.7,482.59,810600,477.964,473.379,473.584,60.503,1.801,0.404,1.397,473.379,483.067,463.691
2023-02-22,482.59,484.38,478.14,479.03,1388300,479.032,473.69,473.816,55.94,1.966,0.716,1.25,473.69,483.695,463.686
2023-02-24,479.03,480.81,476.36,480.81,1541500,480.99,474.002,474.118,57.66,2.215,1.016,1.199,474.002,484.499,463.505
2023-02-27,482.59,489.72,482.59,489.72,930400,483.306,474.893,474.51,65.018,3.096,1.432,1.664,474.893,487.46,462.325
2023-02-28,489.72,491.5,485.27,486.16,1412900,483.662,475.516,474.777,60.494,3.467,1.839,1.628,475.516,489.034,461.998
2023-03-01,482.59,487.05,480.81,482.59,1251200,483.662,475.65,475.009,56.266,3.433,2.158,1.275,475.65,489.401,461.898
2023-03-02,484.38,486.16,481.7,481.7,1117000,484.196,475.872,475.222,55.23,3.296,2.385,0.911,475.872,489.874,461.87
2023-03-03,481.7,487.05,481.7,485.27,1299300,485.088,476.585,475.49,58.53,3.436,2.596,0.841,476.585,490.992,462.177
2023-03-06,484.38,486.16,482.59,485.27,1047000,484.198,477.475,475.686,58.53,3.507,2.778,0.729,477.475,491.708,463.242
2023-03-07,485.27,489.72,485.27,487.05,954600,484.376,478.232,475.917,60.225,3.665,2.955,0.709,478.232,492.825,463.639
2023-03-08,487.05,492.39,487.05,492.39,905000,486.336,479.434,476.167,64.864,4.172,3.199,0.973,479.434,494.551,464.317
2023-03-09,493.28,496.84,492.39,495.95,1417600,489.186,480.636,476.416,67.58,4.806,3.52,1.286,480.636,497.005,464.267
2023-03-10,493.28,498.62,492.39,494.17,2380800,490.966,481.793,476.612,64.88,5.106,3.837,1.269,481.793,498.568,465.019
2023-03-13,491.5,492.39,483.48,487.05,1686700,491.322,482.684,476.541,55.354,4.715,4.013,0.702,482.684,498.517,466.851
2023-03-14,481.7,482.59,476.36,479.03,2129400,489.718,483.307,476.309,46.986,3.715,3.953,-0.238,483.307,497.35,469.264
2023-03-15,484.38,488.83,483.48,487.05,1395800,488.65,484.153,476.273,54.409,3.529,3.869,-0.339,484.153,496.825,471.481
2023-03-16,479.03,481.7,477.25,479.03,1897500,485.266,484.42,476.077,47.28,2.703,3.636,-0.932,484.42,496.368,472.472
2023-03-17,479.92,482.59,478.14,478.14,2387500,482.06,484.776,476.06,46.551,1.955,3.299,-1.345,484.776,495.393,474.159
2023-03-20,478.14,479.92,475.47,476.36,1641300,479.922,484.687,476.131,45.055,1.204,2.88,-1.676,484.687,495.565,473.809
2023-03-22,482.59,484.38,480.81,482.59,1545900,480.634,484.597,476.362,50.992,1.099,2.524,-1.425,484.597,495.516,473.679
2023-03-23,482.59,485.27,481.7,484.38,1379700,480.1,484.687,476.683,52.577,1.147,2.249,-1.102,484.687,495.565,473.809
2023-03-24,484.38,489.72,484.38,488.83,1966400,482.06,485.177,477.164,56.357,1.526,2.104,-0.578,485.177,495.864,474.49
2023-03-27,492.39,493.28,488.83,488.83,1338500,484.198,485.578,477.662,56.357,1.806,2.045,-0.238,485.578,496.176,474.98
2023-03-28,489.72,490.61,485.27,487.94,1864800,486.514,485.489,478.161,55.334,1.934,2.022,-0.088,485.489,495.97,475.008
2023-03-29,490.61,494.17,488.83,494.17,2973400,488.83,485.889,478.713,60.711,2.509,2.12,0.389,485.889,497.067,474.712
2023-03-30,492.36,494.17,487.82,489.64,2067500,489.882,486.242,479.174,55.481,2.57,2.21,0.36,486.242,497.426,475.058
2023-03-31,494.17,495.98,491.45,492.36,1954000,490.588,486.775,479.601,57.83,2.805,2.329,0.476,486.775,498.064,475.486
2023-04-03,495.08,499.61,492.36,499.61,1279600,492.744,487.492,480.244,63.377,3.535,2.57,0.965,487.492,500.12,474.864
2023-04-04,500.52,500.52,495.98,499.61,1026100,495.078,488.209,480.869,63.377,4.067,2.87,1.198,488.209,501.89,474.528
2023-04-05,497.8,500.52,492.36,494.17,1727400,495.078,488.565,481.386,56.867,4.004,3.096,0.908,488.565,502.488,474.642
2023-04-06,494.17,500.52,492.36,495.98,1667000,496.346,488.744,481.849,58.398,4.053,3.288,0.765,488.744,502.964,474.525
2023-04-07,498.7,499.61,496.89,496.89,1419300,497.252,488.792,482.331,59.183,4.118,3.454,0.664,488.792,503.118,474.465
2023-04-10,498.7,500.52,497.8,497.8,980000,496.89,488.973,482.795,59.995,4.194,3.602,0.593,488.973,503.673,474.273
2023-04-11,497.8,504.14,496.89,502.33,1909500,497.434,489.737,483.404,63.852,4.568,3.795,0.773,489.737,505.561,473.913
2023-04-12,503.24,512.3,501.42,507.77,2372900,500.154,491.174,484.085,67.859,5.242,4.085,1.158,491.174,508.087,474.261
2023-04-13,508.68,512.3,505.05,511.4,1609800,503.238,492.392,484.715,70.231,6.001,4.468,1.533,492.392,511.427,473.356
2023-04-14,514.12,515.93,512.3,514.12,2056900,506.684,494.146,485.452,71.904,6.744,4.923,1.821,494.146,514.424,473.868
2023-04-17,514.12,514.12,508.68,513.21,1456000,509.766,495.9,486.296,70.477,7.176,5.374,1.802,495.9,516.414,475.385
2023-04-18,519.56,529.53,518.65,525.91,2500900,514.482,498.377,487.465,77.259,8.446,5.988,2.458,498.377,520.832,475.922
2023-04-19,525.0,526.81,521.37,526.81,1704600,518.29,500.588,488.563,77.651,9.417,6.674,2.743,500.588,525.111,476.065
2023-04-20,525.91,533.16,525.0,530.44,1611500,522.098,502.891,489.805,79.208,10.36,7.411,2.949,502.891,529.562,476.22
2023-04-21,528.63,530.44,524.09,527.72,1386000,524.818,504.835,490.921,74.994,10.763,8.081,2.682,504.835,532.828,476.843
2023-04-24,532.25,532.25,527.72,529.53,761500,528.082,506.87,492.091,75.912,11.101,8.685,2.416,506.87,535.863,477.878
2023-04-25,529.53,530.44,526.81,527.72,1182300,528.444,508.86,493.261,73.024,11.095,9.167,1.928,508.86,537.842,479.877
2023-04-26,528.63,531.35,526.81,528.63,1206800,528.808,510.583,494.502,73.568,11.036,9.541,1.495,510.583,539.983,481.182
2023-04-27,528.63,529.53,523.18,529.53,1153100,528.626,512.577,495.69,74.125,10.936,9.82,1.116,512.577,541.402,483.752
2023-04-28,532.25,538.6,531.35,538.6,1461200,530.802,514.889,496.988,78.936,11.457,10.147,1.309,514.889,544.298,485.48
2023-05-01,542.23,544.04,537.69,540.41,1474200,532.978,516.929,498.376,79.745,11.879,10.494,1.385,516.929,547.512,486.346
2023-05-02,542.23,544.95,535.88,540.41,2070200,535.516,518.969,499.622,79.745,12.074,10.81,1.264,518.969,550.125,487.813
2023-05-08,535.88,543.13,535.88,540.41,1811000,537.872,521.281,500.742,79.745,12.089,11.066,1.023,521.281,551.539,491.023
2023-05-09,542.23,544.95,539.51,544.95,1110200,540.956,523.73,501.989,81.921,12.325,11.317,1.008,523.73,553.284,494.175
2023-05-10,545.85,545.85,537.69,540.41,1062600,541.318,525.906,503.217,73.426,12.008,11.456,0.552,525.906,553.482,498.329
2023-05-11,535.88,538.6,531.35,532.25,1297200,539.686,527.628,504.246,61.151,10.971,11.359,-0.387,527.628,551.921,503.335
2023-05-12,533.16,565.8,529.53,563.99,5378900,544.402,530.711,505.731,77.151,12.566,11.6,0.966,530.711,557.05,504.372
2023-05-15,567.61,571.24,558.55,569.43,3150800,550.206,533.794,507.397,78.765,14.106,12.101,2.005,533.794,563.095,504.493
2023-05-16,571.24,573.06,566.71,569.43,1763900,555.102,536.696,509.133,78.765,15.152,12.712,2.441,536.696,568.078,505.313
2023-05-17,571.24,571.24,565.8,568.52,1400800,560.724,539.416,510.87,77.7,15.727,13.315,2.412,539.416,571.967,506.864
2023-05-18,568.52,568.52,557.64,562.17,1484800,566.708,541.863,512.408,70.534,15.491,13.75,1.741,541.863,573.468,510.259
2023-05-19,563.99,571.24,563.08,565.8,1525100,567.07,543.858,514.018,72.117,15.419,14.084,1.335,543.858,576.248,511.468
2023-05-22,565.8,583.94,565.8,583.94,1917900,569.972,546.714,515.956,78.371,16.634,14.594,2.04,546.714,582.656,510.773
2023-05-23,584.84,588.47,576.68,579.4,1945900,571.966,549.162,517.696,73.903,17.034,15.082,1.953,549.162,587.053,511.272
2023-05-24,577.59,582.12,574.87,576.68,1093600,573.598,551.61,519.311,71.281,16.937,15.453,1.484,551.61,589.992,513.229
2023-05-25,574.87,580.31,572.15,576.68,993400,576.5,553.968,520.961,71.281,16.668,15.696,0.972,553.968,592.431,515.505
2023-05-26,578.5,578.5,571.24,571.24,762900,577.588,556.144,522.645,65.862,15.833,15.723,0.109,556.144,593.255,519.033
2023-05-29,575.78,581.22,574.87,576.68,1008500,576.136,558.546,524.598,68.445,15.432,15.665,-0.233,558.546,594.356,522.737
2023-05-30,575.78,577.59,572.15,574.87,706000,575.23,560.814,526.354,66.638,14.798,15.492,-0.694,560.814,594.57,527.057
2023-05-31,570.34,573.06,566.71,567.61,1230100,573.416,562.264,528.126,59.816,13.553,15.104,-1.551,562.264,594.459,530.069
2023-06-01,565.8,568.52,562.17,563.99,937000,570.878,563.443,529.843,56.699,12.135,14.51,-2.375,563.443,593.951,532.935
2023-06-02,563.08,567.61,563.08,565.8,920700,569.79,564.712,531.632,57.881,11.03,13.814,-2.784,564.712,593.233,536.192
2023-06-05,571.97,577.5,571.15,571.6,1436100,568.774,566.272,533.412,61.506,10.501,13.151,-2.651,566.272,592.517,540.027
2023-06-06,572.6,587.38,572.33,585.48,1907400,570.896,568.298,535.434,68.495,11.074,12.736,-1.662,568.298,593.862,542.735
2023-06-07,588.47,588.47,577.23,577.23,1509500,572.82,570.14,537.202,61.364,10.739,12.337,-1.598,570.14,592.327,547.952
2023-06-08,579.95,584.39,576.32,578.4,1137000,575.702,572.447,538.993,61.969,10.447,11.959,-1.511,572.447,585.937,558.957
2023-06-09,584.21,588.92,581.31,585.39,1665900,579.62,573.517,540.942,65.448,10.657,11.698,-1.041,573.517,587.566,559.468
2023-06-12,588.83,591.01,579.31,582.21,1507900,581.742,574.156,542.703,62.64,10.447,11.448,-1.001,574.156,588.58,559.732
2023-06-13,583.21,585.93,582.12,582.12,1069700,581.07,574.79,544.553,62.559,10.155,11.189,-1.034,574.79,589.454,560.127
2023-06-14,586.11,591.73,584.57,588.74,1242400,583.372,575.802,546.48,66.069,10.34,11.02,-0.68,575.802,591.403,560.2
2023-06-15,589.38,590.56,585.3,585.75,1180300,584.842,576.98,548.203,63.187,10.128,10.841,-0.714,576.98,591.788,562.173
2023-06-16,585.66,587.56,578.95,584.12,2541800,584.588,577.896,549.893,61.61,9.716,10.616,-0.9,577.896,592.044,563.749
2023-06-19,589.83,597.36,588.47,589.29,1396700,586.004,578.164,551.796,64.626,9.695,10.432,-0.737,578.164,592.979,563.349
2023-06-20,590.56,593.64,586.38,589.38,1320700,587.456,578.663,553.664,64.678,9.576,10.261,-0.685,578.663,594.302,563.024
2023-06-21,596.36,604.7,593.73,601.35,2100600,589.978,579.897,555.753,70.825,10.328,10.274,0.054,579.897,598.49,561.303
2023-06-22,605.43,606.51,597.63,598.44,1195700,592.516,580.984,557.766,67.739,10.567,10.333,0.234,580.984,601.256,560.713
2023-06-23,600.26,602.43,595.09,599.53,1369600,595.598,582.399,559.71,68.296,10.721,10.41,0.311,582.399,603.728,561.07
2023-06-26,601.07,601.62,593.46,597.54,1133100,597.248,583.442,561.505,66.053,10.561,10.441,0.121,583.442,605.617,561.267
2023-06-27,598.44,598.72,592.46,594.73,738700,598.318,584.435,563.172,62.911,10.091,10.371,-0.28,584.435,606.772,562.098
2023-06-28,596.45,598.53,592.55,598.53,1470200,597.754,585.981,564.86,65.314,9.911,10.279,-0.368,585.981,607.686,564.276
2023-06-29,594.82,596.18,584.84,586.84,1499600,595.434,587.124,566.333,53.772,8.724,9.968,-1.244,587.124,606.201,568.046
2023-06-30,587.56,590.28,585.02,585.84,1126800,592.696,588.126,567.531,52.91,7.615,9.497,-1.882,588.126,604.384,571.867
2023-07-03,588.83,594.54,588.56,592.19,848700,591.626,589.155,568.839,57.559,7.166,9.031,-1.865,589.155,603.503,574.807
2023-07-04,592.1,598.81,591.73,596.72,1263500,592.024,589.717,570.164,60.552,7.094,8.644,-1.549,589.717,604.337,575.097
2023-07-05,596.72,598.44,591.73,595.54,953100,591.426,590.632,571.521,59.377,6.863,8.288,-1.425,590.632,604.217,577.048
2023-07-06,594.82,596.09,586.75,588.65,1080000,591.788,591.145,572.703,52.923,6.054,7.841,-1.787,591.145,603.504,578.786
2023-07-07,586.38,588.47,580.4,583.03,1236900,591.226,591.027,573.809,48.31,4.902,7.253,-2.351,591.027,603.659,578.395
2023-07-10,584.84,587.38,581.13,583.94,1088900,589.576,591.114,574.916,49.084,4.017,6.606,-2.589,591.114,603.513,578.714
2023-07-11,599.62,610.05,599.62,602.98,3301400,590.828,592.156,576.385,61.927,4.797,6.244,-1.447,592.156,604.876,579.437
2023-07-12,616.58,625.65,611.14,616.85,2898200,595.09,593.562,577.95,68.217,6.459,6.287,0.172,593.562,610.277,576.847
2023-07-13,616.58,620.02,605.33,610.87,1784400,599.534,594.818,579.359,63.357,7.211,6.472,0.739,594.818,612.789,576.847
2023-07-14,602.25,609.32,596.63,606.79,1825600,604.286,595.952,580.686,60.206,7.392,6.656,0.736,595.952,613.941,577.962
2023-07-18,608.42,613.59,606.33,611.68,978800,609.834,597.071,582.112,62.607,7.84,6.893,0.948,597.071,616.074,578.068
2023-07-19,616.58,617.21,608.33,614.49,923800,612.136,598.326,583.503,63.952,8.326,7.18,1.147,598.326,618.473,578.18
2023-07-20,614.58,614.58,604.16,608.51,1476200,610.468,598.685,584.865,59.079,8.135,7.371,0.764,598.685,619.306,578.063
2023-07-21,608.51,611.95,603.25,609.69,1195700,610.232,599.247,586.413,59.731,7.986,7.494,0.493,599.247,620.446,578.048
2023-07-24,613.86,617.12,611.59,614.76,1073100,611.826,600.008,587.429,62.496,8.184,7.632,0.552,600.008,622.316,577.701
2023-07-25,614.86,615.49,609.6,611.77,806200,611.844,600.72,588.276,59.885,8.006,7.707,0.3,600.72,623.596,577.844
2023-07-26,611.32,611.95,605.06,607.78,891500,610.502,601.373,589.043,56.492,7.458,7.657,-0.199,601.373,624.274,578.471
2023-07-27,606.6,607.96,602.98,607.51,913700,610.302,601.822,589.822,56.26,6.921,7.51,-0.588,601.822,624.84,578.803
2023-07-28,602.98,612.95,599.53,608.87,1459400,610.138,602.923,590.756,57.214,6.531,7.314,-0.783,602.923,625.013,580.833
2023-07-31,617.03,618.21,611.68,613.5,1144400,609.886,604.306,591.71,60.383,6.52,7.155,-0.635,604.306,625.33,583.282
2023-08-01,612.59,624.29,611.68,623.29,1076500,612.19,605.861,592.497,66.1,7.218,7.168,0.05,605.861,627.697,584.025
2023-08-02,620.66,624.38,613.95,615.67,1197300,613.768,606.808,593.223,58.967,7.075,7.149,-0.074,606.808,628.619,584.998
2023-08-03,611.23,614.49,608.78,610.14,998800,614.294,607.538,593.892,54.381,6.441,7.007,-0.567,607.538,628.729,586.348
2023-08-04,606.42,647.04,602.25,644.6,5205600,621.44,610.336,595.25,70.026,8.62,7.33,1.29,610.336,635.439,585.233
2023-08-07,666.0,697.46,658.56,693.65,6741200,637.47,615.867,597.699,80.354,14.141,8.692,5.449,615.867,658.36,573.374
2023-08-08,691.2,703.44,683.04,686.4,4465200,650.092,620.99,599.893,76.176,17.728,10.499,7.229,620.99,671.268,570.712
2023-08-09,686.4,695.46,682.23,682.23,2572100,663.404,624.953,602.04,73.799,20.003,12.4,7.603,624.953,681.371,568.534
2023-08-10,695.28,700.81,689.66,698.82,2528100,681.14,629.051,604.664,76.889,22.881,14.496,8.385,629.051,694.222,563.88
2023-08-14,698.18,708.7,696.1,700.36,2035400,692.292,633.526,607.392,77.158,24.998,16.597,8.402,633.526,705.386,561.665
2023-08-15,695.37,696.46,680.5,694.56,1961100,692.474,637.914,609.967,73.676,25.909,18.459,7.45,637.914,713.522,562.306
2023-08-16,690.02,704.17,687.3,700.27,1320000,695.248,642.344,612.54,74.878,26.783,20.124,6.659,642.344,721.764,562.923
2023-08-17,709.43,715.68,695.83,700.72,2076200,698.946,646.655,614.845,74.975,27.199,21.539,5.66,646.655,729.017,564.293
2023-08-18,695.74,696.19,684.58,689.93,1645100,697.168,650.726,617.099,68.18,26.354,22.502,3.852,650.726,733.198,568.254
2023-08-21,693.74,696.19,689.48,691.38,1015600,695.372,654.81,619.359,68.592,25.507,23.103,2.404,654.81,736.815,572.806
2023-08-22,690.39,701.0,687.3,701.0,1059200,696.66,659.122,621.671,71.251,25.32,23.546,1.774,659.122,741.329,576.916
2023-08-23,696.37,703.9,694.1,703.08,1095200,697.222,663.688,624.088,71.807,25.051,23.847,1.204,663.688,744.959,582.417
2023-08-24,702.72,712.51,699.82,708.34,1705700,698.746,668.716,626.613,73.217,24.975,24.073,0.902,668.716,747.838,589.594
2023-08-25,698.55,703.72,683.5,691.38,3325500,699.036,672.91,628.666,62.382,23.277,23.914,-0.637,672.91,747.11,598.709
2023-08-28,692.56,699.09,687.85,699.0,2675000,700.56,677.416,630.931,64.896,22.29,23.589,-1.299,677.416,745.973,608.859
2023-08-29,704.08,707.16,698.28,699.64,1171800,700.288,681.723,633.241,65.106,21.313,23.134,-1.821,681.723,743.899,619.547
2023-08-30,697.91,697.91,692.11,695.01,1414500,698.674,685.309,635.355,62.195,19.936,22.494,-2.558,685.309,741.256,629.362
2023-08-31,696.37,700.0,692.2,693.38,1697600,695.682,689.194,637.435,61.159,18.499,21.695,-3.196,689.194,734.574,643.815
2023-09-01,695.37,704.53,693.56,702.45,1551800,697.896,693.81,639.457,64.686,17.887,20.933,-3.047,693.81,720.094,667.526
2023-09-04,696.82,697.46,691.66,696.37,2194400,697.37,696.398,641.416,60.706,16.718,20.09,-3.372,696.398,708.816,683.981
2023-09-05,696.1,700.0,687.39,698.37,2069900,697.116,696.634,643.393,61.544,15.771,19.227,-3.455,696.634,709.012,684.257
2023-09-06,697.28,699.0,691.38,692.83,1251100,696.68,696.956,645.299,57.862,14.408,18.263,-3.855,696.956,708.521,685.391
2023-09-07,694.29,699.27,692.93,696.37,1495800,697.278,697.663,647.331,59.529,13.458,17.302,-3.844,697.663,706.94,688.386
2023-09-08,696.28,697.28,680.05,686.76,2000600,694.14,697.06,649.096,53.36,11.794,16.2,-4.407,697.06,707.514,686.606
2023-09-11,690.84,691.75,679.14,680.5,1256800,690.966,696.067,650.969,49.744,9.856,14.931,-5.075,696.067,708.739,683.395
2023-09-12,681.32,687.3,681.32,685.4,862700,688.372,695.609,652.96,52.46,8.616,13.668,-5.052,695.609,709.143,682.075
2023-09-13,688.12,693.47,685.94,691.66,1132900,688.138,695.179,654.95,55.75,8.046,12.544,-4.498,695.179,708.635,681.722
2023-09-14,691.75,699.73,691.2,697.19,1247000,688.302,695.002,656.959,58.483,7.949,11.625,-3.676,695.002,708.244,681.76
2023-09-15,700.9,703.53,693.2,695.92,1565800,690.134,695.301,658.967,57.603,7.681,10.836,-3.155,695.301,708.33,682.273
2023-09-19,695.83,696.37,687.48,692.56,2156600,692.546,695.36,661.045,55.235,7.116,10.092,-2.976,695.36,708.324,682.397
2023-09-20,693.74,694.38,680.59,682.68,1573200,692.002,694.444,663.038,48.873,5.803,9.234,-3.431,694.444,708.289,680.6
2023-09-21,681.86,687.48,676.88,678.51,1205400,689.372,693.216,664.929,46.442,4.376,8.263,-3.886,693.216,708.152,678.28
2023-09-22,676.88,678.05,668.72,671.44,1195000,684.222,691.371,666.299,42.574,2.645,7.139,-4.495,691.371,707.509,675.233
2023-09-25,668.72,673.25,665.09,670.71,2318100,679.18,690.338,667.376,42.184,1.199,5.951,-4.752,690.338,708.933,671.742
2023-09-26,670.53,676.51,666.81,673.07,1255500,675.282,689.041,668.62,43.973,0.242,4.809,-4.568,689.041,708.68,669.402
2023-09-27,680.05,682.77,674.25,681.86,1420300,675.118,688.152,670.121,50.161,0.19,3.885,-3.696,688.152,707.376,668.928
2023-09-28,679.38,682.51,673.04,677.45,1491100,674.906,687.274,671.437,47.336,-0.205,3.067,-3.272,687.274,706.781,667.767
2023-09-29,675.43,681.5,669.55,672.4,2052400,675.098,686.225,672.595,44.263,-0.915,2.271,-3.186,686.225,706.587,665.863
2023-10-02,674.33,682.51,664.49,664.59,1696500,673.874,684.332,673.716,39.943,-2.083,1.4,-3.483,684.332,705.372,663.292
2023-10-03,662.84,664.86,647.03,648.6,1528300,668.98,681.944,674.495,32.87,-4.251,0.27,-4.521,681.944,707.574,656.313
2023-10-04,643.54,646.85,630.4,630.68,2542500,658.744,678.559,674.813,27.082,-7.33,-1.25,-6.08,678.559,711.803,645.315
2023-10-05,633.99,648.87,633.99,647.4,1649100,652.734,676.288,675.526,38.044,-8.325,-2.665,-5.66,676.288,711.571,641.004
2023-10-06,651.35,658.89,647.49,652.73,1988300,648.8,674.106,676.425,41.085,-8.585,-3.849,-4.736,674.106,709.557,638.654
2023-10-10,661.65,669.55,658.89,666.15,1771600,649.112,673.075,677.597,48.004,-7.62,-4.603,-3.017,673.075,708.174,637.976
2023-10-11,669.92,670.65,658.25,659.07,1194800,651.206,672.004,678.601,45.001,-7.342,-5.151,-2.191,672.004,707.455,636.552
2023-10-12,667.34,672.4,659.35,659.35,1854500,656.94,670.701,679.518,45.147,-7.018,-5.524,-1.494,670.701,705.994,635.408
2023-10-13,653.01,658.15,644.65,648.41,1655200,657.142,668.538,680.021,40.607,-7.557,-5.931,-1.626,668.538,703.724,633.353
2023-10-16,644.19,646.85,628.75,631.6,1622900,652.916,665.259,680.339,34.814,-9.234,-6.591,-2.643,665.259,701.414,629.104
2023-10-17,640.88,642.16,629.57,634.17,988200,646.52,662.172,680.82,36.31,-10.238,-7.321,-2.917,662.172,697.845,626.498
2023-10-18,635.55,637.57,630.59,635.27,887400,641.76,659.307,680.633,36.977,-10.82,-8.02,-2.799,659.307,693.89,624.724
2023-10-19,632.24,636.37,629.48,634.35,686200,636.76,656.891,679.447,36.632,-11.226,-8.661,-2.564,656.891,691.351,622.43
2023-10-20,634.35,642.9,632.33,636.83,1024200,634.444,654.806,678.456,38.304,-11.218,-9.173,-2.045,654.806,688.8,620.813
2023-10-23,641.06,651.81,640.51,647.68,1579200,637.66,653.618,677.765,45.129,-10.219,-9.382,-0.837,653.618,686.816,620.421
2023-10-24,643.63,647.4,632.52,644.09,1545800,639.644,652.288,676.67,43.418,-9.606,-9.427,-0.179,652.288,684.725,619.85
2023-10-25,651.63,655.76,647.03,647.86,944900,642.162,651.027,675.62,45.744,-8.715,-9.284,0.569,651.027,681.99,620.064
2023-10-26,646.02,653.1,643.45,649.24,957900,645.14,649.396,674.714,46.61,-7.808,-8.989,1.181,649.396,676.747,622.045
2023-10-27,656.13,659.62,651.35,657.97,1096600,649.368,648.422,673.868,51.844,-6.312,-8.454,2.142,648.422,672.791,624.053
2023-10-30,655.21,658.06,648.51,654.39,1169500,650.71,647.522,672.941,49.692,-5.354,-7.834,2.48,647.522,669.359,625.684
2023-10-31,660.82,673.13,657.69,671.94,1337900,656.28,647.889,672.582,58.732,-3.142,-6.895,3.754,647.889,671.138,624.64
2023-11-01,680.03,680.85,672.86,678.0,1826600,662.308,649.359,672.314,61.317,-0.889,-5.694,4.805,649.359,676.233,622.485
2023-11-02,682.23,683.79,673.96,678.19,1920100,668.098,651.734,671.858,61.399,0.901,-4.375,5.276,651.734,680.018,623.451
2023-11-06,689.21,689.21,625.35,626.27,8973800,661.758,650.678,670.322,37.876,-1.849,-3.87,2.021,650.678,681.138,620.218
2023-11-07,634.08,642.81,628.01,638.4,4560800,658.56,649.962,668.923,43.337,-3.015,-3.699,0.684,649.962,680.889,619.034
2023-11-08,640.6,648.51,630.49,636.56,2223600,651.484,648.482,667.826,42.724,-4.04,-3.767,-0.273,648.482,678.977,617.987
2023-11-09,636.83,643.08,630.49,636.19,2032600,643.122,647.338,666.57,42.593,-4.828,-3.979,-0.848,647.338,677.877,616.799
2023-11-10,636.93,650.99,636.56,650.71,2035200,637.626,646.906,665.592,49.161,-4.231,-4.03,-0.201,646.906,676.97,616.842
2023-11-13,652.46,654.57,646.58,651.26,1095200,642.624,647.049,664.717,49.397,-3.671,-3.958,0.287,647.049,677.17,616.927
2023-11-14,655.31,656.68,651.54,653.65,910100,645.674,648.151,663.922,50.474,-3.0,-3.766,0.766,648.151,677.496,618.806
2023-11-15,652.46,653.65,642.81,645.01,1665800,647.364,648.693,662.773,46.613,-3.13,-3.639,0.509,648.693,677.343,620.043
2023-11-16,644.19,652.0,640.33,640.33,1682700,648.192,648.946,661.652,44.622,-3.569,-3.625,0.056,648.946,677.183,620.709
2023-11-17,642.44,649.06,641.52,648.32,1012900,647.714,649.644,660.651,48.654,-3.235,-3.547,0.312,649.644,677.04,622.249
2023-11-20,649.24,652.18,643.45,648.6,1784900,647.182,650.233,659.767,48.795,-2.914,-3.42,0.507,650.233,676.967,623.499
2023-11-21,649.15,660.73,647.86,658.71,1948300,648.194,650.784,659.014,53.726,-1.823,-3.101,1.278,650.784,677.751,623.818
2023-11-22,656.59,670.38,651.35,668.63,1682000,652.918,652.012,658.651,58.0,-0.156,-2.512,2.356,652.012,679.912,624.111
2023-11-24,680.03,681.31,666.79,671.94,1470000,659.24,653.216,658.48,59.349,1.416,-1.726,3.142,653.216,682.41,624.021
2023-11-27,679.84,683.06,671.57,678.74,1149100,665.324,654.69,658.347,62.047,3.174,-0.746,3.92,654.69,685.947,623.434
2023-11-28,682.78,693.26,682.78,691.7,2616200,673.944,656.377,658.347,66.596,5.549,0.513,5.036,656.377,691.748,621.006
2023-11-29,690.69,693.72,675.61,681.04,1336400,678.41,657.71,658.024,60.204,6.496,1.709,4.786,657.71,694.735,620.684
2023-11-30,669.09,680.3,664.86,677.64,1350400,680.212,657.994,657.659,58.282,6.893,2.746,4.147,657.994,695.565,620.424
2023-12-01,680.12,684.07,679.29,681.86,1035600,682.196,658.188,657.445,59.989,7.462,3.689,3.772,658.188,696.227,620.148
2023-12-04,676.9,680.67,670.56,679.66,1151200,682.38,658.261,657.384,58.642,7.647,4.481,3.166,658.261,696.469,620.053
2023-12-05,679.2,686.27,678.19,683.06,1352700,680.652,661.1,657.475,60.132,7.976,5.18,2.796,661.1,697.705,624.496
2023-12-06,683.06,695.37,682.69,695.37,1393500,683.518,663.949,657.954,65.043,9.125,5.969,3.156,663.949,701.955,625.943
2023-12-07,689.49,705.39,688.2,702.72,1989400,688.534,667.257,658.594,67.608,10.508,6.877,3.631,667.257,706.715,627.799
2023-12-08,712.65,722.02,706.03,707.78,3168800,693.718,670.837,659.288,69.28,11.875,7.876,3.998,670.837,711.401,630.272
2023-12-11,721.56,746.74,721.56,745.27,4006300,706.84,675.565,660.557,78.239,15.801,9.461,6.34,675.565,726.872,624.257
2023-12-12,747.11,754.46,737.28,739.76,2454000,718.18,679.989,661.803,74.787,18.258,11.221,7.037,679.989,737.377,622.602
2023-12-13,740.68,745.18,724.23,726.06,1352100,724.318,683.61,662.876,66.884,18.882,12.753,6.129,683.61,743.098,624.122
2023-12-14,731.95,734.15,714.21,722.3,1859200,728.234,687.474,664.03,64.859,18.855,13.973,4.882,687.474,746.444,628.505
2023-12-15,712.19,715.77,696.11,700.89,2580900,726.856,690.502,665.076,54.7,16.912,14.561,2.351,690.502,745.355,635.65
2023-12-18,689.67,701.44,680.67,683.79,1852300,714.56,692.276,666.138,48.206,13.832,14.415,-0.583,692.276,743.564,640.988
2023-12-19,683.43,692.06,678.19,685.36,1732300,703.68,694.114,666.897,48.807,11.387,13.81,-2.422,694.114,741.281,646.947
2023-12-20,681.59,695.65,681.59,691.97,1197900,696.862,695.777,667.682,51.365,9.869,13.021,-3.152,695.777,739.937,651.617
2023-12-21,698.4,707.5,691.24,692.06,1668000,690.814,696.948,668.2,51.401,8.574,12.132,-3.558,696.948,739.282,654.615
2023-12-22,694.36,707.23,692.98,700.98,1432000,690.832,698.4,669.039,54.924,8.174,11.34,-3.167,698.4,739.082,657.719
2023-12-25,708.51,710.26,702.08,702.36,1162500,694.546,699.582,669.899,55.462,7.877,10.648,-2.771,699.582,739.218,659.945
2023-12-26,706.67,707.23,696.11,704.56,1228200,698.386,700.224,671.022,56.356,7.73,10.064,-2.334,700.224,739.74,660.709
2023-12-27,703.92,708.51,700.7,708.51,927800,701.694,701.598,672.56,57.987,7.842,9.62,-1.778,701.598,740.205,662.991
2023-12-28,703.83,705.3,696.66,698.31,1323400,702.944,702.632,673.843,52.528,7.027,9.101,-2.074,702.632,739.61,665.653
2023-12-29,700.7,703.18,693.17,697.58,1296300,702.264,703.418,675.089,52.15,6.249,8.531,-2.281,703.418,739.186,667.649
2024-01-04,695.74,711.73,689.49,709.98,1939300,703.788,704.934,676.602,57.721,6.559,8.136,-1.578,704.934,738.991,670.876
2024-01-05,712.19,712.19,700.7,706.4,1479100,704.156,706.1,677.993,55.705,6.44,7.797,-1.357,706.1,738.565,673.636
2024-01-09,706.4,716.69,701.44,716.69,2000500,705.792,707.166,679.373,60.027,7.095,7.657,-0.561,707.166,739.547,674.786
2024-01-10,721.47,732.04,720.83,729.83,1805200,712.096,708.522,681.088,64.757,8.576,7.841,0.735,708.522,742.356,674.688
2024-01-11,734.79,740.86,732.41,732.41,1550400,719.062,709.754,682.779,65.617,9.844,8.241,1.603,709.754,745.227,674.28
2024-01-12,737.0,737.0,723.31,725.88,1508900,722.242,708.784,684.312,61.524,10.204,8.634,1.57,708.784,741.089,676.479
2024-01-15,724.13,729.37,722.3,729.28,125800,726.818,708.26,685.738,62.824,10.641,9.035,1.606,708.26,738.738,677.782
2024-01-16,724.14,733.42,719.63,722.21,1298600,727.922,708.067,687.094,58.404,10.299,9.288,1.011,708.067,738.117,678.018
2024-01-17,721.84,735.99,719.63,723.12,1486300,726.58,708.108,688.118,58.806,9.985,9.427,0.558,708.108,738.242,677.975
2024-01-18,726.98,728.36,718.81,720.46,1033400,724.19,709.087,688.967,57.071,9.414,9.425,-0.011,709.087,739.503,678.671
2024-01-19,719.54,729.56,709.8,726.06,2446900,724.226,711.2,689.925,59.763,9.306,9.401,-0.095,711.2,740.05,682.351
2024-01-22,730.02,730.2,722.39,727.08,1105800,723.786,713.286,691.941,60.251,9.196,9.36,-0.164,713.286,740.239,686.334
2024-01-23,727.35,733.6,725.05,730.11,1180300,725.366,715.194,693.775,61.739,9.247,9.338,-0.09,715.194,741.176,689.211
2024-01-24,725.05,729.92,719.63,719.63,1099900,724.668,716.572,695.436,54.187,8.346,9.139,-0.793,716.572,740.206,692.938
2024-01-25,722.57,730.11,720.18,728.09,848000,726.194,717.928,697.274,58.59,8.22,8.955,-0.736,717.928,740.896,694.959
2024-01-26,726.06,726.8,716.78,722.21,800100,725.424,718.92,698.704,54.658,7.558,8.676,-1.118,718.92,740.743,697.097
2024-01-29,727.17,736.82,727.17,734.61,1188900,726.93,720.422,700.371,60.655,7.942,8.529,-0.587,720.422,742.221,698.624
2024-01-30,734.34,739.67,728.82,730.48,941000,727.004,721.521,701.908,57.908,7.824,8.388,-0.564,721.521,743.004,700.038
2024-01-31,731.85,742.42,730.94,741.69,994200,731.416,723.69,703.842,62.829,8.536,8.418,0.118,723.69,744.035,703.345
2024-02-01,739.76,752.62,735.9,752.53,1467300,736.304,726.438,706.086,66.863,9.861,8.706,1.155,726.438,746.777,706.098
2024-02-02,752.62,757.03,743.34,750.78,1420400,742.018,728.478,708.135,65.625,10.648,9.095,1.553,728.478,750.016,706.939
2024-02-05,757.86,759.88,750.97,753.73,1465000,745.842,730.844,710.237,66.743,11.378,9.551,1.827,730.844,752.569,709.119
2024-02-06,759.42,800.87,737.92,795.72,7374000,758.89,734.796,712.978,77.808,15.17,10.675,4.495,734.796,770.153,699.438
2024-02-07,809.51,842.59,809.05,828.71,5426700,776.294,739.739,716.179,82.683,20.6,12.66,7.94,739.739,794.501,684.978
2024-02-08,817.87,834.41,803.62,829.81,2633500,791.75,744.61,719.337,82.819,24.707,15.069,9.637,744.61,812.4,676.819
2024-02-09,830.18,840.11,814.84,834.5,2201100,808.494,750.041,722.452,83.415,28.017,17.659,10.358,750.041,828.135,671.946
2024-02-13,839.92,859.22,837.72,853.43,2706000,828.434,756.248,725.686,85.588,31.801,20.487,11.314,756.248,846.226,666.27
2024-02-14,854.26,862.35,850.03,853.25,2238600,839.94,762.8,729.131,85.473,34.39,23.268,11.122,762.8,861.046,664.554
2024-02-15,857.2,865.56,843.6,852.33,2041200,844.664,769.261,732.624,84.847,35.952,25.805,10.147,769.261,873.341,665.18
2024-02-16,847.83,860.51,847.09,855.45,2278800,849.792,776.01,736.096,85.242,37.015,28.047,8.969,776.01,884.192,667.828
2024-02-19,858.67,872.91,858.12,867.58,1390900,856.408,783.086,739.855,86.693,38.394,30.116,8.278,783.086,895.925,670.247
2024-02-20,867.49,874.11,844.52,853.98,1967900,856.518,789.431,743.273,77.494,37.952,31.683,6.269,789.431,903.277,675.585
2024-02-21,854.81,856.0,846.36,851.59,1365300,856.186,795.505,746.397,75.968,36.983,32.743,4.239,795.505,908.987,682.023
2024-02-22,853.16,861.24,850.12,861.24,1460600,857.968,802.586,749.568,77.863,36.572,33.509,3.063,802.586,913.782,691.389
2024-02-26,869.05,872.45,853.89,854.72,1196100,857.822,808.917,752.507,73.638,35.312,33.87,1.443,808.917,916.619,701.215
2024-02-27,850.03,857.11,841.58,848.56,1398300,854.018,815.234,754.572,69.785,33.432,33.782,-0.35,815.234,916.13,714.339
2024-02-28,873.01,884.95,863.36,874.02,2363800,858.026,822.205,757.258,75.493,33.609,33.748,-0.139,822.205,918.819,725.591
2024-02-29,867.68,877.97,855.91,875.39,2031500,862.786,829.451,760.244,75.758,33.474,33.693,-0.219,829.451,918.543,740.358
2024-03-01,868.41,876.41,865.93,874.02,1382300,865.342,836.067,763.279,74.885,32.877,33.53,-0.652,836.067,916.998,755.136
2024-03-04,877.51,880.36,862.9,868.32,1435100,868.062,841.857,766.627,71.207,31.58,33.14,-1.559,841.857,913.68,770.033
2024-03-05,861.98,866.76,854.9,861.79,1527200,870.708,847.407,770.187,67.139,29.683,32.449,-2.765,847.407,905.426,789.388
2024-03-06,857.2,870.71,856.74,864.55,1752900,868.814,852.948,773.771,67.972,28.079,31.575,-3.495,852.948,891.045,814.851
2024-03-07,864.55,868.13,856.92,862.35,1977200,866.206,856.28,777.179,66.525,26.327,30.525,-4.198,856.28,883.368,829.191
2024-03-08,862.99,878.15,853.25,872.64,2073100,865.93,858.476,780.79,69.767,25.475,29.515,-4.04,858.476,883.17,833.782
2024-03-11,863.82,866.85,855.18,864.55,1606700,865.176,860.213,784.062,64.479,23.872,28.386,-4.515,860.213,880.995,839.431
2024-03-12,867.49,868.69,839.37,854.63,1794100,863.744,861.219,787.107,58.613,21.552,27.019,-5.467,861.219,878.395,844.044
2024-03-13,865.47,870.98,852.42,859.86,1795500,862.806,861.541,790.213,60.646,19.906,25.597,-5.691,861.541,878.339,844.743
2024-03-14,857.75,871.35,852.97,869.51,1974600,864.238,862.354,793.433,64.145,19.16,24.309,-5.15,862.354,879.036,845.672
2024-03-15,860.6,884.03,860.6,880.82,1951400,865.874,863.778,797.083,67.764,19.259,23.299,-4.04,863.778,881.677,845.88
2024-03-18,890.83,891.38,880.54,883.85,1544300,869.734,865.199,800.809,68.676,19.359,22.511,-3.152,865.199,884.746,845.651
2024-03-19,877.6,887.52,874.11,887.07,1467400,876.222,866.173,804.35,69.658,19.473,21.904,-2.43,866.173,888.027,844.319
2024-03-21,886.79,898.74,883.02,892.85,1621800,882.82,868.116,808.079,71.392,19.802,21.483,-1.681,868.116,892.204,844.029
2024-03-22,895.98,907.01,894.14,904.43,1597100,889.804,870.758,811.834,74.533,20.758,21.338,-0.58,870.758,898.524,842.993
2024-03-25,905.35,915.83,900.76,905.44,1934700,894.728,872.969,815.346,74.793,21.351,21.341,0.01,872.969,904.346,841.591
2024-03-26,905.44,911.6,894.78,903.42,1881500,898.642,875.404,818.767,73.184,21.411,21.355,0.056,875.404,908.338,842.469
2024-03-27,905.17,921.25,904.34,915.46,2403000,904.32,878.748,822.558,76.438,22.174,21.519,0.656,878.748,913.729,843.768
2024-03-28,904.09,907.35,878.74,883.12,2863000,902.374,879.204,825.635,56.58,19.94,21.203,-1.263,879.204,914.162,844.245
2024-03-29,884.05,907.91,881.81,905.12,866000,902.512,880.69,829.293,63.523,19.717,20.906,-1.189,880.69,917.448,843.932
2024-04-01,897.75,900.73,877.06,877.62,1913500,896.948,880.87,832.383,52.272,17.124,20.149,-3.025,880.87,917.526,844.214
2024-04-02,874.26,891.04,863.27,869.79,2368100,890.222,880.944,835.37,49.579,14.273,18.974,-4.701,880.944,917.499,844.388
2024-04-03,862.15,881.63,848.35,880.32,2865800,883.194,881.87,838.455,53.08,12.716,17.723,-5.006,881.87,917.303,846.437
2024-04-04,875.29,878.83,861.5,866.44,2500200,879.858,881.964,841.242,48.318,10.245,16.227,-5.982,881.964,917.213,846.716
2024-04-05,860.19,870.72,856.56,865.69,1699600,871.972,882.132,843.954,48.067,8.131,14.608,-6.476,882.132,917.019,847.244
2024-04-08,867.37,883.4,863.17,882.56,1425700,872.96,882.627,847.212,53.87,7.729,13.232,-5.503,882.627,917.227,848.028
2024-04-09,883.58,887.5,874.64,882.93,1113500,875.588,883.546,850.309,53.991,7.355,12.057,-4.702,883.546,917.085,850.008
2024-04-10,878.09,883.96,875.94,880.04,1114600,875.532,884.817,853.466,52.822,6.748,10.995,-4.247,884.817,915.551,854.083
2024-04-11,874.17,876.5,865.88,876.13,1265700,877.47,885.63,856.296,51.206,5.883,9.973,-4.089,885.63,914.38,856.881
2024-04-12,880.6,891.04,873.33,887.5,2110000,881.832,886.53,859.437,55.472,6.046,9.187,-3.141,886.53,914.264,858.796
2024-04-15,874.36,891.69,872.87,890.11,1363100,883.342,886.995,862.405,56.414,6.312,8.612,-2.3,886.995,914.637,859.352
2024-04-16,881.35,882.19,865.04,870.26,1508600,880.808,886.315,864.76,48.082,4.866,7.863,-2.997,886.315,914.933,857.697
2024-04-17,869.14,870.07,851.24,859.07,2076500,876.614,884.915,866.925,44.125,2.785,6.847,-4.063,884.915,916.01,853.82
2024-04-18,859.63,883.4,859.63,878.74,2018900,877.136,884.21,869.426,51.656,2.691,6.016,-3.325,884.21,915.187,853.232
2024-04-19,890.2,892.91,868.21,876.78,2179700,874.992,882.827,871.047,50.92,2.431,5.299,-2.868,882.827,912.443,853.211
2024-04-22,889.08,897.57,883.49,892.53,1834200,875.476,882.181,872.323,56.31,3.456,4.93,-1.474,882.181,910.244,854.119
2024-04-23,887.31,894.49,883.68,894.49,1160400,880.322,881.735,873.617,56.944,4.376,4.82,-0.444,881.735,908.635,854.835
2024-04-24,902.23,908.94,893.74,899.52,1462500,888.412,880.938,874.917,58.603,5.448,4.945,0.503,880.938,904.349,857.527
2024-04-25,900.18,902.04,880.79,882.37,945700,889.138,880.9,875.496,51.338,4.858,4.928,-0.07,880.9,904.299,857.502
2024-04-26,876.13,887.41,872.31,885.54,1108000,890.89,879.922,876.142,52.51,4.593,4.861,-0.268,879.922,900.525,859.318
2024-04-30,887.31,889.18,879.67,883.86,916500,889.156,880.234,876.772,51.798,4.199,4.728,-0.529,880.234,900.879,859.588
2024-05-01,885.54,890.95,881.07,887.03,827400,887.664,881.096,877.404,53.09,4.096,4.602,-0.506,881.096,901.341,860.85
2024-05-02,886.38,893.93,882.09,893.93,830500,886.546,881.776,877.931,55.864,4.518,4.585,-0.067,881.776,902.811,860.741
2024-05-07,885.45,889.18,877.62,887.03,1304500,887.478,882.806,878.592,52.52,4.247,4.518,-0.27,882.806,902.662,862.949
2024-05-08,891.04,893.37,878.18,881.91,907900,886.752,883.616,879.198,50.122,3.578,4.33,-0.751,883.616,901.783,865.45
2024-05-09,886.38,895.7,880.79,888.9,1081000,887.76,883.934,879.752,53.259,3.571,4.178,-0.607,883.934,902.243,865.624
2024-05-10,888.71,901.11,883.58,899.06,1259800,890.166,884.74,880.638,57.45,4.335,4.209,0.126,884.74,904.245,865.235
2024-05-13,892.72,893.56,877.25,880.79,1762500,887.538,884.777,881.283,48.951,3.427,4.053,-0.626,884.777,904.248,865.307
2024-05-14,894.12,913.41,813.87,857.02,5852100,881.536,883.822,880.943,40.547,0.78,3.398,-2.618,883.822,906.663,860.981
2024-05-15,858.05,886.19,851.9,862.05,2768700,877.564,882.549,880.676,42.786,-0.901,2.538,-3.44,882.549,907.285,857.814
2024-05-16,862.05,866.25,850.22,854.23,1313300,870.63,880.755,880.28,40.249,-2.832,1.464,-4.296,880.755,908.234,853.277
2024-05-17,847.7,865.32,840.62,857.58,1617000,862.334,880.122,880.066,41.84,-4.045,0.362,-4.408,880.122,909.161,851.082
2024-05-20,855.62,864.66,855.62,856.56,1031800,857.488,879.996,879.961,41.478,-5.031,-0.716,-4.315,879.996,909.437,850.555
2024-05-21,852.83,873.33,851.15,856.46,1237500,857.376,878.882,879.799,41.44,-5.754,-1.724,-4.03,878.882,910.153,847.611
2024-05-22,859.72,862.33,851.24,851.71,966000,855.308,877.628,879.586,39.591,-6.634,-2.706,-3.928,877.628,911.181,844.076
2024-05-23,848.63,856.18,843.13,854.78,1068000,855.418,875.741,879.229,41.41,-7.003,-3.565,-3.438,875.741,910.003,841.479
2024-05-24,848.17,860.19,844.53,854.41,1191300,854.784,873.737,879.026,41.249,-7.242,-4.301,-2.941,873.737,908.07,839.404
2024-05-27,854.41,856.28,839.22,840.15,1273600,851.502,870.768,878.737,35.509,-8.484,-5.137,-3.346,870.768,905.971,835.566
2024-05-28,838.85,844.16,827.1,832.04,1784300,846.618,868.252,878.18,32.721,-10.007,-6.111,-3.896,868.252,906.982,829.522
2024-05-29,821.23,825.42,808.18,811.26,1666600,838.528,864.538,877.015,26.893,-12.744,-7.438,-5.306,864.538,909.956,819.12
2024-05-30,800.45,809.67,795.23,809.3,1473700,829.432,860.81,875.585,26.415,-14.9,-8.93,-5.97,860.81,911.486,810.134
2024-05-31,813.68,822.44,812.84,821.7,1310100,822.89,857.544,874.342,34.362,-15.43,-10.23,-5.2,857.544,909.509,805.578
2024-06-03,824.87,834.84,824.87,827.48,960100,820.356,854.221,873.15,37.737,-15.208,-11.226,-3.982,854.221,904.871,803.571
2024-06-04,829.53,831.3,818.53,824.4,1115100,818.828,851.09,871.781,36.655,-15.106,-12.002,-3.105,851.09,900.937,801.242
2024-06-05,822.07,823.56,814.71,815.64,993800,819.704,847.776,870.005,33.697,-15.554,-12.712,-2.842,847.776,897.807,797.745
2024-06-06,815.55,818.9,809.95,813.96,752900,820.636,844.029,868.176,33.144,-15.861,-13.342,-2.519,844.029,892.286,795.772
2024-06-07,815.55,819.55,814.61,817.78,554200,819.852,839.965,866.463,35.725,-15.616,-13.797,-1.819,839.965,881.997,797.933
2024-06-10,820.21,827.01,820.21,826.17,654300,819.59,837.234,864.677,41.102,-14.577,-13.953,-0.624,837.234,874.976,799.492
2024-06-11,827.01,833.91,821.51,821.51,666200,819.012,835.458,863.445,39.144,-13.968,-13.956,-0.013,835.458,872.618,798.299
2024-06-12,821.51,823.0,805.57,806.88,905100,817.26,832.7,861.48,33.712,-14.5,-14.065,-0.435,832.7,869.739,795.661
2024-06-13,804.64,806.88,789.45,791.13,1285000,812.694,829.545,859.75,29.04,-16.007,-14.453,-1.554,829.545,869.497,789.593
2024-06-14,788.7,799.51,785.81,796.34,1600500,808.406,826.483,858.281,32.378,-16.59,-14.88,-1.709,826.483,866.774,786.192
2024-06-17,801.56,804.36,782.55,791.59,1181000,801.49,823.234,856.507,30.949,-17.236,-15.352,-1.885,823.234,863.79,782.679
2024-06-18,797.84,797.84,788.52,791.96,737700,795.58,820.01,855.017,31.203,-17.517,-15.785,-1.732,820.01,859.689,780.33
2024-06-19,791.31,794.76,787.68,790.19,542800,792.242,816.934,853.507,30.621,-17.679,-16.164,-1.515,816.934,855.796,778.071
2024-06-20,788.42,792.24,776.68,781.43,1243600,790.302,813.266,851.485,27.852,-18.302,-16.591,-1.711,813.266,850.915,775.617
2024-06-21,781.15,788.61,781.15,785.63,1680300,788.16,809.827,849.539,31.071,-18.247,-16.923,-1.325,809.827,844.063,775.591
2024-06-24,794.29,796.07,782.18,792.15,1190800,788.272,807.427,847.781,35.855,-17.476,-17.033,-0.443,807.427,839.365,775.489
2024-06-25,796.9,809.02,794.01,807.62,1122500,791.404,806.206,846.411,45.518,-15.439,-16.714,1.275,806.206,835.976,776.436
2024-06-26,810.88,810.88,801.1,805.67,1109000,794.5,805.926,844.774,44.606,-13.823,-16.136,2.314,805.926,835.601,776.252
2024-06-27,800.73,804.64,795.04,803.34,1093300,798.882,805.628,843.039,43.484,-12.584,-15.426,2.841,805.628,835.28,775.977
2024-06-28,801.94,807.72,799.98,804.17,811700,802.59,804.752,841.717,44.024,-11.405,-14.621,3.217,804.752,833.424,776.08
2024-07-01,807.9,814.33,806.88,809.39,934200,806.038,803.848,840.723,47.425,-9.934,-13.684,3.75,803.848,830.576,777.119
2024-07-02,806.22,815.36,806.22,811.72,892800,806.858,803.214,839.383,48.917,-8.483,-12.644,4.161,803.214,828.449,777.978
2024-07-03,811.72,812.75,802.12,807.16,1103300,807.156,802.79,837.99,46.157,-7.613,-11.637,4.025,802.79,827.424,778.155
2024-07-04,803.43,808.09,794.67,794.85,1194600,805.458,801.834,836.037,39.651,-7.826,-10.875,3.049,801.834,826.124,777.544
2024-07-05,793.18,795.51,781.25,782.92,2095800,801.208,800.091,833.805,34.566,-8.856,-10.471,1.615,800.091,824.565,775.617
2024-07-08,778.26,780.87,775.47,778.64,1192800,795.058,797.714,831.388,32.935,-9.904,-10.358,0.454,797.714,820.712,774.717
2024-07-09,779.66,788.24,778.26,785.07,1066900,789.728,795.892,829.442,37.693,-10.098,-10.306,0.208,795.892,816.614,775.171
2024-07-10,783.2,791.13,781.06,788.24,1300300,785.944,794.96,827.496,39.955,-9.883,-10.221,0.338,794.96,815.274,774.647
2024-07-11,790.47,793.27,787.68,790.29,1465600,785.032,794.918,825.624,41.436,-9.438,-10.065,0.627,794.918,815.268,774.569
2024-07-12,788.33,813.03,787.68,808.09,2645600,790.066,795.506,824.046,52.41,-7.562,-9.564,2.002,795.506,816.69,774.322
2024-07-16,814.61,816.38,803.89,809.21,1239400,796.18,796.387,822.351,53.007,-5.917,-8.835,2.918,796.387,818.337,774.437
2024-07-17,811.82,817.88,806.69,816.85,1527300,802.536,797.632,820.948,56.97,-3.951,-7.858,3.907,797.632,821.281,773.982
2024-07-18,824.87,849.29,818.99,841.83,2322500,813.254,800.214,820.146,66.823,-0.373,-6.361,5.988,800.214,830.723,769.704
2024-07-19,842.67,843.51,820.48,828.22,1519000,820.84,802.553,818.932,58.909,1.349,-4.819,6.168,802.553,834.155,770.951
2024-07-22,834.19,838.75,829.53,838.66,1291900,826.954,805.204,817.724,62.571,3.516,-3.152,6.668,805.204,839.603,770.806
2024-07-23,838.66,847.23,835.12,847.23,1066200,834.558,807.958,817.053,65.304,5.857,-1.35,7.207,807.958,846.523,769.394
2024-07-24,847.23,847.51,821.98,823.19,1646300,835.826,808.737,816.377,53.501,5.706,0.061,5.645,808.737,847.897,769.577
2024-07-25,814.43,831.3,810.7,827.01,1319800,832.862,809.804,815.676,54.896,5.828,1.214,4.614,809.804,849.767,769.841
2024-07-26,828.97,829.53,815.08,817.78,1260400,830.774,810.526,814.947,50.921,5.121,1.996,3.125,810.526,850.519,770.533
2024-07-29,824.87,834.37,822.07,825.8,864000,828.202,811.608,814.311,54.035,5.148,2.626,2.522,811.608,852.044,771.171
2024-07-30,825.8,828.03,819.65,821.51,962600,823.058,812.214,813.61,52.129,4.769,3.055,1.714,812.214,852.873,771.554
2024-07-31,823.56,841.55,823.19,840.43,1106200,826.506,813.649,813.29,58.998,5.926,3.629,2.297,813.649,856.217,771.081
2024-08-01,829.53,839.78,806.5,810.14,1446500,823.132,813.798,812.458,47.298,4.349,3.773,0.576,813.798,856.291,771.305
2024-08-02,788.52,788.98,773.7,774.72,1627000,814.52,812.792,810.857,37.846,0.239,3.066,-2.827,812.792,858.039,767.544
2024-08-05,737.25,750.21,689.72,695.59,2812800,788.478,808.425,807.681,25.559,-9.297,0.594,-9.89,808.425,876.77,740.08
2024-08-06,745.64,761.49,696.24,749.37,3511400,774.05,806.962,805.865,39.852,-12.371,-1.999,-10.372,806.962,879.138,734.785
2024-08-07,751.23,820.11,751.23,796.62,4175700,765.288,807.539,805.157,49.099,-10.87,-3.774,-7.097,807.539,879.161,735.917
2024-08-08,790.29,796.16,767.45,767.92,2536400,756.844,806.523,804.29,44.613,-11.86,-5.391,-6.469,806.523,879.854,733.192
2024-08-09,792.06,801.56,774.53,781.53,2531700,758.206,806.085,803.734,47.082,-11.414,-6.595,-4.819,806.085,879.927,732.243
2024-08-13,781.43,799.33,778.26,795.97,1400600,778.282,805.479,803.22,49.647,-9.783,-7.233,-2.55,805.479,879.45,731.508
2024-08-14,796.72,803.61,794.2,803.34,1246500,789.076,805.185,802.737,50.954,-7.806,-7.347,-0.458,805.185,879.141,731.23
2024-08-15,802.96,812.38,801.19,807.34,1079500,791.22,804.71,802.396,51.687,-5.848,-7.048,1.199,804.71,878.472,730.948
2024-08-16,811.82,815.82,802.78,814.71,1461300,800.578,803.354,802.377,53.078,-3.66,-6.37,2.71,803.354,875.215,731.493
2024-08-19,814.61,815.45,797.18,801.01,1422100,804.474,801.994,802.118,50.185,-2.997,-5.696,2.698,801.994,872.896,731.091
2024-08-20,806.22,811.72,802.59,806.04,1260500,806.488,800.362,801.883,51.236,-2.042,-4.965,2.923,800.362,869.184,731.541
2024-08-21,797.56,810.88,797.0,805.76,909900,806.972,798.289,801.475,51.171,-1.293,-4.231,2.937,798.289,863.573,733.005
2024-08-22,814.52,815.08,808.93,811.26,1023400,807.756,797.692,801.27,52.442,-0.253,-3.435,3.182,797.692,862.232,733.153
2024-08-23,813.68,824.68,812.38,819.09,1119400,808.632,797.296,801.514,54.267,1.19,-2.51,3.7,797.296,861.173,733.42
2024-08-26,824.87,837.17,821.6,833.63,1618000,815.156,798.089,802.364,57.525,3.466,-1.315,4.781,798.089,863.412,732.766
2024-08-27,851.24,872.31,843.6,871.47,3159900,828.242,800.373,803.867,64.596,8.229,0.594,7.635,800.373,872.602,728.143
2024-08-28,872.03,879.3,853.29,857.49,1680900,838.588,802.172,805.185,60.583,10.752,2.626,8.126,802.172,878.305,726.038
2024-08-29,857.02,863.36,853.76,862.52,1132700,848.84,803.276,806.596,61.51,13.007,4.702,8.305,803.276,882.331,724.221
2024-08-30,861.96,862.8,855.06,862.8,1736600,857.582,805.909,808.048,61.564,14.648,6.691,7.957,805.909,889.315,722.503
2024-09-02,866.81,877.34,864.76,874.26,1337900,865.708,810.886,809.905,63.808,16.68,8.689,7.992,810.886,898.241,723.531
2024-09-03,880.51,896.17,878.46,888.25,1897000,869.064,820.519,811.957,66.389,19.199,10.791,8.408,820.519,896.029,745.009
2024-09-04,862.15,879.39,853.85,859.35,1587400,869.436,826.018,813.301,57.3,18.648,12.362,6.286,826.018,895.488,756.548
2024-09-05,850.4,876.69,850.22,871.75,1376700,871.282,829.775,814.584,59.841,18.993,13.688,5.305,829.775,900.662,758.887
2024-09-06,874.45,878.92,857.86,860.94,1129500,870.91,834.426,815.689,56.675,18.185,14.588,3.597,834.426,900.251,768.6
2024-09-09,843.51,864.48,839.78,864.48,1199200,868.954,838.573,816.912,57.469,17.626,15.195,2.431,838.573,900.716,776.43
2024-09-10,862.15,878.55,858.42,876.5,1644000,866.604,842.6,818.359,60.138,17.947,15.746,2.201,842.6,903.543,781.656
2024-09-11,868.67,870.54,838.94,844.16,1495000,863.566,844.641,819.054,50.884,15.414,15.679,-0.266,844.641,902.715,786.566
2024-09-12,858.14,859.72,849.66,856.37,1283400,860.49,847.092,819.947,53.776,14.227,15.389,-1.161,847.092,902.62,791.564
2024-09-13,853.95,855.81,845.56,848.45,1273200,857.992,848.779,820.773,51.652,12.504,14.812,-2.308,848.779,902.174,795.384
2024-09-17,861.22,863.36,848.17,859.07,1163800,856.91,851.682,822.057,54.261,11.859,14.221,-2.363,851.682,900.236,803.128
2024-09-18,852.83,859.35,845.0,852.83,901100,852.176,854.022,823.456,52.469,10.72,13.521,-2.801,854.022,897.566,810.477
2024-09-19,860.38,866.16,852.83,857.95,837800,854.934,856.631,825.042,53.817,10.114,12.84,-2.726,856.631,893.784,819.478
2024-09-20,873.89,873.89,855.72,857.58,1602400,855.176,858.947,826.492,53.698,9.495,12.171,-2.676,858.947,889.354,828.54
2024-09-24,876.13,889.55,869.51,879.39,1906100,861.364,861.962,828.315,59.376,10.641,11.865,-1.224,861.962,887.257,836.667
2024-09-25,874.26,876.87,854.88,857.39,1535900,861.028,863.15,829.657,52.396,9.663,11.424,-1.762,863.15,884.814,841.486
2024-09-26,867.46,879.95,865.04,878.37,1610000,866.136,863.495,831.063,57.524,10.46,11.231,-0.772,863.495,885.923,841.067
2024-09-27,878.55,884.5,868.83,884.5,1325400,871.446,864.846,832.568,58.917,11.454,11.276,0.178,864.846,888.942,840.749
2024-09-30,852.4,871.28,850.14,866.19,1522100,873.168,865.029,833.555,53.296,10.642,11.149,-0.507,865.029,889.107,840.951
2024-10-01,868.55,871.76,858.16,858.82,1132500,869.054,864.83,833.895,51.18,9.297,10.779,-1.482,864.83,889.051,840.609
2024-10-02,849.67,862.69,844.1,857.12,1606500,869.0,863.973,834.473,50.68,8.001,10.223,-2.222,863.973,888.001,839.945
2024-10-03,870.62,879.88,866.28,872.7,1230500,867.866,863.196,835.154,55.017,8.137,9.806,-1.669,863.196,884.8,841.591
2024-10-04,869.4,879.88,868.74,878.55,1055500,866.676,864.156,835.78,56.561,8.618,9.568,-0.95,864.156,886.725,841.586
2024-10-07,882.71,885.54,867.7,880.06,1730300,869.45,864.571,836.918,56.972,9.017,9.458,-0.441,864.571,888.018,841.124
2024-10-08,873.27,884.22,869.49,878.55,1387100,873.396,865.451,837.948,56.398,9.107,9.388,-0.281,865.451,889.636,841.267
2024-10-09,892.15,896.3,884.41,885.35,1245300,879.042,866.495,839.3,58.43,9.615,9.433,0.182,866.495,892.253,840.737
2024-10-10,891.2,894.41,885.26,888.28,826300,882.158,867.084,840.549,59.309,10.138,9.574,0.564,867.084,894.302,839.866
2024-10-11,895.55,897.81,888.09,889.22,1266500,884.292,869.337,841.904,59.605,10.507,9.761,0.746,869.337,896.02,842.654
2024-10-15,903.38,904.42,886.2,888.09,1346400,885.898,870.923,842.857,59.05,10.586,9.926,0.66,870.923,898.126,843.72
2024-10-16,883.46,892.72,879.12,885.92,784800,887.372,872.796,844.372,57.934,10.355,10.012,0.343,872.796,898.609,846.984
2024-10-17,887.43,893.75,887.43,887.43,737700,887.788,874.214,846.627,58.521,10.176,10.045,0.131,874.214,899.968,848.461
2024-10-18,887.33,899.42,885.63,887.43,927200,887.618,875.944,850.463,58.521,9.919,10.02,-0.1,875.944,900.257,851.632
2024-10-21,883.65,885.07,862.22,867.32,1115700,883.238,876.413,852.822,48.142,8.001,9.616,-1.615,876.413,899.601,853.225
2024-10-22,864.77,868.26,855.24,863.35,962100,878.29,876.702,854.157,46.392,6.091,8.911,-2.82,876.702,899.031,854.372
2024-10-23,857.78,863.26,845.32,846.08,949500,870.322,875.036,855.72,39.643,3.147,7.758,-4.611,875.036,901.166,848.906
2024-10-24,840.22,850.42,835.98,844.0,930200,861.636,874.366,856.97,38.909,0.638,6.334,-5.696,874.366,902.97,845.763
2024-10-25,847.02,852.4,841.74,846.64,841200,853.478,872.78,857.983,40.417,-1.123,4.843,-5.966,872.78,903.861,841.699
2024-10-28,846.55,858.54,843.91,854.67,1001400,850.948,871.288,859.01,44.875,-1.851,3.504,-5.354,871.288,902.86,839.717
2024-10-29,857.88,868.17,857.22,863.26,1243000,850.93,871.142,860.128,49.25,-1.714,2.46,-4.174,871.142,902.84,839.444
2024-10-30,861.84,880.06,861.84,873.55,1788600,856.424,871.878,861.305,53.962,-0.766,1.815,-2.581,871.878,903.051,840.706
2024-10-31,880.06,883.46,874.68,880.63,1448000,863.75,873.054,862.897,56.926,0.55,1.562,-1.012,873.054,903.651,842.457
2024-11-01,872.32,888.47,868.45,885.54,1674200,871.53,873.696,864.487,58.902,1.966,1.643,0.323,873.696,904.797,842.595
2024-11-05,887.43,894.89,875.63,879.88,1754200,876.572,873.762,865.97,55.729,2.602,1.835,0.767,873.762,904.913,842.612
2024-11-06,887.43,910.94,829.08,862.32,4435400,876.384,872.876,866.991,47.226,1.669,1.802,-0.132,872.876,904.28,841.471
2024-11-07,848.16,890.45,846.83,878.27,2611900,877.328,872.862,868.174,54.079,2.192,1.88,0.313,872.862,904.255,841.468
2024-11-08,874.4,885.35,871.95,884.12,1560000,878.026,872.8,869.184,56.32,3.044,2.112,0.931,872.8,904.096,841.504
2024-11-11,881.76,925.76,880.82,898.76,2406600,880.67,873.324,869.73,61.396,4.844,2.659,2.185,873.324,906.03,840.618
2024-11-12,900.83,904.8,884.6,893.38,1491700,883.37,873.532,870.448,58.696,5.77,3.281,2.489,873.532,906.713,840.351
2024-11-13,893.09,901.21,887.15,893.66,1104900,889.638,873.81,871.071,58.798,6.452,3.915,2.537,873.81,907.594,840.027
2024-11-14,890.54,894.98,877.99,877.99,961100,889.582,873.414,871.374,51.211,5.663,4.265,1.398,873.414,906.783,840.045
2024-11-15,882.71,889.98,875.16,876.29,976800,888.016,872.857,871.415,50.45,4.844,4.381,0.464,872.857,905.607,840.107
2024-11-18,874.4,874.97,858.54,865.15,1119800,881.294,871.743,870.953,45.664,3.259,4.156,-0.897,871.743,903.916,839.57
2024-11-19,863.64,873.08,860.14,869.21,1282900,876.46,871.838,871.15,47.615,2.304,3.786,-1.482,871.838,903.967,839.708
2024-11-20,872.32,875.72,859.2,865.43,1037600,870.814,871.941,871.024,45.96,1.228,3.274,-2.046,871.941,903.969,839.914
2024-11-21,866.66,872.51,859.39,859.39,650100,867.094,872.607,870.993,43.368,-0.111,2.597,-2.708,872.607,902.877,842.337
2024-11-22,861.37,870.06,856.37,868.08,1190800,865.452,873.811,871.065,47.92,-0.465,1.985,-2.45,873.811,901.054,846.568
2024-11-25,873.27,873.83,861.84,861.84,1312400,864.79,874.571,870.772,45.115,-1.236,1.341,-2.576,874.571,899.36,849.782
2024-11-26,861.28,868.55,855.42,868.55,813700,864.658,875.265,871.259,48.599,-1.29,0.815,-2.104,875.265,898.432,852.098
2024-11-27,860.52,866.56,851.08,859.01,1012500,863.374,875.052,871.312,44.294,-2.079,0.236,-2.314,875.052,898.755,851.35
2024-11-28,851.55,888.28,851.46,886.01,1302800,868.698,875.676,872.063,56.136,-0.519,0.085,-0.604,875.676,899.862,851.489
2024-11-29,882.71,884.69,873.46,883.27,1076200,871.736,875.808,872.547,54.861,0.49,0.166,0.324,875.808,900.136,851.479
2024-12-02,879.88,890.07,876.48,886.39,857900,876.646,875.85,873.219,56.084,1.524,0.438,1.087,875.85,900.253,851.447
2024-12-03,883.75,887.43,874.97,880.73,1350200,879.082,875.892,873.674,53.265,1.866,0.723,1.142,875.892,900.328,851.457
2024-12-04,881.01,900.55,877.23,877.23,1299200,882.726,876.638,874.067,51.54,1.832,0.945,0.887,876.638,900.225,853.051
2024-12-05,877.04,879.22,870.81,872.04,1044200,879.932,876.326,873.92,49.006,1.372,1.03,0.341,876.326,899.987,852.666
2024-12-06,874.97,878.18,866.0,870.25,663400,877.328,875.633,874.177,48.127,0.852,0.995,-0.143,875.633,899.145,852.121
2024-12-09,869.21,870.44,861.28,865.24,970100,873.098,873.957,873.915,45.658,0.036,0.803,-0.767,873.957,895.196,852.718
2024-12-10,869.68,870.25,859.3,862.03,875000,869.358,872.39,873.465,44.098,-0.86,0.47,-1.331,872.39,892.17,852.609
2024-12-11,864.96,866.28,859.58,859.77,845100,865.866,870.695,873.337,42.983,-1.733,0.03,-1.763,870.695,888.513,852.877
2024-12-12,861.94,870.53,861.37,866.47,1048500,864.752,870.119,873.49,47.239,-1.862,-0.349,-1.514,870.119,887.687,852.551
2024-12-13,860.99,868.36,853.25,856.27,1178800,861.956,869.118,873.473,42.089,-2.756,-0.83,-1.926,869.118,887.469,850.767
2024-12-16,856.27,859.11,847.21,851.18,1029300,859.144,868.42,873.043,39.759,-3.831,-1.43,-2.401,868.42,888.398,848.441
2024-12-17,849.67,855.24,846.08,846.27,857700,855.992,867.272,872.397,37.598,-5.021,-2.149,-2.873,867.272,889.561,844.984
2024-12-18,847.78,849.57,832.58,832.58,1337400,850.554,865.63,871.447,32.321,-6.989,-3.117,-3.872,865.63,892.797,838.463
2024-12-19,830.78,838.34,827.95,833.43,1206600,843.946,864.332,870.545,32.95,-8.382,-4.17,-4.213,864.332,895.009,833.655
2024-12-20,833.52,836.54,826.72,829.37,1066200,838.566,862.397,869.425,31.446,-9.703,-5.276,-4.427,862.397,896.743,828.05
2024-12-23,829.56,837.2,826.72,835.88,781000,835.506,861.098,868.377,36.454,-10.108,-6.243,-3.865,861.098,897.438,824.759
2024-12-24,835.88,839.19,833.33,835.5,708400,833.352,859.446,867.303,36.288,-10.34,-7.062,-3.278,859.446,897.331,821.561
2024-12-25,832.39,833.71,824.27,833.71,978700,833.578,858.181,866.215,35.465,-10.547,-7.759,-2.788,858.181,897.778,818.584
2024-12-26,833.62,842.49,831.63,842.49,853300,835.39,856.005,865.347,42.365,-9.888,-8.185,-1.703,856.005,893.91,818.1
2024-12-27,848.06,851.93,842.68,849.67,1224000,839.45,854.325,864.592,47.325,-8.687,-8.285,-0.402,854.325,890.058,818.592
2024-12-30,852.59,858.63,847.12,849.1,1005200,842.094,852.46,863.825,46.979,-7.692,-8.167,0.475,852.46,884.888,820.033
2025-01-06,847.78,849.19,831.82,832.29,1278400,841.452,850.038,863.124,38.134,-8.166,-8.166,0.001,850.038,880.767,819.31
2025-01-07,831.73,832.48,822.67,826.16,1285300,839.942,847.485,862.381,35.508,-8.933,-8.32,-0.613,847.485,877.169,817.801
2025-01-08,822.19,822.67,814.73,814.73,1140400,834.39,844.62,861.754,31.195,-10.344,-8.725,-1.62,844.62,875.369,813.87
2025-01-09,814.73,819.17,812.47,813.79,924100,827.214,841.796,861.149,30.863,-11.407,-9.261,-2.146,841.796,873.002,810.591
2025-01-10,819.17,821.15,812.28,813.7,1292600,820.134,839.219,860.491,30.83,-12.117,-9.832,-2.284,839.219,870.784,807.655
2025-01-14,813.98,820.12,804.92,807.09,1319100,815.094,836.473,859.539,28.37,-13.062,-10.478,-2.584,836.473,869.219,803.726
2025-01-15,808.6,815.4,803.41,808.79,1344300,811.62,833.924,858.45,29.919,-13.518,-11.086,-2.432,833.924,866.969,800.878
2025-01-16,807.65,810.86,802.93,802.93,906500,809.26,830.746,857.037,27.696,-14.189,-11.707,-2.482,830.746,862.821,798.672
2025-01-17,803.22,810.2,798.12,802.84,1356200,807.07,828.075,855.481,27.662,-14.56,-12.277,-2.283,828.075,860.098,796.052
2025-01-20,802.46,806.52,800.1,803.41,871900,805.012,825.686,853.839,28.262,-14.639,-12.75,-1.89,825.686,857.58,793.793
2025-01-21,807.37,808.22,797.46,800.1,751000,803.614,823.378,852.243,26.867,-14.799,-13.159,-1.639,823.378,855.679,791.077
2025-01-22,800.1,802.93,797.84,801.99,704900,802.254,821.848,851.037,29.021,-14.604,-13.448,-1.156,821.848,855.195,788.502
2025-01-23,801.99,802.46,795.29,799.35,944600,801.538,820.144,849.458,27.79,-14.496,-13.658,-0.838,820.144,854.468,785.821
2025-01-24,807.18,811.15,804.35,804.54,1017100,801.878,818.903,847.867,33.742,-13.832,-13.693,-0.139,818.903,853.615,784.191
2025-01-27,814.07,816.15,808.98,813.13,969900,803.822,817.766,846.154,42.229,-12.469,-13.448,0.979,817.766,851.616,783.915
2025-01-28,811.15,815.96,807.65,808.22,781100,805.446,816.402,844.451,39.143,-11.65,-13.088,1.438,816.402,849.431,783.372
2025-01-29,807.09,808.03,803.41,803.97,768900,805.842,814.915,842.657,36.646,-11.215,-12.714,1.498,814.915,847.336,782.493
2025-01-30,808.13,813.32,803.03,813.13,719500,808.598,813.446,841.36,44.816,-10.016,-12.174,2.158,813.446,843.156,783.737
2025-01-31,810.68,811.81,804.92,809.07,704200,809.504,811.416,840.015,42.217,-9.286,-11.597,2.31,811.416,835.77,787.063
2025-02-03,804.35,806.05,789.81,789.81,1563800,804.84,808.452,838.509,32.569,-10.145,-11.306,1.161,808.452,827.304,789.6
2025-02-04,793.68,796.8,781.31,781.31,1140900,799.458,805.903,836.751,29.378,-11.38,-11.321,-0.059,805.903,824.969,786.837
2025-02-05,780.28,785.94,778.1,782.35,1267900,795.134,803.712,835.089,30.278,-12.135,-11.484,-0.651,803.712,823.044,784.381
2025-02-06,788.3,794.34,784.71,789.34,1899200,790.376,802.443,833.688,36.167,-12.031,-11.593,-0.438,802.443,822.06,782.826
2025-02-07,785.0,791.98,769.42,782.35,2706200,785.032,800.871,831.973,33.152,-12.37,-11.749,-0.621,800.871,821.663,780.079
2025-02-10,790.47,803.59,786.7,799.16,1577200,786.902,800.144,830.72,45.022,-11.153,-11.63,0.476,800.144,820.045,780.243
2025-02-12,808.13,808.88,789.43,800.01,1496200,790.642,799.79,829.349,45.549,-10.005,-11.305,1.299,799.79,819.421,780.159
2025-02-13,814.07,823.33,810.11,819.74,1529900,798.12,800.338,828.564,56.067,-7.418,-10.527,3.109,800.338,821.571,779.104
2025-02-14,813.79,819.64,805.58,808.79,1258700,802.01,800.63,827.019,50.264,-6.18,-9.658,3.478,800.63,822.174,779.087
2025-02-17,812.85,820.49,810.01,815.11,1450300,808.562,801.244,825.656,53.27,-4.635,-8.653,4.018,801.244,823.731,778.757
2025-02-18,815.96,817.19,798.78,806.99,1290400,810.128,801.423,824.068,49.159,-4.02,-7.727,3.707,801.423,824.039,778.807
2025-02-19,806.99,816.15,805.58,805.96,890000,811.318,801.716,822.573,48.646,-3.574,-6.896,3.322,801.716,824.411,779.021
2025-02-20,807.18,809.35,800.29,806.05,710800,808.58,801.919,821.149,48.696,-3.177,-6.152,2.975,801.919,824.697,779.141
2025-02-21,811.9,812.37,803.97,804.16,858800,807.654,802.16,819.791,47.64,-2.981,-5.518,2.537,802.16,824.925,779.394
2025-02-25,804.16,808.6,800.29,803.59,1207700,805.35,802.112,818.458,47.306,-2.838,-4.982,2.144,802.112,824.861,779.363
2025-02-26,811.9,812.85,801.8,806.52,914100,805.256,801.782,817.284,49.272,-2.46,-4.478,2.017,801.782,824.043,779.52
2025-02-27,811.62,816.81,810.58,815.68,979300,807.2,802.154,816.357,54.931,-1.406,-3.863,2.458,802.154,825.109,779.2
2025-02-28,818.13,820.78,808.98,809.54,1630000,807.898,802.433,815.352,50.837,-1.053,-3.301,2.248,802.433,825.615,779.251
2025-03-03,814.26,822.0,812.28,820.12,1002000,811.09,802.782,814.425,56.81,0.079,-2.625,2.704,802.782,826.838,778.727
2025-03-04,825.4,833.52,818.42,821.53,1181500,814.678,803.406,813.73,57.55,1.078,-1.885,2.962,803.406,828.757,778.054
2025-03-05,823.14,825.87,817.38,825.87,1165100,818.548,805.208,813.224,59.832,2.194,-1.069,3.263,805.208,831.597,778.82
2025-03-06,829.18,832.67,821.91,826.44,1190100,820.7,807.465,812.828,60.135,3.089,-0.237,3.326,807.465,832.951,781.979
2025-03-07,830.78,834.56,822.76,827.67,1033200,824.326,809.731,812.729,60.822,3.853,0.581,3.272,809.731,833.837,785.625
2025-03-10,826.06,834.47,824.18,832.58,1150600,826.818,811.893,812.712,63.525,4.8,1.425,3.375,811.893,836.054,787.732
2025-03-11,830.78,838.15,822.29,835.41,1554500,829.594,814.546,812.833,65.022,5.712,2.282,3.43,814.546,836.61,792.482
2025-03-12,816.15,836.26,815.02,836.26,1849900,831.672,816.401,812.841,65.481,6.43,3.112,3.318,816.401,839.243,793.559
2025-03-13,830.78,837.11,827.95,828.9,1117800,832.164,817.846,812.709,58.35,6.332,3.756,2.576,817.846,839.966,795.725
2025-03-14,825.87,836.83,825.12,836.17,1260400,833.864,818.667,812.758,62.674,6.763,4.357,2.406,818.667,842.255,795.079
2025-03-17,838.34,841.83,834.94,839.85,1019600,835.318,820.22,812.705,64.673,7.317,4.949,2.368,820.22,845.123,795.317
2025-03-18,849.57,859.11,846.83,853.73,1413900,838.982,822.151,812.786,70.986,8.775,5.714,3.061,822.151,851.054,793.248
2025-03-19,853.73,866.0,852.31,863.26,1244500,844.382,824.964,813.07,74.372,10.578,6.687,3.891,824.964,858.273,791.656
2025-03-21,865.71,875.16,865.71,868.26,1676000,852.254,828.08,813.789,75.957,12.268,7.803,4.465,828.08,865.324,790.835
2025-03-24,882.42,893.94,877.23,879.31,2063000,860.882,831.742,814.852,79.043,14.334,9.109,5.225,831.742,873.945,789.54
2025-03-25,880.82,884.12,873.27,875.16,1466300,867.944,835.292,816.061,75.143,15.459,10.379,5.079,835.292,879.617,790.968
2025-03-26,879.4,879.88,869.11,870.44,1626300,871.286,838.635,817.194,70.86,15.787,11.461,4.326,838.635,882.976,794.294
2025-03-27,874.21,878.93,868.83,876.85,2313200,874.004,842.152,818.457,73.102,16.376,12.444,3.932,842.152,886.922,797.381
2025-03-28,874.17,886.46,869.55,881.27,1686300,876.606,845.431,819.94,74.556,17.003,13.356,3.647,845.431,891.623,799.239
2025-03-31,869.46,872.82,857.64,867.15,1617200,874.174,848.312,821.107,62.866,16.174,13.919,2.255,848.312,892.208,804.415
2025-04-01,874.17,876.85,861.58,866.48,1042100,872.438,850.63,822.378,62.366,15.287,14.193,1.094,850.63,893.132,808.127
2025-04-02,863.21,863.21,842.46,845.35,1267800,867.42,851.82,823.229,49.109,12.732,13.901,-1.169,851.82,892.17,811.471
2025-04-03,818.35,839.01,818.16,836.32,1621400,859.314,852.343,823.887,44.733,9.865,13.093,-3.229,852.343,891.532,813.154
2025-04-04,827.09,832.67,817.1,828.54,1775500,848.768,852.448,824.456,41.317,6.886,11.852,-4.966,852.448,891.355,813.541
2025-04-07,782.91,795.01,763.79,764.17,3001700,828.172,849.273,823.699,24.587,-0.662,9.349,-10.011,849.273,903.887,794.659
2025-04-08,792.99,812.01,788.67,806.73,2376900,816.222,847.98,823.847,41.464,-3.173,6.845,-10.018,847.98,905.409,790.552
2025-04-09,782.91,784.06,766.58,777.91,2177300,802.734,845.106,823.314,35.646,-7.403,3.995,-11.398,845.106,910.402,779.809
2025-04-10,803.18,818.35,792.61,818.35,2253300,799.14,844.21,823.419,46.904,-7.407,1.715,-9.121,844.21,910.501,777.919
2025-04-11,785.88,808.07,785.88,808.07,1338400,795.046,843.169,823.416,44.76,-8.145,-0.257,-7.888,843.169,911.106,775.231
2025-04-14,810.86,817.1,805.38,813.07,1758200,804.826,842.014,823.598,46.052,-8.232,-1.852,-6.38,842.014,911.225,772.802
2025-04-15,809.8,813.55,807.4,807.4,734500,804.96,840.391,823.483,44.773,-8.659,-3.213,-5.445,840.391,911.317,769.465
2025-04-16,810.76,817.39,807.69,817.39,1077500,812.856,838.574,823.649,47.536,-8.097,-4.19,-3.907,838.574,909.922,767.226
2025-04-17,815.18,818.16,811.05,814.7,818300,812.126,836.146,824.147,46.857,-7.78,-4.908,-2.872,836.146,907.261,765.031
2025-04-18,820.37,831.9,817.49,829.69,955600,816.45,834.218,825.115,51.057,-6.247,-5.176,-1.071,834.218,903.74,764.695
2025-04-21,831.9,836.89,822.29,829.5,973900,819.736,831.727,826.058,51.002,-4.989,-5.139,0.149,831.727,897.938,765.516
2025-04-22,830.94,854.76,830.07,850.15,1296700,828.286,830.477,827.274,56.49,-2.3,-4.571,2.271,830.477,894.128,766.825
2025-04-23,858.31,859.28,847.27,850.15,1170000,834.838,829.462,828.63,56.49,-0.167,-3.69,3.523,829.462,891.045,767.879
2025-04-24,843.81,845.25,827.0,827.67,1112300,837.432,827.003,829.2,49.491,-0.287,-3.01,2.722,827.003,884.405,769.601
2025-04-25,826.13,835.45,821.91,831.8,822000,837.854,824.53,829.836,50.7,-0.049,-2.417,2.369,824.53,876.047,773.012
2025-04-28,824.02,838.91,822.77,831.42,844400,838.238,822.743,830.07,50.58,0.108,-1.912,2.021,822.743,870.368,775.118
2025-04-30,830.94,834.88,826.42,832.57,797800,834.722,821.048,830.545,50.958,0.322,-1.465,1.788,821.048,864.334,777.761
2025-05-01,834.59,835.36,828.54,829.4,584000,830.572,820.25,830.831,49.827,0.233,-1.126,1.359,820.25,862.219,778.281
2025-05-02,829.02,831.51,822.77,828.34,858600,830.706,819.851,831.258,49.431,0.076,-0.885,0.961,819.851,861.325,778.377
2025-05-07,824.21,833.15,823.25,830.07,1349300,830.36,819.928,831.74,50.127,0.09,-0.69,0.78,819.928,861.475,778.38
2025-05-08,826.13,831.23,820.37,830.17,976900,830.11,823.228,832.223,50.169,0.108,-0.531,0.639,823.228,855.599,790.856
2025-05-09,838.62,844.67,830.55,844.67,1465500,832.53,825.125,833.033,56.04,1.278,-0.169,1.447,825.125,857.87,792.379
2025-05-12,845.06,845.25,833.92,839.2,933900,834.49,828.189,833.745,53.48,1.743,0.213,1.53,828.189,852.788,803.59
2025-05-13,834.68,837.95,821.81,824.02,1544500,833.626,828.473,834.095,47.057,0.877,0.346,0.531,828.473,852.722,804.223
2025-05-14,820.85,822.87,799.33,809.8,2304200,829.572,828.559,833.977,41.971,-0.946,0.088,-1.034,828.559,852.513,804.605
2025-05-15,802.12,807.21,796.26,805.38,1375200,824.614,828.175,833.894,40.505,-2.716,-0.473,-2.243,828.175,853.389,802.96
2025-05-16,807.21,810.57,796.64,809.52,1496700,817.584,828.281,833.682,42.529,-3.742,-1.127,-2.615,828.281,853.142,803.419
2025-05-19,817.49,827.58,815.28,823.73,1324700,814.49,828.598,833.726,48.949,-3.369,-1.575,-1.794,828.598,853.033,804.162
2025-05-20,816.62,819.12,799.24,799.24,1571000,809.534,827.824,833.194,40.543,-4.992,-2.259,-2.734,827.824,854.942,800.707
2025-05-21,798.28,803.08,797.8,800.29,953600,807.632,826.354,832.671,41.011,-6.124,-3.032,-3.092,826.354,856.106,796.603
2025-05-22,794.53,801.16,791.55,797.03,1077100,805.962,824.731,832.058,39.96,-7.2,-3.865,-3.335,824.731,857.181,792.281
2025-05-23,795.39,799.24,794.91,795.78,692400,803.214,822.012,831.322,39.542,-8.061,-4.704,-3.357,822.012,854.605,789.42
2025-05-26,805.0,807.11,800.68,805.0,987500,799.468,819.755,830.714,44.185,-7.908,-5.345,-2.563,819.755,850.334,789.176
2025-05-27,806.35,807.11,800.97,803.94,877500,800.408,818.569,830.067,43.768,-7.783,-5.833,-1.95,818.569,849.691,787.446
2025-05-28,808.84,809.13,802.5,805.29,1161000,801.408,817.243,829.595,44.486,-7.489,-6.164,-1.325,817.243,848.251,786.235
2025-05-29,800.49,808.55,799.33,806.35,1044800,803.272,815.989,828.999,45.078,-7.088,-6.349,-0.739,815.989,846.609,785.37
2025-05-30,803.08,815.18,800.77,813.55,1980700,806.826,815.038,828.473,49.054,-6.119,-6.303,0.184,815.038,844.655,785.422
2025-06-02,813.55,814.41,801.54,806.35,989900,807.096,813.886,827.525,45.506,-5.864,-6.215,0.351,813.886,842.938,784.834
2025-06-03,803.66,808.94,799.72,806.73,928400,807.654,812.806,826.394,45.729,-5.568,-6.086,0.518,812.806,841.193,784.418
2025-06-04,806.92,815.95,805.96,812.11,1009800,809.018,811.908,825.271,48.918,-4.843,-5.837,0.994,811.908,839.107,784.708
2025-06-05,808.27,809.23,801.35,804.62,847900,808.672,810.63,823.778,44.958,-4.817,-5.633,0.816,810.63,836.59,784.67
2025-06-06,802.12,808.36,801.73,801.73,535800,806.308,808.483,822.309,43.494,-4.972,-5.501,0.528,808.483,829.153,787.813
2025-06-09,803.08,804.81,799.24,799.24,587600,804.886,806.485,820.885,42.22,-5.236,-5.448,0.212,806.485,821.644,791.326
2025-06-10,802.12,803.75,797.8,800.68,796900,803.676,805.318,819.362,43.255,-5.268,-5.412,0.144,805.318,818.218,792.418
2025-06-11,801.45,804.71,799.24,801.83,712900,801.62,804.92,817.773,44.117,-5.142,-5.358,0.216,804.92,817.729,792.11
2025-06-12,802.31,805.58,798.56,803.46,867400,801.388,804.824,816.499,45.383,-4.854,-5.257,0.403,804.824,817.647,792.0
2025-06-13,803.27,803.66,798.28,801.54,1273000,801.35,804.424,815.2,44.115,-4.726,-5.151,0.425,804.424,817.129,791.72
2025-06-16,805.0,811.82,800.68,808.84,895800,803.27,803.68,814.47,49.851,-3.99,-4.919,0.929,803.68,812.884,794.476
2025-06-17,830.17,840.45,824.21,824.89,1670100,808.112,804.962,814.241,59.655,-2.088,-4.353,2.265,804.962,817.937,791.988
2025-06-18,815.86,842.46,814.61,838.24,1577200,815.394,806.86,814.435,65.668,0.492,-3.384,3.876,806.86,826.398,787.322
2025-06-19,847.27,861.58,844.29,859.28,1853200,826.558,809.973,816.338,72.599,4.186,-1.87,6.055,809.973,839.957,779.988
2025-06-20,852.07,854.47,838.62,838.72,1851400,833.994,812.12,816.977,59.878,5.392,-0.418,5.809,812.12,843.92,780.319
2025-06-23,835.07,836.89,831.03,833.92,754300,839.01,813.565,818.098,57.351,5.892,0.844,5.048,813.565,846.608,780.523
2025-06-24,833.92,838.05,830.36,833.92,806600,840.816,815.064,818.409,57.351,6.217,1.919,4.298,815.064,848.977,781.152
2025-06-25,830.75,832.47,824.4,827.29,763200,838.626,816.165,818.793,53.72,5.872,2.71,3.163,816.165,850.17,782.159
2025-06-26,824.21,835.26,823.92,833.43,1176300,833.456,817.518,819.201,56.469,6.025,3.373,2.652,817.518,852.031,783.006
2025-06-27,833.43,836.32,827.48,832.95,1180300,832.302,818.488,819.712,56.188,6.037,3.906,2.132,818.488,853.616,783.361
2025-06-30,844.39,848.13,836.99,841.22,1153000,833.762,820.232,820.188,59.891,6.638,4.452,2.186,820.232,856.273,784.191
2025-07-01,835.74,845.54,834.11,842.46,955300,835.47,822.018,820.743,60.431,7.132,4.988,2.144,822.018,858.776,785.261
2025-07-02,845.25,856.87,843.23,852.07,1550800,840.426,824.017,821.191,64.428,8.204,5.631,2.573,824.017,862.795,785.238
2025-07-03,845.35,851.4,844.39,847.08,1225700,843.156,826.14,821.543,60.983,8.553,6.216,2.337,826.14,865.096,787.183
2025-07-04,847.08,859.76,843.71,858.31,1245600,848.228,828.968,821.706,65.459,9.624,6.897,2.727,828.968,868.671,789.266
2025-07-07,858.31,860.24,845.83,846.4,902700,849.264,831.326,821.631,57.876,9.404,7.399,2.005,831.326,869.153,793.5
2025-07-08,843.33,844.77,834.2,834.2,1109300,847.612,833.002,821.761,51.318,8.151,7.549,0.602,833.002,867.974,798.031
2025-07-09,833.92,838.14,831.42,832.95,827500,843.788,834.559,821.784,50.684,6.977,7.435,-0.458,834.559,866.311,802.806
2025-07-10,836.22,837.37,828.44,829.3,1154300,840.232,835.85,821.742,48.79,5.686,7.085,-1.399,835.85,864.195,807.506
2025-07-11,835.74,835.74,827.0,828.06,764400,834.182,837.176,821.652,48.131,4.511,6.57,-2.059,837.176,860.861,813.492
2025-07-14,828.06,837.85,825.17,833.92,840700,831.686,838.43,821.742,51.464,4.007,6.058,-2.051,838.43,858.116,818.745
2025-07-15,830.94,836.8,828.82,835.64,669700,831.974,838.968,821.888,52.43,3.703,5.587,-1.884,838.968,857.659,820.277
2025-07-16,833.82,845.06,832.09,840.06,932600,833.396,839.059,822.088,54.914,3.775,5.224,-1.449,839.059,857.753,820.365
2025-07-17,832.76,840.54,831.8,839.87,687500,835.51,838.089,822.282,54.781,3.774,4.934,-1.16,838.089,854.199,821.978
2025-07-18,845.35,846.69,840.64,843.23,687900,838.544,838.314,822.253,56.766,3.998,4.747,-0.749,838.314,854.587,822.041
2025-07-22,840.35,847.94,832.57,833.72,802300,838.504,838.304,822.144,50.067,3.369,4.472,-1.102,838.304,854.589,822.019
2025-07-23,836.89,844.1,834.11,837.09,1098900,838.794,838.462,822.405,52.219,3.107,4.199,-1.092,838.462,854.629,822.296
2025-07-24,839.1,844.58,836.32,841.89,1003200,839.16,839.192,823.047,55.182,3.249,4.009,-0.76,839.192,854.532,823.853
2025-07-25,841.89,845.06,836.89,844.77,910400,840.14,839.759,823.835,56.908,3.553,3.918,-0.364,839.759,855.041,824.478
2025-07-28,844.39,848.13,839.2,839.2,845200,839.334,840.072,824.428,52.681,3.307,3.795,-0.489,840.072,855.019,825.125
2025-07-29,838.62,844.29,834.97,836.32,1023900,839.854,839.827,824.68,50.589,2.846,3.605,-0.76,839.827,854.855,824.799
2025-07-30,835.74,846.02,834.4,846.02,768600,841.64,840.005,825.616,56.811,3.226,3.53,-0.303,840.005,855.247,824.763
2025-07-31,845.35,853.99,845.35,850.44,1458000,843.35,839.924,826.619,59.324,3.84,3.592,0.248,839.924,854.909,824.938
2025-08-01,855.14,861.39,853.42,857.35,1011900,845.866,840.437,827.825,62.954,4.829,3.839,0.99,840.437,857.069,823.805
2025-08-04,849.19,857.55,845.63,855.53,1183600,849.132,840.298,829.02,61.4,5.403,4.152,1.251,840.298,856.337,824.259
2025-08-05,850.15,905.39,841.5,904.71,4383800,862.81,843.214,831.014,77.537,9.714,5.264,4.45,843.214,876.184,810.243
2025-08-06,902.79,930.84,899.14,925.37,3721100,878.68,847.772,833.443,81.11,14.63,7.137,7.492,847.772,896.797,798.747
2025-08-07,924.89,931.71,920.37,927.0,1628500,893.992,852.474,835.877,81.362,18.444,9.399,9.045,852.474,912.354,792.595
2025-08-08,926.13,941.41,923.16,934.3,1801300,909.382,857.724,838.436,82.488,21.805,11.88,9.925,857.724,926.761,788.688
2025-08-12,936.61,944.1,931.23,935.93,1776100,925.462,863.118,840.884,82.739,24.319,14.368,9.951,863.118,938.92,787.316
2025-08-13,932.47,948.13,929.69,943.71,1387500,933.262,868.608,843.631,83.922,26.633,16.821,9.812,868.608,951.111,786.104
2025-08-14,946.5,951.88,942.27,944.96,1410100,937.18,874.074,846.395,84.111,28.241,19.105,9.137,874.074,961.707,786.44
2025-08-15,940.74,946.69,934.01,941.7,1181600,940.12,879.156,848.987,81.429,28.92,21.068,7.852,879.156,970.205,788.106
2025-08-18,955.82,964.94,948.81,951.5,1431200,943.56,884.737,851.925,83.167,29.904,22.835,7.069,884.737,979.267,790.207
2025-08-19,951.01,959.08,947.17,957.74,958300,947.922,890.462,855.045,84.182,30.832,24.434,6.397,890.462,988.223,792.702
2025-08-20,960.62,987.04,959.76,982.24,2263700,955.628,897.888,858.705,87.395,33.162,26.18,6.982,897.888,999.969,795.808
2025-08-21,979.83,987.52,969.27,980.31,1473100,962.698,905.05,862.298,85.914,34.455,27.835,6.62,905.05,1009.244,800.855
2025-08-22,983.2,990.4,975.51,983.68,1751500,971.094,912.139,865.935,86.349,35.345,29.337,6.008,912.139,1017.527,806.751
2025-08-25,982.72,982.72,965.42,968.31,1005400,974.456,918.316,869.232,74.98,34.413,30.352,4.061,918.316,1021.538,815.094
2025-08-26,962.06,963.5,951.01,953.61,1397800,973.63,924.036,872.273,66.026,32.118,30.705,1.413,924.036,1021.306,826.767
2025-08-27,951.01,968.79,946.5,963.02,1384400,969.786,930.372,875.357,68.61,30.705,30.705,-0.0,930.372,1019.773,840.97
2025-08-28,965.42,976.47,962.54,966.87,1100700,967.098,936.414,878.196,69.628,29.555,30.475,-0.92,936.414,1017.786,855.042
2025-08-29,963.5,966.87,952.55,962.54,858000,962.87,942.019,880.682,66.997,27.971,29.974,-2.003,942.019,1013.27,870.768
2025-09-01,964.46,982.72,960.62,980.31,1164600,965.27,948.167,883.103,71.72,27.83,29.545,-1.716,948.167,1009.134,887.2
2025-09-02,988.0,997.6,985.12,993.76,1156500,973.3,955.078,886.204,74.674,28.474,29.331,-0.857,955.078,1001.412,908.745
2025-09-03,998.09,1004.81,991.84,1000.97,1371800,980.89,959.892,889.545,76.115,29.23,29.311,-0.081,959.892,1004.147,915.636
2025-09-04,1000.49,1015.38,992.32,1013.94,1409100,990.304,964.32,893.145,78.486,30.524,29.554,0.97,964.32,1011.649,916.991
2025-09-05,1014.42,1025.94,1008.65,1023.54,1120600,1002.504,969.147,897.07,80.063,31.956,30.034,1.922,969.147,1020.01,918.284
2025-09-08,1031.71,1036.51,1020.66,1036.51,1364100,1013.744,974.257,901.132,81.985,33.748,30.777,2.971,974.257,1030.62,917.895
2025-09-09,1036.03,1040.83,1024.98,1025.46,1059400,1020.084,978.734,904.982,75.323,33.886,31.399,2.487,978.734,1036.484,920.984
2025-09-10,1035.55,1035.55,1018.74,1029.31,1215300,1025.752,983.014,908.744,76.053,33.915,31.902,2.013,983.014,1042.497,923.531
2025-09-11,1031.71,1038.43,1024.5,1032.67,753200,1029.498,987.4,912.548,76.701,33.819,32.285,1.534,987.4,1047.992,926.807
2025-09-12,1038.43,1038.43,1029.79,1037.47,1157900,1032.284,992.188,916.256,77.632,33.741,32.576,1.165,992.188,1052.711,931.665
2025-09-16,1031.23,1047.56,1029.31,1044.2,769000,1033.822,996.823,920.198,78.905,33.833,32.828,1.005,996.823,1058.415,935.231
2025-09-17,1044.19,1048.04,1035.07,1036.51,761200,1036.032,1000.762,923.762,73.742,32.906,32.843,0.063,1000.762,1061.903,939.62
2025-09-18,1042.27,1042.75,1028.83,1028.83,663200,1035.936,1003.091,927.411,68.893,31.192,32.513,-1.321,1003.091,1064.809,941.373
2025-09-19,1024.02,1030.75,1003.37,1003.37,3072900,1030.076,1004.244,930.794,55.795,27.462,31.503,-4.041,1004.244,1065.024,943.464
2025-09-22,1005.77,1019.7,1003.37,1006.25,1168900,1023.832,1005.372,934.26,56.796,24.457,30.094,-5.637,1005.372,1065.378,945.367
2025-09-24,1014.42,1017.3,1003.85,1013.94,972800,1017.78,1007.654,937.953,59.436,22.438,28.563,-6.125,1007.654,1065.143,950.165
2025-09-25,1019.22,1027.86,1014.9,1025.46,1194200,1015.57,1011.246,941.901,63.077,21.518,27.154,-5.635,1011.246,1063.232,959.261
2025-09-26,1031.71,1041.31,1026.42,1035.55,1366200,1016.914,1014.873,945.934,65.958,21.358,25.995,-4.637,1014.873,1062.642,967.104
2025-09-29,1041.39,1047.23,1019.98,1026.79,830100,1021.598,1017.869,949.757,61.473,20.29,24.854,-4.564,1017.869,1060.164,975.574
2025-09-30,1019.0,1019.98,1009.76,1014.62,943400,1023.272,1020.473,953.248,55.796,18.251,23.533,-5.282,1020.473,1053.91,987.036
2025-10-01,1009.27,1015.6,1000.03,1007.32,972800,1021.948,1021.823,956.597,52.655,15.864,21.999,-6.136,1021.823,1050.235,993.412
2025-10-02,1005.38,1010.24,993.21,999.54,720400,1016.764,1022.112,959.723,49.459,13.192,20.238,-7.046,1022.112,1049.418,994.807
2025-10-03,993.21,1020.46,992.73,1015.6,1270600,1012.774,1022.844,963.361,55.467,12.229,18.636,-6.407,1022.844,1048.499,997.189
2025-10-06,1039.44,1039.93,1016.57,1020.95,1392500,1011.606,1023.194,967.038,57.289,11.762,17.261,-5.499,1023.194,1048.526,997.863
2025-10-07,1017.06,1033.12,1014.62,1033.12,1000400,1015.306,1023.674,970.862,61.179,12.233,16.256,-4.022,1023.674,1049.392,997.955
2025-10-08,1039.93,1061.83,1036.52,1056.47,1838000,1025.136,1024.671,975.096,67.328,14.326,15.87,-1.544,1024.671,1053.809,995.534
2025-10-09,1051.12,1056.47,1041.88,1041.88,1042000,1033.604,1025.492,979.15,60.843,14.638,15.623,-0.986,1025.492,1055.632,995.353
2025-10-10,1043.34,1046.26,1018.03,1018.03,1591100,1034.09,1024.928,982.784,52.023,12.813,15.061,-2.248,1024.928,1055.189,994.668
2025-10-14,997.59,1016.57,992.73,1001.49,1225300,1030.198,1023.37,985.894,46.94,9.918,14.033,-4.115,1023.37,1055.127,991.612
2025-10-15,1011.22,1021.92,1007.81,1021.92,890800,1027.958,1022.592,989.323,53.043,9.166,13.059,-3.893,1022.592,1053.649,991.535
2025-10-16,1018.52,1025.82,1015.6,1021.44,523100,1020.952,1021.454,992.605,52.889,8.435,12.134,-3.7,1021.454,1050.798,992.11
2025-10-17,1019.0,1029.22,1019.0,1024.84,679000,1017.544,1020.87,995.991,53.909,8.037,11.315,-3.278,1020.87,1049.407,992.334
2025-10-20,1038.96,1039.93,1024.36,1028.74,708200,1019.686,1020.866,998.472,55.11,7.944,10.641,-2.696,1020.866,1049.397,992.335
2025-10-21,1028.74,1031.17,1020.95,1023.87,876500,1024.162,1021.891,1000.442,53.244,7.393,9.991,-2.598,1021.891,1049.224,994.558
2025-10-22,1022.9,1041.88,1021.92,1038.96,1113100,1027.57,1023.527,1002.681,57.989,8.08,9.609,-1.529,1023.527,1050.833,996.22
2025-10-23,1046.26,1062.8,1040.9,1057.93,1384700,1034.868,1025.726,1005.154,63.064,10.04,9.695,0.345,1025.726,1056.631,994.821
2025-10-24,1051.12,1055.99,1044.31,1051.61,812300,1040.222,1027.034,1007.467,60.444,10.957,9.948,1.01,1027.034,1060.033,994.034
2025-10-27,1053.55,1068.15,1051.61,1062.8,956000,1047.034,1028.396,1009.849,63.348,12.443,10.447,1.997,1028.396,1064.936,991.856
2025-10-28,1062.8,1062.8,1036.52,1037.98,810400,1049.856,1028.956,1011.709,53.898,11.486,10.655,0.831,1028.956,1065.734,992.177
2025-10-29,1037.5,1040.42,1026.3,1026.3,806500,1047.324,1029.54,1013.401,50.11,9.673,10.458,-0.785,1029.54,1065.725,993.354
2025-10-30,1021.92,1040.9,1017.54,1040.9,2673000,1043.918,1031.219,1015.189,54.422,9.307,10.228,-0.921,1031.219,1066.158,996.279
2025-10-31,1051.12,1055.01,1037.5,1043.34,1061100,1042.264,1033.408,1016.901,55.121,9.109,10.004,-0.895,1033.408,1065.35,1001.467
2025-11-04,1037.01,1054.53,1036.52,1038.96,1284300,1037.496,1034.576,1018.036,53.535,8.501,9.704,-1.203,1034.576,1065.467,1003.686
2025-11-05,1043.34,1048.2,1024.84,1037.98,1505100,1037.496,1035.428,1019.189,53.167,7.849,9.333,-1.483,1035.428,1065.669,1005.187
2025-11-06,1035.55,1108.06,1019.98,1094.43,4279400,1051.122,1038.494,1021.404,67.179,11.753,9.817,1.936,1038.494,1078.578,998.409
2025-11-07,1088.59,1106.11,1080.81,1106.11,2558500,1064.164,1040.976,1024.16,69.23,15.608,10.975,4.633,1040.976,1090.728,991.223
2025-11-10,1109.52,1111.46,1083.24,1085.67,1027800,1072.63,1043.165,1026.801,61.935,16.821,12.144,4.677,1043.165,1096.788,989.542
2025-11-11,1080.32,1117.3,1074.48,1116.33,1628000,1088.104,1048.08,1029.868,67.472,20.025,13.72,6.305,1048.08,1109.462,986.698
2025-11-12,1118.28,1133.36,1110.98,1123.14,2006300,1105.136,1054.162,1032.993,68.566,22.85,15.546,7.304,1054.162,1120.049,988.276
2025-11-13,1133.85,1146.5,1131.9,1134.34,1260700,1113.118,1059.784,1036.429,70.333,25.697,17.577,8.12,1059.784,1132.876,986.691
2025-11-14,1136.28,1146.01,1122.17,1146.01,1599300,1121.098,1066.012,1039.743,72.093,28.565,19.774,8.791,1066.012,1146.23,985.794
2025-11-17,1149.91,1178.62,1149.42,1171.81,1908700,1138.326,1073.36,1043.304,75.547,32.545,22.328,10.217,1073.36,1163.954,982.767
2025-11-18,1167.91,1181.54,1157.21,1165.48,1482900,1148.156,1080.198,1046.594,73.154,34.788,24.82,9.967,1080.198,1177.036,983.359
2025-11-19,1157.69,1181.54,1128.98,1150.39,4986500,1153.606,1086.523,1049.323,67.654,34.944,26.845,8.099,1086.523,1184.393,988.654
2025-11-20,1164.02,1202.46,1157.21,1180.57,2071300,1162.852,1093.604,1052.464,72.162,37.076,28.891,8.185,1093.604,1197.302,989.906
2025-11-21,1179.59,1199.06,1175.21,1190.3,2017300,1171.71,1100.222,1055.54,73.447,39.1,30.933,8.167,1100.222,1210.989,989.456
2025-11-25,1200.03,1204.9,1181.54,1197.6,1439000,1176.868,1107.522,1058.982,74.402,40.823,32.911,7.912,1107.522,1223.9,991.144
2025-11-26,1195.65,1224.36,1192.24,1222.9,1410000,1188.352,1115.527,1062.854,77.43,43.725,35.074,8.651,1115.527,1240.649,990.405
2025-11-27,1222.42,1222.42,1194.19,1202.95,1377700,1198.864,1123.776,1066.26,70.361,43.91,36.841,7.069,1123.776,1249.123,998.428
2025-11-28,1202.95,1210.74,1196.14,1202.46,1286100,1203.242,1132.584,1069.56,70.192,43.515,38.176,5.339,1132.584,1253.779,1011.388
2025-12-01,1202.46,1204.41,1172.78,1174.73,1025200,1200.128,1139.275,1072.17,61.206,40.497,38.64,1.857,1139.275,1253.748,1024.802
2025-12-02,1182.51,1188.35,1173.75,1180.57,758100,1196.722,1146.136,1075.051,62.3,38.137,38.539,-0.402,1146.136,1252.567,1039.706
2025-12-03,1177.65,1187.86,1174.73,1183.97,1179800,1188.936,1153.387,1078.154,62.956,36.125,38.057,-1.931,1153.387,1248.198,1058.576
2025-12-04,1176.19,1181.54,1161.1,1166.94,1379000,1181.734,1159.835,1081.426,57.559,32.778,37.001,-4.223,1159.835,1237.609,1082.061
2025-12-05,1167.91,1172.29,1157.21,1164.51,1065000,1174.144,1163.339,1084.591,56.81,29.589,35.519,-5.93,1163.339,1234.761,1091.917
2025-12-08,1167.91,1179.59,1165.48,1177.65,628700,1174.728,1166.916,1087.865,59.85,27.801,33.975,-6.174,1166.916,1233.254,1100.578
2025-12-09,1177.65,1179.59,1153.31,1158.67,1258400,1170.348,1170.566,1090.529,53.944,24.569,32.094,-7.524,1170.566,1225.058,1116.074
2025-12-10,1164.02,1183.48,1159.64,1173.27,1015000,1168.208,1173.413,1093.284,57.424,22.922,30.26,-7.337,1173.413,1221.553,1125.273
2025-12-11,1182.51,1182.51,1164.51,1177.65,1072300,1170.35,1176.138,1096.301,58.439,21.72,28.552,-6.832,1176.138,1218.066,1134.211
2025-12-12,1188.35,1189.32,1159.64,1169.86,1413200,1171.42,1177.914,1099.406,55.888,19.909,26.823,-6.914,1177.914,1215.131,1140.698
2025-12-15,1179.11,1201.98,1174.24,1194.68,1280500,1174.826,1180.348,1103.153,61.635,20.243,25.507,-5.264,1180.348,1215.062,1145.634
2025-12-16,1201.98,1204.41,1189.32,1196.62,1226800,1182.416,1181.588,1107.094,62.051,20.429,24.491,-4.062,1181.588,1216.787,1146.39
2025-12-17,1157.21,1159.64,1116.82,1128.01,3196700,1173.364,1179.715,1109.343,43.91,14.869,22.567,-7.698,1179.715,1221.833,1137.597
2025-12-18,1152.34,1171.32,1144.07,1167.91,1909700,1171.416,1180.591,1112.282,52.591,13.526,20.759,-7.233,1180.591,1220.827,1140.355
2025-12-19,1175.7,1176.67,1145.04,1146.99,2635000,1166.842,1178.912,1114.559,48.364,10.651,18.737,-8.086,1178.912,1221.863,1135.961
2025-12-22,1147.96,1152.34,1125.58,1129.96,1967900,1153.898,1175.895,1116.029,45.181,6.918,16.373,-9.455,1175.895,1223.682,1128.108
2025-12-23,1128.98,1143.58,1128.5,1138.72,854700,1142.318,1172.951,1117.966,47.109,4.614,14.021,-9.408,1172.951,1222.336,1123.566
2025-12-24,1138.72,1150.39,1138.72,1144.55,847500,1145.626,1169.034,1120.496,48.41,3.221,11.861,-8.64,1169.034,1213.965,1124.102
2025-12-25,1146.5,1146.5,1128.98,1132.39,892600,1138.522,1165.506,1123.114,45.876,1.123,9.714,-8.591,1165.506,1210.305,1120.706
2025-12-26,1133.85,1137.74,1124.6,1128.5,703700,1134.824,1161.808,1125.246,45.063,-0.844,7.602,-8.446,1161.808,1205.968,1117.647
2025-12-29,1129.96,1131.42,1114.38,1122.17,1067900,1133.266,1159.18,1127.26,43.707,-2.88,5.506,-8.386,1159.18,1206.261,1112.098
2025-12-30,1124.12,1127.52,1113.41,1113.41,979400,1128.204,1155.822,1129.032,41.83,-5.142,3.376,-8.518,1155.822,1205.961,1105.682
2026-01-05,1119.74,1122.66,1109.52,1109.52,1416700,1121.198,1152.099,1130.647,40.988,-7.165,1.268,-8.433,1152.099,1204.445,1099.753
2026-01-06,1109.52,1129.96,1109.52,1128.01,1097300,1120.322,1150.152,1132.73,46.499,-7.194,-0.424,-6.769,1150.152,1203.067,1097.238
2026-01-07,1114.38,1119.74,1107.57,1110.0,1654500,1116.622,1147.427,1134.151,42.35,-8.571,-2.054,-6.517,1147.427,1202.787,1092.067
2026-01-08,1110.49,1115.84,1103.19,1110.0,1042800,1114.188,1144.044,1135.192,42.35,-9.552,-3.554,-5.999,1144.044,1199.894,1088.195
2026-01-09,1110.49,1114.38,1094.92,1095.41,1444500,1110.588,1140.882,1136.068,39.075,-11.376,-5.118,-6.258,1140.882,1200.295,1081.468
2026-01-13,1110.49,1121.2,1104.16,1110.98,1633500,1110.88,1137.767,1137.032,44.048,-11.434,-6.381,-5.052,1137.767,1196.559,1078.975
2026-01-14,1111.46,1123.14,1110.0,1121.2,1204000,1109.518,1134.944,1138.696,47.101,-10.533,-7.212,-3.321,1134.944,1191.032,1078.857
2026-01-15,1129.96,1135.8,1124.12,1124.12,1096600,1112.342,1132.657,1140.653,47.974,-9.474,-7.664,-1.81,1132.657,1186.433,1078.882
2026-01-16,1114.38,1128.01,1110.98,1126.06,1214900,1115.554,1129.226,1142.356,48.581,-8.382,-7.808,-0.574,1129.226,1174.41,1084.043
2026-01-19,1129.96,1162.56,1129.96,1152.34,1633600,1126.94,1127.012,1144.536,56.064,-5.334,-7.313,1.979,1127.012,1161.323,1092.702
2026-01-20,1167.91,1201.0,1166.94,1198.08,2308300,1144.36,1130.516,1147.718,65.48,0.763,-5.698,6.461,1130.516,1177.299,1083.733
2026-01-21,1192.24,1208.79,1184.94,1195.16,2044000,1159.152,1131.879,1150.862,64.529,5.298,-3.499,8.797,1131.879,1184.473,1079.284
2026-01-22,1184.95,1191.76,1171.32,1184.46,1601600,1171.22,1133.752,1152.663,61.032,7.938,-1.211,9.149,1133.752,1191.07,1076.434
2026-01-23,1178.62,1197.11,1178.62,1197.11,1284000,1185.43,1137.11,1154.483,63.547,10.924,1.216,9.709,1137.11,1200.984,1073.235
2026-01-26,1197.11,1220.47,1191.27,1214.63,2310500,1197.888,1140.905,1157.062,66.749,14.537,3.88,10.657,1140.905,1213.596,1068.214
2026-01-27,1225.34,1270.59,1224.85,1268.65,3850300,1212.002,1147.11,1160.108,74.256,21.512,7.407,14.105,1147.11,1239.601,1054.619
2026-01-28,1259.4,1263.78,1234.58,1236.04,1750600,1220.178,1152.292,1162.366,64.752,24.13,10.751,13.378,1152.292,1252.596,1051.989
2026-01-29,1226.31,1243.83,1216.58,1241.88,1356700,1231.662,1157.962,1164.517,65.601,26.371,13.875,12.496,1157.962,1265.181,1050.742
2026-01-30,1241.88,1263.78,1238.96,1260.37,1504500,1244.314,1164.872,1166.804,68.212,29.302,16.961,12.342,1164.872,1279.907,1049.836
2026-02-02,1284.22,1293.46,1263.78,1265.24,1782700,1254.436,1172.463,1168.673,68.882,31.653,19.899,11.754,1172.463,1293.102,1051.824
2026-02-03,1274.48,1290.54,1264.27,1290.06,1273000,1258.718,1181.49,1171.164,72.108,35.114,22.942,12.172,1181.49,1309.114,1053.866
2026-02-04,1290.54,1330.93,1286.16,1316.34,1517700,1274.778,1190.906,1174.483,75.057,39.522,26.258,13.264,1190.906,1329.257,1052.556
2026-02-05,1344.07,1345.05,1315.36,1330.45,1410700,1292.492,1201.929,1177.481,76.494,43.651,29.737,13.914,1201.929,1348.048,1055.81
2026-02-06,1313.9,1463.3,1291.03,1386.9,5002400,1317.798,1215.774,1181.413,81.168,50.891,33.967,16.924,1215.774,1376.918,1054.63
2026-02-09,1401.01,1484.22,1396.63,1467.68,3423600,1358.286,1234.388,1186.815,85.585,62.428,39.66,22.768,1234.388,1420.983,1047.792
2026-02-10,1444.81,1472.06,1435.56,1458.43,2141600,1391.96,1251.76,1191.525,83.179,70.017,45.731,24.286,1251.76,1454.018,1049.502
2026-02-12,1479.36,1519.75,1465.24,1502.23,1886800,1429.138,1270.812,1197.511,85.288,78.659,52.317,26.343,1270.812,1492.168,1049.455
2026-02-13,1506.61,1510.01,1481.79,1496.88,1731800,1462.424,1289.45,1203.399,83.905,84.107,58.675,25.432,1289.45,1521.323,1057.576
2026-02-16,1504.17,1506.61,1473.03,1473.03,1201100,1479.65,1306.798,1209.365,77.841,85.514,64.043,21.472,1306.798,1539.119,1074.477
2026-02-17,1478.87,1485.2,1471.57,1476.92,709800,1481.498,1323.027,1215.292,78.119,85.953,68.425,17.528,1323.027,1555.265,1090.789
2026-02-18,1469.62,1485.68,1459.89,1459.89,962600,1481.79,1336.117,1220.811,73.76,83.958,71.531,12.427,1336.117,1568.216,1104.019
2026-02-19,1447.24,1478.87,1431.67,1476.92,1321400,1476.728,1350.206,1227.01,75.247,82.797,73.784,9.012,1350.206,1580.477,1119.934
2026-02-20,1464.27,1464.27,1425.83,1432.15,1362500,1463.782,1362.59,1232.363,64.842,77.372,74.502,2.87,1362.59,1581.7,1143.48
2026-02-24,1448.21,1473.52,1433.61,1460.86,1136400,1461.348,1375.778,1238.027,67.907,74.531,74.508,0.023,1375.778,1584.452,1167.103
2026-02-25,1464.76,1470.6,1449.19,1464.27,870700,1458.818,1388.26,1244.139,68.261,71.727,73.952,-2.224,1388.26,1585.922,1190.597
2026-02-26,1471.57,1487.63,1465.73,1466.22,1017800,1460.084,1398.138,1249.998,68.475,68.869,72.935,-4.066,1398.138,1590.303,1205.973
2026-02-27,1469.62,1511.47,1469.62,1507.58,1355000,1466.216,1411.715,1256.597,72.684,69.144,72.177,-3.033,1411.715,1593.762,1229.668
2026-03-02,1486.66,1528.02,1474.98,1518.29,1464400,1483.444,1425.536,1263.565,73.664,69.426,71.627,-2.201,1425.536,1594.815,1256.256
2026-03-03,1493.96,1495.42,1440.91,1446.75,1890800,1480.622,1434.854,1268.607,58.547,63.149,69.931,-6.782,1434.854,1585.326,1284.383
2026-03-04,1399.55,1411.71,1364.51,1392.25,1466900,1466.218,1441.205,1272.519,50.11,53.163,66.577,-13.414,1441.205,1570.81,1311.6
2026-03-05,1421.45,1437.99,1397.6,1406.85,1326000,1454.344,1447.044,1278.096,52.101,45.899,62.442,-16.543,1447.044,1557.012,1337.077
2026-03-06,1377.65,1398.58,1363.05,1391.28,1206200,1431.084,1450.792,1282.564,49.818,38.442,57.642,-19.2,1450.792,1546.142,1355.441
2026-03-09,1326.07,1352.83,1313.42,1343.1,2003900,1396.046,1451.424,1286.486,43.469,28.319,51.777,-23.458,1451.424,1543.526,1359.322
2026-03-10,1372.3,1381.06,1354.29,1364.51,1283000,1379.598,1450.304,1291.177,46.718,21.772,45.776,-24.004,1450.304,1546.176,1354.433
2026-03-11,1382.03,1388.36,1356.73,1361.11,959700,1373.37,1444.976,1295.625,46.263,16.124,39.846,-23.722,1444.976,1548.335,1341.617
2026-03-12,1343.1,1347.97,1306.12,1313.9,1216400,1354.78,1437.75,1299.012,40.384,7.749,33.426,-25.677,1437.75,1556.249,1319.25
2026-03-13,1298.33,1322.17,1294.44,1317.8,1554300,1340.084,1428.528,1302.72,41.051,1.41,27.023,-25.613,1428.528,1554.377,1302.679
2026-03-16,1333.37,1350.4,1327.53,1346.51,1808300,1340.766,1421.01,1307.08,45.85,-1.282,21.362,-22.644,1421.01,1547.629,1294.39
2026-03-17,1342.61,1362.08,1342.13,1342.13,717100,1336.29,1414.464,1311.479,45.245,-3.726,16.345,-20.071,1414.464,1543.276,1285.653
2026-03-18,1352.83,1371.81,1345.53,1371.81,856000,1338.43,1409.209,1316.647,50.055,-3.231,12.429,-15.66,1409.209,1535.85,1282.568
2026-03-19,1349.91,1357.21,1331.91,1335.31,1387600,1342.712,1402.98,1321.163,44.838,-5.718,8.8,-14.518,1402.98,1531.368,1274.592
2026-03-23,1311.47,1314.88,1282.27,1291.03,1370100,1337.358,1393.686,1324.423,39.464,-11.133,4.813,-15.947,1393.686,1526.378,1260.993
2026-03-24,1318.28,1326.07,1308.06,1323.15,756600,1332.686,1388.236,1328.686,44.647,-12.687,1.313,-14.0,1388.236,1523.21,1253.261
2026-03-25,1350.4,1351.37,1333.85,1333.85,1044800,1331.03,1381.885,1333.163,46.296,-12.906,-1.531,-11.376,1381.885,1514.401,1249.369
2026-03-26,1342.13,1344.07,1329.47,1344.07,967300,1325.482,1375.875,1338.137,47.893,-12.116,-3.648,-8.468,1375.875,1503.471,1248.279
2026-03-27,1340.67,1357.21,1335.31,1347.48,1546400,1327.916,1369.938,1342.867,48.444,-11.086,-5.135,-5.951,1369.938,1490.701,1249.175
2026-03-30,1288.31,1324.31,1279.44,1322.83,1499300,1334.276,1360.7,1346.899,44.76,-12.119,-6.532,-5.587,1360.7,1464.156,1257.245
2026-03-31,1312.47,1333.67,1306.56,1324.8,1364000,1334.606,1351.026,1350.913,45.119,-12.634,-7.752,-4.881,1351.026,1424.183,1277.869
2026-04-01,1350.93,1380.02,1338.11,1380.02,1130400,1343.84,1347.69,1355.992,54.124,-8.488,-7.9,-0.588,1347.69,1407.296,1288.083
2026-04-02,1374.6,1377.06,1337.13,1340.58,1083500,1343.142,1345.106,1359.757,48.059,-8.289,-7.977,-0.312,1345.106,1400.94,1289.272
2026-04-03,1348.96,1349.45,1334.17,1346.0,600300,1342.846,1342.064,1362.715,48.906,-7.607,-7.903,0.297,1342.064,1389.772,1294.355
2026-04-06,1341.56,1355.86,1339.1,1342.55,586800,1346.79,1339.627,1365.663,48.365,-7.26,-7.775,0.514,1339.627,1381.355,1297.899
2026-04-07,1350.93,1359.31,1330.22,1341.56,1152000,1350.142,1339.55,1368.805,48.201,-6.985,-7.617,0.632,1339.55,1381.256,1297.844
2026-04-08,1365.23,1369.67,1353.4,1359.81,1049500,1346.1,1339.315,1372.059,51.481,-5.234,-7.14,1.906,1339.315,1380.479,1298.151
2026-04-09,1365.72,1376.08,1356.85,1357.83,979600,1349.55,1339.151,1374.923,51.103,-3.961,-6.504,2.544,1339.151,1379.974,1298.328
2026-04-10,1357.34,1357.83,1316.42,1321.35,1363100,1344.62,1339.523,1375.977,44.602,-5.828,-6.369,0.541,1339.523,1379.503,1299.544
2026-04-13,1314.94,1330.22,1308.04,1317.4,1012600,1339.59,1339.504,1377.604,43.95,-7.54,-6.603,-0.936,1339.504,1379.529,1299.478
2026-04-14,1311.49,1322.33,1294.23,1297.68,1278400,1330.814,1337.062,1378.72,40.748,-10.368,-7.356,-3.012,1337.062,1381.049,1293.075
2026-04-15,1312.47,1336.63,1309.52,1334.66,1191100,1325.784,1336.688,1380.206,48.348,-9.515,-7.788,-1.727,1336.688,1380.622,1292.755
2026-04-16,1328.25,1332.2,1302.12,1310.5,1332900,1316.318,1333.623,1381.111,44.346,-10.667,-8.364,-2.303,1333.623,1375.757,1291.489
2026-04-17,1313.95,1318.39,1297.68,1297.68,1167300,1311.584,1331.742,1381.264,42.343,-12.469,-9.185,-3.285,1331.742,1376.816,1286.667
2026-04-20,1297.68,1303.6,1266.13,1275.99,1414100,1303.302,1330.99,1380.457,39.123,-15.47,-10.442,-5.028,1330.99,1379.309,1282.67
2026-04-21,1268.1,1275.99,1249.86,1259.23,1668800,1295.612,1327.794,1379.032,36.795,-18.982,-12.15,-6.832,1327.794,1385.784,1269.803
2026-04-22,1245.42,1246.41,1214.36,1218.3,2334800,1272.34,1322.016,1375.66,31.816,-24.782,-14.676,-10.106,1322.016,1397.77,1246.262
2026-04-23,1212.88,1220.28,1204.99,1220.28,1568000,1254.296,1315.826,1370.712,32.293,-28.886,-17.518,-11.368,1315.826,1403.313,1228.34
2026-04-24,1220.28,1222.25,1203.51,1211.89,1295300,1237.138,1309.047,1365.781,31.293,-32.441,-20.503,-11.938,1309.047,1406.637,1211.457
2026-04-27,1196.61,1210.91,1186.75,1197.1,1279900,1221.36,1302.76,1359.679,29.556,-36.037,-23.61,-12.427,1302.76,1412.102,1193.419
2026-04-28,1201.05,1219.29,1194.64,1219.29,1236700,1213.372,1297.485,1354.127,35.354,-36.673,-26.222,-10.451,1297.485,1412.389,1182.581
2026-04-30,1208.94,1217.32,1184.28,1206.47,2148800,1211.006,1288.808,1348.796,33.632,-37.776,-28.533,-9.243,1288.808,1403.68,1173.935
2026-05-01,1203.51,1206.96,1179.85,1190.69,1234900,1205.088,1281.313,1343.071,31.592,-39.469,-30.72,-8.749,1281.313,1401.404,1161.222
2026-05-07,1178.37,1203.51,1177.38,1196.12,1612300,1201.934,1273.819,1337.796,33.096,-39.912,-32.559,-7.354,1273.819,1395.607,1152.031
2026-05-08,1197.1,1198.58,1172.45,1187.24,1642200,1199.962,1266.054,1332.002,31.862,-40.513,-34.15,-6.364,1266.054,1389.188,1142.919
2026-05-11,1183.3,1204.99,1176.39,1187.24,1459700,1193.552,1258.338,1327.104,31.862,-40.522,-35.424,-5.098,1258.338,1380.889,1135.786
2026-05-12,1180.34,1198.58,1172.94,1172.94,1169400,1186.846,1248.994,1321.346,29.789,-41.208,-36.581,-4.627,1248.994,1367.395,1130.593
2026-05-13,1161.6,1185.27,1153.71,1169.0,1703000,1182.508,1239.552,1315.44,29.224,-41.59,-37.583,-4.008,1239.552,1351.342,1127.763
2026-05-14,1168.01,1299.65,1153.71,1297.19,4994000,1202.722,1238.344,1312.06,57.462,-31.19,-36.304,5.114,1238.344,1346.887,1129.802
2026-05-15,1267.61,1313.95,1240.98,1297.19,3603400,1224.712,1237.334,1307.852,57.462,-22.686,-33.581,10.895,1237.334,1343.119,1131.549
2026-05-18,1308.53,1315.92,1290.29,1297.19,2001600,1246.702,1237.309,1303.43,57.462,-15.765,-30.017,14.253,1237.309,1343.036,1131.583
2026-05-19,1314.94,1348.96,1306.56,1343.04,2421800,1280.722,1237.728,1301.356,63.897,-6.505,-25.315,18.81,1237.728,1345.132,1130.325
2026-05-20,1347.48,1349.94,1292.26,1302.61,1427700,1307.444,1237.334,1299.563,55.871,-2.401,-20.732,18.331,1237.334,1343.665,1131.003
2026-05-21,1311.49,1326.28,1297.68,1317.4,1499500,1311.486,1238.32,1297.774,57.952,2.021,-16.181,18.203,1238.32,1347.339,1129.301
2026-05-22,1303.11,1306.56,1258.73,1280.43,1448900,1308.134,1238.542,1295.557,51.425,2.514,-12.442,14.956,1238.542,1347.902,1129.182
2026-05-25,1302.12,1326.77,1295.71,1312.97,1833000,1311.29,1241.229,1294.954,56.11,5.467,-8.86,14.328,1241.229,1355.269,1127.189
2026-05-26,1312.97,1327.26,1293.25,1293.74,989600,1301.43,1245.001,1293.539,52.865,6.184,-5.852,12.036,1245.001,1360.825,1129.177
2026-05-27,1338.6,1339.1,1315.43,1319.87,1567600,1304.882,1249.981,1292.714,56.543,8.76,-2.929,11.69,1249.981,1369.823,1130.138
2026-05-28,1321.35,1344.52,1298.67,1304.09,1338600,1302.22,1254.59,1292.518,53.812,9.42,-0.459,9.879,1254.59,1375.353,1133.828
2026-05-29,1289.3,1330.22,1289.3,1307.05,1492600,1307.544,1260.088,1292.303,54.258,10.066,1.646,8.42,1260.088,1379.837,1140.339
2026-06-01,1309.52,1319.38,1290.29,1290.29,1287700,1303.008,1263.638,1291.178,51.239,9.12,3.14,5.979,1263.638,1382.501,1144.775
2026-06-02,1279.44,1281.91,1246.41,1249.86,1827500,1294.232,1265.808,1289.333,44.768,5.049,3.522,1.527,1265.808,1381.827,1149.788
2026-06-03,1242.95,1264.65,1239.01,1248.87,1346300,1280.032,1268.716,1286.874,44.62,1.724,3.163,-1.439,1268.716,1379.61,1157.823
2026-06-04,1242.46,1252.32,1229.64,1234.57,879500,1266.128,1270.639,1284.859,42.429,-2.042,2.122,-4.164,1270.639,1377.493,1163.785
2026-06-05,1240.0,1256.76,1234.08,1239.5,984200,1252.618,1273.252,1283.829,43.46,-4.576,0.782,-5.358,1273.252,1373.894,1172.61
2026-06-08,1248.38,1252.32,1231.62,1251.34,1344600,1244.828,1276.457,1282.393,45.962,-5.564,-0.487,-5.077,1276.457,1369.351,1183.563
2026-06-09,1254.29,1282.4,1251.83,1265.14,1503900,1247.884,1281.067,1281.018,48.805,-5.174,-1.424,-3.75,1281.067,1360.507,1201.627
2026-06-10,1266.62,1274.51,1248.38,1267.11,1194800,1251.532,1285.972,1279.479,49.216,-4.653,-2.07,-2.583,1285.972,1346.026,1225.919
2026-06-11,1302.12,1307.54,1247.39,1255.77,1403200,1255.772,1283.902,1277.645,46.884,-5.096,-2.675,-2.421,1283.902,1345.171,1222.632
2026-06-12,1281.41,1289.79,1253.8,1262.68,1646700,1260.408,1282.176,1276.442,48.486,-4.834,-3.107,-1.727,1282.176,1343.812,1220.54
2026-06-15,1274.02,1283.38,1262.68,1263.17,960800,1262.774,1280.475,1275.209,48.604,-4.534,-3.392,-1.142,1280.475,1342.244,1218.706
2026-06-16,1263.66,1264.16,1242.96,1259.72,1173500,1261.69,1276.309,1272.803,47.772,-4.523,-3.619,-0.904,1276.309,1331.163,1221.455
2026-06-17,1266.13,1286.34,1243.45,1244.43,1071200,1257.154,1273.4,1270.88,44.162,-5.682,-4.031,-1.651,1273.4,1328.551,1218.249
2026-06-18,1241.48,1251.34,1234.08,1240.49,1024700,1254.098,1269.554,1268.77,43.255,-6.84,-4.593,-2.247,1269.554,1322.468,1216.641
2026-06-19,1242.46,1247.39,1218.8,1232.11,1701500,1247.984,1267.138,1266.561,41.312,-8.338,-5.342,-2.996,1267.138,1322.325,1211.952
2026-06-22,1224.71,1250.84,1218.3,1242.95,1126000,1243.94,1263.638,1264.589,44.768,-8.552,-5.984,-2.568,1263.638,1315.357,1211.918
2026-06-23,1252.82,1269.09,1248.38,1264.16,1959700,1244.828,1262.158,1262.676,50.867,-6.93,-6.173,-0.757,1262.158,1311.908,1212.409
2026-06-24,1234.57,1256.27,1231.62,1243.45,1284900,1244.632,1258.338,1260.389,45.575,-7.232,-6.385,-0.847,1258.338,1300.599,1216.076
2026-06-25,1258.73,1266.13,1249.86,1253.8,901000,1247.294,1255.823,1259.038,48.461,-6.561,-6.42,-0.141,1255.823,1292.196,1219.45
2026-06-26,1259.72,1269.58,1248.87,1269.09,979600,1254.69,1253.925,1258.071,52.47,-4.74,-6.084,1.344,1253.925,1282.075,1225.775
2026-06-29,1273.03,1290.78,1254.29,1288.81,1720900,1263.862,1253.851,1257.894,57.105,-1.687,-5.205,3.518,1253.851,1281.604,1226.098
2026-06-30,1291.77,1301.13,1262.68,1266.13,1285000,1264.256,1254.664,1256.523,50.951,-1.085,-4.381,3.296,1254.664,1282.875,1226.454
2026-07-01,1259.72,1263.66,1216.33,1227.67,1528200,1261.1,1253.604,1254.867,42.573,-3.669,-4.238,0.57,1253.604,1284.222,1222.987
2026-07-02,1252.32,1285.36,1243.45,1262.18,1627000,1262.776,1254.985,1254.157,50.447,-2.898,-3.97,1.072,1254.985,1284.457,1225.513
2026-07-03,1291.77,1292.26,1264.16,1275.5,1584400,1264.058,1256.785,1254.147,53.119,-1.199,-3.416,2.217,1256.785,1286.67,1226.9
2026-07-06,1281.91,1299.16,1274.51,1285.85,1082200,1263.466,1258.51,1254.679,55.143,0.971,-2.539,3.51,1258.51,1290.947,1226.074
2026-07-07,1281.91,1287.33,1271.06,1285.36,822700,1267.312,1259.522,1256.021,55.021,2.622,-1.507,4.128,1259.522,1294.023,1225.02
2026-07-08,1297.68,1303.6,1282.4,1286.84,1162300,1279.146,1260.508,1257.352,55.34,4.003,-0.405,4.408,1260.508,1296.994,1224.022
2026-07-09,1281.91,1281.91,1257.25,1262.68,1027500,1279.246,1260.854,1258.368,49.205,3.112,0.299,2.814,1260.854,1297.282,1224.425
2026-07-10,1256.27,1256.27,1229.15,1244.93,1782500,1273.132,1259.966,1259.324,45.237,0.963,0.432,0.531,1259.966,1297.066,1222.866
2026-07-13,1266.13,1266.13,1227.67,1233.09,1060000,1262.58,1258.462,1259.6,42.759,-1.676,0.01,-1.686,1258.462,1297.408,1219.516
2026-07-14,1231.62,1256.76,1221.75,1240.98,1452200,1253.704,1257.525,1260.29,44.924,-3.096,-0.611,-2.485,1257.525,1297.237,1217.813
2026-07-15,1252.32,1252.32,1217.32,1224.71,1630500,1241.278,1256.539,1260.971,41.444,-5.471,-1.583,-3.887,1256.539,1298.534,1214.544
2026-07-16,1223.73,1240.49,1215.84,1226.68,1153200,1234.078,1255.848,1261.582,42.029,-7.112,-2.689,-4.423,1255.848,1299.381,1212.316
2026-07-17,1232.11,1260.21,1230.14,1254.79,2238600,1236.05,1256.982,1262.933,49.751,-6.074,-3.366,-2.708,1256.982,1299.069,1214.896
2026-07-21,1261.2,1265.14,1238.02,1248.38,1493100,1239.108,1257.254,1264.156,48.175,-5.703,-3.833,-1.87,1257.254,1299.028,1215.48
2026-07-22,1238.52,1264.65,1236.05,1264.65,1882800,1243.842,1257.278,1265.99,52.305,-4.049,-3.876,-0.173,1257.278,1299.07,1215.487
2026-07-23,1242.46,1262.18,1233.09,1244.93,1679000,1247.886,1257.352,1267.509,47.377,-4.281,-3.957,-0.324,1257.352,1299.046,1215.659
2026-07-24,1236.05,1253.31,1230.63,1249.86,969800,1252.522,1257.156,1266.562,48.679,-4.02,-3.97,-0.05,1257.156,1298.957,1215.354
2026-07-27,1256.27,1276.97,1253.31,1274.51,1676400,1256.466,1257.426,1266.108,54.711,-1.804,-3.537,1.733,1257.426,1299.622,1215.231
2026-07-28,1281.91,1288.81,1262.18,1286.34,1651100,1264.058,1257.303,1265.891,57.305,0.897,-2.65,3.547,1257.303,1299.124,1215.482
2026-07-29,1296.7,1327.26,1284.37,1321.84,2286500,1275.496,1260.088,1265.467,63.973,5.835,-0.953,6.788,1260.088,1310.851,1209.326
2026-07-30,1322.83,1323.32,1270.07,1277.47,1539300,1282.004,1262.578,1264.965,52.861,6.097,0.457,5.64,1262.578,1311.497,1213.66
2026-07-31,1247.89,1271.06,1241.48,1244.43,2197600,1280.918,1261.691,1263.505,46.398,3.598,1.085,2.513,1261.691,1311.28,1212.102
2026-08-03,1251.83,1255.28,1211.4,1231.12,1283000,1272.24,1259.472,1262.519,44.061,0.537,0.976,-0.439,1259.472,1310.412,1208.532
2026-08-04,1222.74,1231.12,1205.48,1206.47,1188900,1256.266,1255.503,1260.389,40.039,-3.834,0.014,-3.848,1255.503,1310.033,1200.973
2026-08-05,1201.05,1209.43,1189.21,1196.61,1960500,1231.22,1251.066,1258.446,38.524,-8.001,-1.589,-6.412,1251.066,1309.658,1192.473
2026-08-06,1209.92,1258.24,1191.19,1245.42,3560000,1224.81,1248.994,1256.957,48.843,-7.281,-2.728,-4.553,1248.994,1305.14,1192.849
2026-08-07,1240.98,1251.83,1221.75,1230.14,1519200,1221.952,1247.367,1255.478,46.227,-7.853,-3.753,-4.1,1247.367,1303.729,1191.006
2026-08-10,1238.52,1243.94,1217.32,1233.09,1536900,1222.346,1246.776,1253.999,46.819,-7.976,-4.597,-3.379,1246.776,1303.492,1190.059
2026-08-12,1233.09,1247.89,1228.66,1240.49,1263200,1229.15,1247.146,1253.003,48.355,-7.392,-5.156,-2.235,1247.146,1303.582,1190.709
2026-08-13,1245.42,1251.83,1231.12,1246.9,1524000,1239.208,1247.442,1252.944,49.711,-6.338,-5.393,-0.945,1247.442,1303.804,1191.079
2026-08-14,1270.57,1297.68,1252.82,1291.77,2011000,1248.478,1250.794,1253.802,58.017,-1.861,-4.686,2.825,1250.794,1309.398,1192.191
2026-08-17,1299.16,1302.12,1269.58,1274.02,1227000,1257.254,1253.162,1254.591,54.203,0.252,-3.699,3.951,1253.162,1311.487,1194.836
2026-08-18,1265.14,1277.96,1255.28,1277.96,1222100,1266.228,1254.32,1255.36,54.911,2.219,-2.515,4.734,1254.32,1313.693,1194.947
2026-08-19,1291.27,1294.72,1257.25,1267.11,1127000,1271.552,1255.256,1255.676,52.502,2.869,-1.438,4.307,1255.256,1314.825,1195.688
2026-08-20,1282.4,1288.81,1272.04,1283.88,1393400,1278.948,1256.218,1256.05,55.735,4.684,-0.214,4.897,1256.218,1317.033,1195.403
2026-08-21,1276.97,1286.84,1270.57,1286.84,895300,1277.962,1258.314,1256.445,56.3,6.288,1.087,5.201,1258.314,1320.366,1196.261
2026-08-24,1286.84,1291.27,1267.61,1273.52,1021600,1277.862,1259.496,1256.8,53.019,6.411,2.151,4.259,1259.496,1321.772,1197.221
2026-08-25,1281.91,1289.3,1274.02,1277.96,1019500,1277.862,1259.669,1257.106,53.982,6.788,3.079,3.709,1259.669,1322.139,1197.199
2026-08-26,1281.41,1288.81,1276.97,1278.95,965600,1280.23,1259.3,1257.421,54.207,7.085,3.88,3.205,1259.3,1321.19,1197.409
2026-08-27,1276.97,1297.68,1272.54,1276.97,1314000,1278.848,1257.056,1257.766,53.641,7.079,4.52,2.56,1257.056,1312.297,1201.815
2026-08-28,1268.1,1278.45,1259.72,1260.21,1752500,1273.522,1256.193,1258.082,48.981,5.657,4.747,0.91,1256.193,1310.624,1201.762
2026-08-31,1253.31,1263.17,1247.39,1257.75,1607700,1270.368,1256.859,1258.427,48.318,4.282,4.654,-0.372,1256.859,1311.009,1202.709
2026-09-01,1252.82,1270.57,1252.82,1264.65,1163100,1267.706,1258.536,1259.078,50.349,3.707,4.465,-0.758,1258.536,1311.391,1205.68
2026-09-02,1255.77,1271.06,1252.32,1271.06,1705300,1266.128,1261.765,1259.64,52.228,3.725,4.317,-0.592,1261.765,1308.799,1214.731
2026-09-03,1271.06,1276.48,1246.41,1266.13,2171100,1263.96,1265.241,1259.679,50.641,3.303,4.114,-0.811,1265.241,1300.9,1229.582
2026-09-04,1259.23,1260.7,1212.39,1212.39,2855800,1254.396,1263.59,1259.058,37.326,-1.352,3.021,-4.373,1263.59,1305.606,1221.573
2026-09-07,1204.99,1213.37,1191.68,1191.68,2587600,1241.182,1261.666,1257.816,33.654,-6.635,1.09,-7.725,1261.666,1312.685,1210.648
2026-09-08,1195.13,1198.58,1181.32,1186.26,1733200,1225.504,1259.325,1256.159,32.746,-11.132,-1.355,-9.777,1259.325,1319.367,1199.283
2026-09-09,1173.44,1182.8,1164.56,1169.0,2002900,1205.092,1255.75,1253.763,29.972,-15.905,-4.265,-11.64,1255.75,1327.821,1183.68
2026-09-10,1164.56,1167.52,1157.66,1165.55,1518800,1184.976,1251.683,1251.751,29.436,-19.738,-7.359,-12.379,1251.683,1334.271,1169.095
2026-09-11,1148.29,1156.67,1142.37,1153.71,1775500,1173.24,1244.78,1250.272,27.609,-23.461,-10.58,-12.881,1244.78,1335.899,1153.661
2026-09-14,1163.58,1190.2,1158.64,1187.73,1918800,1172.45,1240.466,1248.783,39.272,-23.396,-13.143,-10.253,1240.466,1333.897,1147.034
2026-09-15,1193.16,1195.13,1169.0,1172.94,1008000,1169.786,1235.214,1246.732,36.517,-24.259,-15.366,-8.893,1235.214,1331.534,1138.895
2026-09-16,1174.42,1183.79,1169.98,1169.98,1311200,1169.982,1230.358,1244.415,35.973,-24.895,-17.272,-7.623,1230.358,1329.655,1131.061
2026-09-17,1173.44,1188.23,1173.44,1188.23,1379100,1174.518,1225.576,1242.472,41.735,-23.653,-18.548,-5.105,1225.576,1323.218,1127.933
2026-09-18,1168.51,1173.93,1145.33,1146.81,3429000,1173.138,1218.574,1239.671,34.211,-25.715,-19.981,-5.734,1218.574,1317.789,1119.359
2026-09-24,1144.35,1150.26,1134.49,1140.4,2123300,1163.672,1211.918,1237.226,33.213,-27.549,-21.495,-6.054,1211.918,1313.446,1110.39
2026-09-25,1143.85,1146.81,1133.5,1141.88,1820600,1157.46,1205.114,1235.165,33.694,-28.553,-22.907,-5.647,1205.114,1306.245,1103.983
2026-09-28,1149.28,1149.28,1133.01,1133.5,1814700,1150.164,1197.842,1233.173,32.276,-29.684,-24.262,-5.422,1197.842,1297.525,1098.158
2026-09-29,1135.0,1140.0,1114.0,1121.0,572300,1136.718,1190.043,1230.773,30.234,-31.228,-25.655,-5.573,1190.043,1288.052,1092.034
