Date,Open,High,Low,Close,Volume,SMA5,SMA20,SMA50,RSI,MACD,MACD_signal,MACD_hist,BB_mid,BB_upper,BB_lower
2021-09-06,631.21,632.02,616.6,619.04,9382500,,,,,0.0,0.0,0.0,,,
2021-09-07,621.47,629.58,619.04,627.15,7919800,,,,,0.647,0.129,0.518,,,
2021-09-08,630.4,636.07,627.96,635.26,7886300,,,,,1.793,0.462,1.331,,,
2021-09-09,636.07,636.89,628.77,634.45,6948200,,,,,2.607,0.891,1.715,,,
2021-09-10,631.21,640.13,630.4,636.07,8844500,630.394,,,,3.343,1.381,1.962,,,
2021-09-13,631.21,644.19,631.21,641.75,8822500,634.936,,,,4.335,1.972,2.363,,,
2021-09-14,649.06,654.74,638.51,638.51,19812600,637.208,,,,4.805,2.539,2.266,,,
2021-09-15,629.58,631.21,622.28,627.96,15368900,635.748,,,,4.276,2.886,1.39,,,
2021-09-16,643.38,651.49,631.21,640.13,18291000,636.884,,,,4.784,3.266,1.518,,,
2021-09-17,636.07,642.57,627.15,641.75,17387400,638.02,,,,5.257,3.664,1.593,,,
2021-09-21,625.53,640.94,625.53,639.32,9015400,637.534,,,,5.373,4.006,1.368,,,
2021-09-22,636.89,644.19,635.26,641.75,7117400,638.182,,,,5.597,4.324,1.273,,,
2021-09-24,658.79,666.9,654.74,663.66,14722100,645.322,,,,7.457,4.951,2.506,,,
2021-09-27,679.89,697.73,677.45,695.3,19487200,656.356,,,,11.353,6.231,5.122,,,
2021-09-28,717.21,728.57,706.66,724.51,27365500,672.908,,,90.583,16.606,8.306,8.3,,,
2021-09-29,714.77,730.19,711.53,719.64,17333700,688.972,,,86.414,20.144,10.674,9.47,,,
2021-09-30,729.38,730.19,705.04,710.72,16971600,702.766,,,79.221,21.975,12.934,9.041,,,
2021-10-01,707.47,724.51,707.47,716.4,15200000,713.314,,,80.343,23.612,15.069,8.542,,,
2021-10-04,735.87,760.21,723.7,724.51,21913600,719.156,,,81.85,25.272,17.11,8.162,,,
2021-10-05,760.21,769.94,749.66,765.07,26517900,727.268,667.148,,87.154,29.521,19.592,9.928,667.148,755.185,579.11
2021-10-06,797.53,797.53,776.43,791.85,27168300,741.71,675.788,,89.364,34.649,22.603,12.046,675.788,776.896,574.68
2021-10-07,750.47,751.28,713.15,726.13,35292500,744.792,680.737,,61.432,33.03,24.689,8.341,680.737,781.51,579.964
2021-10-08,740.73,761.83,739.11,757.77,24105400,753.066,686.862,,66.811,33.908,26.533,7.376,686.862,790.839,582.886
2021-10-11,778.87,789.41,766.7,782.92,20501200,764.748,694.286,,70.35,36.217,28.469,7.747,694.286,803.571,585.001
2021-10-12,785.36,804.02,782.92,796.72,19557300,771.078,702.319,,72.108,38.713,30.518,8.195,702.319,817.067,587.57
2021-10-13,789.41,796.72,779.68,794.28,14304600,771.564,709.945,,71.303,40.034,32.421,7.612,709.945,827.972,591.918
2021-10-14,786.98,790.23,774.0,775.62,15668200,781.462,716.8,,65.3,39.123,33.762,5.362,716.8,833.274,600.327
2021-10-15,778.87,783.73,773.19,781.3,12896300,786.168,724.468,,66.232,38.417,34.693,3.724,724.468,836.418,612.517
2021-10-18,803.21,825.92,801.58,819.43,20159300,793.47,733.432,,71.722,40.468,35.848,4.62,733.432,845.662,621.203
2021-10-19,806.45,808.07,784.55,787.79,17265200,791.684,740.734,,62.623,39.09,36.496,2.593,740.734,846.675,634.794
2021-10-20,795.9,799.96,784.55,786.17,14100600,790.062,748.077,,62.188,37.435,36.684,0.751,748.077,844.336,651.818
2021-10-21,796.72,805.64,781.3,781.3,11943800,791.198,755.054,,60.821,35.323,36.412,-1.088,755.054,838.2,671.909
2021-10-22,766.7,778.06,763.45,771.57,9268700,789.252,760.45,,58.072,32.49,35.628,-3.137,760.45,831.79,689.11
2021-10-25,779.68,793.47,775.62,791.85,9873400,783.736,765.277,,61.933,31.518,34.806,-3.287,765.277,830.892,699.663
2021-10-26,796.72,812.13,792.66,800.77,12777700,786.332,769.09,,63.524,31.109,34.066,-2.957,769.09,833.584,704.597
2021-10-27,801.58,804.83,795.09,800.77,7901000,789.252,773.147,,63.524,30.434,33.34,-2.906,773.147,834.682,711.612
2021-10-28,778.87,789.41,768.32,769.13,16108100,786.818,776.068,,54.204,27.034,32.079,-5.045,776.068,830.231,721.904
2021-10-29,767.51,777.24,766.7,772.38,9774000,786.98,778.866,,54.936,24.322,30.527,-6.206,778.866,825.278,732.455
2021-11-01,777.24,786.98,771.57,786.17,9902800,785.844,781.95,,58.001,23.019,29.026,-6.006,781.95,820.72,743.179
2021-11-02,791.04,791.85,773.19,778.87,10201200,781.464,782.64,,55.836,21.154,27.451,-6.297,782.64,820.629,744.65
2021-11-04,761.02,778.87,756.96,761.83,13568900,773.676,781.138,,51.046,18.093,25.58,-7.487,781.138,819.959,742.318
2021-11-05,761.02,775.62,757.77,767.51,11386300,773.352,783.208,,52.509,15.941,23.652,-7.711,783.208,813.058,753.357
2021-11-08,781.3,806.45,776.43,786.98,22028700,776.272,784.668,,57.226,15.627,22.047,-6.42,784.668,812.033,757.303
2021-11-09,797.53,799.96,786.17,786.17,12916000,776.272,784.83,,56.972,15.138,20.665,-5.527,784.83,812.19,757.471
2021-11-10,795.9,799.96,784.55,786.17,10052900,777.732,784.303,,56.972,14.582,19.449,-4.866,784.303,811.098,757.508
2021-11-11,774.0,778.06,766.7,772.38,13661000,779.842,783.208,,52.389,12.881,18.135,-5.254,783.208,810.077,756.339
2021-11-12,773.19,790.23,772.38,787.79,8611200,783.898,783.816,,56.591,12.63,17.034,-4.404,783.816,810.512,757.121
2021-11-15,787.79,792.66,780.49,786.98,8747300,783.898,784.1,,56.31,12.225,16.072,-3.847,784.1,810.804,757.397
2021-11-16,792.66,804.83,788.6,799.15,10303800,786.494,783.086,,59.563,12.74,15.406,-2.666,783.086,805.305,760.868
2021-11-17,806.45,825.92,802.4,814.57,17019300,792.174,784.426,736.905,63.292,14.227,15.17,-0.943,784.426,810.696,758.155
2021-11-18,783.73,786.98,753.72,756.96,25240600,789.09,782.965,739.664,46.164,10.635,14.263,-3.628,782.965,811.936,753.994
2021-11-19,762.64,782.92,761.02,781.3,12804100,787.792,782.965,742.747,52.066,9.641,13.339,-3.697,782.965,811.936,753.994
2021-11-22,746.41,752.9,728.57,746.41,20266400,779.678,781.707,744.97,44.53,5.97,11.865,-5.895,781.707,814.671,748.743
2021-11-24,762.64,779.68,761.02,774.81,14233000,774.81,780.855,747.777,50.775,5.29,10.55,-5.26,780.855,813.596,748.114
2021-11-25,771.57,792.66,771.57,790.23,10050700,769.942,780.328,750.86,53.816,5.928,9.626,-3.698,780.328,812.042,748.614
2021-11-26,786.98,791.85,767.51,770.75,12193900,772.7,778.827,753.44,49.644,4.806,8.662,-3.856,778.827,809.284,748.37
2021-11-29,738.3,774.0,737.49,759.4,14976100,768.32,778.34,755.858,47.341,2.967,7.523,-4.556,778.34,809.746,746.935
2021-11-30,767.51,781.3,758.58,760.21,16998800,771.08,777.732,758.503,47.528,1.556,6.329,-4.773,777.732,810.081,745.383
2021-12-01,756.15,766.7,738.3,761.02,11703000,768.322,776.474,760.921,47.728,0.499,5.163,-4.665,776.474,809.393,743.556
2021-12-02,750.47,752.9,733.43,740.73,13816700,758.422,774.568,762.9,43.279,-1.955,3.74,-5.694,774.568,811.12,738.015
2021-12-03,732.62,755.34,731.0,752.09,11451000,754.69,774.08,765.156,46.297,-2.948,2.402,-5.35,774.08,811.594,736.567
2021-12-06,760.21,775.62,760.21,768.32,9554500,756.474,774.121,767.687,50.362,-2.398,1.442,-3.84,774.121,811.607,736.635
2021-12-07,779.68,792.66,778.06,790.23,11021200,762.478,774.284,770.219,55.282,-0.192,1.115,-1.307,774.284,812.031,736.536
2021-12-08,806.45,808.89,795.09,802.4,11721300,770.754,775.095,772.361,57.785,2.509,1.394,1.115,775.095,814.577,735.613
2021-12-09,796.72,807.26,791.85,802.4,7125900,783.088,775.906,773.918,57.785,4.597,2.035,2.562,775.906,816.982,734.831
2021-12-10,803.21,818.62,799.15,799.96,14846300,792.662,777.286,775.525,57.043,5.986,2.825,3.161,777.286,819.692,734.879
2021-12-13,810.51,810.51,799.96,800.77,8796200,799.152,777.935,777.326,57.239,7.07,3.674,3.396,777.935,821.402,734.467
2021-12-14,791.85,799.15,788.6,791.85,8409400,799.476,778.178,778.835,54.295,7.128,4.365,2.763,778.178,821.913,734.443
2021-12-15,798.34,806.45,797.53,800.77,7287300,799.15,778.259,780.36,56.694,7.803,5.052,2.751,778.259,822.163,734.355
2021-12-16,808.07,821.87,808.07,820.24,10983400,802.718,778.542,781.463,61.45,9.796,6.001,3.795,778.542,823.495,733.59
2021-12-17,827.55,832.41,820.24,826.73,11581400,808.072,782.031,782.161,62.912,11.764,7.154,4.611,782.031,830.613,733.449
2021-12-20,811.32,813.75,786.17,787.79,13200800,805.476,782.355,783.394,50.529,10.066,7.736,2.33,782.355,831.004,733.707
2021-12-21,799.15,802.4,791.85,795.09,7457100,806.124,784.79,784.141,52.419,9.203,8.029,1.173,784.79,830.657,738.922
2021-12-22,804.83,810.51,803.21,807.26,7489600,807.422,786.412,784.627,55.475,9.392,8.302,1.09,786.412,833.082,739.742
2021-12-23,818.62,835.66,818.62,827.55,11184300,808.884,788.278,785.244,60.078,11.052,8.852,2.2,788.278,838.444,738.112
2021-12-24,831.6,836.47,818.62,821.87,6404400,807.912,790.834,785.796,58.262,11.774,9.436,2.337,790.834,842.429,739.239
2021-12-27,823.49,824.3,809.7,819.43,5405900,814.24,793.836,786.672,57.458,12.01,9.951,2.059,793.836,844.71,742.961
2021-12-28,822.68,832.41,822.68,827.55,10611900,820.732,797.202,787.597,59.462,12.707,10.502,2.204,797.202,847.618,746.787
2021-12-29,846.73,847.57,830.88,840.06,6620700,827.292,801.154,788.01,62.399,14.105,11.223,2.882,801.154,852.018,750.291
2021-12-30,834.22,840.06,830.88,835.89,5036500,828.96,805.912,788.972,60.817,14.708,11.92,2.788,805.912,850.377,761.448
2022-01-04,848.4,850.07,834.22,835.89,6635600,831.764,810.102,789.966,60.817,15.012,12.538,2.474,810.102,848.606,771.599
2022-01-05,845.06,855.08,842.56,846.73,10428200,837.224,814.023,791.275,63.6,15.944,13.219,2.725,814.023,850.529,777.517
2022-01-06,850.9,853.41,825.04,829.21,12511500,837.556,815.972,792.427,56.604,15.095,13.595,1.5,815.972,851.272,780.672
2022-01-07,840.06,860.08,839.23,860.08,13425000,841.56,818.856,793.792,64.098,16.72,14.22,2.501,818.856,858.628,779.084
2022-01-11,856.74,859.25,840.06,850.07,9143100,844.396,821.24,794.778,60.452,17.005,14.777,2.228,821.24,862.544,779.935
2022-01-12,868.42,909.3,867.59,907.63,19142400,858.744,826.623,796.915,70.753,21.625,16.146,5.479,826.623,881.939,771.307
2022-01-13,924.32,932.66,909.3,918.48,13376500,873.094,832.508,799.902,72.222,25.865,18.09,7.775,832.508,899.96,765.057
2022-01-14,912.64,914.3,897.62,908.47,10351900,888.946,838.34,802.624,68.789,28.093,20.091,8.002,838.34,910.957,765.722
2022-01-17,943.5,951.84,927.65,936.83,12398800,904.296,845.143,805.637,72.742,31.781,22.429,9.352,845.143,927.747,762.538
2022-01-18,956.85,966.86,944.34,952.68,14551000,924.818,851.764,809.113,74.672,35.572,25.057,10.515,851.764,946.331,757.198
2022-01-19,959.35,964.36,939.33,941.83,14095100,931.658,857.52,812.713,70.967,37.272,27.5,9.772,857.52,959.398,755.641
2022-01-20,925.98,935.16,912.64,932.66,11822100,934.494,864.763,816.016,67.901,37.447,29.49,7.958,864.763,966.367,763.159
2022-01-21,875.93,883.44,853.41,876.77,19888000,928.154,868.847,817.812,52.898,32.7,30.132,2.568,868.847,965.084,772.61
2022-01-24,889.28,918.48,886.78,916.81,16043100,924.15,874.324,820.425,59.758,31.801,30.466,1.336,874.324,968.244,780.405
2022-01-25,908.47,921.81,903.46,915.14,12567700,916.642,878.704,823.004,59.369,30.602,30.493,0.109,878.704,971.603,785.805
2022-01-26,941.83,948.51,910.13,910.13,11076600,910.302,883.117,825.759,58.148,28.914,30.177,-1.263,883.117,972.985,793.249
2022-01-27,927.65,941.83,910.13,911.8,13943300,906.13,887.736,828.24,58.455,27.395,29.62,-2.226,887.736,973.209,802.262
2022-01-28,931.82,937.66,917.64,936.83,10993600,918.142,893.2,831.237,62.85,27.889,29.274,-1.385,893.2,976.415,809.984
2022-01-31,942.67,969.36,937.66,963.52,14016200,927.484,899.372,834.524,66.873,30.088,29.437,0.651,899.372,984.29,814.455
2022-02-01,959.35,961.02,926.82,930.16,11927700,930.488,904.086,836.836,58.364,28.806,29.311,-0.504,904.086,984.513,823.659
2022-02-02,929.32,951.01,915.14,949.34,14638500,938.33,909.758,840.683,61.405,29.004,29.25,-0.245,909.758,985.818,833.699
2022-02-03,945.17,958.52,942.67,957.68,7280700,947.506,915.306,844.211,62.681,29.494,29.298,0.196,915.306,988.125,842.487
2022-02-04,980.21,984.38,960.19,969.36,10722200,954.012,922.314,848.67,64.454,30.473,29.533,0.94,922.314,986.738,857.889
2022-02-07,981.04,986.05,974.37,979.37,11755800,957.182,928.278,852.761,65.947,31.692,29.965,1.727,928.278,990.493,866.063
2022-02-08,969.36,981.88,960.19,981.04,7971900,967.358,934.826,856.577,66.202,32.418,30.456,1.963,934.826,989.493,880.16
2022-02-09,951.84,962.69,935.16,956.85,17968800,968.86,937.288,860.299,59.276,30.689,30.502,0.186,937.288,991.226,883.349
2022-02-10,966.03,971.87,951.01,953.51,14086100,968.026,939.039,864.182,58.369,28.717,30.145,-1.428,939.039,992.68,885.398
2022-02-14,987.72,1017.75,986.88,1016.08,25403800,977.37,944.42,869.299,68.196,31.837,30.484,1.353,944.42,1006.131,882.708
2022-02-15,1001.06,1006.07,977.71,982.71,17149600,978.038,946.714,873.733,60.054,31.256,30.638,0.618,946.714,1010.609,882.818
2022-02-16,944.34,949.34,924.32,949.34,21301900,971.698,946.546,877.905,53.212,27.783,30.067,-2.284,946.546,1010.394,882.699
2022-02-17,959.35,988.55,944.34,976.04,19359000,975.536,948.257,882.384,57.395,26.875,29.429,-2.554,948.257,1013.393,883.121
2022-02-18,970.2,971.03,939.33,943.5,13907500,973.534,948.799,885.888,51.368,23.262,28.195,-4.934,948.799,1013.568,884.03
2022-02-21,951.01,961.02,932.66,940.17,8568400,958.352,951.969,888.886,50.78,19.9,26.536,-6.636,951.969,1007.432,896.506
2022-02-22,955.18,962.69,939.33,956.02,11075800,953.014,953.93,891.959,53.506,18.304,24.89,-6.586,953.93,1006.874,900.985
2022-02-24,955.18,1025.26,952.68,1025.26,31552800,968.198,959.435,896.416,63.118,22.368,24.385,-2.017,959.435,1018.001,900.87
2022-02-25,971.03,980.21,945.17,963.52,21476200,965.694,962.105,899.687,52.663,20.372,23.583,-3.21,962.105,1015.878,908.332
2022-02-28,987.72,1008.57,976.04,988.55,20411900,974.704,965.942,903.443,55.856,20.573,22.981,-2.408,965.942,1015.38,916.505
2022-03-01,1017.75,1031.93,1001.06,1019.42,22540600,990.554,970.072,907.994,59.485,22.959,22.976,-0.018,970.072,1022.948,917.196
2022-03-02,1063.63,1112.01,1043.61,1097.83,34172200,1018.916,976.787,913.935,66.923,30.821,24.545,6.276,976.787,1054.461,899.114
2022-03-03,1109.51,1147.05,1108.68,1121.19,35553900,1038.102,986.339,919.954,68.763,38.493,27.335,11.158,986.339,1084.223,888.455
2022-03-04,1104.51,1129.53,1093.66,1115.35,24135500,1068.468,994.64,925.727,67.748,43.6,30.588,13.012,994.64,1106.474,882.805
2022-03-07,1200.44,1201.28,1163.74,1191.27,32930600,1109.012,1006.319,933.796,73.27,53.16,35.102,18.057,1006.319,1146.977,865.661
2022-03-08,1193.77,1198.77,1111.18,1118.69,33794500,1128.866,1013.786,940.268,62.29,54.254,38.933,15.322,1013.786,1161.842,865.729
2022-03-09,1134.54,1152.89,1110.35,1116.19,21006400,1132.538,1020.626,946.447,61.946,54.294,42.005,12.289,1020.626,1174.516,866.737
2022-03-10,1035.27,1122.86,1035.27,1119.52,28524100,1132.204,1027.55,952.286,62.245,53.972,44.398,9.574,1027.55,1186.325,868.776
2022-03-11,1139.54,1164.57,1135.37,1159.57,19834800,1141.048,1037.686,959.04,65.737,56.3,46.779,9.521,1037.686,1203.197,872.176
2022-03-14,1159.57,1170.41,1124.53,1161.23,18516000,1135.04,1048.072,965.876,65.877,57.614,48.946,8.668,1048.072,1217.368,878.777
2022-03-15,1111.18,1119.52,1057.79,1081.98,23768300,1127.698,1051.367,970.965,54.384,51.665,49.49,2.176,1051.367,1220.606,882.129
2022-03-16,1043.61,1081.98,1037.77,1076.14,16427500,1119.688,1056.039,975.687,53.641,45.95,48.782,-2.832,1056.039,1222.432,889.646
2022-03-17,1059.46,1099.5,1057.79,1099.5,14387900,1115.684,1063.547,980.959,56.217,42.812,47.588,-4.776,1063.547,1223.078,904.016
2022-03-18,1108.68,1133.7,1102.0,1102.0,20161700,1104.17,1069.845,986.281,56.495,40.065,46.083,-6.018,1069.845,1224.708,914.982
2022-03-22,1163.74,1214.62,1162.07,1197.11,26264900,1111.346,1082.526,993.289,65.491,45.044,45.875,-0.832,1082.526,1235.347,929.704
2022-03-23,1191.27,1221.3,1181.26,1219.63,16842700,1138.876,1096.499,1001.097,67.22,50.227,46.746,3.481,1096.499,1245.574,947.423
2022-03-24,1251.33,1275.52,1224.63,1243.82,16838100,1172.412,1110.888,1008.772,69.015,55.646,48.526,7.12,1110.888,1258.422,963.355
2022-03-25,1226.3,1258.84,1224.63,1241.32,13038700,1200.776,1121.692,1016.597,68.597,59.057,50.632,8.425,1121.692,1274.377,969.006
2022-03-28,1269.68,1284.7,1243.82,1251.33,16716100,1230.642,1136.082,1023.471,69.396,61.856,52.877,8.979,1136.082,1279.999,992.165
2022-03-29,1217.96,1261.34,1213.79,1259.67,11755000,1243.154,1149.638,1030.295,70.08,64.009,55.103,8.906,1149.638,1285.916,1013.36
2022-03-30,1238.82,1252.16,1207.95,1217.96,21396200,1242.82,1159.565,1036.484,62.555,61.639,56.41,5.228,1159.565,1284.343,1034.787
2022-03-31,1230.47,1232.14,1182.92,1201.28,16916400,1234.312,1164.738,1041.773,59.791,57.749,56.678,1.071,1164.738,1287.297,1042.178
2022-04-01,1188.76,1192.93,1172.08,1183.76,10442100,1222.8,1167.866,1046.395,56.944,52.646,55.872,-3.226,1167.866,1288.93,1046.802
2022-04-04,1191.27,1219.63,1185.43,1217.13,9173400,1215.96,1172.955,1051.901,60.775,50.709,54.839,-4.13,1172.955,1293.279,1052.631
2022-04-05,1241.32,1249.66,1227.14,1241.32,13288400,1212.29,1175.458,1058.074,63.322,50.544,53.98,-3.436,1175.458,1299.412,1051.503
2022-04-06,1226.3,1247.16,1222.13,1227.14,12891200,1214.126,1180.88,1065.082,60.828,48.707,52.926,-4.218,1180.88,1303.863,1057.897
2022-04-07,1205.45,1217.13,1174.58,1197.11,12769000,1213.292,1184.926,1070.688,55.815,44.318,51.204,-6.886,1184.926,1304.217,1065.635
2022-04-08,1200.44,1208.78,1190.43,1206.28,7700300,1217.796,1189.264,1076.51,56.981,41.105,49.184,-8.079,1189.264,1304.791,1073.737
2022-04-11,1226.3,1248.83,1223.8,1227.14,10272500,1219.798,1192.642,1082.851,59.593,39.784,47.304,-7.52,1192.642,1308.465,1076.82
2022-04-12,1207.12,1238.82,1192.93,1207.12,10208200,1212.958,1194.937,1088.757,56.074,36.698,45.183,-8.485,1194.937,1309.955,1079.919
2022-04-13,1242.99,1269.68,1239.65,1265.51,17411200,1220.632,1204.114,1095.331,62.947,38.52,43.85,-5.33,1204.114,1310.118,1098.109
2022-04-14,1280.53,1317.23,1272.19,1313.9,14490500,1243.99,1216.001,1102.338,67.487,43.369,43.754,-0.385,1216.001,1314.65,1117.353
2022-04-15,1327.24,1338.92,1310.56,1316.4,10701800,1266.014,1226.846,1110.063,67.707,46.873,44.378,2.495,1226.846,1319.048,1134.645
2022-04-18,1360.61,1366.45,1327.24,1340.59,11888300,1288.704,1238.776,1117.888,69.835,51.014,45.705,5.309,1238.776,1324.474,1153.078
2022-04-19,1353.94,1398.99,1348.1,1391.48,17723100,1325.576,1248.494,1126.564,73.754,57.736,48.111,9.625,1248.494,1355.686,1141.303
2022-04-20,1359.78,1388.98,1353.1,1377.3,14166300,1347.934,1256.378,1134.723,70.987,61.214,50.732,10.482,1256.378,1376.984,1135.772
2022-04-21,1368.95,1376.46,1336.42,1371.46,12637700,1359.446,1262.76,1142.565,69.825,62.776,53.141,9.635,1262.76,1393.639,1131.881
2022-04-22,1358.11,1359.78,1314.73,1322.24,13548200,1360.614,1266.806,1149.389,60.792,59.357,54.384,4.973,1266.806,1399.879,1133.733
2022-04-25,1268.85,1308.89,1262.17,1267.18,15171900,1345.932,1267.598,1155.595,52.596,51.61,53.829,-2.219,1267.598,1400.472,1134.725
2022-04-26,1247.16,1255.5,1192.93,1222.13,22446500,1312.062,1265.722,1160.968,47.011,41.359,51.335,-9.976,1265.722,1400.119,1131.324
2022-04-27,1234.65,1247.99,1206.28,1228.81,17639800,1282.364,1266.264,1165.222,47.894,33.388,47.746,-14.357,1266.264,1399.935,1132.593
2022-04-28,1236.31,1278.02,1230.47,1278.02,12521400,1263.676,1270.101,1171.128,53.982,30.689,44.334,-13.645,1270.101,1400.278,1139.924
2022-05-02,1276.36,1287.2,1255.5,1271.35,9808000,1253.498,1274.481,1177.569,53.077,27.692,41.006,-13.314,1274.481,1398.158,1150.803
2022-05-06,1333.92,1354.77,1308.06,1333.08,17344900,1266.678,1280.278,1184.709,59.795,29.953,38.795,-8.842,1280.278,1403.506,1157.05
2022-05-09,1343.93,1358.11,1322.24,1333.08,14038100,1288.868,1284.866,1192.501,59.795,31.383,37.313,-5.93,1284.866,1408.817,1160.915
2022-05-10,1269.68,1282.2,1205.45,1227.14,21691500,1288.534,1284.866,1198.24,46.534,23.695,34.589,-10.894,1284.866,1408.817,1160.915
2022-05-11,1197.11,1242.99,1194.6,1232.98,12746000,1279.526,1286.66,1203.78,47.228,17.867,31.245,-13.378,1286.66,1406.225,1167.094
2022-05-12,1259.67,1265.51,1227.97,1229.64,15502500,1271.184,1287.827,1207.867,46.853,12.831,27.562,-14.731,1287.827,1404.508,1171.147
2022-05-13,1238.82,1238.82,1205.45,1222.97,14008100,1249.162,1287.619,1213.056,46.067,8.207,23.691,-15.484,1287.619,1404.77,1170.468
2022-05-16,1242.99,1257.17,1223.8,1227.97,11879900,1228.14,1288.662,1217.845,46.788,4.89,19.931,-15.041,1288.662,1403.137,1174.186
2022-05-17,1264.68,1307.22,1248.83,1297.21,13927800,1242.154,1290.246,1223.4,55.636,7.758,17.496,-9.738,1290.246,1404.249,1176.244
2022-05-18,1305.55,1310.56,1273.85,1288.87,12352000,1253.332,1288.995,1227.221,54.461,9.252,15.848,-6.595,1288.995,1402.453,1175.537
2022-05-19,1231.31,1288.87,1231.31,1280.53,11012500,1263.51,1287.202,1230.408,53.25,9.652,14.608,-4.957,1287.202,1399.967,1174.436
2022-05-20,1283.03,1283.03,1263.01,1273.02,9119300,1273.52,1283.823,1233.561,52.127,9.256,13.538,-4.282,1283.823,1393.87,1173.776
2022-05-23,1261.34,1263.84,1245.49,1259.67,8926900,1279.86,1277.232,1234.929,50.102,7.775,12.385,-4.61,1277.232,1375.264,1179.201
2022-05-24,1268.85,1279.69,1253.83,1261.34,9381400,1272.686,1271.434,1237.782,50.362,6.66,11.24,-4.581,1271.434,1357.538,1185.331
2022-05-25,1268.01,1272.19,1255.5,1267.18,7175300,1268.348,1266.22,1240.802,51.316,6.176,10.227,-4.052,1266.22,1338.309,1194.132
2022-05-26,1278.86,1282.2,1263.01,1268.85,6757200,1266.012,1263.551,1243.789,51.603,5.859,9.354,-3.494,1263.551,1330.689,1196.413
2022-05-27,1292.21,1313.06,1280.53,1307.22,12299900,1272.852,1265.553,1246.742,57.754,8.606,9.204,-0.598,1265.553,1335.477,1195.629
2022-05-30,1329.75,1337.25,1309.73,1318.9,11247600,1284.698,1270.392,1249.895,59.444,11.591,9.681,1.909,1270.392,1341.052,1199.731
2022-05-31,1343.93,1410.67,1339.76,1400.66,33553100,1312.562,1278.984,1256.269,68.84,20.32,11.809,8.511,1278.984,1367.814,1190.154
2022-06-01,1370.62,1375.63,1332.25,1335.59,22004100,1326.244,1281.862,1261.458,57.435,21.736,13.795,7.942,1281.862,1374.222,1189.503
2022-06-02,1332.25,1333.92,1294.71,1307.22,14206500,1333.918,1283.656,1265.612,53.29,20.335,15.103,5.233,1283.656,1376.547,1190.765
2022-06-03,1338.09,1345.6,1320.57,1339.76,14063900,1340.426,1283.99,1270.367,57.113,21.602,16.403,5.199,1283.99,1377.674,1190.306
2022-06-06,1363.95,1378.97,1348.1,1352.27,14947600,1347.1,1284.95,1273.471,58.519,23.346,17.791,5.555,1284.95,1381.111,1188.788
2022-06-07,1358.94,1403.16,1353.94,1393.98,13838500,1345.764,1293.291,1276.958,62.887,27.773,19.788,7.986,1293.291,1396.989,1189.594
2022-06-08,1409.0,1463.22,1401.49,1459.89,19676700,1370.624,1304.637,1281.279,68.527,36.184,23.067,13.117,1304.637,1428.284,1180.99
2022-06-09,1509.94,1527.46,1482.41,1507.44,21529300,1410.668,1318.527,1286.601,71.85,46.154,27.684,18.469,1318.527,1466.685,1170.369
2022-06-10,1494.09,1504.93,1476.57,1488.25,14365000,1440.366,1331.791,1291.34,68.697,51.908,32.529,19.379,1331.791,1491.014,1172.568
2022-06-13,1474.07,1497.42,1450.71,1452.38,15630800,1460.388,1343.012,1295.194,63.122,52.964,36.616,16.348,1343.012,1503.056,1182.967
2022-06-14,1434.86,1444.87,1398.99,1439.03,18131800,1469.398,1350.102,1299.615,61.133,52.122,39.717,12.405,1350.102,1514.12,1186.085
2022-06-15,1415.67,1422.34,1373.96,1386.47,19190700,1454.714,1354.982,1303.319,53.929,46.676,41.109,5.567,1354.982,1517.126,1192.839
2022-06-16,1369.79,1417.34,1365.62,1395.65,13550500,1432.356,1360.738,1307.557,54.928,42.609,41.409,1.2,1360.738,1519.9,1201.577
2022-06-17,1366.45,1378.13,1330.58,1360.61,23768400,1406.828,1365.118,1310.427,50.433,36.143,40.356,-4.213,1365.118,1518.844,1211.392
2022-06-20,1308.06,1316.4,1218.8,1232.14,26997200,1362.78,1363.741,1310.243,38.116,20.416,36.368,-15.952,1363.741,1521.873,1205.61
2022-06-21,1257.17,1302.22,1240.48,1290.54,15442900,1333.082,1365.202,1311.511,44.725,12.52,31.598,-19.078,1365.202,1519.853,1210.55
2022-06-22,1303.05,1304.72,1224.63,1239.65,18835800,1303.718,1363.825,1312.362,40.651,2.132,25.705,-23.573,1363.825,1522.585,1205.065
2022-06-23,1197.11,1227.97,1187.09,1207.12,18315500,1266.012,1360.738,1312.379,38.252,-8.626,18.839,-27.465,1360.738,1529.367,1192.11
2022-06-24,1191.27,1212.12,1185.43,1202.95,13660200,1234.48,1355.525,1311.895,37.943,-17.289,11.613,-28.903,1355.525,1537.073,1173.977
2022-06-27,1232.14,1251.33,1211.29,1247.99,11732500,1237.65,1351.98,1312.712,43.274,-20.287,5.233,-25.52,1351.98,1539.219,1164.74
2022-06-28,1293.04,1310.56,1278.02,1308.89,20126800,1241.32,1347.391,1313.58,49.581,-17.546,0.677,-18.223,1347.391,1534.105,1160.677
2022-06-29,1342.06,1367.57,1292.73,1296.98,19348400,1252.786,1345.461,1313.241,48.447,-16.149,-2.688,-13.461,1345.461,1533.482,1157.439
2022-06-30,1262.96,1269.77,1240.85,1250.21,12003900,1261.404,1342.61,1311.918,44.173,-18.601,-5.87,-12.73,1342.61,1534.756,1150.464
2022-07-01,1224.69,1226.39,1194.08,1198.33,15833100,1260.48,1335.538,1309.072,39.961,-24.449,-9.586,-14.862,1335.538,1538.246,1132.831
2022-07-04,1219.59,1236.6,1203.43,1233.2,10309700,1257.522,1329.585,1305.907,43.837,-25.97,-12.863,-13.107,1329.585,1537.159,1122.011
2022-07-05,1253.61,1268.07,1238.3,1260.41,10991900,1247.826,1322.906,1303.569,46.727,-24.695,-15.229,-9.466,1322.906,1530.352,1115.461
2022-07-06,1171.11,1190.67,1128.59,1133.69,24720800,1215.168,1306.596,1298.814,37.141,-33.524,-18.888,-14.636,1306.596,1519.905,1093.288
2022-07-07,1128.59,1142.2,1099.67,1137.94,19518000,1192.714,1288.122,1295.128,37.604,-39.72,-23.055,-16.665,1288.122,1491.983,1084.26
2022-07-08,1163.46,1193.23,1153.25,1168.56,17505000,1186.76,1272.137,1293.155,40.972,-41.679,-26.779,-14.9,1272.137,1459.384,1084.89
2022-07-11,1203.43,1220.44,1191.52,1194.08,9373700,1178.936,1259.222,1292.594,43.7,-40.703,-29.564,-11.139,1259.222,1428.934,1089.51
2022-07-12,1177.92,1191.52,1159.21,1181.32,10549000,1163.118,1246.336,1291.644,42.639,-40.493,-31.75,-8.743,1246.336,1396.584,1096.089
2022-07-13,1131.14,1168.56,1128.59,1161.76,11148900,1168.732,1235.101,1289.319,40.996,-41.427,-33.685,-7.741,1235.101,1374.437,1095.765
2022-07-14,1151.55,1177.92,1145.6,1172.81,8977800,1175.706,1223.959,1287.348,42.348,-40.805,-35.109,-5.696,1223.959,1343.467,1104.451
2022-07-15,1169.41,1169.41,1137.94,1144.75,9386000,1170.944,1213.166,1283.582,39.851,-42.091,-36.506,-5.585,1213.166,1318.907,1107.425
2022-07-19,1194.93,1209.38,1184.72,1198.33,11126800,1171.794,1211.476,1280.887,46.355,-38.345,-36.873,-1.471,1211.476,1317.02,1105.931
2022-07-20,1218.74,1218.74,1200.88,1209.38,7616100,1177.406,1207.418,1280.532,47.613,-34.091,-36.317,2.226,1207.418,1306.186,1108.649
2022-07-21,1220.44,1225.54,1203.43,1204.28,6338700,1185.91,1205.649,1279.958,47.064,-30.777,-35.209,4.432,1205.649,1303.248,1108.05
2022-07-22,1190.67,1199.18,1182.17,1190.67,7050800,1189.482,1204.826,1279.178,45.556,-28.916,-33.95,5.035,1204.826,1302.65,1107.003
2022-07-25,1177.92,1196.63,1175.37,1185.57,5000800,1197.646,1203.958,1278.43,44.974,-27.534,-32.667,5.133,1203.958,1302.159,1105.756
2022-07-26,1211.09,1230.65,1205.98,1224.69,9379700,1202.918,1202.792,1278.365,50.224,-23.018,-30.737,7.72,1202.792,1299.333,1106.252
2022-07-27,1230.65,1238.3,1212.79,1227.24,5661900,1206.49,1198.71,1276.965,50.556,-19.013,-28.392,9.379,1198.71,1282.412,1115.008
2022-07-28,1251.06,1279.97,1240.0,1274.02,20221000,1220.438,1197.562,1276.668,56.3,-11.928,-25.1,13.172,1197.562,1276.056,1119.068
2022-07-29,1277.42,1300.39,1274.02,1282.53,10689800,1238.81,1199.178,1276.708,57.273,-5.561,-21.192,15.631,1199.178,1283.361,1114.995
2022-08-01,1292.73,1295.28,1274.02,1280.82,7338900,1257.86,1203.303,1276.864,56.998,-0.647,-17.083,16.436,1203.303,1295.053,1111.552
2022-08-02,1237.45,1255.31,1237.45,1246.81,7331600,1262.284,1203.983,1276.607,51.692,0.498,-13.567,14.065,1203.983,1296.862,1111.104
2022-08-03,1250.21,1262.96,1246.81,1259.56,6201900,1268.748,1203.941,1276.571,53.442,2.407,-10.372,12.779,1203.941,1296.712,1111.169
2022-08-04,1224.69,1231.5,1203.43,1203.43,11498100,1254.63,1207.428,1275.296,45.609,-0.603,-8.418,7.815,1207.428,1294.125,1120.73
2022-08-05,1153.25,1201.73,1151.55,1194.93,10967400,1237.11,1210.277,1273.818,44.544,-3.632,-7.461,3.829,1210.277,1290.891,1129.663
2022-08-08,1209.38,1259.56,1209.38,1251.06,12394400,1231.158,1214.402,1272.695,52.44,-1.487,-6.266,4.779,1214.402,1294.469,1134.335
2022-08-09,1318.25,1319.1,1268.92,1270.62,25922800,1235.92,1218.229,1271.729,54.852,1.772,-4.658,6.43,1218.229,1301.46,1134.998
2022-08-10,1275.72,1280.83,1249.36,1262.11,12836000,1236.43,1222.268,1268.958,53.579,3.625,-3.002,6.627,1222.268,1305.799,1138.738
2022-08-12,1280.82,1293.58,1274.02,1286.78,12072300,1253.1,1228.519,1267.982,56.716,7.005,-1.0,8.005,1228.519,1311.695,1145.344
2022-08-15,1259.56,1276.57,1252.76,1268.07,8301800,1267.728,1233.282,1267.199,53.749,8.08,0.816,7.264,1233.282,1313.896,1152.669
2022-08-16,1242.55,1252.76,1236.6,1246.81,9806800,1266.878,1238.385,1265.34,50.516,7.134,2.079,5.055,1238.385,1307.504,1169.267
2022-08-17,1239.15,1252.76,1229.8,1249.36,9828000,1262.626,1240.937,1263.282,50.898,6.515,2.966,3.549,1240.937,1307.552,1174.322
2022-08-18,1260.41,1268.92,1252.76,1257.01,8158200,1261.606,1243.318,1260.542,52.091,6.566,3.686,2.88,1243.318,1308.575,1178.062
2022-08-19,1267.22,1275.72,1262.11,1269.77,10795500,1258.204,1246.593,1256.74,54.095,7.549,4.459,3.09,1246.593,1310.152,1183.034
2022-08-22,1275.72,1319.95,1274.02,1308.04,14723700,1266.198,1252.462,1252.752,59.559,11.286,5.824,5.462,1252.462,1315.953,1188.97
2022-08-23,1337.81,1367.57,1330.15,1333.55,22090600,1283.546,1259.86,1249.658,62.743,16.121,7.884,8.237,1259.86,1324.999,1194.722
2022-08-24,1383.73,1402.44,1353.12,1356.52,17641600,1304.978,1266.452,1247.741,65.385,21.557,10.618,10.939,1266.452,1342.39,1190.514
2022-08-25,1362.47,1370.13,1342.91,1357.37,9632200,1325.05,1272.959,1246.108,65.483,25.638,13.622,12.016,1272.959,1356.654,1189.263
2022-08-26,1343.76,1368.42,1341.21,1346.31,9212000,1340.358,1276.573,1245.304,62.995,27.661,16.43,11.231,1276.573,1366.475,1186.671
2022-08-29,1335.26,1359.07,1335.26,1355.67,11192400,1349.884,1280.23,1244.505,64.233,29.678,19.08,10.598,1280.23,1376.851,1183.609
2022-08-30,1386.28,1424.56,1383.73,1414.35,16974300,1366.044,1286.906,1245.58,70.825,35.601,22.384,13.217,1286.906,1400.638,1173.175
2022-08-31,1370.98,1375.23,1344.61,1364.17,17590800,1367.574,1292.774,1248.22,60.548,35.832,25.073,10.759,1292.774,1409.857,1175.692
2022-09-01,1350.56,1358.22,1324.2,1324.2,13334800,1360.94,1296.006,1248.893,53.846,32.417,26.542,5.875,1296.006,1412.796,1179.217
2022-09-02,1313.14,1326.75,1285.08,1313.14,13329500,1354.306,1301.492,1250.363,52.127,28.489,26.932,1.558,1301.492,1409.985,1192.999
2022-09-05,1320.8,1327.6,1308.04,1323.35,8463500,1347.842,1307.913,1252.688,53.6,25.902,26.726,-0.824,1307.913,1404.386,1211.44
2022-09-06,1334.41,1337.81,1312.29,1313.14,9773400,1327.6,1311.017,1254.892,51.881,22.765,25.934,-3.168,1311.017,1403.709,1218.325
2022-09-07,1273.17,1284.23,1262.11,1275.72,12838000,1309.91,1311.272,1255.446,46.051,17.063,24.159,-7.096,1311.272,1403.523,1219.021
2022-09-08,1234.05,1276.57,1232.35,1268.07,14326800,1298.684,1311.57,1254.63,44.939,11.791,21.686,-9.895,1311.57,1403.189,1219.951
2022-09-09,1268.07,1283.38,1263.82,1282.53,11724300,1292.562,1311.357,1254.341,47.518,8.679,19.084,-10.405,1311.357,1403.238,1219.477
2022-09-12,1291.03,1296.98,1263.82,1269.77,10010200,1281.846,1311.442,1254.732,45.493,5.125,16.293,-11.168,1311.442,1403.157,1219.728
2022-09-13,1292.73,1297.83,1279.97,1288.48,7293000,1276.914,1313.526,1256.535,48.93,3.774,13.789,-10.015,1313.526,1400.846,1226.206
2022-09-14,1280.83,1304.64,1274.87,1292.73,10924800,1280.316,1315.694,1257.726,49.706,3.012,11.633,-8.622,1315.694,1398.334,1233.055
2022-09-15,1313.99,1317.4,1297.83,1306.34,8472200,1287.97,1318.161,1258.644,52.209,3.466,10.0,-6.534,1318.161,1396.245,1240.077
2022-09-16,1279.12,1285.08,1272.32,1282.53,10340300,1287.97,1318.799,1261.621,47.733,1.883,8.377,-6.494,1318.799,1395.413,1242.185
2022-09-20,1285.08,1304.64,1280.83,1281.68,6961900,1290.352,1317.481,1264.496,47.576,0.553,6.812,-6.259,1317.481,1395.763,1239.199
2022-09-21,1281.68,1298.69,1279.12,1281.68,7631800,1288.992,1314.888,1266.758,47.576,-0.495,5.351,-5.845,1314.888,1394.356,1235.419
2022-09-22,1262.97,1284.23,1255.31,1283.38,8250300,1287.122,1311.231,1268.544,47.972,-1.174,4.046,-5.22,1311.231,1389.352,1233.109
2022-09-26,1234.05,1240.85,1155.8,1156.65,19341500,1257.184,1301.194,1268.051,29.849,-11.803,0.876,-12.679,1301.194,1402.492,1199.897
2022-09-27,1132.84,1174.51,1120.93,1146.45,12644800,1229.968,1291.202,1267.745,28.902,-20.81,-3.461,-17.348,1291.202,1411.424,1170.979
2022-09-28,1156.65,1176.22,1126.04,1133.69,14780600,1200.37,1280.102,1266.962,27.718,-28.647,-8.498,-20.148,1280.102,1415.317,1144.888
2022-09-29,1159.21,1170.26,1144.75,1161.76,12078000,1176.386,1267.473,1267.302,34.113,-32.221,-13.243,-18.978,1267.473,1396.955,1137.991
2022-09-30,1161.76,1165.16,1146.45,1155.8,9871300,1150.87,1257.054,1266.452,33.436,-35.13,-17.62,-17.51,1257.054,1387.306,1126.803
2022-10-03,1158.36,1192.38,1154.95,1190.67,11238400,1157.674,1250.378,1266.078,40.829,-34.227,-20.942,-13.285,1250.378,1379.825,1120.931
2022-10-04,1223.84,1256.16,1222.14,1254.46,13203800,1179.276,1247.444,1267.081,51.451,-28.041,-22.362,-5.679,1247.444,1373.517,1121.371
2022-10-05,1273.17,1277.42,1257.86,1264.67,11614700,1205.472,1244.51,1268.561,52.908,-22.06,-22.301,0.241,1244.51,1365.785,1123.235
2022-10-06,1290.18,1315.69,1281.68,1290.18,12770700,1231.156,1243.362,1270.653,56.427,-15.088,-20.859,5.771,1243.362,1362.314,1124.41
2022-10-07,1298.69,1302.94,1275.72,1275.72,10354200,1255.14,1243.362,1271.674,53.965,-10.607,-18.808,8.201,1243.362,1362.314,1124.41
2022-10-11,1278.27,1295.28,1268.92,1270.62,9135200,1271.13,1243.49,1272.542,53.086,-7.382,-16.523,9.141,1243.49,1362.559,1124.42
2022-10-12,1254.46,1258.71,1239.15,1250.21,9099500,1270.28,1241.874,1272.065,49.601,-6.4,-14.499,8.099,1241.874,1359.581,1124.166
2022-10-13,1263.82,1268.92,1254.46,1263.82,8527500,1270.11,1241.576,1271.691,51.87,-4.471,-12.493,8.022,1241.576,1359.016,1124.136
2022-10-14,1289.33,1291.88,1274.87,1280.82,8438600,1268.238,1241.193,1271.691,54.618,-1.554,-10.305,8.752,1241.193,1358.038,1124.348
2022-10-17,1251.06,1255.31,1237.45,1251.91,9311700,1263.476,1239.152,1271.793,49.447,-1.556,-8.555,6.999,1239.152,1353.608,1124.696
2022-10-18,1246.81,1253.61,1234.9,1250.21,9515000,1259.394,1236.346,1271.606,49.153,-1.676,-7.179,5.504,1236.346,1346.538,1126.153
2022-10-19,1246.81,1247.66,1230.65,1239.15,8132200,1257.182,1234.176,1272.321,47.183,-2.633,-6.27,3.637,1234.176,1342.228,1126.125
2022-10-20,1251.06,1268.92,1245.1,1261.26,9483200,1256.67,1233.156,1273.647,51.378,-1.589,-5.334,3.745,1233.156,1339.693,1126.618
2022-10-21,1253.61,1266.37,1253.61,1261.26,5200000,1252.758,1232.134,1273.851,51.378,-0.753,-4.418,3.665,1232.134,1337.093,1127.176
2022-10-24,1269.77,1272.32,1261.26,1262.11,5691700,1254.798,1231.071,1273.681,51.55,-0.021,-3.538,3.517,1231.071,1334.26,1127.882
2022-10-25,1261.26,1286.78,1254.46,1279.12,6348000,1260.58,1237.194,1274.021,54.974,1.909,-2.449,4.358,1237.194,1336.24,1138.149
2022-10-26,1274.87,1276.57,1263.82,1267.22,7557600,1266.194,1243.233,1273.63,52.195,2.45,-1.469,3.919,1243.233,1333.304,1153.162
2022-10-27,1281.68,1296.13,1278.27,1286.78,8142800,1271.298,1250.888,1274.004,56.121,4.407,-0.294,4.701,1250.888,1326.644,1175.131
2022-10-28,1282.53,1285.93,1271.47,1272.32,12826200,1273.51,1256.415,1274.514,52.677,4.736,0.712,4.024,1256.415,1319.935,1192.896
2022-10-31,1273.17,1295.28,1268.92,1291.03,6101100,1279.294,1263.177,1275.348,56.405,6.432,1.856,4.576,1263.177,1307.485,1218.869
2022-11-01,1297.83,1313.99,1295.28,1313.99,6923100,1286.268,1269.343,1276.487,60.517,9.52,3.389,6.131,1269.343,1304.555,1234.131
2022-11-02,1323.35,1360.77,1322.5,1352.27,10395300,1303.278,1274.234,1278.137,66.234,14.884,5.688,9.196,1274.234,1324.635,1223.832
2022-11-04,1360.77,1364.17,1333.56,1351.42,8912600,1316.206,1278.571,1279.005,66.006,18.849,8.32,10.529,1278.571,1339.367,1217.775
2022-11-07,1374.38,1378.63,1359.07,1370.13,11138600,1335.768,1282.568,1279.737,68.576,23.233,11.303,11.931,1282.568,1355.817,1209.32
2022-11-08,1380.33,1400.74,1370.98,1399.04,11464700,1357.37,1288.734,1280.587,72.088,28.71,14.784,13.926,1288.734,1378.463,1199.006
2022-11-09,1359.07,1373.53,1335.26,1357.37,13338500,1366.046,1293.072,1280.587,61.431,29.349,17.697,11.652,1293.072,1387.384,1198.76
2022-11-10,1323.35,1333.55,1311.44,1327.6,10985600,1361.112,1296.942,1280.213,55.157,27.141,19.586,7.555,1296.942,1390.193,1203.69
2022-11-11,1340.36,1347.16,1315.69,1334.41,9854100,1357.71,1300.471,1279.788,56.258,25.645,20.798,4.847,1300.471,1393.788,1207.154
2022-11-14,1344.61,1345.46,1313.99,1313.99,8157300,1346.482,1302.13,1277.78,52.127,22.551,21.148,1.403,1302.13,1395.154,1209.105
2022-11-15,1300.39,1312.29,1296.13,1298.68,8328200,1326.41,1304.468,1276.471,49.209,18.649,20.648,-1.999,1304.468,1394.48,1214.456
2022-11-16,1324.2,1336.11,1317.4,1324.2,7407500,1319.776,1308.168,1276.471,53.846,17.415,20.002,-2.586,1308.168,1394.809,1221.526
2022-11-17,1315.69,1332.7,1304.64,1304.64,7790800,1315.184,1311.442,1276.301,50.073,14.69,18.939,-4.25,1311.442,1391.825,1231.059
2022-11-18,1305.49,1313.99,1297.83,1300.39,6823100,1308.38,1313.398,1275.841,49.265,12.048,17.561,-5.513,1313.398,1390.475,1236.322
2022-11-21,1294.43,1296.98,1272.32,1280.82,9428400,1301.746,1314.376,1275.195,45.615,8.28,15.705,-7.425,1314.376,1389.129,1239.624
2022-11-22,1282.53,1303.79,1282.53,1297.83,6309400,1301.576,1316.162,1275.637,49.142,6.59,13.882,-7.292,1316.162,1387.275,1245.05
2022-11-24,1282.53,1311.44,1280.83,1306.34,7466000,1298.004,1317.524,1276.403,50.859,5.87,12.28,-6.41,1317.524,1386.666,1248.381
2022-11-25,1319.1,1330.15,1308.04,1330.15,6250200,1303.106,1320.67,1277.355,55.396,7.138,11.251,-4.113,1320.67,1385.784,1255.556
2022-11-28,1325.05,1329.3,1289.33,1299.54,11443100,1302.936,1321.308,1277.95,49.117,5.609,10.123,-4.514,1321.308,1385.264,1257.352
2022-11-29,1299.54,1321.65,1291.88,1321.65,7763600,1311.102,1323.774,1278.614,53.24,6.11,9.32,-3.21,1323.774,1383.436,1264.113
2022-11-30,1310.59,1316.55,1303.79,1303.79,9870100,1312.294,1324.412,1278.835,49.735,5.009,8.458,-3.449,1324.412,1382.86,1265.965
2022-12-01,1307.19,1313.99,1302.09,1303.79,5533300,1311.784,1323.902,1278.784,49.735,4.089,7.584,-3.495,1323.902,1382.908,1264.897
2022-12-02,1291.03,1291.03,1268.07,1273.17,12081500,1300.388,1319.948,1278.597,43.978,0.879,6.243,-5.364,1319.948,1381.496,1258.399
2022-12-05,1279.12,1287.63,1274.87,1279.97,5707400,1296.474,1316.375,1278.563,45.487,-1.104,4.774,-5.877,1316.375,1378.524,1254.226
2022-12-06,1250.21,1267.22,1247.66,1262.97,7523300,1284.738,1311.017,1278.188,42.411,-4.0,3.019,-7.019,1311.017,1372.121,1249.913
2022-12-07,1241.7,1251.91,1234.9,1239.15,10741100,1271.81,1303.022,1277.304,38.484,-8.125,0.79,-8.915,1303.022,1357.067,1248.978
2022-12-08,1228.95,1231.5,1219.59,1228.95,8689400,1256.842,1296.602,1278.75,36.908,-12.077,-1.783,-10.294,1296.602,1353.877,1239.326
2022-12-09,1213.64,1223.84,1208.53,1211.09,11722400,1244.426,1290.776,1280.043,34.262,-16.461,-4.719,-11.742,1290.776,1357.669,1223.883
2022-12-12,1204.28,1217.04,1199.18,1215.34,9923300,1231.5,1284.822,1281.676,35.448,-19.368,-7.649,-11.72,1284.822,1356.395,1213.25
2022-12-13,1229.8,1235.75,1222.99,1224.69,6975300,1223.844,1280.358,1282.934,38.094,-20.68,-10.255,-10.425,1280.358,1355.33,1205.385
2022-12-14,1237.45,1245.96,1234.05,1240.85,6810000,1224.184,1277.466,1284.635,42.482,-20.183,-12.24,-7.942,1277.466,1353.909,1201.023
2022-12-15,1241.7,1262.97,1241.7,1262.97,5441100,1230.988,1274.404,1286.081,47.923,-17.799,-13.352,-4.447,1274.404,1347.811,1200.998
2022-12-16,1253.61,1258.71,1243.4,1248.51,8811100,1238.472,1271.598,1285.962,44.931,-16.882,-14.058,-2.824,1271.598,1344.427,1198.769
2022-12-19,1233.2,1234.9,1211.09,1212.79,8053800,1237.962,1267.218,1284.925,38.531,-18.82,-15.01,-3.81,1267.218,1343.224,1191.212
2022-12-20,1211.94,1233.2,1193.23,1197.48,10162000,1232.52,1263.051,1283.071,36.153,-21.346,-16.278,-5.068,1263.051,1344.835,1181.267
2022-12-21,1206.83,1214.49,1194.08,1194.08,7720700,1223.166,1257.864,1281.438,35.628,-23.352,-17.692,-5.66,1257.864,1343.433,1172.294
2022-12-22,1218.74,1225.54,1207.68,1223.84,5889200,1215.34,1253.738,1280.502,43.387,-22.284,-18.611,-3.674,1253.738,1337.402,1170.075
2022-12-23,1212.79,1216.19,1201.73,1211.94,5839100,1208.026,1247.828,1279.737,41.246,-22.143,-19.317,-2.826,1247.828,1325.23,1170.426
2022-12-26,1228.1,1250.21,1225.54,1242.55,5505700,1213.978,1244.978,1279.311,48.312,-19.338,-19.321,-0.017,1244.978,1318.461,1171.496
2022-12-27,1249.36,1260.41,1242.55,1256.16,5135100,1225.714,1241.704,1278.818,51.126,-15.834,-18.624,2.79,1241.704,1306.073,1177.335
2022-12-28,1253.61,1258.71,1239.15,1251.06,7519200,1237.11,1239.068,1278.801,50.027,-13.316,-17.562,4.247,1239.068,1296.695,1181.44
2022-12-29,1226.72,1233.67,1222.37,1231.06,8552000,1238.554,1235.431,1278.418,45.862,-12.786,-16.607,3.821,1235.431,1284.389,1186.473
2022-12-30,1230.19,1238.89,1213.67,1213.67,6258600,1238.9,1232.456,1277.909,42.546,-13.613,-16.008,2.395,1232.456,1278.926,1185.986
2023-01-04,1164.99,1175.42,1158.9,1162.38,9761100,1222.866,1226.577,1275.931,34.6,-18.197,-16.446,-1.751,1226.577,1277.296,1175.857
2023-01-05,1138.04,1164.99,1131.08,1149.34,8270900,1201.502,1220.895,1273.693,32.916,-22.621,-17.681,-4.94,1220.895,1279.321,1162.469
2023-01-06,1154.56,1185.85,1153.69,1178.9,8512800,1187.07,1217.882,1272.028,40.038,-23.472,-18.839,-4.632,1217.882,1278.517,1157.248
2023-01-10,1188.46,1198.03,1183.25,1191.94,5806500,1179.246,1216.032,1270.285,42.917,-22.83,-19.637,-3.193,1216.032,1277.497,1154.567
2023-01-11,1191.07,1207.59,1191.07,1198.03,5352200,1176.118,1215.379,1268.901,44.263,-21.582,-20.026,-1.555,1215.379,1277.341,1153.417
2023-01-12,1210.2,1219.76,1204.98,1216.28,5402700,1186.898,1215.426,1267.491,48.204,-18.902,-19.801,0.9,1215.426,1277.389,1153.463
2023-01-13,1234.54,1238.89,1218.89,1222.37,7275100,1201.504,1215.31,1266.492,49.488,-16.101,-19.061,2.96,1215.31,1277.209,1153.411
2023-01-16,1216.28,1227.58,1207.59,1225.85,4422800,1210.894,1214.56,1265.188,50.246,-13.445,-17.938,4.493,1214.56,1275.512,1153.608
2023-01-17,1228.45,1237.15,1225.85,1234.54,4782800,1219.414,1213.138,1263.599,52.178,-10.518,-16.454,5.936,1213.138,1270.561,1155.716
2023-01-18,1241.49,1262.36,1236.28,1253.67,6308100,1230.542,1213.396,1261.627,56.209,-6.579,-14.479,7.9,1213.396,1271.53,1155.263
2023-01-19,1227.58,1237.15,1217.15,1228.45,5728700,1232.976,1214.18,1259.168,50.201,-5.43,-12.669,7.239,1214.18,1272.699,1155.66
2023-01-20,1244.1,1253.67,1239.76,1252.8,4530000,1239.062,1216.946,1256.821,55.182,-2.525,-10.64,8.115,1216.946,1277.341,1156.55
2023-01-23,1259.75,1264.1,1251.93,1264.1,4389300,1246.712,1220.446,1254.123,57.316,0.681,-8.376,9.057,1220.446,1283.328,1157.565
2023-01-24,1261.49,1281.49,1261.49,1277.14,6114300,1255.232,1223.112,1252.518,59.7,4.225,-5.856,10.081,1223.112,1290.923,1155.3
2023-01-25,1273.66,1284.1,1271.05,1279.75,3472800,1260.448,1226.502,1251.561,60.179,7.162,-3.252,10.414,1226.502,1298.607,1154.397
2023-01-26,1284.96,1287.57,1273.66,1283.23,4038300,1271.404,1228.536,1250.537,60.848,9.659,-0.67,10.329,1228.536,1304.726,1152.346
2023-01-27,1289.31,1292.79,1265.84,1273.66,4495500,1275.576,1229.411,1249.731,57.965,10.742,1.612,9.13,1229.411,1307.319,1151.503
2023-01-30,1271.92,1277.14,1257.14,1260.62,4482500,1274.88,1229.889,1248.97,54.197,10.428,3.376,7.052,1229.889,1308.471,1151.307
2023-01-31,1251.93,1253.67,1231.93,1234.54,5550500,1266.36,1230.063,1247.176,47.54,7.982,4.297,3.685,1230.063,1308.671,1151.455
2023-02-01,1245.84,1254.54,1241.49,1246.71,3924100,1259.752,1231.715,1246.018,50.59,6.946,4.827,2.119,1231.715,1310.262,1153.168
2023-02-02,1229.32,1235.41,1217.15,1225.85,5352300,1248.276,1234.888,1244.527,45.687,4.391,4.74,-0.348,1234.888,1306.459,1163.318
2023-02-03,1199.76,1204.11,1181.51,1193.68,8355300,1232.28,1237.106,1242.784,39.353,-0.227,3.746,-3.973,1237.106,1299.703,1174.508
2023-02-06,1204.11,1224.11,1198.89,1224.11,6476100,1224.978,1239.366,1241.31,46.858,-1.415,2.714,-4.129,1239.366,1296.104,1182.628
2023-02-07,1223.24,1231.93,1215.41,1215.41,4384000,1221.152,1240.539,1239.491,45.138,-3.024,1.567,-4.59,1240.539,1294.025,1187.054
2023-02-08,1236.28,1249.32,1224.98,1224.98,6556900,1216.806,1241.887,1237.388,47.424,-3.486,0.556,-4.042,1241.887,1292.122,1191.652
2023-02-09,1230.19,1238.02,1223.24,1231.06,5523700,1217.848,1242.626,1236.018,48.882,-3.324,-0.22,-3.104,1242.626,1291.697,1193.555
2023-02-10,1217.15,1224.98,1202.37,1211.94,9766000,1221.5,1242.104,1233.824,44.687,-4.684,-1.113,-3.571,1242.104,1292.29,1191.919
2023-02-13,1249.32,1282.36,1247.58,1279.75,14078500,1232.628,1244.799,1233.343,58.341,-0.287,-0.948,0.661,1244.799,1297.056,1192.543
2023-02-14,1284.96,1290.18,1276.27,1278.88,5816400,1245.322,1247.016,1232.845,58.143,3.092,-0.14,3.232,1247.016,1301.169,1192.864
2023-02-15,1285.83,1287.57,1264.1,1271.92,5274900,1254.71,1247.929,1232.82,56.488,5.149,0.918,4.231,1247.929,1303.157,1192.701
2023-02-16,1271.92,1274.53,1259.75,1270.18,5307300,1262.534,1250.016,1232.624,56.059,6.563,2.047,4.516,1250.016,1305.298,1194.733
2023-02-17,1247.58,1251.93,1238.02,1250.19,7412100,1270.184,1249.885,1232.369,51.24,6.001,2.838,3.163,1249.885,1305.153,1194.617
2023-02-20,1224.11,1239.76,1218.02,1239.76,6426400,1262.186,1248.668,1232.381,48.879,4.661,3.202,1.458,1248.668,1303.689,1193.647
2023-02-21,1248.45,1279.75,1243.23,1273.66,7786700,1261.142,1248.494,1233.275,55.979,6.262,3.814,2.447,1248.494,1303.157,1193.831
2023-02-22,1270.18,1274.53,1258.88,1264.1,5952200,1259.578,1247.712,1234.335,53.713,6.682,4.388,2.294,1247.712,1300.919,1194.504
2023-02-24,1273.66,1273.66,1255.41,1257.14,5558400,1256.97,1246.407,1235.171,52.061,6.38,4.786,1.594,1246.407,1297.171,1195.643
2023-02-27,1270.18,1271.92,1256.27,1256.27,5072200,1258.186,1245.538,1235.803,51.847,6.001,5.029,0.972,1245.538,1294.913,1196.162
2023-02-28,1250.19,1265.84,1245.84,1245.84,7771700,1259.402,1244.798,1235.903,49.226,4.804,4.984,-0.18,1244.798,1293.663,1195.934
2023-03-01,1248.45,1283.23,1247.58,1282.36,9290200,1261.142,1247.19,1236.29,57.354,6.725,5.332,1.392,1247.19,1298.556,1195.823
2023-03-02,1291.05,1295.4,1282.36,1288.44,5912200,1266.01,1249.276,1237.089,58.544,8.638,5.993,2.644,1249.276,1303.851,1194.701
2023-03-03,1295.4,1318.87,1293.66,1318.87,10052400,1278.356,1253.927,1239.211,63.963,12.466,7.288,5.178,1253.927,1315.502,1192.352
2023-03-06,1324.96,1325.83,1298.01,1299.74,7226900,1287.05,1259.23,1241.256,58.762,13.797,8.59,5.207,1259.23,1317.116,1201.344
2023-03-07,1304.09,1338.87,1303.22,1338.87,9345100,1305.656,1264.968,1244.152,65.026,17.804,10.432,7.371,1264.968,1330.449,1199.487
2023-03-08,1324.96,1325.83,1304.96,1304.96,9186900,1310.176,1269.446,1245.774,56.953,18.035,11.953,6.082,1269.446,1332.872,1206.019
2023-03-09,1308.44,1310.18,1291.92,1295.4,5842900,1311.568,1272.966,1247.443,54.884,17.248,13.012,4.236,1272.966,1333.764,1212.169
2023-03-10,1285.83,1289.31,1275.4,1278.88,7033100,1303.57,1275.358,1248.17,51.409,15.118,13.433,1.684,1275.358,1332.889,1217.826
2023-03-13,1278.01,1285.83,1271.92,1283.23,4956700,1300.268,1278.922,1248.711,52.266,13.623,13.471,0.152,1278.922,1328.144,1229.7
2023-03-14,1241.49,1241.49,1211.07,1212.8,10190500,1275.054,1275.575,1247.946,39.972,6.678,12.112,-5.434,1275.575,1332.984,1218.165
2023-03-15,1218.02,1224.98,1204.11,1206.72,8161400,1255.406,1271.966,1247.459,39.117,0.676,9.825,-9.149,1271.966,1337.058,1206.875
2023-03-16,1143.25,1171.94,1137.17,1153.69,10924500,1227.064,1266.055,1246.26,32.57,-8.265,6.207,-14.472,1266.055,1349.929,1182.181
2023-03-17,1165.86,1181.51,1162.38,1172.81,9255400,1205.85,1261.186,1246.468,36.684,-13.65,2.236,-15.886,1261.186,1354.792,1167.581
2023-03-20,1149.34,1169.34,1143.25,1150.21,6721000,1179.246,1256.188,1246.486,34.04,-19.516,-2.115,-17.402,1256.188,1362.131,1150.244
2023-03-22,1184.98,1198.03,1179.77,1192.81,8457400,1175.248,1253.84,1246.764,42.459,-20.492,-5.79,-14.702,1253.84,1363.337,1144.343
2023-03-23,1167.6,1196.29,1165.86,1191.94,5289300,1172.292,1249.754,1246.764,42.34,-21.092,-8.85,-12.242,1249.754,1362.196,1137.312
2023-03-24,1171.07,1186.72,1168.47,1176.29,5017500,1176.812,1245.364,1246.329,40.162,-22.57,-11.594,-10.976,1245.364,1362.218,1128.509
2023-03-27,1182.38,1184.11,1163.25,1168.47,4919900,1175.944,1240.93,1245.373,39.081,-24.095,-14.095,-10.001,1240.93,1362.535,1119.325
2023-03-28,1199.76,1213.67,1188.46,1190.2,8733000,1183.942,1237.626,1244.729,43.625,-23.282,-15.932,-7.35,1237.626,1361.053,1114.2
2023-03-29,1204.11,1226.72,1201.5,1224.98,8429900,1190.376,1236.584,1244.712,50.047,-19.605,-16.667,-2.938,1236.584,1360.07,1113.097
2023-03-30,1221.5,1226.72,1210.2,1216.28,5260600,1195.244,1233.28,1244.347,48.557,-17.195,-16.772,-0.422,1233.28,1355.135,1111.424
2023-03-31,1230.19,1234.54,1211.94,1214.54,8959400,1202.894,1229.585,1243.564,48.247,-15.249,-16.468,1.219,1229.585,1348.851,1110.318
2023-04-03,1278.01,1291.05,1271.92,1281.49,15717600,1225.498,1227.716,1244.625,59.058,-8.21,-14.816,6.606,1227.716,1342.165,1113.266
2023-04-04,1300.61,1307.57,1279.75,1298.01,12077100,1247.06,1227.629,1245.529,61.211,-1.284,-12.11,10.826,1227.629,1341.852,1113.406
2023-04-05,1292.79,1292.79,1269.32,1273.66,7427100,1256.796,1224.368,1245.72,56.495,2.215,-9.245,11.459,1224.368,1328.498,1120.239
2023-04-06,1269.32,1272.79,1244.97,1248.45,7077900,1263.23,1221.543,1245.147,52.026,2.919,-6.812,9.731,1221.543,1319.339,1123.747
2023-04-07,1247.58,1256.27,1237.15,1238.02,5163400,1267.926,1218.674,1244.312,50.255,2.606,-4.928,7.535,1218.674,1310.534,1126.814
2023-04-10,1248.45,1263.23,1248.45,1256.27,4149100,1262.882,1217.544,1243.773,53.254,3.787,-3.185,6.972,1217.544,1306.803,1128.284
2023-04-11,1258.88,1278.01,1251.06,1274.53,6355300,1258.186,1217.108,1243.79,56.105,6.126,-1.323,7.449,1217.108,1305.096,1129.121
2023-04-12,1291.05,1308.44,1275.4,1297.14,10827300,1262.882,1221.326,1244.521,59.407,9.692,0.88,8.812,1221.326,1316.254,1126.397
2023-04-13,1311.05,1312.79,1298.01,1301.48,6513900,1273.488,1226.064,1245.859,60.028,12.722,3.248,9.473,1226.064,1327.18,1124.947
2023-04-14,1308.44,1321.48,1304.96,1316.26,7875300,1289.136,1234.192,1247.25,62.154,16.129,5.824,10.305,1234.192,1336.936,1131.448
2023-04-17,1317.13,1318.0,1301.48,1306.7,5826100,1299.222,1240.886,1248.867,59.934,17.853,8.23,9.623,1240.886,1344.237,1137.536
2023-04-18,1289.31,1290.18,1275.4,1278.88,9343000,1300.092,1247.32,1250.571,53.901,16.78,9.94,6.84,1247.32,1342.609,1152.031
2023-04-19,1285.83,1293.66,1279.75,1291.05,6443300,1298.874,1252.232,1251.91,55.988,16.72,11.296,5.424,1252.232,1345.802,1158.662
2023-04-20,1283.23,1284.96,1276.27,1278.88,6031200,1294.354,1256.579,1253.18,53.385,15.511,12.139,3.372,1256.579,1346.357,1166.801
2023-04-21,1264.97,1271.92,1257.14,1258.88,7221200,1282.878,1260.708,1253.858,49.327,12.792,12.27,0.522,1260.708,1342.147,1179.27
2023-04-24,1260.62,1263.23,1254.54,1254.54,4890000,1272.446,1265.012,1254.327,48.466,10.169,11.849,-1.68,1265.012,1334.085,1195.939
2023-04-25,1268.45,1268.45,1257.14,1258.01,7227100,1268.272,1268.403,1255.249,49.229,8.275,11.135,-2.859,1268.403,1328.025,1208.78
2023-04-26,1260.62,1263.23,1245.84,1259.75,5153600,1262.012,1270.141,1254.849,49.632,6.836,10.275,-3.439,1270.141,1326.363,1213.919
2023-04-27,1234.54,1264.1,1232.8,1262.36,6514800,1258.708,1272.445,1254.518,50.269,5.839,9.388,-3.549,1272.445,1322.849,1222.041
2023-04-28,1265.84,1280.62,1263.23,1280.62,6935700,1263.056,1275.749,1254.692,54.597,6.448,8.8,-2.352,1275.749,1318.208,1233.29
2023-05-01,1298.01,1300.61,1287.57,1287.57,4988900,1269.662,1276.053,1255.04,56.161,7.406,8.521,-1.115,1276.053,1318.771,1233.335
2023-05-02,1280.62,1290.18,1280.62,1290.18,4829100,1276.096,1275.662,1255.84,56.763,8.28,8.473,-0.193,1275.662,1317.67,1233.653
2023-05-08,1260.62,1268.45,1249.32,1264.1,11372400,1276.966,1275.183,1256.327,49.452,6.79,8.136,-1.346,1275.183,1317.504,1232.863
2023-05-09,1274.53,1281.49,1271.05,1277.14,5677500,1279.922,1276.618,1256.396,52.731,6.586,7.826,-1.24,1276.618,1317.025,1236.211
2023-05-10,1281.49,1287.57,1267.58,1267.58,7722300,1277.314,1278.096,1256.466,50.162,5.588,7.378,-1.791,1278.096,1314.525,1241.667
2023-05-11,1288.44,1307.57,1270.18,1283.23,10531200,1276.446,1279.444,1256.988,54.103,5.991,7.101,-1.11,1279.444,1314.44,1244.448
2023-05-12,1283.23,1297.14,1264.1,1269.32,10555900,1272.274,1279.184,1257.249,50.296,5.129,6.706,-1.578,1279.184,1314.41,1243.957
2023-05-15,1280.62,1284.1,1268.45,1272.79,4776100,1274.012,1277.966,1257.788,51.218,4.671,6.299,-1.628,1277.966,1312.25,1243.682
2023-05-16,1297.14,1309.31,1287.57,1288.44,8211100,1276.272,1277.314,1257.909,55.251,5.509,6.141,-0.633,1277.314,1310.182,1244.446
2023-05-17,1278.01,1288.44,1271.05,1282.36,5681800,1279.228,1275.619,1257.788,53.404,5.617,6.036,-0.42,1275.619,1303.082,1248.156
2023-05-18,1304.09,1314.52,1298.01,1298.01,7606500,1282.184,1275.184,1257.37,57.356,6.886,6.206,0.679,1275.184,1300.789,1249.58
2023-05-19,1306.7,1307.57,1294.53,1304.09,7093300,1289.138,1276.445,1257.457,58.817,8.286,6.622,1.664,1276.445,1305.114,1247.776
2023-05-22,1298.01,1308.44,1296.27,1304.96,4047000,1295.572,1277.14,1256.779,59.033,9.359,7.17,2.189,1277.14,1307.9,1246.381
2023-05-23,1306.7,1319.74,1299.74,1311.05,7003900,1300.094,1278.749,1256.901,60.594,10.578,7.851,2.727,1278.749,1313.052,1244.446
2023-05-24,1321.48,1356.25,1319.74,1350.17,12742800,1313.656,1283.314,1257.996,68.812,14.534,9.188,5.346,1283.314,1328.918,1237.709
2023-05-25,1356.25,1369.3,1344.95,1357.12,8420900,1325.478,1288.442,1259.561,70.009,18.022,10.955,7.067,1288.442,1342.678,1234.207
2023-05-26,1341.48,1345.82,1313.65,1313.65,8775000,1327.39,1291.224,1260.17,55.631,17.081,12.18,4.901,1291.224,1344.589,1237.86
2023-05-29,1329.3,1342.34,1322.35,1336.26,6313000,1333.65,1295.05,1262.639,60.208,17.953,13.335,4.619,1295.05,1349.864,1240.236
2023-05-30,1335.39,1335.39,1316.26,1327.56,4520200,1336.952,1298.31,1265.056,57.74,17.738,14.215,3.523,1298.31,1352.691,1243.929
2023-05-31,1300.61,1307.57,1286.7,1286.7,16531100,1324.258,1298.614,1267.716,47.823,14.108,14.194,-0.086,1298.614,1352.646,1244.582
2023-06-01,1278.01,1294.53,1273.66,1291.92,5409700,1311.218,1298.831,1270.098,49.028,11.519,13.659,-2.14,1298.831,1352.711,1244.952
2023-06-02,1301.48,1317.13,1294.53,1317.13,5806500,1311.914,1300.179,1273.436,54.491,11.371,13.201,-1.83,1300.179,1354.494,1245.864
2023-06-05,1348.0,1358.43,1341.91,1354.08,11044100,1315.478,1304.678,1276.662,61.077,14.073,13.376,0.697,1304.678,1361.268,1248.088
2023-06-06,1348.87,1390.6,1341.91,1390.6,12496000,1328.086,1310.351,1280.635,66.272,18.942,14.489,4.453,1310.351,1377.146,1243.556
2023-06-07,1389.29,1400.59,1367.12,1374.51,11759200,1345.648,1315.697,1284.599,62.325,21.258,15.843,5.415,1315.697,1385.143,1246.252
2023-06-08,1387.12,1401.9,1369.73,1379.73,9176700,1363.21,1320.522,1288.825,63.093,23.247,17.324,5.923,1320.522,1393.775,1247.27
2023-06-09,1381.47,1381.9,1373.64,1379.29,7315700,1375.642,1326.021,1292.606,62.976,24.505,18.76,5.745,1326.021,1399.599,1252.443
2023-06-12,1380.6,1391.9,1371.47,1371.9,5722200,1379.206,1330.976,1295.545,60.941,24.622,19.932,4.689,1330.976,1402.788,1259.165
2023-06-13,1364.95,1371.9,1355.39,1369.3,8652500,1374.946,1335.019,1298.605,60.203,24.225,20.791,3.434,1335.019,1405.846,1264.193
2023-06-14,1388.86,1399.29,1381.47,1391.03,8997100,1378.25,1340.453,1302.135,64.112,25.372,21.707,3.665,1340.453,1410.942,1269.964
2023-06-15,1383.64,1395.38,1377.56,1388.42,7249000,1379.988,1344.974,1304.274,63.307,25.773,22.52,3.253,1344.974,1415.598,1274.349
2023-06-16,1397.12,1430.59,1397.12,1423.2,15245400,1388.77,1350.929,1306.777,68.905,28.568,23.73,4.838,1350.929,1426.922,1274.936
2023-06-19,1432.33,1433.63,1392.77,1401.03,7933500,1394.596,1355.732,1309.325,62.373,28.664,24.717,3.947,1355.732,1431.636,1279.829
2023-06-20,1404.94,1404.94,1384.94,1389.29,5721300,1398.594,1359.644,1312.142,59.174,27.476,25.268,2.207,1359.644,1433.898,1285.391
2023-06-21,1377.99,1396.68,1369.73,1394.51,5475200,1399.29,1361.862,1315.271,60.153,26.648,25.544,1.104,1361.862,1437.558,1286.165
2023-06-22,1421.46,1435.37,1412.33,1414.5,9906700,1404.506,1364.731,1318.436,63.737,27.291,25.894,1.397,1364.731,1443.939,1285.522
2023-06-23,1398.42,1415.37,1380.6,1387.99,9546200,1397.464,1368.448,1320.705,56.481,25.368,25.789,-0.42,1368.448,1444.476,1292.419
2023-06-26,1394.94,1409.72,1385.81,1396.25,5136000,1396.508,1371.447,1322.687,58.082,24.232,25.477,-1.245,1371.447,1446.86,1296.034
2023-06-27,1408.85,1409.29,1388.86,1402.77,6036900,1399.204,1375.208,1324.713,59.354,23.586,25.099,-1.513,1375.208,1448.886,1301.529
2023-06-28,1390.16,1410.59,1389.73,1409.29,12864200,1402.16,1381.337,1326.574,60.639,23.331,24.745,-1.415,1381.337,1443.512,1319.162
2023-06-29,1424.86,1431.98,1415.96,1427.08,9649200,1404.676,1388.095,1328.981,63.987,24.284,24.653,-0.369,1388.095,1437.398,1338.792
2023-06-30,1427.53,1427.97,1414.18,1421.74,5526500,1411.426,1393.326,1331.839,62.275,24.328,24.588,-0.26,1393.326,1431.973,1354.678
2023-07-03,1426.64,1435.53,1423.52,1435.53,5512000,1419.282,1397.398,1334.728,64.887,25.186,24.708,0.478,1397.398,1435.798,1358.998
2023-07-04,1433.75,1438.65,1427.53,1431.09,3812700,1424.946,1399.423,1337.772,63.366,25.217,24.809,0.407,1399.423,1440.49,1358.355
2023-07-05,1442.65,1443.54,1431.53,1437.76,4888700,1430.64,1402.585,1341.35,64.705,25.485,24.945,0.541,1402.585,1445.284,1359.886
2023-07-06,1444.88,1453.77,1433.75,1442.65,6176500,1433.754,1405.731,1345.112,65.695,25.795,25.115,0.681,1405.731,1450.558,1360.904
2023-07-07,1423.08,1430.64,1408.84,1425.3,6951300,1434.466,1408.032,1348.458,59.336,24.36,24.964,-0.603,1408.032,1451.857,1364.206
2023-07-10,1441.32,1453.77,1437.76,1438.2,7192100,1435.0,1411.346,1352.027,62.261,23.988,24.769,-0.781,1411.346,1453.668,1369.025
2023-07-11,1447.99,1451.55,1442.21,1446.66,4259800,1438.114,1415.214,1355.713,64.085,24.097,24.634,-0.537,1415.214,1455.445,1374.984
2023-07-12,1464.0,1488.92,1459.11,1484.02,11228700,1447.366,1419.864,1359.781,70.799,26.888,25.085,1.803,1419.864,1468.864,1370.864
2023-07-13,1500.04,1514.72,1492.48,1498.26,8073100,1458.488,1425.356,1363.995,72.88,29.905,26.049,3.856,1425.356,1483.319,1367.393
2023-07-14,1508.04,1511.16,1490.7,1495.14,7807400,1472.456,1428.953,1368.094,71.675,31.679,27.175,4.504,1428.953,1494.752,1363.154
2023-07-18,1487.58,1496.48,1480.91,1485.36,5184400,1481.888,1433.17,1372.519,67.885,31.927,28.125,3.802,1433.17,1502.165,1364.174
2023-07-19,1506.27,1519.61,1501.37,1516.05,6689700,1495.766,1439.508,1377.297,72.754,34.206,29.342,4.865,1439.508,1514.554,1364.461
2023-07-20,1520.5,1538.29,1513.83,1535.63,5748300,1506.088,1446.564,1382.658,75.324,37.164,30.906,6.258,1446.564,1529.878,1363.249
2023-07-21,1554.75,1579.67,1532.07,1572.1,9330600,1520.856,1454.444,1388.436,79.25,41.967,33.118,8.849,1454.444,1553.343,1355.544
2023-07-24,1583.67,1609.47,1570.32,1591.68,9436600,1540.164,1464.628,1394.883,80.998,46.814,35.857,10.956,1464.628,1575.892,1353.364
2023-07-25,1613.03,1657.96,1606.36,1637.05,14223900,1570.502,1476.668,1402.168,84.299,53.697,39.425,14.272,1476.668,1607.22,1346.116
2023-07-26,1637.05,1639.72,1599.68,1621.93,9694500,1591.678,1487.626,1408.838,79.352,57.271,42.994,14.277,1487.626,1628.448,1346.804
2023-07-27,1608.58,1627.71,1604.13,1625.04,5813200,1609.56,1498.414,1415.692,79.617,59.667,46.329,13.338,1498.414,1646.819,1350.008
2023-07-28,1613.03,1637.05,1600.13,1637.05,7933700,1622.55,1508.912,1422.472,80.65,61.823,49.428,12.395,1508.912,1665.55,1352.274
2023-07-31,1657.51,1660.18,1624.15,1630.38,7733200,1630.29,1519.344,1428.998,78.278,62.275,51.997,10.278,1519.344,1679.293,1359.395
2023-08-01,1652.18,1670.86,1635.27,1645.06,7893300,1631.892,1529.82,1435.8,79.693,63.09,54.216,8.875,1529.82,1694.045,1365.596
2023-08-02,1645.95,1667.3,1633.49,1652.62,6202300,1638.03,1540.897,1442.632,80.402,63.613,56.095,7.518,1540.897,1706.956,1374.838
2023-08-03,1637.5,1641.94,1613.03,1615.7,5709600,1636.162,1549.794,1447.942,67.939,60.353,56.947,3.406,1549.794,1711.599,1387.989
2023-08-04,1631.27,1658.85,1629.93,1645.95,6414800,1637.942,1559.959,1453.719,71.796,59.524,57.462,2.062,1559.959,1718.942,1400.976
2023-08-07,1645.5,1684.65,1643.72,1673.97,7041300,1646.66,1572.392,1460.925,74.818,60.431,58.056,2.375,1572.392,1725.832,1418.953
2023-08-08,1681.54,1696.66,1665.52,1669.08,7397100,1651.464,1583.936,1467.582,73.341,60.063,58.458,1.606,1583.936,1729.4,1438.473
2023-08-09,1690.43,1690.43,1610.81,1614.36,11930800,1643.812,1592.322,1473.318,59.246,54.726,57.711,-2.986,1592.322,1723.055,1461.588
2023-08-10,1823.89,1903.96,1807.43,1882.61,41718300,1697.194,1612.251,1485.236,79.771,71.319,60.433,10.886,1612.251,1787.437,1437.065
2023-08-14,1849.25,1867.04,1786.52,1791.86,18384400,1726.376,1626.931,1495.235,67.403,76.267,63.6,12.667,1626.931,1810.884,1442.978
2023-08-15,1803.43,1832.34,1798.53,1801.65,11258700,1751.912,1642.257,1504.925,67.98,80.056,66.891,13.165,1642.257,1830.988,1453.525
2023-08-16,1743.82,1777.18,1733.14,1761.17,9608100,1770.33,1656.047,1513.067,63.015,78.883,69.289,9.593,1656.047,1836.639,1475.455
2023-08-17,1725.58,1762.05,1711.34,1740.26,11252200,1795.51,1667.258,1520.06,60.555,75.396,70.511,4.886,1667.258,1838.871,1495.644
2023-08-18,1739.37,1760.28,1733.14,1733.58,8936100,1765.704,1677.155,1527.241,59.753,71.273,70.663,0.61,1677.155,1839.381,1514.929
2023-08-21,1751.82,1774.07,1750.04,1761.17,6447700,1759.566,1686.608,1534.87,61.993,69.431,70.417,-0.986,1686.608,1845.049,1528.168
2023-08-22,1765.17,1777.62,1759.39,1775.4,5624600,1754.316,1695.794,1542.792,63.133,68.332,70.0,-1.668,1695.794,1852.354,1539.235
2023-08-23,1767.84,1773.62,1756.72,1770.06,4259900,1756.094,1702.445,1550.756,62.377,66.266,69.253,-2.987,1702.445,1859.795,1545.095
2023-08-24,1778.96,1802.54,1775.4,1794.53,7424200,1766.948,1711.075,1559.26,64.476,65.844,68.571,-2.727,1711.075,1868.765,1553.385
2023-08-25,1782.52,1791.86,1773.62,1786.08,5029500,1777.448,1719.127,1567.161,63.166,64.09,67.675,-3.585,1719.127,1874.752,1563.502
2023-08-28,1803.43,1814.1,1799.42,1813.66,6728600,1787.946,1727.958,1575.666,65.622,64.184,66.977,-2.792,1727.958,1884.015,1571.9
2023-08-29,1814.99,1832.34,1800.76,1806.98,6551500,1794.262,1736.788,1583.342,64.5,62.994,66.18,-3.186,1736.788,1889.548,1584.027
2023-08-30,1819.0,1823.44,1810.1,1814.55,5806200,1803.16,1745.262,1591.612,65.226,61.948,65.334,-3.386,1745.262,1895.379,1595.145
2023-08-31,1818.55,1819.89,1809.21,1810.54,5844900,1806.362,1753.158,1600.037,64.474,60.103,64.288,-4.185,1753.158,1899.318,1606.998
2023-09-01,1823.89,1877.27,1821.22,1869.26,10643200,1822.998,1765.836,1609.532,69.938,62.656,63.961,-1.305,1765.836,1905.643,1626.029
2023-09-04,1902.18,1912.41,1892.4,1905.3,9929700,1841.326,1778.804,1619.348,72.713,66.817,64.532,2.285,1778.804,1919.895,1637.712
2023-09-05,1915.53,1923.09,1898.62,1923.09,7918300,1864.548,1791.259,1630.05,73.989,70.735,65.773,4.962,1791.259,1937.283,1645.236
2023-09-06,1957.34,1989.82,1952.01,1956.9,12110000,1893.018,1805.651,1641.263,76.261,75.696,67.758,7.938,1805.651,1957.586,1653.715
2023-09-07,1960.01,2008.95,1959.12,1989.37,11106400,1928.784,1824.401,1652.995,78.228,81.31,70.468,10.842,1824.401,1969.336,1679.466
2023-09-08,1957.34,1982.26,1930.21,1934.21,12667900,1941.774,1826.981,1663.493,67.931,80.382,72.451,7.931,1826.981,1977.989,1675.973
2023-09-11,1975.14,1984.48,1944.89,1959.57,8780400,1952.628,1835.366,1674.143,69.893,80.761,74.113,6.649,1835.366,1996.452,1674.281
2023-09-12,1966.69,1985.81,1952.9,1976.03,7795100,1963.216,1844.086,1685.229,71.128,81.452,75.581,5.871,1844.086,2016.0,1672.171
2023-09-13,2020.07,2042.76,1988.93,1994.27,10814800,1970.69,1855.741,1696.404,72.475,82.519,76.968,5.551,1855.741,2035.418,1676.063
2023-09-14,2012.95,2021.85,1968.91,2017.4,13739500,1976.296,1869.597,1708.13,74.124,84.26,78.427,5.834,1869.597,2054.448,1684.747
2023-09-15,2046.31,2092.58,2027.63,2049.87,20257400,1999.428,1885.412,1720.372,76.272,87.254,80.192,7.062,1885.412,2075.316,1695.508
2023-09-19,2066.78,2097.92,2059.66,2097.92,10943200,2027.098,1902.25,1733.478,79.046,92.439,82.642,9.797,1902.25,2105.049,1699.45
2023-09-20,2098.81,2104.59,2005.39,2016.51,18884900,2035.194,1914.305,1745.302,65.152,88.953,83.904,5.049,1914.305,2113.996,1714.614
2023-09-21,1991.15,2024.96,1965.8,1979.14,11688900,2032.168,1924.759,1756.121,59.944,82.227,83.569,-1.341,1924.759,2114.287,1735.231
2023-09-22,1979.59,2028.97,1967.13,2013.84,9573400,2031.456,1935.725,1767.464,62.909,78.789,82.613,-3.824,1935.725,2118.795,1752.654
2023-09-25,2024.96,2032.97,1998.72,2017.84,6349700,2025.05,1947.312,1778.141,63.246,75.516,81.193,-5.677,1947.312,2119.518,1775.107
2023-09-26,2020.51,2024.52,2000.5,2014.29,4601500,2008.324,1957.344,1788.461,62.701,71.808,79.316,-7.508,1957.344,2119.87,1794.818
2023-09-27,2024.07,2024.96,1999.61,2016.95,5410400,2008.412,1967.842,1798.897,62.959,68.297,77.113,-8.815,1967.842,2115.96,1819.725
2023-09-28,2081.9,2107.26,2051.65,2066.78,13743800,2025.94,1980.454,1810.526,67.493,68.743,75.439,-6.696,1980.454,2116.037,1844.871
2023-09-29,2031.19,2037.42,1994.71,2007.17,10408900,2024.606,1990.286,1820.348,58.299,63.554,73.062,-9.508,1990.286,2100.049,1880.522
2023-10-02,2000.05,2019.62,1979.59,1979.59,9217200,2016.956,1995.802,1829.227,54.594,56.564,69.762,-13.198,1995.802,2089.931,1901.673
2023-10-03,1912.86,1917.31,1832.79,1851.02,18601900,1984.302,1993.088,1834.806,41.388,40.186,63.847,-23.661,1993.088,2100.41,1885.766
2023-10-04,1865.26,1867.93,1775.85,1777.62,15372900,1936.436,1985.814,1838.525,36.029,21.041,55.286,-34.244,1985.814,2127.369,1844.26
2023-10-05,1706.45,1758.05,1702.89,1746.48,22429800,1872.376,1975.294,1840.713,34.017,3.318,44.892,-41.574,1975.294,2152.648,1797.939
2023-10-06,1727.8,1734.47,1697.11,1705.11,15170700,1811.964,1961.08,1842.377,31.5,-13.905,33.133,-47.038,1961.08,2175.395,1746.766
2023-10-10,1856.36,1879.05,1838.12,1851.47,23641000,1786.34,1956.944,1846.905,46.564,-15.566,23.393,-38.959,1956.944,2176.57,1737.317
2023-10-11,1852.36,1860.37,1831.01,1848.8,9678900,1785.896,1951.405,1851.14,46.364,-16.902,15.334,-32.236,1951.405,2176.277,1726.533
2023-10-12,1814.99,1840.79,1793.19,1831.45,13710200,1796.662,1944.176,1855.162,45.009,-19.141,8.439,-27.58,1944.176,2174.934,1713.418
2023-10-13,1841.68,1849.25,1822.11,1846.58,10313000,1816.682,1936.791,1859.192,46.478,-19.47,2.857,-22.327,1936.791,2170.236,1703.347
2023-10-16,1921.76,1934.21,1890.62,1896.4,14289300,1854.94,1930.742,1864.068,51.109,-15.531,-0.82,-14.711,1930.742,2161.648,1699.835
2023-10-17,1890.17,1914.19,1875.94,1888.84,9731400,1862.414,1922.69,1869.531,50.396,-12.871,-3.231,-9.641,1922.69,2147.249,1698.131
2023-10-18,1903.96,1977.36,1903.52,1974.25,16943600,1887.504,1916.507,1876.097,57.59,-3.828,-3.35,-0.478,1916.507,2127.127,1705.886
2023-10-19,1972.02,2005.39,1925.32,1941.33,15342100,1909.48,1912.748,1881.444,54.32,0.675,-2.545,3.22,1912.748,2118.48,1707.015
2023-10-20,1975.14,2000.94,1952.9,1984.04,14176300,1936.972,1912.992,1887.743,57.678,7.603,-0.515,8.118,1912.992,2119.07,1706.915
2023-10-23,1964.46,1971.13,1932.43,1935.55,9302500,1944.802,1909.078,1894.167,52.922,9.076,1.403,7.673,1909.078,2109.999,1708.157
2023-10-24,1917.31,1938.22,1884.39,1930.65,12189800,1953.164,1904.719,1895.128,52.451,9.735,3.069,6.666,1904.719,2099.39,1710.047
2023-10-25,1903.96,1953.79,1898.18,1931.99,9324400,1944.712,1900.604,1897.93,52.575,10.248,4.505,5.743,1900.604,2088.897,1712.31
2023-10-26,1931.99,1962.68,1898.18,1901.74,10317400,1936.794,1894.843,1899.932,49.435,8.12,5.228,2.892,1894.843,2075.025,1714.661
2023-10-27,1910.63,1962.68,1900.85,1957.79,7426100,1931.544,1889.394,1903.864,54.819,10.831,6.349,4.482,1889.394,2053.561,1725.226
2023-10-30,1923.98,1935.1,1911.08,1919.09,7275700,1928.252,1884.99,1907.441,50.798,9.744,7.028,2.717,1884.99,2040.343,1729.636
2023-10-31,1928.87,1955.56,1924.43,1941.77,8498700,1930.476,1883.098,1911.605,52.975,10.592,7.74,2.851,1883.098,2034.473,1731.724
2023-11-01,1949.34,1982.26,1948.89,1976.47,7083600,1939.372,1889.371,1915.911,56.171,13.903,8.973,4.93,1889.371,2045.471,1733.271
2023-11-02,1973.8,1996.49,1931.54,1938.22,9534400,1946.668,1897.401,1919.167,51.978,13.287,9.836,3.451,1897.401,2045.621,1749.181
2023-11-06,1950.23,1950.67,1918.2,1930.65,8994100,1941.24,1906.61,1922.379,51.163,12.049,10.278,1.771,1906.61,2037.184,1776.035
2023-11-07,1923.09,1953.34,1893.29,1894.62,9331600,1936.346,1916.085,1924.381,47.361,8.068,9.836,-1.768,1916.085,2006.385,1825.785
2023-11-08,1829.23,1845.24,1790.97,1790.97,15469800,1906.186,1913.06,1924.479,38.498,-3.411,7.187,-10.598,1913.06,2015.686,1810.434
2023-11-09,1797.2,1840.79,1780.29,1837.23,11697700,1878.338,1912.482,1924.95,43.574,-8.676,4.014,-12.69,1912.482,2016.75,1808.213
2023-11-10,1797.2,1827.89,1796.31,1814.99,11038100,1853.692,1911.658,1925.11,41.788,-14.476,0.316,-14.792,1911.658,2018.839,1804.478
2023-11-13,1823.0,1827.0,1786.97,1804.32,8693400,1828.426,1909.546,1924.906,40.922,-19.706,-3.688,-16.018,1909.546,2023.575,1795.516
2023-11-14,1838.57,1860.81,1837.68,1854.14,8765600,1820.33,1907.433,1925.778,46.499,-19.606,-6.872,-12.734,1907.433,2024.025,1790.84
2023-11-15,1884.39,1916.86,1843.91,1853.25,9616800,1832.786,1905.653,1925.457,46.415,-19.374,-9.372,-10.002,1905.653,2024.505,1786.801
2023-11-16,1848.36,1859.92,1835.01,1845.69,7210000,1834.478,1899.225,1924.265,45.658,-19.575,-11.413,-8.162,1899.225,2016.35,1782.1
2023-11-17,1801.2,1853.25,1798.98,1852.8,10233800,1842.04,1894.798,1922.859,46.541,-18.942,-12.919,-6.023,1894.798,2011.915,1777.682
2023-11-20,1856.36,1878.61,1848.8,1865.7,7651400,1854.316,1888.882,1921.035,48.187,-17.201,-13.775,-3.426,1888.882,1998.747,1779.016
2023-11-21,1878.61,1887.95,1861.26,1884.83,6799600,1860.454,1886.346,1918.945,50.614,-14.115,-13.843,-0.272,1886.346,1993.994,1778.697
2023-11-22,1875.05,1888.39,1870.15,1875.49,4577000,1864.902,1883.588,1917.77,49.397,-12.282,-13.531,1.249,1883.588,1989.265,1777.91
2023-11-24,1877.27,1889.73,1871.49,1878.61,4687200,1871.486,1880.919,1916.151,49.831,-10.457,-12.916,2.46,1880.919,1984.116,1777.721
2023-11-27,1882.61,1885.72,1856.36,1859.48,4004800,1872.822,1878.806,1913.82,47.161,-10.433,-12.42,1.986,1878.806,1981.939,1775.672
2023-11-28,1864.82,1876.38,1858.14,1870.6,4105500,1873.802,1874.446,1911.347,48.876,-9.409,-11.817,2.408,1874.446,1970.661,1778.231
2023-11-29,1876.38,1876.83,1831.9,1840.35,7662400,1864.906,1870.509,1907.806,44.632,-10.913,-11.637,0.724,1870.509,1965.468,1775.55
2023-11-30,1839.46,1868.82,1831.01,1859.48,10832200,1861.704,1866.394,1903.998,47.723,-10.44,-11.397,0.957,1866.394,1955.29,1777.499
2023-12-01,1862.59,1873.27,1842.57,1855.03,6416900,1856.988,1860.322,1899.14,47.065,-10.306,-11.179,0.873,1860.322,1932.596,1788.049
2023-12-04,1843.46,1845.24,1809.21,1809.65,6186500,1847.022,1853.894,1895.003,40.873,-13.703,-11.684,-2.02,1853.894,1919.564,1788.224
2023-12-05,1804.32,1814.99,1772.73,1791.86,7855600,1831.274,1846.954,1891.257,38.722,-17.628,-12.873,-4.756,1846.954,1907.615,1786.294
2023-12-06,1791.41,1802.54,1782.07,1798.09,5845500,1822.822,1842.128,1886.942,39.915,-20.005,-14.299,-5.706,1842.128,1902.177,1782.079
2023-12-07,1761.61,1762.05,1738.48,1746.48,10900900,1800.222,1839.904,1881.515,34.011,-25.757,-16.591,-9.166,1839.904,1910.332,1769.475
2023-12-08,1734.03,1738.92,1694.88,1697.11,14773900,1768.638,1832.897,1875.171,29.513,-33.908,-20.054,-13.854,1832.897,1928.001,1737.794
2023-12-11,1730.47,1736.7,1715.79,1723.35,13282300,1751.378,1828.316,1869.299,34.473,-37.814,-23.606,-14.208,1828.316,1935.157,1721.474
2023-12-12,1721.57,1723.35,1701.11,1709.12,10406100,1734.83,1823.556,1862.146,33.112,-41.579,-27.201,-14.378,1823.556,1942.675,1704.436
2023-12-13,1683.32,1692.21,1662.41,1675.31,11851600,1710.274,1814.614,1855.509,30.075,-46.752,-31.111,-15.641,1814.614,1949.827,1679.401
2023-12-14,1686.88,1688.65,1628.6,1640.17,8183500,1689.012,1803.96,1848.721,27.274,-53.075,-35.504,-17.571,1803.96,1958.546,1649.374
2023-12-15,1673.53,1714.46,1661.52,1690.43,11688000,1687.676,1796.197,1845.509,36.397,-53.415,-39.086,-14.329,1796.197,1957.411,1634.983
2023-12-18,1681.54,1685.54,1666.41,1683.76,5098200,1679.758,1787.745,1843.632,35.756,-53.605,-41.99,-11.615,1787.745,1954.107,1621.383
2023-12-19,1718.46,1719.79,1683.76,1706.89,7071300,1679.312,1779.804,1842.84,39.72,-51.298,-43.851,-7.446,1779.804,1945.659,1613.95
2023-12-20,1734.47,1752.27,1726.91,1730.92,8842200,1690.434,1772.109,1843.356,43.613,-46.988,-44.479,-2.509,1772.109,1931.606,1612.612
2023-12-21,1717.12,1727.8,1709.56,1711.34,5312400,1704.668,1763.902,1840.553,41.274,-44.638,-44.511,-0.128,1763.902,1917.795,1610.008
2023-12-22,1713.57,1726.91,1709.56,1715.79,4122300,1709.74,1755.76,1837.893,42.035,-41.934,-43.995,2.062,1755.76,1901.092,1610.429
2023-12-25,1722.02,1728.69,1713.12,1720.68,3604700,1717.124,1748.821,1835.678,42.91,-38.947,-42.986,4.039,1748.821,1886.344,1611.297
2023-12-26,1728.69,1736.25,1719.79,1730.92,4955200,1721.93,1741.836,1833.365,44.791,-35.346,-41.458,6.112,1741.836,1866.947,1616.726
2023-12-27,1747.82,1762.5,1741.59,1756.72,8617200,1727.09,1737.655,1830.571,49.319,-30.064,-39.179,9.115,1737.655,1854.199,1621.111
2023-12-28,1736.32,1747.65,1725.89,1744.93,6523100,1733.808,1731.928,1827.693,47.406,-26.523,-36.648,10.125,1731.928,1833.57,1630.285
2023-12-29,1725.44,1743.12,1716.82,1726.8,6485000,1736.01,1725.516,1822.744,44.543,-24.893,-34.297,9.404,1725.516,1809.022,1642.01
2024-01-04,1763.06,1802.05,1743.12,1796.61,11536700,1751.196,1724.864,1819.849,55.648,-17.764,-30.99,13.227,1724.864,1805.767,1643.961
2024-01-05,1783.92,1796.61,1775.76,1796.61,5544800,1764.334,1725.102,1816.101,55.648,-11.975,-27.187,15.212,1725.102,1806.856,1643.347
2024-01-09,1773.49,1788.9,1758.08,1770.32,6880100,1767.054,1723.713,1812.796,51.173,-9.401,-23.63,14.229,1723.713,1801.073,1646.353
2024-01-10,1769.86,1774.85,1759.89,1768.96,6063100,1771.86,1724.837,1809.562,50.944,-7.386,-20.381,12.996,1724.837,1804.217,1645.457
2024-01-11,1781.2,1795.7,1769.86,1774.85,6515500,1781.47,1728.724,1806.42,51.944,-5.252,-17.355,12.103,1728.724,1809.978,1647.47
2024-01-12,1805.22,1822.91,1784.37,1822.91,10343200,1786.73,1733.702,1804.843,59.243,0.313,-13.822,14.134,1733.702,1825.132,1642.272
2024-01-15,1848.75,1853.73,1838.77,1851.92,2664800,1797.792,1740.842,1802.726,62.905,6.983,-9.661,16.644,1740.842,1845.531,1636.153
2024-01-16,1859.63,1865.52,1843.31,1862.35,6625200,1816.198,1750.194,1801.591,64.153,12.962,-5.136,18.098,1750.194,1863.312,1637.076
2024-01-17,1863.25,1870.05,1818.37,1818.37,8496500,1826.08,1759.104,1799.123,55.655,13.99,-1.311,15.301,1759.104,1863.466,1654.742
2024-01-18,1804.77,1804.77,1804.77,1804.77,8020600,1832.064,1764.821,1795.689,53.304,13.551,1.661,11.89,1764.821,1865.816,1663.826
2024-01-19,1811.57,1812.02,1795.7,1806.58,6818400,1828.798,1770.962,1793.056,53.585,13.197,3.969,9.229,1770.962,1865.962,1675.962
2024-01-22,1801.6,1814.74,1789.36,1814.74,7361500,1821.362,1776.354,1790.738,54.903,13.421,5.859,7.562,1776.354,1868.234,1684.475
2024-01-23,1823.36,1832.88,1802.5,1811.57,6041700,1811.206,1780.387,1789.077,54.258,13.19,7.325,5.865,1780.387,1870.94,1689.834
2024-01-24,1817.01,1828.35,1807.04,1812.02,5160900,1809.936,1785.421,1789.498,54.34,12.894,8.439,4.455,1785.421,1870.861,1699.981
2024-01-25,1826.99,1832.88,1803.41,1803.41,4801600,1809.664,1789.802,1788.821,52.406,11.829,9.117,2.712,1789.802,1868.964,1710.64
2024-01-26,1836.05,1850.56,1798.42,1799.33,7626000,1808.214,1793.734,1788.508,51.471,10.534,9.401,1.134,1793.734,1865.948,1721.521
2024-01-29,1844.21,1880.93,1842.4,1873.23,11397300,1819.912,1800.85,1789.886,64.0,15.295,10.579,4.716,1800.85,1875.021,1726.679
2024-01-30,1858.72,1869.6,1850.11,1861.89,4937000,1829.976,1806.108,1790.041,61.381,17.946,12.053,5.893,1806.108,1881.999,1730.218
2024-01-31,1863.25,1865.07,1847.84,1854.19,4634400,1838.41,1811.572,1790.06,59.598,19.204,13.483,5.721,1811.572,1884.595,1738.548
2024-02-01,1836.05,1852.37,1831.97,1848.75,4204200,1847.478,1817.669,1790.121,58.309,19.537,14.694,4.843,1817.669,1880.55,1754.788
2024-02-02,1829.71,1834.24,1816.56,1831.97,5253900,1854.006,1819.437,1789.705,54.401,18.237,15.403,2.834,1819.437,1881.811,1757.063
2024-02-05,1843.76,1846.48,1821.55,1836.96,4276700,1846.752,1821.455,1789.13,55.359,17.408,15.804,1.605,1821.455,1883.328,1759.581
2024-02-06,1827.44,1836.96,1792.53,1792.53,7363100,1832.88,1822.565,1787.284,46.075,13.017,15.246,-2.23,1822.565,1881.291,1763.839
2024-02-07,1828.35,1841.95,1812.93,1835.6,7226200,1829.162,1825.897,1786.486,54.109,12.863,14.77,-1.907,1825.897,1879.122,1772.672
2024-02-08,1847.84,1849.65,1817.92,1818.82,5166200,1823.176,1828.096,1785.29,50.926,11.258,14.067,-2.81,1828.096,1875.787,1780.404
2024-02-09,1839.68,1859.17,1802.96,1809.3,8888700,1818.642,1827.415,1784.287,49.159,9.112,13.076,-3.964,1827.415,1875.801,1779.029
2024-02-13,1822.45,1858.72,1792.08,1825.63,18424000,1816.376,1826.1,1783.387,52.221,8.63,12.187,-3.557,1826.1,1873.092,1779.109
2024-02-14,1835.6,1841.95,1781.65,1790.72,10716700,1816.014,1822.519,1782.395,45.861,5.369,10.823,-5.454,1822.519,1868.791,1776.247
2024-02-15,1783.92,1787.54,1743.57,1752.64,9352300,1799.422,1819.232,1780.258,40.121,-0.285,8.602,-8.886,1819.232,1875.09,1763.375
2024-02-16,1780.74,1826.08,1777.57,1812.02,11800500,1798.062,1819.595,1779.398,50.521,0.026,6.887,-6.861,1819.595,1875.15,1764.04
2024-02-19,1813.38,1849.2,1808.85,1843.76,5756000,1804.954,1821.454,1780.08,55.018,2.801,6.07,-3.269,1821.454,1877.66,1765.248
2024-02-20,1851.47,1851.92,1821.09,1830.61,4548300,1805.95,1822.248,1780.855,52.874,3.894,5.634,-1.74,1822.248,1878.502,1765.993
2024-02-21,1813.38,1820.64,1784.37,1795.25,9860800,1806.856,1821.432,1780.798,47.512,1.885,4.885,-2.999,1821.432,1878.801,1764.062
2024-02-22,1818.37,1831.07,1813.38,1828.35,7730600,1821.998,1822.248,1782.436,52.38,2.931,4.494,-1.563,1822.248,1879.518,1764.978
2024-02-26,1830.16,1834.69,1796.16,1798.88,8323800,1819.37,1822.022,1784.471,48.102,1.365,3.868,-2.503,1822.022,1879.64,1764.403
2024-02-27,1797.97,1815.65,1795.7,1804.32,6407200,1811.482,1822.271,1786.09,48.932,0.557,3.206,-2.649,1822.271,1879.518,1765.024
2024-02-28,1813.38,1825.63,1799.33,1813.84,19063900,1808.128,1819.302,1788.185,50.424,0.677,2.7,-2.023,1819.302,1871.343,1767.26
2024-02-29,1846.03,1858.72,1804.77,1823.36,11897200,1813.75,1817.375,1791.146,51.937,1.523,2.465,-0.942,1817.375,1865.483,1769.267
2024-03-01,1825.17,1890.0,1825.17,1875.04,10894100,1823.088,1818.418,1795.843,59.213,6.291,3.23,3.061,1818.418,1870.614,1766.221
2024-03-04,1899.52,1924.91,1879.12,1886.37,7944900,1840.586,1820.298,1799.762,60.621,10.859,4.756,6.103,1820.298,1879.358,1761.239
2024-03-05,1877.76,1929.44,1875.95,1912.21,7912800,1862.164,1824.31,1804.331,63.698,16.375,7.08,9.295,1824.31,1896.213,1752.408
2024-03-06,1920.37,1948.48,1910.4,1945.31,6127200,1888.458,1829.728,1809.099,67.23,23.151,10.294,12.857,1829.728,1919.7,1739.756
2024-03-07,1957.55,1974.78,1945.31,1953.02,6710000,1914.39,1837.752,1813.541,68.011,28.81,13.997,14.813,1837.752,1941.352,1734.153
2024-03-08,1948.03,1971.15,1933.07,1966.62,6404500,1932.706,1844.304,1818.647,69.396,34.001,17.998,16.003,1844.304,1962.825,1725.782
2024-03-11,1927.63,1931.71,1845.57,1867.33,9571200,1928.898,1846.729,1821.678,51.771,29.76,20.35,9.41,1846.729,1965.04,1728.418
2024-03-12,1866.43,1879.12,1833.79,1871.41,6851900,1920.738,1849.834,1824.692,52.307,26.424,21.565,4.859,1849.834,1967.266,1732.403
2024-03-13,1885.01,1900.43,1847.39,1862.8,5027600,1904.236,1851.693,1827.33,51.018,22.822,21.816,1.005,1851.693,1968.687,1734.699
2024-03-14,1896.8,1948.48,1890.0,1914.93,8877300,1896.618,1857.904,1830.494,57.797,23.898,22.233,1.665,1857.904,1974.456,1741.351
2024-03-15,1946.67,2030.54,1943.04,2000.16,21225900,1903.326,1870.279,1835.599,66.067,31.268,24.04,7.228,1870.279,1992.211,1748.348
2024-03-18,2001.07,2018.3,1981.12,1999.26,5920300,1929.712,1879.642,1841.048,65.92,36.614,26.555,10.059,1879.642,2011.118,1748.165
2024-03-19,2018.75,2071.79,2014.67,2055.93,8852100,1966.616,1890.25,1846.234,70.385,44.906,30.225,14.681,1890.25,2042.183,1738.317
2024-03-21,2055.93,2097.63,2041.42,2095.37,8431000,2013.13,1903.488,1852.21,73.033,54.037,34.987,19.05,1903.488,2078.001,1728.975
2024-03-22,2095.37,2108.06,2052.3,2070.89,5957600,2044.322,1917.27,1858.221,68.914,58.622,39.714,18.908,1917.27,2099.172,1735.368
2024-03-25,2075.42,2078.59,2058.19,2062.73,4219400,2056.836,1928.989,1864.096,67.547,60.896,43.95,16.945,1928.989,2116.871,1741.107
2024-03-26,2086.3,2090.83,2053.66,2058.19,4721200,2068.622,1941.955,1869.763,66.753,61.621,47.484,14.136,1941.955,2127.811,1756.098
2024-03-27,2071.79,2086.75,2057.74,2057.74,5403200,2068.984,1954.626,1874.46,66.669,61.451,50.278,11.173,1954.626,2135.459,1773.792
2024-03-28,2064.99,2104.89,2060.0,2084.94,7133100,2066.898,1968.18,1879.12,69.182,62.787,52.78,10.007,1968.18,2145.182,1791.179
2024-03-29,2130.27,2157.02,2109.87,2128.91,6187300,2078.502,1983.458,1884.451,72.758,66.626,55.549,11.077,1983.458,2160.574,1806.342
2024-04-01,2150.67,2151.13,2046.4,2066.35,10850300,2079.226,1993.023,1889.411,61.776,63.884,57.216,6.668,1993.023,2166.104,1819.943
2024-04-02,2103.53,2127.1,2084.49,2107.61,6522000,2089.11,2004.086,1895.468,65.477,64.299,58.632,5.666,2004.086,2176.744,1831.427
2024-04-03,2171.53,2212.33,2155.66,2176.06,12685500,2112.774,2017.278,1902.857,70.568,69.352,60.776,8.575,2017.278,2200.383,1834.173
2024-04-04,2215.96,2259.02,2212.33,2239.08,10420900,2143.602,2031.966,1911.344,74.323,77.547,64.13,13.417,2031.966,2236.627,1827.306
2024-04-05,2245.88,2293.93,2226.38,2239.53,14808800,2165.726,2046.292,1919.903,74.348,83.121,67.928,15.192,2046.292,2267.153,1825.431
2024-04-08,2264.01,2269.45,2199.64,2230.46,9821000,2198.548,2059.484,1928.272,72.799,85.816,71.506,14.31,2059.484,2291.542,1827.426
2024-04-09,2256.3,2256.3,2222.76,2237.26,4628700,2224.478,2077.981,1936.949,73.249,87.493,74.703,12.789,2077.981,2304.455,1851.506
2024-04-10,2210.97,2244.06,2207.8,2241.8,4472800,2237.626,2096.5,1945.799,73.564,88.172,77.397,10.774,2096.5,2312.169,1880.831
2024-04-11,2269.9,2356.49,2264.92,2328.39,12638000,2255.488,2119.779,1954.902,78.704,94.606,80.839,13.767,2119.779,2329.67,1909.889
2024-04-12,2327.03,2355.59,2302.55,2352.41,7536500,2278.064,2141.654,1964.712,79.873,100.485,84.768,15.717,2141.654,2352.836,1930.471
2024-04-15,2356.49,2382.79,2327.48,2346.07,9349800,2301.186,2158.949,1974.55,78.646,103.44,88.503,14.938,2158.949,2377.857,1940.041
2024-04-16,2319.32,2324.31,2253.58,2261.74,10274100,2306.082,2172.073,1982.81,64.458,97.85,90.372,7.478,2172.073,2381.957,1962.189
2024-04-17,2242.25,2260.38,2179.24,2201.45,8699200,2298.012,2179.349,1990.199,56.597,87.545,89.807,-2.261,2179.349,2382.254,1976.444
2024-04-18,2110.78,2161.55,2090.38,2151.58,9650600,2262.65,2182.16,1996.492,51.051,74.496,86.744,-12.249,2182.16,2381.696,1982.623
2024-04-19,2130.73,2264.92,2103.53,2184.22,28033000,2229.012,2187.826,2004.325,54.214,66.027,82.601,-16.574,2187.826,2380.372,1995.28
2024-04-22,2167.9,2213.69,2127.1,2166.54,10103700,2193.106,2193.016,2010.944,52.245,57.229,77.526,-20.298,2193.016,2376.759,2009.274
2024-04-23,2194.2,2201.45,2169.71,2171.98,5429700,2175.154,2198.706,2018.007,52.813,50.117,72.045,-21.927,2198.706,2371.597,2025.815
2024-04-24,2202.36,2220.49,2195.56,2207.8,4600400,2176.424,2206.209,2025.977,56.482,46.832,67.002,-20.17,2206.209,2365.859,2046.559
2024-04-25,2194.2,2200.09,2139.34,2139.79,5621500,2174.066,2208.952,2032.261,48.733,38.299,61.261,-22.962,2208.952,2361.559,2056.344
2024-04-26,2142.51,2172.43,2137.98,2151.58,6020900,2167.538,2210.085,2039.478,50.014,32.118,55.433,-23.315,2210.085,2360.511,2059.659
2024-04-30,2151.58,2186.94,2139.79,2169.26,6553200,2168.082,2215.23,2047.81,51.951,28.319,50.01,-21.691,2215.23,2351.311,2079.15
2024-05-01,2139.79,2146.59,2098.54,2131.63,5706800,2160.012,2216.432,2054.202,47.712,22.019,44.412,-22.393,2216.432,2348.888,2083.975
2024-05-02,2104.43,2132.09,2097.18,2118.94,5039200,2142.24,2213.576,2059.706,46.339,15.819,38.693,-22.874,2213.576,2352.025,2075.126
2024-05-07,2160.65,2165.63,2103.07,2139.79,5100200,2142.24,2208.611,2065.89,48.939,12.445,33.444,-20.999,2208.611,2350.293,2066.929
2024-05-08,2143.87,2152.03,2113.5,2115.77,3599400,2135.078,2202.423,2072.3,46.164,7.743,28.304,-20.56,2202.423,2349.14,2055.706
2024-05-09,2157.47,2157.47,2128.46,2147.05,3769100,2130.636,2198.252,2078.674,50.13,6.467,23.936,-17.469,2198.252,2346.349,2050.156
2024-05-10,2165.63,2205.53,2162.91,2197.82,4841100,2143.874,2196.28,2086.653,55.82,9.443,21.038,-11.595,2196.28,2343.236,2049.325
2024-05-13,2162.46,2175.15,2146.14,2169.71,4755000,2154.028,2192.676,2093.961,52.264,9.425,18.715,-9.29,2192.676,2338.463,2046.889
2024-05-14,2205.98,2233.18,2135.71,2166.54,13333000,2159.378,2184.583,2101.015,51.863,9.05,16.782,-7.732,2184.583,2315.901,2053.266
2024-05-15,2167.0,2200.54,2162.91,2165.64,8253700,2169.352,2175.245,2107.86,51.742,8.582,15.142,-6.56,2175.245,2280.235,2070.255
2024-05-16,2166.09,2173.34,2115.77,2129.82,7319700,2165.906,2164.432,2112.956,47.023,5.259,13.165,-7.906,2164.432,2233.871,2094.994
2024-05-17,2134.81,2142.06,2116.67,2137.07,4351000,2153.756,2158.199,2117.97,48.055,3.175,11.167,-7.992,2158.199,2211.324,2105.074
2024-05-20,2148.86,2237.26,2148.86,2226.84,8872600,2165.182,2159.468,2124.262,58.772,8.667,10.667,-2.0,2159.468,2217.895,2101.042
2024-05-21,2194.2,2232.28,2190.57,2212.33,4512100,2174.34,2162.506,2129.603,56.734,11.713,10.876,0.837,2162.506,2225.355,2099.657
2024-05-22,2191.93,2205.53,2172.44,2175.61,5050700,2176.334,2162.076,2134.055,51.837,11.037,10.909,0.129,2162.076,2224.414,2099.737
2024-05-23,2171.07,2172.89,2117.58,2169.71,4815200,2184.312,2162.234,2138.116,51.074,9.911,10.709,-0.798,2162.234,2224.636,2099.832
2024-05-24,2152.03,2162.01,2127.55,2149.77,3875700,2186.852,2161.124,2143.765,48.477,7.326,10.032,-2.707,2161.124,2223.586,2098.661
2024-05-27,2165.64,2181.96,2147.5,2165.64,3440500,2174.612,2159.016,2149.65,50.629,6.482,9.322,-2.84,2159.016,2217.569,2100.462
2024-05-28,2173.8,2207.8,2173.34,2189.21,4084600,2169.988,2161.486,2156.178,53.72,7.628,8.984,-1.356,2161.486,2220.79,2102.183
2024-05-29,2221.4,2247.24,2199.18,2206.44,6012900,2176.154,2164.23,2162.008,55.893,9.813,9.149,0.663,2164.23,2226.599,2101.86
2024-05-30,2161.1,2172.44,2141.15,2154.75,6210400,2173.162,2163.504,2165.1,48.529,7.29,8.777,-1.488,2163.504,2225.965,2101.043
2024-05-31,2139.79,2198.73,2137.98,2197.37,10386500,2182.682,2166.791,2169.062,53.92,8.629,8.748,-0.118,2166.791,2229.108,2104.474
2024-06-03,2235.0,2255.85,2227.29,2252.22,6422100,2199.998,2173.455,2172.988,59.761,13.956,9.79,4.167,2173.455,2242.381,2104.529
2024-06-04,2214.14,2230.46,2160.19,2167.45,10241900,2195.646,2174.838,2174.43,49.35,11.209,10.073,1.135,2174.838,2242.008,2107.668
2024-06-05,2103.53,2118.03,2094.91,2098.54,8318600,2174.066,2173.976,2174.983,42.819,3.431,8.745,-5.314,2173.976,2244.685,2103.268
2024-06-06,2099.9,2113.5,2089.02,2094.91,6746200,2162.098,2171.37,2175.626,42.5,-2.991,6.398,-9.389,2171.37,2249.693,2093.046
2024-06-07,2111.69,2118.94,2099.9,2107.15,3682600,2144.054,2166.836,2176.605,44.015,-7.013,3.716,-10.728,2166.836,2249.11,2084.562
2024-06-10,2114.41,2134.35,2111.69,2127.1,3792500,2119.03,2164.705,2177.993,46.489,-8.492,1.274,-9.766,2164.705,2248.851,2080.56
2024-06-11,2162.46,2165.18,2122.11,2124.38,5273400,2110.416,2162.598,2178.781,46.189,-9.771,-0.935,-8.836,2162.598,2248.641,2076.554
2024-06-12,2113.5,2163.37,2109.87,2153.39,5176700,2121.386,2161.985,2179.271,49.9,-8.347,-2.417,-5.93,2161.985,2248.111,2075.859
2024-06-13,2138.89,2143.87,2115.31,2118.03,4363900,2126.01,2161.395,2180.305,45.758,-9.958,-3.925,-6.032,2161.395,2248.603,2074.188
2024-06-14,2093.55,2132.09,2089.02,2123.93,5083200,2129.366,2160.738,2180.631,46.555,-10.635,-5.267,-5.368,2160.738,2248.911,2072.566
2024-06-17,2122.57,2122.57,2052.3,2056.38,5311400,2115.222,2152.216,2178.237,39.414,-16.434,-7.501,-8.933,2152.216,2246.244,2058.187
2024-06-18,2091.29,2092.65,2058.65,2061.37,3690500,2102.62,2144.668,2174.683,40.144,-20.391,-10.079,-10.312,2144.668,2242.536,2046.799
2024-06-19,2089.93,2099.9,2082.22,2083.58,3197200,2088.658,2140.066,2171.564,43.414,-21.488,-12.361,-9.127,2140.066,2240.431,2039.701
2024-06-20,2082.67,2107.15,2078.14,2099.45,3327700,2084.942,2136.553,2168.944,45.697,-20.836,-14.056,-6.78,2136.553,2237.466,2035.64
2024-06-21,2109.87,2137.53,2109.42,2109.42,6020200,2082.04,2134.536,2166.387,47.14,-19.292,-15.103,-4.189,2134.536,2235.948,2033.123
2024-06-24,2112.14,2113.95,2080.41,2099.9,3819500,2090.744,2131.248,2163.549,45.886,-18.623,-15.807,-2.816,2131.248,2232.678,2029.819
2024-06-25,2135.26,2166.09,2126.19,2165.18,7086500,2111.506,2130.047,2160.285,54.769,-12.678,-15.181,2.503,2130.047,2229.127,2030.967
2024-06-26,2170.62,2174.25,2151.13,2171.53,7066200,2129.096,2128.302,2156.667,55.534,-7.37,-13.619,6.249,2128.302,2222.841,2033.762
2024-06-27,2169.68,2173.37,2140.14,2149.83,5299300,2139.172,2128.056,2152.743,52.281,-4.858,-11.867,7.009,2128.056,2222.331,2033.78
2024-06-28,2188.15,2189.99,2166.91,2185.38,5256400,2154.364,2127.456,2151.215,56.75,0.001,-9.493,9.494,2127.456,2220.012,2034.9
2024-07-01,2192.3,2229.69,2186.3,2223.23,6705600,2179.03,2126.006,2151.651,60.944,6.828,-6.229,13.057,2126.006,2210.929,2041.084
2024-07-02,2245.39,2298.02,2234.31,2298.02,8120700,2205.598,2132.535,2154.58,67.625,18.064,-1.37,19.435,2132.535,2246.113,2018.957
2024-07-03,2262.93,2280.94,2245.39,2277.24,6063400,2226.74,2141.47,2156.44,64.332,25.005,3.905,21.1,2141.47,2270.81,2012.13
2024-07-04,2289.71,2295.25,2272.63,2285.09,4742000,2253.792,2150.979,2158.811,65.025,30.783,9.28,21.503,2150.979,2293.226,2008.732
2024-07-05,2285.09,2315.1,2268.01,2271.7,5192800,2271.056,2159.206,2160.806,62.785,33.892,14.203,19.689,2159.206,2309.582,2008.831
2024-07-08,2264.78,2283.24,2249.08,2253.24,4806800,2277.058,2165.514,2161.714,59.73,34.468,18.256,16.213,2165.514,2320.723,2010.304
2024-07-09,2243.54,2248.16,2208.46,2227.39,5577600,2262.932,2170.664,2163.466,55.646,32.465,21.098,11.368,2170.664,2326.959,2014.369
2024-07-10,2227.39,2249.54,2218.15,2229.69,3997200,2253.422,2174.479,2165.029,55.935,30.709,23.02,7.689,2174.479,2332.711,2016.247
2024-07-11,2246.31,2294.78,2245.85,2287.86,5583100,2253.976,2182.971,2167.401,62.57,33.624,25.141,8.483,2182.971,2346.584,2019.357
2024-07-12,2256.01,2290.17,2247.24,2256.01,5097900,2250.838,2189.574,2169.888,57.468,32.984,26.709,6.274,2189.574,2353.815,2025.334
2024-07-16,2275.86,2306.79,2274.47,2274.47,5002600,2255.084,2200.479,2172.999,59.528,33.579,28.083,5.495,2200.479,2356.225,2044.733
2024-07-17,2274.93,2291.55,2263.39,2270.78,4639000,2263.762,2210.949,2175.619,58.913,33.368,29.14,4.228,2210.949,2355.038,2066.861
2024-07-18,2273.09,2300.79,2268.01,2279.55,5043400,2273.734,2220.748,2178.894,59.971,33.522,30.017,3.505,2220.748,2354.661,2086.835
2024-07-19,2262.47,2280.47,2234.31,2234.31,5706200,2263.024,2227.491,2180.639,52.47,29.652,29.944,-0.292,2227.491,2348.662,2106.32
2024-07-22,2219.54,2227.85,2181.68,2189.99,5409400,2249.82,2231.52,2180.483,46.354,22.746,28.504,-5.758,2231.52,2340.951,2122.088
2024-07-23,2178.45,2210.31,2162.76,2186.3,4786700,2232.186,2235.84,2180.815,45.875,16.782,26.16,-9.377,2235.84,2329.007,2142.672
2024-07-24,2157.22,2180.3,2126.29,2135.98,5020900,2205.226,2234.38,2180.203,39.825,7.904,22.509,-14.604,2234.38,2332.967,2135.792
2024-07-25,2105.98,2117.06,2075.51,2079.2,5906600,2165.156,2229.763,2178.475,34.325,-3.671,17.273,-20.944,2229.763,2347.524,2112.002
2024-07-26,2079.2,2119.36,2066.28,2088.43,5229200,2135.98,2226.693,2177.647,35.875,-11.962,11.426,-23.388,2226.693,2355.876,2097.51
2024-07-29,2120.29,2156.29,2107.82,2133.67,5029200,2124.716,2224.108,2177.579,42.981,-14.712,6.198,-20.91,2224.108,2358.727,2089.488
2024-07-30,2093.97,2107.36,2080.59,2090.74,12994600,2105.604,2217.483,2174.857,38.609,-20.124,0.934,-21.058,2217.483,2364.732,2070.234
2024-07-31,2081.97,2159.53,2055.2,2147.52,6821100,2107.912,2209.958,2173.561,46.378,-19.605,-3.174,-16.431,2209.958,2355.246,2064.67
2024-08-01,2143.83,2147.98,2072.74,2087.05,5511700,2109.482,2200.448,2171.789,40.5,-23.799,-7.299,-16.5,2200.448,2351.958,2048.939
2024-08-02,1985.03,2016.88,1928.25,1943.48,8445200,2080.492,2183.368,2167.265,30.587,-38.267,-13.492,-24.774,2183.368,2368.084,1998.652
2024-08-05,1731.13,1767.14,1569.56,1643.88,13963900,1982.534,2151.977,2157.147,19.733,-73.065,-25.407,-47.658,2151.977,2451.312,1852.642
2024-08-06,1818.84,1869.16,1745.9,1846.54,10749100,1933.694,2131.642,2150.765,36.22,-83.33,-36.992,-46.338,2131.642,2456.206,1807.078
2024-08-07,1763.44,1901.01,1738.05,1826.69,10525900,1869.528,2111.607,2143.515,35.452,-92.006,-47.994,-44.011,2111.607,2459.889,1763.325
2024-08-08,1826.23,1896.39,1818.84,1865.0,7679500,1825.118,2093.372,2136.686,38.177,-94.698,-57.335,-37.363,2093.372,2453.605,1733.14
2024-08-09,1927.79,1972.56,1862.23,1890.85,12720500,1814.592,2073.522,2131.408,40.017,-93.667,-64.602,-29.065,2073.522,2432.381,1714.663
2024-08-13,1985.95,2000.72,1938.86,1948.1,9281900,1875.436,2058.126,2126.422,43.993,-87.224,-69.126,-18.098,2058.126,2410.381,1705.872
2024-08-14,1938.4,1987.34,1912.55,1972.56,6734800,1900.64,2043.031,2120.829,45.651,-79.232,-71.147,-8.084,2043.031,2381.869,1704.193
2024-08-15,1975.33,2004.42,1970.26,1984.1,4913600,1932.122,2028.697,2117.162,46.456,-71.146,-71.147,0.001,2028.697,2350.811,1706.583
2024-08-16,2031.19,2073.66,2027.5,2069.51,5199700,1973.024,2018.195,2116.582,52.11,-57.187,-68.355,11.168,2018.195,2318.854,1717.536
2024-08-19,2023.34,2044.58,1995.18,1995.18,6195500,1993.89,2006.239,2114.587,47.417,-51.528,-64.989,13.462,2006.239,2289.21,1723.267
2024-08-20,2011.8,2027.04,1990.57,1994.26,4649400,2003.122,1996.452,2112.329,47.36,-46.581,-61.308,14.727,1996.452,2265.88,1727.024
2024-08-21,1929.63,1973.49,1926.86,1972.56,6222500,2003.122,1985.765,2109.238,45.96,-43.905,-57.827,13.922,1985.765,2240.014,1731.516
2024-08-22,1958.25,1973.95,1955.95,1967.49,4277800,1999.8,1977.34,2106.101,45.621,-41.712,-54.604,12.892,1977.34,2221.602,1733.079
2024-08-23,1969.33,1989.18,1960.1,1972.56,4636000,1980.41,1972.008,2102.484,46.05,-39.115,-51.506,12.392,1972.008,2211.518,1732.499
2024-08-26,1983.18,1990.57,1973.03,1979.95,3557700,1977.364,1966.585,2099.722,46.71,-36.044,-48.414,12.369,1966.585,2199.824,1733.345
2024-08-27,2012.73,2027.5,2007.65,2023.81,5665700,1983.274,1961.092,2097.72,50.573,-29.729,-44.677,14.948,1961.092,2182.644,1739.539
2024-08-28,1980.41,1998.88,1969.79,1997.03,5000900,1988.168,1956.406,2096.533,48.272,-26.579,-41.057,14.478,1956.406,2170.243,1742.569
2024-08-29,1997.03,2005.8,1987.8,1998.88,3548600,1994.446,1948.974,2095.283,48.447,-23.66,-37.578,13.918,1948.974,2144.382,1753.566
2024-08-30,2016.42,2016.88,2001.65,2003.03,5374200,2000.54,1944.773,2093.672,48.863,-20.773,-34.217,13.444,1944.773,2131.083,1758.463
2024-09-02,1993.34,2025.65,1986.41,2015.96,5611900,2007.742,1948.397,2092.002,50.214,-17.243,-30.822,13.579,1948.397,2137.401,1759.393
2024-09-03,2015.5,2029.34,2003.96,2009.96,5566100,2004.972,1966.701,2090.013,49.56,-14.759,-27.61,12.851,1966.701,2091.551,1841.851
2024-09-04,1891.32,1913.01,1870.08,1876.08,11144700,1980.782,1968.178,2085.537,37.746,-23.325,-26.753,3.428,1968.178,2087.625,1848.731
2024-09-05,1843.77,1901.93,1828.53,1874.24,8008700,1955.854,1970.556,2079.718,37.613,-29.917,-27.385,-2.531,1970.556,2079.583,1861.528
2024-09-06,1860.39,1870.54,1826.69,1841.46,8616200,1923.54,1969.378,2073.117,35.236,-37.355,-29.379,-7.976,1969.378,2083.589,1855.168
2024-09-09,1763.44,1811.45,1758.83,1801.76,9320400,1880.7,1964.924,2066.155,32.553,-45.925,-32.688,-13.236,1964.924,2097.503,1832.345
2024-09-10,1811.45,1821.61,1769.44,1775.45,6776900,1833.798,1956.292,2057.957,30.875,-54.214,-36.993,-17.22,1956.292,2113.65,1798.933
2024-09-11,1731.13,1738.05,1682.2,1694.2,11696700,1797.422,1942.374,2047.376,26.357,-66.572,-42.909,-23.663,1942.374,2138.21,1746.537
2024-09-12,1731.13,1742.21,1705.28,1715.43,8459900,1765.66,1928.94,2035.724,29.27,-73.802,-49.088,-24.714,1928.94,2148.185,1709.695
2024-09-13,1715.43,1732.05,1708.97,1723.28,8086200,1742.024,1911.628,2024.645,30.366,-77.999,-54.87,-23.129,1911.628,2138.677,1684.58
2024-09-17,1715.9,1728.36,1691.89,1707.12,9627900,1723.096,1897.225,2013.086,29.357,-81.688,-60.234,-21.454,1897.225,2138.084,1656.367
2024-09-18,1730.67,1746.36,1720.05,1746.36,8224000,1717.278,1884.83,2002.579,35.005,-80.517,-64.29,-16.227,1884.83,2130.137,1639.524
2024-09-19,1752.36,1768.98,1742.67,1758.83,7198300,1730.204,1874.144,1992.691,36.736,-77.687,-66.97,-10.717,1874.144,2121.968,1626.32
2024-09-20,1791.14,1814.22,1775.45,1792.53,7763400,1745.624,1865.396,1983.993,41.287,-71.896,-67.955,-3.941,1865.396,2111.693,1619.099
2024-09-24,1829.46,1830.84,1801.76,1820.69,5847600,1765.106,1857.803,1975.813,44.856,-64.293,-67.223,2.929,1857.803,2099.51,1616.095
2024-09-25,1832.69,1835.0,1802.22,1830.84,4824100,1789.85,1850.347,1966.673,46.128,-56.795,-65.137,8.342,1850.347,2085.295,1615.399
2024-09-26,1823.46,1851.15,1804.99,1829.92,9102900,1806.562,1840.653,1958.151,46.024,-50.346,-62.179,11.833,1840.653,2061.011,1620.294
2024-09-27,1793.45,1808.68,1760.67,1807.3,15810400,1816.256,1831.166,1948.808,43.441,-46.524,-59.048,12.524,1831.166,2039.168,1623.164
2024-09-30,1760.21,1791.14,1756.06,1789.3,9450200,1815.61,1820.687,1939.178,41.448,-44.435,-56.125,11.69,1820.687,2013.689,1627.685
2024-10-01,1806.84,1828.07,1800.37,1820.22,6912600,1815.516,1811.546,1929.992,46.029,-39.826,-52.865,13.04,1811.546,1984.458,1638.635
2024-10-02,1901.93,1917.63,1878.85,1900.55,16179300,1829.458,1805.776,1923.316,55.722,-29.352,-48.163,18.81,1805.776,1956.206,1655.346
2024-10-03,1946.71,1960.1,1908.4,1923.63,9648400,1848.2,1801.46,1917.989,58.053,-18.971,-42.324,23.353,1801.46,1930.679,1672.24
2024-10-04,2003.49,2016.42,1971.64,1999.8,12309200,1886.7,1807.645,1914.259,64.664,-4.545,-34.769,30.223,1807.645,1961.419,1653.872
2024-10-07,2035.81,2045.04,1995.18,1999.34,9957700,1928.708,1813.901,1911.526,64.598,6.772,-26.46,33.233,1813.901,1987.923,1639.878
2024-10-08,2031.19,2044.12,1993.34,2006.26,11040700,1965.916,1822.14,1910.068,65.176,16.114,-17.946,34.059,1822.14,2016.12,1628.161
2024-10-09,1969.79,1982.72,1935.63,1945.33,9000300,1974.872,1829.319,1907.206,56.442,18.389,-10.679,29.067,1829.319,2030.611,1628.027
2024-10-10,1958.25,1964.72,1938.4,1947.17,4363000,1979.58,1837.905,1903.476,56.631,20.108,-4.521,24.63,1837.905,2044.112,1631.698
2024-10-11,1967.49,1970.26,1933.33,1938.86,4593300,1967.392,1850.138,1900.438,55.461,20.564,0.496,20.068,1850.138,2049.359,1650.917
2024-10-15,1874.24,1898.24,1867.31,1875.62,9543200,1942.648,1858.147,1895.0,47.427,15.641,3.525,12.116,1858.147,2047.186,1669.109
2024-10-16,1865.93,1883.47,1851.15,1873.31,6684300,1916.058,1865.649,1890.725,47.158,11.422,5.104,6.318,1865.649,2043.744,1687.554
2024-10-17,1885.78,1893.62,1862.23,1862.69,7561400,1899.53,1873.428,1889.109,45.872,7.139,5.511,1.628,1873.428,2035.211,1711.644
2024-10-18,1877.47,1877.93,1847.92,1849.31,5629400,1879.958,1878.575,1893.218,44.234,2.635,4.936,-2.301,1878.575,2029.524,1727.626
2024-10-21,1855.31,1863.16,1844.23,1845.61,5268000,1861.308,1882.914,1893.199,43.769,-1.22,3.705,-4.924,1882.914,2024.04,1741.788
2024-10-22,1846.54,1854.85,1830.38,1841.92,5425900,1854.568,1885.384,1893.504,43.28,-4.52,2.06,-6.58,1885.384,2021.489,1749.278
2024-10-23,1844.69,1854.85,1835.92,1836.38,5405500,1847.182,1886.168,1892.932,42.512,-7.496,0.149,-7.644,1886.168,2020.877,1751.459
2024-10-24,1826.23,1841.92,1818.38,1836.84,4601200,1842.012,1886.468,1891.851,42.603,-9.705,-1.822,-7.883,1886.468,2020.684,1752.252
2024-10-25,1833.61,1843.77,1812.84,1822.53,5476700,1836.656,1886.098,1889.34,40.456,-12.467,-3.951,-8.516,1886.098,2021.009,1751.188
2024-10-28,1772.68,1822.53,1768.98,1810.99,8795900,1829.732,1886.283,1886.109,38.76,-15.41,-6.243,-9.167,1886.283,2020.749,1751.817
2024-10-29,1809.61,1839.61,1809.15,1835.46,4895600,1828.44,1888.591,1883.136,44.111,-15.588,-8.112,-7.476,1888.591,2017.519,1759.663
2024-10-30,1841.46,1857.16,1838.23,1845.61,6480500,1830.286,1889.86,1878.658,46.211,-14.739,-9.437,-5.302,1889.86,2016.432,1763.289
2024-10-31,1853.0,1860.39,1841.92,1859.0,5464900,1834.718,1887.783,1875.934,48.936,-12.839,-10.118,-2.721,1887.783,2014.978,1760.588
2024-11-01,1865.0,1880.7,1848.38,1854.39,5428800,1841.09,1884.321,1873.137,48.034,-11.571,-10.408,-1.163,1884.321,2011.177,1757.465
2024-11-05,1883.47,1888.55,1862.23,1862.23,4234800,1851.338,1877.442,1870.93,49.731,-9.821,-10.291,0.47,1877.442,1992.283,1762.602
2024-11-06,1860.39,1896.39,1858.54,1865.0,6570700,1857.246,1870.725,1868.88,50.349,-8.117,-9.856,1.739,1870.725,1970.239,1771.212
2024-11-07,1886.7,1913.47,1876.54,1890.39,6346400,1866.202,1864.932,1867.237,55.716,-4.663,-8.818,4.154,1864.932,1942.234,1787.63
2024-11-08,1890.39,1900.55,1850.69,1852.54,7132700,1864.91,1860.292,1864.689,47.477,-4.924,-8.039,3.115,1860.292,1927.795,1792.79
2024-11-11,1854.39,1871.47,1843.31,1853.92,5822500,1864.816,1855.63,1861.291,47.78,-4.962,-7.424,2.461,1855.63,1909.338,1801.922
2024-11-12,1855.77,1908.4,1849.77,1879.78,10223400,1868.326,1852.676,1858.946,53.229,-2.873,-6.513,3.641,1852.676,1891.564,1813.788
2024-11-13,1870.54,1888.55,1854.39,1873.31,10062700,1869.988,1852.56,1856.435,51.773,-1.719,-5.554,3.836,1852.56,1891.174,1813.947
2024-11-14,1865.0,1877.93,1846.54,1846.54,7345900,1861.218,1851.222,1853.305,46.15,-2.931,-5.03,2.099,1851.222,1888.645,1813.799
2024-11-15,1859.93,1896.86,1851.15,1883.93,6607800,1867.496,1852.284,1850.664,53.712,-0.864,-4.197,3.332,1852.284,1892.199,1812.369
2024-11-18,1867.77,1885.32,1857.62,1883.93,5021900,1873.498,1854.015,1848.144,53.712,0.765,-3.204,3.969,1854.015,1896.319,1811.711
2024-11-19,1911.17,1914.86,1887.16,1896.39,5164900,1876.82,1856.554,1848.55,56.095,3.026,-1.958,4.984,1856.554,1902.658,1810.45
2024-11-20,1882.55,1897.32,1861.77,1865.0,6306900,1875.158,1857.708,1848.365,49.22,2.259,-1.115,3.374,1857.708,1903.424,1811.992
2024-11-21,1828.53,1837.77,1820.22,1828.07,14007500,1871.464,1857.292,1848.097,42.605,-1.313,-1.154,-0.159,1857.292,1903.966,1810.619
2024-11-22,1830.84,1863.16,1826.69,1851.15,10617000,1864.908,1858.008,1849.085,47.366,-2.256,-1.375,-0.881,1858.008,1903.791,1812.225
2024-11-25,1865.0,1867.31,1854.39,1863.62,12121000,1860.846,1860.062,1850.848,49.79,-1.974,-1.495,-0.479,1860.062,1902.724,1817.401
2024-11-26,1855.31,1855.77,1814.22,1824.38,8752000,1846.444,1860.732,1853.452,43.069,-4.861,-2.168,-2.693,1860.732,1900.471,1820.993
2024-11-27,1820.69,1822.07,1794.37,1798.99,7193000,1833.242,1858.908,1855.123,39.367,-9.093,-3.553,-5.54,1858.908,1906.166,1811.651
2024-11-28,1798.99,1832.69,1798.99,1820.22,4886100,1831.672,1857.639,1857.062,43.723,-10.611,-4.965,-5.647,1857.639,1907.682,1807.596
2024-11-29,1820.22,1835.0,1813.76,1822.53,4618900,1825.948,1855.816,1859.37,44.193,-11.496,-6.271,-5.225,1855.816,1908.251,1803.38
2024-12-02,1822.53,1842.84,1821.61,1838.69,3805000,1820.962,1855.03,1861.217,47.496,-10.769,-7.17,-3.598,1855.03,1908.023,1802.038
2024-12-03,1828.53,1847.92,1828.53,1833.15,5744300,1822.716,1853.576,1862.703,46.48,-10.518,-7.84,-2.678,1853.576,1907.327,1799.826
2024-12-04,1853.0,1856.69,1833.61,1845.61,5285800,1832.04,1852.607,1863.765,49.115,-9.208,-8.113,-1.094,1852.607,1906.19,1799.024
2024-12-05,1829.92,1843.77,1829.92,1839.15,4917300,1835.826,1850.045,1864.134,47.801,-8.592,-8.209,-0.383,1850.045,1900.849,1799.241
2024-12-06,1834.54,1843.31,1829.92,1840.07,4407300,1839.334,1849.422,1864.319,48.014,-7.938,-8.155,0.217,1849.422,1900.402,1798.441
2024-12-09,1838.69,1843.31,1812.38,1823.92,6147400,1836.38,1847.921,1864.199,44.571,-8.623,-8.249,-0.375,1847.921,1900.096,1795.747
2024-12-10,1852.08,1858.08,1829.92,1829.92,5844800,1835.734,1845.428,1864.651,46.117,-8.584,-8.316,-0.268,1845.428,1895.932,1794.925
2024-12-11,1828.53,1832.23,1816.99,1818.84,5987000,1830.38,1842.705,1865.242,43.693,-9.338,-8.52,-0.818,1842.705,1892.75,1792.66
2024-12-12,1830.38,1838.23,1822.99,1829.46,6607800,1828.442,1841.851,1865.427,46.591,-8.976,-8.611,-0.365,1841.851,1892.203,1791.499
2024-12-13,1818.84,1830.38,1807.76,1812.38,7379800,1822.904,1838.274,1863.663,42.778,-9.953,-8.88,-1.073,1838.274,1886.143,1790.404
2024-12-16,1816.07,1816.07,1797.14,1805.91,6958700,1819.302,1834.372,1861.309,41.396,-11.12,-9.328,-1.793,1834.372,1879.195,1789.55
2024-12-17,1805.91,1810.99,1784.68,1784.68,7054800,1810.254,1828.787,1857.006,37.155,-13.602,-10.183,-3.419,1828.787,1868.635,1788.939
2024-12-18,1785.6,1809.61,1784.68,1791.14,5251800,1804.714,1825.094,1852.842,39.196,-14.876,-11.121,-3.755,1825.094,1864.499,1785.689
2024-12-19,1781.91,1794.37,1775.91,1785.14,6659800,1795.85,1822.947,1848.42,37.963,-16.183,-12.134,-4.05,1822.947,1866.162,1779.733
2024-12-20,1798.53,1805.91,1787.91,1792.53,8662100,1791.88,1820.017,1845.364,40.449,-16.434,-12.994,-3.44,1820.017,1863.129,1776.904
2024-12-23,1795.76,1812.84,1787.91,1810.07,5097800,1792.712,1817.339,1842.622,45.981,-15.043,-13.404,-1.64,1817.339,1855.406,1779.272
2024-12-24,1816.07,1824.84,1809.61,1820.69,4606300,1799.914,1817.154,1840.259,49.067,-12.935,-13.31,0.375,1817.154,1855.113,1779.196
2024-12-25,1835.46,1839.61,1820.22,1835.46,6055700,1808.778,1818.978,1839.455,53.08,-9.958,-12.64,2.681,1818.978,1856.766,1781.19
2024-12-26,1837.77,1842.84,1832.23,1835.46,10809100,1818.842,1819.74,1838.698,53.08,-7.512,-11.614,4.102,1819.74,1858.241,1781.239
2024-12-27,1835.46,1856.22,1834.51,1852.92,7373000,1830.92,1821.26,1838.503,57.655,-4.117,-10.115,5.997,1821.26,1862.524,1779.995
2024-12-30,1859.05,1871.79,1852.44,1859.52,5882600,1840.81,1822.301,1838.707,59.272,-0.884,-8.269,7.385,1822.301,1866.374,1778.228
2025-01-06,1877.92,1892.08,1872.73,1891.61,11781800,1854.994,1825.224,1839.627,66.057,4.219,-5.771,9.99,1825.224,1879.01,1771.438
2025-01-07,1886.42,1887.36,1855.28,1872.73,7903900,1862.448,1826.58,1840.243,59.75,6.663,-3.284,9.947,1826.58,1883.789,1769.371
2025-01-08,1870.85,1888.3,1854.8,1881.23,8022700,1871.602,1828.684,1841.14,61.531,9.18,-0.791,9.971,1828.684,1890.73,1766.638
2025-01-09,1871.32,1872.26,1844.9,1847.73,5745900,1870.564,1829.067,1841.358,51.803,8.375,1.042,7.333,1829.067,1891.502,1766.632
2025-01-10,1847.73,1855.75,1840.18,1840.18,4009800,1866.696,1829.88,1841.711,49.889,7.046,2.243,4.804,1829.88,1892.457,1767.303
2025-01-14,1885.95,1901.04,1860.47,1866.13,11519300,1861.6,1831.69,1842.814,55.918,7.995,3.393,4.602,1831.69,1896.333,1767.048
2025-01-15,1876.98,1882.64,1864.24,1878.4,4675700,1862.734,1834.669,1843.673,58.463,9.627,4.64,4.987,1834.669,1902.24,1767.097
2025-01-16,1880.28,1892.55,1872.26,1878.4,8491800,1862.168,1837.116,1844.329,58.463,10.795,5.871,4.924,1837.116,1907.383,1766.848
2025-01-17,1854.33,1859.99,1829.32,1859.99,5759900,1864.62,1839.496,1844.348,53.126,10.119,6.72,3.398,1839.496,1909.461,1769.531
2025-01-20,1854.33,1870.37,1843.95,1845.37,4545300,1865.658,1841.469,1844.168,49.279,8.307,7.038,1.269,1841.469,1909.649,1773.289
2025-01-21,1834.51,1840.18,1800.54,1803.37,10279000,1853.106,1842.404,1842.991,40.259,3.443,6.319,-2.876,1842.404,1907.76,1777.047
2025-01-22,1793.94,1800.54,1764.68,1764.68,11394800,1830.362,1841.08,1840.984,34.072,-3.494,4.356,-7.85,1841.08,1911.668,1770.493
2025-01-23,1765.63,1785.44,1757.13,1780.72,6866500,1810.826,1840.86,1838.791,38.305,-7.609,1.963,-9.572,1840.86,1912.208,1769.511
2025-01-24,1777.89,1788.75,1770.34,1780.72,5461300,1794.972,1840.269,1837.355,38.305,-10.747,-0.579,-10.168,1840.269,1913.473,1767.065
2025-01-27,1781.67,1792.05,1772.23,1780.72,4911400,1782.042,1838.802,1835.891,38.305,-13.083,-3.08,-10.003,1838.802,1915.641,1761.962
2025-01-28,1769.4,1776.95,1757.13,1765.15,4295700,1774.398,1836.025,1833.598,35.538,-16.006,-5.665,-10.341,1836.025,1919.36,1752.689
2025-01-29,1767.99,1775.53,1746.75,1747.22,6778700,1770.906,1831.612,1831.076,32.617,-19.544,-8.441,-11.103,1831.612,1923.933,1739.292
2025-01-30,1747.22,1756.19,1743.92,1750.06,5314700,1764.774,1827.342,1829.147,33.549,-21.866,-11.126,-10.741,1827.342,1926.556,1728.129
2025-01-31,1747.7,1767.04,1741.56,1764.68,7373500,1761.566,1822.93,1826.762,38.28,-22.27,-13.355,-8.916,1822.93,1925.157,1720.704
2025-02-03,1759.96,1761.38,1741.09,1741.09,8328700,1753.64,1817.009,1823.905,34.066,-24.215,-15.527,-8.688,1817.009,1923.924,1710.094
2025-02-04,1757.13,1760.44,1733.54,1740.15,6708900,1748.64,1809.436,1820.78,33.905,-25.538,-17.529,-8.009,1809.436,1915.556,1703.316
2025-02-05,1759.96,1766.1,1739.67,1751.0,4308800,1749.396,1803.349,1818.5,37.556,-25.418,-19.107,-6.311,1803.349,1908.139,1698.56
2025-02-06,1745.81,1758.55,1742.51,1753.36,3598700,1750.056,1796.956,1817.006,38.353,-24.846,-20.254,-4.591,1796.956,1897.245,1696.667
2025-02-07,1753.36,1761.85,1738.73,1758.55,3676700,1748.83,1792.497,1815.154,40.163,-23.7,-20.944,-2.757,1792.497,1891.199,1693.795
2025-02-10,1763.74,1790.16,1757.13,1787.33,5670700,1758.078,1789.854,1813.628,49.089,-20.237,-20.802,0.565,1789.854,1885.977,1693.732
2025-02-12,1807.15,1824.13,1790.63,1821.3,9794200,1774.308,1787.613,1813.566,57.204,-14.583,-19.558,4.975,1787.613,1878.177,1697.049
2025-02-13,1821.3,1835.46,1809.98,1816.58,7439300,1787.424,1784.522,1813.918,55.871,-10.364,-17.719,7.356,1784.522,1865.781,1703.263
2025-02-14,1830.74,1830.74,1776.01,1790.63,13713200,1794.878,1780.134,1813.326,49.099,-9.01,-15.977,6.968,1780.134,1848.503,1711.764
2025-02-17,1816.58,1820.36,1751.47,1756.66,10025200,1794.5,1774.967,1812.009,41.934,-10.556,-14.893,4.337,1774.967,1832.72,1717.214
2025-02-18,1766.1,1780.25,1749.11,1770.34,4930500,1791.102,1771.215,1810.642,45.39,-10.556,-14.026,3.47,1771.215,1818.514,1723.917
2025-02-19,1781.2,1803.37,1771.29,1773.65,6479600,1781.572,1769.73,1809.452,46.224,-10.172,-13.255,3.083,1769.73,1814.579,1724.88
2025-02-20,1793.94,1808.09,1776.01,1794.41,6797100,1777.138,1771.216,1808.428,51.253,-8.099,-12.224,4.125,1771.216,1817.314,1725.118
2025-02-21,1794.41,1820.83,1794.41,1807.15,5638300,1780.442,1772.538,1807.788,54.09,-5.366,-10.852,5.486,1772.538,1821.225,1723.85
2025-02-25,1792.99,1800.54,1781.67,1789.69,6007600,1787.048,1772.986,1806.78,49.811,-4.557,-9.593,5.036,1772.986,1822.154,1723.818
2025-02-26,1764.68,1769.87,1746.75,1759.49,8121400,1784.878,1771.924,1805.492,43.414,-6.28,-8.931,2.651,1771.924,1821.306,1722.543
2025-02-27,1771.76,1792.05,1770.82,1792.05,5161100,1788.558,1773.269,1804.734,50.757,-4.961,-8.137,3.176,1773.269,1823.334,1723.205
2025-02-28,1792.05,1806.2,1785.92,1799.13,7876600,1789.502,1775.865,1804.34,52.209,-3.306,-7.171,3.864,1775.865,1825.625,1726.105
2025-03-03,1821.3,1836.4,1807.15,1824.13,5369900,1792.898,1779.568,1804.234,57.029,0.022,-5.732,5.754,1779.568,1832.186,1726.951
2025-03-04,1788.27,1793.94,1763.74,1790.63,9190500,1793.086,1780.866,1803.799,49.784,-0.043,-4.594,4.551,1780.866,1833.216,1728.516
2025-03-05,1785.44,1805.26,1780.25,1805.26,6188900,1802.24,1784.075,1803.786,52.615,1.074,-3.46,4.535,1784.075,1833.968,1734.181
2025-03-06,1810.92,1815.64,1791.11,1801.49,6421400,1804.128,1787.142,1804.122,51.804,1.636,-2.441,4.077,1787.142,1833.049,1741.234
2025-03-07,1802.43,1823.66,1791.11,1821.3,6368400,1808.562,1790.656,1804.725,55.669,3.638,-1.225,4.863,1790.656,1835.669,1745.644
2025-03-10,1824.13,1852.44,1820.36,1843.95,6699000,1812.526,1795.186,1805.901,59.652,6.972,0.414,6.558,1795.186,1842.565,1747.807
2025-03-11,1834.51,1851.03,1815.17,1847.73,6278100,1823.946,1799.645,1807.005,60.294,9.806,2.292,7.513,1799.645,1849.241,1750.049
2025-03-12,1828.38,1858.11,1827.44,1851.97,4447800,1833.288,1802.877,1807.843,61.041,12.253,4.284,7.968,1802.877,1857.285,1748.469
2025-03-13,1868.49,1889.25,1866.13,1873.21,6796100,1847.632,1805.472,1808.894,64.635,15.725,6.572,9.152,1805.472,1867.937,1743.008
2025-03-14,1865.66,1881.7,1862.83,1873.68,5154700,1858.108,1808.327,1809.658,64.713,18.303,8.919,9.384,1808.327,1877.761,1738.894
2025-03-17,1890.19,1909.54,1889.72,1904.35,6245200,1870.188,1814.014,1811.036,69.426,22.561,11.647,10.914,1814.014,1895.008,1733.019
2025-03-18,1914.26,1947.28,1913.78,1945.4,8485300,1889.722,1823.45,1812.885,74.361,28.915,15.101,13.814,1823.45,1918.984,1727.917
2025-03-19,1943.04,1965.69,1936.43,1951.53,5447700,1909.634,1832.51,1814.726,75.01,34.052,18.891,15.161,1832.51,1940.403,1724.617
2025-03-21,1963.33,2005.32,1952.47,1985.5,9491300,1932.092,1843.103,1816.603,78.289,40.399,23.193,17.206,1843.103,1967.065,1719.14
2025-03-24,1983.62,1989.75,1964.27,1982.67,4505000,1953.89,1852.516,1818.802,77.378,44.685,27.491,17.194,1852.516,1988.88,1716.151
2025-03-25,1985.03,1997.77,1976.54,1995.41,4977800,1972.102,1861.928,1821.086,78.586,48.551,31.703,16.848,1861.928,2010.548,1713.309
2025-03-26,2005.32,2016.65,1996.36,2007.68,4910200,1984.558,1872.828,1824.285,79.709,52.005,35.763,16.241,1872.828,2030.819,1714.837
2025-03-27,2000.13,2022.31,1989.28,2022.31,5656400,1998.714,1885.969,1827.927,80.99,55.285,39.668,15.618,1885.969,2047.938,1724.0
2025-03-28,2019.48,2030.33,1985.98,1994.47,5823200,2000.508,1896.09,1830.494,71.713,55.005,42.735,12.27,1896.09,2058.645,1733.535
2025-03-31,1947.28,1960.97,1935.02,1941.62,7259000,1992.298,1903.214,1831.759,58.107,49.942,44.177,5.765,1903.214,2060.273,1746.156
2025-04-01,1994.47,2005.79,1960.5,1963.33,6042400,1985.882,1910.175,1833.457,61.351,47.138,44.769,2.369,1910.175,2064.795,1755.554
2025-04-02,1957.19,1959.08,1906.23,1917.09,5356600,1967.764,1916.498,1834.599,52.098,40.716,43.958,-3.243,1916.498,2060.514,1772.481
2025-04-03,1842.06,1870.37,1840.65,1868.02,8778400,1936.906,1919.635,1835.052,44.438,31.305,41.428,-10.122,1919.635,2055.977,1783.294
2025-04-04,1800.54,1822.25,1734.01,1771.76,13359100,1892.364,1918.149,1834.42,33.906,15.897,36.322,-20.425,1918.149,2060.433,1775.865
2025-04-07,1594.82,1637.76,1567.45,1603.31,17118100,1824.702,1907.25,1831.193,23.438,-9.794,27.098,-36.892,1907.25,2103.815,1710.684
2025-04-08,1669.37,1716.55,1666.54,1681.17,10847200,1768.27,1899.11,1829.202,33.637,-23.599,16.959,-40.558,1899.11,2118.828,1679.393
2025-04-09,1630.21,1630.68,1558.02,1578.31,15481300,1700.514,1885.64,1825.153,28.278,-42.352,5.097,-47.449,1885.64,2147.597,1623.682
2025-04-10,1736.37,1736.37,1674.56,1691.55,11055500,1665.22,1877.618,1823.37,39.673,-47.528,-5.428,-42.1,1877.618,2153.378,1601.859
2025-04-11,1634.45,1677.86,1608.98,1673.62,9865900,1645.592,1867.639,1821.539,38.627,-52.472,-14.837,-37.635,1867.639,2158.123,1577.155
2025-04-14,1692.96,1693.43,1669.37,1669.37,5909800,1658.804,1857.424,1819.982,38.368,-56.087,-23.087,-33.0,1857.424,2161.084,1553.763
2025-04-15,1698.62,1700.04,1678.34,1688.72,4136300,1660.314,1846.642,1818.756,40.325,-56.736,-29.817,-26.919,1846.642,2158.489,1534.795
2025-04-16,1698.62,1699.57,1663.24,1666.54,5698900,1677.96,1832.699,1816.793,38.804,-58.368,-35.527,-22.841,1832.699,2150.827,1514.571
2025-04-17,1675.03,1702.87,1666.54,1701.93,5214600,1680.036,1820.219,1816.01,42.529,-56.158,-39.653,-16.504,1820.219,2138.302,1502.136
2025-04-18,1728.82,1755.25,1721.74,1753.83,5177400,1696.078,1808.636,1816.283,47.569,-49.646,-41.652,-7.994,1808.636,2118.133,1499.138
2025-04-21,1716.08,1739.2,1709.01,1719.39,4264800,1706.082,1795.472,1815.651,44.764,-46.726,-42.667,-4.059,1795.472,2096.07,1494.873
2025-04-22,1709.01,1724.58,1704.76,1717.97,4309700,1711.932,1781.6,1814.943,44.647,-44.019,-42.937,-1.082,1781.6,2068.65,1494.549
2025-04-23,1745.81,1748.64,1717.5,1729.29,5738600,1724.482,1767.68,1814.358,45.861,-40.493,-42.448,1.955,1767.68,2034.883,1500.477
2025-04-24,1715.14,1723.16,1697.68,1702.4,8710700,1724.576,1751.684,1812.659,43.424,-39.415,-41.842,2.427,1751.684,1991.617,1511.752
2025-04-25,1708.06,1716.55,1705.23,1714.2,5689500,1716.65,1737.671,1810.517,44.81,-37.179,-40.909,3.73,1737.671,1948.922,1526.42
2025-04-28,1727.88,1734.01,1717.5,1722.22,5230300,1717.216,1726.701,1808.63,45.782,-34.364,-39.6,5.236,1726.701,1914.887,1538.515
2025-04-30,1720.8,1726.94,1703.82,1707.12,9319100,1715.046,1713.89,1806.96,44.204,-32.972,-38.274,5.303,1713.89,1865.599,1562.182
2025-05-01,1699.1,1717.97,1693.91,1717.97,5879900,1712.782,1703.934,1806.186,45.653,-30.639,-36.747,6.108,1703.934,1821.871,1585.998
2025-05-02,1717.5,1730.71,1705.23,1721.27,6995500,1716.556,1696.597,1805.205,46.112,-28.2,-35.038,6.838,1696.597,1786.471,1606.723
2025-05-07,1708.06,1713.25,1696.27,1709.01,8784900,1715.518,1693.46,1803.912,44.606,-26.945,-33.419,6.474,1693.46,1776.399,1610.52
2025-05-08,1708.53,1709.48,1697.21,1697.21,5538500,1710.516,1698.154,1801.968,43.145,-26.596,-32.055,5.459,1698.154,1769.416,1626.893
2025-05-09,1718.91,1733.54,1715.14,1726.46,6107800,1714.384,1700.419,1800.354,47.716,-23.686,-30.381,6.695,1700.419,1772.284,1628.554
2025-05-12,1750.53,1762.32,1741.09,1756.66,6737400,1722.122,1709.336,1799.694,52.005,-18.727,-28.05,9.323,1709.336,1757.881,1660.792
2025-05-13,1802.43,1802.43,1758.08,1784.97,10087800,1734.862,1714.008,1800.203,55.677,-12.371,-24.914,12.544,1714.008,1772.338,1655.677
2025-05-14,1807.62,1819.89,1780.25,1816.58,9380900,1756.376,1721.156,1800.694,59.41,-4.728,-20.877,16.149,1721.156,1792.281,1650.03
2025-05-15,1792.99,1834.51,1789.22,1805.26,6648500,1777.986,1727.95,1800.816,57.541,0.411,-16.619,17.031,1727.95,1804.036,1651.864
2025-05-16,1786.39,1789.22,1770.34,1783.08,5122600,1789.31,1732.668,1799.995,53.959,2.664,-12.763,15.426,1732.668,1810.2,1655.136
2025-05-19,1808.56,1818.47,1776.95,1779.31,3578100,1793.84,1738.306,1799.769,53.351,4.097,-9.391,13.488,1738.306,1811.891,1664.722
2025-05-20,1788.27,1794.88,1765.63,1772.7,3905400,1791.386,1741.845,1799.118,52.239,4.646,-6.583,11.23,1741.845,1814.869,1668.821
2025-05-21,1821.3,1830.74,1793.94,1818.47,7352700,1791.764,1745.077,1799.457,58.661,8.675,-3.532,12.206,1745.077,1825.664,1664.49
2025-05-22,1794.41,1801.49,1785.44,1792.99,4758700,1789.31,1748.757,1798.891,54.285,9.699,-0.886,10.585,1748.757,1831.108,1666.406
2025-05-23,1781.2,1785.44,1776.95,1779.31,4122100,1788.556,1751.824,1797.598,52.041,9.3,1.152,8.149,1751.824,1833.916,1669.732
2025-05-26,1792.99,1796.77,1782.61,1795.82,2745700,1791.858,1755.151,1796.56,54.486,10.199,2.961,7.238,1755.151,1838.775,1671.526
2025-05-27,1796.3,1808.56,1790.16,1806.68,2331800,1798.654,1760.365,1795.654,56.073,11.653,4.699,6.953,1760.365,1843.14,1677.589
2025-05-28,1821.3,1822.25,1807.62,1807.62,3955300,1796.484,1765.036,1794.343,56.216,12.734,6.306,6.428,1765.036,1847.385,1682.686
2025-05-29,1809.98,1843.95,1808.56,1843.95,5547400,1806.676,1771.122,1793.748,61.418,16.334,8.312,8.022,1771.122,1858.016,1684.228
2025-05-30,1834.51,1853.86,1832.16,1841.59,6496900,1819.132,1777.846,1792.493,60.912,18.781,10.406,8.375,1777.846,1864.697,1690.994
2025-06-02,1843.01,1851.03,1828.85,1841.12,4215100,1828.192,1784.003,1790.407,60.804,20.446,12.414,8.032,1784.003,1870.442,1697.564
2025-06-03,1849.61,1875.09,1838.29,1865.18,5288700,1839.892,1791.198,1788.68,64.28,23.437,14.618,8.818,1791.198,1879.587,1702.81
2025-06-04,1873.21,1890.66,1864.24,1868.49,6188300,1852.066,1799.172,1786.34,64.743,25.777,16.85,8.927,1799.172,1885.082,1713.263
2025-06-05,1854.33,1865.18,1843.95,1851.5,4302900,1853.576,1806.887,1783.717,60.413,25.961,18.672,7.289,1806.887,1881.167,1732.607
2025-06-06,1857.63,1865.18,1854.33,1863.77,3632600,1858.012,1813.752,1781.084,62.37,26.789,20.296,6.493,1813.752,1881.859,1745.646
2025-06-09,1880.28,1886.42,1868.02,1878.4,3838900,1865.468,1819.84,1778.498,64.617,28.299,21.896,6.403,1819.84,1888.221,1751.458
2025-06-10,1886.42,1901.52,1881.7,1900.1,5965800,1872.452,1825.596,1776.054,67.697,30.891,23.695,7.195,1825.596,1900.674,1750.518
2025-06-11,1910.95,1918.5,1901.04,1918.03,4607900,1882.36,1830.669,1774.525,70.02,33.999,25.756,8.243,1830.669,1916.167,1745.17
2025-06-12,1931.71,1960.5,1916.61,1944.93,7964600,1901.046,1837.652,1774.591,73.14,38.193,28.243,9.95,1837.652,1936.229,1739.075
2025-06-13,1949.64,2033.63,1947.28,2002.96,22589600,1928.884,1848.646,1775.384,78.37,45.673,31.729,13.944,1848.646,1968.373,1728.919
2025-06-16,2050.15,2058.17,1985.98,1994.94,13968200,1952.192,1859.428,1776.941,76.163,50.373,35.458,14.915,1859.428,1991.104,1727.751
2025-06-17,1978.43,2012.87,1969.93,1995.41,8651800,1971.254,1870.563,1779.489,76.205,53.519,39.07,14.449,1870.563,2008.859,1732.267
2025-06-18,2009.1,2041.18,1986.92,2038.35,13026100,1995.318,1881.557,1784.821,79.741,58.799,43.016,15.783,1881.557,2036.388,1726.726
2025-06-19,2033.63,2045.9,2006.26,2033.16,6632300,2012.964,1893.566,1793.418,78.228,61.852,46.783,15.069,1893.566,2056.515,1730.616
2025-06-20,2042.12,2051.09,2002.49,2002.49,10541600,2012.87,1904.724,1799.844,69.798,61.092,49.645,11.447,1904.724,2065.279,1744.17
2025-06-23,2049.67,2059.11,2018.53,2027.97,15351800,2019.476,1916.332,1808.837,72.454,61.834,52.083,9.751,1916.332,2077.302,1755.362
2025-06-24,1939.26,1960.97,1890.19,1890.19,19256700,1998.432,1920.508,1812.81,47.917,50.719,51.81,-1.091,1920.508,2073.643,1767.372
2025-06-25,1892.08,1909.54,1888.78,1904.35,8654100,1971.632,1925.344,1817.425,49.798,42.562,49.96,-7.398,1925.344,2069.303,1781.385
2025-06-26,1896.8,1909.07,1889.25,1904.35,10165900,1945.87,1928.364,1822.124,49.798,35.686,47.106,-11.419,1928.364,2067.59,1789.138
2025-06-27,1925.15,1929.99,1904.35,1925.64,10186600,1930.5,1932.566,1826.863,52.773,31.591,44.003,-12.412,1932.566,2065.705,1799.428
2025-06-30,1938.22,1959.5,1928.05,1959.5,8728700,1916.806,1938.486,1832.722,57.125,30.724,41.347,-10.623,1938.486,2064.86,1812.111
2025-07-01,1943.54,1952.25,1925.64,1934.34,4259500,1925.636,1941.944,1837.37,53.202,27.687,38.615,-10.928,1941.944,2063.568,1820.319
2025-07-02,1937.25,1958.05,1935.8,1957.08,5059400,1936.182,1946.373,1841.435,56.134,26.806,36.253,-9.447,1946.373,2063.087,1829.659
2025-07-03,1972.08,1981.76,1955.63,1981.76,5813400,1951.664,1952.886,1846.682,59.128,27.779,34.558,-6.779,1952.886,2061.57,1844.202
2025-07-04,1981.76,1987.08,1967.73,1987.08,3755300,1963.952,1959.052,1852.065,59.765,28.65,33.377,-4.727,1959.052,2060.178,1857.925
2025-07-07,1974.02,1974.99,1939.18,1955.63,4839500,1963.178,1962.913,1856.591,54.368,26.496,32.001,-5.504,1962.913,2056.704,1869.122
2025-07-08,1966.28,1988.53,1960.47,1984.18,5464600,1973.146,1967.117,1862.227,58.07,26.785,30.957,-4.173,1967.117,2056.487,1877.747
2025-07-09,1995.31,2036.43,1995.31,2032.56,7604900,1988.242,1972.844,1868.594,63.477,30.565,30.879,-0.314,1972.844,2063.636,1882.051
2025-07-10,2012.72,2031.11,1995.79,2006.43,5623200,1993.176,1975.919,1874.278,59.048,31.093,30.922,0.172,1975.919,2066.896,1884.941
2025-07-11,2006.43,2015.63,1987.08,2005.95,4712300,1996.95,1976.068,1880.255,58.966,31.115,30.96,0.155,1976.068,2067.242,1884.894
2025-07-14,2025.79,2028.69,2006.92,2010.31,3597600,2007.886,1976.836,1886.102,59.512,31.125,30.993,0.132,1976.836,2068.935,1884.738
2025-07-15,2004.98,2012.72,1993.86,2004.02,4580000,2011.854,1977.267,1891.757,58.307,30.277,30.85,-0.573,1977.267,2069.81,1884.724
2025-07-16,2004.5,2006.92,1981.76,2003.05,3799800,2005.952,1975.502,1897.638,58.112,29.19,30.518,-1.328,1975.502,2064.415,1886.589
2025-07-17,1990.47,1992.4,1969.18,1982.24,3423200,2001.114,1972.956,1903.338,53.935,26.345,29.683,-3.338,1972.956,2057.738,1888.174
2025-07-18,1988.53,1995.31,1973.05,1976.92,3125100,1995.308,1971.678,1908.347,52.888,23.392,28.425,-5.033,1971.678,2055.348,1888.007
2025-07-22,1974.5,1977.89,1948.86,1973.05,4371300,1987.856,1968.932,1912.675,52.096,20.503,26.841,-6.338,1968.932,2048.318,1889.545
2025-07-23,1993.37,2022.4,1987.57,2002.56,7071800,1987.564,1974.55,1917.027,57.342,20.36,25.545,-5.185,1974.55,2045.979,1903.121
2025-07-24,2020.47,2036.92,2016.6,2018.53,6306700,1990.66,1980.259,1921.066,59.901,21.29,24.694,-3.404,1980.259,2046.097,1914.421
2025-07-25,2026.76,2038.85,2014.18,2034.98,3264700,2001.208,1986.791,1925.66,62.403,23.088,24.372,-1.285,1986.791,2046.559,1927.022
2025-07-28,2034.98,2044.66,2018.53,2020.47,3254100,2009.918,1991.532,1930.408,58.911,23.076,24.113,-1.037,1991.532,2045.654,1937.41
2025-07-29,2020.47,2045.62,2013.69,2043.21,4213700,2023.95,1995.718,1935.686,62.456,24.618,24.214,0.404,1995.718,2052.301,1939.134
2025-07-30,2059.17,2064.01,2048.04,2056.27,14617000,2034.692,2001.814,1941.358,64.359,26.587,24.689,1.898,2001.814,2056.805,1946.823
2025-07-31,2064.98,2079.49,2060.62,2078.04,5064800,2046.594,2007.862,1946.549,67.33,29.564,25.664,3.9,2007.862,2068.458,1947.266
2025-08-01,2078.04,2089.65,2064.98,2088.69,4913800,2057.336,2013.209,1952.463,68.704,32.408,27.013,5.396,2013.209,2082.372,1944.045
2025-08-04,2003.05,2035.95,1992.4,2029.17,6634100,2059.076,2015.313,1957.46,54.822,29.52,27.514,2.006,2015.313,2083.685,1946.941
2025-08-05,2042.72,2061.11,2031.11,2048.53,3902700,2060.14,2019.958,1962.514,57.809,28.464,27.704,0.76,2019.958,2083.726,1956.19
2025-08-06,2053.37,2104.65,2052.88,2104.65,5037500,2069.816,2025.982,1968.474,65.025,31.79,28.521,3.269,2025.982,2097.774,1954.189
2025-08-07,2090.14,2118.68,2080.94,2118.2,4347700,2077.848,2030.263,1974.685,66.515,35.114,29.84,5.274,2030.263,2113.078,1947.449
2025-08-08,2113.36,2194.64,2105.62,2157.87,10682600,2091.684,2037.836,1980.964,70.478,40.483,31.969,8.515,2037.836,2137.461,1938.21
2025-08-12,2262.86,2326.73,2256.57,2310.76,17093000,2148.002,2053.076,1990.347,80.204,56.425,36.86,19.565,2053.076,2209.329,1896.823
2025-08-13,2288.51,2292.38,2260.44,2266.25,6964100,2191.546,2065.873,1998.85,72.695,64.721,42.432,22.289,2065.873,2247.277,1884.469
2025-08-14,2249.8,2262.86,2225.61,2235.77,5933300,2217.77,2077.461,2006.262,68.001,68.051,47.556,20.496,2077.461,2271.402,1883.519
2025-08-15,2249.32,2270.6,2236.74,2266.25,4861500,2247.38,2090.62,2014.217,70.082,72.317,52.508,19.809,2090.62,2298.519,1882.722
2025-08-18,2277.86,2293.34,2251.74,2255.12,4600100,2266.83,2104.264,2022.289,68.334,73.947,56.796,17.151,2104.264,2317.951,1890.578
2025-08-19,2254.64,2273.99,2237.22,2273.99,5491200,2259.476,2119.118,2030.494,69.713,75.886,60.614,15.272,2119.118,2336.796,1901.44
2025-08-20,2278.35,2317.54,2275.93,2297.22,6090400,2265.67,2135.326,2038.87,71.366,78.394,64.17,14.224,2135.326,2355.471,1915.182
2025-08-21,2303.02,2314.63,2292.38,2313.67,3579500,2281.25,2150.882,2047.141,72.51,80.778,67.492,13.286,2150.882,2375.448,1926.316
2025-08-22,2329.15,2358.66,2327.21,2349.95,6201200,2297.99,2167.453,2055.78,74.893,84.619,70.917,13.702,2167.453,2399.679,1935.227
2025-08-25,2383.34,2407.53,2359.15,2373.18,4835700,2321.602,2184.363,2064.345,76.309,88.518,74.437,14.08,2184.363,2425.071,1943.655
2025-08-26,2374.63,2380.92,2343.18,2354.31,4541100,2337.666,2201.055,2071.372,72.721,89.058,77.361,11.696,2201.055,2440.205,1961.905
2025-08-27,2333.99,2357.21,2328.18,2348.99,3816300,2348.02,2216.344,2078.453,71.697,88.042,79.497,8.544,2216.344,2452.078,1980.61
2025-08-28,2394.95,2457.36,2391.56,2450.59,8601900,2375.404,2236.06,2087.556,78.051,94.347,82.467,11.88,2236.06,2481.195,1990.925
2025-08-29,2477.2,2479.13,2426.88,2436.56,5713500,2392.726,2253.986,2095.521,75.529,97.093,85.392,11.7,2253.986,2502.873,2005.099
2025-09-01,2467.52,2489.3,2438.98,2460.75,5391200,2410.24,2272.589,2104.072,76.914,100.067,88.327,11.74,2272.589,2525.048,2020.13
2025-09-02,2481.07,2504.29,2473.81,2498.49,4704100,2439.076,2296.055,2113.992,78.919,104.268,91.516,12.752,2296.055,2540.362,2051.748
2025-09-03,2510.1,2520.26,2480.1,2486.88,6280800,2466.654,2317.972,2123.171,76.712,105.445,94.301,11.143,2317.972,2546.951,2088.994
2025-09-04,2466.07,2502.84,2455.43,2482.52,3936900,2473.04,2336.866,2135.017,75.854,104.817,96.405,8.413,2336.866,2553.771,2119.961
2025-09-05,2515.91,2521.71,2492.68,2521.23,4107500,2489.974,2357.018,2147.355,78.186,106.219,98.367,7.852,2357.018,2562.997,2151.038
2025-09-08,2513.97,2536.71,2480.1,2533.81,5641300,2504.586,2375.814,2159.944,78.9,107.11,100.116,6.994,2375.814,2573.73,2177.899
2025-09-09,2525.58,2526.55,2469.46,2491.71,5429100,2503.23,2384.862,2171.265,70.582,103.23,100.739,2.491,2384.862,2586.76,2182.964
2025-09-10,2525.58,2533.32,2497.52,2530.42,4194300,2511.938,2398.07,2182.684,73.363,102.101,101.011,1.09,2398.07,2601.851,2194.29
2025-09-11,2559.93,2581.71,2548.32,2571.55,4562300,2529.744,2414.86,2195.428,75.962,103.334,101.476,1.858,2414.86,2617.665,2212.054
2025-09-12,2581.22,2592.83,2553.64,2560.9,4345000,2537.678,2429.592,2207.504,73.95,102.273,101.635,0.638,2429.592,2629.734,2229.45
2025-09-16,2554.61,2588.0,2550.26,2568.64,5014300,2544.644,2445.268,2219.242,74.479,100.893,101.487,-0.593,2445.268,2636.799,2253.737
2025-09-17,2585.09,2586.54,2554.61,2554.61,4251300,2557.224,2459.299,2230.593,71.638,97.544,100.698,-3.154,2459.299,2638.732,2279.866
2025-09-18,2574.45,2575.42,2542.03,2544.94,4855200,2560.128,2471.685,2242.379,69.666,93.036,99.166,-6.13,2471.685,2637.708,2305.662
2025-09-19,2531.39,2557.51,2515.91,2528.49,8255800,2551.516,2482.426,2253.265,66.321,87.132,96.759,-9.627,2482.426,2632.429,2332.423
2025-09-22,2518.32,2557.03,2508.16,2552.68,3000400,2549.872,2492.562,2263.667,68.701,83.443,94.096,-10.653,2492.562,2631.891,2353.234
2025-09-24,2576.87,2626.7,2558.97,2626.7,5404300,2561.484,2505.239,2276.073,74.613,85.507,92.378,-6.871,2505.239,2644.965,2365.512
2025-09-25,2664.92,2679.44,2637.35,2651.38,5325400,2580.838,2520.092,2288.981,76.225,88.118,91.526,-3.408,2520.092,2655.351,2384.833
2025-09-26,2685.25,2714.28,2666.86,2685.25,6067500,2608.9,2536.905,2302.48,78.266,91.862,91.593,0.268,2536.905,2666.072,2407.738
2025-09-29,2684.28,2689.12,2649.44,2649.44,4062700,2633.09,2546.848,2315.389,71.299,90.891,91.453,-0.562,2546.848,2678.626,2415.069
2025-09-30,2578.32,2608.32,2533.81,2586.54,8239800,2639.862,2554.346,2327.058,61.024,84.077,89.978,-5.9,2554.346,2676.411,2432.282
2025-10-01,2567.19,2577.35,2541.06,2555.58,5496600,2625.638,2559.088,2338.525,56.693,75.311,87.044,-11.734,2559.088,2672.935,2445.241
2025-10-02,2573.97,2596.22,2548.32,2579.29,4178300,2611.22,2563.128,2350.573,59.087,69.476,83.531,-14.055,2563.128,2673.605,2452.651
2025-10-03,2530.9,2556.55,2501.39,2513.97,6586200,2576.964,2564.482,2361.391,50.76,58.902,78.605,-19.703,2564.482,2671.638,2457.327
2025-10-06,2583.64,2606.38,2558.48,2590.9,5526500,2565.256,2569.902,2373.158,58.227,56.083,74.1,-18.018,2569.902,2670.357,2469.446
2025-10-07,2626.22,2675.09,2616.54,2619.44,5550800,2571.836,2574.812,2385.176,60.613,55.512,70.383,-14.871,2574.812,2674.851,2474.773
2025-10-08,2661.05,2668.31,2642.18,2654.28,3798700,2591.576,2580.836,2397.562,63.365,57.211,67.748,-10.537,2580.836,2684.905,2476.766
2025-10-09,2645.57,2696.86,2632.99,2695.89,4255300,2614.896,2591.044,2411.07,66.385,61.21,66.441,-5.231,2591.044,2698.312,2483.777
2025-10-10,2657.18,2662.99,2588.48,2588.48,5144000,2629.798,2593.947,2421.976,54.008,55.077,64.168,-9.091,2593.947,2697.381,2490.514
2025-10-14,2549.77,2602.03,2522.68,2544.94,5694800,2620.606,2592.617,2431.749,49.943,46.171,60.568,-14.398,2592.617,2697.931,2487.303
2025-10-15,2552.68,2583.16,2551.23,2575.42,3528400,2611.802,2593.343,2441.697,52.631,41.098,56.674,-15.576,2593.343,2697.934,2488.752
2025-10-16,2602.99,2604.93,2580.25,2601.54,2901000,2601.254,2594.988,2451.954,54.867,38.74,53.087,-14.348,2594.988,2698.976,2491.0
2025-10-17,2567.68,2594.29,2564.29,2567.68,3595100,2575.612,2595.642,2462.724,51.474,33.749,49.22,-15.471,2595.642,2698.721,2492.562
2025-10-20,2602.51,2618.48,2580.25,2618.48,3384300,2581.612,2599.319,2474.123,55.882,33.507,46.077,-12.57,2599.319,2700.002,2498.635
2025-10-21,2642.67,2653.31,2600.58,2607.35,3269000,2594.094,2603.262,2484.177,54.71,32.047,43.271,-11.224,2603.262,2698.283,2508.24
2025-10-22,2597.19,2645.09,2592.35,2639.28,4469400,2606.866,2607.592,2494.599,57.467,33.086,41.234,-8.148,2607.592,2700.783,2514.4
2025-10-23,2657.67,2718.15,2648.96,2707.99,6239300,2628.156,2611.656,2505.601,62.726,39.003,40.788,-1.784,2611.656,2714.905,2508.407
2025-10-24,2720.08,2756.85,2715.24,2756.85,5171200,2665.99,2616.929,2514.523,65.95,47.093,42.049,5.044,2616.929,2737.963,2495.896
2025-10-27,2752.98,2811.04,2736.53,2802.33,6034100,2702.76,2622.784,2525.244,68.666,56.522,44.944,11.579,2622.784,2766.862,2478.705
2025-10-28,2803.3,2818.78,2727.82,2741.37,4464400,2729.564,2627.38,2535.356,61.575,58.403,47.636,10.767,2627.38,2780.614,2474.146
2025-10-29,2752.5,2755.88,2696.86,2696.86,4224900,2741.08,2632.896,2543.969,56.95,55.66,49.24,6.42,2632.896,2787.873,2477.919
2025-10-30,2721.53,2765.56,2716.69,2761.69,4928200,2751.82,2643.202,2554.1,61.487,58.049,51.002,7.047,2643.202,2803.839,2482.564
2025-10-31,2777.17,2778.62,2722.5,2749.11,5062000,2750.272,2651.692,2563.602,60.162,58.255,52.453,5.802,2651.692,2816.016,2487.369
2025-11-04,2751.53,2801.85,2744.76,2778.14,4898000,2745.434,2664.901,2573.221,62.187,60.068,53.976,6.093,2664.901,2825.028,2504.774
2025-11-05,2757.34,2763.14,2668.8,2746.69,6344900,2746.498,2672.69,2581.881,58.706,58.296,54.84,3.456,2672.69,2832.817,2512.564
2025-11-06,2755.88,2804.75,2755.88,2802.82,3701600,2767.69,2681.859,2590.939,62.718,60.72,56.016,4.704,2681.859,2849.951,2513.768
2025-11-07,2786.37,2812.49,2779.11,2801.85,3328900,2775.722,2689.238,2599.512,62.604,61.85,57.183,4.668,2689.238,2865.012,2513.464
2025-11-10,2855.55,2884.58,2855.55,2884.58,3898300,2802.816,2698.672,2610.117,67.922,68.631,59.472,9.158,2698.672,2895.003,2502.342
2025-11-11,2897.16,2904.9,2859.91,2868.13,4164700,2820.814,2712.655,2620.5,65.915,71.848,61.948,9.901,2712.655,2915.661,2509.649
2025-11-12,2895.23,2954.25,2889.9,2922.32,4828300,2855.94,2731.524,2629.935,69.149,77.873,65.133,12.741,2731.524,2938.998,2524.05
2025-11-13,2902.48,2944.58,2890.39,2918.45,5259000,2879.066,2748.676,2639.573,68.648,81.398,68.386,13.012,2748.676,2958.515,2538.836
2025-11-14,3078.11,3099.4,3004.57,3072.31,8507500,2933.158,2772.214,2651.804,76.07,95.505,73.81,21.696,2772.214,3015.509,2528.919
2025-11-17,3072.31,3108.11,3048.12,3074.24,5584600,2971.09,2797.542,2663.319,76.147,105.623,80.172,25.451,2797.542,3056.17,2538.914
2025-11-18,3028.76,3094.56,2980.38,2980.38,5946900,2993.54,2815.637,2673.189,65.252,104.86,85.11,19.75,2815.637,3072.147,2559.127
2025-11-19,3007.47,3028.76,2958.12,2975.54,5630300,3004.184,2834.046,2683.049,64.738,102.681,88.624,14.057,2834.046,3080.258,2587.835
2025-11-20,3009.41,3061.66,3004.57,3033.6,4119500,3027.214,2853.762,2693.297,67.997,104.434,91.786,12.648,2853.762,3097.444,2610.081
2025-11-21,2965.87,3067.47,2962.96,3067.47,8799300,3026.246,2871.736,2703.97,69.753,107.32,94.893,12.427,2871.736,3123.056,2620.417
2025-11-25,3096.5,3114.88,3065.53,3111.01,5154200,3033.6,2889.444,2716.356,71.889,111.832,98.281,13.551,2889.444,3156.12,2622.769
2025-11-26,3115.85,3206.81,3112.95,3183.59,6503900,3074.242,2908.508,2729.419,75.051,119.882,102.601,17.281,2908.508,3202.111,2614.904
2025-11-27,3225.2,3258.1,3201.97,3222.29,4439500,3123.592,2932.554,2742.434,76.565,127.91,107.663,20.247,2932.554,3246.585,2618.522
2025-11-28,3222.29,3246.49,3213.59,3223.26,4049400,3161.524,2958.874,2755.681,76.603,132.819,112.694,20.125,2958.874,3277.927,2639.82
2025-12-01,3193.26,3206.81,3079.08,3118.76,8160400,3171.782,2976.727,2766.684,64.388,126.816,115.518,11.297,2976.727,3289.216,2664.238
2025-12-02,3141.98,3167.14,3069.41,3069.41,5273800,3163.462,2992.742,2776.98,59.558,116.73,115.761,0.97,2992.742,3288.497,2696.987
2025-12-03,3071.34,3097.47,3031.67,3031.67,5051300,3133.078,3005.418,2786.714,56.093,104.488,113.506,-9.018,3005.418,3283.659,2727.178
2025-12-04,3090.69,3106.18,3063.6,3106.18,4200300,3109.856,3023.393,2798.268,60.927,99.649,110.735,-11.086,3023.393,3276.577,2770.209
2025-12-05,3106.18,3109.08,3070.37,3070.37,5027200,3079.278,3036.77,2808.622,57.642,91.866,106.961,-15.095,3036.77,3268.224,2805.317
2025-12-08,3099.4,3112.95,3077.15,3105.21,2938200,3076.568,3051.938,2818.192,59.907,87.5,103.069,-15.569,3051.938,3256.803,2847.074
2025-12-09,3074.24,3108.11,3072.31,3095.53,3528600,3081.792,3062.486,2827.075,58.963,82.31,98.917,-16.607,3062.486,3252.234,2872.738
2025-12-10,3143.91,3159.4,3084.89,3112.95,3868700,3098.048,3074.727,2835.629,60.179,78.696,94.873,-16.177,3074.727,3241.931,2907.523
2025-12-11,3132.3,3145.85,3102.31,3103.27,2975200,3097.466,3083.774,2844.706,59.131,74.195,90.737,-16.542,3083.774,3235.082,2932.467
2025-12-12,3089.73,3107.14,3074.24,3081.02,5039300,3099.596,3091.903,2854.595,56.688,68.048,86.199,-18.151,3091.903,3221.762,2962.044
2025-12-15,3112.95,3124.56,3093.6,3121.66,2892000,3102.886,3094.37,2865.917,59.943,65.699,82.099,-16.4,3094.37,3224.537,2964.204
2025-12-16,3092.63,3102.31,3020.05,3020.05,6111200,3087.79,3091.661,2874.732,49.854,55.004,76.68,-21.676,3091.661,3225.787,2957.535
2025-12-17,2970.7,3019.09,2953.29,3004.57,4639100,3066.114,3092.87,2884.544,48.514,44.763,70.297,-25.534,3092.87,3223.153,2962.588
2025-12-18,3064.57,3071.34,3007.47,3014.25,5494200,3048.31,3094.806,2893.011,49.429,37.002,63.638,-26.636,3094.806,3218.745,2970.867
2025-12-19,3008.44,3072.31,3006.51,3048.12,7547800,3041.73,3095.532,2901.585,52.604,33.201,57.55,-24.35,3095.532,3218.124,2972.94
2025-12-22,3090.69,3103.27,3075.21,3089.73,3606500,3035.344,3096.645,2910.294,56.238,33.164,52.673,-19.509,3096.645,3218.566,2974.724
2025-12-23,3141.98,3154.56,3095.53,3095.53,4210400,3050.44,3095.871,2918.286,56.736,33.22,48.783,-15.563,3095.871,3217.605,2974.137
2025-12-24,3077.15,3094.56,3048.12,3067.47,3513500,3063.02,3090.065,2927.866,53.561,30.647,45.155,-14.509,3090.065,3205.074,2975.056
2025-12-25,3073.28,3074.24,3046.18,3055.86,2652700,3071.342,3081.744,2938.085,52.257,27.355,41.595,-14.24,3081.744,3179.217,2984.27
2025-12-26,3055.86,3060.7,3038.44,3043.28,4446900,3070.374,3072.744,2947.442,50.814,23.461,37.969,-14.507,3072.744,3145.239,3000.25
2025-12-29,3069.83,3072.78,3032.46,3044.26,4565200,3061.28,3069.02,2956.296,50.928,20.221,34.419,-14.198,3069.02,3139.177,2998.862
2025-12-30,3054.09,3092.44,3039.35,3074.74,3752900,3057.122,3069.286,2966.437,54.454,19.884,31.512,-11.628,3069.286,3139.49,2999.082
2026-01-05,3101.29,3135.71,3062.94,3063.93,7992300,3056.414,3070.899,2975.346,52.999,18.53,28.916,-10.385,3070.899,3138.912,3002.886
2026-01-06,3112.11,3139.64,3100.31,3135.71,5392400,3072.384,3072.376,2985.914,60.536,22.985,27.73,-4.745,3072.376,3144.755,2999.996
2026-01-07,3117.02,3128.82,2969.53,2969.53,14749800,3057.634,3067.333,2992.519,43.246,12.956,24.775,-11.818,3067.333,3153.111,2981.556
2026-01-08,2974.45,3029.51,2974.45,2997.06,7702800,3048.194,3061.926,2998.3,45.998,7.148,21.25,-14.102,3061.926,3151.213,2972.639
2026-01-09,3027.55,3077.69,3017.71,3067.86,5748700,3046.818,3060.542,3004.52,52.391,8.163,18.632,-10.469,3060.542,3148.485,2972.6
2026-01-13,3123.91,3127.84,3072.78,3108.18,6961400,3055.668,3060.304,3010.637,55.614,12.082,17.322,-5.24,3060.304,3147.672,2972.936
2026-01-14,3187.82,3220.27,3121.94,3211.42,8930200,3070.81,3065.712,3020.038,62.596,23.251,18.508,4.743,3065.712,3174.931,2956.492
2026-01-15,3205.52,3232.07,3162.26,3231.09,4644700,3123.122,3073.215,3030.723,63.765,33.305,21.468,11.838,3073.215,3205.126,2941.304
2026-01-16,3166.19,3180.94,3130.79,3141.61,5200900,3152.032,3074.212,3038.321,55.295,33.665,23.907,9.758,3074.212,3207.955,2940.47
2026-01-19,3146.52,3168.16,3110.14,3146.52,3467400,3167.764,3080.536,3046.269,55.644,33.955,25.917,8.038,3080.536,3215.45,2945.622
2026-01-20,3146.52,3155.37,3102.28,3118.99,3565600,3169.926,3086.257,3053.086,53.144,31.599,27.053,4.546,3086.257,3217.255,2955.259
2026-01-21,3063.93,3142.59,3061.96,3131.77,3715400,3153.996,3092.133,3060.788,54.173,30.413,27.725,2.688,3092.133,3220.037,2964.229
2026-01-22,3177.99,3199.62,3162.26,3168.16,4029300,3141.41,3098.135,3068.095,57.065,32.039,28.588,3.452,3098.135,3228.584,2967.686
2026-01-23,3190.77,3198.64,3164.22,3176.02,3048200,3148.292,3102.449,3075.578,57.686,33.576,29.585,3.99,3102.449,3237.359,2967.54
2026-01-26,3151.44,3175.04,3112.11,3172.09,3543400,3153.406,3106.277,3081.328,57.24,34.083,30.485,3.598,3106.277,3244.661,2967.894
2026-01-27,3147.51,3213.39,3131.77,3203.55,3748200,3170.318,3113.082,3088.037,59.911,36.602,31.709,4.894,3113.082,3256.713,2969.45
2026-01-28,3233.05,3320.57,3228.14,3298.93,7230800,3203.75,3125.235,3095.569,66.701,45.767,34.52,11.247,3125.235,3288.3,2962.17
2026-01-29,3327.45,3376.61,3231.09,3376.61,6167600,3245.44,3141.902,3104.732,71.008,58.623,39.341,19.282,3141.902,3335.058,2948.745
2026-01-30,3423.81,3470.03,3338.26,3385.46,7350700,3287.328,3158.962,3110.995,71.461,68.733,45.219,23.514,3158.962,3374.752,2943.171
2026-02-02,3410.04,3433.64,3264.52,3288.12,5470500,3310.534,3169.63,3115.273,60.303,68.106,49.797,18.309,3169.63,3388.959,2950.302
2026-02-03,3366.78,3379.56,3341.21,3379.56,3403200,3345.736,3185.412,3123.256,65.718,74.133,54.664,19.469,3185.412,3417.753,2953.071
2026-02-04,3441.51,3518.21,3402.18,3501.49,4871100,3386.248,3203.701,3133.775,71.334,87.736,61.278,26.458,3203.701,3474.046,2933.356
2026-02-05,3554.59,3573.27,3465.11,3498.54,5191800,3410.634,3230.152,3143.074,71.031,97.159,68.455,28.705,3230.152,3507.455,2952.848
2026-02-06,3453.31,3603.75,3452.33,3603.75,4470400,3454.292,3260.486,3153.8,75.096,111.827,77.129,34.698,3260.486,3562.097,2958.875
2026-02-09,3686.35,3710.93,3605.72,3663.73,5180100,3529.414,3290.279,3164.854,77.071,126.83,87.069,39.761,3290.279,3627.404,2953.155
2026-02-10,3761.08,3822.04,3744.36,3780.74,5917700,3609.65,3323.908,3176.797,80.346,146.473,98.95,47.523,3323.908,3714.487,2933.328
2026-02-12,3845.64,3935.12,3789.59,3931.19,7293000,3695.59,3359.896,3190.975,83.592,172.195,113.599,58.596,3359.896,3831.145,2888.647
2026-02-13,3593.92,3636.2,3386.45,3414.96,18191100,3678.874,3369.089,3194.809,51.915,149.205,120.72,28.485,3369.089,3836.92,2901.259
2026-02-16,3490.67,3524.11,3446.43,3483.79,7331400,3654.882,3386.198,3202.11,54.396,134.983,123.573,11.41,3386.198,3843.92,2928.477
2026-02-17,3552.62,3555.57,3498.54,3507.39,5370800,3623.614,3404.242,3210.869,55.249,124.185,123.695,0.489,3404.242,3850.489,2957.995
2026-02-18,3510.34,3552.62,3501.49,3537.87,4873200,3575.04,3425.186,3220.993,56.383,116.741,122.304,-5.564,3425.186,3854.043,2996.329
2026-02-19,3613.59,3682.42,3561.47,3656.85,7756800,3520.172,3451.44,3232.007,60.583,119.069,121.657,-2.588,3451.44,3868.8,3034.08
2026-02-20,3664.72,3669.63,3603.75,3615.55,8884300,3560.29,3473.81,3242.91,58.478,116.242,120.574,-4.332,3473.81,3874.881,3072.738
2026-02-24,3684.38,3685.37,3560.49,3646.03,6024800,3592.738,3497.31,3253.727,59.594,115.134,119.486,-4.352,3497.31,3879.551,3115.069
2026-02-25,3607.69,3617.52,3530.99,3559.5,5479000,3603.16,3516.68,3263.006,55.07,106.051,116.799,-10.748,3516.68,3867.502,3165.859
2026-02-26,3628.33,3661.77,3592.94,3623.42,4552400,3620.27,3537.674,3273.216,57.629,102.826,114.005,-11.179,3537.674,3858.573,3216.775
2026-02-27,3648.0,3736.5,3622.44,3736.5,6660000,3636.2,3559.553,3285.88,61.777,108.147,112.833,-4.686,3559.553,3871.455,3247.65
2026-03-02,4129.81,4139.64,3857.44,3963.64,20546300,3705.818,3588.904,3303.533,68.456,129.203,116.107,13.096,3588.904,3936.735,3241.073
2026-03-03,3933.15,3986.25,3849.57,3949.87,14507700,3766.586,3617.124,3320.097,67.684,143.13,121.512,21.618,3617.124,3986.381,3247.868
2026-03-04,3952.82,3981.34,3674.55,3807.29,13913000,3816.144,3643.083,3335.842,60.122,141.035,125.416,15.619,3643.083,3987.086,3299.08
2026-03-05,3893.82,4116.05,3873.17,4091.46,16715900,3909.752,3678.678,3357.579,67.835,160.456,132.424,28.032,3678.678,4053.789,3303.567
2026-03-06,4092.45,4108.18,3940.04,4022.63,10470600,3966.978,3704.735,3377.747,64.577,168.353,139.61,28.743,3704.735,4099.888,3309.582
2026-03-09,4080.65,4247.81,3963.64,4032.47,34033700,3980.744,3731.432,3397.434,64.837,173.406,146.369,27.037,3731.432,4139.851,3323.012
2026-03-10,3883.99,4080.65,3869.24,4022.63,12107400,3995.296,3752.375,3416.092,64.329,174.604,152.016,22.588,3752.375,4175.907,3328.844
2026-03-11,4013.78,4137.68,3974.45,4101.3,8885200,4054.098,3774.254,3436.207,66.585,179.828,157.579,22.25,3774.254,4222.964,3325.544
2026-03-12,4170.13,4227.16,4095.4,4227.16,12324700,4081.238,3796.575,3459.401,69.869,191.912,164.445,27.467,3796.575,4288.935,3304.215
2026-03-13,4232.07,4360.88,4181.93,4309.75,14370700,4138.662,3815.503,3484.479,71.826,205.781,172.712,33.069,3815.503,4356.369,3274.637
2026-03-16,4326.47,4375.63,4270.42,4296.97,10523800,4191.562,3859.604,3509.553,71.057,213.282,180.826,32.456,3859.604,4406.754,3312.453
2026-03-17,4305.82,4498.55,4279.27,4431.68,13330200,4273.372,3906.998,3537.301,74.193,227.475,190.156,37.319,3906.998,4480.654,3333.342
2026-03-18,4472.98,4641.12,4451.35,4596.87,11280100,4372.486,3961.472,3567.744,77.424,249.18,201.961,47.219,3961.472,4580.474,3342.47
2026-03-19,4665.7,4720.77,4621.46,4621.46,15309600,4451.346,4015.652,3598.894,77.868,265.307,214.63,50.677,4015.652,4667.364,3363.939
2026-03-23,4455.28,4530.01,4317.62,4408.08,16560400,4471.012,4053.213,3624.342,65.775,257.897,223.284,34.614,4053.213,4704.448,3401.978
2026-03-24,4339.25,4539.84,4331.39,4443.48,14245400,4500.314,4094.609,3653.821,66.699,251.976,229.022,22.954,4094.609,4733.851,3455.368
2026-03-25,4541.81,4546.73,4295.99,4369.73,12701000,4487.924,4130.794,3681.274,62.89,238.583,230.934,7.649,4130.794,4744.545,3517.044
2026-03-26,4507.4,4616.54,4499.53,4608.67,9407200,4490.284,4183.253,3712.09,69.056,244.432,233.634,10.798,4183.253,4770.167,3596.339
2026-03-27,4611.62,4818.11,4574.26,4818.11,15318800,4529.614,4242.988,3746.289,73.251,262.936,239.494,23.441,4242.988,4833.169,3652.806
2026-03-30,4749.28,4872.19,4720.77,4810.25,20046600,4610.048,4296.675,3778.266,72.852,273.81,246.357,27.452,4296.675,4888.212,3705.138
2026-03-31,4847.61,4849.58,4599.82,4599.82,15010400,4641.316,4328.484,3805.64,62.96,262.422,249.57,12.852,4328.484,4912.994,3743.974
2026-04-01,4454.3,4646.04,4445.45,4622.44,14486800,4691.858,4362.112,3835.257,63.533,252.315,250.119,2.196,4362.112,4932.116,3792.109
2026-04-02,4405.13,4626.37,4240.92,4490.68,32548200,4668.26,4396.282,3862.14,57.911,231.009,246.297,-15.288,4396.282,4904.87,3887.694
2026-04-03,4473.96,4601.79,4473.96,4596.87,12217700,4624.012,4421.552,3891.698,60.913,220.156,241.069,-20.913,4421.552,4916.408,3926.697
2026-04-06,4631.29,4693.24,4436.6,4436.6,11644300,4549.282,4442.251,3917.794,54.585,196.358,232.127,-35.769,4442.251,4900.097,3984.405
2026-04-07,4490.68,4556.56,4405.13,4405.13,9903500,4510.344,4460.884,3942.534,53.411,172.965,220.294,-47.329,4460.884,4876.936,4044.832
2026-04-08,4006.9,4234.04,3987.24,4130.8,21684100,4412.016,4466.293,3961.629,44.443,130.782,202.392,-71.61,4466.293,4860.601,4071.984
2026-04-09,4199.63,4207.49,4112.11,4159.31,10197400,4345.742,4469.193,3981.374,45.468,98.517,181.617,-83.1,4469.193,4852.908,4085.478
2026-04-10,4176.03,4187.83,4053.12,4077.7,8140300,4241.908,4461.72,3998.857,43.021,65.605,158.414,-92.81,4461.72,4870.298,4053.142
2026-04-13,4281.24,4314.67,4166.19,4205.53,9931200,4195.694,4456.509,4016.989,47.763,49.269,136.585,-87.317,4456.509,4875.767,4037.251
2026-04-14,4138.66,4161.28,4025.58,4119.98,8566200,4138.664,4447.66,4031.856,45.06,29.084,115.085,-86.001,4447.66,4888.036,4007.283
2026-04-15,4056.07,4063.93,3923.32,3967.57,11571700,4106.018,4424.454,4043.498,40.648,0.78,92.224,-91.444,4424.454,4914.489,3934.419
2026-04-16,3967.57,3995.1,3882.02,3882.02,8358100,4050.56,4388.711,4055.376,38.376,-28.229,68.133,-96.362,4388.711,4927.637,3849.786
2026-04-17,3930.2,3961.67,3842.69,3918.41,8819000,4018.702,4353.559,4066.153,39.915,-47.732,44.96,-92.692,4353.559,4919.596,3787.522
2026-04-20,3849.57,3892.84,3766.98,3778.78,9948100,3933.352,4322.094,4071.699,36.183,-73.607,21.247,-94.854,4322.094,4942.703,3701.485
2026-04-21,3816.14,3820.08,3721.75,3766.0,7801500,3862.556,4288.22,4077.048,35.852,-94.06,-1.814,-92.245,4288.22,4953.295,3623.145
2026-04-22,3834.83,3846.62,3741.41,3743.38,7335600,3817.718,4256.902,4079.841,35.239,-110.817,-23.615,-87.202,4256.902,4963.508,3550.297
2026-04-23,3791.56,3921.35,3775.83,3902.67,11234600,3821.848,4221.602,4084.62,42.676,-109.976,-40.887,-69.089,4221.602,4924.746,3518.459
2026-04-24,3933.15,4029.52,3902.67,4005.92,9212900,3839.35,4180.993,4089.123,46.931,-99.827,-52.675,-47.152,4180.993,4830.879,3531.107
2026-04-27,3917.42,3917.42,3817.13,3864.32,7017200,3856.458,4133.696,4087.786,42.295,-102.034,-62.547,-39.487,4133.696,4725.882,3541.511
2026-04-28,3927.25,4054.1,3918.41,4054.1,5972600,3914.078,4106.41,4100.569,49.496,-87.461,-67.53,-19.931,4106.41,4656.993,3555.828
2026-04-30,4103.26,4110.15,3995.1,4080.65,9521700,3981.532,4079.321,4112.506,50.428,-72.929,-68.609,-4.319,4079.321,4573.417,3585.225
2026-05-01,4061.97,4095.4,3975.44,4049.18,4706100,4010.834,4057.246,4123.342,49.267,-63.222,-67.532,4.31,4057.246,4511.829,3602.663
2026-05-07,3791.56,3846.63,3757.15,3785.66,12599300,3966.782,4016.685,4128.297,40.8,-75.919,-69.209,-6.709,4016.685,4409.041,3624.33
2026-05-08,3739.45,3756.16,3656.85,3724.7,7428100,3938.858,3981.09,4129.654,39.125,-89.864,-73.34,-16.524,3981.09,4340.862,3621.319
2026-05-11,3724.7,3844.66,3712.9,3783.69,5603100,3884.776,3950.018,4133.017,41.622,-95.06,-77.684,-17.375,3950.018,4259.403,3640.634
2026-05-12,3849.57,3921.35,3834.83,3878.09,4919900,3844.264,3937.383,4137.658,45.478,-90.517,-80.251,-10.266,3937.383,4236.14,3638.626
2026-05-13,3906.61,3940.04,3855.47,3864.32,6330200,3807.292,3922.634,4143.755,45.011,-87.024,-81.605,-5.419,3922.634,4203.871,3641.396
2026-05-14,3933.15,3940.04,3747.31,3854.49,7215000,3821.058,3911.473,4148.376,44.658,-84.08,-82.1,-1.98,3911.473,4184.393,3638.553
2026-05-15,3799.43,3855.47,3724.7,3855.47,6169800,3847.212,3893.97,4150.756,44.705,-80.738,-81.828,1.09,3893.97,4129.876,3658.064
2026-05-18,3900.71,3935.12,3847.61,3868.26,5790500,3864.126,3881.384,4148.848,45.35,-76.178,-80.698,4.52,3881.384,4092.026,3670.742
2026-05-19,3905.62,3981.34,3882.02,3926.27,5379500,3873.762,3879.319,4148.376,48.298,-67.11,-77.98,10.87,3879.319,4087.195,3671.443
2026-05-20,3903.66,3958.72,3885.96,3923.32,6209900,3885.562,3881.384,4150.697,48.155,-59.477,-74.28,14.803,3881.384,4090.192,3672.576
2026-05-21,3803.36,3868.26,3794.51,3820.08,5198800,3878.68,3876.467,4145.269,43.345,-61.053,-71.634,10.581,3876.467,4086.233,3666.702
2026-05-22,3757.15,3784.68,3714.86,3774.84,4170500,3862.554,3876.27,4140.313,41.393,-65.202,-70.348,5.146,3876.27,4086.429,3666.112
2026-05-25,3694.22,3727.65,3579.17,3596.87,6971200,3808.276,3867.814,4131.601,34.763,-81.906,-72.66,-9.247,3867.814,4108.106,3627.522
2026-05-26,3574.25,3639.15,3550.66,3606.7,4542200,3744.362,3860.98,4123.283,35.378,-93.276,-76.783,-16.493,3860.98,4122.968,3598.992
2026-05-27,3589.0,3664.72,3582.12,3627.35,4290700,3685.168,3847.214,4113.804,36.729,-99.474,-81.321,-18.153,3847.214,4128.221,3566.207
2026-05-28,3539.84,3659.8,3528.04,3631.28,6084900,3647.408,3828.482,4101.886,36.999,-102.883,-85.633,-17.249,3828.482,4114.841,3542.123
2026-05-29,3544.76,3582.12,3518.21,3543.77,12569800,3601.194,3812.454,4086.566,33.565,-111.362,-90.779,-20.583,3812.454,4125.048,3499.861
2026-06-01,3494.61,3505.42,3333.35,3358.91,7288600,3553.602,3777.695,4067.805,27.714,-131.482,-98.92,-32.563,3777.695,4129.32,3426.07
2026-06-02,3412.01,3536.89,3370.71,3507.39,7383900,3533.74,3749.032,4049.319,37.186,-133.903,-105.916,-27.987,3749.032,4089.973,3408.091
2026-06-03,3622.44,3669.63,3588.02,3645.05,4739100,3537.28,3728.826,4030.283,44.453,-123.293,-109.392,-13.901,3728.826,4041.606,3416.045
2026-06-04,3585.07,3598.84,3525.09,3587.04,3446600,3528.432,3718.895,4009.595,42.236,-118.202,-111.154,-7.049,3718.895,4036.65,3401.139
2026-06-05,3589.0,3663.73,3578.19,3623.42,3111500,3544.362,3713.83,3993.901,44.118,-109.965,-110.916,0.951,3713.83,4034.412,3393.249
2026-06-08,3595.89,3628.33,3543.77,3580.15,4637600,3588.61,3703.654,3976.635,42.35,-105.71,-109.875,4.165,3703.654,4027.8,3379.507
2026-06-09,3539.84,3616.54,3527.06,3531.97,4508300,3593.526,3686.348,3959.88,40.409,-105.015,-108.903,3.888,3686.348,4008.232,3364.463
2026-06-10,3477.89,3493.62,3392.35,3424.79,4697200,3549.474,3664.371,3936.202,36.409,-111.823,-109.487,-2.336,3664.371,3994.992,3333.75
2026-06-11,3527.06,3588.02,3501.49,3546.72,5556700,3541.41,3648.982,3910.774,43.286,-106.157,-108.821,2.664,3648.982,3970.88,3327.085
2026-06-12,3494.61,3528.04,3459.21,3499.52,5425200,3516.63,3631.185,3884.56,41.419,-104.272,-107.911,3.639,3631.185,3944.252,3318.118
2026-06-15,3499.52,3575.24,3410.04,3436.59,7143700,3487.918,3609.601,3861.295,39.003,-106.628,-107.655,1.026,3609.601,3913.228,3305.975
2026-06-16,3409.06,3416.93,3304.83,3321.55,6864700,3445.834,3579.366,3835.277,34.986,-116.435,-109.411,-7.025,3579.366,3870.392,3288.339
2026-06-17,3272.38,3370.71,3237.97,3349.08,7587200,3430.692,3550.654,3812.445,36.667,-120.596,-111.648,-8.948,3550.654,3810.429,3290.878
2026-06-18,3384.48,3446.43,3345.15,3371.7,5375100,3395.688,3528.234,3787.942,38.084,-120.677,-113.454,-7.224,3528.234,3766.618,3289.851
2026-06-19,3350.06,3441.51,3314.67,3441.51,6833200,3384.086,3511.568,3768.04,42.368,-113.797,-113.522,-0.274,3511.568,3722.371,3300.765
2026-06-22,3441.51,3443.48,3384.48,3390.38,3710300,3374.844,3501.243,3747.745,40.175,-111.188,-113.055,1.867,3501.243,3714.665,3287.822
2026-06-23,3396.28,3416.93,3362.85,3398.25,3912400,3390.184,3490.821,3733.094,40.684,-107.249,-111.894,4.645,3490.821,3702.914,3278.728
2026-06-24,3397.26,3400.21,3329.42,3344.16,4381600,3389.2,3476.661,3716.791,38.274,-107.256,-110.967,3.711,3476.661,3688.188,3265.135
2026-06-25,3353.01,3354.98,3203.55,3232.07,6161500,3361.274,3456.701,3699.878,33.806,-114.98,-111.769,-3.211,3456.701,3681.707,3231.695
2026-06-26,3277.3,3295.0,3240.92,3295.0,5818800,3331.972,3444.262,3681.668,38.17,-114.702,-112.356,-2.346,3444.262,3676.393,3212.132
2026-06-29,3317.0,3324.0,3278.0,3278.0,5371500,3309.496,3440.217,3664.828,37.452,-114.533,-112.791,-1.742,3440.217,3681.26,3199.174
2026-06-30,3284.0,3294.0,3230.0,3265.0,4977600,3282.846,3428.098,3650.777,36.88,-114.132,-113.059,-1.073,3428.098,3679.089,3177.106
2026-07-01,3293.0,3297.0,3194.0,3205.0,3772600,3255.014,3406.095,3637.236,34.28,-117.304,-113.908,-3.396,3406.095,3654.143,3158.047
2026-07-02,3206.0,3238.0,3192.0,3204.0,4501300,3249.4,3386.943,3622.948,34.236,-118.532,-114.833,-3.699,3386.943,3635.315,3138.571
2026-07-03,3235.0,3261.0,3215.0,3242.0,3551900,3238.8,3367.872,3612.213,37.471,-115.112,-114.889,-0.223,3367.872,3597.67,3138.074
2026-07-06,3242.0,3316.0,3240.0,3309.0,2810900,3245.0,3354.314,3603.073,42.812,-105.776,-113.066,7.29,3354.314,3562.344,3146.285
2026-07-07,3327.0,3330.0,3261.0,3281.0,4370300,3248.2,3341.766,3593.825,41.227,-99.489,-110.351,10.861,3341.766,3534.381,3149.151
2026-07-08,3350.0,3412.0,3324.0,3388.0,6251700,3284.8,3339.926,3583.532,48.997,-84.895,-105.26,20.365,3339.926,3529.887,3149.966
2026-07-09,3457.0,3470.0,3391.0,3427.0,5051800,3329.4,3333.94,3571.953,51.513,-69.382,-98.084,28.702,3333.94,3502.841,3165.04
2026-07-10,3400.0,3407.0,3345.0,3361.0,4012600,3353.2,3327.014,3561.887,47.264,-61.702,-90.808,29.106,3327.014,3477.705,3176.324
2026-07-13,3384.0,3419.0,3359.0,3391.0,3123300,3369.6,3324.735,3548.625,49.311,-52.589,-83.164,30.575,3324.735,3469.718,3179.752
2026-07-14,3455.0,3550.0,3452.0,3524.0,6930300,3418.2,3334.857,3537.492,57.235,-34.24,-73.379,39.139,3334.857,3504.992,3164.723
2026-07-15,3491.0,3528.0,3424.0,3450.0,4976000,3430.6,3339.903,3525.508,52.333,-25.376,-63.778,38.402,3339.903,3517.631,3162.176
2026-07-16,3451.0,3475.0,3414.0,3429.0,3872600,3431.0,3342.768,3518.375,50.998,-19.818,-54.986,35.168,3342.768,3524.457,3161.08
2026-07-17,3440.0,3457.0,3375.0,3401.0,3813400,3439.0,3340.743,3511.901,49.196,-17.472,-47.483,30.012,3340.743,3518.661,3162.825
2026-07-21,3525.0,3580.0,3495.0,3580.0,5933000,3476.8,3350.224,3507.827,59.136,-1.155,-38.218,37.063,3350.224,3557.127,3143.321
2026-07-22,3598.0,3634.0,3563.0,3615.0,4007500,3495.0,3361.062,3502.565,60.753,14.434,-27.687,42.122,3361.062,3598.944,3123.179
2026-07-23,3620.0,3697.0,3610.0,3697.0,4803200,3544.4,3378.703,3499.219,64.316,33.025,-15.545,48.57,3378.703,3659.731,3097.676
2026-07-24,3760.0,3761.0,3691.0,3761.0,6774300,3610.8,3405.15,3497.349,66.846,52.319,-1.972,54.291,3405.15,3724.952,3085.348
2026-07-27,3688.0,3726.0,3650.0,3652.0,6330600,3661.0,3423.0,3493.28,59.154,58.144,10.051,48.093,3423.0,3756.475,3089.525
2026-07-28,3593.0,3607.0,3534.0,3566.0,4170000,3658.2,3437.4,3487.235,53.886,55.185,19.078,36.107,3437.4,3769.381,3105.419
2026-07-29,3555.0,3651.0,3555.0,3616.0,4149600,3658.4,3454.95,3481.029,56.322,56.227,26.508,29.719,3454.95,3785.666,3124.234
2026-07-30,3652.0,3678.0,3589.0,3628.0,3741500,3644.6,3476.1,3475.123,56.91,57.359,32.678,24.681,3476.1,3793.34,3158.86
2026-07-31,3590.0,3641.0,3588.0,3627.0,3219500,3617.8,3497.25,3471.261,56.841,57.513,37.645,19.868,3497.25,3793.838,3200.662
2026-08-03,3600.0,3601.0,3430.0,3519.0,4281000,3591.2,3511.1,3466.144,49.843,48.362,39.788,8.574,3511.1,3782.283,3239.917
2026-08-04,3507.0,3528.0,3466.0,3492.0,3085500,3576.4,3520.25,3464.047,48.244,38.488,39.528,-1.04,3520.25,3774.544,3265.956
2026-08-05,3451.0,3472.0,3385.0,3394.0,4662800,3532.0,3525.9,3459.793,42.868,22.496,36.122,-13.626,3525.9,3762.197,3289.603
2026-08-06,3400.0,3460.0,3377.0,3460.0,3566500,3498.4,3529.5,3456.446,47.14,14.975,31.893,-16.918,3529.5,3759.048,3299.952
2026-08-07,3530.0,3540.0,3491.0,3499.0,5022200,3472.8,3533.1,3453.8,49.541,12.023,27.919,-15.896,3533.1,3758.093,3308.107
2026-08-10,3590.0,3706.0,3581.0,3612.0,8052600,3491.4,3545.65,3455.165,55.805,18.587,26.052,-7.465,3545.65,3757.862,3333.438
2026-08-12,3757.0,3789.0,3706.0,3717.0,7656300,3536.4,3561.95,3462.327,60.689,31.894,27.221,4.674,3561.95,3774.226,3349.674
2026-08-13,3730.0,3758.0,3662.0,3700.0,4759400,3597.6,3570.75,3466.179,59.541,40.601,29.897,10.704,3570.75,3790.85,3350.65
2026-08-14,3673.0,3789.0,3661.0,3782.0,4479400,3662.0,3587.35,3468.918,63.159,53.501,34.618,18.883,3587.35,3818.887,3355.813
2026-08-17,3846.0,3868.0,3745.0,3775.0,4055500,3717.2,3604.65,3472.677,62.644,62.439,40.182,22.257,3604.65,3838.067,3371.233
2026-08-18,3826.0,3900.0,3819.0,3900.0,4635200,3774.8,3629.6,3478.209,67.707,78.702,47.886,30.816,3629.6,3877.583,3381.617
2026-08-19,3877.0,3888.0,3801.0,3860.0,6431100,3803.4,3643.6,3483.806,64.686,87.356,55.78,31.576,3643.6,3910.673,3376.527
2026-08-20,3860.0,3912.0,3858.0,3869.0,3378300,3837.2,3656.3,3490.546,65.063,93.859,63.396,30.463,3656.3,3941.208,3371.392
2026-08-21,3905.0,3954.0,3879.0,3954.0,4071700,3871.6,3669.15,3501.131,68.491,104.665,71.65,33.015,3669.15,3983.453,3354.847
2026-08-24,3911.0,3925.0,3838.0,3889.0,3653900,3894.4,3675.55,3507.976,63.371,106.753,78.67,28.082,3675.55,4002.679,3348.421
2026-08-25,3905.0,3954.0,3878.0,3878.0,3368200,3890.0,3686.85,3515.546,62.519,106.294,84.195,22.099,3686.85,4025.949,3347.751
2026-08-26,3830.0,3868.0,3807.0,3837.0,4554200,3885.4,3700.4,3523.554,59.318,101.454,87.647,13.807,3700.4,4040.821,3359.979
2026-08-27,3900.0,3907.0,3856.0,3856.0,3207400,3882.8,3712.4,3534.243,60.332,98.02,89.721,8.299,3712.4,4057.186,3367.614
2026-08-28,3859.0,3924.0,3850.0,3876.0,3123500,3867.2,3724.8,3544.781,61.421,95.809,90.939,4.87,3724.8,4074.608,3374.992
2026-08-31,3928.0,3978.0,3898.0,3957.0,5430700,3880.8,3741.3,3556.487,65.548,99.446,92.64,6.806,3741.3,4102.626,3379.974
2026-09-01,3974.0,4112.0,3965.0,4112.0,5205900,3927.6,3770.95,3569.897,71.772,113.527,96.818,16.709,3770.95,4152.239,3389.661
2026-09-02,4153.0,4212.0,4024.0,4051.0,6953700,3970.4,3798.9,3583.11,66.668,118.399,101.134,17.265,3798.9,4176.023,3421.777
2026-09-03,3942.0,4022.0,3884.0,3889.0,6821400,3977.0,3823.65,3592.925,55.4,107.944,102.496,5.448,3823.65,4150.509,3496.791
2026-09-04,3925.0,3929.0,3780.0,3780.0,5239700,3957.8,3839.65,3601.641,49.356,89.827,99.962,-10.135,3839.65,4119.507,3559.793
