Date,Open,High,Low,Close,Volume,SMA5,SMA20,SMA50,RSI,MACD,MACD_signal,MACD_hist,BB_mid,BB_upper,BB_lower
2021-10-11,973.55,987.07,970.28,986.66,16600,,,,,0.0,0.0,0.0,,,
2021-10-12,974.37,976.42,952.67,953.08,18200,,,,,-2.679,-0.536,-2.143,,,
2021-10-13,953.08,961.68,945.7,955.94,24400,,,,,-4.519,-1.332,-3.186,,,
2021-10-14,946.52,969.87,945.7,967.82,22400,,,,,-4.961,-2.058,-2.903,,,
2021-10-15,967.82,979.29,965.77,978.47,14000,968.394,,,,-4.402,-2.527,-1.875,,,
2021-10-18,977.24,977.24,957.17,965.36,24400,964.134,,,,-4.959,-3.013,-1.946,,,
2021-10-19,965.36,974.78,959.63,969.46,33400,967.41,,,,-5.012,-3.413,-1.599,,,
2021-10-20,973.55,975.19,959.63,970.28,31600,970.278,,,,-4.931,-3.717,-1.215,,,
2021-10-21,969.87,972.33,953.48,953.48,15600,967.41,,,,-6.152,-4.204,-1.948,,,
2021-10-22,947.34,969.87,941.61,966.59,28600,965.034,,,,-5.992,-4.561,-1.431,,,
2021-10-25,963.31,969.87,960.86,965.77,14600,965.116,,,,-5.864,-4.822,-1.042,,,
2021-10-26,977.65,995.26,974.78,980.52,30800,967.328,,,,-4.52,-4.762,0.241,,,
2021-10-27,980.52,994.85,980.52,989.12,26600,971.096,,,,-2.73,-4.355,1.625,,,
2021-10-28,993.62,1005.5,974.78,975.19,79400,975.438,,,,-2.408,-3.966,1.558,,,
2021-10-29,975.6,1006.73,975.6,1000.18,40600,982.156,,,60.626,-0.134,-3.199,3.066,,,
2021-11-01,1026.39,1026.39,1008.78,1023.93,20800,993.788,,,67.979,3.544,-1.851,5.394,,,
2021-11-02,1023.93,1032.94,1010.42,1010.42,51000,999.768,,,61.0,5.307,-0.419,5.726,,,
2021-11-04,1017.38,1026.39,982.56,982.56,87000,998.456,,,49.676,4.405,0.546,3.86,,,
2021-11-05,995.26,1017.38,975.19,978.47,53600,999.112,,,48.259,3.322,1.101,2.221,,,
2021-11-08,972.33,981.75,962.91,963.72,34800,991.82,976.851,,43.448,1.259,1.133,0.127,976.851,1013.697,940.005
2021-11-09,957.17,971.1,955.53,955.53,35600,978.14,975.294,,41.003,-1.025,0.701,-1.726,975.294,1013.016,937.573
2021-11-10,955.53,969.87,912.53,925.22,84800,961.1,973.902,,33.493,-5.22,-0.483,-4.737,973.902,1016.782,931.021
2021-11-11,925.22,935.87,914.17,924.0,14000,949.388,972.304,,33.229,-8.545,-2.095,-6.45,972.304,1020.099,924.51
2021-11-12,924.41,946.52,924.41,941.61,24800,942.016,970.994,,40.513,-9.648,-3.606,-6.042,970.994,1020.705,921.283
2021-11-15,925.22,948.57,925.22,948.57,16600,938.986,969.499,,43.152,-9.847,-4.854,-4.993,969.499,1020.055,918.943
2021-11-16,961.27,968.23,947.75,948.16,32400,937.512,968.639,,43.031,-9.923,-5.868,-4.055,968.639,1020.069,917.209
2021-11-17,953.89,953.89,924.41,924.41,29000,937.35,966.386,,36.619,-11.765,-7.047,-4.717,966.386,1021.48,911.293
2021-11-18,924.41,942.02,924.41,939.15,24600,940.38,964.83,,42.36,-11.897,-8.017,-3.88,964.83,1021.205,908.455
2021-11-19,938.33,947.34,924.81,936.69,27400,939.396,963.991,,41.681,-12.062,-8.826,-3.236,963.991,1021.564,906.417
2021-11-22,936.69,942.43,923.59,934.24,31000,936.53,962.373,,40.977,-12.249,-9.511,-2.738,962.373,1021.438,903.308
2021-11-24,940.79,940.79,915.39,917.85,16800,930.468,959.977,,36.532,-13.563,-10.321,-3.242,959.977,1022.261,897.693
2021-11-25,914.58,920.31,905.16,905.16,13000,926.618,956.209,,33.501,-15.451,-11.347,-4.104,956.209,1022.265,890.153
2021-11-26,915.8,915.8,888.36,893.28,42800,917.444,951.417,,30.916,-17.701,-12.618,-5.083,951.417,1021.219,881.615
2021-11-29,886.72,898.6,876.89,883.86,55800,906.878,946.85,,29.004,-20.014,-14.097,-5.917,946.85,1021.86,871.841
2021-11-30,889.18,903.52,857.24,857.24,88600,891.478,939.704,,24.411,-23.722,-16.022,-7.7,939.704,1020.345,859.062
2021-12-01,847.0,899.83,847.0,892.46,53200,886.4,933.13,,38.327,-23.546,-17.527,-6.02,933.13,1005.914,860.346
2021-12-02,878.94,905.56,878.94,880.17,41800,881.402,926.618,,35.847,-24.121,-18.846,-5.276,926.618,993.339,859.896
2021-12-03,875.67,907.2,875.67,907.2,37600,884.186,922.849,,44.373,-22.141,-19.505,-2.636,922.849,984.595,861.104
2021-12-06,914.17,943.25,914.17,918.26,64800,891.066,919.839,,47.45,-19.454,-19.495,0.041,919.839,975.763,863.915
2021-12-07,933.83,951.44,916.62,948.57,31800,909.332,919.082,,54.825,-14.71,-18.538,3.828,919.082,972.873,865.29
2021-12-08,957.17,957.17,924.41,942.43,53600,919.326,918.427,,53.197,-11.315,-17.093,5.778,918.427,970.645,866.208
2021-12-09,942.43,943.25,916.62,930.14,40600,929.32,918.672,,49.995,-9.506,-15.576,6.069,918.672,971.072,866.273
2021-12-10,939.56,939.56,910.89,921.95,54000,932.27,918.57,,47.925,-8.635,-14.188,5.553,918.57,970.934,866.206
2021-12-13,926.45,943.25,918.26,938.74,62400,936.366,918.426,,52.287,-6.514,-12.653,6.139,918.426,970.539,866.314
2021-12-14,939.97,942.02,928.91,938.74,24000,934.4,917.935,,52.287,-4.778,-11.078,6.3,917.935,969.026,866.844
2021-12-15,938.74,957.99,938.74,953.89,22400,936.692,918.222,,56.132,-2.155,-9.293,7.138,918.222,970.085,866.358
2021-12-16,962.5,971.1,955.53,967.0,37200,944.064,920.351,,59.196,0.97,-7.24,8.211,920.351,976.597,864.105
2021-12-17,967.0,974.37,959.22,970.69,44600,953.812,921.928,,60.042,3.702,-5.052,8.754,921.928,982.029,861.827
2021-12-20,958.4,963.72,935.46,936.69,88600,953.402,921.928,,49.797,3.088,-3.424,6.512,921.928,982.029,861.827
2021-12-21,948.57,957.58,936.28,945.29,42000,954.712,922.48,947.284,52.026,3.258,-2.087,5.346,922.48,983.258,861.703
2021-12-22,947.75,947.75,935.46,945.7,24400,953.074,923.873,946.465,52.136,3.387,-0.993,4.379,923.873,985.474,862.272
2021-12-23,957.17,957.17,944.47,956.35,13400,950.944,926.433,946.53,55.0,4.299,0.066,4.233,926.433,989.006,863.859
2021-12-24,957.17,957.17,950.21,954.71,15400,947.748,929.504,946.506,54.459,4.833,1.019,3.814,929.504,991.251,867.757
2021-12-27,953.89,960.04,948.98,954.71,32600,951.352,933.046,946.244,54.459,5.197,1.855,3.342,933.046,991.826,874.267
2021-12-28,961.68,985.43,949.8,982.97,84400,958.888,939.333,946.334,61.934,7.677,3.019,4.658,939.333,990.357,888.309
2021-12-29,982.97,994.44,976.42,989.12,30400,967.572,944.166,946.809,63.344,10.023,4.42,5.603,944.166,994.806,893.526
2021-12-30,986.25,997.72,983.38,983.38,13000,972.978,949.327,947.087,61.07,11.289,5.794,5.495,949.327,993.074,905.579
2022-01-04,988.71,994.85,962.9,970.28,23600,976.092,952.48,947.087,56.119,11.107,6.857,4.251,952.48,992.365,912.596
2022-01-05,970.28,973.96,953.08,961.68,41200,977.486,954.652,947.251,53.077,10.152,7.516,2.637,954.652,991.288,918.015
2022-01-06,947.75,947.75,921.13,921.54,48200,965.2,953.3,946.35,41.711,6.086,7.23,-1.143,953.3,992.766,913.834
2022-01-07,918.67,928.91,892.46,898.19,59400,947.014,951.088,944.999,36.778,0.969,5.978,-5.009,951.088,997.472,904.704
2022-01-11,896.96,896.96,874.44,882.22,49400,926.782,948.692,943.033,33.83,-4.326,3.917,-8.243,948.692,1003.768,893.616
2022-01-12,878.94,903.93,878.94,894.1,62400,911.546,947.299,941.132,37.822,-7.477,1.638,-9.115,947.299,1006.478,888.121
2022-01-13,889.18,894.1,848.63,851.5,164600,889.51,942.938,938.658,30.676,-13.259,-1.341,-11.918,942.938,1016.004,869.871
2022-01-14,849.04,871.57,849.04,858.05,183800,876.812,938.903,935.816,32.779,-17.115,-4.496,-12.619,938.903,1021.265,856.541
2022-01-17,866.66,870.75,844.13,848.22,44800,866.818,933.62,932.302,31.247,-20.726,-7.742,-12.984,933.62,1024.997,842.242
2022-01-18,851.91,866.25,850.68,853.14,33600,861.002,927.926,929.156,32.936,-22.926,-10.779,-12.147,927.926,1024.583,831.27
2022-01-19,845.36,845.36,824.47,826.11,65800,847.404,920.698,926.027,28.756,-26.544,-13.932,-12.613,920.698,1025.195,816.2
2022-01-20,824.06,843.72,824.06,835.12,56600,844.128,915.619,923.16,31.861,-28.358,-16.817,-11.541,915.619,1026.521,804.717
2022-01-21,831.84,833.07,825.7,826.93,51800,837.904,909.701,920.424,30.557,-30.11,-19.476,-10.634,909.701,1026.416,792.986
2022-01-24,824.88,840.03,819.15,834.3,78000,835.12,904.131,918.0,33.205,-30.551,-21.691,-8.86,904.131,1024.197,784.065
2022-01-25,834.3,851.91,829.79,838.8,57400,832.252,898.254,916.271,34.84,-30.189,-23.39,-6.799,898.254,1019.062,777.445
2022-01-26,831.84,840.44,809.72,824.47,100600,831.924,891.741,914.281,32.143,-30.705,-24.853,-5.852,891.741,1013.772,769.711
2022-01-27,828.97,832.25,797.03,797.85,74600,824.47,883.898,911.405,27.833,-32.883,-26.459,-6.424,883.898,1009.012,758.785
2022-01-28,803.99,822.01,803.99,819.55,72800,822.994,875.728,908.825,35.433,-32.483,-27.664,-4.819,875.728,994.798,756.657
2022-01-31,831.84,858.05,817.51,834.71,53000,823.076,868.007,906.556,40.174,-30.591,-28.249,-2.341,868.007,975.59,760.424
2022-02-01,839.62,850.27,826.52,828.97,30600,821.11,860.286,904.647,39.006,-29.217,-28.443,-0.774,860.286,954.316,766.257
2022-02-02,824.06,851.5,823.65,847.0,43400,825.616,854.123,902.804,44.466,-26.37,-28.028,1.659,854.123,932.683,775.562
2022-02-03,843.72,843.72,823.24,825.29,43200,831.104,847.303,900.576,39.841,-25.57,-27.537,1.966,847.303,908.257,786.349
2022-02-04,833.07,845.77,825.29,836.76,46000,834.546,843.064,898.627,43.203,-23.737,-26.777,3.039,843.064,893.093,793.035
2022-02-07,836.76,840.44,824.47,832.25,48000,834.054,839.767,896.915,42.204,-22.391,-25.9,3.509,839.767,882.686,796.848
2022-02-08,834.71,840.44,827.75,830.61,23600,834.382,837.186,895.424,41.825,-21.211,-24.962,3.751,837.186,875.295,799.078
2022-02-09,835.94,847.41,826.11,841.26,68000,833.234,834.544,894.383,45.259,-19.196,-23.809,4.613,834.544,861.828,807.261
2022-02-10,849.86,849.86,833.48,843.72,53000,836.92,834.156,893.58,46.052,-17.202,-22.487,5.285,834.156,860.631,807.68
2022-02-14,843.72,843.72,828.16,831.02,39200,835.772,832.804,893.056,42.622,-16.457,-21.281,4.824,832.804,856.786,808.822
2022-02-15,831.02,842.9,828.16,835.53,32800,836.428,832.17,891.917,44.211,-15.326,-20.09,4.764,832.17,855.082,809.257
2022-02-16,839.62,851.09,836.35,849.04,37400,840.114,831.964,891.295,48.786,-13.187,-18.71,5.522,831.964,854.149,809.78
2022-02-17,848.63,848.63,832.25,840.03,29200,839.868,832.66,889.951,46.072,-12.08,-17.384,5.304,832.66,854.945,810.376
2022-02-18,827.34,839.62,827.34,839.62,35000,839.048,832.886,888.379,45.947,-11.108,-16.129,5.021,832.886,855.364,810.407
2022-02-21,828.16,839.21,826.11,833.89,42000,839.622,833.234,886.085,44.141,-10.677,-15.038,4.362,833.234,855.539,810.928
2022-02-22,829.38,829.79,824.47,827.34,24000,837.984,832.886,883.783,42.104,-10.739,-14.178,3.439,832.886,855.337,810.434
2022-02-24,820.78,831.84,815.46,831.84,46400,834.544,832.538,881.817,44.016,-10.307,-13.404,3.097,832.538,854.818,810.257
2022-02-25,828.97,828.97,816.28,827.75,42000,832.088,832.701,879.933,42.638,-10.178,-12.759,2.581,832.701,854.78,810.623
2022-02-28,831.02,840.85,823.24,839.62,62200,832.088,834.79,877.951,47.75,-9.013,-12.01,2.997,834.79,849.738,819.842
2022-03-01,846.18,846.18,828.57,834.3,51400,832.17,835.527,875.862,45.781,-8.423,-11.292,2.87,835.527,848.654,822.401
2022-03-02,823.65,824.06,810.95,810.95,59400,828.892,834.34,873.003,38.312,-9.726,-10.979,1.253,834.34,851.468,817.211
2022-03-03,817.92,817.92,808.09,812.18,49200,824.96,833.5,869.907,38.878,-10.539,-10.891,0.352,833.5,853.191,813.809
2022-03-04,810.13,818.33,808.09,810.13,43600,821.436,831.656,866.696,38.248,-11.219,-10.957,-0.262,831.656,852.871,810.442
2022-03-07,806.45,806.45,775.32,781.05,71000,809.722,829.444,863.583,30.663,-13.944,-11.554,-2.39,829.444,860.43,798.459
2022-03-08,778.19,788.84,775.32,784.33,41600,799.728,826.823,860.364,32.294,-15.658,-12.375,-3.283,826.823,863.543,790.103
2022-03-09,788.02,793.34,777.78,783.1,44400,794.158,824.366,857.112,31.99,-16.921,-13.284,-3.637,824.366,865.829,782.902
2022-03-10,808.5,812.18,796.62,812.18,64200,794.158,823.444,854.228,45.135,-15.398,-13.707,-1.691,823.444,865.141,781.747
2022-03-11,795.8,804.4,790.07,791.29,67800,790.39,820.946,850.96,39.264,-15.695,-14.104,-1.591,820.946,864.111,777.78
2022-03-14,798.67,799.08,786.38,790.07,42000,792.194,818.263,847.667,38.946,-15.847,-14.453,-1.394,818.263,862.131,774.395
2022-03-15,796.62,806.45,792.93,803.58,38200,796.044,816.891,844.079,44.332,-14.707,-14.504,-0.203,816.891,860.796,772.986
2022-03-16,809.73,810.13,796.62,806.04,49000,800.632,815.416,840.418,45.279,-13.45,-14.293,0.843,815.416,858.661,772.172
2022-03-17,817.1,829.79,813.0,828.97,65000,803.99,814.413,837.329,53.259,-10.483,-13.531,3.048,814.413,855.236,773.59
2022-03-18,824.88,824.88,813.0,824.47,70600,810.626,813.635,834.413,51.667,-8.398,-12.505,4.106,813.635,852.969,774.301
2022-03-22,828.16,835.94,824.88,831.84,73000,818.98,813.246,831.816,54.088,-6.081,-11.22,5.139,813.246,851.64,774.852
2022-03-23,839.21,845.36,835.94,844.13,55800,827.09,813.758,830.268,57.877,-3.216,-9.619,6.403,813.758,853.559,773.957
2022-03-24,836.35,840.44,825.29,840.44,66600,833.97,814.413,829.113,56.373,-1.229,-7.941,6.712,814.413,855.563,773.263
2022-03-25,842.49,842.49,835.12,838.4,65800,835.856,814.741,828.237,55.513,0.179,-6.317,6.496,814.741,856.575,772.907
2022-03-28,847.41,847.41,834.3,842.49,115400,839.46,815.478,827.205,56.931,1.607,-4.732,6.339,815.478,858.771,772.185
2022-03-29,843.31,852.32,823.65,837.17,216800,840.526,815.355,826.918,54.499,2.282,-3.329,5.612,815.355,858.374,772.337
2022-03-30,841.38,841.8,813.6,829.59,134600,837.618,815.12,826.349,51.146,2.181,-2.227,4.408,815.12,857.751,772.489
2022-03-31,819.91,830.01,807.7,811.91,78800,831.912,815.168,825.623,44.301,0.667,-1.648,2.315,815.168,857.782,772.554
2022-04-01,798.86,802.65,784.98,798.44,76000,823.92,814.481,824.529,39.918,-1.602,-1.639,0.037,814.481,857.736,771.226
2022-04-04,801.81,813.18,801.81,811.07,43600,817.636,814.528,824.228,45.375,-2.354,-1.782,-0.572,814.528,857.765,771.291
2022-04-05,823.7,830.43,807.28,822.43,132600,814.688,816.597,823.974,49.793,-2.01,-1.828,-0.182,816.597,856.953,776.241
2022-04-06,817.38,817.38,796.34,798.44,88800,808.458,817.302,823.404,42.058,-3.631,-2.188,-1.443,817.302,855.731,778.874
2022-04-07,791.29,791.29,779.92,790.87,91000,804.25,817.691,822.536,39.949,-5.464,-2.844,-2.62,817.691,854.797,780.585
2022-04-08,790.87,795.5,781.19,789.18,73800,802.398,816.541,821.543,39.473,-6.972,-3.669,-3.303,816.541,855.734,777.348
2022-04-11,781.19,782.87,766.03,771.93,76200,794.57,815.573,820.492,34.903,-9.451,-4.826,-4.625,815.573,858.198,772.948
2022-04-12,763.93,772.77,758.04,761.4,88600,782.364,814.14,819.763,32.434,-12.125,-6.285,-5.839,814.14,861.984,766.295
2022-04-13,768.14,786.24,768.14,784.55,78800,779.586,813.188,819.063,42.126,-12.235,-7.475,-4.76,813.188,862.647,763.729
2022-04-14,783.71,786.66,781.19,786.66,24800,778.744,812.219,818.102,42.929,-12.014,-8.383,-3.631,812.219,863.009,761.429
2022-04-15,780.35,780.35,772.35,779.92,46000,776.892,809.766,817.121,40.972,-12.241,-9.155,-3.086,809.766,861.87,757.663
2022-04-18,769.4,774.45,757.62,771.09,55600,776.724,807.098,815.603,38.497,-12.984,-9.92,-3.063,807.098,861.45,752.745
2022-04-19,766.03,771.93,755.51,761.4,84400,776.724,803.576,814.325,35.931,-14.191,-10.775,-3.416,803.576,860.257,746.894
2022-04-20,762.25,769.4,758.88,762.67,90000,772.348,799.502,812.844,36.528,-14.874,-11.594,-3.279,799.502,855.618,743.387
2022-04-21,763.51,782.87,763.51,782.87,45800,771.59,796.624,811.856,45.266,-13.628,-12.001,-1.627,796.624,849.723,743.525
2022-04-22,771.93,773.61,759.72,769.4,54800,769.486,793.174,810.632,41.193,-13.571,-12.315,-1.256,793.174,843.75,742.598
2022-04-25,759.72,759.72,747.09,749.2,73000,765.108,788.509,808.791,35.967,-14.983,-12.849,-2.134,788.509,837.104,739.915
2022-04-26,757.2,766.88,755.09,764.77,78000,765.782,784.89,807.212,42.068,-14.676,-13.214,-1.462,784.89,828.78,740.999
2022-04-27,752.57,764.35,733.2,739.94,328600,761.236,780.407,805.39,36.153,-16.25,-13.821,-2.429,780.407,823.378,737.436
2022-04-28,733.63,760.14,727.73,758.04,141600,756.27,777.714,803.84,42.5,-15.853,-14.228,-1.626,777.714,819.094,736.333
2022-05-02,759.3,771.93,756.35,766.88,82200,755.766,776.136,802.197,45.357,-14.657,-14.314,-0.343,776.136,816.585,735.686
2022-05-06,770.24,776.14,755.09,774.45,119600,760.816,774.304,800.885,47.751,-12.949,-14.041,1.092,774.304,811.26,737.349
2022-05-09,773.61,775.72,760.56,760.56,82600,759.974,771.211,799.304,43.946,-12.571,-13.747,1.176,771.211,800.835,741.587
2022-05-10,765.61,766.88,751.3,763.09,102400,764.604,769.444,797.888,44.809,-11.93,-13.383,1.454,769.444,796.317,742.57
2022-05-11,761.4,763.51,750.04,753.83,112800,763.762,767.592,796.418,42.246,-12.03,-13.113,1.082,767.592,793.329,741.854
2022-05-12,744.99,744.99,730.26,733.63,182800,757.112,764.814,794.454,37.243,-13.583,-13.207,-0.376,764.814,792.647,736.981
2022-05-13,716.79,736.57,705.43,733.63,211400,748.948,762.899,792.571,37.243,-14.645,-13.494,-1.151,762.899,793.774,732.024
2022-05-16,740.78,740.78,717.21,719.31,99200,740.698,760.795,790.165,33.938,-16.452,-14.086,-2.366,760.795,797.321,724.268
2022-05-17,718.47,724.79,713.42,724.79,99800,733.038,757.806,787.975,36.268,-17.244,-14.718,-2.526,757.806,795.894,719.719
2022-05-18,719.74,729.84,717.63,729.84,93600,728.24,754.966,786.353,38.424,-17.265,-15.227,-2.038,754.966,792.463,717.468
2022-05-19,724.79,747.94,724.37,742.46,135600,730.006,753.092,784.958,43.562,-16.077,-15.397,-0.68,753.092,789.053,717.132
2022-05-20,742.46,751.3,734.05,751.3,113800,733.54,752.103,783.782,46.905,-14.259,-15.169,0.911,752.103,787.053,717.153
2022-05-23,755.09,759.3,748.78,758.88,96600,741.454,751.977,783.338,49.658,-12.067,-14.549,2.482,751.977,786.804,717.15
2022-05-24,749.62,749.62,734.05,735.73,102800,743.642,750.63,782.366,42.423,-12.059,-14.051,1.992,750.63,785.798,715.462
2022-05-25,732.36,743.31,728.57,739.52,101200,745.578,748.462,781.495,43.865,-11.613,-13.563,1.951,748.462,780.465,716.46
2022-05-26,742.46,746.25,737.41,738.68,118200,744.822,746.926,780.025,43.604,-11.198,-13.09,1.892,746.926,777.619,716.234
2022-05-27,739.1,739.94,728.57,739.52,136400,742.466,746.442,778.989,43.963,-10.678,-12.608,1.93,746.442,777.289,715.596
2022-05-30,748.78,763.09,746.25,763.09,344200,743.308,746.358,778.45,52.994,-8.269,-11.74,3.471,746.358,777.004,715.713
2022-05-31,763.09,772.35,756.35,768.56,714000,749.874,747.79,777.749,54.814,-5.851,-10.562,4.711,747.79,779.815,715.764
2022-06-01,768.56,787.5,768.56,782.87,69400,758.544,749.031,777.286,59.259,-2.748,-8.999,6.251,749.031,784.472,713.59
2022-06-02,786.24,790.87,778.66,787.08,66000,768.224,750.041,776.448,60.49,0.05,-7.19,7.239,750.041,788.635,711.447
2022-06-03,793.39,801.39,790.87,795.92,70400,779.504,751.114,775.877,63.017,2.947,-5.162,8.109,751.114,793.569,708.66
2022-06-06,797.6,799.71,793.39,795.08,53800,785.902,752.84,775.142,62.607,5.116,-3.107,8.222,752.84,799.509,706.172
2022-06-07,796.34,800.55,792.97,795.08,39000,791.206,754.44,774.161,62.607,6.757,-1.134,7.891,754.44,804.646,704.234
2022-06-08,797.6,804.34,797.6,802.23,49400,795.078,756.86,773.397,64.863,8.536,0.8,7.736,756.86,811.42,702.3
2022-06-09,798.02,803.49,795.08,800.97,52200,797.856,760.227,772.648,64.129,9.732,2.586,7.146,760.227,817.017,703.437
2022-06-10,796.34,799.71,789.6,793.39,69400,797.35,763.215,771.666,59.748,9.953,4.06,5.894,763.215,820.399,706.031
2022-06-13,778.66,790.03,778.24,783.71,45800,795.076,766.435,770.597,54.616,9.241,5.096,4.145,766.435,820.37,712.5
2022-06-14,777.82,787.08,775.29,779.92,90000,792.044,769.192,769.604,52.707,8.276,5.732,2.544,769.192,819.691,718.692
2022-06-15,783.29,783.29,766.03,766.03,58000,784.804,771.001,768.686,46.318,6.317,5.849,0.468,771.001,818.038,723.964
2022-06-16,767.3,776.14,757.2,763.09,73000,777.228,772.032,767.979,45.072,4.476,5.574,-1.099,772.032,817.306,726.759
2022-06-17,751.3,756.77,740.78,741.62,151800,766.874,771.548,766.59,37.205,1.27,4.713,-3.444,771.548,817.948,725.149
2022-06-20,751.3,758.04,738.68,741.2,84000,758.372,770.665,764.965,37.069,-1.29,3.513,-4.803,770.665,818.725,722.604
2022-06-21,744.99,752.15,740.36,743.73,60800,751.134,771.064,763.871,38.53,-3.08,2.194,-5.274,771.064,818.021,724.108
2022-06-22,747.09,755.09,742.46,744.15,74400,746.758,771.296,762.937,38.784,-4.413,0.873,-5.286,771.296,817.639,724.953
2022-06-23,744.99,752.14,744.15,748.78,53000,743.896,771.801,762.129,41.647,-5.038,-0.309,-4.728,771.801,816.85,726.752
2022-06-24,749.2,753.83,744.57,748.78,45800,745.328,772.264,761.666,41.647,-5.47,-1.341,-4.128,772.264,816.089,728.439
2022-06-27,758.46,760.56,752.99,758.46,76400,748.78,772.032,761.607,47.591,-4.974,-2.068,-2.906,772.032,816.11,727.955
2022-06-28,759.72,766.88,756.35,766.46,105600,753.326,771.928,761.245,51.948,-3.89,-2.432,-1.458,771.928,816.05,727.805
2022-06-29,758.88,762.67,753.41,760.98,177000,756.692,770.833,760.732,48.946,-3.434,-2.633,-0.802,770.833,814.899,726.767
2022-06-30,765.19,778.66,763.09,774.45,70600,761.826,770.201,760.622,55.719,-1.964,-2.499,0.535,770.201,813.644,726.759
2022-07-01,779.5,783.29,752.99,757.62,71000,763.594,768.286,760.353,47.28,-2.131,-2.425,0.294,768.286,810.309,726.264
2022-07-04,770.66,775.72,759.72,764.35,47600,764.772,766.75,760.412,50.508,-1.702,-2.281,0.579,766.75,806.851,726.649
2022-07-05,774.03,781.19,768.14,777.82,128200,767.044,765.887,760.715,56.278,-0.271,-1.879,1.608,765.887,804.12,727.654
2022-07-06,775.72,776.56,758.04,758.04,50000,766.456,763.678,760.218,47.517,-0.725,-1.648,0.923,763.678,797.972,729.383
2022-07-07,760.14,768.56,757.62,766.46,47600,764.858,761.952,760.159,51.013,-0.401,-1.398,0.998,761.952,791.489,732.415
2022-07-08,766.03,777.82,762.67,763.93,70000,766.12,760.479,760.454,49.937,-0.344,-1.188,0.844,760.479,786.093,734.865
2022-07-11,763.93,784.13,763.93,781.61,59600,769.572,760.374,760.791,56.797,1.115,-0.727,1.842,760.374,785.601,735.147
2022-07-12,782.45,785.82,771.93,774.87,114800,768.982,760.122,761.489,53.772,1.708,-0.24,1.948,760.122,784.615,735.628
2022-07-13,778.24,792.55,778.24,784.55,58600,774.284,761.047,762.02,57.29,2.925,0.393,2.532,761.047,787.78,734.315
2022-07-14,786.24,786.24,778.24,779.5,54000,776.892,761.868,762.272,54.941,3.442,1.003,2.439,761.868,789.843,733.893
2022-07-15,788.76,797.6,781.19,793.39,51000,782.784,764.456,762.651,59.821,4.916,1.785,3.131,764.456,794.075,734.838
2022-07-19,799.29,801.81,793.81,797.6,58600,785.982,767.276,763.392,61.193,6.351,2.698,3.652,767.276,798.279,736.274
2022-07-20,807.7,827.49,807.28,819.49,241000,794.906,771.065,764.52,67.422,9.149,3.988,5.16,771.065,807.915,734.214
2022-07-21,818.65,819.91,808.55,811.49,42400,800.294,774.432,765.673,63.416,10.598,5.31,5.288,774.432,813.184,735.679
2022-07-22,811.07,814.02,808.55,810.65,32800,806.524,777.525,767.213,62.993,11.546,6.558,4.989,777.525,817.514,737.536
2022-07-25,808.55,812.75,803.07,804.76,23200,808.798,780.324,768.636,59.97,11.688,7.584,4.104,780.324,819.673,740.975
2022-07-26,804.34,818.65,803.92,811.49,45800,811.576,782.976,770.479,62.202,12.202,8.507,3.695,782.976,823.257,742.694
2022-07-27,812.33,816.54,806.86,808.12,39600,809.302,785.058,772.146,60.386,12.197,9.245,2.952,785.058,826.046,744.071
2022-07-28,813.6,813.6,796.34,811.91,95600,809.386,787.605,773.787,61.739,12.357,9.868,2.489,787.605,828.622,746.588
2022-07-29,811.07,811.07,796.76,796.76,43000,806.608,788.72,774.873,53.828,11.132,10.12,1.012,788.72,829.444,747.997
2022-08-01,802.65,803.92,796.76,803.07,34800,806.27,790.993,775.909,56.337,10.549,10.206,0.343,790.993,829.417,752.569
2022-08-02,803.92,803.92,791.29,791.29,50000,802.23,792.34,776.557,50.788,9.033,9.972,-0.939,792.34,828.662,756.018
2022-08-03,791.29,792.55,782.87,784.98,30600,797.602,792.698,777.542,48.057,7.238,9.425,-2.187,792.698,828.556,756.84
2022-08-04,790.87,790.87,779.92,781.19,44600,791.458,793.855,778.375,46.441,5.448,8.629,-3.182,793.855,826.339,761.372
2022-08-05,784.98,793.81,784.55,791.29,38400,790.364,795.097,779.428,51.153,4.788,7.861,-3.073,795.097,824.964,765.23
2022-08-08,791.29,791.71,784.98,784.98,39800,786.746,796.15,780.337,48.295,3.714,7.032,-3.318,796.15,822.69,769.609
2022-08-09,787.92,792.13,757.2,757.2,139400,779.928,794.929,780.219,38.179,0.613,5.748,-5.135,794.929,826.122,763.736
2022-08-10,755.09,757.2,745.41,751.3,89000,773.192,793.75,779.874,36.434,-2.293,4.14,-6.433,793.75,829.572,757.929
2022-08-12,754.67,776.56,754.67,766.46,124000,770.246,792.846,779.546,43.572,-3.335,2.645,-5.98,792.846,830.512,755.18
2022-08-15,766.46,766.46,758.46,758.46,73000,763.68,791.794,778.973,40.958,-4.751,1.166,-5.917,791.794,832.112,751.476
2022-08-16,758.46,763.09,754.25,760.14,62400,758.712,790.132,778.258,41.748,-5.673,-0.202,-5.471,790.132,832.843,747.42
2022-08-17,760.56,763.93,755.93,760.56,82000,759.384,788.28,777.567,41.958,-6.297,-1.421,-4.876,788.28,832.801,743.758
2022-08-18,758.46,758.46,751.72,753.41,56400,759.806,784.976,776.734,39.366,-7.284,-2.594,-4.691,784.976,829.553,740.398
2022-08-19,761.4,769.82,757.62,767.72,53000,760.058,782.787,776.044,46.49,-6.833,-3.442,-3.392,782.787,826.165,739.409
2022-08-22,760.98,776.56,759.3,776.56,51400,763.678,781.082,775.555,50.369,-5.697,-3.893,-1.804,781.082,822.485,739.68
2022-08-23,776.14,784.13,770.24,779.08,47000,767.466,779.798,775.269,51.449,-4.541,-4.022,-0.518,779.798,819.673,739.924
2022-08-24,779.92,787.5,774.45,783.29,50000,772.012,778.388,775.261,53.279,-3.247,-3.867,0.62,778.388,815.439,741.338
2022-08-25,794.66,804.76,790.03,802.23,89000,781.776,778.094,775.707,60.494,-0.686,-3.231,2.545,778.094,814.232,741.956
2022-08-26,811.07,817.38,799.71,799.71,93200,788.174,777.484,776.381,59.184,1.128,-2.359,3.487,777.484,811.572,743.396
2022-08-29,782.87,787.92,780.77,784.55,106200,789.772,776.874,776.81,51.905,1.326,-1.622,2.948,776.874,809.93,743.817
2022-08-30,784.97,794.23,782.03,789.18,28200,791.792,776.179,777.761,53.775,1.836,-0.93,2.767,776.179,807.454,744.904
2022-08-31,789.18,789.18,780.77,784.98,54600,792.13,775.864,778.637,51.807,1.88,-0.368,2.248,775.864,806.62,745.107
2022-09-01,784.55,784.55,768.98,768.98,68400,785.48,775.064,779.142,45.045,0.616,-0.171,0.788,775.064,805.653,744.474
2022-09-02,771.93,775.29,761.4,770.66,78200,779.67,774.537,779.672,45.844,-0.247,-0.187,-0.06,774.537,805.045,744.029
2022-09-05,770.24,775.29,766.03,772.77,58000,777.314,773.611,780.152,46.889,-0.752,-0.3,-0.452,773.611,803.085,744.137
2022-09-06,778.66,781.19,768.56,774.45,55600,774.368,773.084,780.665,47.753,-1.005,-0.441,-0.564,773.084,802.075,744.094
2022-09-07,773.61,773.61,766.46,771.93,52400,771.758,773.821,780.934,46.53,-1.393,-0.631,-0.762,773.821,801.845,745.797
2022-09-08,780.77,787.5,776.14,787.08,80400,775.378,775.61,781.347,54.136,-0.473,-0.6,0.127,775.61,802.107,749.113
2022-09-09,779.08,790.03,778.66,788.76,58800,778.998,776.725,781.902,54.903,0.388,-0.402,0.79,776.725,803.476,749.974
2022-09-12,794.23,794.66,784.13,786.66,42800,781.776,778.135,782.147,53.695,0.89,-0.144,1.034,778.135,803.783,752.487
2022-09-13,784.13,794.66,782.03,793.39,59000,785.564,779.798,782.862,56.962,1.811,0.247,1.563,779.798,804.837,754.758
2022-09-14,782.45,788.34,776.98,783.29,72800,787.836,780.934,783.241,51.132,1.705,0.539,1.166,780.934,804.305,757.563
2022-09-15,788.76,789.6,780.35,786.66,40400,787.752,782.596,783.418,52.865,1.872,0.806,1.067,782.596,802.141,763.052
2022-09-16,780.77,789.18,779.08,779.92,62000,785.984,783.206,783.855,49.113,1.444,0.933,0.511,783.206,801.519,764.894
2022-09-20,784.55,785.82,770.24,774.87,82400,783.626,783.122,784.023,46.453,0.689,0.884,-0.195,783.122,801.579,764.665
2022-09-21,776.98,776.98,760.98,768.56,77800,778.66,782.596,784.116,43.297,-0.413,0.625,-1.038,782.596,802.107,763.085
2022-09-22,759.72,770.24,759.3,767.3,65800,775.462,781.796,783.83,42.673,-1.373,0.225,-1.598,781.796,802.464,761.129
2022-09-26,762.25,762.25,750.88,754.67,124800,769.064,779.418,783.426,36.933,-3.117,-0.443,-2.674,779.418,801.106,757.731
2022-09-27,756.77,765.61,755.93,756.35,73000,764.35,777.25,782.862,38.125,-4.314,-1.217,-3.096,777.25,799.066,755.435
2022-09-28,756.35,760.14,750.04,760.14,95600,761.404,776.03,782.475,40.842,-4.9,-1.954,-2.946,776.03,798.835,753.225
2022-09-29,775.89,781.0,770.36,777.17,64000,763.126,775.43,782.15,51.211,-3.944,-2.352,-1.593,775.43,797.393,753.466
2022-09-30,771.21,782.27,763.97,766.53,54000,762.972,774.507,781.529,45.809,-4.0,-2.681,-1.318,774.507,796.331,752.683
2022-10-03,766.1,771.63,759.72,769.93,35400,766.024,774.554,780.538,47.707,-3.726,-2.89,-0.836,774.554,796.332,752.777
2022-10-04,779.29,793.77,779.29,793.77,73800,773.508,775.71,780.183,58.646,-1.568,-2.626,1.058,775.71,799.016,752.404
2022-10-05,802.28,802.28,789.08,793.34,56000,780.148,776.738,779.837,58.408,0.107,-2.079,2.186,776.738,801.281,752.196
2022-10-06,793.34,806.96,793.34,801.43,71800,785.0,778.087,779.77,61.56,2.063,-1.251,3.314,778.087,804.956,751.219
2022-10-07,801.43,802.7,793.34,798.02,49800,791.298,779.392,779.501,59.513,3.3,-0.341,3.641,779.392,807.507,751.277
2022-10-11,786.53,794.62,777.17,777.59,104000,792.83,778.917,778.89,49.0,2.602,0.248,2.354,778.917,806.805,751.03
2022-10-12,766.1,781.0,766.1,779.29,105000,789.934,778.444,778.238,49.794,2.161,0.63,1.53,778.444,805.947,750.941
2022-10-13,768.23,771.63,759.72,761.42,81600,783.55,777.182,777.531,42.327,0.365,0.577,-0.212,777.182,805.404,748.96
2022-10-14,770.78,779.29,766.1,774.19,91000,778.102,776.222,776.954,48.294,-0.027,0.456,-0.484,776.222,803.41,749.034
2022-10-17,765.67,771.63,761.84,766.53,65600,771.804,775.384,776.458,45.269,-0.945,0.176,-1.121,775.384,802.688,748.08
2022-10-18,767.38,778.02,767.38,775.89,75600,771.464,774.846,776.277,49.437,-0.907,-0.041,-0.867,774.846,801.633,748.058
2022-10-19,780.15,784.4,773.76,783.55,75200,772.316,775.027,776.324,52.618,-0.256,-0.084,-0.172,775.027,802.008,748.046
2022-10-20,773.76,781.85,770.36,779.72,77400,775.976,775.27,776.092,50.894,-0.048,-0.077,0.028,775.27,802.331,748.208
2022-10-21,768.23,776.74,766.53,773.76,68000,775.89,775.53,775.868,48.245,-0.361,-0.133,-0.227,775.53,802.419,748.64
2022-10-24,783.55,783.55,772.48,777.17,65600,778.018,776.023,776.267,49.853,-0.329,-0.173,-0.157,776.023,802.638,749.408
2022-10-25,783.13,787.81,776.74,784.83,75000,779.806,777.531,776.938,53.359,0.31,-0.076,0.386,777.531,802.413,752.649
2022-10-26,785.25,793.77,785.25,791.64,79400,781.424,779.296,777.442,56.285,1.351,0.209,1.142,779.296,802.821,755.77
2022-10-27,778.87,785.25,777.59,783.12,102200,782.104,780.445,777.935,51.898,1.471,0.462,1.01,780.445,802.21,758.679
2022-10-28,772.48,786.53,768.65,786.53,937800,784.658,780.912,778.463,53.462,1.821,0.734,1.087,780.912,802.784,759.041
2022-10-31,796.32,808.24,788.23,808.24,108400,790.872,782.998,779.416,61.942,3.806,1.348,2.458,782.998,806.95,759.046
2022-11-01,808.24,808.24,795.47,798.45,58200,793.596,784.424,780.317,56.906,4.537,1.986,2.551,784.424,808.496,760.352
2022-11-02,798.45,804.41,788.66,789.08,92400,793.084,784.19,780.744,52.506,4.31,2.451,1.859,784.19,807.968,760.411
2022-11-04,782.27,792.06,778.44,789.51,76800,794.362,783.998,781.003,52.687,4.118,2.784,1.334,783.998,807.526,760.47
2022-11-07,803.98,803.98,790.36,793.34,41000,795.724,783.594,781.288,54.354,4.226,3.072,1.153,783.594,806.117,761.07
2022-11-08,794.19,801.43,793.34,798.02,30600,793.68,783.594,781.583,56.376,4.635,3.385,1.25,783.594,806.117,761.07
2022-11-09,798.87,807.81,797.17,802.7,50000,794.53,784.849,781.592,58.363,5.277,3.763,1.514,784.849,808.722,760.976
2022-11-10,800.58,823.56,793.77,816.75,147200,800.064,786.722,781.933,63.706,6.84,4.379,2.461,786.722,814.342,759.102
2022-11-11,829.09,829.09,811.64,822.71,91200,806.704,789.786,782.696,65.716,8.463,5.196,3.267,789.786,819.133,760.44
2022-11-14,817.17,817.17,797.6,800.15,64800,808.066,791.084,782.916,53.613,7.837,5.724,2.114,791.084,819.817,762.352
2022-11-15,800.58,811.64,798.45,801.85,48200,808.832,792.85,783.253,54.296,7.394,6.058,1.336,792.85,819.494,766.207
2022-11-16,795.89,810.79,794.62,809.51,32800,810.194,794.532,784.064,57.344,7.573,6.361,1.212,794.532,820.91,768.153
2022-11-17,801.85,812.49,801.85,809.09,20400,808.662,795.808,784.832,57.119,7.594,6.608,0.986,795.808,822.421,769.196
2022-11-18,814.62,817.17,810.79,813.77,25600,806.874,797.511,785.652,59.047,7.897,6.866,1.032,797.511,824.146,770.876
2022-11-21,817.17,821.86,815.9,821.86,40600,811.216,799.916,786.601,62.209,8.69,7.23,1.459,799.916,826.206,773.626
2022-11-22,821.86,828.67,821.86,827.81,32800,816.408,802.448,787.718,64.388,9.687,7.722,1.965,802.448,829.263,775.633
2022-11-24,831.64,844.84,830.79,844.84,65800,823.474,805.448,788.873,69.76,11.716,8.52,3.195,805.448,836.978,773.919
2022-11-25,844.84,844.84,837.18,844.84,24600,830.624,808.108,789.995,69.76,13.172,9.451,3.721,808.108,843.476,772.741
2022-11-28,844.84,844.84,837.6,841.86,67200,836.242,811.046,791.099,67.688,13.925,10.346,3.579,811.046,847.417,774.674
2022-11-29,835.05,835.48,826.11,829.52,59600,837.774,813.195,791.822,59.77,13.372,10.951,2.421,813.195,848.533,777.857
2022-11-30,829.52,830.79,815.47,816.32,26400,835.476,813.599,792.482,52.672,11.733,11.107,0.626,813.599,848.883,778.315
2022-12-01,817.17,818.88,802.7,805.26,44200,827.56,813.94,792.854,47.574,9.433,10.773,-1.339,813.94,848.736,779.143
2022-12-02,805.26,805.26,786.53,792.06,55200,817.004,814.089,793.097,42.311,6.471,9.912,-3.441,814.089,848.46,779.717
2022-12-05,795.47,795.47,789.08,794.62,47400,807.556,814.344,793.492,43.613,4.28,8.786,-4.505,814.344,848.015,780.673
2022-12-06,791.21,795.04,789.93,792.49,30600,800.15,814.302,793.971,42.748,2.346,7.498,-5.152,814.302,848.086,780.517
2022-12-07,787.38,797.17,787.38,793.77,25600,795.64,814.089,794.5,43.474,0.905,6.179,-5.274,814.089,848.355,779.823
2022-12-08,794.19,795.47,784.83,791.64,30600,792.916,813.536,795.239,42.508,-0.404,4.863,-5.266,813.536,848.914,778.158
2022-12-09,785.68,796.32,785.68,796.32,37200,793.768,812.514,796.039,45.379,-1.051,3.68,-4.731,812.514,848.673,776.356
2022-12-12,798.02,804.83,794.62,795.47,76600,793.938,811.152,796.745,44.94,-1.615,2.621,-4.235,811.152,847.744,774.561
2022-12-13,796.74,802.28,795.47,795.47,34200,794.534,810.918,797.111,44.94,-2.037,1.689,-3.727,810.918,847.864,773.973
2022-12-14,798.87,802.28,795.47,802.28,30400,796.236,810.94,797.826,49.48,-1.802,0.991,-2.793,810.94,847.864,774.016
2022-12-15,801.85,809.94,801.0,808.66,29800,799.64,810.897,798.601,53.36,-1.088,0.575,-1.664,810.897,847.83,773.965
2022-12-16,808.66,815.47,787.81,787.81,73000,797.938,809.834,798.482,42.006,-2.18,0.024,-2.204,809.834,848.185,771.482
2022-12-19,787.81,794.62,787.81,792.06,49000,797.256,808.748,798.456,44.594,-2.671,-0.515,-2.156,808.748,847.852,769.644
2022-12-20,795.89,812.92,783.98,786.53,115000,795.468,806.982,798.158,41.97,-3.467,-1.105,-2.362,806.982,846.777,767.186
2022-12-21,786.1,786.53,769.08,770.78,53400,789.168,804.13,797.613,35.552,-5.307,-1.946,-3.362,804.13,845.772,762.488
2022-12-22,779.29,785.68,775.04,775.46,23800,782.528,800.661,797.571,38.559,-6.315,-2.82,-3.496,800.661,839.487,761.835
2022-12-23,775.46,790.79,774.19,788.23,48600,782.612,797.83,797.75,45.965,-6.015,-3.459,-2.556,797.83,830.927,764.734
2022-12-26,789.51,796.32,785.68,786.1,50400,781.42,795.042,798.243,44.991,-5.88,-3.943,-1.937,795.042,821.186,768.899
2022-12-27,789.51,801.0,788.23,798.87,25600,783.888,793.51,798.737,51.613,-4.689,-4.092,-0.597,793.51,814.16,772.86
2022-12-28,798.02,808.24,796.32,808.24,50600,791.38,793.106,799.571,55.815,-2.955,-3.865,0.91,793.106,812.13,774.082
2022-12-29,802.28,803.98,793.77,801.0,37000,796.488,792.893,800.073,52.053,-2.14,-3.52,1.379,792.893,811.433,774.353
2022-12-30,802.28,806.96,798.02,798.02,23600,798.446,793.191,800.363,50.543,-1.716,-3.159,1.444,793.191,811.866,774.516
2023-01-04,798.02,798.02,786.1,786.1,38600,798.446,792.765,800.49,44.928,-2.314,-2.99,0.676,792.765,811.689,773.841
2023-01-05,785.68,789.08,780.57,783.12,33000,795.296,792.296,800.677,43.624,-2.994,-2.991,-0.003,792.296,811.707,772.886
2023-01-06,778.87,783.13,778.02,781.0,24800,789.848,791.658,800.754,42.674,-3.662,-3.125,-0.537,791.658,811.695,771.621
2023-01-10,789.93,791.21,783.55,784.83,44400,786.614,791.317,800.754,45.003,-3.838,-3.268,-0.57,791.317,811.586,771.049
2023-01-11,788.66,793.77,784.83,786.53,24600,784.316,790.828,800.652,46.051,-3.797,-3.373,-0.423,790.828,811.06,770.596
2023-01-12,789.08,789.08,781.0,781.42,28600,783.38,790.126,800.618,43.376,-4.128,-3.524,-0.604,790.126,810.653,769.598
2023-01-13,779.29,790.79,779.29,785.68,28600,783.892,789.636,800.601,46.182,-4.002,-3.62,-0.382,789.636,810.093,769.179
2023-01-16,785.68,792.91,784.4,785.25,32800,784.742,788.784,800.141,45.935,-3.891,-3.674,-0.217,788.784,808.427,769.142
2023-01-17,789.51,789.51,785.68,788.23,31600,785.422,787.763,799.937,48.014,-3.522,-3.644,0.122,787.763,805.036,770.49
2023-01-18,788.23,791.21,786.1,787.81,101200,785.678,787.763,799.911,47.735,-3.227,-3.56,0.334,787.763,805.036,770.49
2023-01-19,787.38,794.19,787.38,790.36,41200,787.466,787.678,799.928,49.646,-2.755,-3.399,0.644,787.678,804.878,770.478
2023-01-20,787.38,804.41,787.38,801.0,44200,790.53,788.402,800.081,56.75,-1.505,-3.02,1.515,788.402,806.587,770.216
2023-01-23,811.22,811.22,804.41,810.36,29800,795.552,790.38,800.328,61.849,0.238,-2.369,2.607,790.38,809.099,771.662
2023-01-24,812.92,821.43,810.36,818.88,43200,801.682,792.551,800.652,65.801,2.28,-1.439,3.719,792.551,813.874,771.229
2023-01-25,813.34,821.0,813.34,816.32,25600,807.384,793.956,800.643,63.667,3.651,-0.421,4.072,793.956,817.649,770.263
2023-01-26,821.43,821.43,815.47,816.75,27200,812.662,795.488,800.524,63.879,4.717,0.607,4.11,795.488,820.942,770.035
2023-01-27,817.17,822.28,815.47,821.0,23600,816.662,796.595,800.941,65.99,5.837,1.653,4.185,796.595,824.475,768.715
2023-01-30,823.56,827.81,817.6,820.15,74200,818.62,797.19,801.307,65.17,6.581,2.638,3.943,797.19,826.586,767.795
2023-01-31,822.71,827.81,821.43,822.71,20200,819.386,798.276,801.571,66.52,7.293,3.569,3.723,798.276,829.791,766.761
2023-02-01,829.09,831.64,823.98,827.39,33400,821.6,799.744,801.937,68.894,8.141,4.483,3.657,799.744,833.84,765.649
2023-02-02,831.64,831.64,815.05,815.05,19000,821.26,801.192,801.963,57.347,7.728,5.132,2.595,801.192,835.307,767.077
2023-02-03,812.92,812.92,806.53,806.53,23400,818.366,802.362,801.656,50.992,6.637,5.433,1.203,802.362,835.458,769.267
2023-02-06,804.41,808.24,802.7,805.68,27200,815.472,803.596,801.213,50.392,5.638,5.474,0.164,803.596,835.142,772.051
2023-02-07,806.11,819.3,806.11,810.79,17200,813.088,804.894,800.532,53.904,5.199,5.419,-0.22,804.894,835.305,774.484
2023-02-08,817.17,817.6,809.09,809.94,18800,809.598,806.065,799.834,53.229,4.729,5.281,-0.553,806.065,835.278,776.852
2023-02-09,806.53,819.3,806.53,817.6,27400,810.108,807.874,799.349,58.296,4.917,5.208,-0.291,807.874,835.072,780.676
2023-02-10,814.19,814.62,806.96,806.96,20600,810.194,808.938,798.898,50.166,4.16,4.998,-0.839,808.938,834.067,783.809
2023-02-13,806.96,807.38,801.0,802.28,22800,809.514,809.79,798.617,47.057,3.145,4.628,-1.482,809.79,832.584,786.995
2023-02-14,800.15,809.09,800.15,806.11,36800,808.578,810.684,798.634,49.799,2.621,4.226,-1.606,810.684,831.207,790.16
2023-02-15,800.15,807.38,800.15,803.98,32800,807.386,811.492,798.873,48.301,2.01,3.783,-1.773,811.492,829.319,793.665
2023-02-16,805.68,805.68,800.15,805.26,19000,804.918,812.237,799.085,49.288,1.61,3.349,-1.738,812.237,827.39,797.084
2023-02-17,801.0,804.83,800.58,802.7,22800,804.066,812.322,799.29,47.341,1.075,2.894,-1.819,812.322,827.227,797.417
2023-02-20,802.7,813.34,802.28,810.79,42800,805.768,812.344,799.63,53.582,1.288,2.573,-1.284,812.344,827.237,797.45
2023-02-21,813.77,823.56,813.77,818.88,21800,808.322,812.344,800.175,58.836,2.086,2.475,-0.389,812.344,827.237,797.45
2023-02-22,818.88,818.88,806.96,806.96,42400,808.918,811.876,800.388,49.878,1.737,2.328,-0.591,811.876,826.831,796.92
2023-02-24,812.49,829.52,809.09,828.67,43600,813.6,812.472,801.052,61.404,3.175,2.497,0.678,812.472,829.102,795.841
2023-02-27,831.22,840.16,829.94,840.16,30200,821.092,813.43,801.945,65.876,5.182,3.034,2.148,813.43,833.894,792.965
2023-02-28,846.97,846.97,828.67,839.73,43000,826.88,814.408,802.694,65.57,6.662,3.76,2.902,814.408,837.879,790.938
2023-03-01,840.58,843.99,837.18,838.88,22600,830.88,815.217,803.299,64.928,7.677,4.543,3.134,815.217,840.901,789.533
2023-03-02,843.99,846.97,839.31,841.86,23000,837.86,815.94,804.38,66.179,8.622,5.359,3.263,815.94,843.792,788.089
2023-03-03,843.99,850.8,840.58,850.8,36200,842.286,817.728,805.555,69.674,9.978,6.283,3.695,817.728,849.633,785.823
2023-03-06,851.22,859.74,850.8,859.74,38200,846.202,820.388,807.019,72.712,11.64,7.354,4.286,820.388,856.903,783.874
2023-03-07,850.8,867.82,850.8,858.03,81000,849.862,823.006,808.764,71.242,12.673,8.418,4.255,823.006,862.467,783.545
2023-03-08,858.03,866.97,855.48,866.12,33200,855.31,825.772,810.577,73.927,13.983,9.531,4.452,825.772,869.188,782.357
2023-03-09,871.65,871.65,857.18,862.71,69000,859.48,828.411,812.067,70.921,14.578,10.54,4.038,828.411,874.128,782.694
2023-03-10,852.07,860.16,847.39,847.82,59400,858.884,829.922,813.301,59.537,13.69,11.17,2.52,829.922,876.13,783.714
2023-03-13,832.5,838.03,827.81,833.77,40600,853.69,831.262,813.999,51.188,11.718,11.28,0.438,831.262,876.203,786.322
2023-03-14,827.81,829.52,802.7,810.79,57800,844.242,831.688,814.05,41.049,8.206,10.665,-2.459,831.688,875.623,787.753
2023-03-15,825.26,827.39,815.9,826.96,33000,836.41,832.73,814.569,48.743,6.651,9.862,-3.211,832.73,875.071,790.39
2023-03-16,808.66,819.3,806.53,813.77,48400,826.622,833.22,814.884,43.729,4.304,8.751,-4.446,833.22,874.371,792.069
2023-03-17,813.77,818.03,811.64,811.64,55400,819.386,833.539,815.395,42.961,2.247,7.45,-5.203,833.539,873.868,793.21
2023-03-20,811.64,811.64,802.7,802.7,60600,813.172,833.539,815.787,39.799,-0.103,5.939,-6.043,833.539,873.868,793.21
2023-03-22,812.07,813.77,803.98,809.94,42400,813.002,833.496,816.365,43.43,-1.366,4.478,-5.845,833.496,873.928,793.065
2023-03-23,802.7,815.9,801.85,812.49,31000,810.108,833.177,816.919,44.695,-2.137,3.155,-5.292,833.177,874.191,792.163
2023-03-24,809.09,811.64,804.41,810.36,53000,809.426,833.347,817.395,43.814,-2.886,1.947,-4.833,833.347,873.93,792.764
2023-03-27,815.05,819.73,808.66,808.66,77400,808.83,832.346,817.94,43.083,-3.576,0.842,-4.418,832.346,874.376,790.317
2023-03-28,815.47,815.47,807.81,813.77,84000,811.044,831.027,818.502,45.997,-3.668,-0.06,-3.608,831.027,873.676,788.378
2023-03-29,816.32,822.71,810.79,821.0,131800,813.256,830.09,819.217,49.904,-3.121,-0.672,-2.449,830.09,872.757,787.424
2023-03-30,821.88,831.11,799.04,824.52,76000,815.662,829.373,819.943,51.736,-2.377,-1.013,-1.364,829.373,871.899,786.846
2023-03-31,836.82,836.82,817.93,819.25,54400,817.44,828.242,820.571,48.856,-2.187,-1.248,-0.939,828.242,870.573,785.911
2023-04-03,823.2,841.21,823.2,841.21,29000,823.95,827.762,821.588,59.077,-0.261,-1.05,0.789,827.762,869.226,786.299
2023-04-04,842.53,842.53,830.23,836.38,44200,828.472,826.594,822.296,56.407,0.865,-0.667,1.532,826.594,865.502,787.687
2023-04-05,828.91,829.79,822.32,827.15,42400,829.702,825.05,822.632,51.607,1.001,-0.334,1.335,825.05,861.048,789.053
2023-04-06,817.05,817.93,810.46,811.78,72000,827.154,822.334,822.49,44.774,-0.129,-0.293,0.163,822.334,853.102,791.565
2023-04-07,817.49,818.37,813.98,814.85,26200,826.274,819.94,822.46,46.303,-0.769,-0.388,-0.381,819.94,844.255,795.626
2023-04-10,817.05,819.25,812.22,814.42,25800,820.916,818.27,822.414,46.111,-1.295,-0.569,-0.726,818.27,838.818,797.723
2023-04-11,824.08,824.08,815.29,820.13,22000,817.666,817.589,822.396,49.136,-1.238,-0.703,-0.535,817.589,836.834,798.343
2023-04-12,824.96,835.94,822.76,833.3,36400,818.896,818.714,822.659,55.361,-0.128,-0.588,0.46,818.714,838.896,798.532
2023-04-13,825.84,837.26,825.84,835.06,22000,823.552,819.119,822.906,56.134,0.884,-0.294,1.177,819.119,840.298,797.94
2023-04-14,839.01,841.21,836.82,839.89,22600,828.56,820.425,823.156,58.269,2.051,0.175,1.876,820.425,843.364,797.486
2023-04-17,842.53,842.97,833.3,839.89,35200,833.654,821.838,823.653,58.269,2.943,0.729,2.214,821.838,845.948,797.727
2023-04-18,836.38,842.09,835.5,836.82,25000,836.992,823.544,824.259,56.251,3.363,1.256,2.107,823.544,846.764,800.323
2023-04-19,833.3,838.58,831.11,838.58,34600,838.048,824.976,824.917,57.167,3.794,1.763,2.031,824.976,848.196,801.755
2023-04-20,831.11,841.65,830.67,841.21,32400,839.278,826.411,825.525,58.563,4.298,2.27,2.028,826.411,849.931,802.892
2023-04-21,838.58,846.48,835.94,842.53,22400,839.806,828.02,826.177,59.28,4.75,2.766,1.984,828.02,851.317,804.723
2023-04-24,840.77,846.92,838.58,842.09,16800,840.246,829.692,826.667,58.914,5.014,3.216,1.798,829.692,851.912,807.471
2023-04-25,846.92,851.31,846.48,848.24,29200,842.53,831.415,827.493,62.408,5.655,3.704,1.951,831.415,853.783,809.047
2023-04-26,843.41,843.85,833.74,836.82,35400,842.178,832.206,828.183,53.337,5.181,3.999,1.182,832.206,854.137,810.275
2023-04-27,834.62,839.01,824.52,831.11,63400,840.158,832.536,828.683,49.465,4.296,4.058,0.237,832.536,854.177,810.894
2023-04-28,843.41,856.15,841.65,856.15,78600,842.882,834.38,829.727,62.366,5.551,4.357,1.194,834.38,857.494,811.267
2023-05-01,856.59,863.17,854.39,859.22,33400,846.308,835.281,830.806,63.593,6.715,4.829,1.887,835.281,860.794,809.768
2023-05-02,863.17,863.17,846.48,849.12,26000,846.484,835.918,831.734,57.007,6.746,5.212,1.534,835.918,862.172,809.664
2023-05-08,850.44,860.98,849.12,857.46,36200,850.612,837.433,832.668,60.633,7.358,5.641,1.717,837.433,865.022,809.845
2023-05-09,858.78,870.64,857.46,869.32,28800,858.254,840.31,833.677,65.135,8.7,6.253,2.447,840.31,868.626,811.995
2023-05-10,868.01,873.72,866.25,871.52,31400,861.328,843.144,834.968,65.914,9.827,6.968,2.86,843.144,872.067,814.221
2023-05-11,874.16,916.33,870.2,915.45,213000,872.574,848.196,836.703,76.975,14.103,8.395,5.708,848.196,888.89,807.501
2023-05-12,922.48,951.03,922.48,940.93,126800,890.936,854.236,838.719,80.855,19.325,10.581,8.744,854.236,910.335,798.136
2023-05-15,944.44,955.42,943.56,952.79,96000,910.002,860.21,840.98,82.346,24.142,13.293,10.849,860.21,930.562,789.858
2023-05-16,952.79,967.72,947.52,963.33,85200,928.804,866.624,843.469,83.571,28.482,16.331,12.151,866.624,949.58,783.667
2023-05-17,961.13,966.4,956.3,962.45,73800,946.99,872.752,845.881,83.053,31.487,19.362,12.125,872.752,964.981,780.522
2023-05-18,965.97,965.97,948.83,959.82,41800,955.864,878.748,848.061,81.428,33.273,22.144,11.129,878.748,977.356,780.14
2023-05-19,957.62,959.38,949.27,955.42,47600,958.762,884.678,849.975,78.656,33.942,24.504,9.438,884.678,986.869,782.487
2023-05-22,953.67,976.07,949.27,973.87,59400,962.978,891.442,852.292,81.5,35.552,26.714,8.838,891.442,998.577,784.308
2023-05-23,979.58,982.66,962.45,968.16,61600,963.944,897.79,854.332,78.034,35.952,28.561,7.391,897.79,1007.407,788.173
2023-05-24,962.45,969.92,956.3,968.6,29800,965.174,904.094,856.45,78.112,35.891,30.027,5.864,904.094,1014.825,793.362
2023-05-25,968.6,972.99,956.74,971.24,36200,967.458,910.551,858.919,78.598,35.644,31.151,4.494,910.551,1021.121,799.981
2023-05-26,972.55,972.55,962.89,969.92,32600,970.358,916.635,861.642,77.669,34.94,31.908,3.031,916.635,1026.154,807.116
2023-05-29,975.19,985.29,970.8,980.9,58800,971.764,923.839,865.044,79.807,34.866,32.5,2.366,923.839,1030.16,817.518
2023-05-30,977.39,983.98,973.43,981.78,35600,974.488,931.373,868.14,79.973,34.48,32.896,1.584,931.373,1031.181,831.564
2023-05-31,969.48,975.63,943.12,945.32,71600,969.832,935.831,870.771,58.556,30.877,32.492,-1.615,935.831,1029.254,842.408
2023-06-01,936.97,954.98,936.97,950.15,45800,965.614,940.378,873.541,60.081,28.087,31.611,-3.524,940.378,1026.681,854.074
2023-06-02,962.45,971.24,953.23,956.74,41400,962.978,945.758,876.622,62.129,26.107,30.51,-4.403,945.758,1020.788,870.729
2023-06-05,978.7,982.22,972.55,980.46,44000,962.89,951.908,880.033,68.41,26.151,29.639,-3.488,951.908,1015.802,888.015
2023-06-06,972.99,983.1,966.4,983.1,37600,963.154,957.598,883.445,69.026,26.097,28.93,-2.833,957.598,1009.703,905.492
2023-06-07,983.98,985.73,968.16,968.16,48400,967.722,962.43,886.601,61.697,24.566,28.058,-3.491,962.43,995.297,929.562
2023-06-08,974.75,993.64,972.55,978.7,48200,973.432,965.592,890.002,64.556,23.928,27.232,-3.304,965.592,990.676,940.508
2023-06-09,981.34,989.69,979.58,985.29,44600,979.142,967.81,893.432,66.252,23.68,26.521,-2.841,967.81,991.52,944.1
2023-06-12,988.81,999.79,988.37,995.84,32800,982.218,969.962,896.929,68.825,24.058,26.029,-1.971,969.962,995.664,944.261
2023-06-13,1001.55,1003.3,992.76,997.15,47800,985.028,971.654,900.381,69.139,24.185,25.66,-1.475,971.654,999.847,943.46
2023-06-14,995.4,996.71,972.99,977.83,38000,986.962,972.422,903.553,59.59,22.467,25.021,-2.554,972.422,1000.397,944.448
2023-06-15,968.6,984.85,968.6,978.26,31600,986.874,973.344,906.294,59.723,20.899,24.197,-3.298,973.344,1000.781,945.908
2023-06-16,984.41,993.64,974.75,974.75,118400,984.766,974.311,909.061,58.04,19.153,23.188,-4.035,974.311,1000.418,948.204
2023-06-19,994.52,1005.94,991.0,1002.42,52600,986.082,975.738,912.567,66.142,19.774,22.505,-2.731,975.738,1004.709,946.768
2023-06-20,990.56,998.03,978.26,984.41,49200,983.534,976.551,916.019,58.257,18.598,21.724,-3.126,976.551,1005.538,947.564
2023-06-21,983.54,996.28,983.54,985.73,30600,985.114,977.408,919.437,58.646,17.57,20.893,-3.323,977.408,1006.418,948.397
2023-06-22,993.64,995.4,983.1,986.17,38000,986.696,978.154,922.872,58.784,16.6,20.034,-3.434,978.154,1007.264,949.044
2023-06-23,985.29,992.32,970.8,977.39,48000,987.224,978.527,926.017,54.852,14.95,19.018,-4.067,978.527,1007.384,949.671
2023-06-26,977.83,990.56,968.16,984.85,44600,983.71,978.725,929.048,57.456,14.082,18.031,-3.948,978.725,1007.703,949.747
2023-06-27,975.63,976.95,954.1,961.13,61000,979.054,977.692,931.57,47.981,11.35,16.694,-5.345,977.692,1007.667,947.718
2023-06-28,974.75,1004.62,973.87,1001.11,80000,982.13,980.482,934.794,59.965,12.269,15.809,-3.541,980.482,1008.059,952.905
2023-06-29,993.64,1005.06,990.56,998.47,43200,984.59,982.898,937.966,58.998,12.638,15.175,-2.537,982.898,1007.604,958.192
2023-06-30,998.47,1010.77,991.88,1005.94,71400,990.3,985.358,941.348,60.918,13.38,14.816,-1.436,985.358,1008.866,961.85
2023-07-03,1025.71,1042.4,1023.07,1030.98,75000,999.526,987.884,945.196,66.568,15.806,15.014,0.792,987.884,1018.85,956.918
2023-07-04,1030.98,1032.73,1023.07,1029.66,46000,1013.232,990.212,948.965,66.026,17.421,15.495,1.926,990.212,1026.249,954.175
2023-07-05,1024.83,1048.55,1020.44,1036.69,104000,1020.348,993.638,952.848,67.541,19.049,16.206,2.843,993.638,1033.659,953.618
2023-07-06,1030.98,1033.61,1017.8,1028.78,44400,1026.41,996.142,956.582,64.078,19.476,16.86,2.616,996.142,1038.43,953.855
2023-07-07,1016.92,1028.78,1009.89,1019.12,40000,1029.046,997.834,960.0,60.029,18.818,17.252,1.566,997.834,1040.991,954.677
2023-07-10,1016.92,1034.49,1016.92,1018.68,39600,1026.586,998.976,963.637,59.844,18.053,17.412,0.641,998.976,1043.109,954.843
2023-07-11,1020.0,1030.1,1017.8,1024.83,54000,1025.62,1000.36,967.511,61.628,17.739,17.477,0.261,1000.36,1045.963,954.757
2023-07-12,1035.81,1038.88,1025.27,1026.59,142800,1023.6,1002.798,970.92,62.147,17.431,17.468,-0.037,1002.798,1048.543,957.053
2023-07-13,1041.96,1041.96,1001.11,1002.42,239600,1018.328,1004.006,973.784,51.797,15.063,16.987,-1.924,1004.006,1048.275,959.737
2023-07-14,1017.8,1027.9,1000.23,1006.38,181400,1015.78,1005.588,976.929,53.173,13.351,16.26,-2.908,1005.588,1047.661,963.514
2023-07-18,1009.89,1030.98,1003.3,1006.38,178000,1013.32,1005.786,979.908,53.173,11.859,15.38,-3.521,1005.786,1047.834,963.737
2023-07-19,1014.29,1023.51,1004.62,1023.51,96800,1013.056,1007.741,982.991,59.039,11.92,14.688,-2.767,1007.741,1049.236,966.245
2023-07-20,1030.1,1044.16,1022.63,1036.69,221600,1015.076,1010.288,986.295,62.891,12.884,14.327,-1.443,1010.288,1052.348,968.229
2023-07-21,1040.64,1040.64,1016.92,1025.27,59800,1019.646,1012.243,988.491,57.818,12.582,13.978,-1.396,1012.243,1053.203,971.284
2023-07-24,1034.49,1045.47,1027.9,1042.84,61200,1026.938,1015.516,990.529,62.791,13.603,13.903,-0.3,1015.516,1055.189,975.843
2023-07-25,1036.69,1041.08,1032.3,1038.01,49000,1033.264,1018.174,992.234,60.673,13.863,13.895,-0.032,1018.174,1056.289,980.059
2023-07-26,1039.76,1039.76,1027.46,1035.37,42400,1035.636,1021.886,993.675,59.492,13.698,13.855,-0.158,1021.886,1049.67,994.102
2023-07-27,1030.54,1034.05,1021.75,1032.3,45200,1034.758,1023.446,995.072,58.076,13.167,13.718,-0.551,1023.446,1049.783,997.108
2023-07-28,1028.78,1034.93,1020.0,1027.46,98200,1035.196,1024.895,996.424,55.821,12.216,13.417,-1.202,1024.895,1048.493,1001.297
2023-07-31,1041.08,1058.21,1041.08,1047.67,67400,1036.162,1026.982,998.269,62.389,12.943,13.323,-0.38,1026.982,1050.9,1003.063
2023-08-01,1053.82,1058.65,1042.84,1058.65,47200,1040.29,1028.365,999.965,65.399,14.241,13.506,0.735,1028.365,1056.147,1000.583
2023-08-02,1053.38,1058.65,1046.35,1051.62,52800,1043.54,1029.463,1001.634,61.979,14.535,13.712,0.823,1029.463,1059.132,999.794
2023-08-03,1049.87,1051.18,1026.15,1030.1,59000,1043.1,1029.133,1002.864,52.866,12.883,13.546,-0.663,1029.133,1058.61,999.657
2023-08-04,1024.39,1040.64,1020.0,1039.76,54200,1045.56,1029.683,1004.235,55.994,12.213,13.28,-1.067,1029.683,1059.538,999.827
2023-08-07,1047.23,1052.5,1036.69,1049.87,44600,1046.0,1031.22,1005.834,59.056,12.355,13.095,-0.74,1031.22,1061.94,1000.5
2023-08-08,1056.46,1065.68,1052.94,1058.65,52000,1046.0,1033.218,1007.389,61.558,13.026,13.081,-0.055,1033.218,1065.656,1000.781
2023-08-09,1042.84,1077.98,973.43,984.41,444200,1032.558,1031.197,1007.441,39.55,7.481,11.961,-4.48,1031.197,1070.207,992.188
2023-08-10,987.93,1018.68,984.41,1016.48,118400,1029.834,1030.692,1008.864,48.17,5.609,10.691,-5.081,1030.692,1070.211,991.173
2023-08-14,1031.86,1048.99,1018.24,1027.9,74200,1027.462,1031.966,1010.419,50.858,4.99,9.55,-4.56,1031.966,1069.226,994.706
2023-08-15,1051.62,1051.62,1032.3,1041.96,67800,1025.88,1033.745,1012.124,54.019,5.57,8.754,-3.185,1033.745,1069.216,998.274
2023-08-16,1031.86,1043.72,1028.34,1035.81,34200,1021.312,1035.216,1013.231,52.43,5.47,8.097,-2.628,1035.216,1068.267,1002.166
2023-08-17,1028.34,1029.66,1011.65,1024.83,45200,1029.396,1035.282,1014.065,49.624,4.453,7.369,-2.915,1035.282,1068.239,1002.326
2023-08-18,1010.77,1018.24,1010.33,1016.92,36600,1029.484,1034.294,1015.041,47.646,2.975,6.49,-3.515,1034.294,1068.244,1000.344
2023-08-21,1010.33,1035.81,1006.38,1026.59,75800,1029.222,1034.36,1015.998,50.257,2.555,5.703,-3.148,1034.36,1068.241,1000.479
2023-08-22,1012.09,1027.46,1012.09,1027.46,29400,1026.322,1033.591,1016.842,50.496,2.265,5.015,-2.75,1033.591,1067.36,999.822
2023-08-23,1023.95,1036.69,1016.48,1034.93,50000,1026.146,1033.437,1017.624,52.603,2.609,4.534,-1.925,1033.437,1067.149,999.725
2023-08-24,1037.57,1049.43,1036.69,1043.28,43400,1029.836,1033.832,1018.546,54.914,3.514,4.33,-0.816,1033.832,1067.824,999.841
2023-08-25,1034.49,1040.64,1030.1,1036.25,19800,1033.702,1034.03,1019.715,52.589,3.623,4.189,-0.566,1034.03,1068.03,1000.03
2023-08-28,1049.87,1067.88,1049.43,1064.8,63200,1041.344,1035.897,1021.445,59.995,5.944,4.54,1.404,1035.897,1072.388,999.406
2023-08-29,1067.88,1071.83,1062.17,1069.63,35600,1049.778,1036.995,1023.343,61.102,8.08,5.248,2.832,1036.995,1076.198,997.792
2023-08-30,1074.03,1077.1,1064.8,1071.83,47000,1057.158,1037.654,1024.731,61.623,9.837,6.166,3.672,1037.654,1078.785,996.523
2023-08-31,1077.1,1092.48,1073.15,1085.45,59600,1065.592,1039.345,1026.752,64.769,12.188,7.37,4.818,1039.345,1085.385,993.306
2023-09-01,1089.4,1102.14,1087.64,1095.99,59200,1077.54,1042.64,1028.957,67.021,14.732,8.843,5.89,1042.64,1094.903,990.377
2023-09-04,1100.38,1114.44,1099.5,1111.8,61000,1086.94,1046.242,1031.47,70.109,17.819,10.638,7.181,1046.242,1106.922,985.562
2023-09-05,1111.8,1114.44,1088.96,1101.7,36800,1093.354,1048.834,1033.956,65.866,19.228,12.356,6.872,1048.834,1114.396,983.271
2023-09-06,1098.19,1108.29,1098.19,1103.46,36200,1099.68,1051.074,1036.328,66.25,20.253,13.935,6.318,1051.074,1120.969,981.179
2023-09-07,1120.15,1135.53,1117.95,1124.54,83200,1107.498,1058.08,1039.596,70.519,22.508,15.65,6.858,1058.08,1127.932,988.229
2023-09-08,1115.76,1124.1,1103.02,1104.78,69800,1109.256,1062.495,1041.67,62.533,22.441,17.008,5.433,1062.495,1132.438,992.553
2023-09-11,1112.24,1113.12,1097.31,1104.34,34400,1107.764,1066.317,1043.787,62.364,22.098,18.026,4.072,1066.317,1136.653,995.982
2023-09-12,1099.5,1114.88,1099.5,1109.61,21400,1109.346,1069.7,1045.861,63.634,21.998,18.82,3.177,1069.7,1141.593,997.807
2023-09-13,1109.61,1109.61,1093.79,1100.82,48800,1108.818,1072.95,1047.257,59.997,20.967,19.25,1.718,1072.95,1144.268,1001.633
2023-09-14,1100.38,1106.97,1093.35,1103.46,40200,1104.602,1076.882,1048.733,60.723,20.132,19.426,0.706,1076.882,1145.654,1008.11
2023-09-15,1109.17,1123.66,1105.65,1107.85,107200,1105.216,1081.428,1050.157,61.96,19.598,19.46,0.137,1081.428,1145.362,1017.495
2023-09-19,1110.05,1110.05,1095.55,1102.58,52000,1104.864,1085.228,1051.633,59.536,18.536,19.275,-0.74,1085.228,1144.286,1026.17
2023-09-20,1102.58,1103.02,1082.37,1082.37,74400,1099.416,1087.974,1052.898,51.257,15.88,18.596,-2.716,1087.974,1140.464,1035.483
2023-09-21,1076.66,1092.48,1076.66,1085.45,55800,1096.342,1090.5,1054.233,52.344,13.864,17.65,-3.786,1090.5,1136.731,1044.268
2023-09-22,1079.74,1083.69,1066.56,1077.54,65200,1091.158,1092.212,1055.287,49.302,11.496,16.419,-4.923,1092.212,1133.334,1051.091
2023-09-25,1080.62,1085.01,1075.78,1077.98,32800,1085.184,1094.299,1056.315,49.478,9.545,15.044,-5.5,1094.299,1126.795,1061.803
2023-09-26,1074.47,1077.54,1070.07,1075.34,40000,1079.736,1094.826,1057.773,48.393,7.696,13.575,-5.878,1094.826,1125.604,1064.048
2023-09-27,1074.47,1088.52,1063.92,1086.77,93800,1080.616,1095.683,1059.381,53.18,7.072,12.274,-5.202,1095.683,1124.392,1066.974
2023-09-28,1086.77,1107.22,1083.21,1088.1,67800,1081.146,1096.496,1061.016,53.718,6.609,11.141,-4.532,1096.496,1123.212,1069.781
2023-09-29,1093.88,1093.88,1063.2,1069.42,41800,1079.522,1095.695,1061.934,45.764,4.68,9.849,-5.169,1095.695,1124.672,1066.718
2023-10-02,1068.98,1076.09,1055.19,1055.19,46400,1074.964,1093.655,1062.304,40.807,1.981,8.275,-6.294,1093.655,1127.824,1059.486
2023-10-03,1049.86,1050.3,1028.07,1028.51,56600,1065.598,1089.49,1062.369,33.484,-2.285,6.163,-8.448,1089.49,1133.293,1045.688
2023-10-04,1022.73,1029.85,1004.95,1007.17,75000,1049.678,1084.764,1061.655,29.001,-7.303,3.47,-10.773,1084.764,1141.508,1028.02
2023-10-05,1007.62,1036.52,1007.62,1028.96,60800,1037.85,1081.039,1061.474,38.112,-9.414,0.893,-10.307,1081.039,1142.223,1019.855
2023-10-06,1022.29,1047.19,1022.29,1040.97,35400,1032.16,1076.86,1061.586,42.493,-10.002,-1.286,-8.716,1076.86,1136.94,1016.781
2023-10-10,1063.2,1071.65,1051.64,1061.42,49800,1033.406,1074.692,1062.169,49.099,-8.717,-2.772,-5.945,1074.692,1133.649,1015.736
2023-10-11,1060.53,1060.53,1036.52,1046.75,40800,1037.054,1071.813,1062.554,45.097,-8.782,-3.974,-4.808,1071.813,1130.296,1013.33
2023-10-12,1046.75,1058.31,1040.97,1056.53,49400,1046.926,1069.159,1062.732,48.132,-7.952,-4.77,-3.182,1069.159,1125.186,1013.132
2023-10-13,1051.19,1052.08,1035.63,1041.41,34800,1049.416,1066.188,1062.387,44.075,-8.418,-5.499,-2.918,1066.188,1121.442,1010.935
2023-10-16,1041.41,1048.97,1023.62,1029.4,37600,1047.102,1062.486,1061.942,41.111,-9.644,-6.328,-3.316,1062.486,1117.145,1007.826
2023-10-17,1028.07,1042.3,1028.07,1030.74,39000,1040.966,1058.63,1061.955,41.583,-10.389,-7.14,-3.248,1058.63,1110.63,1006.63
2023-10-18,1041.85,1044.97,1030.29,1042.74,51400,1040.164,1055.638,1062.015,45.775,-9.896,-7.692,-2.205,1055.638,1103.73,1007.546
2023-10-19,1038.3,1047.19,1037.41,1044.52,40000,1037.762,1053.746,1061.908,46.39,-9.256,-8.004,-1.251,1053.746,1100.364,1007.127
2023-10-20,1042.3,1056.97,1042.3,1050.3,43200,1039.54,1051.988,1061.741,48.433,-8.187,-8.041,-0.146,1051.988,1096.16,1007.816
2023-10-23,1051.64,1052.97,1030.29,1030.29,47200,1039.718,1049.626,1062.658,42.406,-8.853,-8.203,-0.65,1049.626,1093.092,1006.159
2023-10-24,1036.07,1040.08,1010.28,1030.29,51600,1039.628,1047.241,1062.935,42.406,-9.274,-8.417,-0.856,1047.241,1089.37,1005.112
2023-10-25,1029.85,1037.41,1019.18,1021.84,44600,1035.448,1044.566,1062.813,39.97,-10.172,-8.768,-1.404,1044.566,1085.971,1003.161
2023-10-26,1021.84,1033.85,1003.17,1009.84,57000,1028.512,1040.719,1062.171,36.742,-11.717,-9.358,-2.359,1040.719,1079.847,1001.592
2023-10-27,1027.18,1032.96,1021.4,1031.63,67200,1024.778,1037.896,1062.087,45.37,-11.056,-9.698,-1.358,1037.896,1070.178,1005.614
2023-10-30,1031.63,1033.85,1011.17,1014.73,320600,1021.666,1035.161,1061.885,40.73,-11.76,-10.11,-1.65,1035.161,1065.401,1004.922
2023-10-31,1022.73,1033.41,1007.61,1031.63,61400,1021.934,1033.984,1062.18,46.61,-10.829,-10.254,-0.575,1033.984,1062.737,1005.23
2023-11-01,1048.52,1053.42,1037.85,1051.19,64600,1027.804,1035.117,1062.672,52.485,-8.416,-9.886,1.47,1035.117,1064.738,1005.497
2023-11-02,1067.2,1070.76,1051.19,1052.53,87800,1036.342,1037.386,1063.173,52.868,-6.323,-9.174,2.851,1037.386,1064.865,1009.906
2023-11-06,1062.75,1074.32,1025.85,1054.31,129800,1040.878,1038.653,1063.561,53.405,-4.469,-8.233,3.764,1038.653,1066.826,1010.48
2023-11-07,1059.2,1071.2,1052.53,1059.64,73400,1049.86,1039.587,1063.888,55.056,-2.54,-7.094,4.554,1039.587,1069.279,1009.894
2023-11-08,1059.64,1059.64,1023.18,1026.74,58600,1048.882,1037.852,1063.698,44.561,-3.625,-6.4,2.776,1037.852,1066.196,1009.509
2023-11-09,1032.96,1064.98,937.8,953.37,380200,1029.318,1033.183,1061.469,30.568,-10.286,-7.177,-3.109,1033.183,1080.061,986.306
2023-11-10,951.59,987.16,944.92,986.27,125000,1016.066,1029.67,1059.802,39.711,-12.763,-8.295,-4.469,1029.67,1079.612,979.729
2023-11-13,1000.5,1000.5,962.26,978.71,71000,1000.946,1026.536,1057.939,38.457,-15.162,-9.668,-5.494,1026.536,1081.037,972.034
2023-11-14,979.16,984.49,976.04,978.71,34800,984.76,1024.001,1055.805,38.457,-16.868,-11.108,-5.76,1024.001,1082.509,965.493
2023-11-15,984.94,984.94,965.82,970.71,51400,973.554,1021.0,1053.299,37.023,-18.651,-12.616,-6.034,1021.0,1084.036,957.963
2023-11-16,971.15,974.27,964.93,964.93,30400,975.866,1017.109,1050.362,35.98,-20.296,-14.152,-6.144,1017.109,1083.984,950.234
2023-11-17,962.7,976.49,962.7,975.6,45200,973.732,1013.663,1047.84,39.377,-20.503,-15.422,-5.08,1013.663,1081.683,945.643
2023-11-20,976.93,984.05,967.15,967.15,79600,971.42,1009.506,1045.113,37.672,-21.105,-16.559,-4.546,1009.506,1078.258,940.753
2023-11-21,971.15,978.71,971.15,972.93,63000,970.264,1006.638,1042.081,39.599,-20.875,-17.422,-3.453,1006.638,1076.515,936.76
2023-11-22,978.27,994.72,978.27,989.83,67000,974.088,1004.614,1039.782,44.957,-19.109,-17.76,-1.35,1004.614,1073.95,935.279
2023-11-24,1001.83,1010.28,999.17,1005.84,46200,982.27,1003.815,1037.812,49.525,-16.231,-17.454,1.223,1003.815,1072.681,934.948
2023-11-27,1013.84,1020.51,1010.28,1011.17,48200,989.384,1003.881,1035.843,50.983,-13.365,-16.636,3.271,1003.881,1072.774,934.988
2023-11-28,1018.29,1021.84,1009.39,1014.73,49200,998.9,1003.036,1034.122,51.981,-10.684,-15.446,4.762,1003.036,1070.903,935.169
2023-11-29,1009.39,1009.39,988.49,990.72,43200,1002.458,1001.836,1031.867,45.285,-10.377,-14.432,4.055,1001.836,1069.681,933.99
2023-11-30,988.49,996.94,984.05,993.83,37000,1003.258,999.946,1029.586,46.25,-9.77,-13.5,3.73,999.946,1066.388,933.503
2023-12-01,996.5,1000.94,984.49,989.83,48200,1000.056,996.878,1027.331,45.147,-9.502,-12.7,3.198,996.878,1058.875,934.88
2023-12-04,987.16,988.94,978.71,986.72,48400,995.166,993.587,1025.418,44.262,-9.432,-12.046,2.614,993.587,1049.87,937.304
2023-12-05,985.83,987.6,973.38,973.38,89600,986.896,989.541,1023.177,40.588,-10.334,-11.704,1.37,989.541,1038.617,940.464
2023-12-06,976.93,988.49,976.49,986.72,78400,986.096,985.894,1021.361,45.463,-9.858,-11.335,1.476,985.894,1022.222,949.567
2023-12-07,987.16,988.05,978.71,987.16,72800,984.762,983.916,1019.544,45.621,-9.339,-10.936,1.597,983.916,1014.775,953.056
2023-12-08,974.26,982.27,964.04,971.6,107800,981.116,984.827,1017.469,41.076,-10.066,-10.762,0.696,984.827,1012.832,956.822
2023-12-11,971.6,991.61,968.93,991.61,83200,982.094,985.094,1015.566,48.221,-8.925,-10.394,1.469,985.094,1013.258,956.93
2023-12-12,996.05,998.72,989.38,993.83,106200,986.184,985.85,1013.681,48.96,-7.752,-9.866,2.114,985.85,1014.105,957.595
2023-12-13,998.72,1002.28,990.27,993.83,74400,987.606,986.606,1012.169,48.96,-6.745,-9.242,2.497,986.606,1014.865,958.347
2023-12-14,1002.72,1002.72,977.38,989.38,106600,988.05,987.54,1010.853,47.387,-6.234,-8.64,2.406,987.54,1014.804,960.275
2023-12-15,989.38,996.05,985.83,992.94,62600,992.318,988.94,1010.141,48.804,-5.479,-8.008,2.529,988.94,1014.111,963.769
2023-12-18,992.5,992.5,975.15,986.72,67600,991.34,989.496,1009.732,46.45,-5.321,-7.471,2.15,989.496,1013.907,965.085
2023-12-19,991.61,998.72,985.83,998.28,64400,992.23,991.052,1009.119,51.165,-4.214,-6.819,2.605,991.052,1013.341,968.764
2023-12-20,985.83,1002.28,985.83,994.72,179800,992.408,992.142,1008.194,49.713,-3.583,-6.172,2.589,992.142,1012.769,971.515
2023-12-21,989.83,996.05,984.49,984.49,40600,991.43,991.875,1006.655,45.701,-3.864,-5.71,1.846,991.875,1012.765,970.985
2023-12-22,993.39,998.28,990.72,996.94,70200,992.23,991.43,1005.659,50.896,-3.047,-5.178,2.131,991.43,1011.427,971.433
2023-12-25,1000.5,1009.39,999.17,1004.5,67600,995.786,991.096,1004.618,53.787,-1.769,-4.496,2.727,991.096,1009.894,972.299
2023-12-26,1004.95,1007.61,1000.94,1005.39,54600,997.208,990.63,1003.898,54.129,-0.676,-3.732,3.056,990.63,1007.299,973.96
2023-12-27,1014.29,1032.52,1014.29,1029.4,96200,1004.144,992.564,1003.898,62.254,2.103,-2.565,4.668,992.564,1016.617,968.51
2023-12-28,1029.4,1039.63,1028.96,1038.74,75600,1014.994,994.809,1004.058,64.862,5.001,-1.052,6.053,994.809,1026.525,963.093
2023-12-29,1036.07,1064.53,1036.07,1060.53,84800,1027.712,998.344,1004.414,70.059,8.953,0.949,8.004,998.344,1041.441,955.247
2024-01-04,1069.42,1076.09,1063.64,1071.2,100000,1041.052,1002.568,1004.947,72.225,12.799,3.319,9.48,1002.568,1056.152,948.984
2024-01-05,1078.32,1080.54,1056.53,1061.42,54800,1052.258,1006.97,1005.17,67.411,14.885,5.632,9.253,1006.97,1064.758,949.182
2024-01-09,1075.65,1083.65,1070.76,1076.54,65600,1061.686,1011.461,1006.095,70.666,17.557,8.017,9.54,1011.461,1076.17,946.752
2024-01-10,1076.54,1098.77,1076.54,1093.88,93000,1072.714,1016.797,1007.367,73.887,20.833,10.58,10.253,1016.797,1090.098,943.496
2024-01-11,1098.33,1105.0,1096.55,1099.66,60600,1080.54,1023.2,1008.923,74.878,23.624,13.189,10.435,1023.2,1102.041,944.359
2024-01-12,1101.44,1107.22,1093.88,1096.55,43600,1085.61,1028.447,1010.657,73.268,25.293,15.61,9.683,1028.447,1112.248,944.646
2024-01-15,1105.44,1105.44,1105.0,1105.44,3400,1094.414,1034.027,1012.133,74.927,27.021,17.892,9.129,1034.027,1122.837,945.218
2024-01-16,1105.44,1114.33,1101.88,1106.33,64600,1100.372,1039.652,1013.965,75.094,28.138,19.941,8.197,1039.652,1131.926,947.379
2024-01-17,1106.33,1121.89,1105.44,1105.44,64000,1102.684,1045.456,1015.442,74.56,28.622,21.677,6.945,1045.456,1139.006,951.905
2024-01-18,1109.44,1110.33,1103.22,1105.44,47400,1103.84,1051.08,1016.527,74.56,28.675,23.077,5.598,1051.08,1144.864,957.297
2024-01-19,1107.67,1111.67,1106.33,1111.67,42600,1106.864,1057.328,1017.709,75.949,28.887,24.239,4.648,1057.328,1149.696,964.96
2024-01-22,1113.0,1125.01,1112.11,1120.56,80600,1109.888,1063.442,1019.034,77.809,29.432,25.278,4.155,1063.442,1155.54,971.344
2024-01-23,1128.56,1129.45,1117.89,1118.34,34200,1112.29,1069.623,1020.208,76.223,29.347,26.092,3.256,1069.623,1158.85,980.396
2024-01-24,1117.45,1119.23,1096.1,1099.66,44800,1111.134,1075.382,1021.667,64.339,27.456,26.364,1.092,1075.382,1155.917,994.846
2024-01-25,1095.66,1109.0,1095.66,1105.89,53200,1111.224,1080.829,1024.717,66.23,26.159,26.323,-0.165,1080.829,1153.366,1008.292
2024-01-26,1105.89,1108.55,1098.77,1099.22,44200,1108.734,1085.565,1026.976,62.414,24.312,25.921,-1.609,1085.565,1148.904,1022.226
2024-01-29,1104.55,1114.33,1100.55,1109.0,55200,1106.422,1090.746,1029.582,65.549,23.368,25.41,-2.042,1090.746,1142.332,1039.159
2024-01-30,1129.45,1130.79,1117.0,1117.0,89000,1106.154,1095.125,1032.348,67.906,23.001,24.928,-1.928,1095.125,1139.094,1051.157
2024-01-31,1117.45,1137.9,1117.45,1137.9,76200,1113.802,1100.084,1035.692,73.088,24.118,24.766,-0.649,1100.084,1139.397,1060.77
2024-02-01,1143.24,1160.58,1137.01,1159.69,160400,1124.562,1105.041,1039.587,77.218,26.456,25.104,1.352,1105.041,1148.177,1061.906
2024-02-02,1159.69,1169.03,1141.46,1161.47,82000,1137.012,1109.555,1043.304,77.522,28.129,25.709,2.42,1109.555,1156.503,1062.607
2024-02-05,1183.7,1200.16,1174.36,1186.37,119400,1152.486,1115.802,1047.689,81.278,31.105,26.789,4.317,1115.802,1168.663,1062.942
2024-02-06,1169.92,1183.26,1167.7,1170.81,75800,1163.248,1120.516,1051.646,73.061,31.842,27.799,4.042,1120.516,1175.408,1065.624
2024-02-07,1170.81,1193.49,1170.81,1191.26,88400,1173.92,1125.385,1055.675,76.433,33.687,28.977,4.71,1125.385,1187.172,1063.598
2024-02-08,1200.6,1263.74,1167.7,1211.72,365400,1184.326,1130.988,1059.792,79.234,36.381,30.457,5.923,1130.988,1202.509,1059.467
2024-02-09,1280.64,1298.43,1208.16,1209.49,259800,1193.93,1136.635,1063.759,78.144,37.899,31.946,5.953,1136.635,1214.28,1058.99
2024-02-13,1212.16,1244.18,1206.83,1240.62,106200,1204.78,1143.394,1068.277,81.89,41.14,33.785,7.355,1143.394,1232.321,1054.467
2024-02-14,1234.4,1243.73,1216.16,1239.29,65600,1218.476,1150.042,1073.248,81.249,43.104,35.648,7.455,1150.042,1246.834,1053.25
2024-02-15,1241.95,1251.29,1203.71,1221.06,80200,1224.436,1155.823,1077.793,72.837,42.697,37.058,5.639,1155.823,1255.175,1056.471
2024-02-16,1226.84,1256.18,1225.5,1253.96,99600,1232.884,1163.249,1083.075,77.387,44.517,38.55,5.967,1163.249,1268.757,1057.741
2024-02-19,1261.96,1277.53,1247.29,1272.64,71200,1245.514,1171.298,1088.794,79.488,46.925,40.225,6.7,1171.298,1284.515,1058.08
2024-02-20,1270.86,1274.41,1259.74,1267.74,80000,1250.938,1178.656,1094.681,77.455,47.886,41.757,6.129,1178.656,1297.005,1060.308
2024-02-21,1261.07,1265.52,1246.4,1264.63,43600,1256.006,1185.971,1100.239,76.125,47.845,42.975,4.871,1185.971,1306.683,1065.259
2024-02-22,1268.19,1277.97,1265.97,1277.97,40200,1267.388,1194.886,1106.055,77.88,48.332,44.046,4.286,1194.886,1315.095,1074.678
2024-02-26,1278.42,1287.31,1265.08,1275.3,64400,1271.656,1203.357,1112.129,76.665,47.95,44.827,3.123,1203.357,1321.009,1085.705
2024-02-27,1273.53,1286.42,1258.41,1264.63,71200,1270.054,1211.628,1117.59,71.841,46.253,45.112,1.141,1211.628,1321.451,1101.804
2024-02-28,1266.86,1281.97,1266.86,1277.08,54600,1271.922,1220.032,1123.255,73.905,45.39,45.168,0.222,1220.032,1322.249,1117.814
2024-02-29,1277.08,1277.08,1249.51,1257.96,41800,1270.588,1227.08,1128.537,65.917,42.671,44.668,-1.998,1227.08,1318.224,1135.935
2024-03-01,1257.96,1263.74,1239.29,1251.29,50000,1265.252,1232.749,1133.775,63.345,39.522,43.639,-4.117,1232.749,1314.119,1151.379
2024-03-04,1249.51,1267.75,1245.51,1254.85,79600,1261.162,1237.507,1139.014,64.149,36.888,42.289,-5.4,1237.507,1311.702,1163.312
2024-03-05,1254.85,1298.43,1254.85,1297.98,78800,1267.832,1244.332,1145.239,72.126,37.846,41.4,-3.555,1244.332,1314.057,1174.608
2024-03-06,1282.86,1325.11,1280.64,1309.54,83400,1274.324,1250.491,1151.464,73.809,39.086,40.937,-1.851,1250.491,1320.417,1180.565
2024-03-07,1321.11,1331.78,1286.42,1297.09,53400,1282.15,1256.805,1157.511,68.98,38.62,40.474,-1.854,1256.805,1318.791,1194.819
2024-03-08,1291.31,1328.66,1291.31,1326.44,67400,1297.18,1263.564,1164.35,73.398,40.155,40.41,-0.255,1263.564,1324.934,1202.194
2024-03-11,1298.43,1312.21,1261.52,1281.09,66600,1302.428,1267.032,1170.033,59.336,37.283,39.785,-2.502,1267.032,1323.729,1210.336
2024-03-12,1280.2,1297.98,1267.75,1297.54,70800,1302.34,1271.435,1175.894,62.167,35.92,39.012,-3.092,1271.435,1322.735,1220.135
2024-03-13,1315.32,1321.1,1277.97,1289.09,39400,1298.25,1273.858,1181.568,59.861,33.769,37.963,-4.194,1273.858,1323.585,1224.132
2024-03-14,1296.2,1307.32,1283.75,1295.76,28600,1297.984,1276.682,1186.895,61.088,32.231,36.817,-4.586,1276.682,1324.521,1228.843
2024-03-15,1310.43,1378.47,1306.88,1365.13,170400,1305.722,1283.885,1193.423,71.012,36.192,36.692,-0.5,1283.885,1339.254,1228.517
2024-03-18,1427.38,1460.73,1422.93,1445.17,161600,1338.538,1293.446,1201.116,77.988,45.269,38.407,6.861,1293.446,1382.713,1204.179
2024-03-19,1458.51,1465.18,1425.16,1465.18,136400,1372.066,1303.073,1208.996,79.327,53.46,41.418,12.042,1303.073,1420.104,1186.042
2024-03-21,1480.74,1489.63,1442.94,1462.95,152000,1406.838,1312.834,1217.026,78.752,59.09,44.952,14.138,1312.834,1448.53,1177.137
2024-03-22,1487.41,1554.11,1469.62,1536.32,273800,1454.95,1326.418,1226.222,83.095,68.681,49.698,18.983,1326.418,1492.738,1160.098
2024-03-25,1560.78,1594.13,1549.66,1571.9,212600,1496.304,1341.114,1235.782,84.725,78.251,55.409,22.842,1341.114,1538.46,1143.769
2024-03-26,1534.1,1549.66,1500.75,1516.31,196400,1510.532,1353.165,1244.115,72.896,80.423,60.412,20.011,1353.165,1562.65,1143.68
2024-03-27,1527.43,1529.65,1489.63,1496.3,213200,1516.756,1364.749,1252.11,69.154,79.611,64.251,15.36,1364.749,1579.182,1150.315
2024-03-28,1521.28,1539.44,1505.39,1519.01,120200,1527.968,1376.845,1260.382,70.975,79.88,67.377,12.503,1376.845,1597.656,1156.034
2024-03-29,1564.42,1573.5,1534.9,1571.23,95600,1534.95,1392.509,1269.68,74.678,83.346,70.571,12.775,1392.509,1622.082,1162.935
2024-04-01,1589.4,1589.4,1514.47,1523.55,157800,1525.28,1406.122,1278.042,66.355,81.308,72.718,8.589,1406.122,1632.705,1179.538
2024-04-02,1523.55,1537.17,1464.52,1487.22,141200,1519.462,1417.74,1285.677,60.795,75.886,73.352,2.534,1417.74,1635.315,1200.165
2024-04-03,1482.68,1503.12,1446.35,1482.68,99200,1516.738,1426.975,1293.098,60.117,70.412,72.764,-2.352,1426.975,1638.749,1215.201
2024-04-04,1498.57,1503.12,1473.6,1478.14,51400,1508.564,1435.405,1300.249,59.403,64.958,71.203,-6.245,1435.405,1640.824,1229.986
2024-04-05,1446.35,1478.14,1421.37,1475.87,69200,1489.492,1444.344,1307.4,59.026,59.764,68.915,-9.151,1444.344,1639.734,1248.954
2024-04-08,1496.3,1596.21,1487.22,1596.21,250000,1504.024,1457.832,1317.331,69.927,64.613,68.055,-3.441,1457.832,1656.176,1259.489
2024-04-09,1603.02,1673.41,1591.67,1646.16,202400,1535.812,1476.086,1328.136,73.123,71.661,68.776,2.885,1476.086,1673.133,1279.039
2024-04-10,1657.51,1748.34,1650.7,1716.55,424800,1582.586,1497.036,1340.483,76.856,81.981,71.417,10.564,1497.036,1703.05,1291.023
2024-04-11,1739.25,1805.1,1668.87,1791.48,411000,1645.254,1522.156,1354.132,80.035,95.109,76.155,18.954,1522.156,1743.365,1300.947
2024-04-12,1786.94,1791.48,1741.53,1761.96,268600,1702.472,1545.466,1367.032,75.628,101.956,81.315,20.641,1545.466,1764.467,1326.465
2024-04-15,1716.55,1784.67,1707.47,1780.12,201000,1739.254,1566.216,1379.876,76.485,107.608,86.574,21.034,1566.216,1791.813,1340.618
2024-04-16,1777.85,1791.48,1702.93,1721.09,185400,1754.24,1580.012,1391.104,68.095,106.1,90.479,15.621,1580.012,1808.173,1351.85
2024-04-17,1748.34,1777.85,1700.65,1746.07,196200,1760.144,1594.056,1402.796,69.614,105.703,93.524,12.179,1594.056,1826.986,1361.126
2024-04-18,1730.17,1811.91,1698.38,1805.1,131200,1762.868,1611.164,1415.171,72.898,108.896,96.598,12.297,1611.164,1853.614,1368.713
2024-04-19,1809.64,1848.24,1707.47,1784.67,251400,1767.41,1623.581,1427.448,70.076,108.526,98.984,9.543,1623.581,1875.159,1372.003
2024-04-22,1786.94,1836.89,1732.44,1782.4,371000,1767.866,1634.106,1439.271,69.752,106.819,100.551,6.268,1634.106,1894.054,1374.158
2024-04-23,1791.48,1814.18,1757.42,1789.21,187800,1781.49,1647.751,1450.82,70.196,104.808,101.402,3.406,1647.751,1910.301,1385.201
2024-04-24,1805.1,1816.45,1761.96,1811.91,120400,1794.658,1663.531,1462.869,71.688,103.848,101.892,1.957,1663.531,1925.693,1401.37
2024-04-25,1780.12,1802.83,1741.53,1741.53,111200,1781.944,1674.658,1472.887,61.422,96.299,100.773,-4.474,1674.658,1929.787,1419.528
2024-04-26,1761.96,1805.1,1714.28,1759.69,361200,1776.948,1684.08,1483.295,62.898,90.735,98.765,-8.03,1684.08,1937.037,1431.124
2024-04-30,1766.5,1834.62,1730.17,1818.72,277000,1784.212,1698.839,1495.248,67.282,90.051,97.023,-6.972,1698.839,1946.753,1450.925
2024-05-01,1773.31,1786.94,1732.44,1741.53,161000,1774.676,1711.554,1505.0,57.684,82.331,94.084,-11.753,1711.554,1939.01,1484.099
2024-05-02,1748.34,1761.96,1698.38,1714.28,124800,1755.15,1723.134,1513.832,54.717,73.171,89.902,-16.731,1723.134,1923.497,1522.772
2024-05-07,1718.82,1730.17,1691.57,1707.47,163800,1748.338,1734.601,1522.627,53.97,64.617,84.845,-20.228,1734.601,1898.938,1570.264
2024-05-08,1698.38,1705.2,1650.7,1671.14,171600,1730.628,1744.365,1530.757,50.044,54.281,78.732,-24.451,1744.365,1859.951,1628.778
2024-05-09,1682.49,1743.8,1662.06,1743.8,167600,1715.644,1751.744,1540.074,56.811,51.36,73.257,-21.898,1751.744,1843.994,1659.494
2024-05-10,1773.31,1884.57,1609.83,1757.42,1029200,1718.822,1757.307,1549.716,57.96,49.573,68.521,-18.948,1757.307,1835.022,1679.592
2024-05-13,1727.9,1920.9,1727.9,1891.38,410400,1754.242,1766.048,1562.251,67.206,58.294,66.475,-8.181,1766.048,1861.717,1670.38
2024-05-14,1859.59,1873.22,1802.83,1830.08,234200,1778.764,1767.978,1573.311,60.634,59.573,65.095,-5.522,1767.978,1867.295,1668.662
2024-05-15,1827.81,1857.32,1786.94,1791.48,246400,1802.832,1769.454,1583.982,56.864,56.816,63.439,-6.623,1769.454,1869.271,1669.638
2024-05-16,1807.37,1873.22,1780.12,1848.24,204400,1823.72,1772.861,1595.921,60.731,58.537,62.459,-3.922,1772.861,1878.678,1667.043
2024-05-17,1852.78,1866.41,1816.45,1834.62,125200,1839.16,1778.537,1607.516,59.356,58.132,61.593,-3.462,1778.537,1884.84,1672.234
2024-05-20,1834.62,1873.22,1820.99,1834.62,146200,1827.808,1782.964,1618.249,59.356,57.152,60.705,-3.553,1782.964,1890.937,1674.992
2024-05-21,1859.59,1986.75,1859.59,1941.34,338000,1850.06,1789.776,1630.885,66.291,64.246,61.413,2.833,1789.776,1918.773,1660.78
2024-05-22,1950.42,1973.12,1839.16,1841.43,221200,1860.05,1792.615,1641.772,56.561,61.102,61.351,-0.249,1792.615,1923.62,1661.609
2024-05-23,1864.14,1905.01,1836.89,1886.84,198800,1867.77,1797.836,1652.98,59.472,61.564,61.394,0.171,1797.836,1935.295,1660.378
2024-05-24,1866.41,1909.55,1843.7,1898.19,135200,1880.484,1803.286,1665.322,60.191,62.131,61.541,0.59,1803.286,1947.765,1658.806
2024-05-27,1923.17,2002.64,1911.82,2002.64,322200,1914.088,1812.822,1679.424,66.139,70.199,63.273,6.926,1812.822,1982.653,1642.991
2024-05-28,2027.62,2102.54,2013.99,2073.03,483800,1940.426,1829.397,1695.102,69.451,81.335,66.885,14.45,1829.397,2031.56,1627.234
2024-05-29,2136.6,2143.42,1984.48,1995.83,468600,1971.306,1841.204,1709.104,62.258,82.975,70.103,12.872,1841.204,2053.552,1628.856
2024-05-30,1907.28,1973.12,1905.01,1952.69,269200,1984.476,1847.902,1720.855,58.605,79.872,72.057,7.815,1847.902,2065.648,1630.157
2024-05-31,1970.85,2007.18,1950.42,1950.42,867200,1994.922,1858.347,1730.96,58.411,76.35,72.916,3.435,1858.347,2074.643,1642.051
2024-06-03,2004.91,2009.45,1920.9,1948.15,302000,1984.024,1870.04,1740.619,58.203,72.54,72.84,-0.301,1870.04,2078.695,1661.386
2024-06-04,1934.52,1982.21,1895.92,1905.01,245800,1950.42,1879.918,1749.461,54.254,65.286,71.33,-6.043,1879.918,2074.389,1685.446
2024-06-05,1873.22,1889.11,1786.94,1814.18,316800,1914.09,1887.07,1755.018,47.021,51.614,67.386,-15.773,1887.07,2058.351,1715.788
2024-06-06,1834.62,1866.41,1811.91,1827.81,165600,1889.114,1891.27,1760.136,48.139,41.401,62.189,-20.789,1891.27,2051.523,1731.017
2024-06-07,1827.81,1868.68,1821.0,1839.16,114200,1866.862,1895.357,1766.593,49.101,33.833,56.518,-22.685,1895.357,2045.059,1745.655
2024-06-10,1857.32,1923.17,1857.32,1889.11,158000,1855.054,1895.244,1774.449,53.217,31.502,51.515,-20.013,1895.244,2044.961,1745.526
2024-06-11,1907.28,1929.98,1895.92,1900.46,157000,1854.144,1898.762,1782.078,54.125,30.223,47.256,-17.034,1898.762,2045.306,1752.219
2024-06-12,1918.63,1970.85,1893.65,1893.65,209200,1870.038,1903.871,1788.527,53.454,28.333,43.472,-15.139,1903.871,2041.521,1766.221
2024-06-13,1889.11,1905.01,1820.99,1834.62,163000,1871.4,1903.19,1794.748,47.916,21.82,39.141,-17.321,1903.19,2042.128,1764.252
2024-06-14,1830.08,1945.88,1830.08,1936.79,176800,1890.926,1908.298,1803.739,56.347,24.62,36.237,-11.618,1908.298,2044.099,1772.498
2024-06-17,1925.44,1925.44,1841.43,1841.43,143800,1881.39,1908.639,1810.914,48.462,18.925,32.775,-13.85,1908.639,2043.693,1773.585
2024-06-18,1873.22,1877.76,1743.8,1773.31,221800,1855.96,1900.238,1816.818,43.752,8.814,27.982,-19.169,1900.238,2047.115,1753.36
2024-06-19,1761.96,1786.94,1752.88,1771.04,135400,1831.438,1896.718,1822.721,43.6,0.61,22.508,-21.898,1896.718,2052.624,1740.812
2024-06-20,1768.77,1784.67,1736.98,1752.88,162000,1815.09,1890.02,1825.855,42.332,-7.273,16.552,-23.825,1890.02,2058.7,1721.34
2024-06-21,1743.8,1759.69,1734.71,1734.71,142000,1774.674,1881.846,1827.626,41.047,-14.815,10.278,-25.094,1881.846,2064.153,1699.539
2024-06-24,1732.44,1764.23,1714.28,1741.53,133800,1754.694,1868.79,1828.125,41.762,-20.012,4.22,-24.232,1868.79,2052.07,1685.511
2024-06-25,1741.53,1800.56,1727.9,1796.02,151800,1759.236,1854.94,1828.216,47.265,-19.508,-0.525,-18.983,1854.94,2013.422,1696.458
2024-06-26,1802.83,1818.72,1784.67,1800.56,117200,1765.14,1845.177,1828.988,47.709,-18.529,-4.126,-14.403,1845.177,1990.637,1699.716
2024-06-27,1800.56,1811.91,1780.12,1791.48,104400,1772.86,1837.116,1829.215,46.86,-18.276,-6.956,-11.32,1837.116,1975.169,1699.063
2024-06-28,1809.64,1820.99,1780.12,1809.64,122000,1787.846,1830.077,1830.986,48.821,-16.42,-8.849,-7.571,1830.077,1957.773,1702.381
2024-07-01,1807.37,1807.37,1743.8,1750.61,188000,1789.662,1820.2,1831.077,43.236,-19.488,-10.977,-8.511,1820.2,1939.741,1700.659
2024-07-02,1748.34,1780.12,1732.44,1775.58,107600,1785.574,1813.728,1830.487,46.048,-19.677,-12.717,-6.961,1813.728,1927.828,1699.629
2024-07-03,1780.12,1791.48,1718.82,1750.61,175200,1775.584,1810.55,1829.805,43.716,-21.593,-14.492,-7.101,1810.55,1928.086,1693.014
2024-07-04,1750.61,1823.27,1732.44,1789.21,199800,1775.13,1808.62,1829.942,48.092,-19.77,-15.548,-4.222,1808.62,1926.23,1691.01
2024-07-05,1775.58,1800.56,1752.88,1757.42,156800,1764.686,1804.533,1829.306,44.99,-20.651,-16.568,-4.083,1804.533,1923.35,1685.716
2024-07-08,1755.15,1757.42,1727.9,1748.34,133600,1764.232,1797.494,1828.034,44.114,-21.831,-17.621,-4.21,1797.494,1911.808,1683.181
2024-07-09,1750.61,1877.76,1750.61,1861.87,303400,1781.49,1795.565,1830.441,55.716,-13.45,-16.787,3.337,1795.565,1903.697,1687.433
2024-07-10,1852.78,1852.78,1805.1,1825.54,173000,1796.476,1792.159,1831.758,51.996,-9.628,-15.355,5.727,1792.159,1891.192,1693.127
2024-07-11,1839.16,1861.87,1784.67,1859.59,233000,1810.552,1793.408,1832.576,55.026,-3.808,-13.046,9.237,1793.408,1895.283,1691.533
2024-07-12,1834.62,1893.65,1827.81,1859.59,158200,1830.986,1789.548,1834.937,55.026,0.795,-10.278,11.072,1789.548,1872.673,1706.423
2024-07-16,1898.19,1964.04,1884.57,1927.71,150600,1866.86,1793.862,1839.205,60.773,9.826,-6.257,16.083,1793.862,1895.269,1692.455
2024-07-17,1941.33,1982.2,1934.52,1982.2,148800,1890.926,1804.307,1844.7,64.662,21.137,-0.778,21.915,1804.307,1935.466,1673.147
2024-07-18,1950.42,1998.1,1920.9,1982.2,164000,1922.258,1814.865,1850.921,64.662,29.758,5.329,24.429,1814.865,1967.058,1662.671
2024-07-19,1975.39,2057.13,1975.39,2043.51,205800,1959.042,1829.396,1856.915,68.71,41.064,12.476,28.588,1829.396,2009.593,1649.199
2024-07-22,2045.78,2066.22,1952.69,2004.91,312800,1988.106,1842.906,1861.865,63.758,46.375,19.256,27.119,1842.906,2033.432,1652.38
2024-07-23,1984.48,2061.68,1979.93,2002.64,126600,2003.092,1855.962,1864.09,63.468,49.826,25.37,24.456,1855.962,2052.915,1659.008
2024-07-24,1998.1,2034.43,1934.52,1943.61,116200,1995.374,1863.341,1866.361,56.303,47.253,29.747,17.507,1863.341,2061.891,1664.791
2024-07-25,1889.11,1920.9,1852.78,1868.68,129800,1972.67,1866.747,1867.905,48.776,38.722,31.542,7.18,1866.747,2063.087,1670.407
2024-07-26,1875.49,1893.65,1836.89,1886.84,86200,1941.336,1871.515,1868.677,50.504,33.045,31.842,1.203,1871.515,2064.766,1678.264
2024-07-29,1918.63,2013.99,1918.63,1986.75,131600,1937.704,1880.371,1871.72,58.745,36.191,32.712,3.479,1880.371,2077.869,1682.872
2024-07-30,1998.1,2009.45,1964.04,1991.29,112800,1935.434,1892.404,1874.853,59.078,38.605,33.891,4.714,1892.404,2085.902,1698.907
2024-07-31,1979.93,2068.49,1948.15,2063.95,95200,1959.502,1906.823,1877.305,64.082,45.853,36.283,9.57,1906.823,2106.542,1707.104
2024-08-01,2054.86,2057.13,1945.88,1948.15,101200,1975.396,1916.7,1879.44,52.967,41.771,37.381,4.391,1916.7,2102.977,1730.423
2024-08-02,1884.57,1884.57,1730.17,1730.17,217600,1944.062,1913.748,1876.306,39.188,20.709,34.046,-13.338,1913.748,2110.13,1717.366
2024-08-05,1614.37,1614.37,1412.29,1455.43,250800,1837.798,1898.648,1867.451,28.961,-17.946,23.648,-41.594,1898.648,2175.565,1621.732
2024-08-06,1548.53,1675.68,1541.72,1616.64,236200,1762.868,1892.063,1859.731,39.017,-35.166,11.885,-47.051,1892.063,2189.531,1594.596
2024-08-07,1557.61,1743.8,1550.8,1700.65,182600,1690.208,1884.002,1852.283,43.506,-41.556,1.197,-42.752,1884.002,2193.413,1574.592
2024-08-08,1668.87,1712.01,1643.89,1675.68,143600,1635.714,1876.51,1845.88,42.504,-48.08,-8.658,-39.421,1876.51,2198.869,1554.15
2024-08-09,1725.63,1759.69,1559.88,1580.31,386000,1605.742,1862.545,1838.433,38.828,-60.251,-18.977,-41.274,1862.545,2211.12,1513.971
2024-08-13,1628.0,1693.84,1618.91,1637.08,149400,1642.072,1851.42,1832.166,42.042,-64.572,-28.096,-36.476,1851.42,2214.302,1488.538
2024-08-14,1634.81,1662.06,1575.77,1634.81,146000,1645.706,1836.775,1825.899,41.947,-67.403,-35.957,-31.445,1836.775,2210.182,1463.368
2024-08-15,1634.81,1648.43,1605.29,1621.19,95000,1629.814,1818.724,1820.223,41.344,-69.939,-42.754,-27.185,1818.724,2197.398,1440.051
2024-08-16,1643.89,1698.38,1643.89,1693.84,119800,1633.446,1804.307,1817.816,45.817,-65.333,-47.269,-18.064,1804.307,2178.707,1429.906
2024-08-19,1662.06,1680.22,1612.1,1612.1,142400,1639.804,1782.736,1813.502,41.941,-67.501,-51.316,-16.185,1782.736,2148.725,1416.747
2024-08-20,1628.0,1689.3,1623.46,1677.95,157600,1647.978,1766.388,1810.278,45.911,-63.177,-53.688,-9.489,1766.388,2119.577,1413.199
2024-08-21,1646.16,1680.22,1634.81,1634.81,63600,1647.978,1747.996,1805.192,43.798,-62.51,-55.452,-7.058,1747.996,2087.426,1408.567
2024-08-22,1655.24,1655.24,1621.19,1637.08,58600,1651.156,1732.67,1799.924,43.944,-61.095,-56.581,-4.514,1732.67,2062.454,1402.886
2024-08-23,1616.64,1641.62,1607.56,1623.46,81800,1637.08,1720.409,1794.52,43.218,-60.376,-57.34,-3.036,1720.409,2047.122,1393.696
2024-08-26,1623.46,1634.81,1568.96,1582.59,127400,1631.178,1705.196,1789.48,41.027,-62.385,-58.349,-4.036,1705.196,2027.585,1382.808
2024-08-27,1566.69,1580.31,1523.55,1571.23,253200,1609.834,1684.42,1782.168,40.414,-64.155,-59.51,-4.645,1684.42,1983.094,1385.747
2024-08-28,1559.88,1575.77,1534.9,1564.42,272200,1595.756,1663.077,1776.628,40.027,-65.353,-60.679,-4.674,1663.077,1928.585,1397.569
2024-08-29,1548.53,1559.88,1516.74,1546.26,201800,1577.592,1637.192,1772.087,38.958,-66.996,-61.942,-5.054,1637.192,1828.804,1445.581
2024-08-30,1548.53,1628.0,1546.26,1618.91,139000,1576.682,1620.731,1769.045,45.259,-61.724,-61.899,0.174,1620.731,1744.373,1497.088
2024-09-02,1634.81,1646.16,1616.64,1623.46,94600,1584.856,1615.395,1766.456,45.638,-56.527,-60.824,4.297,1615.395,1727.857,1502.933
2024-09-03,1637.08,1702.93,1637.08,1671.14,169000,1604.838,1626.18,1765.185,49.573,-48.008,-58.261,10.253,1626.18,1712.349,1540.012
2024-09-04,1593.94,1625.73,1550.8,1562.15,157400,1604.384,1623.456,1761.597,42.075,-49.481,-56.505,7.024,1623.456,1714.218,1532.694
2024-09-05,1555.34,1578.04,1521.28,1557.61,91800,1606.654,1616.304,1756.829,41.792,-50.433,-55.291,4.858,1616.304,1703.943,1528.665
2024-09-06,1568.96,1568.96,1528.09,1550.8,76400,1593.032,1610.06,1751.834,41.342,-51.147,-54.462,3.315,1610.06,1697.682,1522.438
2024-09-09,1496.3,1528.09,1475.87,1509.93,113000,1570.326,1606.541,1746.203,38.652,-54.385,-54.447,0.062,1606.541,1704.265,1508.817
2024-09-10,1532.63,1566.69,1519.01,1548.53,93600,1545.804,1602.114,1740.981,42.46,-53.222,-54.202,0.98,1602.114,1702.011,1502.216
2024-09-11,1548.53,1589.4,1507.66,1525.82,105000,1538.538,1596.664,1736.485,40.853,-53.516,-54.064,0.549,1596.664,1700.85,1492.478
2024-09-12,1557.61,1587.13,1532.63,1534.9,69200,1533.996,1592.35,1731.671,41.801,-52.412,-53.734,1.322,1592.35,1699.368,1485.331
2024-09-13,1532.63,1553.07,1525.82,1553.07,85200,1534.45,1585.311,1727.72,43.745,-49.501,-52.887,3.387,1585.311,1682.268,1488.354
2024-09-17,1564.42,1566.69,1505.39,1528.09,86800,1538.082,1581.111,1722.498,41.684,-48.648,-52.039,3.391,1581.111,1680.431,1481.79
2024-09-18,1539.44,1548.53,1507.66,1530.36,80000,1534.448,1573.731,1717.957,41.952,-47.245,-51.081,3.836,1573.731,1664.303,1483.159
2024-09-19,1537.17,1575.77,1532.63,1557.61,76600,1540.806,1569.871,1714.142,45.203,-43.433,-49.551,6.118,1569.871,1655.951,1483.791
2024-09-20,1568.96,1580.31,1521.28,1553.07,147200,1544.44,1565.67,1707.966,44.753,-40.314,-47.704,7.39,1565.67,1645.945,1485.396
2024-09-24,1566.69,1618.91,1550.8,1609.83,164800,1555.792,1564.989,1703.652,51.28,-32.883,-44.739,11.857,1564.989,1643.408,1486.57
2024-09-25,1593.94,1605.29,1557.61,1564.42,138000,1563.058,1564.08,1697.749,46.543,-30.308,-41.853,11.545,1564.08,1642.06,1486.101
2024-09-26,1607.56,1634.81,1582.59,1634.81,182800,1583.948,1567.26,1693.253,53.685,-22.331,-37.949,15.618,1567.26,1651.407,1483.112
2024-09-27,1655.59,1685.61,1639.43,1648.66,142400,1602.158,1571.472,1687.672,54.96,-14.721,-33.303,18.582,1571.472,1663.119,1479.824
2024-09-30,1579.39,1623.26,1579.39,1600.17,165000,1611.578,1574.167,1680.031,49.792,-12.46,-29.135,16.675,1574.167,1665.864,1482.47
2024-10-01,1632.5,1720.24,1623.26,1715.63,121600,1632.738,1579.003,1674.7,59.547,-1.336,-23.575,22.239,1579.003,1689.009,1468.997
2024-10-02,1667.14,1711.01,1662.52,1680.99,113400,1656.052,1581.88,1667.45,56.03,4.632,-17.933,22.565,1581.88,1699.524,1464.235
2024-10-03,1729.48,1729.48,1644.04,1644.04,87000,1657.898,1580.524,1660.232,52.469,6.307,-13.085,19.392,1580.524,1694.404,1466.645
2024-10-04,1644.04,1664.83,1639.43,1653.28,55400,1658.822,1585.081,1653.245,53.269,8.285,-8.811,17.096,1585.081,1703.083,1467.079
2024-10-07,1683.3,1683.3,1639.43,1664.83,77800,1671.754,1590.442,1647.669,54.304,10.661,-4.917,15.578,1590.442,1712.849,1468.035
2024-10-08,1644.04,1669.44,1620.95,1625.57,51200,1653.742,1594.18,1642.807,50.232,9.269,-2.08,11.349,1594.18,1716.056,1472.305
2024-10-09,1634.81,1644.04,1611.72,1630.19,72000,1643.582,1600.193,1637.674,50.7,8.442,0.025,8.417,1600.193,1716.297,1484.09
2024-10-10,1639.43,1639.43,1590.94,1609.41,56200,1636.656,1603.238,1630.127,48.489,6.04,1.228,4.812,1603.238,1716.802,1489.673
2024-10-11,1607.1,1625.57,1600.17,1600.17,41800,1626.034,1606.955,1622.305,47.497,3.352,1.653,1.7,1606.955,1714.56,1499.35
2024-10-15,1623.26,1630.19,1600.17,1620.95,44400,1617.258,1611.258,1613.445,49.976,2.866,1.895,0.97,1611.258,1713.479,1509.036
2024-10-16,1593.25,1637.12,1584.01,1602.48,39600,1612.64,1613.728,1606.532,47.815,0.979,1.712,-0.733,1613.728,1712.353,1515.103
2024-10-17,1607.1,1627.88,1597.86,1597.86,40800,1606.174,1617.216,1603.885,47.265,-0.88,1.194,-2.073,1617.216,1707.686,1526.747
2024-10-18,1602.48,1611.72,1584.01,1595.55,35400,1603.402,1620.476,1606.688,46.973,-2.51,0.453,-2.963,1620.476,1702.027,1538.925
2024-10-21,1595.55,1597.86,1572.46,1590.94,42200,1601.556,1622.143,1606.174,46.36,-4.126,-0.463,-3.663,1622.143,1699.541,1544.744
2024-10-22,1588.63,1593.25,1551.68,1558.61,66000,1589.088,1622.42,1603.333,42.195,-7.925,-1.955,-5.969,1622.42,1698.81,1546.029
2024-10-23,1556.3,1556.3,1528.59,1528.59,55600,1574.31,1618.357,1600.391,38.718,-13.205,-4.205,-9.0,1618.357,1705.456,1531.259
2024-10-24,1519.36,1540.14,1514.74,1535.52,64200,1561.842,1616.912,1599.495,39.948,-16.639,-6.692,-9.947,1616.912,1708.616,1525.209
2024-10-25,1540.14,1540.14,1500.88,1523.97,63000,1547.526,1611.37,1597.233,38.559,-20.061,-9.366,-10.695,1611.37,1711.527,1511.214
2024-10-28,1521.66,1542.45,1514.74,1542.45,86800,1537.828,1606.06,1595.386,42.033,-21.039,-11.7,-9.339,1606.06,1709.113,1503.007
2024-10-29,1537.83,1544.76,1519.36,1544.76,50400,1535.058,1603.289,1593.857,42.471,-21.381,-13.636,-7.745,1603.289,1709.926,1496.653
2024-10-30,1549.37,1579.39,1549.37,1560.92,90400,1541.524,1595.554,1591.199,45.569,-20.117,-14.933,-5.184,1595.554,1689.578,1501.53
2024-10-31,1553.99,1581.7,1553.99,1560.92,45400,1546.604,1589.55,1590.175,45.569,-18.897,-15.725,-3.171,1589.55,1675.6,1503.501
2024-11-01,1530.9,1574.77,1523.97,1553.99,86000,1552.608,1585.048,1587.696,44.38,-18.278,-16.236,-2.042,1585.048,1668.476,1501.62
2024-11-05,1586.32,1600.17,1553.99,1570.15,71800,1558.148,1580.892,1586.403,47.799,-16.297,-16.248,-0.048,1580.892,1658.055,1503.728
2024-11-06,1581.7,1630.19,1581.7,1618.65,95000,1572.926,1578.582,1586.034,56.452,-10.689,-15.136,4.447,1578.582,1647.492,1509.673
2024-11-07,1678.68,1715.63,1648.66,1706.39,116000,1602.02,1582.624,1587.693,67.082,0.825,-11.944,12.769,1582.624,1670.11,1495.137
2024-11-08,1724.86,1741.02,1678.68,1711.01,151800,1632.038,1586.664,1590.261,67.532,10.205,-7.514,17.72,1586.664,1689.518,1483.811
2024-11-11,1704.08,1877.26,1664.83,1805.68,1152000,1682.376,1596.478,1594.95,75.049,24.99,-1.013,26.004,1596.478,1738.474,1454.482
2024-11-12,1870.33,1870.33,1768.73,1768.73,451800,1722.092,1604.906,1599.037,68.393,33.342,5.858,27.484,1604.906,1766.484,1443.328
2024-11-13,1752.57,1798.75,1731.79,1777.97,316400,1753.956,1612.757,1603.671,69.131,40.242,12.735,27.507,1612.757,1791.92,1433.594
2024-11-14,1771.04,1854.17,1768.73,1844.93,376200,1781.664,1624.88,1608.191,73.885,50.531,20.294,30.237,1624.88,1831.777,1417.982
2024-11-15,1851.86,1868.02,1817.22,1819.53,186200,1803.368,1635.963,1612.113,69.511,55.99,27.433,28.557,1635.963,1859.821,1412.105
2024-11-18,1794.13,1828.77,1789.51,1814.91,78600,1805.214,1646.931,1614.988,68.715,59.261,33.799,25.462,1646.931,1883.581,1410.281
2024-11-19,1814.91,1842.62,1801.06,1831.08,127400,1817.684,1658.938,1620.367,70.01,62.438,39.526,22.911,1658.938,1907.686,1410.19
2024-11-20,1828.77,1858.79,1805.68,1807.99,125800,1823.688,1671.407,1625.374,65.819,62.373,44.096,18.277,1671.407,1923.952,1418.862
2024-11-21,1807.99,1842.62,1807.99,1819.53,96200,1818.608,1685.954,1630.749,66.886,62.532,47.783,14.749,1685.954,1937.376,1434.532
2024-11-22,1814.91,1838.0,1810.3,1826.46,93200,1819.994,1700.501,1637.079,67.541,62.497,50.726,11.771,1700.501,1948.924,1452.078
2024-11-25,1833.39,1842.62,1796.44,1807.99,149000,1818.61,1714.702,1642.269,63.911,60.284,52.638,7.647,1714.702,1952.896,1476.508
2024-11-26,1805.68,1807.99,1777.97,1807.99,121000,1813.992,1727.979,1647.912,63.911,57.864,53.683,4.181,1727.979,1955.091,1500.867
2024-11-27,1789.51,1801.06,1734.1,1754.88,159600,1803.37,1738.485,1652.312,54.197,51.071,53.16,-2.09,1738.485,1948.724,1528.246
2024-11-28,1752.57,1784.9,1750.26,1775.66,95800,1794.596,1749.222,1656.763,56.954,46.824,51.893,-5.069,1749.222,1942.53,1555.914
2024-11-29,1764.12,1807.99,1754.88,1794.13,138400,1788.13,1760.883,1662.084,59.299,44.437,50.402,-5.965,1760.883,1933.38,1588.385
2024-12-02,1807.99,1833.39,1791.82,1821.84,106600,1790.9,1774.275,1667.914,62.591,44.271,49.176,-4.905,1774.275,1918.396,1630.154
2024-12-03,1833.39,1888.8,1833.39,1865.71,123600,1802.444,1789.053,1674.076,67.125,47.136,48.768,-1.632,1789.053,1902.364,1675.742
2024-12-04,1865.71,1865.71,1819.53,1838.01,115200,1819.07,1800.021,1679.775,62.014,46.634,48.341,-1.707,1800.021,1882.024,1718.018
2024-12-05,1858.79,1884.19,1842.62,1842.62,137000,1832.462,1806.832,1684.43,62.526,46.077,47.888,-1.812,1806.832,1878.005,1735.66
2024-12-06,1847.24,1851.86,1821.84,1838.01,67000,1841.238,1813.183,1689.902,61.632,44.747,47.26,-2.513,1813.183,1869.461,1756.904
2024-12-09,1847.24,1856.48,1828.77,1833.39,75600,1843.548,1814.568,1693.874,60.696,42.827,46.373,-3.546,1814.568,1871.431,1757.705
2024-12-10,1844.93,1851.86,1789.51,1789.51,111400,1828.308,1815.607,1696.691,52.534,37.334,44.566,-7.231,1815.607,1869.632,1761.582
2024-12-11,1780.28,1814.91,1761.81,1814.91,123600,1823.688,1817.454,1700.986,56.205,34.632,42.579,-7.947,1817.454,1868.505,1766.403
2024-12-12,1826.46,1840.31,1819.53,1819.53,144800,1819.07,1816.184,1703.064,56.859,32.488,40.561,-8.073,1816.184,1865.594,1766.774
2024-12-13,1794.13,1817.22,1771.04,1798.75,84000,1811.218,1815.145,1705.419,53.025,28.781,38.205,-9.424,1815.145,1865.129,1765.161
2024-12-16,1817.22,1826.46,1794.13,1803.37,70800,1805.214,1814.568,1708.605,53.772,25.917,35.747,-9.83,1814.568,1864.83,1764.306
2024-12-17,1817.22,1824.15,1780.28,1784.9,95600,1804.292,1812.259,1711.238,50.329,21.904,32.978,-11.074,1812.259,1863.559,1760.959
2024-12-18,1784.9,1812.61,1784.9,1812.61,76600,1803.832,1812.49,1714.193,54.985,20.721,30.527,-9.806,1812.49,1863.751,1761.229
2024-12-19,1791.82,1814.91,1766.42,1814.91,104200,1802.908,1812.259,1717.98,55.359,19.742,28.37,-8.628,1812.259,1863.428,1761.09
2024-12-20,1826.46,1921.13,1803.37,1911.89,313800,1825.536,1816.53,1723.614,67.588,26.485,27.993,-1.508,1816.53,1884.27,1748.791
2024-12-23,1911.89,1923.44,1863.4,1881.88,162200,1841.238,1820.225,1729.064,61.934,29.073,28.209,0.864,1820.225,1893.811,1746.639
2024-12-24,1872.64,1872.64,1824.15,1844.93,123000,1853.244,1822.072,1733.959,55.75,27.822,28.132,-0.31,1822.072,1896.217,1747.927
2024-12-25,1870.33,1870.33,1814.91,1835.7,85200,1857.862,1826.113,1738.254,54.292,25.788,27.663,-1.875,1826.113,1893.325,1758.901
2024-12-26,1835.7,1842.62,1817.22,1835.7,109800,1862.02,1829.115,1742.918,54.292,23.901,26.911,-3.01,1829.115,1892.067,1766.163
2024-12-27,1848.16,1921.13,1838.0,1900.81,177400,1859.804,1834.449,1748.977,62.349,27.344,26.997,0.347,1834.449,1902.769,1766.129
2024-12-30,1900.81,1900.81,1862.02,1885.11,115500,1860.45,1837.612,1754.768,59.62,28.477,27.293,1.184,1837.612,1909.253,1765.972
2025-01-06,1913.74,1932.21,1858.32,1858.32,152600,1863.128,1837.243,1760.116,55.181,26.904,27.215,-0.312,1837.243,1908.347,1766.139
2025-01-07,1866.64,1899.89,1832.46,1853.71,148200,1866.73,1838.028,1766.018,54.431,24.997,26.772,-1.775,1838.028,1909.513,1766.543
2025-01-08,1842.62,1881.41,1841.7,1854.63,83500,1870.516,1838.628,1772.539,54.563,23.291,26.075,-2.785,1838.628,1910.477,1766.78
2025-01-09,1862.02,1870.33,1807.53,1811.22,147400,1852.598,1837.289,1778.053,47.521,18.226,24.506,-6.279,1837.289,1910.178,1764.4
2025-01-10,1810.3,1826.92,1779.82,1782.59,106700,1832.094,1834.749,1783.225,43.531,11.766,21.958,-10.191,1834.749,1911.64,1757.858
2025-01-14,1780.74,1806.6,1688.38,1715.16,315100,1803.462,1831.032,1786.679,35.888,1.192,17.805,-16.612,1831.032,1922.869,1739.194
2025-01-15,1714.24,1733.64,1680.99,1711.47,158300,1775.014,1825.86,1790.014,35.52,-7.4,12.764,-20.164,1825.86,1932.049,1719.67
2025-01-16,1729.02,1735.48,1698.54,1699.46,92900,1743.98,1819.856,1792.784,34.289,-15.006,7.21,-22.216,1819.856,1940.187,1699.525
2025-01-17,1696.69,1702.23,1657.9,1695.77,110900,1720.89,1814.707,1795.481,33.901,-21.088,1.55,-22.638,1814.707,1947.054,1682.36
2025-01-20,1696.69,1708.7,1693.0,1698.54,87300,1704.08,1809.465,1798.372,34.501,-25.392,-3.838,-21.554,1809.465,1951.641,1667.29
2025-01-21,1708.7,1723.48,1672.68,1684.68,100900,1697.984,1804.454,1800.663,32.891,-29.581,-8.987,-20.594,1804.454,1956.965,1651.944
2025-01-22,1691.15,1731.79,1682.84,1727.17,113900,1701.124,1800.182,1802.833,41.848,-29.136,-13.017,-16.119,1800.182,1956.471,1643.894
2025-01-23,1728.09,1736.41,1701.31,1719.78,110200,1705.188,1795.426,1803.101,40.827,-29.044,-16.222,-12.822,1795.426,1955.57,1635.282
2025-01-24,1733.64,1746.57,1714.24,1722.55,96600,1710.544,1785.959,1803.332,41.404,-28.421,-18.662,-9.759,1785.959,1939.358,1632.56
2025-01-27,1741.95,1760.42,1719.78,1719.78,112500,1714.792,1777.854,1801.614,40.974,-27.829,-20.495,-7.334,1777.854,1926.984,1628.724
2025-01-28,1694.84,1705.0,1674.52,1703.16,165900,1718.488,1770.766,1800.303,38.396,-28.375,-22.071,-6.304,1770.766,1919.948,1621.583
2025-01-29,1718.86,1721.63,1699.46,1711.47,101000,1715.348,1764.554,1798.973,40.415,-27.816,-23.22,-4.596,1764.554,1912.694,1616.414
2025-01-30,1711.47,1732.71,1699.46,1732.71,92600,1717.934,1759.404,1796.728,45.344,-25.366,-23.649,-1.717,1759.404,1904.255,1614.554
2025-01-31,1738.25,1800.14,1717.93,1782.59,140700,1729.942,1753.493,1795.989,54.8,-19.179,-22.755,3.576,1753.493,1882.87,1624.117
2025-02-03,1769.66,1793.67,1752.11,1762.27,209500,1738.44,1747.352,1794.937,50.934,-15.734,-21.351,5.617,1747.352,1861.143,1633.56
2025-02-04,1782.59,1795.52,1727.17,1729.94,133100,1743.796,1740.932,1792.914,45.441,-15.435,-20.168,4.733,1740.932,1842.158,1639.707
2025-02-05,1742.87,1751.18,1701.31,1733.64,121500,1748.23,1734.929,1791.427,46.157,-14.729,-19.08,4.351,1734.929,1821.117,1648.741
2025-02-06,1743.8,1807.53,1743.8,1755.8,138500,1752.848,1729.988,1790.152,50.357,-12.241,-17.712,5.471,1729.988,1796.325,1663.65
2025-02-07,1754.88,1789.98,1728.09,1754.88,153400,1747.306,1727.17,1788.721,50.182,-10.225,-16.215,5.99,1727.17,1782.925,1671.416
2025-02-10,1738.25,1772.43,1737.33,1759.5,128100,1746.752,1726.016,1787.751,51.101,-8.161,-14.604,6.443,1726.016,1777.75,1674.282
2025-02-12,1865.71,1872.18,1523.97,1553.53,1318400,1711.47,1717.934,1782.662,27.098,-22.881,-16.259,-6.622,1717.934,1810.886,1624.983
2025-02-13,1557.22,1609.87,1552.61,1572.93,411600,1679.328,1711.008,1779.023,30.414,-32.606,-19.529,-13.077,1711.008,1824.391,1597.624
2025-02-14,1572.93,1573.85,1544.29,1559.99,250600,1640.166,1704.034,1774.709,29.452,-40.885,-23.8,-17.085,1704.034,1836.035,1572.033
2025-02-17,1565.54,1596.02,1565.54,1570.15,157000,1603.22,1697.753,1770.23,31.289,-46.096,-28.259,-17.837,1697.753,1842.727,1552.779
2025-02-18,1567.38,1585.86,1544.29,1548.91,152300,1561.102,1690.272,1764.771,29.556,-51.347,-32.877,-18.47,1690.272,1849.789,1530.754
2025-02-19,1549.84,1574.77,1542.45,1542.45,145100,1558.886,1683.16,1758.306,29.029,-55.392,-37.38,-18.012,1683.16,1855.863,1510.457
2025-02-20,1535.06,1535.06,1502.73,1521.2,204700,1548.54,1672.862,1751.97,27.305,-59.625,-41.829,-17.796,1672.862,1858.588,1487.135
2025-02-21,1522.13,1530.44,1507.35,1514.74,93300,1539.49,1662.61,1745.412,26.784,-62.777,-46.018,-16.758,1662.61,1859.719,1465.5
2025-02-25,1506.43,1529.52,1503.65,1517.51,120800,1528.962,1652.358,1739.002,27.424,-64.31,-49.677,-14.633,1652.358,1857.505,1447.21
2025-02-26,1513.81,1529.52,1494.42,1526.74,121900,1524.528,1642.706,1732.869,29.628,-64.042,-52.55,-11.492,1642.706,1852.606,1432.805
2025-02-27,1533.21,1554.45,1529.52,1554.45,124900,1526.928,1635.27,1728.168,35.921,-60.892,-54.218,-6.674,1635.27,1846.684,1423.856
2025-02-28,1537.83,1541.52,1508.27,1525.82,175200,1527.852,1625.988,1722.386,32.67,-60.013,-55.377,-4.636,1625.988,1839.606,1412.369
2025-03-03,1539.68,1568.31,1539.68,1568.31,126800,1538.566,1617.768,1717.362,41.178,-55.252,-55.352,0.1,1617.768,1826.695,1408.84
2025-03-04,1556.3,1556.3,1526.74,1551.68,102200,1545.4,1606.222,1712.42,39.096,-52.218,-54.725,2.507,1606.222,1801.9,1410.544
2025-03-05,1554.45,1572.93,1535.98,1562.77,100600,1552.606,1596.247,1707.608,41.23,-48.362,-53.453,5.091,1596.247,1778.296,1414.198
2025-03-06,1581.24,1584.01,1563.69,1578.47,98200,1557.41,1588.674,1703.48,44.211,-43.537,-51.47,7.933,1588.674,1759.565,1417.782
2025-03-07,1559.07,1588.63,1559.07,1579.39,105900,1568.124,1580.961,1698.815,44.389,-39.187,-49.013,9.826,1580.961,1737.637,1424.285
2025-03-10,1581.24,1589.55,1560.92,1560.92,127000,1566.646,1571.217,1693.735,41.525,-36.806,-46.572,9.766,1571.217,1704.621,1437.813
2025-03-11,1550.76,1550.76,1513.81,1549.84,150800,1566.278,1560.965,1686.494,39.863,-35.405,-44.338,8.933,1560.965,1662.694,1459.236
2025-03-12,1559.07,1610.79,1557.22,1608.95,170500,1575.514,1553.438,1681.036,51.105,-29.188,-41.308,12.12,1553.438,1601.362,1505.513
2025-03-13,1595.09,1655.13,1595.09,1617.26,227200,1583.272,1556.624,1676.482,52.45,-23.322,-37.711,14.389,1556.624,1612.405,1500.843
2025-03-14,1626.5,1671.75,1626.5,1669.91,156400,1601.376,1561.473,1673.167,59.968,-14.26,-33.021,18.76,1561.473,1636.695,1486.251
2025-03-17,1680.99,1722.55,1668.06,1719.78,166900,1633.148,1569.462,1670.848,65.528,-3.02,-27.021,24.001,1569.462,1672.735,1466.19
2025-03-18,1729.02,1732.71,1705.0,1727.17,155200,1668.614,1577.314,1667.375,66.275,6.41,-20.335,26.745,1577.314,1702.38,1452.247
2025-03-19,1734.56,1753.03,1720.71,1730.86,139900,1692.996,1586.411,1664.29,66.664,14.02,-13.464,27.484,1586.411,1728.139,1444.683
2025-03-21,1719.78,1747.49,1707.77,1707.77,279600,1711.098,1594.677,1661.279,61.859,17.981,-7.175,25.155,1594.677,1744.653,1444.701
2025-03-24,1717.01,1717.93,1684.68,1694.84,145100,1716.084,1603.359,1658.102,59.283,19.847,-1.77,21.618,1603.359,1755.514,1451.204
2025-03-25,1717.01,1724.4,1688.38,1699.46,131600,1712.02,1612.595,1654.999,59.925,21.452,2.874,18.578,1612.595,1764.525,1460.665
2025-03-26,1691.15,1710.55,1679.14,1702.23,166300,1707.032,1621.831,1652.819,60.329,22.686,6.836,15.849,1621.831,1771.87,1471.792
2025-03-27,1704.08,1720.71,1685.61,1711.47,285700,1703.154,1631.067,1651.396,61.716,24.131,10.295,13.836,1631.067,1779.191,1482.944
2025-03-28,1722.86,1733.3,1684.89,1698.18,172800,1701.236,1638.254,1651.057,58.546,23.928,13.022,10.906,1638.254,1784.663,1491.845
2025-03-31,1660.21,1666.85,1636.48,1657.36,138500,1693.74,1644.831,1649.975,50.044,20.24,14.466,5.775,1644.831,1781.465,1508.197
2025-04-01,1670.65,1686.79,1655.46,1661.16,80300,1686.08,1649.474,1649.209,50.761,17.423,15.057,2.366,1649.474,1781.388,1517.559
2025-04-02,1669.7,1669.7,1629.83,1662.11,97600,1678.056,1654.995,1648.535,50.951,15.093,15.064,0.029,1654.995,1778.661,1531.329
2025-04-03,1569.08,1616.55,1562.44,1613.7,134300,1658.502,1657.542,1646.839,42.067,9.234,13.898,-4.664,1657.542,1775.161,1539.922
2025-04-04,1575.73,1593.76,1483.65,1510.23,187100,1620.912,1654.129,1643.35,30.019,-3.715,10.376,-14.091,1654.129,1784.658,1523.601
2025-04-07,1396.32,1463.72,1377.34,1422.9,273800,1574.02,1646.305,1637.264,23.818,-20.785,4.143,-24.929,1646.305,1810.196,1482.414
2025-04-08,1489.35,1555.79,1479.86,1555.79,116300,1552.946,1646.048,1633.984,43.084,-23.321,-1.35,-21.972,1646.048,1810.517,1481.58
2025-04-09,1534.91,1552.95,1506.43,1538.71,138300,1528.266,1645.492,1630.308,41.627,-26.405,-6.361,-20.044,1645.492,1811.4,1479.584
2025-04-10,1652.62,1656.41,1607.05,1647.87,151500,1535.1,1647.438,1628.869,52.649,-19.812,-9.051,-10.761,1647.438,1812.452,1482.424
2025-04-11,1609.9,1686.79,1592.81,1679.19,147900,1568.892,1650.534,1628.39,55.259,-11.923,-9.625,-2.297,1650.534,1815.488,1485.581
2025-04-14,1688.69,1694.38,1663.06,1679.19,67400,1620.15,1650.999,1627.744,55.259,-5.606,-8.821,3.216,1650.999,1816.234,1485.763
2025-04-15,1681.09,1703.87,1667.8,1667.8,74800,1642.552,1648.4,1626.446,54.003,-1.501,-7.357,5.856,1648.4,1810.688,1486.111
2025-04-16,1662.11,1679.19,1630.78,1650.72,84900,1664.954,1644.577,1623.809,52.092,0.37,-5.812,6.181,1644.577,1802.599,1486.555
2025-04-17,1648.82,1670.65,1642.17,1664.96,57400,1668.372,1641.282,1621.863,53.568,2.967,-4.056,7.023,1641.282,1794.401,1488.163
2025-04-18,1678.25,1739.0,1673.5,1731.4,92000,1678.814,1642.464,1621.892,59.791,10.268,-1.191,11.459,1642.464,1798.087,1486.84
2025-04-21,1702.93,1718.11,1685.84,1696.28,73200,1682.232,1642.536,1621.145,55.552,13.069,1.661,11.409,1642.536,1798.262,1486.809
2025-04-22,1694.38,1719.06,1683.94,1692.48,51300,1687.168,1642.187,1619.878,55.097,14.812,4.291,10.521,1642.187,1797.407,1486.966
2025-04-23,1715.27,1955.42,1704.82,1905.11,1366100,1738.046,1652.33,1622.883,69.938,32.971,10.027,22.944,1652.33,1845.862,1458.799
2025-04-24,1909.86,1972.51,1893.72,1908.91,404900,1786.836,1662.202,1625.871,70.128,47.125,17.447,29.679,1662.202,1886.183,1438.222
2025-04-25,1908.91,1935.49,1888.98,1923.15,132800,1825.186,1673.451,1633.263,70.871,58.814,25.72,33.094,1673.451,1925.835,1421.067
2025-04-28,1942.13,1975.36,1928.84,1958.27,142300,1877.584,1688.496,1640.97,72.676,70.103,34.597,35.506,1688.496,1970.929,1406.064
2025-04-30,1969.66,2010.48,1961.12,2007.63,145000,1940.614,1705.82,1649.923,75.019,82.086,44.095,37.992,1705.82,2021.713,1389.927
2025-05-01,2025.67,2050.35,2007.63,2041.8,113300,1967.952,1724.804,1659.356,76.52,93.265,53.929,39.336,1724.804,2073.565,1376.044
2025-05-02,2040.85,2063.63,2021.87,2056.04,106800,1997.378,1746.922,1669.499,77.137,102.097,63.562,38.534,1746.922,2121.186,1372.657
2025-05-07,2059.84,2069.33,2040.85,2046.55,84700,2022.058,1773.738,1679.581,75.71,107.095,72.269,34.827,1773.738,2153.411,1394.064
2025-05-08,2031.36,2059.84,2027.56,2056.04,74400,2041.612,1805.394,1690.277,76.184,110.548,79.925,30.624,1805.394,2167.053,1443.736
2025-05-09,2046.55,2077.87,2038.01,2062.69,126200,2052.624,1830.74,1701.236,76.53,112.524,86.445,26.08,1830.74,2189.784,1471.695
2025-05-12,2062.69,2114.89,2047.5,2104.45,178900,2065.154,1859.026,1712.975,78.629,116.122,92.38,23.741,1859.026,2210.256,1507.797
2025-05-13,2088.31,2109.2,2002.88,2036.11,241100,2061.168,1878.439,1723.163,67.922,112.165,96.337,15.828,1878.439,2223.389,1533.488
2025-05-14,2062.69,2078.82,2011.43,2021.87,188400,2056.232,1895.572,1732.511,65.909,106.651,98.4,8.251,1895.572,2232.808,1558.337
2025-05-15,2014.27,2069.33,1999.09,2032.31,147000,2051.486,1913.228,1742.641,66.688,101.948,99.109,2.839,1913.228,2239.563,1586.894
2025-05-16,2023.77,2059.84,1995.29,2042.75,134300,2047.498,1931.976,1752.13,67.489,97.934,98.874,-0.94,1931.976,2241.597,1622.355
2025-05-19,2038.95,2058.89,2009.53,2038.95,127100,2034.398,1951.388,1761.875,66.859,93.371,97.774,-4.403,1951.388,2234.29,1668.485
2025-05-20,2038.95,2061.74,2021.87,2030.41,110000,2033.258,1969.66,1771.228,65.382,88.05,95.829,-7.779,1969.66,2220.002,1719.318
2025-05-21,2039.9,2041.8,2011.43,2019.02,76500,2032.688,1984.041,1780.039,63.371,81.969,93.057,-11.088,1984.041,2208.456,1759.626
2025-05-22,1996.24,2081.67,1993.39,2065.53,127300,2039.332,2002.504,1789.762,67.735,79.981,90.442,-10.461,2002.504,2183.865,1821.142
2025-05-23,2081.67,2104.45,2061.74,2084.52,95200,2047.686,2022.106,1800.234,69.341,79.027,88.159,-9.132,2022.106,2133.71,1910.501
2025-05-26,2084.52,2106.35,2074.08,2077.87,58600,2055.47,2030.743,1810.794,68.064,76.848,85.897,-9.048,2030.743,2130.315,1931.172
2025-05-27,2077.87,2085.47,2055.09,2068.38,59800,2063.064,2038.717,1819.983,66.189,73.508,83.419,-9.911,2038.717,2121.3,1956.134
2025-05-28,2076.92,2081.67,2042.75,2042.75,91200,2067.81,2044.697,1828.493,61.28,68.01,80.337,-12.328,2044.697,2106.835,1982.559
2025-05-29,2045.6,2082.62,2045.6,2062.69,69900,2067.242,2049.918,1836.348,63.545,64.517,77.173,-12.656,2049.918,2097.267,2002.569
2025-05-30,2031.36,2140.52,2029.46,2131.98,151000,2076.734,2056.135,1844.592,70.093,66.573,75.053,-8.48,2056.135,2111.996,2000.275
2025-06-02,2118.69,2171.85,2116.79,2135.78,112400,2088.316,2060.834,1852.764,70.407,67.728,73.588,-5.86,2060.834,2126.558,1995.111
2025-06-03,2121.54,2131.98,2110.15,2115.84,63700,2097.808,2063.825,1860.464,66.464,66.271,72.125,-5.854,2063.825,2133.925,1993.724
2025-06-04,2116.79,2156.66,2094.01,2117.74,93100,2112.806,2067.384,1868.663,66.656,64.525,70.605,-6.08,2067.384,2140.936,1993.832
2025-06-05,2097.81,2115.84,2087.37,2095.91,64400,2119.45,2069.377,1876.685,62.255,60.681,68.62,-7.939,2069.377,2143.791,1994.964
2025-06-06,2110.15,2122.49,2099.71,2108.25,51600,2114.704,2071.655,1884.861,63.714,57.962,66.488,-8.527,2071.655,2147.972,1995.339
2025-06-09,2122.49,2132.93,2093.06,2105.4,54700,2108.628,2071.703,1892.924,63.107,54.943,64.179,-9.236,2071.703,2148.107,1995.299
2025-06-10,2093.06,2133.88,2079.77,2086.42,62400,2102.744,2074.218,1900.423,59.074,50.438,61.431,-10.993,2074.218,2148.984,1999.453
2025-06-11,2078.82,2082.62,2052.24,2071.23,71800,2093.442,2076.687,1907.884,55.99,45.122,58.169,-13.047,2076.687,2147.32,2006.053
2025-06-12,2071.23,2084.52,2048.45,2061.74,80500,2086.608,2078.158,1915.972,54.091,39.686,54.473,-14.787,2078.158,2146.073,2010.243
2025-06-13,2052.24,2133.88,2029.46,2127.23,122400,2090.404,2082.382,1925.293,63.336,40.199,51.618,-11.419,2082.382,2151.522,2013.242
2025-06-16,2151.91,2216.46,2135.78,2208.87,157100,2111.098,2090.878,1936.228,71.139,46.655,50.625,-3.97,2090.878,2177.177,2004.579
2025-06-17,2207.92,2212.66,2158.56,2176.59,122600,2129.132,2098.187,1947.486,65.228,48.607,50.222,-1.615,2098.187,2187.627,2008.747
2025-06-18,2175.64,2203.17,2158.56,2169.95,80600,2148.876,2105.734,1960.68,64.049,49.052,49.988,-0.935,2105.734,2192.477,2018.99
2025-06-19,2183.24,2209.82,2157.61,2195.58,90500,2175.644,2112.236,1976.134,66.561,50.887,50.168,0.719,2112.236,2205.54,2018.932
2025-06-20,2189.88,2223.11,2189.88,2189.88,382200,2188.174,2117.504,1988.816,65.466,51.29,50.392,0.898,2117.504,2215.973,2019.035
2025-06-23,2183.24,2270.57,2183.24,2187.98,151400,2183.996,2123.01,2001.801,65.081,50.869,50.488,0.382,2123.01,2224.417,2021.602
2025-06-24,2225.95,2235.45,2190.83,2198.43,75600,2188.364,2129.512,2012.812,66.255,50.794,50.549,0.245,2129.512,2232.831,2026.193
2025-06-25,2187.98,2221.21,2156.66,2206.02,107000,2195.578,2137.676,2023.349,67.12,50.761,50.591,0.17,2137.676,2237.884,2037.467
2025-06-26,2208.87,2252.53,2199.38,2237.34,104900,2203.93,2146.408,2034.512,70.482,52.655,51.004,1.651,2146.408,2249.5,2043.316
2025-06-27,2240.19,2263.92,2232.6,2244.94,110900,2214.942,2152.056,2046.055,71.25,54.146,51.632,2.514,2152.056,2263.832,2040.28
2025-06-30,2292.4,2320.88,2259.18,2281.01,202300,2233.548,2159.318,2058.661,74.625,57.574,52.821,4.753,2159.318,2284.684,2033.951
2025-07-01,2278.16,2360.74,2266.77,2360.74,162500,2266.01,2171.562,2072.576,80.167,65.964,55.449,10.515,2171.562,2323.973,2019.152
2025-07-02,2341.76,2425.29,2325.62,2343.66,255300,2293.538,2182.858,2084.821,76.321,70.423,58.444,11.979,2182.858,2351.135,2014.582
2025-07-03,2343.66,2357.9,2256.33,2284.81,183400,2303.032,2192.304,2096.592,64.789,68.419,60.439,7.98,2192.304,2361.235,2023.372
2025-07-04,2290.5,2317.08,2282.91,2302.84,93300,2314.612,2202.033,2108.799,66.461,67.508,61.853,5.655,2202.033,2372.984,2031.082
2025-07-07,2304.74,2327.52,2268.67,2313.28,164100,2321.066,2212.427,2116.963,67.426,66.858,62.854,4.004,2212.427,2383.918,2040.936
2025-07-08,2313.28,2341.76,2292.4,2337.96,90700,2316.51,2225.004,2125.544,69.648,67.555,63.794,3.761,2225.004,2394.468,2055.54
2025-07-09,2337.96,2356.0,2325.62,2328.47,80400,2313.472,2237.866,2133.65,67.734,66.575,64.35,2.224,2237.866,2396.916,2078.816
2025-07-10,2337.01,2358.85,2308.54,2315.18,104300,2319.546,2250.538,2140.788,65.039,63.988,64.278,-0.29,2250.538,2389.637,2111.439
2025-07-11,2329.42,2381.63,2303.79,2303.79,110900,2319.736,2259.366,2146.711,62.736,60.323,63.487,-3.164,2259.366,2387.493,2131.239
2025-07-14,2302.84,2377.83,2301.89,2364.54,140500,2329.988,2267.15,2153.166,69.036,61.61,63.111,-1.501,2267.15,2401.139,2133.16
2025-07-15,2367.39,2375.93,2343.66,2358.85,67900,2334.166,2276.262,2159.222,67.878,61.463,62.782,-1.319,2276.262,2409.106,2143.419
2025-07-16,2348.4,2363.59,2334.17,2334.17,48500,2335.306,2284.474,2164.975,62.948,58.678,61.961,-3.283,2284.474,2409.733,2159.214
2025-07-17,2322.78,2363.59,2320.88,2352.2,58000,2342.71,2292.304,2170.898,64.951,57.266,61.022,-3.756,2292.304,2413.688,2170.921
2025-07-18,2373.08,2426.24,2356.95,2420.55,132400,2366.062,2303.838,2178.055,71.287,60.96,61.01,-0.05,2303.838,2428.046,2179.63
2025-07-22,2439.53,2460.41,2408.21,2422.45,240800,2377.644,2315.562,2184.415,71.442,63.31,61.47,1.841,2315.562,2437.974,2193.149
2025-07-23,2444.28,2449.02,2369.29,2397.77,137000,2385.428,2325.528,2191.648,66.439,62.462,61.668,0.794,2325.528,2439.988,2211.069
2025-07-24,2407.26,2466.11,2392.07,2438.58,144300,2406.31,2337.156,2199.983,70.16,64.341,62.203,2.138,2337.156,2447.681,2226.632
2025-07-25,2455.67,2508.83,2412.95,2505.03,118100,2436.876,2350.541,2209.437,75.017,70.38,63.838,6.542,2350.541,2474.221,2226.861
2025-07-28,2520.22,2547.74,2460.41,2463.26,171100,2445.418,2361.457,2217.847,67.571,70.978,65.266,5.712,2361.457,2484.429,2238.485
2025-07-29,2442.38,2462.31,2424.34,2448.07,109200,2450.542,2369.81,2226.03,65.043,69.426,66.098,3.328,2369.81,2492.469,2247.151
2025-07-30,2469.91,2534.45,2466.11,2517.37,135500,2474.462,2377.641,2235.769,70.471,72.947,67.468,5.479,2377.641,2516.759,2238.524
2025-07-31,2515.47,2537.3,2499.33,2537.3,71500,2494.206,2387.324,2246.134,71.826,76.464,69.267,7.197,2387.324,2542.508,2232.139
2025-08-01,2514.52,2578.12,2505.98,2563.88,158300,2505.976,2401.277,2256.101,73.568,80.468,71.507,8.961,2401.277,2567.448,2235.106
2025-08-04,2516.42,2562.93,2503.13,2555.34,121800,2524.392,2413.902,2265.518,72.027,82.007,73.607,8.4,2413.902,2586.814,2240.99
2025-08-05,2581.92,2629.38,2552.49,2602.8,130600,2555.338,2428.378,2276.016,75.143,86.065,76.099,9.966,2428.378,2613.842,2242.914
2025-08-06,2624.63,2753.73,2622.73,2740.44,188300,2599.952,2448.502,2289.458,81.559,99.243,80.727,18.515,2448.502,2675.377,2221.627
2025-08-07,2752.78,2787.9,2711.96,2756.58,208000,2643.808,2469.908,2303.734,82.141,109.724,86.527,23.197,2469.908,2727.766,2212.049
2025-08-08,2783.15,3227.4,2667.35,2994.83,1293300,2729.998,2503.89,2322.377,88.108,135.691,96.359,39.331,2503.89,2842.413,2165.367
2025-08-12,3004.33,3099.25,2952.12,2980.59,418400,2815.048,2537.73,2339.349,86.253,153.353,107.758,45.595,2537.73,2923.978,2151.482
2025-08-13,2975.85,3032.8,2928.39,3018.56,206400,2898.2,2570.431,2357.005,87.037,168.472,119.901,48.571,2570.431,3002.916,2137.946
2025-08-14,2990.09,2999.58,2928.39,2999.58,142100,2950.028,2602.467,2374.68,84.445,176.884,131.297,45.586,2602.467,3062.978,2141.957
2025-08-15,3004.33,3018.56,2918.89,2947.37,119300,2988.186,2633.128,2391.272,77.6,177.293,140.497,36.797,2633.128,3100.033,2166.222
2025-08-18,2937.88,2975.85,2904.66,2942.63,87500,2977.746,2662.649,2408.207,76.99,175.216,147.44,27.775,2662.649,3129.429,2195.869
2025-08-19,2942.63,2990.09,2909.4,2923.64,121500,2966.356,2687.804,2424.514,74.464,170.076,151.968,18.109,2687.804,3153.872,2221.735
2025-08-20,2876.18,2895.16,2819.22,2880.93,160200,2938.83,2710.728,2440.025,68.982,160.704,153.715,6.989,2710.728,3166.837,2254.618
2025-08-21,2861.94,2899.91,2836.31,2880.93,83500,2915.1,2734.886,2455.915,68.982,151.53,153.278,-1.748,2734.886,3171.987,2297.784
2025-08-22,2876.18,2942.63,2857.19,2904.66,110000,2906.558,2758.19,2472.584,70.387,144.509,151.524,-7.015,2758.19,3178.137,2338.242
2025-08-25,2928.39,2942.63,2861.94,2876.18,73200,2893.268,2776.747,2488.873,66.494,135.089,148.237,-13.148,2776.747,3182.141,2371.353
2025-08-26,2880.92,2890.42,2845.8,2871.43,88500,2882.826,2797.156,2503.757,65.84,125.79,143.748,-17.957,2797.156,3176.35,2417.961
2025-08-27,2852.45,2899.91,2852.45,2895.16,61800,2885.672,2819.51,2517.482,67.557,118.964,138.791,-19.827,2819.51,3163.096,2475.924
2025-08-28,2885.67,2980.59,2885.67,2971.1,111400,2903.706,2842.196,2533.373,72.346,118.319,134.697,-16.378,2842.196,3160.793,2523.6
2025-08-29,2975.85,2994.83,2942.63,2952.12,67600,2913.198,2862.938,2549.016,69.582,114.951,130.747,-15.797,2862.938,3150.453,2575.422
2025-09-01,2928.39,3009.07,2899.91,2980.59,101500,2934.08,2883.773,2564.716,71.35,113.273,127.252,-13.98,2883.773,3138.573,2628.973
2025-09-02,2975.85,3018.56,2933.13,2985.34,85500,2956.862,2905.273,2580.625,71.646,111.046,124.011,-12.965,2905.273,3111.281,2699.265
2025-09-03,2975.85,3023.31,2923.64,2942.63,96200,2966.356,2922.264,2595.718,65.126,104.629,120.135,-15.506,2922.264,3071.45,2773.079
2025-09-04,2947.37,3047.04,2947.37,3042.29,97400,2980.594,2937.357,2612.596,71.617,106.359,117.38,-11.02,2937.357,3069.153,2805.561
2025-09-05,3061.28,3061.28,2985.34,3009.07,84000,2991.984,2949.982,2628.657,67.132,103.853,114.674,-10.821,2949.982,3054.392,2845.571
2025-09-08,3018.56,3023.31,2966.36,2990.09,66200,2993.884,2949.744,2643.712,64.641,99.192,111.578,-12.386,2949.744,3053.747,2845.742
2025-09-09,2990.09,3070.77,2990.09,3013.82,123900,2999.58,2951.406,2659.089,66.323,96.302,108.523,-12.221,2951.406,3058.5,2844.312
2025-09-10,3056.53,3104.0,3018.56,3061.28,117900,3023.31,2953.542,2674.695,69.454,96.727,106.163,-9.437,2953.542,3067.743,2839.341
2025-09-11,3085.01,3104.0,3037.55,3047.04,101200,3024.26,2955.915,2688.421,67.428,94.821,103.895,-9.074,2955.915,3075.967,2835.863
2025-09-12,3070.77,3070.77,2956.86,2961.61,119800,3014.768,2956.627,2700.78,56.739,85.433,100.203,-14.77,2956.627,3076.634,2836.62
2025-09-16,2961.61,2990.09,2928.39,2956.86,77900,3008.122,2957.339,2714.221,56.205,76.725,95.507,-18.782,2957.339,3077.165,2837.512
2025-09-17,2914.15,2923.64,2857.19,2857.19,89800,2976.796,2954.016,2725.308,46.355,61.077,88.621,-27.544,2954.016,3081.234,2826.798
2025-09-18,2835.36,2861.94,2803.09,2845.8,108700,2933.7,2952.26,2735.958,45.376,47.212,80.339,-33.127,2952.26,3084.593,2819.926
2025-09-19,2890.42,2956.86,2871.43,2956.86,186100,2915.664,2956.056,2748.336,55.289,44.672,73.206,-28.534,2956.056,3084.059,2828.053
2025-09-22,2966.36,2980.59,2904.66,2928.39,103300,2909.02,2957.242,2760.334,52.651,39.901,66.545,-26.644,2957.242,3083.67,2830.815
2025-09-24,2923.64,2937.88,2871.43,2923.64,83500,2902.376,2959.616,2772.504,52.204,35.329,60.302,-24.973,2959.616,3081.331,2837.9
2025-09-25,2918.89,2918.89,2885.67,2904.66,61100,2911.87,2961.277,2784.521,50.362,29.831,54.207,-24.377,2961.277,3078.757,2843.797
2025-09-26,2923.64,2961.61,2918.89,2933.13,99500,2929.336,2963.176,2795.893,53.038,27.454,48.857,-21.403,2963.176,3077.337,2849.014
2025-09-29,2933.13,2942.75,2885.05,2913.9,51600,2920.744,2960.316,2806.994,51.036,23.745,43.834,-20.089,2960.316,3076.489,2844.142
2025-09-30,2918.71,2923.52,2872.55,2918.71,66400,2918.808,2958.645,2818.685,51.529,20.952,39.258,-18.306,2958.645,3076.267,2841.023
2025-10-01,2913.9,2913.9,2828.31,2859.08,98700,2905.896,2952.57,2828.822,45.426,13.769,34.16,-20.391,2952.57,3077.73,2827.409
2025-10-02,2855.24,2878.32,2740.8,2767.72,133600,2878.508,2941.688,2835.766,37.999,0.695,27.467,-26.772,2941.688,3090.464,2792.913
2025-10-03,2763.88,2793.69,2744.64,2769.65,82800,2845.812,2933.04,2842.71,38.229,-9.401,20.094,-29.494,2933.04,3100.521,2765.558
2025-10-06,2864.85,2981.22,2820.62,2952.37,142400,2853.506,2928.544,2853.802,55.167,-2.628,15.549,-18.177,2928.544,3088.327,2768.76
2025-10-07,2957.18,2976.41,2875.43,2937.94,101000,2857.352,2924.987,2863.789,53.91,1.557,12.751,-11.194,2924.987,3080.328,2769.646
2025-10-08,2923.52,3019.68,2894.67,2904.28,107500,2866.392,2920.696,2871.774,50.991,2.133,10.627,-8.494,2920.696,3073.18,2768.213
2025-10-09,2894.67,2918.71,2867.74,2874.47,74700,2887.742,2913.729,2879.998,48.487,0.182,8.538,-8.356,2913.729,3060.94,2766.518
2025-10-10,2829.27,2829.27,2749.45,2760.03,127900,2885.818,2898.667,2886.237,40.304,-10.478,4.735,-15.213,2898.667,3043.945,2753.388
2025-10-14,2711.95,2783.11,2705.21,2762.92,102700,2847.928,2884.46,2891.148,40.577,-18.479,0.092,-18.571,2884.46,3024.105,2744.816
2025-10-15,2771.57,2858.12,2757.14,2800.42,110600,2820.424,2876.401,2896.411,44.143,-21.546,-4.236,-17.311,2876.401,3015.904,2736.898
2025-10-16,2848.51,2876.39,2800.42,2802.34,99600,2800.036,2868.675,2901.18,44.327,-23.551,-8.099,-15.452,2868.675,3006.521,2730.829
2025-10-17,2789.84,2827.35,2764.84,2803.31,69700,2785.804,2865.981,2906.139,44.427,-24.775,-11.434,-13.341,2865.981,3006.845,2725.117
2025-10-20,2857.16,2857.16,2811.0,2839.85,90200,2801.768,2865.684,2910.88,48.191,-22.537,-13.655,-8.883,2865.684,3006.752,2724.615
2025-10-21,2860.05,2880.24,2809.08,2825.42,116600,2814.268,2859.112,2912.58,46.842,-21.678,-15.259,-6.419,2859.112,2994.425,2723.798
2025-10-22,2826.39,2894.67,2822.54,2873.51,102000,2828.886,2856.368,2914.918,51.696,-16.922,-15.592,-1.33,2856.368,2987.94,2724.795
2025-10-23,2850.43,2923.52,2830.23,2909.09,81700,2850.236,2855.64,2913.204,54.973,-10.165,-14.506,4.342,2855.64,2985.799,2725.481
2025-10-24,2913.9,2923.52,2889.86,2909.09,44600,2871.392,2855.862,2911.774,54.973,-4.754,-12.556,7.802,2855.862,2986.387,2725.336
2025-10-27,2933.13,3024.49,2933.13,3014.88,95800,2906.398,2859.949,2911.7,63.508,7.978,-8.449,16.427,2859.949,3004.977,2714.921
2025-10-28,2947.56,2990.83,2881.2,2885.05,133600,2918.324,2858.506,2909.409,50.785,7.505,-5.258,12.764,2858.506,3001.839,2715.174
2025-10-29,2952.37,3082.19,2933.13,2957.18,214200,2935.058,2860.43,2909.606,56.053,12.804,-1.646,14.45,2860.43,3008.13,2712.73
2025-10-30,2957.18,3010.07,2952.37,2986.03,121600,2950.446,2866.777,2910.474,57.989,19.11,2.505,16.605,2866.777,3024.785,2708.77
2025-10-31,3014.88,3019.68,2957.18,2966.79,114000,2961.986,2876.731,2911.337,56.21,22.299,6.464,15.835,2876.731,3033.541,2719.921
2025-11-04,2966.79,3034.11,2957.18,2971.6,122300,2953.33,2886.828,2913.15,56.569,24.926,10.156,14.77,2886.828,3040.584,2733.073
2025-11-05,2873.51,2928.32,2765.8,2909.09,273300,2958.138,2884.664,2913.713,50.75,21.714,12.468,9.246,2884.664,3035.731,2733.598
2025-11-06,2933.13,2976.41,2918.71,2952.37,78200,2957.176,2885.386,2914.667,54.258,22.403,14.455,7.948,2885.386,3037.657,2733.115
2025-11-07,2928.32,2976.41,2909.09,2961.98,103600,2952.366,2888.271,2916.383,55.024,23.454,16.255,7.199,2888.271,3044.192,2732.35
2025-11-10,2981.22,3000.45,2947.56,2995.64,91000,2958.136,2894.33,2918.868,57.697,26.695,18.343,8.352,2894.33,3057.252,2731.407
2025-11-11,3010.07,3014.88,2942.75,2986.03,154300,2961.022,2905.63,2920.685,56.662,28.163,20.307,7.857,2905.63,3060.481,2750.778
2025-11-12,2952.37,3000.45,2913.9,2937.94,140600,2966.792,2914.38,2920.022,51.666,25.157,21.277,3.88,2914.38,3054.341,2774.42
2025-11-13,2961.98,3087.0,2847.54,3034.11,886200,2983.14,2926.065,2921.662,59.379,30.186,23.059,7.127,2926.065,3064.982,2787.148
2025-11-14,2942.75,3014.88,2870.62,2880.24,279400,2966.792,2929.96,2919.655,46.573,21.508,22.749,-1.241,2929.96,3058.231,2801.689
2025-11-17,2874.47,2913.9,2834.08,2885.05,161500,2944.674,2934.047,2917.649,46.958,14.848,21.168,-6.321,2934.047,3049.938,2818.156
2025-11-18,2842.73,2875.43,2729.26,2735.99,203300,2894.666,2928.854,2913.516,37.853,-2.431,16.449,-18.879,2928.854,3069.237,2788.471
2025-11-19,2698.48,2794.65,2655.21,2789.84,217500,2865.046,2927.075,2908.467,42.212,-11.645,10.83,-22.475,2927.075,3073.738,2780.412
2025-11-20,2798.5,2862.93,2793.69,2830.23,175200,2824.27,2924.911,2904.89,45.311,-15.509,5.562,-21.071,2924.911,3076.109,2773.713
2025-11-21,2775.42,2894.67,2775.42,2894.67,166600,2827.156,2924.19,2902.982,49.925,-13.219,1.806,-15.025,2924.19,3075.843,2772.537
2025-11-25,2899.47,2923.52,2871.59,2913.9,135600,2832.926,2924.43,2900.983,51.246,-9.74,-0.503,-9.237,2924.43,3075.998,2772.863
2025-11-26,2913.9,2966.79,2899.47,2966.79,90900,2879.086,2922.026,2899.094,54.782,-2.684,-0.939,-1.745,2922.026,3069.008,2775.044
2025-11-27,2981.22,3072.58,2976.41,3014.88,175300,2924.094,2928.518,2898.45,57.78,6.71,0.59,6.12,2928.518,3080.022,2777.013
2025-11-28,3000.45,3058.15,2995.64,3058.15,102800,2969.678,2933.566,2900.381,60.328,17.446,3.962,13.484,2933.566,3095.464,2771.668
2025-12-01,3053.34,3053.34,2952.37,3019.68,149600,2994.68,2935.248,2901.638,57.032,22.59,7.687,14.902,2935.248,3100.115,2770.382
2025-12-02,2981.22,2986.03,2885.05,2918.71,167400,2995.642,2932.844,2902.868,49.403,18.308,9.811,8.496,2932.844,3097.176,2768.513
2025-12-03,2933.13,2942.75,2867.74,2918.71,112000,2986.026,2930.2,2904.326,49.403,14.744,10.798,3.946,2930.2,3093.605,2766.795
2025-12-04,2928.32,2947.56,2909.09,2923.52,78400,2967.754,2930.922,2903.659,49.774,12.168,11.072,1.096,2930.922,3094.061,2767.782
2025-12-05,2923.52,3000.45,2918.71,2966.79,148000,2949.482,2931.642,2904.427,53.107,13.462,11.55,1.912,2931.642,3095.308,2767.977
2025-12-08,2966.79,3010.07,2937.94,3005.26,114500,2946.598,2933.806,2906.06,55.908,17.392,12.718,4.674,2933.806,3100.281,2767.332
2025-12-09,3010.07,3034.11,2990.83,3034.11,95200,2969.678,2935.73,2908.649,57.938,22.574,14.689,7.885,2935.73,3106.057,2765.403
2025-12-10,3043.73,3058.15,2986.03,2986.03,76000,2983.142,2935.73,2909.707,53.517,22.541,16.26,6.282,2935.73,3106.057,2765.403
2025-12-11,2990.83,3014.88,2933.13,2942.75,79700,2986.988,2935.971,2910.284,49.831,18.806,16.769,2.037,2935.971,3106.324,2765.617
2025-12-12,2981.22,3106.24,2966.79,3101.43,173300,3013.916,2939.337,2913.938,60.557,28.324,19.08,9.244,2939.337,3120.192,2758.481
2025-12-15,3091.81,3101.43,3034.11,3091.81,82300,3031.226,2949.915,2918.593,59.723,34.691,22.202,12.488,2949.915,3140.694,2759.136
2025-12-16,3091.81,3091.81,2995.64,3000.45,76100,3024.494,2955.685,2923.247,52.352,31.995,24.161,7.835,2955.685,3145.18,2766.19
2025-12-17,3014.88,3014.88,2937.94,2990.83,93600,3025.454,2968.427,2927.671,51.63,28.752,25.079,3.673,2968.427,3127.56,2809.294
2025-12-18,2976.41,3024.49,2947.56,3019.68,57400,3040.84,2979.919,2929.017,53.694,28.184,25.7,2.484,2979.919,3116.323,2843.515
2025-12-19,3034.11,3173.55,3024.49,3125.47,162000,3045.648,2994.681,2932.768,60.372,35.857,27.732,8.126,2994.681,3126.708,2862.654
2025-12-22,3149.51,3187.98,3096.62,3115.85,211200,3050.456,3005.74,2936.999,59.531,40.693,30.324,10.369,3005.74,3139.536,2871.944
2025-12-23,3096.62,3101.43,3062.96,3077.39,76300,3065.844,3013.914,2941.058,56.164,40.95,32.449,8.501,3013.914,3144.011,2883.818
2025-12-24,3058.15,3096.62,3058.15,3058.15,61200,3079.308,3018.482,2947.02,54.503,39.15,33.789,5.361,3018.482,3148.027,2888.938
2025-12-25,3067.77,3072.58,3024.49,3058.15,61700,3087.002,3020.646,2952.925,54.503,37.293,34.49,2.803,3020.646,3151.377,2889.915
2025-12-26,3077.39,3087.0,3038.92,3072.58,81100,3076.424,3021.368,2958.368,55.644,36.565,34.905,1.66,3021.368,3153.125,2889.61
2025-12-29,3106.24,3120.66,3038.92,3062.96,99100,3065.846,3023.532,2963.58,54.66,34.81,34.886,-0.076,3023.532,3156.588,2890.475
2025-12-30,3048.53,3058.15,3024.49,3024.49,65900,3055.266,3028.821,2968.004,50.791,29.97,33.903,-3.933,3028.821,3152.405,2905.236
2026-01-05,3058.15,3111.04,3034.11,3082.19,87200,3060.074,3036.994,2972.851,55.84,30.439,33.21,-2.771,3036.994,3151.183,2922.806
2026-01-06,3087.0,3154.32,3077.39,3125.47,78200,3073.538,3047.092,2978.852,59.219,33.912,33.35,0.561,3047.092,3154.549,2939.635
2026-01-07,3067.77,3202.4,3053.34,3187.98,151200,3096.618,3058.152,2985.141,63.557,41.233,34.927,6.306,3058.152,3175.851,2940.452
2026-01-08,3173.55,3207.21,3154.32,3168.75,66200,3117.776,3066.326,2990.334,61.394,44.965,36.934,8.031,3066.326,3191.058,2941.594
2026-01-09,3149.51,3154.32,3072.58,3130.28,102400,3138.934,3071.134,2994.758,57.199,44.308,38.409,5.899,3071.134,3198.033,2944.236
2026-01-13,3207.21,3216.83,3139.89,3168.75,90200,3156.246,3080.27,2997.835,60.132,46.357,39.999,6.358,3080.27,3207.68,2952.861
2026-01-14,3192.79,3202.4,3154.32,3202.4,79800,3171.632,3093.253,3004.182,62.55,50.118,42.023,8.095,3093.253,3214.423,2972.083
2026-01-15,3202.4,3250.49,3202.4,3231.25,90700,3180.286,3099.744,3009.664,64.536,54.795,44.577,10.218,3099.744,3235.758,2963.73
2026-01-16,3231.25,3274.53,3183.17,3264.91,82100,3199.518,3108.399,3015.241,66.752,60.52,47.766,12.755,3108.399,3263.041,2953.757
2026-01-19,3293.76,3365.89,3269.72,3361.08,157500,3245.678,3126.43,3023.127,72.112,71.988,52.61,19.378,3126.43,3309.552,2943.309
2026-01-20,3356.27,3361.08,3250.49,3269.72,134700,3265.872,3140.375,3029.09,61.902,72.864,56.661,16.203,3140.375,3322.491,2958.259
2026-01-21,3202.4,3380.32,3197.6,3346.66,117400,3294.724,3156.724,3037.841,66.237,78.858,61.1,17.758,3156.724,3351.487,2961.961
2026-01-22,3370.7,3462.06,3332.23,3428.4,149000,3334.154,3171.87,3047.362,70.127,89.176,66.715,22.46,3171.87,3400.561,2943.18
2026-01-23,3428.4,3457.25,3399.55,3423.59,105600,3365.89,3187.258,3056.594,69.619,95.86,72.544,23.315,3187.258,3440.203,2934.312
2026-01-26,3356.27,3385.12,3298.57,3313.0,96500,3356.274,3199.038,3062.941,59.027,91.182,76.272,14.91,3199.038,3452.385,2945.691
2026-01-27,3303.38,3356.27,3279.34,3332.23,75400,3368.776,3212.742,3069.865,60.162,88.012,78.62,9.392,3212.742,3463.64,2961.844
2026-01-28,3317.81,3327.42,3250.49,3274.53,80700,3354.35,3223.561,3076.597,55.219,79.922,78.88,1.042,3223.561,3464.869,2982.253
2026-01-29,3264.91,3322.61,3202.4,3274.53,98700,3323.576,3233.659,3081.405,55.219,72.674,77.639,-4.965,3233.659,3465.063,3002.254
2026-01-30,3288.96,3288.96,3149.51,3159.13,168000,3270.684,3238.467,3086.983,46.38,56.961,73.503,-16.543,3238.467,3458.662,3018.272
2026-02-02,3207.21,3255.3,3135.09,3149.51,107800,3237.986,3244.718,3092.272,45.723,43.233,67.449,-24.216,3244.718,3445.586,3043.85
2026-02-03,3207.21,3293.76,3202.4,3284.15,92800,3228.37,3254.816,3103.235,55.273,42.726,62.505,-19.779,3254.816,3441.055,3068.577
2026-02-04,3284.15,3346.66,3269.72,3298.57,115400,3233.178,3263.471,3113.41,56.163,42.992,58.602,-15.61,3263.471,3440.248,3086.694
2026-02-05,3356.27,3428.4,3327.42,3375.51,156400,3253.374,3272.848,3124.316,60.659,48.848,56.651,-7.803,3272.848,3452.633,3093.062
2026-02-06,3380.32,3524.57,3380.32,3524.57,155400,3326.462,3290.638,3136.914,67.594,64.77,58.275,6.495,3290.638,3495.696,3085.581
2026-02-09,3635.16,3649.59,3558.23,3625.54,141800,3421.668,3315.402,3151.146,71.286,84.562,63.532,21.029,3315.402,3555.538,3075.265
2026-02-10,3644.78,3769.8,3644.78,3769.8,218600,3518.798,3345.454,3167.207,75.569,110.612,72.948,37.664,3345.454,3650.092,3040.816
2026-02-12,3827.5,4231.4,3702.48,3894.82,1370700,3638.048,3380.075,3184.805,78.555,139.734,86.305,53.429,3380.075,3763.463,2996.687
2026-02-13,3827.5,3870.77,3596.69,3625.54,481800,3688.054,3399.79,3196.153,61.206,139.477,96.94,42.537,3399.79,3791.417,3008.162
2026-02-16,3587.08,3654.4,3563.04,3620.74,200700,3707.288,3417.581,3208.174,60.947,137.304,105.013,32.291,3417.581,3815.685,3019.477
2026-02-17,3577.46,3606.31,3505.33,3548.61,180100,3691.902,3426.958,3220.772,57.05,128.282,109.666,18.616,3426.958,3828.279,3025.636
2026-02-18,3553.42,3649.59,3548.61,3630.35,133700,3664.012,3444.989,3235.005,60.159,126.272,112.988,13.285,3444.989,3848.962,3041.016
2026-02-19,3567.84,3712.1,3553.42,3702.48,144400,3625.544,3462.78,3250.584,62.724,129.013,116.193,12.82,3462.78,3879.655,3045.905
2026-02-20,3673.63,3740.95,3649.59,3740.95,134400,3648.626,3478.408,3266.068,64.053,132.759,119.506,13.253,3478.408,3912.916,3043.899
2026-02-24,3740.95,3880.39,3654.4,3861.16,211200,3696.71,3500.286,3283.186,67.904,143.77,124.359,19.411,3500.286,3966.109,3034.463
2026-02-25,3875.58,3904.43,3769.8,3827.5,156200,3752.488,3526.011,3299.053,65.779,148.073,129.102,18.972,3526.011,4004.928,3047.094
2026-02-26,3851.54,3962.13,3817.88,3890.01,156500,3804.42,3553.9,3317.133,67.794,154.744,134.23,20.514,3553.9,4049.959,3057.841
2026-02-27,3914.05,4039.07,3894.82,4024.64,176900,3868.852,3591.406,3338.771,71.665,168.947,141.173,27.773,3591.406,4111.379,3071.432
2026-03-02,4005.41,4116.0,3942.9,4111.19,210900,3942.9,3633.239,3358.966,73.842,185.053,149.949,35.104,3633.239,4179.814,3086.663
2026-03-03,4077.54,4082.34,3865.97,3870.77,273400,3944.822,3668.821,3374.545,60.044,176.384,155.236,21.148,3668.821,4176.728,3160.913
2026-03-04,3702.48,3808.26,3543.8,3611.12,274800,3901.546,3691.901,3386.759,49.324,146.87,153.563,-6.693,3691.901,4138.726,3245.076
2026-03-05,3784.22,3837.11,3668.82,3736.14,184400,3870.772,3714.501,3401.665,53.618,132.045,149.259,-17.214,3714.501,4118.124,3310.877
2026-03-06,3692.86,3697.67,3591.89,3673.63,148000,3800.57,3733.254,3414.744,51.278,113.939,142.195,-28.256,3733.254,4087.318,3379.189
2026-03-09,3413.97,3486.1,3337.04,3462.06,228400,3670.744,3737.581,3421.476,44.242,81.577,130.072,-48.494,3737.581,4074.958,3400.204
2026-03-10,3567.84,3668.82,3563.04,3601.5,180900,3616.89,3741.427,3431.189,49.19,66.417,117.341,-50.924,3741.427,4070.224,3412.631
2026-03-11,3668.82,3726.52,3639.97,3668.82,146100,3628.43,3743.592,3443.017,51.432,59.152,105.703,-46.551,3743.592,4069.735,3417.448
2026-03-12,3596.69,3630.35,3543.8,3553.42,157300,3591.886,3732.772,3452.923,47.559,43.581,93.278,-49.698,3732.772,4069.442,3396.103
2026-03-13,3442.82,3620.74,3442.82,3591.89,149900,3575.538,3717.626,3463.597,48.939,33.953,81.413,-47.46,3717.626,4050.838,3384.414
2026-03-16,3567.84,3587.08,3490.91,3524.57,145600,3588.04,3712.578,3472.637,46.627,20.653,69.261,-48.609,3712.578,4054.607,3370.548
2026-03-17,3582.27,3620.74,3534.18,3538.99,95000,3575.538,3708.49,3482.158,47.202,11.147,57.638,-46.491,3708.49,4057.033,3359.947
2026-03-18,3601.5,3716.9,3582.27,3716.9,136600,3585.154,3716.904,3496.006,53.819,17.765,49.664,-31.899,3716.904,4057.224,3376.585
2026-03-19,3611.12,3625.54,3510.14,3510.14,144600,3576.498,3710.894,3504.565,46.522,6.254,40.982,-34.728,3710.894,4061.733,3360.055
2026-03-23,3375.51,3375.51,3255.3,3284.15,179800,3514.95,3689.978,3507.739,40.119,-20.864,28.613,-49.476,3689.978,4089.44,3290.515
2026-03-24,3394.74,3423.59,3303.38,3346.66,157400,3479.368,3670.263,3510.912,42.478,-36.885,15.513,-52.399,3670.263,4097.113,3243.413
2026-03-25,3462.06,3495.72,3442.82,3471.68,179900,3465.906,3650.789,3516.971,46.975,-39.045,4.602,-43.646,3650.789,4076.505,3225.073
2026-03-26,3510.14,3514.95,3361.08,3394.74,170600,3401.474,3629.151,3522.26,44.661,-46.429,-5.605,-40.824,3629.151,4060.997,3197.305
2026-03-27,3337.04,3375.51,3288.96,3351.47,293300,3369.74,3602.224,3525.914,43.367,-55.137,-15.511,-39.626,3602.224,4032.742,3171.706
2026-03-30,3150.28,3282.77,3150.28,3268.05,180700,3366.52,3564.394,3527.227,40.906,-67.986,-26.006,-41.98,3564.394,3970.922,3157.867
2026-03-31,3155.19,3258.23,3150.28,3199.35,155600,3337.058,3518.802,3526.589,38.946,-82.758,-37.356,-45.402,3518.802,3867.547,3170.058
2026-04-01,3366.19,3405.44,3277.86,3405.44,151300,3323.81,3495.536,3529.4,47.13,-76.949,-45.275,-31.674,3495.536,3805.324,3185.748
2026-04-02,3439.79,3488.86,3326.93,3331.84,134700,3311.23,3481.572,3528.815,44.819,-77.391,-51.698,-25.693,3481.572,3794.584,3168.56
2026-04-03,3366.19,3380.91,3317.12,3341.65,95000,3309.266,3461.848,3530.254,45.205,-76.074,-56.573,-19.5,3461.848,3756.494,3167.201
2026-04-06,3361.28,3380.91,3331.84,3331.84,69700,3322.024,3444.758,3529.957,44.867,-74.957,-60.25,-14.707,3444.758,3727.075,3162.441
2026-04-07,3395.63,3459.42,3371.09,3429.98,149200,3368.15,3443.154,3529.989,48.973,-65.399,-61.28,-4.119,3443.154,3725.422,3160.886
2026-04-08,3631.16,3704.77,3591.91,3704.77,216000,3428.016,3448.318,3535.613,58.331,-35.245,-56.073,20.828,3448.318,3746.131,3150.504
2026-04-09,3670.42,3753.84,3650.79,3739.12,134800,3509.472,3451.832,3544.135,59.335,-8.478,-46.554,38.076,3451.832,3762.007,3141.658
2026-04-10,3788.19,3812.72,3748.93,3778.37,151000,3596.816,3463.08,3553.058,60.506,15.721,-34.099,49.82,3463.08,3803.596,3122.564
2026-04-13,3734.21,3783.28,3606.63,3631.16,188200,3656.68,3465.044,3560.19,54.202,22.758,-22.727,45.486,3465.044,3809.121,3120.966
2026-04-14,3680.23,3680.23,3562.47,3562.47,127000,3683.178,3466.938,3565.949,51.506,22.533,-13.675,36.208,3466.938,3812.809,3121.068
2026-04-15,3606.63,3611.53,3366.19,3371.09,204100,3616.442,3458.544,3570.188,44.816,6.832,-9.574,16.406,3458.544,3805.2,3111.887
2026-04-16,3385.81,3488.86,3376.0,3474.14,203500,3563.446,3446.406,3576.681,48.681,2.674,-7.124,9.798,3446.406,3771.289,3121.522
2026-04-17,3459.42,3464.33,3380.91,3444.7,109700,3496.712,3443.134,3579.892,47.654,-2.963,-6.292,3.329,3443.134,3766.63,3119.637
2026-04-20,3474.14,3479.05,3361.28,3380.91,150800,3446.662,3447.971,3581.539,45.419,-12.434,-7.52,-4.914,3447.971,3764.271,3131.672
2026-04-21,3366.19,3395.63,3331.84,3341.65,132300,3402.498,3447.721,3580.862,44.049,-22.845,-10.585,-12.259,3447.721,3764.366,3131.076
2026-04-22,3331.84,3341.65,3263.14,3272.95,123500,3382.87,3437.784,3575.829,41.68,-36.221,-15.712,-20.509,3437.784,3763.603,3111.966
2026-04-23,3268.05,3351.47,3233.7,3351.47,174400,3358.336,3435.621,3570.348,45.301,-40.025,-20.575,-19.45,3435.621,3763.213,3108.029
2026-04-24,3351.47,3366.19,3292.58,3326.93,88300,3334.782,3434.394,3561.49,44.374,-44.506,-25.361,-19.145,3434.394,3763.493,3105.295
2026-04-27,3302.4,3390.72,3258.23,3361.28,115400,3330.856,3439.056,3550.82,46.038,-44.77,-29.243,-15.527,3439.056,3760.793,3117.318
2026-04-28,3400.53,3562.47,3390.72,3562.47,252600,3375.02,3457.212,3549.558,54.607,-28.417,-29.078,0.661,3457.212,3762.559,3151.864
2026-04-30,3498.67,3508.49,3376.0,3493.77,229600,3419.184,3461.628,3547.019,51.595,-20.762,-27.415,6.653,3461.628,3766.377,3156.879
2026-05-01,3503.58,3552.65,3439.79,3518.3,115000,3452.55,3470.951,3546.413,52.6,-12.57,-24.446,11.875,3470.951,3770.343,3171.559
2026-05-07,3655.7,3704.77,3557.56,3557.56,161700,3498.676,3481.746,3544.957,54.239,-2.878,-20.132,17.255,3481.746,3777.051,3186.442
2026-05-08,3557.56,3587.0,3459.42,3518.3,146200,3530.08,3491.07,3541.273,52.292,1.618,-15.782,17.4,3491.07,3778.104,3204.035
2026-05-11,3572.28,3636.07,3552.65,3591.91,209600,3535.968,3499.166,3538.292,55.516,10.993,-10.427,21.42,3499.166,3788.074,3210.258
2026-05-12,3636.07,3748.93,3636.07,3680.23,231900,3573.26,3497.939,3534.674,59.088,25.258,-3.29,28.548,3497.939,3783.358,3212.52
2026-05-13,3680.23,3827.44,3557.56,3680.23,530500,3605.646,3494.994,3531.728,59.088,36.147,4.597,31.55,3494.994,3770.997,3218.992
2026-05-14,3577.19,3621.35,3474.14,3474.14,313100,3588.962,3479.783,3523.411,48.539,27.826,9.243,18.583,3479.783,3721.421,3238.145
2026-05-15,3518.3,3621.35,3410.35,3464.33,235700,3578.168,3471.442,3512.205,48.099,20.207,11.436,8.771,3471.442,3702.357,3240.526
2026-05-18,3410.35,3410.35,3199.35,3302.4,328000,3520.266,3458.438,3496.029,41.422,1.09,9.367,-8.277,3458.438,3696.937,3219.939
2026-05-19,3371.09,3410.35,3277.86,3302.4,216300,3444.7,3455.004,3484.662,41.422,-13.9,4.714,-18.613,3455.004,3700.669,3209.338
2026-05-20,3238.6,3243.51,3120.84,3174.81,213400,3343.616,3440.037,3475.935,36.758,-35.664,-3.362,-32.302,3440.037,3715.463,3164.611
2026-05-21,3218.98,3218.98,3091.4,3111.02,223800,3270.992,3423.353,3463.433,34.658,-57.398,-14.169,-43.229,3423.353,3735.559,3111.147
2026-05-22,3140.47,3165.0,3096.3,3140.47,189400,3206.22,3411.331,3452.77,36.463,-71.423,-25.62,-45.803,3411.331,3747.979,3074.683
2026-05-25,3184.63,3263.14,3165.0,3238.6,147300,3193.46,3406.178,3448.301,42.194,-73.769,-35.25,-38.519,3406.178,3750.386,3061.971
2026-05-26,3268.05,3483.95,3209.16,3459.42,270700,3224.864,3415.502,3445.459,52.564,-57.151,-39.63,-17.521,3415.502,3754.579,3076.425
2026-05-27,3479.05,3498.67,3272.95,3272.95,230900,3244.492,3411.576,3437.542,45.191,-58.355,-43.375,-14.98,3411.576,3755.557,3067.595
2026-05-28,3292.58,3405.44,3282.77,3331.84,211000,3288.656,3411.821,3433.11,47.687,-53.935,-45.487,-8.448,3411.821,3755.555,3068.088
2026-05-29,3302.4,3439.79,3258.23,3356.37,299700,3331.836,3411.576,3428.4,48.734,-47.901,-45.97,-1.932,3411.576,3755.469,3067.683
2026-06-01,3356.37,3366.19,3165.0,3179.72,267700,3320.06,3392.438,3421.503,42.186,-56.72,-48.12,-8.6,3392.438,3743.5,3041.377
2026-06-02,3145.37,3209.16,3057.05,3194.44,208900,3267.064,3377.472,3414.612,42.875,-61.808,-50.857,-10.951,3377.472,3735.791,3019.153
2026-06-03,3194.44,3214.07,3140.47,3140.47,126800,3240.568,3358.58,3403.083,40.948,-69.396,-54.565,-14.831,3358.58,3725.377,2991.784
2026-06-04,3140.47,3204.26,3130.65,3155.19,150900,3205.238,3338.462,3395.984,41.717,-73.375,-58.327,-15.048,3338.462,3703.44,2973.484
2026-06-05,3179.72,3258.23,3155.19,3253.33,106000,3184.63,3325.214,3395.368,46.702,-67.828,-60.227,-7.601,3325.214,3681.847,2968.58
2026-06-08,3115.93,3169.91,3086.49,3165.0,194700,3181.686,3303.868,3391.734,43.127,-69.755,-62.133,-7.622,3303.868,3644.013,2963.723
2026-06-09,3169.91,3223.88,3169.91,3199.35,158800,3182.668,3279.824,3386.288,44.893,-67.73,-63.252,-4.478,3279.824,3572.644,2987.004
2026-06-10,3169.91,3238.6,3130.65,3184.63,133400,3191.5,3255.044,3382.086,44.259,-66.546,-63.911,-2.635,3255.044,3481.568,3028.52
2026-06-11,3140.47,3189.53,3081.58,3189.53,132700,3198.368,3240.813,3378.847,44.54,-64.469,-64.023,-0.446,3240.813,3443.934,3037.693
2026-06-12,3233.7,3268.05,3194.44,3233.7,125600,3194.442,3229.282,3378.16,47.127,-58.583,-62.935,4.351,3229.282,3403.038,3055.526
2026-06-15,3302.4,3483.95,3287.67,3464.33,194200,3254.308,3237.378,3383.459,58.115,-34.907,-57.329,22.422,3237.378,3438.427,3036.33
2026-06-16,3483.95,3483.95,3361.28,3395.63,118400,3293.564,3242.04,3383.263,54.483,-21.439,-50.151,28.712,3242.04,3453.491,3030.589
2026-06-17,3425.07,3469.23,3415.26,3449.6,98600,3346.558,3255.78,3385.618,56.768,-6.338,-41.389,35.05,3255.78,3483.891,3027.668
2026-06-18,3483.95,3518.3,3444.7,3459.42,128200,3400.536,3273.199,3387.974,57.19,6.349,-31.841,38.19,3273.199,3507.882,3038.517
2026-06-19,3464.33,3533.02,3380.91,3420.16,145900,3437.828,3287.184,3389.74,54.887,13.085,-22.856,35.941,3287.184,3521.897,3052.471
2026-06-22,3405.44,3513.4,3385.81,3498.67,98300,3444.696,3300.188,3391.114,58.487,24.476,-13.39,37.865,3300.188,3551.777,3048.598
2026-06-23,3533.02,3601.72,3483.95,3498.67,240800,3465.304,3302.15,3386.992,58.487,33.121,-4.087,37.209,3302.15,3559.516,3044.784
2026-06-24,3493.77,3631.16,3493.77,3591.91,235300,3493.766,3318.098,3384.048,62.597,46.956,6.121,40.834,3318.098,3605.609,3030.587
2026-06-25,3655.7,3655.7,3493.77,3562.47,152500,3514.376,3329.63,3379.73,60.558,54.911,15.879,39.032,3329.63,3637.258,3022.001
2026-06-26,3616.44,3680.23,3587.0,3640.98,159800,3558.54,3343.86,3379.926,63.933,66.781,26.059,40.721,3343.86,3681.558,3006.162
2026-06-29,3670.42,3714.58,3626.26,3699.86,225200,3598.778,3369.867,3382.674,66.264,80.016,36.851,43.165,3369.867,3733.462,3006.272
2026-06-30,3719.49,3719.49,3626.26,3680.23,134600,3635.09,3394.156,3388.857,64.761,87.908,47.062,40.846,3394.156,3772.994,3015.319
2026-07-01,3699.86,3788.19,3680.23,3699.86,159200,3656.68,3422.126,3393.371,65.601,94.656,56.581,38.075,3422.126,3804.683,3039.569
2026-07-02,3680.23,3758.74,3636.07,3709.67,145400,3686.12,3449.85,3398.671,66.037,99.646,65.194,34.452,3449.85,3831.319,3068.381
2026-07-03,3709.67,3744.02,3675.33,3729.3,119700,3703.784,3473.649,3405.638,66.939,103.986,72.952,31.034,3473.649,3862.807,3084.49
2026-07-06,3763.65,3881.42,3763.65,3861.79,208000,3736.17,3508.488,3416.041,72.291,116.77,81.716,35.054,3508.488,3905.973,3111.003
2026-07-07,3876.51,3915.77,3763.65,3798.0,198100,3759.724,3538.42,3426.542,66.693,120.367,89.446,30.921,3538.42,3927.97,3148.871
2026-07-08,3739.12,3802.91,3626.26,3636.07,144800,3746.966,3560.993,3432.234,55.041,108.896,93.336,15.56,3560.993,3914.913,3207.072
2026-07-09,3567.37,3596.81,3523.21,3542.84,144300,3713.6,3578.658,3436.552,49.662,91.23,92.915,-1.685,3578.658,3886.823,3270.493
2026-07-10,3601.72,3636.07,3483.95,3513.4,157200,3670.42,3592.643,3439.595,48.064,74.002,89.132,-15.131,3592.643,3857.193,3328.093
2026-07-13,3498.67,3513.4,3351.47,3376.0,194200,3573.262,3588.226,3435.865,41.375,48.7,81.046,-32.346,3588.226,3864.486,3311.967
2026-07-14,3371.09,3405.44,3322.02,3385.81,111900,3490.824,3587.736,3433.706,41.996,29.103,70.657,-41.554,3587.736,3865.468,3310.003
2026-07-15,3425.07,3498.67,3385.81,3469.23,128400,3457.456,3588.717,3432.725,47.123,20.073,60.54,-40.467,3588.717,3864.526,3312.908
2026-07-16,3444.7,3498.67,3420.16,3444.7,116900,3437.828,3587.981,3430.468,45.84,10.813,50.595,-39.782,3587.981,3865.317,3310.645
2026-07-17,3425.07,3439.79,3258.23,3341.65,174600,3403.478,3584.056,3426.935,40.812,-4.786,39.519,-44.305,3584.056,3873.357,3294.754
2026-07-21,3356.37,3434.88,3302.4,3410.35,249700,3410.348,3579.64,3423.303,45.132,-11.473,29.32,-40.793,3579.64,3877.013,3282.266
2026-07-22,3454.51,3503.58,3415.26,3420.16,118000,3417.218,3575.714,3418.102,45.741,-15.798,20.297,-36.095,3575.714,3879.589,3271.839
2026-07-23,3429.98,3444.7,3361.28,3385.81,86200,3400.534,3565.409,3412.214,43.904,-21.747,11.888,-33.635,3565.409,3880.735,3250.083
2026-07-24,3376.0,3429.98,3302.4,3405.44,153100,3392.682,3557.558,3410.84,45.257,-24.595,4.591,-29.186,3557.558,3880.909,3234.206
2026-07-27,3434.88,3434.88,3322.02,3385.81,225700,3401.514,3544.799,3409.269,44.111,-28.111,-1.949,-26.162,3544.799,3874.368,3215.23
2026-07-28,3336.74,3351.47,3253.33,3277.86,300000,3375.016,3523.699,3408.778,38.358,-39.157,-9.391,-29.766,3523.699,3865.284,3182.114
2026-07-29,3272.95,3282.77,3017.79,3071.77,471600,3305.338,3493.276,3404.166,30.247,-63.805,-20.274,-43.532,3493.276,3881.378,3105.174
2026-07-30,3066.86,3194.44,3017.79,3140.47,278000,3256.27,3465.306,3403.479,35.168,-76.909,-31.601,-45.308,3465.306,3870.953,3059.66
2026-07-31,3209.16,3277.86,3165.0,3179.72,173600,3211.126,3438.809,3404.853,37.865,-83.168,-41.914,-41.254,3438.809,3846.476,3031.142
2026-08-03,3189.53,3204.26,3061.95,3140.47,178600,3162.058,3409.368,3404.853,36.242,-90.255,-51.582,-38.673,3409.368,3813.738,3004.997
2026-08-04,3155.19,3209.16,3150.28,3209.16,121000,3148.318,3376.736,3404.264,41.009,-89.3,-59.126,-30.174,3376.736,3729.41,3024.062
2026-08-05,3238.6,3434.88,3214.07,3420.16,270800,3217.996,3357.844,3403.479,52.708,-70.702,-61.441,-9.26,3357.844,3650.952,3064.736
2026-08-06,3361.28,3420.16,3282.77,3326.93,197800,3255.288,3342.387,3404.559,48.163,-62.762,-61.705,-1.057,3342.387,3604.705,3080.069
2026-08-07,3346.56,3351.47,2875.49,2963.81,906100,3212.106,3313.435,3397.198,35.37,-84.793,-66.323,-18.47,3313.435,3608.384,3018.487
2026-08-10,2963.81,2978.53,2911.8,2963.81,486700,3176.774,3285.956,3389.347,35.37,-101.087,-73.276,-27.812,3285.956,3603.968,2967.944
2026-08-12,2949.09,2993.26,2944.19,2988.35,227400,3132.612,3266.574,3385.519,36.688,-110.744,-80.769,-29.975,3266.574,3607.878,2925.269
2026-08-13,3037.42,3057.05,3003.07,3047.23,187100,3058.026,3249.644,3382.575,39.858,-112.351,-87.085,-25.265,3249.644,3599.527,2899.762
2026-08-14,3047.23,3081.58,3032.51,3081.58,115000,3008.956,3230.262,3381.397,41.691,-109.589,-91.586,-18.003,3230.262,3571.776,2888.748
2026-08-17,3091.4,3189.53,3091.4,3106.12,142200,3037.418,3213.333,3380.416,43.028,-104.219,-94.113,-10.106,3213.333,3543.467,2883.199
2026-08-18,3135.56,3145.37,3027.6,3032.51,148700,3051.158,3197.876,3376.0,40.062,-104.696,-96.229,-8.466,3197.876,3531.642,2864.11
2026-08-19,2988.35,2988.35,2908.86,2924.56,367400,3038.4,3173.586,3371.191,36.128,-112.488,-99.481,-13.007,3173.586,3512.906,2834.267
2026-08-20,2954.0,3012.88,2954.0,3007.98,127200,3030.55,3152.978,3367.363,40.953,-110.656,-101.716,-8.94,3152.978,3479.051,2826.904
2026-08-21,2963.81,2993.26,2940.26,2954.0,136500,3005.034,3131.387,3362.751,38.905,-112.266,-103.826,-8.44,3131.387,3449.637,2813.137
2026-08-24,2954.0,3042.33,2954.0,3027.6,145200,2989.33,3112.495,3359.512,43.084,-106.377,-104.336,-2.041,3112.495,3406.156,2818.834
2026-08-25,3022.7,3042.33,3007.98,3027.6,104700,2988.348,3094.584,3355.39,43.084,-100.55,-103.579,3.029,3094.584,3360.436,2828.733
2026-08-26,3042.33,3071.77,3012.88,3057.05,105300,3014.846,3083.544,3347.245,44.835,-92.49,-101.361,8.871,3083.544,3335.315,2831.773
2026-08-27,3057.05,3096.3,3052.14,3057.05,124900,3024.66,3082.808,3340.473,44.835,-85.122,-98.113,12.992,3082.808,3334.81,2830.806
2026-08-28,3042.33,3061.95,3017.79,3061.95,126100,3046.25,3078.882,3332.72,45.161,-77.987,-94.088,16.101,3078.882,3329.544,2828.22
2026-08-31,3042.33,3140.47,3022.7,3140.47,317600,3068.824,3076.92,3326.341,50.23,-65.245,-88.32,23.074,3076.92,3324.858,2828.981
2026-09-01,3096.3,3169.91,3096.3,3160.09,167000,3095.322,3077.9,3321.14,51.438,-52.954,-81.246,28.293,3077.9,3327.05,2828.751
2026-09-02,3111.02,3135.56,3057.05,3066.86,131400,3097.284,3070.786,3312.503,45.755,-50.157,-75.029,24.871,3070.786,3312.158,2829.413
2026-09-03,3081.58,3091.4,3057.05,3086.49,69700,3103.172,3054.102,3304.26,47.081,-45.829,-69.189,23.36,3054.102,3231.424,2876.78
2026-09-04,3086.49,3091.4,3061.95,3076.67,72200,3106.116,3041.589,3293.955,46.469,-42.699,-63.891,21.192,3041.589,3164.961,2918.217
2026-09-07,3115.93,3184.63,3106.12,3165.0,147200,3111.022,3051.648,3286.006,52.454,-32.713,-57.655,24.942,3051.648,3180.983,2922.314
2026-09-08,3169.91,3184.63,3111.02,3111.02,148600,3101.208,3059.009,3275.406,48.859,-28.823,-51.889,23.065,3059.009,3183.977,2934.041
2026-09-09,3125.74,3165.0,3111.02,3150.28,153900,3117.892,3067.106,3264.415,51.465,-22.315,-45.974,23.659,3067.106,3193.769,2940.442
2026-09-10,3091.4,3125.74,3066.86,3101.21,109600,3120.836,3069.804,3252.834,48.162,-20.877,-40.955,20.078,3069.804,3196.984,2942.625
2026-09-11,3037.42,3101.21,3017.79,3081.58,165400,3121.818,3069.804,3240.469,46.866,-21.077,-36.979,15.902,3069.804,3196.984,2942.625
2026-09-14,3086.49,3111.02,3066.86,3096.3,79900,3108.078,3069.314,3228.201,47.996,-19.82,-33.547,13.727,3069.314,3195.978,2942.649
2026-09-15,3106.12,3135.56,3076.67,3125.74,81500,3111.022,3073.975,3216.13,50.273,-16.261,-30.09,13.829,3073.975,3201.793,2946.157
2026-09-16,3125.74,3184.63,3125.74,3155.19,73900,3112.004,3085.507,3201.998,52.514,-10.938,-26.26,15.322,3085.507,3197.159,2973.854
2026-09-17,3179.72,3214.07,3179.72,3209.16,102600,3133.594,3095.565,3190.221,56.391,-2.337,-21.475,19.138,3095.565,3213.861,2977.27
2026-09-18,3209.16,3218.98,3169.91,3179.72,231900,3153.222,3106.851,3181.094,53.81,2.079,-16.764,18.844,3106.851,3210.434,3003.269
2026-09-24,3199.35,3233.7,3169.91,3169.91,175700,3167.944,3113.967,3173.636,52.941,4.733,-12.465,17.198,3113.967,3214.122,3013.812
2026-09-25,3194.44,3199.35,3145.37,3169.91,106100,3176.778,3121.082,3166.766,52.941,6.759,-8.62,15.379,3121.082,3215.456,3026.709
2026-09-28,3214.07,3214.07,3165.0,3165.0,144800,3178.74,3126.48,3162.546,52.449,7.877,-5.321,13.197,3126.48,3217.73,3035.23
2026-09-29,3175.0,3200.0,3120.0,3140.0,114100,3164.908,3130.628,3157.63,49.905,6.669,-2.923,9.591,3130.628,3215.937,3045.318
2026-09-30,3150.0,3180.0,3120.0,3145.0,113000,3157.964,3134.78,3151.145,50.423,6.045,-1.129,7.174,3134.78,3213.872,3055.688
2026-10-01,3140.0,3165.0,3095.0,3120.0,113900,3147.982,3133.757,3144.651,47.765,3.493,-0.205,3.698,3133.757,3213.068,3054.445
2026-10-02,3105.0,3125.0,3085.0,3100.0,121500,3134.0,3130.752,3139.818,45.69,-0.141,-0.192,0.051,3130.752,3210.416,3051.088
2026-10-05,3110.0,3140.0,3090.0,3115.0,78000,3124.0,3133.159,3133.911,47.531,-1.791,-0.512,-1.279,3133.159,3207.42,3058.898
2026-10-06,3120.0,3130.0,3100.0,3125.0,76000,3121.0,3135.084,3128.008,48.778,-2.265,-0.862,-1.402,3135.084,3206.18,3063.989
2026-10-07,3125.0,3170.0,3110.0,3115.0,72400,3115.0,3137.001,3122.592,47.561,-3.408,-1.371,-2.037,3137.001,3203.376,3070.626
2026-10-08,3095.0,3115.0,3000.0,3005.0,168700,3092.0,3129.001,3114.583,36.71,-13.04,-3.705,-9.335,3129.001,3216.405,3041.597
2026-10-09,3005.0,3035.0,2990.0,3025.0,58700,3077.0,3124.7,3107.367,39.416,-18.842,-6.733,-12.11,3124.7,3223.546,3025.854
