Date,Open,High,Low,Close,Volume,SMA5,SMA20,SMA50,RSI,MACD,MACD_signal,MACD_hist,BB_mid,BB_upper,BB_lower
2021-09-29,2057.1,2060.35,2042.49,2057.92,400400,,,,,0.0,0.0,0.0,,,
2021-09-30,2069.29,2095.27,2045.73,2045.73,357100,,,,,-0.972,-0.194,-0.778,,,
2021-10-01,2045.73,2062.79,2015.69,2018.93,334100,,,,,-3.861,-0.928,-2.933,,,
2021-10-04,2037.61,2043.3,2002.69,2010.0,247400,,,,,-6.793,-2.101,-4.692,,,
2021-10-05,1989.7,2015.69,1966.96,2000.26,248000,2026.568,,,,-9.789,-3.638,-6.151,,,
2021-10-06,2027.87,2051.42,2003.5,2018.12,332900,2018.608,,,,-10.6,-5.031,-5.57,,,
2021-10-07,2039.24,2067.66,2032.74,2038.43,322500,2017.148,,,,-9.495,-5.924,-3.571,,,
2021-10-08,2066.85,2085.53,2050.61,2074.97,328400,2028.356,,,,-5.606,-5.86,0.254,,,
2021-10-11,2079.03,2109.08,2061.98,2107.46,326000,2047.848,,,,0.097,-4.669,4.765,,,
2021-10-12,2111.52,2115.58,2087.96,2096.09,216500,2067.014,,,,3.657,-3.004,6.66,,,
2021-10-13,2092.84,2109.89,2066.85,2066.85,277200,2076.76,,,,4.071,-1.589,5.66,,,
2021-10-14,2069.29,2089.59,2059.54,2067.66,184200,2082.606,,,,4.415,-0.388,4.803,,,
2021-10-15,2096.09,2118.01,2082.28,2118.01,258600,2091.214,,,,8.65,1.419,7.23,,,
2021-10-18,2107.46,2123.7,2085.53,2092.84,164000,2088.29,,,,9.861,3.108,6.753,,,
2021-10-19,2106.64,2139.94,2105.02,2127.76,339800,2094.624,,,64.768,13.484,5.183,8.301,,,
2021-10-20,2148.87,2164.3,2131.01,2139.94,271300,2109.242,,,66.757,17.14,7.574,9.566,,,
2021-10-21,2123.7,2140.75,2114.76,2126.13,148900,2120.936,,,62.451,18.708,9.801,8.907,,,
2021-10-22,2134.26,2174.86,2131.82,2161.06,356300,2129.546,,,68.063,22.509,12.343,10.166,,,
2021-10-25,2137.5,2139.94,2111.52,2115.58,213300,2134.094,,,56.271,21.603,14.195,7.408,,,
2021-10-26,2130.19,2165.12,2118.82,2159.43,198700,2140.428,2082.158,,62.938,24.145,16.185,7.96,2082.158,2181.879,1982.438
2021-10-27,2145.62,2161.06,2105.83,2119.64,232300,2136.368,2085.244,,54.777,22.687,17.485,5.202,2085.244,2185.624,1984.865
2021-10-28,2097.71,2111.52,2078.22,2097.71,804900,2130.684,2087.844,,50.863,19.537,17.895,1.641,2087.844,2186.594,1989.093
2021-10-29,2107.46,2127.76,2093.65,2115.58,240100,2121.588,2092.676,,53.762,18.271,17.971,0.301,2092.676,2186.567,1998.785
2021-11-01,2142.38,2142.38,2116.39,2129.38,221500,2124.348,2098.645,,55.925,18.173,18.011,0.162,2098.645,2185.306,2011.984
2021-11-02,2133.44,2167.55,2131.82,2161.06,374000,2124.674,2106.685,,60.494,20.416,18.492,1.924,2106.685,2184.275,2029.095
2021-11-04,2188.67,2225.21,2183.79,2200.04,604900,2140.754,2115.781,,65.265,25.05,19.803,5.246,2115.781,2192.301,2039.261
2021-11-05,2224.4,2235.77,2205.72,2229.27,590700,2167.066,2125.323,,68.352,30.727,21.988,8.739,2125.323,2208.533,2042.113
2021-11-08,1932.85,1932.85,1823.21,1823.21,1257200,2108.592,2112.735,,29.343,2.432,18.077,-15.645,2112.735,2270.653,1954.817
2021-11-09,1798.85,1852.45,1754.99,1772.05,1379200,2037.126,2095.964,,27.234,-23.845,9.692,-33.538,2095.964,2315.471,1876.458
2021-11-10,1779.36,1833.77,1764.74,1813.47,925700,1967.608,2081.833,,31.525,-40.857,-0.417,-40.439,2081.833,2335.098,1828.569
2021-11-11,1798.04,1803.72,1775.3,1789.1,561500,1885.42,2067.946,,30.389,-55.663,-11.466,-44.197,2067.946,2353.12,1782.772
2021-11-12,1806.16,1826.46,1798.85,1806.97,355800,1800.96,2054.912,,32.314,-65.204,-22.214,-42.99,2054.912,2363.047,1746.776
2021-11-15,1833.77,1885.75,1826.46,1875.19,585600,1811.356,2042.77,,39.225,-66.494,-31.07,-35.424,2042.77,2359.454,1726.087
2021-11-16,1876.0,1877.63,1838.64,1849.2,316200,1826.786,2030.589,,37.648,-68.82,-38.62,-30.2,2030.589,2357.734,1703.443
2021-11-17,1856.51,1880.87,1846.76,1864.63,246500,1837.018,2017.432,,39.21,-68.627,-44.621,-24.006,2017.432,2349.254,1685.61
2021-11-18,1866.26,1871.94,1843.52,1859.76,227900,1851.15,2003.423,,38.879,-68.082,-49.314,-18.769,2003.423,2337.12,1669.726
2021-11-19,1859.76,1868.69,1815.9,1854.07,246200,1860.57,1989.82,,38.47,-67.334,-52.918,-14.416,1989.82,2324.635,1655.005
2021-11-22,1854.07,1859.76,1838.64,1851.64,150100,1855.86,1974.349,,38.285,-66.174,-55.569,-10.605,1974.349,2304.409,1644.289
2021-11-24,1851.64,1852.45,1804.53,1812.66,385900,1848.552,1959.203,,35.346,-67.62,-57.979,-9.641,1959.203,2289.776,1628.63
2021-11-25,1810.22,1819.15,1786.67,1794.79,195600,1834.584,1940.971,,34.056,-69.408,-60.265,-9.144,1940.971,2265.208,1616.734
2021-11-26,1793.98,1793.98,1733.07,1744.44,389600,1811.52,1922.211,,30.659,-74.035,-63.019,-11.016,1922.211,2246.338,1598.084
2021-11-29,1675.41,1724.13,1675.41,1680.28,418800,1776.762,1901.34,,26.968,-81.934,-66.802,-15.132,1901.34,2231.585,1571.094
2021-11-30,1686.78,1719.26,1640.49,1641.3,499600,1734.694,1877.626,,24.999,-90.299,-71.501,-18.798,1877.626,2211.193,1544.058
2021-12-01,1623.43,1638.05,1593.38,1629.12,416500,1697.986,1852.612,,24.399,-96.795,-76.56,-20.235,1852.612,2181.688,1523.537
2021-12-02,1605.56,1619.37,1584.45,1595.01,460200,1658.03,1824.31,,22.753,-103.503,-81.949,-21.554,1824.31,2138.729,1509.891
2021-12-03,1603.13,1638.05,1576.33,1638.05,481100,1636.752,1796.21,,29.239,-104.145,-86.388,-17.757,1796.21,2066.613,1525.808
2021-12-06,1627.49,1645.36,1613.69,1622.62,331700,1625.22,1765.878,,28.321,-104.692,-90.049,-14.643,1765.878,1955.892,1575.864
2021-12-07,1648.61,1662.41,1639.67,1656.73,284100,1628.306,1757.554,,33.306,-101.207,-92.28,-8.926,1757.554,1951.538,1563.57
2021-12-08,1659.16,1676.22,1648.61,1650.23,362100,1632.528,1751.463,,32.837,-97.841,-93.393,-4.449,1751.463,1951.098,1551.828
2021-12-09,1670.53,1679.47,1648.61,1666.47,415200,1646.82,1744.113,1939.737,35.288,-92.794,-93.273,0.479,1744.113,1944.956,1543.27
2021-12-10,1663.23,1663.23,1642.92,1658.35,317100,1650.88,1737.576,1931.745,34.608,-88.43,-92.304,3.874,1737.576,1940.752,1534.399
2021-12-13,1674.59,1681.9,1657.54,1660.79,337800,1658.514,1730.267,1924.047,35.013,-83.808,-90.605,6.797,1730.267,1933.449,1527.084
2021-12-14,1623.43,1639.67,1612.06,1618.56,481600,1650.88,1717.435,1916.039,31.388,-82.601,-89.004,6.403,1717.435,1914.4,1520.47
2021-12-15,1624.24,1649.42,1624.24,1636.42,262000,1648.118,1706.796,1908.568,34.478,-79.289,-87.061,7.772,1706.796,1896.652,1516.94
2021-12-16,1657.54,1663.22,1641.3,1649.42,251100,1644.708,1696.036,1901.551,36.712,-74.754,-84.6,9.846,1696.036,1872.121,1519.95
2021-12-17,1644.55,1646.98,1614.5,1619.37,488000,1636.912,1684.016,1893.576,33.84,-72.746,-82.229,9.483,1684.016,1845.236,1522.796
2021-12-20,1624.24,1631.55,1612.06,1620.18,287000,1628.79,1672.322,1885.211,33.989,-70.279,-79.839,9.56,1672.322,1814.399,1530.244
2021-12-21,1631.55,1642.92,1620.18,1638.86,229400,1632.85,1661.683,1876.489,37.506,-66.055,-77.082,11.027,1661.683,1776.468,1546.897
2021-12-22,1651.04,1673.78,1648.61,1668.91,253000,1639.348,1654.495,1867.718,42.787,-59.596,-73.585,13.989,1654.495,1744.885,1564.105
2021-12-23,1677.03,1685.15,1646.98,1655.1,152100,1640.484,1647.51,1858.898,41.069,-54.958,-69.859,14.902,1647.51,1709.327,1585.694
2021-12-24,1655.1,1665.66,1650.23,1653.48,145400,1647.306,1642.962,1850.63,40.862,-50.827,-66.053,15.226,1642.962,1684.959,1600.966
2021-12-27,1651.86,1651.86,1629.12,1633.99,187900,1650.068,1640.648,1841.957,38.355,-48.566,-62.555,13.99,1640.648,1678.922,1602.374
2021-12-28,1640.49,1651.86,1639.67,1650.23,236500,1652.342,1641.094,1832.601,41.572,-44.945,-59.033,14.088,1641.094,1679.608,1602.581
2021-12-29,1644.55,1667.29,1644.55,1660.79,208300,1650.718,1642.678,1823.96,43.632,-40.754,-55.378,14.623,1642.678,1681.72,1603.636
2021-12-30,1650.23,1652.67,1636.42,1636.42,219900,1646.982,1644.749,1814.134,40.117,-38.95,-52.092,13.142,1644.749,1676.937,1612.56
2022-01-04,1661.6,1676.22,1646.98,1674.59,263300,1651.204,1646.576,1804.827,47.28,-34.048,-48.483,14.435,1646.576,1681.217,1611.934
2022-01-05,1678.66,1697.33,1664.04,1668.1,316700,1658.026,1648.849,1795.666,46.267,-30.337,-44.854,14.517,1648.849,1682.835,1614.864
2022-01-06,1649.42,1659.98,1636.42,1650.23,300200,1658.026,1648.524,1785.449,43.502,-28.51,-41.585,13.076,1648.524,1682.316,1614.733
2022-01-07,1659.98,1672.16,1639.67,1658.35,251200,1657.538,1648.93,1776.305,45.107,-26.105,-38.489,12.384,1648.93,1683.002,1614.859
2022-01-11,1664.85,1668.91,1645.36,1663.22,247000,1662.898,1648.768,1766.381,46.096,-23.535,-35.498,11.963,1648.768,1682.517,1615.019
2022-01-12,1681.09,1699.77,1676.22,1690.02,196600,1665.984,1650.352,1757.788,51.298,-19.115,-32.222,13.106,1650.352,1688.658,1612.045
2022-01-13,1672.97,1694.09,1667.29,1690.02,198200,1670.368,1651.813,1749.634,51.298,-15.435,-28.864,13.429,1651.813,1693.845,1609.781
2022-01-14,1681.9,1682.72,1655.92,1682.72,284800,1676.866,1655.021,1740.977,49.78,-12.958,-25.683,12.725,1655.021,1696.151,1613.891
2022-01-17,1683.53,1706.27,1678.66,1704.64,168800,1686.124,1658.432,1732.482,54.165,-9.121,-22.371,13.25,1658.432,1704.129,1612.735
2022-01-18,1715.2,1731.44,1689.21,1703.02,289400,1694.084,1661.112,1723.322,53.791,-6.14,-19.124,12.985,1661.112,1710.704,1611.52
2022-01-19,1693.27,1712.76,1682.72,1703.02,298900,1696.684,1665.294,1713.381,53.791,-3.734,-16.046,12.312,1665.294,1714.169,1616.42
2022-01-20,1718.45,1747.69,1707.08,1743.62,443800,1707.404,1671.466,1703.668,61.511,1.431,-12.551,13.982,1671.466,1727.066,1615.867
2022-01-21,1756.62,1800.47,1746.87,1789.1,1210400,1728.68,1678.978,1702.986,67.967,9.091,-8.223,17.313,1678.978,1753.431,1604.526
2022-01-24,1761.49,1765.55,1715.2,1739.56,473300,1735.664,1682.511,1702.336,56.792,11.036,-4.371,15.407,1682.511,1761.517,1603.505
2022-01-25,1721.7,1733.07,1673.78,1685.96,352600,1732.252,1684.054,1699.786,47.662,8.158,-1.865,10.023,1684.054,1762.004,1606.104
2022-01-26,1693.27,1716.82,1677.03,1699.77,277100,1731.602,1686.368,1697.999,49.897,6.912,-0.11,7.022,1686.368,1763.237,1609.5
2022-01-27,1694.9,1709.52,1665.66,1675.41,302600,1717.96,1688.44,1695.368,46.153,3.914,0.695,3.219,1688.44,1761.504,1615.375
2022-01-28,1694.09,1711.95,1670.53,1677.84,326100,1695.708,1689.82,1691.421,46.583,1.715,0.899,0.816,1689.82,1760.86,1618.78
2022-01-31,1672.97,1733.07,1672.97,1716.82,351700,1691.16,1692.622,1688.774,53.067,3.081,1.336,1.746,1692.622,1763.26,1621.983
2022-02-01,1757.43,1771.24,1723.32,1738.75,298300,1701.718,1697.738,1686.256,56.282,5.866,2.242,3.625,1697.738,1766.021,1629.455
2022-02-02,1749.31,1777.73,1749.31,1777.73,373100,1717.31,1702.895,1684.615,61.349,11.091,4.012,7.079,1702.895,1778.953,1626.837
2022-02-03,1752.56,1773.67,1726.57,1749.31,336900,1732.09,1706.956,1682.52,56.231,12.791,5.767,7.023,1706.956,1783.859,1630.052
2022-02-04,1737.94,1789.1,1728.19,1784.23,509600,1753.368,1713.656,1681.172,60.583,16.762,7.966,8.796,1713.656,1793.058,1634.253
2022-02-07,1936.1,1963.71,1876.0,1914.98,1373100,1793.0,1726.487,1683.218,71.862,30.113,12.396,17.718,1726.487,1842.679,1610.295
2022-02-08,1904.42,1904.42,1833.77,1863.82,713700,1818.014,1736.517,1684.599,64.129,36.149,17.146,19.003,1736.517,1863.815,1609.219
2022-02-09,1854.89,1868.69,1829.71,1863.82,449300,1835.232,1745.207,1686.987,64.129,40.466,21.81,18.656,1745.207,1882.479,1607.935
2022-02-10,1884.12,1884.12,1858.13,1865.44,252100,1858.458,1753.978,1690.69,64.271,43.516,26.152,17.365,1753.978,1898.622,1609.334
2022-02-14,1832.96,1853.26,1825.65,1831.33,316900,1867.878,1761.408,1694.49,59.004,42.689,29.459,13.23,1761.408,1905.908,1616.909
2022-02-15,1831.33,1846.76,1818.34,1827.27,349100,1850.336,1767.54,1698.453,58.391,41.231,31.813,9.417,1767.54,1912.303,1622.777
2022-02-16,1858.13,1867.88,1842.7,1867.88,249500,1851.148,1775.783,1703.911,62.581,42.858,34.022,8.836,1775.783,1923.815,1627.751
2022-02-17,1872.75,1883.31,1852.45,1860.57,280800,1850.498,1783.66,1708.361,61.382,43.061,35.83,7.231,1783.66,1932.157,1635.164
2022-02-18,1832.96,1845.95,1823.21,1835.39,185200,1844.488,1788.249,1712.617,57.312,40.721,36.808,3.913,1788.249,1937.206,1639.292
2022-02-21,1795.6,1827.27,1789.1,1819.15,190900,1842.052,1789.751,1715.865,54.789,37.128,36.872,0.256,1789.751,1939.35,1640.153
2022-02-22,1811.84,1831.33,1803.72,1816.72,173000,1839.942,1793.609,1719.195,54.403,33.696,36.237,-2.541,1793.609,1941.73,1645.489
2022-02-24,1816.72,1832.96,1798.85,1816.72,200500,1829.71,1800.147,1722.2,54.403,30.623,35.114,-4.491,1800.147,1939.548,1660.747
2022-02-25,1838.64,1851.64,1811.84,1815.9,224300,1820.776,1805.954,1725.351,54.253,27.801,33.652,-5.85,1805.954,1937.185,1674.723
2022-02-28,1802.1,1815.9,1790.73,1807.78,229300,1815.254,1812.572,1728.291,52.708,24.626,31.846,-7.221,1812.572,1928.547,1696.598
2022-03-01,1832.15,1863.01,1828.9,1857.32,208100,1822.888,1821.546,1733.066,60.164,25.809,30.639,-4.83,1821.546,1920.091,1723.002
2022-03-02,1841.89,1863.01,1835.39,1860.57,181900,1831.658,1828.734,1737.549,60.602,26.701,29.851,-3.15,1828.734,1915.366,1742.102
2022-03-03,1862.19,1864.63,1806.97,1810.22,259300,1830.358,1832.308,1740.765,51.194,23.08,28.497,-5.417,1832.308,1908.589,1756.026
2022-03-04,1789.1,1796.41,1746.87,1758.24,275200,1818.826,1831.333,1743.542,43.658,15.832,25.964,-10.132,1831.333,1910.974,1751.692
2022-03-07,1745.25,1751.75,1714.39,1742.0,215000,1805.67,1830.968,1745.979,41.598,8.679,22.507,-13.828,1830.968,1912.244,1749.691
2022-03-08,1713.58,1746.06,1694.09,1697.33,227500,1773.672,1826.622,1747.148,36.496,-0.589,17.888,-18.476,1826.622,1925.75,1727.495
2022-03-09,1694.09,1716.01,1692.46,1703.83,225200,1742.324,1816.065,1747.846,37.693,-7.324,12.845,-20.17,1816.065,1920.409,1711.721
2022-03-10,1744.44,1769.61,1732.26,1759.06,233100,1732.092,1810.827,1749.926,46.862,-8.112,8.654,-16.766,1810.827,1915.594,1706.06
2022-03-11,1716.82,1737.13,1697.33,1706.27,272900,1721.698,1802.95,1750.981,40.698,-12.848,4.354,-17.201,1802.95,1914.418,1691.481
2022-03-14,1701.39,1754.99,1698.96,1744.44,262000,1722.186,1796.9,1753.19,46.208,-13.367,0.81,-14.176,1796.9,1907.216,1686.583
2022-03-15,1758.24,1762.3,1724.95,1730.63,186100,1728.846,1791.865,1754.798,44.593,-14.723,-2.297,-12.426,1791.865,1904.727,1679.002
2022-03-16,1762.3,1776.11,1749.31,1763.93,194300,1740.866,1788.698,1756.861,49.202,-12.961,-4.43,-8.531,1788.698,1900.93,1676.465
2022-03-17,1804.53,1804.53,1751.75,1773.67,196800,1743.788,1783.987,1759.606,50.499,-10.656,-5.675,-4.981,1783.987,1889.959,1678.015
2022-03-18,1772.86,1794.79,1752.56,1780.98,434200,1758.73,1780.007,1761.734,51.5,-8.146,-6.169,-1.977,1780.007,1879.66,1680.355
2022-03-22,1807.78,1807.78,1776.11,1782.61,229700,1766.364,1777.368,1764.024,51.734,-5.956,-6.127,0.171,1777.368,1873.582,1681.155
2022-03-23,1815.09,1843.52,1811.84,1831.33,301600,1786.504,1777.978,1767.646,58.23,-0.286,-4.958,4.672,1777.978,1875.45,1680.505
2022-03-24,1823.21,1841.08,1805.35,1818.34,347900,1797.386,1778.059,1770.846,56.064,3.123,-3.342,6.465,1778.059,1875.67,1680.447
2022-03-25,1833.77,1873.56,1822.4,1858.13,505200,1814.278,1780.129,1774.744,60.867,8.933,-0.887,9.82,1780.129,1882.818,1677.44
2022-03-28,1850.83,1866.26,1834.58,1839.46,254900,1825.974,1781.307,1777.733,57.681,11.894,1.669,10.224,1781.307,1886.24,1676.374
2022-03-29,1828.09,1873.56,1824.84,1850.83,356900,1839.618,1783.46,1780.949,59.085,14.985,4.332,10.652,1783.46,1892.369,1674.55
2022-03-30,1862.48,1880.78,1841.67,1874.13,334200,1848.178,1784.3,1784.777,61.878,19.094,7.285,11.81,1784.3,1895.838,1672.762
2022-03-31,1855.82,1862.48,1833.35,1833.35,261800,1851.18,1782.939,1787.352,54.825,18.843,9.596,9.247,1782.939,1891.174,1674.704
2022-04-01,1830.85,1872.46,1812.54,1857.48,228100,1851.05,1785.302,1790.441,57.884,20.357,11.748,8.608,1785.302,1898.015,1672.589
2022-04-04,1865.8,1916.57,1854.15,1916.57,287000,1866.472,1793.219,1794.712,64.265,26.025,14.604,11.421,1793.219,1919.369,1667.068
2022-04-05,1937.37,1944.86,1899.92,1920.73,258000,1880.452,1802.155,1798.254,64.671,30.5,17.783,12.717,1802.155,1937.98,1666.33
2022-04-06,1897.43,1915.74,1886.61,1891.6,244900,1883.946,1811.868,1800.304,59.569,31.336,20.493,10.842,1811.868,1943.861,1679.876
2022-04-07,1860.81,1865.8,1845.83,1853.32,176700,1887.94,1819.343,1802.579,53.587,28.579,22.111,6.469,1819.343,1942.189,1696.497
2022-04-08,1862.48,1872.46,1832.52,1838.34,142700,1884.112,1823.307,1805.627,51.411,24.899,22.668,2.231,1823.307,1943.04,1703.574
2022-04-11,1830.85,1838.34,1797.56,1806.72,149800,1862.142,1828.329,1807.766,47.066,19.209,21.977,-2.767,1828.329,1935.119,1721.54
2022-04-12,1790.91,1821.7,1790.91,1814.21,145500,1840.838,1831.818,1810.542,48.183,15.13,20.607,-5.477,1831.818,1931.382,1732.254
2022-04-13,1824.19,1859.98,1811.71,1854.15,156200,1833.348,1837.994,1814.068,53.784,14.948,19.475,-4.527,1837.994,1925.754,1750.234
2022-04-14,1856.65,1869.13,1846.66,1854.99,102200,1833.682,1842.547,1816.831,53.897,14.702,18.521,-3.819,1842.547,1923.297,1761.797
2022-04-15,1846.66,1865.8,1832.52,1864.14,144800,1838.842,1847.07,1819.339,55.181,15.072,17.831,-2.759,1847.07,1921.46,1772.681
2022-04-18,1855.82,1872.46,1841.67,1859.15,153500,1849.328,1850.979,1820.968,54.293,14.792,17.223,-2.432,1850.979,1918.66,1783.298
2022-04-19,1866.64,1887.44,1860.81,1874.13,152300,1861.312,1855.555,1823.464,56.553,15.598,16.898,-1.3,1855.555,1915.732,1795.378
2022-04-20,1898.26,1913.24,1884.95,1899.93,225800,1870.468,1858.985,1825.778,60.203,18.111,17.141,0.97,1858.985,1921.136,1796.834
2022-04-21,1884.95,1896.6,1851.66,1864.97,238400,1872.464,1861.316,1824.778,53.628,17.084,17.129,-0.045,1861.316,1920.474,1802.159
2022-04-22,1835.01,1851.66,1819.2,1836.68,233000,1866.972,1860.244,1824.235,48.968,13.828,16.469,-2.641,1860.244,1920.414,1800.074
2022-04-25,1809.21,1855.82,1797.56,1845.0,431400,1864.142,1860.521,1823.859,50.335,11.784,15.532,-3.749,1860.521,1920.338,1800.704
2022-04-26,1846.66,1881.62,1843.34,1877.46,304200,1864.808,1861.852,1824.099,55.359,12.637,14.953,-2.316,1861.852,1921.946,1801.759
2022-04-27,1859.15,1885.78,1826.69,1884.11,296700,1861.644,1862.352,1825.155,56.334,13.692,14.701,-1.009,1862.352,1923.037,1801.666
2022-04-28,1867.47,1875.79,1848.33,1867.47,229100,1862.144,1864.058,1825.959,53.203,13.035,14.367,-1.333,1864.058,1923.209,1804.906
2022-05-02,1859.15,1897.43,1855.82,1868.3,305000,1868.468,1864.598,1825.967,53.343,12.437,13.981,-1.544,1864.598,1923.695,1805.502
2022-05-06,1862.48,1916.57,1856.65,1914.07,261900,1882.282,1864.474,1827.037,60.35,15.479,14.281,1.198,1864.474,1923.116,1805.831
2022-05-09,1891.6,1922.39,1869.13,1869.13,195100,1880.616,1861.893,1827.712,52.08,14.101,14.245,-0.144,1861.893,1914.326,1809.461
2022-05-10,1869.13,1886.61,1837.51,1874.96,277900,1878.786,1861.061,1828.828,52.98,13.325,14.061,-0.736,1861.061,1912.017,1810.106
2022-05-11,1864.97,1884.11,1840.01,1874.13,203700,1880.118,1862.102,1829.976,52.828,12.5,13.749,-1.249,1862.102,1913.241,1810.963
2022-05-12,1844.17,1872.46,1837.51,1837.51,215800,1873.96,1862.06,1830.392,46.484,8.789,12.757,-3.968,1862.06,1913.282,1810.839
2022-05-13,1835.01,1846.66,1817.54,1828.36,299800,1856.818,1863.142,1830.641,45.03,5.052,11.216,-6.164,1863.142,1910.186,1816.099
2022-05-16,1786.75,1790.91,1671.07,1672.73,898900,1817.538,1856.068,1827.94,28.621,-10.349,6.903,-17.252,1856.068,1951.626,1760.511
2022-05-17,1677.73,1755.95,1677.73,1744.3,398700,1791.406,1850.576,1825.68,39.533,-16.587,2.205,-18.792,1850.576,1958.435,1742.717
2022-05-18,1746.8,1764.28,1720.17,1737.64,300600,1764.108,1844.709,1823.221,38.937,-21.817,-2.6,-19.218,1844.709,1963.745,1725.672
2022-05-19,1702.69,1761.78,1692.71,1755.12,247600,1747.63,1839.258,1822.119,41.435,-24.272,-6.934,-17.338,1839.258,1964.376,1714.139
2022-05-20,1765.94,1765.94,1731.82,1735.98,242100,1729.154,1833.099,1821.674,39.528,-27.445,-11.036,-16.409,1833.099,1965.979,1700.219
2022-05-23,1750.96,1757.62,1717.67,1750.13,287100,1744.634,1826.899,1821.837,41.665,-28.49,-14.527,-13.963,1826.899,1963.245,1690.553
2022-05-24,1747.63,1785.91,1740.97,1781.75,337400,1752.124,1820.99,1823.525,46.237,-26.462,-16.914,-9.548,1820.99,1954.217,1687.763
2022-05-25,1753.46,1778.42,1735.98,1770.93,238600,1758.782,1816.288,1824.867,44.939,-25.434,-18.618,-6.816,1816.288,1949.617,1682.959
2022-05-26,1773.43,1798.4,1762.61,1762.61,227700,1760.28,1812.585,1824.938,43.918,-25.003,-19.895,-5.108,1812.585,1947.633,1677.536
2022-05-27,1793.4,1793.4,1748.46,1758.45,185300,1764.774,1808.257,1825.982,43.388,-24.712,-20.858,-3.853,1808.257,1944.473,1672.041
2022-05-30,1772.6,1795.9,1762.61,1784.25,340400,1771.598,1803.596,1826.778,47.616,-22.144,-21.115,-1.028,1803.596,1936.173,1671.02
2022-05-31,1785.08,1787.58,1757.62,1762.61,410800,1767.77,1797.522,1827.417,44.607,-21.606,-21.213,-0.392,1797.522,1925.623,1669.42
2022-06-01,1772.6,1826.69,1764.28,1816.7,241100,1776.924,1794.983,1828.473,52.66,-16.623,-20.295,3.672,1794.983,1919.202,1670.764
2022-06-02,1817.54,1817.54,1785.08,1797.56,153100,1783.914,1791.446,1828.951,49.896,-14.057,-19.048,4.991,1791.446,1910.809,1672.083
2022-06-03,1810.05,1820.03,1800.89,1810.88,225300,1794.4,1786.286,1829.549,51.793,-10.824,-17.403,6.579,1786.286,1891.402,1681.171
2022-06-06,1797.56,1822.53,1791.74,1813.38,288900,1800.226,1783.499,1830.164,52.159,-7.968,-15.516,7.548,1783.499,1882.121,1684.877
2022-06-07,1805.89,1826.69,1791.74,1807.55,176300,1809.214,1780.128,1829.688,51.183,-6.104,-13.634,7.529,1780.128,1869.789,1690.468
2022-06-08,1819.2,1824.19,1805.05,1814.21,167800,1808.716,1777.133,1829.606,52.281,-4.044,-11.716,7.672,1777.133,1857.042,1697.223
2022-06-09,1824.19,1862.48,1814.21,1854.15,303600,1820.034,1777.964,1829.526,58.336,0.803,-9.212,10.015,1777.964,1860.813,1695.116
2022-06-10,1830.02,1841.67,1814.21,1820.03,193400,1821.864,1777.548,1829.138,52.238,1.869,-6.996,8.865,1777.548,1859.408,1695.688
2022-06-13,1795.9,1809.21,1775.09,1801.72,249400,1819.532,1783.998,1828.155,49.262,1.223,-5.352,6.575,1783.998,1849.845,1718.15
2022-06-14,1782.58,1797.56,1771.77,1789.24,191900,1815.87,1786.244,1826.458,47.285,-0.293,-4.34,4.047,1786.244,1849.4,1723.089
2022-06-15,1789.24,1813.38,1783.42,1805.05,191500,1814.038,1789.615,1825.892,50.022,-0.216,-3.515,3.299,1789.615,1848.927,1730.303
2022-06-16,1805.05,1835.01,1791.74,1795.07,258400,1802.222,1791.612,1824.643,48.316,-0.95,-3.002,2.052,1791.612,1848.682,1734.543
2022-06-17,1765.11,1765.94,1727.66,1740.14,376000,1786.244,1791.82,1821.115,40.194,-5.896,-3.581,-2.315,1791.82,1848.06,1735.581
2022-06-20,1741.81,1756.79,1706.02,1720.17,237900,1769.934,1790.323,1817.104,37.712,-11.296,-5.124,-6.172,1790.323,1852.519,1728.126
2022-06-21,1725.99,1784.25,1722.67,1779.26,237800,1767.938,1790.198,1814.857,47.953,-10.685,-6.236,-4.449,1790.198,1852.476,1727.92
2022-06-22,1778.42,1784.25,1757.62,1769.27,166800,1760.782,1790.115,1813.176,46.56,-10.882,-7.165,-3.716,1790.115,1852.506,1727.724
2022-06-23,1776.76,1806.72,1770.93,1790.07,135100,1759.782,1791.488,1812.21,49.829,-9.252,-7.583,-1.669,1791.488,1852.524,1730.452
2022-06-24,1807.55,1833.35,1806.72,1830.85,222400,1777.924,1795.108,1812.693,55.569,-4.617,-6.99,2.373,1795.108,1856.481,1733.735
2022-06-27,1847.5,1872.46,1841.67,1864.97,261700,1806.884,1799.144,1813.708,59.721,1.789,-5.234,7.023,1799.144,1867.706,1730.582
2022-06-28,1851.66,1885.78,1851.66,1883.28,263900,1827.688,1805.178,1814.291,61.785,8.248,-2.537,10.786,1805.178,1881.051,1729.304
2022-06-29,1863.31,1912.41,1860.81,1902.42,336200,1854.318,1809.463,1815.239,63.869,14.742,0.918,13.823,1809.463,1896.883,1722.044
2022-06-30,1900.76,1907.41,1866.64,1874.13,225700,1871.13,1813.292,1815.439,58.768,17.404,4.216,13.189,1813.292,1905.113,1721.471
2022-07-01,1882.45,1886.61,1817.54,1825.86,174600,1870.132,1814.041,1814.773,51.246,15.442,6.461,8.981,1814.041,1906.023,1722.059
2022-07-04,1855.82,1861.64,1840.84,1859.15,123600,1868.968,1816.329,1814.474,55.478,16.383,8.445,7.938,1816.329,1910.494,1722.165
2022-07-05,1874.96,1878.29,1843.33,1853.32,179100,1862.976,1818.618,1813.542,54.585,16.47,10.05,6.419,1818.618,1914.1,1723.136
2022-07-06,1856.65,1879.12,1842.5,1857.48,218800,1853.988,1820.781,1813.392,55.14,16.681,11.376,5.305,1820.781,1917.791,1723.772
2022-07-07,1872.46,1872.46,1843.34,1861.64,199900,1851.49,1821.156,1813.891,55.723,16.989,12.499,4.49,1821.156,1918.764,1723.548
2022-07-08,1852.49,1867.47,1840.01,1846.66,209000,1855.65,1822.488,1813.924,53.049,15.841,13.167,2.674,1822.488,1920.755,1724.22
2022-07-11,1864.14,1877.46,1849.16,1874.13,138100,1858.646,1826.108,1813.858,57.113,16.953,13.924,3.028,1826.108,1926.467,1725.749
2022-07-12,1855.82,1887.44,1835.01,1859.15,241800,1859.812,1829.604,1813.358,54.35,16.436,14.427,2.009,1829.604,1929.425,1729.782
2022-07-13,1854.99,1859.15,1840.01,1854.15,173800,1859.146,1832.059,1813.092,53.422,15.444,14.63,0.814,1832.059,1931.752,1732.365
2022-07-14,1840.01,1847.5,1822.53,1841.67,260900,1855.152,1834.389,1812.559,51.075,13.496,14.403,-0.907,1834.389,1932.609,1736.168
2022-07-15,1768.44,1840.84,1767.6,1817.54,851800,1849.328,1838.259,1810.629,46.796,9.891,13.501,-3.61,1838.259,1926.429,1750.088
2022-07-19,1818.37,1885.78,1802.56,1885.78,370700,1851.658,1846.539,1810.962,57.612,12.397,13.28,-0.883,1846.539,1917.426,1775.652
2022-07-20,1905.75,1967.33,1901.59,1958.18,524900,1871.464,1855.485,1812.626,65.603,19.995,14.623,5.372,1855.485,1935.228,1775.742
2022-07-21,1968.17,1980.65,1958.18,1973.99,405100,1895.432,1865.721,1814.623,67.063,26.981,17.095,9.887,1865.721,1951.217,1780.225
2022-07-22,1962.34,1973.99,1940.7,1961.51,248200,1919.4,1874.293,1817.103,64.727,31.152,19.906,11.246,1874.293,1962.196,1786.39
2022-07-25,1936.54,1945.7,1897.43,1897.43,257700,1935.378,1877.622,1818.485,54.275,28.952,21.715,7.237,1877.622,1963.62,1791.624
2022-07-26,1893.27,1915.74,1881.62,1909.08,214700,1940.038,1879.828,1823.212,55.676,27.829,22.938,4.891,1879.828,1966.717,1792.938
2022-07-27,1899.92,1907.41,1874.13,1883.28,211100,1925.058,1879.828,1825.991,51.884,24.573,23.265,1.308,1879.828,1966.717,1792.938
2022-07-28,1910.74,1924.06,1894.1,1922.39,240600,1914.738,1880.826,1829.686,56.699,24.862,23.584,1.278,1880.826,1969.254,1792.398
2022-07-29,1922.39,1948.19,1914.07,1942.37,311200,1910.91,1884.238,1833.431,58.958,26.399,24.147,2.252,1884.238,1976.75,1791.726
2022-08-01,1955.68,1955.68,1924.89,1939.87,176600,1919.398,1889.938,1837.509,58.546,27.103,24.738,2.365,1889.938,1981.348,1798.529
2022-08-02,1940.7,1944.03,1917.4,1928.22,146300,1923.226,1893.392,1841.071,56.564,26.416,25.074,1.342,1893.392,1985.122,1801.662
2022-08-03,1944.03,1957.35,1924.89,1944.86,191400,1935.542,1897.969,1844.333,58.714,26.905,25.44,1.464,1897.969,1990.413,1805.525
2022-08-04,1954.02,1971.49,1934.05,1971.49,172400,1945.362,1903.67,1848.344,61.959,29.105,26.173,2.932,1903.67,1999.596,1807.743
2022-08-05,1956.51,2004.78,1956.51,1993.96,325600,1955.68,1910.286,1852.971,64.495,32.29,27.396,4.893,1910.286,2012.079,1808.492
2022-08-08,2035.57,2058.04,1973.99,1979.82,582900,1963.67,1916.943,1857.399,61.708,33.289,28.575,4.714,1916.943,2018.634,1815.253
2022-08-09,1956.51,2013.94,1955.68,1995.63,263700,1977.152,1923.019,1861.626,63.602,34.954,29.851,5.103,1923.019,2028.39,1817.647
2022-08-10,2005.62,2005.62,1960.68,1972.33,223900,1982.646,1928.677,1865.821,58.972,34.001,30.681,3.32,1928.677,2031.738,1825.617
2022-08-12,1978.15,2005.62,1951.52,1968.17,228200,1981.982,1934.378,1868.85,58.158,32.535,31.052,1.483,1934.378,2032.581,1836.176
2022-08-15,1985.64,1993.13,1963.17,1988.14,141000,1980.818,1941.702,1872.662,60.945,32.609,31.363,1.246,1941.702,2032.349,1851.055
2022-08-16,1985.64,1993.96,1964.0,1991.47,141600,1983.148,1950.398,1876.274,61.407,32.561,31.603,0.958,1950.398,2022.332,1878.465
2022-08-17,1983.15,2004.78,1969.83,2001.45,198200,1984.312,1956.182,1880.035,62.825,32.948,31.872,1.076,1956.182,2024.762,1887.602
2022-08-18,2003.12,2004.78,1978.15,1983.98,130500,1986.642,1957.472,1883.564,58.754,31.483,31.794,-0.311,1957.472,2027.171,1887.773
2022-08-19,1994.8,1996.46,1978.15,1988.97,154500,1990.802,1958.221,1887.059,59.56,30.374,31.51,-1.136,1958.221,2028.982,1887.46
2022-08-22,1987.31,2016.43,1976.49,2014.77,225900,1996.128,1960.884,1890.271,63.528,31.217,31.451,-0.234,1960.884,2036.038,1885.73
2022-08-23,1996.46,2002.29,1985.64,1993.96,196900,1996.626,1965.71,1893.75,58.539,29.861,31.133,-1.272,1965.71,2035.944,1895.477
2022-08-24,2007.28,2007.28,1954.02,1958.18,171900,1987.972,1968.166,1896.879,51.107,25.605,30.028,-4.422,1968.166,2033.312,1903.019
2022-08-25,1948.19,1958.18,1939.87,1954.02,147600,1981.98,1971.702,1900.175,50.307,21.647,28.351,-6.705,1971.702,2023.824,1919.581
2022-08-26,1949.86,1961.51,1935.71,1935.71,139500,1971.328,1972.368,1902.788,46.833,16.838,26.049,-9.211,1972.368,2022.123,1922.614
2022-08-29,1913.24,1944.86,1902.42,1941.54,239100,1956.682,1972.327,1905.717,48.063,13.344,23.508,-10.164,1972.327,2022.188,1922.466
2022-08-30,1959.01,1995.63,1956.51,1991.47,694900,1956.184,1974.907,1910.744,57.195,14.437,21.694,-7.257,1974.907,2023.006,1926.808
2022-08-31,1984.81,2003.12,1981.48,1994.8,253700,1963.508,1978.236,1916.236,57.728,15.395,20.434,-5.039,1978.236,2021.725,1934.747
2022-09-01,1980.65,1993.96,1968.17,1971.49,214200,1967.002,1979.567,1920.081,52.768,14.11,19.169,-5.059,1979.567,2020.297,1938.838
2022-09-02,1968.17,1968.17,1911.58,1913.24,261100,1962.508,1976.655,1922.96,42.857,8.296,16.995,-8.698,1976.655,2027.01,1926.3
2022-09-05,1913.24,1944.03,1901.59,1936.54,164300,1961.508,1973.784,1925.89,47.134,5.505,14.697,-9.191,1973.784,2026.478,1921.09
2022-09-06,1941.54,1956.52,1924.06,1930.72,135400,1949.358,1971.329,1927.887,46.204,2.792,12.316,-9.524,1971.329,2027.311,1915.347
2022-09-07,1924.06,1924.06,1901.59,1916.57,149300,1933.712,1967.376,1928.919,43.933,-0.495,9.754,-10.249,1967.376,2027.169,1907.583
2022-09-08,1934.05,1970.66,1933.21,1965.67,244100,1932.548,1967.043,1930.567,52.631,0.852,7.973,-7.121,1967.043,2026.794,1907.292
2022-09-09,1980.65,2023.92,1975.66,1999.79,313100,1949.858,1968.624,1932.514,57.559,4.62,7.303,-2.683,1968.624,2030.147,1907.101
2022-09-12,2024.76,2038.07,2018.93,2033.91,255600,1969.332,1970.912,1935.71,61.834,10.241,7.89,2.351,1970.912,2038.59,1903.235
2022-09-13,2033.08,2061.37,2029.75,2043.9,243400,1991.968,1973.534,1940.071,63.009,15.326,9.377,5.948,1973.534,2048.259,1898.809
2022-09-14,2010.61,2046.39,2009.78,2026.42,272500,2013.938,1974.782,1943.416,59.555,17.74,11.05,6.69,1974.782,2052.255,1897.31
2022-09-15,2051.39,2052.22,2007.28,2013.94,178500,2023.592,1976.28,1946.629,57.145,18.434,12.527,5.907,1976.28,2055.637,1896.924
2022-09-16,2004.78,2008.11,1989.8,1995.63,128500,2022.76,1976.614,1949.392,53.712,17.307,13.483,3.824,1976.614,2056.25,1896.977
2022-09-20,1988.14,1997.29,1970.66,1994.8,128800,2014.938,1975.615,1952.055,53.555,16.16,14.018,2.142,1975.615,2053.723,1897.507
2022-09-21,1975.66,1979.82,1959.01,1964.84,122600,1999.126,1974.159,1954.418,48.089,12.688,13.752,-1.064,1974.159,2051.912,1896.406
2022-09-22,1956.51,1978.98,1955.68,1978.98,138700,1989.638,1975.199,1956.515,50.649,10.951,13.192,-2.241,1975.199,2052.608,1897.79
2022-09-26,1972.33,1977.32,1937.37,1946.53,150900,1976.156,1974.825,1958.263,45.146,6.876,11.929,-5.052,1974.825,2052.736,1896.913
2022-09-27,1947.36,1983.15,1947.36,1971.49,150800,1971.328,1976.614,1960.61,49.675,5.597,10.662,-5.066,1976.614,2052.356,1900.871
2022-09-28,1978.15,1987.31,1934.05,1960.68,235100,1964.504,1977.571,1962.99,47.833,3.668,9.263,-5.595,1977.571,2051.918,1903.223
2022-09-29,2002.43,2011.8,1970.9,1975.16,250800,1966.568,1976.755,1966.142,50.482,3.271,8.065,-4.794,1976.755,2050.818,1902.692
2022-09-30,1982.83,1999.02,1942.78,1953.86,175700,1961.544,1974.708,1967.504,46.724,1.223,6.696,-5.474,1974.708,2048.934,1900.482
2022-10-03,1945.34,1959.82,1906.14,1955.56,188500,1963.35,1973.912,1967.452,47.062,-0.26,5.305,-5.565,1973.912,2048.623,1899.2
2022-10-04,1992.2,2021.18,1981.98,2018.62,168400,1972.776,1979.18,1968.344,57.785,3.611,4.966,-1.355,1979.18,2050.67,1907.691
2022-10-05,2039.07,2039.07,2001.58,2002.43,184200,1981.126,1982.475,1969.163,54.721,5.312,5.035,0.277,1982.475,2051.729,1913.221
2022-10-06,2016.91,2033.1,2008.39,2014.36,182400,1988.966,1986.657,1971.501,56.549,7.536,5.535,2.0,1986.657,2052.782,1920.532
2022-10-07,1992.2,2010.1,1985.39,1999.02,147800,1997.998,1990.78,1973.3,53.554,7.968,6.022,1.946,1990.78,2048.217,1933.342
2022-10-11,1972.61,1976.87,1945.34,1957.27,186100,1998.34,1990.36,1974.78,46.358,4.886,5.795,-0.909,1990.36,2048.686,1932.033
2022-10-12,1946.19,1954.71,1934.26,1948.75,139100,1984.366,1987.808,1975.307,45.028,1.735,4.983,-3.248,1987.808,2048.802,1926.813
2022-10-13,1939.37,1939.37,1911.25,1914.66,151700,1966.812,1981.845,1974.753,40.075,-3.472,3.292,-6.764,1981.845,2047.034,1916.656
2022-10-14,1940.23,1970.9,1930.0,1958.97,158000,1955.734,1977.598,1975.135,48.071,-3.978,1.838,-5.816,1977.598,2036.532,1918.665
2022-10-17,1953.01,1953.01,1923.18,1944.49,191800,1944.828,1973.502,1975.46,45.915,-5.484,0.374,-5.857,1973.502,2029.461,1917.543
2022-10-18,1959.82,2005.84,1959.82,1981.98,179800,1949.77,1971.904,1976.203,51.927,-3.61,-0.423,-3.187,1971.904,2024.739,1919.069
2022-10-19,1981.13,2004.99,1960.68,1997.32,139700,1959.484,1971.988,1976.719,54.172,-0.878,-0.514,-0.364,1971.988,2024.989,1918.988
2022-10-20,1972.61,1972.61,1944.49,1947.04,173200,1965.96,1969.6,1975.781,46.506,-2.738,-0.959,-1.779,1969.6,2022.577,1916.624
2022-10-21,1958.97,1969.2,1953.01,1960.68,131900,1966.302,1969.392,1975.398,48.63,-3.076,-1.382,-1.694,1969.392,2022.48,1916.305
2022-10-24,1974.31,1986.24,1953.86,1953.86,145500,1968.176,1968.136,1974.563,47.612,-3.85,-1.876,-1.974,1968.136,2021.457,1914.816
2022-10-25,1965.79,1975.16,1953.86,1959.82,93800,1963.744,1968.801,1974.312,48.624,-3.937,-2.288,-1.649,1968.801,2021.313,1916.289
2022-10-26,1974.31,2004.13,1965.79,1994.76,148700,1963.232,1969.964,1974.844,54.208,-1.173,-2.065,0.892,1969.964,2023.743,1916.186
2022-10-27,2005.84,2005.84,1959.82,1970.9,180000,1968.004,1970.476,1974.499,50.196,-0.897,-1.831,0.934,1970.476,2024.077,1916.874
2022-10-28,1959.82,1979.42,1950.45,1962.38,364700,1968.344,1969.836,1973.918,48.807,-1.351,-1.735,0.384,1969.836,2023.507,1916.166
2022-10-31,1965.79,1987.94,1961.53,1987.09,124500,1974.99,1971.498,1973.63,52.88,0.28,-1.332,1.613,1971.498,2025.144,1917.852
2022-11-01,2000.72,2000.72,1966.64,1987.09,124900,1980.444,1973.074,1973.693,52.88,1.555,-0.755,2.31,1973.074,2026.601,1919.548
2022-11-02,1983.68,2001.58,1972.61,1981.98,243600,1977.888,1971.242,1973.553,51.89,2.129,-0.178,2.307,1971.242,2020.547,1921.938
2022-11-04,1959.82,1965.79,1924.04,1950.45,290200,1973.798,1968.644,1972.266,46.148,0.038,-0.135,0.173,1968.644,2016.484,1920.803
2022-11-07,2050.15,2203.52,2011.8,2033.96,1838400,1988.114,1969.624,1973.066,59.067,5.062,0.905,4.157,1969.624,2021.996,1917.251
2022-11-08,2054.41,2110.65,1937.67,2041.63,914800,1999.022,1971.754,1974.735,60.016,9.552,2.634,6.918,1971.754,2032.032,1911.476
2022-11-09,2056.96,2080.82,2015.21,2027.14,274400,2007.032,1975.248,1976.198,57.313,11.805,4.468,7.337,1975.248,2039.929,1910.566
2022-11-10,2044.18,2044.18,1968.34,1980.27,352600,2006.69,1976.824,1977.089,49.541,9.697,5.514,4.183,1976.824,2040.311,1913.336
2022-11-11,2004.13,2010.95,1980.27,1997.32,187700,2016.064,1980.956,1978.205,52.087,9.295,6.27,3.025,1980.956,2037.822,1924.091
2022-11-14,2002.43,2006.69,1955.56,1959.82,287800,2001.236,1980.999,1977.572,46.528,5.883,6.193,-0.31,1980.999,2037.796,1924.202
2022-11-15,1950.45,1953.01,1917.22,1930.85,274300,1979.08,1980.317,1976.293,42.733,0.831,5.12,-4.289,1980.317,2039.248,1921.386
2022-11-16,1937.67,1982.83,1935.11,1977.72,225500,1969.196,1980.104,1976.417,49.858,0.603,4.217,-3.614,1980.104,2039.04,1921.168
2022-11-17,1978.57,2043.33,1977.72,2032.25,356300,1979.592,1981.85,1978.797,56.62,4.767,4.327,0.44,1981.85,2044.864,1918.837
2022-11-18,2045.03,2086.79,2026.29,2085.93,396100,1997.314,1988.795,1981.785,62.046,12.257,5.913,6.344,1988.795,2064.907,1912.683
2022-11-21,2078.27,2099.57,2070.6,2087.64,308000,2022.878,1995.143,1984.924,62.208,18.123,8.355,9.768,1995.143,2081.826,1908.46
2022-11-22,2098.72,2113.2,2088.49,2092.75,297000,2055.258,2002.088,1988.447,62.721,22.919,11.268,11.651,2002.088,2096.733,1907.442
2022-11-24,2104.68,2136.21,2098.72,2104.68,271900,2080.65,2009.33,1991.227,63.95,27.367,14.488,12.88,2009.33,2112.173,1906.488
2022-11-25,2113.2,2131.1,2097.86,2125.98,143000,2099.396,2015.891,1993.751,66.1,32.24,18.038,14.202,2015.891,2130.849,1900.934
2022-11-28,2125.98,2125.98,2099.57,2101.27,166700,2102.464,2022.41,1995.098,61.517,33.719,21.174,12.544,2022.41,2141.342,1903.478
2022-11-29,2085.93,2099.57,2076.56,2098.72,135100,2104.68,2029.227,1996.195,61.047,34.29,23.797,10.492,2029.227,2149.296,1909.158
2022-11-30,2092.75,2116.61,2086.79,2099.57,314400,2106.044,2034.851,1997.658,61.153,34.414,25.921,8.493,2034.851,2157.126,1912.576
2022-12-01,2114.91,2116.61,2086.79,2097.01,151700,2104.51,2040.347,1999.319,60.615,33.915,27.52,6.396,2040.347,2163.462,1917.232
2022-12-02,2089.34,2089.34,2070.6,2081.67,193300,2095.648,2045.332,2001.04,57.358,31.914,28.398,3.516,2045.332,2166.554,1924.109
2022-12-05,2078.27,2082.53,2056.96,2070.6,161000,2089.514,2051.339,2002.556,55.059,29.099,28.539,0.561,2051.339,2164.397,1938.281
2022-12-06,2057.81,2068.89,2039.92,2057.81,197500,2081.332,2052.532,2004.415,52.443,25.542,27.939,-2.397,2052.532,2165.32,1939.743
2022-12-07,2052.7,2089.34,2043.33,2083.38,129300,2078.094,2054.619,2006.503,56.856,24.504,27.252,-2.748,2054.619,2168.102,1941.136
2022-12-08,2085.93,2101.27,2050.15,2074.01,167300,2073.494,2056.962,2009.053,54.847,22.664,26.335,-3.671,2056.962,2169.991,1943.934
2022-12-09,2074.0,2093.6,2074.0,2083.38,114900,2073.836,2062.118,2011.291,56.502,21.712,25.41,-3.698,2062.118,2169.692,1954.544
2022-12-12,2083.38,2083.38,2064.63,2067.19,220900,2073.154,2065.612,2013.421,52.895,19.426,24.213,-4.787,2065.612,2168.773,1962.45
2022-12-13,2082.53,2099.57,2076.56,2081.67,110100,2077.926,2071.704,2015.551,55.624,18.57,23.085,-4.515,2071.704,2162.17,1981.238
2022-12-14,2078.27,2092.75,2074.01,2088.49,126800,2078.948,2079.586,2018.244,56.891,18.231,22.114,-3.883,2079.586,2141.27,2017.902
2022-12-15,2101.27,2138.76,2100.42,2110.65,294500,2086.276,2086.232,2021.346,60.805,19.526,21.596,-2.071,2086.232,2126.699,2045.766
2022-12-16,2103.83,2112.35,2072.3,2081.67,249900,2085.934,2088.704,2022.607,53.91,18.006,20.878,-2.873,2088.704,2120.369,2057.038
2022-12-19,2056.96,2068.89,2047.59,2062.08,115800,2084.912,2087.511,2023.8,49.8,15.047,19.712,-4.665,2087.511,2121.339,2053.683
2022-12-20,2068.89,2078.27,2024.58,2027.99,214200,2074.176,2084.528,2024.072,43.573,9.838,17.737,-7.899,2084.528,2127.572,2041.485
2022-12-21,2022.03,2044.18,2016.06,2023.73,129700,2061.224,2081.078,2024.566,42.852,5.304,15.25,-9.946,2081.078,2131.739,2030.416
2022-12-22,2028.84,2074.0,2023.73,2069.74,143400,2053.042,2079.33,2026.816,52.076,5.363,13.273,-7.91,2079.33,2128.964,2029.697
2022-12-23,2060.37,2062.08,2046.74,2055.26,74200,2047.76,2075.795,2028.946,49.375,4.192,11.457,-7.265,2075.795,2121.343,2030.246
2022-12-26,2057.82,2072.3,2051.0,2072.3,89400,2049.804,2074.346,2032.099,52.497,4.587,10.083,-5.496,2074.346,2118.298,2030.394
2022-12-27,2073.15,2083.38,2068.89,2074.86,65800,2059.178,2073.153,2034.417,52.967,5.048,9.076,-4.028,2073.153,2115.589,2030.717
2022-12-28,2061.22,2064.63,2034.81,2035.66,170000,2061.564,2069.958,2036.24,45.546,2.224,7.705,-5.481,2069.958,2113.624,2026.291
2022-12-29,2036.51,2085.08,2036.51,2083.38,154300,2064.292,2069.276,2038.268,53.996,3.793,6.923,-3.13,2069.276,2111.569,2026.983
2022-12-30,2087.64,2116.61,2087.64,2101.27,215200,2073.494,2070.256,2040.347,56.708,6.407,6.82,-0.413,2070.256,2114.616,2025.896
2023-01-04,2113.2,2114.05,2079.12,2108.94,180700,2080.822,2072.173,2043.585,57.855,8.993,7.254,1.739,2072.173,2119.79,2024.556
2023-01-05,2079.12,2115.76,2074.86,2101.27,289200,2086.104,2074.346,2046.397,56.25,10.305,7.865,2.441,2074.346,2123.155,2025.537
2023-01-06,2089.34,2095.31,2068.89,2085.93,125300,2096.158,2074.474,2049.038,53.078,9.992,8.29,1.702,2074.474,2123.395,2025.552
2023-01-10,2108.09,2114.91,2074.86,2084.23,195600,2096.328,2074.984,2051.526,52.723,9.497,8.532,0.966,2074.984,2124.099,2025.87
2023-01-11,2094.46,2118.31,2094.46,2114.05,141000,2098.884,2076.518,2053.912,58.024,11.38,9.101,2.279,2076.518,2128.563,2024.473
2023-01-12,2113.2,2113.2,2084.23,2106.38,128700,2098.372,2078.478,2056.622,56.276,12.114,9.704,2.41,2078.478,2131.975,2024.98
2023-01-13,2097.86,2114.05,2076.56,2077.41,123800,2093.6,2078.265,2058.922,50.134,10.239,9.811,0.429,2078.265,2131.742,2024.787
2023-01-16,2053.55,2069.74,2041.63,2059.52,141300,2088.318,2076.816,2060.371,46.741,7.227,9.294,-2.067,2076.816,2130.696,2022.936
2023-01-17,2045.89,2085.08,2045.89,2076.56,101800,2086.784,2075.112,2062.16,50.198,6.144,8.664,-2.52,2075.112,2126.588,2023.635
2023-01-18,2085.93,2114.91,2079.97,2111.5,175600,2086.274,2076.603,2064.751,56.442,8.013,8.534,-0.521,2076.603,2130.549,2022.657
2023-01-19,2101.27,2129.39,2088.49,2113.2,160700,2087.638,2079.159,2068.006,56.726,9.521,8.731,0.79,2079.159,2135.018,2023.3
2023-01-20,2116.61,2123.43,2083.38,2088.49,205800,2089.854,2082.184,2069.096,51.468,8.623,8.71,-0.086,2082.184,2132.669,2031.699
2023-01-23,2114.05,2143.02,2111.5,2126.83,263700,2103.316,2087.339,2070.8,57.977,10.88,9.144,1.736,2087.339,2133.569,2041.109
2023-01-24,2143.02,2143.02,2129.39,2132.8,213600,2114.564,2090.492,2072.914,58.901,13.0,9.915,3.085,2090.492,2140.143,2040.841
2023-01-25,2126.83,2155.81,2112.35,2145.58,271800,2121.38,2095.008,2076.22,60.884,15.533,11.039,4.494,2095.008,2147.514,2042.502
2023-01-26,2154.1,2168.59,2136.21,2142.17,230400,2127.174,2098.502,2079.117,60.052,17.068,12.244,4.823,2098.502,2153.866,2043.137
2023-01-27,2151.55,2154.95,2132.8,2138.76,139300,2137.228,2101.696,2082.696,59.18,17.804,13.356,4.448,2101.696,2158.668,2044.725
2023-01-30,2126.83,2145.58,2122.57,2126.83,151700,2137.228,2106.255,2086.615,56.111,17.226,14.13,3.096,2106.255,2154.971,2057.539
2023-01-31,2127.69,2136.21,2106.38,2119.17,146500,2134.502,2108.044,2089.444,54.169,15.966,14.498,1.469,2108.044,2155.843,2060.246
2023-02-01,2123.43,2126.84,2107.24,2107.24,83700,2126.834,2108.343,2090.944,51.197,13.846,14.367,-0.522,2108.343,2156.038,2060.648
2023-02-02,2102.98,2120.87,2101.27,2120.87,135400,2122.574,2108.94,2091.643,54.283,13.113,14.116,-1.003,2108.94,2156.963,2060.916
2023-02-03,2111.5,2111.5,2082.53,2096.16,154700,2114.054,2108.684,2091.813,48.317,10.419,13.377,-2.958,2108.684,2156.933,2060.435
2023-02-06,2111.5,2119.17,2091.05,2105.53,124400,2109.794,2109.664,2092.069,50.537,8.937,12.489,-3.552,2109.664,2156.749,2062.579
2023-02-07,2116.61,2133.65,2105.53,2108.94,129800,2107.748,2110.9,2092.154,51.356,7.946,11.58,-3.634,2110.9,2156.446,2065.353
2023-02-08,2108.94,2119.17,2095.31,2106.38,121700,2107.576,2110.516,2091.762,50.678,6.875,10.639,-3.764,2110.516,2156.08,2064.952
2023-02-09,2131.1,2166.03,2116.61,2148.14,404600,2113.03,2112.604,2092.699,59.967,9.289,10.369,-1.081,2112.604,2161.103,2064.105
2023-02-10,2131.95,2139.62,2105.53,2121.72,371400,2118.142,2114.82,2093.159,53.147,8.966,10.089,-1.122,2114.82,2160.517,2069.122
2023-02-13,2241.87,2300.66,2139.62,2148.14,945400,2126.664,2119.25,2094.131,58.259,10.719,10.215,0.504,2119.25,2159.194,2079.307
2023-02-14,2147.29,2210.34,2147.29,2175.4,428700,2139.956,2124.192,2095.699,62.772,14.145,11.001,3.144,2124.192,2166.296,2082.089
2023-02-15,2183.07,2198.41,2160.92,2175.4,257400,2153.76,2127.388,2097.573,62.772,16.667,12.134,4.533,2127.388,2174.799,2079.976
2023-02-16,2175.4,2214.6,2166.88,2209.49,307500,2166.03,2132.202,2100.351,67.819,21.174,13.942,7.232,2132.202,2191.591,2072.813
2023-02-17,2196.71,2216.31,2184.78,2208.64,270500,2183.414,2138.21,2103.368,67.573,24.395,16.032,8.362,2138.21,2203.039,2073.38
2023-02-20,2208.64,2266.58,2182.22,2241.87,375000,2202.16,2143.962,2106.537,71.869,29.291,18.684,10.607,2143.962,2223.325,2064.598
2023-02-21,2254.65,2304.07,2242.72,2247.83,366000,2216.646,2149.713,2110.014,72.571,33.269,21.601,11.668,2149.713,2241.388,2058.038
2023-02-22,2233.35,2252.95,2223.97,2248.68,242300,2231.302,2154.868,2113.32,72.675,36.075,24.496,11.579,2154.868,2256.607,2053.129
2023-02-24,2252.09,2258.91,2218.86,2241.87,351700,2237.778,2159.853,2116.813,70.358,37.318,27.06,10.258,2159.853,2268.507,2051.199
2023-02-27,2256.35,2283.62,2239.31,2249.54,355900,2245.958,2165.392,2120.171,71.462,38.479,29.344,9.135,2165.392,2280.615,2050.169
2023-02-28,2258.06,2281.92,2258.06,2279.36,304400,2253.456,2173.018,2123.988,75.311,41.329,31.741,9.588,2173.018,2297.328,2048.709
2023-03-01,2271.69,2308.33,2270.84,2303.22,390800,2264.534,2182.221,2127.84,77.881,44.994,34.392,10.602,2182.221,2316.589,2047.853
2023-03-02,2291.29,2298.11,2263.17,2292.99,259700,2273.396,2191.508,2132.066,74.309,46.537,36.821,9.716,2191.508,2329.679,2053.338
2023-03-03,2300.66,2305.78,2278.51,2278.51,388200,2280.724,2199.39,2136.395,69.453,46.06,38.669,7.391,2199.39,2338.576,2060.205
2023-03-06,2281.92,2297.25,2271.69,2284.47,284400,2287.71,2208.806,2141.524,70.313,45.637,40.062,5.575,2208.806,2344.008,2073.604
2023-03-07,2285.33,2307.48,2284.47,2306.63,374100,2293.164,2218.861,2147.182,73.32,46.553,41.361,5.193,2218.861,2351.613,2086.109
2023-03-08,2310.04,2341.56,2309.18,2333.89,476000,2299.298,2230.108,2152.465,76.477,48.915,42.871,6.044,2230.108,2361.761,2098.456
2023-03-09,2340.71,2391.84,2338.16,2382.46,471400,2317.192,2243.912,2159.009,80.83,54.083,45.114,8.969,2243.912,2378.797,2109.028
2023-03-10,2373.09,2390.99,2353.49,2361.16,473700,2333.722,2254.563,2164.786,74.334,55.816,47.254,8.562,2254.563,2391.235,2117.892
2023-03-13,2337.3,2349.23,2297.25,2316.0,314900,2340.028,2264.277,2169.609,62.809,52.935,48.39,4.545,2264.277,2388.218,2140.337
2023-03-14,2297.25,2300.66,2238.46,2252.95,316300,2329.292,2269.518,2173.955,50.935,45.046,47.722,-2.676,2269.518,2381.021,2158.015
2023-03-15,2274.25,2310.89,2270.84,2287.03,304600,2319.92,2275.1,2178.028,55.799,41.07,46.391,-5.322,2275.1,2377.576,2172.623
2023-03-16,2234.2,2259.76,2212.9,2253.8,208800,2294.188,2279.02,2181.079,50.538,34.835,44.08,-9.245,2279.02,2370.887,2187.152
2023-03-17,2271.69,2281.92,2248.68,2269.14,317100,2275.784,2282.002,2184.283,52.753,30.778,41.42,-10.642,2282.002,2368.054,2195.95
2023-03-20,2273.4,2291.29,2247.83,2252.09,261300,2263.002,2284.174,2187.299,50.07,25.888,38.313,-12.425,2284.174,2364.427,2203.922
2023-03-22,2264.02,2273.4,2245.28,2262.32,281800,2264.876,2285.197,2190.827,51.659,22.578,35.166,-12.588,2285.197,2363.682,2206.712
2023-03-23,2241.02,2263.17,2221.42,2262.32,185500,2259.934,2285.922,2194.389,51.659,19.727,32.078,-12.351,2285.922,2363.212,2208.631
2023-03-24,2252.09,2292.99,2246.98,2287.03,186200,2266.58,2287.839,2197.848,55.615,19.24,29.511,-10.27,2287.839,2363.116,2212.562
2023-03-27,2301.51,2321.11,2287.88,2295.55,236000,2271.862,2290.523,2201.632,56.924,19.319,27.472,-8.153,2290.523,2362.661,2218.385
2023-03-28,2301.52,2333.89,2293.85,2296.4,268000,2280.724,2292.866,2206.011,57.06,19.229,25.824,-6.595,2292.866,2362.397,2223.335
2023-03-29,2316.0,2323.67,2296.4,2322.82,324400,2292.824,2295.039,2211.277,61.167,21.046,24.868,-3.822,2295.039,2365.503,2224.575
2023-03-30,2345.43,2350.65,2326.3,2339.34,249000,2308.228,2296.845,2216.533,63.516,23.548,24.604,-1.056,2296.845,2369.992,2223.698
2023-03-31,2343.69,2343.69,2303.69,2314.99,171400,2313.82,2297.945,2220.603,57.951,23.297,24.343,-1.045,2297.945,2371.508,2224.382
2023-04-03,2338.47,2359.34,2327.17,2345.43,232000,2323.796,2301.291,2225.247,62.387,25.264,24.527,0.737,2301.291,2377.183,2225.399
2023-04-04,2354.12,2388.91,2340.21,2386.3,409300,2341.776,2306.382,2231.204,67.366,29.777,25.577,4.2,2306.382,2390.717,2222.048
2023-04-05,2381.08,2406.3,2354.12,2361.08,357700,2349.428,2309.105,2235.889,61.919,30.961,26.654,4.308,2309.105,2396.917,2221.293
2023-04-06,2327.17,2368.04,2314.12,2345.43,260600,2350.646,2309.682,2240.141,58.745,30.288,27.381,2.908,2309.682,2398.327,2221.037
2023-04-07,2341.08,2356.73,2330.64,2348.04,135600,2357.256,2307.961,2244.19,59.122,29.624,27.829,1.795,2307.961,2391.867,2224.055
2023-04-10,2365.43,2386.3,2357.6,2363.69,244200,2360.908,2308.088,2248.621,61.396,30.014,28.266,1.748,2308.088,2392.338,2223.837
2023-04-11,2364.56,2384.56,2347.17,2347.17,176500,2353.082,2309.646,2252.789,57.744,28.66,28.345,0.315,2309.646,2395.648,2223.644
2023-04-12,2328.9,2353.25,2322.82,2349.78,128200,2350.822,2314.488,2257.248,58.167,27.481,28.172,-0.691,2314.488,2397.914,2231.061
2023-04-13,2352.39,2368.91,2341.95,2354.99,240200,2352.734,2317.886,2261.964,59.049,26.66,27.87,-1.21,2317.886,2402.135,2233.636
2023-04-14,2374.13,2388.91,2359.34,2373.26,333700,2357.778,2323.859,2267.285,62.069,27.17,27.73,-0.56,2323.859,2405.887,2241.83
2023-04-17,2374.13,2412.39,2354.99,2376.74,321000,2360.388,2329.239,2272.402,62.635,27.537,27.691,-0.154,2329.239,2410.264,2248.213
2023-04-18,2387.17,2411.52,2382.82,2411.52,261400,2373.258,2337.21,2278.709,67.799,30.286,28.21,2.076,2337.21,2417.646,2256.774
2023-04-19,2417.61,2434.13,2400.22,2434.13,256000,2390.128,2345.801,2285.281,70.641,33.898,29.348,4.55,2345.801,2429.203,2262.398
2023-04-20,2435.0,2444.57,2420.22,2431.52,254900,2405.434,2354.26,2291.733,69.874,36.133,30.705,5.428,2354.26,2436.324,2272.197
2023-04-21,2418.48,2450.65,2411.52,2436.74,297100,2418.13,2361.746,2298.34,70.562,37.889,32.142,5.748,2361.746,2445.287,2278.205
2023-04-24,2454.13,2486.31,2446.31,2467.18,345300,2436.218,2370.328,2304.721,74.254,41.261,33.966,7.296,2370.328,2460.254,2280.401
2023-04-25,2464.57,2499.35,2464.57,2476.74,234600,2449.262,2379.344,2311.821,75.302,44.196,36.012,8.184,2379.344,2474.096,2284.593
2023-04-26,2477.61,2477.61,2443.7,2452.39,203100,2452.914,2385.823,2317.906,67.741,44.049,37.619,6.43,2385.823,2482.009,2289.637
2023-04-27,2459.35,2474.14,2448.05,2459.35,259700,2458.48,2391.824,2323.585,68.708,43.987,38.893,5.094,2391.824,2490.735,2292.912
2023-04-28,2474.14,2503.7,2471.53,2495.88,397700,2470.308,2400.868,2329.995,73.242,46.351,40.384,5.967,2400.868,2503.219,2298.517
2023-05-01,2491.53,2497.62,2465.44,2488.05,375500,2474.482,2407.999,2335.566,70.872,47.051,41.718,5.333,2407.999,2513.899,2302.099
2023-05-02,2483.7,2511.53,2462.83,2472.4,369100,2473.614,2412.304,2340.841,66.256,45.814,42.537,3.277,2412.304,2521.44,2303.168
2023-05-08,2488.05,2533.27,2487.18,2504.57,415700,2484.05,2419.478,2346.095,70.508,46.89,43.408,3.482,2419.478,2533.205,2305.752
2023-05-09,2513.27,2527.18,2490.66,2493.27,230400,2490.834,2426.87,2351.004,67.3,46.296,43.985,2.311,2426.87,2539.546,2314.195
2023-05-10,2492.4,2500.22,2466.31,2475.87,289900,2486.832,2433.262,2355.548,62.578,43.916,43.971,-0.056,2433.262,2541.525,2324.999
2023-05-11,2481.96,2509.79,2480.22,2508.92,262000,2491.006,2440.524,2360.889,67.275,44.187,44.014,0.172,2440.524,2548.621,2332.426
2023-05-12,2517.62,2527.18,2501.09,2521.97,219500,2500.92,2449.264,2366.338,68.933,44.937,44.199,0.738,2449.264,2553.787,2344.74
2023-05-15,2525.44,2564.58,2508.92,2548.92,688400,2509.79,2459.22,2371.729,72.079,47.162,44.791,2.37,2459.22,2561.763,2356.678
2023-05-16,2548.92,2579.36,2535.01,2539.36,383700,2519.008,2468.439,2376.452,69.394,47.605,45.354,2.251,2468.439,2564.471,2372.407
2023-05-17,2546.32,2561.1,2542.84,2543.71,357700,2532.576,2476.962,2381.466,69.943,47.757,45.835,1.922,2476.962,2567.526,2386.397
2023-05-18,2545.45,2555.01,2513.27,2528.05,318800,2536.402,2484.527,2386.457,65.398,46.082,45.884,0.198,2484.527,2564.501,2404.553
2023-05-19,2534.14,2555.01,2515.01,2521.1,372800,2536.228,2490.006,2391.189,63.429,43.691,45.446,-1.755,2490.006,2563.687,2416.325
2023-05-22,2515.88,2538.49,2486.31,2496.75,414200,2525.794,2493.137,2394.992,56.956,39.377,44.232,-4.855,2493.137,2561.984,2424.29
2023-05-23,2491.53,2494.14,2448.05,2451.52,265000,2508.226,2494.137,2397.344,47.301,31.94,41.774,-9.833,2494.137,2559.719,2428.555
2023-05-24,2443.7,2453.26,2419.35,2421.09,205600,2483.702,2493.355,2398.117,42.127,23.322,38.083,-14.761,2493.355,2562.116,2424.593
2023-05-25,2410.65,2441.09,2405.43,2408.91,191500,2459.874,2490.441,2399.072,40.23,15.333,33.533,-18.2,2490.441,2568.219,2412.663
2023-05-26,2395.87,2411.52,2392.39,2398.48,200200,2435.35,2486.528,2400.722,38.626,8.066,28.44,-20.373,2486.528,2574.425,2398.631
2023-05-29,2441.96,2449.79,2413.26,2435.0,275300,2423.0,2485.658,2404.363,46.647,5.195,23.791,-18.596,2485.658,2575.304,2396.013
2023-05-30,2435.0,2448.05,2397.61,2409.78,170500,2414.652,2483.18,2406.818,42.515,0.874,19.207,-18.333,2483.18,2578.452,2387.908
2023-05-31,2382.82,2396.74,2365.43,2372.39,379900,2404.912,2477.006,2409.189,37.247,-5.504,14.265,-19.769,2477.006,2584.087,2369.924
2023-06-01,2360.21,2378.47,2350.65,2354.99,173600,2394.128,2470.352,2410.906,35.069,-11.826,9.047,-20.873,2470.352,2590.305,2350.4
2023-06-02,2364.56,2379.34,2354.99,2372.39,209100,2388.91,2465.352,2413.312,38.915,-15.257,4.186,-19.443,2465.352,2593.035,2337.669
2023-06-05,2394.13,2400.22,2361.95,2385.43,271500,2378.996,2459.395,2415.775,41.703,-16.73,0.003,-16.733,2459.395,2590.446,2328.344
2023-06-06,2381.08,2402.82,2361.95,2390.65,267300,2375.17,2454.264,2418.341,42.827,-17.278,-3.453,-13.825,2454.264,2587.744,2320.784
2023-06-07,2400.22,2423.7,2397.61,2409.78,325400,2382.648,2450.96,2420.796,46.872,-15.984,-5.959,-10.024,2450.96,2585.456,2316.463
2023-06-08,2378.47,2392.39,2353.25,2354.99,290300,2382.648,2443.263,2421.985,38.476,-19.159,-8.599,-10.559,2443.263,2581.363,2305.163
2023-06-09,2384.56,2401.95,2376.74,2393.26,294400,2386.822,2436.828,2423.922,45.781,-18.375,-10.554,-7.82,2436.828,2571.436,2302.219
2023-06-12,2414.13,2434.13,2414.13,2418.48,237400,2393.432,2430.306,2425.835,49.995,-15.539,-11.551,-3.988,2430.306,2554.265,2306.346
2023-06-13,2423.7,2447.18,2422.83,2444.57,240500,2404.216,2425.566,2427.94,53.98,-11.06,-11.453,0.393,2425.566,2538.749,2312.383
2023-06-14,2448.92,2455.0,2421.09,2428.04,279000,2407.868,2419.783,2430.201,51.196,-8.742,-10.911,2.169,2419.783,2518.435,2321.13
2023-06-15,2428.04,2429.78,2403.69,2403.69,174900,2417.608,2413.564,2431.366,47.325,-8.77,-10.483,1.713,2413.564,2498.159,2328.97
2023-06-16,2394.13,2435.0,2388.91,2422.83,368300,2423.522,2408.651,2432.097,50.494,-7.164,-9.819,2.655,2408.651,2476.755,2340.547
2023-06-19,2422.83,2423.7,2397.61,2409.78,171500,2421.782,2404.303,2433.071,48.358,-6.866,-9.228,2.362,2404.303,2458.385,2350.22
2023-06-20,2396.74,2426.31,2380.21,2422.83,242500,2417.434,2402.868,2434.619,50.608,-5.513,-8.485,2.972,2402.868,2453.059,2352.677
2023-06-21,2435.0,2446.31,2410.65,2417.61,151100,2415.348,2402.694,2436.01,49.676,-4.806,-7.75,2.943,2402.694,2452.642,2352.746
2023-06-22,2401.96,2421.96,2386.3,2390.65,171000,2412.74,2401.781,2436.549,45.058,-6.349,-7.469,1.121,2401.781,2451.918,2351.644
2023-06-23,2400.22,2408.91,2355.86,2367.17,194200,2401.608,2400.216,2436.949,41.445,-9.358,-7.847,-1.511,2400.216,2452.687,2347.744
2023-06-26,2378.47,2378.47,2354.12,2362.82,124800,2392.216,2396.606,2437.21,40.792,-11.956,-8.669,-3.287,2396.606,2448.934,2344.279
2023-06-27,2348.91,2348.91,2309.77,2325.43,208200,2372.736,2392.389,2436.619,35.603,-16.838,-10.303,-6.535,2392.389,2453.161,2331.617
2023-06-28,2348.04,2382.82,2348.04,2380.21,234700,2365.256,2392.78,2436.758,46.368,-16.101,-11.462,-4.638,2392.78,2453.109,2332.451
2023-06-29,2380.21,2381.95,2325.43,2335.86,181400,2354.298,2391.823,2435.94,40.469,-18.878,-12.945,-5.932,2391.823,2455.205,2328.442
2023-06-30,2334.99,2334.99,2316.73,2326.3,138700,2346.124,2389.519,2434.236,39.309,-21.601,-14.676,-6.924,2389.519,2458.94,2320.098
2023-07-03,2345.43,2379.34,2345.43,2354.99,214900,2344.558,2387.997,2432.653,44.458,-21.2,-15.981,-5.219,2387.997,2459.109,2316.885
2023-07-04,2348.04,2348.04,2326.3,2328.9,299200,2345.252,2384.91,2430.601,41.047,-22.725,-17.33,-5.395,2384.91,2460.742,2309.077
2023-07-05,2307.16,2325.43,2299.34,2312.38,233500,2331.686,2380.04,2428.114,39.007,-24.979,-18.86,-6.119,2380.04,2461.452,2298.627
2023-07-06,2304.55,2313.25,2293.25,2293.25,196300,2323.164,2376.953,2424.635,36.73,-27.986,-20.685,-7.301,2376.953,2466.627,2287.278
2023-07-07,2261.07,2287.16,2254.12,2261.07,182400,2310.118,2370.343,2420.322,33.217,-32.59,-23.066,-9.524,2370.343,2473.439,2267.247
2023-07-10,2274.12,2301.95,2271.51,2286.29,210100,2296.378,2363.734,2417.0,38.205,-33.814,-25.216,-8.599,2363.734,2470.711,2256.756
2023-07-11,2294.12,2310.64,2286.29,2294.99,229500,2289.596,2356.254,2413.712,39.873,-33.694,-26.911,-6.783,2356.254,2460.312,2252.197
2023-07-12,2311.51,2322.82,2280.2,2288.03,166500,2284.726,2349.254,2409.555,38.967,-33.771,-28.283,-5.488,2349.254,2451.805,2246.703
2023-07-13,2308.9,2329.77,2301.95,2325.43,230500,2291.162,2345.341,2406.303,46.062,-30.463,-28.719,-1.744,2345.341,2445.08,2245.602
2023-07-14,2348.91,2354.12,2314.12,2325.43,281800,2304.034,2340.471,2403.364,46.062,-27.524,-28.48,0.956,2340.471,2433.569,2247.373
2023-07-18,2332.38,2357.6,2332.38,2352.39,235300,2317.254,2337.601,2400.32,50.839,-22.757,-27.335,4.578,2337.601,2425.073,2250.13
2023-07-19,2363.69,2372.39,2341.08,2354.99,246600,2329.254,2334.21,2397.554,51.288,-18.556,-25.579,7.024,2334.21,2412.55,2255.869
2023-07-20,2354.12,2360.21,2334.12,2334.12,205000,2338.472,2330.035,2394.719,47.541,-16.717,-23.807,7.09,2330.035,2397.854,2262.216
2023-07-21,2330.64,2339.34,2315.86,2329.77,182400,2339.34,2326.991,2391.136,46.775,-15.433,-22.132,6.699,2326.991,2388.529,2265.453
2023-07-24,2342.82,2353.25,2330.64,2341.95,202600,2342.644,2325.73,2387.536,49.243,-13.28,-20.362,7.082,2325.73,2384.785,2266.675
2023-07-25,2337.6,2345.43,2309.77,2317.6,289400,2335.686,2323.469,2382.91,44.772,-13.384,-18.966,5.582,2323.469,2379.952,2266.986
2023-07-26,2317.6,2321.95,2301.95,2312.38,262900,2327.164,2322.816,2378.37,43.853,-13.729,-17.919,4.19,2322.816,2379.505,2266.128
2023-07-27,2310.64,2326.3,2301.08,2321.95,236100,2324.73,2319.903,2373.935,46.04,-13.08,-16.951,3.871,2319.903,2369.749,2270.058
2023-07-28,2285.42,2308.9,2270.64,2294.99,323400,2317.774,2317.86,2369.274,41.174,-14.573,-16.475,1.903,2317.86,2368.298,2267.422
2023-07-31,2326.3,2341.95,2316.73,2334.99,283400,2316.382,2318.294,2365.551,49.673,-12.386,-15.658,3.272,2318.294,2369.187,2267.402
2023-08-01,2342.82,2368.91,2341.08,2354.12,337300,2323.686,2318.251,2362.699,53.159,-9.005,-14.327,5.322,2318.251,2369.012,2267.49
2023-08-02,2354.12,2366.3,2345.43,2353.26,215100,2331.862,2319.469,2360.734,52.981,-6.322,-12.726,6.404,2319.469,2372.428,2266.51
2023-08-03,2336.73,2344.56,2320.21,2322.82,214700,2332.036,2319.991,2358.768,46.995,-6.576,-11.496,4.92,2319.991,2372.861,2267.121
2023-08-04,2334.12,2358.47,2326.3,2347.17,251800,2342.472,2322.687,2357.533,51.697,-4.758,-10.148,5.39,2322.687,2375.314,2270.06
2023-08-07,2217.59,2234.11,2140.19,2198.46,1248300,2315.166,2319.556,2353.533,32.649,-15.142,-11.147,-3.995,2319.556,2391.515,2247.598
2023-08-08,2200.2,2214.11,2148.89,2165.41,638900,2277.424,2313.512,2348.141,30.003,-25.742,-14.066,-11.676,2313.512,2412.475,2214.55
2023-08-09,2160.19,2205.42,2144.54,2192.37,456100,2245.246,2308.382,2343.793,34.655,-31.602,-17.573,-14.029,2308.382,2421.076,2195.687
2023-08-10,2182.81,2202.81,2156.72,2168.89,502700,2214.46,2302.424,2339.723,32.622,-37.707,-21.6,-16.107,2302.424,2431.109,2173.74
2023-08-14,2178.46,2210.63,2175.85,2180.2,552500,2181.066,2295.163,2336.227,34.612,-41.158,-25.512,-15.646,2295.163,2434.344,2155.982
2023-08-15,2156.72,2184.54,2150.63,2163.67,437900,2174.108,2287.075,2332.053,33.074,-44.711,-29.351,-15.359,2287.075,2437.219,2136.931
2023-08-16,2145.41,2151.5,2118.45,2118.45,309800,2164.716,2275.378,2326.713,29.246,-50.593,-33.6,-16.993,2275.378,2439.863,2110.893
2023-08-17,2119.32,2119.32,2047.14,2081.93,384000,2142.628,2261.725,2320.539,26.571,-57.537,-38.387,-19.15,2261.725,2442.872,2080.578
2023-08-18,2061.92,2080.19,2055.84,2068.01,311200,2122.452,2248.42,2313.703,25.61,-63.433,-43.396,-20.037,2248.42,2445.563,2051.276
2023-08-21,2081.93,2108.02,2075.84,2090.62,379100,2104.536,2236.462,2308.416,30.038,-65.526,-47.822,-17.704,2236.462,2441.676,2031.248
2023-08-22,2091.49,2099.32,2078.45,2099.32,270400,2091.666,2224.33,2302.537,31.722,-65.725,-51.403,-14.322,2224.33,2431.96,2016.701
2023-08-23,2078.45,2095.84,2074.97,2094.97,148900,2086.97,2213.199,2296.067,31.316,-65.479,-54.218,-11.261,2213.199,2423.626,2002.772
2023-08-24,2102.8,2114.97,2094.1,2105.41,142400,2091.666,2202.85,2289.284,33.515,-63.707,-56.116,-7.591,2202.85,2413.098,1992.603
2023-08-25,2087.14,2108.02,2074.1,2098.45,176600,2097.754,2191.676,2282.692,32.762,-62.148,-57.322,-4.826,2191.676,2399.007,1984.344
2023-08-28,2112.36,2114.97,2098.45,2104.54,168700,2100.538,2182.153,2276.709,34.156,-59.732,-57.804,-1.928,2182.153,2386.984,1977.322
2023-08-29,2109.75,2129.76,2107.15,2127.15,188600,2106.104,2171.761,2270.795,39.196,-55.355,-57.314,1.959,2171.761,2364.687,1978.835
2023-08-30,2127.15,2145.41,2124.54,2128.02,202300,2112.714,2160.456,2265.16,39.389,-51.226,-56.097,4.871,2160.456,2333.904,1987.008
2023-08-31,2128.89,2134.97,2110.62,2114.1,234500,2114.452,2148.498,2258.986,37.353,-48.517,-54.581,6.064,2148.498,2297.187,1999.809
2023-09-01,2126.28,2132.37,2120.19,2120.19,130000,2118.8,2138.366,2253.037,38.842,-45.356,-52.736,7.379,2138.366,2262.654,2014.079
2023-09-04,2127.15,2137.58,2122.8,2124.54,191500,2122.8,2127.235,2247.715,39.94,-42.016,-50.592,8.576,2127.235,2203.309,2051.161
2023-09-05,2120.19,2128.02,2101.93,2112.36,214200,2119.842,2122.93,2242.619,37.889,-39.892,-48.452,8.56,2122.93,2191.397,2054.463
2023-09-06,2101.06,2121.93,2098.45,2113.23,241000,2116.884,2120.321,2237.627,38.133,-37.704,-46.302,8.599,2120.321,2185.888,2054.754
2023-09-07,2112.36,2113.23,2099.32,2104.54,211000,2114.972,2115.929,2233.209,36.585,-36.253,-44.292,8.04,2115.929,2172.297,2059.562
2023-09-08,2097.58,2110.62,2081.06,2083.67,276500,2107.668,2111.668,2227.278,33.108,-36.367,-42.707,6.34,2111.668,2163.913,2059.424
2023-09-11,2087.14,2109.75,2071.49,2081.06,187600,2098.972,2106.712,2222.182,32.689,-36.251,-41.416,5.165,2106.712,2149.543,2063.88
2023-09-12,2081.06,2112.36,2081.06,2106.28,156500,2097.756,2103.842,2217.782,40.513,-33.735,-39.88,6.145,2103.842,2137.262,2070.422
2023-09-13,2106.28,2114.97,2088.88,2095.84,145600,2094.278,2102.712,2212.599,38.517,-32.212,-38.346,6.134,2102.712,2135.576,2069.847
2023-09-14,2097.58,2108.02,2092.36,2098.45,155600,2093.06,2103.538,2207.99,39.322,-30.444,-36.766,6.322,2103.538,2135.003,2072.072
2023-09-15,2113.23,2126.28,2108.02,2117.58,344300,2099.842,2106.016,2204.094,45.004,-27.185,-34.85,7.664,2106.016,2133.219,2078.813
2023-09-19,2112.36,2120.19,2099.32,2113.23,220100,2106.276,2107.146,2200.494,43.995,-24.67,-32.814,8.144,2107.146,2133.522,2080.771
2023-09-20,2119.32,2119.32,2089.75,2089.75,285700,2102.97,2106.668,2197.067,38.923,-24.291,-31.109,6.819,2106.668,2133.973,2079.363
2023-09-21,2089.75,2097.58,2074.1,2088.88,251000,2101.578,2106.364,2193.119,38.745,-23.786,-29.645,5.858,2106.364,2134.345,2078.382
2023-09-22,2078.45,2089.75,2074.97,2081.93,196700,2098.274,2105.189,2188.858,37.276,-23.674,-28.451,4.776,2105.189,2135.234,2075.145
2023-09-25,2112.36,2147.15,2102.8,2137.58,415400,2102.274,2107.146,2185.849,52.727,-18.878,-26.536,7.658,2107.146,2140.28,2074.012
2023-09-26,2131.5,2133.23,2114.1,2114.97,235500,2102.622,2107.668,2181.64,47.597,-16.708,-24.57,7.862,2107.668,2140.956,2074.379
2023-09-27,2096.71,2134.97,2091.49,2134.1,398600,2111.492,2108.015,2177.813,51.864,-13.292,-22.315,9.023,2108.015,2142.291,2073.739
2023-09-28,2126.99,2139.44,2101.19,2110.09,326100,2115.734,2107.118,2172.967,46.722,-12.379,-20.327,7.949,2107.118,2140.105,2074.132
2023-09-29,2110.09,2123.43,2096.74,2109.2,199400,2121.188,2106.874,2168.051,46.538,-11.594,-18.581,6.987,2106.874,2139.714,2074.033
2023-10-02,2107.42,2115.42,2056.71,2056.71,333700,2105.014,2103.699,2162.503,37.218,-15.034,-17.871,2.838,2103.699,2142.796,2064.603
2023-10-03,2058.49,2062.94,2037.14,2044.26,255600,2090.872,2099.686,2156.793,35.407,-18.551,-18.007,-0.543,2099.686,2145.653,2053.718
2023-10-04,2013.12,2041.59,2001.56,2030.91,301000,2070.234,2095.613,2150.572,33.523,-22.16,-18.838,-3.322,2095.613,2150.433,2040.793
2023-10-05,2030.91,2061.16,2029.13,2058.49,185000,2059.914,2092.876,2145.39,40.559,-22.535,-19.577,-2.958,2092.876,2149.431,2036.321
2023-10-06,2051.37,2066.5,2045.15,2058.49,166100,2049.772,2090.574,2140.312,40.559,-22.572,-20.176,-2.396,2090.574,2148.852,2032.295
2023-10-10,2060.27,2070.05,2053.15,2058.49,218000,2050.128,2089.314,2135.043,40.559,-22.343,-20.609,-1.734,2089.314,2149.284,2029.345
2023-10-11,2060.27,2061.16,2046.93,2046.93,146100,2050.662,2087.608,2130.082,38.43,-22.832,-21.054,-1.778,2087.608,2150.441,2024.775
2023-10-12,2041.59,2042.48,2022.02,2039.81,202200,2052.442,2084.285,2124.178,37.137,-23.523,-21.548,-1.975,2084.285,2149.928,2018.641
2023-10-13,2023.8,2027.35,1994.44,1998.89,233400,2040.522,2079.437,2117.073,30.735,-27.06,-22.65,-4.41,2079.437,2155.049,2003.825
2023-10-16,1980.21,2004.23,1978.43,1988.21,218500,2026.466,2073.925,2109.772,29.315,-30.375,-24.195,-6.18,2073.925,2159.161,1988.689
2023-10-17,2004.23,2020.24,1998.89,2018.46,221000,2018.46,2068.969,2103.685,38.047,-30.213,-25.399,-4.814,2068.969,2155.04,1982.898
2023-10-18,2026.47,2036.25,2012.23,2034.47,293100,2015.968,2065.031,2097.431,42.123,-28.464,-26.012,-2.453,2065.031,2149.772,1980.29
2023-10-19,2020.24,2052.26,2015.79,2044.26,375000,2016.858,2062.756,2094.347,44.526,-25.989,-26.007,0.018,2062.756,2147.146,1978.367
2023-10-20,2034.47,2051.37,2016.68,2036.25,220800,2024.33,2060.125,2091.764,42.955,-24.393,-25.684,1.292,2060.125,2144.366,1975.884
2023-10-23,2033.58,2043.37,2001.56,2009.56,257700,2028.6,2056.506,2088.108,38.126,-24.993,-25.546,0.553,2056.506,2142.992,1970.021
2023-10-24,2014.9,2050.48,2000.67,2044.26,271700,2033.76,2051.84,2085.615,46.54,-22.411,-24.919,2.508,2051.84,2129.531,1974.15
2023-10-25,2060.27,2068.28,2035.36,2038.03,328800,2034.472,2047.994,2082.772,45.348,-20.629,-24.061,3.432,2047.994,2119.928,1976.059
2023-10-26,2020.24,2032.69,2002.45,2006.01,195600,2026.822,2041.589,2079.619,39.716,-21.552,-23.559,2.007,2041.589,2103.331,1979.847
2023-10-27,2006.01,2021.13,1994.44,2021.13,206700,2023.798,2037.141,2077.672,43.297,-20.824,-23.012,2.188,2037.141,2090.33,1983.952
2023-10-30,2001.56,2001.56,1964.19,1973.98,519100,2016.682,2030.38,2075.513,36.096,-23.777,-23.165,-0.612,2030.38,2079.199,1981.561
2023-10-31,1979.32,2030.02,1978.43,2026.47,354100,2013.124,2028.868,2074.682,46.72,-21.632,-22.859,1.226,2028.868,2076.1,1981.636
2023-11-01,2040.7,2043.37,2022.02,2022.91,307800,2010.1,2027.8,2073.328,46.159,-19.99,-22.285,2.295,2027.8,2074.531,1981.07
2023-11-02,2039.81,2076.28,2030.02,2070.94,446500,2023.086,2029.802,2072.761,54.151,-14.644,-20.757,6.113,2029.802,2080.365,1979.239
2023-11-06,2106.53,2110.09,2071.83,2075.39,365400,2033.938,2030.647,2072.369,54.82,-9.933,-18.592,8.659,2030.647,2083.73,1977.564
2023-11-07,2055.82,2072.72,2046.93,2071.83,315700,2053.508,2031.314,2071.697,54.14,-6.413,-16.156,9.743,2031.314,2086.176,1976.452
2023-11-08,2075.39,2100.3,2063.83,2094.07,525500,2067.028,2033.093,2071.61,57.675,-1.809,-13.287,11.478,2033.093,2093.675,1972.511
2023-11-09,2099.41,2099.41,2039.81,2061.16,294300,2074.678,2033.805,2070.742,51.364,-0.805,-10.79,9.985,2033.805,2095.396,1972.213
2023-11-10,2059.38,2060.27,2028.24,2057.6,294000,2072.01,2034.694,2069.351,50.718,-0.294,-8.691,8.397,2034.694,2097.159,1972.229
2023-11-13,2013.12,2080.73,2011.34,2056.71,264000,2068.274,2037.585,2067.925,50.547,0.039,-6.945,6.984,2037.585,2098.403,1976.767
2023-11-14,2063.83,2081.62,2060.27,2062.05,237500,2066.318,2041.277,2066.884,51.603,0.725,-5.411,6.136,2041.277,2098.322,1984.232
2023-11-15,2076.28,2089.63,2064.72,2082.51,204000,2064.006,2044.48,2066.13,55.522,2.886,-3.752,6.638,2044.48,2103.295,1985.664
2023-11-16,2076.28,2078.95,2030.02,2031.8,211900,2058.134,2044.346,2064.276,45.654,0.502,-2.901,3.403,2044.346,2103.27,1985.422
2023-11-17,2028.24,2049.59,2018.46,2046.93,200500,2056.0,2044.48,2062.967,48.59,-0.165,-2.354,2.189,2044.48,2103.414,1985.545
2023-11-20,2068.28,2074.5,2052.26,2064.72,200800,2057.602,2045.903,2061.997,51.882,0.733,-1.736,2.47,2045.903,2105.374,1986.432
2023-11-21,2058.49,2097.63,2058.49,2090.51,268700,2063.294,2049.95,2061.716,56.254,3.486,-0.692,4.178,2049.95,2110.022,1989.879
2023-11-22,2094.96,2134.1,2090.51,2125.21,402200,2071.834,2053.998,2062.547,61.345,8.371,1.121,7.25,2053.998,2122.739,1985.257
2023-11-24,2140.33,2143.0,2102.97,2106.53,192500,2086.78,2057.423,2063.056,57.468,10.613,3.019,7.594,2057.423,2129.556,1985.29
2023-11-27,2115.42,2133.21,2097.63,2102.97,145000,2097.988,2062.271,2062.99,56.732,11.965,4.808,7.156,2062.271,2132.872,1991.67
2023-11-28,2102.97,2104.75,2082.51,2097.63,154800,2104.57,2066.096,2063.026,55.583,12.461,6.339,6.122,2066.096,2135.592,1996.6
2023-11-29,2106.53,2159.01,2102.97,2159.01,362000,2118.27,2075.348,2064.237,64.49,17.604,8.592,9.013,2075.348,2142.433,2008.262
2023-11-30,2161.68,2177.69,2126.1,2150.12,538200,2123.252,2081.53,2064.888,62.534,20.724,11.018,9.706,2081.53,2152.337,2010.723
2023-12-01,2149.23,2157.23,2118.09,2122.54,352800,2126.454,2086.511,2065.074,56.78,20.733,12.961,7.771,2086.511,2153.889,2019.134
2023-12-04,2126.1,2141.22,2107.42,2129.66,257000,2131.792,2089.448,2065.872,57.858,21.071,14.583,6.488,2089.448,2159.049,2019.846
2023-12-05,2126.99,2148.34,2119.87,2134.99,226800,2139.264,2092.428,2066.795,58.689,21.521,15.971,5.55,2092.428,2164.553,2020.302
2023-12-06,2142.11,2145.67,2127.88,2135.88,193800,2134.638,2095.63,2067.874,58.835,21.699,17.116,4.583,2095.63,2169.569,2021.691
2023-12-07,2130.55,2146.56,2121.65,2137.66,190700,2132.146,2097.81,2067.875,59.145,21.733,18.04,3.694,2097.81,2174.088,2021.531
2023-12-08,2118.09,2125.21,2063.83,2078.95,418600,2123.428,2098.699,2067.155,46.638,16.829,17.798,-0.968,2098.699,2173.58,2023.818
2023-12-11,2078.95,2099.41,2067.39,2096.74,230400,2116.844,2100.656,2066.408,50.083,14.214,17.081,-2.867,2100.656,2173.018,2028.294
2023-12-12,2098.52,2108.31,2075.39,2082.51,133700,2106.348,2101.946,2065.856,47.444,10.868,15.838,-4.97,2101.946,2171.889,2032.003
2023-12-13,2099.41,2120.76,2094.07,2115.42,208800,2102.256,2104.614,2065.98,53.54,10.748,14.82,-4.072,2104.614,2172.18,2037.049
2023-12-14,2126.1,2149.23,2105.64,2118.98,249300,2098.52,2106.438,2067.226,54.159,10.816,14.019,-3.204,2106.438,2173.458,2039.418
2023-12-15,2118.09,2120.76,2076.28,2084.29,489700,2099.588,2109.062,2068.026,47.512,7.978,12.811,-4.833,2109.062,2167.313,2050.812
2023-12-18,2063.83,2086.07,2059.38,2080.73,174400,2096.386,2110.752,2069.023,46.877,5.38,11.325,-5.945,2110.752,2163.073,2058.432
2023-12-19,2092.29,2096.74,2076.28,2086.96,147400,2097.276,2111.864,2069.592,48.183,3.78,9.816,-6.036,2111.864,2160.908,2062.821
2023-12-20,2084.29,2089.63,2072.72,2072.72,194500,2088.736,2110.975,2069.877,45.432,1.348,8.122,-6.775,2110.975,2162.244,2059.706
2023-12-21,2058.49,2081.62,2051.37,2077.17,147500,2080.374,2108.573,2070.25,46.461,-0.219,6.454,-6.673,2108.573,2161.509,2055.637
2023-12-22,2086.07,2100.3,2081.62,2086.07,135000,2080.73,2107.55,2071.033,48.55,-0.733,5.017,-5.75,2107.55,2161.434,2053.666
2023-12-25,2103.86,2103.86,2062.94,2062.94,133200,2077.172,2105.548,2071.496,43.77,-2.973,3.419,-6.392,2105.548,2163.004,2048.093
2023-12-26,2069.17,2077.17,2058.49,2068.28,179800,2073.436,2104.081,2072.884,45.114,-4.268,1.881,-6.15,2104.081,2163.841,2044.321
2023-12-27,2069.17,2086.07,2065.61,2085.18,218100,2075.928,2100.39,2074.823,49.247,-3.886,0.728,-4.614,2100.39,2154.74,2046.039
2023-12-28,2066.5,2080.73,2061.16,2080.73,118200,2076.64,2096.92,2076.068,48.217,-3.897,-0.197,-3.7,2096.92,2146.558,2047.282
2023-12-29,2081.62,2104.75,2081.62,2100.3,183600,2079.486,2095.808,2077.385,52.883,-2.301,-0.618,-1.683,2095.808,2144.005,2047.611
2024-01-04,2098.52,2148.34,2071.83,2146.56,408000,2096.21,2096.653,2079.431,61.674,2.667,0.039,2.628,2096.653,2147.849,2045.457
2024-01-05,2159.9,2164.35,2145.67,2158.12,327900,2114.178,2097.81,2081.868,63.506,7.45,1.521,5.929,2097.81,2153.499,2042.12
2024-01-09,2167.02,2194.6,2165.24,2186.59,321400,2134.46,2100.345,2085.409,67.613,13.384,3.894,9.491,2100.345,2166.892,2033.798
2024-01-10,2199.93,2206.16,2183.92,2196.38,220100,2157.59,2103.281,2088.451,68.908,18.662,6.847,11.815,2103.281,2181.003,2025.559
2024-01-11,2206.16,2226.62,2190.15,2208.83,389700,2179.296,2109.775,2091.867,70.523,23.577,10.193,13.384,2109.775,2199.685,2019.865
2024-01-12,2223.95,2226.62,2182.14,2196.38,234500,2189.26,2114.757,2095.675,66.787,26.167,13.388,12.779,2114.757,2212.341,2017.173
2024-01-15,2215.06,2215.06,2204.38,2212.39,42000,2200.114,2121.251,2099.5,69.057,29.174,16.545,12.629,2121.251,2226.764,2015.738
2024-01-16,2215.06,2238.19,2204.38,2224.84,326100,2207.764,2126.722,2104.517,70.733,32.191,19.675,12.517,2126.722,2241.869,2011.575
2024-01-17,2235.52,2254.2,2224.84,2230.18,238400,2214.524,2132.282,2108.591,71.447,34.614,22.662,11.952,2132.282,2256.256,2008.308
2024-01-18,2240.85,2253.31,2235.52,2251.53,226100,2223.064,2140.644,2113.164,74.161,37.821,25.694,12.127,2140.644,2273.248,2008.04
2024-01-19,2255.09,2274.66,2220.39,2231.96,329900,2230.18,2148.206,2116.384,67.799,38.342,28.224,10.118,2148.206,2283.641,2012.77
2024-01-22,2247.08,2256.87,2231.07,2253.31,198200,2238.364,2156.523,2119.943,70.747,40.016,30.582,9.433,2156.523,2296.479,2016.567
2024-01-23,2253.31,2258.65,2227.51,2238.19,196500,2241.034,2164.797,2123.27,66.129,39.665,32.399,7.266,2164.797,2303.451,2026.142
2024-01-24,2240.85,2247.97,2215.06,2222.17,155500,2239.432,2172.046,2125.832,61.545,37.66,33.451,4.209,2172.046,2306.509,2037.584
2024-01-25,2228.4,2259.54,2228.4,2254.2,233300,2239.966,2180.453,2129.693,66.539,38.215,34.404,3.812,2180.453,2313.296,2047.61
2024-01-26,2254.2,2280.0,2241.74,2262.2,251300,2246.014,2190.416,2133.785,67.669,38.853,35.294,3.559,2190.416,2315.831,2065.001
2024-01-29,2262.2,2280.0,2262.2,2272.88,214400,2249.928,2200.646,2138.108,69.165,39.762,36.187,3.575,2200.646,2317.177,2084.115
2024-01-30,2284.44,2284.44,2268.43,2276.44,164500,2257.578,2210.209,2142.396,69.669,40.305,37.011,3.294,2210.209,2317.898,2102.52
2024-01-31,2266.65,2266.65,2241.74,2256.87,182800,2264.518,2219.016,2145.883,63.523,38.71,37.351,1.359,2219.016,2309.566,2128.466
2024-02-01,2249.75,2257.76,2234.63,2238.19,202800,2261.316,2225.91,2150.011,58.242,35.529,36.986,-1.457,2225.91,2297.392,2154.429
2024-02-02,2239.07,2265.76,2235.52,2245.3,154400,2257.936,2230.848,2153.978,59.618,33.199,36.229,-3.03,2230.848,2292.171,2169.524
2024-02-05,2263.98,2271.1,2245.3,2245.3,170300,2252.42,2235.206,2157.59,59.618,30.995,35.182,-4.187,2235.206,2286.304,2184.109
2024-02-06,2242.63,2271.1,2222.17,2266.65,169600,2250.462,2239.21,2161.113,63.776,30.618,34.269,-3.651,2239.21,2286.686,2191.733
2024-02-07,2267.54,2274.66,2231.96,2231.96,133800,2245.48,2240.988,2163.248,54.04,27.207,32.857,-5.65,2240.988,2284.181,2197.796
2024-02-08,2226.62,2238.19,2209.72,2223.06,281200,2242.454,2241.7,2165.578,51.854,23.514,30.988,-7.474,2241.7,2283.093,2200.307
2024-02-09,2208.83,2215.95,2190.15,2194.6,283900,2232.314,2241.611,2167.411,45.511,18.083,28.407,-10.324,2241.611,2283.42,2199.802
2024-02-13,2221.28,2231.96,2168.8,2180.36,510300,2219.326,2240.01,2169.065,42.697,12.485,25.223,-12.737,2240.01,2288.458,2191.561
2024-02-14,2176.8,2176.8,2134.99,2158.12,273900,2197.62,2236.674,2169.048,38.675,6.183,21.415,-15.231,2236.674,2297.202,2176.145
2024-02-15,2161.68,2161.68,2110.98,2121.65,251900,2175.558,2231.247,2168.478,33.158,-1.734,16.785,-18.519,2231.247,2310.722,2151.772
2024-02-16,2121.65,2161.68,2118.98,2148.34,253000,2160.614,2226.088,2168.994,39.913,-5.788,12.271,-18.058,2226.088,2313.062,2139.113
2024-02-19,2142.11,2169.69,2141.22,2158.12,309000,2153.318,2222.395,2169.563,42.217,-8.118,8.193,-16.311,2222.395,2314.442,2130.349
2024-02-20,2168.8,2170.58,2134.99,2144.78,278700,2146.202,2216.969,2169.759,39.966,-10.915,4.371,-15.286,2216.969,2314.003,2119.935
2024-02-21,2165.24,2167.02,2151.01,2160.79,173400,2146.736,2213.099,2170.257,43.837,-11.705,1.156,-12.861,2213.099,2312.709,2113.489
2024-02-22,2168.8,2181.25,2153.68,2172.36,322800,2156.878,2210.608,2170.951,46.52,-11.268,-1.329,-9.939,2210.608,2311.742,2109.475
2024-02-26,2176.8,2190.15,2161.68,2169.69,182300,2161.148,2206.383,2172.766,45.975,-11.009,-3.265,-7.745,2206.383,2306.908,2105.858
2024-02-27,2173.25,2179.47,2145.67,2159.9,214900,2161.504,2201.268,2174.029,43.938,-11.463,-4.904,-6.558,2201.268,2300.233,2102.303
2024-02-28,2161.68,2191.93,2161.68,2181.25,206900,2168.798,2196.687,2176.004,49.22,-9.984,-5.92,-4.064,2196.687,2290.017,2103.356
2024-02-29,2183.92,2206.16,2183.92,2196.38,235000,2175.916,2192.684,2177.623,52.627,-7.505,-6.237,-1.268,2192.684,2278.147,2107.22
2024-03-01,2220.39,2298.68,2211.5,2288.0,510500,2199.044,2194.24,2181.004,67.043,1.832,-4.623,6.455,2194.24,2285.559,2102.921
2024-03-04,2276.44,2276.44,2204.38,2211.5,433500,2207.406,2192.906,2183.548,52.639,3.023,-3.094,6.117,2192.906,2282.279,2103.532
2024-03-05,2206.16,2213.28,2179.47,2202.6,188800,2215.946,2190.77,2185.985,51.259,3.212,-1.833,5.045,2190.77,2276.854,2104.687
2024-03-06,2188.37,2215.06,2177.69,2202.6,206800,2220.216,2188.636,2188.298,51.259,3.324,-0.801,4.125,2188.636,2271.065,2106.206
2024-03-07,2199.04,2211.5,2188.37,2197.26,215700,2220.392,2185.166,2190.789,50.341,2.948,-0.052,2.999,2185.166,2259.181,2111.151
2024-03-08,2184.81,2221.28,2184.81,2204.38,144000,2203.668,2183.787,2193.333,51.586,3.187,0.596,2.591,2183.787,2255.11,2112.464
2024-03-11,2205.27,2215.06,2179.47,2192.82,149900,2199.932,2182.275,2195.468,49.419,2.416,0.96,1.456,2182.275,2251.339,2113.211
2024-03-12,2200.82,2336.04,2194.6,2327.14,486000,2224.84,2188.902,2200.752,66.846,12.5,3.268,9.232,2188.902,2283.618,2094.186
2024-03-13,2336.04,2374.29,2311.13,2367.17,476200,2257.754,2198.242,2206.73,70.147,23.451,7.305,16.146,2198.242,2321.85,2074.635
2024-03-14,2349.38,2356.5,2293.34,2306.68,305700,2279.638,2205.67,2211.16,60.366,26.938,11.231,15.707,2205.67,2336.755,2074.586
2024-03-15,2321.81,2363.62,2314.69,2350.27,335900,2308.816,2217.101,2216.551,64.236,32.84,15.553,17.287,2217.101,2356.918,2077.285
2024-03-18,2373.4,2415.21,2369.84,2397.42,360500,2349.736,2229.556,2222.493,67.888,40.852,20.613,20.239,2229.556,2386.862,2072.249
2024-03-19,2400.98,2435.67,2396.53,2422.33,264300,2368.774,2242.766,2228.009,69.652,48.65,26.22,22.43,2242.766,2418.151,2067.381
2024-03-21,2425.89,2449.02,2395.64,2405.43,385300,2376.426,2255.798,2232.955,66.965,52.857,31.548,21.31,2255.798,2439.084,2072.513
2024-03-22,2428.56,2439.23,2400.98,2425.0,258100,2400.09,2269.009,2237.723,68.481,57.112,36.661,20.452,2269.009,2461.326,2076.692
2024-03-25,2419.66,2420.55,2379.63,2382.3,233700,2406.496,2279.506,2241.441,61.815,56.389,40.606,15.783,2279.506,2472.528,2086.484
2024-03-26,2382.3,2404.54,2367.17,2398.31,254000,2406.674,2290.937,2245.231,63.259,56.457,43.776,12.68,2290.937,2483.654,2098.22
2024-03-27,2426.78,2431.22,2411.65,2419.66,252700,2406.14,2303.925,2249.697,65.152,57.569,46.535,11.035,2303.925,2494.458,2113.392
2024-03-28,2415.12,2426.92,2363.37,2371.54,302900,2399.362,2313.439,2252.88,57.91,53.947,48.017,5.929,2313.439,2497.059,2129.82
2024-03-29,2390.61,2419.66,2383.34,2415.12,140500,2397.386,2324.376,2256.685,62.027,53.97,49.208,4.762,2324.376,2504.666,2144.087
2024-04-01,2437.82,2437.82,2398.78,2406.95,309800,2402.316,2330.324,2260.221,60.826,52.721,49.911,2.811,2330.324,2513.387,2147.261
2024-04-02,2406.04,2412.4,2369.72,2380.62,212600,2398.778,2338.78,2262.802,56.996,49.042,49.737,-0.695,2338.78,2514.197,2163.363
2024-04-03,2355.2,2389.7,2353.38,2376.99,192800,2390.244,2347.5,2265.703,56.468,45.311,48.852,-3.541,2347.5,2511.372,2183.627
2024-04-04,2391.51,2396.96,2358.83,2358.83,220700,2387.702,2355.311,2267.813,53.784,40.423,47.166,-6.743,2355.311,2504.321,2206.301
2024-04-05,2351.56,2357.92,2324.33,2344.3,205700,2373.538,2362.663,2269.936,51.668,34.973,44.727,-9.754,2362.663,2492.058,2233.268
2024-04-08,2364.28,2373.36,2347.02,2365.18,182700,2365.184,2370.703,2272.796,54.441,31.97,42.176,-10.205,2370.703,2476.523,2264.883
2024-04-09,2372.45,2401.5,2368.82,2401.5,248800,2369.36,2381.137,2275.742,58.864,32.151,40.171,-8.02,2381.137,2446.54,2315.734
2024-04-10,2406.95,2419.66,2384.25,2385.16,189800,2370.994,2384.038,2278.201,56.22,30.623,38.261,-7.639,2384.038,2444.302,2323.774
2024-04-11,2360.64,2360.64,2327.96,2345.21,176000,2368.27,2382.94,2279.648,50.274,25.889,35.787,-9.898,2382.94,2445.263,2320.617
2024-04-12,2349.75,2360.64,2332.5,2342.49,211800,2367.908,2384.73,2280.969,49.887,21.669,32.963,-11.294,2384.73,2439.418,2330.043
2024-04-15,2333.41,2334.31,2319.79,2325.23,151000,2359.918,2383.478,2282.336,47.395,16.738,29.718,-12.98,2383.478,2442.465,2324.492
2024-04-16,2301.63,2306.17,2273.48,2283.47,198500,2336.312,2377.781,2283.241,41.936,9.353,25.645,-16.292,2377.781,2451.317,2304.245
2024-04-17,2273.48,2287.1,2252.6,2268.03,170200,2312.886,2370.066,2283.696,40.097,2.229,20.962,-18.733,2370.066,2455.359,2284.773
2024-04-18,2278.93,2297.09,2278.02,2279.84,130400,2299.812,2363.786,2284.387,42.185,-2.436,16.283,-18.718,2363.786,2456.304,2271.269
2024-04-19,2277.11,2277.11,2215.37,2236.26,137200,2278.566,2354.35,2283.779,37.052,-9.539,11.118,-20.657,2354.35,2458.366,2250.333
2024-04-22,2260.77,2268.03,2248.97,2264.4,204200,2266.4,2348.454,2284.428,41.963,-12.751,6.344,-19.095,2348.454,2458.962,2237.947
2024-04-23,2269.85,2291.64,2263.49,2270.76,199100,2263.858,2342.077,2285.382,43.044,-14.615,2.152,-16.767,2342.077,2455.162,2228.992
2024-04-24,2259.86,2272.57,2221.73,2233.53,398800,2256.958,2332.77,2286.16,38.519,-18.879,-2.054,-16.825,2332.77,2449.548,2215.993
2024-04-25,2218.1,2237.16,2200.85,2225.36,321100,2246.062,2325.462,2287.06,37.585,-22.656,-6.174,-16.482,2325.462,2450.058,2200.865
2024-04-26,2203.57,2203.57,2173.61,2183.6,487300,2235.53,2313.886,2287.57,33.16,-28.688,-10.677,-18.011,2313.886,2446.19,2181.581
2024-04-30,2206.29,2212.65,2167.25,2188.14,391900,2220.278,2302.945,2288.9,34.069,-32.725,-15.087,-17.639,2302.945,2438.982,2166.908
2024-05-01,2188.14,2228.99,2168.16,2214.47,369400,2209.02,2294.638,2290.222,39.23,-33.415,-18.752,-14.663,2294.638,2430.995,2158.28
2024-05-02,2183.6,2197.21,2167.25,2177.24,402200,2197.762,2284.65,2290.605,35.052,-36.544,-22.311,-14.234,2284.65,2424.818,2144.482
2024-05-07,2177.24,2197.21,2169.07,2187.23,425000,2190.136,2276.07,2291.454,36.991,-37.783,-25.405,-12.378,2276.07,2418.114,2134.026
2024-05-08,2187.23,2187.23,2161.81,2161.81,292800,2185.778,2266.946,2291.474,34.194,-40.35,-28.394,-11.956,2266.946,2413.896,2119.995
2024-05-09,2176.33,2208.11,2174.52,2207.2,280400,2189.59,2259.046,2292.171,42.548,-38.281,-30.371,-7.91,2259.046,2400.65,2117.443
2024-05-10,2222.64,2262.59,2209.93,2257.14,512600,2198.124,2251.828,2293.92,50.061,-32.24,-30.745,-1.495,2251.828,2376.572,2127.085
2024-05-13,2416.03,2447.81,2299.81,2417.84,1645000,2246.244,2253.462,2299.079,65.634,-14.32,-27.46,13.14,2253.462,2386.162,2120.763
2024-05-14,2444.17,2538.6,2436.91,2529.52,836900,2314.702,2262.678,2306.044,72.137,8.792,-20.21,29.002,2262.678,2440.225,2085.131
2024-05-15,2542.23,2564.93,2498.65,2522.26,439700,2386.792,2271.666,2312.562,71.193,26.22,-10.924,37.144,2271.666,2481.494,2061.839
2024-05-16,2496.83,2534.97,2473.23,2495.02,368900,2444.356,2280.156,2316.702,67.621,37.403,-1.258,38.661,2280.156,2511.722,2048.59
2024-05-17,2487.76,2516.81,2479.58,2510.45,262300,2495.018,2291.505,2322.681,68.583,46.969,8.387,38.582,2291.505,2544.968,2038.042
2024-05-20,2513.18,2513.18,2477.77,2478.68,294000,2507.186,2302.038,2328.203,64.345,51.394,16.989,34.406,2302.038,2568.563,2035.512
2024-05-21,2478.68,2489.57,2445.08,2452.35,289700,2491.752,2310.663,2333.198,60.983,52.175,24.026,28.149,2310.663,2585.209,2036.117
2024-05-22,2442.36,2466.87,2435.1,2454.16,259500,2478.132,2321.558,2338.336,61.133,52.337,29.688,22.649,2321.558,2600.924,2042.192
2024-05-23,2469.6,2550.4,2468.69,2516.81,430500,2482.49,2334.178,2344.584,66.015,56.865,35.124,21.741,2334.178,2625.233,2043.124
2024-05-24,2499.56,2532.24,2499.56,2514.99,232300,2483.398,2346.39,2351.028,65.757,59.619,40.023,19.597,2346.39,2646.592,2046.188
2024-05-27,2524.07,2528.61,2494.11,2521.35,254000,2491.932,2360.781,2354.912,66.254,61.605,44.339,17.266,2360.781,2665.76,2055.802
2024-05-28,2514.99,2534.97,2514.99,2522.26,195900,2505.914,2375.626,2358.014,66.329,62.532,47.978,14.554,2375.626,2681.751,2069.501
2024-05-29,2534.06,2557.67,2533.15,2539.51,226800,2522.984,2393.422,2362.67,67.797,63.921,51.166,12.755,2393.422,2693.872,2092.971
2024-05-30,2544.05,2602.16,2542.23,2591.26,363400,2537.874,2413.578,2367.49,71.771,68.409,54.615,13.794,2413.578,2710.105,2117.05
2024-05-31,2591.26,2619.41,2591.26,2603.06,380200,2555.488,2433.007,2371.603,72.602,72.087,58.109,13.978,2433.007,2725.499,2140.515
2024-06-03,2614.87,2615.77,2568.56,2582.18,329800,2567.654,2453.254,2374.8,68.748,72.482,60.984,11.498,2453.254,2726.637,2179.871
2024-06-04,2567.65,2594.89,2553.13,2593.08,291100,2581.818,2473.546,2378.553,69.654,72.834,63.354,9.481,2473.546,2722.99,2224.103
2024-06-05,2607.6,2645.74,2590.35,2623.95,315400,2598.706,2496.654,2382.532,72.118,74.743,65.632,9.111,2496.654,2707.075,2286.232
2024-06-06,2634.84,2654.82,2593.08,2599.43,181600,2600.34,2516.265,2386.875,67.434,73.431,67.192,6.239,2516.265,2681.32,2351.21
2024-06-07,2593.08,2623.95,2593.08,2600.34,159900,2599.796,2533.425,2390.915,67.518,71.639,68.081,3.558,2533.425,2648.99,2417.86
2024-06-10,2601.25,2625.76,2593.08,2595.8,162200,2602.52,2542.323,2394.438,66.592,69.056,68.276,0.78,2542.323,2647.339,2437.307
2024-06-11,2587.63,2601.25,2578.55,2583.09,129100,2600.522,2545.002,2398.669,63.947,65.231,67.667,-2.436,2545.002,2651.367,2438.636
2024-06-12,2609.42,2625.76,2556.76,2556.76,187100,2587.084,2546.726,2401.502,58.742,59.391,66.012,-6.621,2546.726,2652.657,2440.796
2024-06-13,2588.54,2591.26,2564.02,2568.56,178100,2580.91,2550.404,2404.734,60.301,55.08,63.826,-8.745,2550.404,2653.853,2446.954
2024-06-14,2589.45,2656.63,2589.45,2633.93,338800,2587.628,2556.578,2409.8,67.607,56.29,62.318,-6.029,2556.578,2664.624,2448.531
2024-06-17,2613.05,2625.76,2586.72,2598.52,150900,2588.172,2562.57,2414.231,61.053,53.771,60.609,-6.838,2562.57,2665.603,2459.536
2024-06-18,2605.79,2649.37,2599.43,2645.74,234900,2600.702,2572.239,2419.969,65.812,54.952,59.477,-4.526,2572.239,2667.742,2476.736
2024-06-19,2620.31,2663.9,2617.59,2617.59,205300,2612.868,2580.41,2425.435,61.024,53.005,58.183,-5.178,2580.41,2660.018,2500.803
2024-06-20,2617.59,2652.09,2617.59,2652.09,148300,2629.574,2587.174,2431.173,64.439,53.628,57.272,-3.644,2587.174,2667.017,2507.332
2024-06-21,2657.54,2712.92,2655.72,2661.17,464800,2635.022,2594.484,2436.366,65.301,54.229,56.663,-2.434,2594.484,2673.259,2515.708
2024-06-24,2673.88,2688.41,2632.12,2637.57,384700,2642.832,2600.294,2441.415,61.153,52.199,55.77,-3.571,2600.294,2673.29,2527.299
2024-06-25,2638.47,2723.82,2638.47,2712.92,289500,2656.268,2609.828,2448.769,68.116,56.025,55.821,0.204,2609.828,2689.415,2530.24
2024-06-26,2722.0,2737.44,2712.92,2732.9,290400,2679.33,2619.497,2456.577,69.668,59.978,56.653,3.325,2619.497,2709.432,2529.562
2024-06-27,2728.36,2760.14,2719.28,2737.44,346700,2696.4,2626.806,2464.821,70.026,62.753,57.873,4.881,2626.806,2729.879,2523.733
2024-06-28,2751.06,2778.3,2741.98,2751.06,317000,2714.378,2634.206,2474.173,71.124,65.299,59.358,5.941,2634.206,2750.503,2517.909
2024-07-01,2751.06,2764.68,2723.82,2755.6,332000,2737.984,2642.877,2483.924,71.499,66.912,60.869,6.043,2642.877,2768.34,2517.414
2024-07-02,2764.68,2769.22,2702.03,2721.1,294000,2739.62,2649.278,2492.75,64.631,64.661,61.627,3.034,2649.278,2777.085,2521.471
2024-07-03,2728.36,2737.44,2710.2,2723.82,224400,2737.804,2654.272,2502.501,64.917,62.377,61.777,0.6,2654.272,2785.666,2522.877
2024-07-04,2723.82,2732.9,2682.96,2717.46,176000,2733.808,2660.173,2511.562,63.621,59.37,61.296,-1.926,2660.173,2791.798,2528.548
2024-07-05,2723.82,2746.52,2720.19,2728.36,140800,2729.268,2666.574,2520.714,64.914,57.207,60.478,-3.271,2666.574,2798.399,2534.749
2024-07-08,2723.82,2751.06,2714.74,2728.36,143500,2723.82,2673.202,2530.611,64.914,54.86,59.354,-4.494,2673.202,2803.364,2543.04
2024-07-09,2711.11,2760.14,2711.11,2737.44,210100,2727.088,2680.92,2540.852,66.079,53.12,58.108,-4.987,2680.92,2806.818,2555.021
2024-07-10,2751.06,2755.6,2722.91,2741.98,217800,2730.72,2690.18,2552.02,66.674,51.514,56.789,-5.275,2690.18,2804.325,2576.036
2024-07-11,2751.06,2773.76,2722.91,2760.14,261100,2739.256,2699.76,2563.46,69.018,51.118,55.655,-4.537,2699.76,2802.516,2597.003
2024-07-12,2760.14,2782.84,2732.9,2732.9,187600,2740.164,2704.708,2573.828,61.978,48.051,54.134,-6.083,2704.708,2803.575,2605.841
2024-07-16,2751.06,2791.92,2751.06,2773.76,288100,2749.244,2713.47,2585.759,67.357,48.361,52.979,-4.619,2713.47,2803.367,2623.573
2024-07-17,2791.92,2823.69,2782.84,2796.46,296500,2761.048,2721.006,2597.943,69.904,49.863,52.356,-2.493,2721.006,2812.256,2629.756
2024-07-18,2778.3,2810.07,2737.44,2741.98,246200,2761.048,2727.226,2609.547,58.171,46.126,51.11,-4.984,2727.226,2804.716,2649.735
2024-07-19,2741.98,2741.98,2723.82,2737.44,150900,2756.508,2731.493,2620.152,57.308,42.31,49.35,-7.04,2731.493,2800.497,2662.489
2024-07-22,2737.44,2737.44,2693.86,2693.86,168700,2748.7,2733.127,2628.886,49.686,35.362,46.552,-11.191,2733.127,2796.431,2669.824
2024-07-23,2694.77,2720.19,2691.13,2708.39,165200,2735.626,2736.668,2634.697,51.979,30.674,43.377,-12.703,2736.668,2783.155,2690.182
2024-07-24,2688.41,2704.75,2662.99,2662.99,265200,2708.932,2734.172,2637.366,45.068,23.03,39.307,-16.277,2734.172,2790.375,2677.969
2024-07-25,2628.49,2679.33,2624.85,2665.71,248900,2693.678,2730.812,2640.235,45.535,16.996,34.845,-17.849,2730.812,2794.826,2666.799
2024-07-26,2650.28,2679.33,2641.2,2655.72,153600,2677.334,2726.726,2643.449,44.053,11.277,30.131,-18.854,2726.726,2798.874,2654.579
2024-07-29,2682.96,2703.85,2664.8,2693.86,100200,2677.334,2723.866,2647.118,50.656,9.711,26.047,-16.336,2723.866,2796.486,2651.247
2024-07-30,2701.12,2714.74,2682.05,2693.86,138200,2674.428,2720.78,2651.421,50.656,8.373,22.513,-14.139,2720.78,2792.967,2648.592
2024-07-31,2687.5,2719.28,2676.61,2712.92,317900,2684.414,2720.37,2656.633,53.816,8.75,19.76,-11.01,2720.37,2792.643,2648.098
2024-08-01,2684.78,2684.78,2602.16,2619.41,378500,2675.154,2715.15,2659.938,40.212,1.486,16.105,-14.619,2715.15,2800.308,2629.992
2024-08-02,2574.01,2594.89,2547.68,2575.83,390900,2659.176,2708.069,2661.118,35.685,-7.698,11.345,-19.043,2708.069,2813.548,2602.589
2024-08-05,2524.07,2524.07,2339.76,2378.8,637800,2596.164,2690.591,2658.394,23.05,-30.524,2.971,-33.495,2690.591,2871.084,2510.097
2024-08-06,2497.74,2582.18,2494.11,2536.78,426000,2564.748,2681.012,2658.703,41.068,-35.457,-4.714,-30.742,2681.012,2873.032,2488.991
2024-08-07,2491.39,2573.1,2483.22,2533.15,261100,2528.794,2670.797,2658.921,40.831,-39.207,-11.613,-27.594,2670.797,2871.707,2469.887
2024-08-08,2499.56,2545.86,2487.76,2520.44,225900,2509.0,2659.72,2658.539,39.963,-42.713,-17.833,-24.88,2659.72,2868.385,2451.055
2024-08-09,2565.84,2574.01,2514.99,2514.99,272600,2496.832,2647.462,2657.014,39.574,-45.407,-23.348,-22.059,2647.462,2860.054,2434.871
2024-08-13,2526.8,2545.86,2505.91,2525.89,327400,2526.25,2637.112,2655.47,40.814,-46.131,-27.904,-18.227,2637.112,2852.33,2421.894
2024-08-14,2525.89,2552.22,2455.07,2499.56,467500,2518.806,2623.402,2653.818,38.746,-48.273,-31.978,-16.295,2623.402,2836.896,2409.908
2024-08-15,2499.56,2560.39,2493.2,2540.42,239000,2520.26,2610.6,2652.765,43.527,-46.142,-34.811,-11.331,2610.6,2810.685,2410.515
2024-08-16,2564.02,2587.63,2522.26,2557.67,282200,2527.706,2601.384,2651.439,45.462,-42.57,-36.363,-6.207,2601.384,2792.781,2409.988
2024-08-19,2542.23,2580.37,2534.06,2542.23,164100,2533.154,2591.624,2650.295,44.009,-40.518,-37.194,-3.324,2591.624,2773.479,2409.769
2024-08-20,2565.84,2568.56,2548.59,2559.48,118900,2539.872,2584.905,2649.478,46.083,-37.073,-37.169,0.097,2584.905,2760.683,2409.127
2024-08-21,2547.68,2566.75,2521.35,2530.43,170600,2546.046,2576.007,2648.171,43.182,-36.268,-36.989,0.721,2576.007,2743.277,2408.737
2024-08-22,2524.98,2535.88,2517.72,2531.34,138900,2544.23,2569.424,2647.136,43.302,-35.152,-36.622,1.47,2569.424,2732.593,2406.256
2024-08-23,2524.07,2527.7,2482.31,2496.83,309500,2532.062,2560.98,2645.937,39.853,-36.63,-36.623,-0.006,2560.98,2720.61,2401.351
2024-08-26,2492.3,2509.55,2489.57,2505.01,163100,2524.618,2553.445,2644.666,41.051,-36.718,-36.642,-0.075,2553.445,2708.404,2398.486
2024-08-27,2496.83,2519.53,2483.22,2516.81,300200,2516.084,2544.592,2642.324,42.822,-35.427,-36.399,0.972,2544.592,2685.355,2403.83
2024-08-28,2506.82,2520.44,2496.83,2514.09,212800,2512.816,2535.604,2640.635,42.505,-34.229,-35.965,1.736,2535.604,2657.993,2413.215
2024-08-29,2496.83,2515.9,2474.14,2494.11,165900,2505.37,2524.663,2637.602,40.154,-34.494,-35.671,1.177,2524.663,2615.319,2434.008
2024-08-30,2494.11,2514.99,2479.58,2503.19,209100,2506.642,2518.852,2635.314,41.731,-33.584,-35.253,1.669,2518.852,2598.12,2439.585
2024-09-02,2531.34,2537.69,2500.47,2514.99,182800,2508.638,2515.81,2632.572,43.804,-31.547,-34.512,2.965,2515.81,2590.403,2441.218
2024-09-03,2516.81,2567.65,2516.81,2562.21,259400,2517.718,2524.981,2630.593,51.272,-25.825,-32.775,6.95,2524.981,2566.349,2483.613
2024-09-04,2531.34,2563.11,2531.34,2554.04,231100,2525.708,2525.844,2628.923,50.033,-21.699,-30.56,8.86,2525.844,2568.932,2482.756
2024-09-05,2550.4,2602.16,2545.86,2590.35,252700,2544.956,2528.704,2626.471,55.213,-15.323,-27.512,12.189,2528.704,2580.54,2476.868
2024-09-06,2606.7,2625.76,2568.56,2590.35,204300,2562.388,2532.2,2623.62,55.213,-10.153,-24.04,13.888,2532.2,2590.69,2473.709
2024-09-09,2551.31,2574.92,2530.43,2574.92,175700,2574.374,2535.196,2620.37,52.529,-7.217,-20.676,13.458,2535.196,2596.067,2474.325
2024-09-10,2574.92,2601.25,2573.1,2598.52,127000,2581.636,2538.828,2617.319,56.049,-2.952,-17.131,14.179,2538.828,2605.728,2471.927
2024-09-11,2598.52,2598.52,2543.14,2561.3,166100,2583.088,2541.914,2613.433,49.781,-2.547,-14.214,11.668,2541.914,2606.855,2476.974
2024-09-12,2596.71,2663.9,2596.71,2657.54,301100,2596.526,2547.77,2612.162,61.705,5.478,-10.276,15.754,2547.77,2630.758,2464.783
2024-09-13,2657.54,2677.51,2592.17,2598.52,320600,2598.16,2549.813,2609.656,53.341,6.994,-6.822,13.816,2549.813,2635.784,2463.842
2024-09-17,2614.87,2633.03,2591.26,2612.14,198400,2605.604,2553.308,2607.549,54.861,9.189,-3.62,12.808,2553.308,2643.56,2463.057
2024-09-18,2622.13,2643.92,2601.25,2620.31,132300,2609.962,2556.35,2605.388,55.792,11.455,-0.605,12.06,2556.35,2651.447,2461.253
2024-09-19,2646.65,2652.09,2626.67,2626.67,142700,2623.036,2561.162,2603.355,56.543,13.608,2.238,11.37,2561.162,2660.386,2461.938
2024-09-20,2626.67,2634.84,2596.71,2610.33,226700,2613.594,2565.112,2600.812,54.004,13.836,4.557,9.278,2565.112,2665.618,2464.605
2024-09-24,2613.96,2614.87,2564.02,2579.46,261800,2609.782,2569.243,2597.562,49.483,11.394,5.925,5.469,2569.243,2664.592,2473.894
2024-09-25,2579.46,2579.46,2530.43,2546.77,215700,2596.708,2571.331,2593.295,45.171,6.744,6.089,0.655,2571.331,2662.494,2480.168
2024-09-26,2572.19,2585.81,2552.22,2583.09,221800,2589.264,2574.645,2590.298,50.348,5.921,6.055,-0.134,2574.645,2662.211,2487.079
2024-09-27,2592.35,2607.16,2578.46,2593.27,300000,2582.584,2578.604,2586.689,51.724,6.02,6.048,-0.028,2578.604,2661.688,2495.52
2024-09-30,2534.02,2569.2,2522.91,2555.31,140300,2571.58,2581.664,2581.866,46.544,3.002,5.439,-2.437,2581.664,2655.655,2507.673
2024-10-01,2537.72,2558.09,2533.09,2555.31,157500,2566.75,2584.27,2578.132,46.544,0.602,4.472,-3.869,2584.27,2649.813,2518.727
2024-10-02,2546.06,2546.98,2527.54,2529.39,128400,2563.274,2584.99,2573.971,43.125,-3.352,2.907,-6.259,2584.99,2647.578,2522.402
2024-10-03,2570.13,2597.9,2555.31,2584.94,175600,2563.644,2586.126,2571.793,51.371,-1.98,1.929,-3.91,2586.126,2647.792,2524.461
2024-10-04,2584.94,2619.2,2583.09,2610.86,181900,2567.162,2588.967,2569.842,54.674,1.184,1.78,-0.596,2588.967,2649.636,2528.299
2024-10-07,2620.12,2627.53,2595.12,2607.16,175700,2577.532,2589.808,2568.726,54.109,3.355,2.095,1.26,2589.808,2651.021,2528.595
2024-10-08,2592.35,2606.24,2559.02,2582.16,183900,2582.902,2589.398,2567.055,50.325,3.023,2.281,0.742,2589.398,2650.705,2528.092
2024-10-09,2615.49,2619.2,2594.2,2602.53,189500,2597.53,2590.779,2565.991,53.197,4.354,2.696,1.658,2590.779,2651.956,2529.602
2024-10-10,2602.53,2615.49,2574.76,2584.94,205400,2597.53,2590.1,2563.812,50.483,3.944,2.945,0.999,2590.1,2651.217,2528.983
2024-10-11,2593.27,2598.83,2584.94,2588.64,162600,2593.086,2591.467,2561.708,51.049,3.872,3.131,0.742,2591.467,2651.076,2531.858
2024-10-15,2591.42,2609.94,2585.87,2596.05,186400,2590.864,2588.392,2559.371,52.226,4.364,3.377,0.986,2588.392,2639.371,2537.414
2024-10-16,2584.94,2624.75,2584.02,2584.02,155700,2591.236,2587.668,2558.663,50.119,3.739,3.45,0.289,2587.668,2638.451,2536.884
2024-10-17,2584.02,2621.05,2578.46,2616.42,253200,2594.014,2587.882,2559.475,55.345,5.792,3.918,1.874,2587.882,2639.134,2536.629
2024-10-18,2616.42,2627.53,2590.5,2603.46,142600,2597.718,2587.039,2563.968,52.955,6.3,4.394,1.906,2587.039,2636.572,2537.506
2024-10-21,2609.01,2616.42,2591.42,2609.94,203100,2601.978,2586.203,2565.431,54.024,7.143,4.944,2.199,2586.203,2633.428,2538.977
2024-10-22,2610.86,2615.49,2585.87,2596.98,232100,2602.164,2585.535,2566.708,51.503,6.689,5.293,1.396,2585.535,2631.69,2539.38
2024-10-23,2587.72,2600.68,2571.05,2572.91,152800,2599.942,2585.208,2567.757,47.107,4.337,5.102,-0.765,2585.208,2631.637,2538.778
2024-10-24,2559.94,2585.87,2557.17,2575.68,224800,2591.794,2586.653,2568.971,47.661,2.665,4.615,-1.949,2586.653,2629.722,2543.584
2024-10-25,2600.68,2600.68,2565.5,2570.13,154700,2585.128,2586.005,2569.856,46.608,0.882,3.868,-2.986,2586.005,2629.685,2542.325
2024-10-28,2555.31,2598.83,2555.31,2585.87,143800,2580.314,2585.635,2571.582,49.982,0.731,3.241,-2.509,2585.635,2629.181,2542.089
2024-10-29,2595.13,2613.64,2584.94,2610.86,190000,2583.09,2588.412,2572.991,54.86,2.598,3.112,-0.514,2588.412,2630.888,2545.937
2024-10-30,2617.35,2622.9,2601.61,2609.94,830500,2590.496,2591.144,2574.036,54.648,3.958,3.281,0.676,2591.144,2631.636,2550.652
2024-10-31,2610.86,2627.53,2600.68,2613.64,218200,2598.088,2595.356,2575.464,55.393,5.273,3.68,1.593,2595.356,2624.828,2565.885
2024-11-01,2596.98,2609.94,2584.02,2585.87,231600,2601.236,2595.403,2575.992,48.907,4.028,3.749,0.279,2595.403,2624.808,2565.998
2024-11-05,2585.87,2605.31,2578.46,2580.31,160100,2600.124,2593.876,2576.99,47.703,2.563,3.512,-0.949,2593.876,2623.073,2564.678
2024-11-06,2580.31,2604.38,2575.68,2576.61,157800,2593.274,2592.348,2577.895,46.875,1.091,3.028,-1.937,2592.348,2621.815,2562.881
2024-11-07,2572.91,2593.27,2562.72,2586.79,266000,2588.644,2592.58,2579.694,49.472,0.738,2.57,-1.832,2592.58,2621.781,2563.378
2024-11-08,2598.83,2605.31,2509.02,2510.87,368700,2568.09,2587.996,2579.811,35.527,-5.604,0.935,-6.539,2587.996,2634.354,2541.639
2024-11-11,2495.13,2508.1,2444.21,2484.95,378900,2547.906,2582.997,2579.174,32.191,-12.577,-1.767,-10.809,2582.997,2648.398,2517.596
2024-11-12,2499.76,2541.43,2499.76,2539.57,217600,2539.758,2580.544,2579.684,44.103,-13.539,-4.122,-9.417,2580.544,2648.678,2512.409
2024-11-13,2523.84,2526.61,2483.1,2491.43,286900,2522.722,2575.312,2579.63,37.8,-17.979,-6.893,-11.086,2575.312,2653.723,2496.902
2024-11-14,2482.17,2534.95,2470.14,2523.84,205200,2510.132,2572.304,2580.043,43.64,-18.667,-9.248,-9.419,2572.304,2653.863,2490.744
2024-11-15,2523.84,2528.46,2493.28,2503.47,236700,2508.652,2566.656,2579.813,41.032,-20.618,-11.522,-9.096,2566.656,2650.95,2482.362
2024-11-18,2499.76,2527.54,2492.36,2513.65,189600,2514.392,2562.166,2578.842,42.869,-21.1,-13.438,-7.663,2562.166,2647.762,2476.569
2024-11-19,2517.35,2545.13,2517.35,2534.02,242900,2513.282,2558.37,2578.441,46.464,-19.612,-14.673,-4.94,2558.37,2641.751,2474.988
2024-11-20,2527.54,2650.68,2522.91,2636.79,431600,2542.354,2560.36,2579.37,60.102,-10.025,-13.743,3.718,2560.36,2649.335,2471.385
2024-11-21,2644.19,2668.27,2588.64,2593.27,279400,2556.24,2561.378,2579.428,53.846,-5.871,-12.169,6.298,2561.378,2651.417,2471.339
2024-11-22,2597.9,2612.72,2583.09,2594.2,135300,2574.386,2562.304,2579.814,53.956,-2.475,-10.23,7.755,2562.304,2653.338,2471.27
2024-11-25,2628.46,2661.79,2620.12,2638.64,415800,2599.384,2565.73,2580.616,58.998,3.759,-7.432,11.191,2565.73,2662.949,2468.51
2024-11-26,2638.64,2659.01,2634.01,2657.16,192300,2624.012,2569.294,2582.534,60.919,10.077,-3.93,14.007,2569.294,2674.521,2464.067
2024-11-27,2656.23,2657.16,2612.72,2640.49,151800,2624.752,2570.776,2582.193,58.273,13.583,-0.428,14.011,2570.776,2679.251,2462.3
2024-11-28,2638.64,2643.27,2609.94,2617.35,127200,2629.568,2571.146,2582.569,54.72,14.329,2.524,11.805,2571.146,2680.233,2462.059
2024-11-29,2617.35,2618.27,2596.98,2600.68,94400,2630.864,2570.498,2582.34,52.249,13.42,4.703,8.717,2570.498,2678.673,2462.323
2024-12-02,2573.83,2599.75,2550.69,2585.87,244800,2620.31,2570.498,2581.651,50.084,11.374,6.037,5.337,2570.498,2678.673,2462.323
2024-12-03,2583.09,2611.79,2567.35,2595.13,257800,2607.904,2571.239,2581.02,51.439,10.38,6.906,3.474,2571.239,2679.898,2462.58
2024-12-04,2589.57,2627.53,2578.46,2607.16,152100,2601.238,2572.766,2580.957,53.215,10.442,7.613,2.829,2572.766,2682.597,2462.936
2024-12-05,2593.27,2644.19,2593.27,2639.57,224300,2605.682,2575.406,2582.159,57.703,12.958,8.682,4.276,2575.406,2689.122,2461.689
2024-12-06,2638.64,2653.45,2606.24,2622.9,254200,2610.126,2581.007,2583.682,54.792,13.451,9.636,3.815,2581.007,2692.351,2469.663
2024-12-09,2610.86,2650.68,2603.46,2636.79,262600,2620.31,2588.599,2584.756,56.75,14.792,10.667,4.125,2588.599,2692.845,2484.353
2024-12-10,2646.97,2646.97,2587.72,2598.83,348400,2621.05,2591.562,2584.867,50.333,12.646,11.063,1.583,2591.562,2693.279,2489.845
2024-12-11,2598.83,2654.38,2598.83,2624.75,400000,2624.568,2598.228,2586.256,54.146,12.889,11.428,1.461,2598.228,2689.224,2507.232
2024-12-12,2647.9,2708.08,2632.16,2673.82,486200,2631.418,2605.727,2588.626,60.351,16.846,12.512,4.334,2605.727,2695.624,2515.83
2024-12-13,2652.53,2718.26,2647.9,2708.08,279500,2648.454,2615.958,2592.2,64.013,22.487,14.507,7.981,2615.958,2703.393,2528.522
2024-12-16,2703.45,2999.72,2681.23,2925.65,1504700,2706.226,2636.558,2599.014,77.944,44.007,20.407,23.6,2636.558,2790.979,2482.136
2024-12-17,2962.68,3175.63,2907.13,3096.93,2691300,2805.846,2664.703,2608.735,83.394,74.029,31.131,42.898,2664.703,2915.535,2413.871
2024-12-18,3129.33,3138.59,2939.54,2948.8,1227200,2870.656,2680.304,2615.568,67.792,84.891,41.883,43.007,2680.304,2960.874,2399.733
2024-12-19,2897.87,3004.35,2897.87,2967.31,506300,2929.354,2699.006,2623.271,68.583,93.909,52.288,41.621,2699.006,3003.955,2394.056
2024-12-20,2944.17,2944.17,2833.07,2874.73,685800,2962.684,2713.032,2628.715,60.571,92.52,60.335,32.185,2713.032,3023.441,2402.623
2024-12-23,2870.1,2902.5,2805.29,2851.58,514300,2947.87,2723.679,2634.048,58.724,88.53,65.974,22.556,2723.679,3037.929,2409.429
2024-12-24,2865.47,2865.47,2823.81,2837.7,160700,2896.024,2732.706,2639.029,57.59,83.288,69.437,13.851,2732.706,3049.274,2416.138
2024-12-25,2842.32,2879.36,2782.14,2828.44,475100,2871.952,2742.104,2643.677,56.801,77.493,71.048,6.445,2742.104,3058.304,2425.903
2024-12-26,2846.95,2874.73,2833.07,2851.58,228000,2848.806,2753.815,2649.028,58.336,73.916,71.621,2.294,2753.815,3067.904,2439.726
2024-12-27,2851.58,2888.62,2833.07,2856.21,213000,2845.102,2766.592,2653.824,58.652,70.64,71.425,-0.785,2766.592,3075.193,2457.99
2024-12-30,2846.95,2851.58,2796.03,2823.81,174600,2839.548,2778.488,2658.231,55.477,64.684,70.077,-5.393,2778.488,3075.898,2481.079
2025-01-06,2800.66,2814.55,2755.3,2757.15,429900,2823.438,2786.59,2661.175,49.534,53.963,66.854,-12.891,2786.59,3071.535,2501.644
2025-01-07,2775.66,2814.55,2761.78,2770.11,338400,2811.772,2794.737,2664.638,50.641,45.982,62.68,-16.698,2794.737,3067.122,2522.352
2025-01-08,2770.11,2770.11,2728.45,2730.3,365700,2787.516,2799.274,2667.786,47.215,36.029,57.35,-21.32,2799.274,3063.683,2534.864
2025-01-09,2727.52,2734.93,2689.56,2717.34,310900,2759.742,2803.996,2670.619,46.121,26.787,51.237,-24.45,2803.996,3058.323,2549.668
2025-01-10,2717.34,2734.93,2697.89,2699.75,238300,2734.93,2807.144,2673.211,44.61,17.838,44.557,-26.719,2807.144,3054.212,2560.075
2025-01-14,2684.93,2706.23,2620.12,2640.49,480300,2711.598,2809.226,2674.304,39.872,5.896,36.825,-30.929,2809.226,3049.51,2568.943
2025-01-15,2731.22,2746.96,2667.34,2696.04,504800,2696.784,2812.791,2676.007,45.695,0.903,29.641,-28.737,2812.791,3043.475,2582.107
2025-01-16,2718.26,2745.11,2696.04,2717.34,347600,2694.192,2814.967,2678.155,47.783,-1.319,23.449,-24.768,2814.967,3040.904,2589.03
2025-01-17,2720.11,2728.45,2655.3,2690.49,350100,2688.822,2814.088,2679.692,45.413,-5.187,17.722,-22.909,2814.088,3041.905,2586.27
2025-01-20,2700.67,2700.67,2666.41,2675.67,147300,2684.006,2801.588,2681.488,44.112,-9.341,12.309,-21.65,2801.588,3031.058,2572.119
2025-01-21,2689.56,2705.3,2662.71,2676.6,197100,2691.228,2780.572,2683.414,44.22,-12.414,7.364,-19.779,2780.572,2969.575,2591.569
2025-01-22,2672.9,2747.89,2671.04,2720.11,449100,2696.042,2769.138,2686.284,49.168,-11.21,3.649,-14.86,2769.138,2942.294,2595.981
2025-01-23,2766.41,2874.73,2761.78,2846.95,541800,2721.964,2763.12,2691.487,60.241,-0.021,2.915,-2.936,2763.12,2914.24,2611.999
2025-01-24,2860.84,2911.76,2828.44,2879.36,344200,2759.738,2763.351,2698.857,62.489,11.332,4.599,6.733,2763.351,2915.204,2611.498
2025-01-27,2893.25,2934.91,2870.1,2921.02,285100,2808.808,2766.823,2707.578,65.213,23.42,8.363,15.057,2766.823,2929.928,2603.718
2025-01-28,2916.39,2953.42,2893.25,2953.42,182600,2864.172,2772.609,2715.855,67.207,35.209,13.732,21.477,2772.609,2953.537,2591.681
2025-01-29,2948.8,2971.94,2916.39,2958.05,196000,2911.76,2779.09,2725.188,67.493,44.413,19.868,24.545,2779.09,2976.932,2581.247
2025-01-30,2967.31,3008.97,2939.54,2995.09,265100,2941.388,2786.265,2734.613,69.771,54.073,26.709,27.364,2786.265,3004.533,2567.997
2025-01-31,2995.09,3027.49,2985.83,2985.83,318300,2962.682,2792.746,2744.26,68.479,60.287,33.425,26.862,2792.746,3026.879,2558.613
2025-02-03,2962.68,2985.83,2953.42,2967.31,300100,2971.94,2799.921,2753.333,65.853,62.99,39.338,23.652,2799.921,3046.526,2553.316
2025-02-04,3008.98,3036.75,2990.46,2990.46,266500,2979.348,2811.587,2762.462,67.529,66.237,44.718,21.52,2811.587,3071.392,2551.781
2025-02-05,2995.09,3027.49,2981.2,3022.86,198700,2992.31,2824.224,2770.183,69.766,70.611,49.896,20.715,2824.224,3099.654,2548.794
2025-02-06,3022.86,3055.27,3018.23,3046.01,230500,3002.494,2840.009,2779.238,71.288,75.08,54.933,20.147,2840.009,3128.645,2551.374
2025-02-07,3050.64,3078.41,3018.23,3018.23,244500,3008.974,2855.054,2787.719,66.934,75.51,59.048,16.461,2855.054,3148.101,2562.007
2025-02-10,3041.38,3110.82,3036.75,3096.93,322600,3034.898,2874.913,2796.885,72.128,81.264,63.492,17.772,2874.913,3177.328,2572.498
2025-02-12,3161.74,3342.28,3147.85,3328.39,884500,3102.484,2909.308,2810.309,81.387,103.31,71.455,31.855,2909.308,3253.106,2565.51
2025-02-13,3365.42,3397.83,3286.73,3351.54,616800,3168.22,2942.083,2824.53,82.03,121.252,81.415,39.837,2942.083,3323.228,2560.938
2025-02-14,3592.25,3652.43,3499.67,3513.56,812200,3261.73,2981.894,2842.454,85.743,146.852,94.502,52.35,2981.894,3425.425,2538.363
2025-02-17,3513.56,3527.44,3379.31,3383.94,583000,3334.872,3016.566,2858.12,72.787,154.895,106.581,48.315,3016.566,3472.429,2560.704
2025-02-18,3383.94,3434.86,3360.79,3420.97,279200,3399.68,3053.832,2874.822,73.996,162.386,117.742,44.644,3053.832,3514.188,2593.475
2025-02-19,3448.75,3471.89,3370.05,3402.46,275400,3414.494,3090.125,2890.968,72.268,164.928,127.179,37.749,3090.125,3539.581,2640.668
2025-02-20,3346.91,3360.79,3258.95,3277.47,367900,3399.68,3117.993,2904.374,61.776,155.069,132.757,22.312,3117.993,3539.07,2696.915
2025-02-21,3286.73,3379.31,3277.47,3374.68,366000,3371.904,3144.379,2919.077,65.92,153.332,136.872,16.46,3144.379,3560.047,2728.711
2025-02-25,3356.16,3365.42,3323.76,3342.28,248800,3363.572,3167.525,2933.464,63.451,147.639,139.025,8.614,3167.525,3572.474,2762.576
2025-02-26,3328.39,3342.28,3231.18,3263.58,318800,3332.094,3184.653,2946.0,57.789,135.218,138.264,-3.045,3184.653,3574.394,2794.912
2025-02-27,3277.47,3333.02,3212.66,3277.47,297100,3307.096,3200.856,2959.573,58.493,125.054,135.622,-10.568,3200.856,3576.821,2824.89
2025-02-28,3254.32,3286.73,3245.06,3245.06,310000,3300.614,3215.206,2971.979,56.14,113.08,131.114,-18.033,3215.206,3573.651,2856.761
2025-03-03,3286.73,3370.05,3277.47,3337.65,344800,3293.208,3232.334,2985.256,60.97,109.796,126.85,-17.054,3232.334,3579.038,2885.63
2025-03-04,3337.65,3393.2,3323.76,3374.68,409000,3299.688,3251.776,2998.588,62.738,108.926,123.265,-14.339,3251.776,3583.567,2919.986
2025-03-05,3388.57,3402.46,3333.02,3337.65,194200,3314.502,3270.294,3006.828,59.82,104.049,119.422,-15.373,3270.294,3575.511,2965.076
2025-03-06,3319.13,3333.02,3286.73,3309.87,193600,3320.982,3286.264,3011.086,57.655,96.826,114.903,-18.077,3286.264,3561.814,3010.714
2025-03-07,3268.21,3295.99,3221.92,3240.43,219200,3320.056,3297.142,3016.919,52.534,84.525,108.827,-24.303,3297.142,3544.661,3049.624
2025-03-10,3226.55,3226.55,3180.26,3194.14,143700,3291.354,3304.549,3021.456,49.386,70.231,101.108,-30.877,3304.549,3528.135,3080.963
2025-03-11,3129.33,3138.59,3055.27,3138.59,261600,3244.136,3310.567,3026.733,45.836,53.8,91.646,-37.846,3310.567,3506.47,3114.664
2025-03-12,3115.45,3194.14,3106.19,3166.37,255400,3209.88,3314.039,3033.029,47.854,42.53,81.823,-39.293,3314.039,3495.962,3132.116
2025-03-13,3166.37,3198.77,3161.74,3171.0,270300,3182.106,3306.17,3039.695,48.201,33.585,72.175,-38.591,3306.17,3498.781,3113.558
2025-03-14,3124.7,3124.7,3064.53,3092.3,263200,3152.48,3293.207,3044.972,42.973,19.916,61.724,-41.808,3293.207,3506.721,3079.694
2025-03-17,3124.7,3133.96,3046.01,3083.04,300400,3130.26,3271.681,3049.601,42.391,8.241,51.027,-42.786,3271.681,3478.355,3065.008
2025-03-18,3124.7,3208.03,3092.3,3161.74,322100,3134.89,3260.572,3055.712,48.75,5.278,41.877,-36.599,3260.572,3465.719,3055.424
2025-03-19,3143.22,3226.55,3143.22,3166.37,245300,3134.89,3247.841,3062.563,49.106,3.265,34.155,-30.889,3247.841,3442.406,3053.277
2025-03-21,3147.85,3198.77,3124.7,3152.48,612000,3131.186,3235.342,3070.469,48.028,0.544,27.433,-26.889,3235.342,3419.947,3050.738
2025-03-24,3161.74,3180.26,3133.96,3157.11,215200,3144.148,3229.324,3078.209,48.434,-1.226,21.701,-22.927,3229.324,3415.982,3042.667
2025-03-25,3129.33,3147.85,3106.19,3147.85,211000,3157.11,3217.983,3086.56,47.632,-3.337,16.693,-20.03,3217.983,3394.757,3041.209
2025-03-26,3147.85,3189.51,3147.85,3175.63,227800,3159.888,3209.65,3095.726,50.291,-2.736,12.807,-15.544,3209.65,3377.227,3042.074
2025-03-27,3110.82,3194.14,3106.19,3194.14,295100,3165.442,3206.178,3105.614,52.039,-0.758,10.094,-10.853,3206.178,3371.917,3040.44
2025-03-28,3217.73,3236.61,3203.58,3208.3,212100,3176.606,3202.72,3116.97,53.388,1.93,8.461,-6.532,3202.72,3365.047,3040.393
2025-03-31,3161.12,3170.55,3076.19,3118.65,287000,3168.914,3196.4,3125.422,44.793,-3.138,6.142,-9.279,3196.4,3361.603,3031.196
2025-04-01,3113.94,3128.09,3066.75,3076.19,197700,3154.582,3183.326,3132.599,41.394,-10.46,2.821,-13.281,3183.326,3342.746,3023.907
2025-04-02,3095.06,3095.06,3029.01,3076.19,160400,3134.694,3168.402,3140.313,41.394,-16.077,-0.958,-15.119,3168.402,3306.91,3029.894
2025-04-03,2972.39,3038.45,2972.39,3014.86,288200,3098.838,3152.262,3147.097,36.725,-25.187,-5.804,-19.383,3152.262,3282.725,3021.8
2025-04-04,2962.96,2967.67,2849.72,2920.49,361500,3041.276,3132.794,3151.975,30.942,-39.566,-12.556,-27.009,3132.794,3279.436,2986.151
2025-04-07,2807.26,2849.72,2689.31,2780.84,470000,2973.714,3109.814,3153.19,24.735,-61.52,-22.349,-39.171,3109.814,3316.985,2902.643
2025-04-08,2901.62,2920.49,2849.72,2901.62,263100,2938.8,3095.188,3154.283,36.584,-68.385,-31.556,-36.829,3095.188,3318.005,2872.371
2025-04-09,2887.47,2915.78,2762.91,2808.2,370100,2885.202,3078.668,3152.86,32.343,-80.437,-41.332,-39.104,3078.668,3334.483,2822.854
2025-04-10,3000.7,3000.7,2920.49,2967.67,265900,2875.764,3068.734,3153.793,44.229,-76.241,-48.314,-27.927,3068.734,3325.638,2811.829
2025-04-11,2911.06,2915.78,2863.88,2915.78,138600,2874.822,3055.972,3153.04,41.664,-76.224,-53.896,-22.328,3055.972,3316.813,2795.132
2025-04-14,2948.8,2972.39,2929.93,2944.08,140100,2907.47,3048.562,3152.761,43.585,-73.085,-57.734,-15.351,3048.562,3313.447,2783.676
2025-04-15,2948.8,2962.96,2920.49,2934.65,89800,2914.076,3041.142,3151.552,43.076,-70.544,-60.296,-10.248,3041.142,3310.241,2772.043
2025-04-16,2925.21,2948.8,2901.62,2906.34,97000,2933.704,3028.372,3149.962,41.508,-70.009,-62.238,-7.77,3028.372,3297.614,2759.13
2025-04-17,2915.78,2953.52,2911.06,2944.08,82100,2928.986,3017.258,3149.497,44.413,-65.78,-62.947,-2.834,3017.258,3280.806,2753.709
2025-04-18,2934.65,2995.98,2934.65,2981.83,124100,2942.196,3008.725,3149.325,47.235,-58.707,-62.099,3.392,3008.725,3264.784,2752.666
2025-04-21,2977.11,2986.55,2939.37,2962.96,106100,2945.972,2999.018,3148.127,45.978,-54.001,-60.479,6.478,2999.018,3245.948,2752.087
2025-04-22,2915.78,2962.96,2911.06,2944.08,154000,2947.858,2988.829,3146.088,44.697,-51.205,-58.624,7.42,2988.829,3226.547,2751.111
2025-04-23,2986.55,3000.7,2939.37,2958.24,133600,2958.238,2977.96,3144.888,45.915,-47.301,-56.36,9.059,2977.96,3199.009,2756.91
2025-04-24,2977.11,3005.42,2934.65,2934.65,143800,2956.352,2964.985,3141.643,44.17,-45.585,-54.205,8.62,2964.985,3161.734,2768.236
2025-04-25,2925.21,2981.83,2901.62,2958.24,210400,2951.634,2952.482,3134.24,46.365,-41.839,-51.732,9.892,2952.482,3112.476,2792.488
2025-04-28,2981.83,3029.01,2972.39,2972.39,184100,2953.52,2945.169,3126.657,47.693,-37.299,-48.845,11.546,2945.169,3085.324,2805.014
2025-04-30,2972.39,2995.98,2939.37,2991.26,138100,2962.956,2940.922,3116.211,49.489,-31.812,-45.438,13.627,2940.922,3068.987,2812.858
2025-05-01,2991.27,2991.27,2906.34,2915.78,153000,2954.464,2932.902,3106.848,43.111,-33.171,-42.985,9.814,2932.902,3044.306,2821.498
2025-05-02,2906.34,2929.93,2873.31,2915.78,157000,2950.69,2927.948,3096.744,43.111,-33.858,-41.16,7.301,2927.948,3032.614,2823.282
2025-05-07,2920.49,2929.93,2901.62,2920.49,147700,2943.14,2927.948,3087.104,43.637,-33.635,-39.655,6.02,2927.948,3032.614,2823.282
2025-05-08,2934.65,2958.24,2920.49,2929.93,164300,2934.648,2935.402,3080.154,44.739,-32.324,-38.188,5.865,2935.402,3013.926,2856.879
2025-05-09,2944.08,2967.67,2929.93,2953.52,155200,2927.1,2937.998,3071.73,47.502,-29.046,-36.36,7.314,2937.998,3015.24,2860.755
2025-05-12,2939.37,2958.24,2925.21,2953.52,169000,2934.648,2945.264,3063.955,47.502,-26.147,-34.317,8.17,2945.264,2992.677,2897.85
2025-05-13,2962.96,2967.67,2911.06,2915.78,115100,2934.648,2942.669,3056.999,43.47,-26.589,-32.772,6.183,2942.669,2990.596,2894.742
2025-05-14,2934.65,2953.52,2887.47,2911.06,177900,2932.762,2942.433,3049.671,42.978,-27.008,-31.619,4.611,2942.433,2990.96,2893.906
2025-05-15,2939.37,3123.37,2939.37,3038.45,484700,2954.466,2947.152,3045.539,57.079,-16.866,-28.668,11.802,2947.152,3011.97,2882.333
2025-05-16,3033.73,3213.01,3024.29,3156.4,421100,2995.042,2958.239,3041.914,65.569,0.68,-22.799,23.479,2958.239,3071.68,2844.798
2025-05-19,3123.37,3175.27,3099.78,3132.81,232100,3030.9,2969.562,3037.076,62.89,12.538,-15.731,28.27,2969.562,3104.387,2834.738
2025-05-20,3142.24,3184.71,3118.65,3156.4,214200,3079.024,2980.178,3033.451,64.454,23.568,-7.871,31.439,2980.178,3138.025,2822.332
2025-05-21,3189.42,3189.42,3062.04,3099.78,252500,3116.768,2986.076,3029.25,58.122,27.424,-0.812,28.236,2986.076,3152.749,2819.403
2025-05-22,3080.91,3179.99,3071.47,3156.4,221700,3140.358,2995.748,3027.569,62.129,34.649,6.28,28.369,2995.748,3178.453,2813.043
2025-05-23,3156.4,3198.86,3137.53,3142.24,218300,3137.526,3005.656,3026.531,60.568,38.785,12.781,26.004,3005.656,3197.811,2813.501
2025-05-26,3137.53,3175.27,3128.09,3170.55,99400,3145.074,3016.272,3027.17,62.591,43.842,18.993,24.849,3016.272,3220.477,2812.066
2025-05-27,3161.12,3184.71,3151.68,3179.99,99200,3149.792,3028.538,3027.443,63.268,48.058,24.806,23.252,3028.538,3241.392,2815.685
2025-05-28,3184.71,3189.42,3151.68,3156.4,136700,3161.116,3038.446,3027.151,60.33,48.931,29.631,19.3,3038.446,3255.92,2820.973
2025-05-29,3156.4,3165.83,3104.5,3161.12,220300,3162.06,3047.883,3028.527,60.723,49.434,33.592,15.842,3047.883,3269.625,2826.141
2025-05-30,3128.09,3156.4,3118.65,3146.96,207700,3163.004,3055.668,3029.805,58.84,48.136,36.501,11.635,3055.668,3279.958,2831.378
2025-06-02,3109.22,3146.96,3095.06,3128.09,159100,3154.512,3066.284,3029.132,56.333,45.064,38.213,6.851,3066.284,3282.653,2849.914
2025-06-03,3142.24,3142.24,3099.78,3109.22,98300,3140.358,3075.956,3027.989,53.862,40.639,38.698,1.941,3075.956,3280.996,2870.915
2025-06-04,3099.78,3128.09,3066.75,3109.22,165800,3130.922,3085.392,3027.124,53.862,36.709,38.3,-1.592,3085.392,3277.254,2893.53
2025-06-05,3104.5,3123.37,3090.34,3123.37,104700,3123.372,3095.064,3026.449,55.557,34.34,37.508,-3.168,3095.064,3272.92,2917.208
2025-06-06,3132.81,3146.96,3113.94,3113.94,111200,3116.768,3103.085,3025.771,54.13,31.34,36.275,-4.934,3103.085,3268.067,2938.103
2025-06-09,3109.22,3137.53,3095.06,3123.37,112100,3115.824,3111.578,3024.726,55.365,29.386,34.897,-5.511,3111.578,3260.885,2962.27
2025-06-10,3113.94,3179.99,3104.5,3142.24,146300,3122.428,3122.9,3023.688,57.813,29.024,33.722,-4.698,3122.9,3240.713,3005.088
2025-06-11,3156.4,3241.32,3156.4,3222.45,206500,3145.074,3138.47,3023.971,66.28,34.809,33.94,0.869,3138.47,3212.617,3064.323
2025-06-12,3217.73,3222.45,3170.55,3179.99,146400,3156.398,3145.547,3025.198,59.475,35.558,34.263,1.294,3145.547,3205.077,3086.017
2025-06-13,3179.99,3203.58,3142.24,3165.83,116100,3166.776,3146.018,3026.991,57.36,34.609,34.333,0.277,3146.018,3206.057,3085.98
2025-06-16,3113.93,3132.81,3085.63,3118.65,343700,3165.832,3145.31,3027.84,50.869,29.708,33.408,-3.7,3145.31,3206.331,3084.29
2025-06-17,3161.12,3194.14,3142.24,3165.83,271300,3170.55,3145.782,3030.859,56.206,29.293,32.585,-3.292,3145.782,3207.307,3084.257
2025-06-18,3165.83,3222.45,3132.81,3208.3,256700,3167.72,3151.208,3036.615,60.379,32.022,32.472,-0.45,3151.208,3214.759,3087.657
2025-06-19,3208.3,3227.17,3165.83,3208.3,135000,3173.382,3153.803,3045.165,60.379,33.796,32.737,1.059,3153.803,3222.293,3085.313
2025-06-20,3203.58,3227.17,3161.12,3165.83,416800,3173.382,3154.982,3050.449,54.371,31.412,32.472,-1.06,3154.982,3223.446,3086.519
2025-06-23,3165.83,3175.27,3151.68,3151.68,173000,3179.988,3154.039,3057.318,52.497,28.057,31.589,-3.532,3154.039,3222.119,3085.959
2025-06-24,3179.99,3213.01,3175.27,3194.14,121400,3185.65,3154.746,3061.848,57.258,28.497,30.971,-2.474,3154.746,3224.241,3085.252
2025-06-25,3203.58,3203.58,3142.24,3161.12,156500,3176.214,3154.982,3066.755,52.824,25.882,29.953,-4.071,3154.982,3224.533,3085.432
2025-06-26,3213.01,3231.89,3179.99,3194.14,179900,3173.382,3156.634,3071.756,56.455,26.173,29.197,-3.024,3156.634,3228.332,3084.935
2025-06-27,3189.42,3208.3,3128.09,3179.99,246300,3176.214,3158.285,3076.663,54.519,24.973,28.352,-3.379,3158.285,3230.564,3086.006
2025-06-30,3179.99,3297.94,3179.99,3283.79,362100,3202.636,3166.07,3084.212,64.216,32.03,29.088,2.942,3166.07,3256.033,3076.107
2025-07-01,3283.79,3297.94,3194.14,3213.01,305800,3206.41,3171.26,3089.59,55.523,31.547,29.579,1.967,3171.26,3259.369,3083.15
2025-07-02,3161.12,3208.3,3161.12,3175.27,155100,3209.24,3174.562,3093.459,51.518,27.798,29.223,-1.425,3174.562,3257.692,3091.432
2025-07-03,3179.99,3208.3,3137.53,3151.68,251800,3200.748,3175.978,3097.233,49.132,22.663,27.911,-5.248,3175.978,3256.355,3095.6
2025-07-04,3184.71,3222.45,3179.99,3189.42,216600,3202.634,3179.752,3102.14,52.891,21.391,26.607,-5.216,3179.752,3254.774,3104.729
2025-07-07,3189.42,3255.48,3161.12,3165.83,224400,3179.042,3181.874,3106.292,50.385,18.27,24.94,-6.67,3181.874,3252.451,3111.298
2025-07-08,3198.86,3208.3,3175.27,3189.42,164000,3174.324,3184.234,3111.387,52.793,17.498,23.451,-5.954,3184.234,3252.343,3116.124
2025-07-09,3198.86,3231.89,3194.14,3231.89,186200,3185.648,3184.706,3116.86,56.854,20.081,22.777,-2.696,3184.706,3254.049,3115.362
2025-07-10,3236.61,3250.76,3208.3,3208.3,194500,3196.972,3186.121,3121.579,54.072,19.995,22.221,-2.226,3186.121,3256.211,3116.031
2025-07-11,3208.3,3246.04,3208.3,3222.45,247000,3203.578,3188.952,3126.202,55.479,20.828,21.942,-1.114,3188.952,3260.157,3117.747
2025-07-14,3231.89,3269.63,3227.17,3255.48,182500,3221.508,3195.794,3132.996,58.664,23.878,22.329,1.549,3195.794,3264.817,3126.77
2025-07-15,3297.94,3307.38,3231.89,3250.76,185400,3233.776,3200.04,3139.696,58.025,25.62,22.988,2.632,3200.04,3271.702,3128.378
2025-07-16,3246.04,3307.38,3227.17,3302.66,259100,3247.93,3204.758,3147.339,62.819,30.832,24.556,6.276,3204.758,3289.872,3119.644
2025-07-17,3283.79,3297.94,3264.91,3279.07,166000,3262.084,3208.296,3154.322,59.493,32.683,26.182,6.501,3208.296,3299.683,3116.91
2025-07-18,3302.66,3321.53,3283.79,3288.5,165200,3275.294,3214.43,3161.022,60.396,34.512,27.848,6.665,3214.43,3310.178,3118.682
2025-07-22,3274.35,3279.07,3217.73,3222.45,207200,3268.688,3217.968,3166.4,51.705,30.284,28.335,1.949,3217.968,3309.071,3126.866
2025-07-23,3246.04,3269.63,3222.45,3255.48,171300,3269.632,3221.036,3173.194,55.178,29.26,28.52,0.74,3221.036,3312.887,3129.184
2025-07-24,3255.48,3288.5,3246.04,3264.91,105100,3262.082,3226.225,3180.271,56.148,28.877,28.591,0.286,3226.225,3315.516,3136.934
2025-07-25,3274.35,3312.09,3264.91,3283.79,167200,3263.026,3230.707,3185.178,58.102,29.754,28.824,0.93,3230.707,3322.19,3139.225
2025-07-28,3302.66,3302.66,3264.91,3269.63,102100,3259.252,3235.19,3187.443,56.084,28.973,28.854,0.119,3235.19,3324.978,3145.401
2025-07-29,3250.76,3279.07,3236.61,3274.35,98400,3269.632,3234.717,3190.274,56.625,28.407,28.764,-0.358,3234.717,3323.524,3145.911
2025-07-30,3326.25,3326.25,3264.91,3283.79,186000,3275.294,3238.256,3192.821,57.746,28.393,28.69,-0.297,3238.256,3329.04,3147.473
2025-07-31,3264.91,3283.79,3241.32,3269.63,239000,3276.238,3242.974,3196.218,55.431,26.928,28.338,-1.409,3242.974,3329.692,3156.257
2025-08-01,3137.53,3137.53,3010.14,3014.86,849700,3222.452,3236.134,3193.388,31.2,5.151,23.7,-18.549,3236.134,3364.676,3107.591
2025-08-04,2972.39,2991.27,2958.24,2981.83,331800,3164.892,3225.754,3190.179,29.405,-14.605,16.039,-30.644,3225.754,3396.707,3054.801
2025-08-05,2981.83,3043.16,2981.83,3019.57,253800,3113.936,3218.441,3187.16,34.072,-26.906,7.45,-34.356,3218.441,3411.298,3025.584
2025-08-06,3014.86,3038.45,3010.14,3019.57,124500,3061.092,3209.948,3183.951,34.072,-36.237,-1.287,-34.95,3209.948,3422.172,2997.725
2025-08-07,3019.57,3052.6,3019.57,3038.45,147600,3014.856,3200.276,3181.592,36.507,-41.629,-9.356,-32.273,3200.276,3425.522,2975.031
2025-08-08,3047.88,3057.32,3033.73,3043.16,246700,3020.516,3192.02,3179.233,37.131,-45.003,-16.485,-28.518,3192.02,3427.884,2956.155
2025-08-12,3057.32,3104.5,3052.6,3085.63,302400,3041.276,3185.178,3178.007,42.607,-43.745,-21.937,-21.808,3185.178,3425.226,2945.131
2025-08-13,3062.04,3071.47,3033.73,3057.32,208300,3048.826,3175.27,3176.591,40.099,-44.52,-26.454,-18.066,3175.27,3419.423,2931.118
2025-08-14,3047.88,3062.04,3033.73,3043.16,125500,3053.544,3164.89,3175.27,38.867,-45.749,-30.313,-15.437,3164.89,3413.148,2916.633
2025-08-15,3024.29,3038.45,3005.42,3010.14,191500,3047.882,3150.264,3173.288,36.083,-48.825,-34.015,-14.81,3150.264,3398.814,2901.715
2025-08-18,3010.14,3062.04,3010.14,3062.04,102800,3051.658,3139.413,3172.062,42.995,-46.538,-36.52,-10.018,3139.413,3383.189,2895.637
2025-08-19,3062.04,3071.47,3043.16,3071.47,133800,3048.826,3128.562,3171.212,44.176,-43.464,-37.909,-5.555,3128.562,3363.558,2893.565
2025-08-20,3071.47,3080.91,3057.32,3057.32,118100,3048.826,3120.305,3169.891,42.745,-41.689,-38.665,-3.024,3120.305,3353.004,2887.606
2025-08-21,3062.04,3118.65,3062.04,3095.06,196900,3059.206,3112.284,3168.948,47.62,-36.813,-38.294,1.482,3112.284,3336.261,2888.307
2025-08-22,3099.78,3109.22,3080.91,3095.06,146300,3076.19,3103.792,3166.4,47.62,-32.572,-37.15,4.578,3103.792,3315.971,2891.612
2025-08-25,3085.63,3109.22,3080.91,3104.5,105400,3084.682,3094.827,3164.89,48.882,-28.126,-35.345,7.219,3094.827,3289.406,2900.248
2025-08-26,3104.5,3104.5,3071.47,3071.47,213900,3084.682,3084.919,3163.003,44.812,-26.957,-33.668,6.711,3084.919,3261.355,2908.483
2025-08-27,3062.04,3071.47,3038.45,3062.04,143200,3085.626,3074.304,3161.871,43.694,-26.486,-32.231,5.745,3074.304,3226.654,2921.953
2025-08-28,3062.04,3066.75,3047.88,3052.6,116900,3077.134,3062.744,3159.606,42.549,-26.568,-31.099,4.53,3062.744,3178.97,2946.518
2025-08-29,3047.88,3095.06,3047.88,3090.34,101600,3076.19,3053.78,3157.247,48.373,-23.319,-29.543,6.224,3053.78,3119.502,2988.057
2025-09-01,3104.5,3123.37,3085.63,3090.34,155300,3073.358,3057.554,3154.888,48.373,-20.508,-27.736,7.228,3057.554,3122.531,2992.576
2025-09-02,3118.65,3128.09,3085.63,3090.34,134300,3077.132,3062.979,3153.378,48.373,-18.072,-25.803,7.731,3062.979,3118.811,3007.147
2025-09-03,3080.91,3099.78,3066.75,3085.63,166500,3081.85,3066.282,3152.057,47.621,-16.333,-23.909,7.576,3066.282,3119.033,3013.531
2025-09-04,3085.63,3104.5,3080.91,3090.34,73200,3089.398,3069.821,3149.981,48.484,-14.409,-22.009,7.6,3069.821,3118.733,3020.908
2025-09-05,3099.78,3099.78,3076.19,3095.06,90400,3090.342,3072.651,3148.66,49.384,-12.36,-20.079,7.719,3072.651,3120.459,3024.843
2025-09-08,3095.06,3123.37,3095.06,3123.37,116800,3096.948,3076.661,3147.244,54.517,-8.356,-17.735,9.378,3076.661,3127.419,3025.904
2025-09-09,3123.37,3142.24,3123.37,3132.81,172200,3105.442,3079.02,3146.301,56.115,-4.371,-15.062,10.691,3079.02,3135.586,3022.455
2025-09-10,3132.81,3151.68,3123.37,3137.53,153700,3115.822,3083.031,3143.376,56.93,-0.822,-12.214,11.392,3083.031,3144.297,3021.765
2025-09-11,3132.81,3146.96,3113.94,3146.96,169800,3127.146,3088.221,3142.055,58.584,2.72,-9.227,11.947,3088.221,3152.764,3023.678
2025-09-12,3156.4,3156.4,3118.65,3146.96,204000,3137.526,3095.062,3141.488,58.584,5.464,-6.289,11.753,3095.062,3153.471,3036.653
2025-09-16,3146.96,3184.71,3128.09,3161.12,173900,3145.076,3100.016,3141.677,61.181,8.681,-3.295,11.976,3100.016,3163.241,3036.791
2025-09-17,3156.4,3165.83,3142.24,3151.68,192000,3148.85,3104.026,3140.922,58.546,10.35,-0.566,10.916,3104.026,3169.754,3038.299
2025-09-18,3170.55,3194.14,3137.53,3142.24,261800,3149.792,3108.272,3140.451,55.95,10.786,1.704,9.082,3108.272,3172.244,3044.301
2025-09-19,3142.24,3156.4,3104.5,3113.94,455100,3143.188,3109.216,3138.941,48.944,8.748,3.113,5.634,3109.216,3172.924,3045.509
2025-09-22,3118.65,3137.53,3104.5,3104.5,222400,3134.696,3109.688,3136.393,46.837,6.298,3.75,2.548,3109.688,3173.093,3046.284
2025-09-24,3104.5,3104.5,2981.83,3010.14,245300,3104.5,3104.971,3132.43,32.006,-3.221,2.356,-5.577,3104.971,3182.476,3027.465
2025-09-25,3029.01,3043.16,2991.26,3038.45,154100,3081.854,3103.32,3128.75,38.317,-8.383,0.208,-8.591,3103.32,3185.117,3021.522
2025-09-26,3019.57,3052.6,3014.86,3033.73,152300,3060.152,3101.904,3124.315,37.689,-12.709,-2.375,-10.334,3101.904,3187.597,3016.211
2025-09-29,3048.15,3072.19,3038.54,3038.54,145000,3045.072,3101.201,3120.071,38.79,-15.57,-5.014,-10.555,3101.201,3188.806,3013.596
2025-09-30,3038.54,3072.19,3028.92,3057.77,157100,3035.726,3099.572,3115.173,43.118,-16.099,-7.231,-8.868,3099.572,3189.215,3009.93
2025-10-01,3057.77,3086.61,3048.15,3072.19,131900,3048.136,3098.665,3111.035,46.19,-15.181,-8.821,-6.359,3098.665,3189.065,3008.265
2025-10-02,3062.57,3086.61,3043.34,3067.38,135400,3053.922,3097.517,3106.613,45.311,-14.671,-9.991,-4.68,3097.517,3188.94,3006.094
2025-10-03,3048.15,3120.27,3048.15,3105.84,190000,3068.344,3098.528,3104.281,53.012,-11.037,-10.2,-0.837,3098.528,3189.844,3007.211
2025-10-06,3139.5,3153.92,3081.81,3105.84,194500,3081.804,3099.302,3101.288,53.012,-8.064,-9.773,1.709,3099.302,3190.589,3008.016
2025-10-07,3086.61,3105.84,3067.38,3101.04,109500,3090.458,3099.601,3098.01,51.953,-6.026,-9.024,2.998,3099.601,3190.869,3008.334
2025-10-08,3091.42,3101.04,3067.38,3067.38,201200,3089.496,3096.802,3093.682,45.143,-7.045,-8.628,1.583,3096.802,3188.434,3005.17
2025-10-09,3067.38,3086.61,3057.77,3072.19,133800,3090.458,3093.771,3089.733,46.228,-7.38,-8.378,0.998,3093.771,3184.392,3003.15
2025-10-10,3062.57,3072.19,3009.69,3014.5,289800,3072.19,3087.62,3084.536,36.823,-12.16,-9.135,-3.026,3087.62,3182.344,2992.895
2025-10-14,2971.23,2985.65,2937.57,2956.8,263200,3042.382,3078.112,3077.997,30.205,-20.37,-11.382,-8.988,3078.112,3185.133,2971.09
2025-10-15,2990.46,3019.3,2985.65,3000.07,131500,3022.188,3070.767,3072.605,39.052,-23.118,-13.729,-9.389,3070.767,3178.055,2963.479
2025-10-16,3004.88,3014.5,2971.23,2980.84,136400,3004.88,3061.753,3071.925,36.818,-26.542,-16.292,-10.25,3061.753,3167.358,2956.148
2025-10-17,2976.03,2980.84,2923.15,2937.57,145700,2977.956,3051.047,3071.04,32.336,-32.373,-19.508,-12.865,3051.047,3161.565,2940.53
2025-10-20,2980.84,2995.27,2966.42,2976.03,128700,2970.262,3042.737,3070.169,39.398,-33.505,-22.307,-11.198,3042.737,3149.308,2936.166
2025-10-21,2985.65,3009.69,2971.23,3004.88,92900,2979.878,3037.284,3069.875,44.11,-31.709,-24.188,-7.521,3037.284,3139.59,2934.978
2025-10-22,3009.69,3067.38,3009.69,3052.96,187800,2990.456,3034.707,3070.165,50.954,-26.104,-24.571,-1.533,3034.707,3132.375,2937.039
2025-10-23,3038.54,3072.19,3024.11,3057.77,125200,3005.842,3037.088,3070.458,51.592,-21.032,-23.863,2.831,3037.088,3134.557,2939.62
2025-10-24,3057.77,3062.57,3038.54,3043.34,149900,3026.996,3037.333,3069.612,49.509,-17.97,-22.685,4.715,3037.333,3134.84,2939.826
2025-10-27,3028.92,3052.96,3019.3,3033.73,138100,3038.536,3037.333,3069.14,48.116,-16.133,-21.374,5.242,3037.333,3134.84,2939.826
2025-10-28,3028.92,3028.92,2985.65,3000.07,200900,3037.574,3035.41,3068.278,43.499,-17.194,-20.538,3.344,3035.41,3134.324,2936.495
2025-10-29,2990.46,2995.27,2951.99,2961.61,171900,3019.304,3030.601,3067.308,38.906,-20.898,-20.61,-0.288,3030.601,3134.178,2927.025
2025-10-30,2956.8,2971.23,2937.57,2937.57,193700,2995.264,3023.87,3064.818,36.324,-25.48,-21.584,-3.896,3023.87,3133.394,2914.347
2025-10-31,2956.8,2995.27,2951.99,2995.27,166300,2985.65,3020.265,3063.294,45.648,-24.176,-22.102,-2.073,3020.265,3128.497,2912.033
2025-11-04,2956.8,2980.84,2947.19,2947.19,198100,2968.342,3012.332,3061.092,40.346,-26.714,-23.025,-3.69,3012.332,3117.365,2907.3
2025-11-05,2947.19,2966.42,2894.3,2937.57,229500,2955.842,3003.919,3057.942,39.361,-29.166,-24.253,-4.913,3003.919,3104.267,2903.571
2025-11-06,2942.38,2956.8,2903.92,2903.92,207700,2944.304,2994.063,3054.119,36.046,-33.439,-26.09,-7.349,2994.063,3092.958,2895.168
2025-11-07,2908.72,2937.57,2908.72,2932.76,155700,2943.342,2987.332,3050.684,40.659,-34.105,-27.693,-6.412,2987.332,3083.503,2891.161
2025-11-10,2923.15,2932.76,2894.3,2908.72,166500,2926.032,2979.159,3047.429,38.186,-36.156,-29.386,-6.77,2979.159,3072.714,2885.603
2025-11-11,2927.96,2971.23,2918.34,2956.8,179100,2927.954,2976.274,3045.324,45.345,-33.515,-30.212,-3.304,2976.274,3068.793,2883.754
2025-11-12,2956.8,2976.03,2951.99,2966.42,150000,2933.724,2976.754,3043.601,46.676,-30.297,-30.229,-0.068,2976.754,3068.947,2884.562
2025-11-13,2971.23,3009.69,2971.23,2980.84,170400,2949.108,2975.793,3041.411,48.692,-26.28,-29.439,3.159,2975.793,3067.361,2884.225
2025-11-14,2976.03,2976.03,2899.11,2899.11,237900,2942.378,2971.706,3037.586,39.561,-29.353,-29.422,0.069,2971.706,3069.415,2873.998
2025-11-17,2889.49,2889.49,2789.49,2801.99,665900,2921.032,2964.928,3031.819,31.904,-39.174,-31.372,-7.801,2964.928,3088.103,2841.752
2025-11-18,2822.18,2835.65,2774.11,2774.11,404700,2884.494,2954.832,3025.589,30.103,-48.646,-34.827,-13.819,2954.832,3104.439,2805.224
2025-11-19,2774.11,2785.64,2741.41,2760.64,395000,2843.338,2942.62,3018.995,29.244,-56.587,-39.179,-17.408,2942.62,3113.401,2771.838
2025-11-20,2788.53,2793.34,2741.41,2741.41,286200,2795.452,2927.042,3011.922,28.015,-63.698,-44.083,-19.615,2927.042,3111.716,2742.368
2025-11-21,2747.18,2811.61,2746.22,2785.64,315300,2772.758,2913.436,3005.167,34.802,-65.014,-48.269,-16.746,2913.436,3097.654,2729.217
2025-11-25,2788.53,2798.15,2747.18,2747.18,189100,2761.796,2898.628,2997.455,31.979,-68.373,-52.29,-16.084,2898.628,3086.457,2710.798
2025-11-26,2785.64,2801.03,2755.84,2770.26,152700,2761.026,2885.454,2990.109,35.367,-68.385,-55.509,-12.876,2885.454,3070.32,2700.588
2025-11-27,2774.11,2795.26,2769.3,2788.53,112500,2766.604,2874.877,2982.941,38.001,-66.157,-57.638,-8.518,2874.877,3056.306,2693.448
2025-11-28,2776.99,2791.41,2770.26,2785.64,119900,2775.45,2866.079,2975.714,37.739,-63.888,-58.888,-5.0,2866.079,3046.864,2685.293
2025-12-01,2759.68,2773.14,2746.22,2746.22,154800,2767.566,2856.511,2967.416,34.269,-64.527,-60.016,-4.511,2856.511,3041.569,2671.453
2025-12-02,2745.26,2749.11,2724.1,2734.68,183600,2765.066,2843.482,2959.076,33.304,-65.213,-61.055,-4.157,2843.482,3024.044,2662.919
2025-12-03,2711.6,2741.41,2664.49,2664.49,294800,2743.912,2829.346,2949.521,28.116,-70.606,-62.965,-7.641,2829.346,3019.72,2638.973
2025-12-04,2654.87,2692.37,2653.91,2692.37,305300,2724.68,2817.086,2941.09,32.607,-71.803,-64.733,-7.07,2817.086,3009.683,2624.49
2025-12-05,2692.37,2707.76,2651.99,2667.37,255000,2701.026,2805.259,2932.347,30.752,-73.917,-66.57,-7.347,2805.259,3004.347,2606.171
2025-12-08,2687.57,2696.22,2664.49,2687.57,197400,2689.296,2793.0,2925.896,34.018,-73.119,-67.88,-5.239,2793.0,2989.205,2596.794
2025-12-09,2674.1,2689.49,2627.95,2632.76,263500,2668.912,2779.202,2917.782,29.897,-76.033,-69.51,-6.523,2779.202,2979.904,2578.499
2025-12-10,2660.64,2663.53,2634.68,2641.41,288900,2664.296,2763.432,2909.936,31.311,-76.76,-70.96,-5.8,2763.432,2954.721,2572.143
2025-12-11,2650.06,2650.06,2593.33,2604.87,328100,2646.796,2745.355,2901.262,28.679,-79.369,-72.642,-6.727,2745.355,2923.775,2566.934
2025-12-12,2609.68,2639.49,2601.02,2639.49,259900,2641.22,2728.287,2892.897,34.313,-77.747,-73.663,-4.084,2728.287,2874.206,2582.368
2025-12-15,2648.14,2697.18,2628.91,2641.41,373900,2631.988,2715.402,2884.281,34.622,-75.438,-74.018,-1.42,2715.402,2842.047,2588.757
2025-12-16,2626.03,2628.91,2608.72,2608.72,231600,2627.18,2705.738,2875.108,31.877,-75.376,-74.29,-1.086,2705.738,2834.049,2577.428
2025-12-17,2606.79,2616.41,2601.02,2609.68,227600,2620.834,2697.517,2865.185,32.047,-74.392,-74.31,-0.082,2697.517,2828.427,2566.607
2025-12-18,2624.1,2632.76,2603.91,2611.6,246900,2622.18,2690.065,2855.3,32.411,-72.62,-73.972,1.352,2690.065,2822.8,2557.33
2025-12-19,2603.91,2619.29,2593.33,2603.91,676600,2615.064,2683.19,2845.357,31.679,-71.018,-73.381,2.363,2683.19,2818.937,2547.443
2025-12-22,2622.18,2626.03,2576.99,2579.87,332400,2602.756,2672.902,2835.607,29.441,-70.871,-72.879,2.008,2672.902,2807.138,2538.665
2025-12-23,2584.68,2613.53,2579.87,2604.87,375800,2601.986,2665.786,2826.261,34.615,-67.954,-71.894,3.94,2665.786,2798.523,2533.049
2025-12-24,2610.64,2617.37,2595.26,2604.87,339100,2601.024,2657.516,2818.068,34.615,-64.894,-70.494,5.6,2657.516,2783.272,2531.761
2025-12-25,2614.49,2625.06,2596.22,2616.41,173800,2601.986,2648.91,2811.26,37.085,-60.837,-68.563,7.726,2648.91,2759.566,2538.255
2025-12-26,2606.79,2630.83,2606.79,2620.26,190900,2605.256,2640.641,2803.664,37.928,-56.657,-66.182,9.524,2640.641,2731.161,2550.122
2025-12-29,2633.72,2637.56,2614.49,2620.26,210200,2613.334,2634.344,2796.452,37.928,-52.737,-63.493,10.755,2634.344,2710.288,2558.399
2025-12-30,2624.1,2628.91,2610.64,2622.18,236300,2616.796,2628.718,2790.145,38.405,-48.912,-60.577,11.665,2628.718,2688.267,2569.17
2026-01-05,2605.83,2626.99,2588.52,2608.72,302200,2617.566,2625.93,2782.798,36.299,-46.431,-57.748,11.316,2625.93,2683.62,2568.24
2026-01-06,2608.72,2643.33,2608.72,2640.45,260900,2622.374,2623.334,2775.51,44.084,-41.427,-54.483,13.056,2623.334,2672.475,2574.193
2026-01-07,2623.14,2660.64,2615.45,2651.03,265700,2628.528,2622.517,2767.471,46.435,-36.191,-50.825,14.634,2622.517,2669.049,2575.985
2026-01-08,2639.49,2669.3,2621.22,2663.53,328600,2637.182,2621.315,2759.586,49.154,-30.678,-46.796,16.117,2621.315,2661.593,2581.037
2026-01-09,2661.6,2680.83,2648.14,2674.1,239200,2647.566,2623.382,2752.202,51.401,-25.167,-42.47,17.303,2623.382,2669.894,2576.87
2026-01-13,2682.76,2687.57,2639.49,2663.53,353900,2658.528,2624.488,2744.798,49.066,-21.405,-38.257,16.852,2624.488,2673.774,2575.202
2026-01-14,2659.68,2683.72,2658.72,2666.41,276200,2663.72,2627.565,2738.124,49.736,-17.984,-34.202,16.218,2627.565,2679.317,2575.813
2026-01-15,2675.07,2686.6,2668.33,2675.07,205000,2668.528,2629.344,2732.394,51.79,-14.408,-30.243,15.835,2629.344,2685.112,2573.576
2026-01-16,2662.56,2672.18,2639.49,2640.45,287200,2663.912,2629.296,2726.451,44.042,-14.204,-27.036,12.832,2629.296,2685.022,2573.57
2026-01-19,2640.45,2669.3,2634.68,2664.49,177600,2661.99,2632.084,2719.836,49.672,-11.964,-24.021,12.057,2632.084,2689.043,2575.126
2026-01-20,2654.87,2676.03,2645.26,2646.22,162300,2658.528,2633.912,2713.816,45.893,-11.531,-21.523,9.992,2633.912,2690.184,2577.639
2026-01-21,2634.68,2639.49,2596.22,2610.64,303800,2647.374,2633.864,2707.278,39.578,-13.898,-19.998,6.1,2633.864,2690.218,2577.509
2026-01-22,2620.26,2638.53,2613.53,2622.18,177800,2636.796,2634.777,2701.643,42.349,-14.674,-18.933,4.26,2634.777,2689.66,2579.894
2026-01-23,2644.3,2671.22,2634.68,2656.8,191900,2640.066,2638.623,2696.124,49.789,-12.352,-17.617,5.265,2638.623,2687.789,2589.458
2026-01-26,2640.45,2663.53,2635.64,2642.37,274000,2635.642,2640.498,2690.797,47.063,-11.544,-16.403,4.858,2640.498,2687.034,2593.963
2026-01-27,2641.41,2652.95,2627.95,2636.6,257000,2633.718,2642.085,2684.393,45.978,-11.24,-15.37,4.13,2642.085,2685.57,2598.6
2026-01-28,2622.18,2638.53,2612.56,2630.83,302200,2637.756,2642.806,2677.681,44.866,-11.333,-14.563,3.229,2642.806,2684.956,2600.656
2026-01-29,2620.26,2627.95,2591.41,2605.83,255100,2634.486,2642.084,2670.181,40.312,-13.272,-14.304,1.033,2642.084,2686.303,2597.866
2026-01-30,2617.37,2622.18,2601.99,2612.56,230800,2625.638,2641.699,2664.45,42.018,-14.102,-14.264,0.162,2641.699,2686.842,2596.557
2026-02-02,2596.22,2609.68,2521.22,2525.06,596200,2602.176,2636.844,2658.911,30.01,-21.573,-15.726,-5.847,2636.844,2705.564,2568.123
2026-02-03,2532.75,2541.41,2521.22,2533.72,259900,2581.6,2633.094,2654.103,32.079,-26.489,-17.878,-8.61,2633.094,2715.164,2551.023
2026-02-04,2528.91,2549.1,2516.41,2525.06,393700,2560.446,2627.324,2649.392,31.089,-30.729,-20.448,-10.281,2627.324,2722.409,2532.239
2026-02-05,2552.95,2558.72,2531.79,2541.41,298600,2547.562,2621.843,2645.392,35.157,-32.397,-22.838,-9.559,2621.843,2723.58,2520.106
2026-02-06,2528.91,2529.87,2502.95,2516.41,271400,2528.332,2614.487,2640.007,32.042,-35.329,-25.336,-9.993,2614.487,2724.473,2504.501
2026-02-09,2563.52,2565.45,2520.25,2539.48,266000,2531.216,2607.756,2635.853,37.541,-35.383,-27.346,-8.037,2607.756,2718.852,2496.66
2026-02-10,2545.25,2583.72,2539.49,2582.76,256900,2541.024,2603.717,2632.103,46.317,-31.57,-28.19,-3.379,2603.717,2712.117,2495.318
2026-02-12,2583.72,2583.72,2543.33,2543.33,362000,2544.678,2597.564,2627.199,40.705,-31.368,-28.826,-2.542,2597.564,2704.947,2490.18
2026-02-13,2571.22,2571.22,2496.21,2501.98,467600,2536.792,2588.909,2621.526,35.806,-34.15,-29.891,-4.26,2588.909,2697.879,2479.939
2026-02-16,2517.37,2517.37,2498.14,2513.52,261800,2536.214,2582.562,2616.872,38.047,-35.021,-30.917,-4.104,2582.562,2693.658,2471.467
2026-02-17,2513.52,2526.02,2493.33,2526.02,279400,2533.522,2575.639,2612.699,40.471,-34.307,-31.595,-2.712,2575.639,2682.412,2468.866
2026-02-18,2536.6,2546.22,2521.22,2535.64,207600,2524.098,2570.11,2610.122,42.341,-32.589,-31.794,-0.795,2570.11,2672.87,2467.35
2026-02-19,2546.22,2546.22,2526.02,2543.33,169400,2524.098,2566.744,2607.141,43.859,-30.258,-31.486,1.229,2566.744,2668.318,2465.171
2026-02-20,2527.95,2527.95,2498.14,2514.48,262500,2526.598,2561.359,2604.083,39.642,-30.388,-31.267,0.878,2561.359,2661.974,2460.745
2026-02-24,2514.48,2526.02,2494.29,2495.25,468100,2522.944,2553.282,2600.237,37.083,-31.678,-31.349,-0.329,2553.282,2647.361,2459.203
2026-02-25,2512.56,2524.1,2496.21,2507.75,452800,2519.29,2546.551,2597.736,39.804,-31.331,-31.345,0.015,2546.551,2632.724,2460.378
2026-02-26,2531.79,2547.18,2517.37,2546.22,387500,2521.406,2542.032,2595.833,47.349,-27.633,-30.603,2.97,2542.032,2617.083,2466.981
2026-02-27,2552.95,2581.79,2540.45,2581.79,284100,2529.098,2539.58,2595.371,53.192,-21.583,-28.799,7.216,2539.58,2605.002,2474.158
2026-03-02,2553.91,2578.91,2541.41,2570.25,361400,2540.252,2537.801,2593.986,51.206,-17.518,-26.543,9.025,2537.801,2597.305,2478.297
2026-03-03,2557.75,2559.68,2521.22,2526.02,321700,2546.406,2533.474,2591.678,44.371,-17.661,-24.766,7.105,2533.474,2581.584,2485.364
2026-03-04,2525.06,2540.45,2481.79,2494.29,538200,2543.714,2531.936,2589.39,40.223,-20.104,-23.834,3.73,2531.936,2583.052,2480.819
2026-03-05,2528.91,2534.68,2486.6,2491.41,299200,2532.752,2529.82,2587.024,39.858,-22.018,-23.471,1.453,2529.82,2584.034,2475.606
2026-03-06,2499.1,2533.72,2488.52,2525.06,212100,2521.406,2529.82,2585.294,46.01,-20.582,-22.893,2.311,2529.82,2584.034,2475.606
2026-03-09,2480.83,2551.02,2455.83,2546.22,479200,2516.6,2530.06,2584.14,49.508,-17.535,-21.821,4.286,2530.06,2584.533,2475.588
2026-03-10,2569.29,2570.25,2535.64,2558.72,265400,2523.14,2532.176,2583.717,51.506,-13.951,-20.247,6.296,2532.176,2587.693,2476.659
2026-03-11,2562.56,2610.64,2558.72,2580.83,407200,2540.448,2534.243,2583.236,54.906,-9.22,-18.042,8.822,2534.243,2593.836,2474.651
2026-03-12,2574.1,2574.1,2541.41,2555.83,211800,2553.332,2532.897,2582.255,50.588,-7.402,-15.914,8.512,2532.897,2588.987,2476.807
2026-03-13,2526.02,2571.22,2526.02,2545.25,263200,2557.37,2532.993,2580.832,48.837,-6.738,-14.079,7.341,2532.993,2589.165,2476.821
2026-03-16,2545.25,2555.83,2533.72,2539.48,195600,2556.022,2534.868,2579.216,47.864,-6.601,-12.583,5.982,2534.868,2589.153,2480.583
2026-03-17,2562.56,2572.18,2530.83,2535.64,174700,2551.406,2535.974,2577.524,47.19,-6.725,-11.412,4.687,2535.974,2589.321,2482.627
2026-03-18,2538.52,2551.99,2522.18,2551.99,154500,2545.638,2537.272,2576.12,50.392,-5.441,-10.218,4.776,2537.272,2590.863,2483.682
2026-03-19,2536.6,2552.95,2515.45,2515.45,283200,2537.562,2536.263,2574.255,43.975,-7.288,-9.632,2.344,2536.263,2590.737,2481.789
2026-03-23,2503.91,2513.52,2472.18,2478.91,297400,2524.294,2533.042,2571.024,38.671,-11.567,-10.019,-1.548,2533.042,2593.089,2472.995
2026-03-24,2519.29,2519.29,2485.64,2501.98,162100,2516.794,2532.417,2568.043,43.319,-12.947,-10.604,-2.343,2532.417,2593.528,2471.306
2026-03-25,2496.21,2517.37,2495.25,2501.98,227300,2510.062,2532.754,2564.812,43.319,-13.881,-11.26,-2.621,2532.754,2593.072,2472.435
2026-03-26,2497.18,2507.75,2486.6,2499.1,237200,2499.484,2532.321,2561.312,42.849,-14.684,-11.945,-2.74,2532.321,2593.512,2471.13
2026-03-27,2502.95,2514.48,2480.83,2504.87,410700,2497.368,2530.254,2558.139,44.157,-14.686,-12.493,-2.193,2530.254,2592.256,2468.251
2026-03-30,2429.08,2475.34,2410.38,2464.52,424300,2494.49,2524.39,2554.101,37.666,-17.739,-13.542,-4.197,2524.39,2588.03,2460.75
2026-03-31,2504.87,2509.79,2470.42,2495.03,351000,2493.1,2520.629,2550.5,44.33,-17.494,-14.332,-3.162,2520.629,2581.697,2459.561
2026-04-01,2526.52,2536.36,2512.74,2534.4,210200,2499.584,2521.048,2548.379,51.53,-13.963,-14.259,0.296,2521.048,2582.386,2459.71
2026-04-02,2534.4,2544.24,2480.26,2493.06,265600,2498.376,2520.986,2544.951,44.955,-14.335,-14.274,-0.061,2520.986,2582.44,2459.533
2026-04-03,2513.73,2516.68,2497.98,2499.95,153100,2497.392,2521.413,2542.025,46.187,-13.913,-14.202,0.288,2521.413,2582.115,2460.712
2026-04-06,2510.77,2524.55,2502.9,2512.74,188600,2507.036,2520.797,2540.067,48.493,-12.404,-13.842,1.438,2520.797,2581.593,2460.002
2026-04-07,2509.79,2527.51,2495.03,2515.7,156200,2511.17,2519.272,2537.938,49.037,-10.844,-13.243,2.398,2519.272,2578.902,2459.641
2026-04-08,2532.43,2549.16,2519.63,2539.32,243100,2512.154,2518.302,2535.588,53.279,-7.614,-12.117,4.503,2518.302,2575.824,2460.779
2026-04-09,2529.47,2535.38,2498.96,2512.74,185800,2516.09,2514.897,2532.995,48.397,-7.117,-11.117,4.0,2514.897,2564.328,2465.466
2026-04-10,2499.95,2507.82,2485.18,2488.14,183100,2513.728,2511.512,2530.026,44.347,-8.609,-10.615,2.006,2511.512,2558.343,2464.682
2026-04-13,2479.28,2496.01,2465.5,2479.28,159500,2507.036,2508.214,2526.995,42.953,-10.387,-10.57,0.183,2508.214,2554.327,2462.101
2026-04-14,2502.9,2508.81,2482.23,2498.96,197900,2503.688,2506.188,2524.858,46.943,-10.091,-10.474,0.383,2506.188,2550.021,2462.355
2026-04-15,2509.79,2542.27,2504.87,2542.27,228400,2504.278,2506.52,2523.452,54.487,-6.29,-9.637,3.348,2506.52,2551.379,2461.66
2026-04-16,2558.02,2575.73,2550.14,2566.88,281400,2515.106,2507.264,2524.288,58.13,-1.276,-7.965,6.689,2507.264,2555.656,2458.872
2026-04-17,2575.73,2612.15,2573.76,2603.29,322900,2538.136,2511.656,2525.68,62.866,5.571,-5.258,10.828,2511.656,2576.369,2446.943
2026-04-20,2603.29,2605.26,2563.92,2575.73,169600,2557.426,2516.497,2526.693,57.559,8.673,-2.472,11.145,2516.497,2585.255,2447.739
2026-04-21,2570.81,2572.78,2543.25,2566.88,174300,2571.01,2519.742,2527.203,55.926,10.299,0.082,10.216,2519.742,2591.668,2447.816
2026-04-22,2560.97,2567.86,2536.36,2549.16,201500,2572.388,2522.101,2527.858,52.703,10.041,2.074,7.967,2522.101,2594.666,2449.536
2026-04-23,2537.35,2541.29,2511.76,2523.57,186200,2563.726,2523.324,2527.539,48.367,7.684,3.196,4.488,2523.324,2595.077,2451.572
2026-04-24,2495.03,2509.79,2478.29,2480.26,236000,2539.12,2522.094,2525.489,42.06,2.295,3.016,-0.721,2522.094,2595.991,2448.197
2026-04-27,2607.23,2611.17,2561.95,2571.8,612200,2538.334,2527.458,2526.059,55.321,5.349,3.482,1.866,2527.458,2599.305,2455.611
2026-04-28,2564.91,2582.62,2542.27,2560.97,239700,2537.152,2530.755,2527.239,53.753,6.816,4.149,2.667,2530.755,2602.388,2459.122
2026-04-30,2544.24,2559.99,2522.58,2553.1,221300,2537.94,2531.69,2528.03,52.587,7.261,4.771,2.489,2531.69,2604.008,2459.372
2026-05-01,2533.41,2555.06,2516.68,2554.08,198100,2544.042,2534.741,2528.591,52.725,7.604,5.338,2.266,2534.741,2605.325,2464.157
2026-05-07,2557.03,2564.91,2505.85,2537.35,421000,2555.46,2536.611,2528.626,50.056,6.452,5.561,0.891,2536.611,2605.269,2467.953
2026-05-08,2548.17,2570.81,2532.43,2561.95,346000,2553.49,2539.072,2528.998,53.762,7.438,5.936,1.502,2539.072,2607.655,2470.488
2026-05-11,2565.89,2579.67,2551.13,2566.88,285300,2554.672,2541.63,2530.046,54.491,8.52,6.453,2.067,2541.63,2610.361,2472.9
2026-05-12,2559.0,2592.47,2557.03,2562.94,218300,2556.64,2542.812,2531.4,53.762,8.955,6.953,2.002,2542.812,2612.184,2473.439
2026-05-13,2561.95,2584.59,2547.19,2556.05,215800,2557.034,2544.977,2532.366,52.44,8.645,7.292,1.353,2544.977,2613.089,2476.865
2026-05-14,2559.0,2561.95,2536.36,2550.14,208900,2559.592,2548.077,2532.444,51.275,7.832,7.4,0.432,2548.077,2610.721,2485.433
2026-05-15,2558.02,2620.02,2555.06,2620.02,539700,2571.206,2555.114,2533.209,62.018,12.68,8.456,4.224,2555.114,2616.831,2493.397
2026-05-18,2563.92,2655.46,2563.92,2598.37,705500,2577.504,2560.084,2533.771,57.768,14.607,9.686,4.921,2560.084,2618.694,2501.475
2026-05-19,2654.47,2689.9,2619.04,2689.9,594000,2602.896,2567.466,2537.049,67.81,23.252,12.399,10.853,2567.466,2649.238,2485.694
2026-05-20,2679.08,2684.98,2625.93,2636.76,282100,2619.038,2570.96,2539.898,59.034,25.521,15.023,10.497,2570.96,2658.402,2483.518
2026-05-21,2639.71,2642.66,2611.17,2628.88,358700,2634.786,2572.24,2542.648,57.838,26.379,17.295,9.084,2572.24,2662.38,2482.099
2026-05-22,2614.12,2646.6,2614.12,2633.8,262200,2637.542,2575.143,2544.822,58.405,27.143,19.264,7.879,2575.143,2669.404,2480.882
2026-05-25,2621.01,2627.9,2541.29,2584.59,353700,2634.786,2576.028,2545.59,51.022,23.507,20.113,3.394,2576.028,2670.295,2481.762
2026-05-26,2584.59,2598.37,2557.03,2557.03,217100,2608.212,2576.422,2545.556,47.407,18.192,19.729,-1.537,2576.422,2670.281,2482.563
2026-05-27,2556.05,2594.43,2535.38,2584.59,244400,2597.778,2579.473,2545.631,51.135,16.018,18.986,-2.968,2579.473,2670.007,2488.939
2026-05-28,2605.26,2617.07,2585.58,2601.32,417900,2592.266,2585.526,2546.541,53.299,15.468,18.283,-2.815,2585.526,2663.438,2507.614
2026-05-29,2598.37,2635.77,2594.43,2601.32,337800,2585.77,2587.002,2547.662,53.299,14.86,17.598,-2.738,2587.002,2664.938,2509.066
2026-06-01,2633.8,2675.14,2609.2,2672.19,448300,2603.29,2592.563,2550.317,61.644,19.868,18.052,1.816,2592.563,2678.172,2506.954
2026-06-02,2657.42,2657.42,2609.2,2634.79,267100,2618.842,2596.648,2552.3,55.961,20.582,18.558,2.024,2596.648,2682.124,2511.171
2026-06-03,2609.2,2643.65,2574.75,2643.65,317800,2630.654,2601.126,2554.133,56.973,21.613,19.169,2.444,2601.126,2686.598,2515.654
2026-06-04,2599.35,2618.06,2590.5,2613.13,163400,2633.016,2604.915,2556.086,52.498,19.741,19.284,0.457,2604.915,2685.034,2524.796
2026-06-05,2633.8,2669.24,2630.85,2651.52,192800,2643.056,2609.394,2559.539,57.066,21.111,19.649,1.462,2609.394,2689.413,2529.374
2026-06-08,2649.55,2680.06,2633.8,2664.31,242700,2641.48,2614.265,2562.785,58.498,22.964,20.312,2.652,2614.265,2695.244,2533.286
2026-06-09,2683.01,2684.0,2643.65,2652.5,182900,2645.022,2618.743,2565.796,56.62,23.212,20.892,2.32,2618.743,2697.651,2539.835
2026-06-10,2655.46,2665.3,2626.91,2657.42,141600,2647.776,2623.812,2568.962,57.236,23.535,21.421,2.114,2623.812,2698.683,2548.94
2026-06-11,2684.0,2690.89,2628.88,2642.66,152900,2653.682,2628.438,2571.718,54.726,22.341,21.605,0.737,2628.438,2695.129,2561.746
2026-06-12,2643.65,2644.63,2615.1,2624.94,165800,2648.366,2628.684,2574.926,51.789,19.739,21.231,-1.493,2628.684,2695.281,2562.086
2026-06-15,2627.9,2640.69,2593.45,2594.43,175000,2634.39,2628.486,2576.914,47.102,15.04,19.993,-4.953,2628.486,2695.483,2561.49
2026-06-16,2588.53,2605.26,2575.73,2603.29,172900,2624.548,2624.156,2578.292,48.558,11.895,18.374,-6.479,2624.156,2685.387,2562.925
2026-06-17,2627.9,2632.82,2600.34,2601.32,107700,2613.328,2622.384,2580.457,48.24,9.138,16.526,-7.389,2622.384,2684.128,2560.64
2026-06-18,2598.37,2615.1,2567.86,2578.69,280700,2600.534,2619.874,2582.032,44.626,5.068,14.235,-9.166,2619.874,2684.519,2555.23
2026-06-19,2568.84,2568.84,2534.4,2547.19,440500,2584.984,2615.544,2582.721,40.12,-0.691,11.25,-11.94,2615.544,2687.456,2543.632
2026-06-22,2549.16,2625.93,2543.25,2623.96,330300,2590.89,2617.512,2584.886,52.665,0.929,9.186,-8.256,2617.512,2687.998,2547.027
2026-06-23,2593.45,2593.45,2539.32,2560.97,234900,2582.426,2617.71,2585.319,44.438,-2.837,6.781,-9.618,2617.71,2687.502,2547.917
2026-06-24,2549.16,2561.95,2515.7,2524.55,202200,2567.072,2614.708,2585.555,40.499,-8.661,3.693,-12.353,2614.708,2694.89,2534.525
2026-06-25,2544.24,2554.08,2507.82,2511.76,265300,2553.686,2610.23,2586.028,39.186,-14.145,0.125,-14.27,2610.23,2702.632,2517.827
2026-06-26,2536.36,2577.7,2516.68,2577.7,422100,2559.788,2609.048,2587.996,48.466,-13.02,-2.504,-10.516,2609.048,2702.528,2515.569
2026-06-29,2602.31,2651.52,2582.62,2642.66,502900,2563.528,2607.572,2590.87,55.647,-6.809,-3.365,-3.444,2607.572,2697.726,2517.418
2026-06-30,2667.27,2695.81,2647.58,2664.31,497400,2584.196,2609.048,2593.311,57.76,-0.138,-2.719,2.582,2609.048,2702.001,2516.095
2026-07-01,2652.5,2696.79,2624.94,2695.81,359700,2618.448,2611.656,2595.89,60.693,7.603,-0.655,8.258,2611.656,2711.378,2511.934
2026-07-02,2695.81,2774.55,2687.94,2761.75,555300,2668.446,2619.087,2599.059,66.014,18.842,3.244,15.597,2619.087,2739.313,2498.861
2026-07-03,2794.23,2808.01,2756.83,2768.64,342900,2706.634,2624.943,2602.917,66.524,27.982,8.192,19.79,2624.943,2762.045,2487.841
2026-07-06,2778.48,2823.76,2771.6,2823.76,289600,2742.854,2632.916,2608.055,70.356,39.221,14.398,24.823,2632.916,2795.78,2470.051
2026-07-07,2827.7,2930.06,2823.76,2893.64,515700,2788.72,2644.973,2614.944,74.363,53.154,22.149,31.005,2644.973,2845.33,2444.615
2026-07-08,2906.43,2943.84,2876.91,2895.61,234600,2828.68,2656.882,2622.385,74.468,63.622,30.443,33.178,2656.882,2886.53,2427.234
2026-07-09,2890.69,2915.29,2862.14,2878.88,288300,2852.106,2668.693,2630.357,71.785,69.763,38.307,31.456,2668.693,2918.66,2418.726
2026-07-10,2878.88,2918.25,2857.22,2886.75,225000,2875.728,2681.784,2636.656,72.29,74.408,45.527,28.88,2681.784,2948.934,2414.633
2026-07-13,2882.81,2893.64,2848.37,2861.16,265300,2883.208,2695.12,2642.66,68.021,75.157,51.453,23.704,2695.12,2970.416,2419.824
2026-07-14,2869.03,2921.2,2865.1,2897.58,294900,2883.996,2709.834,2649.55,70.675,77.793,56.721,21.072,2709.834,2995.72,2423.949
2026-07-15,2903.48,2924.15,2886.75,2891.67,208600,2883.208,2724.352,2656.302,69.665,78.501,61.077,17.423,2724.352,3016.456,2432.248
2026-07-16,2907.42,2940.88,2899.55,2911.36,303300,2889.704,2740.986,2663.782,71.145,79.731,64.808,14.923,2740.986,3036.038,2445.933
2026-07-17,2901.51,2943.84,2887.73,2911.36,346600,2894.626,2759.194,2670.77,71.145,79.786,67.804,11.983,2759.194,3048.787,2469.601
2026-07-21,2899.55,2950.73,2883.8,2913.32,370200,2905.058,2773.662,2677.699,71.307,79.077,70.058,9.018,2773.662,3063.72,2483.604
2026-07-22,2893.64,2901.51,2846.4,2861.16,214400,2897.774,2788.672,2683.663,61.442,73.459,70.738,2.72,2788.672,3063.031,2514.312
2026-07-23,2813.92,2824.74,2775.53,2779.47,276000,2875.334,2801.418,2688.132,49.818,61.703,68.931,-7.228,2801.418,3046.204,2556.631
2026-07-24,2791.28,2797.19,2765.69,2782.42,157400,2849.546,2814.95,2692.777,50.185,52.025,65.55,-13.525,2814.95,3018.818,2611.083
2026-07-27,2828.68,2850.33,2814.9,2838.52,239300,2834.978,2827.992,2697.147,56.666,48.325,62.105,-13.78,2827.992,2998.616,2657.367
2026-07-28,2847.38,2893.64,2839.51,2882.81,367900,2828.876,2839.999,2702.836,60.983,48.409,59.366,-10.957,2839.999,2988.01,2691.988
2026-07-29,2849.35,2972.38,2849.35,2946.79,543600,2846.002,2854.123,2707.974,66.218,53.026,58.098,-5.072,2854.123,2984.392,2723.854
2026-07-30,2967.46,2977.3,2905.45,2943.84,350200,2878.876,2866.524,2714.115,65.779,55.805,57.639,-1.835,2866.524,2979.398,2753.651
2026-07-31,2869.03,2902.5,2847.38,2850.33,293200,2892.458,2870.954,2718.544,53.657,49.886,56.089,-6.203,2870.954,2972.944,2768.963
2026-08-03,3149.54,3346.39,3124.93,3346.39,1687500,2994.032,2899.841,2732.796,77.425,84.252,61.721,22.531,2899.841,3128.471,2671.211
2026-08-04,3297.17,3311.94,3159.38,3159.38,730100,3049.346,2916.622,2744.292,64.082,95.298,68.437,26.862,2916.622,3169.701,2663.543
2026-08-05,3198.75,3198.75,3095.41,3164.3,661300,3092.848,2930.155,2756.437,64.256,103.26,75.401,27.858,2930.155,3205.983,2654.327
2026-08-06,3169.22,3213.52,3120.01,3159.38,313100,3135.956,2943.344,2767.933,63.922,107.928,81.907,26.021,2943.344,3236.873,2649.814
2026-08-07,3188.91,3238.12,3149.54,3223.36,364100,3210.562,2960.568,2780.374,66.373,115.459,88.617,26.842,2960.568,3277.652,2643.483
2026-08-10,3247.96,3316.86,3228.28,3282.41,490600,3197.766,2980.35,2793.996,68.5,124.754,95.845,28.91,2980.35,3326.117,2634.584
2026-08-12,3287.33,3302.1,3233.2,3267.65,290000,3219.42,3000.675,2805.905,67.354,129.438,102.563,26.875,3000.675,3364.27,2637.08
2026-08-13,3238.12,3257.81,3213.52,3233.2,253100,3233.2,3017.456,2817.873,64.633,128.884,107.827,21.057,3017.456,3391.837,2643.075
2026-08-14,3233.2,3272.57,3198.75,3272.57,234200,3255.838,3036.501,2830.452,66.308,130.122,112.286,17.836,3036.501,3422.512,2650.49
2026-08-17,3257.81,3287.33,3238.12,3252.88,195200,3261.742,3053.577,2843.247,64.659,128.038,115.437,12.602,3053.577,3446.434,2660.72
2026-08-18,3287.33,3385.76,3267.65,3375.91,567800,3280.442,3076.804,2857.734,69.725,134.761,119.302,15.46,3076.804,3488.727,2664.882
2026-08-19,3395.6,3410.36,3336.54,3385.76,275100,3304.064,3100.426,2872.163,70.095,139.278,123.297,15.981,3100.426,3526.806,2674.047
2026-08-20,3415.28,3479.26,3410.36,3454.65,577100,3348.354,3130.101,2888.206,72.613,146.726,127.983,18.743,3130.101,3568.798,2691.404
2026-08-21,3479.26,3508.78,3449.73,3474.34,493800,3388.708,3164.844,2904.545,73.305,152.459,132.878,19.581,3164.844,3596.628,2733.061
2026-08-24,3503.86,3553.08,3474.34,3503.86,334500,3438.904,3200.917,2921.769,74.352,157.569,137.816,19.752,3200.917,3618.488,2783.345
2026-08-25,3503.86,3518.63,3479.26,3508.78,291000,3465.478,3234.429,2939.446,74.531,160.169,142.287,17.882,3234.429,3636.849,2832.01
2026-08-26,3518.63,3626.89,3518.63,3607.21,524600,3509.768,3270.65,2959.701,77.863,168.232,147.476,20.756,3270.65,3670.206,2871.093
2026-08-27,3562.92,3651.5,3523.55,3528.47,281200,3524.532,3299.734,2978.205,69.976,166.351,151.251,15.101,3299.734,3684.437,2915.03
2026-08-28,3548.15,3592.44,3518.63,3538.31,283300,3537.326,3329.457,2996.945,70.38,163.767,153.754,10.013,3329.457,3689.449,2969.465
2026-08-31,3543.23,3587.52,3503.86,3582.6,323400,3553.074,3366.071,3017.023,72.193,163.409,155.685,7.724,3366.071,3664.586,3067.555
2026-09-01,3597.37,3749.92,3597.37,3681.03,1017400,3587.524,3382.803,3039.7,75.745,169.119,158.372,10.747,3382.803,3712.553,3053.052
2026-09-02,3705.63,3764.68,3626.89,3641.66,565400,3594.414,3406.917,3060.054,71.794,168.524,160.402,8.122,3406.917,3738.405,3075.428
2026-09-03,3641.66,3641.66,3553.07,3577.68,308800,3604.256,3427.586,3080.388,65.789,161.034,160.528,0.505,3427.586,3746.698,3108.473
2026-09-04,3646.58,3661.34,3577.68,3597.37,377700,3616.068,3449.485,3101.844,66.712,154.901,159.403,-4.502,3449.485,3750.713,3148.257
2026-09-07,3543.23,3543.23,3474.34,3498.94,249300,3599.336,3463.264,3121.588,58.252,140.478,155.618,-15.14,3463.264,3745.556,3180.972
2026-09-08,3474.34,3484.18,3444.81,3469.42,191900,3557.014,3472.614,3139.422,55.96,125.223,149.539,-24.316,3472.614,3741.767,3203.462
2026-09-09,3464.49,3464.49,3385.76,3405.44,276700,3509.77,3479.504,3154.678,51.253,106.74,140.979,-34.239,3479.504,3733.175,3225.833
2026-09-10,3430.05,3558.0,3400.52,3548.15,363600,3503.864,3495.252,3172.355,59.447,102.427,133.269,-30.842,3495.252,3722.243,3268.26
2026-09-11,3518.63,3621.97,3508.78,3592.44,316300,3502.878,3511.245,3190.287,61.604,101.414,126.898,-25.484,3511.245,3716.177,3306.313
2026-09-14,3661.34,3749.92,3656.42,3725.32,442400,3548.154,3534.867,3209.559,67.235,110.064,123.531,-13.467,3534.867,3722.597,3347.137
2026-09-15,3764.68,3779.45,3725.32,3764.68,294000,3607.206,3554.305,3229.479,68.699,118.727,122.57,-3.843,3554.305,3752.928,3355.683
2026-09-16,3784.37,3789.29,3676.1,3685.95,376600,3663.308,3569.315,3246.723,62.666,117.881,121.632,-3.751,3569.315,3759.5,3379.13
2026-09-17,3705.63,3823.74,3705.63,3779.45,354600,3709.568,3585.555,3264.439,66.436,123.333,121.973,1.361,3585.555,3789.486,3381.624
2026-09-18,3759.76,3764.68,3710.55,3749.92,228000,3741.064,3599.334,3281.526,64.23,123.844,122.347,1.497,3599.334,3808.791,3389.877
2026-09-24,3740.08,3804.05,3720.39,3764.68,421500,3748.936,3612.375,3299.242,64.858,124.01,122.68,1.33,3612.375,3829.153,3395.597
2026-09-25,3784.37,3784.37,3745.0,3769.61,304700,3749.922,3625.416,3316.899,65.079,123.12,122.768,0.353,3625.416,3847.277,3403.556
2026-09-28,3764.68,3774.53,3715.47,3745.0,360500,3761.732,3632.306,3334.576,62.955,119.057,122.025,-2.969,3632.306,3860.26,3404.352
2026-09-29,3725.0,3745.0,3680.0,3700.0,52900,3745.842,3640.882,3350.624,59.153,110.927,119.806,-8.879,3640.882,3865.266,3416.499
