Date,Open,High,Low,Close,Volume,SMA5,SMA20,SMA50,RSI,MACD,MACD_signal,MACD_hist,BB_mid,BB_upper,BB_lower
2021-09-09,563.25,566.91,555.01,563.25,515000,,,,,0.0,0.0,0.0,,,
2021-09-10,566.0,567.83,554.09,554.09,540400,,,,,-0.731,-0.146,-0.585,,,
2021-09-13,547.68,551.34,532.11,546.77,934100,,,,,-1.879,-0.493,-1.386,,,
2021-09-14,549.51,567.83,548.6,567.83,694000,,,,,-1.077,-0.61,-0.467,,,
2021-09-15,558.67,561.42,542.19,542.19,751600,554.826,,,,-2.482,-0.984,-1.498,,,
2021-09-16,540.35,540.35,522.95,527.53,808500,547.682,,,,-4.724,-1.732,-2.992,,,
2021-09-17,518.37,526.62,511.05,519.29,1202600,540.722,,,,-7.083,-2.802,-4.281,,,
2021-09-21,500.97,533.94,499.14,533.94,1195300,538.156,,,,-7.683,-3.778,-3.905,,,
2021-09-22,533.03,537.61,523.87,530.28,578100,530.646,,,,-8.357,-4.694,-3.663,,,
2021-09-24,545.85,555.92,543.1,554.09,882200,533.026,,,,-6.891,-5.133,-1.757,,,
2021-09-27,563.25,590.73,563.25,586.15,1382100,544.75,,,,-3.106,-4.728,1.622,,,
2021-09-28,594.39,599.89,579.74,587.98,937700,558.488,,,,0.041,-3.774,3.815,,,
2021-09-29,584.32,622.78,580.65,622.78,1787600,576.256,,,,5.282,-1.963,7.245,,,
2021-09-30,631.02,635.6,614.54,620.95,1708000,594.39,,,,9.182,0.266,8.916,,,
2021-10-01,614.54,616.37,589.81,603.55,1363100,604.282,,,63.214,10.745,2.362,8.383,,,
2021-10-04,621.87,653.0,619.12,653.0,2803200,617.652,,,73.246,15.792,5.048,10.744,,,
2021-10-05,644.76,644.76,614.54,638.35,2047200,627.726,,,67.383,18.397,7.718,10.679,,,
2021-10-06,633.77,635.6,577.9,587.06,2656700,620.582,,,51.762,16.137,9.402,6.736,,,
2021-10-07,577.9,577.9,557.76,566.0,1611600,609.592,,,46.95,12.503,10.022,2.481,,,
2021-10-08,573.33,598.05,569.66,592.56,1033200,607.394,574.882,,52.898,11.632,10.344,1.288,574.882,651.816,497.948
2021-10-11,598.05,616.37,591.64,616.37,1087700,600.068,577.538,,57.498,12.716,10.818,1.898,577.538,656.424,498.652
2021-10-12,613.62,613.62,595.31,609.04,862300,594.206,580.286,,55.695,12.836,11.222,1.614,580.286,659.559,501.012
2021-10-13,602.63,614.54,594.39,595.31,858900,595.856,582.712,,52.381,11.688,11.315,0.373,582.712,660.626,504.799
2021-10-14,641.1,680.48,614.54,620.03,6226900,606.662,585.322,,57.306,12.628,11.578,1.05,585.322,664.622,506.023
2021-10-15,629.19,637.44,607.21,610.88,2062500,610.326,588.757,,55.037,12.49,11.76,0.73,588.757,666.117,511.397
2021-10-18,608.13,629.19,605.38,624.61,1581700,611.974,593.611,,57.741,13.335,12.075,1.26,593.611,666.87,520.352
2021-10-19,631.94,642.93,627.36,637.44,1228900,617.654,599.518,,60.153,14.869,12.634,2.235,599.518,666.312,532.725
2021-10-20,638.35,652.09,625.53,652.09,1729500,629.01,605.426,,62.766,17.069,13.521,3.549,605.426,668.6,542.252
2021-10-21,645.68,679.56,644.76,653.92,3398200,635.788,611.608,,63.092,18.745,14.566,4.179,611.608,667.611,555.605
2021-10-22,649.34,661.25,638.35,640.18,1369200,641.648,615.912,,58.925,18.748,15.402,3.346,615.912,666.248,565.577
2021-10-25,633.77,642.93,620.95,626.45,1221500,642.016,617.928,,55.016,17.442,15.81,1.632,617.928,666.44,569.415
2021-10-26,629.19,640.18,627.36,630.11,700600,640.55,620.034,,55.856,16.511,15.95,0.561,620.034,666.695,573.373
2021-10-27,634.69,635.6,618.2,631.94,540200,636.52,620.492,,56.296,15.74,15.908,-0.168,620.492,667.445,573.539
2021-10-28,622.78,632.86,616.37,629.19,680400,631.574,620.904,,55.403,14.737,15.674,-0.937,620.904,668.018,573.79
2021-10-29,627.36,644.76,621.87,638.35,764100,631.208,622.644,,57.805,14.514,15.442,-0.928,622.644,669.63,575.658
2021-11-01,641.1,646.59,632.86,641.1,562900,634.138,622.049,,58.527,14.394,15.233,-0.839,622.049,667.699,576.399
2021-11-02,642.93,653.92,635.6,643.85,797000,636.886,622.324,,59.278,14.355,15.057,-0.702,622.324,668.451,576.197
2021-11-04,647.51,649.34,632.86,634.69,765900,637.436,624.706,,55.664,13.429,14.731,-1.302,624.706,667.998,581.413
2021-11-05,632.86,638.35,625.53,636.52,541000,638.902,628.232,,56.238,12.698,14.325,-1.627,628.232,661.783,594.68
2021-11-08,643.85,667.66,640.18,661.25,2526200,643.482,631.666,,63.176,13.952,14.25,-0.298,631.666,663.879,599.453
2021-11-09,662.16,674.99,655.75,670.41,1544700,649.344,634.368,,65.366,15.507,14.502,1.006,634.368,670.057,598.679
2021-11-10,674.07,680.48,655.75,664.91,1173900,653.556,637.162,,62.945,16.11,14.823,1.287,637.162,673.247,601.076
2021-11-11,664.0,686.89,663.08,679.56,1522200,662.53,641.374,,66.504,17.567,15.372,2.195,641.374,676.547,606.201
2021-11-12,685.98,698.8,666.74,670.41,1823500,669.308,643.893,,62.469,17.779,15.853,1.925,643.893,679.838,607.948
2021-11-15,673.15,679.56,655.75,658.5,848100,668.758,646.274,,57.572,16.792,16.041,0.751,646.274,679.193,613.355
2021-11-16,661.25,669.49,658.5,664.91,460700,667.658,648.289,,59.416,16.338,16.1,0.238,648.289,680.551,616.027
2021-11-17,664.91,666.74,634.69,643.85,1238200,663.446,648.61,,51.497,14.117,15.704,-1.587,648.61,680.544,616.675
2021-11-18,638.35,647.51,624.61,631.02,951600,653.738,647.556,,47.356,11.192,14.802,-3.609,647.556,680.384,614.728
2021-11-19,627.36,627.36,605.38,609.04,892700,641.464,645.312,,41.239,7.02,13.245,-6.225,645.312,682.194,608.43
2021-11-22,604.46,609.04,596.22,608.13,475900,631.39,643.71,612.634,41.003,3.599,11.316,-7.717,643.71,684.144,603.275
2021-11-24,620.95,620.95,587.98,590.73,559200,616.554,641.924,613.184,36.677,-0.511,8.95,-9.462,641.924,688.289,595.558
2021-11-25,598.05,602.63,590.73,601.72,420700,608.128,640.504,614.136,40.917,-2.849,6.591,-9.439,640.504,690.023,590.985
2021-11-26,592.56,595.31,566.0,570.58,816900,596.04,637.436,614.612,33.976,-7.131,3.846,-10.978,637.436,695.972,578.9
2021-11-29,543.1,563.25,536.69,542.19,1524800,582.67,633.086,614.1,29.125,-12.67,0.543,-13.213,633.086,705.49,560.682
2021-11-30,555.01,566.0,544.93,547.68,1069400,570.58,628.552,614.209,31.171,-16.428,-2.851,-13.577,628.552,710.318,546.787
2021-12-01,544.02,547.68,530.28,543.1,830600,561.054,623.652,614.521,30.383,-19.55,-6.191,-13.359,623.652,713.589,533.716
2021-12-02,535.78,543.1,523.87,523.87,840100,545.484,617.654,614.612,27.266,-23.307,-9.614,-13.693,617.654,717.39,517.917
2021-12-03,537.61,564.17,537.61,564.17,1182300,544.202,614.127,615.217,40.941,-22.77,-12.245,-10.525,614.127,716.284,511.971
2021-12-06,562.34,568.75,553.18,562.34,578200,548.232,610.418,615.858,40.568,-22.236,-14.243,-7.993,610.418,714.52,506.317
2021-12-07,582.48,598.05,576.99,598.05,751000,558.306,607.258,616.737,50.119,-18.716,-15.138,-3.578,607.258,708.665,505.852
2021-12-08,596.22,603.55,588.9,597.14,468600,569.114,603.595,616.957,49.899,-15.817,-15.274,-0.543,603.595,700.594,506.596
2021-12-09,600.8,607.21,592.56,595.31,344000,583.402,600.115,617.104,49.429,-13.511,-14.921,1.41,600.115,692.748,507.482
2021-12-10,589.81,593.47,579.74,582.48,409700,587.064,595.261,616.298,46.147,-12.574,-14.452,1.877,595.261,680.222,510.3
2021-12-13,586.15,591.64,577.9,584.32,324800,591.46,590.956,615.565,46.693,-11.55,-13.872,2.321,590.956,668.265,513.648
2021-12-14,575.16,581.57,568.75,572.41,436500,586.332,586.652,614.942,43.608,-11.567,-13.411,1.844,586.652,657.437,515.867
2021-12-15,571.49,591.64,569.66,581.57,549500,583.218,582.485,613.514,46.534,-10.717,-12.872,2.155,582.485,642.929,522.041
2021-12-16,590.73,590.73,578.82,580.65,276500,580.286,579.325,612.36,46.275,-10.002,-12.298,2.296,579.325,632.423,526.227
2021-12-17,576.99,576.99,555.92,561.42,556800,576.074,575.845,611.847,41.11,-10.862,-12.011,1.148,575.845,623.524,528.166
2021-12-20,546.77,557.76,529.36,529.36,1001600,565.082,571.861,611.114,34.247,-13.97,-12.403,-1.567,571.861,621.15,522.572
2021-12-21,536.69,550.43,536.69,549.51,486200,560.502,568.93,610.253,40.922,-14.638,-12.85,-1.788,568.93,616.063,521.797
2021-12-22,556.84,572.41,549.51,557.76,880100,555.74,567.281,609.081,43.454,-14.337,-13.147,-1.19,567.281,613.501,521.062
2021-12-23,564.17,571.49,556.84,571.49,435800,553.908,565.77,608.33,47.486,-12.842,-13.086,0.244,565.77,609.137,522.403
2021-12-24,572.41,584.32,571.49,571.49,414000,555.922,565.816,607.854,47.486,-11.524,-12.774,1.249,565.816,609.206,522.425
2021-12-27,566.91,566.91,558.67,563.25,345800,562.7,566.868,606.718,45.241,-11.018,-12.423,1.405,566.868,608.844,524.893
2021-12-28,567.83,570.58,555.01,563.25,296700,565.448,567.647,605.765,45.241,-10.496,-12.037,1.541,567.647,608.691,526.603
2021-12-29,567.83,575.16,564.17,575.16,305500,568.928,569.25,604.776,49.263,-9.017,-11.433,2.416,569.25,608.732,529.768
2021-12-30,567.83,568.75,556.84,561.42,300300,566.914,571.127,603.256,45.143,-8.852,-10.917,2.065,571.127,604.644,537.611
2022-01-04,572.41,580.65,562.34,576.99,331900,568.014,571.768,601.754,50.223,-7.379,-10.209,2.83,571.768,605.215,538.322
2022-01-05,575.16,578.82,560.5,560.5,467100,567.464,571.676,599.886,45.425,-7.457,-9.659,2.202,571.676,605.242,538.111
2022-01-06,549.51,549.51,533.03,535.78,732700,561.97,568.563,597.798,39.356,-9.405,-9.608,0.203,568.563,603.357,533.769
2022-01-07,540.35,548.6,536.69,543.1,402900,555.558,565.861,596.131,41.834,-10.24,-9.734,-0.505,565.861,599.691,532.031
2022-01-11,547.68,571.49,546.77,571.49,789600,557.572,564.67,594.958,50.315,-8.513,-9.49,0.977,564.67,595.696,533.644
2022-01-12,572.41,579.74,568.75,570.58,387800,556.29,564.075,593.731,50.063,-7.135,-9.019,1.884,564.075,594.103,534.047
2022-01-13,570.58,574.24,558.67,565.08,379400,557.206,563.113,592.449,48.483,-6.413,-8.498,2.085,563.113,591.604,534.622
2022-01-14,536.69,542.19,520.21,533.03,1164000,556.656,561.144,590.342,40.466,-8.331,-8.464,0.133,561.144,592.252,530.036
2022-01-17,529.36,555.01,527.53,549.51,583300,557.938,559.541,588.511,45.46,-8.424,-8.456,0.032,559.541,589.5,529.582
2022-01-18,555.92,576.07,555.01,567.83,775100,557.206,558.9,586.99,50.437,-6.94,-8.153,1.213,558.9,587.474,530.326
2022-01-19,560.5,566.0,538.52,540.35,708300,551.16,557.846,585.103,43.957,-7.89,-8.1,0.211,557.846,587.56,528.133
2022-01-20,536.69,553.18,531.2,552.26,487500,548.596,558.992,583.418,47.128,-7.594,-7.999,0.405,558.992,585.696,532.287
2022-01-21,543.1,566.0,538.52,565.08,581800,555.006,559.77,581.495,50.382,-6.253,-7.65,1.397,559.77,586.217,533.323
2022-01-24,555.92,562.34,545.85,555.92,357700,556.288,559.678,579.205,48.104,-5.862,-7.292,1.43,559.678,586.167,533.189
2022-01-25,558.67,558.67,532.11,534.86,769000,549.694,557.846,576.604,43.261,-7.169,-7.268,0.099,557.846,585.915,529.778
2022-01-26,538.52,545.85,535.78,541.27,348800,549.878,556.335,573.838,45.073,-7.6,-7.334,-0.266,556.335,584.565,528.106
2022-01-27,545.85,548.6,523.87,529.36,593500,545.298,554.641,571.017,42.365,-8.801,-7.627,-1.173,554.641,585.103,524.179
2022-01-28,533.03,543.1,523.87,541.27,396100,540.536,553.542,568.673,45.868,-8.691,-7.84,-0.851,553.542,584.281,522.803
2022-01-31,537.61,566.91,537.61,566.0,719800,542.552,553.084,566.694,52.344,-6.534,-7.579,1.045,553.084,582.72,523.448
2022-02-01,568.75,570.58,554.09,555.92,332800,546.764,552.809,564.936,49.732,-5.573,-7.178,1.605,552.809,582.221,523.397
2022-02-02,565.08,584.32,559.59,583.4,665700,555.19,553.13,563.983,56.155,-2.565,-6.255,3.69,553.13,583.765,522.494
2022-02-03,576.07,583.4,568.75,575.16,363900,564.35,553.862,563.306,53.93,-0.836,-5.171,4.335,553.862,585.91,521.815
2022-02-04,575.16,607.21,566.91,603.55,760700,576.806,557.251,563.214,59.835,2.793,-3.578,6.371,557.251,595.061,519.441
2022-02-07,597.14,600.8,586.15,588.9,524400,581.386,559.541,563.178,55.856,4.436,-1.976,6.411,559.541,599.243,519.839
2022-02-08,596.22,609.04,590.73,607.21,449000,591.644,561.327,563.287,59.483,7.133,-0.154,7.287,561.327,606.173,516.481
2022-02-09,608.13,612.71,593.47,594.39,426300,593.842,562.518,563.764,56.013,8.142,1.505,6.637,562.518,609.605,515.43
2022-02-10,607.21,610.88,596.22,606.3,431000,600.07,564.578,565.046,58.438,9.79,3.162,6.628,564.578,615.584,513.573
2022-02-14,597.14,603.55,590.73,598.97,471800,599.154,567.876,566.072,56.378,10.384,4.607,5.778,567.876,618.819,516.932
2022-02-15,596.22,609.04,591.64,598.05,568600,600.984,570.302,567.171,56.111,10.659,5.817,4.842,570.302,622.179,518.426
2022-02-16,609.04,609.04,595.31,600.8,459900,599.702,571.951,568.709,56.771,10.971,6.848,4.124,571.951,625.563,518.339
2022-02-17,602.63,612.71,596.22,603.55,567300,601.534,575.111,569.497,57.46,11.311,7.74,3.57,575.111,628.329,521.893
2022-02-18,594.39,603.55,590.73,598.97,549600,600.068,577.446,570.229,55.863,11.083,8.409,2.674,577.446,630.542,524.351
2022-02-21,593.47,593.47,577.9,581.57,601700,596.588,578.271,569.9,50.16,9.389,8.605,0.784,578.271,631.069,525.473
2022-02-22,587.06,609.96,582.48,596.22,1276700,596.222,580.286,569.881,54.382,9.124,8.709,0.416,580.286,632.566,528.006
2022-02-24,588.9,590.73,562.34,566.0,1018300,589.262,581.843,569.295,45.768,6.402,8.247,-1.845,581.843,630.129,533.557
2022-02-25,571.53,591.81,569.69,591.81,589400,586.914,584.37,569.482,52.665,6.255,7.849,-1.594,584.37,628.856,539.884
2022-02-28,580.75,597.34,567.84,588.12,660300,584.744,587.308,569.558,51.653,5.774,7.434,-1.66,587.308,623.481,551.135
2022-03-01,589.04,596.42,581.67,588.12,398200,586.054,589.65,569.872,51.653,5.332,7.014,-1.682,589.65,618.622,560.679
2022-03-02,574.3,581.67,566.92,577.98,508800,582.406,590.25,569.8,48.674,4.116,6.434,-2.318,590.25,617.613,562.886
2022-03-03,580.75,603.79,580.75,601.95,707700,589.596,592.551,570.226,55.245,5.028,6.153,-1.125,592.551,615.071,570.031
2022-03-04,599.18,601.95,584.44,590.89,537200,589.412,592.926,570.816,51.941,4.803,5.883,-1.08,592.926,615.05,570.801
2022-03-07,581.67,581.67,556.78,563.23,810400,584.434,592.329,571.493,44.735,2.366,5.18,-2.814,592.329,616.971,567.687
2022-03-08,554.01,571.53,547.56,556.78,688700,578.166,589.99,571.638,43.229,-0.085,4.127,-4.212,589.99,618.691,561.29
2022-03-09,564.15,575.22,559.55,562.31,652000,575.032,588.661,571.729,44.94,-1.564,2.989,-4.552,588.661,619.923,557.399
2022-03-10,580.75,603.79,578.9,601.95,839900,575.032,588.398,572.339,55.335,0.458,2.483,-2.024,588.398,619.087,557.709
2022-03-11,598.26,609.32,594.58,603.79,493100,577.612,588.868,572.985,55.753,2.184,2.423,-0.239,588.868,620.224,557.512
2022-03-14,613.01,634.21,612.09,628.68,641200,590.702,589.987,574.293,61.057,5.496,3.038,2.459,589.987,625.309,554.665
2022-03-15,631.45,645.28,625.0,633.29,670500,606.004,591.703,575.694,61.966,8.397,4.109,4.288,591.703,631.865,551.541
2022-03-16,634.21,650.81,630.53,648.04,779400,623.15,594.202,577.152,64.798,11.75,5.638,6.113,594.202,641.599,546.806
2022-03-17,657.26,657.26,629.6,639.74,664700,630.708,596.15,578.718,62.0,13.582,7.226,6.355,596.15,647.704,544.595
2022-03-18,632.37,647.12,631.45,644.35,488200,638.82,598.19,580.065,62.957,15.229,8.827,6.402,598.19,654.028,542.351
2022-03-22,647.12,648.04,635.14,642.51,322900,641.586,600.366,581.705,62.283,16.2,10.302,5.898,600.366,659.623,541.11
2022-03-23,645.28,648.04,639.74,640.67,411100,643.062,603.322,583.803,61.573,16.629,11.567,5.062,603.322,664.495,542.148
2022-03-24,633.29,651.73,631.45,649.88,430700,643.43,606.004,585.939,63.798,17.51,12.756,4.755,606.004,670.484,541.525
2022-03-25,649.88,653.57,639.74,646.2,263600,644.722,610.014,587.433,62.247,17.708,13.746,3.962,610.014,673.992,546.037
2022-03-28,644.35,651.73,639.74,650.81,439900,646.014,612.964,589.038,63.446,18.028,14.603,3.426,612.964,678.821,547.108
2022-03-29,648.04,648.96,636.06,639.74,408400,645.46,615.546,590.531,58.632,17.191,15.12,2.071,615.546,681.348,549.743
2022-03-30,644.35,648.96,636.06,648.96,412600,647.118,618.588,592.849,61.268,17.075,15.511,1.563,618.588,684.677,552.498
2022-03-31,645.28,645.28,636.98,638.82,279600,644.906,621.63,594.636,56.969,15.98,15.605,0.375,621.63,685.409,557.85
2022-04-01,638.82,651.73,633.29,645.28,487100,644.722,623.796,596.185,58.945,15.455,15.575,-0.12,623.796,687.704,559.888
2022-04-04,646.2,650.81,639.74,649.88,365300,644.536,626.746,598.375,60.342,15.235,15.507,-0.272,626.746,689.697,563.794
2022-04-05,651.73,665.56,648.04,657.26,869700,648.04,631.447,600.475,62.544,15.478,15.501,-0.023,631.447,688.162,574.732
2022-04-06,656.34,669.24,649.88,668.32,676000,651.912,637.024,602.54,65.624,16.374,15.676,0.698,637.024,683.908,590.14
2022-04-07,662.79,665.56,651.73,656.34,600200,655.416,641.725,604.548,59.88,15.934,15.727,0.206,641.725,673.481,609.97
2022-04-08,662.79,662.79,640.67,657.26,438300,657.812,644.491,606.996,60.168,15.481,15.678,-0.197,644.491,670.834,618.148
2022-04-11,651.73,657.26,640.67,641.59,375100,656.154,646.381,609.003,53.16,13.699,15.282,-1.583,646.381,664.6,628.162
2022-04-12,641.59,644.35,613.01,614.86,499600,647.674,645.69,610.713,43.791,10.015,14.229,-4.214,645.69,667.442,623.938
2022-04-13,612.09,627.76,601.95,626.84,450800,639.378,645.368,612.424,48.197,7.97,12.977,-5.007,645.368,668.064,622.671
2022-04-14,653.57,719.02,649.88,708.88,4318700,649.886,648.41,615.282,67.176,12.822,12.946,-0.124,648.41,684.795,612.024
2022-04-15,709.8,737.46,705.19,715.33,2163200,661.5,652.189,618.47,68.164,16.991,13.755,3.236,652.189,698.994,605.384
2022-04-18,716.26,756.82,712.57,721.79,1817500,677.54,656.061,621.238,69.164,20.58,15.12,5.46,656.061,712.048,600.074
2022-04-19,719.02,719.02,698.74,708.88,946900,696.344,659.38,623.912,64.782,22.127,16.521,5.605,659.38,719.686,599.073
2022-04-20,708.88,731.0,700.58,720.86,888800,715.148,663.389,626.258,66.879,24.042,18.025,6.017,663.389,728.896,597.882
2022-04-21,731.0,754.05,723.63,752.21,1165900,723.814,668.506,629.525,71.639,27.77,19.974,7.795,668.506,744.686,592.325
2022-04-22,750.36,760.5,738.38,747.6,847500,730.268,673.576,632.332,70.045,30.006,21.981,8.025,673.576,756.687,590.464
2022-04-25,734.69,739.3,712.57,728.24,872500,731.558,677.447,635.009,63.641,29.872,23.559,6.313,677.447,763.263,591.631
2022-04-26,731.0,731.0,717.18,717.18,511100,733.218,681.319,637.227,60.252,28.544,24.556,3.988,681.319,766.959,595.679
2022-04-27,703.35,716.26,692.29,710.72,837900,731.19,684.407,639.462,58.299,26.663,24.977,1.686,684.407,769.587,599.227
2022-04-28,710.72,719.94,695.05,714.41,568400,723.63,688.186,641.789,59.114,25.18,25.018,0.162,688.186,771.538,604.835
2022-05-02,706.12,706.12,689.52,697.82,539900,713.674,690.814,643.73,54.003,22.408,24.496,-2.088,690.814,771.748,609.879
2022-05-06,694.13,704.27,684.91,697.82,414100,707.59,693.21,645.615,54.003,19.98,23.593,-3.613,693.21,771.848,614.573
2022-05-09,695.05,707.04,675.7,704.27,766300,705.008,695.561,647.721,55.729,18.365,22.547,-4.182,695.561,772.465,618.657
2022-05-10,690.44,696.9,653.57,660.02,1466900,694.868,695.146,649.29,43.632,13.36,20.71,-7.349,695.146,772.755,617.537
2022-05-11,664.63,670.16,655.42,660.02,472100,683.99,695.33,650.566,43.632,9.287,18.425,-9.138,695.33,772.569,618.091
2022-05-12,654.49,673.85,650.81,664.63,511000,677.352,695.699,652.539,45.073,6.358,16.012,-9.654,695.699,772.239,619.158
2022-05-13,658.18,698.74,657.26,698.74,647200,677.536,698.556,654.677,54.366,6.711,14.152,-7.44,698.556,770.734,626.378
2022-05-16,700.58,714.41,690.44,703.35,588900,677.352,702.98,656.982,55.462,7.28,12.777,-5.498,702.98,763.457,642.504
2022-05-17,713.49,728.24,709.8,717.18,692500,688.784,707.498,659.563,58.671,8.745,11.971,-3.226,707.498,756.42,658.575
2022-05-18,723.63,723.63,695.98,703.35,481300,697.45,707.221,662.07,54.447,8.69,11.315,-2.624,707.221,756.173,658.269
2022-05-19,686.76,708.88,683.07,699.66,422000,704.456,706.438,664.025,53.343,8.254,10.703,-2.449,706.438,755.345,657.53
2022-05-20,703.35,728.24,698.74,728.24,570000,710.356,706.76,666.772,60.091,10.098,10.582,-0.484,706.76,756.176,657.344
2022-05-23,731.0,740.22,720.86,734.69,400800,716.624,708.05,670.201,61.446,11.942,10.854,1.088,708.05,759.023,657.078
2022-05-24,732.85,732.85,713.49,714.41,365200,716.07,707.728,673.353,55.11,11.633,11.01,0.624,707.728,758.44,657.016
2022-05-25,713.49,718.1,700.58,710.72,405300,717.544,705.654,676.322,54.018,10.964,11.001,-0.036,705.654,751.902,659.405
2022-05-26,715.33,743.91,714.41,719.02,892800,721.416,704.224,678.663,56.123,10.977,10.996,-0.019,704.224,746.622,661.827
2022-05-27,726.4,726.4,712.57,713.49,436400,718.466,703.487,680.857,54.338,10.421,10.881,-0.46,703.487,744.62,662.354
2022-05-30,725.47,731.0,705.19,714.41,598700,714.41,703.348,682.572,54.597,9.94,10.693,-0.753,703.348,744.306,662.391
2022-05-31,708.88,712.57,694.13,697.82,449100,711.092,702.704,683.862,49.185,8.127,10.18,-2.053,702.704,743.578,661.829
2022-06-01,693.21,705.19,689.52,703.35,343500,709.618,702.15,684.968,50.931,7.054,9.555,-2.5,702.15,742.656,661.645
2022-06-02,697.82,702.43,680.3,685.84,651300,702.982,701.551,685.89,45.59,4.737,8.591,-3.854,701.551,742.676,660.427
2022-06-03,688.6,707.96,683.07,707.04,573100,701.692,702.012,687.144,52.135,4.559,7.785,-3.226,702.012,743.168,660.857
2022-06-06,697.82,719.94,694.13,712.57,417800,701.324,702.428,688.545,53.7,4.808,7.189,-2.381,702.428,743.845,661.01
2022-06-07,710.72,710.72,698.74,706.12,309700,702.984,704.732,689.854,51.582,4.434,6.638,-2.204,704.732,741.027,668.438
2022-06-08,707.04,710.72,704.27,708.88,249600,704.09,707.176,691.034,52.446,4.311,6.173,-1.862,707.176,736.754,677.597
2022-06-09,708.88,722.71,707.04,718.1,450900,710.542,709.849,692.472,55.316,4.9,5.918,-1.018,709.849,731.959,687.739
2022-06-10,714.41,743.91,710.72,737.46,1021800,716.626,711.785,694.205,60.681,6.851,6.105,0.746,711.785,736.434,687.136
2022-06-13,733.77,749.44,723.63,728.24,680900,719.76,713.03,695.975,57.161,7.566,6.397,1.169,713.03,738.389,687.67
2022-06-14,714.41,737.46,702.43,737.46,636400,726.028,714.044,697.745,59.68,8.775,6.873,1.902,714.044,741.626,686.461
2022-06-15,732.85,733.77,704.27,704.27,443300,725.106,714.09,699.054,48.602,6.975,6.893,0.082,714.09,741.6,686.579
2022-06-16,717.18,743.91,716.26,725.47,779100,726.58,715.38,700.658,54.421,7.176,6.95,0.226,715.38,742.458,688.302
2022-06-17,711.65,719.94,699.66,709.8,626000,721.048,714.458,701.857,49.922,6.002,6.76,-0.758,714.458,740.942,687.974
2022-06-20,714.41,716.26,674.77,683.07,634200,712.014,711.877,702.373,43.339,2.881,5.984,-3.103,711.877,740.065,683.689
2022-06-21,694.13,712.57,686.76,706.12,416200,705.746,711.462,703.129,49.52,2.242,5.236,-2.994,711.462,739.738,683.187
2022-06-22,709.8,709.8,682.15,683.99,443000,701.69,710.126,703.682,44.501,-0.049,4.179,-4.228,710.126,740.96,679.292
2022-06-23,683.07,692.29,677.54,681.23,334800,692.842,708.237,704.161,43.903,-2.064,2.93,-4.995,708.237,741.325,675.148
2022-06-24,682.15,689.52,667.4,686.76,635600,688.234,706.9,705.065,45.483,-3.178,1.708,-4.887,706.9,741.231,672.569
2022-06-27,695.05,699.66,688.6,694.13,322300,690.446,705.886,706.65,47.601,-3.427,0.681,-4.108,705.886,740.48,671.292
2022-06-28,691.37,695.05,686.76,692.29,271400,687.68,705.61,707.959,47.109,-3.73,-0.201,-3.529,705.61,740.561,670.658
2022-06-29,689.52,719.94,685.84,718.1,761700,694.502,706.347,708.143,54.254,-1.865,-0.534,-1.332,706.347,741.718,670.976
2022-06-30,713.49,719.94,695.98,700.58,509500,698.372,707.084,707.848,49.378,-1.781,-0.783,-0.998,707.084,741.25,672.918
2022-07-01,696.9,698.74,671.09,672.93,1366300,695.606,705.378,706.871,42.835,-3.9,-1.407,-2.494,705.378,742.803,667.954
2022-07-04,682.15,687.68,661.87,667.4,546500,690.26,703.12,706.042,41.647,-5.957,-2.317,-3.641,703.12,744.009,662.231
2022-07-05,670.16,672.01,660.95,668.32,293200,685.466,701.23,704.991,41.935,-7.428,-3.339,-4.089,701.23,744.933,657.527
2022-07-06,659.1,662.79,641.59,648.96,513300,671.638,698.234,702.926,37.708,-10.04,-4.679,-5.361,698.234,747.58,648.888
2022-07-07,650.81,652.65,618.54,643.43,860800,660.208,694.5,700.842,36.574,-12.413,-6.226,-6.187,694.5,748.589,640.412
2022-07-08,648.96,654.49,634.21,639.74,948400,653.57,689.614,699.072,35.8,-14.425,-7.866,-6.559,689.614,745.002,634.227
2022-07-11,645.28,661.87,642.51,658.18,554700,651.726,686.112,697.892,42.362,-14.366,-9.166,-5.2,686.112,740.057,632.166
2022-07-12,654.49,655.42,638.82,647.12,463100,647.486,681.594,696.62,39.739,-15.038,-10.34,-4.698,681.594,732.478,630.711
2022-07-13,658.18,661.87,648.04,656.34,880300,648.962,679.198,695.459,42.913,-14.658,-11.204,-3.454,679.198,730.1,628.296
2022-07-14,618.54,623.15,589.97,612.09,1997800,642.694,673.529,693.744,33.73,-17.723,-12.508,-5.216,673.529,727.871,619.187
2022-07-15,618.54,619.46,590.89,592.73,1097700,633.292,667.676,691.643,30.641,-21.467,-14.299,-7.168,667.676,730.175,605.176
2022-07-19,599.18,600.11,582.59,597.34,625000,621.124,663.389,689.504,32.232,-23.788,-16.197,-7.591,663.389,732.818,593.96
2022-07-20,603.79,624.07,600.11,621.31,702700,615.962,659.148,688.73,39.949,-23.423,-17.642,-5.781,659.148,727.946,590.351
2022-07-21,616.7,632.37,613.93,627.76,551200,610.246,656.337,688.085,41.867,-22.355,-18.585,-3.771,656.337,725.455,587.219
2022-07-22,622.23,634.21,615.78,631.45,671800,614.118,653.848,687.421,42.989,-20.97,-19.062,-1.908,653.848,722.777,584.919
2022-07-25,626.84,637.9,625.92,631.45,406000,621.862,651.082,686.075,42.989,-19.646,-19.179,-0.467,651.082,718.88,583.285
2022-07-26,638.82,648.04,637.9,637.9,479600,629.974,648.271,684.766,45.136,-17.87,-18.917,1.047,648.271,713.153,583.389
2022-07-27,638.82,652.65,638.82,645.28,416800,634.768,645.92,683.328,47.568,-15.686,-18.271,2.585,645.92,707.405,584.436
2022-07-28,652.65,669.24,649.88,668.32,727600,642.88,643.432,682.628,54.37,-11.958,-17.008,5.05,643.432,695.997,590.866
2022-07-29,667.4,690.44,664.63,686.76,863700,653.942,642.741,682.37,58.959,-7.43,-15.093,7.662,642.741,692.427,593.054
2022-08-01,694.13,715.33,691.37,704.27,1121700,668.506,644.308,681.89,62.786,-2.401,-12.554,10.153,644.308,699.657,588.958
2022-08-02,704.27,705.19,688.6,691.37,801200,679.2,645.506,681.024,58.461,0.537,-9.936,10.473,645.506,703.915,587.097
2022-08-03,709.8,716.26,701.51,709.8,654900,692.104,647.58,680.932,62.442,4.303,-7.088,11.391,647.58,712.033,583.127
2022-08-04,708.88,714.41,697.82,707.96,467800,700.032,650.53,680.876,61.805,7.058,-4.259,11.317,650.53,720.42,580.64
2022-08-05,703.35,730.08,703.35,718.1,688200,706.3,654.264,680.858,63.985,9.945,-1.418,11.363,654.264,730.267,578.26
2022-08-08,723.63,739.3,712.57,730.08,975800,711.462,658.781,681.19,66.423,13.049,1.475,11.574,658.781,741.584,575.977
2022-08-09,733.77,766.96,728.24,764.19,1560900,726.026,664.081,682.185,72.195,18.053,4.791,13.263,664.081,759.355,568.807
2022-08-10,763.27,769.72,744.83,750.36,937300,734.138,669.243,683.236,67.154,20.665,7.966,12.699,669.243,771.574,566.912
2022-08-12,764.19,767.88,751.28,753.13,789400,743.172,674.083,684.232,67.642,22.697,10.912,11.785,674.083,782.8,565.365
2022-08-15,762.35,777.1,748.52,769.72,1019500,753.496,681.964,685.909,70.468,25.353,13.8,11.553,681.964,794.544,569.384
2022-08-16,769.72,780.78,759.58,761.42,457600,759.764,690.398,686.997,67.301,26.484,16.337,10.147,690.398,800.069,580.728
2022-08-17,767.88,768.8,754.05,757.74,536100,758.474,698.418,687.9,65.887,26.774,18.424,8.35,698.418,802.766,594.071
2022-08-18,758.66,766.96,746.68,746.68,577900,757.738,704.687,688.712,61.693,25.814,19.902,5.912,704.687,804.494,604.88
2022-08-19,748.52,765.11,742.07,762.35,684800,759.582,711.416,689.781,65.084,26.018,21.125,4.892,711.416,807.463,615.37
2022-08-22,753.13,759.58,742.07,747.6,669200,755.158,717.224,690.371,59.724,24.704,21.841,2.863,717.224,806.736,627.712
2022-08-23,740.22,774.33,737.46,767.88,854700,756.45,724.046,690.979,64.102,25.011,22.475,2.536,724.046,806.555,641.536
2022-08-24,773.41,776.17,759.58,760.5,513400,757.002,730.176,691.625,61.483,24.378,22.856,1.522,730.176,803.435,656.916
2022-08-25,765.11,766.96,752.21,753.13,585700,758.292,735.568,691.938,58.895,23.016,22.888,0.128,735.568,797.521,673.615
2022-08-26,751.28,759.58,737.46,758.66,948600,757.554,740.085,693.026,60.247,22.128,22.736,-0.608,740.085,794.052,686.118
2022-08-29,752.21,754.97,740.22,751.28,1796400,758.29,743.311,693.542,57.527,20.592,22.307,-1.715,743.311,791.232,695.39
2022-08-30,749.43,780.93,742.95,768.89,1848700,758.492,746.542,694.724,61.942,20.558,21.957,-1.399,746.542,792.031,701.053
2022-08-31,763.33,814.28,763.33,808.72,1471600,768.136,752.41,697.237,69.631,23.474,22.261,1.214,752.41,798.207,706.612
2022-09-01,801.31,817.98,789.27,790.19,960500,775.548,756.429,698.918,63.231,24.014,22.611,1.402,756.429,800.561,712.297
2022-09-02,782.78,786.49,755.92,769.81,887500,777.778,759.522,700.635,57.023,22.537,22.596,-0.06,759.522,797.607,721.436
2022-09-05,776.3,779.08,751.28,759.62,461800,779.446,761.598,702.202,54.16,20.31,22.139,-1.829,761.598,794.326,728.869
2022-09-06,757.77,771.67,748.51,763.33,374200,778.334,763.26,703.734,55.045,18.63,21.437,-2.807,763.26,792.432,734.088
2022-09-07,754.06,763.33,747.58,763.33,402400,769.256,763.217,705.118,55.045,17.101,20.57,-3.469,763.217,792.386,734.048
2022-09-08,764.25,786.49,763.33,777.22,515300,766.662,764.56,706.816,58.522,16.817,19.819,-3.003,764.56,793.71,735.41
2022-09-09,780.0,800.38,779.08,791.12,585200,770.924,766.459,708.277,61.713,17.511,19.358,-1.847,766.459,797.371,735.548
2022-09-12,801.31,815.2,799.46,809.65,427500,780.93,768.456,710.458,65.522,19.334,19.353,-0.019,768.456,804.915,731.997
2022-09-13,815.2,837.44,815.2,827.25,690100,793.714,771.748,713.545,68.706,21.945,19.871,2.074,771.748,816.479,727.016
2022-09-14,809.65,834.66,806.87,822.62,524300,805.572,774.992,716.649,66.954,23.372,20.572,2.8,774.992,824.592,725.391
2022-09-15,831.88,841.14,830.03,841.14,392300,818.356,779.714,720.105,70.225,25.701,21.597,4.103,779.714,835.56,723.869
2022-09-16,838.36,849.48,824.47,832.81,550400,826.694,783.238,723.782,67.012,26.568,22.591,3.976,783.238,843.208,723.267
2022-09-20,830.95,838.36,818.91,830.03,393200,830.77,787.359,727.514,65.928,26.723,23.418,3.305,787.359,848.338,726.38
2022-09-21,843.92,877.27,842.07,868.01,1408700,838.922,792.366,732.08,72.478,29.569,24.648,4.921,792.366,862.383,722.348
2022-09-22,857.82,870.79,830.03,868.01,884300,848.0,797.741,736.276,72.478,31.463,26.011,5.452,797.741,873.713,721.769
2022-09-26,868.01,894.87,853.19,861.52,881400,852.076,803.161,740.564,69.818,32.07,27.223,4.847,803.161,881.17,725.151
2022-09-27,866.15,872.64,843.0,865.23,633100,858.56,808.489,744.742,70.485,32.476,28.273,4.202,808.489,888.239,728.739
2022-09-28,874.49,880.05,835.58,848.55,777200,862.264,813.352,749.471,63.674,31.093,28.837,2.256,813.352,890.224,736.481
2022-09-29,855.96,872.64,847.63,863.38,354200,861.338,818.077,754.884,66.75,30.839,29.238,1.601,818.077,895.058,741.096
2022-09-30,855.96,856.89,829.1,838.36,507000,855.408,819.559,759.705,57.849,28.292,29.048,-0.756,819.559,896.921,742.197
2022-10-03,834.66,844.85,807.79,843.92,400800,851.888,822.246,764.157,59.153,26.418,28.522,-2.105,822.246,899.043,745.448
2022-10-04,854.11,870.79,850.41,866.15,572900,852.072,827.062,768.925,63.953,26.422,28.102,-1.681,827.062,902.077,752.048
2022-10-05,880.05,884.68,855.04,858.74,536600,854.11,832.018,773.471,61.364,25.533,27.588,-2.056,832.018,901.137,762.9
2022-10-06,856.89,878.2,853.19,875.42,614600,856.518,837.623,778.35,64.816,25.876,27.246,-1.37,837.623,901.25,773.996
2022-10-07,868.01,900.43,868.01,886.53,694200,866.152,843.783,783.323,66.936,26.736,27.144,-0.408,843.783,900.618,786.948
2022-10-11,894.87,912.47,869.86,883.76,942300,874.12,849.11,788.092,65.87,26.884,27.092,-0.208,849.11,899.254,798.966
2022-10-12,880.05,902.28,875.42,887.46,775100,878.382,853.927,792.475,66.634,26.989,27.071,-0.082,853.927,898.854,809.0
2022-10-13,978.25,1026.42,955.09,1026.42,3565100,911.918,864.765,799.268,82.487,37.849,29.227,8.622,864.765,950.644,778.887
2022-10-14,1033.83,1125.54,1011.59,1123.69,5627900,961.572,879.588,807.657,87.106,53.685,34.118,19.567,879.588,1021.953,737.222
2022-10-17,1113.49,1132.02,1056.06,1057.91,2699100,995.848,891.352,814.987,73.072,60.233,39.341,20.892,891.352,1051.653,731.051
2022-10-18,1076.44,1093.11,1053.28,1054.21,1524800,1029.938,902.006,821.876,72.365,64.382,44.349,20.033,902.006,1075.992,728.019
2022-10-19,1047.72,1047.72,1002.33,1014.37,2295000,1055.32,911.084,828.004,65.072,63.721,48.224,15.497,911.084,1088.776,733.391
2022-10-20,992.14,1002.33,973.61,979.17,1510500,1045.87,918.541,833.225,59.378,59.669,50.513,9.156,918.541,1094.419,742.662
2022-10-21,1024.56,1058.84,1003.26,1005.11,2134700,1022.154,925.396,838.726,62.016,57.883,51.987,5.896,925.396,1103.652,747.139
2022-10-24,1018.08,1034.75,983.8,987.51,940700,1008.074,931.37,843.192,59.207,54.421,52.474,1.947,931.37,1109.54,753.201
2022-10-25,987.51,999.55,965.28,985.66,640800,994.364,937.578,847.898,58.905,50.94,52.167,-1.227,937.578,1114.143,761.012
2022-10-26,991.21,998.63,968.98,974.54,614700,986.398,943.043,852.326,57.022,46.745,51.083,-4.337,943.043,1116.926,769.16
2022-10-27,972.69,993.99,964.35,993.07,513700,989.178,950.269,856.793,59.354,44.405,49.747,-5.342,950.269,1119.569,780.969
2022-10-28,987.51,1035.68,981.95,1023.64,1509700,992.884,958.282,862.038,62.927,44.503,48.698,-4.195,958.282,1125.423,791.141
2022-10-31,1028.27,1042.16,1013.45,1035.68,624500,1002.518,968.148,867.597,64.26,45.034,47.965,-2.932,968.148,1128.646,807.65
2022-11-01,1048.65,1059.77,1025.49,1051.43,822700,1015.672,978.524,873.692,65.983,46.193,47.611,-1.418,978.524,1131.878,825.169
2022-11-02,1051.43,1063.47,1038.46,1057.91,613100,1032.346,988.112,879.603,66.694,47.091,47.507,-0.416,988.112,1135.756,840.467
2022-11-04,1054.21,1087.56,1052.35,1052.35,774600,1044.202,997.792,885.698,65.43,46.815,47.368,-0.554,997.792,1134.721,860.863
2022-11-07,1042.16,1048.65,990.29,1038.46,788800,1047.166,1005.944,891.109,62.255,44.957,46.886,-1.929,1005.944,1131.105,880.783
2022-11-08,1038.46,1053.28,1031.05,1040.31,372500,1048.092,1013.633,896.706,62.516,43.136,46.136,-3.0,1013.633,1126.163,901.103
2022-11-09,1034.75,1039.39,1005.11,1008.82,482800,1039.57,1019.886,901.819,55.486,38.707,44.65,-5.944,1019.886,1114.502,925.27
2022-11-10,1001.4,1030.12,999.55,1015.3,455300,1031.048,1026.278,906.952,56.568,35.312,42.783,-7.471,1026.278,1097.641,954.915
2022-11-11,1018.08,1022.71,998.63,1018.08,644100,1024.194,1025.861,912.288,57.05,32.471,40.72,-8.249,1025.861,1097.318,954.404
2022-11-14,1018.08,1019.93,992.14,993.07,631600,1015.116,1019.33,916.772,51.507,27.881,38.152,-10.272,1019.33,1075.348,963.312
2022-11-15,987.51,992.14,970.83,985.66,439800,1004.186,1015.718,920.311,49.958,23.375,35.197,-11.822,1015.718,1070.566,960.869
2022-11-16,987.51,999.55,949.53,960.64,721000,994.55,1011.039,923.72,45.034,17.583,31.674,-14.091,1011.039,1067.986,954.092
2022-11-17,963.42,1000.48,963.42,992.14,594500,989.918,1009.928,928.166,51.514,15.357,28.411,-13.053,1009.928,1067.465,952.39
2022-11-18,1005.11,1044.94,1000.48,1019.01,1003700,990.104,1011.92,933.354,56.251,15.582,25.845,-10.263,1011.92,1067.706,956.133
2022-11-21,1002.33,1016.23,987.51,998.63,540900,991.216,1011.596,938.06,52.094,13.955,23.467,-9.512,1011.596,1067.623,955.568
2022-11-22,1005.11,1018.08,996.77,1004.18,334600,994.92,1012.429,942.877,53.11,12.964,21.366,-8.403,1012.429,1067.434,957.424
2022-11-24,1013.45,1030.12,1011.59,1024.56,411200,1007.704,1014.374,947.824,56.74,13.665,19.826,-6.161,1014.374,1068.131,960.617
2022-11-25,1027.34,1033.83,1016.23,1024.56,319000,1014.188,1016.875,952.493,56.74,14.059,18.673,-4.614,1016.875,1067.385,966.365
2022-11-28,1030.12,1041.24,1026.42,1034.75,441900,1017.336,1018.959,956.995,58.598,15.02,17.942,-2.922,1018.959,1068.768,969.15
2022-11-29,1037.53,1072.73,1026.42,1069.96,664100,1031.602,1021.275,961.849,64.305,18.411,18.036,0.375,1021.275,1076.059,966.491
2022-11-30,1069.96,1089.41,1052.35,1062.54,739800,1043.274,1022.618,966.647,62.354,20.266,18.482,1.784,1022.618,1080.138,965.098
2022-12-01,1068.1,1068.1,1039.39,1044.02,570100,1047.166,1022.248,970.705,57.654,20.011,18.788,1.223,1022.248,1079.077,965.418
2022-12-02,1037.53,1037.53,1017.15,1021.78,534300,1046.61,1020.441,974.484,52.533,17.809,18.592,-0.783,1020.441,1074.738,966.144
2022-12-05,1025.49,1032.9,1006.96,1028.27,339600,1045.314,1019.237,978.449,53.822,16.398,18.153,-1.755,1019.237,1071.588,966.886
2022-12-06,1019.01,1041.24,1010.67,1032.9,348300,1037.902,1018.959,981.747,54.765,15.476,17.618,-2.142,1018.959,1070.938,966.98
2022-12-07,1020.86,1047.72,1010.67,1044.02,426400,1034.198,1019.144,985.267,57.037,15.463,17.187,-1.723,1019.144,1071.469,966.82
2022-12-08,1046.8,1054.21,1025.49,1038.46,374800,1033.086,1020.627,988.806,55.535,14.834,16.716,-1.882,1020.627,1073.397,967.856
2022-12-09,1032.9,1039.39,975.47,989.36,711200,1026.602,1019.33,991.288,44.416,10.255,15.424,-5.169,1019.33,1073.896,964.763
2022-12-12,989.36,1024.56,977.32,1019.01,704400,1024.75,1019.376,994.698,50.82,8.916,14.122,-5.206,1019.376,1073.94,964.812
2022-12-13,1019.01,1042.16,1013.45,1019.93,379900,1022.156,1020.719,997.829,51.008,7.839,12.866,-5.027,1020.719,1073.86,967.578
2022-12-14,1020.86,1023.64,994.92,1011.59,417700,1015.67,1022.016,1001.293,49.167,6.24,11.541,-5.3,1022.016,1072.767,971.264
2022-12-15,1004.18,1006.04,986.58,993.07,470800,1006.592,1023.637,1004.276,45.261,3.439,9.92,-6.481,1023.637,1067.773,979.501
2022-12-16,992.14,1012.52,986.58,1012.52,421600,1011.224,1024.656,1007.204,49.774,2.757,8.488,-5.731,1024.656,1066.617,982.695
2022-12-19,1006.96,1016.23,986.58,993.07,396400,1006.036,1023.359,1009.89,45.715,0.639,6.918,-6.279,1023.359,1067.597,979.121
2022-12-20,993.99,995.85,965.28,979.17,498100,997.884,1022.386,1011.965,43.016,-2.136,5.107,-7.243,1022.386,1069.665,975.107
2022-12-21,972.69,990.29,956.01,981.02,288200,991.77,1021.228,1013.855,43.494,-4.138,3.258,-7.396,1021.228,1071.429,971.027
2022-12-22,979.17,989.36,967.13,974.54,336500,988.064,1018.727,1015.671,42.159,-6.176,1.371,-7.548,1018.727,1073.044,964.41
2022-12-23,968.98,972.69,938.41,943.04,389200,974.168,1014.651,1016.782,36.324,-10.216,-0.946,-9.27,1014.651,1078.52,950.782
2022-12-26,943.04,945.82,923.59,935.63,409900,962.68,1009.695,1014.966,35.093,-13.856,-3.528,-10.328,1009.695,1081.843,937.547
2022-12-27,944.9,968.98,940.26,954.16,275800,957.678,1003.905,1011.576,40.52,-15.071,-5.837,-9.234,1003.905,1074.254,933.556
2022-12-28,950.45,956.94,926.37,932.85,316200,948.044,997.42,1009.075,36.718,-17.552,-8.18,-9.372,997.42,1068.912,925.929
2022-12-29,926.37,937.49,921.74,929.15,198600,938.966,991.677,1006.573,36.085,-19.59,-10.462,-9.128,991.677,1065.813,917.541
2022-12-30,929.15,942.12,917.1,918.96,338000,934.15,986.536,1004.665,34.329,-21.777,-12.725,-9.052,986.536,1065.955,907.117
2023-01-04,918.03,927.3,890.24,901.36,680700,927.296,980.19,1003.109,31.48,-24.646,-15.109,-9.537,980.19,1065.622,894.759
2023-01-05,896.72,900.43,873.57,880.05,443000,912.474,972.548,1000.608,28.407,-28.313,-17.75,-10.563,972.548,1065.17,879.926
2023-01-06,876.34,891.17,868.01,887.46,449600,903.396,964.72,998.607,30.932,-30.272,-20.254,-10.018,964.72,1058.366,871.074
2023-01-10,894.87,921.74,890.24,906.91,697500,898.948,958.142,997.032,37.194,-29.91,-22.185,-7.725,958.142,1048.399,867.886
2023-01-11,921.74,932.85,905.06,926.37,980500,900.43,954.993,996.068,42.784,-27.734,-23.295,-4.439,954.993,1045.059,864.927
2023-01-12,817.06,857.82,780.93,791.12,3772800,878.382,943.598,992.029,25.678,-36.502,-25.937,-10.565,943.598,1054.756,832.441
2023-01-13,787.41,816.13,780.93,796.68,1662100,861.708,932.436,987.49,26.971,-42.512,-29.252,-13.26,932.436,1055.517,809.355
2023-01-16,783.71,789.27,749.43,752.21,1129100,834.658,919.467,981.821,23.457,-50.283,-33.458,-16.825,919.467,1060.746,778.188
2023-01-17,752.21,760.55,746.65,752.21,867900,803.718,907.424,975.836,23.457,-55.799,-37.926,-17.873,907.424,1062.66,752.188
2023-01-18,751.28,800.38,743.87,780.93,1144800,774.63,895.844,970.297,30.263,-57.194,-41.78,-15.414,895.844,1052.615,739.074
2023-01-19,774.44,802.24,771.67,786.49,886000,773.704,885.515,964.98,31.532,-57.191,-44.862,-12.329,885.515,1042.535,728.496
2023-01-20,787.41,806.87,779.08,806.87,815100,775.742,876.901,960.348,36.121,-54.912,-46.872,-8.04,876.901,1031.167,722.634
2023-01-23,810.57,812.43,792.97,808.72,531200,787.044,868.286,955.716,36.537,-52.352,-47.968,-4.384,868.286,1017.222,719.349
2023-01-24,801.31,805.01,792.97,796.68,709700,795.938,859.392,951.473,34.942,-50.711,-48.517,-2.194,859.392,1002.751,716.034
2023-01-25,804.09,852.26,801.31,833.73,1490900,806.498,853.927,947.842,43.161,-45.891,-47.992,2.1,853.927,992.099,715.755
2023-01-26,833.73,848.55,820.76,828.17,837500,814.834,848.554,944.044,42.298,-42.036,-46.8,4.764,848.554,981.611,715.497
2023-01-27,826.32,873.57,821.69,857.82,934700,825.024,843.737,941.339,48.245,-36.171,-44.675,8.503,843.737,967.336,720.138
2023-01-30,863.38,878.2,851.33,857.82,728000,834.844,839.986,938.782,48.245,-31.164,-41.972,10.808,839.986,956.551,723.42
2023-01-31,854.11,872.64,853.19,869.86,501500,849.48,837.021,936.966,50.64,-25.925,-38.763,12.838,837.021,946.86,727.182
2023-02-01,864.3,879.12,856.89,869.86,453600,856.706,834.566,934.521,50.64,-21.526,-35.316,13.79,834.566,938.743,730.389
2023-02-02,869.86,880.05,853.19,863.38,530300,863.748,832.667,931.408,49.218,-18.35,-31.922,13.572,832.667,933.032,732.302
2023-02-03,850.41,851.33,837.44,846.7,596200,861.524,830.999,928.369,45.664,-16.984,-28.935,11.951,830.999,929.133,732.866
2023-02-06,858.74,859.67,843.0,852.26,400100,860.412,829.24,925.331,47.037,-15.276,-26.203,10.927,829.24,924.325,734.154
2023-02-07,857.82,858.74,841.14,844.85,371700,855.41,826.136,921.737,45.39,-14.355,-23.833,9.478,826.136,914.352,737.921
2023-02-08,848.55,854.11,833.73,852.26,376500,851.89,822.431,918.291,47.374,-12.879,-21.643,8.764,822.431,898.277,746.585
2023-02-09,845.77,855.96,839.29,843.0,222900,847.814,825.025,914.456,45.166,-12.314,-19.777,7.463,825.025,899.905,750.145
2023-02-10,838.36,845.77,831.88,838.36,347800,846.146,827.109,909.824,44.058,-12.102,-18.242,6.14,827.109,900.981,753.237
2023-02-13,840.22,844.85,833.73,841.14,200900,843.922,831.556,905.396,44.93,-11.576,-16.909,5.333,831.556,896.626,766.485
2023-02-14,848.55,849.48,833.73,838.36,275200,842.624,835.863,901.283,44.188,-11.253,-15.778,4.524,835.863,889.158,782.568
2023-02-15,846.7,846.7,832.81,838.36,223400,839.844,838.734,897.614,44.188,-10.872,-14.796,3.924,838.734,885.336,792.133
2023-02-16,841.14,850.41,838.36,840.22,197400,839.288,841.421,893.853,44.894,-10.302,-13.897,3.596,841.421,881.008,801.834
2023-02-17,840.22,844.85,834.66,841.14,179600,839.844,843.134,890.018,45.263,-9.664,-13.051,3.387,843.134,879.238,807.031
2023-02-20,843.92,860.6,838.36,851.33,357100,841.882,845.265,886.164,49.308,-8.241,-12.089,3.848,845.265,877.656,812.874
2023-02-21,856.89,858.74,836.51,837.44,378700,841.698,847.303,882.144,44.482,-8.14,-11.299,3.159,847.303,870.704,823.902
2023-02-22,832.81,836.51,818.91,824.47,456700,838.92,846.84,878.846,40.496,-9.003,-10.84,1.837,846.84,871.693,821.987
2023-02-24,829.1,829.1,811.5,818.91,349100,834.658,846.377,874.844,38.888,-10.021,-10.676,0.656,846.377,872.978,819.776
2023-02-27,844.06,859.9,829.16,847.79,1065100,835.988,845.876,871.401,49.998,-8.399,-10.221,1.821,845.876,871.941,819.81
2023-02-28,856.18,893.44,853.38,871.08,958000,839.938,846.538,868.591,56.816,-5.176,-9.212,4.036,846.538,874.49,818.587
2023-03-01,875.74,880.4,864.56,871.08,405400,846.666,846.6,866.151,56.816,-2.591,-7.888,5.297,846.6,874.77,818.429
2023-03-02,874.81,876.67,862.7,871.08,301500,855.988,846.66,863.322,56.816,-0.536,-6.417,5.881,846.66,875.047,818.274
2023-03-03,879.47,886.92,873.88,883.19,409700,868.844,847.651,861.125,60.329,2.045,-4.725,6.77,847.651,879.647,815.655
2023-03-06,889.71,895.3,876.67,893.44,429600,877.974,849.988,859.41,63.068,4.863,-2.807,7.67,849.988,887.961,812.015
2023-03-07,894.37,911.14,885.06,890.65,442600,881.888,851.908,857.603,61.817,6.792,-0.887,7.679,851.908,894.02,809.795
2023-03-08,886.92,899.96,885.06,893.44,246200,886.36,854.337,855.981,62.616,8.448,0.98,7.469,854.337,900.176,808.498
2023-03-09,899.03,899.96,886.92,894.37,348100,891.018,856.443,855.007,62.894,9.724,2.729,6.996,856.443,905.627,807.258
2023-03-10,885.99,888.78,873.88,879.47,475400,890.274,858.266,853.884,55.729,9.425,4.068,5.357,858.266,908.052,808.48
2023-03-13,865.49,883.19,864.56,878.53,387000,887.292,860.275,852.372,55.301,9.007,5.056,3.952,860.275,909.92,810.629
2023-03-14,871.08,872.01,848.72,861.77,517600,881.516,861.306,850.95,48.194,7.241,5.493,1.748,861.306,910.128,812.484
2023-03-15,873.88,888.78,871.08,876.67,420400,878.162,863.222,849.9,53.87,6.963,5.787,1.176,863.222,911.253,815.19
2023-03-16,858.04,867.36,842.2,862.7,433300,871.828,864.438,848.775,48.504,5.551,5.74,-0.188,864.438,911.03,817.847
2023-03-17,871.08,888.78,871.08,881.33,359700,872.2,866.494,848.375,54.949,5.868,5.765,0.103,866.494,912.205,820.783
2023-03-20,875.74,877.6,847.79,847.79,346100,866.052,866.826,847.729,44.219,3.374,5.287,-1.913,866.826,911.853,821.8
2023-03-22,870.15,874.81,857.11,858.04,281100,865.306,867.162,847.141,47.588,2.199,4.669,-2.47,867.162,911.801,822.523
2023-03-23,850.59,870.15,850.59,865.49,262900,863.07,868.564,846.313,49.953,1.848,4.105,-2.257,868.564,910.978,826.151
2023-03-24,860.83,870.15,849.65,857.11,340800,861.952,870.196,844.927,47.364,0.883,3.461,-2.578,870.196,907.693,832.7
2023-03-27,864.56,872.01,858.97,864.56,345500,858.598,872.479,846.396,49.852,0.712,2.911,-2.199,872.479,901.41,843.548
2023-03-28,872.01,873.88,858.97,861.77,320500,861.394,873.178,847.698,48.919,0.347,2.398,-2.052,873.178,900.211,846.145
2023-03-29,871.08,899.96,870.15,893.44,662400,868.474,874.296,850.523,58.429,2.583,2.435,0.148,874.296,902.774,845.818
2023-03-30,903.69,907.42,891.58,903.69,375100,876.114,875.926,853.552,60.962,5.123,2.973,2.151,875.926,907.224,844.629
2023-03-31,913.01,915.8,887.85,895.3,550400,883.752,877.138,855.84,57.854,6.386,3.655,2.731,877.138,909.502,844.773
2023-04-03,907.42,917.66,901.83,901.83,404700,891.206,878.07,858.146,59.581,7.823,4.489,3.334,878.07,912.193,843.946
2023-04-04,899.96,899.96,874.81,885.99,706800,896.05,877.697,859.729,53.82,7.597,5.111,2.486,877.697,911.272,844.122
2023-04-05,878.53,887.85,864.56,865.49,390700,890.46,876.439,860.864,47.429,5.697,5.228,0.469,876.439,909.856,843.022
2023-04-06,857.11,872.01,854.31,870.15,400500,883.752,875.275,862.334,48.914,4.516,5.086,-0.57,875.275,907.808,842.741
2023-04-07,870.15,888.78,869.22,874.81,321800,879.654,874.296,863.155,50.422,3.911,4.851,-0.94,874.296,905.565,843.028
2023-04-10,882.26,899.96,880.4,893.44,396800,877.976,874.995,864.461,56.014,4.878,4.856,0.022,874.995,907.355,842.635
2023-04-11,900.89,913.01,896.24,909.28,656100,882.634,876.532,865.49,60.131,6.844,5.254,1.59,876.532,912.338,840.727
2023-04-12,978.22,1049.02,978.22,1049.02,2709000,919.34,885.895,869.314,78.897,19.454,8.094,11.36,885.895,970.338,801.452
2023-04-13,1046.23,1094.67,1032.26,1035.98,3146400,952.506,893.86,872.636,75.334,28.071,12.089,15.982,893.86,1001.507,786.214
2023-04-14,1031.32,1049.02,1008.03,1025.73,1202800,982.69,902.012,875.754,72.56,33.685,16.408,17.277,902.012,1023.522,780.502
2023-04-17,1035.05,1037.84,1013.62,1027.6,792600,1009.522,909.326,879.038,72.757,37.849,20.696,17.152,909.326,1042.629,776.022
2023-04-18,1022.01,1058.34,1012.69,1058.34,804100,1039.334,919.853,883.271,75.83,43.132,25.183,17.948,919.853,1065.389,774.317
2023-04-19,1064.86,1075.11,1052.75,1069.52,529400,1043.434,930.427,887.616,76.853,47.671,29.681,17.99,930.427,1087.339,773.515
2023-04-20,1069.52,1109.58,1069.52,1097.47,801500,1055.732,942.026,892.668,79.22,52.914,34.328,18.586,942.026,1112.442,771.61
2023-04-21,1091.88,1095.61,1065.79,1067.66,682200,1064.118,952.554,896.976,70.892,54.041,38.27,15.771,952.554,1126.852,778.255
2023-04-24,1063.93,1103.06,1062.07,1084.43,492200,1075.484,963.547,901.805,72.635,55.645,41.745,13.9,963.547,1142.159,784.935
2023-04-25,1090.02,1104.92,1088.15,1094.67,586100,1082.75,975.192,906.931,73.672,57.085,44.813,12.272,975.192,1156.217,794.167
2023-04-26,1094.67,1111.44,1080.7,1097.47,788100,1088.34,985.393,912.058,73.962,57.786,47.408,10.378,985.393,1169.981,800.806
2023-04-27,1081.63,1090.02,1070.45,1074.18,544800,1083.682,993.918,916.774,67.31,55.819,49.09,6.729,993.918,1178.366,809.47
2023-04-28,1076.04,1086.29,1058.34,1068.59,381700,1083.868,1002.582,921.379,65.781,53.196,49.911,3.285,1002.582,1183.777,821.388
2023-05-01,1071.38,1076.04,1046.23,1064.86,380400,1079.954,1010.734,925.872,64.725,50.237,49.976,0.26,1010.734,1187.457,834.011
2023-05-02,1064.86,1073.25,1054.61,1071.38,231600,1075.296,1020.004,930.476,65.76,47.866,49.554,-1.688,1020.004,1188.43,851.577
2023-05-08,1063.93,1068.59,1029.46,1030.39,597400,1061.88,1028.249,934.058,54.859,42.193,48.082,-5.889,1028.249,1180.162,876.335
2023-05-09,1043.43,1046.23,1030.39,1035.05,444400,1054.054,1036.494,938.01,55.757,37.64,45.994,-8.354,1036.494,1168.929,904.058
2023-05-10,1050.89,1064.86,1043.43,1043.43,413100,1049.022,1044.924,942.389,57.398,34.312,43.657,-9.346,1044.924,1153.306,936.543
2023-05-11,1035.05,1049.96,1022.94,1048.09,402000,1045.668,1052.657,946.973,58.324,31.685,41.263,-9.578,1052.657,1134.301,971.013
2023-05-12,1041.57,1053.68,1036.91,1049.02,340200,1041.196,1059.644,950.997,58.517,29.34,38.878,-9.538,1059.644,1105.852,1013.436
2023-05-15,1060.2,1060.2,1043.43,1055.55,269000,1046.228,1059.97,954.687,59.926,27.689,36.64,-8.951,1059.97,1105.955,1013.986
2023-05-16,1052.75,1069.52,1041.57,1068.59,297600,1052.936,1061.601,958.637,62.654,27.121,34.736,-7.616,1061.601,1106.298,1016.904
2023-05-17,1068.59,1100.26,1063.93,1093.74,436100,1062.998,1065.002,963.09,67.279,28.373,33.464,-5.091,1065.002,1108.541,1021.462
2023-05-18,1104.92,1104.92,1067.66,1084.43,379700,1070.266,1067.843,967.115,64.114,28.287,32.428,-4.141,1067.843,1108.422,1027.264
2023-05-19,1082.56,1083.5,1057.41,1057.41,345200,1071.944,1067.796,970.394,55.894,25.743,31.091,-5.349,1067.796,1108.424,1027.169
2023-05-22,1052.75,1072.32,1040.64,1070.45,253300,1074.924,1067.843,973.99,58.649,24.496,29.772,-5.276,1067.843,1108.481,1027.205
2023-05-23,1071.38,1083.5,1047.16,1058.34,395200,1072.874,1065.886,977.288,55.2,22.274,28.273,-5.999,1065.886,1104.221,1027.552
2023-05-24,1052.75,1064.86,1035.05,1035.98,361900,1061.322,1064.303,980.12,49.421,18.495,26.317,-7.822,1064.303,1104.881,1023.724
2023-05-25,1035.98,1062.07,1035.05,1061.14,357800,1056.664,1063.138,983.754,55.115,17.331,24.52,-7.189,1063.138,1102.606,1023.67
2023-05-26,1062.07,1069.52,1048.09,1050.89,296600,1055.36,1060.949,987.201,52.521,15.404,22.697,-7.293,1060.949,1097.824,1024.074
2023-05-29,1060.2,1066.73,1043.43,1063.93,236400,1054.056,1059.272,991.244,55.397,14.759,21.109,-6.35,1059.272,1091.968,1026.576
2023-05-30,1066.73,1070.45,1035.98,1045.3,259600,1051.448,1057.828,994.617,50.674,12.599,19.407,-6.808,1057.828,1090.302,1025.354
2023-05-31,1035.05,1061.14,1032.25,1058.34,371100,1055.92,1057.316,998.53,53.653,11.804,17.887,-6.083,1057.316,1089.395,1025.236
2023-06-01,1047.16,1057.41,1042.5,1053.68,238900,1054.428,1056.756,1001.977,52.434,10.674,16.444,-5.77,1056.756,1088.672,1024.841
2023-06-02,1058.34,1059.27,1039.71,1050.89,276300,1054.428,1055.732,1006.039,51.678,9.445,15.044,-5.599,1055.732,1086.979,1024.485
2023-06-05,1070.45,1083.49,1062.07,1083.49,428400,1058.34,1058.387,1010.548,59.105,10.975,14.23,-3.255,1058.387,1089.591,1027.183
2023-06-06,1075.11,1098.4,1066.73,1092.81,495600,1067.842,1061.275,1015.094,60.952,12.792,13.943,-1.151,1061.275,1094.038,1028.512
2023-06-07,1092.81,1108.65,1067.66,1077.91,435200,1071.756,1062.999,1019.51,56.553,12.881,13.73,-0.849,1062.999,1095.435,1030.563
2023-06-08,1080.7,1088.15,1066.73,1069.52,332800,1074.924,1064.07,1023.609,54.182,12.135,13.411,-1.276,1064.07,1095.842,1032.299
2023-06-09,1081.63,1098.4,1068.59,1092.81,453800,1083.308,1066.26,1028.23,59.285,13.27,13.383,-0.113,1066.26,1099.658,1032.862
2023-06-12,1106.79,1127.28,1088.15,1101.2,473700,1086.85,1068.542,1032.385,60.972,14.677,13.642,1.035,1068.542,1104.962,1032.123
2023-06-13,1108.65,1109.58,1087.22,1103.06,364500,1088.9,1070.266,1036.373,61.354,15.761,14.066,1.695,1070.266,1109.822,1030.71
2023-06-14,1107.72,1114.24,1100.26,1111.44,217200,1095.606,1071.151,1040.695,63.107,17.099,14.672,2.427,1071.151,1113.604,1028.698
2023-06-15,1110.51,1111.44,1088.15,1101.2,264600,1101.942,1071.99,1044.683,59.552,17.135,15.165,1.97,1071.99,1116.174,1027.805
2023-06-16,1098.4,1145.91,1088.15,1139.39,647800,1111.258,1076.088,1049.751,67.015,20.015,16.135,3.88,1076.088,1128.939,1023.238
2023-06-19,1146.85,1157.09,1123.56,1157.09,362400,1122.436,1080.42,1055.583,69.796,23.455,17.599,5.856,1080.42,1144.364,1016.477
2023-06-20,1156.16,1178.52,1151.5,1159.89,363200,1133.802,1085.498,1061.378,70.224,26.107,19.301,6.806,1085.498,1157.659,1013.337
2023-06-21,1163.62,1185.04,1162.68,1174.8,258400,1146.474,1092.439,1067.377,72.46,29.076,21.256,7.82,1092.439,1170.969,1013.909
2023-06-22,1187.84,1192.5,1176.66,1184.11,289700,1163.056,1098.588,1073.191,73.785,31.813,23.367,8.446,1098.588,1185.598,1011.577
2023-06-23,1192.5,1196.22,1143.12,1157.09,431100,1166.596,1103.898,1078.147,64.145,31.44,24.982,6.458,1103.898,1191.611,1016.184
2023-06-26,1152.44,1152.44,1123.56,1131.01,350800,1161.38,1107.251,1079.787,56.476,28.709,25.727,2.982,1107.251,1193.65,1020.853
2023-06-27,1114.24,1120.76,1085.36,1117.03,531500,1152.808,1110.838,1081.408,52.83,25.127,25.607,-0.48,1110.838,1192.218,1029.458
2023-06-28,1122.62,1143.12,1116.1,1141.26,319600,1146.1,1114.984,1083.718,57.903,23.967,25.279,-1.312,1114.984,1193.501,1036.467
2023-06-29,1148.71,1174.8,1132.87,1143.12,393500,1137.902,1119.456,1086.029,58.274,22.933,24.81,-1.877,1119.456,1193.322,1045.59
2023-06-30,1138.46,1138.46,1104.92,1120.76,542100,1130.636,1122.95,1087.277,52.306,20.079,23.864,-3.785,1122.95,1189.398,1056.501
2023-07-03,1128.21,1137.53,1112.38,1112.38,349800,1126.91,1124.394,1088.134,50.23,16.945,22.48,-5.535,1124.394,1188.444,1060.344
2023-07-04,1116.1,1129.15,1113.31,1122.62,294400,1128.028,1125.884,1088.637,52.701,15.113,21.007,-5.894,1125.884,1188.204,1063.565
2023-07-05,1113.31,1113.31,1083.5,1090.02,537400,1117.78,1126.49,1089.085,45.036,10.905,18.986,-8.081,1126.49,1187.057,1065.923
2023-07-06,1080.7,1097.47,1066.73,1073.25,342700,1103.806,1126.676,1088.861,41.678,6.146,16.418,-10.272,1126.676,1186.524,1066.829
2023-07-07,1058.34,1091.88,1053.68,1078.84,513100,1095.422,1125.978,1088.544,43.198,2.794,13.693,-10.9,1125.978,1187.783,1064.173
2023-07-10,1069.52,1074.18,1053.68,1073.25,637900,1087.596,1124.58,1088.06,42.019,-0.311,10.893,-11.203,1124.58,1189.909,1059.252
2023-07-11,1100.26,1126.35,1095.61,1105.85,1403700,1084.242,1124.72,1088.693,50.507,-0.139,8.686,-8.825,1124.72,1189.866,1059.574
2023-07-12,1117.97,1164.55,1024.8,1026.67,3280900,1071.572,1120.481,1087.855,36.522,-6.319,5.685,-12.004,1120.481,1198.937,1042.026
2023-07-13,1015.49,1022.94,990.33,997.78,1320700,1056.478,1115.31,1086.513,32.938,-13.393,1.87,-15.263,1115.31,1210.882,1019.739
2023-07-14,1002.44,1060.2,1001.51,1041.57,1361300,1049.024,1110.42,1085.917,42.197,-15.29,-1.562,-13.728,1110.42,1210.699,1010.14
2023-07-18,1056.48,1057.41,1021.08,1024.8,773400,1039.334,1103.805,1085.805,39.924,-17.94,-4.838,-13.102,1103.805,1208.478,999.132
2023-07-19,1024.8,1043.43,1016.42,1035.98,493700,1025.36,1097.61,1085.824,42.161,-18.92,-7.654,-11.265,1097.61,1202.971,992.248
2023-07-20,1035.05,1053.68,1033.19,1051.82,476100,1030.39,1091.46,1085.992,45.27,-18.208,-9.765,-8.443,1091.46,1192.103,990.818
2023-07-21,1062.07,1065.79,1036.91,1047.16,427100,1040.266,1084.613,1085.973,44.512,-17.815,-11.375,-6.44,1084.613,1177.012,992.214
2023-07-24,1044.37,1061.14,1029.46,1034.12,623300,1038.776,1078.464,1085.675,42.373,-18.344,-12.769,-5.575,1078.464,1166.834,990.095
2023-07-25,1020.14,1028.53,1008.96,1012.69,463200,1036.354,1072.548,1084.818,39.053,-20.259,-14.267,-5.992,1072.548,1161.943,983.154
2023-07-26,1001.51,1008.03,991.26,1006.17,381500,1030.392,1067.006,1083.57,38.075,-22.048,-15.823,-6.225,1067.006,1158.51,975.501
2023-07-27,1006.17,1038.78,1006.17,1036.91,552300,1027.41,1061.788,1082.433,45.059,-20.747,-16.808,-3.939,1061.788,1147.16,976.416
2023-07-28,1031.32,1067.66,1025.73,1066.73,749400,1031.324,1057.968,1082.079,50.849,-17.112,-16.869,-0.243,1057.968,1134.385,981.552
2023-07-31,1076.04,1105.85,1070.45,1101.2,794300,1044.74,1056.99,1082.955,56.55,-11.32,-15.759,4.439,1056.99,1130.467,983.514
2023-08-01,1116.1,1142.19,1109.58,1141.26,642300,1070.454,1058.434,1084.371,62.058,-3.457,-13.298,9.842,1058.434,1137.423,979.446
2023-08-02,1138.46,1149.64,1118.9,1131.01,564700,1095.422,1058.854,1085.824,59.963,1.926,-10.254,12.179,1058.854,1139.353,978.355
2023-08-03,1120.76,1134.74,1105.85,1116.1,456900,1111.26,1060.158,1087.427,56.952,4.931,-7.217,12.148,1060.158,1143.574,976.742
2023-08-04,1120.76,1121.69,1104.92,1120.76,245700,1122.066,1062.534,1088.619,57.668,7.601,-4.253,11.854,1062.534,1150.121,974.946
2023-08-07,1105.85,1120.76,1098.4,1120.76,413600,1125.978,1064.63,1090.017,57.668,9.607,-1.481,11.088,1064.63,1155.794,973.465
2023-08-08,1131.94,1161.75,1118.9,1151.5,726300,1128.026,1068.542,1091.768,62.443,13.521,1.519,12.001,1068.542,1167.636,969.448
2023-08-09,1147.78,1176.66,1146.85,1155.23,600100,1132.87,1071.011,1093.967,62.989,16.731,4.562,12.169,1071.011,1176.286,965.736
2023-08-10,1156.16,1183.18,1151.5,1176.66,908700,1144.982,1078.51,1096.333,66.041,20.764,7.802,12.962,1078.51,1191.568,965.453
2023-08-14,1192.5,1215.79,1186.91,1201.81,714200,1161.192,1088.712,1099.296,69.247,25.694,11.381,14.314,1088.712,1207.759,969.665
2023-08-15,1217.65,1237.22,1190.63,1235.35,659700,1184.11,1098.401,1102.985,72.918,31.94,15.492,16.447,1098.401,1231.953,964.849
2023-08-16,1230.69,1231.63,1209.27,1221.38,469500,1198.086,1108.23,1105.743,69.212,35.354,19.465,15.89,1108.23,1247.775,968.685
2023-08-17,1225.1,1258.64,1200.88,1216.72,765500,1210.384,1117.267,1108.221,67.971,37.255,23.023,14.232,1117.267,1260.473,974.061
2023-08-18,1199.02,1204.61,1147.78,1156.16,916000,1206.284,1122.484,1109.786,54.335,33.489,25.116,8.373,1122.484,1263.232,981.736
2023-08-21,1136.6,1171.07,1133.8,1162.68,1135800,1198.458,1128.26,1111.649,55.373,30.676,26.228,4.448,1128.26,1265.429,991.091
2023-08-22,1151.5,1161.75,1138.46,1141.26,671100,1179.64,1133.617,1112.618,51.251,26.414,26.265,0.149,1133.617,1263.479,1003.755
2023-08-23,1129.15,1176.66,1123.56,1173.86,758500,1170.136,1141.675,1114.071,56.552,25.375,26.087,-0.712,1141.675,1259.375,1023.976
2023-08-24,1177.59,1177.59,1151.5,1155.23,661400,1157.838,1149.128,1115.115,53.005,22.785,25.427,-2.642,1149.128,1248.084,1050.173
2023-08-25,1148.71,1172.93,1140.33,1163.62,664900,1159.33,1155.464,1116.158,54.392,21.166,24.575,-3.409,1155.464,1239.228,1071.7
2023-08-28,1172.0,1180.39,1151.5,1164.55,815700,1159.704,1160.355,1117.425,54.552,19.73,23.606,-3.876,1160.355,1232.987,1087.723
2023-08-29,1170.14,1193.43,1170.14,1192.5,1878900,1169.952,1164.92,1118.487,59.191,20.61,23.007,-2.397,1164.92,1233.246,1096.594
2023-08-30,1199.05,1211.23,1168.14,1209.36,1548800,1177.052,1168.325,1119.533,61.728,22.409,22.887,-0.478,1168.325,1238.45,1098.2
2023-08-31,1217.79,1260.88,1215.92,1252.45,1175600,1196.496,1174.397,1121.384,67.321,27.001,23.71,3.291,1174.397,1251.592,1097.202
2023-09-01,1259.01,1303.03,1251.51,1282.43,910500,1220.258,1182.714,1123.537,70.546,32.683,25.504,7.178,1182.714,1268.792,1096.635
2023-09-04,1297.41,1325.52,1287.11,1323.64,690600,1252.076,1192.858,1126.327,74.3,40.049,28.413,11.636,1192.858,1294.589,1091.126
2023-09-05,1318.96,1324.58,1302.1,1307.72,438800,1275.12,1202.206,1129.34,70.558,44.094,31.549,12.544,1202.206,1310.208,1094.203
2023-09-06,1279.62,1305.84,1266.5,1302.1,689600,1293.668,1209.736,1132.762,69.233,46.312,34.502,11.81,1209.736,1323.689,1095.782
2023-09-07,1285.24,1293.67,1241.21,1260.88,891100,1295.354,1215.018,1135.639,60.288,44.234,36.448,7.786,1215.018,1328.125,1101.911
2023-09-08,1268.37,1277.74,1238.4,1269.31,729800,1292.73,1219.65,1138.2,61.386,42.774,37.714,5.061,1219.65,1333.727,1105.574
2023-09-11,1269.31,1273.99,1251.51,1263.69,235600,1280.74,1222.744,1140.611,60.191,40.695,38.31,2.385,1222.744,1338.133,1107.356
2023-09-12,1269.31,1278.68,1249.64,1253.39,330000,1269.874,1223.646,1143.264,57.962,37.78,38.204,-0.424,1223.646,1339.73,1107.563
2023-09-13,1246.83,1255.26,1230.9,1232.78,415800,1256.01,1224.216,1145.672,53.68,33.422,37.248,-3.825,1224.216,1340.365,1108.068
2023-09-14,1236.52,1249.64,1221.54,1229.03,371500,1249.64,1224.832,1147.8,52.914,29.328,35.664,-6.336,1224.832,1340.944,1108.72
2023-09-15,1242.14,1242.14,1206.55,1215.92,593700,1238.962,1227.82,1150.318,50.216,24.74,33.479,-8.739,1227.82,1339.481,1116.159
2023-09-19,1201.86,1202.8,1169.08,1180.32,529200,1222.288,1228.702,1152.459,43.7,18.023,30.388,-12.364,1228.702,1338.459,1118.945
2023-09-20,1170.95,1188.75,1159.71,1166.27,536300,1204.864,1229.952,1154.208,41.416,11.435,26.597,-15.162,1229.952,1336.023,1123.882
2023-09-21,1157.84,1166.27,1137.23,1148.47,562700,1188.002,1228.683,1155.712,38.659,4.723,22.222,-17.499,1228.683,1338.134,1119.232
2023-09-22,1144.72,1178.45,1137.23,1159.71,560100,1174.138,1228.907,1156.789,41.315,0.307,17.839,-17.532,1228.907,1337.742,1120.072
2023-09-25,1158.77,1177.51,1143.79,1159.71,382400,1162.896,1228.712,1159.45,41.315,-3.156,13.64,-16.796,1228.712,1338.053,1119.37
2023-09-26,1167.2,1168.14,1140.04,1143.79,335100,1155.59,1227.674,1162.37,38.571,-7.104,9.491,-16.595,1227.674,1339.935,1115.412
2023-09-27,1142.85,1147.53,1125.99,1141.91,401700,1150.718,1225.144,1164.377,38.248,-10.265,5.54,-15.805,1225.144,1342.888,1107.4
2023-09-28,1130.67,1137.23,1103.5,1110.06,704500,1143.036,1220.179,1166.082,33.179,-15.166,1.399,-16.565,1220.179,1348.615,1091.743
2023-09-29,1129.73,1148.47,1099.76,1100.69,758300,1131.232,1212.591,1167.377,31.841,-19.581,-2.797,-16.783,1212.591,1350.576,1074.606
2023-10-02,1100.69,1101.63,1070.72,1072.59,631600,1113.808,1202.099,1167.792,28.174,-25.058,-7.249,-17.808,1202.099,1349.326,1054.872
2023-10-03,1069.78,1077.28,1040.74,1046.36,750600,1094.322,1188.235,1167.776,25.251,-31.155,-12.03,-19.125,1188.235,1339.44,1037.03
2023-10-04,1028.56,1036.99,1008.89,1016.39,1170200,1069.218,1173.668,1167.421,22.392,-37.969,-17.218,-20.751,1173.668,1332.353,1014.984
2023-10-05,1036.99,1060.41,1024.82,1053.86,1227400,1057.978,1161.256,1168.245,32.658,-39.885,-21.751,-18.134,1161.256,1316.439,1006.074
2023-10-06,1070.72,1087.58,1063.22,1077.28,829300,1053.296,1152.077,1169.667,38.164,-39.064,-25.214,-13.85,1152.077,1304.135,1000.018
2023-10-10,1105.38,1114.75,1059.48,1079.15,854000,1054.608,1142.568,1170.512,38.595,-37.826,-27.736,-10.09,1142.568,1287.37,997.767
2023-10-11,1099.76,1115.68,1074.46,1079.15,1312400,1061.166,1133.342,1170.76,38.595,-36.425,-29.474,-6.951,1133.342,1268.867,997.816
2023-10-12,955.5,1033.25,948.94,986.41,3099200,1055.17,1119.992,1168.464,27.538,-42.31,-32.041,-10.269,1119.992,1258.296,981.689
2023-10-13,993.9,1043.55,990.16,1040.74,1704100,1052.546,1110.39,1166.454,38.63,-42.105,-34.054,-8.051,1110.39,1242.239,978.542
2023-10-16,1008.89,1008.89,977.98,983.6,970200,1033.81,1098.119,1163.506,32.922,-46.023,-36.448,-9.575,1098.119,1229.157,967.081
2023-10-17,990.16,1010.77,988.28,995.78,556600,1017.136,1087.112,1161.099,35.123,-47.596,-38.677,-8.919,1087.112,1213.383,960.841
2023-10-18,988.28,992.03,961.12,989.22,563500,999.15,1077.557,1158.469,34.467,-48.81,-40.704,-8.106,1077.557,1203.049,952.065
2023-10-19,975.17,979.85,949.88,963.93,547100,994.654,1067.44,1155.332,31.987,-51.221,-42.807,-8.414,1067.44,1195.419,939.461
2023-10-20,955.5,960.18,933.95,945.19,652200,975.544,1057.276,1151.206,30.25,-54.022,-45.05,-8.972,1057.276,1190.346,924.206
2023-10-23,937.7,950.81,934.89,935.82,413600,965.988,1046.081,1146.818,29.391,-56.349,-47.31,-9.039,1046.081,1180.531,911.632
2023-10-24,955.5,979.85,932.08,974.23,668300,961.678,1036.807,1142.769,37.259,-54.465,-48.741,-5.724,1036.807,1163.627,909.988
2023-10-25,976.1,1004.21,972.36,992.03,558200,962.24,1029.22,1138.573,40.564,-50.949,-49.183,-1.766,1029.22,1146.92,911.519
2023-10-26,975.17,992.97,972.36,988.28,392000,967.11,1021.538,1133.632,40.085,-47.912,-48.929,1.016,1021.538,1127.766,915.31
2023-10-27,989.22,993.9,971.42,987.35,331500,975.542,1015.402,1128.951,39.959,-45.061,-48.155,3.094,1015.402,1114.003,916.802
2023-10-30,982.66,988.28,956.43,957.37,467900,979.852,1008.236,1123.764,36.026,-44.706,-47.465,2.759,1008.236,1101.422,915.051
2023-10-31,957.37,1001.4,939.57,998.59,441200,984.724,1004.536,1120.613,44.164,-40.63,-46.098,5.468,1004.536,1092.705,916.368
2023-11-01,1015.45,1021.07,990.16,990.16,470000,984.35,1001.727,1117.163,42.96,-37.646,-44.408,6.762,1001.727,1087.841,915.612
2023-11-02,997.65,1006.08,970.48,975.17,304400,981.728,999.666,1113.841,40.829,-36.074,-42.741,6.667,999.666,1086.274,913.057
2023-11-06,988.28,1002.33,979.85,982.66,459800,980.79,996.106,1110.017,42.367,-33.835,-40.96,7.125,996.106,1079.113,913.098
2023-11-07,982.66,982.66,960.18,963.93,294300,982.102,990.438,1106.191,39.596,-33.189,-39.405,6.217,990.438,1065.175,915.701
2023-11-08,960.18,971.42,948.0,948.0,344100,971.984,983.88,1101.878,37.357,-33.575,-38.239,4.664,983.88,1048.122,919.639
2023-11-09,959.24,964.86,949.88,962.05,280800,966.362,978.026,1097.828,40.55,-32.374,-37.066,4.692,978.026,1024.632,931.419
2023-11-10,957.37,988.28,951.75,983.6,321600,968.048,977.885,1093.65,45.165,-29.345,-35.522,6.177,977.885,1024.402,931.368
2023-11-13,989.22,993.9,971.42,983.6,233600,968.236,975.028,1089.135,45.165,-26.638,-33.745,7.107,975.028,1011.147,938.909
2023-11-14,996.71,1000.46,982.66,985.47,218100,972.544,975.122,1083.796,45.591,-24.064,-31.809,7.745,975.122,1011.343,938.9
2023-11-15,991.09,1005.14,986.41,992.97,309500,981.538,974.981,1078.006,47.354,-21.175,-29.682,8.507,974.981,1010.886,939.076
2023-11-16,992.03,992.03,965.8,973.29,245100,983.786,974.184,1070.999,43.381,-20.24,-27.794,7.554,974.184,1009.461,938.908
2023-11-17,969.55,991.09,969.55,991.09,286400,985.284,975.542,1064.667,47.658,-17.857,-25.806,7.95,975.542,1011.245,939.84
2023-11-20,995.78,1006.08,991.09,1002.33,265600,989.03,978.4,1058.671,50.215,-14.89,-23.623,8.733,978.4,1013.003,943.796
2023-11-21,1007.02,1018.26,998.59,1009.83,241100,993.902,982.1,1053.65,51.904,-11.797,-21.258,9.461,982.1,1013.181,951.019
2023-11-22,1014.51,1024.82,1007.95,1014.51,268100,998.21,984.114,1048.554,52.976,-8.866,-18.779,9.913,984.114,1018.13,950.098
2023-11-24,1024.82,1033.25,1007.02,1015.45,299900,1006.642,985.285,1043.59,53.201,-6.394,-16.302,9.909,985.285,1021.957,948.613
2023-11-27,1011.7,1015.45,984.54,996.71,221200,1007.766,985.706,1038.456,48.234,-5.879,-14.218,8.339,985.706,1022.716,948.697
2023-11-28,1001.4,1009.83,983.6,991.09,247600,1005.518,985.894,1033.622,46.822,-5.857,-12.545,6.689,985.894,1022.975,948.812
2023-11-29,986.41,996.71,974.23,974.23,230400,998.398,986.736,1028.526,42.776,-7.118,-11.46,4.342,986.736,1021.8,951.673
2023-11-30,975.17,981.73,965.8,977.04,233900,990.904,985.659,1023.749,43.65,-7.8,-10.728,2.928,985.659,1020.512,950.806
2023-12-01,982.66,982.66,963.93,966.74,254200,981.162,984.488,1019.477,41.168,-9.068,-10.396,1.328,984.488,1020.266,948.71
2023-12-04,967.67,993.9,964.86,979.85,316100,977.79,984.722,1015.749,45.422,-8.912,-10.099,1.187,984.722,1020.304,949.14
2023-12-05,970.48,978.92,962.05,962.05,233800,971.982,983.692,1012.02,41.079,-10.108,-10.101,-0.007,983.692,1020.69,946.693
2023-12-06,961.12,969.55,960.18,966.74,237900,970.484,983.832,1008.161,42.635,-10.556,-10.192,-0.364,983.832,1020.535,947.129
2023-12-07,974.23,974.23,956.43,962.99,355100,967.674,984.582,1004.226,41.687,-11.085,-10.371,-0.715,984.582,1018.727,950.436
2023-12-08,977.04,981.73,950.81,956.43,413500,965.612,984.3,1000.479,40.011,-11.897,-10.676,-1.222,984.3,1019.308,949.293
2023-12-11,979.85,980.79,966.74,970.48,348400,963.738,983.644,997.051,45.102,-11.277,-10.796,-0.481,983.644,1019.195,948.094
2023-12-12,977.04,977.98,959.24,966.74,278700,964.676,982.801,994.184,44.031,-10.961,-10.829,-0.132,982.801,1019.147,946.456
2023-12-13,977.04,990.16,963.93,967.67,321500,964.862,981.911,991.524,44.385,-10.514,-10.766,0.252,981.911,1018.849,944.974
2023-12-14,978.92,987.35,953.62,957.37,426600,963.738,980.132,989.219,41.273,-10.866,-10.786,-0.08,980.132,1018.238,942.025
2023-12-15,967.67,977.04,960.18,974.23,434900,967.298,980.178,987.777,47.732,-9.673,-10.564,0.891,980.178,1018.252,942.105
2023-12-18,969.55,981.73,965.8,980.79,222500,969.36,979.664,987.065,50.035,-8.105,-10.072,1.967,979.664,1017.392,941.935
2023-12-19,983.6,992.03,977.98,992.03,346800,974.418,979.148,985.828,53.791,-5.887,-9.235,3.348,979.148,1015.841,942.456
2023-12-20,995.78,1002.33,983.6,988.28,250300,978.54,978.071,984.048,52.376,-4.381,-8.264,3.883,978.071,1012.142,944.0
2023-12-21,977.04,993.9,976.1,988.28,160300,984.722,976.759,982.231,52.376,-3.152,-7.242,4.09,976.759,1006.693,946.826
2023-12-22,988.28,999.52,984.54,989.22,218800,987.72,975.448,980.432,52.738,-2.078,-6.209,4.131,975.448,1000.071,950.825
2023-12-25,995.78,997.65,977.98,979.85,203500,987.532,974.605,980.301,48.766,-1.96,-5.359,3.399,974.605,997.237,951.973
2023-12-26,983.6,991.09,976.1,979.85,199800,985.096,974.043,979.083,48.766,-1.845,-4.656,2.811,974.043,995.478,952.608
2023-12-27,983.6,1007.95,980.79,1004.21,280400,988.282,975.542,979.495,58.248,0.209,-3.683,3.892,975.542,1000.872,950.212
2023-12-28,1002.33,1027.63,993.9,1023.88,308200,995.402,977.884,980.057,64.036,3.385,-2.27,5.654,977.884,1011.2,944.568
2023-12-29,1023.88,1034.18,1011.7,1019.2,260500,1001.398,980.507,980.657,61.839,5.461,-0.724,6.185,980.507,1018.113,942.901
2024-01-04,1015.45,1037.93,1007.95,1036.99,506500,1012.826,983.364,982.118,66.538,8.445,1.11,7.335,983.364,1028.656,938.072
2024-01-05,1045.43,1049.17,1015.45,1016.39,273300,1020.134,986.081,983.542,57.681,9.043,2.697,6.346,986.081,1032.495,939.667
2024-01-09,1030.44,1030.44,1019.2,1028.56,436600,1025.004,989.172,985.397,60.985,10.38,4.233,6.146,989.172,1038.317,940.027
2024-01-10,1033.25,1047.3,1025.75,1043.55,629500,1028.938,993.2,986.783,64.646,12.504,5.887,6.617,993.2,1046.352,940.048
2024-01-11,980.79,1015.45,970.48,1011.7,1912200,1027.438,995.963,987.177,53.219,11.485,7.007,4.478,995.963,1046.761,945.166
2024-01-12,1023.88,1034.18,1011.7,1033.25,803400,1026.69,999.102,988.076,58.557,12.275,8.061,4.215,999.102,1051.014,947.19
2024-01-15,1033.25,1035.12,1023.88,1030.44,106000,1029.5,1002.287,988.938,57.633,12.53,8.955,3.576,1002.287,1053.652,950.922
2024-01-16,1033.25,1043.55,997.65,998.59,588400,1023.506,1003.833,989.762,48.33,10.047,9.173,0.874,1003.833,1052.607,955.059
2024-01-17,1008.89,1033.25,1000.46,1004.21,592100,1015.638,1006.175,989.875,49.867,8.434,9.025,-0.591,1006.175,1049.78,962.57
2024-01-18,1007.02,1027.63,1001.4,1021.07,477700,1017.512,1008.517,990.493,54.265,8.42,8.904,-0.484,1008.517,1049.871,967.163
2024-01-19,1029.5,1029.5,981.73,982.66,706100,1007.394,1008.61,990.643,44.655,5.249,8.173,-2.924,1008.61,1049.708,967.513
2024-01-22,984.54,988.28,967.67,968.61,510300,995.028,1007.44,990.362,41.742,1.584,6.855,-5.271,1007.44,1051.736,963.143
2024-01-23,972.36,972.36,938.63,939.57,894000,983.224,1005.004,989.875,36.451,-3.622,4.76,-8.382,1005.004,1058.199,951.809
2024-01-24,936.76,947.07,928.33,931.14,635900,968.61,1002.147,989.537,35.062,-8.332,2.141,-10.474,1002.147,1064.477,939.817
2024-01-25,932.08,936.76,918.96,932.08,488600,950.812,999.29,988.938,35.357,-11.853,-0.657,-11.195,999.29,1068.925,929.655
2024-01-26,930.2,943.32,921.77,937.7,454800,941.82,997.183,988.02,37.2,-14.027,-3.331,-10.696,997.183,1071.677,922.688
2024-01-29,937.7,939.57,928.33,930.2,338400,934.138,994.7,986.952,35.736,-16.17,-5.899,-10.271,994.7,1074.73,914.67
2024-01-30,936.76,936.76,921.77,922.71,309700,930.766,990.625,985.697,34.285,-18.261,-8.372,-9.89,990.625,1076.688,904.562
2024-01-31,916.15,918.03,881.49,885.24,943600,921.586,983.693,983.542,28.132,-22.681,-11.233,-11.448,983.693,1080.18,887.206
2024-02-01,884.3,897.42,871.19,886.18,677100,912.406,977.042,981.8,28.478,-25.81,-14.149,-11.661,977.042,1081.253,872.831
2024-02-02,887.11,889.92,878.68,879.62,401300,900.79,969.173,979.571,27.482,-28.491,-17.017,-11.474,969.173,1077.989,860.358
2024-02-05,885.24,920.84,880.56,913.34,631800,897.418,964.021,977.791,39.251,-27.577,-19.129,-8.448,964.021,1073.181,854.861
2024-02-06,910.53,910.53,892.73,894.61,423100,891.798,957.324,975.486,35.778,-28.041,-20.911,-7.129,957.324,1066.248,848.399
2024-02-07,888.99,889.92,873.06,876.81,470400,890.112,948.986,972.732,32.806,-29.504,-22.63,-6.874,948.986,1055.623,842.35
2024-02-08,874.0,879.62,859.95,874.0,485900,887.676,942.102,969.903,32.35,-30.539,-24.212,-6.327,942.102,1049.468,834.735
2024-02-09,866.5,888.99,863.69,886.18,416400,888.988,934.748,967.693,36.478,-30.03,-25.375,-4.654,934.748,1035.788,833.708
2024-02-13,895.54,896.48,874.0,879.62,422900,882.244,927.207,965.463,35.231,-29.812,-26.263,-3.549,927.207,1020.383,834.031
2024-02-14,879.62,885.24,864.63,874.93,406000,878.308,921.024,963.477,34.327,-29.676,-26.945,-2.731,921.024,1010.597,831.451
2024-02-15,874.0,874.93,833.72,834.65,648300,869.876,912.546,960.63,27.746,-32.444,-28.045,-4.399,912.546,1001.059,824.033
2024-02-16,835.59,853.39,835.59,853.39,400100,865.754,904.162,958.363,34.078,-32.748,-28.986,-3.763,904.162,980.292,828.032
2024-02-19,856.2,873.06,850.58,868.38,410900,862.194,898.448,956.133,38.706,-31.418,-29.472,-1.946,898.448,966.497,830.399
2024-02-20,871.19,873.06,852.45,853.39,511900,856.948,892.687,953.96,35.985,-31.213,-29.82,-1.393,892.687,954.992,830.382
2024-02-21,854.33,861.82,841.21,856.2,441400,853.202,888.518,951.749,36.881,-30.473,-29.951,-0.522,888.518,948.738,828.299
2024-02-22,859.01,870.25,850.58,856.2,316300,857.512,884.772,949.613,36.881,-29.546,-29.87,0.324,884.772,943.121,826.422
2024-02-26,853.39,870.25,852.45,856.2,439900,858.074,880.978,947.609,36.881,-28.482,-29.592,1.11,880.978,936.157,825.798
2024-02-27,865.57,868.38,846.83,854.33,407500,855.264,876.809,945.286,36.457,-27.474,-29.169,1.695,876.809,926.243,827.375
2024-02-28,857.16,874.15,857.16,868.49,389800,858.284,873.724,943.321,41.902,-25.241,-28.383,3.142,873.724,916.362,831.085
2024-02-29,876.98,885.48,869.43,881.7,535000,863.384,871.673,941.601,46.508,-22.151,-27.137,4.986,871.673,907.847,835.499
2024-03-01,885.48,894.92,868.49,869.43,434500,866.03,870.882,939.843,43.091,-20.455,-25.8,5.345,870.882,906.495,835.27
2024-03-04,866.6,870.37,855.27,858.1,346300,866.41,869.478,937.52,40.157,-19.798,-24.6,4.802,869.478,904.764,834.193
2024-03-05,853.38,867.54,842.05,863.77,393300,868.298,868.686,935.18,42.275,-18.605,-23.401,4.796,868.686,903.724,833.648
2024-03-06,865.65,877.93,864.71,874.15,284100,869.43,866.727,932.822,46.041,-16.63,-22.047,5.416,866.727,894.975,838.478
2024-03-07,877.93,893.03,876.98,885.48,429800,870.186,866.27,930.766,49.883,-13.99,-20.435,6.446,866.27,892.868,839.672
2024-03-08,875.09,887.37,869.43,870.37,409200,870.374,865.948,928.408,45.255,-12.967,-18.942,5.975,865.948,892.162,839.734
2024-03-11,863.77,866.6,852.44,862.82,381500,871.318,865.389,925.88,43.103,-12.62,-17.677,5.057,865.389,891.356,839.422
2024-03-12,862.82,896.81,857.16,895.86,390500,877.736,865.873,924.2,53.52,-9.569,-16.056,6.487,865.873,893.761,837.985
2024-03-13,899.64,901.53,887.37,893.03,360900,881.512,866.544,922.464,52.631,-7.295,-14.304,7.009,866.544,896.399,836.688
2024-03-14,891.14,899.64,881.7,887.37,242100,881.89,867.166,920.127,50.813,-5.882,-12.619,6.737,867.166,898.249,836.082
2024-03-15,882.65,883.59,871.32,873.21,312100,882.458,869.094,917.113,46.488,-5.837,-11.263,5.426,869.094,896.217,841.97
2024-03-18,891.14,891.14,891.14,891.14,25900,888.122,870.981,914.552,52.054,-4.305,-9.871,5.566,870.981,898.749,843.213
2024-03-19,898.69,899.64,883.59,894.92,246400,887.934,872.308,911.711,53.16,-2.755,-8.448,5.693,872.308,902.021,842.595
2024-03-21,901.53,907.19,887.37,891.14,295400,887.556,874.196,909.206,51.871,-1.81,-7.12,5.31,874.196,903.644,844.747
2024-03-22,890.2,900.58,889.25,897.75,208000,889.632,876.273,906.59,53.972,-0.522,-5.801,5.279,876.273,906.234,846.312
2024-03-25,900.58,901.53,890.2,892.09,300000,893.408,878.068,903.56,51.883,0.042,-4.632,4.674,878.068,907.256,848.879
2024-03-26,892.09,895.86,873.21,887.37,334700,892.654,879.626,901.074,50.141,0.107,-3.684,3.791,879.626,907.181,852.071
2024-03-27,892.09,902.47,890.2,894.92,281300,892.654,881.655,898.307,52.868,0.758,-2.796,3.554,881.655,907.277,856.034
2024-03-28,893.03,895.86,879.81,882.65,215800,890.956,882.364,895.351,48.249,0.281,-2.18,2.462,882.364,907.224,857.503
2024-03-29,882.65,898.69,882.65,891.14,127800,889.634,882.835,893.202,51.412,0.582,-1.628,2.21,882.835,908.0,857.671
2024-04-01,896.81,897.75,882.65,883.59,230800,887.934,883.544,890.79,48.569,0.208,-1.261,1.469,883.544,907.904,859.183
2024-04-02,887.37,887.37,862.82,869.43,355400,884.346,884.11,887.757,43.689,-1.216,-1.252,0.036,884.11,906.42,861.8
2024-04-03,868.49,872.26,860.93,866.6,300500,878.682,884.252,885.436,42.765,-2.544,-1.51,-1.034,884.252,906.048,862.455
2024-04-04,876.04,876.04,856.21,861.88,353000,874.528,883.638,883.301,41.198,-3.932,-1.995,-1.938,883.638,907.247,860.029
2024-04-05,859.05,876.98,856.21,870.37,313300,870.374,882.882,881.917,45.094,-4.298,-2.455,-1.842,882.882,907.2,858.565
2024-04-08,868.49,876.04,865.65,875.09,294900,868.674,883.118,880.796,47.188,-4.158,-2.796,-1.363,883.118,907.012,859.225
2024-04-09,879.81,884.53,875.09,881.7,347600,871.128,884.062,879.789,50.062,-3.475,-2.932,-0.543,884.062,905.991,862.134
2024-04-10,895.86,902.47,882.65,886.42,792500,875.092,883.59,878.763,52.067,-2.523,-2.85,0.327,883.59,904.845,862.336
2024-04-11,953.45,989.32,937.4,942.12,3172200,891.14,886.045,879.002,68.264,2.695,-1.741,4.436,886.045,919.643,852.447
2024-04-12,944.95,980.82,928.9,940.23,928800,905.112,888.688,879.352,67.431,6.601,-0.072,6.674,888.688,930.127,847.249
2024-04-15,921.35,936.45,906.25,908.13,749100,911.72,890.434,879.81,55.132,7.026,1.347,5.679,890.434,932.069,848.799
2024-04-16,898.69,910.02,876.04,876.04,697000,910.588,889.679,879.607,46.083,4.719,2.022,2.697,889.679,931.805,847.553
2024-04-17,870.37,875.09,855.27,859.99,620800,905.302,887.932,879.214,42.339,1.577,1.933,-0.355,887.932,931.995,843.87
2024-04-18,861.88,895.86,859.99,881.7,482800,893.218,887.46,878.582,48.44,0.83,1.712,-0.882,887.46,931.581,843.34
2024-04-19,877.93,881.7,849.61,854.33,673000,876.038,885.29,877.776,42.356,-1.949,0.98,-2.929,885.29,931.502,839.077
2024-04-22,864.71,883.59,859.99,874.15,407400,869.242,884.392,877.723,47.499,-2.522,0.279,-2.802,884.392,930.745,838.04
2024-04-23,882.65,882.65,859.99,859.99,406300,866.032,883.024,877.443,44.448,-4.073,-0.591,-3.482,883.024,930.607,835.44
2024-04-24,863.77,881.7,860.93,871.32,388000,868.298,881.844,877.145,47.361,-4.337,-1.34,-2.997,881.844,929.355,834.332
2024-04-25,869.43,870.37,845.83,845.83,577600,861.124,880.002,876.47,42.022,-6.528,-2.378,-4.15,880.002,930.162,829.843
2024-04-26,832.61,832.61,808.07,832.61,826300,856.78,877.076,875.623,39.532,-9.225,-3.747,-5.478,877.076,931.175,822.977
2024-04-30,845.83,845.83,817.51,818.45,614700,845.64,873.819,875.299,37.004,-12.362,-5.47,-6.892,873.819,933.791,813.847
2024-05-01,811.85,811.85,797.69,800.52,724700,833.746,870.374,874.242,34.035,-16.11,-7.598,-8.512,870.374,938.738,802.009
2024-05-02,800.52,815.62,794.85,813.73,430700,822.228,867.73,873.149,37.983,-17.808,-9.64,-8.168,867.73,940.646,794.814
2024-05-07,813.73,827.89,810.9,820.34,396700,817.13,865.653,872.488,39.92,-18.409,-11.394,-7.015,865.653,941.575,789.731
2024-05-08,818.45,831.67,811.85,823.17,354100,815.242,863.293,871.827,40.773,-18.444,-12.804,-5.64,863.293,941.498,785.088
2024-05-09,828.84,840.17,819.4,834.5,394200,818.452,861.264,871.393,44.19,-17.358,-13.715,-3.643,861.264,940.282,782.245
2024-05-10,838.28,838.28,810.9,818.45,471900,822.038,858.101,870.638,40.615,-17.589,-14.49,-3.099,858.101,938.722,777.48
2024-05-13,816.57,823.17,809.01,820.34,299700,823.36,854.797,869.958,41.218,-17.419,-15.075,-2.343,854.797,935.946,773.648
2024-05-14,820.34,830.73,813.73,826.01,270100,824.494,848.992,869.109,43.085,-16.635,-15.387,-1.247,848.992,919.79,778.193
2024-05-15,826.01,826.95,809.01,812.79,322900,822.418,842.62,867.731,39.903,-16.886,-15.687,-1.199,842.62,900.626,784.613
2024-05-16,817.51,821.29,810.9,812.79,417000,818.076,837.852,866.598,39.903,-16.89,-15.927,-0.962,837.852,888.379,787.326
2024-05-17,810.9,825.06,806.18,818.45,314900,818.076,834.973,865.805,42.029,-16.249,-15.992,-0.257,834.973,882.83,787.116
2024-05-20,818.45,825.06,811.85,815.62,310500,817.132,832.754,864.842,41.243,-15.787,-15.951,0.164,832.754,879.836,785.673
2024-05-21,813.73,814.68,792.97,792.97,489200,810.524,828.318,863.218,35.52,-17.053,-16.171,-0.881,828.318,872.62,784.016
2024-05-22,788.25,799.57,782.58,792.02,375800,806.37,825.202,861.349,35.299,-17.925,-16.522,-1.403,825.202,870.553,779.852
2024-05-23,790.13,795.8,783.53,791.08,332900,802.028,821.049,859.763,35.066,-18.48,-16.914,-1.566,821.049,862.58,779.518
2024-05-24,788.25,796.74,786.36,789.19,347100,796.176,817.509,858.291,34.573,-18.855,-17.302,-1.553,817.509,857.088,777.93
2024-05-27,788.25,790.13,756.15,764.65,802900,785.982,812.176,855.666,28.887,-20.891,-18.02,-2.871,812.176,849.929,774.422
2024-05-28,778.81,781.64,763.7,767.48,493700,780.884,808.258,853.155,30.31,-22.022,-18.82,-3.202,808.258,847.537,768.979
2024-05-29,762.76,784.47,759.93,774.09,549000,777.298,805.332,850.89,33.651,-22.131,-19.482,-2.648,805.332,845.677,764.987
2024-05-30,769.37,783.53,764.65,780.69,359800,775.22,803.444,849.039,36.903,-21.437,-19.873,-1.564,803.444,844.727,762.161
2024-05-31,783.53,792.97,781.64,790.13,384900,775.408,802.924,847.019,41.332,-19.896,-19.878,-0.018,802.924,844.622,761.227
2024-06-03,798.63,808.07,797.69,805.24,369800,783.526,802.5,845.226,47.665,-17.256,-19.353,2.097,802.5,843.906,761.094
2024-06-04,807.13,811.85,801.46,806.18,225000,791.266,801.792,843.526,48.041,-14.917,-18.466,3.549,801.792,842.39,761.194
2024-06-05,803.35,810.9,797.69,803.35,154100,797.118,800.801,841.638,46.948,-13.14,-17.401,4.261,800.801,840.15,761.452
2024-06-06,802.41,806.18,786.36,791.08,201900,799.196,798.63,839.618,42.44,-12.576,-16.436,3.86,798.63,834.815,762.445
2024-06-07,789.19,802.41,789.19,798.63,151200,800.896,797.639,837.843,45.883,-11.389,-15.427,4.037,797.639,832.603,762.675
2024-06-10,806.18,810.9,800.52,807.13,204500,801.274,796.978,836.088,49.543,-9.652,-14.272,4.62,796.978,830.611,763.346
2024-06-11,806.18,812.79,804.29,804.29,174900,800.896,795.892,834.52,48.366,-8.407,-13.099,4.692,795.892,826.876,764.909
2024-06-12,810.9,815.62,807.13,812.79,214700,802.784,795.892,832.953,52.039,-6.657,-11.81,5.153,795.892,826.876,764.909
2024-06-13,820.34,820.34,802.41,803.35,181100,805.238,795.42,831.349,47.959,-5.964,-10.641,4.677,795.42,825.598,765.243
2024-06-14,800.52,820.34,799.57,819.4,285900,809.392,795.468,830.348,54.491,-4.072,-9.327,5.255,795.468,825.8,765.136
2024-06-17,821.29,821.29,792.02,803.35,368600,808.636,794.854,829.083,48.002,-3.824,-8.227,4.402,794.854,823.941,765.768
2024-06-18,809.01,809.96,784.47,786.36,355900,805.05,794.524,827.573,42.265,-4.942,-7.57,2.628,794.524,823.85,765.198
2024-06-19,792.02,805.24,788.25,797.69,280500,802.03,794.808,826.119,46.829,-4.857,-7.027,2.17,794.808,824.142,765.473
2024-06-20,801.46,808.07,796.74,797.69,198200,800.898,795.138,824.571,46.829,-4.736,-6.569,1.833,795.138,824.444,765.832
2024-06-21,798.63,810.9,796.74,796.74,280700,796.366,795.516,822.872,46.472,-4.662,-6.188,1.526,795.516,824.693,766.338
2024-06-24,805.24,809.01,800.52,808.07,227300,797.31,797.686,821.305,51.249,-3.647,-5.68,2.032,797.686,823.457,771.916
2024-06-25,816.57,819.4,809.01,814.68,292900,802.974,800.046,818.756,53.837,-2.284,-5.0,2.717,800.046,822.616,777.477
2024-06-26,814.68,820.34,811.85,815.62,311200,806.56,802.123,816.264,54.209,-1.114,-4.223,3.109,802.123,822.134,782.112
2024-06-27,818.45,826.01,815.62,816.57,319300,810.336,803.917,814.433,54.608,-0.11,-3.4,3.291,803.917,822.196,785.638
2024-06-28,822.23,823.17,814.68,817.51,285200,814.49,805.286,813.262,55.025,0.754,-2.57,3.323,805.286,823.317,787.255
2024-07-01,822.23,826.95,817.51,819.4,375000,816.756,805.994,812.45,55.902,1.573,-1.741,3.314,805.994,825.097,786.891
2024-07-02,824.12,832.61,819.4,823.17,434300,818.454,806.844,811.28,57.675,2.497,-0.894,3.39,806.844,827.435,786.252
2024-07-03,825.06,828.84,820.34,825.06,368500,820.342,807.929,810.694,58.575,3.343,-0.046,3.389,807.929,829.982,785.876
2024-07-04,822.23,826.95,798.63,806.18,759200,818.264,808.684,809.335,47.676,2.462,0.455,2.007,808.684,829.295,788.073
2024-07-05,810.9,810.9,793.91,795.8,380100,813.922,808.542,808.051,42.945,0.916,0.547,0.368,808.542,829.48,787.605
2024-07-08,804.29,808.07,791.08,796.74,386300,809.39,808.023,806.559,43.492,-0.231,0.392,-0.623,808.023,829.614,786.432
2024-07-09,805.24,811.85,794.85,794.85,664800,803.726,807.551,805.54,42.607,-1.278,0.058,-1.336,807.551,829.885,785.217
2024-07-10,795.8,811.85,792.02,802.41,1035400,799.196,807.032,804.936,47.229,-1.481,-0.25,-1.231,807.032,829.336,784.728
2024-07-11,774.09,842.05,760.87,836.39,2318500,805.238,808.684,805.295,62.03,1.088,0.018,1.071,808.684,834.463,782.905
2024-07-12,818.45,826.01,806.18,824.12,884400,810.902,808.92,805.767,55.93,2.11,0.436,1.674,808.92,835.194,782.646
2024-07-16,813.73,836.39,811.85,834.5,711200,818.454,810.478,806.182,59.554,3.714,1.092,2.622,810.478,838.961,781.994
2024-07-17,839.22,864.71,833.56,861.88,762600,831.86,814.254,807.013,67.212,7.113,2.296,4.817,814.254,848.679,779.828
2024-07-18,864.71,873.21,856.21,864.71,708200,844.32,817.604,807.844,67.889,9.92,3.821,6.1,817.604,857.804,777.405
2024-07-19,871.32,874.15,810.9,826.95,1547600,842.432,819.067,807.693,52.359,8.995,4.856,4.139,819.067,858.335,779.8
2024-07-22,826.95,863.77,822.23,859.99,883500,849.606,822.23,808.523,60.807,10.803,6.045,4.758,822.23,864.032,780.428
2024-07-23,867.54,889.25,865.65,876.98,920000,858.102,825.676,809.656,64.312,13.451,7.526,5.925,825.676,873.491,777.86
2024-07-24,873.21,879.81,863.77,876.04,642000,860.934,828.743,810.657,63.971,15.298,9.081,6.218,828.743,881.234,776.253
2024-07-25,864.71,900.58,859.99,888.31,1184300,865.654,832.378,812.167,66.469,17.55,10.775,6.775,832.378,890.776,773.98
2024-07-26,896.81,915.69,893.97,911.91,1003300,882.646,837.145,814.15,70.68,20.996,12.819,8.178,837.145,904.922,769.368
2024-07-29,919.46,935.51,910.02,934.57,1089700,897.562,842.998,816.472,74.05,25.265,15.308,9.957,842.998,922.788,763.208
2024-07-30,934.57,939.29,923.24,928.9,948700,907.946,848.473,818.738,71.825,27.869,17.82,10.049,848.473,936.089,760.857
2024-07-31,929.85,955.33,907.19,955.33,947700,923.804,855.081,821.985,75.517,31.7,20.596,11.104,855.081,953.883,756.279
2024-08-01,944.95,950.61,912.85,923.24,562100,930.79,859.99,824.609,64.471,31.781,22.833,8.948,859.99,962.209,757.771
2024-08-02,901.53,911.91,882.65,893.97,1018300,927.202,864.38,826.667,56.371,29.147,24.096,5.051,864.38,964.384,764.375
2024-08-05,840.17,856.21,794.85,801.46,1701100,900.58,864.662,826.912,39.486,19.371,23.151,-3.78,864.662,963.879,765.446
2024-08-06,829.78,861.88,803.35,817.51,1159800,878.302,865.701,827.97,42.694,12.772,21.075,-8.303,865.701,962.325,769.077
2024-08-07,809.01,840.17,794.85,821.29,918800,851.494,867.023,829.046,43.454,7.757,18.412,-10.654,867.023,960.229,773.817
2024-08-08,820.34,845.83,812.79,829.78,929600,832.802,868.392,830.16,45.211,4.417,15.613,-11.195,868.392,958.35,778.433
2024-08-09,837.33,843.94,818.45,833.56,665500,820.72,868.25,831.217,46.016,2.052,12.901,-10.849,868.25,958.429,778.071
2024-08-13,836.39,851.49,827.89,834.5,656500,827.328,868.769,832.104,46.227,0.25,10.371,-10.12,868.769,957.993,779.545
2024-08-14,840.17,851.49,825.06,846.77,771500,833.18,869.382,832.935,49.034,-0.185,8.259,-8.445,869.382,957.779,780.986
2024-08-15,853.38,857.16,837.33,855.27,523400,839.976,869.052,833.917,50.944,0.154,6.638,-6.485,869.052,957.616,780.488
2024-08-16,866.6,866.6,847.72,857.16,677300,845.452,868.675,834.993,51.381,0.568,5.424,-4.856,868.675,957.381,779.968
2024-08-19,860.93,861.88,848.66,850.55,460600,848.85,869.854,836.182,49.715,0.359,4.411,-4.052,869.854,956.835,782.874
2024-08-20,859.05,871.32,853.38,864.71,469100,854.892,870.09,837.504,53.214,1.321,3.793,-2.472,870.09,956.984,783.197
2024-08-21,859.05,880.76,858.1,878.87,492200,861.312,870.185,838.939,56.475,3.189,3.672,-0.483,870.185,957.114,783.256
2024-08-22,884.53,900.58,880.76,888.31,446800,867.92,870.798,840.619,58.55,5.369,4.012,1.357,870.798,958.074,783.523
2024-08-23,892.09,893.03,875.09,879.81,384200,872.45,870.374,841.96,55.963,6.338,4.477,1.861,870.374,957.372,783.375
2024-08-26,874.15,882.65,866.6,879.81,539700,878.302,868.768,843.489,55.963,7.025,4.986,2.038,868.768,953.701,783.836
2024-08-27,876.04,886.42,867.54,885.48,702600,882.456,866.314,844.81,57.419,7.935,5.576,2.359,866.314,945.909,786.719
2024-08-28,886.42,886.42,867.54,873.21,2112700,881.324,863.53,846.208,53.313,7.579,5.977,1.603,863.53,937.611,789.448
2024-08-29,858.88,893.27,858.88,886.58,1806200,880.978,860.092,848.212,56.927,8.281,6.438,1.843,860.092,921.541,798.643
2024-08-30,893.27,915.24,888.49,913.33,644400,887.682,859.596,850.525,63.085,10.87,7.324,3.546,859.596,919.028,800.165
2024-09-02,914.29,916.2,881.8,899.0,379300,891.52,859.848,852.551,58.278,11.631,8.185,3.446,859.848,919.931,799.765
2024-09-03,899.0,906.64,896.13,906.64,219000,895.752,865.107,854.749,60.027,12.704,9.089,3.615,865.107,922.0,808.214
2024-09-04,888.49,911.42,888.49,900.91,634000,901.292,869.277,856.606,58.061,12.944,9.86,3.084,869.277,923.651,814.903
2024-09-05,889.45,923.84,889.45,910.47,463600,906.07,873.736,858.522,60.392,13.746,10.637,3.109,873.736,926.131,821.341
2024-09-06,908.55,922.89,901.87,921.93,377400,907.79,878.344,860.648,63.043,15.132,11.536,3.596,878.344,930.67,826.017
2024-09-09,907.6,921.93,906.64,921.93,319900,912.376,882.762,862.755,63.043,16.046,12.438,3.608,882.762,934.081,831.443
2024-09-10,919.06,941.04,919.06,931.48,428500,917.344,887.611,865.034,65.288,17.341,13.419,3.922,887.611,938.048,837.174
2024-09-11,919.06,926.71,896.13,902.82,542800,917.726,890.414,866.703,54.573,15.871,13.909,1.962,890.414,937.407,843.42
2024-09-12,922.89,949.64,919.06,947.72,512200,925.176,895.036,869.194,64.424,18.121,14.752,3.369,895.036,945.531,844.541
2024-09-13,945.81,950.59,933.39,937.22,336500,928.234,899.039,871.437,61.088,18.839,15.569,3.27,899.039,949.585,848.493
2024-09-17,944.86,954.41,940.08,954.41,426600,934.73,904.232,874.402,64.343,20.559,16.567,3.992,904.232,955.142,853.322
2024-09-18,959.19,970.65,954.41,963.01,414600,941.036,909.147,877.746,65.881,22.358,17.725,4.632,909.147,962.893,855.401
2024-09-19,962.06,991.67,956.32,991.67,559700,958.806,914.787,881.644,70.454,25.799,19.34,6.459,914.787,977.996,851.578
2024-09-20,992.63,1000.27,980.21,988.81,445900,967.024,919.812,885.524,69.454,27.972,21.066,6.906,919.812,989.777,849.847
2024-09-24,984.98,984.98,956.32,965.88,437300,972.756,924.116,888.793,61.868,27.527,22.359,5.169,924.116,994.308,853.923
2024-09-25,970.65,987.85,965.88,978.3,353700,977.534,929.04,891.631,64.152,27.856,23.458,4.398,929.04,999.96,858.12
2024-09-26,983.07,995.49,976.39,990.72,395600,983.076,934.302,894.963,66.324,28.787,24.524,4.263,934.302,1007.203,861.401
2024-09-27,991.67,995.49,974.48,980.21,409100,980.784,939.652,897.877,62.853,28.349,25.289,3.06,939.652,1009.309,869.995
2024-09-30,952.5,982.12,947.72,969.7,369100,976.962,943.808,900.034,59.5,26.845,25.6,1.245,943.808,1009.962,877.654
2024-10-01,969.7,982.12,969.7,970.65,317000,977.916,946.674,902.153,59.71,25.437,25.567,-0.131,946.674,1012.233,881.115
2024-10-02,964.92,978.3,936.26,937.22,414000,969.7,948.585,904.358,49.933,21.376,24.729,-3.353,948.585,1010.415,886.755
2024-10-03,951.55,961.1,943.9,943.9,248900,960.336,950.448,906.036,51.637,18.485,23.48,-4.996,950.448,1009.121,891.775
2024-10-04,948.68,956.32,938.17,941.99,257300,952.692,952.502,907.336,51.102,15.856,21.955,-6.1,952.502,1006.568,898.436
2024-10-07,950.59,954.41,936.26,940.08,331800,946.768,953.983,908.617,50.537,13.463,20.257,-6.794,953.983,1004.722,903.243
2024-10-08,929.57,937.22,922.89,933.39,351600,939.316,954.556,909.519,48.516,10.902,18.386,-7.484,954.556,1004.014,905.097
2024-10-09,933.39,945.81,928.62,929.57,345200,937.786,954.938,909.872,47.351,8.466,16.402,-7.936,954.938,1003.443,906.432
2024-10-10,936.26,939.13,921.93,939.13,386800,936.832,955.32,909.963,50.551,7.223,14.566,-7.343,955.32,1003.163,907.477
2024-10-11,1052.82,1082.43,1024.15,1082.43,2943500,964.92,964.3,913.034,75.037,17.599,15.173,2.426,964.3,1033.37,895.231
2024-10-15,1082.43,1126.38,1058.55,1121.6,2308500,1001.224,972.994,916.359,78.213,28.652,17.869,10.784,972.994,1070.992,874.997
2024-10-16,1139.75,1142.62,1115.87,1127.33,773100,1040.012,982.5,920.441,78.641,37.443,21.784,15.659,982.5,1100.688,864.312
2024-10-17,1134.98,1141.66,1108.23,1141.66,600200,1082.43,991.862,925.395,79.714,45.046,26.436,18.61,991.862,1128.852,854.873
2024-10-18,1151.22,1187.52,1151.22,1173.19,858800,1129.242,1002.372,932.829,81.873,53.005,31.75,21.255,1002.372,1160.637,844.106
2024-10-21,1175.1,1210.45,1175.1,1183.7,681000,1149.496,1011.973,940.153,82.54,59.476,37.295,22.18,1011.973,1189.618,834.328
2024-10-22,1175.1,1177.01,1140.71,1150.26,745000,1155.228,1020.046,946.733,73.299,61.199,42.076,19.123,1020.046,1207.652,832.439
2024-10-23,1155.04,1161.73,1141.66,1145.49,564900,1158.86,1029.026,953.047,72.059,61.472,45.955,15.517,1029.026,1222.809,835.243
2024-10-24,1141.66,1162.68,1140.71,1141.66,441400,1158.86,1037.194,959.209,71.021,60.679,48.9,11.779,1037.194,1235.689,838.699
2024-10-25,1142.62,1147.4,1123.51,1131.16,540400,1150.454,1044.216,965.142,68.123,58.529,50.826,7.704,1044.216,1245.702,842.73
2024-10-28,1135.93,1157.91,1134.98,1142.62,397400,1142.238,1052.336,971.059,69.582,57.092,52.079,5.013,1052.336,1256.04,848.633
2024-10-29,1146.44,1167.46,1140.71,1144.53,452400,1141.092,1061.078,976.844,69.83,55.468,52.757,2.711,1061.078,1264.855,857.301
2024-10-30,1146.44,1154.08,1139.75,1141.66,491300,1140.326,1069.629,982.534,68.921,53.334,52.872,0.462,1069.629,1271.774,867.483
2024-10-31,1145.49,1154.08,1138.8,1149.31,375300,1141.856,1080.233,988.509,70.04,51.665,52.631,-0.966,1080.233,1275.259,885.207
2024-11-01,1139.75,1153.13,1138.8,1144.53,378300,1144.53,1090.264,994.106,68.383,49.387,51.982,-2.595,1090.264,1276.191,904.338
2024-11-05,1155.04,1163.64,1145.49,1163.64,412700,1148.734,1101.347,999.801,71.306,48.564,51.298,-2.734,1101.347,1276.152,926.542
2024-11-06,1163.64,1169.37,1135.93,1135.93,444000,1147.014,1111.14,1004.754,62.311,45.155,50.07,-4.915,1111.14,1269.03,953.249
2024-11-07,1146.44,1155.04,1136.89,1140.71,332300,1146.824,1121.506,1009.972,63.174,42.351,48.526,-6.175,1121.506,1255.705,987.306
2024-11-08,1146.44,1151.22,1136.89,1147.4,273500,1146.442,1132.397,1015.323,64.402,40.206,46.862,-6.656,1132.397,1231.874,1032.92
2024-11-11,1146.44,1155.99,1143.58,1155.99,282700,1148.734,1143.24,1020.734,65.972,38.751,45.24,-6.488,1143.24,1183.912,1102.568
2024-11-12,1145.49,1152.17,1136.89,1146.44,411200,1145.294,1146.44,1026.198,62.664,36.409,43.474,-7.065,1146.44,1175.332,1117.549
2024-11-13,1149.31,1157.91,1143.58,1152.17,337100,1148.542,1147.969,1031.51,63.836,34.615,41.702,-7.087,1147.969,1174.462,1121.476
2024-11-14,1146.44,1149.31,1136.89,1136.89,343700,1147.778,1148.447,1035.981,58.557,31.597,39.681,-8.084,1148.447,1173.688,1123.206
2024-11-15,1145.49,1145.49,1123.51,1123.51,229000,1143.0,1147.54,1040.471,54.322,27.805,37.306,-9.501,1147.54,1175.014,1120.065
2024-11-18,1113.96,1137.84,1108.23,1124.47,305000,1136.696,1145.104,1044.828,54.576,24.593,34.763,-10.17,1145.104,1171.625,1118.582
2024-11-19,1120.65,1134.02,1119.69,1123.51,178100,1132.11,1142.094,1049.28,54.251,21.72,32.155,-10.434,1142.094,1163.303,1120.885
2024-11-20,1122.56,1134.98,1122.56,1125.42,254400,1126.76,1140.852,1053.579,54.827,19.374,29.599,-10.224,1140.852,1162.938,1118.766
2024-11-21,1127.33,1134.98,1092.94,1093.9,395100,1118.162,1138.272,1057.018,44.804,14.801,26.639,-11.838,1138.272,1168.594,1107.951
2024-11-22,1086.25,1106.32,1078.61,1097.72,362600,1113.004,1136.076,1060.534,46.09,11.354,23.582,-12.228,1136.076,1171.329,1100.822
2024-11-25,1107.27,1116.82,1088.16,1088.16,377000,1105.742,1133.926,1063.668,43.366,7.762,20.418,-12.657,1133.926,1175.176,1092.675
2024-11-26,1091.03,1095.81,1081.48,1089.12,304800,1098.864,1131.25,1067.394,43.726,4.935,17.321,-12.386,1131.25,1176.838,1085.663
2024-11-27,1089.12,1095.81,1063.32,1066.19,290800,1087.018,1127.334,1069.763,37.587,0.835,14.024,-13.189,1127.334,1180.884,1073.783
2024-11-28,1067.15,1072.88,1056.64,1071.92,277800,1082.622,1123.846,1072.457,39.859,-1.93,10.833,-12.763,1123.846,1182.325,1065.368
2024-11-29,1074.79,1089.12,1071.92,1083.39,271300,1079.756,1120.55,1075.037,44.236,-3.159,8.035,-11.194,1120.55,1180.4,1060.701
2024-12-02,1084.34,1090.07,1076.7,1082.43,194300,1078.61,1117.446,1077.425,43.948,-4.162,5.595,-9.758,1117.446,1178.489,1056.402
2024-12-03,1087.21,1136.89,1087.21,1113.96,392100,1083.578,1114.962,1079.871,54.448,-2.386,3.999,-6.385,1114.962,1172.002,1057.921
2024-12-04,1108.23,1113.96,1102.49,1111.09,184900,1092.558,1113.72,1082.317,53.466,-1.196,2.96,-4.156,1113.72,1169.913,1057.526
2024-12-05,1113.0,1121.6,1104.41,1114.91,250700,1101.156,1112.43,1085.297,54.639,0.055,2.379,-2.324,1112.43,1167.18,1057.679
2024-12-06,1117.78,1126.38,1115.87,1121.6,188900,1108.798,1111.14,1088.163,56.696,1.568,2.217,-0.649,1111.14,1163.588,1058.691
2024-12-09,1122.56,1125.42,1101.54,1103.45,237400,1113.002,1108.512,1090.418,50.061,1.287,2.031,-0.744,1108.512,1156.583,1060.442
2024-12-10,1116.82,1121.6,1102.49,1113.96,203700,1113.002,1106.888,1093.093,53.458,1.891,2.003,-0.112,1106.888,1151.644,1062.133
2024-12-11,1113.96,1121.6,1108.23,1116.82,143600,1114.148,1105.121,1096.035,54.367,2.571,2.117,0.455,1105.121,1144.858,1065.384
2024-12-12,1119.69,1122.56,1108.23,1108.23,164800,1112.812,1103.688,1098.787,51.135,2.389,2.171,0.218,1103.688,1140.565,1066.811
2024-12-13,1103.45,1127.33,1103.45,1124.47,208500,1113.386,1103.736,1102.532,56.411,3.515,2.44,1.075,1103.736,1140.724,1066.748
2024-12-16,1127.33,1132.11,1108.23,1109.18,236000,1114.532,1102.972,1105.837,50.845,3.137,2.579,0.558,1102.972,1138.768,1067.175
2024-12-17,1106.32,1118.74,1104.4,1113.0,193100,1114.34,1102.446,1109.258,52.116,3.11,2.686,0.425,1102.446,1137.269,1067.623
2024-12-18,1121.6,1123.51,1105.36,1105.36,168600,1112.048,1101.443,1112.563,49.366,2.444,2.637,-0.193,1101.443,1134.595,1068.291
2024-12-19,1096.76,1104.41,1091.03,1096.76,196900,1109.754,1101.586,1115.831,46.398,1.209,2.352,-1.143,1101.586,1134.625,1068.547
2024-12-20,1098.67,1110.14,1096.76,1097.72,208600,1104.404,1101.586,1119.194,46.783,0.303,1.942,-1.639,1101.586,1134.625,1068.547
2024-12-23,1106.32,1110.14,1100.58,1103.45,224900,1103.258,1102.35,1122.48,49.129,0.048,1.563,-1.516,1102.35,1134.784,1069.917
2024-12-24,1103.45,1105.36,1088.16,1089.12,211200,1098.482,1102.35,1122.614,43.915,-1.296,0.991,-2.288,1102.35,1134.784,1069.917
2024-12-25,1091.99,1093.9,1052.82,1066.19,276500,1090.648,1102.35,1121.506,37.125,-4.164,-0.04,-4.124,1102.35,1134.784,1069.917
2024-12-26,1060.46,1074.79,1044.22,1073.83,274000,1086.062,1102.446,1120.436,40.43,-5.753,-1.183,-4.571,1102.446,1134.511,1070.381
2024-12-27,1081.48,1086.25,1070.97,1076.7,219300,1081.858,1102.112,1119.136,41.67,-6.704,-2.287,-4.417,1102.112,1135.139,1069.084
2024-12-30,1076.7,1088.16,1076.7,1080.52,318000,1077.272,1102.016,1117.283,43.36,-7.068,-3.243,-3.825,1102.016,1135.293,1068.739
2025-01-06,1083.39,1086.25,1048.04,1048.04,358800,1069.056,1098.72,1114.57,34.267,-9.864,-4.567,-5.296,1098.72,1139.278,1058.162
2025-01-07,1050.9,1072.88,1049.95,1069.06,326600,1069.63,1096.618,1112.946,42.649,-10.265,-5.707,-4.558,1096.618,1138.801,1054.436
2025-01-08,1061.41,1062.37,1023.2,1023.2,406500,1059.504,1092.033,1110.5,32.817,-14.12,-7.39,-6.731,1092.033,1144.523,1039.543
2025-01-09,1013.65,1029.89,1007.91,1013.65,289100,1046.894,1086.635,1107.94,31.203,-17.742,-9.46,-8.282,1086.635,1147.807,1025.464
2025-01-10,1012.69,1054.73,984.03,1039.44,1218800,1038.678,1083.435,1106.105,39.809,-18.32,-11.232,-7.088,1083.435,1147.53,1019.34
2025-01-14,1042.31,1052.82,995.49,1004.09,705800,1029.888,1077.942,1103.335,33.604,-21.384,-13.262,-8.122,1077.942,1149.428,1006.455
2025-01-15,1006.0,1016.51,994.54,1011.73,407500,1018.422,1072.687,1100.679,35.929,-22.931,-15.196,-7.735,1072.687,1147.512,997.862
2025-01-16,1003.14,1025.11,999.31,1018.42,409400,1017.466,1068.196,1098.214,37.976,-23.349,-16.827,-6.522,1068.196,1144.799,991.594
2025-01-17,1008.87,1015.56,987.85,1003.14,257700,1015.364,1062.13,1095.291,35.209,-24.629,-18.387,-6.241,1062.13,1139.184,985.076
2025-01-20,998.36,1004.09,990.72,997.4,368900,1006.956,1056.541,1092.348,34.2,-25.809,-19.871,-5.937,1056.541,1135.42,977.662
2025-01-21,1004.09,1007.91,988.81,1000.27,362200,1006.192,1050.904,1089.081,35.199,-26.21,-21.139,-5.071,1050.904,1128.902,972.907
2025-01-22,995.49,999.31,986.89,995.49,437000,1002.944,1045.411,1086.272,34.266,-26.607,-22.233,-4.374,1045.411,1122.733,968.089
2025-01-23,987.85,1003.14,985.94,1001.23,355600,999.506,1040.634,1083.482,36.445,-26.157,-23.018,-3.139,1040.634,1116.387,964.882
2025-01-24,1004.09,1017.47,1001.23,1001.23,369000,999.124,1035.81,1080.559,36.445,-25.506,-23.515,-1.991,1035.81,1108.483,963.137
2025-01-27,1003.14,1006.96,984.03,991.67,505500,997.978,1030.221,1077.272,34.252,-25.469,-23.906,-1.563,1030.221,1098.021,962.421
2025-01-28,993.58,1001.23,991.67,996.45,390000,997.214,1025.588,1074.273,36.316,-24.767,-24.078,-0.689,1025.588,1088.961,962.214
2025-01-29,993.58,1006.0,989.76,994.54,284200,997.024,1022.005,1071.12,35.832,-24.088,-24.08,-0.008,1022.005,1083.795,960.215
2025-01-30,990.72,1022.24,980.21,1021.29,480900,1001.036,1019.378,1068.808,46.572,-21.148,-23.494,2.346,1019.378,1076.155,962.601
2025-01-31,1027.02,1029.89,1009.82,1019.38,356900,1004.666,1016.512,1066.725,45.98,-18.755,-22.546,3.791,1016.512,1066.485,966.539
2025-02-03,1012.69,1054.73,1003.14,1025.11,422100,1011.354,1013.741,1064.738,48.11,-16.21,-21.279,5.069,1013.741,1053.966,973.517
2025-02-04,1046.13,1054.73,1022.24,1022.24,318000,1016.512,1012.451,1062.713,47.108,-14.26,-19.875,5.615,1012.451,1049.58,975.323
2025-02-05,1027.02,1038.48,1021.29,1022.24,223100,1022.052,1010.111,1060.649,47.108,-12.57,-18.414,5.844,1010.111,1036.587,983.634
2025-02-06,1031.8,1048.99,1030.84,1046.13,249100,1027.02,1011.257,1059.694,55.963,-9.196,-16.57,7.374,1011.257,1041.794,980.72
2025-02-07,1060.46,1071.92,1054.73,1062.37,283400,1035.618,1013.693,1058.987,60.771,-5.153,-14.287,9.134,1013.693,1051.855,975.531
2025-02-10,1062.37,1074.79,1055.68,1074.79,221800,1045.554,1015.46,1058.719,64.007,-0.936,-11.617,10.681,1015.46,1061.171,969.75
2025-02-12,1073.83,1074.79,1051.86,1053.77,354900,1051.86,1017.944,1058.012,55.641,0.702,-9.153,9.855,1017.944,1066.372,969.517
2025-02-13,1052.82,1062.37,1038.48,1061.41,262200,1059.694,1020.428,1057.917,57.8,2.587,-6.805,9.392,1020.428,1072.475,968.382
2025-02-14,1060.46,1064.28,1056.64,1056.64,215700,1061.796,1022.339,1057.611,55.968,3.653,-4.713,8.367,1022.339,1076.825,967.854
2025-02-17,1067.15,1113.96,1059.5,1073.83,776600,1064.088,1025.874,1057.42,60.79,5.819,-2.607,8.426,1025.874,1084.155,967.593
2025-02-18,1061.41,1061.41,1020.33,1026.06,562100,1054.342,1027.307,1056.293,45.784,3.638,-1.358,4.996,1027.307,1084.029,970.585
2025-02-19,1023.2,1038.48,1014.6,1037.53,357800,1051.094,1029.17,1054.764,49.037,2.803,-0.526,3.329,1029.17,1084.585,973.755
2025-02-20,1031.8,1035.62,1024.15,1034.66,249000,1045.744,1031.128,1053.235,48.257,1.888,-0.043,1.931,1031.128,1084.253,978.004
2025-02-21,1025.11,1034.66,1016.51,1016.51,223500,1037.718,1031.892,1051.267,43.539,-0.298,-0.094,-0.204,1031.892,1083.628,980.157
2025-02-25,1007.91,1020.33,1000.27,1000.27,273000,1023.006,1031.844,1048.841,39.791,-3.303,-0.736,-2.567,1031.844,1083.701,979.988
2025-02-26,1000.27,1008.87,991.67,1007.91,331300,1019.376,1032.656,1046.93,42.307,-5.01,-1.59,-3.42,1032.656,1082.327,982.986
2025-02-27,996.32,1007.91,992.45,1002.11,294200,1012.292,1032.94,1044.693,40.909,-6.753,-2.623,-4.13,1032.94,1081.8,984.079
2025-02-28,1003.08,1010.81,996.32,1003.08,230200,1005.976,1033.367,1042.418,41.259,-7.965,-3.691,-4.273,1033.367,1080.946,985.787
2025-03-03,1009.85,1023.37,1005.98,1021.44,240000,1006.962,1033.374,1040.682,47.58,-7.358,-4.425,-2.934,1033.374,1080.946,985.802
2025-03-04,1016.61,1023.37,1003.08,1016.61,198100,1010.23,1033.236,1038.525,46.172,-7.185,-4.977,-2.208,1033.236,1080.994,985.477
2025-03-05,1024.34,1025.31,998.25,998.25,346200,1008.298,1031.893,1036.307,41.185,-8.431,-5.668,-2.764,1031.893,1082.063,981.722
2025-03-06,1000.18,1010.81,993.42,1010.81,435200,1010.038,1031.321,1034.263,45.52,-8.31,-6.196,-2.114,1031.321,1082.21,980.432
2025-03-07,992.45,1001.15,975.06,999.22,446300,1009.266,1030.17,1032.14,42.413,-9.045,-6.766,-2.279,1030.17,1082.931,977.409
2025-03-10,995.35,1003.08,988.59,1001.15,369300,1005.208,1027.921,1030.228,43.11,-9.364,-7.286,-2.078,1027.921,1081.643,974.199
2025-03-11,995.35,1004.05,989.55,1001.15,470400,1002.116,1024.86,1028.296,43.11,-9.507,-7.73,-1.777,1024.86,1077.278,972.442
2025-03-12,979.89,989.55,970.22,985.69,698200,999.604,1020.405,1025.941,38.756,-10.744,-8.333,-2.411,1020.405,1070.026,970.784
2025-03-13,976.02,986.65,969.26,979.89,560600,993.42,1016.711,1023.757,37.236,-12.053,-9.077,-2.976,1016.711,1066.871,966.551
2025-03-14,972.16,994.38,972.16,989.55,395600,991.486,1013.118,1022.224,41.36,-12.171,-9.696,-2.476,1013.118,1059.983,966.253
2025-03-17,983.75,995.35,977.96,989.55,433400,989.166,1009.764,1020.538,41.36,-12.125,-10.181,-1.943,1009.764,1052.974,966.553
2025-03-18,996.32,1020.48,991.48,1013.71,344400,991.678,1006.758,1019.278,50.746,-10.023,-10.15,0.127,1006.758,1037.874,975.641
2025-03-19,1013.71,1029.17,1011.78,1024.34,379700,999.408,1006.672,1018.155,54.218,-7.414,-9.603,2.188,1006.672,1037.572,975.771
2025-03-21,1021.44,1040.77,1021.44,1035.94,305000,1010.618,1006.592,1017.913,57.721,-4.36,-8.554,4.194,1006.592,1037.165,976.019
2025-03-24,1033.04,1045.6,1025.31,1043.67,274400,1021.442,1007.042,1017.405,59.921,-1.301,-7.104,5.802,1007.042,1039.56,974.525
2025-03-25,1048.5,1053.33,1019.51,1021.44,259300,1027.82,1007.289,1017.37,51.603,-0.663,-5.816,5.152,1007.289,1040.182,974.396
2025-03-26,1029.17,1045.6,1025.31,1037.87,300600,1032.652,1009.169,1017.854,56.419,1.155,-4.421,5.576,1009.169,1044.575,973.763
2025-03-27,1037.87,1050.43,1037.87,1050.43,300400,1037.87,1011.295,1018.074,59.718,3.568,-2.824,6.392,1011.295,1051.202,971.388
2025-03-28,1048.5,1057.2,1043.67,1053.33,203400,1041.348,1013.856,1019.059,60.463,5.65,-1.129,6.778,1013.856,1057.665,970.047
2025-03-31,1042.7,1042.7,1009.85,1019.51,467600,1036.516,1014.678,1019.214,49.074,4.518,0.0,4.518,1014.678,1058.251,971.104
2025-04-01,1030.14,1034.0,1010.81,1010.81,391400,1034.39,1014.146,1019.062,46.64,2.886,0.578,2.308,1014.146,1057.632,970.66
2025-04-02,1027.24,1031.11,1005.01,1019.51,342700,1030.718,1014.291,1019.39,49.346,2.268,0.916,1.353,1014.291,1057.83,970.752
2025-04-03,990.52,999.22,981.82,991.48,382400,1018.928,1013.952,1019.271,41.964,-0.477,0.637,-1.114,1013.952,1058.118,969.787
2025-04-04,971.19,981.82,951.86,970.22,577900,1002.306,1011.923,1018.67,37.395,-4.319,-0.354,-3.965,1011.923,1060.232,963.614
2025-04-07,909.34,938.34,897.75,918.04,720200,982.012,1007.864,1017.121,29.037,-11.442,-2.572,-8.87,1007.864,1071.786,943.942
2025-04-08,947.03,971.19,944.13,970.22,411200,973.894,1006.317,1016.501,42.803,-12.73,-4.603,-8.127,1006.317,1072.384,940.251
2025-04-09,950.9,958.63,934.47,944.13,408800,958.818,1003.467,1015.359,38.755,-15.675,-6.818,-8.858,1003.467,1075.154,931.779
2025-04-10,977.96,1003.08,890.02,928.67,1793100,946.256,1000.615,1014.099,36.549,-19.037,-9.262,-9.776,1000.615,1079.458,921.773
2025-04-11,929.64,968.29,926.74,963.46,727600,944.904,999.794,1013.439,44.241,-18.679,-11.145,-7.534,999.794,1079.879,919.709
2025-04-14,960.56,987.62,959.59,976.99,414500,956.694,999.166,1013.088,46.935,-17.107,-12.338,-4.769,999.166,1079.784,918.548
2025-04-15,977.96,981.82,959.59,959.59,335600,954.568,997.668,1011.854,43.991,-17.068,-13.284,-3.784,997.668,1080.131,915.205
2025-04-16,969.26,973.12,957.66,970.22,209500,959.786,995.493,1010.871,46.21,-15.995,-13.826,-2.169,995.493,1078.467,912.52
2025-04-17,966.36,976.99,953.8,953.8,282900,964.812,991.966,1009.445,43.353,-16.281,-14.317,-1.964,991.966,1075.77,908.163
2025-04-18,960.56,988.59,957.66,978.92,286600,967.904,989.115,1008.578,48.591,-14.317,-14.317,0.0,989.115,1070.464,907.767
2025-04-21,976.02,990.52,976.02,990.52,176800,970.61,986.458,1007.944,50.851,-11.689,-13.791,2.102,986.458,1063.67,909.246
2025-04-22,990.52,996.32,982.79,988.59,152900,976.41,984.815,1006.793,50.453,-9.651,-12.963,3.312,984.815,1060.271,909.36
2025-04-23,995.35,1009.85,988.59,993.42,275000,981.05,982.593,1005.414,51.476,-7.559,-11.882,4.324,982.593,1053.978,911.208
2025-04-24,995.35,1001.15,988.59,988.59,190100,988.008,979.501,1003.69,50.357,-6.219,-10.75,4.531,979.501,1043.488,915.514
2025-04-25,978.92,984.72,964.43,967.33,206900,985.69,975.201,1001.961,45.653,-6.794,-9.958,3.164,975.201,1029.054,921.348
2025-04-28,967.33,974.09,960.56,974.09,905600,982.404,972.93,1000.215,47.338,-6.628,-9.292,2.664,972.93,1022.582,923.278
2025-04-30,980.85,985.69,967.33,978.92,333000,980.47,971.336,998.661,48.564,-6.037,-8.641,2.604,971.336,1017.813,924.858
2025-05-01,971.19,983.75,968.29,973.12,156500,976.41,969.016,996.646,47.144,-5.968,-8.107,2.139,969.016,1009.631,928.401
2025-05-02,967.33,973.12,960.56,966.36,151100,971.964,967.76,995.452,45.475,-6.385,-7.762,1.377,967.76,1006.979,928.541
2025-05-07,966.36,982.79,963.46,977.96,179100,974.09,968.147,994.261,48.823,-5.714,-7.353,1.639,968.147,1007.62,928.674
2025-05-08,980.85,984.72,966.36,982.79,139300,975.83,971.385,993.224,50.195,-4.738,-6.83,2.092,971.385,1003.487,939.282
2025-05-09,980.85,998.25,976.99,991.48,159000,978.342,972.448,992.723,52.653,-3.226,-6.109,2.883,972.448,1005.773,939.122
2025-05-12,995.35,997.28,986.65,995.35,149000,982.788,975.008,992.625,53.748,-1.695,-5.226,3.531,975.008,1007.017,943.0
2025-05-13,996.32,999.22,986.65,987.62,194800,987.04,977.956,992.219,51.201,-1.094,-4.4,3.306,977.956,1001.818,954.094
2025-05-14,985.69,989.55,968.29,981.82,257200,987.812,978.874,991.813,49.313,-1.073,-3.734,2.662,978.874,1001.782,955.966
2025-05-15,979.89,989.55,973.12,975.06,161100,986.266,978.777,991.253,47.131,-1.583,-3.304,1.721,978.777,1001.735,955.82
2025-05-16,976.02,987.62,971.19,986.65,120200,985.3,980.13,990.557,51.124,-1.041,-2.851,1.811,980.13,1001.458,958.803
2025-05-19,990.52,1002.11,986.65,1001.15,184900,986.46,981.677,990.248,55.637,0.553,-2.17,2.724,981.677,1004.418,958.936
2025-05-20,996.32,1007.91,986.65,986.65,256300,986.266,983.32,990.016,50.605,0.639,-1.609,2.247,983.32,1001.958,964.681
2025-05-21,990.52,992.45,976.02,976.99,186900,985.3,983.223,989.339,47.521,-0.072,-1.301,1.229,983.223,1001.977,964.469
2025-05-22,976.99,988.59,976.02,987.62,131300,987.812,983.078,989.107,51.055,0.22,-0.997,1.217,983.078,1001.638,964.518
2025-05-23,989.55,996.32,986.65,993.42,123900,989.166,983.32,988.953,52.919,0.909,-0.616,1.525,983.32,1002.302,964.337
2025-05-26,1003.08,1021.44,1002.11,1020.48,234400,993.032,984.672,989.339,60.479,3.597,0.227,3.37,984.672,1009.61,959.735
2025-05-27,1022.41,1034.97,1015.64,1034.0,160600,1002.502,986.943,990.305,63.621,6.74,1.529,5.211,986.943,1020.248,953.638
2025-05-28,1035.94,1043.67,1029.17,1038.84,257700,1014.872,990.519,991.484,64.704,9.512,3.126,6.386,990.519,1029.779,951.258
2025-05-29,1038.84,1076.52,1038.84,1069.76,608000,1031.3,995.302,993.089,70.7,14.042,5.309,8.733,995.302,1047.361,943.243
2025-05-30,1069.76,1090.05,1063.96,1079.42,324400,1048.5,1000.327,994.886,72.284,18.202,7.888,10.314,1000.327,1063.864,936.79
2025-06-02,1078.46,1096.82,1076.52,1085.22,446400,1061.448,1005.932,996.316,73.22,21.717,10.654,11.063,1005.932,1078.5,933.364
2025-06-03,1090.05,1131.61,1090.05,1110.35,588800,1076.718,1013.132,998.036,76.867,26.227,13.768,12.459,1013.132,1096.879,929.384
2025-06-04,1103.58,1125.81,1096.82,1125.81,240100,1094.112,1020.524,999.834,78.781,30.695,17.154,13.542,1020.524,1116.42,924.628
2025-06-05,1125.81,1127.74,1106.48,1108.41,196900,1101.842,1026.805,1001.129,71.6,32.458,20.215,12.244,1026.805,1128.571,925.039
2025-06-06,1098.75,1102.62,1077.49,1091.99,366100,1104.356,1031.83,1002.54,65.53,32.16,22.604,9.556,1031.83,1136.146,927.515
2025-06-09,1093.92,1098.75,1067.83,1086.19,345700,1104.55,1036.372,1003.506,63.483,31.097,24.302,6.795,1036.372,1141.903,930.842
2025-06-10,1091.99,1097.78,1070.73,1070.73,264000,1096.626,1040.528,1003.912,58.258,28.676,25.177,3.499,1040.528,1144.51,936.546
2025-06-11,1073.63,1081.36,1066.86,1068.79,175200,1085.222,1044.876,1004.221,57.617,26.298,25.401,0.897,1044.876,1145.748,944.005
2025-06-12,1065.89,1086.19,1065.89,1072.66,236100,1078.072,1049.756,1005.284,58.596,24.444,25.21,-0.766,1049.756,1145.731,953.782
2025-06-13,1073.63,1075.56,1055.26,1058.16,184600,1071.306,1053.332,1006.231,53.603,21.556,24.479,-2.923,1053.332,1144.622,962.042
2025-06-16,1058.16,1062.03,1046.57,1048.5,160300,1063.768,1055.7,1006.811,50.514,18.278,23.239,-4.961,1055.7,1143.687,967.712
2025-06-17,1059.13,1065.89,1048.5,1049.47,158100,1059.516,1058.84,1007.971,50.821,15.578,21.707,-6.129,1058.84,1140.723,976.958
2025-06-18,1055.26,1077.49,1055.26,1061.06,202600,1057.97,1063.044,1009.788,54.45,14.21,20.207,-5.998,1063.044,1135.3,990.788
2025-06-19,1066.86,1074.59,1063.0,1069.76,125200,1057.39,1067.151,1012.822,57.014,13.67,18.9,-5.23,1067.151,1130.094,1004.208
2025-06-20,1066.86,1077.49,1061.06,1061.06,432400,1057.97,1070.533,1014.639,53.755,12.397,17.599,-5.202,1070.533,1123.23,1017.836
2025-06-23,1061.06,1075.56,1061.06,1067.83,238100,1061.836,1072.9,1017.113,55.869,11.799,16.439,-4.641,1072.9,1120.097,1025.704
2025-06-24,1073.63,1088.12,1068.79,1085.22,219400,1068.986,1075.462,1020.244,60.823,12.583,15.668,-3.085,1075.462,1119.202,1031.721
2025-06-25,1090.05,1094.89,1076.52,1077.49,195500,1072.272,1077.394,1022.524,57.721,12.437,15.022,-2.585,1077.394,1117.594,1037.194
2025-06-26,1082.32,1094.89,1081.36,1088.12,231900,1075.944,1078.312,1024.747,60.69,13.029,14.623,-1.594,1078.312,1118.617,1038.007
2025-06-27,1088.12,1092.95,1061.06,1067.83,354500,1077.298,1077.732,1026.912,53.035,11.725,14.043,-2.318,1077.732,1118.302,1037.163
2025-06-30,1070.73,1097.78,1069.76,1086.19,414600,1080.97,1077.781,1029.231,58.176,12.035,13.642,-1.606,1077.781,1118.391,1037.171
2025-07-01,1096.82,1108.41,1086.19,1098.75,355000,1083.676,1077.201,1032.13,61.297,13.143,13.542,-0.399,1077.201,1116.15,1038.252
2025-07-02,1098.75,1120.98,1083.29,1083.29,317100,1084.836,1075.075,1034.218,55.779,12.628,13.359,-0.731,1075.075,1106.829,1043.321
2025-07-03,1078.46,1124.84,1066.86,1107.45,558900,1088.702,1075.027,1036.556,61.597,14.007,13.489,0.519,1075.027,1106.571,1043.483
2025-07-04,1109.38,1120.01,1091.02,1093.92,270700,1093.92,1075.124,1038.663,57.069,13.849,13.561,0.288,1075.124,1106.897,1043.35
2025-07-07,1105.52,1114.21,1099.72,1101.65,356800,1097.012,1075.896,1040.827,58.927,14.184,13.686,0.499,1075.896,1109.503,1042.29
2025-07-08,1109.38,1120.01,1105.52,1108.41,297300,1098.944,1077.78,1043.224,60.535,14.825,13.913,0.911,1077.78,1114.269,1041.292
2025-07-09,1115.18,1127.74,1108.41,1114.21,335100,1105.128,1080.052,1046.161,61.913,15.62,14.255,1.365,1080.052,1119.701,1040.402
2025-07-10,1104.55,1256.27,1082.32,1240.81,2308000,1131.8,1088.459,1051.496,79.082,26.164,16.637,9.527,1088.459,1170.335,1006.583
2025-07-11,1256.27,1312.32,1245.64,1273.66,1602400,1167.748,1099.234,1057.391,81.422,36.747,20.659,16.089,1099.234,1214.31,984.158
2025-07-14,1273.66,1273.66,1235.01,1248.54,607200,1197.126,1109.236,1062.899,74.554,42.617,25.05,17.566,1109.236,1239.514,978.958
2025-07-15,1249.5,1251.44,1220.51,1226.31,446900,1220.706,1118.078,1068.098,69.006,44.956,29.031,15.925,1118.078,1255.107,981.049
2025-07-16,1219.55,1237.91,1214.71,1224.38,318900,1242.74,1126.244,1073.026,68.529,46.123,32.45,13.673,1126.244,1268.338,984.15
2025-07-17,1232.11,1253.37,1227.28,1238.87,627300,1242.352,1134.7,1078.148,70.194,47.667,35.493,12.174,1134.7,1282.647,986.752
2025-07-18,1241.77,1251.44,1231.14,1251.44,355300,1237.908,1144.218,1083.347,71.598,49.336,38.262,11.075,1144.218,1296.646,991.791
2025-07-22,1264.96,1287.19,1258.2,1264.0,527200,1241.0,1154.027,1088.72,72.968,51.084,40.826,10.258,1154.027,1310.939,997.115
2025-07-23,1273.66,1286.22,1262.07,1274.63,569300,1250.664,1163.498,1094.46,74.107,52.719,43.205,9.514,1163.498,1325.698,1001.297
2025-07-24,1279.46,1291.06,1266.9,1291.06,411100,1264.0,1174.176,1100.645,75.803,54.71,45.506,9.204,1174.176,1340.601,1007.751
2025-07-25,1296.85,1308.45,1256.27,1258.2,717200,1267.866,1182.68,1106.308,66.43,53.025,47.01,6.015,1182.68,1347.968,1017.392
2025-07-28,1259.17,1282.36,1255.3,1258.2,712400,1269.218,1192.198,1111.739,66.43,51.101,47.828,3.273,1192.198,1351.454,1032.943
2025-07-29,1241.77,1252.4,1218.58,1248.54,770900,1266.126,1200.316,1116.687,63.743,48.24,47.91,0.33,1200.316,1353.245,1047.387
2025-07-30,1264.0,1276.56,1256.27,1266.9,601700,1264.58,1208.724,1122.292,66.515,46.914,47.711,-0.797,1208.724,1356.545,1060.902
2025-07-31,1265.93,1326.81,1261.1,1321.98,813600,1270.764,1220.658,1129.192,73.149,49.734,48.116,1.618,1220.658,1364.323,1076.993
2025-08-01,1315.22,1356.77,1315.22,1336.48,753700,1286.42,1232.11,1136.169,74.577,52.533,48.999,3.534,1232.11,1374.284,1089.935
2025-08-04,1318.11,1331.64,1302.65,1303.62,605400,1295.504,1242.595,1142.373,66.01,51.506,49.5,2.006,1242.595,1372.236,1112.953
2025-08-05,1322.95,1341.31,1311.35,1327.78,662400,1311.352,1253.901,1148.519,68.844,52.042,50.009,2.033,1253.901,1370.581,1137.221
2025-08-06,1313.28,1359.67,1313.28,1352.9,806000,1328.552,1266.126,1154.897,71.504,53.873,50.782,3.091,1266.126,1369.043,1163.208
2025-08-07,1352.9,1372.23,1344.21,1359.67,713700,1336.09,1278.398,1161.313,72.193,55.233,51.672,3.561,1278.398,1361.714,1195.083
2025-08-08,1355.8,1366.43,1346.14,1358.7,560000,1340.534,1284.293,1167.092,71.925,55.592,52.456,3.136,1284.293,1372.923,1195.663
2025-08-12,1362.57,1362.57,1296.85,1311.35,976300,1342.08,1286.178,1171.731,60.167,51.463,52.257,-0.795,1286.178,1375.456,1196.899
2025-08-13,1332.61,1351.94,1312.32,1341.31,680400,1344.786,1290.816,1176.853,64.159,50.031,51.812,-1.781,1290.816,1381.49,1200.142
2025-08-14,1331.64,1348.07,1321.01,1348.07,274600,1343.82,1296.904,1181.607,65.011,48.878,51.225,-2.347,1296.904,1385.672,1208.136
2025-08-15,1356.77,1356.77,1327.78,1333.58,417500,1338.602,1302.364,1185.762,61.629,46.262,50.233,-3.97,1302.364,1385.611,1219.117
2025-08-18,1338.41,1365.47,1335.51,1357.74,548900,1338.41,1308.308,1190.749,64.907,45.613,49.309,-3.696,1308.308,1389.414,1227.201
2025-08-19,1354.84,1380.93,1350.0,1378.99,576800,1351.938,1314.685,1196.489,67.535,46.279,48.703,-2.424,1314.685,1397.013,1232.357
2025-08-20,1365.47,1393.49,1357.74,1374.16,470700,1358.508,1320.193,1202.248,66.319,45.889,48.14,-2.251,1320.193,1402.982,1237.404
2025-08-21,1373.2,1378.99,1353.87,1360.63,414200,1361.02,1324.493,1208.046,62.904,43.98,47.308,-3.328,1324.493,1406.245,1242.741
2025-08-22,1353.87,1377.06,1343.24,1365.47,854000,1367.398,1328.214,1213.98,63.626,42.37,46.321,-3.95,1328.214,1410.331,1246.096
2025-08-25,1345.17,1363.53,1339.37,1348.07,694400,1365.464,1332.707,1219.488,59.17,39.238,44.904,-5.666,1332.707,1408.267,1257.147
2025-08-26,1348.07,1366.43,1342.27,1356.77,723100,1361.02,1337.635,1225.46,60.653,37.031,43.329,-6.299,1337.635,1405.165,1270.106
2025-08-27,1363.53,1390.59,1358.7,1377.06,1883200,1361.6,1344.062,1232.032,63.944,36.498,41.963,-5.465,1344.062,1399.22,1288.903
2025-08-28,1389.73,1422.87,1366.34,1404.35,1639200,1370.344,1350.934,1239.129,67.84,37.841,41.139,-3.297,1350.934,1399.465,1302.403
2025-08-29,1393.63,1393.63,1341.98,1344.9,571400,1366.23,1352.08,1244.806,54.121,33.72,39.655,-5.935,1352.08,1398.781,1305.379
2025-09-01,1344.9,1348.8,1319.56,1328.33,443000,1362.282,1351.673,1249.977,51.023,28.786,37.481,-8.696,1351.673,1399.083,1304.262
2025-09-02,1343.93,1354.65,1317.61,1327.36,333100,1356.4,1352.86,1255.303,50.84,24.514,34.888,-10.374,1352.86,1396.22,1309.499
2025-09-03,1329.31,1332.23,1305.92,1317.61,377800,1344.51,1352.351,1260.299,48.935,20.11,31.932,-11.822,1352.351,1397.164,1307.538
2025-09-04,1320.54,1342.95,1301.05,1339.05,326800,1331.45,1351.658,1265.376,53.096,18.141,29.174,-11.033,1351.658,1396.862,1306.455
2025-09-05,1340.03,1360.49,1322.49,1359.52,306000,1334.374,1351.651,1271.016,56.722,18.024,26.944,-8.92,1351.651,1396.849,1306.453
2025-09-08,1354.65,1376.09,1348.8,1368.29,231800,1342.366,1352.13,1276.62,58.212,18.427,25.241,-6.814,1352.13,1397.844,1306.417
2025-09-09,1383.88,1404.35,1377.06,1385.83,295600,1354.06,1355.854,1282.98,61.097,19.932,24.179,-4.247,1355.854,1399.676,1312.033
2025-09-10,1385.83,1408.25,1383.88,1397.53,263900,1370.044,1358.665,1289.206,62.936,21.817,23.706,-1.889,1358.665,1405.657,1311.674
2025-09-11,1388.76,1394.6,1373.16,1383.88,201300,1379.01,1360.456,1294.909,59.408,21.956,23.356,-1.4,1360.456,1408.465,1312.447
2025-09-12,1393.63,1400.45,1376.09,1393.63,239000,1385.832,1363.458,1301.116,61.086,22.593,23.204,-0.611,1363.458,1411.9,1315.017
2025-09-16,1404.35,1446.26,1402.4,1446.26,362100,1401.426,1367.884,1307.892,68.625,27.033,23.97,3.063,1367.884,1428.717,1307.052
2025-09-17,1427.74,1432.61,1414.1,1417.99,190600,1407.858,1369.834,1314.373,61.709,27.948,24.765,3.183,1369.834,1434.543,1305.126
2025-09-18,1415.07,1428.71,1411.17,1422.87,161200,1412.926,1372.27,1320.798,62.413,28.736,25.56,3.177,1372.27,1441.193,1303.347
2025-09-19,1419.94,1420.92,1387.78,1400.45,291000,1416.24,1374.261,1326.639,57.209,27.238,25.895,1.342,1374.261,1444.063,1304.459
2025-09-22,1412.15,1418.97,1381.94,1389.73,155500,1415.46,1375.474,1332.149,54.853,24.898,25.696,-0.798,1375.474,1445.476,1305.472
2025-09-24,1379.01,1384.86,1372.19,1381.94,183500,1402.596,1377.168,1334.972,53.141,22.16,24.988,-2.829,1377.168,1446.007,1308.328
2025-09-25,1379.01,1381.94,1368.29,1381.94,210400,1395.386,1378.426,1337.137,53.141,19.762,23.943,-4.181,1378.426,1446.613,1310.239
2025-09-26,1376.09,1380.96,1372.19,1380.96,223300,1387.004,1378.621,1339.786,52.9,17.58,22.67,-5.091,1378.621,1446.814,1310.428
2025-09-29,1379.99,1379.99,1338.08,1342.95,276400,1375.504,1375.551,1342.118,44.477,12.638,20.664,-8.026,1375.551,1444.392,1306.71
2025-09-30,1356.6,1356.6,1330.28,1339.05,179900,1365.368,1375.258,1344.412,43.708,8.31,18.193,-9.883,1375.258,1444.695,1305.822
2025-10-01,1329.31,1329.31,1292.28,1304.94,250700,1349.968,1374.089,1345.733,37.588,2.104,14.975,-12.871,1374.089,1447.526,1300.652
2025-10-02,1309.82,1313.72,1274.73,1275.71,221500,1328.722,1371.506,1346.219,33.286,-5.113,10.958,-16.071,1371.506,1454.83,1288.183
2025-10-03,1274.73,1289.35,1256.22,1289.35,296300,1310.4,1370.094,1346.726,36.914,-9.622,6.842,-16.464,1370.094,1458.092,1282.095
2025-10-06,1326.38,1336.13,1302.02,1317.61,318500,1305.332,1369.022,1347.585,43.741,-10.791,3.315,-14.106,1369.022,1459.11,1278.933
2025-10-07,1313.72,1323.46,1302.02,1315.66,240800,1300.654,1366.828,1348.077,43.392,-11.739,0.304,-12.043,1366.828,1459.975,1273.682
2025-10-08,1319.56,1329.31,1304.94,1306.89,177900,1301.044,1363.758,1349.051,41.778,-13.047,-2.366,-10.681,1363.758,1460.673,1266.844
2025-10-09,1306.89,1312.74,1291.3,1306.89,215600,1307.28,1359.812,1350.025,41.778,-13.924,-4.677,-9.246,1359.812,1459.336,1260.287
2025-10-10,1317.61,1341.98,1286.43,1325.41,711900,1314.492,1356.206,1351.562,46.639,-12.974,-6.337,-6.638,1356.206,1455.2,1257.211
2025-10-14,1237.7,1276.68,1226.0,1230.88,1132700,1297.146,1348.556,1350.842,31.967,-19.624,-8.994,-10.63,1348.556,1461.245,1235.866
2025-10-15,1226.0,1232.83,1196.77,1217.23,453700,1277.46,1339.736,1348.747,30.476,-25.699,-12.335,-13.363,1339.736,1464.533,1214.938
2025-10-16,1232.83,1236.72,1184.1,1189.95,348500,1254.072,1326.92,1345.816,27.696,-32.341,-16.336,-16.005,1326.92,1458.135,1195.705
2025-10-17,1189.95,1203.59,1177.28,1200.67,282500,1232.828,1316.054,1343.757,30.383,-36.322,-20.333,-15.989,1316.054,1451.441,1180.667
2025-10-20,1209.44,1212.36,1192.87,1205.54,257500,1208.854,1305.188,1341.312,31.627,-38.638,-23.994,-14.644,1305.188,1439.358,1171.017
2025-10-21,1196.77,1216.26,1177.28,1207.49,372700,1204.176,1295.54,1338.404,32.149,-39.857,-27.167,-12.69,1295.54,1428.614,1162.465
2025-10-22,1196.77,1208.46,1188.97,1196.77,286000,1200.084,1285.892,1335.146,30.758,-41.213,-29.976,-11.237,1285.892,1418.19,1153.593
2025-10-23,1188.97,1206.51,1182.15,1200.67,224300,1202.228,1276.828,1331.986,31.912,-41.495,-32.28,-9.215,1276.828,1406.226,1147.43
2025-10-24,1198.72,1223.08,1188.97,1211.39,251500,1204.372,1268.3,1329.986,35.116,-40.387,-33.902,-6.486,1268.3,1390.828,1145.773
2025-10-27,1227.95,1231.85,1216.26,1218.21,223000,1206.906,1260.163,1327.524,37.142,-38.516,-34.824,-3.691,1260.163,1372.37,1147.956
2025-10-28,1209.44,1218.21,1174.35,1180.2,356200,1201.448,1252.026,1324.167,31.279,-39.642,-35.788,-3.854,1252.026,1362.546,1141.505
2025-10-29,1177.28,1180.2,1132.45,1134.4,405500,1188.974,1241.793,1320.183,25.962,-43.727,-37.376,-6.351,1241.793,1356.215,1127.371
2025-10-30,1135.37,1146.09,1126.6,1141.22,341500,1177.084,1233.607,1315.853,27.927,-45.884,-39.077,-6.807,1233.607,1352.351,1114.863
2025-10-31,1146.09,1161.68,1136.34,1149.99,235300,1164.804,1227.321,1311.273,30.482,-46.352,-40.532,-5.82,1227.321,1349.929,1104.713
2025-11-04,1137.32,1152.91,1127.57,1132.45,362300,1147.652,1219.476,1306.439,28.32,-47.59,-41.944,-5.646,1219.476,1345.406,1093.546
2025-11-05,1128.55,1143.17,1115.88,1143.17,283000,1140.246,1210.754,1302.09,31.517,-47.162,-42.988,-4.175,1210.754,1332.148,1089.36
2025-11-06,1130.5,1135.37,1111.01,1119.78,309300,1137.322,1200.96,1297.176,28.527,-48.155,-44.021,-4.134,1200.96,1318.254,1083.666
2025-11-07,1122.7,1132.45,1114.9,1130.5,263200,1135.178,1192.14,1292.824,31.724,-47.53,-44.723,-2.807,1192.14,1302.201,1082.08
2025-11-10,1145.12,1149.01,1134.4,1146.09,311700,1134.398,1184.1,1288.611,36.194,-45.254,-44.829,-0.425,1184.1,1281.648,1086.553
2025-11-11,1149.01,1149.01,1118.8,1127.57,198200,1133.422,1174.208,1283.621,33.397,-44.433,-44.75,0.317,1174.208,1248.857,1099.56
2025-11-12,1132.45,1154.86,1128.55,1149.01,185900,1134.59,1170.115,1278.514,39.25,-41.573,-44.114,2.542,1170.115,1240.538,1099.692
2025-11-13,1151.94,1163.63,1149.01,1151.94,157500,1141.022,1166.85,1274.655,40.025,-38.625,-43.016,4.392,1166.85,1234.057,1099.644
2025-11-14,1154.86,1170.45,1149.01,1150.96,262400,1145.114,1164.901,1271.108,39.842,-35.953,-41.604,5.651,1164.901,1231.546,1098.256
2025-11-17,1147.06,1149.01,1111.98,1138.29,368900,1143.554,1161.782,1267.326,37.455,-34.46,-40.175,5.715,1161.782,1227.206,1096.358
2025-11-18,1131.47,1139.27,1124.65,1127.57,150700,1143.554,1157.884,1263.525,35.516,-33.753,-38.891,5.137,1157.884,1221.599,1094.168
2025-11-19,1121.73,1144.14,1121.73,1131.47,182700,1140.046,1154.082,1259.374,36.798,-32.504,-37.613,5.109,1154.082,1214.312,1093.853
2025-11-20,1137.32,1142.19,1127.57,1127.57,108100,1135.172,1150.622,1254.735,36.026,-31.466,-36.384,4.918,1150.622,1208.429,1092.816
2025-11-21,1131.47,1176.3,1131.47,1175.33,205100,1140.046,1149.356,1250.876,49.881,-26.484,-34.404,7.92,1149.356,1203.54,1095.171
2025-11-25,1175.33,1179.23,1160.71,1170.45,238500,1146.478,1147.308,1246.568,48.72,-22.668,-32.057,9.389,1147.308,1194.233,1100.384
2025-11-26,1173.38,1187.02,1173.38,1187.02,167000,1158.368,1145.749,1242.358,52.742,-18.098,-29.265,11.167,1145.749,1184.028,1107.47
2025-11-27,1190.92,1202.61,1188.97,1196.77,159200,1171.428,1146.577,1238.616,54.98,-13.534,-26.119,12.585,1146.577,1188.537,1104.618
2025-11-28,1196.77,1206.51,1192.87,1193.84,279800,1184.682,1149.55,1234.62,54.15,-10.037,-22.903,12.865,1149.55,1196.052,1103.047
2025-12-01,1186.05,1191.89,1172.4,1178.25,181100,1185.266,1151.401,1229.26,49.84,-8.427,-20.007,11.58,1151.401,1199.43,1103.372
2025-12-02,1177.28,1178.25,1164.61,1169.48,150200,1185.072,1152.375,1224.289,47.547,-7.769,-17.56,9.79,1152.375,1201.071,1103.68
2025-12-03,1165.58,1172.4,1159.73,1159.73,250800,1179.614,1153.74,1219.027,45.065,-7.943,-15.636,7.693,1153.74,1201.606,1105.873
2025-12-04,1159.73,1177.28,1158.76,1173.38,154300,1174.936,1155.25,1214.485,49.073,-6.9,-13.889,6.989,1155.25,1203.616,1106.884
2025-12-05,1170.45,1173.38,1154.86,1156.81,134900,1167.53,1157.102,1209.827,44.8,-7.326,-12.576,5.251,1157.102,1202.494,1111.709
2025-12-08,1155.84,1166.56,1150.96,1161.68,219200,1164.216,1158.66,1205.422,46.281,-7.187,-11.499,4.311,1158.66,1202.315,1115.006
2025-12-09,1169.48,1185.07,1157.78,1177.28,281700,1165.776,1160.22,1201.328,50.83,-5.752,-10.349,4.597,1160.22,1204.21,1116.23
2025-12-10,1175.33,1181.17,1165.58,1176.3,227500,1169.09,1162.656,1197.235,50.541,-4.641,-9.208,4.567,1162.656,1204.372,1120.941
2025-12-11,1176.3,1176.3,1151.94,1157.78,205400,1165.97,1163.095,1193.532,45.29,-5.195,-8.405,3.21,1163.095,1204.389,1121.801
2025-12-12,1166.56,1186.05,1166.56,1174.35,213000,1169.478,1164.215,1190.238,50.268,-4.247,-7.574,3.326,1164.215,1205.451,1122.98
2025-12-15,1176.3,1196.77,1176.3,1193.84,146000,1175.91,1166.36,1188.016,55.408,-1.902,-6.439,4.537,1166.36,1209.124,1123.595
2025-12-16,1188.97,1189.95,1177.28,1178.25,153900,1176.104,1168.357,1186.067,50.878,-1.287,-5.409,4.122,1168.357,1209.295,1127.42
2025-12-17,1182.15,1186.05,1159.73,1167.53,119800,1174.35,1170.356,1183.63,47.974,-1.645,-4.656,3.011,1170.356,1206.535,1134.176
2025-12-18,1167.53,1179.23,1164.61,1171.43,119800,1177.08,1172.354,1180.707,49.112,-1.596,-4.044,2.448,1172.354,1203.563,1141.144
2025-12-19,1175.33,1188.0,1169.48,1186.05,216600,1179.42,1175.278,1178.114,53.242,-0.373,-3.31,2.937,1175.278,1198.843,1151.712
2025-12-22,1191.89,1193.84,1169.48,1179.23,189100,1176.498,1175.472,1175.561,51.156,0.046,-2.639,2.684,1175.472,1199.104,1151.841
2025-12-23,1179.23,1191.89,1176.3,1189.95,149700,1178.838,1176.448,1173.222,54.193,1.228,-1.865,3.093,1176.448,1200.804,1152.091
2025-12-24,1188.97,1201.64,1186.05,1189.95,227600,1183.322,1176.594,1170.513,54.193,2.14,-1.064,3.205,1176.594,1201.252,1151.936
2025-12-25,1191.89,1212.36,1188.97,1211.39,168400,1191.314,1177.325,1170.123,59.967,4.541,0.057,4.484,1177.325,1205.163,1149.487
2025-12-26,1208.46,1213.34,1200.67,1209.44,173700,1195.992,1178.105,1169.968,59.236,6.215,1.289,4.926,1178.105,1208.636,1147.574
2025-12-29,1209.44,1210.41,1190.92,1198.72,209000,1199.89,1179.128,1170.143,55.247,6.6,2.351,4.249,1179.128,1211.022,1147.235
2025-12-30,1197.74,1202.61,1186.05,1192.87,180800,1200.474,1180.298,1169.987,53.144,6.36,3.153,3.207,1180.298,1212.416,1148.18
2026-01-05,1188.0,1191.89,1165.58,1178.25,323400,1198.134,1181.224,1169.441,48.205,4.933,3.509,1.424,1181.224,1211.88,1150.568
2026-01-06,1180.2,1195.79,1179.23,1190.92,236100,1194.04,1182.101,1169.11,52.339,4.77,3.761,1.009,1182.101,1212.815,1151.387
2026-01-07,1181.17,1203.59,1175.33,1201.64,261500,1192.48,1184.343,1169.207,55.57,5.443,4.097,1.345,1184.343,1213.803,1154.882
2026-01-08,1200.67,1209.44,1194.82,1199.69,207200,1192.674,1186.243,1169.188,54.842,5.752,4.428,1.324,1186.243,1214.424,1158.062
2026-01-09,1209.44,1235.75,1199.69,1222.11,489400,1198.522,1188.484,1169.402,61.147,7.718,5.086,2.631,1188.484,1220.531,1156.438
2026-01-13,1134.4,1167.53,1112.95,1151.94,1970000,1193.26,1187.266,1168.077,41.579,3.572,4.783,-1.211,1187.266,1222.912,1151.621
2026-01-14,1145.12,1158.76,1129.52,1132.45,515800,1181.566,1186.0,1167.122,37.947,-1.271,3.572,-4.844,1186.0,1227.393,1144.607
2026-01-15,1131.47,1143.17,1126.6,1138.29,433300,1168.896,1184.197,1167.199,39.648,-4.586,1.941,-6.527,1184.197,1230.569,1137.825
2026-01-16,1138.29,1139.27,1098.34,1109.06,623400,1150.77,1179.958,1166.556,34.543,-9.462,-0.34,-9.122,1179.958,1236.911,1123.005
2026-01-19,1105.16,1105.16,1089.57,1094.44,535500,1125.236,1175.768,1165.445,32.303,-14.341,-3.14,-11.201,1175.768,1244.388,1107.147
2026-01-20,1104.18,1115.88,1090.54,1106.13,371200,1116.074,1172.698,1164.919,35.884,-17.067,-5.926,-11.142,1172.698,1248.035,1097.36
2026-01-21,1100.29,1105.16,1086.64,1099.31,357600,1109.446,1169.092,1164.042,34.73,-19.553,-8.651,-10.902,1169.092,1251.277,1086.906
2026-01-22,1101.26,1152.91,1100.29,1134.4,627200,1108.668,1166.509,1164.334,44.602,-18.479,-10.617,-7.862,1166.509,1249.691,1083.327
2026-01-23,1133.42,1164.61,1128.55,1152.91,354800,1117.438,1165.193,1164.782,48.986,-15.95,-11.683,-4.266,1165.193,1248.36,1082.026
2026-01-26,1154.86,1184.1,1152.91,1180.2,441900,1134.59,1164.706,1165.464,54.679,-11.609,-11.668,0.059,1164.706,1247.374,1082.037
2026-01-27,1154.86,1155.84,1120.75,1133.42,414600,1140.048,1161.879,1165.581,45.338,-11.808,-11.696,-0.112,1161.879,1244.779,1078.979
2026-01-28,1130.5,1143.17,1120.75,1135.37,300200,1147.26,1158.078,1165.309,45.754,-11.674,-11.692,0.018,1158.078,1238.349,1077.807
2026-01-29,1123.68,1139.27,1109.06,1134.4,358400,1147.26,1154.326,1164.958,45.568,-11.513,-11.656,0.143,1154.326,1231.442,1077.21
2026-01-30,1132.45,1174.35,1122.7,1164.61,435600,1149.6,1152.62,1165.231,52.093,-8.846,-11.094,2.248,1152.62,1227.065,1078.176
2026-02-02,1159.73,1160.71,1131.47,1137.32,442700,1141.024,1149.843,1165.211,46.653,-8.833,-10.642,1.809,1149.843,1222.077,1077.609
2026-02-03,1135.37,1158.76,1131.47,1155.84,307000,1145.508,1148.722,1165.777,50.435,-7.244,-9.962,2.718,1148.722,1219.786,1077.659
2026-02-04,1145.12,1155.84,1137.32,1143.17,248100,1147.068,1146.335,1166.011,47.931,-6.928,-9.355,2.428,1146.335,1214.582,1078.088
2026-02-05,1157.78,1166.56,1141.22,1156.81,239100,1151.55,1144.094,1166.596,50.765,-5.513,-8.587,3.074,1144.094,1207.463,1080.724
2026-02-06,1156.81,1159.73,1142.19,1150.96,183600,1148.82,1141.657,1166.108,49.521,-4.808,-7.831,3.023,1141.657,1199.536,1083.778
2026-02-09,1163.63,1172.4,1137.32,1141.22,231700,1149.6,1137.612,1165.524,47.435,-4.978,-7.261,2.282,1137.612,1181.412,1093.813
2026-02-10,1146.09,1149.99,1137.32,1140.24,261800,1146.48,1137.028,1164.588,47.219,-5.133,-6.835,1.702,1137.028,1180.331,1093.724
2026-02-12,1142.19,1150.96,1133.42,1140.24,219800,1145.894,1137.417,1163.457,47.219,-5.195,-6.507,1.312,1137.417,1180.687,1094.147
2026-02-13,1148.04,1152.91,1131.47,1138.29,245000,1142.19,1137.417,1162.346,46.729,-5.341,-6.274,0.933,1137.417,1180.687,1094.147
2026-02-16,1138.29,1142.19,1120.75,1124.65,216900,1136.928,1138.196,1161.274,43.342,-6.482,-6.315,-0.167,1138.196,1179.847,1096.546
2026-02-17,1124.65,1137.32,1120.75,1133.42,297700,1135.368,1140.146,1160.553,46.05,-6.603,-6.373,-0.23,1140.146,1176.485,1103.806
2026-02-18,1139.27,1140.24,1123.68,1134.4,305000,1134.2,1141.559,1160.047,46.358,-6.544,-6.407,-0.137,1141.559,1174.353,1108.765
2026-02-19,1139.27,1174.35,1135.37,1149.01,354000,1135.954,1144.044,1159.559,50.869,-5.258,-6.177,0.92,1144.044,1170.224,1117.864
2026-02-20,1145.12,1152.91,1130.5,1130.5,208200,1134.396,1143.849,1159.033,45.633,-5.667,-6.075,0.409,1143.849,1170.387,1117.311
2026-02-24,1132.45,1155.84,1132.45,1149.99,232000,1139.464,1143.703,1158.799,51.316,-4.368,-5.734,1.366,1143.703,1170.063,1117.343
2026-02-25,1154.86,1154.86,1135.37,1149.99,447800,1142.778,1142.192,1158.253,51.316,-3.3,-5.247,1.947,1142.192,1162.518,1121.867
2026-02-26,1141.12,1157.87,1137.18,1152.94,396100,1146.486,1143.169,1157.786,52.193,-2.191,-4.636,2.445,1143.169,1163.594,1122.743
2026-02-27,1162.8,1164.77,1144.08,1152.94,322800,1147.272,1144.047,1157.689,52.193,-1.297,-3.968,2.671,1144.047,1164.572,1123.522
2026-03-02,1149.0,1157.87,1131.27,1132.25,328400,1147.622,1143.94,1156.847,45.522,-2.232,-3.621,1.389,1143.94,1164.698,1123.181
2026-03-03,1124.37,1124.37,1073.13,1073.13,503100,1132.25,1139.366,1154.433,32.672,-7.656,-4.428,-3.228,1139.366,1175.538,1103.193
2026-03-04,1064.26,1075.1,1036.66,1052.43,716200,1112.738,1135.121,1151.917,29.529,-13.469,-6.236,-7.233,1135.121,1188.251,1081.991
2026-03-05,1066.23,1081.01,1062.29,1062.29,263800,1094.608,1130.443,1149.812,32.843,-17.083,-8.405,-8.678,1130.443,1191.738,1069.149
2026-03-06,1059.33,1078.05,1051.45,1077.07,191200,1079.434,1127.138,1147.925,37.581,-18.541,-10.433,-8.109,1127.138,1192.535,1061.742
2026-03-09,1035.68,1070.17,1029.77,1063.27,574300,1065.638,1122.462,1145.469,35.092,-20.573,-12.461,-8.113,1122.462,1192.161,1052.762
2026-03-10,1076.08,1083.97,1065.24,1081.01,321100,1067.214,1118.964,1143.505,40.544,-20.516,-14.072,-6.444,1118.964,1189.655,1048.273
2026-03-11,1081.01,1096.78,1080.02,1080.02,335800,1072.732,1115.904,1141.306,40.341,-20.316,-15.32,-4.995,1115.904,1187.826,1043.982
2026-03-12,1072.14,1076.08,1047.5,1055.39,366200,1071.352,1111.662,1138.615,35.555,-21.892,-16.635,-5.257,1111.662,1187.446,1035.877
2026-03-13,1042.58,1065.24,1042.58,1059.33,326500,1067.804,1107.616,1135.574,36.846,-22.564,-17.821,-4.743,1107.616,1185.584,1029.648
2026-03-16,1047.5,1061.3,1035.68,1035.68,219200,1062.286,1102.486,1132.099,32.623,-24.719,-19.2,-5.519,1102.486,1185.308,1019.663
2026-03-17,1050.46,1064.26,1047.5,1057.36,267500,1057.556,1099.121,1129.271,39.472,-24.397,-20.24,-4.157,1099.121,1183.603,1014.639
2026-03-18,1058.34,1071.15,1056.37,1069.18,149200,1055.388,1095.909,1126.798,42.881,-22.923,-20.776,-2.147,1095.909,1179.782,1012.036
2026-03-19,1058.34,1069.18,1042.58,1042.58,347400,1052.826,1091.318,1124.084,37.731,-23.63,-21.347,-2.283,1091.318,1176.364,1006.272
2026-03-23,1037.65,1039.62,1019.91,1024.84,354300,1045.928,1085.11,1120.763,34.734,-25.329,-22.143,-3.185,1085.11,1170.551,999.668
2026-03-24,1043.56,1054.4,1042.58,1050.46,179000,1048.884,1081.108,1117.739,41.909,-24.328,-22.58,-1.747,1081.108,1165.082,997.133
2026-03-25,1057.36,1072.14,1057.36,1066.23,233200,1050.658,1076.92,1115.07,45.855,-22.008,-22.466,0.458,1076.92,1154.544,999.295
2026-03-26,1067.21,1072.14,1054.4,1068.2,343100,1050.462,1072.83,1111.992,46.345,-19.783,-21.929,2.146,1072.83,1142.451,1003.209
2026-03-27,1079.04,1084.95,1068.2,1070.17,389700,1055.98,1068.692,1110.356,46.863,-17.657,-21.075,3.418,1068.692,1127.219,1010.164
2026-03-30,1052.43,1059.33,1033.71,1056.37,428800,1062.286,1063.863,1108.835,43.681,-16.891,-20.238,3.347,1063.863,1107.048,1020.678
2026-03-31,1061.3,1078.05,1060.31,1061.3,343000,1064.454,1060.316,1107.295,45.115,-15.705,-19.331,3.627,1060.316,1089.104,1031.527
2026-04-01,1075.1,1090.86,1069.18,1090.86,387400,1069.38,1061.202,1106.931,52.864,-12.238,-17.913,5.674,1061.202,1092.624,1029.78
2026-04-02,1094.8,1112.54,1074.11,1078.05,255500,1071.35,1062.483,1106.603,49.596,-10.405,-16.411,6.006,1062.483,1094.482,1030.484
2026-04-03,1093.82,1100.72,1081.99,1091.85,205400,1075.686,1063.961,1106.317,52.969,-7.749,-14.679,6.929,1063.961,1098.549,1029.373
2026-04-06,1098.75,1103.67,1094.8,1099.73,303100,1084.358,1065.094,1106.326,54.828,-4.952,-12.733,7.782,1065.094,1102.831,1027.357
2026-04-07,1104.66,1119.44,1098.75,1111.56,300300,1094.41,1067.509,1105.869,57.541,-1.76,-10.539,8.779,1067.509,1110.559,1024.458
2026-04-08,1125.35,1125.35,1110.57,1124.37,468100,1101.112,1069.676,1105.298,60.32,1.783,-8.074,9.857,1069.676,1119.435,1019.918
2026-04-09,1125.35,1128.31,1078.05,1083.96,422200,1102.294,1069.874,1103.373,49.347,1.315,-6.196,7.511,1069.874,1119.835,1019.912
2026-04-10,1085.94,1097.76,1075.1,1083.96,498100,1100.716,1071.302,1102.384,49.347,0.933,-4.771,5.704,1071.302,1121.154,1021.45
2026-04-13,1034.69,1045.53,1007.1,1014.99,1231500,1083.768,1069.085,1099.977,36.282,-4.879,-4.792,-0.086,1069.085,1124.78,1013.39
2026-04-14,1014.99,1025.83,1006.12,1023.85,521800,1066.226,1068.494,1097.766,38.533,-8.67,-5.568,-3.102,1068.494,1125.907,1011.08
2026-04-15,1034.69,1042.58,1027.8,1032.72,395400,1047.896,1067.262,1095.128,40.789,-10.833,-6.621,-4.212,1067.262,1126.702,1007.821
2026-04-16,1039.62,1047.5,1024.84,1027.8,449500,1036.664,1065.192,1092.937,39.914,-12.797,-7.856,-4.941,1065.192,1127.178,1003.207
2026-04-17,1026.81,1046.52,1026.81,1031.74,390200,1026.22,1064.65,1090.455,41.005,-13.876,-9.06,-4.816,1064.65,1127.65,1001.651
2026-04-20,1041.59,1047.5,1026.81,1042.58,674400,1031.738,1065.538,1088.444,44.018,-13.699,-9.988,-3.711,1065.538,1126.648,1004.427
2026-04-21,1040.61,1053.42,1010.06,1022.87,501000,1031.542,1064.158,1085.765,40.016,-14.976,-10.985,-3.99,1064.158,1127.891,1000.425
2026-04-22,1016.96,1029.77,1013.01,1020.9,573200,1029.178,1061.892,1083.164,39.629,-15.963,-11.981,-3.982,1061.892,1128.475,995.308
2026-04-23,1014.99,1019.91,994.29,998.23,426900,1023.264,1058.393,1080.304,35.38,-18.362,-13.257,-5.105,1058.393,1130.689,986.097
2026-04-24,990.35,1000.2,988.38,989.36,324600,1014.788,1054.352,1077.286,33.851,-20.741,-14.754,-5.987,1054.352,1132.66,976.045
2026-04-27,986.41,998.23,983.45,983.45,362800,1002.962,1050.706,1074.15,32.833,-22.84,-16.371,-6.468,1050.706,1135.167,966.246
2026-04-28,984.44,997.25,982.47,997.25,328900,997.838,1047.504,1071.33,37.556,-23.123,-17.721,-5.401,1047.504,1135.073,959.935
2026-04-30,983.45,991.34,979.51,983.45,367500,990.348,1042.134,1068.506,34.912,-24.182,-19.013,-5.168,1042.134,1131.659,952.608
2026-05-01,978.52,985.42,969.66,981.48,259200,986.998,1037.305,1065.467,34.538,-24.893,-20.189,-4.704,1037.305,1129.064,945.546
2026-05-07,984.44,992.32,971.63,984.44,467900,986.014,1031.934,1062.468,35.653,-24.931,-21.138,-3.793,1031.934,1122.82,941.049
2026-05-08,986.41,992.32,977.54,986.41,302200,986.606,1026.268,1059.216,36.429,-24.519,-21.814,-2.705,1026.268,1113.41,939.127
2026-05-11,985.42,1005.13,977.54,985.42,483100,984.24,1019.962,1056.314,36.193,-23.996,-22.25,-1.745,1019.962,1098.993,940.93
2026-05-12,985.42,992.32,975.57,979.51,279800,983.452,1012.718,1052.904,34.744,-23.784,-22.557,-1.227,1012.718,1076.551,948.886
2026-05-13,985.42,993.31,976.55,987.39,290700,984.634,1007.89,1049.652,38.29,-22.718,-22.589,-0.129,1007.89,1063.054,952.726
2026-05-14,983.45,985.42,976.55,978.52,226100,983.45,1002.618,1046.164,35.924,-22.332,-22.538,0.206,1002.618,1046.085,959.151
2026-05-15,978.52,999.22,978.52,999.22,267600,986.012,1001.83,1043.09,44.538,-20.124,-22.055,1.931,1001.83,1044.922,958.737
2026-05-18,997.25,997.25,972.61,978.52,322400,984.632,999.563,1040.015,38.906,-19.815,-21.607,1.792,999.563,1042.547,956.579
2026-05-19,982.47,995.28,980.5,983.45,450900,985.42,997.1,1038.221,40.825,-18.955,-21.077,2.122,997.1,1037.662,956.537
2026-05-20,988.38,988.38,963.74,972.61,432600,982.464,994.34,1036.625,37.998,-18.929,-20.647,1.718,994.34,1033.596,955.084
2026-05-21,975.57,981.48,969.66,969.66,258100,980.692,991.236,1034.772,37.242,-18.929,-20.303,1.375,991.236,1027.763,954.709
2026-05-22,970.64,973.6,961.77,965.71,177200,973.99,987.393,1032.545,36.204,-19.028,-20.048,1.02,987.393,1016.62,958.165
2026-05-25,965.71,966.7,941.08,946.01,569500,967.488,983.549,1030.2,31.489,-20.46,-20.131,-0.329,983.549,1013.342,953.757
2026-05-26,946.01,946.99,921.37,927.28,558700,956.254,978.869,1027.125,27.783,-22.843,-20.673,-2.17,978.869,1013.048,944.689
2026-05-27,926.3,938.12,922.36,936.15,312800,948.962,975.764,1024.248,31.872,-23.743,-21.287,-2.455,975.764,1013.618,937.911
2026-05-28,943.05,947.98,926.3,930.24,327500,941.078,972.809,1021.745,30.628,-24.648,-21.959,-2.689,972.809,1015.159,930.458
2026-05-29,930.24,948.96,929.25,940.09,455800,935.954,970.641,1019.36,35.17,-24.291,-22.426,-1.865,970.641,1015.084,926.197
2026-06-01,931.22,931.22,909.55,916.44,606300,930.04,966.6,1016.975,30.078,-25.621,-23.065,-2.556,966.6,1015.343,917.857
2026-06-02,911.52,918.41,896.73,909.55,531600,926.494,962.905,1014.019,28.771,-26.92,-23.836,-3.084,962.905,1017.162,908.648
2026-06-03,910.53,916.44,896.73,906.59,578800,920.582,959.16,1010.767,28.204,-27.868,-24.642,-3.226,959.16,1018.151,900.17
2026-06-04,896.73,915.46,889.84,907.57,531700,916.048,955.317,1008.067,28.705,-28.214,-25.357,-2.858,955.317,1017.312,893.322
2026-06-05,915.46,937.14,908.56,928.27,433300,913.684,952.41,1006.136,38.471,-26.513,-25.588,-0.925,952.41,1013.715,891.105
2026-06-08,923.34,946.99,922.36,931.22,498200,916.64,949.7,1003.751,39.738,-24.643,-25.399,0.756,949.7,1009.638,889.762
2026-06-09,936.15,945.02,931.22,931.22,429400,920.974,947.286,1001.051,39.738,-22.896,-24.898,2.002,947.286,1006.046,888.525
2026-06-10,946.01,957.83,941.08,957.83,292400,931.222,945.808,998.843,50.418,-19.145,-23.748,4.603,945.808,1001.74,889.875
2026-06-11,957.83,959.8,950.93,955.86,254500,940.88,944.675,996.557,49.715,-16.144,-22.227,6.083,944.675,998.702,890.647
2026-06-12,956.85,958.82,946.99,956.85,247900,946.596,942.556,994.567,50.092,-13.531,-20.488,6.957,942.556,990.566,894.546
2026-06-15,957.83,957.83,941.08,946.01,444000,949.554,940.93,992.261,46.03,-12.193,-18.829,6.636,940.93,985.92,895.941
2026-06-16,934.18,944.03,927.28,942.06,345900,951.722,938.861,989.285,44.61,-11.322,-17.327,6.006,938.861,979.181,898.541
2026-06-17,946.01,948.96,936.15,937.14,348900,947.584,937.088,986.467,42.838,-10.902,-16.042,5.14,937.088,974.145,900.03
2026-06-18,936.15,945.02,932.21,940.09,247100,944.43,935.609,983.432,44.267,-10.214,-14.877,4.663,935.609,969.411,901.807
2026-06-19,936.15,945.02,929.25,936.15,337800,940.29,934.131,980.16,42.73,-9.873,-13.876,4.003,934.131,964.834,903.428
2026-06-22,932.21,941.08,921.37,921.37,217300,935.362,932.899,976.356,37.474,-10.672,-13.235,2.563,932.899,963.573,902.225
2026-06-23,916.44,927.28,914.47,919.4,362900,930.83,932.505,972.257,36.823,-11.334,-12.855,1.521,932.505,963.681,901.329
2026-06-24,926.3,929.25,905.6,905.6,348200,924.522,930.978,968.69,32.561,-12.824,-12.849,0.025,930.978,964.32,897.635
2026-06-25,914.47,914.47,902.65,907.57,333800,918.018,929.844,965.162,33.74,-13.688,-13.016,-0.671,929.844,964.795,894.893
2026-06-26,907.57,915.46,901.66,915.46,313100,913.88,928.612,963.171,38.386,-13.58,-13.129,-0.45,928.612,963.778,893.447
2026-06-29,923.34,953.89,920.38,952.9,623000,920.186,930.435,961.752,54.641,-10.353,-12.574,2.221,930.435,966.707,894.164
2026-06-30,952.9,953.89,935.17,946.01,478900,925.508,932.259,960.018,51.926,-8.257,-11.711,3.453,932.259,967.767,896.75
2026-07-01,936.15,947.98,930.24,930.24,310400,930.436,933.441,958.067,46.26,-7.779,-10.924,3.145,933.441,966.864,900.018
2026-07-02,945.02,959.8,935.17,952.9,444000,939.502,935.708,956.49,54.023,-5.508,-9.841,4.333,935.708,967.868,903.547
2026-07-03,960.79,962.76,951.92,952.9,341700,946.99,936.939,954.696,54.023,-3.666,-8.606,4.94,936.939,969.779,904.099
2026-07-06,959.8,970.64,955.86,966.7,406700,949.75,938.713,953.573,58.28,-1.08,-7.101,6.021,938.713,973.995,903.431
2026-07-07,966.7,977.54,962.76,972.61,367900,955.07,940.782,952.607,59.988,1.43,-5.395,6.824,940.782,978.951,902.614
2026-07-08,972.61,976.55,968.67,969.66,385100,962.954,941.374,952.036,58.696,3.144,-3.687,6.831,941.374,980.994,901.754
2026-07-09,963.74,967.69,953.89,955.86,643700,963.546,941.374,951.366,52.951,3.351,-2.279,5.63,941.374,980.994,901.754
2026-07-10,946.01,965.71,944.03,955.86,677700,964.138,941.324,950.814,52.951,3.475,-1.128,4.603,941.324,980.866,901.783
2026-07-13,970.64,1027.8,963.74,1019.91,1605700,974.78,945.02,951.267,69.186,8.642,0.826,7.816,945.02,997.949,892.09
2026-07-14,1026.81,1047.5,1021.88,1032.72,871900,986.802,949.553,952.253,71.318,13.613,3.383,10.23,949.553,1015.374,883.731
2026-07-15,1038.64,1054.4,1031.74,1054.4,666700,1003.75,955.415,953.711,74.529,19.083,6.523,12.559,955.415,1035.849,874.982
2026-07-16,1063.27,1063.27,1031.74,1040.61,516400,1020.7,960.441,954.834,69.22,22.05,9.628,12.422,960.441,1048.995,871.888
2026-07-17,1047.5,1050.46,1029.77,1043.56,517400,1038.24,965.812,955.977,69.717,24.359,12.575,11.785,965.812,1060.947,870.677
2026-07-21,1043.56,1067.21,1041.59,1052.43,594300,1044.744,972.365,957.318,71.222,26.598,15.379,11.219,972.365,1072.532,872.198
2026-07-22,1034.69,1048.49,1025.83,1040.61,476100,1046.322,978.426,958.54,66.481,27.106,17.725,9.382,978.426,1079.76,877.091
2026-07-23,1022.87,1038.64,1019.91,1030.75,456600,1041.592,984.683,959.407,62.731,26.409,19.462,6.948,984.683,1082.477,886.889
2026-07-24,1021.88,1039.62,1021.88,1036.66,334900,1040.802,991.138,960.57,64.04,26.033,20.776,5.257,991.138,1084.439,897.836
2026-07-27,1051.45,1056.37,1042.58,1051.45,777300,1042.38,997.937,961.614,67.151,26.622,21.945,4.677,997.937,1087.774,908.1
2026-07-28,1062.29,1065.24,1045.53,1051.45,514300,1042.184,1002.864,963.073,67.151,26.78,22.912,3.868,1002.864,1093.11,912.619
2026-07-29,1064.26,1082.98,1050.46,1080.02,655200,1050.066,1009.565,965.004,72.484,28.878,24.105,4.772,1009.565,1101.912,917.218
2026-07-30,1078.05,1079.04,1055.39,1065.24,715700,1056.964,1016.315,966.857,66.472,29.013,25.087,3.926,1016.315,1103.859,928.771
2026-07-31,1044.55,1054.4,1030.75,1030.75,692600,1055.782,1020.208,968.079,55.006,26.037,25.277,0.76,1020.208,1102.654,937.761
2026-08-03,1031.74,1031.74,1003.16,1014.0,911800,1048.292,1023.262,969.044,50.455,22.072,24.636,-2.564,1023.262,1099.502,947.023
2026-08-04,1013.01,1013.01,992.32,995.28,804200,1037.058,1024.692,970.03,45.885,17.221,23.153,-5.932,1024.692,1097.46,951.923
2026-08-05,995.28,1006.12,988.38,995.28,670000,1020.11,1025.825,971.39,45.885,13.225,21.167,-7.943,1025.825,1095.831,955.819
2026-08-06,1007.1,1013.01,994.29,1002.17,868000,1007.496,1027.451,972.71,47.899,10.492,19.032,-8.54,1027.451,1093.355,961.546
2026-08-07,998.23,1013.01,995.28,1010.06,911000,1003.358,1030.16,974.307,50.186,8.861,16.998,-8.137,1030.16,1087.581,972.74
2026-08-10,1016.96,1016.96,1004.15,1005.13,786100,1001.584,1032.624,975.607,48.746,7.089,15.016,-7.927,1032.624,1079.966,985.282
2026-08-12,1003.16,1014.0,1003.16,1006.12,583900,1003.752,1031.934,977.401,49.062,5.699,13.153,-7.454,1031.934,1080.444,983.425
2026-08-13,996.26,1013.01,996.26,1007.1,700100,1006.116,1030.653,979.352,49.395,4.623,11.447,-6.824,1030.653,1080.412,980.895
2026-08-14,1007.1,1023.85,1006.12,1021.88,530800,1010.058,1029.027,981.658,54.247,4.906,10.139,-5.233,1029.027,1077.631,980.424
2026-08-17,1014.99,1017.94,1008.09,1011.04,647400,1010.254,1027.549,983.727,50.428,4.207,8.952,-4.745,1027.549,1076.467,978.631
2026-08-18,1002.17,1015.97,1001.19,1009.07,792100,1011.042,1025.824,985.343,49.743,3.455,7.853,-4.398,1025.824,1074.798,976.851
2026-08-19,1021.88,1034.69,1012.03,1030.75,813900,1015.968,1024.74,987.334,56.715,4.555,7.193,-2.638,1024.74,1072.169,977.312
2026-08-20,1033.71,1046.52,1027.8,1040.61,542100,1022.67,1024.741,989.522,59.469,6.152,6.985,-0.833,1024.741,1072.169,977.312
2026-08-21,1037.65,1056.37,1037.65,1039.62,415400,1026.218,1025.184,991.157,59.063,7.254,7.039,0.215,1025.184,1073.014,977.354
2026-08-24,1048.49,1060.31,1034.69,1037.65,863200,1031.54,1025.233,992.793,58.21,7.878,7.207,0.671,1025.233,1073.115,977.352
2026-08-25,1037.65,1048.49,1032.72,1046.52,769000,1039.03,1024.987,994.587,60.943,8.984,7.562,1.422,1024.987,1072.348,977.626
2026-08-26,1038.64,1049.48,1035.68,1040.61,984700,1041.002,1024.445,996.479,58.212,9.277,7.905,1.372,1024.445,1070.768,978.122
2026-08-27,1034.69,1044.55,1014.0,1014.0,3492200,1035.68,1021.144,997.917,47.819,7.278,7.78,-0.502,1021.144,1059.52,982.768
2026-08-28,1016.0,1034.0,1009.0,1016.0,3141600,1030.956,1018.682,999.495,48.562,5.789,7.382,-1.593,1018.682,1050.983,986.381
2026-08-31,1025.0,1029.0,1005.0,1024.0,2953400,1028.226,1018.344,1001.173,51.536,5.194,6.944,-1.75,1018.344,1050.254,986.435
2026-09-01,1015.0,1031.0,1015.0,1021.0,1127800,1023.122,1018.694,1002.87,50.36,4.43,6.441,-2.012,1018.694,1050.556,986.833
2026-09-02,1006.0,1053.0,1003.0,1044.0,1444000,1023.8,1021.13,1005.322,58.229,5.615,6.276,-0.661,1021.13,1052.905,989.356
2026-09-03,1044.0,1063.0,1021.0,1027.0,722100,1026.4,1022.717,1007.474,51.705,5.123,6.045,-0.922,1022.717,1052.137,993.296
2026-09-04,1020.0,1035.0,1018.0,1027.0,497100,1028.6,1023.958,1009.902,51.705,4.68,5.772,-1.092,1023.958,1051.78,996.136
2026-09-07,1029.0,1030.0,998.0,1003.0,580100,1024.4,1023.605,1011.811,43.69,2.365,5.091,-2.726,1023.605,1052.334,994.876
2026-09-08,1001.0,1007.0,993.0,999.0,657800,1020.0,1023.299,1013.482,42.507,0.205,4.114,-3.909,1023.299,1052.973,993.624
2026-09-09,995.0,1004.0,984.0,992.0,163800,1009.6,1022.593,1014.264,40.444,-2.048,2.881,-4.93,1022.593,1054.57,990.615
