Date,Open,High,Low,Close,Volume,SMA5,SMA20,SMA50,RSI,MACD,MACD_signal,MACD_hist,BB_mid,BB_upper,BB_lower
2021-10-04,2954.2,2974.54,2946.06,2970.47,47040,,,,,0.0,0.0,0.0,,,
2021-10-05,2966.4,2974.54,2929.78,2937.92,81180,,,,,-2.597,-0.519,-2.077,,,
2021-10-06,2941.99,2990.82,2937.92,2978.61,52040,,,,,-1.355,-0.687,-0.669,,,
2021-10-07,2982.68,2986.75,2937.92,2937.92,57140,,,,,-3.613,-1.272,-2.342,,,
2021-10-08,2966.4,2970.47,2937.92,2937.92,38180,2952.568,,,,-5.341,-2.086,-3.256,,,
2021-10-11,2897.23,2925.71,2889.09,2925.71,61900,2943.616,,,,-7.608,-3.19,-4.418,,,
2021-10-12,2901.3,2909.44,2880.95,2880.95,54260,2932.222,,,,-12.868,-5.126,-7.742,,,
2021-10-13,2880.95,2917.57,2880.95,2905.37,39860,2917.574,,,,-14.895,-7.08,-7.815,,,
2021-10-14,2889.09,2905.37,2880.95,2880.95,45540,2906.18,,,,-18.261,-9.316,-8.945,,,
2021-10-15,2897.23,2929.78,2897.23,2929.78,41020,2904.552,,,,-16.794,-10.812,-5.983,,,
2021-10-18,2929.78,2937.92,2885.02,2897.23,47000,2898.856,,,,-18.051,-12.259,-5.791,,,
2021-10-19,2889.09,2913.51,2885.02,2905.37,43080,2903.74,,,,-18.18,-13.444,-4.737,,,
2021-10-20,2909.44,2913.5,2880.95,2885.02,38260,2899.67,,,,-19.698,-14.694,-5.003,,,
2021-10-21,2885.02,2897.23,2876.88,2876.88,32180,2898.856,,,,-21.312,-16.018,-5.294,,,
2021-10-22,2868.74,2889.09,2860.61,2860.61,40160,2885.022,,,33.381,-23.631,-17.54,-6.09,,,
2021-10-25,2856.54,2868.74,2840.26,2840.26,43820,2873.628,,,30.282,-26.802,-19.393,-7.409,,,
2021-10-26,2844.33,2868.74,2840.26,2860.61,41240,2864.676,,,36.619,-27.358,-20.986,-6.372,,,
2021-10-27,2868.74,2876.88,2832.12,2836.19,43800,2854.91,,,32.77,-29.43,-22.675,-6.755,,,
2021-10-28,2836.19,2852.47,2832.12,2844.33,49020,2848.4,,,35.214,-30.068,-24.153,-5.915,,,
2021-10-29,2832.12,2836.19,2799.57,2819.91,92120,2840.26,2895.6,,31.512,-32.174,-25.757,-6.416,2895.6,2985.545,2805.656
2021-11-01,2880.95,2885.02,2848.4,2872.81,60940,2846.77,2890.717,,45.0,-29.237,-26.453,-2.783,2890.717,2973.897,2807.538
2021-11-02,2844.33,2852.47,2828.05,2832.12,52400,2841.072,2885.428,,38.689,-29.848,-27.132,-2.716,2885.428,2969.421,2801.434
2021-11-04,2864.68,2880.95,2823.98,2860.61,111640,2845.956,2879.528,,44.553,-27.715,-27.249,-0.466,2879.528,2951.707,2807.348
2021-11-05,2832.12,2860.61,2823.98,2844.33,95700,2845.956,2874.848,,42.076,-27.026,-27.204,0.178,2874.848,2943.117,2806.579
2021-11-08,2840.26,2840.26,2799.57,2803.64,79380,2842.702,2868.134,,36.6,-29.424,-27.648,-1.776,2868.134,2936.697,2799.571
2021-11-09,2799.57,2815.85,2771.09,2771.09,63320,2822.358,2860.403,,32.91,-33.565,-28.832,-4.733,2860.403,2936.126,2784.68
2021-11-10,2799.57,2815.85,2779.22,2779.22,60640,2811.778,2855.316,,34.682,-35.777,-30.221,-5.557,2855.316,2938.525,2772.108
2021-11-11,2775.15,2787.36,2762.95,2762.95,63920,2792.246,2848.196,,32.815,-38.401,-31.857,-6.544,2848.196,2937.52,2758.871
2021-11-12,2758.88,2799.57,2754.81,2791.43,43760,2781.666,2843.72,,39.005,-37.747,-33.035,-4.712,2843.72,2935.082,2752.357
2021-11-15,2799.57,2811.78,2767.02,2771.09,51320,2775.156,2835.785,,36.424,-38.428,-34.113,-4.314,2835.785,2923.153,2748.417
2021-11-16,2771.09,2787.36,2758.88,2758.88,48120,2772.714,2828.868,,34.929,-39.496,-35.19,-4.306,2828.868,2917.648,2740.087
2021-11-17,2758.88,2767.02,2726.32,2730.39,54600,2762.948,2820.118,,31.665,-42.157,-36.583,-5.573,2820.118,2911.602,2728.635
2021-11-18,2726.32,2730.39,2693.77,2697.84,75280,2749.926,2810.76,,28.399,-46.357,-38.538,-7.819,2810.76,2912.058,2709.461
2021-11-19,2697.84,2714.12,2689.7,2710.05,58220,2733.65,2802.418,,31.263,-48.145,-40.46,-7.686,2802.418,2908.169,2696.667
2021-11-22,2685.63,2689.7,2665.29,2681.56,89060,2715.744,2793.466,,28.408,-51.271,-42.622,-8.649,2793.466,2908.392,2678.539
2021-11-24,2701.91,2718.19,2669.36,2669.36,78240,2697.84,2784.92,,27.26,-54.108,-44.919,-9.189,2784.92,2910.149,2659.692
2021-11-25,2673.43,2689.7,2653.08,2657.15,47720,2683.192,2774.748,,26.122,-56.689,-47.273,-9.416,2774.748,2906.949,2642.546
2021-11-26,2661.22,2661.22,2644.94,2649.01,58400,2673.426,2765.388,,25.362,-58.714,-49.561,-9.153,2765.388,2905.539,2625.238
2021-11-29,2644.94,2657.15,2628.66,2636.8,126760,2658.776,2755.012,,24.224,-60.605,-51.77,-8.835,2755.012,2901.155,2608.869
2021-11-30,2628.67,2653.08,2600.18,2612.39,233360,2644.942,2744.636,,22.089,-63.344,-54.085,-9.259,2744.636,2900.521,2588.751
2021-12-01,2600.18,2604.25,2571.7,2575.77,91600,2626.224,2729.784,,19.336,-67.689,-56.806,-10.883,2729.784,2890.769,2568.799
2021-12-02,2567.63,2596.11,2567.63,2575.77,86300,2609.948,2716.966,,19.336,-70.322,-59.509,-10.813,2716.966,2884.338,2549.595
2021-12-03,2596.11,2644.94,2571.7,2636.8,74560,2607.506,2705.776,,34.995,-66.715,-60.95,-5.765,2705.776,2862.285,2549.267
2021-12-06,2636.8,2665.29,2628.67,2640.87,97440,2608.32,2695.603,,35.889,-62.804,-61.321,-1.483,2695.603,2840.188,2551.018
2021-12-07,2665.29,2697.84,2649.01,2689.7,79140,2623.782,2689.906,,45.561,-55.128,-60.082,4.954,2689.906,2825.251,2554.561
2021-12-08,2701.91,2701.91,2661.22,2661.22,72360,2640.872,2684.412,,41.617,-50.759,-58.218,7.459,2684.412,2814.708,2554.117
2021-12-09,2653.08,2653.08,2624.6,2624.6,85280,2650.638,2676.681,,37.163,-49.678,-56.51,6.832,2676.681,2801.525,2551.838
2021-12-10,2657.15,2661.22,2632.73,2649.01,73920,2653.08,2670.984,,41.646,-46.318,-54.471,8.153,2670.984,2789.491,2552.478
2021-12-13,2669.36,2677.49,2649.01,2653.08,49600,2655.522,2664.067,,42.385,-42.833,-52.144,9.311,2664.067,2768.257,2559.877
2021-12-14,2661.22,2669.36,2649.01,2661.22,50000,2649.826,2658.573,2783.455,43.913,-38.965,-49.508,10.543,2658.573,2749.782,2567.365
2021-12-15,2665.29,2677.49,2657.15,2669.36,54580,2651.454,2654.098,2777.433,45.47,-34.841,-46.575,11.733,2654.098,2732.461,2575.734
2021-12-16,2665.29,2681.56,2661.22,2669.36,83680,2660.406,2651.046,2772.062,45.47,-31.213,-43.502,12.289,2651.046,2721.227,2580.865
2021-12-17,2673.43,2681.56,2649.01,2657.15,99840,2662.034,2649.012,2765.633,43.375,-28.989,-40.6,11.611,2649.012,2715.756,2582.267
2021-12-20,2644.94,2653.08,2636.8,2640.87,49860,2659.592,2645.553,2759.692,40.683,-28.215,-38.123,9.908,2645.553,2705.835,2585.27
2021-12-21,2661.22,2661.22,2632.73,2640.87,56840,2655.522,2643.518,2753.751,40.683,-27.287,-35.955,8.669,2643.518,2701.382,2585.654
2021-12-22,2653.08,2661.22,2640.87,2653.08,55960,2652.266,2642.704,2748.298,43.721,-25.275,-33.819,8.545,2642.704,2699.485,2585.923
2021-12-23,2661.22,2661.22,2628.67,2628.67,50480,2644.128,2641.28,2743.253,39.379,-25.357,-32.127,6.77,2641.28,2697.964,2584.596
2021-12-24,2628.67,2632.73,2604.25,2624.6,51340,2637.618,2640.06,2737.637,38.689,-25.458,-30.793,5.335,2640.06,2697.093,2583.026
2021-12-27,2624.6,2624.6,2596.11,2604.25,69200,2630.294,2638.432,2732.103,35.353,-26.87,-30.008,3.139,2638.432,2697.672,2579.192
2021-12-28,2636.8,2677.49,2632.73,2677.49,104500,2637.618,2641.687,2727.057,51.544,-21.827,-28.372,6.545,2641.687,2702.046,2581.328
2021-12-29,2677.49,2693.77,2677.49,2689.7,64300,2644.942,2647.384,2722.907,53.63,-16.654,-26.029,9.375,2647.384,2702.855,2591.912
2021-12-30,2689.7,2693.77,2669.36,2677.49,48800,2654.706,2652.469,2718.349,51.254,-13.385,-23.5,10.115,2652.469,2698.069,2606.87
2022-01-04,2718.19,2718.19,2685.63,2718.19,68980,2673.424,2656.539,2715.013,57.941,-7.425,-20.285,12.86,2656.539,2710.085,2602.993
2022-01-05,2738.53,2754.81,2722.26,2750.74,91120,2702.722,2662.032,2712.49,62.385,-0.074,-16.243,16.169,2662.032,2729.535,2594.53
2022-01-06,2742.6,2742.6,2685.63,2693.77,114400,2705.978,2662.236,2709.153,52.024,1.142,-12.766,13.908,2662.236,2730.113,2594.359
2022-01-07,2705.98,2726.32,2689.7,2701.91,81880,2708.42,2664.27,2706.386,53.22,2.731,-9.666,12.397,2664.27,2734.421,2594.12
2022-01-11,2701.91,2714.12,2669.36,2693.77,63360,2711.676,2667.729,2703.049,51.829,3.295,-7.074,10.369,2667.729,2736.45,2599.008
2022-01-12,2726.32,2746.67,2710.05,2734.46,73380,2714.93,2672.002,2701.015,57.77,6.945,-4.27,11.216,2672.002,2746.227,2597.776
2022-01-13,2730.39,2730.39,2697.84,2697.84,63540,2704.35,2674.239,2698.085,51.602,6.805,-2.055,8.86,2674.239,2748.762,2599.717
2022-01-14,2714.12,2718.19,2697.84,2718.19,91700,2709.234,2677.088,2696.05,54.509,8.241,0.004,8.237,2677.088,2753.837,2600.339
2022-01-17,2710.05,2726.32,2701.91,2722.26,49760,2713.304,2679.733,2693.039,55.089,9.597,1.923,7.674,2679.733,2758.966,2600.5
2022-01-18,2758.88,2758.88,2701.91,2701.91,58240,2714.932,2681.36,2690.435,51.545,8.926,3.323,5.603,2681.36,2761.033,2601.688
2022-01-19,2685.63,2705.98,2669.36,2689.7,121880,2705.98,2682.988,2687.017,49.487,7.325,4.124,3.201,2682.988,2761.904,2604.072
2022-01-20,2685.63,2730.39,2677.49,2689.7,81300,2704.352,2685.429,2683.924,49.487,5.987,4.496,1.491,2685.429,2761.841,2609.018
2022-01-21,2693.77,2697.84,2669.36,2697.84,54100,2700.282,2688.278,2681.808,51.0,5.52,4.701,0.819,2688.278,2761.891,2614.665
2022-01-24,2685.63,2730.39,2681.56,2726.32,48520,2701.094,2691.94,2680.913,55.967,7.363,5.233,2.13,2691.94,2765.467,2618.413
2022-01-25,2730.39,2742.6,2710.05,2738.53,85960,2708.418,2697.433,2680.099,57.935,9.697,6.126,3.571,2697.433,2767.386,2627.48
2022-01-26,2746.67,2750.74,2726.32,2726.32,50420,2715.742,2702.519,2679.367,55.274,10.441,6.989,3.452,2702.519,2764.515,2640.523
2022-01-27,2730.39,2742.6,2689.7,2701.91,111640,2718.184,2707.402,2677.576,50.299,8.958,7.383,1.575,2707.402,2748.756,2666.048
2022-01-28,2738.53,2742.6,2722.26,2734.46,63120,2725.508,2710.25,2676.844,55.988,10.291,7.965,2.326,2710.25,2750.769,2669.732
2022-01-31,2726.32,2746.67,2718.19,2734.46,85420,2727.136,2712.489,2676.355,55.988,11.217,8.615,2.602,2712.489,2753.172,2671.805
2022-02-01,2734.46,2742.6,2705.98,2726.32,73240,2724.694,2714.93,2676.274,54.189,11.166,9.125,2.041,2714.93,2752.512,2677.348
2022-02-02,2714.12,2730.39,2677.49,2722.26,117280,2723.882,2715.134,2676.762,53.27,10.675,9.435,1.24,2715.134,2752.834,2677.433
2022-02-03,2722.26,2734.46,2705.98,2718.19,116900,2727.138,2713.506,2676.925,52.312,9.844,9.517,0.327,2713.506,2747.347,2679.665
2022-02-04,2730.39,2742.6,2710.05,2730.39,84780,2726.324,2715.337,2677.902,54.928,10.054,9.624,0.429,2715.337,2748.641,2682.033
2022-02-07,2705.98,2746.67,2693.77,2734.46,124040,2726.324,2716.964,2679.204,55.8,10.428,9.785,0.643,2716.964,2750.684,2683.245
2022-02-08,2685.63,2734.46,2685.63,2718.19,184500,2724.698,2718.186,2680.424,51.512,9.305,9.689,-0.384,2718.186,2750.088,2686.283
2022-02-09,2726.32,2738.53,2701.91,2714.12,132000,2723.07,2717.168,2681.727,50.468,7.994,9.35,-1.356,2717.168,2748.171,2686.166
2022-02-10,2734.46,2738.53,2718.19,2738.53,79760,2727.138,2719.203,2683.761,56.204,8.823,9.245,-0.421,2719.203,2750.205,2688.201
2022-02-14,2718.19,2758.88,2710.05,2750.74,111140,2731.208,2720.83,2686.528,58.776,10.346,9.465,0.881,2720.83,2754.877,2686.784
2022-02-15,2746.67,2783.29,2742.6,2779.22,71520,2740.16,2723.678,2690.597,64.075,13.694,10.311,3.383,2723.678,2766.601,2680.756
2022-02-16,2811.78,2828.05,2791.43,2828.05,87080,2762.132,2729.986,2695.643,70.966,20.055,12.26,7.796,2729.986,2792.182,2667.789
2022-02-17,2811.78,2819.91,2783.29,2791.43,54240,2777.594,2735.072,2698.735,61.447,21.89,14.186,7.704,2735.072,2799.977,2670.167
2022-02-18,2787.36,2811.78,2779.22,2799.57,49660,2789.802,2740.565,2701.909,62.646,23.727,16.094,7.633,2740.565,2807.856,2673.275
2022-02-21,2807.71,2815.85,2791.43,2803.64,44500,2800.382,2745.856,2704.188,63.262,25.221,17.919,7.301,2745.856,2815.594,2676.117
2022-02-22,2795.5,2811.78,2783.29,2807.71,54820,2806.08,2749.925,2707.118,63.902,26.428,19.621,6.807,2749.925,2824.214,2675.636
2022-02-24,2807.71,2815.85,2779.22,2803.64,87640,2801.198,2753.18,2710.699,62.725,26.748,21.046,5.702,2753.18,2830.99,2675.371
2022-02-25,2791.43,2799.57,2754.81,2762.95,89940,2795.502,2755.012,2712.978,52.339,23.448,21.527,1.922,2755.012,2831.878,2678.146
2022-02-28,2779.22,2815.85,2762.95,2811.78,136740,2797.944,2760.506,2716.152,60.74,24.491,22.12,2.371,2760.506,2837.096,2683.915
2022-03-01,2803.64,2828.05,2783.29,2787.36,90920,2794.688,2763.15,2718.674,55.474,23.081,22.312,0.769,2763.15,2839.607,2686.694
2022-03-02,2762.95,2783.29,2758.88,2762.95,87240,2785.736,2764.575,2720.546,50.738,19.766,21.803,-2.037,2764.575,2839.833,2689.317
2022-03-03,2787.36,2799.57,2771.09,2779.22,68080,2780.852,2767.22,2722.743,53.583,18.241,21.09,-2.849,2767.22,2840.51,2693.93
2022-03-04,2787.36,2799.57,2742.6,2742.6,139960,2776.782,2768.237,2724.452,47.005,13.917,19.656,-5.738,2768.237,2839.435,2697.039
2022-03-07,2734.46,2767.02,2726.32,2750.74,118280,2764.574,2769.864,2726.65,48.517,11.021,17.929,-6.908,2769.864,2837.652,2702.077
2022-03-08,2767.02,2791.43,2738.53,2746.67,148020,2756.436,2770.678,2728.766,47.783,8.301,16.003,-7.702,2770.678,2836.841,2704.516
2022-03-09,2726.32,2746.67,2697.84,2730.39,116760,2749.924,2770.475,2730.312,44.857,4.777,13.758,-8.981,2770.475,2837.13,2703.82
2022-03-10,2767.02,2791.43,2746.67,2787.36,102260,2751.552,2773.934,2733.486,55.195,6.506,12.307,-5.802,2773.934,2836.199,2711.668
2022-03-11,2767.02,2819.91,2758.88,2795.5,87560,2762.132,2778.002,2736.904,56.451,8.436,11.533,-3.097,2778.002,2834.146,2721.859
2022-03-14,2811.78,2823.98,2787.36,2811.78,72580,2774.34,2781.665,2741.054,58.932,11.15,11.456,-0.306,2781.665,2836.508,2726.822
2022-03-15,2828.05,2864.68,2828.05,2856.54,97940,2796.314,2786.955,2744.635,64.857,16.72,12.509,4.211,2786.955,2849.155,2724.755
2022-03-16,2864.67,2876.88,2836.19,2836.19,116260,2817.474,2789.804,2747.565,60.578,19.271,13.862,5.409,2789.804,2855.625,2723.982
2022-03-17,2844.33,2860.61,2819.92,2840.26,115300,2828.054,2790.414,2750.821,61.13,21.374,15.364,6.01,2790.414,2857.933,2722.895
2022-03-18,2819.91,2844.33,2811.78,2836.19,240760,2836.192,2792.652,2753.181,60.221,22.453,16.782,5.672,2792.652,2863.212,2722.092
2022-03-22,2832.12,2844.33,2799.57,2803.64,121540,2834.564,2792.856,2754.239,53.386,20.447,17.515,2.932,2792.856,2863.523,2722.188
2022-03-23,2840.26,2840.26,2815.85,2823.98,107640,2828.052,2793.872,2756.843,56.694,20.264,18.065,2.199,2793.872,2865.768,2721.977
2022-03-24,2807.71,2819.91,2779.22,2807.71,132620,2822.356,2793.872,2758.959,53.427,18.592,18.17,0.422,2793.872,2865.768,2721.977
2022-03-25,2807.71,2823.98,2787.36,2795.5,145940,2813.404,2793.466,2760.993,51.051,16.096,17.755,-1.659,2793.466,2865.22,2721.711
2022-03-28,2844.33,2844.33,2811.78,2828.05,171140,2811.776,2796.721,2762.865,56.594,16.554,17.515,-0.961,2796.721,2868.553,2724.888
2022-03-29,2815.85,2815.85,2791.43,2807.71,245060,2812.59,2796.517,2765.063,52.586,15.102,17.033,-1.931,2796.517,2868.193,2724.841
2022-03-30,2811.92,2816.13,2748.77,2774.03,170440,2802.6,2795.85,2766.179,46.69,11.105,15.847,-4.742,2795.85,2868.13,2723.571
2022-03-31,2774.03,2778.24,2731.94,2731.94,131000,2787.446,2794.3,2766.373,40.568,4.489,13.575,-9.086,2794.3,2870.761,2717.839
2022-04-01,2723.52,2748.77,2706.68,2736.15,104680,2775.576,2792.147,2767.058,41.396,-0.409,10.778,-11.188,2792.147,2872.712,2711.581
2022-04-04,2736.15,2782.45,2731.94,2778.24,86900,2765.614,2793.928,2768.829,49.038,-0.885,8.446,-9.331,2793.928,2871.396,2716.461
2022-04-05,2774.03,2774.03,2748.77,2761.4,78800,2756.352,2794.462,2770.263,46.429,-2.591,6.238,-8.829,2794.462,2870.817,2718.106
2022-04-06,2765.61,2774.03,2740.36,2740.36,96340,2749.618,2794.146,2771.113,43.328,-5.576,3.876,-9.452,2794.146,2871.38,2716.912
2022-04-07,2727.73,2757.19,2723.52,2740.36,84900,2751.302,2794.644,2771.394,43.328,-7.852,1.53,-9.382,2794.644,2870.257,2719.032
2022-04-08,2740.36,2757.19,2731.94,2757.19,74000,2755.51,2793.136,2771.767,46.635,-8.202,-0.416,-7.786,2793.136,2870.543,2715.729
2022-04-11,2769.82,2769.82,2736.15,2752.98,61060,2750.458,2791.01,2772.3,45.913,-8.719,-2.077,-6.642,2791.01,2870.453,2711.567
2022-04-12,2752.98,2774.03,2748.77,2757.19,74720,2749.616,2788.28,2773.406,46.8,-8.689,-3.4,-5.29,2788.28,2868.466,2708.095
2022-04-13,2752.98,2757.19,2727.73,2740.36,69000,2749.616,2782.472,2773.524,43.715,-9.909,-4.701,-5.208,2782.472,2858.565,2706.378
2022-04-14,2736.15,2752.98,2731.94,2752.98,52420,2752.14,2778.311,2773.894,46.559,-9.746,-5.71,-4.035,2778.311,2851.063,2705.559
2022-04-15,2752.98,2761.4,2723.52,2723.52,50200,2745.406,2772.474,2773.838,41.31,-11.856,-6.94,-4.917,2772.474,2842.997,2701.951
2022-04-18,2736.15,2736.15,2698.26,2719.31,76340,2738.672,2766.63,2773.779,40.606,-13.711,-8.294,-5.417,2766.63,2834.233,2699.027
2022-04-19,2715.1,2740.36,2715.1,2723.52,79140,2731.938,2762.624,2773.886,41.677,-14.672,-9.569,-5.102,2762.624,2830.487,2694.761
2022-04-20,2731.94,2774.03,2727.73,2765.61,89480,2736.988,2759.706,2774.59,51.16,-11.899,-10.035,-1.864,2759.706,2821.178,2698.233
2022-04-21,2782.45,2795.08,2765.61,2769.82,65700,2740.356,2757.811,2775.297,52.001,-9.256,-9.88,0.623,2757.811,2815.258,2700.364
2022-04-22,2736.15,2774.03,2731.94,2774.03,44340,2750.458,2756.738,2776.414,52.875,-6.744,-9.252,2.508,2756.738,2811.979,2701.496
2022-04-25,2723.52,2761.4,2723.52,2744.56,61460,2755.508,2752.563,2777.023,46.495,-7.05,-8.812,1.762,2752.563,2796.596,2708.53
2022-04-26,2757.19,2769.82,2731.94,2744.56,52200,2759.716,2749.406,2777.144,46.495,-7.209,-8.491,1.282,2749.406,2785.044,2713.767
2022-04-27,2706.68,2719.31,2643.54,2643.54,218320,2735.302,2742.881,2775.0,31.423,-15.31,-9.855,-5.455,2742.881,2800.524,2685.238
2022-04-28,2677.21,2757.19,2668.79,2757.19,113140,2732.776,2744.143,2774.559,50.761,-12.416,-10.367,-2.049,2744.143,2801.884,2686.403
2022-05-02,2736.15,2757.19,2731.94,2740.36,67320,2726.042,2744.354,2772.805,48.577,-11.351,-10.564,-0.787,2744.354,2802.002,2686.706
2022-05-06,2744.57,2774.03,2736.15,2765.61,94180,2730.252,2743.722,2772.289,51.92,-8.372,-10.125,1.754,2743.722,2800.07,2687.375
2022-05-09,2757.19,2757.19,2736.15,2736.15,61820,2728.57,2742.46,2771.02,47.999,-8.293,-9.759,1.466,2742.46,2798.268,2686.652
2022-05-10,2778.24,2786.66,2736.15,2778.24,120120,2755.51,2744.354,2770.512,53.412,-4.779,-8.763,3.984,2744.354,2802.389,2686.319
2022-05-11,2752.98,2795.08,2748.78,2782.45,94180,2760.562,2746.458,2770.007,53.929,-1.635,-7.337,5.702,2746.458,2806.887,2686.03
2022-05-12,2757.19,2795.08,2748.77,2765.61,75520,2765.612,2746.88,2769.247,51.47,-0.497,-5.969,5.472,2746.88,2807.738,2686.021
2022-05-13,2778.24,2837.17,2769.82,2828.75,108820,2778.24,2750.668,2770.563,59.015,5.437,-3.688,9.125,2750.668,2821.708,2679.628
2022-05-16,2820.34,2820.34,2765.61,2778.24,96020,2786.658,2751.721,2769.892,52.045,5.995,-1.751,7.747,2751.721,2823.783,2679.658
2022-05-17,2799.29,2811.92,2778.24,2774.03,52220,2785.816,2753.404,2769.625,51.499,6.028,-0.195,6.224,2753.404,2825.921,2680.887
2022-05-18,2774.03,2786.66,2757.19,2769.82,68900,2783.29,2754.246,2769.763,50.923,5.65,0.974,4.676,2754.246,2827.133,2681.359
2022-05-19,2698.26,2740.36,2698.26,2736.15,110940,2777.398,2754.878,2768.901,46.453,2.603,1.299,1.303,2754.878,2826.856,2682.899
2022-05-20,2723.52,2736.15,2710.89,2723.52,97680,2756.352,2755.088,2768.52,44.863,-0.822,0.875,-1.697,2755.088,2826.652,2683.524
2022-05-23,2765.61,2769.82,2736.15,2748.78,68440,2750.46,2756.351,2768.48,48.65,-1.48,0.404,-1.884,2756.351,2826.446,2686.256
2022-05-24,2748.78,2769.82,2744.57,2752.98,66600,2746.25,2755.72,2768.607,49.274,-1.644,-0.006,-1.639,2755.72,2825.691,2685.748
2022-05-25,2769.82,2778.24,2748.77,2761.4,74080,2744.566,2755.298,2769.227,50.571,-1.083,-0.221,-0.861,2755.298,2825.013,2685.584
2022-05-26,2774.03,2799.29,2774.03,2782.45,80120,2753.826,2755.72,2769.129,53.753,1.049,0.033,1.016,2755.72,2826.01,2685.429
2022-05-27,2782.45,2786.66,2748.77,2757.19,68760,2760.56,2756.351,2768.362,49.624,0.692,0.165,0.528,2756.351,2826.446,2686.256
2022-05-30,2765.61,2807.71,2765.61,2786.66,152640,2768.136,2758.456,2767.86,54.058,2.756,0.683,2.073,2758.456,2829.581,2687.331
2022-05-31,2782.45,2795.08,2685.63,2698.26,263060,2757.192,2761.192,2764.694,42.09,-2.711,0.004,-2.715,2761.192,2816.055,2706.329
2022-06-01,2731.94,2778.24,2723.52,2769.82,124460,2758.876,2761.824,2763.367,51.459,-1.254,-0.247,-1.007,2761.824,2816.784,2706.863
2022-06-02,2752.98,2757.19,2723.52,2740.36,101300,2750.458,2761.824,2761.369,48.015,-2.449,-0.688,-1.761,2761.824,2816.784,2706.863
2022-06-03,2748.77,2765.61,2740.36,2757.19,79660,2750.458,2761.402,2759.789,50.071,-2.015,-0.953,-1.061,2761.402,2816.369,2706.436
2022-06-06,2748.78,2790.87,2744.57,2790.87,68380,2751.3,2764.138,2759.534,53.992,1.036,-0.555,1.591,2764.138,2819.26,2709.017
2022-06-07,2778.24,2795.08,2761.4,2790.87,117340,2769.822,2764.77,2758.871,53.992,3.413,0.238,3.175,2764.77,2820.853,2708.687
2022-06-08,2799.29,2875.06,2799.29,2849.8,190820,2785.818,2768.138,2759.713,60.316,9.938,2.178,7.76,2768.138,2835.62,2700.655
2022-06-09,2858.22,2858.22,2820.34,2824.55,93660,2802.656,2771.084,2760.294,56.718,12.923,4.327,8.596,2771.084,2843.098,2699.071
2022-06-10,2824.55,2824.55,2778.24,2782.45,101640,2807.708,2768.77,2759.382,51.232,11.756,5.813,5.943,2768.77,2835.781,2701.758
2022-06-13,2778.24,2849.8,2774.03,2832.96,113440,2816.126,2771.506,2759.887,56.65,14.737,7.598,7.139,2771.506,2844.358,2698.653
2022-06-14,2790.87,2820.34,2790.87,2807.71,84360,2819.494,2773.19,2760.561,53.453,14.89,9.056,5.834,2773.19,2847.823,2698.556
2022-06-15,2803.5,2807.71,2786.66,2786.66,107360,2806.866,2774.032,2761.655,50.875,13.161,9.877,3.284,2774.032,2848.885,2699.178
2022-06-16,2795.08,2837.17,2795.08,2832.96,116700,2808.548,2778.872,2763.591,55.911,15.35,10.972,4.378,2778.872,2855.9,2701.844
2022-06-17,2803.5,2862.43,2799.29,2854.01,165660,2822.86,2785.397,2765.107,58.019,18.569,12.491,6.078,2785.397,2864.754,2706.039
2022-06-20,2854.01,2866.64,2832.96,2837.17,73980,2823.702,2789.816,2766.622,55.724,19.537,13.9,5.636,2789.816,2870.423,2709.209
2022-06-21,2862.43,2866.64,2828.75,2837.17,88860,2829.594,2794.026,2768.558,55.724,20.072,15.135,4.937,2794.026,2875.323,2712.728
2022-06-22,2837.17,2862.43,2820.34,2849.8,150660,2842.222,2798.446,2770.747,57.196,21.27,16.362,4.908,2798.446,2881.859,2715.032
2022-06-23,2862.43,2883.48,2849.8,2883.48,120840,2852.326,2803.497,2773.273,60.928,24.653,18.02,6.633,2803.497,2894.705,2712.289
2022-06-24,2891.9,2891.9,2875.06,2879.27,88620,2857.378,2809.601,2775.799,60.221,26.687,19.753,6.933,2809.601,2904.043,2715.159
2022-06-27,2896.11,2896.11,2854.01,2870.85,53840,2864.114,2813.81,2778.072,58.753,27.304,21.263,6.041,2813.81,2911.4,2716.221
2022-06-28,2870.85,2917.15,2854.01,2917.15,106680,2880.11,2824.755,2781.608,63.956,31.17,23.245,7.925,2824.755,2916.715,2732.795
2022-06-29,2917.15,2917.15,2887.69,2908.73,155900,2891.896,2831.7,2784.723,62.414,33.172,25.23,7.942,2831.7,2927.109,2736.292
2022-06-30,2904.53,2933.99,2900.32,2908.73,110920,2896.946,2840.119,2788.427,62.414,34.363,27.057,7.306,2840.119,2931.207,2749.031
2022-07-01,2929.78,2933.99,2887.69,2900.32,78200,2901.156,2847.276,2792.047,60.719,34.233,28.492,5.741,2847.276,2933.279,2761.272
2022-07-04,2929.78,2929.78,2904.52,2925.57,84020,2912.1,2854.01,2796.088,63.891,35.756,29.945,5.811,2854.01,2942.477,2765.544
2022-07-05,2921.36,2929.78,2896.11,2917.15,83040,2912.1,2860.324,2799.119,62.09,35.869,31.13,4.74,2860.324,2947.837,2772.812
2022-07-06,2908.73,2921.36,2896.11,2917.15,83180,2913.784,2863.692,2802.066,62.09,35.55,32.014,3.536,2863.692,2954.616,2772.768
2022-07-07,2925.57,2929.78,2908.73,2925.57,86740,2917.152,2868.743,2805.096,63.29,35.566,32.724,2.842,2868.743,2961.712,2775.774
2022-07-08,2921.36,2925.57,2870.85,2904.52,119260,2917.992,2874.846,2808.296,58.32,33.494,32.878,0.616,2874.846,2959.63,2790.063
2022-07-11,2921.36,2942.41,2912.94,2942.41,100940,2921.36,2880.319,2812.253,63.826,34.512,33.205,1.307,2880.319,2967.805,2792.833
2022-07-12,2921.36,2921.36,2891.9,2896.11,71860,2917.152,2884.739,2817.304,54.374,31.222,32.808,-1.586,2884.739,2965.449,2804.029
2022-07-13,2912.94,2912.94,2879.27,2883.48,68620,2910.418,2889.58,2819.83,52.107,27.281,31.703,-4.421,2889.58,2955.841,2823.319
2022-07-14,2896.11,2896.11,2866.64,2883.48,54240,2902.0,2892.106,2822.692,52.107,23.883,30.139,-6.256,2892.106,2952.906,2831.306
2022-07-15,2904.53,2904.53,2866.64,2870.85,58800,2895.266,2892.948,2824.797,49.704,19.941,28.099,-8.158,2892.948,2951.967,2833.929
2022-07-19,2875.06,2875.06,2811.92,2845.59,78800,2875.902,2893.369,2826.986,45.213,14.61,25.402,-10.791,2893.369,2950.812,2835.926
2022-07-20,2862.43,2870.85,2841.38,2862.43,106440,2869.166,2894.632,2828.67,48.55,11.611,22.643,-11.033,2894.632,2947.825,2841.439
2022-07-21,2837.17,2879.27,2828.75,2870.85,65900,2866.64,2895.684,2830.438,50.185,9.8,20.075,-10.275,2895.684,2945.892,2845.477
2022-07-22,2870.85,2875.06,2858.22,2862.43,62100,2862.43,2894.632,2832.374,48.525,7.598,17.579,-9.982,2894.632,2946.763,2842.501
2022-07-25,2866.64,2887.69,2862.43,2875.06,68720,2863.272,2894.422,2833.3,51.135,6.793,15.422,-8.629,2894.422,2946.846,2841.997
2022-07-26,2870.85,2896.11,2854.01,2862.43,81420,2866.64,2894.0,2834.984,48.487,5.078,13.353,-8.275,2894.0,2947.35,2840.651
2022-07-27,2866.64,2870.85,2837.17,2837.17,51580,2861.588,2890.002,2836.247,43.621,1.661,11.015,-9.353,2890.002,2947.845,2832.158
2022-07-28,2841.38,2841.38,2811.92,2837.17,96920,2854.852,2886.424,2837.594,43.621,-1.034,8.605,-9.639,2886.424,2948.114,2824.733
2022-07-29,2837.17,2837.17,2803.5,2803.5,66980,2843.066,2881.162,2838.941,37.763,-5.821,5.72,-11.541,2881.162,2952.099,2810.225
2022-08-01,2816.13,2841.38,2811.92,2828.75,66120,2833.804,2877.583,2841.045,43.853,-7.49,3.078,-10.568,2877.583,2951.605,2803.562
2022-08-02,2811.92,2820.34,2782.45,2803.5,104280,2822.018,2871.48,2842.14,39.672,-10.727,0.317,-11.044,2871.48,2948.895,2794.065
2022-08-03,2799.29,2803.5,2774.03,2799.29,89000,2814.442,2865.587,2843.066,39.004,-13.476,-2.442,-11.035,2865.587,2946.24,2784.934
2022-08-04,2832.96,2832.96,2774.03,2774.03,65920,2801.814,2858.431,2843.319,35.179,-17.492,-5.452,-12.04,2858.431,2945.0,2771.862
2022-08-05,2774.03,2816.13,2774.03,2816.13,97180,2804.34,2852.959,2843.992,44.882,-17.08,-7.778,-9.303,2852.959,2935.396,2770.522
2022-08-08,2816.13,2824.55,2799.29,2803.5,71180,2799.29,2847.908,2844.918,42.812,-17.571,-9.736,-7.835,2847.908,2929.418,2766.398
2022-08-09,2795.08,2816.13,2769.82,2778.24,71660,2794.238,2839.699,2844.75,38.942,-19.77,-11.743,-8.027,2839.699,2913.874,2765.525
2022-08-10,2778.24,2807.71,2769.82,2807.71,63920,2795.922,2835.28,2846.939,45.168,-18.917,-13.178,-5.739,2835.28,2905.743,2764.816
2022-08-12,2832.96,2837.17,2811.92,2820.34,84280,2805.184,2832.122,2847.949,47.633,-17.025,-13.947,-3.078,2832.122,2899.062,2765.183
2022-08-15,2811.92,2824.55,2803.5,2816.13,53160,2805.184,2828.755,2849.465,46.877,-15.685,-14.295,-1.39,2828.755,2891.459,2766.051
2022-08-16,2832.96,2854.01,2824.55,2849.8,88340,2814.444,2827.702,2851.317,53.268,-11.77,-13.79,2.02,2827.702,2888.095,2767.31
2022-08-17,2849.8,2866.64,2837.17,2858.22,101760,2830.44,2828.334,2852.664,54.735,-7.897,-12.611,4.714,2828.334,2889.77,2766.898
2022-08-18,2832.96,2849.8,2816.13,2816.13,84720,2832.124,2826.019,2853.169,46.824,-8.13,-11.715,3.585,2826.019,2885.503,2766.535
2022-08-19,2837.17,2875.06,2832.96,2854.01,113380,2838.858,2825.177,2853.253,53.357,-5.199,-10.412,5.213,2825.177,2882.424,2767.93
2022-08-22,2854.01,2866.64,2841.38,2858.22,61000,2847.276,2824.966,2853.927,54.033,-2.507,-8.831,6.324,2824.966,2881.665,2768.268
2022-08-23,2845.59,2866.64,2845.59,2858.22,71460,2848.96,2824.124,2855.442,54.033,-0.369,-7.138,6.769,2824.124,2878.127,2770.122
2022-08-24,2862.43,2862.43,2841.38,2849.8,49320,2847.276,2823.493,2855.779,52.276,0.638,-5.583,6.221,2823.493,2875.88,2771.106
2022-08-25,2845.59,2858.22,2841.38,2841.38,44540,2852.326,2823.704,2856.452,50.507,0.748,-4.317,5.065,2823.704,2876.355,2771.052
2022-08-26,2862.43,2866.64,2837.17,2837.17,55500,2848.958,2823.704,2857.463,49.603,0.49,-3.355,3.846,2823.704,2876.355,2771.052
2022-08-29,2816.13,2849.8,2807.71,2841.38,65220,2845.59,2825.598,2857.631,50.556,0.619,-2.561,3.179,2825.598,2877.914,2773.281
2022-08-30,2845.59,2849.8,2832.96,2841.38,45180,2842.222,2826.229,2857.378,50.556,0.712,-1.906,2.618,2826.229,2879.008,2773.45
2022-08-31,2811.92,2849.8,2811.92,2837.17,85820,2839.696,2827.912,2857.378,49.471,0.441,-1.437,1.878,2827.912,2879.779,2776.046
2022-09-01,2820.34,2837.17,2807.71,2811.92,80820,2833.804,2828.544,2856.873,43.449,-1.79,-1.507,-0.283,2828.544,2879.238,2777.85
2022-09-02,2828.75,2828.75,2807.71,2811.92,58460,2828.754,2830.438,2856.116,43.449,-3.518,-1.91,-1.609,2830.438,2875.017,2785.86
2022-09-05,2811.92,2811.92,2774.03,2799.29,78500,2820.336,2829.596,2854.432,40.584,-5.839,-2.696,-3.144,2829.596,2875.915,2783.278
2022-09-06,2803.5,2816.13,2786.66,2786.66,74120,2809.392,2828.754,2852.58,37.892,-8.599,-3.876,-4.723,2828.754,2877.614,2779.895
2022-09-07,2778.24,2782.45,2748.77,2757.19,86040,2793.396,2827.702,2850.307,32.479,-13.014,-5.704,-7.31,2827.702,2881.772,2773.632
2022-09-08,2786.66,2799.29,2782.45,2799.29,108280,2790.87,2827.281,2847.949,44.644,-12.966,-7.156,-5.81,2827.281,2882.132,2772.43
2022-09-09,2778.24,2807.71,2778.24,2799.29,85860,2788.344,2826.228,2845.761,44.644,-12.781,-8.281,-4.5,2826.228,2882.431,2770.026
2022-09-12,2811.92,2811.92,2786.66,2786.66,42800,2785.818,2824.755,2843.319,42.011,-13.498,-9.325,-4.173,2824.755,2883.558,2765.952
2022-09-13,2786.66,2820.34,2786.66,2820.34,67200,2792.554,2823.282,2841.72,50.411,-11.219,-9.703,-1.516,2823.282,2880.907,2765.657
2022-09-14,2778.24,2795.08,2765.61,2769.82,94040,2795.08,2818.862,2838.605,40.852,-13.336,-10.43,-2.906,2818.862,2878.721,2759.003
2022-09-15,2774.03,2782.45,2761.4,2778.24,78680,2790.87,2816.967,2835.826,42.799,-14.171,-11.178,-2.992,2816.967,2879.528,2754.407
2022-09-16,2769.82,2803.5,2765.61,2799.29,98040,2790.87,2814.232,2833.469,47.455,-12.984,-11.539,-1.445,2814.232,2874.723,2753.74
2022-09-20,2811.92,2820.34,2795.08,2816.13,72760,2796.764,2812.127,2831.28,50.899,-10.563,-11.344,0.781,2812.127,2868.995,2755.259
2022-09-21,2807.71,2807.71,2786.66,2799.29,77340,2792.554,2809.18,2829.176,47.543,-9.889,-11.053,1.164,2809.18,2861.952,2756.409
2022-09-22,2786.66,2803.5,2786.66,2790.87,51320,2796.764,2806.234,2826.145,45.913,-9.92,-10.826,0.906,2806.234,2855.948,2756.52
2022-09-26,2778.24,2790.87,2761.4,2761.4,84620,2793.396,2802.235,2823.451,40.66,-12.182,-11.097,-1.085,2802.235,2852.904,2751.566
2022-09-27,2761.4,2790.87,2761.4,2778.24,97080,2789.186,2799.288,2821.346,44.563,-12.472,-11.372,-1.1,2799.288,2848.228,2750.349
2022-09-28,2765.61,2782.45,2757.19,2782.45,75080,2782.45,2796.342,2819.325,45.528,-12.222,-11.542,-0.679,2796.342,2841.566,2751.118
2022-09-29,2803.5,2820.34,2774.03,2816.13,88260,2785.818,2795.08,2818.231,52.631,-9.199,-11.074,1.874,2795.08,2836.236,2753.923
2022-09-30,2820.34,2841.38,2799.29,2803.5,80920,2788.344,2793.396,2817.389,49.998,-7.734,-10.406,2.672,2793.396,2829.781,2757.011
2022-10-03,2807.71,2811.92,2757.19,2774.03,90740,2790.87,2791.502,2815.621,44.415,-8.849,-10.094,1.246,2791.502,2827.771,2755.232
2022-10-04,2807.71,2845.59,2807.71,2841.38,97920,2803.498,2792.974,2815.032,56.398,-4.249,-8.925,4.677,2792.974,2834.716,2751.233
2022-10-05,2845.59,2849.8,2824.55,2828.75,88880,2812.758,2794.447,2814.358,54.045,-1.604,-7.461,5.857,2794.447,2839.105,2749.79
2022-10-06,2828.75,2849.8,2820.34,2828.75,75360,2815.282,2796.552,2813.432,54.045,0.487,-5.871,6.358,2796.552,2843.569,2749.535
2022-10-07,2799.29,2828.75,2790.87,2816.13,74420,2817.808,2799.499,2812.506,51.552,1.113,-4.475,5.587,2799.499,2843.414,2755.584
2022-10-11,2820.34,2837.17,2795.08,2807.71,87900,2824.544,2799.92,2811.917,49.899,0.918,-3.396,4.314,2799.92,2843.988,2755.852
2022-10-12,2803.5,2828.75,2799.29,2816.13,69040,2819.494,2800.762,2811.496,51.572,1.427,-2.431,3.859,2800.762,2845.419,2756.105
2022-10-13,2803.5,2824.55,2799.29,2807.71,61300,2815.286,2801.814,2811.58,49.782,1.138,-1.717,2.856,2801.814,2846.062,2757.567
2022-10-14,2841.38,2875.06,2824.55,2858.22,110260,2821.18,2803.708,2812.17,58.979,4.928,-0.388,5.316,2803.708,2854.11,2753.307
2022-10-17,2858.22,2862.43,2824.55,2824.55,43140,2822.864,2806.445,2812.591,52.126,5.155,0.72,4.435,2806.445,2855.009,2757.881
2022-10-18,2845.59,2858.22,2820.34,2820.34,71680,2825.39,2808.55,2813.012,51.323,4.939,1.564,3.375,2808.55,2855.592,2761.508
2022-10-19,2820.34,2866.64,2820.34,2849.8,57520,2832.124,2811.076,2814.527,56.386,7.063,2.664,4.399,2811.076,2861.337,2760.814
2022-10-20,2837.17,2854.01,2820.34,2824.55,54320,2835.492,2811.496,2814.695,51.447,6.632,3.457,3.175,2811.496,2862.077,2760.916
2022-10-21,2820.34,2828.75,2807.71,2820.34,47660,2827.916,2812.549,2815.032,50.65,5.883,3.943,1.941,2812.549,2862.935,2762.163
2022-10-24,2820.34,2824.54,2769.82,2774.03,73500,2817.812,2811.707,2814.948,42.798,1.535,3.461,-1.926,2811.707,2864.14,2759.274
2022-10-25,2778.24,2803.5,2778.24,2799.29,57160,2813.602,2813.602,2814.78,47.572,0.126,2.794,-2.668,2813.602,2860.864,2766.339
2022-10-26,2807.71,2828.75,2803.5,2820.34,48260,2807.71,2815.706,2814.78,51.225,0.7,2.375,-1.675,2815.706,2859.994,2771.419
2022-10-27,2811.92,2811.92,2786.66,2786.66,59080,2800.132,2815.917,2814.19,45.734,-1.545,1.591,-3.136,2815.917,2859.575,2772.259
2022-10-28,2782.45,2807.71,2765.61,2795.08,269640,2795.08,2814.864,2813.096,47.257,-2.614,0.75,-3.365,2814.864,2859.505,2770.224
2022-10-31,2811.92,2824.55,2799.29,2799.29,86880,2800.132,2814.654,2811.917,48.041,-3.087,-0.017,-3.07,2814.654,2859.559,2769.749
2022-11-01,2811.92,2816.13,2786.66,2799.29,66600,2800.132,2815.917,2811.58,48.041,-3.422,-0.698,-2.724,2815.917,2857.293,2774.541
2022-11-02,2795.08,2832.96,2795.08,2832.96,120280,2802.656,2815.496,2811.159,54.343,-0.959,-0.75,-0.209,2815.496,2855.942,2775.05
2022-11-04,2811.92,2816.13,2782.45,2795.08,88240,2804.34,2813.812,2809.897,47.381,-2.041,-1.008,-1.032,2813.812,2854.736,2772.889
2022-11-07,2807.71,2816.13,2790.87,2807.71,73380,2806.866,2812.76,2808.886,49.695,-1.857,-1.178,-0.679,2812.76,2853.145,2772.376
2022-11-08,2807.71,2891.9,2795.08,2883.48,171360,2823.704,2816.128,2809.56,60.825,4.352,-0.072,4.424,2816.128,2867.447,2764.809
2022-11-09,2799.29,2862.43,2795.08,2862.43,90960,2836.332,2818.864,2809.981,57.049,7.488,1.44,6.048,2818.864,2873.987,2763.741
2022-11-10,2854.01,2883.48,2841.38,2879.27,74160,2845.594,2822.021,2810.823,59.23,11.203,3.392,7.81,2822.021,2883.366,2760.676
2022-11-11,2904.53,2912.94,2849.8,2862.43,83300,2859.064,2824.757,2811.244,56.159,12.642,5.242,7.4,2824.757,2888.258,2761.256
2022-11-14,2837.17,2854.01,2811.92,2820.34,107200,2861.59,2822.863,2810.823,49.282,10.268,6.248,4.021,2822.863,2884.39,2761.336
2022-11-15,2820.34,2845.59,2799.29,2803.5,121820,2845.594,2821.811,2810.15,46.812,6.948,6.388,0.561,2821.811,2883.934,2759.687
2022-11-16,2803.5,2824.55,2799.29,2811.92,104680,2835.492,2821.39,2810.15,48.209,4.939,6.098,-1.159,2821.39,2883.669,2759.11
2022-11-17,2820.34,2837.17,2811.92,2837.17,113780,2827.072,2820.758,2810.655,52.261,5.324,5.943,-0.62,2820.758,2882.073,2759.443
2022-11-18,2849.8,2862.43,2841.38,2858.22,63680,2826.23,2822.442,2811.833,55.394,7.243,6.203,1.04,2822.442,2886.003,2758.88
2022-11-21,2858.22,2866.64,2837.17,2858.22,71360,2833.806,2824.336,2813.265,55.394,8.664,6.695,1.969,2824.336,2889.86,2758.811
2022-11-22,2870.85,2921.36,2870.85,2917.15,107240,2856.536,2831.492,2816.464,63.228,14.38,8.232,6.148,2831.492,2904.694,2758.289
2022-11-24,2917.15,2929.78,2912.94,2917.15,70180,2877.582,2837.384,2818.821,63.228,18.694,10.325,8.37,2837.384,2918.248,2756.521
2022-11-25,2925.57,2946.62,2921.36,2933.99,50160,2896.946,2843.067,2821.515,65.251,23.205,12.901,10.304,2843.067,2934.207,2751.927
2022-11-28,2938.2,2938.2,2904.52,2904.52,55400,2906.206,2848.96,2823.872,59.122,24.123,15.145,8.978,2848.96,2939.985,2757.935
2022-11-29,2896.11,2904.52,2887.69,2896.11,81800,2913.784,2854.012,2825.388,57.463,23.897,16.896,7.002,2854.012,2943.649,2764.374
2022-11-30,2883.48,2917.15,2875.06,2879.27,92200,2906.208,2858.01,2827.577,54.185,22.104,17.937,4.167,2858.01,2944.448,2771.573
2022-12-01,2858.22,2883.48,2845.59,2866.64,66820,2896.106,2861.378,2829.345,51.798,19.44,18.238,1.202,2861.378,2943.314,2779.442
2022-12-02,2845.59,2849.8,2811.92,2832.96,128400,2875.9,2861.378,2830.018,45.981,14.445,17.479,-3.035,2861.378,2943.314,2779.442
2022-12-05,2837.17,2837.17,2816.13,2837.17,75940,2862.43,2863.482,2830.439,46.785,10.702,16.124,-5.422,2863.482,2940.247,2786.718
2022-12-06,2837.17,2891.9,2832.96,2891.9,110400,2861.588,2867.692,2832.291,55.966,12.014,15.302,-3.288,2867.692,2940.722,2794.662
2022-12-07,2883.48,2891.9,2866.64,2883.48,77000,2862.43,2867.692,2834.143,54.411,12.233,14.688,-2.455,2867.692,2940.722,2794.662
2022-12-08,2891.9,2904.52,2879.27,2896.11,81020,2868.324,2869.376,2836.837,56.369,13.273,14.405,-1.132,2869.376,2943.441,2795.311
2022-12-09,2870.85,2887.69,2866.64,2875.06,108540,2876.744,2869.166,2838.774,52.334,12.257,13.975,-1.719,2869.166,2943.136,2795.195
2022-12-12,2875.06,2879.27,2849.8,2849.8,97940,2879.27,2868.534,2840.121,47.902,9.306,13.042,-3.735,2868.534,2942.961,2794.107
2022-12-13,2883.48,2908.73,2875.06,2891.9,77340,2879.27,2872.112,2841.636,54.776,10.247,12.483,-2.236,2872.112,2943.606,2800.618
2022-12-14,2896.11,2908.73,2883.48,2900.32,51500,2882.638,2876.953,2843.573,56.026,11.539,12.294,-0.755,2876.953,2941.677,2812.229
2022-12-15,2900.32,2912.94,2879.27,2883.48,51300,2880.112,2880.531,2845.762,52.878,11.076,12.05,-0.974,2880.531,2937.574,2823.488
2022-12-16,2870.85,2896.11,2870.85,2891.9,137280,2883.48,2883.268,2846.772,54.262,11.259,11.892,-0.633,2883.268,2936.688,2829.847
2022-12-19,2887.69,2900.32,2875.06,2887.69,61460,2891.058,2884.741,2847.951,53.417,10.938,11.701,-0.763,2884.741,2936.862,2832.62
2022-12-20,2904.53,2904.53,2862.43,2891.9,73100,2891.058,2886.425,2849.214,54.185,10.898,11.541,-0.643,2886.425,2937.095,2835.755
2022-12-21,2883.48,2908.73,2879.27,2904.52,74980,2891.898,2885.794,2850.982,56.5,11.749,11.582,0.167,2885.794,2935.149,2836.438
2022-12-22,2908.73,2946.62,2896.11,2942.41,79740,2903.684,2887.056,2853.676,62.608,15.305,12.327,2.978,2887.056,2940.881,2833.232
2022-12-23,2938.2,2955.04,2921.36,2929.78,71520,2911.26,2886.846,2855.949,59.604,16.908,13.243,3.665,2886.846,2939.925,2833.767
2022-12-26,2946.62,2955.04,2921.36,2950.83,38900,2923.888,2889.162,2858.811,62.807,19.651,14.525,5.126,2889.162,2949.086,2829.237
2022-12-27,2959.25,2980.3,2955.04,2980.3,56100,2941.568,2893.371,2861.253,66.779,23.927,16.405,7.522,2893.371,2965.861,2820.881
2022-12-28,2984.5,2984.5,2971.88,2980.3,47160,2956.724,2898.422,2864.368,66.779,27.005,18.525,8.48,2898.422,2980.254,2816.591
2022-12-29,2971.88,2971.88,2942.41,2967.67,58560,2961.776,2903.474,2867.314,63.413,28.1,20.44,7.66,2903.474,2989.415,2817.533
2022-12-30,2963.46,2976.09,2950.83,2950.83,41080,2965.986,2909.368,2869.335,59.133,27.295,21.811,5.484,2909.368,2991.006,2827.729
2023-01-04,2946.62,2946.62,2917.15,2921.36,60600,2960.092,2913.577,2871.271,52.46,24.003,22.25,1.753,2913.577,2987.895,2839.259
2023-01-05,2904.53,2904.53,2887.69,2900.32,65060,2944.096,2913.998,2872.871,48.272,19.471,21.694,-2.223,2913.998,2987.894,2840.102
2023-01-06,2900.32,2912.94,2879.27,2879.27,69720,2923.89,2913.788,2874.975,44.449,14.02,20.159,-6.139,2913.788,2988.072,2839.503
2023-01-10,2879.27,2900.32,2858.22,2858.22,85000,2902.0,2911.893,2876.154,40.956,7.909,17.709,-9.8,2911.893,2989.914,2833.872
2023-01-11,2870.85,2887.69,2862.43,2862.43,61820,2884.32,2911.262,2876.996,41.938,3.368,14.841,-11.473,2911.262,2990.729,2831.794
2023-01-12,2845.59,2866.64,2832.96,2862.43,133780,2872.534,2911.893,2878.511,41.938,-0.228,11.827,-12.055,2911.893,2989.483,2834.303
2023-01-13,2849.8,2879.27,2845.59,2854.01,89580,2863.272,2909.998,2879.69,40.379,-3.715,8.719,-12.434,2909.998,2991.4,2828.597
2023-01-16,2841.38,2887.69,2841.38,2862.43,64920,2859.904,2908.104,2880.953,42.674,-5.733,5.828,-11.561,2908.104,2992.174,2824.034
2023-01-17,2875.06,2883.48,2870.85,2879.27,43280,2864.114,2907.894,2882.552,47.063,-5.905,3.481,-9.387,2907.894,2992.244,2823.543
2023-01-18,2887.69,2933.99,2887.69,2917.15,107020,2875.058,2909.156,2884.236,55.345,-2.951,2.195,-5.146,2909.156,2993.254,2825.058
2023-01-19,2908.73,2925.57,2904.52,2912.94,34100,2885.16,2910.418,2886.593,54.328,-0.939,1.568,-2.507,2910.418,2993.916,2826.921
2023-01-20,2925.57,2955.04,2921.36,2929.78,56440,2900.314,2912.312,2889.035,57.679,1.992,1.653,0.339,2912.312,2995.759,2828.866
2023-01-23,2938.2,2950.83,2933.99,2942.41,47980,2916.31,2914.207,2890.213,60.047,5.273,2.377,2.896,2914.207,2998.624,2829.79
2023-01-24,2950.83,2967.67,2942.41,2942.41,86140,2928.938,2914.207,2891.813,60.047,7.783,3.458,4.325,2914.207,2998.624,2829.79
2023-01-25,2946.62,2976.09,2946.62,2967.67,58920,2939.042,2916.101,2893.581,64.636,11.676,5.102,6.575,2916.101,3003.633,2828.57
2023-01-26,2967.67,2976.09,2955.04,2963.46,38580,2949.146,2916.733,2895.601,63.33,14.258,6.933,7.325,2916.733,3005.493,2827.973
2023-01-27,2963.46,2971.88,2946.62,2946.62,54280,2952.514,2915.049,2898.127,58.261,14.774,8.501,6.273,2915.049,2999.924,2830.174
2023-01-30,2942.41,2984.5,2925.57,2984.5,101000,2960.932,2915.259,2901.747,65.04,18.032,10.407,7.625,2915.259,3000.832,2829.686
2023-01-31,2988.71,3005.55,2976.09,3001.34,81800,2972.718,2916.942,2905.535,67.562,21.723,12.67,9.052,2916.942,3008.005,2825.88
2023-02-01,2992.92,3001.34,2950.83,2959.25,85760,2971.034,2917.364,2907.977,56.575,21.009,14.338,6.671,2917.364,3009.161,2825.566
2023-02-02,2955.04,2963.46,2929.78,2942.41,78300,2966.824,2918.416,2909.661,52.871,18.867,15.244,3.623,2918.416,3010.887,2825.945
2023-02-03,2929.78,2938.2,2904.52,2912.94,95320,2960.088,2919.047,2910.755,47.063,14.623,15.12,-0.497,2919.047,3011.169,2826.925
2023-02-06,2942.41,2971.88,2908.73,2967.67,138440,2956.722,2923.467,2911.766,56.598,15.497,15.195,0.302,2923.467,3016.035,2830.899
2023-02-07,2971.88,2980.3,2946.62,2955.04,67640,2947.462,2928.308,2912.523,54.173,14.998,15.156,-0.158,2928.308,3016.534,2840.082
2023-02-08,2959.25,2980.3,2959.25,2976.09,56160,2950.83,2933.991,2913.365,57.446,16.115,15.348,0.767,2933.991,3018.931,2849.051
2023-02-09,2963.46,2976.09,2959.25,2967.67,46100,2955.882,2939.253,2914.628,55.731,16.135,15.505,0.63,2939.253,3018.367,2860.139
2023-02-10,2959.25,2984.5,2959.25,2967.67,52320,2966.828,2944.936,2916.06,55.731,15.967,15.597,0.369,2944.936,3013.952,2875.92
2023-02-13,2988.71,3009.76,2980.3,3001.34,65780,2973.562,2951.882,2918.501,61.114,18.339,16.146,2.193,2951.882,3013.499,2890.264
2023-02-14,3013.97,3077.11,3013.97,3060.27,100180,2994.608,2960.932,2922.374,68.363,24.689,17.854,6.835,2960.932,3030.323,2891.54
2023-02-15,3056.07,3064.48,3009.76,3018.18,75440,3003.026,2965.983,2926.078,59.789,26.026,19.489,6.537,2965.983,3036.653,2895.313
2023-02-16,3009.76,3030.81,2992.92,2992.92,63740,3008.076,2969.982,2929.193,55.306,24.761,20.543,4.218,2969.982,3036.969,2902.995
2023-02-17,2988.71,3030.81,2984.5,3018.18,69900,3018.178,2974.402,2931.719,58.646,25.503,21.535,3.968,2974.402,3041.884,2906.92
2023-02-20,3030.81,3039.23,3009.76,3013.97,52940,3020.704,2977.98,2934.328,57.87,25.458,22.32,3.139,2977.98,3045.907,2910.053
2023-02-21,3013.97,3035.02,3009.76,3026.6,45700,3013.97,2982.19,2936.938,59.597,26.141,23.084,3.056,2982.19,3051.26,2913.119
2023-02-22,3018.18,3035.02,3001.34,3013.97,62520,3013.128,2984.504,2939.716,57.077,25.37,23.541,1.828,2984.504,3054.622,2914.387
2023-02-24,3013.97,3047.65,3013.97,3030.81,76380,3020.706,2987.872,2943.337,59.534,25.82,23.997,1.823,2987.872,3060.169,2915.575
2023-02-27,3018.18,3056.07,3018.18,3047.65,58080,3026.6,2992.924,2946.452,61.884,27.222,24.642,2.58,2992.924,3067.176,2918.671
2023-02-28,3043.44,3051.86,3001.34,3005.55,127820,3024.916,2993.976,2948.556,53.517,24.651,24.644,0.008,2993.976,3068.323,2919.629
2023-03-01,3001.34,3013.97,2997.13,3009.76,72100,3021.548,2994.397,2951.082,54.184,22.692,24.253,-1.561,2994.397,3069.014,2919.78
2023-03-02,3026.6,3043.44,3018.18,3018.18,90400,3022.39,2997.344,2953.607,55.558,21.571,23.717,-2.146,2997.344,3070.761,2923.926
2023-03-03,3039.23,3060.27,3026.6,3043.44,93240,3024.916,3002.395,2956.722,59.483,22.461,23.466,-1.005,3002.395,3073.773,2931.017
2023-03-06,3043.44,3060.27,3035.02,3056.07,86100,3026.6,3009.552,2960.006,61.322,23.91,23.555,0.356,3009.552,3071.204,2947.899
2023-03-07,3064.48,3072.9,3047.65,3047.65,80480,3035.02,3013.551,2962.868,59.386,24.102,23.664,0.438,3013.551,3074.131,2952.97
2023-03-08,3056.07,3089.74,3056.07,3085.53,90660,3050.174,3020.075,2965.731,64.773,26.999,24.331,2.668,3020.075,3082.21,2957.94
2023-03-09,3081.32,3123.42,3081.32,3119.21,100120,3070.38,3027.231,2969.519,68.743,31.647,25.794,5.853,3027.231,3100.079,2954.383
2023-03-10,3102.37,3110.79,3081.32,3085.53,93520,3078.798,3033.124,2972.213,61.303,32.242,27.084,5.158,3033.124,3104.743,2961.505
2023-03-13,3068.69,3068.69,3039.23,3060.27,59020,3079.638,3037.754,2973.813,56.375,30.326,27.732,2.593,3037.754,3103.269,2972.239
2023-03-14,3018.18,3030.81,2992.92,3026.6,81860,3075.428,3039.017,2974.739,50.543,25.793,27.344,-1.552,3039.017,3102.519,2975.515
2023-03-15,3035.02,3056.07,3026.6,3051.86,64400,3068.694,3038.596,2976.423,54.358,23.962,26.668,-2.706,3038.596,3101.616,2975.577
2023-03-16,3001.34,3026.6,2992.92,3022.39,70180,3049.33,3038.807,2977.854,49.556,19.904,25.315,-5.411,3038.807,3101.567,2976.047
2023-03-17,3005.55,3022.39,2988.71,2992.92,127500,3030.808,3038.807,2979.285,45.25,14.147,23.081,-8.934,3038.807,3101.567,2976.047
2023-03-20,2997.13,3009.76,2971.88,2976.09,80060,3013.972,3036.702,2980.8,42.955,8.133,20.092,-11.959,3036.702,3104.957,2968.448
2023-03-22,3001.34,3001.34,2967.67,2984.5,114780,3005.552,3035.229,2982.905,44.471,3.999,16.873,-12.874,3035.229,3106.744,2963.714
2023-03-23,2980.3,3009.76,2967.67,2997.13,71660,2994.606,3033.756,2985.683,46.759,1.722,13.843,-12.121,3033.756,3107.207,2960.304
2023-03-24,2988.71,3022.39,2988.71,3018.18,79560,2993.764,3033.966,2988.798,50.425,1.598,11.394,-9.796,3033.966,3107.203,2960.729
2023-03-27,3047.65,3051.86,3013.97,3022.39,123540,2999.658,3033.545,2991.997,51.149,1.818,9.479,-7.661,3033.545,3106.955,2960.135
2023-03-28,3039.23,3043.44,3013.97,3022.39,116280,3008.918,3032.282,2995.365,51.149,1.97,7.977,-6.007,3032.282,3105.539,2959.025
2023-03-29,3043.44,3077.11,3035.02,3077.11,198840,3027.44,3035.86,2999.659,59.969,6.432,7.668,-1.236,3035.86,3110.595,2961.125
2023-03-30,3055.35,3064.06,3029.24,3059.7,126360,3039.954,3038.357,3003.267,56.475,8.465,7.827,0.638,3038.357,3112.757,2963.957
2023-03-31,3064.06,3081.46,3046.65,3046.65,93960,3045.648,3039.78,3005.857,53.939,8.921,8.046,0.875,3039.78,3113.642,2965.919
2023-04-03,3059.7,3085.82,3055.35,3081.47,57340,3057.464,3041.682,3009.228,59.204,11.954,8.828,3.126,3041.682,3117.862,2965.502
2023-04-04,3081.46,3107.58,3072.76,3107.58,80480,3074.502,3044.258,3012.784,62.651,16.277,10.317,5.959,3044.258,3125.781,2962.734
2023-04-05,3085.82,3090.17,3037.94,3037.94,86480,3066.668,3043.772,3014.694,50.414,13.923,11.038,2.884,3043.772,3125.326,2962.218
2023-04-06,3059.7,3081.46,3024.88,3055.35,123680,3065.798,3042.263,3016.953,52.892,13.309,11.492,1.816,3042.263,3121.652,2962.874
2023-04-07,3072.76,3077.11,3042.29,3042.29,72140,3064.926,3038.417,3018.446,50.84,11.634,11.521,0.113,3038.417,3109.084,2967.75
2023-04-10,3055.35,3068.41,3042.29,3059.7,47800,3060.572,3037.126,3020.37,53.433,11.578,11.532,0.046,3037.126,3105.059,2969.192
2023-04-11,3059.7,3068.41,3046.65,3046.65,75940,3048.386,3036.444,3022.371,51.251,10.362,11.298,-0.937,3036.444,3103.67,2969.219
2023-04-12,3064.06,3090.17,3059.7,3072.76,55720,3055.35,3038.752,3024.136,55.194,11.373,11.313,0.06,3038.752,3107.703,2969.802
2023-04-13,3077.11,3085.82,3068.41,3068.41,32660,3057.962,3039.58,3025.478,54.404,11.689,11.388,0.301,3039.58,3109.582,2969.578
2023-04-14,3077.11,3090.17,3068.41,3085.82,58360,3066.668,3042.752,3028.009,57.052,13.192,11.749,1.443,3042.752,3115.179,2970.324
2023-04-17,3085.82,3085.82,3055.35,3068.41,47880,3068.41,3046.526,3030.529,53.694,12.831,11.965,0.865,3046.526,3115.82,2977.232
2023-04-18,3068.41,3085.82,3068.41,3085.82,56140,3076.244,3052.012,3033.987,56.455,13.79,12.33,1.46,3052.012,3114.905,2989.12
2023-04-19,3081.46,3094.52,3072.76,3094.52,54980,3080.596,3057.514,3036.524,57.808,15.079,12.88,2.199,3057.514,3114.513,3000.514
2023-04-20,3072.76,3103.23,3072.76,3098.87,43540,3086.688,3062.6,3039.4,58.503,16.263,13.557,2.707,3062.6,3114.873,3010.328
2023-04-21,3090.17,3124.99,3085.82,3120.64,51200,3093.652,3067.724,3042.291,61.884,18.743,14.594,4.149,3067.724,3121.72,3013.727
2023-04-24,3181.57,3185.92,3155.46,3177.22,115280,3115.414,3075.465,3046.482,68.963,24.985,16.672,8.313,3075.465,3144.42,3006.51
2023-04-25,3190.27,3216.39,3185.92,3207.68,76220,3139.786,3084.73,3051.282,71.98,32.021,19.742,12.279,3084.73,3171.219,2998.24
2023-04-26,3207.68,3216.39,3181.57,3190.27,76700,3158.936,3090.388,3055.061,67.917,35.78,22.95,12.83,3090.388,3188.767,2992.008
2023-04-27,3190.27,3190.27,3164.16,3185.92,71780,3176.346,3096.698,3057.574,66.9,37.97,25.954,12.016,3096.698,3202.689,2990.708
2023-04-28,3216.39,3242.5,3212.04,3242.5,143260,3200.718,3106.491,3062.06,72.636,43.767,29.516,14.251,3106.491,3228.057,2984.925
2023-05-01,3242.5,3264.26,3238.15,3259.91,97200,3217.256,3115.413,3067.4,74.122,49.199,33.453,15.746,3115.413,3254.217,2976.609
2023-05-02,3264.26,3268.62,3220.74,3238.15,94260,3223.35,3121.942,3071.8,69.073,51.158,36.994,14.164,3121.942,3271.091,2972.792
2023-05-08,3255.56,3325.2,3238.15,3290.38,157700,3243.372,3134.564,3077.328,73.703,56.276,40.85,15.426,3134.564,3296.001,2973.126
2023-05-09,3286.03,3342.61,3281.67,3307.79,174180,3267.746,3147.186,3082.952,75.044,61.034,44.887,16.147,3147.186,3321.506,2972.865
2023-05-10,3277.32,3286.03,3194.63,3198.98,159000,3259.042,3155.02,3086.652,55.867,55.386,46.987,8.399,3155.02,3323.477,2986.563
2023-05-11,3207.68,3220.74,3181.57,3198.98,79960,3246.856,3161.984,3090.015,55.867,50.329,47.655,2.674,3161.984,3325.286,2998.682
2023-05-12,3198.98,3216.39,3172.86,3212.04,110320,3241.634,3170.254,3093.303,57.383,46.836,47.491,-0.655,3170.254,3325.516,3014.991
2023-05-15,3238.15,3255.56,3229.45,3233.8,95060,3230.318,3178.306,3097.868,59.857,45.301,47.053,-1.752,3178.306,3328.913,3027.698
2023-05-16,3233.8,3246.85,3220.74,3246.85,57560,3218.13,3187.228,3102.61,61.308,44.624,46.568,-1.944,3187.228,3331.429,3043.026
2023-05-17,3220.74,3229.44,3190.27,3203.33,77160,3219.0,3193.103,3106.313,54.264,40.113,45.277,-5.164,3193.103,3329.259,3056.947
2023-05-18,3203.33,3203.33,3146.75,3146.75,99800,3208.554,3197.02,3108.379,46.745,31.608,42.543,-10.935,3197.02,3322.131,3071.909
2023-05-19,3168.51,3203.33,3155.45,3181.57,80640,3202.46,3201.808,3110.889,51.225,27.362,39.507,-12.145,3201.808,3315.839,3087.776
2023-05-22,3185.92,3207.68,3185.92,3207.68,57020,3197.236,3207.466,3114.09,54.327,25.806,36.766,-10.96,3207.466,3309.703,3105.228
2023-05-23,3212.04,3216.39,3164.16,3172.86,63720,3182.438,3211.165,3115.836,49.78,21.515,33.716,-12.201,3211.165,3301.521,3120.809
2023-05-24,3181.57,3190.27,3155.45,3164.16,62740,3174.604,3213.341,3116.735,48.683,17.215,30.416,-13.201,3213.341,3296.312,3130.37
2023-05-25,3138.05,3164.16,3133.69,3133.69,56760,3171.992,3211.164,3117.698,44.949,11.218,26.576,-15.358,3211.164,3300.188,3122.141
2023-05-26,3138.05,3142.4,3111.93,3120.64,64540,3159.806,3206.812,3118.906,43.413,5.352,22.331,-16.98,3206.812,3304.629,3108.996
2023-05-29,3124.99,3129.34,3090.17,3090.17,66520,3136.304,3201.808,3120.177,39.979,-1.737,17.518,-19.254,3201.808,3312.575,3091.04
2023-05-30,3090.17,3090.17,3055.35,3059.7,57760,3113.672,3195.496,3120.334,36.84,-9.701,12.074,-21.775,3195.496,3323.168,3067.825
2023-05-31,3046.65,3064.06,3024.88,3042.29,180800,3089.298,3185.486,3120.732,35.142,-17.219,6.215,-23.435,3185.486,3328.155,3042.817
2023-06-01,3046.65,3077.11,3046.65,3051.0,43460,3072.76,3175.04,3121.894,36.713,-22.218,0.529,-22.747,3175.04,3325.163,3024.918
2023-06-02,3055.35,3094.52,3055.35,3081.47,66800,3064.926,3167.206,3124.001,42.007,-23.451,-4.267,-19.184,3167.206,3319.794,3014.619
2023-06-05,3116.28,3116.28,3064.06,3077.11,85120,3062.314,3156.543,3125.853,41.472,-24.498,-8.313,-16.184,3156.543,3302.554,3010.532
2023-06-06,3081.47,3098.87,3077.11,3098.87,87320,3070.148,3146.097,3127.888,45.219,-23.303,-11.311,-11.991,3146.097,3275.496,3016.698
2023-06-07,3094.52,3103.23,3068.41,3077.11,100300,3077.112,3140.004,3129.067,42.303,-23.837,-13.816,-10.02,3140.004,3270.391,3009.616
2023-06-08,3098.87,3120.64,3090.17,3111.93,120580,3089.298,3135.651,3130.858,48.074,-21.206,-15.294,-5.911,3135.651,3263.537,3007.765
2023-06-09,3133.69,3146.75,3111.93,3142.4,126060,3101.484,3132.169,3133.258,52.547,-16.472,-15.53,-0.942,3132.169,3254.989,3009.349
2023-06-12,3146.75,3155.45,3116.28,3129.34,58200,3111.93,3126.946,3134.302,50.537,-13.617,-15.147,1.53,3126.946,3240.07,3013.822
2023-06-13,3142.4,3164.16,3133.69,3142.4,90700,3120.636,3121.724,3135.956,52.494,-10.184,-14.155,3.971,3121.724,3220.242,3023.205
2023-06-14,3168.51,3168.51,3138.05,3151.1,78180,3135.434,3119.112,3138.045,53.805,-6.684,-12.66,5.977,3119.112,3211.073,3027.151
2023-06-15,3151.1,3181.57,3142.4,3151.1,104440,3143.268,3119.33,3139.438,53.805,-3.865,-10.901,7.036,3119.33,3211.585,3027.074
2023-06-16,3168.51,3181.57,3155.45,3172.86,116920,3149.36,3118.894,3140.744,57.228,0.123,-8.697,8.819,3118.894,3209.988,3027.8
2023-06-19,3172.86,3181.57,3142.4,3159.81,63800,3155.454,3116.5,3143.181,54.614,2.205,-6.516,8.721,3116.5,3199.968,3033.033
2023-06-20,3159.81,3159.81,3129.34,3151.1,50720,3157.194,3115.412,3145.096,52.878,3.116,-4.59,7.706,3115.412,3196.315,3034.51
2023-06-21,3151.1,3172.86,3138.05,3146.75,90440,3156.324,3114.542,3147.185,51.989,3.448,-2.982,6.43,3114.542,3193.589,3035.495
2023-06-22,3155.45,3172.86,3146.75,3151.1,58740,3156.324,3115.412,3149.013,52.843,4.015,-1.583,5.598,3115.412,3195.721,3035.104
2023-06-23,3155.45,3159.81,3129.34,3133.69,90840,3148.49,3116.065,3150.754,49.081,3.025,-0.661,3.686,3116.065,3196.763,3035.367
2023-06-26,3146.75,3151.1,3116.28,3138.05,48780,3144.138,3118.459,3152.06,50.04,2.563,-0.016,2.579,3118.459,3198.763,3038.155
2023-06-27,3146.75,3146.75,3133.69,3138.05,34660,3141.528,3122.376,3153.453,50.04,2.171,0.421,1.75,3122.376,3198.126,3046.627
2023-06-28,3146.75,3185.92,3138.05,3177.22,99580,3147.622,3129.123,3155.281,58.237,4.965,1.33,3.635,3129.123,3198.616,3059.63
2023-06-29,3172.86,3172.86,3142.4,3151.1,54660,3147.622,3134.128,3156.934,52.099,5.013,2.066,2.946,3134.128,3193.631,3074.625
2023-06-30,3146.75,3168.51,3142.4,3151.1,111580,3151.104,3137.609,3158.24,52.099,4.994,2.652,2.342,3137.609,3192.074,3083.145
2023-07-03,3159.81,3168.51,3155.45,3159.81,37920,3155.456,3141.745,3159.546,53.975,5.616,3.245,2.372,3141.745,3188.942,3094.547
2023-07-04,3159.81,3164.16,3133.69,3138.05,66000,3155.456,3143.704,3160.329,48.829,4.304,3.457,0.848,3143.704,3186.451,3100.956
2023-07-05,3129.34,3142.4,3116.28,3124.99,71260,3145.01,3146.098,3160.416,45.995,2.186,3.202,-1.017,3146.098,3176.811,3115.384
2023-07-06,3120.64,3124.99,3103.23,3120.64,97700,3138.918,3146.533,3159.285,45.057,0.154,2.593,-2.439,3146.533,3175.398,3117.668
2023-07-07,3103.23,3138.05,3103.23,3129.34,84620,3134.566,3145.88,3157.718,47.369,-0.746,1.925,-2.671,3145.88,3175.714,3116.046
2023-07-10,3142.4,3142.4,3124.99,3124.99,84920,3127.602,3145.662,3156.412,46.32,-1.789,1.182,-2.971,3145.662,3176.062,3115.263
2023-07-11,3116.28,3129.34,3094.52,3098.87,120440,3119.766,3143.486,3154.671,40.515,-4.67,0.012,-4.682,3143.486,3180.403,3106.569
2023-07-12,3107.58,3133.69,3098.87,3129.34,60280,3120.636,3142.398,3152.408,48.606,-4.443,-0.879,-3.564,3142.398,3179.652,3105.144
2023-07-13,3133.69,3133.69,3107.58,3111.93,64220,3118.894,3140.44,3149.449,44.852,-5.604,-1.824,-3.779,3140.44,3179.824,3101.055
2023-07-14,3133.69,3133.69,3103.23,3120.64,52680,3117.154,3137.828,3147.098,47.055,-5.754,-2.61,-3.144,3137.828,3175.027,3100.63
2023-07-18,3124.99,3129.34,3116.28,3120.64,39440,3116.284,3135.87,3143.704,47.055,-5.806,-3.249,-2.557,3135.87,3172.312,3099.428
2023-07-19,3138.05,3146.75,3120.64,3138.05,64600,3124.12,3135.217,3140.309,51.543,-4.392,-3.478,-0.914,3135.217,3170.972,3099.463
2023-07-20,3155.45,3164.16,3133.69,3133.69,51740,3124.99,3134.564,3139.003,50.391,-3.582,-3.499,-0.083,3134.564,3169.907,3099.222
2023-07-21,3142.4,3151.1,3129.34,3146.75,58360,3131.954,3134.347,3137.958,53.727,-1.865,-3.172,1.307,3134.347,3169.313,3099.381
2023-07-24,3164.16,3164.16,3151.1,3159.81,40380,3139.788,3135.653,3136.914,56.851,0.544,-2.429,2.973,3135.653,3172.42,3098.886
2023-07-25,3164.16,3168.51,3138.05,3142.4,63160,3144.14,3135.87,3135.086,51.827,1.036,-1.736,2.772,3135.87,3172.749,3098.992
2023-07-26,3142.4,3151.1,3133.69,3142.4,44200,3145.01,3136.088,3132.997,51.827,1.409,-1.107,2.516,3136.088,3173.071,3099.105
2023-07-27,3142.4,3142.4,3116.28,3142.4,69120,3146.752,3134.347,3131.778,51.827,1.686,-0.548,2.234,3134.347,3166.084,3102.61
2023-07-28,3133.69,3155.45,3124.99,3138.05,115620,3145.012,3133.694,3131.604,50.436,1.537,-0.131,1.668,3133.694,3164.504,3102.885
2023-07-31,3164.16,3164.16,3133.69,3142.4,62400,3141.53,3133.26,3130.821,51.828,1.749,0.245,1.504,3133.26,3163.27,3103.249
2023-08-01,3151.1,3172.86,3142.4,3172.86,93400,3147.622,3133.912,3130.124,60.249,4.325,1.061,3.265,3133.912,3166.784,3101.04
2023-08-02,3159.81,3172.86,3151.1,3168.51,57580,3152.844,3135.435,3130.037,58.672,5.948,2.038,3.909,3135.435,3171.756,3099.114
2023-08-03,3168.51,3168.51,3103.23,3107.58,144440,3145.88,3134.564,3128.906,42.061,2.29,2.089,0.202,3134.564,3172.727,3096.402
2023-08-04,3107.58,3124.99,3094.52,3120.64,73980,3142.398,3134.564,3128.645,45.615,0.441,1.759,-1.318,3134.564,3172.727,3096.402
2023-08-07,3111.93,3155.45,3103.23,3151.1,85000,3144.138,3135.652,3129.254,52.876,1.416,1.69,-0.274,3135.652,3174.424,3096.881
2023-08-08,3168.51,3220.74,3155.45,3220.74,89780,3153.714,3140.44,3131.865,64.534,7.72,2.896,4.823,3140.44,3194.356,3086.524
2023-08-09,3216.39,3220.74,3168.51,3212.04,63000,3162.42,3146.098,3134.912,62.455,11.876,4.692,7.184,3146.098,3205.155,3087.042
2023-08-10,3216.39,3220.74,3185.92,3220.74,54180,3185.052,3150.668,3138.481,63.714,15.692,6.892,8.8,3150.668,3217.851,3083.486
2023-08-14,3225.09,3255.56,3212.04,3246.85,67260,3210.294,3157.414,3142.398,67.261,20.585,9.631,10.954,3157.414,3234.573,3080.256
2023-08-15,3246.85,3277.32,3225.09,3277.32,67300,3235.538,3165.248,3146.315,70.843,26.615,13.028,13.587,3165.248,3257.103,3073.394
2023-08-16,3259.91,3286.03,3255.56,3277.32,37940,3246.854,3173.082,3150.319,70.843,31.036,16.629,14.407,3173.082,3275.083,3071.082
2023-08-17,3286.03,3294.73,3255.56,3272.97,57240,3259.04,3179.828,3153.801,69.583,33.799,20.063,13.736,3179.828,3289.622,3070.035
2023-08-18,3272.97,3281.67,3238.15,3242.5,47200,3263.392,3185.269,3157.109,61.348,33.148,22.68,10.468,3185.269,3296.214,3074.324
2023-08-21,3272.97,3320.84,3272.97,3307.79,85700,3275.58,3193.321,3161.026,69.639,37.468,25.638,11.83,3193.321,3315.32,3071.322
2023-08-22,3316.49,3494.94,3299.08,3481.88,253780,3316.492,3209.424,3167.816,81.212,54.314,31.373,22.941,3209.424,3385.734,3033.115
2023-08-23,3447.06,3451.41,3407.89,3442.71,98140,3349.57,3224.44,3174.083,74.345,63.768,37.852,25.916,3224.44,3426.052,3022.828
2023-08-24,3429.65,3481.88,3407.89,3477.53,95620,3390.482,3241.196,3180.786,76.267,73.226,44.927,28.3,3241.196,3468.206,3014.187
2023-08-25,3468.82,3555.87,3434.01,3538.46,222120,3449.674,3261.0,3188.533,79.201,84.663,52.874,31.789,3261.0,3518.741,3003.258
2023-08-28,3564.58,3603.75,3542.81,3599.39,120320,3507.994,3284.066,3197.499,81.646,97.518,61.803,35.716,3284.066,3575.811,2992.322
2023-08-29,3603.75,3603.75,3555.87,3564.58,93520,3524.534,3305.176,3205.333,76.14,103.703,70.183,33.52,3305.176,3614.334,2996.017
2023-08-30,3564.58,3586.34,3555.87,3555.87,67380,3547.166,3324.326,3213.255,74.781,106.671,77.48,29.19,3324.326,3646.165,3002.487
2023-08-31,3551.52,3568.93,3521.05,3525.4,142700,3556.74,3342.17,3220.741,70.07,105.35,83.054,22.296,3342.17,3667.194,3017.147
2023-09-01,3521.05,3538.46,3503.64,3525.4,82740,3554.128,3363.062,3228.314,70.07,103.115,87.067,16.049,3363.062,3678.156,3047.967
2023-09-04,3525.4,3568.93,3521.05,3560.22,68680,3546.294,3385.04,3236.496,72.377,102.966,90.247,12.72,3385.04,3690.101,3079.98
2023-09-05,3538.46,3564.58,3534.11,3555.87,78700,3544.552,3405.279,3244.94,71.634,101.33,92.463,8.866,3405.279,3698.467,3112.091
2023-09-06,3555.87,3568.93,3542.81,3542.81,67980,3541.94,3421.382,3253.035,69.334,97.85,93.541,4.31,3421.382,3707.18,3135.585
2023-09-07,3538.46,3568.93,3534.11,3534.11,78720,3543.682,3437.486,3260.956,67.773,93.316,93.496,-0.18,3437.486,3709.584,3165.388
2023-09-08,3555.87,3560.22,3468.82,3468.82,108220,3532.366,3449.89,3266.788,57.338,83.491,91.495,-8.004,3449.89,3702.29,3197.49
2023-09-11,3490.59,3503.64,3464.47,3486.23,57880,3517.568,3461.859,3273.491,59.144,76.231,88.442,-12.211,3461.859,3695.743,3227.975
2023-09-12,3481.88,3525.4,3481.88,3525.4,45300,3511.474,3474.263,3280.977,62.946,72.799,85.313,-12.515,3474.263,3692.745,3255.781
2023-09-13,3508.0,3512.35,3473.18,3499.29,82320,3502.77,3485.362,3287.766,59.005,67.197,81.69,-14.493,3485.362,3683.306,3287.417
2023-09-14,3508.0,3534.11,3490.59,3516.7,71040,3499.288,3497.548,3295.339,60.769,63.432,78.038,-14.607,3497.548,3668.623,3326.473
2023-09-15,3521.05,3560.22,3499.29,3525.4,138920,3510.604,3511.693,3303.347,61.656,60.453,74.521,-14.069,3511.693,3633.729,3389.657
2023-09-19,3525.4,3568.93,3512.35,3568.93,98880,3527.144,3524.75,3312.313,65.824,60.902,71.797,-10.895,3524.75,3602.928,3446.572
2023-09-20,3581.99,3595.04,3560.22,3560.22,102040,3534.108,3528.667,3320.931,64.318,59.865,69.411,-9.546,3528.667,3605.642,3451.692
2023-09-21,3560.22,3638.57,3560.22,3573.28,97220,3548.906,3535.196,3329.897,65.589,59.413,67.411,-7.999,3535.196,3603.087,3467.304
2023-09-22,3568.93,3603.75,3555.87,3581.99,84680,3561.964,3540.419,3339.559,66.448,59.076,65.744,-6.668,3540.419,3605.651,3475.186
2023-09-25,3590.69,3608.1,3568.93,3590.69,89600,3575.022,3543.03,3348.786,67.325,58.833,64.362,-5.529,3543.03,3612.007,3474.053
2023-09-26,3568.93,3651.62,3568.93,3642.92,76320,3589.82,3545.206,3359.406,72.049,62.138,63.917,-1.779,3545.206,3623.754,3466.659
2023-09-27,3634.21,3651.62,3577.63,3651.62,89900,3608.1,3549.558,3370.025,72.756,64.714,64.077,0.637,3549.558,3641.182,3457.935
2023-09-28,3590.69,3682.09,3590.69,3664.68,156000,3626.38,3554.999,3380.906,73.826,67.036,64.669,2.368,3554.999,3660.128,3449.87
2023-09-29,3647.27,3664.68,3503.64,3525.4,134300,3615.062,3554.999,3388.653,50.881,56.981,63.131,-6.15,3554.999,3660.128,3449.87
2023-10-02,3525.41,3573.28,3499.29,3503.64,114200,3597.652,3553.911,3396.052,48.353,46.718,59.849,-13.13,3553.911,3660.766,3447.056
2023-10-03,3494.94,3534.11,3473.18,3499.29,89200,3568.926,3550.864,3403.103,47.841,37.798,55.438,-17.641,3550.864,3660.402,3441.327
2023-10-04,3464.47,3473.18,3403.54,3407.89,105900,3520.18,3543.466,3408.065,38.596,23.087,48.968,-25.881,3543.466,3670.218,3416.713
2023-10-05,3399.19,3490.59,3399.19,3477.53,102100,3482.75,3540.202,3414.767,47.0,16.854,42.545,-25.691,3540.202,3670.342,3410.061
2023-10-06,3451.41,3503.64,3451.41,3486.23,96100,3474.916,3537.808,3421.644,47.958,12.472,36.531,-24.059,3537.808,3670.163,3405.452
2023-10-10,3490.59,3534.11,3490.59,3521.05,83000,3478.398,3540.419,3429.217,51.72,11.675,31.559,-19.885,3540.419,3669.052,3411.786
2023-10-11,3542.81,3564.58,3529.76,3538.46,93200,3486.232,3543.03,3437.225,53.529,12.306,27.709,-15.403,3543.03,3669.127,3416.934
2023-10-12,3538.46,3538.46,3464.47,3490.59,74700,3502.772,3541.29,3444.189,48.183,8.841,23.935,-15.094,3541.29,3669.356,3413.224
2023-10-13,3481.88,3512.35,3464.47,3499.29,88500,3507.124,3541.29,3450.717,49.177,6.72,20.492,-13.772,3541.29,3669.356,3413.224
2023-10-16,3477.53,3529.76,3460.12,3477.53,73200,3505.384,3539.332,3456.898,46.762,3.246,17.043,-13.797,3539.332,3670.15,3408.513
2023-10-17,3481.88,3490.59,3438.36,3451.42,46600,3491.458,3535.632,3463.775,43.972,-1.596,13.315,-14.911,3535.632,3672.168,3399.097
2023-10-18,3451.41,3455.77,3403.54,3420.95,41100,3467.956,3528.234,3469.781,40.905,-7.802,9.092,-16.894,3528.234,3672.964,3383.503
2023-10-19,3399.19,3447.06,3399.19,3429.65,33600,3455.768,3521.705,3475.352,42.146,-11.881,4.897,-16.778,3521.705,3672.032,3371.378
2023-10-20,3455.77,3534.11,3438.36,3499.29,84900,3455.768,3518.006,3480.923,51.013,-9.386,2.04,-11.427,3518.006,3666.62,3369.391
2023-10-23,3486.23,3551.52,3481.88,3542.81,84000,3468.824,3516.046,3487.538,55.593,-3.853,0.862,-4.715,3516.046,3662.121,3369.972
2023-10-24,3508.0,3534.11,3460.12,3525.4,79100,3483.62,3512.782,3493.631,53.441,-0.863,0.517,-1.38,3512.782,3654.692,3370.872
2023-10-25,3538.46,3547.17,3516.7,3516.7,39200,3502.77,3506.471,3499.028,52.35,0.795,0.572,0.223,3506.471,3634.566,3378.376
2023-10-26,3525.4,3560.22,3494.94,3516.7,48000,3520.18,3499.725,3503.816,52.35,2.086,0.875,1.211,3499.725,3608.368,3391.082
2023-10-27,3516.7,3586.34,3512.35,3586.34,59500,3537.59,3495.808,3509.996,59.941,8.628,2.426,6.203,3495.808,3582.927,3408.689
2023-10-30,3525.41,3555.87,3512.35,3534.11,52400,3535.85,3496.243,3515.219,53.107,9.49,3.839,5.651,3496.243,3584.07,3408.417
2023-10-31,3542.81,3629.86,3542.81,3625.51,105500,3555.872,3502.337,3522.879,61.401,17.347,6.54,10.807,3502.337,3607.52,3397.154
2023-11-01,3651.62,3677.74,3616.8,3664.68,167500,3585.468,3510.607,3530.017,64.314,26.43,10.518,15.912,3510.607,3638.364,3382.849
2023-11-02,3699.5,3703.85,3551.52,3564.58,138500,3595.044,3518.441,3531.671,53.254,25.261,13.467,11.794,3518.441,3638.673,3398.209
2023-11-06,3568.93,3577.63,3516.7,3529.76,109800,3583.728,3521.053,3533.412,50.031,21.279,15.029,6.249,3521.053,3639.803,3402.302
2023-11-07,3499.29,3542.81,3486.23,3494.94,53900,3575.894,3521.488,3533.76,46.969,15.139,15.051,0.088,3521.488,3639.763,3403.213
2023-11-08,3481.88,3494.94,3416.6,3442.71,98300,3539.334,3517.571,3531.845,42.744,5.989,13.239,-7.25,3517.571,3640.985,3394.157
2023-11-09,3464.47,3468.82,3425.3,3451.42,90600,3496.682,3513.219,3528.886,43.654,-0.553,10.48,-11.033,3513.219,3639.633,3386.805
2023-11-10,3451.42,3468.82,3434.01,3451.42,121800,3474.05,3511.261,3526.623,43.654,-5.672,7.25,-12.922,3511.261,3640.337,3382.184
2023-11-13,3455.77,3477.53,3434.01,3438.36,91600,3455.77,3508.214,3524.273,42.48,-10.66,3.668,-14.328,3508.214,3641.294,3375.134
2023-11-14,3447.06,3460.12,3425.3,3438.36,46800,3444.454,3506.256,3522.532,42.48,-14.446,0.045,-14.491,3506.256,3642.355,3370.156
2023-11-15,3451.41,3460.12,3394.83,3407.89,83900,3437.49,3504.079,3520.182,39.598,-19.679,-3.9,-15.779,3504.079,3645.172,3362.986
2023-11-16,3403.54,3416.6,3390.48,3399.19,61300,3427.044,3502.991,3516.961,38.788,-24.248,-7.97,-16.279,3502.991,3647.086,3358.896
2023-11-17,3412.24,3442.71,3412.24,3438.36,66400,3424.432,3503.426,3514.611,44.307,-24.427,-11.261,-13.166,3503.426,3646.639,3360.214
2023-11-20,3438.36,3438.36,3381.78,3390.48,67000,3414.856,3497.986,3511.564,39.606,-28.109,-14.631,-13.478,3497.986,3649.865,3346.107
2023-11-21,3386.13,3403.54,3381.78,3403.54,47800,3407.892,3491.022,3508.953,41.432,-29.631,-17.631,-12.0,3491.022,3646.964,3335.081
2023-11-22,3403.54,3434.0,3394.83,3434.0,40800,3413.114,3486.452,3508.256,45.564,-28.056,-19.716,-8.34,3486.452,3643.506,3329.399
2023-11-24,3447.06,3455.77,3425.3,3447.06,48800,3422.688,3482.971,3507.473,47.282,-25.46,-20.865,-4.596,3482.971,3640.288,3325.653
2023-11-27,3447.06,3460.12,3412.24,3425.3,50500,3420.076,3478.4,3505.471,44.748,-24.872,-21.666,-3.206,3478.4,3636.898,3319.903
2023-11-28,3434.01,3447.06,3420.95,3447.06,33700,3431.392,3471.437,3504.426,47.762,-22.393,-21.811,-0.581,3471.437,3622.006,3320.867
2023-11-29,3438.36,3451.41,3412.24,3442.71,67300,3439.226,3466.866,3502.947,47.208,-20.541,-21.557,1.016,3466.866,3614.954,3318.779
2023-11-30,3416.6,3447.06,3394.83,3438.36,82200,3440.098,3457.509,3501.206,46.625,-19.204,-21.087,1.883,3457.509,3585.704,3329.314
2023-12-01,3455.77,3468.82,3416.6,3438.36,78100,3438.358,3446.193,3498.594,46.625,-17.937,-20.457,2.519,3446.193,3529.477,3362.909
2023-12-04,3425.3,3429.65,3399.19,3416.6,36800,3436.618,3438.794,3495.722,43.509,-18.477,-20.061,1.584,3438.794,3501.559,3376.029
2023-12-05,3403.54,3429.65,3386.13,3390.48,103900,3425.302,3431.83,3492.066,40.048,-20.772,-20.203,-0.569,3431.83,3481.676,3381.984
2023-12-06,3390.48,3442.71,3390.48,3438.36,60000,3424.432,3429.001,3489.193,48.184,-18.514,-19.865,1.351,3429.001,3469.268,3388.734
2023-12-07,3425.3,3429.65,3386.13,3399.19,85400,3416.598,3426.825,3485.363,43.038,-19.659,-19.824,0.165,3426.825,3468.646,3385.004
2023-12-08,3399.19,3407.89,3360.02,3368.72,88900,3402.67,3422.69,3479.879,39.504,-22.762,-20.412,-2.351,3422.69,3470.234,3375.146
2023-12-11,3368.72,3394.83,3360.02,3394.83,105800,3398.316,3419.86,3474.744,43.766,-22.852,-20.9,-1.952,3419.86,3466.939,3372.782
2023-12-12,3399.19,3399.19,3368.72,3373.07,65700,3394.834,3416.596,3468.911,41.163,-24.397,-21.599,-2.798,3416.596,3467.196,3365.996
2023-12-13,3364.37,3373.07,3329.55,3338.25,108200,3374.812,3411.59,3465.168,37.337,-28.107,-22.901,-5.207,3411.59,3471.984,3351.197
2023-12-14,3342.61,3346.96,3312.14,3329.55,92600,3360.884,3407.674,3461.687,36.426,-31.388,-24.598,-6.79,3407.674,3478.362,3336.985
2023-12-15,3316.49,3320.84,3277.32,3277.32,141200,3342.604,3401.58,3457.247,31.463,-37.767,-27.232,-10.535,3401.58,3493.246,3309.914
2023-12-18,3259.91,3272.97,3233.8,3259.91,82000,3315.62,3392.658,3454.288,29.996,-43.724,-30.53,-13.193,3392.658,3502.239,3283.076
2023-12-19,3290.38,3290.38,3238.15,3264.26,98300,3293.858,3386.346,3450.022,30.864,-47.545,-33.933,-13.612,3386.346,3510.08,3262.613
2023-12-20,3264.26,3290.38,3264.26,3286.03,51700,3283.414,3380.471,3446.018,35.192,-48.26,-36.799,-11.462,3380.471,3511.7,3249.242
2023-12-21,3286.03,3294.73,3268.62,3277.32,72100,3272.968,3372.637,3441.144,34.267,-48.966,-39.232,-9.734,3372.637,3509.017,3236.257
2023-12-22,3277.32,3312.14,3277.32,3307.79,72900,3279.062,3365.674,3436.53,40.186,-46.53,-40.692,-5.838,3365.674,3500.264,3231.083
2023-12-25,3325.2,3325.2,3281.67,3303.43,55800,3287.766,3359.58,3432.787,39.636,-44.439,-41.441,-2.998,3359.58,3493.838,3225.322
2023-12-26,3303.43,3338.25,3294.73,3333.9,81300,3301.694,3353.922,3429.479,45.273,-39.864,-41.126,1.262,3353.922,3482.056,3225.788
2023-12-27,3346.96,3360.02,3325.2,3355.66,83900,3315.62,3349.57,3427.042,48.94,-34.089,-39.718,5.629,3349.57,3470.728,3228.411
2023-12-28,3355.66,3368.72,3333.9,3338.25,72500,3327.806,3344.564,3424.778,46.269,-30.565,-37.888,7.323,3344.564,3458.323,3230.805
2023-12-29,3355.66,3364.37,3338.25,3355.66,43300,3337.38,3340.429,3423.473,49.252,-26.067,-35.523,9.457,3340.429,3445.515,3235.343
2024-01-04,3390.48,3425.3,3364.37,3420.95,102000,3360.884,3340.647,3423.299,58.546,-17.037,-31.826,14.789,3340.647,3446.412,3234.881
2024-01-05,3438.36,3438.36,3407.89,3416.6,57200,3377.424,3341.953,3421.645,57.787,-10.115,-27.484,17.369,3341.953,3450.906,3232.999
2024-01-09,3438.36,3464.47,3420.95,3464.47,77500,3399.186,3343.258,3420.078,63.411,-0.759,-22.139,21.38,3343.258,3457.569,3228.947
2024-01-10,3473.18,3494.94,3464.47,3486.23,82100,3428.782,3347.61,3419.295,65.652,8.317,-16.048,24.365,3347.61,3476.575,3218.645
2024-01-11,3525.41,3551.52,3521.05,3534.11,141700,3464.472,3355.88,3419.643,70.004,19.152,-9.008,28.16,3355.88,3509.414,3202.345
2024-01-12,3534.11,3564.58,3503.64,3516.7,93100,3483.622,3361.973,3419.643,66.695,26.034,-2.0,28.033,3361.973,3530.917,3193.029
2024-01-15,3516.7,3538.46,3512.35,3538.46,10700,3507.994,3370.243,3418.685,68.687,32.865,4.973,27.891,3370.243,3556.751,3183.734
2024-01-16,3560.22,3560.22,3512.35,3512.35,41000,3517.57,3378.947,3418.25,63.758,35.759,11.131,24.629,3378.947,3575.168,3182.727
2024-01-17,3547.17,3560.22,3503.64,3503.64,55800,3521.052,3387.652,3415.813,62.156,36.925,16.289,20.635,3387.652,3589.996,3185.308
2024-01-18,3512.35,3538.46,3512.35,3529.76,41000,3520.182,3400.274,3413.114,64.997,39.501,20.932,18.569,3400.274,3605.118,3195.43
2024-01-19,3525.41,3529.76,3499.29,3503.64,66400,3517.57,3412.46,3411.895,60.135,38.985,24.542,14.443,3412.46,3611.049,3213.872
2024-01-22,3516.7,3542.81,3512.35,3538.46,52700,3517.57,3426.17,3412.069,64.001,40.914,27.817,13.098,3426.17,3619.469,3232.872
2024-01-23,3529.76,3560.22,3529.76,3555.87,44000,3526.274,3439.662,3413.288,65.787,43.349,30.923,12.426,3439.662,3629.411,3249.914
2024-01-24,3542.81,3551.52,3529.76,3534.11,66600,3532.368,3452.502,3415.116,61.668,43.026,33.344,9.682,3452.502,3630.379,3274.625
2024-01-25,3547.17,3603.75,3542.81,3573.28,103600,3541.072,3465.776,3417.553,65.817,45.408,35.756,9.651,3465.776,3637.708,3293.845
2024-01-26,3573.28,3577.63,3542.81,3551.52,73700,3550.648,3478.181,3419.555,61.815,45.02,37.609,7.411,3478.181,3636.015,3320.347
2024-01-29,3590.69,3612.45,3581.99,3595.04,50100,3561.964,3491.238,3422.689,66.237,47.675,39.622,8.053,3491.238,3641.857,3340.619
2024-01-30,3595.04,3603.75,3564.58,3564.58,65300,3563.706,3501.684,3425.213,60.919,46.782,41.054,5.728,3501.684,3641.288,3362.08
2024-01-31,3568.93,3603.75,3568.93,3603.75,71200,3577.634,3514.959,3429.13,64.83,48.674,42.578,6.096,3514.959,3638.722,3391.196
2024-02-01,3603.75,3634.21,3586.34,3621.16,72200,3587.21,3528.234,3433.57,66.437,50.991,44.261,6.73,3528.234,3635.971,3420.497
2024-02-02,3616.8,3634.21,3603.75,3608.1,59900,3598.526,3537.592,3436.965,64.071,51.183,45.645,5.537,3537.592,3638.38,3436.803
2024-02-05,3616.8,3638.57,3612.45,3612.45,64800,3602.008,3547.384,3441.404,64.524,51.097,46.735,4.361,3547.384,3635.998,3458.77
2024-02-06,3612.45,3669.03,3608.1,3642.92,104100,3617.676,3556.306,3446.192,67.606,52.878,47.964,4.914,3556.306,3645.702,3466.911
2024-02-07,3638.57,3677.74,3608.1,3669.03,91200,3630.732,3565.446,3450.892,70.01,55.753,49.522,6.232,3565.446,3661.784,3469.109
2024-02-08,3664.68,3664.68,3608.1,3621.16,75200,3630.732,3569.799,3454.374,61.063,53.552,50.328,3.224,3569.799,3668.023,3471.575
2024-02-09,3608.1,3616.8,3564.58,3568.93,98800,3622.898,3572.411,3457.247,53.09,47.051,49.673,-2.621,3572.411,3667.415,3477.406
2024-02-13,3599.39,3599.39,3538.46,3586.34,78300,3617.676,3574.804,3460.032,55.19,42.81,48.3,-5.49,3574.804,3668.612,3480.997
2024-02-14,3581.99,3612.45,3573.28,3586.34,88900,3606.36,3578.504,3462.905,55.19,39.0,46.44,-7.44,3578.504,3667.662,3489.346
2024-02-15,3608.1,3608.1,3547.17,3568.93,50600,3586.34,3581.769,3465.516,52.466,34.181,43.988,-9.807,3581.769,3663.888,3499.649
2024-02-16,3586.34,3625.51,3577.63,3590.69,49700,3580.246,3584.815,3468.563,55.427,31.752,41.541,-9.789,3584.815,3663.249,3506.381
2024-02-19,3603.75,3621.16,3590.69,3612.45,34800,3588.95,3590.256,3472.48,58.23,31.223,39.477,-8.255,3590.256,3659.543,3520.968
2024-02-20,3625.51,3695.15,3612.45,3655.98,80900,3602.878,3596.132,3477.79,63.213,33.925,38.367,-4.442,3596.132,3666.842,3525.421
2024-02-21,3642.92,3655.98,3599.39,3621.16,78200,3609.842,3599.396,3481.446,57.322,32.878,37.269,-4.391,3599.396,3668.285,3530.507
2024-02-22,3616.8,3621.16,3586.34,3621.16,80600,3620.288,3603.748,3485.885,57.322,31.683,36.152,-4.469,3603.748,3665.945,3541.552
2024-02-26,3629.86,3642.92,3581.99,3581.99,56000,3618.548,3604.184,3490.151,51.108,27.26,34.373,-7.113,3604.184,3665.599,3542.769
2024-02-27,3581.99,3612.45,3564.58,3586.34,50700,3613.326,3605.925,3493.981,51.734,23.832,32.265,-8.433,3605.925,3662.865,3548.985
2024-02-28,3599.39,3612.45,3577.63,3595.04,55500,3601.138,3605.925,3498.42,53.029,21.569,30.126,-8.557,3605.925,3662.865,3548.985
2024-02-29,3599.39,3612.45,3568.93,3577.63,79000,3592.432,3606.577,3503.208,50.131,18.161,27.733,-9.572,3606.577,3661.796,3551.359
2024-03-01,3577.63,3599.39,3564.58,3595.04,66900,3587.208,3606.142,3508.518,52.903,16.672,25.521,-8.848,3606.142,3661.591,3550.693
2024-03-04,3599.39,3608.1,3564.58,3586.34,76300,3588.078,3604.401,3514.698,51.366,14.622,23.341,-8.719,3604.401,3660.051,3548.751
2024-03-05,3568.93,3621.16,3568.93,3608.1,66800,3592.43,3604.401,3521.662,54.895,14.585,21.59,-7.005,3604.401,3660.051,3548.751
2024-03-06,3621.16,3642.92,3612.45,3625.51,81200,3598.524,3605.054,3528.887,57.549,15.779,20.428,-4.649,3605.054,3661.403,3548.705
2024-03-07,3638.57,3660.33,3608.1,3608.1,87100,3604.618,3603.313,3535.328,54.119,15.146,19.371,-4.226,3603.313,3656.816,3549.81
2024-03-08,3599.39,3638.57,3595.04,3629.86,102100,3611.582,3601.355,3542.379,57.526,16.213,18.74,-2.527,3601.355,3647.023,3555.686
2024-03-11,3629.86,3642.92,3586.34,3612.45,91700,3616.804,3600.919,3548.472,54.067,15.475,18.087,-2.612,3600.919,3645.954,3555.884
2024-03-12,3621.16,3629.86,3586.34,3621.16,59900,3619.416,3603.53,3554.827,55.508,15.415,17.552,-2.137,3603.53,3646.777,3560.284
2024-03-13,3629.86,3651.62,3621.16,3629.86,60400,3620.286,3605.706,3560.746,56.961,15.887,17.219,-1.332,3605.706,3649.684,3561.729
2024-03-14,3634.21,3669.03,3634.21,3669.03,65700,3632.472,3609.841,3567.014,62.844,19.2,17.616,1.585,3609.841,3661.098,3558.584
2024-03-15,3669.03,3725.61,3638.57,3638.57,242900,3634.214,3613.323,3573.02,56.389,19.148,17.922,1.226,3613.323,3662.289,3564.357
2024-03-18,3677.74,3677.74,3638.57,3638.57,95400,3639.438,3615.717,3578.678,56.389,18.888,18.115,0.773,3615.717,3664.705,3566.729
2024-03-19,3642.92,3686.44,3634.21,3673.38,69000,3649.882,3618.763,3583.727,61.615,21.246,18.741,2.505,3618.763,3674.068,3563.459
2024-03-21,3690.79,3734.32,3690.79,3716.91,107300,3667.292,3621.81,3589.733,66.948,26.324,20.258,6.066,3621.81,3690.772,3552.848
2024-03-22,3729.97,3729.97,3703.85,3712.56,69400,3675.998,3626.38,3594.695,65.962,29.656,22.138,7.518,3626.38,3706.39,3546.37
2024-03-25,3690.79,3721.26,3690.79,3695.15,150400,3687.314,3630.08,3598.873,62.023,30.539,23.818,6.721,3630.08,3715.718,3544.441
2024-03-26,3677.74,3712.56,3669.03,3690.79,111200,3697.758,3635.52,3602.007,61.04,30.535,25.161,5.374,3635.52,3722.113,3548.926
2024-03-27,3690.79,3721.26,3686.44,3690.79,234200,3701.24,3640.742,3605.489,61.04,30.184,26.166,4.018,3640.742,3727.445,3554.039
2024-03-28,3645.95,3668.37,3556.26,3560.74,248600,3670.006,3639.027,3605.934,39.426,19.191,24.771,-5.58,3639.027,3730.748,3547.306
2024-03-29,3574.2,3610.07,3560.74,3601.1,65000,3647.714,3640.201,3607.709,45.836,13.579,22.533,-8.954,3640.201,3729.174,3551.227
2024-04-01,3623.53,3628.01,3592.13,3614.56,66200,3631.596,3641.176,3609.928,47.819,10.101,20.046,-9.945,3641.176,3728.476,3553.877
2024-04-02,3619.04,3619.04,3569.71,3583.16,82800,3610.07,3641.018,3610.996,43.791,4.756,16.988,-12.232,3641.018,3728.748,3553.287
2024-04-03,3569.71,3601.1,3551.77,3583.16,91500,3588.544,3639.77,3612.586,43.791,0.514,13.693,-13.179,3639.77,3730.141,3549.4
2024-04-04,3614.56,3677.34,3610.07,3668.37,118800,3610.07,3641.914,3615.184,55.57,3.983,11.751,-7.769,3641.914,3732.891,3550.936
2024-04-05,3663.89,3722.19,3654.92,3686.31,112400,3627.112,3645.824,3617.793,57.585,8.086,11.018,-2.933,3645.824,3737.403,3554.245
2024-04-08,3681.82,3717.7,3672.86,3717.7,51000,3647.74,3650.216,3621.465,60.925,13.712,11.557,2.155,3650.216,3746.857,3553.575
2024-04-09,3735.64,3740.12,3704.25,3717.7,55500,3674.648,3655.478,3624.353,60.925,17.964,12.838,5.126,3655.478,3754.883,3556.074
2024-04-10,3713.22,3735.64,3713.22,3713.22,35900,3700.66,3660.082,3627.587,60.141,20.733,14.417,6.316,3660.082,3761.304,3558.859
2024-04-11,3695.28,3726.67,3681.82,3726.67,44100,3712.32,3664.922,3630.22,61.733,23.74,16.282,7.458,3664.922,3769.27,3560.574
2024-04-12,3722.19,3722.19,3699.76,3708.73,34800,3716.804,3666.907,3633.103,58.384,24.393,17.904,6.489,3666.907,3773.079,3560.735
2024-04-15,3686.31,3713.22,3681.83,3713.22,41000,3715.908,3670.64,3635.292,58.984,24.986,19.32,5.665,3670.64,3777.86,3563.419
2024-04-16,3695.28,3699.76,3636.98,3650.43,50000,3702.454,3671.232,3635.878,48.465,20.156,19.488,0.669,3671.232,3777.836,3564.629
2024-04-17,3650.43,3650.43,3578.68,3601.1,48800,3680.03,3667.618,3635.738,42.111,12.207,18.031,-5.824,3667.618,3778.721,3556.516
2024-04-18,3601.1,3632.49,3596.62,3623.53,41000,3659.402,3662.95,3635.959,45.603,7.63,15.951,-8.321,3662.95,3773.175,3552.724
2024-04-19,3587.65,3610.07,3565.23,3596.62,61200,3636.98,3657.152,3635.033,42.306,1.81,13.123,-11.313,3657.152,3768.581,3545.724
2024-04-22,3636.98,3690.79,3636.98,3677.34,56200,3629.804,3656.262,3635.199,53.23,3.669,11.232,-7.563,3656.262,3766.692,3545.832
2024-04-23,3654.92,3681.82,3650.43,3668.37,38400,3633.392,3655.141,3636.144,52.05,4.368,9.859,-5.491,3655.141,3764.546,3545.736
2024-04-24,3668.37,3672.86,3641.46,3668.37,44700,3646.846,3654.02,3638.132,52.05,4.866,8.861,-3.995,3654.02,3762.341,3545.699
2024-04-25,3650.43,3663.89,3636.98,3650.43,44200,3652.226,3658.504,3639.414,49.506,3.769,7.842,-4.073,3658.504,3757.599,3559.41
2024-04-26,3650.43,3668.37,3619.04,3668.37,51800,3666.576,3661.868,3641.055,52.031,4.298,7.133,-2.835,3661.868,3757.255,3566.481
2024-04-30,3677.34,3690.79,3641.46,3690.79,55900,3669.266,3665.679,3643.492,55.056,6.452,6.997,-0.545,3665.679,3759.181,3572.178
2024-05-01,3686.31,3704.25,3668.37,3686.31,68100,3672.854,3670.837,3645.404,54.319,7.709,7.14,0.569,3670.837,3756.198,3585.476
2024-05-02,3699.76,3793.94,3663.89,3704.25,268700,3680.03,3676.892,3647.24,56.813,10.037,7.719,2.318,3676.892,3752.713,3601.07
2024-05-07,3749.09,3780.49,3704.25,3780.49,181100,3706.042,3682.498,3649.731,65.445,17.828,9.741,8.087,3682.498,3771.159,3593.836
2024-05-08,3780.49,3825.33,3758.06,3811.88,120300,3734.744,3688.776,3653.545,68.259,26.233,13.039,13.194,3688.776,3794.681,3582.871
2024-05-09,3811.88,3892.6,3802.91,3870.18,145200,3770.622,3696.4,3658.525,72.704,37.17,17.865,19.305,3696.4,3829.528,3563.272
2024-05-10,3874.66,3919.51,3856.72,3919.51,88100,3817.262,3706.49,3665.276,75.793,49.251,24.143,25.108,3706.49,3872.858,3540.123
2024-05-13,3915.02,3915.02,3861.21,3906.05,81000,3857.622,3716.132,3671.67,73.353,57.08,30.73,26.35,3716.132,3904.974,3527.29
2024-05-14,3892.6,3897.08,3807.39,3807.39,72300,3863.002,3720.168,3675.917,58.494,54.694,35.523,19.171,3720.168,3913.359,3526.977
2024-05-15,3825.33,3825.33,3767.03,3776.0,39700,3855.826,3723.531,3679.884,54.697,49.697,38.358,11.339,3723.531,3918.22,3528.843
2024-05-16,3776.0,3780.49,3753.58,3780.49,27600,3837.888,3726.895,3683.593,55.145,45.574,39.801,5.773,3726.895,3923.152,3530.638
2024-05-17,3753.58,3811.88,3749.09,3802.91,30100,3814.568,3734.519,3687.925,57.412,43.612,40.563,3.049,3734.519,3930.114,3538.924
2024-05-20,3784.97,3816.36,3784.97,3802.91,32700,3793.94,3744.609,3691.821,57.412,41.579,40.766,0.812,3744.609,3931.869,3557.35
2024-05-21,3784.97,3802.91,3744.61,3749.09,60900,3782.28,3750.888,3694.293,50.33,35.218,39.657,-4.438,3750.888,3929.263,3572.512
2024-05-22,3726.67,3744.61,3699.76,3722.19,75200,3771.518,3757.166,3696.574,47.197,27.688,37.263,-9.575,3757.166,3920.919,3593.413
2024-05-23,3722.19,3789.45,3699.76,3758.06,39300,3767.032,3761.202,3699.138,51.53,24.334,34.677,-10.343,3761.202,3920.592,3601.812
2024-05-24,3717.7,3758.06,3717.7,3744.61,28900,3755.372,3765.014,3701.782,49.877,20.356,31.813,-11.457,3765.014,3918.597,3611.431
2024-05-27,3731.16,3749.09,3722.19,3731.16,25800,3741.022,3768.153,3703.982,48.212,15.934,28.637,-12.703,3768.153,3915.873,3620.434
2024-05-28,3731.16,3735.64,3704.25,3704.25,38000,3732.054,3770.844,3705.469,44.976,10.142,24.938,-14.796,3770.844,3911.318,3630.371
2024-05-29,3681.82,3713.22,3681.82,3690.79,35200,3725.774,3771.966,3705.905,43.407,4.414,20.833,-16.419,3771.966,3909.319,3634.612
2024-05-30,3677.34,3708.73,3659.4,3704.25,65400,3715.012,3772.638,3707.218,45.456,0.95,16.857,-15.907,3772.638,3908.44,3636.837
2024-05-31,3726.67,3740.12,3677.34,3717.7,86000,3709.63,3774.208,3708.801,47.502,-0.702,13.345,-14.047,3774.208,3906.489,3641.927
2024-06-03,3740.12,3780.49,3740.12,3780.49,46800,3719.496,3778.02,3710.943,55.832,3.021,11.28,-8.259,3778.02,3906.141,3649.899
2024-06-04,3780.49,3820.85,3780.49,3802.91,56300,3739.228,3779.141,3712.663,58.372,7.692,10.562,-2.871,3779.141,3907.744,3650.538
2024-06-05,3767.03,3767.03,3731.16,3749.09,27800,3750.888,3776.002,3713.394,50.817,6.97,9.844,-2.874,3776.002,3904.305,3647.698
2024-06-06,3771.52,3771.52,3722.19,3744.61,39600,3758.96,3769.723,3714.383,50.234,5.968,9.069,-3.101,3769.723,3890.702,3648.744
2024-06-07,3744.61,3744.61,3704.25,3726.67,29200,3760.754,3760.081,3715.1,47.867,3.683,7.992,-4.308,3760.081,3859.637,3660.525
2024-06-10,3731.16,3762.55,3722.19,3758.06,23400,3756.268,3752.682,3716.446,52.119,4.356,7.264,-2.909,3752.682,3824.765,3680.598
2024-06-11,3767.03,3771.52,3722.19,3740.12,32300,3743.71,3749.318,3720.033,49.628,3.402,6.492,-3.09,3749.318,3816.783,3681.853
2024-06-12,3735.64,3758.06,3731.16,3753.58,28700,3744.608,3748.197,3723.083,51.501,3.689,5.931,-2.242,3748.197,3814.531,3681.863
2024-06-13,3731.15,3735.64,3659.4,3672.86,50500,3730.258,3742.815,3724.249,41.528,-2.566,4.232,-6.798,3742.815,3815.297,3670.334
2024-06-14,3686.31,3735.64,3677.34,3722.19,57300,3729.362,3738.779,3727.03,48.138,-3.503,2.685,-6.188,3738.779,3805.967,3671.592
2024-06-17,3735.64,3735.64,3690.79,3731.16,41800,3723.982,3735.192,3729.99,49.261,-3.482,1.451,-4.933,3735.192,3795.245,3675.139
2024-06-18,3740.12,3740.12,3686.31,3690.79,19400,3714.116,3732.277,3730.438,44.581,-6.646,-0.168,-6.478,3732.277,3795.087,3669.467
2024-06-19,3690.79,3708.73,3690.79,3708.73,20400,3705.146,3731.604,3730.886,46.991,-7.618,-1.658,-5.96,3731.604,3795.153,3668.055
2024-06-20,3717.7,3776.0,3717.7,3762.55,74200,3723.084,3731.828,3731.783,53.521,-3.999,-2.126,-1.873,3731.828,3795.801,3667.856
2024-06-21,3789.45,3802.91,3767.03,3780.49,100500,3734.744,3733.622,3733.039,55.489,0.312,-1.639,1.951,3733.622,3801.025,3666.22
2024-06-24,3780.49,3802.91,3744.61,3784.97,56000,3745.506,3736.313,3734.474,55.99,4.044,-0.502,4.546,3736.313,3807.491,3665.135
2024-06-25,3802.91,3847.75,3793.94,3838.78,45800,3775.104,3743.04,3736.716,61.585,11.215,1.841,9.373,3743.04,3825.924,3660.155
2024-06-26,3838.78,3852.24,3820.85,3834.3,43600,3800.218,3750.215,3739.228,60.891,16.347,4.742,11.605,3750.215,3838.712,3661.718
2024-06-27,3820.85,3852.24,3811.88,3838.78,38600,3815.464,3756.942,3741.739,61.36,20.54,7.902,12.638,3756.942,3851.004,3662.879
2024-06-28,3843.27,3852.24,3834.3,3852.24,39200,3829.814,3763.668,3745.775,62.804,24.664,11.254,13.41,3763.668,3864.886,3662.451
2024-07-01,3865.69,3870.18,3838.78,3861.21,50200,3845.062,3767.705,3750.977,63.775,28.33,14.669,13.66,3767.705,3877.794,3657.615
2024-07-02,3843.27,3888.11,3829.82,3874.66,49200,3852.238,3771.292,3756.0,65.24,31.952,18.126,13.826,3771.292,3890.51,3652.074
2024-07-03,3856.72,3892.6,3856.72,3865.69,56300,3858.516,3777.122,3761.381,63.398,33.71,21.243,12.467,3777.122,3902.987,3651.257
2024-07-04,3852.24,3870.18,3838.78,3838.78,34600,3858.516,3781.83,3764.61,58.099,32.557,23.505,9.051,3781.83,3909.606,3654.055
2024-07-05,3829.82,3838.78,3776.0,3780.49,60600,3844.166,3784.522,3766.853,48.619,26.632,24.131,2.501,3784.522,3909.645,3659.398
2024-07-08,3789.45,3798.42,3767.03,3771.52,41200,3826.228,3785.194,3768.916,47.339,20.971,23.499,-2.528,3785.194,3909.863,3660.526
2024-07-09,3771.52,3825.33,3758.06,3816.36,74000,3814.568,3789.007,3772.234,53.876,19.874,22.774,-2.9,3789.007,3912.529,3665.484
2024-07-10,3811.88,3816.36,3789.45,3816.36,47100,3804.702,3792.146,3775.194,53.876,18.788,21.977,-3.189,3792.146,3915.066,3669.225
2024-07-11,3816.36,3834.3,3807.39,3825.33,52100,3802.012,3799.769,3777.885,55.168,18.439,21.269,-2.83,3799.769,3909.774,3689.764
2024-07-12,3811.88,3879.15,3807.39,3870.18,59000,3819.95,3807.168,3781.562,61.041,21.533,21.322,0.211,3807.168,3915.091,3699.246
2024-07-16,3883.63,3928.48,3879.15,3892.6,72400,3844.166,3815.24,3785.329,63.607,25.5,22.157,3.342,3815.24,3923.375,3707.106
2024-07-17,3919.51,3919.51,3892.6,3915.02,36000,3863.898,3826.452,3788.02,66.018,30.106,23.747,6.359,3826.452,3926.448,3726.456
2024-07-18,3915.02,4027.14,3910.54,3968.84,103900,3894.394,3839.458,3791.159,70.987,37.665,26.531,11.134,3839.458,3942.597,3736.318
2024-07-19,3991.26,3995.74,3910.54,3937.44,58200,3916.816,3848.202,3792.504,65.014,40.653,29.355,11.298,3848.202,3953.52,3742.884
2024-07-22,3910.54,3923.99,3883.63,3923.99,34200,3927.578,3855.377,3792.594,62.585,41.458,31.776,9.682,3855.377,3960.824,3749.93
2024-07-23,3923.99,3950.9,3910.54,3950.9,32800,3939.238,3863.674,3793.491,65.372,43.763,34.173,9.59,3863.674,3971.87,3755.477
2024-07-24,3946.41,3946.41,3865.69,3865.69,51100,3929.372,3865.019,3794.657,52.128,38.272,34.993,3.279,3865.019,3972.58,3757.458
2024-07-25,3856.72,3901.57,3816.36,3879.15,83200,3911.434,3867.262,3796.72,53.723,34.608,34.916,-0.308,3867.262,3973.993,3760.53
2024-07-26,3897.08,3910.54,3847.75,3892.6,49400,3902.466,3869.952,3798.962,55.325,32.416,34.416,-2.0,3869.952,3976.373,3763.532
2024-07-29,3915.02,3946.41,3906.05,3937.44,43100,3905.156,3874.212,3801.653,60.263,33.906,34.314,-0.408,3874.212,3984.402,3764.023
2024-07-30,3937.45,3937.45,3879.15,3888.11,45400,3892.598,3875.558,3803.357,53.285,30.752,33.602,-2.849,3875.558,3985.736,3765.379
2024-07-31,3915.02,4009.2,3910.54,3986.78,102500,3916.816,3881.163,3808.11,62.611,35.802,34.042,1.76,3881.163,4002.04,3760.287
2024-08-01,3923.99,3982.29,3605.59,3632.49,237000,3867.484,3869.504,3806.316,35.335,11.088,29.451,-18.363,3869.504,4033.841,3705.166
2024-08-02,3569.71,3583.16,3502.44,3502.44,155700,3789.452,3852.687,3801.204,30.144,-18.776,19.806,-38.582,3852.687,4085.028,3620.345
2024-08-05,3439.66,3480.02,3206.46,3215.43,174800,3645.05,3824.434,3790.62,22.343,-64.855,2.873,-67.728,3824.434,4191.882,3456.985
2024-08-06,3403.78,3421.72,3287.18,3318.58,138800,3531.144,3801.786,3782.369,29.413,-91.989,-16.099,-75.89,3801.786,4233.226,3370.347
2024-08-07,3318.58,3444.14,3305.12,3363.42,109800,3406.472,3779.14,3775.552,32.299,-108.623,-34.604,-74.019,3779.14,4252.84,3305.439
2024-08-08,3318.58,3394.81,3318.58,3345.48,108200,3349.07,3755.595,3768.646,31.74,-121.848,-52.053,-69.795,3755.595,4266.827,3244.364
2024-08-09,3399.3,3399.3,3291.67,3327.54,154400,3314.09,3730.706,3761.112,31.159,-132.252,-68.093,-64.16,3730.706,4275.041,3186.371
2024-08-13,3354.45,3367.91,3318.58,3367.91,58700,3344.586,3705.592,3754.116,34.082,-135.676,-81.609,-54.067,3705.592,4268.851,3142.334
2024-08-14,3376.87,3403.78,3358.94,3385.84,58700,3358.038,3680.254,3746.223,35.394,-135.382,-92.364,-43.018,3680.254,4253.594,3106.915
2024-08-15,3385.84,3390.33,3354.45,3381.36,64300,3361.626,3653.572,3737.792,35.206,-133.967,-100.685,-33.282,3653.572,4230.569,3076.574
2024-08-16,3421.72,3439.66,3399.3,3439.66,61000,3380.462,3627.112,3731.603,39.707,-126.68,-105.884,-20.796,3627.112,4191.635,3062.59
2024-08-19,3448.63,3448.63,3399.3,3421.72,83600,3399.298,3601.327,3725.146,38.814,-120.959,-108.899,-12.06,3601.327,4153.136,3049.517
2024-08-20,3444.14,3520.38,3439.66,3497.96,115600,3425.308,3580.025,3720.571,44.528,-109.016,-108.922,-0.094,3580.025,4111.922,3048.128
2024-08-21,3497.96,3524.87,3475.53,3488.99,56000,3445.938,3556.93,3715.19,44.007,-99.132,-106.964,7.832,3556.93,4060.373,3053.486
2024-08-22,3488.99,3502.44,3471.05,3493.47,31700,3468.36,3538.319,3710.257,44.357,-89.901,-103.552,13.65,3538.319,4020.786,3055.851
2024-08-23,3493.47,3515.9,3480.02,3497.96,51100,3480.02,3519.259,3705.145,44.73,-81.287,-99.099,17.812,3519.259,3974.377,3064.141
2024-08-26,3497.96,3547.29,3484.5,3538.32,73400,3503.34,3501.545,3702.454,48.097,-70.391,-93.357,22.966,3501.545,3921.716,3081.374
2024-08-27,3538.32,3569.71,3538.32,3551.77,48800,3514.102,3482.261,3699.045,49.207,-59.98,-86.682,26.702,3482.261,3850.375,3114.148
2024-08-28,3542.8,3560.74,3524.87,3529.35,25400,3522.174,3464.324,3695.009,47.387,-52.928,-79.931,27.003,3464.324,3780.462,3148.185
2024-08-29,3533.83,3547.29,3515.9,3538.32,40700,3531.144,3441.901,3691.96,48.212,-46.084,-73.161,27.078,3441.901,3645.649,3238.152
2024-08-30,3524.87,3569.71,3520.38,3551.77,68200,3541.906,3437.864,3688.821,49.492,-39.124,-66.354,27.23,3437.864,3628.493,3247.236
2024-09-02,3556.26,3596.62,3529.35,3556.26,61900,3545.494,3440.556,3684.695,49.936,-32.867,-59.656,26.79,3440.556,3636.468,3244.643
2024-09-03,3556.26,3596.62,3556.26,3592.13,38900,3553.566,3459.39,3680.928,53.461,-24.728,-52.671,27.943,3459.39,3635.615,3283.166
2024-09-04,3542.8,3560.74,3506.93,3529.35,109300,3553.566,3469.929,3675.815,47.198,-23.078,-46.752,23.674,3469.929,3635.59,3304.268
2024-09-05,3529.35,3542.8,3497.96,3502.44,78400,3546.39,3476.88,3669.088,44.776,-23.67,-42.136,18.466,3476.88,3635.229,3318.531
2024-09-06,3524.87,3533.83,3480.02,3506.93,42100,3537.422,3484.953,3662.541,45.281,-23.505,-38.41,14.905,3484.953,3631.087,3338.818
2024-09-09,3457.6,3484.5,3435.17,3484.5,85800,3523.07,3492.801,3655.455,43.16,-24.897,-35.707,10.81,3492.801,3618.814,3366.787
2024-09-10,3497.96,3520.38,3484.5,3511.41,68900,3506.926,3499.976,3648.639,46.403,-23.557,-33.277,9.72,3499.976,3611.563,3388.388
2024-09-11,3502.44,3511.41,3435.17,3453.11,81000,3491.678,3503.339,3640.477,40.951,-26.89,-32.0,5.11,3503.339,3603.958,3402.72
2024-09-12,3462.08,3475.54,3435.17,3444.14,56900,3480.018,3506.478,3631.866,40.169,-29.91,-31.582,1.672,3506.478,3594.159,3418.797
2024-09-13,3444.14,3444.14,3408.27,3412.75,66400,3461.182,3505.132,3622.808,37.472,-34.44,-32.153,-2.286,3505.132,3597.814,3412.451
2024-09-17,3444.14,3475.54,3435.17,3466.57,58200,3457.596,3507.375,3615.363,44.369,-33.303,-32.383,-0.919,3507.375,3593.497,3421.253
2024-09-18,3475.54,3484.5,3439.66,3475.54,46900,3450.422,3506.254,3609.264,45.449,-31.317,-32.17,0.853,3506.254,3593.469,3419.039
2024-09-19,3493.47,3511.41,3466.57,3480.02,50600,3455.804,3505.806,3603.434,46.012,-29.047,-31.545,2.499,3505.806,3593.485,3418.126
2024-09-20,3453.11,3488.99,3453.11,3471.05,96600,3461.186,3504.685,3596.528,45.009,-27.652,-30.767,3.114,3504.685,3593.593,3415.776
2024-09-24,3497.96,3506.93,3466.57,3471.05,55800,3472.846,3503.339,3589.622,45.009,-26.245,-29.862,3.617,3503.339,3593.482,3413.196
2024-09-25,3453.11,3462.08,3426.21,3462.08,67700,3471.948,3499.527,3582.357,43.9,-25.559,-29.002,3.443,3499.527,3589.889,3409.165
2024-09-26,3484.5,3515.9,3475.54,3511.41,122100,3479.122,3497.509,3575.182,51.047,-20.795,-27.36,6.565,3497.509,3584.706,3410.312
2024-09-27,3534.24,3561.64,3511.41,3561.64,62200,3495.446,3499.123,3568.562,57.048,-12.818,-24.452,11.634,3499.123,3589.924,3408.323
2024-09-30,3506.85,3552.51,3497.71,3529.68,108700,3507.172,3498.692,3560.856,52.628,-8.972,-21.356,12.384,3498.692,3588.786,3408.597
2024-10-01,3529.68,3538.81,3506.85,3534.24,60700,3519.81,3497.815,3552.164,53.185,-5.493,-18.183,12.69,3497.815,3586.058,3409.572
2024-10-02,3534.24,3552.51,3502.28,3515.98,80300,3530.59,3495.801,3543.734,50.617,-4.161,-15.379,11.218,3495.801,3580.181,3411.421
2024-10-03,3557.07,3557.07,3520.54,3543.38,66600,3536.984,3493.364,3536.122,54.191,-0.885,-12.48,11.595,3493.364,3568.317,3418.41
2024-10-04,3561.64,3579.9,3557.07,3570.77,62800,3538.81,3495.435,3528.52,57.503,3.877,-9.209,13.086,3495.435,3576.606,3414.263
2024-10-07,3607.3,3616.43,3566.21,3598.17,71900,3552.508,3500.221,3523.169,60.574,9.75,-5.417,15.167,3500.221,3593.516,3406.926
2024-10-08,3557.07,3557.07,3520.54,3529.68,104300,3551.596,3501.358,3516.18,50.71,8.776,-2.578,11.355,3501.358,3595.549,3407.168
2024-10-09,3525.11,3543.38,3497.71,3520.54,103100,3552.508,3503.16,3508.739,49.551,7.184,-0.626,7.81,3503.16,3597.372,3408.949
2024-10-10,3515.98,3547.94,3502.28,3547.94,47000,3553.42,3504.987,3500.949,53.019,8.041,1.108,6.933,3504.987,3601.265,3408.709
2024-10-11,3529.68,3543.38,3515.98,3515.98,60400,3542.462,3508.13,3493.506,48.804,6.071,2.1,3.971,3508.13,3601.333,3414.928
2024-10-15,3543.37,3543.37,3511.41,3529.68,52700,3528.764,3512.408,3484.364,50.617,5.551,2.79,2.761,3512.408,3600.982,3423.833
2024-10-16,3511.41,3543.38,3506.85,3506.85,49200,3524.198,3517.112,3481.851,47.593,3.26,2.884,0.375,3517.112,3592.398,3441.827
2024-10-17,3511.41,3525.11,3493.15,3493.15,33000,3518.72,3518.442,3481.665,45.824,0.334,2.374,-2.04,3518.442,3590.854,3446.029
2024-10-18,3506.85,3525.11,3502.28,3506.85,33400,3510.502,3520.007,3487.494,47.909,-0.869,1.726,-2.595,3520.007,3589.821,3450.193
2024-10-21,3525.11,3525.11,3497.71,3502.28,51700,3507.762,3521.12,3491.168,47.256,-2.166,0.947,-3.113,3521.12,3588.931,3453.309
2024-10-22,3497.71,3497.71,3461.18,3465.75,109200,3494.976,3520.855,3493.214,42.291,-6.072,-0.457,-5.615,3520.855,3589.526,3452.184
2024-10-23,3456.62,3465.75,3429.22,3438.35,56600,3481.276,3519.22,3495.072,38.983,-11.248,-2.615,-8.633,3519.22,3594.155,3444.285
2024-10-24,3433.79,3452.05,3420.09,3442.92,81700,3471.23,3518.262,3497.379,39.829,-14.811,-5.054,-9.757,3518.262,3596.682,3439.842
2024-10-25,3465.75,3479.45,3438.35,3456.62,86700,3461.184,3515.523,3499.154,42.405,-16.341,-7.312,-9.03,3515.523,3598.638,3432.407
2024-10-28,3442.92,3506.85,3429.22,3488.58,78300,3458.444,3511.87,3501.208,47.999,-14.804,-8.81,-5.994,3511.87,3592.845,3430.894
2024-10-29,3506.85,3534.24,3497.71,3515.98,64700,3468.49,3511.185,3503.901,52.278,-11.245,-9.297,-1.948,3511.185,3591.756,3430.613
2024-10-30,3511.41,3547.94,3484.01,3497.71,183200,3480.362,3509.358,3505.062,49.361,-9.786,-9.395,-0.391,3509.358,3589.384,3429.332
2024-10-31,3515.98,3543.38,3506.85,3520.54,70400,3495.886,3509.586,3507.038,52.898,-6.711,-8.858,2.148,3509.586,3589.717,3429.455
2024-11-01,3502.28,3543.38,3488.58,3525.11,92600,3509.584,3508.672,3507.581,53.596,-3.86,-7.858,3.999,3508.672,3587.589,3429.756
2024-11-05,3525.11,3525.11,3447.49,3447.49,92400,3501.366,3502.508,3506.751,42.159,-7.774,-7.842,0.067,3502.508,3580.252,3424.765
2024-11-06,3456.62,3488.58,3438.35,3442.92,98400,3486.754,3494.746,3505.74,41.596,-11.117,-8.497,-2.62,3494.746,3562.653,3426.839
2024-11-07,3474.88,3511.41,3474.88,3493.15,86000,3485.842,3492.92,3505.644,49.566,-9.602,-8.718,-0.885,3492.92,3558.805,3427.034
2024-11-08,3502.28,3506.85,3452.05,3456.62,58900,3473.058,3489.724,3504.01,44.78,-11.22,-9.218,-2.002,3489.724,3556.166,3423.281
2024-11-11,3474.88,3474.88,3433.79,3461.18,65300,3460.272,3485.386,3502.198,45.487,-11.996,-9.774,-2.222,3485.386,3546.976,3423.795
2024-11-12,3461.18,3484.01,3447.48,3461.18,69200,3463.01,3482.646,3500.835,45.487,-12.467,-10.313,-2.155,3482.646,3543.375,3421.916
2024-11-13,3452.05,3470.32,3447.48,3465.75,48300,3467.576,3479.449,3499.383,46.287,-12.33,-10.716,-1.614,3479.449,3536.365,3422.533
2024-11-14,3465.75,3474.88,3447.49,3452.05,39900,3459.356,3476.709,3497.389,44.194,-13.175,-11.208,-1.967,3476.709,3533.347,3420.071
2024-11-15,3465.75,3474.88,3452.05,3456.62,45100,3459.356,3474.882,3495.396,45.086,-13.322,-11.631,-1.691,3474.882,3531.644,3418.121
2024-11-18,3452.05,3470.32,3442.92,3461.18,62100,3459.356,3472.599,3492.777,46.014,-12.922,-11.889,-1.033,3472.599,3527.592,3417.606
2024-11-19,3456.62,3465.75,3438.35,3442.92,44300,3455.704,3469.631,3491.049,42.889,-13.917,-12.294,-1.623,3469.631,3524.286,3414.976
2024-11-20,3456.62,3456.62,3429.22,3456.62,59800,3453.878,3469.174,3490.132,45.86,-13.446,-12.525,-0.921,3469.174,3524.118,3414.231
2024-11-21,3461.18,3465.75,3442.92,3447.49,35800,3452.966,3469.632,3488.943,44.209,-13.652,-12.75,-0.902,3469.632,3523.639,3415.624
2024-11-22,3447.48,3456.62,3442.92,3442.92,31900,3450.226,3469.632,3488.112,43.368,-14.022,-13.005,-1.017,3469.632,3523.639,3415.624
2024-11-25,3465.75,3470.32,3438.35,3438.35,61500,3445.66,3468.718,3486.651,42.497,-14.517,-13.307,-1.21,3468.718,3524.249,3413.187
2024-11-26,3452.05,3452.05,3410.96,3433.79,71100,3443.834,3465.978,3486.264,41.6,-15.103,-13.666,-1.437,3465.978,3522.775,3409.182
2024-11-27,3433.79,3433.79,3392.69,3415.52,64100,3435.614,3460.956,3485.692,38.125,-16.847,-14.302,-2.545,3460.956,3516.896,3405.015
2024-11-28,3410.96,3452.05,3410.96,3452.05,49700,3436.526,3458.672,3486.478,47.557,-15.108,-14.463,-0.644,3458.672,3511.961,3405.384
2024-11-29,3456.62,3465.75,3442.92,3447.49,37700,3437.44,3455.02,3486.096,46.602,-13.937,-14.358,0.421,3455.02,3499.786,3410.254
2024-12-02,3461.18,3474.88,3452.05,3461.18,46100,3442.006,3451.824,3485.809,49.857,-11.768,-13.84,2.072,3451.824,3482.397,3421.25
2024-12-03,3470.32,3515.98,3470.32,3488.58,58400,3452.964,3453.878,3485.98,55.681,-7.75,-12.622,4.873,3453.878,3488.482,3419.274
2024-12-04,3488.58,3497.71,3470.32,3470.32,42000,3463.924,3455.248,3485.966,51.397,-5.969,-11.292,5.322,3455.248,3490.193,3420.303
2024-12-05,3470.32,3484.01,3461.18,3479.45,47100,3469.404,3454.563,3486.134,53.33,-3.778,-9.789,6.011,3454.563,3486.813,3422.313
2024-12-06,3488.58,3488.58,3465.75,3479.45,35800,3475.796,3455.704,3486.481,53.33,-2.018,-8.235,6.216,3455.704,3489.823,3421.586
2024-12-09,3474.88,3493.15,3465.75,3488.58,64600,3481.276,3457.074,3486.024,55.388,0.112,-6.565,6.677,3457.074,3494.188,3419.961
2024-12-10,3497.71,3534.24,3488.58,3520.54,84600,3487.668,3460.043,3485.202,61.748,4.329,-4.387,8.715,3460.043,3506.784,3413.301
2024-12-11,3520.54,3552.51,3520.54,3543.38,43500,3502.28,3463.924,3485.476,65.53,9.406,-1.628,11.034,3463.924,3523.729,3404.119
2024-12-12,3552.51,3598.17,3543.37,3589.04,115800,3524.198,3470.774,3486.572,71.579,16.918,2.081,14.837,3470.774,3552.29,3389.257
2024-12-13,3552.51,3607.3,3543.37,3589.04,57300,3546.116,3477.394,3488.034,71.579,22.611,6.187,16.424,3477.394,3574.156,3380.633
2024-12-16,3593.6,3616.43,3566.21,3566.21,39000,3561.642,3482.646,3488.49,64.968,24.993,9.948,15.045,3482.646,3586.819,3378.473
2024-12-17,3579.9,3584.47,3547.94,3547.94,42900,3567.122,3487.897,3488.034,60.177,25.117,12.982,12.135,3487.897,3594.204,3381.59
2024-12-18,3547.94,3593.6,3547.94,3561.64,76000,3570.774,3493.148,3487.303,62.415,26.02,15.59,10.431,3493.148,3603.257,3383.039
2024-12-19,3561.64,3602.74,3561.64,3584.47,75000,3569.86,3499.997,3488.399,65.858,28.253,18.122,10.13,3499.997,3615.077,3384.917
2024-12-20,3584.47,3589.04,3557.07,3557.07,71900,3563.466,3505.704,3489.129,58.886,27.494,19.997,7.498,3505.704,3620.186,3391.223
2024-12-23,3570.77,3579.9,3547.94,3566.21,49500,3563.466,3512.098,3489.495,60.392,27.316,21.46,5.855,3512.098,3625.012,3399.183
2024-12-24,3579.9,3648.4,3579.9,3634.7,83000,3580.818,3522.143,3491.869,69.431,32.328,23.634,8.694,3522.143,3641.3,3402.986
2024-12-25,3634.7,3634.7,3575.34,3593.6,33100,3587.21,3531.047,3493.148,60.507,32.608,25.429,7.179,3531.047,3643.056,3419.038
2024-12-26,3602.74,3616.43,3589.04,3607.3,61800,3591.776,3538.81,3495.157,62.249,33.549,27.053,6.496,3538.81,3649.275,3428.344
2024-12-27,3630.13,3630.13,3598.17,3625.57,39500,3605.476,3547.714,3497.805,64.498,35.361,28.714,6.647,3547.714,3655.871,3439.556
2024-12-30,3639.27,3639.27,3607.3,3616.43,53500,3615.52,3555.476,3499.997,62.492,35.649,30.101,5.547,3555.476,3659.697,3451.255
2025-01-06,3643.83,3643.83,3593.6,3593.6,69700,3607.3,3560.727,3501.823,57.669,33.647,30.81,2.836,3560.727,3661.274,3460.18
2025-01-07,3602.74,3602.74,3538.81,3538.81,91600,3596.342,3564.152,3503.284,48.078,27.324,30.113,-2.789,3564.152,3656.025,3472.278
2025-01-08,3534.24,3538.81,3488.58,3488.58,92400,3572.598,3564.608,3504.289,41.298,18.052,27.701,-9.649,3564.608,3654.784,3474.432
2025-01-09,3493.15,3497.71,3479.45,3479.45,46900,3543.374,3564.608,3505.019,40.188,9.853,24.131,-14.278,3564.608,3654.784,3474.432
2025-01-10,3479.45,3484.01,3456.62,3461.18,68100,3512.324,3563.238,3505.111,37.989,1.86,19.677,-17.817,3563.238,3658.941,3467.535
2025-01-14,3484.01,3497.71,3433.79,3452.05,85200,3484.014,3559.813,3504.38,36.902,-5.151,14.711,-19.863,3559.813,3666.249,3453.378
2025-01-15,3456.62,3465.75,3447.48,3461.18,54400,3468.488,3555.704,3503.284,38.788,-9.858,9.798,-19.656,3555.704,3670.806,3440.601
2025-01-16,3497.71,3497.71,3452.05,3452.05,66500,3461.182,3548.854,3502.371,37.578,-14.162,5.006,-19.167,3548.854,3671.651,3426.057
2025-01-17,3452.05,3470.32,3424.65,3456.62,83400,3456.616,3542.233,3501.092,38.61,-17.007,0.603,-17.61,3542.233,3670.083,3414.383
2025-01-20,3474.88,3484.01,3456.62,3484.01,37500,3461.182,3538.123,3500.27,44.529,-16.858,-2.889,-13.969,3538.123,3667.996,3408.25
2025-01-21,3493.15,3493.15,3461.18,3465.75,42300,3463.922,3534.013,3500.636,41.646,-18.006,-5.912,-12.093,3534.013,3667.723,3400.304
2025-01-22,3479.45,3493.15,3474.88,3479.45,53300,3467.576,3529.904,3501.366,44.547,-17.607,-8.251,-9.355,3529.904,3665.083,3394.725
2025-01-23,3493.15,3493.15,3452.05,3461.18,50000,3469.402,3523.739,3500.727,41.579,-18.551,-10.311,-8.24,3523.739,3659.684,3387.795
2025-01-24,3470.32,3488.58,3452.05,3452.05,51100,3468.488,3518.489,3500.635,40.139,-19.808,-12.211,-7.597,3518.489,3657.099,3379.878
2025-01-27,3484.01,3502.28,3465.75,3502.28,44800,3472.142,3515.292,3501.457,50.328,-16.56,-13.08,-3.479,3515.292,3652.207,3378.377
2025-01-28,3502.28,3547.94,3502.28,3520.54,46300,3483.1,3509.584,3502.645,53.431,-12.369,-12.938,0.569,3509.584,3634.534,3384.634
2025-01-29,3520.54,3529.68,3506.85,3511.41,31700,3489.492,3505.475,3503.558,51.692,-9.674,-12.285,2.611,3505.475,3624.033,3386.916
2025-01-30,3511.41,3543.37,3511.41,3534.24,33800,3504.104,3501.822,3505.202,55.584,-5.631,-10.954,5.324,3501.822,3611.326,3392.317
2025-01-31,3543.37,3543.37,3515.98,3529.68,40600,3519.63,3497.027,3506.663,54.637,-2.762,-9.316,6.554,3497.027,3591.016,3403.038
2025-02-03,3525.11,3525.11,3479.45,3488.58,91500,3516.89,3490.634,3507.211,46.885,-3.762,-8.205,4.443,3490.634,3565.97,3415.299
2025-02-04,3488.58,3502.28,3452.05,3452.05,92500,3503.192,3483.557,3507.393,41.278,-7.417,-8.048,0.631,3483.557,3543.105,3424.009
2025-02-05,3474.88,3479.45,3447.49,3452.05,59400,3491.32,3479.219,3507.302,41.278,-10.196,-8.477,-1.719,3479.219,3534.291,3424.147
2025-02-06,3442.92,3497.71,3401.82,3433.79,184800,3471.23,3476.48,3507.028,38.602,-13.713,-9.524,-4.189,3476.48,3534.938,3418.021
2025-02-07,3410.96,3452.05,3397.26,3433.79,99000,3452.052,3474.197,3506.845,38.602,-16.313,-10.882,-5.431,3474.197,3535.656,3412.737
2025-02-10,3452.05,3452.05,3424.65,3438.35,53700,3442.006,3473.055,3506.845,39.734,-17.8,-12.266,-5.534,3473.055,3536.353,3409.757
2025-02-12,3461.18,3461.18,3415.52,3429.22,65500,3437.44,3471.914,3506.754,38.215,-19.491,-13.711,-5.78,3471.914,3537.585,3406.242
2025-02-13,3465.75,3470.32,3442.92,3461.18,45600,3439.266,3471.913,3507.667,45.996,-18.043,-14.577,-3.466,3471.913,3537.585,3406.242
2025-02-14,3461.18,3474.88,3433.79,3447.49,69100,3442.006,3471.685,3507.576,43.471,-17.796,-15.221,-2.575,3471.685,3537.678,3405.693
2025-02-17,3474.88,3488.58,3429.22,3429.22,65600,3441.092,3470.315,3507.211,40.291,-18.857,-15.948,-2.909,3470.315,3538.719,3401.912
2025-02-18,3438.35,3438.35,3410.96,3424.65,50600,3438.352,3467.348,3506.48,39.513,-19.838,-16.726,-3.112,3467.348,3538.351,3396.344
2025-02-19,3442.92,3461.18,3415.52,3415.52,75300,3435.612,3464.836,3505.019,37.936,-21.109,-17.603,-3.506,3464.836,3539.535,3390.137
2025-02-20,3415.52,3433.79,3383.56,3383.56,94400,3420.088,3460.041,3503.284,32.975,-24.413,-18.965,-5.448,3460.041,3542.678,3377.405
2025-02-21,3388.12,3392.69,3356.16,3365.29,135900,3403.648,3455.247,3501.0,30.518,-28.181,-20.808,-7.373,3455.247,3548.101,3362.393
2025-02-25,3360.73,3388.12,3360.73,3365.29,94800,3390.862,3450.909,3498.717,30.518,-30.812,-22.809,-8.004,3450.909,3552.122,3349.696
2025-02-26,3383.56,3388.12,3360.73,3369.86,75200,3379.904,3444.288,3496.343,31.988,-32.158,-24.679,-7.479,3444.288,3548.628,3339.948
2025-02-27,3360.73,3397.26,3360.73,3397.26,54800,3376.252,3438.124,3493.877,40.163,-30.66,-25.875,-4.785,3438.124,3537.966,3338.282
2025-02-28,3401.82,3424.65,3392.69,3401.82,80400,3379.904,3432.644,3491.046,41.424,-28.774,-26.455,-2.319,3432.644,3527.454,3337.835
2025-03-03,3415.52,3438.35,3410.96,3424.65,60800,3391.776,3427.165,3487.758,47.404,-25.146,-26.193,1.047,3427.165,3509.036,3345.294
2025-03-04,3433.79,3442.92,3420.09,3433.79,55100,3405.476,3422.37,3484.653,49.622,-21.289,-25.212,3.923,3422.37,3488.724,3356.017
2025-03-05,3438.35,3442.92,3420.09,3424.65,79500,3416.434,3419.174,3481.822,47.467,-18.753,-23.92,5.167,3419.174,3477.808,3360.54
2025-03-06,3452.05,3465.75,3447.48,3461.18,56300,3429.218,3419.63,3480.087,55.74,-13.638,-21.864,8.226,3419.63,3479.472,3359.789
2025-03-07,3442.92,3470.32,3424.65,3461.18,78000,3441.09,3420.087,3478.078,55.74,-9.476,-19.386,9.91,3420.087,3481.098,3359.076
2025-03-10,3470.32,3479.45,3452.05,3452.05,70800,3446.57,3421.0,3475.429,53.307,-6.835,-16.876,10.041,3421.0,3483.405,3358.595
2025-03-11,3456.62,3474.88,3442.92,3470.32,107000,3453.876,3422.826,3473.694,57.322,-3.231,-14.147,10.916,3422.826,3488.841,3356.812
2025-03-12,3442.92,3470.32,3433.79,3465.75,88300,3462.096,3424.197,3471.685,56.024,-0.734,-11.465,10.73,3424.197,3492.66,3355.733
2025-03-13,3438.35,3465.75,3429.22,3456.62,77900,3461.184,3425.566,3468.123,53.422,0.501,-9.071,9.573,3425.566,3495.533,3355.6
2025-03-14,3433.79,3461.18,3433.79,3452.05,82700,3459.358,3425.11,3465.292,52.117,1.099,-7.037,8.137,3425.11,3494.212,3356.008
2025-03-17,3461.18,3493.15,3456.62,3484.01,107800,3465.75,3426.936,3462.827,59.557,4.105,-4.809,8.914,3426.936,3500.325,3353.547
2025-03-18,3502.28,3529.68,3502.28,3520.54,104000,3475.794,3431.502,3460.726,66.051,9.327,-1.982,11.308,3431.502,3516.01,3346.994
2025-03-19,3534.24,3552.51,3529.68,3543.38,88900,3491.32,3437.438,3459.265,69.363,15.134,1.441,13.692,3437.438,3535.512,3339.365
2025-03-21,3534.24,3557.07,3534.24,3547.94,127600,3509.584,3444.06,3458.352,69.992,19.875,5.128,14.747,3444.06,3553.162,3334.957
2025-03-24,3840.18,3867.58,3753.42,3817.35,603100,3582.644,3465.749,3463.923,86.994,44.854,13.073,31.781,3465.749,3661.933,3269.565
2025-03-25,3812.78,3872.14,3785.38,3853.88,229200,3656.618,3490.179,3471.229,87.988,66.828,23.824,43.004,3490.179,3746.236,3234.121
2025-03-26,3867.58,3885.84,3835.61,3872.14,213700,3726.938,3515.521,3479.082,88.462,84.739,36.007,48.732,3515.521,3816.008,3215.034
2025-03-27,3890.41,3913.24,3872.14,3913.24,283300,3800.91,3542.69,3488.124,89.471,101.084,49.022,52.062,3542.69,3883.305,3202.075
2025-03-28,3899.29,3950.42,3876.06,3927.18,217500,3876.758,3569.186,3497.626,89.796,113.851,61.988,51.863,3569.186,3942.994,3195.378
2025-03-31,3903.94,3927.18,3843.52,3890.0,168200,3891.288,3593.595,3506.203,82.469,119.59,73.508,46.081,3593.595,3984.74,3202.45
2025-04-01,3931.83,3931.83,3866.76,3880.7,116500,3896.652,3616.398,3514.776,80.695,121.981,83.203,38.778,3616.398,4019.076,3213.719
2025-04-02,3857.47,3866.76,3810.99,3824.93,101800,3887.21,3635.955,3522.142,70.853,118.016,90.166,27.85,3635.955,4039.284,3232.625
2025-04-03,3764.52,3829.58,3759.87,3829.58,102200,3870.478,3656.201,3529.053,71.168,113.935,94.92,19.016,3656.201,4055.502,3256.9
2025-04-04,3806.34,3810.99,3722.69,3750.57,127400,3835.156,3670.67,3534.75,59.395,103.137,96.563,6.574,3670.67,4061.09,3280.251
2025-04-07,3569.32,3699.45,3532.14,3634.38,265300,3784.032,3679.33,3537.848,47.064,84.233,94.097,-9.864,3679.33,4057.682,3300.979
2025-04-08,3764.52,3829.58,3694.8,3810.99,215400,3770.09,3697.277,3544.844,60.491,82.55,91.788,-9.237,3697.277,4064.113,3330.442
2025-04-09,3745.93,3806.34,3680.86,3769.16,128600,3758.936,3712.22,3551.187,56.815,76.955,88.821,-11.866,3712.22,4064.173,3360.266
2025-04-10,3876.06,3894.65,3787.75,3866.76,187000,3766.372,3732.27,3558.476,62.535,79.479,86.953,-7.473,3732.27,4070.527,3394.013
2025-04-11,3876.06,3894.65,3820.29,3880.7,138600,3792.398,3753.474,3565.679,63.283,81.663,85.895,-4.231,3753.474,4071.541,3435.407
2025-04-14,3885.35,3964.36,3885.35,3941.12,95700,3853.746,3777.928,3574.274,66.414,87.264,86.169,1.095,3777.928,4072.773,3483.082
2025-04-15,3978.3,3982.95,3936.48,3945.77,63700,3880.702,3801.016,3582.504,66.649,91.028,87.141,3.888,3801.016,4070.15,3531.881
2025-04-16,3969.01,4052.66,3964.36,4048.02,127400,3936.474,3827.39,3592.871,71.401,101.097,89.932,11.165,3827.39,4083.881,3570.898
2025-04-17,4043.37,4061.96,4015.48,4043.37,63300,3971.796,3852.389,3603.967,70.906,107.462,93.438,14.024,3852.389,4089.023,3615.755
2025-04-18,4075.9,4206.03,4071.25,4187.44,221000,4033.144,3884.364,3618.675,76.37,122.718,99.294,23.424,3884.364,4120.607,3648.121
2025-04-21,4182.8,4243.21,4178.15,4229.27,124000,4090.774,3904.96,3634.219,77.681,136.608,106.757,29.851,3904.96,4184.466,3625.454
2025-04-22,4238.57,4266.45,4219.98,4247.86,125800,4151.192,3924.659,3650.5,78.258,147.417,114.889,32.528,3924.659,4241.982,3607.336
2025-04-23,4257.16,4322.22,4257.16,4266.45,144400,4194.878,3944.374,3667.154,78.847,155.689,123.049,32.64,3944.374,4295.189,3593.56
2025-04-24,4238.57,4243.21,4127.03,4145.62,116200,4215.328,3955.994,3681.299,66.278,150.757,128.59,22.166,3955.994,4317.69,3594.297
2025-04-25,4136.32,4168.85,4089.84,4108.43,86500,4199.526,3965.056,3694.883,62.951,142.207,131.314,10.894,3965.056,4332.746,3597.366
2025-04-28,4108.43,4173.5,4099.14,4122.38,118700,4178.148,3976.675,3708.107,63.688,135.001,132.051,2.95,3976.675,4349.035,3604.315
2025-04-30,4140.97,4182.8,4127.02,4159.56,113400,4160.488,3990.618,3722.349,65.647,130.783,131.798,-1.014,3990.618,4368.686,3612.55
2025-05-01,4182.8,4210.68,4154.91,4187.44,108800,4144.686,4008.743,3737.513,67.081,128.212,131.081,-2.869,4008.743,4388.123,3629.364
2025-05-02,4145.62,4647.55,4127.03,4596.43,1367500,4234.848,4047.086,3760.949,80.165,157.362,136.337,21.025,4047.086,4498.408,3595.764
2025-05-07,4633.61,4633.61,4517.42,4577.84,445400,4328.73,4088.45,3784.195,78.635,176.925,144.455,32.47,4088.45,4575.566,3601.333
2025-05-08,4628.96,4647.55,4573.19,4619.67,355900,4428.188,4137.714,3808.917,79.579,193.572,154.278,39.294,4137.714,4630.732,3644.696
2025-05-09,4601.08,4628.96,4573.19,4601.08,166400,4516.492,4177.219,3833.633,77.931,202.926,164.008,38.918,4177.219,4686.359,3668.078
2025-05-12,4647.55,4675.44,4596.43,4642.9,191800,4607.584,4220.906,3859.185,78.985,211.278,173.462,37.816,4220.906,4732.558,3709.253
2025-05-13,4601.07,4601.07,4540.66,4577.84,184100,4603.866,4256.46,3883.345,73.13,210.224,180.814,29.41,4256.46,4763.296,3749.623
2025-05-14,4563.89,4563.89,4489.53,4517.42,190900,4591.782,4288.295,3905.748,68.083,202.182,185.088,17.095,4288.295,4775.355,3801.236
2025-05-15,4503.48,4545.3,4494.18,4517.42,107500,4571.332,4317.11,3928.06,68.083,193.578,186.786,6.792,4317.11,4785.521,3848.7
2025-05-16,4554.6,4582.49,4489.53,4508.12,126700,4552.74,4345.228,3949.729,67.254,183.889,186.206,-2.318,4345.228,4786.51,3903.946
2025-05-19,4531.36,4563.89,4517.42,4554.6,107300,4535.08,4370.557,3972.146,69.267,177.91,184.547,-6.637,4370.557,4797.946,3943.168
2025-05-20,4540.66,4545.3,4498.83,4522.07,107800,4523.926,4394.492,3994.094,66.2,168.603,181.358,-12.755,4394.492,4797.661,3991.323
2025-05-21,4531.36,4545.3,4494.18,4508.12,93500,4522.066,4410.526,4015.033,64.873,158.277,176.742,-18.465,4410.526,4804.424,4016.628
2025-05-22,4522.07,4642.9,4517.42,4573.19,228500,4533.22,4427.722,4037.273,68.086,153.574,172.108,-18.534,4427.722,4818.317,4037.127
2025-05-23,4596.43,4638.26,4591.78,4601.08,145600,4551.812,4445.383,4060.254,69.379,150.364,167.76,-17.396,4445.383,4833.67,4057.096
2025-05-26,4601.08,4642.9,4601.08,4642.9,65600,4569.472,4464.206,4083.705,71.259,149.472,164.102,-14.63,4464.206,4852.469,4075.942
2025-05-27,4610.37,4628.96,4587.13,4615.02,76800,4588.062,4487.675,4106.691,68.25,144.845,160.251,-15.406,4487.675,4850.786,4124.565
2025-05-28,4628.96,4628.96,4596.43,4601.08,97600,4606.654,4512.308,4129.58,66.733,138.457,155.892,-17.435,4512.308,4831.248,4193.368
2025-05-29,4610.37,4642.9,4591.78,4615.02,132300,4615.02,4536.94,4152.839,67.511,132.987,151.311,-18.324,4536.94,4800.341,4273.539
2025-05-30,4610.37,4675.44,4605.72,4666.14,171900,4628.032,4562.269,4176.482,70.257,131.264,147.301,-16.038,4562.269,4762.795,4361.743
2025-06-02,4666.14,4694.03,4647.55,4684.73,77700,4636.398,4587.134,4199.766,71.21,129.9,143.821,-13.921,4587.134,4692.9,4481.367
2025-06-03,4684.73,4694.03,4666.14,4694.03,89800,4652.2,4592.014,4222.779,71.699,128.094,140.676,-12.582,4592.014,4708.09,4475.937
2025-06-04,4694.03,4694.03,4628.96,4666.14,91400,4665.212,4596.428,4245.143,67.973,122.994,137.139,-14.145,4596.428,4716.87,4475.987
2025-06-05,4656.85,4666.14,4633.61,4638.26,108900,4669.86,4597.358,4261.561,64.373,115.373,132.786,-17.413,4597.358,4718.837,4475.879
2025-06-06,4647.55,4656.85,4638.26,4656.85,79400,4668.002,4600.146,4277.62,65.678,109.57,128.143,-18.573,4600.146,4724.511,4475.782
2025-06-09,4656.85,4666.14,4628.96,4628.96,107900,4656.848,4599.45,4292.757,62.007,101.55,122.824,-21.275,4599.45,4722.959,4475.94
2025-06-10,4628.96,4633.61,4596.43,4596.43,120700,4637.328,4600.379,4306.42,57.939,91.514,116.562,-25.048,4600.379,4723.483,4477.275
2025-06-11,4610.37,4628.96,4596.43,4610.37,84700,4626.174,4605.026,4320.084,59.175,83.72,109.994,-26.273,4605.026,4721.798,4488.255
2025-06-12,4601.08,4615.02,4577.84,4582.49,90500,4615.02,4608.28,4333.934,55.653,74.436,102.882,-28.446,4608.28,4718.199,4498.361
2025-06-13,4568.54,4591.78,4549.95,4591.78,109300,4602.006,4612.463,4348.156,56.58,67.055,95.717,-28.662,4612.463,4712.232,4512.694
2025-06-16,4601.08,4642.9,4596.43,4633.61,85700,4602.936,4616.414,4364.329,60.578,63.845,89.342,-25.498,4616.414,4712.733,4520.094
2025-06-17,4610.37,4656.85,4605.72,4615.02,88900,4606.654,4621.061,4380.038,58.021,59.119,83.298,-24.179,4621.061,4706.578,4535.544
2025-06-18,4605.72,4647.55,4601.08,4628.96,92200,4610.372,4627.103,4397.606,59.405,55.855,77.809,-21.954,4627.103,4694.089,4560.117
2025-06-19,4628.96,4656.85,4624.31,4647.55,93600,4623.384,4630.821,4417.869,61.24,54.144,73.076,-18.932,4630.821,4693.311,4568.331
2025-06-20,4633.61,4642.9,4577.84,4577.84,141300,4620.596,4629.659,4433.206,51.787,46.625,67.786,-21.16,4629.659,4695.264,4564.054
2025-06-23,4582.48,4596.43,4545.3,4554.6,127400,4604.794,4625.244,4448.915,49.068,38.35,61.899,-23.549,4625.244,4698.532,4551.956
2025-06-24,4582.49,4587.13,4549.95,4549.95,101000,4591.78,4621.99,4462.579,48.519,31.058,55.73,-24.673,4621.99,4702.601,4541.38
2025-06-25,4545.3,4559.25,4494.18,4545.3,167500,4575.048,4619.202,4475.871,47.942,24.62,49.508,-24.888,4619.202,4706.445,4531.958
2025-06-26,4540.66,4563.89,4522.07,4554.6,178100,4556.458,4616.18,4488.14,49.243,20.037,43.614,-23.577,4616.18,4708.093,4524.268
2025-06-27,4568.79,4630.27,4568.79,4625.54,177300,4565.998,4614.15,4501.736,57.891,21.878,39.267,-17.389,4614.15,4703.165,4525.136
2025-06-30,4573.52,4663.38,4559.33,4635.0,227900,4582.078,4611.664,4513.475,58.896,23.825,36.178,-12.354,4611.664,4694.973,4528.355
2025-07-01,4663.38,4705.95,4653.92,4658.65,175600,4603.818,4609.895,4525.781,61.38,26.966,34.336,-7.37,4609.895,4687.12,4532.67
2025-07-02,4635.0,4705.95,4630.27,4705.95,145600,4635.948,4611.886,4536.151,65.827,32.892,34.047,-1.155,4611.886,4696.877,4526.894
2025-07-03,4682.3,4682.3,4611.35,4644.46,169500,4653.92,4612.196,4544.455,56.688,32.255,33.689,-1.433,4612.196,4697.636,4526.755
2025-07-04,4658.65,4705.95,4649.19,4701.22,87800,4669.056,4614.414,4553.522,61.941,35.917,34.134,1.782,4614.414,4706.761,4522.067
2025-07-07,4705.95,4748.51,4705.95,4729.59,122700,4687.974,4619.446,4562.785,64.273,40.639,35.435,5.204,4619.446,4725.132,4513.759
2025-07-08,4729.6,4739.05,4696.49,4739.05,146800,4704.054,4626.576,4574.654,65.042,44.631,37.275,7.356,4626.576,4744.286,4508.867
2025-07-09,4729.59,4748.51,4710.68,4724.87,148600,4707.838,4632.302,4586.982,62.857,46.118,39.043,7.075,4632.302,4757.586,4507.017
2025-07-10,4739.05,4739.05,4687.03,4705.95,125600,4720.136,4638.474,4598.654,59.963,45.249,40.284,4.964,4638.474,4765.579,4511.37
2025-07-11,4705.95,4748.51,4705.95,4724.87,97100,4724.866,4645.129,4609.96,61.855,45.561,41.34,4.221,4645.129,4775.825,4514.433
2025-07-14,4739.05,4757.97,4724.87,4739.05,135300,4726.758,4650.401,4620.992,63.256,46.418,42.355,4.063,4650.401,4787.49,4513.312
2025-07-15,4748.51,4786.35,4739.05,4776.89,97000,4734.326,4658.494,4624.601,66.764,49.579,43.8,5.779,4658.494,4805.54,4511.449
2025-07-16,4776.89,4786.35,4724.87,4729.59,107200,4735.27,4663.526,4627.636,59.16,47.717,44.583,3.134,4663.526,4813.18,4513.872
2025-07-17,4691.76,4701.22,4625.54,4663.38,256600,4726.756,4664.318,4628.511,50.492,40.433,43.753,-3.321,4664.318,4813.783,4514.852
2025-07-18,4658.65,4687.03,4649.19,4672.84,117400,4716.35,4669.068,4629.946,51.584,35.02,42.007,-6.987,4669.068,4812.893,4525.242
2025-07-22,4672.84,4696.49,4653.92,4663.38,97900,4701.216,4674.506,4630.355,50.387,29.625,39.53,-9.905,4674.506,4807.959,4541.054
2025-07-23,4663.38,4715.41,4639.73,4687.03,161600,4683.244,4681.361,4632.539,53.303,26.947,37.014,-10.066,4681.361,4801.272,4561.449
2025-07-24,4691.76,4739.05,4687.03,4701.22,116100,4677.57,4689.156,4636.215,55.012,25.674,34.746,-9.072,4689.156,4790.687,4587.626
2025-07-25,4720.14,4767.43,4710.68,4767.43,96000,4698.38,4699.798,4641.215,61.998,29.666,33.73,-4.064,4699.798,4785.295,4614.301
2025-07-28,4776.89,4795.81,4748.51,4776.89,93300,4719.19,4707.366,4646.591,62.885,33.21,33.626,-0.416,4707.366,4791.976,4622.755
2025-07-29,4767.43,4776.89,4748.51,4767.43,82100,4740.0,4713.987,4650.847,61.343,34.854,33.871,0.982,4713.987,4795.421,4632.553
2025-07-30,4767.43,4795.81,4767.43,4795.81,79600,4761.756,4720.845,4656.322,64.181,38.008,34.699,3.309,4720.845,4805.687,4636.003
2025-07-31,4805.27,4852.56,4805.27,4824.19,137900,4786.35,4726.757,4662.644,66.804,42.31,36.221,6.089,4726.757,4822.948,4630.566
2025-08-01,4833.65,4890.4,4833.65,4871.48,158300,4807.16,4738.108,4668.609,70.661,48.971,38.771,10.2,4738.108,4846.246,4629.97
2025-08-04,4833.65,5278.23,4805.27,5155.26,626600,4882.834,4760.81,4679.693,83.242,76.269,46.271,29.999,4760.81,4974.988,4546.632
2025-08-05,5174.18,5278.23,5174.18,5268.77,362500,4983.102,4787.769,4692.21,85.855,105.843,58.185,47.658,4787.769,5099.101,4476.437
2025-08-06,5287.69,5325.52,5240.39,5287.69,198700,5081.478,4815.201,4705.664,86.24,129.316,72.411,56.905,4815.201,5197.136,4433.266
2025-08-07,5325.52,5344.44,5278.23,5334.98,185300,5183.636,4845.706,4720.342,87.18,150.005,87.93,62.075,4845.706,5289.684,4401.729
2025-08-08,5344.44,5353.9,5297.15,5334.98,148100,5276.336,4877.158,4734.741,87.18,164.505,103.245,61.26,4877.158,5366.276,4388.04
2025-08-12,5353.9,5363.36,5297.15,5344.44,169900,5314.172,4908.136,4748.307,87.38,174.746,117.545,57.201,4908.136,5433.762,4382.511
2025-08-13,5334.98,5334.98,5268.77,5287.69,175400,5317.956,4935.568,4760.366,79.382,176.25,129.286,46.964,4935.568,5480.934,4390.203
2025-08-14,5278.23,5278.23,5221.47,5230.93,149700,5306.604,4958.271,4771.104,72.259,170.893,137.608,33.285,4958.271,5513.535,4403.006
2025-08-15,5249.85,5249.85,5193.09,5249.85,148900,5289.578,4984.284,4782.778,73.125,166.257,143.338,22.92,4984.284,5543.174,4425.393
2025-08-18,5259.31,5287.69,5249.85,5249.85,113600,5272.552,5013.607,4795.01,73.125,160.731,146.816,13.914,5013.607,5563.067,4464.147
2025-08-19,5268.77,5306.6,5259.31,5287.69,111000,5261.202,5044.35,4807.627,74.939,157.587,148.97,8.617,5044.35,5582.211,4506.488
2025-08-20,5297.15,5363.36,5287.69,5353.9,188200,5274.444,5078.876,4822.126,77.767,158.611,150.898,7.712,5078.876,5602.224,4555.527
2025-08-21,5372.82,5372.82,5306.6,5334.98,111200,5295.254,5111.273,4836.897,75.157,156.096,151.938,4.158,5111.273,5612.23,4610.316
2025-08-22,5363.36,5372.82,5344.44,5353.9,90900,5316.064,5143.907,4851.767,76.023,153.856,152.321,1.534,5143.907,5616.631,4671.183
2025-08-25,5382.28,5401.2,5325.52,5334.98,150800,5333.09,5172.284,4866.817,73.271,148.838,151.625,-2.787,5172.284,5617.172,4727.397
2025-08-26,5334.98,5363.36,5306.61,5363.36,131900,5348.224,5201.608,4882.249,74.748,145.474,150.395,-4.92,5201.608,5612.798,4790.418
2025-08-27,5363.36,5410.66,5353.9,5382.28,147100,5353.9,5232.35,4897.222,75.711,142.691,148.854,-6.163,5232.35,5596.059,4868.642
2025-08-28,5391.74,5420.12,5372.82,5382.28,111500,5363.36,5261.674,4912.567,75.711,138.884,146.86,-7.976,5261.674,5567.085,4956.263
2025-08-29,5372.82,5372.82,5316.06,5344.44,137500,5361.468,5287.686,4926.877,69.556,131.3,143.748,-12.448,5287.686,5514.79,5060.583
2025-09-01,5363.36,5410.66,5353.9,5391.74,184500,5372.82,5313.7,4941.761,72.559,127.635,140.525,-12.891,5313.7,5434.27,5193.129
2025-09-02,5420.12,5439.03,5401.2,5420.12,105500,5384.172,5326.942,4958.606,74.203,125.573,137.535,-11.962,5326.942,5431.337,5222.548
2025-09-03,5448.49,5505.25,5439.03,5505.25,162300,5408.766,5338.766,4977.619,78.387,129.317,135.891,-6.574,5338.766,5466.401,5211.132
2025-09-04,5514.71,5514.71,5448.49,5486.33,132600,5429.576,5348.698,4996.347,75.458,129.268,134.566,-5.299,5348.698,5489.802,5207.595
2025-09-05,5533.63,5533.63,5467.41,5486.33,108700,5457.954,5356.266,5015.168,75.458,127.756,133.204,-5.448,5356.266,5509.945,5202.587
2025-09-08,5514.71,5533.63,5486.33,5524.17,122100,5484.44,5365.726,5034.559,77.416,128.134,132.19,-4.056,5365.726,5536.255,5195.196
2025-09-09,5533.63,5562.0,5486.33,5486.33,154000,5497.682,5372.82,5051.775,71.292,123.952,130.542,-6.591,5372.82,5551.244,5194.396
2025-09-10,5505.25,5533.63,5476.87,5524.17,90900,5501.466,5384.644,5069.558,73.545,122.281,128.89,-6.609,5384.644,5570.502,5198.786
2025-09-11,5524.17,5524.17,5448.49,5486.33,192400,5501.466,5397.414,5086.112,67.813,116.56,126.424,-9.864,5397.414,5573.65,5221.178
2025-09-12,5486.33,5495.79,5457.95,5457.95,162400,5495.79,5407.819,5101.152,63.796,108.485,122.836,-14.351,5407.819,5571.497,5244.141
2025-09-16,5457.95,5495.79,5429.57,5486.33,165200,5488.222,5419.643,5117.989,65.967,103.186,118.906,-15.72,5419.643,5568.794,5270.492
2025-09-17,5476.87,5495.79,5448.49,5457.95,119500,5482.546,5428.156,5133.124,61.966,95.595,114.244,-18.649,5428.156,5564.48,5291.832
2025-09-18,5486.33,5486.33,5420.12,5476.87,149700,5473.086,5434.304,5148.069,63.553,90.068,109.409,-19.341,5434.304,5567.586,5301.023
2025-09-19,5476.87,5486.33,5420.12,5467.41,228600,5469.302,5440.926,5162.637,62.156,83.956,104.318,-20.362,5440.926,5566.358,5315.494
2025-09-22,5467.41,5476.87,5429.57,5439.03,196200,5465.518,5445.182,5176.92,58.035,75.947,98.644,-22.697,5445.182,5563.771,5326.594
2025-09-24,5457.95,5476.87,5420.12,5439.03,122800,5456.058,5450.385,5191.581,58.035,68.806,92.676,-23.87,5450.385,5557.158,5343.612
2025-09-25,5448.49,5467.41,5429.57,5439.03,139300,5452.274,5454.168,5205.865,58.035,62.428,86.627,-24.199,5454.168,5553.026,5355.311
2025-09-26,5457.95,5505.25,5448.49,5505.25,248100,5457.95,5460.317,5221.189,64.83,62.001,81.701,-19.7,5460.317,5555.58,5365.054
2025-09-29,5457.38,5466.95,5409.5,5428.65,193300,5450.198,5462.635,5234.224,53.949,54.85,76.331,-21.481,5462.635,5551.975,5373.296
2025-09-30,5447.8,5457.38,5380.78,5447.8,121300,5451.952,5467.804,5248.588,55.94,50.15,71.095,-20.945,5467.804,5538.332,5397.275
2025-10-01,5419.08,5419.08,5342.48,5399.93,161900,5444.132,5468.213,5263.319,50.107,42.077,65.291,-23.214,5468.213,5536.954,5399.472
2025-10-02,5409.5,5409.5,5342.48,5380.78,123100,5432.482,5466.246,5277.478,47.954,33.745,58.982,-25.237,5466.246,5542.611,5389.881
2025-10-03,5352.06,5390.36,5323.34,5332.91,112900,5398.014,5457.629,5290.868,42.98,23.014,51.789,-28.774,5457.629,5552.188,5363.07
2025-10-06,5409.5,5419.08,5371.21,5409.5,132100,5394.184,5453.788,5305.318,51.625,20.454,45.522,-25.068,5453.788,5549.671,5357.904
2025-10-07,5409.5,5457.38,5399.93,5428.65,87100,5390.354,5450.903,5319.866,53.522,19.743,40.366,-20.623,5450.903,5546.133,5355.674
2025-10-08,5447.8,5476.52,5428.65,5438.23,94600,5398.014,5446.606,5333.282,54.484,19.725,36.238,-16.513,5446.606,5535.458,5357.755
2025-10-09,5409.5,5438.23,5332.91,5352.06,169200,5392.27,5439.893,5344.786,45.386,12.612,31.513,-18.901,5439.893,5536.093,5343.693
2025-10-10,5342.48,5352.06,5313.76,5332.91,106800,5392.27,5430.33,5356.095,43.642,5.368,26.284,-20.916,5430.33,5529.243,5331.417
2025-10-14,5285.04,5361.63,5275.46,5361.63,156400,5382.696,5424.095,5367.412,46.936,1.922,21.412,-19.489,5424.095,5523.862,5324.328
2025-10-15,5361.63,5390.36,5352.06,5380.78,84500,5373.122,5420.236,5378.544,49.073,0.728,17.275,-16.546,5420.236,5520.459,5320.014
2025-10-16,5380.78,5380.78,5294.61,5294.61,126300,5344.398,5410.65,5387.006,41.06,-7.089,12.402,-19.491,5410.65,5520.47,5300.831
2025-10-17,5294.61,5332.91,5285.04,5332.91,86200,5340.568,5404.398,5390.559,45.332,-10.078,7.906,-17.984,5404.398,5517.08,5291.717
2025-10-20,5361.63,5380.78,5342.48,5380.78,96100,5350.142,5399.594,5392.799,50.193,-8.486,4.628,-13.114,5399.594,5507.352,5291.836
2025-10-21,5380.78,5380.78,5323.34,5323.34,68900,5342.484,5392.39,5393.512,45.021,-11.724,1.357,-13.082,5392.39,5500.322,5284.459
2025-10-22,5323.34,5380.78,5323.34,5371.21,136200,5340.57,5389.0,5394.237,49.675,-10.309,-0.976,-9.333,5389.0,5495.005,5282.994
2025-10-23,5380.78,5399.93,5371.21,5399.93,69500,5361.634,5387.044,5395.536,52.285,-6.792,-2.139,-4.653,5387.044,5490.579,5283.51
2025-10-24,5380.78,5409.5,5332.91,5332.91,93500,5361.634,5381.738,5395.305,46.256,-9.305,-3.572,-5.733,5381.738,5484.932,5278.545
2025-10-27,5361.63,5361.63,5323.34,5352.06,102000,5355.89,5374.079,5396.593,48.098,-9.64,-4.786,-4.854,5374.079,5459.96,5288.198
2025-10-28,5332.91,5342.48,5294.61,5294.61,109500,5350.144,5367.377,5397.866,43.304,-14.376,-6.704,-7.672,5367.377,5456.198,5278.556
2025-10-29,5294.61,5304.19,5208.44,5208.44,176700,5317.59,5355.409,5397.038,37.299,-24.797,-10.323,-14.474,5355.409,5461.439,5249.379
2025-10-30,5179.72,5256.31,5179.72,5256.31,405000,5288.866,5348.228,5397.167,42.102,-28.86,-14.03,-14.83,5348.228,5460.814,5235.642
2025-10-31,5256.32,5285.04,5237.17,5275.46,163300,5277.376,5342.962,5396.923,43.952,-30.186,-17.261,-12.925,5342.962,5458.938,5226.986
2025-11-04,5285.04,5313.76,5074.4,5218.02,436400,5250.568,5337.218,5394.205,39.841,-35.464,-20.902,-14.562,5337.218,5465.968,5208.467
2025-11-05,5170.15,5246.74,5122.27,5198.87,257500,5231.42,5326.686,5391.483,38.546,-40.722,-24.866,-15.856,5326.686,5464.669,5188.703
2025-11-06,5179.72,5246.74,5170.15,5208.44,179200,5231.42,5315.675,5388.574,39.602,-43.614,-28.616,-14.999,5315.675,5454.541,5176.81
2025-11-07,5208.44,5265.89,5208.44,5265.89,129900,5233.336,5307.058,5387.192,45.642,-40.801,-31.053,-9.748,5307.058,5434.85,5179.267
2025-11-10,5265.89,5265.89,5179.72,5198.87,132200,5218.018,5299.399,5383.902,40.548,-43.477,-33.538,-9.94,5299.399,5434.015,5164.783
2025-11-11,5208.44,5218.02,5131.85,5198.87,155500,5214.188,5292.697,5380.234,40.548,-45.079,-35.846,-9.233,5292.697,5433.493,5151.901
2025-11-12,5218.02,5285.04,5198.87,5246.74,138400,5223.762,5286.952,5377.523,45.579,-42.001,-37.077,-4.924,5286.952,5425.26,5148.645
2025-11-13,5256.32,5313.76,5256.32,5285.04,83200,5239.082,5282.166,5376.335,49.278,-36.056,-36.873,0.816,5282.166,5413.237,5151.094
2025-11-14,5275.46,5361.63,5256.32,5361.63,135500,5258.23,5285.516,5375.733,55.754,-24.878,-34.474,9.596,5285.516,5421.271,5149.762
2025-11-17,5361.63,5380.78,5332.91,5361.63,108500,5290.782,5286.952,5374.563,55.754,-15.836,-30.746,14.91,5286.952,5425.399,5148.506
2025-11-18,5352.06,5380.78,5304.19,5342.48,120600,5319.504,5285.038,5371.308,53.764,-10.1,-26.617,16.517,5285.038,5419.006,5151.069
2025-11-19,5323.34,5380.78,5323.34,5371.21,96000,5344.398,5287.431,5369.005,56.285,-3.198,-21.933,18.735,5287.431,5425.916,5148.946
2025-11-20,5371.21,5380.78,5323.34,5332.91,109700,5353.972,5285.516,5365.937,52.198,-0.81,-17.709,16.899,5285.516,5420.128,5150.904
2025-11-21,5371.21,5447.8,5361.63,5438.23,248300,5369.292,5287.431,5364.218,60.658,9.472,-12.272,21.745,5287.431,5429.764,5145.098
2025-11-25,5438.23,5438.23,5352.06,5380.78,108500,5373.122,5289.824,5362.107,54.946,12.837,-7.25,20.088,5289.824,5436.909,5142.74
2025-11-26,5399.93,5438.23,5380.78,5428.65,117900,5390.356,5293.654,5360.197,58.456,19.146,-1.971,21.117,5293.654,5451.178,5136.13
2025-11-27,5438.23,5495.67,5428.65,5476.52,117900,5411.418,5302.75,5360.001,61.673,27.689,3.961,23.728,5302.75,5480.247,5125.252
2025-11-28,5486.1,5533.97,5486.1,5505.25,130400,5445.886,5317.59,5360.947,63.499,36.359,10.44,25.918,5317.59,5510.822,5124.358
2025-12-01,5524.4,5524.4,5457.38,5457.38,105700,5449.716,5327.644,5360.368,58.497,38.918,16.136,22.782,5327.644,5528.234,5127.053
2025-12-02,5457.38,5466.95,5438.23,5438.23,66200,5461.206,5335.782,5359.973,56.577,38.952,20.699,18.253,5335.782,5540.62,5130.944
2025-12-03,5428.65,5447.8,5380.78,5409.5,108200,5457.376,5345.356,5358.626,53.728,36.243,23.808,12.435,5345.356,5544.849,5145.863
2025-12-04,5390.36,5447.8,5390.36,5419.08,88900,5445.888,5356.366,5357.659,54.55,34.472,25.941,8.531,5356.366,5545.876,5166.857
2025-12-05,5428.65,5428.65,5371.21,5371.21,92500,5419.08,5364.505,5356.303,49.791,28.873,26.527,2.346,5364.505,5540.784,5188.226
2025-12-08,5390.36,5438.23,5380.78,5428.65,86400,5413.334,5372.643,5356.095,54.878,28.739,26.97,1.769,5372.643,5544.731,5200.555
2025-12-09,5457.38,5486.1,5409.5,5438.23,71600,5413.334,5384.611,5356.079,55.684,29.071,27.39,1.681,5384.611,5538.103,5231.119
2025-12-10,5457.38,5486.1,5447.8,5447.8,65400,5420.994,5397.058,5354.93,56.52,29.763,27.864,1.899,5397.058,5525.451,5268.664
2025-12-11,5457.38,5476.53,5390.36,5390.36,95500,5415.25,5404.238,5354.164,50.377,25.384,27.368,-1.984,5404.238,5511.571,5296.906
2025-12-12,5399.93,5419.08,5361.63,5390.36,112500,5419.08,5409.504,5353.016,50.377,21.664,26.227,-4.564,5409.504,5501.444,5317.565
2025-12-15,5409.5,5495.67,5409.5,5495.67,127900,5432.484,5416.206,5354.93,59.692,26.903,26.363,0.541,5416.206,5512.872,5319.541
2025-12-16,5505.25,5533.97,5495.67,5505.25,74400,5445.888,5423.388,5357.42,60.42,31.466,27.383,4.082,5423.388,5524.23,5322.545
2025-12-17,5505.25,5505.25,5399.93,5399.93,90000,5436.314,5426.26,5358.76,49.778,26.28,27.163,-0.883,5426.26,5520.453,5332.067
2025-12-18,5419.08,5476.52,5409.5,5447.8,90100,5447.802,5430.09,5359.526,53.764,25.736,26.877,-1.141,5430.09,5521.03,5339.149
2025-12-19,5447.8,5495.67,5419.08,5457.38,150700,5461.206,5436.313,5360.101,54.542,25.781,26.658,-0.877,5436.313,5515.533,5357.093
2025-12-22,5457.38,5476.52,5380.78,5399.93,144200,5442.058,5434.398,5359.335,49.198,20.94,25.515,-4.574,5434.398,5515.257,5353.539
2025-12-23,5419.08,5466.95,5409.5,5428.65,66700,5426.738,5436.792,5360.867,51.743,19.199,24.252,-5.052,5436.792,5513.706,5359.877
2025-12-24,5428.65,5447.8,5390.36,5399.93,104400,5426.738,5435.356,5362.207,49.094,15.326,22.466,-7.141,5435.356,5513.964,5356.747
2025-12-25,5428.65,5447.8,5399.93,5447.8,75800,5426.738,5433.92,5363.93,53.379,15.935,21.16,-5.225,5433.92,5510.381,5357.458
2025-12-26,5447.8,5466.95,5438.23,5466.95,101000,5428.652,5432.005,5365.654,55.01,17.758,20.48,-2.722,5432.005,5502.641,5361.368
2025-12-29,5476.68,5476.68,5418.31,5428.04,229500,5434.274,5430.538,5368.322,51.098,15.88,19.56,-3.68,5430.538,5500.166,5360.909
2025-12-30,5428.04,5476.68,5418.31,5447.5,134900,5438.044,5431.001,5370.614,52.902,15.78,18.804,-3.023,5431.001,5500.968,5361.034
2026-01-05,5466.95,5535.04,5447.5,5525.32,143900,5463.122,5436.792,5373.505,59.359,21.73,19.389,2.341,5436.792,5517.599,5355.985
2026-01-06,5544.77,5564.23,5525.32,5544.77,108200,5482.516,5443.076,5377.934,60.805,27.696,21.05,6.645,5443.076,5536.628,5349.525
2026-01-07,5564.23,5564.23,5525.32,5544.77,103300,5498.08,5451.754,5381.405,60.805,32.054,23.251,8.803,5451.754,5549.349,5354.16
2026-01-08,5544.77,5593.41,5544.77,5573.95,111600,5527.262,5459.02,5384.885,63.09,37.431,26.087,11.344,5459.02,5570.076,5347.963
2026-01-09,5583.68,5612.87,5583.68,5583.68,111600,5554.498,5466.292,5389.901,63.847,41.993,29.268,12.725,5466.292,5589.951,5342.633
2026-01-13,5612.87,5642.05,5564.23,5603.14,178700,5570.062,5474.059,5394.922,65.377,46.642,32.743,13.899,5474.059,5611.566,5336.552
2026-01-14,5603.14,5671.23,5593.41,5671.23,171600,5595.354,5488.102,5402.455,70.137,55.184,37.231,17.952,5488.102,5645.543,5330.662
2026-01-15,5690.69,5729.6,5690.69,5700.41,179100,5626.482,5503.605,5412.294,71.919,63.575,42.5,21.075,5503.605,5680.392,5326.818
2026-01-16,5700.41,5758.78,5680.96,5749.05,149800,5661.502,5516.274,5422.149,74.636,73.305,48.661,24.644,5516.274,5724.234,5308.314
2026-01-19,5836.6,5846.33,5768.51,5768.51,193300,5698.468,5529.437,5432.01,75.651,81.645,55.258,26.387,5529.437,5765.84,5293.034
2026-01-20,5787.96,5885.24,5768.51,5885.24,197500,5754.888,5553.702,5445.354,80.652,96.561,63.518,33.042,5553.702,5830.34,5277.065
2026-01-21,5865.78,5865.78,5817.15,5846.33,150100,5789.908,5573.629,5458.303,75.114,104.043,71.623,32.419,5573.629,5874.499,5272.759
2026-01-22,5826.87,5875.51,5768.51,5856.06,165800,5821.038,5593.563,5471.256,75.566,109.495,79.198,30.297,5593.563,5914.184,5272.942
2026-01-23,5856.06,5894.97,5817.15,5846.33,108400,5840.494,5615.883,5482.865,74.116,111.743,85.707,26.036,5615.883,5941.854,5289.912
2026-01-26,5836.6,5865.78,5817.15,5846.33,113100,5856.058,5636.767,5495.814,74.116,112.23,91.011,21.219,5636.767,5965.736,5307.798
2026-01-27,5856.06,5894.97,5817.15,5865.79,73500,5852.168,5660.06,5509.152,75.219,112.886,95.386,17.5,5660.06,5984.359,5335.761
2026-01-28,5846.33,5846.33,5797.69,5817.15,106800,5846.332,5678.528,5520.56,67.482,108.233,97.955,10.277,5678.528,5993.875,5363.18
2026-01-29,5787.96,5826.87,5719.87,5817.15,153500,5838.55,5696.038,5531.203,67.482,103.354,99.035,4.319,5696.038,6000.627,5391.448
2026-01-30,5826.87,5846.33,5787.96,5846.33,138400,5838.55,5716.952,5540.897,69.654,100.681,99.364,1.317,5716.952,6000.796,5433.108
2026-02-02,5865.79,5914.42,5865.79,5865.79,125000,5842.442,5737.866,5550.98,71.043,98.992,99.29,-0.298,5737.866,5998.835,5476.898
2026-02-03,5856.06,5885.24,5807.42,5807.42,174900,5830.768,5751.972,5560.279,61.892,91.884,97.809,-5.924,5751.972,5994.406,5509.537
2026-02-04,5817.15,5914.42,5807.42,5865.79,163400,5840.496,5768.023,5570.17,66.534,89.925,96.232,-6.307,5768.023,5994.691,5541.354
2026-02-05,5933.88,5982.52,5836.6,5894.97,275600,5856.06,5785.532,5581.411,68.594,89.693,94.924,-5.231,5785.532,5992.866,5578.199
2026-02-06,5933.88,5943.61,5865.78,5885.24,165600,5863.842,5801.097,5590.352,67.111,87.712,93.482,-5.769,5801.097,5987.204,5614.99
2026-02-09,5963.06,5982.52,5865.78,5943.61,201100,5879.406,5819.094,5601.608,71.142,89.818,92.749,-2.931,5819.094,5985.214,5652.973
2026-02-10,5963.06,6040.88,5933.88,5963.06,219900,5910.534,5837.09,5612.296,72.358,91.995,92.598,-0.603,5837.09,5981.235,5692.944
2026-02-12,5992.24,6089.52,5972.79,6089.52,139900,5955.28,5858.004,5624.556,78.655,102.741,94.627,8.114,5858.004,6020.975,5695.033
2026-02-13,6089.52,6099.25,6001.97,6040.88,163600,5984.462,5875.028,5635.269,71.873,106.109,96.923,9.185,5875.028,6039.805,5710.25
2026-02-16,6070.07,6070.07,6001.97,6021.43,132200,6011.7,5888.646,5646.55,69.3,105.986,98.736,7.251,5888.646,6054.604,5722.689
2026-02-17,6021.43,6040.88,5982.52,5982.52,96700,6019.482,5899.347,5657.436,64.338,101.579,99.304,2.275,5899.347,6060.209,5738.485
2026-02-18,5992.25,6050.61,5982.52,6031.16,100400,6033.102,5906.643,5669.869,67.473,100.848,99.613,1.235,5906.643,6077.723,5735.563
2026-02-19,6021.43,6079.79,5963.06,6060.34,155400,6027.266,5917.344,5682.694,69.221,101.455,99.981,1.473,5917.344,6098.985,5735.702
2026-02-20,6031.16,6060.34,5992.24,6040.88,120100,6027.266,5926.584,5696.088,66.649,99.221,99.829,-0.609,5926.584,6113.818,5739.351
2026-02-24,6070.07,6138.16,6021.43,6108.98,164300,6044.776,5939.717,5709.694,70.746,101.773,100.218,1.555,5939.717,6139.662,5739.772
2026-02-25,6118.7,6177.07,6079.79,6177.07,193500,6083.686,5956.254,5724.471,74.164,108.044,101.783,6.261,5956.254,6177.276,5735.232
2026-02-26,6177.07,6196.53,6108.98,6128.43,212700,6103.14,5969.386,5738.084,68.048,107.845,102.996,4.85,5969.386,6198.826,5739.946
2026-02-27,6138.16,6303.53,6118.7,6274.35,185100,6145.942,5992.246,5755.763,74.77,118.102,106.017,12.085,5992.246,6247.477,5737.015
2026-03-02,6225.71,6293.8,6186.8,6225.71,199800,6182.908,6012.674,5772.47,69.52,120.911,108.996,11.915,6012.674,6274.22,5751.128
2026-03-03,6225.71,6225.71,6118.7,6128.43,263500,6186.798,6026.779,5785.126,60.387,113.974,109.991,3.983,6026.779,6280.874,5772.684
2026-03-04,6050.61,6050.61,5894.97,5972.79,320700,6145.942,6032.129,5794.476,49.241,94.824,106.958,-12.134,6032.129,6276.262,5787.996
2026-03-05,6167.34,6167.34,6001.97,6001.97,170200,6120.65,6041.856,5806.517,51.064,81.068,101.78,-20.712,6041.856,6262.682,5821.031
2026-03-06,5982.52,5982.52,5894.97,5943.61,229900,6054.502,6045.747,5816.433,47.397,64.711,94.366,-29.655,6045.747,6255.999,5835.496
2026-03-09,5865.79,5914.42,5817.15,5875.51,298600,5984.462,6044.774,5824.796,43.473,45.726,84.638,-38.912,6044.774,6258.122,5831.427
2026-03-10,5963.06,5972.79,5894.97,5894.97,192500,5937.77,6045.261,5834.697,44.877,31.883,74.087,-42.204,6045.261,6257.116,5833.406
2026-03-11,5924.15,5953.33,5894.97,5894.97,141800,5922.206,6042.829,5844.023,44.877,20.674,63.405,-42.731,6042.829,6260.63,5825.028
2026-03-12,5885.24,5885.24,5768.51,5778.24,360900,5877.46,6033.588,5851.589,38.264,2.344,51.193,-48.848,6033.588,6279.508,5787.668
2026-03-13,5758.78,5826.87,5758.78,5768.51,204000,5842.44,6017.538,5858.004,37.764,-12.819,38.39,-51.209,6017.538,6288.695,5746.38
2026-03-16,5768.51,5817.15,5739.33,5768.51,173300,5821.04,6003.919,5864.035,37.764,-24.553,25.801,-50.355,6003.919,6296.641,5711.197
2026-03-17,5787.96,5846.33,5787.96,5826.87,104200,5807.42,5994.191,5872.011,42.946,-28.812,14.879,-43.69,5994.191,6297.213,5691.169
2026-03-18,5836.6,5924.15,5817.15,5924.15,128400,5813.256,5991.272,5881.544,50.364,-24.059,7.091,-31.15,5991.272,6295.888,5686.657
2026-03-19,5875.51,5885.24,5826.87,5826.87,296600,5822.982,5981.058,5887.575,44.178,-27.822,0.109,-27.93,5981.058,6293.639,5668.477
2026-03-23,5797.69,5797.69,5700.41,5700.41,366500,5809.362,5963.062,5890.688,37.696,-40.541,-8.021,-32.519,5963.062,6297.129,5628.994
2026-03-24,5778.24,5826.87,5758.78,5797.69,187200,5815.198,5950.902,5895.747,44.448,-42.283,-14.874,-27.41,5950.902,6290.698,5611.106
2026-03-25,5865.78,5885.24,5836.6,5846.33,190100,5819.09,5937.77,5901.194,47.511,-39.287,-19.756,-19.531,5937.77,6272.1,5603.439
2026-03-26,5894.97,5894.97,5817.15,5865.79,325400,5807.418,5922.206,5906.836,48.729,-34.939,-22.793,-12.146,5922.206,6238.104,5606.307
2026-03-27,5875.51,5904.7,5826.87,5846.33,437700,5811.31,5908.1,5911.7,47.541,-32.687,-24.772,-7.915,5908.1,6210.115,5606.086
2026-03-30,5654.24,5723.2,5614.84,5673.94,385600,5806.016,5878.08,5911.754,38.57,-44.302,-28.678,-15.624,5878.08,6144.015,5612.145
2026-03-31,5664.09,5742.9,5644.39,5654.24,218000,5777.326,5849.506,5910.831,37.695,-54.468,-33.836,-20.632,5849.506,6078.397,5620.616
2026-04-01,5693.65,5772.45,5673.94,5772.45,198500,5762.55,5831.708,5911.299,45.664,-52.383,-37.545,-14.838,5831.708,6021.255,5642.16
2026-04-02,5772.45,5821.7,5752.75,5802.0,182000,5749.792,5823.168,5911.969,47.473,-47.795,-39.595,-8.2,5823.168,6000.979,5645.357
2026-04-03,5792.15,5831.55,5752.75,5762.6,106700,5733.046,5811.2,5909.516,45.307,-46.799,-41.036,-5.763,5811.2,5969.489,5652.91
2026-04-06,5762.6,5802.0,5742.9,5752.75,85600,5748.808,5801.656,5907.644,44.757,-46.271,-42.083,-4.188,5801.656,5948.966,5654.347
2026-04-07,5733.05,5772.45,5673.94,5703.5,153100,5758.66,5793.056,5904.593,42.013,-49.258,-43.518,-5.74,5793.056,5942.283,5643.829
2026-04-08,5742.9,5772.45,5713.35,5723.2,209300,5748.81,5784.468,5902.131,43.505,-49.466,-44.708,-4.759,5784.468,5928.686,5640.249
2026-04-09,5742.9,5792.15,5664.09,5664.09,135300,5721.228,5772.924,5898.486,40.165,-53.781,-46.522,-7.259,5772.924,5916.86,5628.987
2026-04-10,5673.94,5683.79,5565.59,5565.59,203700,5681.826,5762.291,5892.482,35.301,-64.406,-50.099,-14.307,5762.291,5933.422,5591.16
2026-04-13,5565.59,5604.99,5506.48,5506.48,209900,5632.572,5749.189,5886.268,32.739,-76.712,-55.421,-21.29,5749.189,5954.936,5543.443
2026-04-14,5506.48,5526.19,5417.83,5437.53,226300,5579.378,5732.64,5878.676,30.003,-90.979,-62.533,-28.446,5732.64,5980.73,5484.551
2026-04-15,5437.53,5486.78,5417.83,5437.53,130600,5522.244,5713.174,5870.5,30.003,-101.12,-70.25,-30.87,5713.174,5989.612,5436.735
2026-04-16,5427.68,5457.23,5407.98,5417.83,219400,5472.992,5687.858,5861.541,29.195,-109.485,-78.097,-31.388,5687.858,5975.456,5400.259
2026-04-17,5398.13,5457.23,5348.87,5427.68,235000,5445.41,5667.898,5853.946,30.208,-114.005,-85.279,-28.726,5667.898,5969.922,5365.874
2026-04-20,5437.53,5447.38,5368.58,5378.43,136000,5419.8,5651.799,5844.199,28.048,-120.176,-92.258,-27.918,5651.799,5979.739,5323.859
2026-04-21,5378.43,5378.43,5309.47,5309.47,139000,5394.188,5627.388,5832.489,25.319,-129.142,-99.635,-29.507,5627.388,5981.261,5273.515
2026-04-22,5319.32,5329.17,5240.52,5240.52,190300,5354.786,5597.098,5819.594,22.917,-140.196,-107.747,-32.449,5597.098,5974.96,5219.235
2026-04-23,5220.82,5230.67,5171.56,5201.12,255700,5311.444,5563.864,5804.745,21.653,-150.401,-116.278,-34.123,5563.864,5958.757,5168.971
2026-04-24,5201.12,5220.82,5151.86,5181.41,200600,5262.19,5530.618,5789.112,21.029,-158.255,-124.673,-33.582,5530.618,5937.169,5124.067
2026-04-27,5151.86,5191.26,5122.31,5151.86,184500,5216.876,5504.514,5770.358,20.093,-164.962,-132.731,-32.231,5504.514,5938.44,5070.588
2026-04-28,5142.01,5210.97,5142.01,5210.97,182300,5197.176,5482.35,5753.76,27.084,-163.622,-138.909,-24.713,5482.35,5929.166,5035.535
2026-04-30,5201.12,5210.97,5102.61,5142.01,215600,5177.474,5450.828,5736.172,24.402,-166.209,-144.369,-21.839,5450.828,5900.416,5001.241
2026-05-01,5102.61,5142.01,4935.15,5112.46,442700,5159.742,5416.352,5718.771,23.335,-168.698,-149.235,-19.463,5416.352,5858.24,4974.463
2026-05-07,5102.61,5191.26,5004.1,5004.1,413600,5124.28,5378.427,5698.229,19.9,-177.37,-154.862,-22.508,5378.427,5825.359,4931.494
2026-05-08,4994.25,4994.25,4807.09,4841.57,421100,5062.222,5332.868,5673.854,16.078,-195.109,-162.911,-32.197,5332.868,5804.236,4861.499
2026-05-11,4782.46,4871.12,4772.61,4826.79,294800,4985.386,5289.032,5649.572,15.781,-207.962,-171.921,-36.04,5289.032,5778.007,4800.057
2026-05-12,4821.87,4890.82,4821.87,4846.49,161700,4926.282,5245.196,5624.322,17.955,-214.091,-180.355,-33.735,5245.196,5727.432,4762.961
2026-05-13,4871.12,5004.1,4861.27,4876.05,283300,4879.0,5205.794,5598.302,21.241,-214.094,-187.103,-26.991,5205.794,5672.443,4739.146
2026-05-14,4905.6,4915.45,4856.34,4885.9,155400,4855.36,5171.81,5573.451,22.357,-210.872,-191.857,-19.015,5171.81,5626.99,4716.63
2026-05-15,4861.27,4900.67,4841.57,4890.82,246900,4865.21,5141.027,5545.781,22.945,-205.551,-194.596,-10.956,5141.027,5584.018,4698.036
2026-05-18,4890.82,4890.82,4792.32,4812.02,212900,4862.256,5109.752,5517.507,20.297,-205.327,-196.742,-8.585,5109.752,5552.925,4666.578
2026-05-19,4841.57,4915.45,4831.72,4900.67,165300,4873.092,5082.908,5492.952,30.074,-195.739,-196.541,0.802,5082.908,5507.118,4658.699
2026-05-20,4890.82,4910.52,4787.39,4826.79,195600,4863.24,5053.356,5470.032,27.091,-191.89,-195.611,3.721,5053.356,5461.365,4645.348
2026-05-21,4841.57,4885.9,4816.94,4831.72,225200,4852.404,5023.558,5446.627,27.607,-186.294,-193.748,7.453,5023.558,5402.472,4644.645
2026-05-22,4826.79,4826.79,4733.21,4802.17,191000,4834.674,4994.746,5423.798,26.401,-182.145,-191.427,9.282,4994.746,5346.72,4642.771
2026-05-25,4802.17,4826.79,4777.54,4807.09,183700,4833.688,4969.626,5402.43,26.973,-176.425,-188.427,12.002,4969.626,5297.94,4641.313
2026-05-26,4787.39,4856.34,4772.61,4826.79,175900,4818.912,4948.94,5381.066,29.341,-168.362,-184.414,16.052,4948.94,5256.892,4640.988
2026-05-27,4826.79,4841.57,4782.46,4826.79,213200,4818.912,4930.224,5359.702,29.341,-160.126,-179.556,19.43,4930.224,5218.515,4641.932
2026-05-28,4856.34,4890.82,4826.79,4841.57,155100,4820.882,4913.232,5340.969,31.28,-150.67,-173.779,23.109,4913.232,5178.312,4648.151
2026-05-29,4826.79,4900.67,4816.94,4836.64,206400,4827.776,4897.47,5322.332,30.975,-141.937,-167.411,25.474,4897.47,5139.274,4655.667
2026-06-01,4816.94,4816.94,4713.51,4713.51,295300,4809.06,4872.598,5301.232,24.534,-143.3,-162.588,19.288,4872.598,5078.261,4666.934
2026-06-02,4654.41,4728.29,4575.6,4674.11,319000,4778.524,4849.202,5278.176,22.893,-145.878,-159.246,13.368,4849.202,5030.879,4667.526
2026-06-03,4649.48,4664.26,4600.23,4664.26,157400,4746.018,4826.793,5252.979,22.488,-147.021,-156.801,9.78,4826.793,4980.097,4673.488
2026-06-04,4644.56,4649.48,4590.38,4600.23,126200,4697.75,4806.599,5228.446,20.011,-151.349,-155.711,4.362,4806.599,4967.761,4645.437
2026-06-05,4605.15,4659.33,4600.23,4629.78,156300,4656.378,4796.01,5207.033,24.163,-150.658,-154.7,4.043,4796.01,4974.407,4617.612
2026-06-08,4659.33,4693.81,4634.71,4683.96,216300,4650.468,4788.868,5184.759,31.214,-144.077,-152.575,8.498,4788.868,4973.407,4604.329
2026-06-09,4713.51,4733.21,4664.26,4674.11,154500,4650.468,4780.249,5161.314,30.656,-138.065,-149.673,11.608,4780.249,4969.498,4591.0
2026-06-10,4723.36,4787.39,4708.59,4772.61,194600,4672.138,4775.077,5139.451,41.85,-123.924,-144.524,20.599,4775.077,4958.878,4591.276
2026-06-11,4797.24,4816.94,4713.51,4733.21,181000,4698.734,4767.442,5117.188,39.129,-114.576,-138.534,23.958,4767.442,4944.419,4590.466
2026-06-12,4728.29,4762.76,4708.59,4743.06,166300,4721.39,4760.054,5098.571,40.176,-105.16,-131.859,26.699,4760.054,4927.421,4592.688
2026-06-15,4747.99,4757.84,4654.41,4679.03,167700,4720.404,4753.405,5079.066,35.858,-101.692,-125.826,24.133,4753.405,4922.635,4584.175
2026-06-16,4649.48,4654.41,4605.15,4649.48,122900,4715.478,4740.845,5056.607,34.039,-100.174,-120.695,20.521,4740.845,4901.104,4580.587
2026-06-17,4679.03,4723.36,4624.86,4624.86,142200,4685.928,4730.749,5033.064,32.558,-99.807,-116.518,16.711,4730.749,4893.632,4567.866
2026-06-18,4619.93,4654.41,4610.08,4644.56,149300,4668.198,4721.391,5010.703,34.996,-96.81,-112.576,15.766,4721.391,4881.327,4561.455
2026-06-19,4654.41,4688.88,4624.86,4659.33,217500,4651.452,4714.249,4988.835,36.839,-92.181,-108.497,16.316,4714.249,4871.735,4556.763
2026-06-22,4634.71,4659.33,4565.75,4570.68,154300,4629.782,4702.428,4966.179,31.132,-94.575,-105.713,11.137,4702.428,4865.947,4538.91
2026-06-23,4590.38,4610.08,4555.9,4605.15,146000,4620.916,4691.346,4943.818,35.328,-92.624,-103.095,10.471,4691.346,4849.326,4533.367
2026-06-24,4610.08,4659.33,4595.3,4610.08,161100,4617.96,4680.511,4922.737,35.929,-89.646,-100.405,10.759,4680.511,4828.806,4532.216
2026-06-25,4644.56,4644.56,4600.23,4600.23,114700,4609.094,4668.444,4903.43,35.224,-87.077,-97.74,10.663,4668.444,4799.875,4537.013
2026-06-26,4624.86,4654.41,4600.23,4644.56,132000,4606.14,4658.84,4886.192,40.846,-80.536,-94.299,13.763,4658.84,4763.96,4553.72
2026-06-29,4654.41,4693.81,4619.93,4674.11,153200,4626.826,4656.87,4870.923,44.315,-72.136,-89.866,17.73,4656.87,4759.113,4554.627
2026-06-30,4674.11,4713.51,4629.78,4629.78,211800,4631.752,4654.654,4854.768,40.48,-68.269,-85.547,17.278,4654.654,4757.244,4552.063
2026-07-01,4600.23,4600.23,4536.2,4536.2,177400,4616.976,4648.25,4837.136,33.824,-71.926,-82.823,10.896,4648.25,4763.519,4532.982
2026-07-02,4580.53,4639.63,4555.9,4639.63,183500,4624.856,4650.22,4821.375,44.655,-65.721,-79.402,13.681,4650.22,4763.36,4537.081
2026-07-03,4688.88,4723.36,4634.71,4649.48,158900,4625.84,4651.206,4806.796,45.569,-59.325,-75.387,16.062,4651.206,4763.938,4538.473
2026-07-06,4644.56,4747.99,4644.56,4728.29,115700,4636.676,4653.422,4795.172,52.347,-47.351,-69.78,22.429,4653.422,4770.525,4536.319
2026-07-07,4728.29,4797.24,4713.51,4762.76,136000,4663.272,4657.854,4785.617,54.987,-34.68,-62.76,28.08,4657.854,4784.571,4531.138
2026-07-08,4831.72,4925.3,4821.87,4880.97,292800,4732.226,4663.272,4779.214,62.634,-14.928,-53.193,38.266,4663.272,4817.029,4509.516
2026-07-09,4851.42,4851.42,4787.39,4797.24,147600,4763.748,4666.474,4771.531,55.449,-5.961,-43.747,37.786,4666.474,4828.791,4504.157
2026-07-10,4787.39,4792.32,4738.14,4747.99,144100,4783.45,4666.72,4763.453,51.693,-2.797,-35.557,32.76,4666.72,4829.541,4503.9
2026-07-13,4782.46,4807.09,4757.84,4762.76,88400,4790.344,4670.907,4754.489,52.727,0.892,-28.267,29.159,4670.907,4839.272,4502.542
2026-07-14,4807.09,4831.72,4747.99,4782.46,109600,4794.284,4677.556,4747.298,54.137,5.343,-21.545,26.888,4677.556,4852.723,4502.389
2026-07-15,4816.94,4816.94,4733.21,4762.76,111600,4770.642,4684.451,4740.304,52.452,7.199,-15.796,22.995,4684.451,4861.728,4507.174
2026-07-16,4777.54,4816.94,4743.06,4757.84,109000,4762.762,4690.115,4735.379,52.016,8.178,-11.001,19.179,4690.115,4869.255,4510.975
2026-07-17,4826.79,4866.19,4777.54,4802.17,167900,4773.598,4697.257,4734.591,55.594,12.388,-6.324,18.712,4697.257,4882.514,4512.0
2026-07-21,4826.79,4861.27,4772.61,4782.46,139500,4777.538,4707.846,4733.704,53.678,13.973,-2.264,16.237,4707.846,4886.741,4528.951
2026-07-22,4757.84,4816.94,4733.21,4802.17,141000,4781.48,4717.697,4732.818,55.336,16.628,1.514,15.114,4717.697,4894.467,4540.927
2026-07-23,4772.61,4777.54,4733.21,4752.91,95100,4779.51,4724.838,4730.355,50.473,14.589,4.129,10.46,4724.838,4894.708,4554.969
2026-07-24,4733.21,4797.24,4723.36,4777.54,95300,4783.45,4733.704,4728.188,52.711,14.79,6.261,8.529,4733.704,4894.454,4572.954
2026-07-27,4812.02,4885.9,4802.17,4871.12,152500,4797.24,4745.032,4727.794,60.089,22.244,9.458,12.786,4745.032,4911.172,4578.892
2026-07-28,4915.45,4935.15,4890.82,4935.15,212400,4827.778,4758.084,4730.256,64.204,32.939,14.154,18.785,4758.084,4940.939,4575.229
2026-07-29,4974.55,5092.76,4925.3,5043.51,217700,4876.046,4778.77,4733.113,69.866,49.586,21.241,28.346,4778.77,4991.654,4565.887
2026-07-30,5043.51,5053.36,4954.85,4984.4,138000,4922.344,4801.18,4736.265,63.926,57.349,28.462,28.886,4801.18,5000.478,4601.883
2026-07-31,4920.37,4935.15,4821.87,4831.72,181200,4933.18,4810.785,4736.265,51.698,50.597,32.889,17.708,4810.785,4995.265,4626.305
2026-08-03,4945.0,4994.25,4816.94,4885.9,331000,4936.136,4822.606,4737.94,54.988,49.053,36.122,12.931,4822.606,4993.353,4651.859
2026-08-04,4905.6,4935.15,4767.69,4772.61,238400,4903.628,4824.822,4737.25,47.675,38.247,36.547,1.7,4824.822,4991.517,4658.127
2026-08-05,4757.84,4812.02,4738.14,4782.46,157100,4851.418,4825.807,4736.364,48.319,30.13,35.264,-5.133,4825.807,4991.186,4660.428
2026-08-06,4777.54,4826.79,4767.69,4816.94,142500,4817.926,4822.606,4736.167,50.609,26.179,33.447,-7.268,4822.606,4985.955,4659.256
2026-08-07,4826.79,4905.6,4782.47,4861.27,125300,4823.836,4825.807,4736.561,53.464,26.32,32.021,-5.701,4825.807,4989.572,4662.042
2026-08-10,4856.34,4945.0,4831.72,4935.15,125300,4833.686,4835.165,4738.531,57.838,32.025,32.022,0.003,4835.165,5001.576,4668.754
2026-08-12,4964.7,4984.4,4925.3,4954.85,126700,4870.134,4844.77,4743.358,58.946,37.701,33.158,4.543,4844.77,5015.697,4673.842
2026-08-13,4954.85,5004.1,4925.3,4994.25,128000,4912.492,4855.359,4749.761,61.146,44.861,35.499,9.363,4855.359,5035.999,4674.719
2026-08-14,4984.4,5043.51,4954.85,5033.66,156800,4955.836,4868.904,4757.149,63.266,53.104,39.02,14.084,4868.904,5060.596,4677.212
2026-08-17,5033.66,5043.51,4974.55,4984.4,109500,4980.462,4880.232,4764.832,58.937,55.027,42.221,12.806,4880.232,5071.064,4689.4
2026-08-18,4954.85,5033.66,4945.0,5023.8,96600,4998.192,4891.314,4772.712,61.223,59.05,45.587,13.463,4891.314,5088.687,4693.94
2026-08-19,5033.66,5053.36,4954.85,5013.95,91000,5010.012,4902.888,4779.312,60.319,60.743,48.618,12.125,4902.888,5100.534,4705.242
2026-08-20,5023.8,5063.21,4954.85,5013.95,107300,5013.952,4913.477,4786.109,60.319,61.377,51.17,10.207,4913.477,5111.096,4715.858
2026-08-21,5023.8,5073.06,5013.95,5033.66,83100,5013.952,4927.514,4791.33,61.633,62.747,53.485,9.261,4927.514,5116.82,4738.209
2026-08-24,5073.06,5102.61,5023.8,5063.21,84700,5029.714,4941.798,4797.93,63.581,65.462,55.881,9.581,4941.798,5126.511,4757.085
2026-08-25,5073.06,5092.76,5043.51,5053.36,73500,5035.626,4950.91,4804.136,62.443,66.058,57.916,8.142,4950.91,5138.893,4762.927
2026-08-26,5073.06,5102.61,5043.51,5073.06,82800,5047.448,4957.806,4812.017,63.837,67.343,59.801,7.542,4957.806,5153.321,4762.29
2026-08-27,5033.66,5082.91,5004.1,5023.8,72000,5049.418,4956.82,4819.503,58.036,63.653,60.572,3.081,4956.82,5150.709,4762.931
2026-08-28,5023.8,5043.51,5004.1,5033.66,59100,5049.418,4959.283,4827.679,58.842,60.823,60.622,0.201,4959.283,5155.88,4762.686
2026-08-31,5033.66,5082.91,5023.8,5043.51,99800,5045.478,4969.872,4835.658,59.676,58.699,60.237,-1.539,4969.872,5160.256,4779.489
2026-09-01,5043.51,5112.46,5043.51,5063.21,110500,5047.448,4978.738,4843.736,61.361,57.937,59.777,-1.84,4978.738,5169.17,4788.306
2026-09-02,5043.51,5082.91,5033.66,5033.66,66500,5039.568,4991.79,4852.995,57.48,54.322,58.686,-4.364,4991.79,5156.827,4826.754
2026-09-03,5023.8,5053.36,4984.4,4994.25,94900,5033.658,5002.38,4860.777,52.694,47.728,56.495,-8.767,5002.38,5134.823,4869.937
2026-09-04,4974.55,5013.95,4945.0,4964.7,93800,5019.866,5009.768,4867.87,49.374,39.66,53.128,-13.468,5009.768,5111.604,4907.932
2026-09-07,4935.15,4964.7,4925.3,4925.3,91000,4996.224,5012.97,4874.371,45.278,29.744,48.451,-18.707,5012.97,5097.746,4928.193
2026-09-08,4925.3,4994.25,4915.45,4994.25,123600,4982.432,5015.924,4881.365,52.677,27.136,44.188,-17.052,5015.924,5093.056,4938.793
2026-09-09,4994.25,4994.25,4925.3,4925.3,107700,4960.76,5014.447,4886.389,45.982,19.283,39.207,-19.924,5014.447,5097.415,4931.479
2026-09-10,4900.67,4915.45,4885.9,4885.9,111100,4939.09,5009.03,4891.511,42.646,9.768,33.319,-23.551,5009.03,5109.792,4908.267
2026-09-11,4876.05,4925.3,4861.27,4925.3,103900,4931.21,5003.612,4899.293,46.802,5.345,27.724,-22.379,5003.612,5110.278,4896.945
2026-09-14,4925.3,4974.55,4925.3,4964.7,114500,4939.09,5002.626,4905.794,50.653,4.962,23.172,-18.21,5002.626,5110.398,4894.855
2026-09-15,4974.55,5004.1,4920.37,4935.15,76500,4927.27,4998.194,4911.508,47.855,2.248,18.987,-16.739,4998.194,5109.532,4886.856
2026-09-16,4964.7,4994.25,4935.15,4954.85,95400,4933.18,4995.239,4916.039,49.844,1.667,15.523,-13.856,4995.239,5107.945,4882.533
2026-09-17,4974.55,5013.95,4974.55,4984.4,99300,4952.88,4993.762,4920.472,52.755,3.551,13.129,-9.578,4993.762,5106.209,4881.314
2026-09-18,5013.95,5013.95,4900.67,4900.67,459100,4947.954,4987.112,4920.866,44.817,-1.693,10.164,-11.858,4987.112,5105.212,4869.012
2026-09-24,4925.3,4974.55,4895.75,4935.15,161800,4942.044,4980.709,4923.624,48.269,-3.032,7.525,-10.557,4980.709,5095.27,4866.148
2026-09-25,4964.7,4994.25,4954.85,4964.7,107300,4947.954,4976.276,4927.958,51.093,-1.689,5.682,-7.371,4976.276,5085.749,4866.803
2026-09-28,4994.25,5004.1,4945.0,4945.0,109300,4945.984,4969.873,4931.603,49.166,-2.19,4.108,-6.297,4969.873,5070.1,4869.646
2026-09-29,4965.0,4965.0,4845.0,4845.0,178600,4918.104,4960.933,4932.854,40.763,-10.534,1.179,-11.713,4960.933,5072.196,4849.67
2026-09-30,4850.0,4885.0,4815.0,4865.0,153500,4910.97,4952.5,4934.899,42.866,-15.356,-2.128,-13.228,4952.5,5066.096,4838.904
2026-10-01,4855.0,4895.0,4835.0,4870.0,125300,4897.94,4943.824,4937.142,43.407,-18.56,-5.414,-13.146,4943.824,5054.623,4833.026
2026-10-02,4845.0,4850.0,4805.0,4810.0,39000,4867.0,4931.164,4937.298,38.675,-25.645,-9.46,-16.185,4931.164,5042.39,4819.938
