Date,Open,High,Low,Close,Volume,SMA5,SMA20,SMA50,RSI,MACD,MACD_signal,MACD_hist,BB_mid,BB_upper,BB_lower
2021-10-04,13226.74,13236.1,12693.56,12787.1,230600,,,,,0.0,0.0,0.0,,,
2021-10-05,12506.47,12553.24,12263.27,12469.06,274000,,,,,-25.371,-5.074,-20.297,,,
2021-10-06,12777.74,12974.18,12310.04,12403.58,240200,,,,,-50.182,-14.096,-36.087,,,
2021-10-07,12628.08,12889.99,12628.08,12646.79,226300,,,,,-49.649,-21.206,-28.442,,,
2021-10-08,12889.99,13226.74,12880.64,13039.66,221500,12669.238,,,,-17.324,-20.43,3.106,,,
2021-10-11,12908.7,13095.78,12674.85,13067.72,113300,12725.362,,,,10.437,-14.257,24.693,,,
2021-10-12,13049.01,13049.01,12759.04,12861.93,123000,12803.936,,,,15.651,-8.275,23.926,,,
2021-10-13,12889.99,13011.6,12796.45,12852.58,101800,12893.736,,,,18.813,-2.857,21.67,,,
2021-10-14,13011.6,13226.74,12946.12,13142.55,126400,12992.888,,,,44.207,6.555,37.652,,,
2021-10-15,13367.05,13610.26,13254.8,13544.78,164200,13093.912,,,,95.686,24.382,71.304,,,
2021-10-18,13619.62,13619.62,13348.35,13367.05,123100,13153.778,,,,120.749,43.655,77.094,,,
2021-10-19,13395.12,13572.85,13385.76,13488.66,129300,13279.124,,,,148.711,64.666,84.045,,,
2021-10-20,13554.14,13741.22,13479.3,13572.85,113700,13423.178,,,,175.64,86.861,88.779,,,
2021-10-21,13329.64,13591.55,13310.93,13423.18,82800,13479.304,,,,182.797,106.048,76.749,,,
2021-10-22,13310.93,13610.26,13310.93,13469.95,87200,13464.338,,,64.751,190.052,122.849,67.203,,,
2021-10-25,13348.35,13600.91,13301.58,13535.43,66200,13498.014,,,66.306,198.794,138.038,60.756,,,
2021-10-26,13741.22,13750.57,13423.18,13488.66,105500,13498.014,,,64.13,199.647,150.36,49.287,,,
2021-10-27,13432.53,13610.26,13301.58,13376.41,107200,13458.726,,,59.116,189.085,158.105,30.98,,,
2021-10-28,13413.83,13741.22,13357.7,13722.51,158900,13518.592,,,67.542,206.265,167.737,38.528,,,
2021-10-29,13713.16,13769.28,13460.6,13507.37,93800,13526.076,13188.391,,59.353,200.212,174.232,25.98,13188.391,13984.453,12392.329
2021-11-01,13451.24,13657.03,13338.99,13638.32,123700,13546.654,13230.952,,62.346,203.634,180.112,23.522,13230.952,14027.698,12434.206
2021-11-02,13498.01,13657.03,13413.83,13460.6,113300,13541.042,13280.529,,56.289,189.817,182.053,7.764,13280.529,13997.014,12564.044
2021-11-04,13600.91,13628.97,13498.01,13610.26,89100,13587.812,13340.863,,59.828,188.768,183.396,5.372,13340.863,13940.037,12741.689
2021-11-05,13778.64,14031.2,13759.93,14031.2,180800,13649.55,13410.083,,67.74,219.374,190.592,28.782,13410.083,13991.243,12828.924
2021-11-08,14124.74,14349.24,14049.91,14106.03,214500,13769.282,13463.402,,68.912,246.822,201.838,44.984,13463.402,14094.953,12831.851
2021-11-09,14068.61,14124.74,13872.18,13872.18,102700,13816.054,13503.625,,61.404,246.86,210.842,36.018,13503.625,14131.528,12875.722
2021-11-10,13825.41,13984.43,13741.22,13769.28,94000,13877.79,13548.993,,58.389,235.868,215.847,20.02,13548.993,14109.139,12988.846
2021-11-11,13619.62,13853.47,13582.2,13806.7,126800,13917.078,13596.698,,59.174,227.552,218.188,9.364,13596.698,14061.521,13131.876
2021-11-12,13610.26,13947.01,13591.55,13731.87,187800,13857.212,13626.164,,56.864,212.475,217.046,-4.57,13626.164,14041.892,13210.437
2021-11-15,13937.66,14386.65,13928.3,14321.18,227300,13900.242,13664.984,,67.594,245.252,222.687,22.565,13664.984,14181.496,13148.473
2021-11-16,14190.22,14424.07,14096.68,14377.3,188200,14001.266,13715.497,,68.4,272.613,232.672,39.941,13715.497,14302.16,13128.834
2021-11-17,14685.99,14985.32,14639.22,14873.07,274900,14222.024,13784.718,,74.447,330.492,252.236,78.256,13784.718,14556.252,13013.183
2021-11-18,14929.2,15078.86,14723.4,14985.32,204100,14457.748,13855.341,,75.587,381.027,277.994,103.033,13855.341,14787.155,12923.527
2021-11-19,15078.86,15209.82,14957.26,15116.28,208600,14734.63,13939.996,,76.882,426.725,307.74,118.984,13939.996,15004.662,12875.33
2021-11-22,15265.94,15602.69,15144.34,15593.34,284300,14989.062,14046.166,,80.864,495.721,345.337,150.384,14046.166,15317.001,12775.33
2021-11-24,15387.55,15453.03,14545.67,14723.4,428200,15058.282,14105.564,,60.424,474.731,371.216,103.516,14105.564,15386.895,12824.233
2021-11-25,14854.36,14901.13,14517.61,14592.45,179900,15002.158,14160.753,,58.046,442.431,385.459,56.972,14160.753,15425.178,12896.329
2021-11-26,14629.86,14714.05,14274.4,14311.82,184200,14867.458,14207.524,,53.212,389.695,386.306,3.389,14207.524,15417.834,12997.214
2021-11-29,13965.72,14873.07,13853.47,14592.45,286100,14762.692,14251.021,,57.063,366.324,382.31,-15.986,14251.021,15450.418,13051.624
2021-11-30,14770.17,14873.07,14208.93,14246.34,489500,14493.292,14287.97,,51.44,316.228,369.093,-52.865,14287.97,15435.307,13140.632
2021-12-01,14227.63,14227.63,13572.85,13797.34,313600,14308.08,14295.92,,45.215,237.558,342.786,-105.228,14295.92,15426.382,13165.459
2021-12-02,13657.03,13844.11,13338.99,13413.82,219700,14072.354,14293.582,,40.686,142.621,302.753,-160.132,14293.582,15431.49,13155.673
2021-12-03,13535.43,13909.59,13423.18,13872.18,213900,13984.426,14306.678,,47.46,103.179,262.838,-159.66,14306.678,15417.172,13196.183
2021-12-06,13647.68,13685.1,13432.53,13591.55,133700,13784.246,14284.695,,44.136,48.715,220.014,-171.299,14284.695,15434.848,13134.542
2021-12-07,13862.82,14162.16,13769.28,14106.03,177800,13756.184,14284.695,,50.921,46.529,185.317,-138.788,14284.695,15434.848,13134.542
2021-12-08,14442.78,14536.32,14293.11,14424.07,174700,13881.53,14312.289,,54.593,69.657,162.185,-92.527,14312.289,15447.15,13177.429
2021-12-09,14498.9,14639.22,14349.24,14349.24,87700,14068.614,14341.288,,53.577,81.015,145.951,-64.936,14341.288,15446.991,13235.584
2021-12-10,14143.45,14171.51,13909.59,13956.37,166700,14085.452,14348.771,,48.478,57.649,128.291,-70.641,14348.771,15441.187,13256.355
2021-12-13,14124.74,14302.47,13956.37,13956.37,117200,14158.416,14359.996,,48.478,38.686,110.37,-71.683,14359.996,15430.107,13289.885
2021-12-14,13890.89,14049.91,13694.45,13750.57,141600,14087.324,14331.466,13774.895,45.829,6.971,89.69,-82.719,14331.466,15435.813,13227.118
2021-12-15,13582.2,13787.99,13460.6,13628.97,161000,13928.304,14294.049,13791.732,44.288,-27.656,66.221,-93.877,14294.049,15441.717,13146.381
2021-12-16,13844.11,13956.36,13563.49,13600.91,208100,13778.638,14230.441,13814.369,43.921,-56.709,41.635,-98.344,14230.441,15383.987,13076.895
2021-12-17,13526.07,13535.43,12899.35,12899.35,412400,13567.234,14126.142,13824.285,35.912,-134.791,6.35,-141.14,14126.142,15366.268,12886.017
2021-12-20,13049.01,13095.79,12600.02,12637.43,243200,13303.446,14002.2,13824.098,33.459,-215.323,-37.985,-177.338,14002.2,15318.793,12685.607
2021-12-21,12590.66,12992.89,12469.06,12889.99,185100,13131.33,13867.033,13821.104,37.866,-255.817,-81.551,-174.266,13867.033,15043.433,12690.632
2021-12-22,13049.01,13123.85,12899.35,13095.78,152000,13024.692,13785.651,13821.665,41.279,-268.212,-118.883,-149.328,13785.651,14937.549,12633.754
2021-12-23,13376.41,13404.47,13264.16,13292.22,129000,12962.954,13720.64,13830.271,44.418,-259.196,-146.946,-112.25,13720.64,14826.666,12614.614
2021-12-24,13114.49,13310.93,13086.43,13217.39,124100,13026.562,13665.918,13837.567,43.465,-255.147,-168.586,-86.561,13665.918,14756.984,12574.853
2021-12-27,13245.45,13498.01,13170.62,13441.89,113700,13187.454,13608.39,13843.554,47.13,-231.159,-181.101,-50.058,13608.39,14611.549,12605.232
2021-12-28,13488.66,13741.22,13479.3,13741.22,173400,13357.7,13583.134,13847.483,51.632,-185.853,-182.051,-3.801,13583.134,14543.174,12623.095
2021-12-29,13600.91,13759.93,13498.01,13535.43,97200,13445.63,13570.039,13850.851,48.57,-164.654,-178.572,13.918,13570.039,14524.907,12615.171
2021-12-30,13441.89,13610.26,13310.93,13423.18,96700,13471.822,13570.507,13849.541,46.935,-155.124,-173.882,18.758,13570.507,14525.062,12615.952
2022-01-04,13638.32,13703.8,13460.6,13657.03,133300,13559.75,13559.75,13851.225,50.662,-127.234,-164.553,37.318,13559.75,14504.792,12614.707
2022-01-05,13413.82,13563.49,13133.2,13273.51,266000,13526.074,13543.848,13848.231,45.071,-134.528,-158.548,24.02,13543.848,14497.303,12590.392
2022-01-06,12805.81,12833.87,12010.7,12048.12,525600,13187.454,13440.952,13819.795,32.667,-236.461,-174.13,-62.331,13440.952,14567.429,12314.475
2022-01-07,11954.58,12020.06,11327.85,11627.19,515200,12805.806,13301.108,13781.63,29.649,-347.207,-208.746,-138.461,13301.108,14595.598,12006.618
2022-01-11,11673.96,11692.66,11159.48,11393.33,542400,12399.836,13153.312,13739.723,28.095,-448.673,-256.731,-191.941,13153.312,14608.884,11697.741
2022-01-12,11543.0,11636.54,11253.02,11608.48,401100,11990.126,13035.918,13704.365,31.643,-505.892,-306.563,-199.329,13035.918,14593.902,11477.934
2022-01-13,11468.17,11477.52,11196.9,11196.9,450400,11574.804,12897.944,13653.852,28.723,-577.79,-360.809,-216.981,12897.944,14595.234,11200.655
2022-01-14,10719.84,10860.15,10383.09,10532.75,567400,11271.73,12737.054,13594.36,24.754,-680.516,-424.75,-255.766,12737.054,14685.506,10788.601
2022-01-17,10289.55,10326.96,10055.69,10065.05,456100,10959.302,12558.858,13522.895,22.406,-790.554,-497.911,-292.643,12558.858,14794.56,10323.155
2022-01-18,10308.25,10635.65,10111.82,10355.02,563600,10751.64,12396.563,13460.783,27.028,-844.625,-567.254,-277.371,12396.563,14780.124,10013.002
2022-01-19,10074.4,10242.77,9962.15,10027.63,366200,10435.47,12252.977,13389.13,25.202,-903.48,-634.499,-268.981,12252.977,14845.808,9660.146
2022-01-20,9906.03,10102.46,9756.36,10046.34,392600,10205.358,12123.422,13309.433,25.512,-937.803,-695.16,-242.643,12123.422,14888.579,9358.266
2022-01-21,9915.38,9980.86,9662.82,9896.67,315800,10078.142,11973.756,13225.246,24.634,-965.946,-749.317,-216.629,11973.756,14884.417,9063.096
2022-01-24,9625.4,9859.26,9428.97,9840.55,253000,10033.242,11810.995,13144.613,24.296,-981.464,-795.746,-185.718,11810.995,14819.878,8802.112
2022-01-25,10008.92,10167.94,9391.55,9457.03,552500,9853.644,11619.236,13058.368,22.069,-1013.032,-839.204,-173.828,11619.236,14718.14,8520.331
2022-01-26,10018.27,10065.05,9522.51,9700.23,445800,9788.164,11443.377,12976.239,26.66,-1006.819,-872.727,-134.093,11443.377,14559.556,8327.199
2022-01-27,9569.28,9616.05,8764.82,8849.01,777800,9548.698,11213.734,12878.582,21.816,-1058.382,-909.858,-148.524,11213.734,14386.219,8041.248
2022-01-28,8895.78,9008.03,8456.14,8596.45,732000,9288.654,10956.495,12764.087,20.618,-1106.866,-949.259,-157.606,10956.495,14100.268,7812.722
2022-01-31,8877.07,9288.65,8764.82,9213.82,540600,9163.308,10740.414,12660.818,30.638,-1082.989,-976.005,-106.984,10740.414,13728.035,7752.794
2022-02-01,9634.76,9784.42,9185.76,9251.24,589000,9122.15,10531.818,12548.381,31.205,-1048.955,-990.595,-58.36,10531.818,13305.683,7757.952
2022-02-02,9915.38,10158.59,9775.07,10121.17,729300,9206.338,10355.024,12451.098,42.889,-940.941,-980.664,39.724,10355.024,12709.175,8000.874
2022-02-03,9634.76,9793.78,9391.55,9419.61,648900,9320.458,10162.33,12337.165,37.376,-901.556,-964.843,63.287,10162.33,12105.709,8218.95
2022-02-04,9326.07,9737.65,9288.65,9662.82,352800,9533.732,10043.064,12218.554,40.244,-841.023,-940.079,99.056,10043.064,11781.077,8305.052
2022-02-07,9653.46,9662.82,9176.4,9316.71,368500,9554.31,9927.54,12110.42,37.605,-811.623,-914.387,102.765,9927.54,11523.554,8331.527
2022-02-08,9316.71,9475.73,9129.63,9260.59,312900,9556.18,9820.904,12003.783,37.179,-783.816,-888.273,104.457,9820.904,11284.018,8357.789
2022-02-09,9494.44,9672.17,9307.36,9606.69,383500,9453.284,9720.814,11909.681,41.572,-725.488,-855.716,130.228,9720.814,10918.921,8522.707
2022-02-10,9775.07,9962.15,9522.51,9681.53,455200,9505.668,9645.046,11811.462,42.508,-665.552,-817.683,152.131,9645.046,10621.218,8668.873
2022-02-14,9541.21,10055.69,9531.86,9934.09,681700,9559.922,9615.112,11725.217,45.672,-590.862,-772.319,181.457,9615.112,10510.004,8720.221
2022-02-15,10008.92,10102.46,9756.36,9868.61,338000,9670.302,9605.29,11646.643,44.981,-530.834,-724.022,193.188,9605.29,10483.546,8727.035
2022-02-16,9999.57,10083.75,9793.78,9943.44,246500,9806.872,9584.712,11577.235,45.987,-471.785,-673.575,201.79,9584.712,10406.47,8762.953
2022-02-17,9952.8,9999.57,9457.03,9569.28,343700,9799.39,9561.794,11491.177,41.865,-449.992,-628.858,178.866,9561.794,10356.668,8766.92
2022-02-18,9232.53,9625.4,9176.4,9541.21,304300,9771.326,9536.538,11410.17,41.564,-430.029,-589.093,159.063,9536.538,10297.983,8775.092
2022-02-21,9223.17,9644.11,9045.45,9531.86,297300,9690.88,9518.297,11318.687,41.457,-410.234,-553.321,143.087,9518.297,10260.658,8775.936
2022-02-22,9354.13,9616.05,9326.07,9531.86,191200,9623.53,9502.862,11220.843,41.457,-390.05,-520.667,130.617,9502.862,10229.686,8776.039
2022-02-24,9307.36,9522.51,9251.24,9428.96,279100,9520.634,9501.459,11122.437,40.14,-378.0,-492.133,114.133,9501.459,10228.763,8774.155
2022-02-25,9952.8,10167.94,9728.3,10111.82,428500,9629.142,9522.038,11045.546,51.221,-309.778,-455.662,145.884,9522.038,10294.89,8749.187
2022-02-28,9952.8,10345.67,9868.61,10261.48,427900,9773.196,9592.662,10971.648,53.263,-240.859,-412.702,171.843,9592.662,10364.703,8820.621
2022-03-01,10373.73,10934.98,10205.36,10878.85,440400,10042.594,9706.782,10914.214,60.592,-134.869,-357.135,222.266,9706.782,10531.735,8881.829
2022-03-02,10645.0,11037.88,10485.98,10916.27,347100,10319.476,9791.904,10859.96,60.992,-47.306,-295.169,247.863,9791.904,10744.191,8839.618
2022-03-03,10925.63,11187.54,10710.48,10804.02,475400,10594.488,9869.544,10804.022,59.058,12.882,-233.559,246.441,9869.544,10887.181,8851.906
2022-03-04,10616.94,10663.71,10214.71,10317.61,351500,10635.646,9879.366,10752.387,51.449,21.089,-182.629,203.719,9879.366,10910.926,8847.805
2022-03-07,10055.69,10298.9,9849.9,10186.65,311900,10620.68,9917.718,10703.372,49.596,16.832,-142.737,159.569,9917.718,10934.232,8901.203
2022-03-08,9934.09,10401.79,9840.55,10158.59,409700,10476.628,9942.506,10648.744,49.187,11.066,-111.976,123.043,9942.506,10957.026,8927.986
2022-03-09,10196.0,10308.25,9962.15,10139.88,354100,10321.35,9983.664,10589.626,48.898,4.93,-88.595,93.525,9983.664,10957.253,9010.076
2022-03-10,10616.94,10616.94,10252.13,10485.98,329200,10257.742,10044.934,10533.501,54.259,27.676,-65.341,93.017,10044.934,10980.411,9109.457
2022-03-11,10289.54,10476.63,10027.63,10149.23,375300,10224.066,10072.061,10472.138,48.885,18.318,-48.609,66.927,10072.061,10985.229,9158.893
2022-03-14,10008.92,10242.77,9934.09,10065.05,256900,10199.746,10091.237,10404.601,47.616,4.062,-38.075,42.137,10091.237,10985.792,9196.682
2022-03-15,9718.94,10018.28,9653.46,9896.67,353900,10147.362,10089.366,10327.71,45.093,-20.585,-34.577,13.992,10089.366,10985.46,9193.272
2022-03-16,10055.69,10083.75,9587.99,9765.71,378100,10072.528,10084.221,10252.315,43.177,-50.108,-37.683,-12.425,10084.221,10986.81,9181.632
2022-03-17,10102.46,10495.34,10027.63,10420.5,391900,10059.432,10108.074,10192.262,53.757,-20.434,-34.233,13.8,10108.074,11020.163,9195.985
2022-03-18,10439.21,10626.29,10317.61,10467.27,327800,10123.04,10152.974,10128.467,54.409,6.779,-26.031,32.81,10152.974,11041.492,9264.455
2022-03-22,10420.5,10467.27,10289.54,10448.56,243000,10199.742,10198.341,10071.968,54.08,26.53,-15.518,42.049,10198.341,11047.106,9349.576
2022-03-23,10869.5,11140.77,10710.48,11094.0,389100,10439.208,10276.448,10052.885,62.503,93.191,6.223,86.967,10276.448,11153.993,9398.903
2022-03-24,10906.92,11206.25,10878.86,11196.9,202600,10725.446,10359.7,10044.279,63.648,152.564,35.491,117.072,10359.7,11255.551,9463.849
2022-03-25,11402.69,11561.71,11327.85,11514.94,417300,10944.334,10463.999,10046.712,67.001,222.713,72.936,149.777,10463.999,11388.843,9539.155
2022-03-28,11281.08,11374.62,11047.23,11084.65,290700,11067.81,10512.64,10036.235,59.063,240.81,106.511,134.3,10512.64,11461.513,9563.768
2022-03-29,11318.5,11533.64,11150.12,11458.81,272600,11269.86,10572.507,10041.473,63.151,282.093,141.627,140.465,10572.507,11602.293,9542.721
2022-03-30,12020.06,12132.31,11861.04,11992.0,478400,11449.46,10628.164,10070.658,68.048,353.755,184.053,169.702,10628.164,11833.096,9423.233
2022-03-31,11992.0,12057.48,11589.77,11767.5,427000,11563.58,10670.726,10104.707,64.181,387.96,224.834,163.126,10670.726,11974.582,9366.87
2022-04-01,11599.12,11832.98,11402.69,11786.21,247600,11617.834,10719.836,10133.331,64.362,411.831,262.234,149.597,10719.836,12115.58,9324.091
2022-04-04,11739.43,11935.87,11655.25,11786.21,300200,11758.146,10793.266,10168.503,64.362,425.84,294.955,130.885,10793.266,12252.971,9333.56
2022-04-05,11973.29,12001.35,11571.06,11720.73,482300,11810.53,10869.97,10201.99,63.063,426.739,321.312,105.427,10869.97,12356.439,9383.5
2022-04-06,11486.87,11617.83,11365.27,11524.29,317200,11716.988,10938.254,10234.543,59.203,406.91,338.431,68.479,10938.254,12412.552,9463.957
2022-04-07,11365.27,11430.75,10972.4,11065.94,349800,11576.676,10984.557,10259.051,51.31,350.174,340.78,9.394,10984.557,12410.66,9558.455
2022-04-08,11187.54,11327.85,11056.58,11122.06,255900,11443.846,11016.362,10292.351,52.151,306.208,333.865,-27.657,11016.362,12423.897,9608.826
2022-04-11,10850.79,10878.86,10457.92,10551.46,219800,11196.896,11036.473,10309.376,43.856,222.755,311.643,-88.888,11036.473,12402.73,9670.216
2022-04-12,10448.57,10616.94,10326.96,10392.44,220400,10931.238,11052.842,10340.244,41.858,142.148,277.744,-135.597,11052.842,12377.299,9728.386
2022-04-13,10429.86,10785.31,10326.96,10663.71,331900,10759.122,11091.194,10381.59,46.349,99.014,241.998,-142.985,11091.194,12315.308,9867.081
2022-04-14,10710.48,10738.54,10392.44,10476.63,309200,10641.26,11126.74,10406.846,43.834,49.167,203.432,-154.265,11126.74,12223.45,10030.031
2022-04-15,10196.0,10252.13,10121.17,10205.36,362500,10457.92,11115.983,10425.928,40.41,-12.087,160.328,-172.415,11115.983,12245.586,9986.381
2022-04-18,10102.46,10167.94,9906.03,10065.05,236100,10360.638,11095.873,10424.806,38.726,-71.133,114.036,-185.169,11095.873,12286.764,9904.981
2022-04-19,10233.42,10607.59,10186.65,10457.92,349300,10373.734,11096.34,10445.572,45.569,-85.243,74.18,-159.423,11096.34,12286.168,9906.513
2022-04-20,10635.65,10691.77,10401.79,10411.15,236000,10323.222,11062.198,10460.539,44.925,-99.058,39.533,-138.59,11062.198,12290.863,9833.533
2022-04-21,10280.19,10439.21,10224.07,10317.61,195100,10291.418,11018.233,10480.557,43.6,-116.214,8.383,-124.597,11018.233,12288.815,9747.652
2022-04-22,10046.34,10074.4,9821.84,9849.9,261600,10220.326,10934.981,10492.343,37.622,-165.642,-26.422,-139.22,10934.981,12284.287,9585.676
2022-04-25,9587.98,9709.59,9559.92,9625.4,313100,10132.396,10862.019,10492.717,35.133,-220.388,-65.215,-155.173,10862.019,12329.856,9394.182
2022-04-26,9821.84,10261.48,9812.48,10252.13,399100,10091.238,10801.685,10504.129,45.897,-210.773,-94.327,-116.447,10801.685,12265.429,9337.941
2022-04-27,9952.8,10261.48,9728.3,10252.13,423700,10059.434,10714.691,10510.49,45.897,-200.839,-115.629,-85.21,10714.691,12084.355,9345.028
2022-04-28,10233.42,10439.21,10036.98,10373.73,328200,10070.658,10645.003,10520.592,47.844,-181.066,-128.716,-52.349,10645.003,11928.224,9361.782
2022-05-02,10205.36,10242.77,9906.03,10065.05,276700,10113.688,10558.945,10523.024,43.558,-188.135,-140.6,-47.535,10558.945,11747.265,9370.625
2022-05-06,9821.84,9952.8,9457.03,9559.92,473800,10100.592,10447.631,10522.837,37.619,-231.825,-158.845,-72.98,10447.631,11566.986,9328.275
2022-05-09,9298.01,9428.96,9176.4,9204.47,356100,9891.06,10321.818,10516.102,34.096,-291.768,-185.43,-106.338,10321.818,11403.691,9239.944
2022-05-10,8970.61,9129.63,8624.51,9120.28,422600,9664.69,10201.617,10507.871,33.3,-342.123,-216.768,-125.355,10201.617,11254.775,9148.459
2022-05-11,9101.57,9363.49,8989.32,9232.53,358800,9436.45,10109.946,10501.884,35.462,-368.721,-247.159,-121.562,10109.946,11165.501,9054.392
2022-05-12,8587.09,8792.88,8549.68,8652.57,411300,9153.954,9986.472,10486.356,30.043,-431.623,-284.052,-147.572,9986.472,11118.502,8854.442
2022-05-13,9073.51,9597.34,8858.36,9438.32,573700,9129.634,9930.815,10472.886,42.797,-413.306,-309.903,-103.403,9930.815,11055.316,8806.314
2022-05-16,9812.48,10167.94,9747.01,9896.67,499700,9268.074,9906.026,10465.59,48.674,-357.681,-319.458,-38.223,9906.026,11009.339,8802.714
2022-05-17,9681.53,9690.88,9428.96,9587.98,297600,9361.614,9852.24,10439.773,45.299,-334.649,-322.497,-12.153,9852.24,10903.693,8800.787
2022-05-18,9616.05,9728.3,9447.67,9578.63,240100,9430.834,9807.34,10413.02,45.196,-313.536,-320.704,7.168,9807.34,10822.598,8792.082
2022-05-19,9391.55,9531.86,9279.3,9494.44,201100,9599.208,9771.794,10386.828,44.228,-300.138,-316.591,16.453,9771.794,10778.118,8765.47
2022-05-20,9765.71,9784.42,9522.51,9681.53,234900,9647.85,9752.618,10374.107,46.948,-271.296,-307.532,36.237,9752.618,10749.99,8755.246
2022-05-23,9877.96,9952.8,9784.42,9906.03,150600,9649.722,9725.024,10368.494,50.093,-227.698,-291.565,63.867,9725.024,10669.361,8780.686
2022-05-24,9718.94,9812.48,9559.92,9578.63,159600,9647.852,9683.398,10356.895,45.826,-217.062,-276.665,59.602,9683.398,10572.149,8794.646
2022-05-25,9494.44,9887.32,9475.74,9775.07,261000,9687.14,9656.27,10349.599,48.652,-190.586,-259.449,68.863,9656.27,10495.241,8817.3
2022-05-26,9756.36,10008.92,9709.59,9728.3,198400,9733.912,9650.19,10334.445,48.01,-171.401,-241.839,70.438,9650.19,10485.005,8815.376
2022-05-27,9962.15,10111.82,9709.59,9765.71,173200,9750.748,9657.206,10326.775,48.594,-151.433,-223.758,72.325,9657.206,10493.5,8820.912
2022-05-30,9924.73,10167.94,9868.61,10083.75,345600,9786.292,9648.787,10327.149,53.391,-108.692,-200.745,92.053,9648.787,10462.961,8834.613
2022-05-31,10158.59,10158.59,9896.67,9990.21,479500,9868.608,9635.691,10329.02,51.858,-81.428,-176.882,95.453,9635.691,10416.756,8854.626
2022-06-01,9943.44,10036.98,9877.96,9962.15,151200,9906.024,9615.112,10332.949,51.382,-61.379,-153.781,92.402,9615.112,10333.473,8896.751
2022-06-02,9915.38,9915.38,9616.05,9747.01,180900,9909.766,9599.21,10319.479,47.758,-62.133,-135.451,73.319,9599.21,10289.152,8909.268
2022-06-03,9999.57,10093.11,9821.84,9934.09,163400,9943.442,9617.918,10308.815,50.995,-47.092,-117.779,70.688,9617.918,10323.49,8912.347
2022-06-06,9859.25,10093.11,9765.71,10027.63,124900,9932.218,9659.076,10300.397,52.577,-27.309,-99.685,72.376,9659.076,10359.113,8959.04
2022-06-07,9868.61,9887.32,9541.21,9569.28,279100,9848.032,9681.526,10269.902,44.924,-48.062,-89.361,41.299,9681.526,10336.133,9026.92
2022-06-08,9765.71,9906.03,9634.76,9831.19,220100,9821.84,9711.46,10242.588,49.452,-42.881,-80.065,37.184,9711.46,10333.562,9089.357
2022-06-09,9849.9,10027.63,9700.23,9962.15,289000,9864.868,9776.938,10211.532,51.594,-27.886,-69.629,41.743,9776.938,10159.218,9394.659
2022-06-10,9812.48,9821.84,9531.86,9653.46,206400,9808.742,9787.696,10182.908,46.582,-40.444,-63.792,23.348,9787.696,10140.853,9434.538
2022-06-13,9344.78,9372.84,8998.67,9045.45,271100,9612.306,9745.134,10134.641,38.623,-98.325,-70.699,-27.627,9745.134,10225.32,9264.949
2022-06-14,8755.47,8820.95,8587.09,8736.76,391600,9445.802,9702.574,10069.536,35.323,-167.178,-89.994,-77.183,9702.574,10359.703,9045.444
2022-06-15,8746.11,8811.59,8409.36,8502.91,433400,9180.146,9648.788,10004.245,33.022,-237.872,-119.57,-118.302,9648.788,10496.957,8800.618
2022-06-16,8671.28,8718.05,8212.93,8222.28,342300,8832.172,9585.18,9932.966,30.457,-312.934,-158.243,-154.691,9585.18,10646.191,8524.168
2022-06-17,7913.6,8119.39,7838.76,7922.95,571800,8486.07,9497.25,9855.701,27.962,-392.056,-205.005,-187.05,9497.25,10790.666,8203.835
2022-06-20,7960.37,7997.78,7623.62,7661.03,373000,8209.186,9385.0,9774.507,25.958,-470.472,-258.099,-212.373,9385.0,10899.769,7870.232
2022-06-21,7848.12,8184.87,7820.05,8072.62,311000,8076.358,9309.7,9705.473,33.966,-493.714,-305.222,-188.492,9309.7,10929.995,7689.405
2022-06-22,8184.86,8184.86,7969.72,8091.32,355600,7994.04,9225.512,9645.981,34.314,-504.805,-345.138,-159.667,9225.512,10917.386,7533.639
2022-06-23,8166.16,8390.66,8138.09,8194.22,283400,7988.428,9148.809,9587.424,36.3,-499.534,-376.018,-123.516,9148.809,10883.268,7414.349
2022-06-24,8474.84,8802.24,8390.66,8736.76,358100,8151.19,9097.361,9551.13,45.638,-446.432,-390.1,-56.331,9097.361,10815.741,7378.981
2022-06-27,8830.3,8933.2,8689.99,8877.07,337100,8394.398,9037.027,9520.823,47.77,-388.547,-389.79,1.243,9037.027,10693.193,7380.861
2022-06-28,8764.82,9120.28,8699.34,9120.28,413600,8603.93,8993.53,9489.954,51.333,-319.367,-375.705,56.339,8993.53,10588.868,7398.193
2022-06-29,8839.65,9008.03,8699.34,8979.97,603400,8781.66,8944.422,9460.021,49.246,-272.719,-355.108,82.389,8944.422,10473.299,7415.544
2022-06-30,8970.61,9073.51,8867.72,8933.2,379500,8929.456,8903.731,9434.578,48.537,-236.794,-331.445,94.651,8903.731,10385.254,7422.208
2022-07-01,8792.88,9073.51,8633.86,8727.4,248400,8927.584,8843.396,9407.825,45.439,-222.367,-309.629,87.263,8843.396,10244.334,7442.459
2022-07-04,8811.59,8951.9,8661.93,8830.3,160900,8918.23,8783.53,9375.272,47.252,-200.321,-287.768,87.447,8783.53,10068.959,7498.101
2022-07-05,8961.26,9260.59,8923.84,9110.92,266800,8916.358,8760.612,9349.268,51.942,-158.38,-261.89,103.511,8760.612,10002.668,7518.556
2022-07-06,9307.36,9793.78,9269.94,9718.94,517100,9064.152,8755.0,9337.294,60.198,-75.212,-224.554,149.343,8755.0,9977.547,7532.452
2022-07-07,9915.38,10233.42,9831.19,10158.59,557000,9309.23,8764.822,9343.468,64.895,25.877,-174.468,200.345,8764.822,10030.597,7499.046
2022-07-08,10270.84,10308.25,9990.21,10242.78,405000,9612.306,8794.288,9355.816,65.729,111.499,-117.275,228.774,8794.288,10169.841,7418.734
2022-07-11,10242.77,10345.67,9877.96,9999.57,350000,9846.16,8841.994,9350.765,61.205,157.909,-62.238,220.147,8841.994,10316.822,7367.165
2022-07-12,9831.19,9934.09,9587.98,9700.23,315000,9964.022,8890.167,9339.727,56.089,168.592,-16.072,184.664,8890.167,10412.692,7367.642
2022-07-13,9597.34,9765.71,9550.57,9728.3,175200,9965.894,8951.436,9326.818,56.457,177.28,22.599,154.682,8951.436,10506.619,7396.254
2022-07-14,9597.34,9803.13,9363.49,9644.11,332300,9862.998,9022.528,9318.399,54.97,175.351,53.149,122.202,9022.528,10567.323,7477.733
2022-07-15,9756.36,9906.03,9616.05,9840.55,208100,9782.552,9118.408,9324.012,57.764,187.511,80.021,107.49,9118.408,10613.071,7623.745
2022-07-19,9943.44,9962.15,9672.17,9700.23,228000,9722.684,9220.368,9333.927,55.133,183.708,100.759,82.949,9220.368,10567.352,7873.384
2022-07-20,9868.61,10065.04,9831.19,10008.92,235500,9784.422,9317.183,9351.7,59.504,203.259,121.259,82.001,9317.183,10593.301,8041.065
2022-07-21,9990.21,10036.98,9877.96,9990.21,173800,9836.804,9412.127,9366.853,59.128,214.769,139.961,74.808,9412.127,10582.391,8241.864
2022-07-22,9999.57,10018.27,9765.71,9868.61,214200,9881.704,9495.847,9391.174,56.623,211.638,154.296,57.342,9495.847,10531.028,8460.666
2022-07-25,9775.07,9859.26,9634.76,9812.48,199600,9876.09,9549.633,9398.657,55.456,202.296,163.896,38.4,9549.633,10529.03,8570.236
2022-07-26,9672.17,9934.09,9653.46,9896.67,202300,9915.378,9600.613,9398.657,56.892,199.388,170.995,28.393,9600.613,10537.843,8663.383
2022-07-27,9821.84,9990.21,9821.84,9877.96,138700,9889.186,9638.497,9404.457,56.456,193.344,175.464,17.879,9638.497,10555.0,8721.994
2022-07-28,10036.98,10289.55,9934.09,9980.86,271800,9887.316,9688.542,9412.502,58.345,194.614,179.294,15.32,9688.542,10561.933,8815.15
2022-07-29,10027.63,10317.61,9971.5,10270.84,314800,9967.762,9755.424,9428.03,63.19,216.524,186.74,29.783,9755.424,10589.239,8921.608
2022-08-01,10336.32,10542.11,10252.13,10495.34,239200,10104.334,9843.82,9444.306,66.444,249.131,199.218,49.912,9843.82,10588.88,9098.761
2022-08-02,10570.17,10616.94,10364.38,10420.5,306300,10209.1,9923.33,9454.595,64.4,265.868,212.548,53.32,9923.33,10541.595,9305.066
2022-08-03,10448.56,10757.25,10420.5,10598.23,279100,10353.154,9997.696,9474.987,66.997,290.13,228.065,62.065,9997.696,10559.753,9435.639
2022-08-04,10804.02,10878.85,10673.06,10729.19,209400,10502.82,10048.208,9494.07,68.802,316.279,245.707,70.571,10048.208,10681.813,9414.604
2022-08-05,10785.31,10944.33,10766.6,10878.85,208700,10624.422,10084.222,9517.081,70.77,345.1,265.586,79.514,10084.222,10818.173,9350.27
2022-08-08,10710.48,10719.83,10457.92,10616.94,318300,10648.742,10102.93,9534.105,63.251,342.855,281.04,61.815,10102.93,10872.126,9333.733
2022-08-09,10196.0,10785.31,10083.75,10682.42,458300,10701.126,10137.072,9546.079,64.273,342.413,293.314,49.098,10137.072,10946.518,9327.626
2022-08-10,10401.79,10542.11,10280.19,10523.4,286300,10686.16,10178.231,9556.742,59.914,325.478,299.747,25.731,10178.231,10977.803,9378.658
2022-08-12,10532.75,10626.29,10373.73,10457.92,388700,10631.906,10214.712,9566.658,58.165,303.278,300.453,2.825,10214.712,10994.175,9435.248
2022-08-15,10495.34,10514.04,10364.38,10429.86,246100,10542.108,10253.999,9580.315,57.392,280.19,296.401,-16.21,10253.999,10990.385,9517.613
2022-08-16,10616.94,10963.04,10598.23,10701.13,287000,10558.946,10297.028,9595.656,62.572,280.548,293.23,-12.682,10297.028,11032.263,9561.793
2022-08-17,10719.84,10897.56,10588.88,10850.79,200000,10592.62,10354.556,9612.119,65.093,289.57,292.498,-2.928,10354.556,11073.035,9636.077
2022-08-18,10663.71,10729.19,10551.46,10701.13,155000,10628.166,10389.166,9634.756,60.69,281.4,290.278,-8.879,10389.166,11104.223,9674.11
2022-08-19,10757.25,10813.38,10420.5,10485.98,174000,10633.778,10413.955,9647.852,54.938,254.629,283.149,-28.52,10413.955,11104.739,9723.171
2022-08-22,10289.55,10401.8,10261.48,10336.32,156900,10615.07,10437.34,9655.335,51.295,218.814,270.282,-51.467,10437.34,11080.41,9794.271
2022-08-23,10467.27,10476.63,10167.94,10252.13,267500,10525.27,10459.323,9667.308,49.315,181.545,252.534,-70.99,10459.323,11039.431,9879.215
2022-08-24,10252.13,10364.38,10158.59,10205.36,185400,10396.184,10474.758,9690.507,48.201,146.545,231.336,-84.792,10474.758,11006.22,9943.295
2022-08-25,10252.13,10476.63,10196.0,10448.56,144000,10345.67,10503.288,9724.743,54.016,136.854,212.44,-75.586,10503.288,10955.158,10051.417
2022-08-26,10542.11,10654.36,10355.02,10383.09,192200,10325.092,10523.399,9762.346,52.313,122.479,194.448,-71.969,10523.399,10908.193,10138.605
2022-08-29,10102.46,10214.71,9999.57,10177.3,265200,10293.288,10518.722,9801.447,47.27,93.405,174.239,-80.834,10518.722,10918.426,10119.018
2022-08-30,10224.07,10392.44,10139.88,10373.73,169700,10317.608,10512.642,9850.462,52.024,85.231,156.438,-71.207,10512.642,10917.51,10107.773
2022-08-31,10289.55,10504.69,10270.84,10495.34,290600,10375.604,10516.384,9907.148,54.745,87.557,142.661,-55.105,10516.384,10919.043,10113.724
2022-09-01,10289.55,10326.96,10083.75,10111.82,215800,10308.256,10492.063,9947.932,45.904,57.787,125.686,-67.9,10492.063,10931.029,10053.097
2022-09-02,10046.34,10102.46,9737.65,9747.01,345500,10181.04,10442.954,9981.046,39.388,4.703,101.49,-96.787,10442.954,10979.203,9906.705
2022-09-05,9672.17,9980.86,9634.76,9952.8,207400,10136.14,10396.652,10016.218,44.2,-20.525,77.087,-97.612,10396.652,10934.345,9858.958
2022-09-06,9999.57,10149.23,9952.8,9990.21,150300,10059.436,10365.315,10041.287,45.054,-37.072,54.255,-91.327,10365.315,10921.679,9808.951
2022-09-07,9906.03,9990.21,9662.82,9952.8,286000,9950.928,10328.834,10062.801,44.324,-52.598,32.885,-85.482,10328.834,10893.274,9764.394
2022-09-08,10130.52,10224.07,10055.69,10102.46,181800,9949.056,10307.787,10082.445,47.959,-52.224,15.863,-68.087,10307.787,10873.071,9742.503
2022-09-09,10083.75,10392.44,10027.63,10289.54,239300,10057.562,10299.368,10108.636,52.163,-36.412,5.408,-41.82,10299.368,10860.236,9738.5
2022-09-12,10495.34,10560.81,10364.38,10485.98,135700,10164.198,10302.174,10139.692,56.168,-7.938,2.739,-10.677,10302.174,10866.343,9738.005
2022-09-13,10485.98,10710.48,10467.27,10654.36,153400,10297.028,10299.836,10178.231,59.312,27.893,7.77,20.123,10299.836,10857.39,9742.281
2022-09-14,10196.0,10298.9,10149.23,10177.3,233200,10341.928,10266.161,10205.171,48.662,17.591,9.734,7.857,10266.161,10761.487,9770.835
2022-09-15,10270.84,10401.8,10111.82,10261.48,280500,10373.732,10244.178,10228.182,50.356,16.035,10.994,5.041,10244.178,10695.274,9793.083
2022-09-16,10139.88,10196.0,9747.01,9756.36,319900,10267.096,10207.697,10228.931,41.506,-25.661,3.663,-29.324,10207.697,10693.159,9722.236
2022-09-20,9728.3,9896.67,9653.46,9840.55,235400,10138.01,10182.909,10222.57,43.294,-51.321,-7.334,-43.987,10182.909,10690.827,9674.991
2022-09-21,9653.46,9690.88,9410.25,9513.15,266300,9909.768,10145.96,10207.977,38.379,-96.957,-25.258,-71.699,10145.96,10733.89,9558.03
2022-09-22,9279.3,9522.51,9241.88,9354.13,223400,9745.134,10103.398,10195.069,36.228,-144.292,-49.065,-95.227,10103.398,10788.446,9418.351
2022-09-26,9082.86,9354.13,9082.86,9260.59,284000,9544.956,10044.0,10186.276,34.985,-187.196,-76.691,-110.505,10044.0,10804.852,9283.148
2022-09-27,9344.78,9531.86,9241.88,9260.59,265600,9445.802,9987.875,10176.922,34.985,-218.677,-105.088,-113.588,9987.875,10806.796,9168.954
2022-09-28,9223.17,9363.49,9082.86,9251.24,240300,9327.94,9941.572,10169.064,34.847,-241.595,-132.39,-109.205,9941.572,10818.093,9065.051
2022-09-29,9555.49,9774.17,9450.9,9717.13,265400,9368.736,9908.742,10166.596,46.265,-219.632,-149.838,-69.794,9908.742,10766.085,9051.399
2022-09-30,9526.97,9707.62,9403.36,9460.41,249400,9389.992,9856.996,10161.799,41.907,-220.401,-163.951,-56.451,9856.996,10689.845,9024.146
2022-10-03,9403.36,9707.62,9194.19,9669.58,210200,9471.79,9834.884,10155.013,46.342,-201.806,-171.522,-30.284,9834.884,10662.714,9007.053
2022-10-04,9850.24,10135.48,9717.13,10116.46,348400,9642.964,9853.356,10157.538,54.359,-149.289,-167.075,17.786,9853.356,10689.378,9017.334
2022-10-05,10297.11,10477.76,10164.0,10449.24,357600,9882.564,9878.178,10169.15,59.242,-79.896,-149.639,69.744,9878.178,10755.11,9001.246
2022-10-06,10487.27,10667.92,10439.73,10648.91,252900,10068.92,9911.113,10185.879,61.878,-8.689,-121.449,112.761,9911.113,10852.845,8969.381
2022-10-07,10496.78,10705.95,10468.25,10496.78,233300,10276.194,9938.312,10197.881,58.76,35.063,-90.147,125.21,9938.312,10915.855,8960.769
2022-10-11,10325.64,10591.86,10259.08,10363.67,331800,10415.012,9951.372,10207.595,56.097,58.324,-60.453,118.777,9951.372,10944.997,8957.748
2022-10-12,10306.62,10496.78,10240.06,10354.16,204500,10462.552,9954.604,10215.061,55.902,75.125,-33.337,108.462,9954.604,10953.265,8955.942
2022-10-13,10325.63,10363.67,9964.33,9964.33,194500,10365.57,9928.521,10208.931,48.466,56.334,-15.403,71.737,9928.521,10895.494,8961.548
2022-10-14,10144.98,10259.08,9992.86,10221.05,207800,10279.998,9906.856,10203.445,52.908,61.45,-0.032,61.482,9906.856,10823.459,8990.252
2022-10-17,9935.81,10011.87,9488.94,9755.16,341000,10131.674,9885.748,10190.138,45.28,27.592,5.493,22.099,9885.748,10795.546,8975.951
2022-10-18,10030.89,10211.54,9935.81,10135.48,253700,10086.036,9879.448,10180.883,51.436,31.09,10.612,20.478,9879.448,10779.989,8978.908
2022-10-19,10183.02,10306.62,10116.46,10135.48,174300,10042.3,9898.404,10169.009,51.436,33.476,15.185,18.291,9898.404,10803.982,8992.827
2022-10-20,9698.11,9802.7,9479.43,9488.94,592600,9947.222,9880.824,10141.211,42.099,-16.612,8.825,-25.437,9880.824,10804.6,8957.048
2022-10-21,9631.55,9745.65,9517.46,9631.55,366300,9829.322,9886.744,10121.503,44.492,-44.289,-1.798,-42.492,9886.744,10802.078,8971.41
2022-10-24,9717.13,9888.27,9631.55,9783.68,302300,9835.026,9908.222,10103.528,47.009,-53.333,-12.105,-41.228,9908.222,10790.496,9025.947
2022-10-25,9973.84,10173.51,9859.75,9992.86,348800,9806.502,9944.835,10092.918,50.342,-43.124,-18.308,-24.816,9944.835,10773.07,9116.6
2022-10-26,10278.1,10477.76,10240.06,10373.17,328500,9854.04,10000.464,10091.223,55.788,-4.296,-15.506,11.21,10000.464,10783.408,9217.52
2022-10-27,10373.17,10401.7,10259.08,10268.59,260300,10009.97,10051.332,10087.997,54.033,17.831,-8.839,26.67,10051.332,10757.777,9344.886
2022-10-28,10125.97,10430.22,10106.95,10354.16,498500,10154.492,10083.183,10081.058,55.273,41.79,1.287,40.503,10083.183,10783.602,9382.764
2022-10-31,10420.71,10420.71,10030.89,10202.03,316600,10238.162,10120.264,10068.083,52.559,47.949,10.62,37.33,10120.264,10757.539,9482.989
2022-11-01,10183.01,10297.11,10087.94,10249.57,150000,10289.504,10149.264,10059.051,53.33,56.021,19.7,36.321,10149.264,10752.038,9546.489
2022-11-02,10192.52,10259.08,10097.44,10221.05,175800,10259.08,10154.493,10053.753,52.776,59.432,27.646,31.785,10154.493,10757.883,9551.103
2022-11-04,10011.87,10068.92,9764.67,9850.24,299300,10175.41,10124.543,10044.031,46.072,31.846,28.486,3.36,10124.543,10725.793,9523.293
2022-11-07,9850.24,10040.4,9821.71,9983.35,154400,10101.248,10091.265,10038.656,48.596,20.489,26.887,-6.398,10091.265,10641.855,9540.675
2022-11-08,10144.98,10715.46,10125.97,10629.89,420500,10186.82,10097.92,10047.146,58.707,62.933,34.096,28.837,10097.92,10671.872,9523.969
2022-11-09,10648.9,10772.51,10506.28,10534.81,228700,10243.868,10106.478,10048.871,56.933,87.885,44.854,43.031,10106.478,10701.816,9511.139
2022-11-10,10401.7,10449.24,10106.95,10221.05,254200,10243.868,10099.822,10045.63,51.414,81.404,52.164,29.24,10099.822,10686.414,9513.23
2022-11-11,10791.52,11266.92,10705.95,11238.4,527800,10521.5,10163.526,10066.852,63.702,156.554,73.042,83.512,10163.526,10935.572,9391.479
2022-11-14,11238.4,11675.76,11219.38,11438.06,477300,10812.442,10224.376,10088.139,65.544,229.576,104.349,125.227,10224.376,11184.457,9264.295
2022-11-15,11010.21,11666.26,10991.19,11647.24,502000,11015.912,10318.98,10111.177,67.41,300.857,143.651,157.207,10318.98,11443.231,9194.729
2022-11-16,12065.59,12664.59,11780.35,12436.4,786900,11396.23,10434.026,10157.669,73.287,416.229,198.166,218.063,10434.026,11898.612,8969.44
2022-11-17,12350.83,12493.45,12198.7,12350.83,332500,11822.186,10544.794,10209.745,71.775,495.05,257.543,237.507,10544.794,12232.422,8857.165
2022-11-18,12265.26,12312.8,11941.99,11941.99,284700,11962.904,10667.446,10249.529,64.89,518.549,309.744,208.805,10667.446,12388.21,8946.682
2022-11-21,11884.94,12075.1,11846.91,12065.59,198700,12088.41,10789.148,10291.036,65.953,540.91,355.977,184.933,10789.148,12545.363,9032.933
2022-11-22,12056.08,12075.1,11827.89,11875.43,311300,12134.048,10893.735,10329.489,62.801,537.096,392.201,144.895,10893.735,12646.967,9140.504
2022-11-24,12170.18,12369.84,12084.61,12170.18,248500,12080.804,11002.602,10370.843,65.549,551.5,424.061,127.439,11002.602,12790.358,9214.845
2022-11-25,12132.14,12227.22,11713.79,11846.91,336200,11980.02,11076.288,10401.991,60.289,530.712,445.391,85.321,11076.288,12876.255,9276.322
2022-11-28,11903.95,11980.02,11761.33,11761.33,187300,11943.888,11150.926,10427.498,58.94,501.551,456.623,44.928,11150.926,12933.586,9368.265
2022-11-29,11713.8,11713.8,11514.13,11637.73,260900,11858.316,11215.104,10447.165,56.959,463.128,457.924,5.204,11215.104,12969.178,9461.03
2022-11-30,11571.18,11609.21,11428.56,11561.67,234600,11795.564,11283.086,10474.853,55.718,421.679,450.675,-28.996,11283.086,12976.171,9590.001
2022-12-01,12293.78,12293.78,11941.99,12056.08,364500,11772.744,11373.411,10510.745,61.579,423.84,445.308,-21.468,11373.411,13026.621,9720.202
2022-12-02,12170.18,12227.23,11961.0,11961.0,323600,11795.562,11460.409,10554.837,59.936,413.118,438.87,-25.752,11460.409,13039.762,9881.056
2022-12-05,11961.0,12312.8,11941.99,12094.11,220500,11862.118,11572.602,10599.909,61.486,410.628,433.221,-22.594,11572.602,12979.755,10165.45
2022-12-06,11808.87,11961.0,11656.75,11694.78,254900,11873.528,11658.174,10643.541,54.656,372.142,421.006,-48.864,11658.174,12850.087,10466.261
2022-12-07,11628.22,11922.97,11561.67,11723.3,208800,11905.854,11712.844,10690.925,55.041,340.024,404.809,-64.786,11712.844,12802.047,10623.642
2022-12-08,11704.29,11789.86,11504.62,11732.81,209600,11841.2,11772.744,10740.369,55.177,311.743,386.196,-74.453,11772.744,12710.389,10835.1
2022-12-09,11694.78,11903.95,11666.26,11865.92,145600,11822.184,11854.988,10792.476,57.136,296.652,368.287,-71.635,11854.988,12442.89,11267.086
2022-12-12,11647.24,11884.94,11647.24,11780.35,101500,11759.432,11882.086,10843.058,55.458,274.622,349.554,-74.932,11882.086,12395.576,11368.595
2022-12-13,11875.43,11884.94,11571.18,11609.21,237100,11742.318,11890.643,10880.899,52.158,240.58,327.759,-87.179,11890.643,12378.017,11403.269
2022-12-14,11789.86,11827.89,11618.72,11704.29,221400,11738.516,11893.496,10925.777,53.803,218.752,305.958,-87.206,11893.496,12375.509,11411.482
2022-12-15,11694.78,11694.78,11409.54,11552.16,187900,11702.386,11849.284,10963.429,50.794,187.022,282.171,-95.149,11849.284,12281.237,11417.33
2022-12-16,11295.45,11457.08,11238.4,11371.51,216000,11603.504,11800.318,10988.53,47.404,145.62,254.86,-109.241,11800.318,12214.548,11386.087
2022-12-19,11200.37,11409.54,11162.33,11314.46,191900,11510.326,11768.941,11005.834,46.352,106.972,225.283,-118.311,11768.941,12230.365,11307.517
2022-12-20,11285.94,11362.0,10715.46,10810.54,336100,11350.592,11706.188,11009.067,38.272,35.274,187.281,-152.007,11706.188,12315.434,11096.943
2022-12-21,10810.54,10810.54,10306.62,10335.14,449600,11076.762,11629.174,11005.834,32.514,-59.225,137.98,-197.205,11629.174,12487.031,10771.317
2022-12-22,10420.71,10430.22,10068.92,10097.44,279000,10785.818,11525.537,11000.509,30.077,-151.549,80.074,-231.623,11525.537,12585.261,10465.813
2022-12-23,9926.3,10002.37,9831.22,9945.32,215500,10500.58,11430.458,10992.332,28.6,-234.291,17.201,-251.492,11430.458,12690.978,10169.937
2022-12-26,9935.81,10316.13,9935.81,10249.57,224900,10287.602,11354.87,10998.037,35.431,-272.177,-40.675,-231.502,11354.87,12709.633,10000.106
2022-12-27,10373.17,10667.92,10363.67,10658.41,259100,10257.176,11305.904,11006.784,43.283,-266.144,-85.768,-180.375,11305.904,12688.134,9923.673
2022-12-28,10544.32,10544.32,10287.6,10449.24,203300,10279.996,11250.282,11020.666,40.565,-275.07,-123.629,-151.441,11250.282,12677.959,9822.605
2022-12-29,10411.21,10515.79,10297.11,10487.27,149800,10357.962,11171.842,11027.702,41.287,-275.895,-154.082,-121.813,11171.842,12585.427,9758.256
2022-12-30,10591.86,10715.46,10382.68,10382.68,137900,10445.434,11092.926,11032.646,39.853,-281.74,-179.614,-102.127,11092.926,12497.206,9688.645
2023-01-04,10373.17,10458.75,10125.97,10125.97,245800,10420.714,10994.518,11045.386,36.503,-303.588,-204.408,-99.179,10994.518,12379.093,9609.944
2023-01-05,10040.4,10487.27,10040.4,10487.27,235000,10386.486,10934.143,11062.501,43.679,-288.423,-221.211,-67.212,10934.143,12295.257,9573.029
2023-01-06,10268.59,10477.76,10240.06,10477.76,149600,10392.19,10871.866,11076.382,43.54,-274.014,-231.772,-42.242,10871.866,12194.379,9549.353
2023-01-10,10610.87,10705.95,10458.75,10458.75,204700,10386.486,10808.163,11085.7,43.242,-261.118,-237.641,-23.477,10808.163,12077.745,9538.581
2023-01-11,10648.91,10886.6,10629.89,10858.08,224900,10481.566,10757.771,11095.398,50.836,-216.184,-233.35,17.166,10757.771,11926.584,9588.958
2023-01-12,11057.75,11162.33,10972.18,11143.32,306300,10685.036,10725.92,11112.893,55.424,-155.761,-217.832,62.071,10725.92,11808.973,9642.866
2023-01-13,10934.14,11124.3,10696.44,10734.48,240000,10734.478,10682.183,11120.499,48.446,-139.26,-202.118,62.857,10682.183,11682.539,9681.827
2023-01-16,10667.92,10896.11,10553.83,10715.46,151700,10782.018,10632.742,11130.768,48.142,-126.263,-186.947,60.684,10632.742,11510.646,9754.837
2023-01-17,10791.52,10953.16,10705.95,10858.08,140300,10861.884,10598.038,11142.938,50.64,-103.263,-170.21,66.947,10598.038,11371.582,9824.493
2023-01-18,11029.22,11342.99,10829.56,11323.97,283500,10955.062,10595.66,11164.997,57.794,-46.902,-145.548,98.646,10595.66,11359.428,9831.893
2023-01-19,11257.41,11304.95,11152.83,11238.4,105400,10974.078,10591.858,11192.76,56.183,-9.036,-118.246,109.21,10591.858,11341.176,9842.539
2023-01-20,11105.29,11105.29,10934.14,10953.16,152000,11017.814,10598.988,11212.156,51.074,-2.02,-95.001,92.981,10598.988,11359.697,9838.28
2023-01-23,11171.84,11514.13,11152.83,11485.6,287900,11171.842,10656.511,11229.27,58.636,45.974,-66.806,112.78,10656.511,11502.431,9810.592
2023-01-24,11647.24,11713.8,11542.65,11618.72,174800,11323.97,10732.575,11250.948,60.288,93.671,-34.71,128.381,10732.575,11638.297,9826.854
2023-01-25,11523.64,11666.26,11466.59,11618.72,168400,11382.92,10816.246,11278.902,60.288,129.973,-1.774,131.747,10816.246,11724.922,9907.569
2023-01-26,11637.73,11675.76,11466.59,11542.65,91800,11443.77,10880.9,11284.987,58.733,150.866,28.754,122.111,10880.9,11803.708,9958.091
2023-01-27,11533.14,11590.19,11447.57,11495.11,81700,11552.16,10922.734,11286.128,57.731,161.723,55.348,106.375,10922.734,11878.353,9967.116
2023-01-30,11580.68,11685.27,11466.59,11523.64,123000,11559.768,10976.454,11283.656,58.192,170.662,78.411,92.251,10976.454,11940.755,10012.154
2023-01-31,11362.0,11457.08,11247.91,11314.46,148300,11498.916,11017.814,11261.217,53.578,159.034,94.535,64.499,11017.814,11964.569,10071.059
2023-02-01,11476.1,11704.29,11438.06,11542.65,261800,11483.702,11075.812,11245.053,57.534,166.314,108.891,57.423,11075.812,12000.608,10151.017
2023-02-02,11637.73,11666.26,11504.62,11647.24,198400,11504.62,11151.876,11239.158,59.248,178.467,122.806,55.66,11151.876,11994.308,10309.444
2023-02-03,11685.27,11751.83,11533.14,11542.65,166000,11514.128,11204.645,11228.7,56.78,177.611,133.767,43.843,11204.645,12002.847,10406.443
2023-02-06,11514.13,11599.7,11276.43,11352.49,184100,11479.898,11248.382,11218.241,52.497,159.746,138.963,20.783,11248.382,11971.181,10525.582
2023-02-07,11400.03,11457.08,11304.95,11371.51,138200,11491.308,11294.019,11202.267,52.88,145.447,140.26,5.187,11294.019,11914.982,10673.057
2023-02-08,11447.57,11571.18,11447.57,11514.13,119900,11485.604,11326.822,11195.612,55.759,143.963,141.0,2.963,11326.822,11919.489,10734.155
2023-02-09,11533.14,11561.67,11381.02,11504.62,115100,11457.08,11344.887,11190.478,55.515,140.401,140.881,-0.479,11344.887,11936.027,10753.747
2023-02-10,11476.1,11675.76,11400.03,11447.57,122900,11438.064,11380.542,11186.674,53.992,131.46,138.996,-7.537,11380.542,11898.105,10862.978
2023-02-13,11323.97,11466.59,11095.78,11143.32,184700,11396.23,11401.934,11178.307,46.64,98.686,130.934,-32.249,11401.934,11831.666,10972.203
2023-02-14,11504.62,11704.29,11304.95,11533.15,356900,11428.558,11435.688,11167.849,55.08,102.981,125.344,-22.363,11435.688,11783.866,11087.51
2023-02-15,11428.56,11438.06,10981.68,11067.25,309300,11339.182,11422.852,11149.974,45.763,68.006,113.876,-45.87,11422.852,11805.586,11040.118
2023-02-16,11266.92,11266.92,11000.7,11067.25,196900,11251.708,11414.294,11129.437,45.763,39.83,99.067,-59.237,11414.294,11821.278,11007.311
2023-02-17,10886.6,10972.17,10820.05,10915.13,143500,11145.22,11412.393,11113.844,43.009,5.166,80.287,-75.121,11412.393,11828.697,10996.089
2023-02-20,10810.54,10896.11,10724.97,10810.54,120000,11078.664,11378.64,11095.588,41.174,-30.395,58.15,-88.546,11378.64,11872.241,10885.039
2023-02-21,10677.43,10715.46,10496.78,10534.81,160800,10878.996,11324.444,11071.628,36.725,-79.906,30.539,-110.445,11324.444,11931.936,10716.953
2023-02-22,10420.71,10629.89,10411.21,10629.89,174000,10791.524,11275.003,11046.908,39.166,-110.201,2.391,-112.592,11275.003,11939.895,10610.111
2023-02-24,10458.75,10715.46,10458.75,10629.89,179300,10704.052,11229.365,11023.899,39.166,-132.68,-24.623,-108.057,11229.365,11940.593,10518.137
2023-02-27,10515.79,10582.35,10411.21,10477.76,153000,10616.578,11178.498,11001.27,36.549,-160.916,-51.882,-109.034,11178.498,11952.456,10404.539
2023-02-28,10610.87,10724.97,10582.35,10639.4,201100,10582.35,11134.286,10979.972,41.055,-168.31,-75.167,-93.142,11134.286,11926.048,10342.523
2023-03-01,10772.51,10791.52,10563.33,10677.43,176700,10610.874,11102.434,10962.477,42.097,-169.151,-93.964,-75.187,11102.434,11914.666,10290.202
2023-03-02,10553.83,10629.89,10487.27,10582.35,187500,10601.366,11054.419,10946.694,40.185,-175.467,-110.265,-65.202,11054.419,11870.606,10238.232
2023-03-03,10686.94,10782.02,10610.87,10667.92,215300,10608.972,11005.453,10933.763,42.707,-171.59,-122.53,-49.06,11005.453,11788.733,10222.173
2023-03-06,10820.05,10924.63,10743.98,10915.13,151000,10696.446,10974.077,10935.855,49.352,-146.876,-127.399,-19.477,10974.077,11715.93,10232.224
2023-03-07,10886.6,10943.65,10791.52,10848.57,133100,10738.28,10948.881,10946.124,47.746,-131.149,-128.149,-3.0,10948.881,11670.576,10227.186
2023-03-08,10772.51,11048.24,10743.99,11010.21,202300,10804.836,10930.816,10964.379,51.844,-104.439,-123.407,18.968,10930.816,11625.552,10236.08
2023-03-09,11076.76,11114.8,10810.54,10867.59,267600,10861.884,10898.489,10982.824,48.249,-93.699,-117.465,23.766,10898.489,11536.82,10260.158
2023-03-10,10686.94,10734.48,10525.3,10553.83,240100,10839.066,10850.949,10988.91,41.44,-109.246,-115.821,6.576,10850.949,11438.838,10263.061
2023-03-13,10458.75,10696.44,10449.24,10686.94,166400,10793.428,10812.918,10989.48,44.987,-109.563,-114.57,5.007,10812.918,11332.771,10293.065
2023-03-14,10610.87,10791.52,10487.27,10648.91,300800,10753.496,10788.197,10993.474,44.164,-111.597,-113.975,2.378,10788.197,11288.552,10287.843
2023-03-15,10648.91,10696.45,10325.64,10344.65,231200,10620.384,10728.772,10990.621,38.151,-136.19,-118.418,-17.772,10728.772,11128.862,10328.683
2023-03-16,10211.54,10667.92,10202.03,10534.81,235200,10553.828,10702.15,10993.664,43.343,-138.736,-122.482,-16.255,10702.15,11077.502,10326.799
2023-03-17,10525.3,11162.33,10515.79,11133.81,376000,10669.824,10705.478,11013.821,55.902,-91.367,-116.259,24.892,10705.478,11095.359,10315.598
2023-03-20,11171.84,11219.38,10934.14,10934.14,298500,10719.264,10706.429,11022.758,51.781,-69.141,-106.835,37.694,10706.429,11098.547,10314.311
2023-03-22,10981.68,11257.41,10981.68,11209.87,250100,10831.456,10726.396,11037.4,56.545,-28.944,-91.257,62.313,10726.396,11177.123,10275.668
2023-03-23,11181.35,11190.86,10981.68,11086.27,241400,10979.78,10753.968,11049.951,53.971,-6.981,-74.402,67.421,10753.968,11222.468,10285.469
2023-03-24,11152.83,11171.84,10829.56,10943.65,189400,11061.548,10769.657,11051.662,51.082,-1.071,-59.736,58.665,10769.657,11241.661,10297.652
2023-03-27,10858.08,10877.1,10582.35,10848.57,207300,11004.5,10780.59,11045.767,49.191,-4.013,-48.591,44.578,10780.59,11249.081,10312.1
2023-03-28,10905.62,11019.71,10763.0,10915.13,244200,11000.698,10802.459,11049.38,50.57,-0.962,-39.065,38.103,10802.459,11251.874,10353.044
2023-03-29,10858.08,11019.72,10801.03,11019.72,224100,10962.668,10821.475,11055.465,52.741,9.782,-29.296,39.078,10821.475,11274.014,10368.936
2023-03-30,11143.32,11323.97,10705.95,10829.56,235900,10911.326,10829.081,11054.895,48.565,2.919,-22.853,25.772,10829.081,11276.511,10381.652
2023-03-31,10820.05,10953.16,10791.52,10820.05,150800,10886.606,10840.966,11044.816,48.359,-3.25,-18.932,15.682,10840.966,11273.17,10408.763
2023-04-03,11029.22,11076.76,10829.56,10915.13,235400,10899.918,10853.327,11038.351,50.616,-0.462,-15.238,14.777,10853.327,11278.78,10427.874
2023-04-04,10848.57,10981.68,10715.46,10924.63,231800,10901.818,10853.802,11037.78,50.848,2.486,-11.693,14.18,10853.802,11279.567,10428.037
2023-04-05,10886.6,10924.64,10553.83,10582.35,211300,10814.344,10840.491,11019.715,43.03,-22.537,-13.862,-8.675,10840.491,11283.251,10397.731
2023-04-06,10468.25,10553.83,10373.17,10506.29,239700,10749.69,10815.295,10997.467,41.502,-47.953,-20.68,-27.272,10815.295,11274.439,10356.151
2023-04-07,10563.33,10610.87,10344.65,10420.71,198100,10669.822,10792.951,10973.507,39.791,-74.146,-31.373,-42.772,10792.951,11283.781,10302.121
2023-04-10,10477.76,10667.92,10430.22,10506.29,189600,10588.054,10790.574,10952.779,42.351,-86.995,-42.498,-44.498,10790.574,11286.711,10294.437
2023-04-11,10620.38,10686.94,10439.73,10477.76,187800,10498.68,10780.115,10932.432,41.714,-98.347,-53.668,-44.68,10780.115,11293.955,10266.275
2023-04-12,10506.29,10515.79,10335.14,10439.73,236600,10470.156,10769.656,10910.754,40.833,-109.154,-64.765,-44.389,10769.656,11302.89,10236.422
2023-04-13,10297.11,10458.75,10230.56,10363.67,367700,10441.632,10770.607,10891.738,39.056,-122.445,-76.301,-46.144,10770.607,11300.708,10240.506
2023-04-14,10525.3,10525.3,10297.11,10325.63,304100,10422.616,10760.148,10867.398,38.161,-134.497,-87.94,-46.557,10760.148,11317.397,10202.899
2023-04-17,10487.27,10525.3,10325.64,10373.17,312000,10395.992,10722.116,10841.917,40.011,-138.614,-98.075,-40.539,10722.116,11275.802,10168.43
2023-04-18,10515.79,10724.97,10373.17,10373.17,305600,10375.074,10694.068,10818.527,40.011,-140.26,-106.512,-33.748,10694.068,11259.246,10128.889
2023-04-19,10401.7,10506.29,10173.51,10230.56,264100,10333.24,10645.102,10796.088,36.24,-151.328,-115.475,-35.853,10645.102,11191.499,10098.705
2023-04-20,10173.51,10249.57,10087.94,10164.0,170200,10293.306,10598.989,10771.938,34.602,-163.584,-125.097,-38.487,10598.989,11144.286,10053.691
2023-04-21,10230.56,10515.79,10183.02,10487.27,298800,10325.634,10576.17,10751.401,47.111,-145.535,-129.184,-16.35,10576.17,11098.449,10053.89
2023-04-24,10401.7,10496.78,10249.57,10259.08,239600,10302.816,10546.695,10726.49,41.13,-147.938,-132.935,-15.003,10546.695,11070.779,10022.611
2023-04-25,10268.59,10325.64,10173.51,10287.6,363600,10285.702,10515.318,10703.291,42.119,-145.86,-135.52,-10.34,10515.318,11021.356,10009.281
2023-04-26,10202.03,10211.54,9793.19,9869.25,416900,10213.44,10457.795,10677.809,33.286,-175.942,-143.604,-32.338,10457.795,10983.584,9932.006
2023-04-27,9802.7,9926.3,9736.14,9840.73,797300,10148.786,10408.354,10643.961,32.781,-199.781,-154.84,-44.941,10408.354,10971.582,9845.125
2023-04-28,10021.38,10097.44,9888.27,10068.92,283600,10065.116,10370.797,10623.994,40.549,-197.978,-163.467,-34.511,10370.797,10918.392,9823.202
2023-05-01,10154.49,10192.52,10049.9,10059.41,188100,10025.182,10328.011,10603.838,40.34,-195.068,-169.787,-25.281,10328.011,10828.198,9827.824
2023-05-02,10116.46,10211.54,9992.86,10154.49,244100,9998.56,10289.504,10588.625,43.48,-182.98,-172.426,-10.554,10289.504,10708.246,9870.762
2023-05-08,10144.98,10392.19,10068.92,10287.6,314100,10082.23,10274.767,10578.166,47.635,-160.806,-170.102,9.296,10274.767,10670.211,9879.322
2023-05-09,10344.65,10430.22,10268.59,10373.17,231100,10188.718,10268.11,10574.933,50.171,-134.775,-163.037,28.262,10268.11,10651.443,9884.778
2023-05-10,10458.75,10487.27,10135.48,10164.0,249500,10207.734,10255.275,10565.615,44.498,-129.53,-156.335,26.805,10255.275,10634.26,9876.29
2023-05-11,10249.57,10268.59,10144.98,10240.06,271800,10243.864,10241.964,10557.819,46.851,-117.877,-148.644,30.767,10241.964,10602.057,9881.87
2023-05-12,10344.65,10610.87,10259.08,10553.83,338400,10323.732,10245.767,10559.34,55.277,-82.374,-135.39,53.016,10245.767,10617.757,9873.777
2023-05-15,10629.89,10782.02,10582.35,10753.49,219500,10416.91,10261.455,10561.622,59.659,-37.692,-115.85,78.158,10261.455,10690.046,9832.864
2023-05-16,10820.05,10991.19,10648.91,10705.95,366400,10483.466,10278.569,10562.192,58.197,-6.047,-93.89,87.842,10278.569,10749.581,9807.557
2023-05-17,10639.4,10801.03,10639.4,10715.46,216900,10593.758,10298.06,10564.855,58.416,19.573,-71.197,90.77,10298.06,10807.933,9788.188
2023-05-18,10801.03,11000.7,10724.97,10905.62,238800,10726.87,10324.683,10569.609,62.642,54.592,-46.039,100.631,10324.683,10902.186,9747.18
2023-05-19,10943.65,10972.18,10810.54,10858.08,129100,10787.72,10348.928,10568.468,60.974,77.614,-21.309,98.923,10348.928,10973.778,9724.079
2023-05-22,10763.0,10763.0,10677.43,10753.49,195200,10787.72,10375.075,10566.566,57.355,86.424,0.238,86.186,10375.075,11022.428,9727.722
2023-05-23,10772.51,10915.13,10715.46,10791.52,243000,10804.834,10406.451,10562.192,58.324,95.374,19.265,76.109,10406.451,11071.321,9741.581
2023-05-24,10772.51,10962.67,10724.97,10734.48,225300,10808.638,10418.812,10559.53,56.26,96.75,34.762,61.988,10418.812,11099.022,9738.601
2023-05-25,10582.35,10591.86,10240.06,10240.06,248800,10675.526,10417.86,10553.255,42.29,57.284,39.267,18.018,10417.86,11099.064,9736.657
2023-05-26,10306.62,10325.64,10078.43,10154.49,268200,10534.808,10411.205,10542.606,40.42,18.885,35.19,-16.305,10411.205,11100.322,9722.088
2023-05-29,10268.59,10268.59,10059.41,10078.43,188700,10399.796,10421.664,10531.196,38.778,-17.482,24.656,-42.138,10421.664,11081.892,9761.436
2023-05-30,10040.4,10097.44,9945.32,10030.89,162200,10247.67,10431.172,10524.921,37.746,-49.569,9.811,-59.38,10431.172,11060.949,9801.395
2023-05-31,9935.81,10477.76,9935.81,10477.76,578700,10196.326,10451.614,10523.78,50.959,-38.495,0.15,-38.645,10451.614,11057.988,9845.24
2023-06-01,10373.17,10477.76,10221.05,10325.63,238400,10213.44,10464.925,10507.616,47.28,-41.516,-8.183,-33.332,10464.925,11046.218,9883.632
2023-06-02,10278.1,10411.21,10211.54,10363.67,216200,10255.276,10475.384,10496.207,48.285,-40.375,-14.622,-25.753,10475.384,11040.46,9910.308
2023-06-05,10449.24,10577.6,10335.14,10544.32,209700,10348.454,10488.22,10482.896,52.881,-24.61,-16.619,-7.991,10488.22,11046.963,9929.477
2023-06-06,10463.5,10620.38,10401.7,10596.61,152400,10461.598,10499.392,10473.103,54.151,-7.807,-14.857,7.05,10499.392,11057.384,9941.4
2023-06-07,10696.44,10820.05,10596.61,10686.94,290800,10503.434,10525.539,10467.968,56.34,12.652,-9.355,22.007,10525.539,11066.094,9984.984
2023-06-08,10558.58,10568.09,10268.59,10396.94,350600,10517.696,10533.383,10458.936,48.357,5.404,-6.403,11.807,10533.383,11060.891,10005.875
2023-06-09,10568.09,10610.87,10292.36,10320.88,250100,10509.138,10521.735,10447.051,46.496,-6.404,-6.404,-0.001,10521.735,11057.564,9985.907
2023-06-12,10563.33,11000.7,10563.33,10995.95,327900,10599.464,10533.858,10446.575,60.884,38.269,2.531,35.738,10533.858,11101.775,9965.942
2023-06-13,11162.33,11295.45,11081.52,11105.29,295000,10701.2,10553.825,10452.09,62.636,81.556,18.336,63.22,10553.825,11172.986,9934.665
2023-06-14,11100.53,11157.58,10976.93,11038.73,304500,10771.558,10569.989,10456.464,60.849,109.231,36.515,72.716,10569.989,11222.876,9917.102
2023-06-15,10981.68,11143.32,10962.67,11000.7,253900,10892.31,10574.743,10458.175,59.799,126.635,54.539,72.096,10574.743,11239.202,9910.284
2023-06-16,11052.99,11200.37,10972.18,11005.45,507700,11029.224,10582.112,10459.791,59.892,139.206,71.472,67.734,10582.112,11262.869,9901.354
2023-06-19,11086.27,11285.94,10972.18,11024.47,252900,11034.928,10595.66,10468.634,60.289,148.987,86.975,62.012,10595.66,11301.118,9890.203
2023-06-20,11152.83,11366.75,10976.93,11328.72,328000,11079.614,10622.52,10485.082,66.068,179.222,105.425,73.798,10622.52,11396.916,9848.125
2023-06-21,11243.15,11395.28,11119.55,11129.06,249800,11097.68,10642.25,10499.249,59.907,184.941,121.328,63.613,10642.25,11448.12,9836.379
2023-06-22,11186.1,11190.86,10948.41,10962.67,220000,11090.074,10678.38,10508.377,55.28,174.041,131.871,42.171,10678.38,11473.045,9883.715
2023-06-23,10915.13,10915.13,10672.68,10786.77,281800,11046.338,10709.994,10514.557,50.812,149.486,135.394,14.092,10709.994,11466.285,9953.703
2023-06-26,10715.46,10720.21,10591.86,10682.18,172000,10977.88,10740.182,10519.406,48.312,120.2,132.355,-12.155,10740.182,11436.119,10044.244
2023-06-27,10653.66,10682.18,10401.7,10430.22,193100,10798.18,10760.148,10520.737,42.843,75.787,121.041,-45.254,10760.148,11390.197,10130.099
2023-06-28,10587.1,10729.72,10515.79,10686.94,211500,10709.756,10770.607,10527.963,49.158,60.605,108.954,-48.349,10770.607,11387.731,10153.483
2023-06-29,10701.2,10858.08,10663.17,10734.48,179400,10664.118,10791.05,10535.19,50.254,51.813,97.526,-45.713,10791.05,11372.145,10209.954
2023-06-30,10639.4,10710.71,10487.27,10648.91,174000,10636.546,10805.312,10540.704,48.239,37.507,85.522,-48.015,10805.312,11355.416,10255.207
2023-07-03,10663.17,10815.29,10663.17,10701.2,110300,10640.35,10813.155,10550.117,49.57,30.043,74.426,-44.383,10813.155,11351.949,10274.362
2023-07-04,10610.87,10696.44,10563.33,10691.69,117700,10692.644,10817.91,10560.671,49.321,23.094,64.16,-41.066,10817.91,11350.297,10285.522
2023-07-05,10582.35,10748.74,10544.32,10734.48,93700,10702.152,10820.286,10565.615,50.523,20.8,55.488,-34.688,10820.286,11350.633,10289.94
2023-07-06,10582.35,10606.12,10349.4,10401.7,211800,10635.596,10820.524,10568.468,42.152,-7.781,42.834,-50.615,10820.524,11350.075,10290.974
2023-07-07,10225.8,10297.11,10149.74,10187.77,220700,10543.368,10813.869,10566.471,37.815,-47.15,24.837,-71.988,10813.869,11372.412,10255.326
2023-07-10,10173.51,10235.31,10097.44,10097.44,197700,10422.616,10768.944,10571.035,36.124,-84.664,2.937,-87.601,10768.944,11404.985,10132.902
2023-07-11,10206.78,10287.6,10159.24,10249.57,202600,10334.192,10726.158,10579.212,40.914,-100.954,-17.841,-83.113,10726.158,11381.76,10070.555
2023-07-12,10249.57,10249.57,10059.41,10111.71,202900,10209.638,10679.806,10580.067,38.124,-123.564,-38.986,-84.578,10679.806,11372.398,9987.215
2023-07-13,10221.05,10596.61,10130.72,10577.6,263700,10244.818,10658.652,10590.431,50.428,-102.705,-51.729,-50.976,10658.652,11335.644,9981.659
2023-07-14,10777.26,10848.57,10629.89,10734.48,277500,10354.16,10645.103,10602.031,53.762,-72.678,-55.919,-16.759,10645.103,11303.462,9986.744
2023-07-18,10886.6,10900.87,10601.37,10682.18,153400,10471.108,10627.988,10609.923,52.494,-52.496,-55.234,2.739,10627.988,11262.176,9993.801
2023-07-19,10729.72,10824.8,10715.46,10786.77,157900,10578.548,10600.891,10618.195,54.79,-27.742,-49.736,21.994,10600.891,11149.559,10052.223
2023-07-20,10824.8,10834.31,10549.07,10591.86,198800,10674.578,10574.031,10626.752,49.946,-23.581,-44.505,20.924,10574.031,11063.201,10084.861
2023-07-21,10434.98,10458.75,10335.14,10406.45,159600,10640.348,10546.22,10630.08,45.798,-34.842,-42.572,7.73,10546.22,11004.635,10087.805
2023-07-24,10515.79,10625.13,10492.02,10549.07,159800,10603.266,10534.335,10629.984,49.287,-31.891,-40.436,8.545,10534.335,10978.598,10090.072
2023-07-25,10468.25,10511.04,10064.17,10159.25,310300,10498.68,10508.188,10618.1,41.436,-60.312,-44.411,-15.901,10508.188,10976.706,10039.671
2023-07-26,10164.0,10230.56,10097.44,10192.52,124200,10379.83,10496.304,10607.831,42.281,-79.238,-51.376,-27.861,10496.304,10984.783,10007.824
2023-07-27,10144.98,10330.39,10140.23,10292.36,159700,10319.93,10476.574,10599.369,44.853,-85.198,-58.141,-27.057,10476.574,10964.507,9988.642
2023-07-28,10121.21,10273.34,10035.64,10268.59,191700,10292.358,10453.28,10586.628,44.346,-90.793,-64.671,-26.122,10453.28,10933.798,9972.762
2023-07-31,10306.62,10316.13,10173.51,10301.87,139800,10242.918,10435.928,10575.504,45.278,-91.488,-70.035,-21.453,10435.928,10911.742,9960.114
2023-08-01,10392.19,10401.7,10254.33,10301.87,102400,10271.442,10415.962,10566.472,45.278,-90.989,-74.225,-16.764,10415.962,10878.227,9953.696
2023-08-02,10192.52,10211.54,10073.67,10149.74,190100,10262.886,10388.864,10553.636,41.587,-101.697,-79.72,-21.977,10388.864,10846.59,9931.138
2023-08-03,9964.33,10002.36,9878.76,9931.05,192100,10190.624,10348.693,10537.568,36.926,-126.373,-89.05,-37.323,10348.693,10819.538,9877.847
2023-08-04,9897.78,9997.61,9874.01,9902.53,90800,10117.412,10323.734,10530.817,36.354,-146.541,-100.549,-45.992,10323.734,10834.017,9813.451
2023-08-07,9959.58,10254.32,9916.79,10216.29,211800,10100.296,10325.16,10532.053,46.226,-135.643,-107.567,-28.075,10325.16,10834.001,9816.319
2023-08-08,10216.29,10221.05,10068.92,10173.51,180700,10074.624,10328.964,10533.955,45.197,-128.971,-111.848,-17.123,10328.964,10831.738,9826.189
2023-08-09,10235.31,10235.31,10078.43,10197.28,181500,10084.132,10326.349,10537.282,45.917,-120.378,-113.554,-6.824,10326.349,10831.401,9821.297
2023-08-10,9983.35,9988.1,9331.1,9688.6,593500,10035.642,10305.194,10521.499,35.238,-152.853,-121.414,-31.439,10305.194,10878.883,9731.504
2023-08-14,9412.87,9522.21,8618.96,8670.3,840400,9789.196,10209.828,10488.393,23.47,-257.785,-148.688,-109.097,10209.828,11125.206,9294.451
2023-08-15,8787.25,9047.77,8676.0,9025.9,543700,9551.118,10124.4,10461.637,32.009,-308.693,-180.689,-128.004,10124.4,11146.324,9102.475
2023-08-16,8823.38,9182.78,8812.92,9164.71,400900,9349.358,10048.526,10434.045,35.056,-333.987,-211.349,-122.638,10048.526,11120.201,8976.851
2023-08-17,9061.08,9088.65,8843.35,8975.51,266700,9105.004,9957.963,10401.623,32.892,-365.091,-242.097,-122.994,9957.963,11072.238,8843.688
2023-08-18,8889.94,8916.56,8723.55,8859.51,269500,8939.186,9871.346,10365.074,31.605,-394.553,-272.588,-121.965,9871.346,11045.843,8696.848
2023-08-21,8879.48,9013.54,8811.02,8890.89,220200,8983.304,9795.568,10334.953,32.376,-410.636,-300.198,-110.438,9795.568,11019.235,8571.9
2023-08-22,8891.84,8945.08,8780.59,8815.77,196800,8941.278,9708.902,10304.851,31.461,-424.55,-325.068,-99.482,9708.902,10953.215,8464.59
2023-08-23,8823.38,9067.73,8794.85,9047.77,224400,8917.89,9653.328,10265.888,37.348,-412.106,-342.476,-69.63,9653.328,10912.151,8394.506
2023-08-24,9189.43,9232.22,9064.88,9204.65,239300,8963.718,9603.935,10227.875,41.036,-385.145,-351.01,-34.135,9603.935,10851.146,8356.724
2023-08-25,8973.6,9002.13,8863.31,8970.75,204500,8985.966,9537.855,10186.515,37.492,-378.291,-356.466,-21.825,9537.855,10771.459,8304.25
2023-08-28,8842.39,9054.42,8810.07,9004.98,226900,9008.784,9474.674,10146.601,38.332,-365.88,-358.349,-7.531,9474.674,10679.804,8269.544
2023-08-29,8985.01,9101.01,8963.15,9042.06,151400,9054.042,9411.684,10107.333,39.283,-349.029,-356.485,7.456,9411.684,10565.364,8258.003
2023-08-30,9156.16,9171.37,8891.84,8932.72,259000,9031.032,9343.226,10065.498,37.449,-340.571,-353.302,12.731,9343.226,10435.341,8251.111
2023-08-31,8925.11,8926.06,8751.12,8773.94,424500,8944.89,9274.436,10014.402,34.9,-342.729,-351.187,8.458,9274.436,10325.188,8223.684
2023-09-01,8735.9,8833.84,8701.68,8798.66,299700,8910.472,9217.816,9967.794,35.635,-338.543,-348.659,10.116,9217.816,10241.276,8194.357
2023-09-04,8832.89,8937.47,8764.43,8856.66,309700,8880.808,9165.523,9925.674,37.418,-326.778,-344.282,17.505,9165.523,10147.722,8183.324
2023-09-05,8866.16,8955.54,8826.23,8889.93,190600,8850.382,9099.205,9887.737,38.472,-311.182,-337.662,26.48,9099.205,9953.454,8244.956
2023-09-06,8980.26,9134.29,8933.67,9075.34,320500,8878.906,9044.296,9855.601,44.116,-280.627,-326.255,45.628,9044.296,9732.912,8355.681
2023-09-07,8951.74,9066.78,8900.39,8927.97,218000,8909.712,8980.831,9825.556,40.904,-265.245,-314.053,48.808,8980.831,9405.346,8556.316
2023-09-08,8884.23,8914.66,8590.43,8618.01,324800,8873.582,8927.302,9784.177,35.113,-274.898,-306.222,31.324,8927.302,9227.97,8626.633
2023-09-11,8538.14,8605.65,8367.95,8388.87,423100,8780.024,8913.23,9737.265,31.557,-297.606,-304.499,6.893,8913.23,9282.954,8543.506
2023-09-12,8391.72,8475.39,8205.36,8339.42,409700,8669.922,8878.906,9691.075,30.831,-315.951,-306.79,-9.162,8878.906,9324.305,8433.507
2023-09-13,8298.54,8364.14,8115.04,8135.95,383000,8482.044,8827.468,9639.77,27.979,-342.955,-314.023,-28.932,8827.468,9362.492,8292.444
2023-09-14,8135.95,8350.83,8024.71,8298.54,330600,8356.158,8793.619,9591.907,33.289,-347.233,-320.665,-26.568,8793.619,9373.024,8214.215
2023-09-15,8300.44,8345.13,8129.3,8297.59,401700,8292.074,8765.524,9543.169,33.274,-346.703,-325.872,-20.831,8765.524,9384.613,8146.434
2023-09-19,8044.68,8098.87,7882.09,8012.35,470200,8216.77,8721.596,9495.382,28.935,-365.092,-333.716,-31.375,8721.596,9422.498,8020.695
2023-09-20,7967.66,8125.49,7957.2,7961.01,323300,8141.088,8678.858,9450.847,28.222,-379.433,-342.86,-36.574,8678.858,9455.707,7902.01
2023-09-21,7867.83,7877.34,7636.79,7688.13,360700,8051.524,8610.877,9402.661,24.732,-408.114,-355.91,-52.203,8610.877,9483.816,7737.937
2023-09-22,7567.38,7719.51,7514.13,7673.87,274800,7926.59,8534.338,9351.147,24.561,-427.071,-370.143,-56.928,8534.338,9455.191,7613.484
2023-09-25,7721.41,7856.42,7687.18,7827.9,276100,7832.652,8477.195,9305.471,30.174,-424.769,-381.068,-43.701,8477.195,9425.451,7528.939
2023-09-26,7827.9,7867.83,7615.87,7620.62,285400,7754.306,8407.977,9246.331,27.237,-434.66,-391.786,-42.874,8407.977,9395.317,7420.637
2023-09-27,7478.0,7781.31,7474.2,7778.45,322700,7717.794,8344.796,9187.21,32.616,-424.866,-398.402,-26.464,8344.796,9322.969,7366.624
2023-09-28,7651.05,7713.8,7491.31,7627.28,300500,7705.624,8279.525,9126.112,30.305,-424.41,-403.604,-20.806,8279.525,9266.691,7292.358
2023-09-29,7726.16,7797.47,7683.38,7774.65,333300,7725.78,8229.56,9065.87,35.13,-407.46,-404.375,-3.085,8229.56,9212.508,7246.612
2023-10-02,7740.42,7771.8,7547.41,7562.62,279200,7672.724,8167.758,9005.285,31.727,-406.45,-404.79,-1.66,8167.758,9155.465,7180.051
2023-10-03,7617.77,7718.55,7526.49,7559.77,286200,7660.554,8102.914,8948.352,31.682,-401.255,-404.083,2.828,8102.914,9070.265,7135.562
2023-10-04,7536.95,7769.9,7503.67,7693.83,386200,7643.63,8043.108,8891.247,36.207,-381.918,-399.65,17.732,8043.108,8951.702,7134.515
2023-10-05,7691.93,7792.72,7625.38,7771.8,295000,7672.534,7977.932,8843.498,38.748,-356.195,-390.959,34.764,7977.932,8751.776,7204.087
2023-10-06,7758.49,7794.62,7455.18,7515.08,248600,7620.62,7907.287,8789.949,33.953,-352.462,-383.26,30.798,7907.287,8565.245,7249.329
2023-10-10,7473.25,7574.03,7356.3,7537.9,289500,7615.676,7853.282,8734.86,34.726,-343.7,-375.348,31.648,7853.282,8438.953,7267.61
2023-10-11,7597.8,7620.62,7235.55,7246.96,342500,7553.114,7796.186,8674.427,29.917,-356.128,-371.504,15.376,7796.186,8384.65,7207.722
2023-10-12,7231.75,7379.12,7176.6,7367.71,283500,7487.89,7747.6,8615.744,34.002,-352.173,-367.638,15.464,7747.6,8306.952,7188.249
2023-10-13,7341.09,7420.96,6922.74,6922.74,490500,7318.078,7686.94,8548.161,27.614,-380.558,-370.222,-10.336,7686.94,8326.37,7047.51
2023-10-16,6884.71,6983.59,6702.15,6715.47,576900,7158.156,7607.786,8479.476,25.236,-414.994,-379.176,-35.818,7607.786,8316.608,6898.965
2023-10-17,6867.59,6975.98,6793.43,6893.26,619100,7029.228,7537.57,8418.72,30.746,-423.062,-387.953,-35.109,7537.57,8236.839,6838.301
2023-10-18,6893.26,6923.69,6475.87,6504.39,977000,6880.714,7462.172,8350.757,26.198,-455.583,-401.479,-54.104,7462.172,8263.617,6660.727
2023-10-19,6344.66,6396.95,6178.27,6244.82,767400,6656.136,7376.362,8271.328,23.68,-496.577,-420.499,-76.078,7376.362,8309.589,6443.136
2023-10-20,6180.17,6196.33,5971.94,5971.94,861500,6465.976,7290.553,8187.297,21.356,-544.804,-445.36,-99.444,7290.553,8401.718,6179.388
2023-10-23,5916.8,5963.39,5721.88,5758.02,640700,6274.486,7194.76,8098.511,19.722,-593.445,-474.977,-118.468,7194.76,8483.005,5906.516
2023-10-24,5830.28,6126.92,5584.97,6079.38,1410800,6111.71,7107.334,8026.327,28.564,-599.155,-499.812,-99.343,7107.334,8450.803,5763.866
2023-10-25,6079.38,6322.79,6009.02,6238.17,1645500,6058.466,7038.212,7977.684,32.519,-584.134,-516.677,-67.457,7038.212,8412.39,5664.034
2023-10-26,6056.56,6069.88,5780.83,5852.14,1120800,5979.93,6941.896,7914.209,28.402,-596.503,-532.642,-63.861,6941.896,8366.716,5517.077
2023-10-27,5999.52,6008.07,5693.36,5801.75,794700,5945.892,6850.62,7846.95,27.906,-603.416,-546.797,-56.619,6850.62,8323.646,5377.594
2023-10-30,5771.33,5787.49,5611.59,5623.95,533300,5919.078,6743.085,7779.919,26.167,-616.139,-560.665,-55.474,6743.085,8245.798,5240.372
2023-10-31,5663.89,5732.34,5524.12,5691.46,900200,5841.494,6649.527,7716.558,28.001,-613.7,-571.272,-42.428,6649.527,8170.289,5128.765
2023-11-01,5881.62,5971.94,5786.54,5939.62,765200,5781.784,6568.519,7657.532,34.448,-585.0,-574.018,-10.982,6568.519,8057.397,5079.642
2023-11-02,6076.53,6381.74,6068.93,6342.75,770400,5879.906,6500.966,7608.072,43.326,-523.688,-563.952,40.264,6500.966,7894.406,5107.525
2023-11-06,6723.07,6968.38,6712.61,6917.03,1333500,6102.962,6458.227,7565.457,53.075,-423.872,-535.936,112.063,6458.227,7735.108,5181.346
2023-11-07,6441.64,6757.3,6370.33,6738.28,1257400,6325.828,6419.387,7516.13,50.182,-355.098,-499.768,144.67,6419.387,7604.9,5233.874
2023-11-08,6839.07,7033.98,6823.86,6983.59,847100,6584.254,6391.671,7476.387,53.897,-277.6,-455.335,177.735,6391.671,7489.778,5293.565
2023-11-09,7014.02,7340.14,6974.08,7302.11,803200,6856.752,6394.429,7442.329,58.25,-188.309,-401.929,213.621,6394.429,7501.817,5287.041
2023-11-10,7182.31,7267.88,6975.98,7189.91,817000,7026.184,6385.539,7405.286,56.235,-125.156,-346.575,221.419,6385.539,7462.464,5308.614
2023-11-13,7226.04,7301.16,7129.06,7272.63,600500,7097.304,6403.034,7372.084,57.405,-67.653,-290.79,223.138,6403.034,7527.041,5279.026
2023-11-14,7700.49,7754.68,7309.71,7505.58,1331200,7250.764,6442.539,7346.717,60.598,-3.246,-233.282,230.036,6442.539,7664.091,5220.987
2023-11-15,8030.42,8065.6,7490.36,7950.55,1975500,7444.156,6495.403,7329.755,65.863,82.748,-170.076,252.824,6495.403,7879.748,5111.059
2023-11-16,7967.66,7975.27,7668.16,7784.16,811900,7540.566,6559.392,7308.305,62.5,135.906,-108.879,244.785,6559.392,8058.997,5059.787
2023-11-17,7749.93,8059.89,7687.18,8040.87,801000,7710.758,6649.195,7291.324,65.432,196.484,-47.807,244.29,6649.195,8278.945,5019.444
2023-11-20,7755.64,7943.89,7654.85,7714.75,720600,7799.182,6736.335,7264.112,59.109,215.69,4.893,210.798,6736.335,8399.64,5073.03
2023-11-21,7739.47,7967.66,7718.55,7915.37,632600,7881.14,6844.202,7243.86,61.569,244.284,52.771,191.513,6844.202,8520.137,5168.268
2023-11-22,7801.27,7951.5,7790.81,7828.85,512200,7856.8,6931.676,7228.077,59.895,257.001,93.617,163.384,6931.676,8622.091,5241.261
2023-11-24,7971.47,8109.33,7885.89,8037.07,619500,7907.382,7021.621,7221.041,62.535,280.646,131.023,149.623,7021.621,8747.722,5295.52
2023-11-27,7902.06,8247.2,7902.06,8177.79,708300,7934.766,7137.904,7217.808,64.248,307.198,166.258,140.94,7137.904,8845.526,5430.281
2023-11-28,8112.18,8269.07,8044.68,8173.99,512200,8026.614,7256.515,7218.569,64.163,324.197,197.846,126.351,7256.515,8901.775,5611.256
2023-11-29,8247.2,8598.04,8247.2,8472.54,791600,8138.048,7398.945,7222.049,67.782,357.637,229.804,127.833,7398.945,8938.965,5858.925
2023-11-30,8290.93,8428.8,8174.94,8278.57,3541300,8227.992,7528.3,7221.669,63.308,364.287,256.701,107.587,7528.3,8888.562,6168.039
2023-12-01,8169.23,8239.59,8071.3,8071.3,495600,8234.838,7634.884,7222.848,58.84,348.812,275.123,73.689,7634.884,8789.529,6480.24
2023-12-04,8123.59,8365.1,8057.04,8258.61,538600,8251.002,7730.678,7228.8,61.485,347.654,289.629,58.025,7730.678,8743.086,6718.269
2023-12-05,8332.77,8433.55,8091.27,8148.31,421300,8245.866,7792.241,7238.003,59.077,333.986,298.501,35.486,7792.241,8744.27,6840.213
2023-12-06,8043.73,8303.29,8019.96,8239.59,473900,8199.276,7867.307,7249.318,60.457,326.754,304.151,22.602,7867.307,8698.513,7036.101
2023-12-07,7987.63,8171.13,7838.36,7858.32,646200,8115.226,7911.044,7249.926,52.493,286.949,300.711,-13.762,7911.044,8631.082,7191.005
2023-12-08,7858.32,8110.28,7763.24,8094.12,747900,8119.79,7950.644,7259.396,56.325,271.302,294.829,-23.527,7950.644,8614.606,7286.682
2023-12-11,8143.56,8386.96,8130.25,8377.46,558200,8143.56,8010.022,7271.376,60.453,278.555,291.574,-13.019,8010.022,8595.271,7424.772
2023-12-12,8358.44,8429.75,8048.48,8066.54,502300,8127.206,8049.717,7280.161,54.379,256.26,284.511,-28.252,8049.717,8520.973,7578.461
2023-12-13,7913.47,8050.38,7790.81,8044.68,510000,8088.224,8076.672,7285.562,53.969,234.128,274.435,-40.307,8076.672,8472.518,7680.826
2023-12-14,8272.87,8429.75,8246.25,8370.8,558900,8190.72,8097.684,7301.726,58.948,240.135,267.575,-27.439,8097.684,8509.63,7685.739
2023-12-15,8405.03,8546.7,8352.74,8416.44,623100,8255.184,8129.298,7318.859,59.607,245.746,263.209,-17.463,8129.298,8536.959,7721.638
2023-12-18,8452.57,8462.08,8251.0,8418.34,269300,8263.36,8148.172,7333.349,59.636,247.493,260.066,-12.573,8148.172,8573.178,7723.166
2023-12-19,8320.41,8672.2,8270.02,8672.2,384100,8384.492,8196.044,7351.357,63.419,266.293,261.311,4.981,8196.044,8631.066,7761.023
2023-12-20,8723.54,8978.36,8678.86,8799.61,581500,8535.478,8240.256,7377.048,65.182,288.151,266.679,21.471,8240.256,8731.297,7749.216
2023-12-21,8535.29,8865.21,8444.96,8823.38,431400,8625.994,8289.983,7402.757,65.516,303.888,274.121,29.767,8289.983,8806.377,7773.589
2023-12-22,8904.2,9125.73,8869.02,9032.55,572500,8749.216,8339.757,7438.469,68.39,329.441,285.185,44.256,8339.757,8938.798,7740.716
2023-12-25,9175.17,9329.2,8880.43,8940.33,447600,8853.614,8377.884,7469.922,65.787,338.35,295.818,42.532,8377.884,9028.377,7727.391
2023-12-26,8939.38,9106.72,8926.06,9039.21,313800,8927.016,8421.145,7512.251,67.228,349.362,306.527,42.835,8421.145,9127.249,7715.041
2023-12-27,9181.83,9250.29,9067.73,9203.7,475600,9007.834,8457.703,7562.016,69.526,367.13,318.647,48.483,8457.703,9245.945,7669.461
2023-12-28,9346.32,9448.05,9219.86,9389.1,388500,9120.978,8513.23,7611.932,71.917,391.657,333.249,58.408,8513.23,9398.791,7627.668
2023-12-29,9269.3,9386.25,9228.42,9315.89,344100,9177.646,8575.459,7668.162,69.595,400.57,346.713,53.856,8575.459,9504.131,7646.787
2024-01-04,8888.03,9111.47,8877.57,9016.39,526900,9192.858,8613.348,7723.594,60.929,379.096,353.19,25.906,8613.348,9549.394,7677.302
2024-01-05,8985.01,9028.75,8728.3,8770.13,803600,9139.042,8644.439,7779.558,54.878,338.307,350.213,-11.906,8644.439,9556.447,7732.431
2024-01-09,8991.67,9071.54,8752.07,8835.74,553100,9065.45,8674.246,7841.112,56.128,307.728,341.716,-33.988,8674.246,9569.353,7779.14
2024-01-10,8966.0,9377.69,8949.83,9311.14,673300,9049.858,8746.888,7905.747,63.927,318.187,337.01,-18.823,8746.888,9597.911,7895.864
2024-01-11,9313.04,9342.51,9158.06,9257.89,461400,9038.258,8805.076,7966.142,62.585,318.508,333.31,-14.802,8805.076,9626.812,7983.34
2024-01-12,9488.94,9584.02,9363.43,9488.94,573600,9132.768,8860.65,8038.878,65.927,333.56,333.36,0.2,8860.65,9710.478,8010.822
2024-01-15,9432.84,9440.44,9292.12,9305.43,84700,9239.828,8922.595,8108.951,61.247,326.914,332.071,-5.157,8922.595,9706.775,8138.414
2024-01-16,9432.84,9440.44,9177.07,9204.65,394300,9313.61,8980.593,8180.565,58.779,309.941,327.645,-17.704,8980.593,9655.326,8305.86
2024-01-17,9062.03,9116.22,8720.69,8783.45,698100,9208.072,9001.226,8242.405,49.756,259.511,314.018,-54.507,9001.226,9620.395,8382.056
2024-01-18,8730.2,8767.28,8425.95,8445.91,597200,9045.676,9002.699,8292.531,43.936,190.117,289.238,-99.121,9002.699,9616.122,8389.276
2024-01-19,8556.21,8800.56,8534.34,8751.12,456500,8898.112,9019.338,8340.698,49.669,157.929,262.976,-105.047,9019.338,9581.973,8456.703
2024-01-22,8798.66,8842.39,8586.63,8614.2,383000,8759.866,9016.438,8374.642,47.331,119.989,234.379,-114.39,9016.438,9587.146,8445.73
2024-01-23,8697.87,8901.34,8604.7,8636.07,436400,8646.15,9008.261,8412.597,47.754,90.641,205.631,-114.991,9008.261,9596.468,8420.054
2024-01-24,8611.35,8722.6,8534.34,8630.37,273100,8615.534,8998.61,8445.533,47.647,66.159,177.737,-111.578,8998.61,9605.622,8391.599
2024-01-25,8509.62,8543.84,8335.62,8363.19,498800,8598.99,8965.142,8466.755,42.787,24.911,147.172,-122.26,8965.142,9634.848,8295.437
2024-01-26,8129.3,8392.67,8082.71,8312.8,507100,8511.326,8933.766,8489.212,41.919,-11.709,115.395,-127.105,8933.766,9664.396,8203.136
2024-01-29,8170.18,8404.08,8135.0,8282.38,426800,8444.962,8895.924,8509.407,41.373,-42.694,83.778,-126.471,8895.924,9680.002,8111.847
2024-01-30,8554.3,8633.22,8443.06,8521.98,381700,8422.144,8861.838,8529.735,47.205,-47.369,57.548,-104.918,8861.838,9648.847,8074.83
2024-01-31,8379.36,8602.79,8376.5,8563.81,289900,8408.832,8820.574,8542.001,48.174,-47.156,36.607,-83.763,8820.574,9577.135,8064.013
2024-02-01,8421.19,8505.81,8245.3,8297.59,279300,8395.712,8769.659,8552.269,42.79,-67.688,15.748,-83.436,8769.659,9522.919,8016.399
2024-02-02,8427.85,8668.4,8420.24,8521.03,297100,8437.358,8744.891,8561.872,48.039,-65.179,-0.437,-64.742,8744.891,9496.567,7993.215
2024-02-05,8463.03,8728.3,8426.9,8603.75,239000,8501.632,8736.572,8579.652,49.872,-55.872,-11.524,-44.348,8736.572,9490.75,7982.394
2024-02-06,8461.13,8579.02,8346.08,8346.08,312400,8466.452,8712.089,8588.267,44.594,-68.498,-22.919,-45.579,8712.089,9484.289,7939.889
2024-02-07,8285.23,8448.77,8234.84,8380.31,274300,8429.752,8665.548,8599.296,45.42,-74.879,-33.311,-41.568,8665.548,9396.845,7934.25
2024-02-08,8432.6,8470.63,8330.87,8394.57,228000,8449.148,8622.382,8606.446,45.783,-77.887,-42.226,-35.661,8622.382,9306.883,7937.88
2024-02-09,8471.58,8801.51,8471.58,8652.24,437900,8475.39,8580.546,8615.935,51.993,-58.802,-45.541,-13.261,8580.546,9131.247,8029.846
2024-02-13,8739.71,8846.2,8690.27,8760.63,451700,8506.766,8553.306,8627.668,54.361,-34.532,-43.34,8.807,8553.306,8996.423,8110.19
2024-02-14,8281.43,8309.95,7646.29,8173.99,1345200,8472.348,8501.774,8621.697,42.222,-61.922,-47.056,-14.866,8501.774,8856.943,8146.604
2024-02-15,8271.92,8632.27,8159.72,8519.12,759300,8500.11,8488.557,8626.508,49.383,-55.143,-48.673,-6.47,8488.557,8818.36,8158.754
2024-02-16,8585.68,8589.48,8171.13,8225.33,563300,8466.262,8477.528,8629.588,44.344,-72.64,-53.467,-19.174,8477.528,8827.474,8127.582
2024-02-19,8014.25,8112.18,7921.07,8050.38,416200,8345.89,8442.491,8625.424,41.621,-99.477,-62.669,-36.808,8442.491,8816.585,8068.397
2024-02-20,8046.58,8191.1,7981.93,8085.56,274200,8210.876,8416.059,8624.169,42.387,-116.563,-73.448,-43.115,8416.059,8813.071,8019.047
2024-02-21,8135.95,8514.37,8135.95,8471.58,426100,8270.394,8407.834,8628.808,50.123,-97.828,-78.324,-19.504,8407.834,8792.272,8023.397
2024-02-22,8413.59,8584.73,8394.57,8419.29,256400,8250.428,8397.28,8640.028,49.16,-86.205,-79.9,-6.305,8397.28,8767.314,8027.247
2024-02-26,8489.65,8763.48,8473.49,8741.61,284200,8353.684,8416.202,8652.978,54.91,-50.405,-74.001,23.596,8416.202,8816.368,8016.035
2024-02-27,8956.49,9449.0,8908.0,9449.0,952600,8633.408,8473.011,8674.408,64.421,34.648,-52.271,86.919,8473.011,9080.347,7865.676
2024-02-28,9352.97,9584.01,9222.71,9526.97,530000,8921.69,8535.241,8703.617,65.29,107.11,-20.395,127.505,8535.241,9296.003,7774.479
2024-02-29,9422.38,9645.82,9376.74,9588.77,572200,9145.128,8588.58,8734.499,65.999,167.592,17.202,150.389,8588.58,9483.237,7693.924
2024-03-01,9641.06,9812.21,9490.84,9698.11,368100,9400.892,8645.296,8761.045,67.273,221.79,58.12,163.67,8645.296,9667.992,7622.599
2024-03-04,9755.16,9812.21,9598.28,9698.11,289300,9592.192,8715.322,8786.678,67.273,261.726,98.841,162.884,8715.322,9825.799,7604.844
2024-03-05,9641.06,9731.39,9476.57,9702.86,325200,9642.964,8774.413,8812.369,67.335,290.41,137.155,153.255,8774.413,9964.296,7584.53
2024-03-06,9745.65,10021.38,9698.11,9907.29,336600,9719.028,8839.59,8837.071,69.957,325.882,174.9,150.982,8839.59,10128.774,7550.406
2024-03-07,10178.26,10330.39,10078.43,10078.43,474600,9816.96,8926.208,8862.647,71.985,363.612,212.643,150.97,8926.208,10305.422,7546.993
2024-03-08,9959.58,10068.92,9769.42,9959.58,405000,9869.254,9005.171,8885.371,68.526,379.548,246.024,133.524,9005.171,10432.775,7577.567
2024-03-11,9807.45,10064.17,9712.37,9869.25,317400,9903.482,9078.905,8902.105,65.932,380.503,272.92,107.583,9078.905,10525.921,7631.889
2024-03-12,9854.99,9959.58,9488.94,9950.07,256100,9952.924,9143.796,8922.3,67.131,383.361,295.008,88.353,9143.796,10626.219,7661.374
2024-03-13,9888.27,10045.15,9607.78,9702.86,234600,9912.038,9190.908,8935.573,60.159,361.511,308.309,53.203,9190.908,10681.922,7699.894
2024-03-14,9636.31,9683.85,9469.92,9612.54,312400,9818.86,9262.836,8943.75,57.797,333.068,313.261,19.808,9262.836,10684.473,7841.198
2024-03-15,9441.4,9441.4,9127.63,9164.71,544900,9659.886,9295.115,8939.262,47.78,271.263,304.861,-33.598,9295.115,10674.335,7915.895
2024-03-18,9164.71,9479.43,9128.58,9450.9,365900,9576.216,9356.394,8941.962,53.345,242.579,292.405,-49.825,9356.394,10641.155,8071.632
2024-03-19,9503.2,9560.24,9318.74,9433.79,188300,9472.96,9425.564,8950.31,52.981,215.977,277.119,-61.142,9425.564,10553.677,8297.451
2024-03-21,9688.6,9950.07,9683.85,9736.14,384700,9479.616,9508.093,8969.63,58.379,216.792,265.054,-48.261,9508.093,10449.499,8566.687
2024-03-22,9669.59,9916.79,9565.0,9755.16,269200,9508.14,9572.272,8988.019,58.7,216.478,255.339,-38.861,9572.272,10381.946,8762.598
2024-03-25,9612.54,9664.83,9299.73,9366.28,262000,9548.454,9619.622,8989.121,50.175,182.743,240.82,-58.077,9619.622,10232.156,9007.087
2024-03-26,9307.33,9480.38,9307.33,9459.46,227300,9550.166,9655.514,8993.153,51.974,161.663,224.988,-63.325,9655.514,10116.903,9194.125
2024-03-27,9545.98,9545.98,9388.15,9397.66,372900,9542.94,9652.947,8991.327,50.667,138.375,207.666,-69.291,9652.947,10119.713,9186.181
2024-03-28,9314.94,9336.81,9214.16,9255.99,252400,9446.91,9639.398,8990.338,47.705,107.251,187.583,-80.331,9639.398,10136.319,9142.477
2024-03-29,9194.19,9298.78,9132.39,9187.53,116000,9333.384,9619.336,8989.996,46.297,76.183,165.303,-89.12,9619.336,10155.696,9082.976
2024-04-01,9193.24,9205.6,9032.55,9091.5,293800,9278.428,9589.006,8996.157,44.32,43.313,140.905,-97.592,9589.006,10173.092,9004.919
2024-04-02,8806.26,8847.15,8603.74,8652.24,435600,9116.984,9536.712,9000.284,36.618,-17.974,109.129,-127.103,9536.712,10252.17,8821.254
2024-04-03,8524.83,8582.83,8372.7,8458.27,462400,8929.106,9474.482,8994.427,33.823,-81.259,71.052,-152.311,9474.482,10331.578,8617.387
2024-04-04,8537.19,8635.12,8428.8,8442.11,450300,8766.33,9401.224,8990.985,33.592,-131.205,30.6,-161.805,9401.224,10348.302,8454.145
2024-04-05,8367.0,8367.0,8134.05,8186.35,402100,8566.094,9306.62,8981.99,30.102,-189.243,-13.368,-175.875,9306.62,10342.691,8270.548
2024-04-08,8185.4,8242.44,7873.53,7907.76,460600,8329.346,9204.028,8967.538,26.832,-254.782,-61.651,-193.131,9204.028,10366.495,8041.562
2024-04-09,7823.14,8067.5,7737.57,8038.02,624900,8206.502,9112.467,8961.035,30.627,-292.836,-107.888,-184.948,9112.467,10340.919,7884.015
2024-04-10,7950.55,7995.24,7711.9,7731.87,542000,8061.222,9001.557,8949.416,27.073,-343.735,-155.057,-188.677,9001.557,10309.56,7693.554
2024-04-11,7621.57,8068.45,7618.72,7951.5,536400,7963.1,8913.989,8942.799,33.073,-362.175,-196.481,-165.694,8913.989,10258.301,7569.677
2024-04-12,8055.14,8147.36,7617.77,7817.44,577700,7889.318,8824.234,8928.708,31.376,-383.19,-233.823,-149.367,8824.234,10211.196,7437.272
2024-04-15,7603.51,7623.47,7435.22,7537.9,564200,7815.346,8742.894,8908.19,28.135,-417.587,-270.576,-147.012,8742.894,10232.776,7253.011
2024-04-16,7488.46,7688.13,7403.84,7639.64,478000,7735.67,8652.33,8895.031,30.931,-431.662,-302.793,-128.869,8652.33,10180.706,7123.955
2024-04-17,7576.89,7604.46,7398.14,7483.71,555100,7686.038,8554.826,8874.284,29.065,-450.208,-332.276,-117.932,8554.826,10121.622,6988.031
2024-04-18,7416.2,7616.82,7329.68,7482.76,436100,7592.29,8442.158,8851.864,29.053,-459.684,-357.758,-101.927,8442.158,9974.989,6909.326
2024-04-19,7207.03,7265.02,6893.26,6953.16,636700,7419.434,8302.057,8824.006,23.474,-504.117,-387.03,-117.088,8302.057,9841.78,6762.335
2024-04-22,6954.12,7279.29,6954.12,7237.45,367700,7359.344,8195.616,8801.149,31.12,-510.506,-411.725,-98.781,8195.616,9719.825,6671.407
2024-04-23,7331.58,7390.53,6966.48,7035.88,510800,7238.592,8074.437,8773.975,28.914,-525.774,-434.535,-91.239,8074.437,9560.461,6588.413
2024-04-24,7173.75,7226.04,7080.57,7132.86,516000,7168.422,7961.197,8743.587,31.433,-524.007,-452.429,-71.578,7961.197,9365.584,6556.81
2024-04-25,7080.57,7100.54,6894.21,6894.21,326000,7050.712,7843.108,8706.259,28.735,-535.689,-469.081,-66.608,7843.108,9184.868,6501.348
2024-04-26,6845.72,6915.13,6656.52,6822.91,1218300,7024.662,7724.877,8679.237,27.963,-544.425,-484.15,-60.275,7724.877,8981.881,6467.873
2024-04-30,6988.34,7084.37,6921.79,6971.23,417900,6971.418,7618.863,8648.28,32.053,-533.233,-493.967,-39.267,7618.863,8740.969,6496.758
2024-05-01,6894.22,7032.08,6894.22,6958.87,228000,6956.016,7534.195,8622.95,31.891,-519.374,-499.048,-20.326,7534.195,8581.012,6487.378
2024-05-02,6881.85,6945.56,6846.68,6893.26,289600,6908.096,7455.945,8599.808,30.992,-507.831,-500.805,-7.026,7455.945,8444.255,6467.634
2024-05-07,7130.96,7406.69,7130.96,7351.55,572400,6999.564,7401.416,8585.128,43.057,-456.441,-491.932,35.491,7401.416,8274.223,6528.61
2024-05-08,7378.17,7691.93,7360.1,7459.94,718200,7126.97,7365.096,8564.895,45.485,-402.33,-474.011,71.682,7365.096,8157.086,6573.106
2024-05-09,7512.23,7656.75,7459.94,7602.56,425900,7253.236,7349.836,8548.56,48.591,-343.973,-448.004,104.031,7349.836,8108.876,6590.796
2024-05-10,7626.33,7654.85,7385.78,7432.37,448900,7347.936,7319.553,8522.376,45.276,-307.909,-419.985,112.076,7319.553,8008.038,6631.069
2024-05-13,8145.46,8148.31,7458.04,7493.22,697500,7467.928,7307.621,8483.26,46.676,-271.29,-390.246,118.956,7307.621,7973.932,6641.31
2024-05-14,7606.36,7606.36,7275.48,7516.99,531500,7501.016,7285.896,8443.06,47.244,-237.612,-359.719,122.107,7285.896,7889.162,6682.629
2024-05-15,7519.84,7631.08,7363.91,7371.51,184100,7483.33,7263.599,8398.715,44.145,-220.124,-331.8,111.676,7263.599,7814.869,6712.329
2024-05-16,7606.36,7786.06,7559.77,7729.01,341800,7508.62,7273.154,8359.333,52.408,-175.395,-300.519,125.124,7273.154,7850.455,6695.854
2024-05-17,7573.08,7646.29,7454.23,7485.61,284200,7519.268,7265.453,8315.083,47.28,-157.769,-271.969,114.2,7265.453,7826.035,6704.871
2024-05-20,7511.28,7615.87,7485.61,7537.9,227400,7528.204,7268.162,8271.784,48.447,-137.99,-245.173,107.183,7268.162,7833.689,6702.636
2024-05-21,7701.44,7731.87,7516.99,7523.64,323500,7529.534,7270.206,8224.111,48.134,-122.059,-220.55,98.491,7270.206,7839.283,6701.13
2024-05-22,7490.36,7523.64,7378.17,7460.89,247400,7547.41,7295.593,8171.76,46.704,-113.192,-199.079,85.887,7295.593,7850.234,6740.952
2024-05-23,7321.12,7359.15,7092.93,7133.82,337400,7428.372,7290.412,8115.245,40.03,-131.046,-185.472,54.426,7290.412,7849.26,6731.563
2024-05-24,6991.2,7132.86,6912.28,6992.15,310400,7329.68,7288.225,8057.703,37.528,-154.842,-179.346,24.504,7288.225,7851.591,6724.859
2024-05-27,6950.31,6956.02,6788.68,6815.3,285800,7185.16,7272.347,7995.008,34.62,-185.829,-180.643,-5.186,7272.347,7870.948,6673.746
2024-05-28,6891.36,7013.06,6855.23,6942.71,272300,7068.974,7274.772,7939.805,38.328,-197.825,-184.079,-13.746,7274.772,7867.285,6682.259
2024-05-29,6942.71,6995.95,6755.4,6782.02,336500,6933.2,7272.728,7883.194,35.587,-217.788,-190.821,-26.967,7272.728,7872.049,6673.406
2024-05-30,6449.24,6503.44,6346.56,6438.78,601900,6794.192,7246.105,7828.676,30.559,-258.327,-204.322,-54.005,7246.105,7941.432,6550.778
2024-05-31,6445.44,6522.45,6298.07,6445.44,899200,6684.85,7220.434,7768.566,30.763,-286.613,-220.78,-65.833,7220.434,7993.93,6446.937
2024-06-03,6452.1,6768.71,6375.08,6763.01,591200,6674.392,7213.921,7715.151,39.855,-280.175,-232.659,-47.516,7213.921,8001.088,6426.754
2024-06-04,6759.2,7214.63,6743.04,7140.47,633100,6713.944,7203.367,7663.237,48.509,-241.828,-234.493,-7.335,7203.367,7988.422,6418.312
2024-06-05,7047.29,7139.52,7000.7,7018.77,338000,6761.294,7181.309,7608.51,46.201,-218.736,-231.342,12.606,7181.309,7960.781,6401.836
2024-06-06,7161.39,7179.45,6845.72,6852.38,428600,6844.014,7143.8,7558.232,43.176,-211.425,-227.358,15.934,7143.8,7910.006,6377.593
2024-06-07,6852.38,7062.51,6851.43,7055.85,238300,6966.096,7124.974,7510.159,47.687,-187.056,-219.298,32.242,7124.974,7879.743,6370.204
2024-06-10,6913.23,6976.93,6804.84,6813.4,294900,6976.174,7090.983,7458.474,43.278,-185.172,-212.473,27.3,7090.983,7837.107,6344.858
2024-06-11,6806.74,6898.02,6722.12,6849.53,258000,6917.986,7057.61,7410.345,44.107,-178.704,-205.719,27.015,7057.61,7782.923,6332.296
2024-06-12,6769.66,6783.92,6657.47,6665.07,209400,6847.246,7022.288,7359.896,40.826,-186.315,-201.838,15.523,7022.288,7752.028,6292.547
2024-06-13,6910.38,7318.27,6902.77,7181.36,602800,6913.042,6994.905,7321.693,51.665,-148.969,-191.264,42.295,6994.905,7650.3,6339.51
2024-06-14,7224.14,7499.87,7173.75,7488.46,552900,6999.564,6995.047,7298.417,56.741,-93.514,-171.714,78.201,6995.047,7650.893,6339.202
2024-06-17,7631.08,7738.52,7525.54,7631.08,609500,7163.1,6999.706,7281.874,58.9,-37.623,-144.896,107.273,6999.706,7672.884,6326.529
2024-06-18,7770.85,7891.6,7739.47,7793.67,633900,7351.928,7013.208,7268.905,61.273,19.565,-112.004,131.569,7013.208,7739.376,6287.04
2024-06-19,7840.26,7997.14,7768.95,7871.63,522700,7593.24,7033.745,7262.61,62.394,70.366,-75.53,145.896,7033.745,7832.798,6234.692
2024-06-20,7802.22,7900.16,7716.65,7837.4,249500,7724.448,7068.924,7261.203,61.551,106.635,-39.097,145.732,7068.924,7944.788,6193.06
2024-06-21,7980.02,8109.33,7977.17,8053.23,562600,7837.402,7121.978,7261.507,64.78,151.053,-1.067,152.12,7121.978,8100.76,6143.196
2024-06-24,7989.53,8132.15,7944.84,8063.69,352100,7923.924,7184.398,7268.144,64.934,184.967,36.14,148.827,7184.398,8237.255,6131.54
2024-06-25,8034.22,8250.05,7986.68,8219.62,329100,8009.114,7248.243,7273.506,67.23,221.868,73.286,148.583,7248.243,8390.463,6106.023
2024-06-26,8290.93,8396.47,8226.28,8396.47,351700,8114.082,7328.966,7285.087,69.657,262.359,111.1,151.259,7328.966,8557.392,6100.539
2024-06-27,8576.17,8733.05,8548.6,8653.19,757200,8277.24,7439.686,7307.393,72.805,311.571,151.194,160.377,7439.686,8728.003,6151.369
2024-06-28,8735.91,8772.99,8397.42,8417.39,774000,8350.072,7538.284,7322.948,66.029,327.767,186.509,141.258,7538.284,8807.914,6268.653
2024-07-01,8449.72,8452.57,7952.45,8003.79,635000,8338.092,7600.322,7333.349,56.156,303.728,209.953,93.775,7600.322,8831.11,6369.535
2024-07-02,7961.01,8191.1,7945.79,8142.61,310700,8322.69,7650.43,7346.546,58.404,292.506,226.463,66.042,7650.43,8883.985,6416.874
2024-07-03,8176.84,8511.52,8076.05,8505.81,365800,8344.558,7724.782,7377.599,63.655,309.353,243.041,66.312,7724.782,8977.148,6472.415
2024-07-04,8641.78,8680.76,8552.4,8604.7,364300,8334.86,7812.397,7404.944,64.952,326.916,259.816,67.1,7812.397,9052.91,6571.885
2024-07-05,8547.65,8737.81,8512.47,8655.09,236300,8382.4,7892.36,7437.328,65.625,340.971,276.047,64.924,7892.36,9133.711,6651.008
2024-07-08,8670.3,8863.31,8560.96,8660.79,323400,8513.8,7984.729,7467.887,65.706,348.551,290.548,58.003,7984.729,9161.273,6808.185
2024-07-09,8670.3,8761.58,8608.5,8654.14,272200,8616.106,8074.96,7503.086,65.513,349.987,302.436,47.552,8074.96,9158.018,6991.901
2024-07-10,8567.62,8569.52,8382.21,8569.52,448300,8628.848,8170.182,7538.018,62.989,340.374,310.023,30.351,8170.182,9046.451,7293.913
2024-07-11,8557.16,8557.16,8379.36,8507.71,261400,8609.45,8236.5,7568.747,61.135,324.033,312.825,11.207,8236.5,8989.804,7483.195
2024-07-12,8562.86,8875.67,8543.84,8671.25,454200,8612.682,8295.639,7602.995,64.142,320.583,314.377,6.206,8295.639,8984.646,7606.632
2024-07-16,8811.97,8851.9,8595.19,8722.59,329400,8625.042,8350.214,7639.582,65.055,318.322,315.166,3.156,8350.214,8988.641,7711.788
2024-07-17,8722.59,8840.49,8614.2,8776.79,262600,8649.572,8399.37,7668.086,66.039,317.247,315.582,1.665,8399.37,9008.07,7790.671
2024-07-18,8709.28,8794.86,8450.67,8473.49,231900,8630.366,8429.464,7688.357,56.459,288.594,310.184,-21.59,8429.464,8985.543,7873.384
2024-07-19,8490.6,8685.51,8490.6,8624.66,230300,8653.756,8468.826,7708.799,59.605,274.916,303.131,-28.215,8468.826,8955.575,7982.078
2024-07-22,8624.66,8624.66,8313.75,8313.75,155000,8582.256,8481.852,7726.427,51.383,236.264,289.757,-53.493,8481.852,8934.523,8029.182
2024-07-23,8281.43,8424.04,8258.61,8352.74,139900,8508.286,8496.305,7743.617,52.272,206.399,273.086,-66.686,8496.305,8909.498,8083.112
2024-07-24,8309.95,8395.52,8245.3,8248.15,167500,8402.558,8497.732,7758.241,49.649,172.306,252.93,-80.624,8497.732,8907.081,8088.382
2024-07-25,8138.81,8145.46,7910.61,7984.78,245100,8304.816,8477.147,7770.506,43.702,122.621,226.868,-104.247,8477.147,8945.141,8009.153
2024-07-26,7950.55,8188.25,7950.55,7997.14,260600,8179.312,8444.344,7775.869,44.041,83.283,198.151,-114.868,8444.344,8950.773,7937.916
2024-07-29,8081.76,8318.51,7993.33,8311.85,207700,8178.932,8439.068,7792.393,51.966,76.618,173.844,-97.226,8439.068,8948.867,7929.268
2024-07-30,8106.48,8117.89,7912.52,8007.6,387000,8109.904,8439.258,7801.787,45.288,46.253,148.326,-102.073,8439.258,8948.375,7930.141
2024-07-31,7992.38,8087.46,7803.18,8052.28,239800,8070.73,8434.742,7812.36,46.378,25.499,123.761,-98.261,8434.742,8956.387,7913.096
2024-08-01,8052.28,8081.76,7752.78,7881.14,219000,8050.002,8403.508,7820.765,42.857,-4.703,98.068,-102.771,8403.508,8979.238,7827.778
2024-08-02,7644.39,7671.97,7245.06,7259.32,399200,7902.438,8336.239,7823.275,33.041,-77.916,62.871,-140.787,8336.239,9097.49,7574.988
2024-08-05,7326.83,7523.64,6932.25,7046.34,660900,7649.336,8255.802,7824.359,30.467,-151.379,20.021,-171.4,8255.802,9194.492,7317.111
2024-08-06,7689.08,7823.14,7439.97,7784.16,328700,7604.648,8211.97,7843.736,46.125,-148.353,-13.654,-134.699,8211.97,9152.901,7271.039
2024-08-07,7843.11,8048.48,7729.01,7883.04,370300,7570.8,8173.415,7862.543,47.821,-136.403,-38.204,-98.2,8173.415,9101.159,7245.671
2024-08-08,7882.09,8036.12,7787.96,7986.68,478300,7591.908,8144.273,7886.636,49.611,-117.219,-54.007,-63.212,8144.273,9056.108,7232.438
2024-08-09,7746.13,7746.13,7179.45,7344.89,775900,7609.022,8086.132,7904.758,40.373,-152.05,-73.615,-78.435,8086.132,9047.345,7124.919
2024-08-13,7332.53,7673.87,7208.93,7645.34,541800,7728.822,8034.836,7928.756,45.49,-153.639,-89.62,-64.019,8034.836,8973.815,7095.858
2024-08-14,7634.88,7748.03,7451.38,7748.03,359300,7721.596,7986.108,7948.457,47.159,-144.941,-100.684,-44.257,7986.108,8874.602,7097.615
2024-08-15,7738.52,7748.98,7435.22,7438.07,331400,7632.602,7919.173,7954.409,42.89,-161.201,-112.787,-48.413,7919.173,8757.128,7081.217
2024-08-16,7557.87,7889.7,7485.61,7889.7,424800,7613.206,7889.983,7971.827,49.994,-136.075,-117.445,-18.63,7889.983,8686.273,7093.693
2024-08-19,7777.5,7961.96,7588.3,7642.49,350400,7672.726,7840.875,7987.629,46.578,-134.56,-120.868,-13.692,7840.875,8564.191,7117.558
2024-08-20,7832.65,8316.61,7806.03,8301.39,412100,7803.936,7840.256,8012.54,55.336,-79.277,-112.55,33.273,7840.256,8561.891,7118.622
2024-08-21,8248.15,8426.9,8154.97,8212.02,359400,7896.734,7833.22,8040.513,54.042,-42.191,-98.478,56.287,7833.22,8536.322,7130.119
2024-08-22,8417.39,8842.39,8392.67,8764.43,583900,8162.006,7859.034,8078.811,60.233,31.414,-72.5,103.913,7859.034,8657.695,7060.374
2024-08-23,8737.81,9002.13,8733.05,8959.34,473800,8375.934,7907.762,8124.696,62.169,104.271,-37.146,141.417,7907.762,8845.532,6969.993
2024-08-26,9054.42,9102.91,8824.33,8932.72,419300,8633.98,7954.542,8159.723,61.727,158.041,1.892,156.15,7954.542,8998.419,6910.664
2024-08-27,8949.83,9016.39,8831.94,8946.03,237600,8762.908,7986.25,8188.875,61.873,199.43,41.399,158.03,7986.25,9111.207,6861.294
2024-08-28,9017.34,9024.0,8862.36,8937.47,202500,8907.998,8032.744,8215.002,61.71,228.901,78.9,150.001,8032.744,9235.582,6829.906
2024-08-29,8752.07,9017.34,8713.09,8890.89,210700,8933.29,8074.674,8236.947,60.772,245.667,112.253,133.414,8074.674,9337.358,6811.991
2024-08-30,8748.27,8912.75,8637.97,8693.12,458200,8880.046,8115.273,8253.377,56.821,240.226,137.848,102.378,8115.273,9403.709,6826.838
2024-09-02,8731.15,8794.85,8538.14,8560.01,315900,8805.504,8180.308,8267.829,54.264,222.608,154.8,67.808,8180.308,9417.1,6943.516
2024-09-03,8431.65,8744.46,8378.41,8714.04,271300,8759.106,8263.693,8281.045,56.693,218.554,167.551,51.004,8263.693,9399.315,7128.071
2024-09-04,8507.71,8809.12,8507.71,8618.96,246800,8695.404,8305.433,8292.15,54.76,205.303,175.101,30.202,8305.433,9428.136,7182.73
2024-09-05,8528.63,8720.69,8488.7,8528.63,214500,8622.952,8337.712,8298.331,52.914,185.376,177.156,8.22,8337.712,9446.316,7229.109
2024-09-06,8652.24,8664.6,8355.59,8439.26,209700,8572.18,8360.342,8299.186,51.08,160.521,173.829,-13.308,8360.342,9457.189,7263.494
2024-09-09,8176.84,8334.67,8076.05,8295.69,258600,8519.316,8407.882,8292.036,48.189,127.766,164.617,-36.85,8407.882,9396.495,7419.268
2024-09-10,8312.8,8449.72,8252.9,8398.37,166200,8456.182,8445.533,8291.656,50.353,108.839,153.461,-44.622,8445.533,9366.941,7524.125
2024-09-11,8355.59,8525.78,8270.02,8386.01,281100,8409.592,8477.432,8299.3,50.082,91.783,141.125,-49.342,8477.432,9339.424,7615.44
2024-09-12,8439.26,8670.3,8439.26,8619.91,228800,8427.848,8536.524,8308.846,55.018,96.033,132.107,-36.074,8536.524,9247.281,7825.767
2024-09-13,8658.89,8701.68,8377.46,8427.85,267800,8425.566,8563.432,8307.287,50.594,82.947,122.275,-39.328,8563.432,9208.825,7918.038
2024-09-17,8563.81,8720.69,8430.7,8668.4,363300,8500.108,8614.727,8308.561,55.428,90.939,116.008,-25.069,8614.727,9093.495,8135.959
2024-09-18,8799.61,8849.05,8418.34,8544.79,246200,8529.392,8626.897,8306.355,52.581,86.303,110.067,-23.764,8626.897,9084.014,8169.78
2024-09-19,8728.3,8838.59,8619.91,8769.18,251400,8606.026,8654.755,8308.523,56.908,99.588,107.971,-8.383,8654.755,9071.545,8237.965
2024-09-20,8842.39,8890.88,8775.84,8822.43,324800,8646.53,8657.655,8311.889,57.89,113.109,108.999,4.11,8657.655,9078.446,8236.864
2024-09-24,8802.46,8859.51,8722.59,8763.48,385000,8713.656,8647.862,8315.768,56.359,117.711,110.741,6.97,8647.862,9047.684,8248.04
2024-09-25,8680.76,8750.17,8572.37,8649.38,227200,8709.852,8633.695,8318.601,53.414,110.873,110.767,0.105,8633.695,9010.432,8256.958
2024-09-26,8684.56,8888.98,8651.28,8888.98,274600,8778.69,8630.842,8322.956,58.337,123.365,113.287,10.078,8630.842,8998.373,8263.312
2024-09-27,8787.81,8968.0,8734.81,8820.57,358300,8788.968,8624.998,8324.916,56.501,126.29,115.887,10.402,8624.998,8975.311,8274.684
2024-09-30,8575.82,8709.76,8471.76,8479.46,259500,8720.374,8604.426,8318.969,48.333,99.931,112.696,-12.765,8604.426,8936.861,8271.991
2024-10-01,8345.53,8429.36,8171.12,8314.69,361900,8630.616,8585.504,8315.793,44.952,64.996,103.156,-38.16,8585.504,8939.089,8231.92
2024-10-02,8228.93,8306.02,8073.8,8164.38,279100,8533.616,8565.723,8306.587,42.062,24.895,87.504,-62.609,8565.723,8966.44,8165.006
2024-10-03,8402.38,8484.28,8308.91,8448.63,286700,8445.546,8552.452,8309.285,48.77,15.868,73.177,-57.309,8552.452,8950.055,8154.85
2024-10-04,8469.83,8820.57,8469.83,8736.74,308500,8428.78,8558.342,8316.965,54.518,31.597,64.861,-33.263,8558.342,8963.508,8153.175
2024-10-07,8816.71,9147.22,8816.71,8990.16,364700,8530.92,8581.418,8331.805,58.888,63.777,64.644,-0.867,8581.418,9029.735,8133.101
2024-10-08,8891.87,8944.87,8681.81,8754.08,366200,8618.798,8597.159,8347.191,53.711,69.43,65.601,3.829,8597.159,9046.566,8147.752
2024-10-09,8845.62,8904.4,8750.23,8775.28,177700,8740.978,8621.138,8362.754,54.101,74.758,67.433,7.326,8621.138,9053.68,8188.597
2024-10-10,8775.28,8893.8,8712.65,8714.58,174900,8794.168,8636.949,8370.809,52.731,73.239,68.594,4.645,8636.949,9058.173,8215.725
2024-10-11,8851.4,9153.0,8809.01,9016.18,406700,8850.056,8668.458,8390.98,58.374,95.273,73.93,21.344,8668.458,9104.657,8232.258
2024-10-15,9160.71,9325.48,9089.41,9266.71,429300,8905.366,8700.798,8415.269,62.39,131.436,85.431,46.005,8700.798,9211.404,8190.191
2024-10-16,9153.0,9227.2,8933.31,8976.67,280200,8949.884,8728.238,8437.179,55.691,135.134,95.372,39.762,8728.238,9236.063,8220.414
2024-10-17,9019.07,9037.37,8773.35,8812.86,222400,8957.4,8735.462,8468.25,52.276,123.424,100.982,22.442,8735.462,9243.812,8227.111
2024-10-18,8909.22,9094.22,8789.73,8797.44,190900,8973.972,8748.094,8503.272,51.953,111.612,103.108,8.504,8748.094,9248.996,8247.192
2024-10-21,8941.98,8945.83,8747.34,8836.95,248100,8938.126,8751.483,8524.328,52.759,104.238,103.334,0.904,8751.483,9253.9,8249.065
2024-10-22,8800.33,8800.33,8453.45,8453.45,327300,8775.474,8733.034,8535.736,44.894,66.68,96.003,-29.323,8733.034,9251.329,8214.738
2024-10-23,8497.77,8502.59,8234.72,8306.02,230900,8641.344,8710.161,8542.123,42.285,24.734,81.75,-57.015,8710.161,9262.084,8158.237
2024-10-24,8161.48,8299.28,8100.78,8238.57,227200,8526.486,8689.62,8559.997,41.108,-13.792,62.641,-76.434,8689.62,9280.286,8098.954
2024-10-25,7959.13,8155.7,7814.6,8035.26,546000,8374.05,8646.934,8567.795,37.7,-60.038,38.105,-98.144,8646.934,9297.312,7996.556
2024-10-28,8111.38,8423.58,8111.38,8332.04,351000,8273.068,8622.508,8579.475,44.882,-71.912,16.102,-88.014,8622.508,9282.058,7962.957
2024-10-29,8431.28,8632.67,8384.07,8624.0,364900,8307.178,8629.734,8603.194,50.881,-57.105,1.461,-58.565,8629.734,9285.844,7973.625
2024-10-30,8768.54,8903.44,8570.04,8856.22,380800,8417.218,8656.811,8622.524,55.069,-26.328,-4.097,-22.231,8656.811,9302.796,8010.826
2024-10-31,8874.53,8961.25,8805.15,8890.91,298600,8547.686,8693.138,8647.493,55.677,0.852,-3.107,3.959,8693.138,9303.242,8083.033
2024-11-01,8607.62,8645.2,8420.69,8475.61,231100,8635.756,8694.486,8650.977,47.406,-10.992,-4.684,-6.308,8694.486,9302.43,8086.543
2024-11-05,8505.48,8769.5,8405.27,8769.5,230700,8723.248,8696.124,8662.127,52.755,3.297,-3.088,6.385,8696.124,9304.724,8087.525
2024-11-06,8821.53,8825.39,8604.73,8658.69,288500,8730.186,8679.551,8660.012,50.663,5.616,-1.347,6.963,8679.551,9272.282,8086.82
2024-11-07,8410.09,8583.53,8297.35,8463.08,361700,8651.558,8665.001,8650.087,47.111,-8.236,-2.725,-5.511,8665.001,9264.279,8065.723
2024-11-08,8570.04,8748.3,8493.92,8531.5,299000,8579.676,8652.812,8642.062,48.472,-13.536,-4.887,-8.649,8652.812,9252.563,8053.061
2024-11-11,8595.09,8660.62,8497.77,8527.64,288900,8590.082,8643.465,8633.694,48.396,-17.843,-7.478,-10.364,8643.465,9244.987,8041.943
2024-11-12,8635.56,8683.74,8317.58,8317.58,514800,8499.698,8608.535,8621.297,44.341,-37.77,-13.537,-24.234,8608.535,9199.977,8017.093
2024-11-13,7639.23,7718.24,7063.97,7281.74,1753000,8224.308,8509.286,8589.114,30.685,-135.584,-37.946,-97.638,8509.286,9275.927,7742.646
2024-11-14,7149.73,7152.62,6752.74,6786.46,1117200,7888.984,8399.776,8550.98,26.485,-250.183,-80.393,-169.789,8399.776,9456.243,7343.309
2024-11-15,6735.39,6828.86,6563.88,6704.56,865700,7523.596,8294.361,8513.871,25.855,-343.651,-133.045,-210.606,8294.361,9574.366,7014.356
2024-11-18,6550.39,6666.98,6482.94,6611.09,808600,7140.286,8185.044,8471.812,25.12,-420.42,-190.52,-229.9,8185.044,9644.947,6725.14
2024-11-19,6803.81,7184.42,6780.68,7142.02,988800,6905.174,8100.297,8442.274,36.208,-433.423,-239.101,-194.322,8100.297,9597.174,6603.42
2024-11-20,7431.09,7488.91,7197.91,7359.79,831500,6920.784,8045.614,8418.897,40.124,-421.299,-275.54,-145.759,8045.614,9567.861,6523.367
2024-11-21,7396.41,7434.95,7169.0,7289.45,443000,7021.382,7994.786,8395.901,39.285,-412.61,-302.954,-109.656,7994.786,9547.994,6441.577
2024-11-22,7352.08,7645.01,7309.68,7581.41,474800,7196.752,7961.928,8381.615,44.475,-377.811,-317.926,-59.885,7961.928,9521.214,6402.641
2024-11-25,7793.4,7901.32,7576.59,7576.59,776600,7389.852,7938.994,8365.179,44.408,-346.625,-323.665,-22.959,7938.994,9507.206,6370.782
2024-11-26,7572.74,7703.79,7354.97,7558.29,415900,7473.106,7900.307,8348.625,44.134,-319.701,-322.872,3.171,7900.307,9465.865,6334.748
2024-11-27,7488.91,7759.67,7422.42,7745.22,386700,7550.192,7856.367,8331.131,47.682,-280.052,-314.308,34.256,7856.367,9385.305,6327.43
2024-11-28,7822.31,7945.64,7710.53,7765.45,322200,7645.392,7801.829,8317.883,48.067,-244.182,-300.283,56.101,7801.829,9256.615,6347.043
2024-11-29,7694.15,7731.73,7597.79,7597.79,198800,7648.668,7737.173,8296.471,45.108,-226.672,-285.561,58.889,7737.173,9100.206,6374.14
2024-12-02,7607.43,7742.33,7579.48,7637.3,246300,7660.81,7695.258,8278.321,45.952,-207.217,-269.892,62.675,7695.258,9013.501,6377.014
2024-12-03,7613.21,7845.43,7544.8,7817.49,385100,7712.65,7647.657,8259.287,49.748,-175.24,-250.962,75.722,7647.657,8867.667,6427.647
2024-12-04,7901.32,8033.33,7853.14,8008.28,389900,7765.262,7615.137,8243.004,53.474,-132.969,-227.363,94.394,7615.137,8753.623,6476.65
2024-12-05,8008.28,8161.48,7973.59,8088.25,357900,7829.822,7596.395,8229.5,54.981,-91.957,-200.282,108.325,7596.395,8687.462,6505.328
2024-12-06,8055.49,8087.29,7889.76,7962.02,227600,7902.668,7567.921,8215.753,52.112,-68.846,-173.995,105.149,7567.921,8583.336,6552.506
2024-12-09,8045.85,8344.56,7997.68,8317.58,344400,8038.724,7557.418,8204.325,58.656,-21.591,-143.514,121.923,7557.418,8534.663,6580.173
2024-12-10,8316.62,8342.64,8203.88,8227.97,163900,8120.82,7552.938,8192.473,56.558,8.53,-113.105,121.635,7552.938,8516.23,6589.645
2024-12-11,8227.01,8260.73,8151.85,8219.3,189000,8163.024,7599.816,8187.269,56.348,31.34,-84.216,115.556,7599.816,8598.153,6601.478
2024-12-12,8412.01,8450.56,8287.71,8334.93,280700,8212.36,7677.239,8187.674,58.558,58.078,-55.757,113.835,7677.239,8649.83,6704.648
2024-12-13,8274.22,8415.87,8261.7,8296.38,248100,8279.232,7756.83,8190.314,57.513,75.289,-29.548,104.837,7756.83,8651.695,6861.965
2024-12-16,8287.71,8335.89,8154.74,8185.57,208200,8252.83,7835.554,8185.053,54.501,79.077,-7.823,86.9,7835.554,8568.374,7102.734
2024-12-17,8132.58,8269.4,8090.18,8200.03,215400,8247.242,7888.454,8174.319,54.834,82.296,10.201,72.095,7888.454,8560.725,7216.184
2024-12-18,7910.95,7954.32,7833.87,7870.48,392000,8177.478,7913.989,8151.925,46.497,57.592,19.679,37.913,7913.989,8538.834,7289.144
2024-12-19,7654.64,7796.29,7627.66,7723.06,418200,8055.104,7935.669,8131.305,43.324,25.82,20.907,4.913,7935.669,8496.036,7375.303
2024-12-20,7660.42,7862.78,7573.7,7690.3,274800,7933.888,7941.114,8109.605,42.628,-1.979,16.33,-18.309,7941.114,8488.964,7393.264
2024-12-23,7787.62,7957.21,7764.49,7882.05,214700,7873.184,7956.387,8092.955,47.905,-8.441,11.376,-19.817,7956.387,8477.845,7434.929
2024-12-24,7849.29,7901.32,7710.53,7755.82,146400,7784.342,7966.263,8067.747,44.972,-23.477,4.405,-27.882,7966.263,8462.864,7469.663
2024-12-25,7783.76,7810.74,7566.96,7652.72,125800,7740.79,7961.638,8035.468,42.674,-43.214,-5.119,-38.096,7961.638,8468.523,7454.754
2024-12-26,7612.25,7687.4,7544.8,7648.86,189300,7725.95,7955.809,8008.911,42.587,-58.493,-15.794,-42.7,7955.809,8474.733,7436.885
2024-12-27,7608.39,7814.6,7608.39,7711.49,176600,7730.188,7961.494,7986.884,44.578,-64.801,-25.595,-39.206,7961.494,8466.199,7456.789
2024-12-30,7711.49,7765.45,7656.57,7680.66,150800,7689.91,7963.662,7964.548,43.773,-71.465,-34.769,-36.696,7963.662,8462.846,7464.478
2025-01-06,7728.84,7780.87,7427.24,7427.24,279800,7624.194,7944.15,7936.354,37.742,-96.086,-47.032,-49.054,7944.15,8495.205,7393.094
2025-01-07,7534.2,7540.94,7323.17,7336.66,400200,7560.982,7910.568,7914.018,35.841,-121.508,-61.928,-59.58,7910.568,8523.546,7297.591
2025-01-08,7231.63,7443.62,7195.02,7373.28,556200,7505.866,7874.82,7895.364,37.218,-137.119,-76.966,-60.153,7874.82,8526.348,7223.292
2025-01-09,7373.28,7496.62,7324.14,7462.89,245300,7456.146,7849.863,7879.85,40.578,-140.639,-89.7,-50.938,7849.863,8525.133,7174.594
2025-01-10,7506.25,7591.05,7407.97,7487.94,305200,7417.602,7808.382,7868.904,41.52,-139.795,-99.719,-40.076,7808.382,8464.328,7152.435
2025-01-14,7343.41,7409.9,7227.78,7313.54,256200,7394.862,7762.66,7848.534,37.109,-151.454,-110.066,-41.388,7762.66,8422.926,7102.394
2025-01-15,7313.54,7416.64,7236.45,7271.14,201700,7381.758,7715.252,7821.476,36.104,-162.244,-120.502,-41.743,7715.252,8373.621,7056.883
2025-01-16,7496.62,7572.74,7360.75,7403.15,223500,7387.732,7668.663,7792.415,41.42,-158.319,-128.065,-30.254,7668.663,8271.967,7065.359
2025-01-17,7423.39,7450.37,7323.17,7371.35,258200,7369.424,7622.411,7762.024,40.545,-155.976,-133.647,-22.328,7622.411,8161.507,7083.316
2025-01-20,7429.17,7655.61,7414.71,7555.4,243900,7382.916,7590.903,7743.62,47.463,-137.681,-134.454,-3.227,7590.903,8060.607,7121.199
2025-01-21,7627.66,7647.9,7468.67,7587.19,276600,7437.646,7560.261,7719.973,48.576,-119.242,-131.412,12.17,7560.261,7932.496,7188.026
2025-01-22,7640.19,7670.06,7422.42,7463.86,320700,7476.19,7539.93,7696.077,44.626,-113.275,-127.784,14.509,7539.93,7884.189,7195.671
2025-01-23,7429.17,7555.39,7240.31,7514.92,426500,7498.544,7529.523,7677.114,46.564,-103.236,-122.875,19.639,7529.523,7862.884,7196.162
2025-01-24,7585.27,7794.36,7555.39,7690.3,326300,7562.334,7529.523,7660.29,52.687,-80.203,-114.34,34.137,7529.523,7862.884,7196.162
2025-01-27,7680.66,7776.05,7612.25,7715.35,219100,7594.324,7521.188,7644.044,53.506,-59.246,-103.321,44.075,7521.188,7824.41,7217.966
2025-01-28,7753.89,7997.68,7716.31,7896.5,304900,7656.186,7528.222,7635.622,59.032,-27.7,-88.197,60.497,7528.222,7859.583,7196.861
2025-01-29,7977.44,8061.27,7913.84,7939.86,228000,7751.386,7542.579,7648.785,60.25,0.789,-70.4,71.189,7542.579,7918.534,7166.624
2025-01-30,7806.89,8016.95,7806.89,7983.22,159700,7845.046,7559.297,7672.72,61.483,26.56,-51.008,77.568,7559.297,7981.983,7136.611
2025-01-31,7992.86,7993.82,7904.21,7944.68,127900,7895.922,7570.956,7697.522,59.71,43.374,-32.131,75.506,7570.956,8023.154,7118.759
2025-02-03,7804.96,7804.96,7634.41,7683.55,266200,7889.562,7571.101,7718.971,49.33,35.222,-18.661,53.883,7571.101,8023.448,7118.754
2025-02-04,7812.67,7844.47,7680.66,7695.11,199100,7849.284,7584.494,7730.033,49.747,29.356,-9.057,38.414,7584.494,8034.764,7134.225
2025-02-05,7735.58,7903.25,7720.17,7902.28,185500,7841.768,7612.775,7740.883,56.627,40.952,0.945,40.008,7612.775,8068.522,7157.029
2025-02-06,7905.17,8167.27,7894.57,8104.63,222100,7866.05,7649.343,7757.187,62.087,65.712,13.898,51.814,7649.343,8140.189,7158.497
2025-02-07,8104.63,8322.4,8049.71,8204.84,375500,7918.082,7686.44,7769.655,64.473,92.357,29.59,62.767,7686.44,8227.532,7145.349
2025-02-10,8245.32,8435.14,8215.44,8383.11,263900,8057.994,7731.199,7785.786,68.294,126.4,48.952,77.448,7731.199,8346.202,7116.196
2025-02-12,8334.93,8571.0,8334.93,8530.53,487100,8225.078,7792.048,7805.23,71.066,163.392,71.84,91.552,7792.048,8470.595,7113.502
2025-02-13,8431.29,8488.14,7930.23,7982.26,667700,8241.074,7827.605,7809.971,52.636,146.776,86.827,59.949,7827.605,8464.467,7190.742
2025-02-14,8045.86,8232.79,7943.72,8146.07,392900,8249.362,7864.75,7817.584,56.284,145.152,98.492,46.66,7864.75,8483.788,7245.713
2025-02-17,8053.56,8256.88,7751.96,7751.96,436200,8158.786,7883.781,7820.667,46.921,110.786,100.951,9.836,7883.781,8460.937,7306.625
2025-02-18,7708.6,7899.39,7697.04,7719.2,289000,8026.004,7891.971,7822.305,46.233,79.986,96.758,-16.772,7891.971,8453.956,7329.986
2025-02-19,7661.39,7843.5,7650.79,7805.92,239400,7881.082,7902.908,7822.074,48.391,61.861,89.779,-27.917,7902.908,8448.184,7357.631
2025-02-20,7728.84,7784.73,7671.02,7707.64,245900,7826.158,7915.096,7816.061,46.131,39.116,79.646,-40.53,7915.096,8429.048,7401.145
2025-02-21,7650.79,7830.01,7619.95,7785.69,341200,7754.082,7928.635,7810.01,48.2,27.076,69.132,-42.056,7928.635,8411.529,7445.741
2025-02-25,7496.62,7578.52,7409.89,7451.33,514500,7693.956,7916.687,7799.796,40.944,-9.338,53.438,-62.776,7916.687,8434.942,7398.431
2025-02-26,7487.94,7629.59,7419.53,7610.32,373700,7672.18,7911.435,7785.651,45.171,-25.079,37.735,-62.813,7911.435,8440.3,7382.57
2025-02-27,7718.24,7755.82,7556.36,7600.68,249000,7631.132,7896.644,7773.105,44.961,-37.894,22.609,-60.503,7896.644,8443.509,7349.779
2025-02-28,7536.12,7606.46,7130.46,7208.51,411700,7531.306,7860.076,7752.889,37.349,-78.787,2.33,-81.117,7860.076,8486.756,7233.397
2025-03-03,7265.36,7334.74,7186.35,7308.72,269500,7435.912,7826.352,7732.365,40.138,-101.934,-18.523,-83.411,7826.352,8496.236,7156.467
2025-03-04,7226.82,7281.74,7108.3,7222.96,214500,7390.238,7790.265,7710.896,38.556,-125.748,-39.968,-85.78,7790.265,8509.267,7071.264
2025-03-05,7232.6,7259.58,7102.51,7207.54,321500,7309.682,7766.465,7691.336,38.264,-144.203,-60.815,-83.388,7766.465,8530.447,7002.483
2025-03-06,7352.08,7504.33,7333.77,7344.37,184000,7258.42,7748.928,7674.223,42.43,-146.104,-77.873,-68.231,7748.928,8535.573,6962.283
2025-03-07,7174.78,7230.67,7052.41,7052.41,268600,7227.2,7706.434,7657.861,36.734,-169.218,-96.142,-73.076,7706.434,8548.094,6864.775
2025-03-10,7053.37,7176.71,7022.54,7144.91,190200,7194.438,7658.448,7646.298,39.505,-178.021,-112.518,-65.503,7658.448,8513.84,6803.057
2025-03-11,7000.38,7227.78,6998.45,7209.47,326000,7191.74,7608.68,7636.682,41.433,-177.738,-125.562,-52.176,7608.68,8445.849,6771.511
2025-03-12,7207.54,7534.2,7206.58,7458.07,401600,7241.846,7562.428,7628.202,48.27,-155.66,-131.581,-24.079,7562.428,8317.649,6807.207
2025-03-13,7544.8,7567.92,7361.72,7361.72,280800,7245.316,7503.988,7620.32,46.028,-144.274,-134.12,-10.154,7503.988,8109.917,6898.058
2025-03-14,7301.01,7483.13,7301.01,7375.21,245000,7309.876,7473.635,7614.77,46.403,-132.634,-133.823,1.189,7473.635,8038.087,6909.183
2025-03-17,7416.64,7540.94,7380.99,7486.98,228200,7378.29,7440.68,7611.532,49.536,-113.086,-129.675,16.589,7440.68,7908.524,6972.837
2025-03-18,7582.38,7694.15,7538.05,7542.87,204200,7444.97,7430.226,7608.16,51.076,-92.024,-122.145,30.121,7430.226,7877.682,6982.77
2025-03-19,7491.8,7565.03,7460.96,7481.2,137400,7449.596,7418.326,7604.171,49.288,-79.393,-113.595,34.202,7418.326,7845.628,6991.024
2025-03-21,7625.74,7768.35,7545.76,7700.9,275600,7517.432,7413.075,7609.644,55.29,-51.066,-101.089,50.023,7413.075,7822.531,7003.619
2025-03-24,7625.74,7727.87,7414.71,7414.71,298600,7525.332,7398.428,7611.205,47.417,-51.12,-91.095,39.975,7398.428,7783.765,7013.092
2025-03-25,7468.67,7567.92,7438.8,7525.52,201700,7533.04,7385.42,7614.25,50.364,-41.741,-81.224,39.483,7385.42,7731.251,7039.589
2025-03-26,7670.06,7822.31,7637.3,7713.42,330000,7567.15,7398.524,7619.26,54.973,-18.928,-68.765,49.837,7398.524,7773.506,7023.543
2025-03-27,7696.08,7795.33,7687.4,7783.76,255400,7627.662,7407.197,7625.177,56.597,4.773,-54.058,58.83,7407.197,7809.805,7004.588
2025-03-28,7821.34,7826.16,7651.75,7692.22,177400,7625.926,7411.774,7632.75,53.873,15.985,-40.049,56.034,7411.774,7825.57,6997.977
2025-03-31,7473.49,7702.82,7438.8,7635.37,378000,7670.058,7433.117,7640.035,52.193,20.052,-28.029,48.081,7433.117,7846.803,7019.43
2025-04-01,7635.37,7804.0,7591.05,7726.91,257800,7710.336,7454.026,7646.51,54.646,30.312,-16.361,46.673,7454.026,7883.222,7024.83
2025-04-02,7813.63,7813.63,7572.74,7586.23,197600,7684.898,7472.189,7650.808,50.369,26.783,-7.732,34.515,7472.189,7890.83,7053.549
2025-04-03,7362.68,7656.57,7362.68,7579.48,294600,7644.042,7490.786,7651.289,50.166,23.175,-1.551,24.725,7490.786,7892.634,7088.939
2025-04-04,7586.23,7932.15,7584.3,7720.17,437500,7649.632,7509.576,7653.949,54.298,31.306,5.021,26.286,7509.576,7917.693,7101.46
2025-04-07,7286.56,7516.85,7147.8,7226.82,515100,7567.922,7518.297,7649.208,41.35,-2.035,3.61,-5.645,7518.297,7891.219,7145.375
2025-04-08,7371.35,7555.39,7346.3,7357.86,412000,7494.112,7528.945,7646.067,45.095,-17.68,-0.648,-17.032,7528.945,7867.561,7190.328
2025-04-09,7320.28,7371.35,7020.61,7193.09,323000,7415.484,7528.126,7636.123,41.507,-42.881,-9.095,-33.786,7528.126,7870.058,7186.193
2025-04-10,7723.06,8043.93,7652.72,8043.93,419800,7508.374,7557.418,7642.694,59.452,5.737,-6.128,11.866,7557.418,7967.642,7147.195
2025-04-11,7848.32,7917.7,7672.95,7917.7,483900,7547.88,7585.218,7643.118,56.674,33.693,1.836,31.857,7585.218,8014.512,7155.923
2025-04-14,8043.93,8134.5,7970.7,8073.8,295200,7717.276,7620.147,7645.797,59.212,67.664,15.002,52.663,7620.147,8089.324,7150.97
2025-04-15,8218.34,8250.13,8143.18,8238.57,198800,7893.418,7657.726,7650.904,61.759,106.653,33.332,73.321,7657.726,8197.136,7118.317
2025-04-16,8332.04,8609.55,8258.8,8606.66,415800,8176.132,7710.916,7664.144,66.753,165.348,59.735,105.613,7710.916,8393.446,7028.386
2025-04-17,8462.12,8597.98,8375.4,8533.42,482400,8274.03,7763.527,7681.141,64.936,203.607,88.509,115.097,7763.527,8528.711,6998.343
2025-04-18,8604.73,8613.4,8401.41,8593.17,305500,8409.124,7808.14,7699.102,65.755,236.028,118.013,118.015,7808.14,8657.38,6958.901
2025-04-21,8574.86,8774.32,8475.61,8774.32,193200,8549.228,7876.121,7716.543,68.181,273.19,149.048,124.141,7876.121,8806.545,6945.697
2025-04-22,8791.66,8806.12,8498.73,8573.89,250600,8616.292,7928.54,7725.928,62.873,283.203,175.879,107.324,7928.54,8893.29,6963.789
2025-04-23,8749.26,8749.26,8445.74,8491.03,272500,8593.166,7967.42,7731.652,60.766,281.211,196.946,84.266,7967.42,8957.998,6976.842
2025-04-24,8498.74,8557.51,8337.82,8386.0,283800,8563.682,7997.532,7731.71,58.109,268.068,211.17,56.897,7997.532,9001.132,6993.932
2025-04-25,8384.07,8541.13,8288.68,8415.87,260900,8528.222,8033.714,7729.417,58.663,257.098,220.356,36.742,8033.714,9043.13,7024.299
2025-04-28,8498.74,8749.26,8484.28,8701.09,985700,8513.576,8087.0,7743.793,63.609,268.326,229.95,38.376,8087.0,9120.114,7053.887
2025-04-30,8700.12,8806.12,8585.46,8624.0,252300,8523.598,8131.855,7753.352,61.468,267.915,237.543,30.372,8131.855,9176.969,7086.741
2025-05-01,8581.6,8629.78,8508.37,8611.47,137500,8547.686,8183.117,7770.542,61.108,263.541,242.742,20.798,8183.117,9216.051,7150.183
2025-05-02,8611.47,8787.81,8598.95,8692.41,212000,8608.968,8238.763,7790.006,62.63,263.567,246.907,16.66,8238.763,9254.544,7222.983
2025-05-07,8720.36,8804.19,8643.27,8717.47,195900,8669.288,8288.629,7808.237,63.112,262.583,250.042,12.541,8288.629,9295.09,7282.167
2025-05-08,8729.99,8836.95,8688.56,8817.68,196300,8692.606,8368.172,7830.438,65.051,266.813,253.397,13.417,8368.172,9267.001,7469.342
2025-05-09,8820.57,8899.58,8765.65,8833.1,225600,8734.426,8441.934,7851.386,65.353,268.318,256.381,11.937,8441.934,9226.537,7657.33
2025-05-12,8890.91,9008.47,8850.44,8861.04,209000,8784.34,8525.331,7879.58,65.927,268.667,258.838,9.829,8525.331,9068.431,7982.231
2025-05-13,8869.71,8975.7,8863.93,8913.07,211800,8828.472,8568.788,7905.635,67.023,270.03,261.076,8.953,8568.788,9088.277,8049.299
2025-05-14,8768.54,8843.7,8619.18,8755.05,275700,8835.988,8610.655,7928.723,60.643,255.414,259.944,-4.53,8610.655,9035.563,8185.748
2025-05-15,8337.82,8447.67,8016.95,8084.4,547000,8689.332,8611.186,7946.241,42.258,187.554,245.466,-57.912,8611.186,9033.291,8189.08
2025-05-16,8065.13,8151.85,7955.28,8128.72,420800,8548.456,8605.693,7962.641,43.477,135.785,223.53,-87.745,8605.693,9050.463,8160.923
2025-05-19,8101.74,8254.95,8000.57,8172.08,220700,8410.664,8583.964,7981.623,44.708,97.137,198.251,-101.114,8583.964,9069.161,8098.767
2025-05-20,8112.34,8216.41,8068.02,8105.6,273400,8249.17,8562.573,7999.584,43.157,60.447,170.69,-110.244,8562.573,9092.787,8032.359
2025-05-21,8121.01,8149.92,7940.83,7958.17,326200,8089.794,8530.823,8011.86,39.854,19.251,140.402,-121.151,8530.823,9125.458,7936.188
2025-05-22,7958.17,8057.42,7904.21,7944.68,226700,8061.85,8489.341,8029.706,39.556,-14.32,109.458,-123.778,8489.341,9126.673,7852.009
2025-05-23,7970.7,8118.12,7950.46,8085.36,179200,8053.178,8464.914,8048.515,44.242,-29.237,81.719,-110.956,8464.914,9125.621,7804.208
2025-05-26,8146.07,8349.38,8118.12,8327.22,236400,8084.206,8456.724,8070.87,51.242,-21.297,61.116,-82.413,8456.724,9120.123,7793.325
2025-05-27,8330.11,8355.16,8293.49,8297.35,89900,8122.556,8452.292,8087.655,50.4,-17.216,45.449,-62.666,8452.292,9118.858,7785.725
2025-05-28,8377.32,8397.56,8211.59,8211.59,152700,8173.24,8442.078,8104.653,47.965,-20.664,32.227,-52.891,8442.078,9117.199,7766.956
2025-05-29,8330.11,8350.34,8256.88,8344.56,115200,8253.216,8424.251,8124.04,51.85,-12.523,23.277,-35.799,8424.251,9089.33,7759.172
2025-05-30,8359.98,8616.29,8359.02,8531.5,290200,8342.444,8419.626,8144.93,56.74,8.911,20.404,-11.492,8419.626,9080.127,7759.125
2025-06-02,8525.72,8670.25,8525.72,8650.98,172500,8407.196,8421.602,8167.092,59.566,35.134,23.35,11.784,8421.602,9084.749,7758.454
2025-06-03,8747.34,8841.77,8672.18,8742.52,236400,8496.23,8424.107,8192.319,61.634,62.58,31.196,31.385,8424.107,9091.925,7756.289
2025-06-04,8821.53,8980.52,8805.15,8932.34,196800,8640.38,8434.85,8216.947,65.567,98.513,44.659,53.854,8434.85,9128.937,7740.764
2025-06-05,8997.87,9050.86,8960.29,8989.2,188700,8769.308,8443.426,8248.437,66.67,130.079,61.743,68.336,8443.426,9161.261,7725.592
2025-06-06,8975.71,9020.03,8779.14,8824.42,203900,8827.892,8442.992,8274.415,60.614,140.183,77.431,62.752,8442.992,9159.845,7726.14
2025-06-09,8886.09,8937.16,8773.35,8897.66,185600,8877.228,8444.824,8298.1,62.255,152.344,92.414,59.93,8444.824,9166.344,7723.303
2025-06-10,8949.69,8949.69,8827.32,8874.53,142100,8903.63,8442.896,8319.915,61.385,158.291,105.589,52.702,8442.896,9159.339,7726.454
2025-06-11,9033.52,9137.59,8928.49,9127.95,159100,8942.752,8461.542,8348.63,66.85,181.362,120.744,60.618,8461.542,9229.729,7693.354
2025-06-12,9202.14,9246.47,8951.62,8984.38,194700,8941.788,8506.54,8375.61,61.537,185.918,133.779,52.139,8506.54,9287.048,7726.033
2025-06-13,8946.8,9005.58,8576.78,8708.79,259800,8918.662,8535.544,8395.248,52.852,165.384,140.1,25.284,8535.544,9299.88,7771.208
2025-06-16,8576.79,8641.35,8510.3,8562.33,166900,8851.596,8555.056,8414.77,48.902,135.728,139.225,-3.497,8555.056,9300.003,7810.11
2025-06-17,8562.33,8712.65,8544.02,8625.93,161900,8801.876,8581.073,8435.699,50.628,116.02,134.584,-18.564,8581.073,9295.653,7866.493
2025-06-18,8701.09,8783.95,8680.85,8754.08,129300,8727.102,8620.868,8456.377,53.999,109.481,129.564,-20.083,8620.868,9275.522,7966.215
2025-06-19,8784.92,8825.39,8653.87,8672.18,119200,8664.662,8657.244,8485.284,51.575,96.576,122.966,-26.39,8657.244,9229.341,8085.146
2025-06-20,8659.65,8686.63,8564.26,8604.73,268300,8643.85,8683.212,8510.222,49.601,79.984,114.37,-34.386,8683.212,9189.358,8177.066
2025-06-23,8534.39,8631.71,8510.3,8597.98,113800,8650.98,8696.75,8538.319,49.397,65.534,104.603,-39.068,8696.75,9176.606,8216.894
2025-06-24,8864.89,9019.07,8762.75,8987.27,193800,8723.248,8731.246,8557.186,59.685,84.521,100.586,-16.065,8731.246,9188.889,8273.603
2025-06-25,9096.15,9111.57,8898.62,9020.99,237000,8776.63,8771.716,8579.252,60.435,101.124,100.694,0.43,8771.716,9175.899,8367.533
2025-06-26,9023.88,9081.7,8823.46,8920.78,423800,8826.35,8800.527,8596.192,57.038,104.985,101.552,3.433,8800.527,9155.68,8445.374
2025-06-27,9065.32,9153.0,9019.07,9088.44,151100,8923.092,8828.374,8613.189,60.989,120.189,105.279,14.909,8828.374,9182.044,8474.704
2025-06-30,9085.55,9095.19,8904.4,9000.76,208600,9003.648,8845.863,8621.071,57.986,123.736,108.971,14.765,8845.863,9197.184,8494.542
2025-07-01,8856.22,8966.07,8790.7,8868.75,202300,8979.944,8852.174,8627.778,53.698,114.575,110.092,4.483,8852.174,9200.198,8504.151
2025-07-02,8941.02,8941.02,8740.59,8770.46,224300,8929.838,8844.08,8631.323,50.692,98.25,107.723,-9.473,8844.08,9191.783,8496.378
2025-07-03,8697.23,8782.99,8526.68,8569.08,191400,8859.498,8823.074,8627.219,45.12,68.276,99.834,-31.557,8823.074,9184.36,8461.789
2025-07-04,8564.26,8591.24,8485.25,8511.26,159000,8744.062,8807.417,8625.966,43.636,39.402,87.748,-48.345,8807.417,9194.667,8420.166
2025-07-07,8512.23,8641.35,8490.06,8568.11,154700,8657.532,8790.939,8627.508,45.532,20.866,74.371,-53.505,8790.939,9189.89,8391.988
2025-07-08,8592.2,8606.66,8402.38,8437.07,286500,8571.196,8769.066,8628.529,42.023,-4.348,58.627,-62.975,8769.066,9195.727,8342.405
2025-07-09,8492.95,8502.59,8257.84,8403.34,366600,8497.772,8732.836,8628.278,41.144,-26.744,41.553,-68.297,8732.836,9154.21,8311.461
2025-07-10,8404.3,8512.23,8319.51,8379.25,238300,8459.806,8702.579,8621.842,40.493,-45.907,24.061,-69.968,8702.579,9134.668,8270.49
2025-07-11,8571.0,8736.74,8441.88,8441.88,312600,8445.93,8689.234,8618.199,43.019,-55.402,8.169,-63.57,8689.234,9136.728,8241.739
2025-07-14,8309.87,8309.87,8149.92,8161.48,250400,8364.604,8669.191,8609.199,35.711,-84.577,-10.381,-74.197,8669.191,9172.983,8165.399
2025-07-15,8283.86,8296.38,8179.79,8250.13,254300,8327.216,8650.401,8600.354,39.226,-99.4,-28.184,-71.216,8650.401,9187.892,8112.91
2025-07-16,8250.13,8262.66,8147.03,8169.19,328500,8280.386,8621.157,8589.388,37.225,-116.337,-45.815,-70.522,8621.157,9197.162,8045.151
2025-07-17,8190.39,8396.6,8134.5,8369.62,309700,8278.46,8606.028,8580.427,44.743,-112.293,-59.111,-53.182,8606.028,9192.195,8019.862
2025-07-18,8432.25,8434.18,8220.26,8286.75,256100,8247.434,8590.13,8569.5,42.478,-114.455,-70.179,-44.276,8590.13,9193.443,7986.816
2025-07-22,8304.09,8404.3,8273.26,8304.09,188000,8275.956,8575.435,8558.361,43.126,-113.461,-78.836,-34.626,8575.435,9192.112,7958.758
2025-07-23,8334.93,8393.71,8286.75,8343.6,250500,8294.65,8543.252,8546.972,44.658,-108.238,-84.716,-23.522,8543.252,9136.157,7950.346
2025-07-24,8406.23,8455.37,8285.79,8302.17,295900,8321.246,8507.311,8537.914,43.34,-106.217,-89.017,-17.201,8507.311,9064.343,7950.278
2025-07-25,8286.75,8344.56,8211.59,8211.59,197000,8289.64,8471.851,8540.458,40.524,-110.649,-93.343,-17.306,8471.851,9007.958,7935.744
2025-07-28,8185.57,8245.31,8122.94,8211.59,164500,8274.608,8428.008,8542.115,40.524,-112.861,-97.247,-15.614,8428.008,8890.111,7965.906
2025-07-29,8154.74,8187.5,8060.31,8095.96,168200,8232.982,8382.768,8540.593,36.967,-122.531,-102.304,-20.228,8382.768,8781.606,7983.931
2025-07-30,8095.96,8166.3,8077.65,8136.43,152700,8191.548,8346.152,8541.209,38.986,-125.483,-106.94,-18.544,8346.152,8687.444,8004.861
2025-07-31,8156.67,8252.06,8105.6,8211.59,139100,8173.432,8318.209,8546.278,42.658,-120.37,-109.626,-10.745,8318.209,8599.459,8036.959
2025-08-01,8180.76,8322.4,8162.45,8289.64,159900,8189.042,8304.237,8553.177,46.274,-108.766,-109.454,0.687,8304.237,8559.583,8048.891
2025-08-04,8145.1,8212.55,8084.4,8180.76,152300,8182.876,8287.712,8555.085,42.269,-107.121,-108.987,1.866,8287.712,8529.039,8046.385
2025-08-05,8253.02,8358.05,8184.61,8193.28,162700,8202.34,8268.97,8552.406,42.882,-103.613,-107.912,4.3,8268.97,8474.117,8063.824
2025-08-06,8142.21,8219.3,8006.35,8006.35,219100,8176.324,8247.434,8546.586,36.636,-114.595,-109.249,-5.346,8247.434,8468.122,8026.747
2025-08-07,7985.15,8127.76,7937.93,8117.16,304500,8157.438,8233.126,8544.698,42.026,-113.054,-110.01,-3.044,8233.126,8448.292,8017.959
2025-08-08,8190.39,8358.05,8156.67,8227.97,257600,8145.104,8225.562,8542.366,46.892,-101.718,-108.352,6.633,8225.562,8429.439,8021.684
2025-08-12,7938.9,8022.73,7721.13,7924.44,821600,8093.84,8199.689,8530.225,37.586,-115.891,-109.86,-6.032,8199.689,8418.746,7980.633
2025-08-13,7923.48,7947.57,7807.85,7901.32,432100,8035.448,8186.682,8515.231,36.984,-127.519,-113.391,-14.128,8186.682,8443.017,7930.346
2025-08-14,7843.5,7914.81,7804.0,7886.87,443900,8011.552,8168.518,8498.118,36.59,-136.329,-117.979,-18.35,8168.518,8455.564,7881.473
2025-08-15,7867.59,7939.86,7845.43,7850.25,234800,7958.17,8152.572,8476.477,35.555,-144.599,-123.303,-21.296,8152.572,8472.961,7832.182
2025-08-18,7880.12,8045.86,7866.63,8021.77,284700,7916.93,8135.179,8457.128,43.602,-135.747,-125.792,-9.956,8135.179,8443.496,7826.862
2025-08-19,8021.77,8110.41,7995.75,8076.69,286000,7947.38,8124.676,8442.173,45.93,-122.885,-125.21,2.326,8124.676,8425.473,7823.879
2025-08-20,8077.65,8115.23,7939.86,8052.6,190400,7977.636,8112.102,8425.272,45.051,-113.328,-122.834,9.506,8112.102,8402.153,7822.05
2025-08-21,8052.6,8068.98,7978.4,8028.51,106000,8005.964,8096.347,8408.352,44.142,-106.471,-119.561,13.09,8096.347,8367.038,7825.656
2025-08-22,7963.95,7967.81,7854.1,7914.81,206800,8018.876,8076.979,8384.089,40.035,-108.956,-117.44,8.484,8076.979,8341.012,7812.946
2025-08-25,7944.68,8103.67,7919.63,8042.0,260800,8022.922,8068.5,8365.241,46.079,-99.515,-113.855,14.341,8068.5,8325.119,7811.88
2025-08-26,7978.4,8051.64,7963.95,7963.95,232600,8000.374,8056.118,8350.345,43.201,-97.21,-110.526,13.316,8056.118,8307.511,7804.724
2025-08-27,8070.91,8218.34,8070.91,8181.72,267900,8026.198,8060.406,8342.732,52.175,-76.924,-103.806,26.882,8060.406,8317.521,7803.29
2025-08-28,8185.57,8255.92,8077.65,8255.92,290700,8071.68,8066.38,8335.332,54.796,-54.235,-93.892,39.657,8066.38,8336.174,7796.586
2025-08-29,8266.51,8350.34,8186.54,8186.54,242600,8126.026,8065.128,8323.981,51.93,-41.375,-83.388,42.013,8065.128,8332.303,7797.952
2025-09-01,8186.54,8296.38,8118.12,8176.9,131900,8153.006,8059.49,8314.076,51.527,-31.597,-73.03,41.433,8059.49,8311.021,7807.96
2025-09-02,8176.9,8231.83,8015.98,8015.98,214900,8163.412,8051.252,8302.301,45.216,-36.414,-65.707,29.293,8051.252,8296.78,7805.723
2025-09-03,7967.81,8013.09,7890.72,7944.68,299000,8116.004,8038.822,8289.235,42.72,-45.46,-61.657,16.198,8038.822,8279.192,7798.451
2025-09-04,7949.5,8022.73,7889.76,7971.66,175600,8059.152,8037.087,8268.923,43.98,-49.877,-59.301,9.424,8037.087,8278.94,7795.234
2025-09-05,7997.68,8054.53,7962.99,8006.35,165400,8023.114,8031.546,8248.63,45.637,-50.002,-57.441,7.44,8031.546,8270.738,7792.355
2025-09-08,8003.46,8089.22,7962.02,8087.29,143400,8005.192,8024.512,8231.96,49.396,-43.073,-54.568,11.495,8024.512,8247.079,7801.946
2025-09-09,8141.25,8266.51,8139.32,8187.5,168300,8039.496,8037.666,8213.941,53.669,-29.16,-49.486,20.326,8037.666,8266.34,7808.991
2025-09-10,8200.03,8247.24,8159.56,8237.61,179100,8098.082,8054.48,8198.678,55.684,-13.93,-42.375,28.445,8054.48,8290.285,7818.675
2025-09-11,8196.17,8257.84,7995.75,8069.94,379900,8117.738,8063.634,8182.702,48.14,-15.214,-36.943,21.729,8063.634,8285.866,7841.401
2025-09-12,8069.94,8139.32,7949.5,8116.2,246400,8139.708,8076.931,8169.617,50.146,-12.356,-32.025,19.669,8076.931,8276.026,7877.836
2025-09-16,8095.0,8184.61,8082.47,8122.94,164500,8146.838,8081.989,8160.694,50.447,-9.439,-27.508,18.069,8081.989,8280.323,7883.656
2025-09-17,8053.56,8148.96,7998.64,8009.24,157200,8111.186,8078.617,8150.654,45.463,-16.115,-25.229,9.114,8078.617,8279.606,7877.628
2025-09-18,8026.58,8058.38,7927.33,7978.4,192500,8059.344,8074.907,8138.859,44.188,-23.623,-24.908,1.285,8074.907,8280.602,7869.212
2025-09-19,8138.36,8200.03,7989.97,8074.76,439900,8060.308,8077.22,8131.613,49.001,-21.549,-24.236,2.687,8077.22,8281.755,7872.684
2025-09-22,8077.65,8138.36,8055.49,8082.47,144200,8053.562,8085.603,8125.196,49.378,-19.064,-23.202,4.138,8085.603,8275.317,7895.888
2025-09-24,8073.8,8084.4,7896.5,7967.81,229500,8022.536,8081.893,8116.967,44.16,-26.046,-23.771,-2.275,8081.893,8277.991,7885.795
2025-09-25,8013.09,8043.93,7858.92,7902.28,169900,8001.144,8078.81,8106.175,41.464,-36.447,-26.306,-10.141,8078.81,8284.425,7873.194
2025-09-26,7825.2,7982.26,7800.14,7911.92,201900,7987.848,8065.32,8101.184,42.025,-43.411,-29.727,-13.684,8065.32,8277.794,7852.845
2025-09-29,8053.15,8124.75,8012.94,8037.46,217900,7980.388,8054.397,8096.93,48.892,-38.358,-31.453,-6.905,8054.397,8247.161,7861.632
2025-09-30,8110.03,8198.3,8058.05,8137.5,198700,7991.394,8051.945,8096.297,53.608,-25.982,-30.359,4.377,8051.945,8238.789,7865.1
2025-10-01,8148.29,8189.48,8086.5,8114.94,236600,8020.82,8048.846,8091.203,52.433,-17.789,-27.845,10.056,8048.846,8228.898,7868.795
2025-10-02,8175.75,8193.4,7997.25,8009.02,209600,8042.168,8048.498,8085.648,47.202,-19.617,-26.199,6.582,8048.498,8228.844,7868.153
2025-10-03,8014.9,8134.55,8008.03,8084.53,179400,8076.69,8055.491,8081.257,50.958,-14.802,-23.92,9.118,8055.491,8229.626,7881.356
2025-10-06,8208.11,8488.61,8167.9,8459.19,253400,8161.036,8079.868,8083.569,64.466,19.027,-15.331,34.357,8079.868,8326.143,7833.592
2025-10-07,8457.23,8459.19,8266.96,8303.25,199600,8194.186,8094.712,8083.591,57.382,32.874,-5.69,38.564,8094.712,8357.564,7831.861
2025-10-08,8286.57,8495.48,8262.05,8420.94,197300,8255.386,8111.395,8087.778,60.876,52.737,5.996,46.741,8111.395,8411.916,7810.874
2025-10-09,8371.9,8484.69,8368.96,8454.29,168200,8344.44,8124.735,8092.632,61.831,70.359,18.868,51.49,8124.735,8461.034,7788.435
2025-10-10,8440.56,8484.69,8309.13,8394.46,189300,8406.426,8132.577,8098.602,59.047,78.59,30.813,47.777,8132.577,8486.798,7778.356
2025-10-14,8239.5,8277.75,7998.23,8138.48,333100,8342.284,8136.004,8098.643,48.899,63.723,37.395,26.329,8136.004,8488.997,7783.011
2025-10-15,8129.65,8205.17,8107.09,8160.05,160400,8313.644,8138.197,8097.612,49.684,53.07,40.53,12.54,8138.197,8491.216,7785.177
2025-10-16,8125.73,8188.5,7983.51,8060.02,199300,8241.46,8135.05,8093.019,46.145,36.14,39.652,-3.512,8135.05,8489.76,7780.341
2025-10-17,8004.11,8061.98,7856.01,7957.03,286100,8142.008,8132.44,8088.545,42.767,14.247,34.571,-20.324,8132.44,8491.786,7773.094
2025-10-20,8037.46,8101.21,7993.32,8101.21,226300,8083.358,8138.58,8086.703,48.455,8.434,29.344,-20.909,8138.58,8490.974,7786.187
2025-10-21,8100.23,8258.13,8047.27,8258.13,223100,8107.288,8147.749,8091.739,53.833,16.301,26.735,-10.434,8147.749,8502.683,7792.815
2025-10-22,8219.88,8405.25,8208.11,8388.58,189700,8152.994,8163.054,8097.167,57.777,32.686,27.925,4.761,8163.054,8532.25,7793.859
2025-10-23,8395.44,8446.44,8309.13,8333.65,211300,8207.72,8181.346,8099.281,55.622,40.768,30.494,10.274,8181.346,8546.036,7816.657
2025-10-24,8285.59,8416.04,8181.63,8390.54,252600,8294.422,8205.76,8108.603,57.395,51.174,34.63,16.544,8205.76,8556.909,7854.61
2025-10-27,8433.69,8656.33,8388.58,8427.81,378000,8359.742,8231.554,8119.133,58.562,61.717,40.047,21.67,8231.554,8567.274,7895.834
2025-10-28,8469.0,8502.35,8281.67,8321.88,220600,8372.492,8245.775,8127.833,54.03,60.823,44.202,16.621,8245.775,8570.803,7920.747
2025-10-29,8287.56,8343.46,8065.9,8131.61,286500,8321.098,8245.48,8133.46,46.995,44.252,44.212,0.039,8245.48,8570.932,7920.029
2025-10-30,8110.03,8262.05,8082.57,8217.92,284900,8297.952,8250.63,8137.383,50.165,37.649,42.9,-5.25,8250.63,8570.597,7930.662
2025-10-31,8280.69,8331.69,8209.09,8265.0,208200,8272.844,8263.428,8141.149,51.856,35.803,41.48,-5.677,8263.428,8562.499,7964.358
2025-11-04,8195.36,8319.92,8169.86,8264.02,165400,8240.086,8272.403,8145.378,51.817,33.87,39.958,-6.088,8272.403,8559.399,7985.407
2025-11-05,8243.42,8326.79,8034.51,8212.04,257800,8218.118,8260.046,8149.048,49.661,27.824,37.531,-9.708,8260.046,8534.172,7985.919
2025-11-06,8228.71,8406.23,8201.25,8309.13,244600,8253.622,8260.339,8156.935,53.549,30.514,36.128,-5.614,8260.339,8534.674,7986.005
2025-11-07,8316.0,8392.5,8253.23,8310.11,198900,8272.06,8254.798,8162.297,53.588,32.352,35.373,-3.02,8254.798,8519.792,7989.804
2025-11-10,8274.81,8401.33,8239.5,8388.58,179400,8296.776,8251.513,8170.79,56.719,39.684,36.235,3.449,8251.513,8507.571,7995.454
2025-11-11,8460.17,8493.52,8361.11,8477.83,203600,8339.538,8255.681,8176.712,60.022,52.095,39.407,12.688,8255.681,8523.96,7987.402
2025-11-12,8544.52,8659.27,8503.33,8630.83,330500,8423.296,8280.299,8184.21,64.96,73.431,46.212,27.219,8280.299,8590.394,7970.203
2025-11-13,8596.5,8628.87,8248.32,8360.13,361500,8433.496,8290.302,8187.682,52.585,67.715,50.512,17.203,8290.302,8596.954,7983.651
2025-11-14,8826.98,9832.28,8630.83,9752.83,1354100,8722.04,8374.943,8219.2,76.932,173.564,75.123,98.442,8374.943,9084.182,7665.704
2025-11-17,9791.08,9881.32,9465.47,9856.8,477500,9015.684,8469.932,8256.017,77.847,262.811,112.66,150.15,8469.932,9413.624,7526.239
2025-11-18,9881.32,9959.78,9261.47,9314.43,520500,9183.004,8530.592,8283.412,63.667,286.472,147.423,139.049,8530.592,9528.882,7532.303
2025-11-19,9314.43,9382.1,9141.81,9327.18,258800,9322.274,8584.045,8310.522,63.833,302.762,178.491,124.272,8584.045,9634.051,7534.039
2025-11-20,9238.91,9466.45,9238.91,9382.1,194900,9526.668,8633.721,8338.037,64.587,316.456,206.084,110.372,8633.721,9737.425,7530.017
2025-11-21,9305.6,9687.12,9305.6,9654.76,193300,9507.054,8699.776,8369.387,68.139,345.329,233.933,111.397,8699.776,9883.124,7516.429
2025-11-25,9801.87,9817.57,9596.89,9697.91,435800,9475.276,8765.145,8399.595,68.675,367.458,260.638,106.82,8765.145,10018.911,7511.379
2025-11-26,9778.33,10052.95,9730.28,9881.32,237500,9588.654,8837.82,8432.469,70.912,395.238,287.558,107.68,8837.82,10174.988,7500.653
2025-11-27,9881.32,10052.95,9817.57,9861.7,123600,9695.558,8914.812,8468.304,70.333,410.934,312.233,98.701,8914.812,10303.234,7526.389
2025-11-28,9861.7,9925.45,9785.2,9846.99,116500,9788.536,9000.58,8502.92,69.873,417.375,333.261,84.114,9000.58,10397.199,7603.962
2025-12-01,9616.51,9786.18,9616.51,9661.62,154000,9789.908,9072.766,8533.694,64.171,402.878,347.185,55.693,9072.766,10448.134,7697.397
2025-12-02,9812.66,10003.91,9760.68,9851.89,195600,9820.704,9152.11,8570.547,67.136,402.106,358.169,43.937,9152.11,10514.301,7789.919
2025-12-03,9989.2,10067.66,9802.85,9871.51,251200,9818.742,9232.484,8608.409,67.435,398.485,366.232,32.253,9232.484,10563.377,7901.592
2025-12-04,9915.64,10131.41,9876.41,10067.66,153300,9859.934,9325.266,8648.267,70.342,406.753,374.336,32.417,9325.266,10614.705,8035.826
2025-12-05,10121.61,10180.45,9915.64,9954.87,183900,9881.51,9407.553,8685.715,66.657,399.599,379.389,20.21,9407.553,10632.388,8182.717
2025-12-08,9827.37,9861.7,9616.51,9691.05,253300,9887.396,9476.6,8720.18,58.887,368.394,377.19,-8.796,9476.6,10591.729,8361.47
2025-12-09,9709.68,9774.41,9637.1,9727.33,275300,9862.484,9543.537,8756.681,59.585,342.642,370.28,-27.638,9543.537,10537.853,8549.221
2025-12-10,9832.28,9876.41,9647.89,9750.87,248900,9838.356,9607.189,8793.46,60.058,320.439,360.312,-39.873,9607.189,10468.324,8746.054
2025-12-11,9812.66,9832.28,9332.08,9346.79,281600,9694.182,9642.987,8819.646,49.364,267.157,341.681,-74.524,9642.987,10384.434,8901.54
2025-12-12,9419.37,9574.33,9372.29,9568.45,217600,9616.898,9703.403,8848.265,54.183,240.05,321.355,-81.305,9703.403,10138.233,9268.573
2025-12-15,9570.41,9753.82,9501.76,9597.87,247700,9598.262,9695.655,8877.924,54.798,218.424,300.769,-82.345,9695.655,10132.295,9259.015
2025-12-16,9513.53,9523.33,9305.6,9345.81,335300,9521.958,9670.106,8904.66,48.76,178.883,276.392,-97.508,9670.106,10126.401,9213.81
2025-12-17,9402.7,9508.62,9255.58,9502.74,222700,9472.332,9679.521,8933.024,52.285,158.384,252.79,-94.406,9679.521,10112.068,9246.974
2025-12-18,9456.64,9597.87,9354.64,9551.78,234500,9513.33,9690.751,8954.876,53.365,144.431,231.118,-86.687,9690.751,10095.554,9285.948
2025-12-19,9599.83,9856.8,9480.18,9798.93,633900,9559.426,9711.592,8984.789,58.466,151.569,215.208,-63.64,9711.592,10091.651,9331.534
2025-12-22,9800.89,9856.8,9446.83,9518.43,223400,9543.538,9704.776,9006.739,51.571,133.058,198.778,-65.721,9704.776,10093.908,9315.644
2025-12-23,9641.03,9670.45,9521.37,9612.58,172900,9596.892,9700.51,9029.905,53.551,124.549,183.932,-59.384,9700.51,10091.824,9309.195
2025-12-24,9593.95,9655.74,9529.22,9599.83,99600,9616.31,9686.435,9054.012,53.234,115.446,170.235,-54.789,9686.435,10070.55,9302.32
2025-12-25,9727.33,9827.37,9629.26,9789.12,95000,9663.778,9682.806,9087.025,57.282,122.098,160.608,-38.509,9682.806,10061.279,9304.333
2025-12-26,9792.07,9851.89,9750.87,9801.87,75200,9664.366,9680.55,9119.861,57.549,126.936,153.873,-26.937,9680.55,10055.423,9305.677
2025-12-29,9856.8,9866.6,9752.83,9786.18,82100,9717.916,9686.778,9154.385,57.077,128.028,148.704,-20.676,9686.778,10064.455,9309.101
2025-12-30,9772.45,9780.3,9565.51,9565.51,152000,9708.502,9672.459,9186.554,50.77,109.822,140.928,-31.106,9672.459,10045.465,9299.453
2026-01-05,9565.51,9638.08,9277.16,9302.66,215200,9649.068,9644.016,9210.583,44.467,73.337,127.41,-54.072,9644.016,10039.207,9248.826
2026-01-06,9412.51,9492.93,9283.04,9289.91,219900,9549.226,9605.129,9231.219,44.18,42.9,110.508,-67.608,9605.129,9977.181,9233.077
2026-01-07,9367.39,9576.29,9314.43,9423.29,183900,9473.51,9578.55,9251.913,47.958,29.204,94.247,-65.043,9578.55,9920.102,9236.998
2026-01-08,9650.83,9851.89,9584.14,9688.1,242500,9453.894,9578.402,9279.002,54.537,39.266,83.251,-43.985,9578.402,9919.752,9237.053
2026-01-09,9714.58,9798.93,9666.53,9753.82,173100,9491.556,9579.727,9306.268,56.023,51.944,76.989,-25.046,9579.727,9923.705,9235.749
2026-01-13,9856.8,10003.91,9771.47,9795.01,250600,9590.026,9581.934,9333.612,56.972,64.57,74.506,-9.935,9581.934,9931.064,9232.804
2026-01-14,9800.89,9871.51,9558.64,9628.28,227200,9657.7,9596.008,9359.74,52.073,60.427,71.69,-11.263,9596.008,9927.474,9264.543
2026-01-15,9621.41,9680.26,9489.01,9528.24,229800,9678.69,9593.998,9387.672,49.331,48.512,67.054,-18.543,9593.998,9926.653,9261.343
2026-01-16,9461.54,9576.29,9391.91,9576.29,203800,9656.328,9592.919,9414.84,50.674,42.456,62.135,-19.678,9592.919,9925.661,9260.177
2026-01-19,9589.04,9606.7,9399.75,9428.2,150700,9591.204,9597.038,9438.104,46.577,25.415,54.791,-29.376,9597.038,9918.756,9275.321
2026-01-20,9357.58,9510.58,9278.14,9447.81,205400,9521.764,9594.292,9461.779,47.186,13.338,46.5,-33.162,9594.292,9920.308,9268.276
2026-01-21,9372.29,9415.45,9219.29,9234.0,283900,9442.908,9578.403,9482.219,41.615,-13.332,34.534,-47.866,9578.403,9941.957,9214.849
2026-01-22,9314.43,9434.08,9264.41,9266.37,151700,9390.534,9551.775,9501.363,42.718,-31.493,21.328,-52.821,9551.775,9925.199,9178.351
2026-01-23,9282.06,9377.2,9215.37,9310.5,217600,9337.376,9541.378,9521.371,44.263,-41.842,8.694,-50.537,9541.378,9929.981,9152.776
2026-01-26,9163.39,9236.95,8908.39,9029.02,360200,9257.54,9512.2,9534.18,37.343,-71.928,-7.43,-64.498,9512.2,9961.228,9063.173
2026-01-27,8910.35,9027.06,8817.17,8841.69,330200,9136.316,9474.294,9541.457,33.58,-109.624,-27.869,-81.755,9474.294,10011.516,8937.071
2026-01-28,8806.39,8846.6,8716.15,8747.54,294600,9039.024,9422.214,9543.791,31.844,-145.419,-51.379,-94.04,9422.214,10028.445,8815.984
2026-01-29,8664.17,8708.31,8486.65,8671.04,373400,8919.958,9365.673,9550.01,30.465,-177.909,-76.685,-101.224,9365.673,10030.881,8700.465
2026-01-30,8728.9,8831.89,8689.67,8764.21,288700,8810.7,9314.574,9530.237,34.201,-193.904,-100.129,-93.775,9314.574,10000.462,8628.687
2026-02-02,8690.65,8747.54,8524.9,8641.62,196500,8733.22,9268.38,9505.934,31.781,-214.005,-122.904,-91.101,9268.38,10005.632,8531.128
2026-02-03,8715.17,8855.42,8671.04,8782.85,259200,8721.452,9242.39,9495.302,37.286,-216.049,-141.533,-74.516,9242.39,10010.555,8474.224
2026-02-04,8693.6,8810.31,8377.79,8471.94,525900,8666.332,9201.491,9478.197,31.299,-239.991,-161.225,-78.766,9201.491,10042.637,8360.345
2026-02-05,8490.58,8592.58,8339.54,8494.5,387500,8631.024,9155.052,9460.445,32.15,-254.213,-179.822,-74.391,9155.052,10045.735,8264.368
2026-02-06,8385.63,8435.65,8238.52,8271.86,214700,8532.554,9084.24,9432.787,28.408,-280.22,-199.902,-80.318,9084.24,10020.51,8147.969
2026-02-09,8418.98,8577.86,8360.13,8520.0,256800,8508.23,9022.548,9409.229,37.183,-277.607,-215.443,-62.164,9022.548,9935.355,8109.742
2026-02-10,8509.21,8630.83,8415.06,8581.79,338500,8468.018,8961.888,9383.238,39.182,-267.468,-225.848,-41.62,8961.888,9818.041,8105.734
2026-02-12,8562.17,8670.06,8520.0,8668.1,530300,8507.25,8913.878,9359.366,41.961,-249.591,-230.596,-18.994,8913.878,9718.848,8108.909
2026-02-13,7888.38,7975.67,7355.82,7489.2,1098800,8306.19,8811.926,9312.211,25.096,-326.783,-249.834,-76.949,8811.926,9787.66,7836.193
2026-02-16,7490.18,7490.18,7311.68,7317.57,640300,8115.332,8698.991,9265.33,23.608,-397.229,-279.313,-117.916,8698.991,9815.001,7582.98
2026-02-17,7306.78,7393.09,7084.14,7219.49,421900,7855.23,8588.555,9212.682,22.778,-455.719,-314.594,-141.125,8588.555,9830.733,7346.377
2026-02-18,7258.72,7291.09,7086.1,7164.57,461100,7571.786,8474.393,9158.543,22.304,-500.732,-351.822,-148.91,8474.393,9800.887,7147.899
2026-02-19,7217.53,7405.84,7113.57,7375.43,526500,7313.252,8381.464,9104.698,28.453,-513.471,-384.151,-129.32,8381.464,9743.818,7019.111
2026-02-20,7306.78,7501.95,7228.32,7300.9,606800,7275.592,8283.191,9051.619,27.621,-523.546,-412.03,-111.516,8283.191,9660.255,6906.127
2026-02-24,7335.22,7451.93,7316.59,7345.03,389400,7281.084,8184.918,9004.698,28.945,-521.953,-434.015,-87.938,8184.918,9533.529,6836.306
2026-02-25,7318.55,7409.76,7240.09,7289.13,422700,7295.012,8097.923,8955.934,28.24,-519.216,-451.055,-68.161,8097.923,9441.731,6754.115
2026-02-26,7436.24,7578.45,7326.39,7507.84,398500,7363.666,8031.23,8911.074,34.921,-493.707,-459.586,-34.122,8031.23,9351.812,6710.649
2026-02-27,7876.61,7944.28,7737.34,7935.46,655200,7475.672,7990.627,8882.847,45.587,-433.984,-454.465,20.481,7990.627,9267.695,6713.558
2026-03-02,7653.97,7759.9,7578.45,7649.07,388700,7545.306,7939.528,8844.46,40.768,-405.092,-444.591,39.499,7939.528,9183.314,6695.742
2026-03-03,7699.09,7699.09,7435.26,7470.57,295200,7570.414,7874.846,8801.914,38.067,-392.079,-434.088,42.009,7874.846,9071.72,6677.972
2026-03-04,7418.59,7468.61,7268.53,7346.99,551600,7581.986,7810.114,8761.937,36.275,-387.273,-424.725,37.452,7810.114,8971.901,6648.328
2026-03-05,7502.93,7712.82,7442.13,7625.53,560600,7605.524,7752.248,8724.393,42.809,-356.875,-411.155,54.28,7752.248,8821.65,6682.847
2026-03-06,7689.28,8012.94,7650.05,8012.94,586600,7621.02,7729.298,8693.616,50.424,-298.088,-388.542,90.454,7729.298,8752.365,6706.232
2026-03-09,7487.24,7829.53,7475.47,7805.01,407600,7652.208,7694.824,8653.738,46.821,-265.219,-363.877,98.658,7694.824,8653.78,6735.868
2026-03-10,7887.4,7900.15,7718.71,7843.26,197300,7726.746,7673.394,8620.234,47.563,-233.394,-337.781,104.387,7673.394,8596.543,6750.245
2026-03-11,7728.51,7892.3,7679.47,7803.05,285000,7817.958,7637.546,8584.044,46.823,-209.007,-312.026,103.019,7637.546,8473.871,6801.222
2026-03-12,7675.55,7741.26,7478.42,7741.26,336700,7841.104,7595.52,8546.872,45.648,-192.448,-288.11,95.662,7595.52,8307.252,6883.788
2026-03-13,7616.7,7675.55,7486.26,7499.99,316500,7738.514,7537.115,8501.09,41.29,-196.528,-269.794,73.266,7537.115,8039.036,7035.193
2026-03-16,7426.43,7533.34,7378.38,7451.93,298700,7667.898,7535.251,8454.091,40.461,-201.319,-256.099,54.78,7535.251,8038.197,7032.305
2026-03-17,7599.05,7626.51,7479.4,7565.7,216500,7612.386,7547.657,8409.681,43.359,-193.702,-243.62,49.917,7547.657,8040.127,7055.188
2026-03-18,7551.97,7758.92,7444.09,7689.28,380700,7589.632,7571.147,8372.157,46.41,-175.669,-230.029,54.36,7571.147,8042.053,7100.241
2026-03-19,7447.03,7606.9,7446.05,7597.09,317700,7560.798,7592.773,8338.045,44.485,-166.893,-217.402,50.509,7592.773,8023.034,7162.512
2026-03-23,7440.17,7527.45,7371.51,7488.22,460100,7558.444,7598.412,8302.012,42.256,-166.8,-207.282,40.482,7598.412,8019.538,7177.287
2026-03-24,7619.65,7667.71,7567.67,7667.71,423500,7601.6,7616.753,8266.9,46.974,-150.508,-195.927,45.419,7616.753,8014.631,7218.875
2026-03-25,7665.74,7729.49,7620.63,7706.94,323900,7629.848,7634.848,8227.277,47.974,-132.899,-183.321,50.423,7634.848,8013.13,7256.567
2026-03-26,7760.88,7833.46,7699.09,7769.71,238200,7645.934,7658.878,8187.595,49.612,-112.581,-169.173,56.592,7658.878,8004.323,7313.432
2026-03-27,7844.24,8031.57,7844.24,8013.92,494500,7729.3,7684.182,8151.973,55.485,-75.898,-150.518,74.62,7684.182,8056.165,7312.198
2026-03-30,7903.09,8064.92,7848.17,8031.57,510100,7837.97,7688.987,8120.039,55.885,-44.885,-129.391,84.507,7688.987,8076.786,7301.188
2026-03-31,8130.63,8273.82,8046.28,8046.28,407700,7913.684,7708.848,8090.399,56.238,-18.902,-107.294,88.392,7708.848,8127.496,7290.199
2026-04-01,8141.42,8245.38,8041.38,8245.38,242000,8021.372,7747.588,8063.781,60.811,17.553,-82.324,99.877,7747.588,8214.062,7281.114
2026-04-02,8214.98,8321.88,8150.25,8209.09,205000,8109.248,7790.693,8039.399,59.589,43.02,-57.255,100.275,7790.693,8260.617,7320.769
2026-04-03,8234.59,8385.63,8230.67,8377.79,239900,8182.022,7828.306,8017.999,63.283,75.94,-30.616,106.556,7828.306,8359.054,7297.558
2026-04-06,8377.79,8464.1,8358.17,8437.61,140500,8263.23,7849.54,8002.071,64.521,105.638,-3.366,109.004,7849.54,8441.804,7257.275
2026-04-07,8511.17,8589.63,8474.88,8485.67,171100,8351.108,7883.572,7986.457,65.527,131.536,23.615,107.921,7883.572,8539.831,7227.314
2026-04-08,8712.23,8735.77,8612.19,8641.62,329300,8430.356,7923.49,7973.079,68.635,162.768,51.445,111.323,7923.49,8661.46,7185.521
2026-04-09,8601.4,8630.83,8428.79,8428.79,201600,8474.296,7954.777,7961.075,60.605,168.405,74.837,93.567,7954.777,8723.658,7185.897
2026-04-10,8340.52,8483.71,8087.48,8334.63,295200,8465.664,7984.446,7950.933,57.405,163.39,92.548,70.842,7984.446,8764.349,7204.543
2026-04-13,8197.32,8244.4,8033.53,8223.8,369400,8422.902,8020.637,7940.459,53.804,148.759,103.79,44.969,8020.637,8772.558,7268.715
2026-04-14,8518.04,8538.63,8372.88,8461.15,201700,8417.998,8071.098,7936.261,59.643,154.534,113.939,40.595,8071.098,8797.34,7344.855
2026-04-15,8686.73,8855.42,8607.29,8807.37,282100,8451.148,8133.181,7937.124,66.328,184.916,128.134,56.782,8133.181,8889.191,7377.171
2026-04-16,9044.71,9131.02,8862.29,8906.42,323800,8546.674,8194.038,7942.42,67.963,214.514,145.41,69.104,8194.038,8994.254,7393.822
2026-04-17,8983.91,9071.2,8843.66,8896.62,321000,8659.072,8259.015,7944.695,67.613,234.477,163.223,71.253,8259.015,9066.151,7451.878
2026-04-20,8922.12,8967.23,8753.42,8776.96,174500,8769.704,8323.451,7950.796,63.327,237.899,178.159,59.741,8323.451,9075.373,7571.53
2026-04-21,8797.56,8823.06,8438.59,8484.69,282100,8774.412,8364.301,7950.6,54.276,214.555,185.438,29.117,8364.301,9052.274,7676.327
2026-04-22,8575.9,8636.71,8230.67,8255.19,334600,8663.976,8391.713,7950.266,48.424,175.512,183.453,-7.94,8391.713,9009.512,7773.914
2026-04-23,8108.07,8133.57,7875.63,7928.59,373200,8468.41,8399.657,7938.438,41.556,116.87,170.136,-53.266,8399.657,8987.122,7812.192
2026-04-24,7847.19,7928.59,7781.48,7815.8,272100,8252.246,8389.751,7923.118,39.474,60.595,148.228,-87.633,8389.751,9010.35,7769.152
2026-04-27,7809.92,7831.49,7626.51,7642.2,325500,8025.294,8370.282,7902.6,36.447,1.967,118.976,-117.009,8370.282,9058.895,7681.67
2026-04-28,7789.32,7829.53,7718.71,7788.34,913300,7886.024,8357.386,7908.583,40.578,-32.332,88.714,-121.046,8357.386,9080.353,7634.418
2026-04-30,7720.67,7805.01,7601.01,7630.44,352700,7761.074,8326.638,7914.84,37.725,-71.432,56.685,-128.117,8326.638,9118.669,7534.608
2026-05-01,7581.4,7702.03,7463.7,7672.61,265100,7709.878,8299.814,7923.903,38.959,-97.887,25.771,-123.658,8299.814,9143.276,7456.353
2026-05-07,7660.84,7708.9,7360.72,7484.3,623000,7643.578,8255.14,7930.297,35.569,-132.521,-5.888,-126.633,8255.14,9172.614,7337.666
2026-05-08,7631.42,7758.92,7557.86,7582.38,415900,7631.614,8212.379,7934.436,38.568,-150.321,-34.774,-115.547,8212.379,9172.761,7251.996
2026-05-11,7556.88,7593.17,7447.03,7476.45,281700,7569.236,8161.917,7937.947,36.587,-171.005,-62.02,-108.984,8161.917,9166.859,7156.976
2026-05-12,7502.93,7509.8,7325.41,7385.24,337300,7520.196,8099.098,7938.752,34.924,-192.537,-88.124,-104.413,8099.098,9134.397,7063.8
2026-05-13,7355.82,7451.93,7283.24,7283.24,322200,7442.322,8041.821,7938.634,33.112,-215.349,-113.569,-101.781,8041.821,9125.923,6957.719
2026-05-14,7252.84,7272.45,6752.64,6862.49,658700,7317.96,7968.214,7925.727,26.908,-264.332,-143.722,-120.611,7968.214,9162.877,6773.551
2026-05-15,6899.76,7134.16,6899.76,7134.16,592900,7228.316,7913.732,7909.701,35.333,-278.025,-170.582,-107.443,7913.732,9157.686,6669.778
2026-05-18,8605.33,8605.33,8482.73,8605.33,620000,7454.092,7920.941,7928.826,61.328,-168.227,-170.111,1.884,7920.941,9179.834,6662.048
2026-05-19,8311.09,8831.89,8311.09,8743.62,1069000,7725.768,7917.754,7954.287,62.84,-69.254,-149.94,80.686,7917.754,9167.485,6668.022
2026-05-20,8890.73,9118.27,8563.15,8627.88,470400,7994.696,7903.826,7979.905,60.701,-0.154,-119.983,119.829,7903.826,9112.709,6694.944
2026-05-21,8609.25,8809.33,8530.79,8567.08,313900,8335.614,7887.349,7998.736,59.554,49.135,-86.159,135.294,7887.349,9047.247,6727.452
2026-05-22,8567.08,8805.4,8567.08,8682.81,299600,8645.344,7882.642,8012.133,61.062,96.425,-49.642,146.067,7882.642,9028.01,6737.274
2026-05-25,8596.5,8605.33,8291.48,8368.96,273200,8598.07,7876.856,8023.412,55.065,107.339,-18.246,125.585,7876.856,9010.527,6743.184
2026-05-26,8317.96,8560.21,8301.29,8419.96,251500,8533.338,7885.094,8034.946,55.824,118.736,9.15,109.585,7885.094,9032.651,6737.537
2026-05-27,8356.21,8500.38,8267.94,8367.98,218200,8481.358,7907.063,8046.245,54.808,122.165,31.753,90.412,7907.063,9074.774,6739.353
2026-05-28,8353.27,8492.54,8248.32,8300.31,205500,8428.004,7931.289,8057.426,53.444,118.061,49.015,69.046,7931.289,9111.068,6751.51
2026-05-29,8420.94,8820.12,8420.94,8590.62,371500,8409.566,7978.71,8079.238,58.246,136.659,66.544,70.116,7978.71,9185.498,6771.922
2026-06-01,8676.92,9071.19,8668.1,8894.66,359000,8514.706,8034.026,8108.093,62.597,173.927,88.02,85.907,8034.026,9303.848,6764.204
2026-06-02,8741.65,8765.19,8506.27,8582.77,198100,8547.268,8081.642,8128.434,56.134,176.263,105.669,70.594,8081.642,9359.141,6804.144
2026-06-03,8502.34,8559.23,8300.31,8336.59,233600,8540.99,8114.842,8141.381,51.606,156.446,115.824,40.622,8114.842,9382.052,6847.631
2026-06-04,8086.5,8095.32,7748.13,7748.13,289300,8430.554,8128.033,8144.401,42.732,92.195,111.098,-18.904,8128.033,9372.903,6883.163
2026-06-05,7950.17,7993.32,7787.36,7853.07,278800,8283.044,8141.567,8151.698,44.563,49.176,98.714,-49.538,8141.567,9367.196,6915.939
2026-06-08,8041.38,8062.96,7763.82,7833.46,284000,8070.804,8159.418,8155.013,44.278,13.347,81.641,-68.293,8159.418,9354.272,6964.564
2026-06-09,7956.05,7970.76,7749.11,7838.36,205600,7921.922,8182.074,8157.642,44.373,-14.485,62.415,-76.901,8182.074,9331.437,7032.711
2026-06-10,7854.05,7892.3,7601.01,7690.26,223500,7792.656,8202.425,8156.053,42.025,-47.94,40.344,-88.285,8202.425,9297.929,7106.921
2026-06-11,7837.38,8047.27,7763.82,8047.27,284000,7852.484,8261.664,8156.72,49.029,-45.126,23.25,-68.376,8261.664,9163.017,7360.311
2026-06-12,7960.96,8194.38,7813.84,8128.67,356800,7907.604,8311.39,8158.662,50.498,-35.913,11.418,-47.331,8311.39,9044.952,7577.827
2026-06-15,7989.4,8238.52,7989.4,8045.3,185100,7949.972,8283.388,8158.642,48.942,-34.936,2.147,-37.083,8283.388,9012.449,7554.327
2026-06-16,8048.25,8186.54,7996.26,8168.88,184400,8016.076,8254.651,8157.112,51.335,-23.915,-3.066,-20.849,8254.651,8951.946,7557.356
2026-06-17,8237.54,8305.21,8109.05,8212.04,229500,8120.432,8233.859,8157.171,52.178,-11.564,-4.765,-6.799,8233.859,8908.734,7558.984
2026-06-18,8336.59,8482.73,8259.11,8482.73,227400,8207.524,8229.642,8159.27,57.186,19.837,0.155,19.682,8229.642,8896.758,7562.525
2026-06-19,8336.59,8363.08,8088.46,8088.46,710300,8199.482,8199.924,8152.287,49.117,12.762,2.677,10.085,8199.924,8834.186,7565.662
2026-06-22,8170.84,8187.52,7903.09,7903.09,461600,8171.04,8176.631,8140.635,45.842,-7.714,0.598,-8.313,8176.631,8818.922,7534.339
2026-06-23,7943.3,8066.88,7870.73,7870.73,237800,8111.41,8149.169,8125.218,45.275,-26.25,-4.771,-21.479,8149.169,8794.613,7503.725
2026-06-24,7902.11,8029.61,7818.74,7959.0,245500,8060.802,8128.72,8115.822,47.195,-33.432,-10.503,-22.929,8128.72,8770.881,7486.559
2026-06-25,8170.84,8249.3,8003.13,8117.88,241000,7987.832,8119.598,8111.487,50.558,-26.004,-13.603,-12.4,8119.598,8756.659,7482.538
2026-06-26,8706.35,8873.08,8514.11,8732.83,573900,8116.706,8126.709,8121.667,60.93,29.168,-5.049,34.217,8126.709,8788.597,7464.821
2026-06-29,8864.25,9121.21,8757.35,9072.18,414200,8350.524,8135.585,8133.888,65.261,99.133,15.787,83.345,8135.585,8843.962,7427.208
2026-06-30,9096.7,9213.41,9039.81,9101.6,323500,8596.698,8161.526,8139.773,65.617,155.165,43.663,111.502,8161.526,8969.812,7353.241
2026-07-01,9151.62,9151.62,8862.29,8918.19,254000,8788.536,8190.606,8140.008,61.395,182.666,71.463,111.202,8190.606,9064.59,7316.623
2026-07-02,9180.06,9486.06,9098.66,9326.2,323800,9030.2,8269.51,8148.6,66.551,234.678,104.106,130.572,8269.51,9253.331,7285.689
2026-07-03,9415.45,9561.58,9278.14,9533.14,278900,9190.262,8353.514,8163.723,68.825,289.262,141.138,148.125,8353.514,9466.097,7240.93
2026-07-06,9505.68,9600.81,9425.25,9546.87,250900,9285.2,8439.184,8184.967,68.976,329.826,178.875,150.951,8439.184,9643.265,7235.103
2026-07-07,9510.58,9881.32,9464.49,9812.66,320700,9427.412,8537.899,8216.116,71.817,379.051,218.911,160.141,8537.899,9853.167,7222.631
2026-07-08,9881.32,9974.49,9670.45,9763.62,284100,9596.498,8641.567,8252.817,70.534,409.386,257.006,152.381,8641.567,10001.607,7281.527
2026-07-09,9631.22,9720.47,9382.1,9439.97,311300,9619.252,8711.202,8285.3,62.585,402.669,286.138,116.531,8711.202,10085.661,7336.743
2026-07-10,9495.87,9629.26,9326.2,9565.51,205400,9625.726,8783.044,8323.766,64.267,402.832,309.477,93.355,8783.044,10179.33,7386.758
2026-07-13,9506.66,9627.29,9437.02,9519.41,132600,9620.234,8856.75,8358.388,63.145,394.692,326.52,68.172,8856.75,10244.667,7468.832
2026-07-14,9513.53,9731.26,9484.1,9635.14,129700,9584.73,8930.062,8398.482,64.807,393.048,339.826,53.223,8930.062,10319.892,7540.233
2026-07-15,9528.24,9707.72,9432.12,9618.47,268500,9555.7,9000.384,8437.399,64.357,385.952,349.051,36.901,9000.384,10379.527,7621.241
2026-07-16,9500.77,9742.05,9500.77,9583.16,163200,9584.338,9055.406,8479.376,63.353,373.176,353.876,19.3,9055.406,10435.397,7675.414
2026-07-17,9657.7,9746.95,9538.04,9701.83,202000,9611.602,9136.074,8521.765,65.311,368.381,356.777,11.604,9136.074,10465.776,7806.372
2026-07-21,9701.83,9822.47,9674.37,9738.12,265900,9655.344,9227.826,8566.999,65.911,363.321,358.086,5.235,9227.826,10448.038,8007.613
2026-07-22,9641.03,9641.03,9304.62,9328.16,296400,9593.948,9300.697,8605.857,54.453,322.513,350.971,-28.458,9300.697,10340.384,8261.01
2026-07-23,9374.25,9426.24,9262.45,9318.35,214600,9533.924,9368.664,8646.559,54.211,286.083,337.994,-51.911,9368.664,10194.852,8542.477
2026-07-24,9053.54,9200.66,8965.27,9200.66,284600,9457.424,9422.804,8693.323,51.257,244.892,319.373,-74.481,9422.804,10011.723,8833.884
2026-07-27,9312.47,9732.24,9232.04,9648.87,203400,9446.832,9468.606,8743.617,60.159,245.584,304.615,-59.032,9468.606,9967.132,8970.079
2026-07-28,9744.01,9827.37,9594.93,9665.54,220400,9432.316,9498.274,8764.821,60.449,244.657,292.624,-47.967,9498.274,9967.211,9029.336
2026-07-29,9797.95,10190.26,9586.1,10067.66,370500,9580.216,9546.576,8791.302,66.726,273.221,288.743,-15.522,9546.576,10041.758,9051.395
2026-07-30,10052.95,10126.51,9802.85,9905.83,176400,9697.712,9595.958,8816.861,62.431,279.577,286.91,-7.333,9595.958,10019.017,9172.9
2026-07-31,9807.76,9930.36,9595.91,9691.05,227800,9795.79,9614.201,8839.34,57.172,264.237,282.375,-18.138,9614.201,10019.368,9209.034
2026-08-03,9665.54,9665.54,9282.06,9453.7,240400,9756.756,9610.229,8854.758,51.963,230.273,271.955,-41.682,9610.229,10020.271,9200.187
2026-08-04,9496.85,9523.33,9400.74,9449.77,143900,9713.602,9605.374,8876.374,51.879,200.726,257.709,-56.983,9605.374,10020.838,9189.91
2026-08-05,9493.91,9609.64,9435.06,9604.74,108500,9621.018,9594.978,8900.07,54.98,187.651,243.697,-56.046,9594.978,9998.846,9191.11
2026-08-06,9504.7,9717.53,9504.7,9687.12,127100,9577.276,9591.153,8926.453,56.582,181.84,231.326,-49.486,9591.153,9989.71,9192.596
2026-08-07,9778.33,9896.03,9634.16,9866.6,162600,9612.386,9612.484,8957.778,59.927,189.533,222.967,-33.434,9612.484,10022.476,9202.493
2026-08-10,9954.87,10200.07,9807.76,10038.24,191600,9729.294,9636.121,8986.731,62.873,207.092,219.792,-12.7,9636.121,10087.162,9185.08
2026-08-12,10082.38,10254.01,9827.37,9979.39,311600,9835.218,9659.12,9008.425,61.212,213.795,218.593,-4.798,9659.12,10131.507,9186.733
2026-08-13,10043.14,10052.95,9724.39,9989.2,222400,9912.11,9676.823,9036.554,61.395,217.393,218.353,-0.96,9676.823,10171.441,9182.205
2026-08-14,9871.51,10097.09,9758.72,9954.87,247800,9965.66,9693.643,9068.92,60.321,214.995,217.681,-2.686,9693.643,10202.578,9184.708
2026-08-17,8799.52,8826.98,8321.88,8639.65,1475900,9720.27,9646.468,9086.75,35.043,105.749,195.295,-89.546,9646.468,10339.972,8952.963
2026-08-18,8709.29,8998.62,8646.52,8998.62,636300,9512.346,9611.307,9109.661,42.166,47.588,165.753,-118.166,9611.307,10361.945,8860.669
2026-08-19,9109.45,9234.98,9043.73,9222.23,529800,9360.914,9585.512,9137.436,46.13,19.315,136.466,-117.15,9585.512,10353.067,8817.958
2026-08-20,9365.43,9554.72,9176.14,9233.02,382300,9209.678,9580.756,9165.33,46.321,-2.195,108.734,-110.928,9580.756,10356.164,8805.347
2026-08-21,9302.66,9381.12,8974.1,9044.71,304300,9027.646,9567.074,9192.419,43.425,-34.044,80.178,-114.222,9567.074,10371.106,8763.041
2026-08-24,9032.94,9306.58,9003.52,9153.58,270200,9130.432,9564.72,9214.545,45.544,-49.925,54.158,-104.082,9564.72,10373.53,8755.909
2026-08-25,9218.31,9378.18,9183.0,9314.43,173600,9193.594,9547.998,9238.26,48.608,-48.966,33.533,-82.499,9547.998,10363.286,8732.709
2026-08-26,9269.31,9386.02,9234.98,9234.98,235800,9196.144,9526.47,9262.054,47.196,-53.995,16.027,-70.023,9526.47,10351.371,8701.568
2026-08-27,9219.29,9503.72,9204.58,9421.33,185100,9233.806,9494.153,9287.103,50.807,-42.455,4.331,-46.786,9494.153,10279.476,8708.83
2026-08-28,9408.58,9642.99,9356.6,9442.91,190900,9313.446,9471.007,9311.72,51.222,-31.208,-2.777,-28.431,9471.007,10232.157,8709.857
2026-08-31,9328.16,9378.18,9229.1,9262.45,255000,9335.22,9449.577,9327.314,47.598,-36.436,-9.509,-26.927,9449.577,10208.774,8690.38
2026-09-01,9238.91,9353.66,9056.48,9081.98,314400,9288.73,9430.991,9347.185,44.227,-54.513,-18.51,-36.004,9430.991,10207.759,8654.223
2026-09-02,8975.08,8997.64,8567.08,8570.02,470100,9155.738,9387.004,9360.523,36.361,-108.895,-36.587,-72.309,9387.004,10253.724,8520.283
2026-09-03,8581.79,8716.15,8520.0,8669.08,358500,9005.288,9340.22,9376.49,38.636,-142.359,-57.741,-84.618,9340.22,10257.018,8423.423
2026-09-04,8816.19,8987.83,8728.9,8909.37,334900,8898.58,9301.333,9395.498,43.875,-147.786,-75.75,-72.036,9301.333,10222.145,8380.521
2026-09-07,8785.79,8826.0,8522.94,8581.79,325300,8762.448,9237.092,9404.776,38.988,-176.486,-95.897,-80.589,9237.092,10171.035,8303.15
2026-09-08,8493.52,8535.69,8411.13,8512.15,265600,8648.482,9160.788,9400.362,38.018,-202.516,-117.221,-85.295,9160.788,10068.119,8253.457
2026-09-09,8407.21,8434.67,8251.27,8303.25,419700,8595.128,9076.981,9384.984,35.191,-237.266,-141.23,-96.036,9076.981,9975.545,8178.417
2026-09-10,8204.19,8281.67,8140.44,8279.71,264300,8517.254,8991.506,9368.546,34.876,-263.666,-165.717,-97.949,8991.506,9848.995,8134.018
2026-09-11,8162.02,8174.77,8014.9,8133.57,286500,8362.094,8900.441,9352.854,32.909,-293.003,-191.174,-101.828,8900.441,9712.811,8088.072
2026-09-14,8254.21,8478.81,8241.46,8420.94,270200,8329.924,8889.506,9334.748,40.069,-289.724,-210.884,-78.84,8889.506,9722.289,8056.723
2026-09-15,8529.81,8567.08,8457.23,8539.61,352900,8335.416,8866.556,9314.878,42.785,-274.387,-223.585,-50.802,8866.556,9711.882,8021.229
2026-09-16,8511.17,8513.13,8414.08,8511.17,257600,8377.0,8831.002,9294.164,42.29,-261.513,-231.17,-30.342,8831.002,9673.15,7988.855
2026-09-17,8505.29,8698.5,8505.29,8698.5,256800,8460.758,8804.276,9271.881,46.663,-233.502,-231.637,-1.865,8804.276,9626.393,7982.16
2026-09-18,8612.19,8762.25,8570.02,8649.46,376400,8563.936,8784.514,9249.597,45.687,-212.808,-227.871,15.063,8784.514,9601.28,7967.748
2026-09-24,8512.15,8633.77,8494.5,8560.21,295700,8591.79,8754.846,9232.002,43.888,-201.289,-222.555,21.266,8754.846,9558.162,7951.529
2026-09-25,8539.61,8912.31,8504.31,8912.31,428200,8666.33,8734.74,9218.938,51.931,-161.882,-210.42,48.538,8734.74,9498.226,7971.253
2026-09-28,8882.89,8951.54,8673.0,8673.0,370300,8698.696,8706.64,9202.01,47.0,-148.253,-197.987,49.733,8706.64,9433.076,7980.205
2026-09-29,8572.0,8721.0,8552.0,8573.0,198100,8673.596,8664.224,9180.767,45.074,-143.863,-187.162,43.299,8664.224,9309.483,8018.965
2026-09-30,8580.0,8592.0,8481.0,8541.0,314700,8651.904,8619.128,9159.218,44.446,-141.337,-177.997,36.66,8619.128,9151.426,8086.831
2026-10-01,8480.0,8663.0,8443.0,8601.0,235100,8660.062,8586.056,9139.575,45.966,-132.961,-168.99,36.029,8586.056,9023.864,8148.248
2026-10-02,8451.0,8550.0,8410.0,8484.0,262300,8574.4,8556.157,9115.218,43.469,-134.216,-162.035,27.819,8556.157,8928.081,8184.233
