Date,Open,High,Low,Close,Volume,SMA5,SMA20,SMA50,RSI,MACD,MACD_signal,MACD_hist,BB_mid,BB_upper,BB_lower
2021-10-11,1318.36,1347.54,1305.98,1344.89,994700,,,,,0.0,0.0,0.0,,,
2021-10-12,1342.24,1344.89,1321.01,1322.78,1145200,,,,,-1.764,-0.353,-1.411,,,
2021-10-13,1333.39,1348.42,1330.74,1335.16,1114300,,,,,-2.138,-0.71,-1.428,,,
2021-10-14,1338.7,1366.99,1337.81,1361.69,941300,,,,,-0.29,-0.626,0.336,,,
2021-10-15,1376.72,1397.94,1371.41,1397.06,945200,1352.316,,,,3.982,0.296,3.686,,,
2021-10-18,1397.06,1397.06,1367.88,1375.84,801400,1358.506,,,,5.591,1.355,4.236,,,
2021-10-19,1433.31,1455.41,1415.63,1442.15,1709300,1382.38,,,,12.078,3.499,8.578,,,
2021-10-20,1458.95,1462.49,1443.92,1453.65,915700,1406.078,,,,17.94,6.387,11.552,,,
2021-10-21,1445.69,1445.69,1409.44,1411.2,760700,1415.98,,,,18.942,8.898,10.043,,,
2021-10-22,1410.32,1416.51,1396.17,1402.36,809600,1417.04,,,,18.806,10.88,7.926,,,
2021-10-25,1392.64,1398.82,1382.91,1387.33,616200,1419.338,,,,17.286,12.161,5.125,,,
2021-10-26,1411.2,1420.05,1397.94,1412.97,1219500,1413.502,,,,17.943,13.317,4.626,,,
2021-10-27,1421.81,1430.66,1415.63,1422.7,1160900,1407.312,,,,19.03,14.46,4.57,,,
2021-10-28,1405.9,1440.38,1404.13,1420.05,3977100,1409.082,,,,19.453,15.459,3.995,,,
2021-10-29,1419.16,1421.81,1398.83,1415.63,821300,1411.736,,,60.012,19.211,16.209,3.002,,,
2021-11-01,1450.99,1458.07,1427.12,1458.07,842800,1425.884,,,68.226,22.187,17.405,4.783,,,
2021-11-02,1450.99,1469.56,1448.34,1460.72,928800,1435.434,,,68.659,24.478,18.819,5.658,,,
2021-11-04,1482.83,1485.48,1461.6,1466.91,1187700,1444.276,,,69.698,26.487,20.353,6.134,,,
2021-11-05,1478.4,1484.59,1468.68,1481.06,688500,1456.478,,,71.983,28.889,22.06,6.828,,,
2021-11-08,1477.52,1479.29,1441.27,1443.04,792900,1461.96,1410.763,,59.087,27.408,23.13,4.278,1410.763,1501.587,1319.939
2021-11-09,1476.64,1476.64,1388.21,1420.05,1823500,1454.356,1414.521,,52.914,24.101,23.324,0.777,1414.521,1499.927,1329.115
2021-11-10,1412.97,1414.74,1360.8,1368.76,1113600,1435.964,1416.82,,42.298,17.145,22.088,-4.944,1416.82,1493.897,1339.743
2021-11-11,1361.69,1395.29,1359.04,1383.79,713300,1419.34,1419.251,,45.734,12.698,20.21,-7.512,1419.251,1488.113,1350.39
2021-11-12,1390.87,1410.32,1389.1,1395.29,565300,1402.186,1420.932,,48.272,9.986,18.165,-8.179,1420.932,1485.378,1356.485
2021-11-15,1385.56,1408.55,1385.56,1405.9,668800,1394.758,1421.374,,50.569,8.595,16.251,-7.656,1421.374,1485.249,1357.498
2021-11-16,1405.01,1407.67,1393.52,1401.48,558700,1391.044,1422.655,,49.581,7.054,14.412,-7.358,1422.655,1483.647,1361.664
2021-11-17,1406.78,1409.44,1375.84,1386.45,872500,1394.582,1419.87,,46.271,4.567,12.443,-7.876,1419.87,1482.186,1357.555
2021-11-18,1384.68,1389.1,1357.27,1379.37,875200,1393.698,1416.156,,44.756,2.002,10.355,-8.352,1416.156,1478.849,1353.464
2021-11-19,1383.79,1389.98,1361.69,1374.95,1112500,1389.63,1414.344,,43.791,-0.383,8.207,-8.59,1414.344,1479.68,1349.008
2021-11-22,1363.46,1393.52,1356.38,1387.33,869600,1385.916,1413.593,,47.222,-1.259,6.314,-7.573,1413.593,1479.848,1347.337
2021-11-24,1378.49,1393.52,1371.41,1385.56,812400,1382.732,1413.504,,46.782,-2.073,4.636,-6.71,1413.504,1479.912,1347.096
2021-11-25,1385.56,1412.09,1379.37,1405.9,660400,1386.622,1413.15,,52.28,-1.065,3.496,-4.561,1413.15,1479.645,1346.656
2021-11-26,1394.4,1395.29,1362.57,1374.07,829800,1385.562,1410.719,,44.528,-2.801,2.237,-5.038,1410.719,1479.268,1342.17
2021-11-29,1355.5,1362.57,1333.39,1336.05,864600,1377.782,1406.519,,37.395,-7.163,0.357,-7.52,1406.519,1482.547,1330.491
2021-11-30,1352.85,1370.53,1328.09,1329.86,2650400,1366.288,1402.231,,36.373,-10.992,-1.913,-9.079,1402.231,1485.432,1319.029
2021-12-01,1309.52,1310.4,1282.11,1288.3,1575900,1346.836,1393.742,,30.373,-17.183,-4.967,-12.216,1393.742,1486.991,1300.493
2021-12-02,1261.77,1265.31,1241.44,1246.74,2080200,1315.004,1383.043,,25.792,-25.152,-9.004,-16.148,1383.043,1491.755,1274.331
2021-12-03,1237.9,1267.96,1237.9,1267.08,1430000,1293.606,1373.052,,31.257,-29.487,-13.101,-16.386,1373.052,1485.959,1260.144
2021-12-06,1264.42,1269.73,1244.09,1260.0,1205400,1278.396,1361.998,,30.417,-33.112,-17.103,-16.009,1361.998,1473.661,1250.336
2021-12-07,1260.0,1267.08,1245.86,1267.08,1980200,1265.84,1353.201,,32.374,-35.01,-20.684,-14.325,1353.201,1465.702,1240.699
2021-12-08,1282.99,1296.26,1277.69,1286.53,1462400,1265.486,1346.524,,37.568,-34.546,-23.457,-11.09,1346.524,1458.167,1234.882
2021-12-09,1270.61,1278.57,1267.96,1267.96,1153100,1269.73,1341.484,,34.818,-35.271,-25.819,-9.451,1341.484,1457.899,1225.07
2021-12-10,1255.58,1261.77,1242.32,1248.51,1502600,1266.016,1334.72,,32.163,-36.988,-28.053,-8.935,1334.72,1456.387,1213.054
2021-12-13,1248.51,1250.28,1236.13,1236.13,1209600,1261.242,1326.762,,30.565,-38.899,-30.222,-8.677,1326.762,1452.501,1201.024
2021-12-14,1233.48,1251.16,1233.48,1248.51,1286300,1257.528,1318.893,,34.091,-38.966,-31.971,-6.995,1318.893,1443.472,1194.314
2021-12-15,1236.13,1253.81,1236.13,1239.67,1347300,1248.156,1310.803,,32.81,-39.279,-33.433,-5.847,1310.803,1433.806,1187.799
2021-12-16,1261.77,1264.42,1241.44,1247.62,1341500,1244.088,1303.861,,35.17,-38.443,-34.435,-4.008,1303.861,1424.537,1183.185
2021-12-17,1252.93,1261.77,1229.94,1236.13,1986800,1241.612,1296.699,,33.347,-38.266,-35.201,-3.065,1296.699,1415.493,1177.905
2021-12-20,1227.29,1235.25,1222.87,1229.94,1228800,1240.374,1289.448,,32.373,-38.186,-35.798,-2.388,1289.448,1405.81,1173.087
2021-12-21,1242.32,1255.58,1237.01,1244.97,1399900,1239.666,1282.33,1355.305,37.169,-36.488,-35.936,-0.552,1282.33,1390.618,1174.043
2021-12-22,1251.16,1254.7,1242.32,1247.62,1191100,1241.256,1275.434,1353.359,38.004,-34.531,-35.655,1.124,1275.434,1373.086,1177.781
2021-12-23,1255.58,1255.58,1242.32,1248.51,693600,1241.434,1267.564,1351.874,38.301,-32.533,-35.031,2.497,1267.564,1344.013,1191.115
2021-12-24,1253.81,1253.81,1242.32,1248.51,623900,1243.91,1261.286,1350.141,38.301,-30.597,-34.144,3.547,1261.286,1319.31,1203.262
2021-12-27,1241.44,1243.2,1236.13,1239.67,497900,1245.856,1256.467,1347.701,36.301,-29.437,-33.203,3.766,1256.467,1303.271,1209.663
2021-12-28,1243.2,1255.58,1239.67,1254.7,675000,1247.802,1252.709,1344.853,41.86,-26.993,-31.961,4.967,1252.709,1284.296,1221.122
2021-12-29,1256.47,1270.61,1249.39,1252.93,767500,1248.864,1250.941,1342.395,41.401,-24.913,-30.551,5.639,1250.941,1277.735,1224.146
2021-12-30,1246.74,1252.05,1240.55,1244.09,733400,1247.98,1250.808,1338.434,39.099,-23.704,-29.182,5.478,1250.808,1277.716,1223.9
2022-01-04,1252.93,1272.38,1248.51,1266.19,788400,1251.516,1250.764,1334.685,47.029,-20.723,-27.49,6.767,1250.764,1277.56,1223.967
2022-01-05,1256.47,1265.31,1252.05,1257.35,1074600,1255.052,1250.631,1331.608,44.531,-18.857,-25.763,6.906,1250.631,1277.261,1224.001
2022-01-06,1246.74,1266.19,1245.86,1251.16,919800,1254.344,1249.835,1328.584,42.817,-17.674,-24.146,6.471,1249.835,1275.322,1224.348
2022-01-07,1252.93,1260.0,1238.78,1245.86,854800,1252.93,1247.802,1325.754,41.348,-16.969,-22.71,5.742,1247.802,1266.564,1229.039
2022-01-11,1258.24,1266.19,1244.97,1261.77,1158200,1256.466,1247.492,1322.73,47.201,-14.953,-21.159,6.205,1247.492,1265.018,1229.966
2022-01-12,1270.61,1288.3,1268.85,1272.38,1396200,1257.704,1248.686,1319.724,50.732,-12.358,-19.399,7.041,1248.686,1269.455,1227.916
2022-01-13,1290.95,1293.6,1265.31,1266.19,1270100,1259.472,1250.188,1316.647,48.686,-10.677,-17.654,6.977,1250.188,1271.476,1228.901
2022-01-14,1240.55,1250.28,1218.45,1225.52,1602200,1254.344,1249.039,1312.845,37.879,-12.483,-16.62,4.137,1249.039,1273.021,1225.057
2022-01-17,1228.17,1233.48,1211.37,1220.21,670200,1249.214,1248.066,1308.087,36.733,-14.179,-16.132,1.953,1248.066,1275.04,1221.092
2022-01-18,1220.21,1222.87,1184.85,1187.5,1530700,1234.36,1245.06,1302.623,30.591,-17.956,-16.496,-1.459,1245.06,1283.293,1206.827
2022-01-19,1176.0,1183.08,1147.71,1150.36,1486900,1209.956,1240.771,1296.292,25.398,-23.673,-17.932,-5.741,1240.771,1297.829,1183.714
2022-01-20,1150.36,1167.16,1149.48,1153.9,1595500,1187.498,1236.97,1289.749,26.676,-27.6,-19.865,-7.734,1236.97,1305.954,1167.985
2022-01-21,1148.59,1149.48,1127.37,1139.75,1901100,1170.344,1231.708,1283.683,24.844,-31.491,-22.19,-9.3,1231.708,1313.063,1150.354
2022-01-24,1135.33,1173.35,1134.45,1173.35,1474000,1160.972,1227.995,1278.749,36.069,-31.5,-24.052,-7.448,1227.995,1312.99,1143.0
2022-01-25,1165.39,1180.42,1153.9,1179.54,1054600,1159.38,1224.546,1274.965,37.909,-30.654,-25.373,-5.282,1224.546,1311.609,1137.484
2022-01-26,1173.35,1177.77,1156.55,1170.7,1087900,1163.448,1220.656,1270.703,36.302,-30.348,-26.368,-3.98,1220.656,1310.13,1131.182
2022-01-27,1156.55,1162.74,1119.41,1130.02,1477100,1158.672,1215.174,1265.397,30.0,-33.007,-27.695,-5.311,1215.174,1312.808,1117.539
2022-01-28,1126.49,1136.21,1120.3,1133.56,1578000,1157.434,1209.116,1259.951,31.121,-34.432,-29.043,-5.389,1209.116,1311.348,1106.885
2022-01-31,1139.75,1154.78,1129.14,1146.82,1197000,1152.128,1203.811,1254.857,35.299,-34.098,-30.054,-4.044,1203.811,1307.472,1100.15
2022-02-01,1160.97,1160.97,1137.98,1137.98,1239300,1143.816,1198.506,1249.888,33.826,-34.153,-30.874,-3.279,1198.506,1304.326,1092.685
2022-02-02,1143.29,1162.74,1143.29,1155.67,1531600,1140.81,1192.98,1245.414,39.286,-32.395,-31.178,-1.218,1192.98,1295.406,1090.553
2022-02-03,1141.52,1153.9,1137.98,1149.48,1151600,1144.702,1187.586,1240.905,38.101,-31.143,-31.171,0.028,1187.586,1287.058,1088.114
2022-02-04,1153.9,1171.58,1151.25,1166.28,1253200,1151.246,1183.342,1236.484,43.115,-28.467,-30.63,2.163,1183.342,1278.545,1088.139
2022-02-07,1161.86,1173.35,1159.2,1168.05,651100,1155.492,1179.452,1232.133,43.633,-25.905,-29.685,3.78,1179.452,1270.15,1088.753
2022-02-08,1177.77,1185.73,1170.7,1174.23,835700,1162.742,1175.075,1227.5,45.499,-23.109,-28.37,5.261,1175.075,1257.079,1093.07
2022-02-09,1178.66,1191.92,1168.93,1182.19,846600,1168.046,1170.565,1223.662,47.892,-20.021,-26.7,6.68,1170.565,1238.803,1102.327
2022-02-10,1206.95,1210.49,1167.16,1179.54,1812600,1174.058,1166.232,1220.532,47.15,-17.584,-24.877,7.293,1166.232,1217.897,1114.568
2022-02-14,1152.13,1160.97,1134.45,1139.75,1948700,1168.752,1161.944,1216.73,37.702,-18.649,-23.631,4.983,1161.944,1206.66,1117.228
2022-02-15,1140.63,1158.32,1137.1,1153.01,1067400,1165.744,1158.584,1214.024,41.881,-18.212,-22.547,4.335,1158.584,1193.996,1123.172
2022-02-16,1162.74,1170.7,1151.25,1158.32,1132600,1162.562,1157.125,1212.256,43.516,-17.24,-21.486,4.246,1157.125,1189.821,1124.429
2022-02-17,1153.9,1155.67,1139.75,1143.29,1096300,1154.782,1156.772,1209.78,40.08,-17.48,-20.685,3.205,1156.772,1189.925,1123.618
2022-02-18,1127.37,1159.2,1126.49,1153.9,876400,1149.654,1156.772,1207.658,43.473,-16.623,-19.872,3.25,1156.772,1189.925,1123.618
2022-02-21,1129.14,1143.29,1123.83,1135.33,704800,1148.77,1156.55,1205.023,39.281,-17.243,-19.346,2.104,1156.55,1190.237,1122.864
2022-02-22,1132.68,1137.1,1118.53,1126.49,992000,1143.466,1154.208,1201.822,37.43,-18.237,-19.125,0.887,1154.208,1189.456,1118.959
2022-02-24,1114.11,1116.76,1093.77,1102.61,1528500,1132.324,1150.361,1198.515,32.919,-20.714,-19.442,-1.271,1150.361,1190.43,1110.292
2022-02-25,1108.8,1127.37,1105.27,1120.3,1282300,1127.726,1147.841,1195.951,38.803,-21.007,-19.755,-1.252,1147.841,1188.853,1106.829
2022-02-28,1125.6,1155.67,1119.41,1153.01,2395900,1127.548,1148.99,1194.289,47.903,-18.388,-19.482,1.094,1148.99,1189.18,1108.801
2022-03-01,1153.01,1162.74,1141.52,1141.52,935800,1128.786,1149.388,1192.149,45.352,-17.043,-18.994,1.951,1149.388,1189.089,1109.688
2022-03-02,1127.37,1137.98,1112.34,1113.22,795000,1126.132,1147.708,1189.62,39.739,-18.052,-18.806,0.753,1147.708,1190.584,1104.833
2022-03-03,1122.07,1122.95,1106.15,1121.18,878800,1129.846,1146.868,1187.091,41.916,-18.002,-18.645,0.643,1146.868,1191.18,1102.557
2022-03-04,1109.69,1114.99,1096.42,1101.73,1330800,1126.132,1144.172,1184.403,38.276,-19.31,-18.778,-0.532,1144.172,1192.602,1095.741
2022-03-07,1092.0,1094.66,1074.32,1088.47,1403800,1113.224,1141.121,1181.574,35.982,-21.172,-19.257,-1.915,1141.121,1195.468,1086.774
2022-03-08,1080.51,1107.92,1080.51,1092.89,1513300,1103.498,1137.452,1178.532,37.331,-22.037,-19.813,-2.224,1137.452,1194.49,1080.413
2022-03-09,1076.09,1091.12,1069.9,1082.28,1036800,1097.31,1133.163,1175.225,35.403,-23.31,-20.512,-2.798,1133.163,1193.327,1072.999
2022-03-10,1114.99,1126.49,1104.38,1121.18,1260500,1097.31,1130.51,1172.679,46.342,-20.938,-20.597,-0.341,1130.51,1187.653,1073.368
2022-03-11,1123.83,1125.6,1099.08,1104.38,1609300,1097.84,1126.62,1169.796,42.959,-20.182,-20.514,0.332,1126.62,1179.374,1073.866
2022-03-14,1114.11,1122.95,1100.85,1101.73,727800,1100.492,1122.73,1167.037,42.433,-19.571,-20.326,0.755,1122.73,1170.27,1075.189
2022-03-15,1101.73,1140.63,1101.73,1136.21,1164300,1109.156,1122.552,1164.667,50.867,-16.118,-19.484,3.366,1122.552,1169.852,1075.253
2022-03-16,1157.43,1172.47,1157.43,1160.97,1782900,1124.894,1122.951,1162.828,55.867,-11.254,-17.838,6.584,1122.951,1171.448,1074.453
2022-03-17,1185.73,1185.73,1157.43,1158.32,1651300,1132.322,1122.95,1161.113,55.219,-7.527,-15.776,8.249,1122.95,1171.448,1074.453
2022-03-18,1168.93,1174.23,1155.67,1169.81,1838100,1145.408,1124.277,1159.185,57.519,-3.604,-13.342,9.737,1124.277,1176.428,1072.125
2022-03-22,1162.74,1170.7,1140.63,1145.06,1531700,1154.074,1123.834,1156.939,51.396,-2.464,-11.166,8.702,1123.834,1175.07,1072.599
2022-03-23,1166.28,1183.08,1158.32,1180.42,984400,1162.916,1126.089,1155.525,58.236,1.278,-8.677,9.955,1126.089,1183.098,1069.08
2022-03-24,1183.96,1183.96,1159.2,1165.39,842800,1163.8,1128.034,1153.915,54.712,2.996,-6.343,9.339,1128.034,1187.693,1068.375
2022-03-25,1170.7,1183.96,1168.05,1178.66,745700,1167.868,1131.836,1152.253,57.176,5.367,-4.001,9.368,1131.836,1194.301,1069.372
2022-03-28,1168.05,1168.05,1150.36,1153.01,695900,1164.508,1133.472,1149.866,51.359,5.117,-2.177,7.294,1133.472,1196.376,1070.568
2022-03-29,1149.48,1157.43,1141.52,1151.25,1344700,1165.746,1133.384,1147.567,50.975,4.722,-0.797,5.52,1133.384,1196.178,1070.59
2022-03-30,1168.25,1170.94,1127.07,1136.03,1513900,1156.868,1133.11,1145.777,47.663,3.145,-0.009,3.154,1133.11,1195.801,1070.418
2022-03-31,1125.28,1134.24,1098.43,1098.43,2312200,1143.476,1132.37,1143.341,40.638,-1.126,-0.232,-0.893,1132.37,1196.385,1068.355
2022-04-01,1092.16,1105.59,1082.31,1099.32,1388700,1127.608,1131.277,1141.578,40.86,-4.388,-1.063,-3.325,1131.277,1196.824,1065.73
2022-04-04,1101.11,1110.96,1093.06,1108.28,1266900,1118.662,1131.604,1140.736,43.166,-6.179,-2.086,-4.093,1131.604,1196.593,1066.616
2022-04-05,1119.02,1119.91,1090.37,1096.64,1796400,1107.74,1132.013,1139.591,40.933,-8.441,-3.357,-5.083,1132.013,1195.954,1068.072
2022-04-06,1095.74,1101.11,1077.84,1079.63,2010000,1096.46,1131.35,1138.389,37.851,-11.473,-4.98,-6.493,1131.35,1197.245,1065.455
2022-04-07,1074.26,1085.0,1066.2,1085.0,1864300,1093.774,1131.486,1136.622,39.402,-13.29,-6.642,-6.648,1131.486,1196.964,1066.008
2022-04-08,1097.53,1099.32,1080.52,1087.69,1577900,1091.448,1129.812,1134.785,40.207,-14.347,-8.183,-6.164,1129.812,1198.054,1061.569
2022-04-11,1082.31,1092.16,1077.84,1083.21,1410600,1086.434,1128.753,1133.035,39.271,-15.37,-9.621,-5.749,1128.753,1199.275,1058.231
2022-04-12,1026.81,1029.5,967.73,974.89,4482900,1062.084,1122.411,1129.932,24.452,-24.636,-12.624,-12.013,1122.411,1220.565,1024.257
2022-04-13,982.05,1004.43,975.78,983.84,3856800,1042.926,1114.792,1126.938,26.907,-30.902,-16.279,-14.622,1114.792,1230.517,999.068
2022-04-14,988.32,1008.91,967.73,968.62,3230500,1019.65,1105.175,1123.374,25.396,-36.673,-20.358,-16.315,1105.175,1235.759,974.591
2022-04-15,959.67,962.36,933.71,935.5,4000300,989.212,1094.034,1119.324,22.442,-43.418,-24.97,-18.448,1094.034,1242.344,945.724
2022-04-18,930.13,937.29,901.48,906.85,3545600,953.94,1080.886,1114.348,20.249,-50.494,-30.075,-20.419,1080.886,1246.523,915.249
2022-04-19,910.43,923.86,900.59,903.27,3789900,939.616,1068.796,1109.424,19.986,-55.747,-35.209,-20.538,1068.796,1249.336,888.257
2022-04-20,911.33,928.34,902.38,913.12,2881600,925.472,1055.432,1104.36,22.95,-58.443,-39.856,-18.587,1055.432,1240.692,870.171
2022-04-21,914.91,943.56,914.01,936.39,2772400,919.026,1043.982,1099.727,29.586,-58.032,-43.491,-14.541,1043.982,1228.934,859.029
2022-04-22,938.18,943.56,926.55,941.77,2638900,920.28,1032.137,1095.078,31.064,-56.619,-46.117,-10.503,1032.137,1211.016,853.258
2022-04-25,923.86,934.6,916.7,930.13,2157200,924.936,1020.993,1090.037,29.616,-55.796,-48.053,-7.744,1020.993,1195.891,846.095
2022-04-26,930.13,942.66,924.76,930.13,1831900,930.308,1009.937,1085.049,29.616,-54.515,-49.345,-5.17,1009.937,1177.987,841.887
2022-04-27,918.49,928.34,910.43,925.65,2435300,932.814,999.418,1080.767,29.012,-53.248,-50.126,-3.122,999.418,1160.426,838.41
2022-04-28,931.02,951.61,930.13,951.61,1808300,935.858,992.077,1076.739,37.025,-49.577,-50.016,0.439,992.077,1147.363,836.791
2022-05-02,949.82,968.62,945.35,965.94,1690000,940.692,985.408,1072.891,40.986,-44.993,-49.012,4.018,985.408,1132.544,838.272
2022-05-06,973.99,982.95,952.51,980.26,2867900,950.718,979.007,1069.63,44.726,-39.747,-47.159,7.412,979.007,1114.298,843.716
2022-05-09,963.25,970.41,951.61,962.36,3512000,957.164,972.293,1065.8,41.21,-36.611,-45.049,8.438,972.293,1095.821,848.765
2022-05-10,960.56,985.63,957.88,979.36,3787600,967.906,967.28,1062.68,45.586,-32.381,-42.516,10.134,967.28,1080.143,854.416
2022-05-11,978.47,989.21,939.97,952.51,4057400,968.086,960.655,1059.201,40.463,-30.84,-40.18,9.34,960.655,1059.052,862.258
2022-05-12,948.93,950.72,913.12,914.01,3937400,957.7,951.971,1055.429,34.48,-32.352,-38.615,6.263,951.971,1032.127,871.815
2022-05-13,904.17,924.76,886.26,921.18,5648800,945.884,943.87,1051.446,36.367,-32.596,-37.411,4.815,943.87,996.044,891.695
2022-05-16,927.44,930.13,890.74,895.21,3969200,932.454,939.886,1046.29,32.694,-34.488,-36.827,2.339,939.886,994.211,885.56
2022-05-17,899.69,921.18,899.69,906.85,2904700,917.952,936.036,1041.597,35.823,-34.648,-36.391,1.743,936.036,988.112,883.96
2022-05-18,907.75,919.38,900.59,912.22,3247800,909.894,933.216,1037.577,37.272,-33.951,-35.903,1.952,933.216,983.954,882.478
2022-05-19,892.53,905.06,892.53,903.27,3363400,907.746,931.604,1033.219,35.82,-33.731,-35.469,1.737,931.604,984.055,879.154
2022-05-20,904.17,915.8,898.8,901.48,2876000,903.806,931.336,1029.214,35.522,-33.318,-35.038,1.721,931.336,984.372,878.3
2022-05-23,910.43,925.65,908.64,924.76,2682900,909.716,932.411,1025.939,42.25,-30.757,-34.182,3.425,932.411,983.9,880.921
2022-05-24,907.75,915.8,901.48,914.91,3143400,911.328,932.5,1022.38,40.332,-29.186,-33.183,3.997,932.5,983.855,881.145
2022-05-25,905.06,920.28,897.0,914.01,3113600,911.686,931.381,1019.014,40.153,-27.694,-32.085,4.391,931.381,983.351,879.411
2022-05-26,902.38,911.33,899.69,907.75,3076700,912.582,929.68,1014.746,38.859,-26.709,-31.01,4.301,929.68,982.439,876.921
2022-05-27,916.7,917.59,905.06,916.7,3363100,915.626,929.009,1010.992,41.749,-24.919,-29.792,4.873,929.009,982.084,875.933
2022-05-30,922.07,940.87,920.28,939.08,3347000,918.49,929.456,1007.739,48.328,-21.447,-28.123,6.675,929.456,982.722,876.19
2022-05-31,924.76,958.77,922.07,932.81,29851200,922.07,929.814,1003.671,46.735,-18.983,-26.295,7.312,929.814,983.069,876.559
2022-06-01,929.23,956.98,928.34,940.87,3190300,927.442,929.277,999.269,49.059,-16.193,-24.275,8.081,929.277,981.818,876.736
2022-06-02,914.01,915.8,899.69,905.06,3746200,926.904,926.233,994.204,40.587,-16.679,-22.756,6.076,926.233,976.849,875.617
2022-06-03,901.48,916.7,897.0,900.59,3029200,923.682,922.25,988.82,39.666,-17.227,-21.65,4.423,922.25,967.184,877.315
2022-06-06,896.11,907.75,895.21,898.8,1926200,915.626,919.072,983.894,39.282,-17.602,-20.84,3.238,919.072,960.948,877.195
2022-06-07,892.53,899.69,886.26,890.74,4267400,907.212,914.641,978.101,37.519,-18.339,-20.34,2.001,914.641,947.424,881.857
2022-06-08,894.32,918.49,893.42,912.22,3639600,901.482,912.626,973.037,44.648,-16.993,-19.671,2.677,912.626,940.14,885.112
2022-06-09,904.17,924.76,902.38,914.01,2774900,903.272,912.626,967.744,45.209,-15.603,-18.857,3.254,912.626,940.14,885.112
2022-06-10,899.69,905.96,897.0,902.38,2222100,903.63,911.686,962.732,42.215,-15.263,-18.138,2.875,911.686,939.254,884.118
2022-06-13,893.42,904.17,888.95,902.38,1972200,904.346,912.044,957.754,42.215,-14.823,-17.475,2.652,912.044,938.887,885.202
2022-06-14,880.89,894.32,879.1,890.74,2937100,904.346,911.239,952.849,39.202,-15.238,-17.028,1.79,911.239,939.659,882.819
2022-06-15,881.79,884.47,866.57,875.52,4230600,897.006,909.404,948.39,35.621,-16.604,-16.943,0.339,909.404,941.991,876.817
2022-06-16,887.16,889.84,878.21,881.79,2720600,890.562,908.33,944.04,38.128,-16.984,-16.951,-0.033,908.33,943.11,873.55
2022-06-17,868.36,891.63,866.57,891.63,4162400,888.412,907.838,939.707,41.949,-16.304,-16.822,0.518,907.838,943.298,872.377
2022-06-20,891.63,893.42,880.0,888.95,2023300,885.726,906.047,935.553,41.203,-15.799,-16.617,0.818,906.047,941.526,870.568
2022-06-21,899.69,904.17,888.95,894.32,2162900,886.442,905.017,931.847,43.377,-14.794,-16.253,1.458,905.017,940.609,869.426
2022-06-22,895.21,911.33,893.42,905.06,3081700,892.35,904.57,928.248,47.553,-12.982,-15.599,2.616,904.57,939.909,869.231
2022-06-23,910.43,925.65,910.43,925.65,3211700,901.122,905.465,925.007,54.484,-9.772,-14.433,4.661,905.465,942.029,868.901
2022-06-24,930.13,933.71,916.7,932.81,1923900,909.358,906.27,921.999,56.63,-6.575,-12.862,6.287,906.27,944.546,867.995
2022-06-27,935.5,939.97,926.55,938.18,1475100,919.204,906.226,921.265,58.221,-3.566,-11.002,7.436,906.226,944.34,868.111
2022-06-28,935.5,947.14,927.44,947.14,1930900,929.768,906.942,920.531,60.805,-0.454,-8.893,8.439,906.942,947.614,866.27
2022-06-29,928.34,954.3,927.44,953.4,1888800,939.436,907.569,920.227,62.548,2.49,-6.616,9.106,907.569,950.75,864.387
2022-06-30,948.93,964.15,947.14,952.51,2098700,944.808,909.941,920.567,62.125,4.696,-4.354,9.05,909.941,957.531,862.351
2022-07-01,952.51,969.52,941.77,944.45,1571600,947.136,912.134,921.319,58.282,5.728,-2.337,8.066,912.134,961.902,862.366
2022-07-04,961.46,962.36,939.08,946.24,958400,948.748,914.506,922.178,58.89,6.615,-0.547,7.162,914.506,966.087,862.925
2022-07-05,949.82,949.82,936.39,942.66,916900,947.852,917.102,922.769,57.097,6.948,0.952,5.996,917.102,968.873,865.331
2022-07-06,942.66,968.62,940.87,967.73,2008500,950.718,919.878,923.396,65.109,9.13,2.588,6.542,919.878,976.29,863.465
2022-07-07,972.2,981.15,961.46,979.36,1706600,956.088,923.145,924.148,68.087,11.663,4.403,7.26,923.145,985.395,860.895
2022-07-08,973.1,976.68,955.19,965.04,2749400,960.206,926.278,924.846,61.165,12.373,5.997,6.376,926.278,990.406,862.15
2022-07-11,988.32,989.21,973.99,988.32,1914500,968.622,930.575,926.01,67.032,14.645,7.726,6.918,930.575,999.312,861.838
2022-07-12,982.05,984.74,968.62,972.2,1519700,974.53,934.648,926.941,60.245,14.972,9.175,5.796,934.648,1003.1,866.196
2022-07-13,977.57,978.47,961.46,967.73,1601800,974.53,939.258,927.263,58.477,14.701,10.28,4.42,939.258,1003.216,875.301
2022-07-14,961.46,969.52,958.77,966.83,1134900,972.024,943.511,927.281,58.107,14.249,11.074,3.175,943.511,1002.495,884.526
2022-07-15,974.89,982.95,964.15,978.47,1369600,974.71,947.852,927.245,61.498,14.662,11.792,2.87,947.852,1003.444,892.261
2022-07-19,974.89,975.78,955.19,964.15,1503000,969.876,951.612,927.281,55.542,13.675,12.168,1.507,951.612,1000.156,903.069
2022-07-20,977.57,987.42,967.73,986.53,1238900,972.742,956.223,927.424,61.773,14.532,12.641,1.891,956.223,999.032,913.414
2022-07-21,968.62,992.79,968.62,992.79,1176600,977.754,960.609,928.23,63.322,15.537,13.22,2.317,960.609,999.106,922.113
2022-07-22,989.21,1000.85,988.32,988.32,1287300,982.052,963.743,929.716,61.409,15.791,13.734,2.056,963.743,1000.417,927.069
2022-07-25,987.42,991.0,982.95,987.42,985100,983.842,966.474,931.041,61.009,15.738,14.135,1.603,966.474,1001.547,931.4
2022-07-26,987.42,988.32,974.89,979.36,1211500,986.884,968.532,932.724,57.406,14.874,14.283,0.591,968.532,1001.377,935.688
2022-07-27,984.74,987.42,978.47,984.74,1257600,986.526,970.412,934.282,59.141,14.457,14.318,0.139,970.412,1002.394,938.431
2022-07-28,986.53,986.53,967.73,973.99,1848500,982.766,971.442,935.517,54.375,13.108,14.076,-0.968,971.442,1002.428,940.456
2022-07-29,981.15,981.15,958.77,964.15,1674900,977.932,972.024,936.735,50.374,11.117,13.484,-2.367,972.024,1001.931,942.117
2022-08-01,962.36,970.41,959.67,967.73,1140800,973.994,973.188,938.06,51.765,9.715,12.73,-3.015,973.188,1000.254,946.122
2022-08-02,957.88,960.56,929.23,932.81,1910500,964.684,972.517,938.221,39.992,5.721,11.328,-5.607,972.517,1002.865,942.168
2022-08-03,940.87,943.56,930.13,939.08,1771500,955.552,972.338,938.704,42.52,3.027,9.668,-6.641,972.338,1003.459,941.216
2022-08-04,957.88,957.88,938.18,950.72,1916200,950.898,971.487,939.438,46.985,1.81,8.096,-6.287,971.487,1004.036,938.938
2022-08-05,947.14,961.46,938.18,947.14,1751200,947.496,969.876,940.226,45.806,0.55,6.587,-6.037,969.876,1003.939,935.813
2022-08-08,950.72,951.61,926.55,929.23,1740500,939.796,968.085,940.477,40.353,-1.872,4.895,-6.767,968.085,1006.681,929.49
2022-08-09,933.71,939.97,916.7,916.7,1202800,936.574,964.504,940.029,37.032,-4.747,2.967,-7.714,964.504,1008.155,920.854
2022-08-10,913.12,933.71,907.75,933.71,1285900,935.5,962.58,940.047,43.795,-5.59,1.256,-6.845,962.58,1008.153,917.007
2022-08-12,933.71,941.77,926.55,931.02,1296600,931.56,960.744,939.85,43.008,-6.4,-0.276,-6.124,960.744,1008.356,913.133
2022-08-15,931.02,942.66,928.34,939.97,1017900,930.126,959.402,940.548,46.455,-6.248,-1.47,-4.778,959.402,1007.799,911.004
2022-08-16,935.5,937.29,929.23,935.5,905700,931.38,957.253,941.246,44.991,-6.415,-2.459,-3.956,957.253,1005.901,908.605
2022-08-17,940.87,946.24,934.6,941.77,1095400,936.394,956.134,942.106,47.49,-5.972,-3.162,-2.81,956.134,1005.142,907.126
2022-08-18,936.39,939.08,924.76,925.65,942300,934.782,953.09,942.804,42.185,-6.843,-3.898,-2.945,953.09,1001.71,904.47
2022-08-19,918.49,923.86,913.12,918.49,1218500,932.276,949.375,942.929,40.045,-8.018,-4.722,-3.296,949.375,996.556,902.194
2022-08-22,902.38,920.28,902.38,917.59,1080400,927.8,945.839,943.001,39.772,-8.92,-5.561,-3.358,945.839,991.3,900.377
2022-08-23,903.27,917.59,903.27,914.91,1067200,923.682,942.213,943.252,38.92,-9.738,-6.397,-3.341,942.213,985.21,899.216
2022-08-24,909.54,914.91,904.17,912.22,1089200,917.772,938.856,943.448,38.04,-10.483,-7.214,-3.269,938.856,980.089,897.623
2022-08-25,905.96,910.43,902.38,904.17,1376000,913.476,934.828,943.717,35.457,-11.589,-8.089,-3.5,934.828,972.8,896.855
2022-08-26,905.06,905.96,894.32,898.8,1322700,909.538,931.068,944.183,33.807,-12.752,-9.022,-3.73,931.068,967.575,894.561
2022-08-29,884.47,897.9,882.68,897.0,1558200,905.42,927.71,944.487,33.249,-13.661,-9.95,-3.712,927.71,963.756,891.665
2022-08-30,897.9,899.69,891.63,899.69,1162100,902.376,924.309,944.648,34.977,-14.004,-10.76,-3.243,924.309,957.151,891.466
2022-08-31,892.53,900.59,891.63,900.59,1336900,900.05,922.698,944.881,35.578,-14.04,-11.416,-2.624,922.698,956.917,888.478
2022-09-01,885.37,893.42,881.79,881.79,2036900,895.574,919.833,944.63,29.453,-15.409,-12.215,-3.194,919.833,957.677,881.989
2022-09-02,887.16,890.74,873.73,890.74,2147500,893.962,916.834,944.344,35.175,-15.592,-12.89,-2.701,916.834,953.87,879.798
2022-09-05,881.79,888.95,880.89,884.47,972300,891.456,913.701,943.52,33.147,-16.057,-13.524,-2.534,913.701,950.545,876.856
2022-09-06,891.63,898.79,881.79,881.79,1155200,887.876,911.328,942.5,32.29,-16.453,-14.109,-2.343,911.328,950.025,872.632
2022-09-07,885.37,885.37,875.52,880.0,1383200,883.758,909.494,941.336,31.7,-16.718,-14.631,-2.087,909.494,950.527,868.46
2022-09-08,889.84,897.0,884.47,896.11,1742300,886.622,907.614,940.316,41.969,-15.45,-14.795,-0.655,907.614,947.402,867.825
2022-09-09,899.69,910.43,897.0,903.27,2144300,889.128,906.226,939.313,45.865,-13.71,-14.578,0.868,906.226,944.484,867.968
2022-09-12,907.75,919.38,903.27,915.8,1387100,895.394,905.017,938.579,51.944,-11.19,-13.9,2.71,905.017,940.19,869.845
2022-09-13,910.43,916.7,896.11,901.48,1537600,899.332,903.317,937.719,45.636,-10.231,-13.166,2.935,903.317,935.44,871.193
2022-09-14,884.47,888.95,876.41,881.79,2544400,899.69,900.317,936.43,38.681,-10.934,-12.72,1.786,900.317,928.252,872.383
2022-09-15,877.31,886.26,873.73,882.68,1648600,897.004,898.169,935.231,39.132,-11.289,-12.434,1.145,898.169,924.461,871.877
2022-09-16,874.62,881.79,871.04,879.1,2030800,892.17,896.2,933.458,37.922,-11.724,-12.292,0.568,896.2,921.978,870.421
2022-09-20,879.1,881.79,875.52,876.41,1559000,884.292,894.141,931.399,36.997,-12.145,-12.262,0.117,894.141,919.296,868.985
2022-09-21,873.73,881.79,870.15,879.1,1463500,879.816,892.35,929.68,38.61,-12.123,-12.234,0.112,892.35,916.353,868.347
2022-09-22,866.57,868.36,859.41,862.99,1979600,876.056,889.888,927.174,33.137,-13.252,-12.438,-0.814,889.888,915.364,864.413
2022-09-26,862.99,874.62,859.41,864.78,2816000,872.476,887.919,925.025,34.252,-13.843,-12.719,-1.124,887.919,914.797,861.041
2022-09-27,863.88,875.52,862.09,868.36,1885200,870.328,886.397,923.038,36.532,-13.863,-12.948,-0.915,886.397,914.115,858.679
2022-09-28,861.2,870.15,858.51,868.36,2121100,868.718,884.965,921.069,36.532,-13.72,-13.102,-0.618,884.965,913.328,856.602
2022-09-29,882.01,901.13,871.09,897.49,2274200,872.396,884.855,919.449,52.182,-11.129,-12.708,1.579,884.855,912.994,856.716
2022-09-30,898.4,901.13,882.92,887.47,2534900,877.292,884.199,917.915,47.815,-9.77,-12.12,2.35,884.199,911.389,857.009
2022-10-03,880.19,884.74,870.18,879.28,1671300,880.192,884.074,915.77,44.534,-9.248,-11.546,2.297,884.074,911.334,856.813
2022-10-04,890.2,910.23,886.56,909.32,1846500,888.384,885.002,914.101,56.361,-6.338,-10.504,4.167,885.002,914.402,855.603
2022-10-05,912.05,912.96,902.04,909.32,1400500,896.576,886.245,912.521,56.361,-3.985,-9.2,5.215,886.245,917.586,854.904
2022-10-06,910.23,918.42,903.86,904.77,1290400,898.032,887.394,910.868,54.326,-2.459,-7.852,5.393,887.394,919.717,855.071
2022-10-07,892.02,906.59,891.11,903.86,1130800,901.31,888.587,909.358,53.907,-1.308,-6.543,5.235,888.587,921.516,855.658
2022-10-11,891.11,901.13,887.47,895.66,1013700,904.586,888.565,907.576,50.152,-1.046,-5.444,4.398,888.565,921.473,855.656
2022-10-12,898.4,901.13,888.38,894.75,1013000,901.672,888.138,905.992,49.738,-0.901,-4.535,3.634,888.138,920.461,855.816
2022-10-13,898.4,899.31,885.65,894.75,881000,898.758,887.086,904.604,49.738,-0.777,-3.784,3.007,887.086,916.888,857.284
2022-10-14,902.95,910.23,895.66,904.77,1024100,898.758,887.25,903.344,54.532,0.128,-3.001,3.129,887.25,917.421,857.08
2022-10-17,904.77,905.68,892.93,894.75,861000,896.936,887.898,902.583,49.452,0.037,-2.394,2.43,887.898,918.132,857.665
2022-10-18,903.86,909.32,899.31,905.68,1080100,898.94,889.049,901.915,54.438,0.836,-1.748,2.584,889.049,920.183,857.914
2022-10-19,905.68,917.51,902.95,903.86,1093900,900.762,890.286,900.978,53.492,1.308,-1.137,2.445,890.286,921.723,858.85
2022-10-20,890.2,898.4,888.38,892.02,1299700,900.216,891.067,899.876,47.685,0.718,-0.766,1.484,891.067,921.82,860.314
2022-10-21,887.47,889.29,875.64,875.64,1344500,894.39,890.894,898.804,41.047,-1.058,-0.824,-0.234,890.894,921.968,859.82
2022-10-24,889.29,893.84,884.74,887.47,1088100,892.934,892.118,898.219,46.806,-1.495,-0.958,-0.537,892.118,920.364,863.872
2022-10-25,893.84,893.84,884.74,888.38,956000,889.474,893.298,897.313,47.234,-1.747,-1.116,-0.631,893.298,918.548,868.048
2022-10-26,897.49,921.15,895.66,918.42,1781600,892.386,895.801,897.061,58.95,0.472,-0.799,1.27,895.801,920.562,871.04
2022-10-27,916.6,916.6,901.13,902.04,1094000,894.39,897.485,896.302,52.15,0.898,-0.459,1.357,897.485,918.718,876.252
2022-10-28,892.93,910.23,890.2,899.31,1458400,899.124,897.576,895.578,51.092,1.004,-0.167,1.17,897.576,918.825,876.327
2022-10-31,920.24,931.16,911.14,926.61,2311200,906.952,899.533,895.275,59.86,3.253,0.517,2.736,899.533,923.851,875.215
2022-11-01,922.97,926.61,911.14,911.14,1307400,911.504,901.126,894.985,53.957,3.744,1.163,2.581,901.126,923.988,878.264
2022-11-02,907.5,922.97,903.86,915.69,1382400,910.958,901.444,894.929,55.352,4.449,1.82,2.629,901.444,924.955,877.934
2022-11-04,904.77,909.32,891.11,893.84,1288500,909.318,900.67,894.454,47.855,3.208,2.097,1.11,900.67,924.109,877.232
2022-11-07,896.57,911.14,894.75,902.95,1103200,910.046,900.58,894.215,50.845,2.925,2.263,0.662,900.58,923.965,877.194
2022-11-08,909.32,911.14,901.13,910.23,845500,906.77,900.898,894.175,53.155,3.252,2.461,0.791,900.898,924.642,877.154
2022-11-09,893.84,915.69,885.65,908.41,3657900,906.224,901.536,894.26,52.491,3.325,2.634,0.691,901.536,925.372,877.699
2022-11-10,909.32,943.0,899.31,933.89,2981100,909.864,903.492,894.961,60.024,5.377,3.182,2.195,903.492,931.11,875.875
2022-11-11,936.62,949.37,936.62,942.09,2202400,919.514,905.859,895.863,62.107,7.578,4.061,3.516,905.859,938.057,873.662
2022-11-14,945.73,973.94,944.82,966.66,2811400,932.256,908.954,897.203,67.56,11.176,5.484,5.691,908.954,951.077,866.831
2022-11-15,968.48,975.76,963.02,970.3,1949000,944.27,912.732,898.597,68.288,14.157,7.219,6.939,912.732,962.371,863.092
2022-11-16,973.94,993.06,970.3,992.15,2367700,961.018,917.055,900.804,72.306,18.075,9.39,8.685,917.055,977.906,856.204
2022-11-17,992.15,1014.9,985.78,1003.07,2402100,974.854,922.015,903.051,74.074,21.81,11.874,9.936,922.015,993.571,850.46
2022-11-18,1001.25,1015.81,998.52,1009.44,2425600,988.324,927.886,905.55,75.074,24.996,14.498,10.497,927.886,1007.853,847.92
2022-11-21,1017.64,1025.83,1011.26,1021.28,1967900,999.248,935.168,908.34,76.86,28.151,17.229,10.922,935.168,1021.383,848.954
2022-11-22,1024.92,1044.94,1024.01,1039.48,2003700,1013.084,942.769,911.529,79.313,31.754,20.134,11.62,942.769,1037.645,847.893
2022-11-24,1050.4,1055.86,1041.3,1046.76,1674200,1024.006,950.688,914.542,80.217,34.796,23.066,11.73,950.688,1052.626,848.75
2022-11-25,1054.04,1064.97,1046.76,1052.22,1544300,1033.836,957.378,917.521,80.891,37.219,25.897,11.322,957.378,1067.623,847.133
2022-11-28,1055.86,1064.06,1039.48,1042.21,1523900,1040.39,964.387,920.05,75.792,37.894,28.296,9.598,964.387,1077.601,851.172
2022-11-29,1039.48,1039.48,1022.19,1024.01,3412600,1040.936,970.622,922.5,67.464,36.539,29.945,6.594,970.622,1082.472,858.771
2022-11-30,1011.26,1026.74,1011.26,1013.99,2474100,1035.838,974.99,925.144,63.338,34.262,30.808,3.454,974.99,1086.428,863.553
2022-12-01,1012.17,1016.72,991.24,1002.16,1643200,1026.918,979.542,927.534,58.768,31.144,30.875,0.268,979.542,1087.376,871.707
2022-12-02,1001.25,1015.81,993.06,1008.53,2036500,1018.18,984.184,930.122,60.424,28.854,30.471,-1.617,984.184,1088.377,879.99
2022-12-05,1028.56,1035.84,1005.8,1027.65,2179100,1015.268,990.874,933.147,64.971,28.256,30.028,-1.772,990.874,1087.555,894.193
2022-12-06,1030.38,1062.24,1028.56,1050.4,2486300,1020.546,998.246,936.573,69.466,29.281,29.879,-0.598,998.246,1089.003,907.49
2022-12-07,1035.84,1052.22,1032.2,1043.12,1626400,1026.372,1004.891,940.176,66.524,29.169,29.737,-0.568,1004.891,1087.619,922.163
2022-12-08,1049.49,1053.13,1040.39,1046.76,2001700,1035.292,1011.809,943.815,67.271,29.04,29.597,-0.558,1011.809,1082.884,940.733
2022-12-09,1039.48,1051.31,1031.29,1034.02,1923300,1040.39,1016.815,947.129,62.055,27.591,29.196,-1.605,1016.815,1078.231,955.399
2022-12-12,1024.92,1039.48,1022.19,1033.11,1051700,1041.482,1021.366,950.424,61.687,26.069,28.571,-2.502,1021.366,1072.013,970.719
2022-12-13,1034.93,1049.49,1034.02,1041.3,1272500,1039.662,1025.098,953.3,63.769,25.233,27.903,-2.67,1025.098,1069.37,980.826
2022-12-14,1046.76,1054.95,1036.75,1037.66,910700,1038.57,1028.466,956.304,62.153,24.0,27.122,-3.123,1028.466,1064.706,992.226
2022-12-15,1034.93,1037.66,1024.01,1024.01,1034900,1034.02,1030.059,959.198,56.381,21.671,26.032,-4.361,1030.059,1062.14,997.978
2022-12-16,1016.72,1029.47,1011.26,1017.64,1586700,1030.744,1030.787,961.365,53.867,19.092,24.644,-5.552,1030.787,1060.888,1000.687
2022-12-19,1013.99,1018.55,1006.71,1011.26,1496300,1026.374,1030.878,963.403,51.396,16.344,22.984,-6.64,1030.878,1060.717,1001.04
2022-12-20,1012.17,1020.37,985.78,999.43,1426900,1018.0,1029.786,965.297,47.081,13.062,21.0,-7.938,1029.786,1062.56,997.012
2022-12-21,999.43,1013.99,994.88,1005.8,1739400,1011.628,1028.102,967.335,49.538,10.849,18.97,-8.12,1028.102,1062.213,993.991
2022-12-22,1001.25,1002.16,989.42,994.88,1154200,1005.802,1025.508,969.32,45.628,8.121,16.8,-8.679,1025.508,1061.484,989.532
2022-12-23,986.69,996.7,985.78,991.24,1070800,1000.522,1022.459,971.25,44.371,5.601,14.56,-8.959,1022.459,1059.23,985.688
2022-12-26,989.42,997.61,985.78,992.15,671300,996.7,1019.956,973.198,44.78,3.635,12.375,-8.74,1019.956,1057.864,982.048
2022-12-27,993.06,996.7,984.87,984.87,737100,993.788,1017.999,974.8,42.109,1.473,10.195,-8.722,1017.999,1058.945,977.053
2022-12-28,984.87,990.33,978.5,988.51,774400,990.33,1016.725,976.675,43.911,0.052,8.166,-8.114,1016.725,1059.73,973.72
2022-12-29,990.33,993.06,976.67,981.23,785700,987.6,1015.678,978.186,41.152,-1.642,6.204,-7.847,1015.678,1061.126,970.231
2022-12-30,981.23,986.69,975.76,977.59,815500,984.87,1014.132,979.66,39.806,-3.242,4.315,-7.557,1014.132,1062.608,965.655
2023-01-04,968.48,968.48,943.91,944.82,1692200,975.404,1009.99,980.716,30.22,-7.072,2.038,-9.109,1009.99,1067.005,952.975
2023-01-05,942.09,943.0,924.79,937.54,2285300,965.938,1004.347,981.954,28.573,-10.573,-0.484,-10.088,1004.347,1066.62,942.074
2023-01-06,944.82,948.46,928.43,933.89,2009900,955.014,998.886,982.883,27.757,-13.486,-3.085,-10.401,998.886,1065.825,931.946
2023-01-10,934.8,944.82,922.97,925.7,2446300,943.908,992.832,983.629,25.964,-16.268,-5.721,-10.547,992.832,1063.343,922.322
2023-01-11,935.71,953.01,934.8,947.55,1993900,937.9,988.509,984.212,37.552,-16.52,-7.881,-8.639,988.509,1058.99,918.028
2023-01-12,954.83,958.47,943.0,943.91,1012300,937.718,984.049,985.049,36.527,-16.819,-9.669,-7.15,984.049,1053.933,914.165
2023-01-13,933.89,944.82,919.33,922.97,1443200,934.804,978.132,985.522,31.24,-18.532,-11.441,-7.091,978.132,1047.643,908.622
2023-01-16,919.33,925.7,913.87,914.78,986100,930.982,971.988,985.286,29.445,-20.317,-13.216,-7.1,971.988,1041.066,902.911
2023-01-17,910.23,918.42,907.5,915.69,1033400,928.98,966.572,985.377,29.927,-21.41,-14.855,-6.555,966.572,1035.462,897.683
2023-01-18,916.6,938.45,916.6,932.07,975500,925.884,962.294,985.704,38.118,-20.717,-16.028,-4.689,962.294,1028.402,896.186
2023-01-19,932.07,937.54,926.61,928.43,812800,922.788,958.152,986.396,37.081,-20.228,-16.868,-3.36,958.152,1021.672,894.633
2023-01-20,928.43,936.62,921.15,933.89,1124200,924.972,954.875,987.015,39.73,-19.178,-17.33,-1.849,954.875,1016.151,893.6
2023-01-23,937.54,939.36,930.25,938.45,1216400,929.706,951.508,987.579,41.929,-17.774,-17.419,-0.355,951.508,1008.234,894.782
2023-01-24,943.91,944.82,927.52,927.52,1931400,932.072,948.14,987.962,38.32,-17.343,-17.403,0.061,948.14,1001.947,894.333
2023-01-25,927.52,932.98,917.51,930.25,1967100,931.708,945.09,987.889,39.716,-16.59,-17.241,0.651,945.09,995.413,894.768
2023-01-26,927.52,931.16,915.69,917.51,2081500,929.524,941.358,987.397,35.66,-16.827,-17.158,0.331,941.358,987.916,894.801
2023-01-27,917.51,932.07,914.78,915.69,3233400,925.884,937.9,986.378,35.108,-16.966,-17.12,0.153,937.9,980.996,894.803
2023-01-30,910.23,921.15,908.41,914.78,3950300,921.15,934.213,985.267,34.818,-16.955,-17.087,0.132,934.213,971.273,897.153
2023-01-31,922.97,927.52,914.78,919.33,1991900,919.512,931.118,983.811,37.594,-16.389,-16.947,0.558,931.118,961.356,900.88
2023-02-01,920.24,925.7,916.6,916.6,2084200,916.782,928.068,982.082,36.587,-15.977,-16.753,0.776,928.068,949.629,906.508
2023-02-02,916.6,921.15,912.96,915.69,1999700,916.418,926.612,980.207,36.239,-15.545,-16.512,0.966,926.612,947.327,905.897
2023-02-03,908.41,913.87,895.66,898.4,2875900,912.96,924.655,977.749,30.33,-16.409,-16.491,0.082,924.655,948.222,901.088
2023-02-06,905.68,908.41,898.4,902.04,2077900,910.412,923.062,975.0,32.814,-16.608,-16.514,-0.093,923.062,948.251,897.874
2023-02-07,903.86,905.68,899.31,902.04,2282200,906.954,921.88,972.106,32.814,-16.575,-16.526,-0.048,921.88,948.715,895.044
2023-02-08,898.4,923.88,894.75,922.97,2604800,908.228,920.65,969.521,45.718,-14.69,-16.159,1.469,920.65,944.636,896.665
2023-02-09,918.42,921.15,909.32,912.05,1785300,907.5,919.057,966.918,41.265,-13.917,-15.711,1.793,919.057,940.651,897.464
2023-02-10,904.77,912.96,898.4,912.05,1410300,910.23,918.512,964.678,41.265,-13.153,-15.199,2.046,918.512,940.241,896.782
2023-02-13,917.51,921.15,912.05,917.51,1272900,913.324,918.648,962.749,44.405,-11.969,-14.553,2.584,918.648,940.313,896.983
2023-02-14,923.88,927.52,919.33,923.88,1486700,917.692,919.058,961.183,47.905,-10.397,-13.722,3.325,919.058,940.796,897.319
2023-02-15,928.43,929.34,908.41,909.32,1296300,914.962,917.92,959.199,41.478,-10.208,-13.019,2.811,917.92,939.167,896.673
2023-02-16,909.32,911.14,903.86,911.14,1741300,914.78,917.056,956.869,42.516,-9.799,-12.375,2.576,917.056,937.905,896.206
2023-02-17,902.04,908.41,900.22,905.68,2018000,913.506,915.645,953.974,40.212,-9.802,-11.86,2.059,915.645,935.492,895.798
2023-02-20,912.96,916.6,909.32,915.69,845600,913.142,914.507,951.426,45.992,-8.894,-11.267,2.373,914.507,931.21,897.804
2023-02-21,932.98,952.1,927.52,948.46,2690800,918.058,915.554,949.46,59.72,-5.467,-10.107,4.64,915.554,937.495,893.613
2023-02-22,953.01,955.74,933.89,941.18,1868800,924.43,916.1,947.603,56.297,-3.301,-8.746,5.445,916.1,940.036,892.165
2023-02-24,949.37,961.2,945.73,956.65,2144700,933.532,918.058,946.074,61.365,-0.332,-7.063,6.731,918.058,948.1,888.015
2023-02-27,957.56,965.75,951.19,959.38,1861700,944.272,920.242,944.435,62.198,2.216,-5.207,7.423,920.242,955.466,885.018
2023-02-28,955.74,958.47,943.91,946.64,1979800,950.462,921.835,942.615,56.116,3.17,-3.532,6.702,921.835,958.855,884.815
2023-03-01,943.0,943.91,929.34,930.25,1847300,946.82,922.381,940.74,49.421,2.574,-2.311,4.885,922.381,959.567,885.195
2023-03-02,927.52,936.62,922.06,924.79,2986400,943.542,922.79,938.883,47.393,1.643,-1.52,3.163,922.79,959.889,885.692
2023-03-03,920.24,948.46,918.42,946.64,4115800,941.54,924.338,937.59,55.3,2.637,-0.689,3.326,924.338,962.748,885.928
2023-03-06,949.37,958.47,944.82,954.83,2130300,940.63,927.16,936.698,57.857,4.039,0.257,3.782,927.16,965.837,888.482
2023-03-07,953.01,968.48,949.37,956.65,1762600,942.632,929.89,935.715,58.426,5.237,1.253,3.984,929.89,968.81,890.97
2023-03-08,954.83,971.21,953.92,966.66,1417800,949.914,933.121,935.151,61.505,6.915,2.385,4.529,933.121,973.023,893.219
2023-03-09,963.02,974.85,960.29,971.21,1076700,959.198,935.533,934.75,62.852,8.513,3.611,4.902,935.533,978.561,892.505
2023-03-10,968.48,973.94,964.84,965.75,1653800,963.02,938.218,934.222,60.133,9.233,4.735,4.497,938.218,981.775,894.661
2023-03-13,962.11,963.02,947.55,953.92,1315100,962.838,940.312,933.603,54.62,8.747,5.538,3.21,940.312,982.578,898.045
2023-03-14,942.09,944.82,932.98,942.09,1740300,959.926,941.54,932.675,49.712,7.324,5.895,1.429,941.54,982.423,900.658
2023-03-15,947.55,964.84,947.55,959.38,1430000,958.47,943.315,932.238,55.943,7.505,6.217,1.288,943.315,984.052,902.579
2023-03-16,953.92,982.14,951.19,974.85,2261100,959.198,946.592,932.183,60.642,8.795,6.732,2.062,946.592,986.345,906.839
2023-03-17,986.69,1019.46,979.41,1013.08,3470100,968.664,951.689,933.548,69.344,12.755,7.937,4.818,951.689,997.916,905.462
2023-03-20,1015.81,1016.72,985.78,985.78,2226300,975.036,955.694,934.513,59.267,13.534,9.056,4.478,955.694,998.919,912.469
2023-03-22,1005.8,1014.9,998.52,1002.16,2342600,987.05,960.017,935.879,62.764,15.298,10.305,4.993,960.017,1003.691,916.344
2023-03-23,994.88,1002.16,991.24,992.15,1592800,993.604,962.202,937.208,59.407,15.706,11.385,4.321,962.202,1007.771,916.633
2023-03-24,996.7,1016.72,984.87,1012.17,2047200,1001.068,965.752,938.5,63.6,17.444,12.597,4.847,965.752,1015.31,916.193
2023-03-27,1025.83,1044.03,1017.64,1039.48,2225000,1006.348,969.893,940.411,68.395,20.786,14.235,6.551,969.893,1029.145,910.641
2023-03-28,1042.21,1044.94,1020.37,1030.38,1977200,1015.268,973.443,942.56,65.308,22.441,15.876,6.565,973.443,1038.287,908.599
2023-03-29,1030.38,1038.57,1020.37,1036.75,1749300,1022.186,977.948,944.999,66.449,23.99,17.499,6.492,977.948,1047.315,908.582
2023-03-30,1043.21,1043.21,1028.44,1033.06,1319700,1030.368,983.089,947.346,65.113,24.636,18.926,5.71,983.089,1052.809,913.369
2023-03-31,1027.52,1045.98,1026.59,1043.21,1705300,1036.576,989.01,949.569,67.075,25.672,20.275,5.396,989.01,1057.994,920.026
2023-04-03,1050.6,1054.29,1033.98,1039.52,999000,1036.584,993.654,951.791,65.63,25.896,21.399,4.496,993.654,1063.131,924.177
2023-04-04,1043.21,1062.6,1038.6,1051.52,1654400,1040.812,998.488,954.144,68.041,26.733,22.466,4.267,998.488,1070.017,926.96
2023-04-05,1050.6,1051.52,1026.59,1028.44,1348900,1039.15,1002.078,955.943,59.408,25.244,23.022,2.222,1002.078,1071.952,932.204
2023-04-06,1020.13,1029.36,1014.59,1027.52,1362300,1038.042,1005.121,957.943,59.086,23.716,23.161,0.555,1005.121,1073.791,936.451
2023-04-07,1032.13,1033.98,1021.98,1023.83,1033600,1034.166,1007.752,959.815,57.735,21.954,22.919,-0.965,1007.752,1074.968,940.536
2023-04-10,1024.75,1033.98,1021.06,1025.67,804300,1031.396,1010.748,961.978,58.248,20.47,22.429,-1.959,1010.748,1075.373,946.123
2023-04-11,1033.06,1036.75,1021.06,1026.59,1244600,1026.41,1014.382,964.196,58.519,19.148,21.773,-2.625,1014.382,1073.49,955.273
2023-04-12,1026.59,1031.21,1014.59,1019.21,1221700,1024.564,1018.238,966.285,55.413,17.305,20.879,-3.575,1018.238,1066.569,969.906
2023-04-13,1030.29,1032.13,1018.29,1029.36,1357200,1024.932,1021.736,968.485,58.663,16.473,19.998,-3.525,1021.736,1061.499,981.974
2023-04-14,1018.29,1036.75,1016.44,1025.67,1587600,1025.3,1024.277,970.667,57.035,15.34,19.067,-3.727,1024.277,1057.358,991.197
2023-04-17,1025.67,1028.44,1002.59,1010.9,1433200,1022.346,1024.168,972.571,50.943,13.099,17.873,-4.774,1024.168,1057.419,990.918
2023-04-18,1009.98,1010.9,992.44,1000.75,1952300,1017.178,1024.917,974.618,47.211,10.384,16.375,-5.991,1024.917,1055.057,994.777
2023-04-19,997.98,997.98,978.59,987.82,2016300,1010.9,1024.2,976.334,42.899,7.107,14.522,-7.414,1024.2,1057.169,991.231
2023-04-20,995.21,995.21,979.51,988.74,1967600,1002.776,1024.03,978.068,43.296,4.532,12.524,-7.991,1024.03,1057.724,990.335
2023-04-21,994.28,1009.05,989.67,1001.67,1522800,997.976,1023.504,979.642,48.692,3.495,10.718,-7.223,1023.504,1058.286,988.723
2023-04-24,1008.13,1013.67,1002.59,1003.51,1086300,996.498,1021.706,981.471,49.43,2.789,9.132,-6.343,1021.706,1056.729,986.683
2023-04-25,1003.51,1013.67,1002.59,1006.28,1014000,997.604,1020.501,983.355,50.582,2.425,7.791,-5.366,1020.501,1055.923,985.079
2023-04-26,1008.13,1014.59,1002.59,1009.98,1830300,1002.036,1019.162,985.205,52.149,2.407,6.714,-4.307,1019.162,1054.018,984.307
2023-04-27,997.05,1010.9,992.44,1009.98,1981900,1006.284,1018.008,986.927,52.149,2.366,5.844,-3.478,1018.008,1052.453,983.564
2023-04-28,1037.67,1068.14,1033.06,1053.37,2732000,1016.624,1018.517,989.808,66.572,5.768,5.829,-0.061,1018.517,1054.777,982.256
2023-05-01,1068.14,1073.68,1059.83,1073.68,1634400,1030.658,1020.224,993.059,70.981,9.988,6.661,3.327,1020.224,1063.24,977.209
2023-05-02,1080.14,1081.06,1053.37,1062.6,1007300,1041.922,1020.778,996.197,65.876,12.297,7.788,4.508,1020.778,1065.733,975.824
2023-05-08,1068.14,1071.83,1058.91,1063.52,1050800,1052.63,1022.532,999.154,66.094,14.038,9.038,5.0,1022.532,1071.32,973.745
2023-05-09,1059.83,1073.68,1059.83,1067.22,987500,1064.078,1024.518,1001.529,67.007,15.538,10.338,5.2,1024.518,1077.231,971.804
2023-05-10,1065.37,1071.83,1056.14,1063.52,1319200,1066.108,1026.502,1003.976,65.119,16.241,11.519,4.722,1026.502,1082.021,970.983
2023-05-11,1071.83,1073.68,1058.91,1069.06,1329300,1065.184,1028.671,1006.224,66.635,17.049,12.625,4.424,1028.671,1087.354,969.989
2023-05-12,1096.76,1136.46,1081.06,1127.22,4332900,1078.108,1033.703,1009.581,77.629,22.127,14.525,7.602,1033.703,1107.057,960.349
2023-05-15,1125.38,1141.99,1112.45,1138.3,2262400,1093.064,1039.658,1013.414,79.046,26.737,16.968,9.769,1039.658,1126.205,953.11
2023-05-16,1139.22,1155.84,1136.46,1155.84,1981300,1110.788,1045.982,1017.926,81.087,31.443,19.863,11.581,1045.982,1146.687,945.276
2023-05-17,1154.0,1157.69,1143.84,1157.69,1210300,1129.622,1052.582,1022.584,81.294,34.92,22.874,12.046,1052.582,1164.379,940.786
2023-05-18,1158.61,1159.54,1148.46,1154.0,1077300,1146.61,1059.738,1026.731,79.427,36.952,25.69,11.262,1059.738,1178.407,941.068
2023-05-19,1157.69,1188.15,1154.0,1182.62,2704100,1157.69,1068.831,1031.287,82.739,40.405,28.633,11.772,1068.831,1196.034,941.628
2023-05-22,1200.16,1209.39,1191.85,1204.77,1921200,1170.984,1079.678,1036.249,84.781,44.418,31.79,12.628,1079.678,1214.564,944.793
2023-05-23,1232.47,1235.24,1211.23,1220.47,2358800,1183.91,1091.265,1041.325,86.042,48.307,35.093,13.214,1091.265,1232.901,949.629
2023-05-24,1220.47,1220.47,1175.23,1178.0,2337500,1187.972,1100.082,1045.461,69.316,47.417,37.558,9.859,1100.082,1240.179,959.984
2023-05-25,1187.23,1200.16,1177.08,1183.54,2044200,1193.88,1109.083,1049.817,70.132,46.62,39.37,7.25,1109.083,1246.157,972.009
2023-05-26,1176.15,1194.62,1171.54,1180.77,1290100,1193.51,1117.808,1054.354,69.142,45.244,40.545,4.699,1117.808,1249.435,986.18
2023-05-29,1190.92,1198.31,1181.69,1191.85,1135600,1190.926,1126.901,1059.349,70.911,44.534,41.343,3.191,1126.901,1252.136,1001.666
2023-05-30,1206.62,1215.85,1187.23,1194.62,1577900,1185.756,1136.133,1064.054,71.353,43.691,41.813,1.879,1136.133,1251.945,1020.321
2023-05-31,1176.15,1183.54,1162.3,1169.69,3430000,1184.094,1141.949,1067.951,62.194,40.544,41.559,-1.015,1141.949,1251.79,1032.108
2023-06-01,1172.46,1180.77,1161.38,1176.15,1117600,1182.616,1147.072,1071.212,63.501,38.132,40.874,-2.741,1147.072,1252.995,1041.15
2023-06-02,1169.69,1178.92,1166.92,1178.92,1126900,1182.246,1152.888,1075.075,64.075,36.029,39.905,-3.876,1152.888,1251.825,1053.952
2023-06-05,1191.39,1200.16,1176.15,1195.54,1183800,1182.984,1159.49,1078.942,67.387,35.296,38.983,-3.687,1159.49,1250.63,1068.349
2023-06-06,1191.85,1203.39,1182.15,1197.39,1235000,1183.538,1165.998,1083.047,67.744,34.467,38.08,-3.613,1165.998,1247.474,1084.522
2023-06-07,1196.0,1196.46,1169.69,1170.15,1846500,1183.63,1171.33,1086.207,57.736,31.252,36.714,-5.462,1171.33,1236.99,1105.669
2023-06-08,1162.3,1164.15,1132.3,1141.99,3010600,1176.798,1174.976,1088.257,49.582,26.13,34.597,-8.467,1174.976,1222.248,1127.704
2023-06-09,1157.23,1159.54,1146.61,1154.0,1962200,1171.814,1176.315,1090.729,52.653,22.778,32.233,-9.455,1176.315,1219.206,1133.424
2023-06-12,1155.38,1162.77,1150.3,1154.0,1008000,1163.506,1177.1,1093.074,52.653,19.892,29.765,-9.873,1177.1,1217.568,1136.632
2023-06-13,1148.46,1150.76,1133.22,1138.76,1745100,1151.78,1176.246,1095.188,48.321,16.188,27.05,-10.861,1176.246,1219.244,1133.248
2023-06-14,1135.99,1135.99,1109.68,1117.53,2117200,1141.256,1174.238,1096.675,43.012,11.409,23.922,-12.513,1174.238,1224.09,1124.386
2023-06-15,1117.07,1127.22,1104.6,1107.37,1953200,1134.332,1171.906,1098.032,40.707,6.724,20.482,-13.758,1171.906,1229.504,1114.309
2023-06-16,1116.14,1133.22,1109.68,1132.76,2920000,1130.084,1169.414,1099.657,48.181,5.002,17.386,-12.384,1169.414,1229.328,1109.499
2023-06-19,1135.53,1144.3,1127.68,1134.15,1391700,1126.114,1165.883,1101.771,48.563,3.706,14.65,-10.944,1165.883,1225.345,1106.42
2023-06-20,1128.61,1130.45,1110.14,1118.45,1076800,1122.052,1160.782,1103.589,44.564,1.397,11.999,-10.603,1160.782,1217.988,1103.575
2023-06-21,1128.15,1158.61,1127.68,1145.69,2721500,1127.684,1159.166,1106.027,51.956,1.744,9.948,-8.204,1159.166,1216.15,1102.182
2023-06-22,1148.0,1161.38,1147.07,1152.15,2047100,1136.64,1157.596,1108.556,53.538,2.512,8.461,-5.949,1157.596,1213.472,1101.721
2023-06-23,1165.54,1170.61,1162.3,1165.54,2087800,1143.196,1156.835,1111.335,56.719,4.153,7.6,-3.446,1156.835,1211.788,1101.882
2023-06-26,1154.0,1158.15,1136.46,1144.3,954000,1145.226,1154.458,1113.837,50.779,3.697,6.819,-3.122,1154.458,1207.098,1101.817
2023-06-27,1125.84,1132.3,1120.76,1122.15,696100,1145.966,1150.834,1115.693,45.436,1.531,5.762,-4.23,1150.834,1201.784,1099.884
2023-06-28,1112.91,1140.61,1112.91,1140.61,1363200,1144.95,1149.38,1117.992,50.145,1.289,4.867,-3.578,1149.38,1199.72,1099.04
2023-06-29,1144.76,1153.53,1133.69,1150.3,1364200,1144.58,1148.088,1120.78,52.464,1.858,4.265,-2.408,1148.088,1196.836,1099.339
2023-06-30,1150.3,1156.77,1126.76,1131.38,1270600,1137.748,1145.71,1123.392,47.789,0.773,3.567,-2.794,1145.71,1192.734,1098.687
2023-07-03,1141.99,1155.84,1141.99,1150.76,1124500,1139.04,1143.472,1126.651,52.462,1.46,3.145,-1.685,1143.472,1184.371,1102.572
2023-07-04,1139.22,1145.23,1131.38,1141.07,1369900,1142.824,1140.656,1129.698,50.05,1.209,2.758,-1.549,1140.656,1172.727,1108.584
2023-07-05,1138.76,1165.07,1135.99,1160.92,924400,1146.886,1140.194,1132.883,54.649,2.581,2.723,-0.141,1140.194,1170.706,1109.682
2023-07-06,1154.46,1159.07,1135.53,1144.76,845300,1145.778,1140.332,1135.708,50.567,2.339,2.646,-0.307,1140.332,1170.904,1109.761
2023-07-07,1141.99,1141.99,1114.3,1117.07,1485300,1142.916,1138.486,1137.923,44.441,-0.087,2.099,-2.187,1138.486,1170.027,1106.945
2023-07-10,1107.84,1113.38,1087.99,1094.91,1577400,1131.746,1135.532,1139.622,40.24,-3.755,0.928,-4.683,1135.532,1171.687,1099.376
2023-07-11,1093.99,1096.3,1077.37,1081.06,1228400,1119.744,1132.646,1141.044,37.833,-7.69,-0.795,-6.895,1132.646,1176.174,1089.119
2023-07-12,1078.29,1097.22,1075.99,1092.14,952200,1105.988,1131.377,1141.819,40.88,-9.802,-2.597,-7.205,1131.377,1178.123,1084.631
2023-07-13,1096.76,1112.45,1095.83,1108.3,949500,1098.696,1131.424,1142.511,45.106,-10.056,-4.088,-5.967,1131.424,1178.07,1084.777
2023-07-14,1104.61,1110.14,1089.83,1093.07,944400,1093.896,1129.439,1143.121,42.055,-11.355,-5.542,-5.813,1129.439,1179.124,1079.754
2023-07-18,1103.68,1120.3,1096.3,1119.84,1176800,1098.882,1128.724,1144.247,48.632,-10.108,-6.455,-3.653,1128.724,1178.535,1078.912
2023-07-19,1124.45,1124.92,1101.84,1107.84,1258400,1104.238,1128.193,1145.06,46.106,-9.973,-7.158,-2.814,1128.193,1178.687,1077.699
2023-07-20,1115.22,1119.38,1102.3,1102.3,832600,1106.27,1126.024,1145.835,44.945,-10.195,-7.766,-2.429,1126.024,1177.077,1074.97
2023-07-21,1110.14,1122.61,1102.76,1113.84,1023100,1107.378,1124.108,1146.731,47.888,-9.333,-8.079,-1.254,1124.108,1173.893,1074.323
2023-07-24,1122.61,1124.45,1102.3,1121.68,697000,1113.1,1121.915,1146.62,49.85,-7.925,-8.048,0.123,1121.915,1167.721,1076.109
2023-07-25,1122.15,1123.53,1108.76,1112.45,818200,1111.622,1120.322,1146.103,47.579,-7.469,-7.932,0.464,1120.322,1165.054,1075.591
2023-07-26,1114.76,1123.53,1110.61,1118.91,693700,1113.836,1120.161,1145.364,49.319,-6.51,-7.648,1.138,1120.161,1164.887,1075.434
2023-07-27,1115.22,1117.99,1104.6,1117.99,722300,1116.974,1119.03,1144.57,49.069,-5.759,-7.27,1.511,1119.03,1162.711,1075.348
2023-07-28,1114.3,1136.46,1105.99,1133.69,1399700,1120.944,1118.199,1144.164,53.406,-3.852,-6.586,2.735,1118.199,1159.967,1076.431
2023-07-31,1156.77,1161.38,1143.38,1146.61,1660300,1125.93,1118.96,1143.444,56.676,-1.283,-5.526,4.243,1118.96,1162.267,1075.654
2023-08-01,1146.61,1157.23,1145.69,1157.23,939800,1134.886,1119.284,1142.493,59.21,1.591,-4.102,5.693,1119.284,1163.674,1074.894
2023-08-02,1149.38,1167.38,1145.69,1157.23,1378300,1142.55,1120.092,1141.228,59.21,3.825,-2.517,6.342,1120.092,1166.685,1073.499
2023-08-03,1156.77,1158.61,1140.61,1145.69,1836700,1148.09,1119.33,1140.582,55.145,4.611,-1.091,5.702,1119.33,1163.552,1075.109
2023-08-04,1201.08,1234.78,1185.85,1199.23,4222400,1161.198,1122.054,1140.896,66.601,9.445,1.016,8.429,1122.054,1178.019,1066.089
2023-08-07,1200.16,1206.62,1170.15,1181.23,2361600,1168.122,1125.262,1140.905,60.964,11.689,3.15,8.538,1125.262,1187.074,1063.45
2023-08-08,1192.77,1202.46,1176.15,1181.23,1962300,1172.922,1129.578,1140.693,60.964,13.314,5.183,8.131,1129.578,1194.446,1064.71
2023-08-09,1194.62,1214.93,1190.92,1211.7,1590600,1183.816,1136.11,1141.034,66.526,16.866,7.52,9.346,1136.11,1206.483,1065.737
2023-08-10,1201.54,1239.39,1197.39,1236.16,1838500,1201.91,1143.311,1142.364,70.197,21.408,10.297,11.11,1143.311,1223.526,1063.096
2023-08-14,1246.32,1262.93,1240.78,1243.55,1699900,1210.774,1150.074,1143.712,71.224,25.312,13.3,12.012,1150.074,1240.069,1060.078
2023-08-15,1241.7,1262.93,1227.85,1256.47,1165500,1225.822,1158.244,1145.263,72.977,29.113,16.463,12.65,1158.244,1255.8,1060.687
2023-08-16,1270.32,1294.32,1268.47,1287.86,1804600,1247.148,1166.644,1147.109,76.692,34.263,20.023,14.24,1166.644,1278.208,1055.081
2023-08-17,1292.48,1293.4,1261.55,1266.63,1553600,1258.134,1174.584,1148.494,69.712,36.214,23.261,12.953,1174.584,1291.022,1058.146
2023-08-18,1248.62,1253.24,1221.39,1227.39,1502100,1256.38,1180.838,1149.639,59.019,34.199,25.449,8.751,1180.838,1294.329,1067.348
2023-08-21,1232.01,1242.62,1228.77,1234.78,842400,1254.626,1186.885,1151.495,60.255,32.821,26.923,5.898,1186.885,1298.212,1075.559
2023-08-22,1234.78,1247.24,1226.93,1230.16,1118400,1249.364,1192.309,1153.018,59.056,30.998,27.738,3.26,1192.309,1300.794,1083.825
2023-08-23,1228.31,1233.39,1218.16,1222.31,1463100,1236.254,1197.802,1154.384,56.98,28.591,27.909,0.682,1197.802,1300.217,1095.388
2023-08-24,1228.31,1233.85,1222.77,1227.39,1127800,1228.406,1203.226,1156.157,58.009,26.784,27.684,-0.899,1203.226,1299.345,1107.108
2023-08-25,1223.7,1237.55,1218.62,1234.31,1094100,1229.79,1209.042,1158.492,59.432,25.616,27.27,-1.655,1209.042,1297.192,1120.893
2023-08-28,1252.78,1257.39,1233.85,1239.39,955300,1230.712,1214.327,1161.133,60.49,24.813,26.779,-1.966,1214.327,1295.883,1132.772
2023-08-29,1244.01,1251.39,1236.62,1244.47,905400,1233.574,1219.221,1163.367,61.57,24.307,26.285,-1.977,1219.221,1295.222,1143.219
2023-08-30,1250.93,1256.93,1245.85,1253.24,3438300,1239.76,1224.021,1165.749,63.428,24.333,25.894,-1.561,1224.021,1295.532,1152.51
2023-08-31,1248.16,1262.93,1246.32,1250.47,1414200,1244.376,1228.683,1168.389,62.402,23.855,25.486,-1.631,1228.683,1293.725,1163.641
2023-09-01,1246.32,1255.55,1246.32,1253.24,1107300,1248.162,1234.06,1170.54,63.046,23.43,25.075,-1.645,1234.06,1286.839,1181.282
2023-09-04,1243.08,1253.24,1241.7,1253.24,1382800,1250.932,1236.761,1172.562,63.046,22.83,24.626,-1.796,1236.761,1287.525,1185.997
2023-09-05,1250.47,1268.47,1248.16,1267.09,962400,1255.456,1241.054,1174.593,66.384,23.204,24.342,-1.137,1241.054,1286.262,1195.846
2023-09-06,1267.09,1280.01,1266.16,1274.93,1258800,1259.794,1245.739,1177.205,68.139,23.859,24.245,-0.387,1245.739,1283.68,1207.798
2023-09-07,1267.09,1277.7,1261.55,1271.7,1238000,1264.04,1248.739,1180.196,66.597,23.842,24.164,-0.323,1248.739,1284.789,1212.689
2023-09-08,1271.7,1295.71,1268.47,1282.78,1719100,1269.948,1251.07,1183.04,69.174,24.441,24.22,0.221,1251.07,1289.636,1212.504
2023-09-11,1283.24,1296.17,1275.4,1295.25,1142900,1278.35,1253.655,1185.939,71.811,25.626,24.501,1.125,1253.655,1296.762,1210.548
2023-09-12,1303.55,1323.86,1302.17,1321.56,1532800,1289.244,1256.91,1189.742,76.398,28.362,25.273,3.089,1256.91,1309.661,1204.158
2023-09-13,1328.48,1331.25,1292.48,1297.09,1487700,1293.676,1257.371,1192.669,65.691,28.23,25.864,2.365,1257.371,1311.409,1203.333
2023-09-14,1310.94,1324.33,1301.25,1322.48,1361700,1303.832,1260.164,1196.297,70.337,29.83,26.658,3.172,1260.164,1321.496,1198.831
2023-09-15,1322.48,1335.4,1314.17,1329.4,1719500,1313.156,1265.264,1199.667,71.47,31.296,27.585,3.711,1265.264,1331.861,1198.667
2023-09-19,1321.09,1328.94,1309.55,1321.09,1510800,1318.324,1269.58,1203.193,68.104,31.425,28.353,3.072,1269.58,1338.986,1200.173
2023-09-20,1310.48,1324.79,1281.86,1290.17,1911200,1312.046,1272.58,1206.655,57.291,28.701,28.423,0.278,1272.58,1339.97,1205.19
2023-09-21,1283.71,1307.25,1276.32,1286.47,1929800,1309.922,1275.788,1210.487,56.143,25.945,27.927,-1.982,1275.788,1339.087,1212.489
2023-09-22,1283.24,1299.4,1280.94,1292.48,1604900,1303.922,1279.042,1214.715,57.629,23.969,27.136,-3.166,1279.042,1338.436,1219.649
2023-09-25,1310.02,1316.48,1303.09,1311.4,1405600,1300.322,1282.897,1219.1,61.995,23.658,26.44,-2.782,1282.897,1340.031,1225.763
2023-09-26,1303.09,1313.71,1297.09,1300.32,713900,1296.168,1285.943,1222.941,58.212,22.26,25.604,-3.344,1285.943,1339.708,1232.179
2023-09-27,1301.71,1315.09,1295.71,1313.25,1158100,1300.784,1289.382,1227.344,61.188,21.943,24.872,-2.929,1289.382,1340.721,1238.044
2023-09-28,1292.71,1302.04,1284.77,1292.71,1581500,1302.032,1291.356,1230.802,54.542,19.805,23.858,-4.053,1291.356,1339.797,1242.915
2023-09-29,1292.71,1303.44,1276.37,1282.44,1546500,1300.024,1292.954,1234.294,51.529,17.086,22.504,-5.418,1292.954,1337.683,1248.226
2023-10-02,1274.5,1296.44,1259.09,1260.03,1716500,1289.75,1293.294,1237.448,45.607,12.973,20.598,-7.625,1293.294,1336.84,1249.748
2023-10-03,1275.9,1278.7,1255.82,1261.43,1441300,1281.972,1293.704,1240.4,46.025,9.715,18.421,-8.707,1293.704,1335.794,1251.613
2023-10-04,1251.16,1254.89,1239.02,1245.55,1669900,1268.432,1292.626,1242.877,42.081,5.784,15.894,-10.11,1292.626,1338.515,1246.738
2023-10-05,1242.75,1261.43,1231.08,1260.49,1234300,1261.988,1291.904,1245.838,46.707,3.83,13.481,-9.651,1291.904,1339.392,1244.417
2023-10-06,1280.1,1290.37,1274.03,1276.37,952200,1260.774,1292.138,1248.987,51.172,3.523,11.489,-7.966,1292.138,1339.252,1245.024
2023-10-10,1282.44,1289.44,1275.43,1283.37,1117000,1265.442,1292.168,1252.295,53.04,3.8,9.952,-6.151,1292.168,1339.257,1245.078
2023-10-11,1282.9,1282.9,1259.09,1260.03,1157700,1265.162,1290.406,1254.822,46.635,2.113,8.384,-6.271,1290.406,1339.598,1241.215
2023-10-12,1261.89,1268.9,1257.23,1268.9,1228900,1269.832,1287.773,1257.268,49.148,1.474,7.002,-5.528,1287.773,1335.561,1239.986
2023-10-13,1258.63,1266.1,1239.02,1244.15,1182600,1266.564,1285.126,1259.006,43.055,-1.018,5.398,-6.416,1285.126,1336.474,1233.779
2023-10-16,1244.62,1246.49,1208.67,1213.34,1284100,1253.958,1279.67,1260.128,36.919,-5.416,3.235,-8.651,1279.67,1337.135,1222.204
2023-10-17,1227.35,1240.42,1219.41,1237.62,1347200,1244.808,1275.08,1261.967,43.725,-6.864,1.215,-8.079,1275.08,1330.445,1219.716
2023-10-18,1232.48,1241.35,1198.87,1208.67,2511500,1234.536,1269.46,1262.156,38.405,-10.229,-1.074,-9.155,1269.46,1327.898,1211.021
2023-10-19,1198.4,1227.35,1195.6,1218.01,2011300,1224.358,1265.852,1262.891,40.903,-12.004,-3.26,-8.744,1265.852,1327.716,1203.987
2023-10-20,1232.48,1241.82,1208.21,1208.67,2019100,1217.262,1261.962,1263.44,39.191,-14.003,-5.408,-8.595,1261.962,1328.009,1195.914
2023-10-23,1214.28,1222.21,1197.94,1201.67,1162500,1214.928,1257.421,1263.239,37.91,-15.968,-7.52,-8.448,1257.421,1327.025,1187.817
2023-10-24,1185.8,1193.73,1171.79,1190.93,1766000,1205.59,1251.398,1262.335,35.968,-18.182,-9.653,-8.529,1251.398,1322.174,1180.621
2023-10-25,1202.6,1217.08,1198.4,1205.87,1912600,1205.03,1246.675,1261.581,40.532,-18.518,-11.426,-7.092,1246.675,1316.302,1177.048
2023-10-26,1201.67,1209.14,1190.93,1199.8,1050800,1201.388,1241.002,1260.448,39.306,-19.054,-12.951,-6.103,1241.002,1306.132,1175.873
2023-10-27,1190.0,1214.74,1185.33,1214.28,1001400,1202.51,1237.081,1258.976,43.682,-18.102,-13.981,-4.121,1237.081,1298.437,1175.725
2023-10-30,1194.2,1212.41,1186.73,1192.33,2110800,1200.642,1232.576,1257.49,39.082,-18.901,-14.965,-3.935,1232.576,1293.136,1172.015
2023-10-31,1213.81,1221.28,1206.34,1220.81,1720300,1206.618,1230.615,1257.359,46.896,-17.039,-15.38,-1.659,1230.615,1289.96,1171.269
2023-11-01,1248.82,1251.62,1230.62,1235.75,1344500,1212.594,1229.33,1257.378,50.484,-14.195,-15.143,0.948,1229.33,1286.955,1171.706
2023-11-02,1237.15,1240.42,1226.41,1235.28,1093600,1219.69,1228.817,1257.48,50.368,-11.842,-14.483,2.641,1228.817,1286.014,1171.62
2023-11-06,1268.9,1268.9,1230.15,1230.61,1492100,1222.956,1227.323,1257.646,49.167,-10.236,-13.634,3.397,1227.323,1282.564,1172.082
2023-11-07,1232.48,1235.75,1212.41,1218.48,1768300,1228.186,1224.428,1257.468,46.091,-9.829,-12.873,3.043,1224.428,1274.691,1174.166
2023-11-08,1299.71,1345.93,1290.84,1341.26,5581800,1252.276,1227.323,1259.607,67.947,0.396,-10.219,10.615,1227.323,1295.391,1159.255
2023-11-09,1344.53,1344.99,1289.9,1301.11,2628500,1265.348,1229.377,1260.842,59.458,5.2,-7.135,12.335,1229.377,1303.785,1154.969
2023-11-10,1291.77,1307.18,1281.5,1292.71,1718400,1276.834,1230.568,1261.806,57.83,8.235,-4.061,12.296,1230.568,1308.324,1152.811
2023-11-13,1301.58,1323.52,1288.5,1295.04,1295700,1289.72,1233.112,1262.642,58.172,10.704,-1.108,11.812,1233.112,1315.908,1150.316
2023-11-14,1295.04,1310.45,1289.9,1292.71,1178500,1304.566,1237.08,1263.487,57.668,12.331,1.58,10.751,1237.08,1323.419,1150.742
2023-11-15,1282.44,1311.85,1281.97,1296.44,1641700,1295.602,1240.022,1264.351,58.291,13.763,4.016,9.746,1240.022,1330.352,1149.691
2023-11-16,1278.23,1285.7,1242.75,1242.75,1788000,1283.93,1241.726,1264.141,47.467,10.444,5.302,5.143,1241.726,1330.843,1152.608
2023-11-17,1245.55,1257.23,1225.48,1241.82,2188400,1273.752,1242.916,1263.636,47.303,7.652,5.772,1.88,1242.916,1331.333,1154.499
2023-11-20,1234.35,1260.03,1232.95,1244.15,1866800,1263.574,1244.69,1263.02,47.789,5.562,5.73,-0.168,1244.69,1331.626,1157.754
2023-11-21,1235.75,1251.16,1205.41,1248.36,1682400,1254.704,1247.024,1262.554,48.71,4.197,5.423,-1.226,1247.024,1331.571,1162.478
2023-11-22,1249.29,1278.7,1241.82,1267.5,1155500,1248.916,1250.853,1262.248,52.788,4.607,5.26,-0.653,1250.853,1331.551,1170.155
2023-11-24,1279.17,1280.1,1260.49,1273.1,1146900,1254.986,1254.214,1261.805,53.941,5.323,5.273,0.05,1254.214,1332.59,1175.839
2023-11-27,1283.84,1294.57,1279.17,1293.17,1123900,1265.256,1258.883,1261.237,57.911,7.424,5.703,1.721,1258.883,1334.693,1183.073
2023-11-28,1305.31,1318.85,1300.64,1315.11,1179900,1279.448,1263.924,1261.598,61.788,10.735,6.709,4.026,1263.924,1340.65,1187.199
2023-11-29,1303.44,1306.24,1288.04,1306.24,1016100,1291.024,1269.62,1261.273,59.406,12.5,7.867,4.632,1269.62,1340.67,1198.57
2023-11-30,1300.18,1308.58,1285.24,1306.24,1150100,1298.772,1273.892,1260.81,59.406,13.74,9.042,4.698,1273.892,1342.827,1204.956
2023-12-01,1327.72,1338.92,1318.85,1328.19,1817200,1309.79,1278.514,1260.952,63.45,16.306,10.495,5.811,1278.514,1349.058,1207.969
2023-12-04,1300.18,1311.85,1286.64,1301.58,892000,1311.472,1281.828,1261.18,56.147,16.008,11.597,4.41,1281.828,1350.011,1213.646
2023-12-05,1313.71,1315.58,1293.17,1294.11,1007300,1307.272,1285.004,1261.333,54.258,14.996,12.277,2.719,1285.004,1348.924,1221.083
2023-12-06,1307.18,1310.91,1292.24,1306.24,678700,1307.272,1289.392,1261.608,56.799,15.0,12.821,2.178,1289.392,1345.677,1233.106
2023-12-07,1302.04,1316.52,1302.04,1307.18,960700,1307.46,1287.687,1261.523,56.998,14.907,13.238,1.668,1287.687,1339.224,1236.151
2023-12-08,1307.65,1309.05,1292.71,1300.64,1349400,1301.95,1287.664,1261.53,55.094,14.142,13.419,0.723,1287.664,1339.176,1236.152
2023-12-11,1295.97,1309.98,1291.77,1298.78,1234600,1301.39,1287.968,1261.24,54.536,13.234,13.382,-0.148,1287.968,1339.675,1236.26
2023-12-12,1298.78,1311.85,1296.91,1308.11,767400,1304.19,1288.621,1261.548,56.895,13.116,13.329,-0.213,1288.621,1341.031,1236.211
2023-12-13,1318.38,1321.18,1304.84,1306.24,938900,1304.19,1289.298,1262.024,56.264,12.724,13.208,-0.484,1289.298,1342.276,1236.319
2023-12-14,1307.18,1316.98,1292.24,1307.65,1497600,1304.284,1289.858,1262.977,56.654,12.385,13.043,-0.658,1289.858,1343.389,1236.327
2023-12-15,1304.38,1311.38,1228.28,1245.55,5852100,1293.266,1289.998,1262.659,39.82,7.025,11.84,-4.815,1289.998,1343.022,1236.974
2023-12-18,1271.23,1284.77,1255.82,1283.84,1921800,1290.278,1292.099,1263.425,49.737,5.799,10.632,-4.832,1292.099,1340.186,1244.012
2023-12-19,1287.1,1295.97,1275.9,1288.04,1609100,1286.264,1294.294,1263.976,50.697,5.108,9.527,-4.419,1294.294,1336.855,1251.732
2023-12-20,1295.51,1311.38,1283.37,1288.5,1286500,1282.716,1296.3,1264.219,50.808,4.545,8.53,-3.986,1296.3,1333.144,1259.457
2023-12-21,1297.84,1304.84,1281.03,1285.24,833700,1278.234,1297.188,1264.256,49.951,3.792,7.583,-3.791,1297.188,1331.904,1262.471
2023-12-22,1288.5,1308.11,1285.7,1307.65,797100,1290.654,1298.915,1265.208,55.505,4.946,7.055,-2.109,1298.915,1331.984,1265.846
2023-12-25,1330.52,1343.59,1297.84,1302.51,963600,1294.388,1299.382,1265.881,54.024,5.385,6.721,-1.337,1299.382,1332.373,1266.391
2023-12-26,1299.71,1299.71,1283.37,1292.71,612300,1295.322,1298.262,1266.852,51.218,4.885,6.354,-1.469,1298.262,1330.518,1266.006
2023-12-27,1288.5,1309.05,1283.84,1300.18,856000,1297.658,1297.959,1268.589,53.213,5.033,6.09,-1.057,1297.959,1330.012,1265.906
2023-12-28,1290.37,1308.11,1288.97,1308.11,560900,1302.232,1298.052,1269.998,55.302,5.725,6.017,-0.292,1298.052,1330.218,1265.887
2023-12-29,1307.18,1311.85,1299.71,1311.85,779300,1303.072,1297.236,1272.062,56.294,6.5,6.113,0.386,1297.236,1326.912,1267.559
2024-01-04,1316.05,1338.92,1304.84,1338.46,1194400,1310.262,1299.08,1274.471,62.643,9.156,6.722,2.434,1299.08,1334.01,1264.149
2024-01-05,1339.39,1341.73,1308.58,1327.25,1308700,1317.17,1300.736,1276.843,58.77,10.238,7.425,2.813,1300.736,1337.757,1263.716
2024-01-09,1336.12,1365.07,1328.19,1353.86,945900,1327.906,1303.117,1279.886,64.397,13.092,8.559,4.533,1303.117,1347.099,1259.136
2024-01-10,1358.53,1381.41,1350.13,1376.27,1164900,1341.538,1306.572,1283.593,68.318,16.966,10.24,6.726,1306.572,1361.41,1251.734
2024-01-11,1384.21,1384.21,1357.6,1360.87,1014600,1351.342,1309.584,1286.693,63.169,18.58,11.908,6.672,1309.584,1369.436,1249.731
2024-01-12,1379.54,1384.21,1367.4,1375.34,945300,1358.718,1313.412,1290.204,65.779,20.787,13.684,7.103,1313.412,1379.792,1247.031
2024-01-15,1381.87,1382.34,1362.73,1365.07,108500,1366.282,1316.26,1293.22,62.399,21.46,15.239,6.221,1316.26,1386.46,1246.059
2024-01-16,1391.21,1400.08,1386.08,1391.21,764000,1373.752,1320.508,1297.197,67.041,23.828,16.957,6.871,1320.508,1398.055,1242.961
2024-01-17,1395.41,1409.42,1384.21,1391.21,1469500,1376.74,1324.686,1300.605,67.041,25.412,18.648,6.764,1324.686,1408.099,1241.273
2024-01-18,1390.74,1390.74,1378.14,1388.88,671600,1382.342,1331.852,1303.668,66.196,26.177,20.154,6.023,1331.852,1411.166,1252.539
2024-01-19,1388.88,1393.08,1359.93,1368.8,934300,1381.034,1336.1,1306.338,59.265,24.876,21.098,3.778,1336.1,1413.668,1258.533
2024-01-22,1381.41,1395.88,1374.4,1378.61,769600,1383.742,1340.629,1309.298,61.392,24.356,21.75,2.607,1340.629,1416.947,1264.311
2024-01-23,1397.75,1425.76,1395.88,1413.62,1101100,1388.224,1346.885,1313.201,67.845,26.464,22.693,3.772,1346.885,1425.684,1268.086
2024-01-24,1413.62,1432.29,1398.68,1398.68,932300,1389.718,1352.557,1314.35,63.005,26.622,23.479,3.144,1352.557,1428.967,1276.147
2024-01-25,1394.95,1394.95,1367.4,1375.34,917500,1387.01,1355.942,1315.834,56.255,24.581,23.699,0.882,1355.942,1429.935,1281.948
2024-01-26,1377.21,1384.21,1373.47,1373.94,828300,1388.038,1359.513,1317.459,55.868,22.59,23.477,-0.887,1359.513,1429.431,1289.595
2024-01-29,1387.94,1389.34,1378.14,1381.87,457800,1388.69,1363.971,1319.195,57.644,21.405,23.063,-1.658,1363.971,1426.983,1300.959
2024-01-30,1428.56,1428.56,1396.35,1401.02,981500,1386.17,1369.013,1321.362,61.657,21.76,22.802,-1.042,1369.013,1426.422,1311.604
2024-01-31,1394.01,1396.35,1380.94,1395.88,946000,1385.61,1373.402,1323.35,60.013,21.381,22.518,-1.137,1373.402,1424.252,1322.551
2024-02-01,1396.35,1398.68,1369.27,1375.34,1023000,1385.61,1376.576,1326.002,53.838,19.201,21.855,-2.653,1376.576,1418.367,1334.785
2024-02-02,1379.07,1383.74,1361.33,1372.07,926100,1385.236,1378.256,1328.607,52.904,17.014,20.887,-3.873,1378.256,1416.112,1340.401
2024-02-05,1361.8,1367.4,1341.73,1342.66,931000,1377.394,1379.027,1330.577,45.298,12.76,19.261,-6.501,1379.027,1412.932,1345.122
2024-02-06,1342.19,1353.4,1321.18,1321.18,1019000,1361.426,1377.393,1332.034,40.696,7.569,16.923,-9.354,1377.393,1418.739,1336.047
2024-02-07,1319.78,1340.32,1316.98,1338.46,1155300,1349.942,1375.502,1333.453,45.493,4.793,14.497,-9.703,1375.502,1420.372,1330.633
2024-02-08,1335.19,1357.6,1334.72,1347.33,1188000,1344.34,1374.826,1334.938,47.827,3.272,12.252,-8.98,1374.826,1421.014,1328.637
2024-02-09,1419.22,1431.83,1391.21,1422.49,2039600,1354.424,1377.183,1337.524,62.482,8.038,11.409,-3.371,1377.183,1428.057,1326.309
2024-02-13,1422.02,1457.5,1400.55,1453.77,1448500,1376.646,1381.618,1340.297,66.677,14.176,11.963,2.214,1381.618,1442.522,1320.714
2024-02-14,1451.9,1466.37,1423.89,1433.23,958000,1399.056,1383.719,1342.837,61.791,17.185,13.007,4.178,1383.719,1448.774,1318.664
2024-02-15,1443.5,1450.97,1430.89,1441.16,887500,1419.596,1386.216,1345.535,62.921,19.979,14.402,5.578,1386.216,1456.136,1316.297
2024-02-16,1470.11,1482.25,1464.97,1478.05,1287900,1445.74,1390.675,1348.533,67.705,24.884,16.498,8.386,1390.675,1471.786,1309.564
2024-02-19,1481.31,1484.11,1427.63,1436.96,1009500,1448.634,1394.083,1351.24,58.631,25.165,18.231,6.933,1394.083,1477.031,1311.135
2024-02-20,1433.23,1445.83,1415.02,1423.42,763100,1442.564,1396.324,1353.826,55.969,24.018,19.389,4.629,1396.324,1479.93,1312.717
2024-02-21,1430.43,1436.96,1413.15,1432.76,1084400,1442.47,1397.28,1356.357,57.406,23.591,20.229,3.362,1397.28,1482.149,1312.412
2024-02-22,1426.69,1450.5,1425.76,1442.1,970200,1442.658,1399.452,1359.055,58.851,23.732,20.93,2.803,1399.452,1486.66,1312.243
2024-02-26,1456.57,1474.78,1454.7,1463.11,1299900,1439.67,1403.84,1362.305,61.978,25.249,21.794,3.455,1403.84,1494.697,1312.983
2024-02-27,1430.43,1457.97,1427.63,1447.7,1466000,1441.818,1407.528,1365.283,58.469,24.92,22.419,2.501,1407.528,1499.258,1315.798
2024-02-28,1442.1,1457.04,1408.02,1409.42,1350800,1439.018,1408.906,1367.309,50.778,21.325,22.2,-0.875,1408.906,1499.838,1317.973
2024-02-29,1419.22,1422.49,1375.34,1387.94,2540000,1430.054,1408.251,1368.943,47.039,16.551,21.07,-4.519,1408.251,1499.61,1316.893
2024-03-01,1387.48,1404.28,1386.08,1394.01,1392800,1420.436,1408.158,1370.67,48.2,13.107,19.478,-6.371,1408.158,1499.573,1316.743
2024-03-04,1409.89,1410.82,1380.01,1387.94,1922700,1405.402,1408.788,1373.518,47.089,9.775,17.537,-7.762,1408.788,1499.421,1318.155
2024-03-05,1375.81,1394.95,1364.6,1375.34,2710200,1390.93,1408.952,1375.348,44.78,6.048,15.239,-9.191,1408.952,1499.317,1318.586
2024-03-06,1352.0,1384.21,1344.99,1378.14,4283400,1384.674,1410.726,1377.15,45.421,3.282,12.848,-9.566,1410.726,1496.908,1324.543
2024-03-07,1382.81,1393.08,1357.6,1367.87,1886400,1380.66,1413.06,1378.738,43.431,0.259,10.33,-10.071,1413.06,1491.182,1334.938
2024-03-08,1353.86,1361.8,1337.99,1357.13,1886300,1373.284,1413.994,1380.175,41.39,-2.97,7.67,-10.64,1413.994,1488.735,1339.252
2024-03-11,1341.26,1354.8,1326.79,1348.73,1280500,1365.442,1414.064,1380.997,39.814,-6.135,4.909,-11.044,1414.064,1488.544,1339.583
2024-03-12,1350.6,1357.13,1331.45,1350.13,1446200,1360.4,1410.446,1381.949,40.222,-8.434,2.24,-10.675,1410.446,1490.056,1330.835
2024-03-13,1356.66,1365.53,1333.79,1348.73,1382600,1354.518,1405.193,1383.07,39.93,-10.251,-0.258,-9.993,1405.193,1486.609,1323.778
2024-03-14,1336.12,1344.99,1322.58,1344.99,1394200,1349.942,1400.782,1383.966,39.113,-11.855,-2.577,-9.278,1400.782,1485.304,1316.259
2024-03-15,1335.66,1347.33,1328.19,1347.33,2928000,1347.982,1396.09,1384.75,39.941,-12.791,-4.62,-8.171,1396.09,1481.586,1310.594
2024-03-18,1346.39,1356.2,1334.72,1351.06,1523500,1348.448,1389.74,1385.535,41.311,-13.08,-6.312,-6.768,1389.74,1468.178,1311.303
2024-03-19,1354.8,1363.2,1349.66,1360.4,1293600,1350.502,1385.912,1385.973,44.711,-12.413,-7.532,-4.881,1385.912,1462.088,1309.737
2024-03-21,1366.94,1377.21,1348.26,1359.47,1744700,1352.65,1382.715,1386.618,44.435,-11.823,-8.391,-3.433,1382.715,1457.619,1307.811
2024-03-22,1363.2,1377.67,1358.53,1377.67,1125900,1359.186,1379.961,1387.094,50.833,-9.774,-8.667,-1.107,1379.961,1451.071,1308.85
2024-03-25,1379.54,1394.48,1375.81,1384.21,1409200,1366.562,1377.066,1387.253,52.93,-7.536,-8.441,0.905,1377.066,1441.969,1312.163
2024-03-26,1384.68,1391.68,1374.87,1388.41,1392100,1374.032,1373.331,1387.804,54.279,-5.361,-7.825,2.464,1373.331,1424.537,1322.125
2024-03-27,1413.62,1417.35,1402.88,1407.08,1640500,1383.368,1371.3,1388.438,59.794,-2.107,-6.682,4.574,1371.3,1412.29,1330.31
2024-03-28,1409.92,1417.94,1393.86,1403.78,1591300,1392.23,1371.018,1389.213,58.452,0.203,-5.305,5.508,1371.018,1410.968,1331.068
2024-03-29,1402.83,1461.86,1398.58,1435.41,910300,1403.778,1373.392,1390.097,66.268,4.534,-3.337,7.871,1373.392,1422.227,1324.556
2024-04-01,1377.81,1383.95,1332.48,1340.98,2788600,1395.132,1370.74,1389.092,41.293,0.343,-2.601,2.944,1370.74,1420.609,1320.871
2024-04-02,1331.54,1339.56,1316.9,1328.23,1800300,1383.096,1367.754,1387.879,39.148,-3.962,-2.873,-1.089,1367.754,1420.362,1315.147
2024-04-03,1345.7,1368.37,1338.15,1355.14,1936000,1372.708,1366.744,1387.606,45.575,-5.143,-3.327,-1.816,1366.744,1419.514,1313.975
2024-04-04,1364.59,1371.67,1356.56,1364.59,1405200,1364.87,1366.067,1387.325,47.665,-5.256,-3.713,-1.543,1366.067,1418.568,1313.566
2024-04-05,1371.2,1405.2,1367.42,1403.78,1776000,1358.544,1367.863,1387.129,55.328,-2.158,-3.402,1.244,1367.863,1423.013,1312.712
2024-04-08,1397.64,1408.5,1354.67,1363.17,1731600,1362.982,1368.164,1386.418,47.557,-2.946,-3.311,0.365,1368.164,1423.133,1313.196
2024-04-09,1359.87,1378.28,1352.31,1368.37,1067500,1371.01,1369.146,1386.279,48.554,-3.115,-3.271,0.157,1369.146,1423.35,1314.943
2024-04-10,1370.25,1388.2,1366.48,1368.37,878100,1373.656,1370.058,1386.168,48.554,-3.211,-3.259,0.048,1370.058,1423.523,1316.594
2024-04-11,1359.87,1376.86,1353.73,1366.48,1218500,1374.034,1370.946,1385.86,48.168,-3.402,-3.288,-0.114,1370.946,1423.501,1318.391
2024-04-12,1366.48,1382.06,1366.0,1374.03,1103900,1368.084,1372.398,1385.32,49.881,-2.909,-3.212,0.303,1372.398,1423.519,1321.277
2024-04-15,1358.92,1367.89,1352.31,1360.34,654300,1367.518,1373.048,1384.609,46.857,-3.583,-3.286,-0.296,1373.048,1423.147,1322.95
2024-04-16,1350.9,1367.42,1335.31,1360.34,1271200,1365.912,1373.512,1384.309,46.857,-4.069,-3.443,-0.627,1373.512,1422.921,1324.104
2024-04-17,1369.31,1378.75,1356.09,1369.78,1390800,1366.194,1373.981,1384.263,49.314,-3.651,-3.485,-0.167,1373.981,1423.043,1324.92
2024-04-18,1359.87,1373.09,1357.03,1362.7,1622000,1365.438,1374.143,1384.664,47.539,-3.847,-3.557,-0.29,1374.143,1423.024,1325.262
2024-04-19,1364.59,1382.06,1347.59,1371.67,1632300,1364.966,1373.843,1385.674,49.995,-3.241,-3.494,0.253,1373.843,1422.707,1324.979
2024-04-22,1385.36,1399.06,1378.75,1389.14,1024000,1370.726,1374.09,1386.688,54.467,-1.335,-3.062,1.727,1374.09,1423.222,1324.957
2024-04-23,1408.97,1425.97,1401.42,1424.08,2191700,1383.474,1375.873,1388.223,61.821,2.96,-1.858,4.818,1375.873,1429.572,1322.174
2024-04-24,1419.36,1432.11,1410.39,1421.25,2396700,1393.768,1376.581,1388.198,60.962,6.066,-0.273,6.339,1376.581,1432.348,1320.815
2024-04-25,1440.14,1442.5,1401.42,1408.5,1366700,1402.928,1376.817,1387.292,57.112,7.413,1.264,6.149,1376.817,1433.106,1320.529
2024-04-26,1392.92,1428.33,1379.23,1428.33,2723000,1414.26,1376.464,1387.194,61.215,9.966,3.004,6.961,1376.464,1431.27,1321.657
2024-04-30,1439.66,1449.58,1419.36,1439.66,1133600,1424.364,1381.398,1387.164,63.37,12.756,4.955,7.801,1381.398,1440.364,1322.431
2024-05-01,1428.33,1450.05,1428.33,1438.25,1039300,1427.198,1386.898,1386.368,62.902,14.684,6.901,7.784,1386.898,1445.507,1328.29
2024-05-02,1447.22,1447.69,1434.0,1443.91,836100,1431.73,1391.337,1386.507,64.051,16.479,8.816,7.663,1391.337,1453.175,1329.499
2024-05-07,1448.64,1451.94,1434.94,1442.03,1115500,1438.436,1395.209,1386.88,63.349,17.548,10.563,6.985,1395.209,1459.639,1330.779
2024-05-08,1436.36,1466.11,1434.47,1459.02,1759700,1444.574,1397.971,1387.405,66.881,19.54,12.358,7.182,1397.971,1468.404,1327.538
2024-05-09,1459.97,1471.3,1453.83,1461.86,1599000,1449.014,1402.906,1387.8,67.446,21.105,14.108,6.998,1402.906,1476.816,1328.995
2024-05-10,1464.22,1542.6,1463.75,1541.18,3797400,1469.6,1411.546,1389.361,78.482,28.418,16.97,11.449,1411.546,1506.005,1317.087
2024-05-13,1533.63,1563.85,1529.85,1556.29,2313700,1492.076,1420.942,1391.533,79.881,35.03,20.582,14.448,1420.942,1533.054,1308.83
2024-05-14,1565.74,1572.82,1510.96,1522.77,1689000,1508.224,1428.756,1393.8,69.14,37.136,23.893,13.243,1428.756,1546.529,1310.984
2024-05-15,1503.41,1525.13,1494.91,1517.57,1431500,1519.934,1435.933,1396.393,67.621,37.948,26.704,11.245,1435.933,1557.109,1314.758
2024-05-16,1508.13,1518.52,1499.63,1514.27,1550600,1530.416,1443.63,1398.798,66.621,37.889,28.941,8.948,1443.63,1564.142,1323.118
2024-05-17,1525.6,1530.32,1496.33,1509.07,1669500,1523.994,1451.066,1401.221,64.99,36.996,30.552,6.444,1451.066,1568.247,1333.886
2024-05-20,1495.85,1498.21,1467.05,1481.69,1676800,1509.074,1456.662,1403.348,57.065,33.691,31.18,2.511,1456.662,1568.043,1345.281
2024-05-21,1478.38,1490.19,1462.8,1463.75,1632200,1497.27,1461.714,1405.06,52.545,29.286,30.801,-1.515,1461.714,1563.941,1359.488
2024-05-22,1449.58,1470.36,1442.97,1442.97,1981500,1482.35,1465.28,1406.562,47.819,23.844,29.409,-5.566,1465.28,1558.894,1371.665
2024-05-23,1446.75,1466.58,1446.75,1452.89,1120300,1470.074,1468.467,1408.477,50.125,20.099,27.547,-7.448,1468.467,1555.259,1381.675
2024-05-24,1452.89,1466.11,1444.86,1464.22,1107200,1461.104,1470.474,1410.787,52.696,17.84,25.606,-7.766,1470.474,1554.764,1386.184
2024-05-27,1480.74,1507.19,1477.91,1501.99,1313300,1465.164,1474.511,1413.824,60.084,18.88,24.261,-5.381,1474.511,1556.579,1392.443
2024-05-28,1493.49,1531.74,1492.08,1528.91,1399300,1478.196,1480.532,1417.428,64.357,21.627,23.734,-2.107,1480.532,1559.83,1401.233
2024-05-29,1534.57,1539.29,1518.05,1524.66,1501500,1494.534,1485.348,1421.021,63.206,23.194,23.626,-0.432,1485.348,1562.981,1407.715
2024-05-30,1513.8,1526.54,1502.94,1523.71,768300,1508.698,1489.55,1424.549,62.936,24.081,23.717,0.364,1489.55,1565.858,1413.243
2024-05-31,1529.38,1537.88,1517.57,1537.4,1340700,1523.334,1494.508,1428.275,65.246,25.594,24.093,1.502,1494.508,1569.657,1419.359
2024-06-03,1548.74,1577.07,1544.96,1552.04,1313300,1533.344,1499.914,1432.108,67.574,27.656,24.805,2.851,1499.914,1575.294,1424.535
2024-06-04,1537.4,1554.4,1528.43,1547.79,1094400,1537.12,1505.202,1435.875,66.188,28.617,25.568,3.049,1505.202,1578.288,1432.117
2024-06-05,1558.18,1565.74,1536.46,1549.68,917700,1542.124,1509.736,1439.315,66.517,29.194,26.293,2.901,1509.736,1582.002,1437.469
2024-06-06,1544.49,1544.49,1525.6,1537.4,1024500,1544.862,1513.512,1442.379,62.278,28.335,26.701,1.633,1513.512,1583.09,1443.935
2024-06-07,1519.93,1529.38,1506.24,1518.99,1213200,1541.18,1512.403,1444.99,56.468,25.869,26.535,-0.665,1512.403,1580.821,1443.985
2024-06-10,1510.96,1534.57,1503.88,1529.85,1707500,1536.742,1511.081,1447.446,58.903,24.51,26.13,-1.62,1511.081,1576.9,1445.262
2024-06-11,1525.13,1544.49,1514.27,1534.57,1584900,1534.098,1511.671,1450.061,59.952,23.541,25.612,-2.071,1511.671,1578.14,1445.202
2024-06-12,1506.71,1512.38,1485.94,1497.74,1670700,1523.71,1510.68,1451.308,49.366,19.576,24.405,-4.829,1510.68,1577.369,1443.99
2024-06-13,1507.19,1510.49,1482.63,1483.58,1273000,1512.946,1509.145,1454.16,46.002,15.117,22.547,-7.43,1509.145,1576.891,1441.399
2024-06-14,1483.58,1508.6,1483.58,1503.88,2073700,1509.924,1508.886,1457.673,51.142,13.071,20.652,-7.581,1508.886,1576.672,1441.099
2024-06-17,1510.96,1518.52,1482.63,1498.69,1049100,1503.692,1509.736,1460.544,49.836,10.905,18.703,-7.798,1509.736,1576.505,1442.966
2024-06-18,1512.85,1512.85,1480.27,1481.22,803300,1493.022,1510.609,1462.877,45.613,7.69,16.5,-8.811,1510.609,1575.269,1445.949
2024-06-19,1483.58,1499.16,1480.74,1486.88,751700,1490.85,1512.805,1464.539,47.175,5.534,14.307,-8.773,1512.805,1570.39,1455.219
2024-06-20,1491.6,1529.38,1490.66,1515.21,1087100,1497.176,1515.92,1467.579,54.255,6.043,12.654,-6.611,1515.92,1566.126,1465.715
2024-06-21,1515.21,1534.1,1501.52,1513.8,1445700,1499.16,1518.4,1470.488,53.868,6.26,11.375,-5.115,1518.4,1562.365,1474.434
2024-06-24,1519.46,1543.07,1509.55,1533.16,960200,1506.054,1519.958,1473.784,58.269,7.903,10.681,-2.778,1519.958,1563.684,1476.232
2024-06-25,1539.77,1542.13,1527.02,1536.46,1086000,1517.102,1520.336,1477.183,58.987,9.363,10.417,-1.054,1520.336,1564.515,1476.156
2024-06-26,1537.4,1567.62,1532.68,1566.68,1365400,1533.062,1522.436,1481.036,64.939,12.812,10.896,1.915,1522.436,1571.237,1473.636
2024-06-27,1541.18,1546.85,1526.07,1536.46,953300,1537.312,1523.074,1484.559,56.162,12.956,11.308,1.648,1523.074,1572.276,1473.872
2024-06-28,1544.02,1553.93,1532.21,1552.51,993800,1545.054,1523.83,1488.402,59.308,14.203,11.887,2.316,1523.83,1574.402,1473.257
2024-07-01,1549.68,1569.51,1549.21,1564.32,1239300,1551.286,1524.443,1492.293,61.497,15.959,12.702,3.258,1524.443,1576.728,1472.159
2024-07-02,1564.32,1580.84,1556.76,1571.87,1022400,1558.368,1525.648,1496.476,62.872,17.756,13.712,4.044,1525.648,1581.202,1470.093
2024-07-03,1567.62,1587.46,1554.4,1587.46,1053300,1562.524,1527.537,1500.792,65.604,20.205,15.011,5.194,1527.537,1588.807,1466.266
2024-07-04,1587.46,1603.04,1587.46,1597.37,872500,1574.706,1530.535,1504.957,67.254,22.684,16.546,6.138,1530.535,1599.255,1461.815
2024-07-05,1589.82,1600.2,1579.9,1584.15,580300,1581.034,1533.793,1508.158,62.919,23.313,17.899,5.414,1533.793,1606.283,1461.303
2024-07-08,1584.15,1594.07,1575.65,1578.48,776800,1583.866,1536.224,1511.303,61.1,23.088,18.937,4.151,1536.224,1611.371,1461.078
2024-07-09,1586.51,1603.98,1583.68,1601.62,835600,1589.816,1539.577,1515.165,65.485,24.495,20.048,4.446,1539.577,1620.196,1458.958
2024-07-10,1605.4,1644.12,1605.4,1638.45,1670600,1600.014,1546.613,1519.368,71.075,28.255,21.69,6.566,1546.613,1635.947,1457.278
2024-07-11,1653.56,1703.61,1649.78,1692.28,1930900,1618.996,1557.048,1524.42,76.95,35.174,24.387,10.787,1557.048,1662.655,1451.44
2024-07-12,1687.08,1713.05,1681.42,1691.33,1496500,1640.432,1566.42,1529.482,76.654,40.118,27.533,12.585,1566.42,1684.674,1448.166
2024-07-16,1678.11,1698.89,1674.34,1675.28,1351900,1659.792,1575.25,1534.109,71.641,42.254,30.477,11.777,1575.25,1698.477,1452.022
2024-07-17,1675.28,1706.92,1668.67,1706.92,1225600,1680.852,1586.534,1539.407,75.098,45.97,33.576,12.394,1586.534,1714.742,1458.327
2024-07-18,1714.94,1756.02,1713.05,1731.94,1638400,1699.55,1598.788,1544.865,77.44,50.353,36.931,13.422,1598.788,1733.567,1464.008
2024-07-19,1734.3,1745.16,1720.61,1727.22,928300,1706.538,1609.388,1550.172,75.989,52.837,40.112,12.725,1609.388,1749.725,1469.051
2024-07-22,1744.22,1747.52,1707.86,1707.86,756100,1709.844,1619.091,1553.506,70.177,52.637,42.617,10.019,1619.091,1758.432,1479.75
2024-07-23,1729.58,1740.44,1709.28,1714.0,695500,1717.588,1628.133,1556.66,70.936,52.37,44.568,7.802,1628.133,1767.465,1488.801
2024-07-24,1701.72,1727.69,1686.61,1690.86,985900,1714.376,1635.853,1560.022,64.293,49.718,45.598,4.12,1635.853,1770.84,1500.866
2024-07-25,1673.39,1697.94,1664.42,1680.0,1555100,1703.988,1641.519,1563.271,61.387,46.207,45.719,0.487,1641.519,1773.766,1509.272
2024-07-26,1679.06,1686.14,1667.25,1671.5,1098100,1692.844,1648.271,1566.415,59.135,42.252,45.026,-2.774,1648.271,1771.409,1525.133
2024-07-29,1675.75,1701.72,1673.39,1688.97,1210700,1689.066,1655.094,1570.013,62.204,40.065,44.034,-3.969,1655.094,1770.788,1539.4
2024-07-30,1697.0,1703.61,1676.7,1685.2,1647000,1683.306,1661.138,1574.083,61.137,37.595,42.746,-5.151,1661.138,1769.246,1553.03
2024-07-31,1672.92,1715.89,1671.5,1707.39,1715700,1686.612,1667.914,1578.956,64.949,37.001,41.597,-4.596,1667.914,1769.239,1566.589
2024-08-01,1686.14,1704.08,1660.17,1671.97,1193600,1685.006,1672.14,1583.536,55.578,33.288,39.935,-6.647,1672.14,1766.12,1578.159
2024-08-02,1634.67,1642.7,1603.04,1608.7,1532700,1672.446,1672.706,1586.652,43.503,24.953,36.939,-11.986,1672.706,1764.909,1580.503
2024-08-05,1520.41,1569.51,1449.11,1459.97,2382000,1626.646,1666.497,1586.567,28.066,6.274,30.806,-24.532,1666.497,1793.838,1539.156
2024-08-06,1477.44,1586.04,1474.61,1556.29,2673900,1600.864,1665.388,1587.653,42.337,-0.749,24.495,-25.244,1665.388,1796.294,1534.481
2024-08-07,1576.12,1678.11,1572.35,1644.59,2723300,1588.304,1667.536,1589.967,51.781,0.802,19.756,-18.955,1667.536,1795.411,1539.661
2024-08-08,1644.59,1705.97,1642.23,1673.86,2081900,1588.682,1669.306,1592.951,54.444,4.342,16.673,-12.331,1669.306,1796.465,1542.148
2024-08-09,1710.69,1737.14,1676.7,1706.44,2116800,1608.23,1670.014,1596.606,57.273,9.665,15.272,-5.606,1670.014,1797.867,1542.162
2024-08-13,1692.28,1718.72,1671.97,1680.95,2939900,1652.426,1669.496,1599.477,54.425,11.693,14.556,-2.863,1669.496,1797.068,1541.923
2024-08-14,1678.11,1711.17,1662.06,1706.92,1559900,1682.552,1671.077,1602.574,56.783,15.219,14.689,0.531,1671.077,1799.732,1542.423
2024-08-15,1715.42,1715.42,1683.78,1690.86,1290500,1691.806,1670.274,1605.436,54.892,16.528,15.056,1.471,1670.274,1798.185,1542.364
2024-08-16,1699.83,1737.61,1696.53,1737.14,1144100,1704.462,1670.534,1609.185,59.117,21.056,16.256,4.8,1670.534,1798.993,1542.076
2024-08-19,1721.55,1743.27,1706.92,1721.55,1210400,1707.484,1670.251,1612.868,57.175,23.121,17.629,5.492,1670.251,1798.207,1542.295
2024-08-20,1735.72,1736.19,1693.22,1713.05,1118000,1713.904,1670.51,1616.749,56.092,23.797,18.863,4.934,1670.51,1798.808,1542.213
2024-08-21,1699.83,1716.83,1691.81,1699.83,906900,1712.486,1669.802,1620.149,54.368,23.001,19.69,3.31,1669.802,1797.242,1542.362
2024-08-22,1688.97,1719.66,1683.78,1699.83,1101400,1714.28,1670.25,1623.454,54.368,22.115,20.175,1.939,1670.25,1798.065,1542.436
2024-08-23,1733.36,1751.77,1721.08,1751.3,946500,1717.112,1673.816,1628.525,59.929,25.275,21.195,4.079,1673.816,1806.654,1540.977
2024-08-26,1751.77,1755.08,1704.55,1709.75,782500,1714.752,1675.728,1633.048,54.188,24.148,21.786,2.362,1675.728,1809.524,1541.932
2024-08-27,1709.28,1737.61,1706.44,1732.89,570300,1718.72,1677.924,1637.629,56.677,24.835,22.396,2.44,1677.924,1814.056,1541.792
2024-08-28,1732.89,1753.19,1725.33,1752.72,666500,1729.298,1681.3,1642.709,58.746,26.673,23.251,3.422,1681.3,1821.481,1541.119
2024-08-29,1761.22,1770.66,1735.72,1748.94,963400,1739.12,1683.377,1648.064,58.176,27.507,24.102,3.405,1683.377,1826.389,1540.366
2024-08-30,1751.3,1773.96,1750.36,1772.08,1245100,1743.276,1688.383,1653.768,60.691,29.693,25.221,4.473,1688.383,1836.626,1540.14
2024-09-02,1758.38,1764.05,1696.06,1714.94,862900,1744.314,1693.695,1657.762,52.322,26.51,25.478,1.031,1693.695,1837.462,1549.928
2024-09-03,1714.0,1725.8,1707.39,1720.14,778800,1741.764,1706.704,1661.889,52.958,24.128,25.208,-1.08,1706.704,1799.456,1613.951
2024-09-04,1690.39,1723.44,1680.95,1709.75,1271100,1733.17,1714.376,1665.421,51.481,21.158,24.398,-3.24,1714.376,1774.328,1654.425
2024-09-05,1746.11,1766.88,1714.0,1727.22,1582600,1728.826,1718.508,1669.236,53.814,19.984,23.515,-3.532,1718.508,1768.824,1668.192
2024-09-06,1730.52,1748.0,1708.8,1725.8,1023900,1719.57,1721.105,1672.418,53.588,18.723,22.557,-3.834,1721.105,1766.875,1675.335
2024-09-09,1690.39,1720.61,1681.42,1714.47,1155300,1719.476,1721.506,1675.979,51.726,16.618,21.369,-4.751,1721.506,1766.873,1676.14
2024-09-10,1697.94,1721.55,1692.28,1711.17,949300,1717.682,1723.018,1679.152,51.168,14.516,19.998,-5.483,1723.018,1764.548,1681.487
2024-09-11,1711.17,1713.53,1666.78,1676.22,1307800,1710.976,1721.482,1681.39,45.563,9.915,17.982,-8.066,1721.482,1767.541,1675.424
2024-09-12,1698.89,1700.78,1673.86,1683.78,1126300,1702.288,1721.128,1683.628,46.918,6.801,15.746,-8.944,1721.128,1768.274,1673.983
2024-09-13,1664.42,1688.97,1663.95,1667.25,878100,1690.578,1717.634,1685.224,44.321,2.965,13.19,-10.224,1717.634,1769.868,1665.4
2024-09-17,1668.67,1684.25,1655.92,1680.0,1066100,1683.684,1715.556,1686.876,46.768,0.943,10.74,-9.797,1715.556,1770.376,1660.737
2024-09-18,1660.64,1678.11,1645.06,1663.0,927500,1674.05,1713.054,1688.453,43.992,-2.008,8.191,-10.199,1713.054,1772.711,1653.397
2024-09-19,1672.45,1687.08,1651.67,1651.67,944400,1669.14,1710.646,1689.917,42.194,-5.201,5.512,-10.713,1710.646,1776.152,1645.14
2024-09-20,1652.14,1673.39,1649.78,1658.28,2038700,1664.04,1708.568,1691.05,43.641,-7.116,2.987,-10.103,1708.568,1778.035,1639.102
2024-09-24,1663.95,1680.95,1658.28,1666.78,788000,1663.946,1704.342,1691.617,45.529,-7.858,0.818,-8.675,1704.342,1773.143,1635.542
2024-09-25,1673.86,1700.31,1671.97,1693.22,1416300,1666.59,1703.516,1691.636,51.026,-6.24,-0.594,-5.646,1703.516,1772.44,1634.592
2024-09-26,1699.83,1728.64,1696.53,1726.75,1516500,1679.34,1703.209,1692.344,56.958,-2.226,-0.92,-1.306,1703.209,1771.635,1634.783
2024-09-27,1712.45,1728.65,1691.95,1704.82,1110800,1689.97,1700.814,1692.935,52.481,-0.806,-0.897,0.092,1700.814,1765.176,1636.452
2024-09-30,1658.59,1669.08,1649.54,1653.35,1184100,1688.984,1696.035,1691.864,43.782,-3.79,-1.476,-2.314,1696.035,1759.54,1632.529
2024-10-01,1653.83,1689.1,1653.35,1684.33,1235300,1692.494,1691.647,1690.911,49.236,-3.613,-1.903,-1.71,1691.647,1744.214,1639.08
2024-10-02,1675.27,1680.99,1648.11,1653.83,1024100,1684.616,1688.592,1689.444,44.644,-5.866,-2.696,-3.17,1688.592,1742.544,1634.639
2024-10-03,1678.61,1720.55,1678.61,1715.79,1370200,1682.424,1688.374,1689.602,54.025,-2.622,-2.681,0.059,1688.374,1741.824,1634.924
2024-10-04,1702.92,1731.99,1698.63,1708.64,1464400,1683.188,1688.318,1689.495,52.911,-0.621,-2.269,1.648,1688.318,1741.677,1634.96
2024-10-07,1727.7,1735.33,1698.63,1722.93,1104700,1697.104,1688.104,1690.136,54.912,2.094,-1.396,3.49,1688.104,1740.835,1635.373
2024-10-08,1717.22,1734.37,1704.82,1719.6,1398500,1704.158,1687.794,1690.928,54.333,3.931,-0.331,4.262,1687.794,1739.657,1635.931
2024-10-09,1729.61,1740.57,1704.82,1734.37,1791100,1720.266,1688.789,1692.186,56.525,6.505,1.036,5.468,1688.789,1743.493,1634.085
2024-10-10,1732.47,1769.64,1721.03,1764.88,869800,1730.084,1691.474,1693.704,60.719,10.88,3.005,7.875,1691.474,1755.315,1627.634
2024-10-11,1757.73,1765.83,1743.91,1763.92,1358300,1741.14,1695.859,1695.278,60.521,14.108,5.226,8.882,1695.859,1766.927,1624.792
2024-10-15,1772.98,1784.89,1757.73,1769.64,867200,1750.482,1700.153,1696.523,61.329,16.932,7.567,9.365,1700.153,1778.18,1622.125
2024-10-16,1768.21,1784.42,1720.07,1720.07,594900,1750.576,1702.794,1697.485,51.488,14.998,9.053,5.945,1702.794,1779.699,1625.888
2024-10-17,1727.7,1736.28,1699.1,1716.26,802400,1746.954,1704.606,1699.637,50.814,13.007,9.844,3.163,1704.606,1780.958,1628.255
2024-10-18,1730.08,1731.04,1702.44,1718.17,1575900,1737.612,1707.365,1704.801,51.159,11.452,10.166,1.286,1707.365,1781.336,1633.394
2024-10-21,1713.88,1725.32,1696.24,1721.03,824800,1729.034,1710.833,1708.095,51.706,10.331,10.199,0.132,1710.833,1780.168,1641.498
2024-10-22,1729.13,1732.94,1698.15,1705.78,917100,1716.262,1713.208,1709.319,48.581,8.119,9.783,-1.664,1713.208,1778.074,1648.342
2024-10-23,1691.0,1717.22,1674.32,1676.7,859200,1707.588,1713.704,1709.376,43.216,3.973,8.621,-4.648,1713.704,1777.212,1650.196
2024-10-24,1677.66,1707.68,1667.17,1699.58,1104600,1704.252,1714.022,1709.239,48.075,2.505,7.397,-4.893,1714.022,1777.161,1650.883
2024-10-25,1715.79,1728.18,1672.89,1698.15,1160700,1700.248,1712.592,1709.583,47.799,1.212,6.16,-4.949,1712.592,1775.813,1649.371
2024-10-28,1688.14,1719.12,1680.99,1710.07,1852300,1698.056,1712.854,1709.646,50.351,1.136,5.155,-4.02,1712.854,1775.983,1649.726
2024-10-29,1698.63,1722.46,1651.92,1719.12,1513100,1700.724,1716.143,1710.211,52.26,1.785,4.481,-2.696,1716.143,1772.734,1659.552
2024-10-30,1714.83,1736.76,1706.73,1727.7,3631100,1710.924,1718.311,1710.022,54.062,2.958,4.177,-1.218,1718.311,1773.063,1663.56
2024-10-31,1731.04,1747.24,1722.46,1743.43,1246400,1719.694,1722.792,1710.46,57.25,5.099,4.361,0.737,1722.792,1769.383,1676.2
2024-11-01,1709.59,1728.65,1694.81,1698.15,1100300,1719.694,1721.91,1710.162,47.116,3.105,4.11,-1.005,1721.91,1769.711,1674.108
2024-11-05,1672.89,1704.82,1663.84,1683.38,1635000,1714.356,1720.646,1709.833,44.358,0.33,3.354,-3.024,1720.646,1771.181,1670.112
2024-11-06,1700.53,1730.08,1693.38,1700.53,1391400,1710.638,1719.526,1709.847,48.153,-0.48,2.587,-3.068,1719.526,1770.835,1668.218
2024-11-07,1702.92,1740.09,1681.47,1693.38,1964500,1703.774,1718.216,1708.688,46.722,-1.68,1.734,-3.414,1718.216,1770.839,1665.592
2024-11-08,1697.2,1700.06,1627.14,1671.46,2740200,1689.38,1715.07,1707.923,42.548,-4.349,0.517,-4.866,1715.07,1771.042,1659.098
2024-11-11,1665.74,1670.03,1617.6,1620.94,1597000,1673.938,1707.873,1705.684,34.826,-10.421,-1.671,-8.751,1707.873,1773.125,1642.621
2024-11-12,1619.51,1634.29,1592.82,1599.49,2391800,1657.16,1699.652,1702.619,32.157,-16.771,-4.691,-12.08,1699.652,1775.71,1623.593
2024-11-13,1596.16,1635.72,1592.82,1618.56,1646900,1640.766,1692.097,1700.011,36.794,-20.033,-7.759,-12.274,1692.097,1768.894,1615.301
2024-11-14,1618.56,1627.61,1599.49,1609.98,1216600,1624.086,1686.593,1696.769,35.615,-23.045,-10.816,-12.229,1686.593,1770.409,1602.777
2024-11-15,1614.74,1624.75,1598.54,1609.03,1076500,1611.6,1681.231,1694.651,35.479,-25.218,-13.697,-11.522,1681.231,1770.592,1591.871
2024-11-18,1584.24,1602.83,1578.05,1589.01,1012800,1605.214,1674.774,1692.029,32.657,-28.231,-16.604,-11.627,1674.774,1771.277,1578.27
2024-11-19,1589.01,1593.77,1561.84,1585.2,1358600,1602.356,1667.982,1689.538,32.133,-30.573,-19.397,-11.175,1667.982,1769.753,1566.211
2024-11-20,1591.87,1603.78,1585.19,1588.53,872400,1596.35,1662.12,1686.764,33.142,-31.794,-21.877,-9.917,1662.12,1768.143,1556.096
2024-11-21,1588.53,1602.83,1585.67,1586.15,1243800,1591.584,1657.592,1683.971,32.767,-32.578,-24.017,-8.561,1657.592,1768.609,1546.575
2024-11-22,1586.15,1600.45,1570.9,1592.34,1482300,1588.246,1652.23,1681.528,34.833,-32.327,-25.679,-6.648,1652.23,1765.053,1539.407
2024-11-25,1610.46,1618.08,1589.48,1592.82,1697700,1589.008,1646.963,1679.161,35.0,-31.724,-26.888,-4.836,1646.963,1760.592,1533.335
2024-11-26,1585.19,1594.25,1571.85,1590.91,1080500,1590.15,1641.006,1677.455,34.62,-31.042,-27.719,-3.324,1641.006,1753.188,1528.823
2024-11-27,1597.11,1614.74,1586.62,1597.59,1003000,1591.962,1634.929,1675.731,37.187,-29.622,-28.099,-1.522,1634.929,1742.361,1527.497
2024-11-28,1597.59,1622.37,1597.59,1618.08,751500,1598.348,1629.448,1674.748,44.398,-26.537,-27.787,1.25,1629.448,1727.749,1531.147
2024-11-29,1624.75,1660.98,1619.51,1641.43,1514700,1608.166,1624.348,1673.976,51.264,-21.954,-26.62,4.666,1624.348,1707.105,1541.591
2024-12-02,1641.43,1652.87,1617.6,1625.23,1146300,1614.648,1620.702,1673.221,46.934,-19.406,-25.178,5.771,1620.702,1695.843,1545.561
2024-12-03,1625.71,1690.53,1614.27,1677.66,1931100,1631.998,1620.416,1673.741,59.004,-13.006,-22.743,9.737,1620.416,1694.59,1546.242
2024-12-04,1679.09,1711.02,1672.41,1703.39,1119900,1653.158,1620.559,1674.643,63.403,-5.792,-19.353,13.561,1620.559,1695.392,1545.726
2024-12-05,1703.39,1708.16,1670.03,1704.82,1471500,1670.506,1621.131,1675.404,63.637,0.041,-15.474,15.515,1621.131,1698.441,1543.821
2024-12-06,1676.23,1689.1,1625.23,1625.23,1680400,1667.266,1618.82,1674.044,46.03,-1.738,-12.727,10.989,1618.82,1692.472,1545.167
2024-12-09,1630.0,1647.63,1628.09,1630.95,1167900,1668.41,1619.32,1672.128,47.161,-2.657,-10.713,8.056,1619.32,1693.169,1545.471
2024-12-10,1649.06,1649.06,1617.6,1628.09,1426400,1658.496,1620.75,1670.593,46.635,-3.574,-9.285,5.711,1620.75,1694.088,1547.412
2024-12-11,1628.09,1633.33,1609.98,1616.17,1266700,1641.052,1620.63,1669.85,44.41,-5.203,-8.469,3.266,1620.63,1693.991,1547.27
2024-12-12,1627.14,1630.95,1600.45,1600.45,1224400,1620.178,1620.154,1668.172,41.591,-7.674,-8.31,0.636,1620.154,1693.928,1546.38
2024-12-13,1576.14,1592.34,1559.46,1559.46,1395400,1607.024,1617.676,1666.285,35.3,-12.792,-9.206,-3.586,1617.676,1696.201,1539.15
2024-12-16,1544.21,1548.97,1526.57,1526.57,1240600,1586.148,1614.554,1662.5,31.22,-19.28,-11.221,-8.059,1614.554,1702.301,1526.806
2024-12-17,1511.8,1526.57,1508.46,1510.37,1632300,1562.604,1610.812,1658.535,29.416,-25.436,-14.064,-11.372,1610.812,1709.526,1512.098
2024-12-18,1499.41,1503.7,1481.29,1483.2,1286900,1536.01,1605.546,1653.74,26.637,-32.136,-17.678,-14.458,1605.546,1719.35,1491.741
2024-12-19,1462.23,1486.54,1462.23,1476.53,1741000,1511.226,1600.064,1648.879,25.988,-37.552,-21.653,-15.899,1600.064,1727.54,1472.589
2024-12-20,1477.01,1505.6,1472.24,1472.24,4321900,1493.782,1594.059,1643.636,25.556,-41.709,-25.664,-16.045,1594.059,1733.793,1454.326
2024-12-23,1490.83,1494.16,1477.96,1480.34,1020100,1484.536,1588.436,1637.946,27.987,-43.844,-29.3,-14.544,1588.436,1737.145,1439.726
2024-12-24,1488.92,1526.57,1480.34,1520.38,1453100,1486.538,1584.909,1633.075,38.651,-41.824,-31.805,-10.019,1584.909,1736.685,1433.133
2024-12-25,1525.14,1533.24,1478.43,1492.26,941700,1488.35,1579.642,1627.527,34.758,-42.007,-33.845,-8.162,1579.642,1736.781,1422.504
2024-12-26,1492.73,1506.55,1489.87,1494.64,967800,1491.972,1573.47,1623.019,35.352,-41.483,-35.373,-6.11,1573.47,1733.914,1413.027
2024-12-27,1505.6,1534.2,1503.7,1534.2,2694000,1504.364,1568.109,1619.377,44.405,-37.443,-35.787,-1.656,1568.109,1726.139,1410.079
2024-12-30,1566.13,1572.8,1525.14,1542.78,1193900,1516.852,1563.986,1615.87,46.166,-33.167,-35.263,2.096,1563.986,1720.031,1407.942
2025-01-06,1546.59,1551.36,1523.71,1528.0,1154200,1518.376,1556.504,1612.009,43.604,-30.618,-34.334,3.716,1556.504,1703.699,1409.308
2025-01-07,1521.81,1538.96,1510.84,1534.67,1170200,1526.858,1548.068,1608.587,45.085,-27.739,-33.015,5.276,1548.068,1678.164,1417.971
2025-01-08,1534.67,1546.59,1522.28,1523.71,1292500,1532.672,1539.012,1605.527,43.083,-26.042,-31.62,5.578,1539.012,1646.398,1431.626
2025-01-09,1511.8,1525.14,1497.98,1506.08,1247100,1527.048,1533.054,1601.657,40.005,-25.823,-30.461,4.638,1533.054,1633.282,1432.827
2025-01-10,1476.05,1488.44,1459.85,1465.57,1403400,1511.606,1524.786,1597.005,33.996,-28.588,-30.086,1.498,1524.786,1618.053,1431.518
2025-01-14,1470.33,1506.08,1470.33,1492.26,1708400,1504.458,1517.994,1592.649,40.353,-28.299,-29.729,1.43,1517.994,1598.497,1437.491
2025-01-15,1492.73,1498.45,1471.29,1483.68,935500,1494.26,1511.37,1587.94,39.051,-28.435,-29.47,1.035,1511.37,1578.561,1444.178
2025-01-16,1484.15,1488.92,1461.75,1461.75,875400,1481.868,1504.434,1582.621,35.865,-29.967,-29.569,-0.397,1504.434,1560.648,1448.221
2025-01-17,1469.38,1473.19,1448.89,1464.14,820300,1473.48,1499.668,1577.036,36.473,-30.635,-29.783,-0.852,1499.668,1552.286,1447.051
2025-01-20,1478.44,1493.21,1468.43,1487.97,857500,1477.96,1497.738,1572.832,42.344,-28.908,-29.608,0.7,1497.738,1549.016,1446.461
2025-01-21,1495.59,1504.17,1477.48,1487.97,740500,1477.102,1496.618,1568.924,42.344,-27.226,-29.131,1.905,1496.618,1547.713,1445.524
2025-01-22,1504.17,1509.89,1479.39,1482.25,900300,1476.816,1496.571,1564.558,41.282,-26.054,-28.516,2.462,1496.571,1547.72,1445.422
2025-01-23,1490.35,1493.69,1477.48,1489.87,904600,1482.44,1497.238,1560.488,43.322,-24.231,-27.659,3.428,1497.238,1547.629,1446.847
2025-01-24,1495.59,1503.7,1482.72,1482.72,1140300,1486.156,1497.762,1556.713,41.853,-23.097,-26.746,3.65,1497.762,1547.268,1448.256
2025-01-27,1507.98,1509.89,1478.91,1478.91,2469700,1484.344,1497.691,1553.873,41.054,-22.249,-25.847,3.598,1497.691,1547.307,1448.074
2025-01-28,1478.91,1500.36,1476.05,1492.73,1475500,1485.296,1496.308,1551.737,45.144,-20.229,-24.723,4.495,1496.308,1544.79,1447.826
2025-01-29,1493.69,1494.64,1471.29,1477.01,1012100,1484.248,1495.546,1548.906,41.608,-19.669,-23.713,4.043,1495.546,1544.77,1446.321
2025-01-30,1481.29,1494.16,1476.53,1482.25,1793900,1482.724,1494.926,1546.352,43.205,-18.589,-22.688,4.099,1494.926,1544.509,1445.343
2025-01-31,1493.69,1497.98,1482.25,1493.21,1449800,1484.822,1492.876,1544.035,46.501,-16.657,-21.482,4.825,1492.876,1538.884,1446.869
2025-02-03,1477.48,1479.39,1452.22,1455.56,1674900,1480.152,1488.516,1541.366,38.282,-17.956,-20.776,2.82,1488.516,1531.006,1446.025
2025-02-04,1472.72,1478.91,1459.37,1464.61,1111100,1474.528,1485.346,1538.955,40.982,-18.048,-20.231,2.183,1485.346,1524.783,1445.909
2025-02-05,1448.89,1454.6,1433.16,1442.21,1235900,1467.568,1480.723,1536.028,36.702,-19.7,-20.125,0.424,1480.723,1517.395,1444.051
2025-02-06,1444.12,1460.32,1364.53,1391.22,2235400,1449.362,1474.098,1532.13,29.22,-24.839,-21.067,-3.771,1474.098,1523.672,1424.525
2025-02-07,1396.46,1422.2,1377.39,1377.39,2284000,1426.198,1467.664,1527.831,27.578,-29.684,-22.791,-6.894,1467.664,1531.2,1404.128
2025-02-10,1364.53,1370.72,1324.97,1342.13,2186300,1403.512,1461.492,1522.817,23.892,-35.955,-25.424,-10.532,1461.492,1546.304,1376.68
2025-02-12,1336.41,1337.84,1285.41,1307.33,2919400,1372.056,1452.246,1517.145,20.92,-43.235,-28.986,-14.249,1452.246,1560.121,1344.37
2025-02-13,1325.92,1332.12,1314.96,1328.78,1875700,1349.37,1444.5,1511.769,26.952,-46.734,-32.536,-14.199,1444.5,1564.441,1324.56
2025-02-14,1329.26,1336.88,1313.53,1322.11,1105700,1335.548,1437.518,1505.85,26.28,-49.476,-35.924,-13.552,1437.518,1568.939,1306.098
2025-02-17,1324.97,1332.12,1314.96,1317.82,1147700,1323.634,1430.202,1499.377,25.835,-51.402,-39.019,-12.383,1430.202,1571.317,1289.088
2025-02-18,1314.48,1314.96,1292.56,1293.03,862300,1313.814,1420.456,1492.733,23.368,-54.303,-42.076,-12.227,1420.456,1571.36,1269.551
2025-02-19,1303.04,1318.3,1300.66,1312.58,1403700,1314.864,1411.686,1485.432,29.115,-54.397,-44.54,-9.857,1411.686,1566.407,1256.965
2025-02-20,1320.2,1349.27,1316.39,1341.65,2117100,1317.438,1404.656,1478.197,36.716,-51.532,-45.939,-5.594,1404.656,1558.652,1250.66
2025-02-21,1357.38,1373.1,1351.18,1366.91,1614800,1326.398,1398.508,1471.439,42.486,-46.685,-46.088,-0.597,1398.508,1547.93,1249.086
2025-02-25,1349.75,1359.28,1340.7,1349.27,2365400,1332.688,1391.836,1465.92,39.76,-43.763,-45.623,1.86,1391.836,1537.289,1246.382
2025-02-26,1353.09,1356.9,1325.92,1337.84,1218700,1341.65,1384.782,1460.057,38.055,-41.886,-44.876,2.989,1384.782,1526.079,1243.485
2025-02-27,1333.55,1356.9,1330.69,1340.22,1115100,1347.178,1377.156,1454.3,38.645,-39.749,-43.85,4.101,1377.156,1510.141,1244.172
2025-02-28,1330.69,1349.75,1320.2,1327.35,1909800,1344.318,1369.674,1448.524,36.615,-38.648,-42.81,4.162,1369.674,1495.659,1243.688
2025-03-03,1342.6,1349.75,1325.92,1331.16,860600,1337.168,1362.119,1443.138,37.659,-37.041,-41.656,4.615,1362.119,1477.341,1246.897
2025-03-04,1333.55,1353.56,1331.16,1333.55,1072800,1334.024,1354.136,1438.62,38.345,-35.17,-40.359,5.189,1354.136,1451.921,1256.351
2025-03-05,1339.74,1375.01,1335.45,1367.39,1410000,1339.934,1349.728,1435.436,47.204,-30.603,-38.408,7.805,1349.728,1435.467,1263.988
2025-03-06,1355.47,1371.2,1346.89,1353.56,974300,1342.602,1344.175,1432.3,44.396,-27.779,-36.282,8.503,1344.175,1410.854,1277.496
2025-03-07,1346.89,1350.23,1324.01,1339.27,883800,1344.986,1339.028,1429.421,41.64,-26.391,-34.304,7.913,1339.028,1387.156,1290.9
2025-03-10,1339.27,1346.41,1325.92,1329.26,936000,1344.606,1335.93,1426.476,39.778,-25.8,-32.603,6.803,1335.93,1377.433,1294.427
2025-03-11,1314.48,1332.12,1309.72,1328.78,1244400,1343.652,1333.5,1423.607,39.686,-25.082,-31.099,6.017,1333.5,1370.194,1296.805
2025-03-12,1321.15,1365.48,1315.44,1357.38,1288000,1341.65,1334.262,1421.147,47.457,-21.952,-29.27,7.317,1334.262,1372.32,1296.204
2025-03-13,1349.27,1360.24,1335.45,1344.51,1024200,1339.84,1336.121,1417.63,44.668,-20.276,-27.471,7.194,1336.121,1372.222,1300.02
2025-03-14,1334.5,1351.66,1331.16,1344.03,1007500,1340.792,1336.884,1414.665,44.563,-18.771,-25.731,6.96,1336.884,1372.976,1300.791
2025-03-17,1349.27,1354.52,1339.74,1345.46,1026300,1344.032,1338.051,1411.682,44.978,-17.263,-24.037,6.774,1338.051,1373.638,1302.464
2025-03-18,1350.7,1365.0,1344.99,1356.42,905600,1349.56,1339.981,1408.126,48.185,-15.011,-22.232,7.221,1339.981,1375.133,1304.829
2025-03-19,1366.91,1384.54,1360.71,1375.01,1201900,1353.086,1344.08,1404.771,53.171,-11.592,-20.104,8.512,1344.08,1375.05,1313.11
2025-03-21,1375.01,1388.36,1369.29,1375.01,1658100,1359.186,1347.202,1401.711,53.171,-8.782,-17.84,9.058,1347.202,1377.378,1317.025
2025-03-24,1372.63,1378.35,1362.62,1374.06,672400,1365.192,1348.822,1398.499,52.869,-6.555,-15.583,9.027,1348.822,1381.147,1316.497
2025-03-25,1374.06,1383.59,1365.0,1376.92,900100,1371.484,1349.322,1395.563,53.72,-4.508,-13.368,8.86,1349.322,1383.104,1315.541
2025-03-26,1372.63,1378.82,1363.57,1376.44,1181100,1375.488,1350.681,1392.97,53.545,-2.891,-11.273,8.381,1350.681,1386.573,1314.789
2025-03-27,1364.53,1383.11,1359.76,1383.11,1010100,1377.108,1352.944,1391.321,55.701,-1.06,-9.23,8.17,1352.944,1391.067,1314.822
2025-03-28,1398.08,1404.36,1382.63,1404.36,1447600,1382.978,1356.152,1389.563,61.786,2.083,-6.967,9.05,1356.152,1400.112,1312.191
2025-03-31,1386.49,1388.43,1360.42,1369.59,1150900,1382.084,1358.264,1387.281,49.746,1.747,-5.224,6.972,1358.264,1400.419,1316.108
2025-04-01,1376.35,1386.49,1372.97,1378.28,790900,1382.356,1360.62,1385.612,52.25,2.158,-3.748,5.906,1360.62,1401.649,1319.59
2025-04-02,1372.97,1381.66,1363.31,1372.49,1360700,1381.566,1362.567,1383.779,50.446,1.993,-2.6,4.593,1362.567,1401.846,1323.287
2025-04-03,1343.51,1377.8,1336.75,1370.07,1568500,1378.958,1362.701,1381.421,49.674,1.648,-1.75,3.398,1362.701,1402.067,1323.334
2025-04-04,1382.15,1414.5,1369.59,1382.15,1533300,1374.516,1364.13,1379.304,53.499,2.323,-0.935,3.258,1364.13,1404.17,1324.09
2025-04-07,1373.46,1413.54,1362.83,1367.18,3268500,1374.034,1365.526,1377.003,48.572,1.631,-0.422,2.053,1365.526,1403.825,1327.226
2025-04-08,1352.21,1361.38,1329.51,1354.14,1949100,1369.206,1366.769,1374.288,44.71,0.03,-0.332,0.362,1366.769,1401.565,1331.974
2025-04-09,1360.42,1365.25,1313.09,1330.47,2266000,1360.802,1366.854,1371.243,38.695,-3.113,-0.888,-2.225,1366.854,1401.267,1332.441
2025-04-10,1341.58,1360.42,1317.92,1356.55,1820600,1358.098,1366.812,1368.796,47.134,-3.46,-1.402,-2.057,1366.812,1401.276,1332.349
2025-04-11,1305.84,1307.78,1265.76,1269.14,1718700,1335.496,1363.044,1364.324,31.488,-10.665,-3.255,-7.41,1363.044,1418.104,1307.984
2025-04-14,1287.49,1300.05,1272.52,1278.8,1328400,1317.82,1359.782,1360.36,34.092,-15.417,-5.687,-9.73,1359.782,1426.151,1293.414
2025-04-15,1291.84,1302.95,1287.49,1296.19,989600,1306.23,1357.319,1356.639,38.615,-17.578,-8.065,-9.513,1357.319,1429.343,1285.295
2025-04-16,1297.15,1347.38,1296.67,1347.38,1110000,1309.612,1356.867,1353.722,49.583,-14.987,-9.45,-5.537,1356.867,1429.028,1284.706
2025-04-17,1346.89,1346.89,1326.13,1337.24,750100,1305.75,1354.978,1351.356,47.762,-13.595,-10.279,-3.316,1354.978,1427.117,1282.84
2025-04-18,1350.27,1365.73,1335.3,1359.93,453400,1323.908,1354.224,1349.262,52.008,-10.54,-10.331,-0.209,1354.224,1425.795,1282.654
2025-04-21,1350.76,1368.63,1346.89,1357.52,492100,1339.652,1353.398,1347.569,51.529,-8.218,-9.908,1.69,1353.398,1424.383,1282.412
2025-04-22,1352.21,1376.84,1347.38,1366.21,622000,1353.656,1352.862,1347.068,53.203,-5.612,-9.049,3.437,1352.862,1423.259,1282.465
2025-04-23,1369.59,1376.35,1356.55,1373.94,1171000,1358.968,1352.737,1346.999,54.702,-2.89,-7.817,4.927,1352.737,1422.966,1282.508
2025-04-24,1377.32,1380.22,1366.69,1370.07,750300,1365.534,1352.085,1347.558,53.773,-1.033,-6.46,5.428,1352.085,1421.363,1282.807
2025-04-25,1374.42,1374.42,1351.72,1358.0,936000,1365.148,1349.767,1348.572,50.873,-0.529,-5.274,4.745,1349.767,1414.643,1284.891
2025-04-28,1360.9,1367.18,1349.31,1358.48,1017500,1365.34,1349.212,1349.166,50.986,-0.09,-4.237,4.147,1349.212,1413.561,1284.862
2025-04-30,1371.04,1404.36,1369.11,1397.6,1349600,1371.618,1350.178,1350.675,59.232,3.376,-2.715,6.09,1350.178,1416.9,1283.455
2025-05-01,1404.85,1404.85,1389.87,1399.05,670100,1376.64,1351.505,1352.3,59.504,6.168,-0.938,7.106,1351.505,1421.094,1281.917
2025-05-02,1400.02,1427.06,1397.6,1423.68,746300,1387.362,1354.186,1354.913,63.909,10.251,1.3,8.951,1354.186,1430.582,1277.79
2025-05-07,1409.19,1418.37,1390.84,1406.78,1193900,1397.118,1355.418,1356.797,59.155,11.984,3.437,8.548,1355.418,1434.46,1276.375
2025-05-08,1402.43,1409.67,1396.64,1405.33,786100,1406.488,1357.325,1358.071,58.751,13.09,5.367,7.723,1357.325,1439.348,1275.302
2025-05-09,1398.57,1427.06,1394.22,1412.09,820400,1409.386,1360.222,1358.974,60.118,14.347,7.163,7.183,1360.222,1445.789,1274.656
2025-05-12,1396.64,1407.74,1362.35,1370.07,1375500,1403.59,1362.202,1359.39,49.203,11.816,8.094,3.722,1362.202,1446.697,1277.708
2025-05-13,1386.01,1392.29,1366.21,1375.39,1668300,1393.932,1363.144,1360.141,50.43,10.122,8.499,1.623,1363.144,1447.793,1278.496
2025-05-14,1455.07,1463.28,1389.87,1407.26,2791200,1394.028,1370.05,1361.482,57.114,11.223,9.044,2.179,1370.05,1444.306,1295.795
2025-05-15,1407.26,1459.9,1401.47,1454.1,1998600,1403.782,1378.816,1364.017,64.656,15.693,10.374,5.319,1378.816,1448.992,1308.639
2025-05-16,1476.32,1528.96,1470.52,1515.92,2543400,1424.548,1389.802,1367.712,71.724,23.949,13.089,10.86,1389.802,1473.088,1306.516
2025-05-19,1516.4,1525.1,1483.56,1498.53,1391800,1450.24,1397.36,1371.012,67.627,28.756,16.222,12.534,1397.36,1491.2,1303.519
2025-05-20,1501.43,1501.91,1457.0,1461.35,1398700,1467.432,1403.565,1372.891,59.767,29.229,18.824,10.406,1403.565,1497.08,1310.05
2025-05-21,1459.9,1487.43,1456.52,1471.49,973000,1480.278,1409.143,1375.25,61.095,30.076,21.074,9.002,1409.143,1504.979,1313.307
2025-05-22,1488.88,1534.27,1486.46,1527.51,2102400,1494.96,1417.642,1379.014,67.482,34.865,23.832,11.033,1417.642,1523.798,1311.487
2025-05-23,1528.96,1530.89,1501.91,1517.37,1444600,1495.25,1425.201,1382.777,65.389,37.411,26.548,10.863,1425.201,1537.296,1313.105
2025-05-26,1525.58,1543.45,1522.68,1536.2,1265700,1502.784,1433.313,1386.925,67.41,40.482,29.335,11.147,1433.313,1553.017,1313.61
2025-05-27,1526.54,1537.17,1524.13,1525.1,727500,1515.534,1441.065,1390.279,65.001,41.541,31.776,9.765,1441.065,1563.57,1318.56
2025-05-28,1544.9,1545.38,1527.03,1528.96,1101500,1527.028,1449.613,1393.968,65.463,42.205,33.862,8.343,1449.613,1571.57,1327.656
2025-05-29,1529.44,1548.28,1529.44,1535.72,1106000,1528.67,1458.475,1397.802,66.302,42.783,35.646,7.137,1458.475,1578.289,1338.661
2025-05-30,1527.03,1560.35,1525.1,1548.28,1693600,1534.852,1466.009,1401.859,67.865,43.751,37.267,6.484,1466.009,1588.623,1343.395
2025-06-02,1548.28,1573.39,1541.03,1558.42,1513800,1539.296,1473.978,1405.899,69.111,44.82,38.778,6.042,1473.978,1598.96,1348.995
2025-06-03,1567.59,1572.91,1549.72,1559.87,1121800,1546.25,1480.787,1409.596,69.294,45.262,40.074,5.187,1480.787,1609.029,1352.545
2025-06-04,1558.42,1576.29,1551.17,1561.32,1501900,1552.722,1488.514,1413.322,69.489,45.208,41.101,4.107,1488.514,1616.604,1360.424
2025-06-05,1554.07,1571.46,1552.14,1556.0,1013200,1556.778,1496.048,1416.961,67.788,44.226,41.726,2.5,1496.048,1621.228,1370.867
2025-06-06,1577.25,1581.6,1544.9,1558.9,1539100,1558.902,1503.388,1420.6,68.245,43.184,42.018,1.167,1503.388,1625.006,1381.77
2025-06-09,1591.74,1602.36,1584.5,1597.05,1078600,1566.628,1514.737,1425.013,73.552,44.919,42.598,2.321,1514.737,1625.884,1403.59
2025-06-10,1588.84,1619.75,1588.36,1604.3,1214300,1575.514,1526.183,1429.436,74.427,46.345,43.347,2.998,1526.183,1623.151,1429.214
2025-06-11,1631.34,1646.79,1612.02,1615.4,982800,1586.33,1536.59,1433.657,75.749,47.819,44.242,3.577,1536.59,1624.026,1449.153
2025-06-12,1641.0,1655.49,1631.34,1645.34,1157400,1604.198,1546.152,1439.172,78.916,50.818,45.557,5.261,1546.152,1637.352,1454.951
2025-06-13,1654.52,1663.21,1626.99,1631.82,1421500,1618.782,1551.946,1444.243,74.203,51.509,46.748,4.762,1551.946,1649.562,1454.331
2025-06-16,1625.54,1642.45,1615.4,1615.4,1064900,1622.452,1557.79,1449.101,68.828,50.155,47.429,2.726,1557.79,1655.933,1459.647
2025-06-17,1597.53,1612.51,1596.09,1608.16,1307400,1623.224,1565.13,1453.863,66.539,47.944,47.532,0.412,1565.13,1654.468,1475.793
2025-06-18,1604.3,1636.17,1604.3,1627.48,1388100,1625.64,1572.93,1458.77,69.458,47.207,47.467,-0.26,1572.93,1654.768,1491.092
2025-06-19,1630.37,1640.03,1623.61,1624.1,865000,1621.392,1577.76,1463.908,68.335,45.821,47.138,-1.316,1577.76,1659.712,1495.807
2025-06-20,1613.95,1634.24,1611.54,1632.31,2033900,1621.49,1583.506,1469.471,69.62,44.869,46.684,-1.815,1583.506,1663.73,1503.283
2025-06-23,1632.31,1638.1,1616.37,1636.65,1237100,1625.74,1588.529,1475.595,70.306,43.958,46.139,-2.181,1588.529,1668.86,1508.198
2025-06-24,1641.96,1641.96,1615.89,1621.68,612400,1628.444,1593.358,1480.898,64.865,41.548,45.221,-3.672,1593.358,1669.116,1517.6
2025-06-25,1618.78,1634.72,1590.77,1625.54,1193900,1628.056,1598.187,1488.026,65.604,39.495,44.076,-4.58,1598.187,1668.799,1527.575
2025-06-26,1625.54,1631.82,1599.95,1603.33,1836800,1623.902,1601.567,1494.516,58.039,35.665,42.393,-6.729,1601.567,1665.77,1537.365
2025-06-27,1600.92,1600.92,1582.56,1595.6,1427300,1616.56,1603.933,1500.504,55.634,31.641,40.243,-8.602,1603.933,1663.163,1544.704
2025-06-30,1595.6,1619.75,1590.29,1596.57,1353000,1608.544,1605.841,1505.488,55.881,28.205,37.835,-9.63,1605.841,1661.231,1550.451
2025-07-01,1583.53,1608.16,1583.53,1604.78,921900,1605.164,1608.086,1510.839,58.012,25.846,35.438,-9.591,1608.086,1659.098,1557.075
2025-07-02,1612.02,1614.44,1597.05,1597.05,1079000,1599.466,1609.873,1515.581,55.303,23.087,32.967,-9.88,1609.873,1656.284,1563.462
2025-07-03,1588.84,1608.64,1586.91,1599.47,1057300,1598.694,1612.046,1520.42,55.996,20.856,30.545,-9.689,1612.046,1651.363,1572.73
2025-07-04,1611.54,1620.72,1607.19,1616.37,715200,1602.848,1614.92,1525.424,60.589,20.218,28.48,-8.262,1614.92,1645.257,1584.583
2025-07-07,1631.82,1645.35,1614.92,1615.89,945900,1606.712,1615.862,1530.263,60.396,19.449,26.674,-7.224,1615.862,1645.01,1586.714
2025-07-08,1599.95,1603.81,1577.73,1589.81,1406500,1603.718,1615.138,1534.657,50.915,16.545,24.648,-8.103,1615.138,1646.155,1584.12
2025-07-09,1587.88,1598.02,1578.7,1585.94,1220900,1601.496,1613.664,1539.216,49.669,13.772,22.473,-8.7,1613.664,1647.316,1580.013
2025-07-10,1580.15,1592.71,1570.49,1592.71,1272900,1600.144,1611.033,1543.901,51.887,11.983,20.375,-8.392,1611.033,1642.41,1579.656
2025-07-11,1590.77,1603.81,1570.97,1578.7,1048500,1592.61,1608.377,1547.523,47.246,9.327,18.165,-8.838,1608.377,1641.3,1575.454
2025-07-14,1570.49,1599.95,1569.52,1588.36,916900,1587.104,1607.025,1551.309,50.532,7.911,16.114,-8.204,1607.025,1640.939,1573.111
2025-07-15,1589.33,1612.02,1589.33,1606.23,1031500,1590.388,1606.928,1554.96,55.992,8.136,14.519,-6.383,1606.928,1640.84,1573.017
2025-07-16,1601.88,1611.06,1597.53,1603.33,766500,1593.866,1605.721,1558.891,54.932,7.989,13.213,-5.224,1605.721,1638.243,1573.199
2025-07-17,1603.33,1635.69,1603.33,1635.69,779000,1602.462,1606.3,1563.498,63.282,10.364,12.643,-2.279,1606.3,1640.568,1572.033
2025-07-18,1635.69,1642.93,1614.92,1620.72,927400,1610.866,1605.721,1567.671,57.935,10.912,12.297,-1.385,1605.721,1638.495,1572.947
2025-07-22,1611.06,1625.54,1601.4,1607.19,913700,1614.632,1604.248,1572.413,53.532,10.138,11.865,-1.727,1604.248,1633.644,1574.852
2025-07-23,1603.33,1631.82,1598.5,1612.99,1665000,1615.984,1603.814,1577.165,55.107,9.879,11.468,-1.589,1603.814,1632.369,1575.258
2025-07-24,1608.64,1635.69,1608.16,1623.13,1247400,1619.944,1603.693,1581.483,57.8,10.372,11.249,-0.877,1603.693,1631.88,1575.506
2025-07-25,1627.96,1633.75,1612.99,1626.99,1089200,1618.204,1604.876,1584.94,58.813,10.948,11.188,-0.24,1604.876,1634.924,1574.828
2025-07-28,1612.02,1625.06,1597.53,1602.36,1344100,1614.532,1605.214,1586.669,50.486,9.31,10.813,-1.503,1605.214,1634.973,1575.455
2025-07-29,1588.84,1610.09,1588.84,1604.78,1305700,1614.05,1605.624,1588.794,51.217,8.113,10.273,-2.16,1605.624,1635.107,1576.142
2025-07-30,1598.5,1614.92,1598.5,1606.71,1423700,1612.794,1605.721,1591.701,51.827,7.237,9.666,-2.428,1605.721,1635.204,1576.238
2025-07-31,1617.82,1626.51,1606.71,1612.51,1406500,1610.67,1606.494,1594.522,53.703,6.931,9.119,-2.188,1606.494,1635.83,1577.158
2025-08-01,1612.99,1627.96,1612.51,1614.92,1085300,1608.256,1607.266,1596.27,54.496,6.805,8.656,-1.851,1607.266,1636.638,1577.895
2025-08-04,1604.3,1615.89,1587.88,1602.85,1304500,1608.354,1606.59,1597.98,49.888,5.665,8.058,-2.393,1606.59,1635.701,1577.48
2025-08-05,1605.26,1618.78,1591.74,1592.22,810800,1605.842,1605.407,1599.1,46.184,3.86,7.218,-3.358,1605.407,1634.848,1575.966
2025-08-06,1594.64,1620.72,1594.64,1604.3,1355300,1605.36,1606.132,1600.684,50.666,3.365,6.448,-3.083,1606.132,1634.655,1577.608
2025-08-07,1593.67,1620.72,1591.26,1608.16,1170100,1604.49,1607.242,1602.268,52.041,3.247,5.808,-2.56,1607.242,1634.14,1580.345
2025-08-08,1496.6,1507.71,1410.16,1432.37,4970600,1567.98,1599.226,1600.201,21.99,-10.906,2.465,-13.371,1599.226,1681.968,1516.483
2025-08-12,1432.37,1455.07,1418.85,1425.61,3975900,1532.532,1591.571,1597.748,21.477,-22.409,-2.51,-19.899,1591.571,1704.958,1478.184
2025-08-13,1439.13,1499.98,1437.2,1474.87,2901000,1509.062,1585.896,1596.077,33.639,-27.236,-7.455,-19.781,1585.896,1710.741,1461.052
2025-08-14,1474.87,1492.74,1466.66,1488.39,1706000,1485.88,1580.004,1594.647,36.544,-29.63,-11.89,-17.74,1580.004,1711.741,1448.268
2025-08-15,1499.02,1531.86,1495.15,1521.71,1826100,1468.59,1575.923,1593.855,43.15,-28.509,-15.214,-13.295,1575.923,1709.659,1442.188
2025-08-18,1536.69,1555.52,1524.13,1527.99,1747900,1487.714,1570.538,1593.295,44.326,-26.806,-17.532,-9.273,1570.538,1702.807,1438.27
2025-08-19,1523.16,1547.31,1520.27,1536.2,1333800,1509.832,1566.312,1592.841,45.902,-24.51,-18.928,-5.582,1566.312,1697.224,1435.401
2025-08-20,1545.38,1548.28,1531.37,1531.37,1128900,1521.132,1562.522,1591.527,45.093,-22.818,-19.706,-3.112,1562.522,1692.839,1432.204
2025-08-21,1537.65,1542.0,1509.64,1513.99,1281100,1526.252,1557.572,1589.721,42.212,-22.618,-20.288,-2.33,1557.572,1687.337,1427.806
2025-08-22,1518.82,1544.9,1513.51,1521.23,1962300,1526.156,1552.477,1587.837,43.822,-21.627,-20.556,-1.071,1552.477,1679.374,1425.579
2025-08-25,1512.54,1514.95,1480.67,1488.88,1230500,1518.334,1545.571,1584.708,38.64,-23.184,-21.082,-2.102,1545.571,1670.41,1420.732
2025-08-26,1488.39,1505.78,1466.66,1485.49,2264300,1508.192,1539.728,1581.782,38.131,-24.41,-21.747,-2.663,1539.728,1664.315,1415.14
2025-08-27,1475.84,1517.85,1472.94,1513.5,1373400,1504.618,1535.164,1579.744,44.621,-22.859,-21.97,-0.889,1535.164,1656.358,1413.969
2025-08-28,1513.5,1522.2,1505.78,1505.78,1304100,1502.976,1530.117,1577.696,43.273,-21.998,-21.975,-0.023,1530.117,1647.1,1413.134
2025-08-29,1505.78,1521.71,1505.78,1509.16,1238100,1500.562,1524.95,1575.33,44.07,-20.804,-21.741,0.937,1524.95,1635.565,1414.334
2025-09-01,1508.68,1536.69,1499.98,1535.24,1164900,1509.834,1520.966,1573.552,49.912,-17.55,-20.903,3.353,1520.966,1623.372,1418.559
2025-09-02,1535.24,1558.9,1534.75,1545.86,1147300,1521.908,1518.116,1571.823,52.106,-13.954,-19.513,5.559,1518.116,1613.886,1422.346
2025-09-03,1558.9,1570.49,1544.9,1553.59,1405300,1529.926,1516.184,1570.162,53.696,-10.361,-17.683,7.322,1516.184,1607.096,1425.273
2025-09-04,1564.7,1574.35,1557.45,1569.52,1292600,1542.674,1514.446,1569.119,56.873,-6.157,-15.378,9.221,1514.446,1599.396,1429.495
2025-09-05,1557.93,1570.97,1550.69,1558.9,1327300,1552.622,1511.982,1567.786,54.203,-3.64,-13.03,9.39,1511.982,1587.865,1436.1
2025-09-08,1592.71,1592.71,1571.46,1584.98,1007300,1562.57,1519.613,1567.419,59.261,0.453,-10.333,10.787,1519.613,1592.417,1446.809
2025-09-09,1576.29,1599.47,1574.35,1594.15,1527500,1572.228,1528.04,1567.39,60.896,4.387,-7.389,11.776,1528.04,1593.696,1462.384
2025-09-10,1594.15,1603.81,1586.91,1590.29,1481700,1579.568,1533.811,1567.265,59.808,7.111,-4.489,11.6,1533.811,1600.077,1467.545
2025-09-11,1579.18,1602.36,1577.25,1599.47,1080500,1585.558,1539.365,1567.158,61.567,9.896,-1.612,11.509,1539.365,1608.173,1470.557
2025-09-12,1601.4,1608.64,1560.35,1564.21,1617000,1586.62,1541.49,1566.502,52.129,9.153,0.541,8.612,1541.49,1610.626,1472.354
2025-09-16,1577.73,1608.16,1576.29,1593.67,1411000,1588.358,1544.774,1566.386,57.932,10.817,2.596,8.221,1544.774,1617.364,1472.184
2025-09-17,1593.19,1601.88,1573.39,1582.56,1223000,1586.04,1547.092,1565.709,55.214,11.111,4.299,6.812,1547.092,1621.468,1472.716
2025-09-18,1600.43,1603.33,1588.84,1593.67,1071100,1586.716,1550.207,1565.265,57.368,12.1,5.859,6.241,1550.207,1626.99,1473.424
2025-09-19,1603.33,1620.72,1585.94,1593.67,2089800,1585.556,1554.191,1565.342,57.368,12.738,7.235,5.503,1554.191,1631.329,1477.053
2025-09-22,1579.67,1598.98,1571.46,1589.81,997100,1590.676,1557.62,1565.42,56.277,12.784,8.345,4.44,1557.62,1634.686,1480.554
2025-09-24,1593.67,1600.92,1557.45,1573.39,1569200,1586.62,1561.846,1565.033,51.768,11.365,8.949,2.416,1561.846,1631.999,1491.692
2025-09-25,1586.91,1591.74,1574.84,1584.5,1217900,1587.008,1566.796,1565.149,54.429,11.01,9.361,1.649,1566.796,1627.616,1505.976
2025-09-26,1567.59,1587.39,1565.66,1579.18,1489100,1584.11,1570.08,1564.966,52.923,10.182,9.525,0.657,1570.08,1625.649,1514.511
2025-09-29,1602.64,1610.45,1579.67,1591.4,1129900,1583.656,1574.361,1564.669,55.938,10.392,9.699,0.693,1574.361,1621.648,1527.074
2025-09-30,1593.84,1613.39,1593.84,1602.15,1192100,1586.124,1579.01,1564.645,58.458,11.296,10.018,1.278,1579.01,1616.595,1541.426
2025-10-01,1607.03,1618.76,1587.49,1604.59,1977900,1592.364,1582.478,1564.023,59.031,12.07,10.428,1.641,1582.478,1615.59,1549.366
2025-10-02,1627.07,1636.84,1608.01,1629.02,1236300,1601.268,1586.636,1564.189,64.333,14.487,11.24,3.247,1586.636,1621.239,1552.033
2025-10-03,1612.41,1622.67,1601.66,1604.1,1582000,1606.252,1589.162,1564.128,56.325,14.228,11.838,2.391,1589.162,1620.86,1557.463
2025-10-06,1612.41,1620.23,1577.72,1582.6,2258300,1604.492,1589.816,1563.52,50.486,12.148,11.9,0.248,1589.816,1620.325,1559.306
2025-10-07,1571.85,1578.21,1529.83,1534.23,2383300,1590.908,1588.582,1561.742,40.351,6.522,10.824,-4.303,1588.582,1625.645,1551.519
2025-10-08,1534.23,1568.43,1534.23,1542.54,1621700,1578.498,1586.46,1560.053,42.487,2.702,9.2,-6.498,1586.46,1628.866,1544.054
2025-10-09,1528.37,1540.58,1516.64,1526.9,1516700,1558.074,1583.098,1558.544,39.612,-1.569,7.046,-8.615,1583.098,1632.948,1533.247
2025-10-10,1523.97,1538.63,1521.53,1535.21,1327700,1544.296,1580.344,1557.152,41.863,-4.235,4.79,-9.025,1580.344,1634.427,1526.26
2025-10-14,1498.07,1513.71,1475.6,1482.93,1326400,1524.362,1574.517,1554.677,33.422,-10.445,1.743,-12.188,1574.517,1643.093,1505.94
2025-10-15,1475.6,1488.79,1470.71,1481.46,1077100,1513.808,1570.379,1552.056,33.219,-15.31,-1.668,-13.642,1570.379,1650.575,1490.183
2025-10-16,1481.46,1486.84,1471.69,1484.39,1079500,1502.178,1564.915,1549.445,34.078,-18.712,-5.077,-13.636,1564.915,1652.939,1476.891
2025-10-17,1488.79,1494.17,1468.76,1468.76,1575000,1490.55,1559.225,1546.763,31.733,-22.412,-8.544,-13.868,1559.225,1656.656,1461.794
2025-10-20,1492.21,1494.65,1475.11,1489.28,1067700,1481.364,1554.006,1544.704,37.785,-23.418,-11.519,-11.899,1554.006,1654.794,1453.217
2025-10-21,1477.55,1499.54,1477.55,1490.26,1104700,1482.83,1548.835,1542.424,38.067,-23.861,-13.987,-9.874,1548.835,1651.645,1446.025
2025-10-22,1490.26,1497.59,1480.0,1484.39,1172700,1483.416,1543.564,1539.948,36.984,-24.405,-16.071,-8.334,1543.564,1648.32,1438.808
2025-10-23,1488.3,1503.45,1484.39,1498.56,1392600,1486.25,1539.822,1541.272,41.323,-23.422,-17.541,-5.881,1539.822,1645.435,1434.21
2025-10-24,1489.77,1498.56,1484.88,1492.7,1003700,1491.038,1535.232,1542.614,40.093,-22.853,-18.603,-4.25,1535.232,1640.648,1429.817
2025-10-27,1492.7,1523.48,1491.23,1508.34,1053500,1494.85,1531.691,1543.283,44.812,-20.899,-19.062,-1.836,1531.691,1635.639,1427.742
2025-10-28,1502.96,1507.36,1479.51,1485.86,1220700,1493.97,1526.414,1543.233,39.942,-20.923,-19.435,-1.488,1526.414,1628.294,1424.533
2025-10-29,1477.55,1490.26,1424.78,1434.07,1487000,1483.906,1518.01,1541.48,31.459,-24.835,-20.515,-4.32,1518.01,1621.305,1414.714
2025-10-30,1433.58,1463.38,1425.27,1460.94,1300200,1476.382,1510.827,1540.139,38.73,-25.473,-21.506,-3.967,1510.827,1608.604,1413.05
2025-10-31,1466.8,1480.48,1460.45,1474.62,901600,1472.766,1503.107,1538.907,42.097,-24.592,-22.123,-2.468,1503.107,1584.62,1421.594
2025-11-04,1475.6,1491.72,1465.83,1488.3,1217000,1468.758,1497.317,1538.046,45.333,-22.53,-22.205,-0.325,1497.317,1563.665,1430.969
2025-11-05,1501.49,1506.38,1464.85,1483.9,1391900,1468.366,1492.382,1537.444,44.472,-21.008,-21.965,0.957,1492.382,1545.356,1439.408
2025-11-06,1468.76,1485.86,1450.68,1465.34,1368900,1474.62,1488.938,1536.326,40.941,-21.058,-21.784,0.726,1488.938,1539.352,1438.523
2025-11-07,1488.79,1525.93,1479.51,1479.51,1779600,1478.334,1485.786,1536.139,44.56,-19.726,-21.372,1.646,1485.786,1529.53,1442.042
2025-11-10,1489.77,1503.94,1458.5,1487.33,907900,1480.876,1483.808,1536.176,46.509,-17.834,-20.665,2.831,1483.808,1523.072,1444.543
2025-11-11,1478.04,1501.01,1465.34,1497.1,1094300,1482.636,1481.902,1535.848,48.924,-15.369,-19.605,4.237,1481.902,1513.641,1450.163
2025-11-12,1501.01,1506.87,1482.93,1493.19,930700,1484.494,1482.415,1535.596,47.99,-13.574,-18.399,4.825,1482.415,1514.553,1450.277
2025-11-13,1503.45,1521.04,1498.07,1510.29,725300,1493.484,1483.856,1535.618,52.28,-10.65,-16.849,6.2,1483.856,1518.317,1449.396
2025-11-14,1523.97,1559.64,1515.66,1556.22,1230100,1508.826,1487.448,1536.038,61.473,-4.573,-14.394,9.821,1487.448,1534.73,1440.166
2025-11-17,1548.89,1561.59,1539.61,1556.22,797900,1522.604,1491.821,1536.245,61.473,0.24,-11.467,11.707,1491.821,1547.294,1436.348
2025-11-18,1556.22,1557.2,1542.05,1547.91,817500,1532.766,1494.752,1536.132,59.085,3.346,-8.505,11.85,1494.752,1555.597,1433.908
2025-11-19,1538.14,1563.55,1534.72,1535.21,786100,1541.17,1497.0,1535.445,55.534,4.727,-5.858,10.585,1497.0,1560.412,1433.588
2025-11-20,1529.35,1553.78,1520.06,1544.49,780200,1548.01,1500.005,1535.157,57.542,6.496,-3.387,9.884,1500.005,1566.521,1433.489
2025-11-21,1561.59,1575.27,1547.42,1575.27,998300,1551.82,1503.84,1534.963,63.439,10.264,-0.657,10.921,1503.84,1578.37,1429.311
2025-11-25,1580.16,1582.12,1559.64,1564.53,787800,1553.482,1507.432,1534.371,60.292,12.241,1.923,10.319,1507.432,1586.486,1428.378
2025-11-26,1564.53,1619.74,1564.53,1619.74,1098800,1567.848,1513.002,1534.96,68.847,18.056,5.149,12.906,1513.002,1606.672,1419.332
2025-11-27,1574.3,1606.55,1570.88,1582.12,699700,1577.23,1517.815,1534.613,59.448,19.404,8.0,11.404,1517.815,1615.423,1420.207
2025-11-28,1564.53,1572.34,1556.71,1563.06,647900,1580.944,1524.264,1534.59,55.327,18.719,10.144,8.575,1524.264,1615.405,1433.124
2025-12-01,1555.73,1559.64,1520.55,1545.47,1284300,1574.984,1528.491,1533.626,51.761,16.566,11.428,5.138,1528.491,1614.989,1441.993
2025-12-02,1534.72,1539.61,1513.71,1537.16,965900,1569.51,1531.618,1532.718,50.118,14.027,11.948,2.079,1531.618,1614.356,1448.88
2025-12-03,1517.62,1524.46,1500.03,1515.66,1269700,1548.694,1532.986,1531.157,46.044,10.163,11.591,-1.428,1532.986,1613.585,1452.387
2025-12-04,1508.34,1528.37,1506.38,1521.04,927500,1536.478,1534.843,1529.705,47.201,7.449,10.763,-3.313,1534.843,1612.332,1457.354
2025-12-05,1530.32,1541.56,1511.76,1515.66,933000,1526.998,1537.359,1528.222,46.136,4.809,9.572,-4.763,1537.359,1608.34,1466.378
2025-12-08,1534.23,1544.0,1529.35,1536.19,582100,1525.142,1540.193,1527.478,50.706,4.323,8.522,-4.199,1540.193,1605.77,1474.616
2025-12-09,1548.89,1551.82,1525.44,1544.98,642500,1526.706,1543.076,1526.687,52.562,4.595,7.737,-3.142,1543.076,1603.753,1482.398
2025-12-10,1532.77,1566.48,1525.44,1559.64,545000,1535.502,1546.202,1526.297,55.567,5.924,7.374,-1.45,1546.202,1603.241,1489.164
2025-12-11,1563.55,1563.55,1539.12,1543.03,880800,1539.9,1548.694,1525.329,51.58,5.574,7.014,-1.441,1548.694,1600.053,1497.336
2025-12-12,1552.31,1563.55,1520.06,1522.99,1044100,1541.366,1549.33,1523.746,47.182,3.637,6.339,-2.702,1549.33,1598.975,1499.684
2025-12-15,1550.84,1552.8,1525.93,1548.89,648900,1543.906,1548.963,1522.632,52.786,4.144,5.9,-1.756,1548.963,1598.502,1499.424
2025-12-16,1548.89,1589.93,1534.23,1576.74,1528800,1550.258,1549.989,1521.586,57.951,6.716,6.063,0.653,1549.989,1600.989,1498.989
2025-12-17,1577.23,1585.54,1554.75,1560.62,740900,1550.454,1550.625,1520.717,54.251,7.368,6.324,1.044,1550.625,1601.832,1499.417
2025-12-18,1579.67,1629.02,1563.55,1609.97,1672800,1563.842,1554.362,1521.264,62.206,11.732,7.405,4.326,1554.362,1611.413,1497.312
2025-12-19,1602.15,1608.01,1584.56,1600.19,1979200,1579.282,1557.148,1522.583,59.98,14.237,8.772,5.465,1557.148,1617.511,1496.784
2025-12-22,1611.92,1611.92,1588.47,1600.19,626500,1589.542,1558.394,1523.736,59.98,16.038,10.225,5.813,1558.394,1621.307,1495.48
2025-12-23,1604.1,1618.27,1603.61,1611.43,624900,1596.48,1560.738,1525.427,61.802,18.162,11.812,6.35,1560.738,1627.964,1493.513
2025-12-24,1611.43,1613.39,1587.98,1591.4,416000,1602.636,1559.322,1526.551,56.837,18.022,13.054,4.968,1559.322,1622.375,1496.268
2025-12-25,1606.55,1606.55,1576.25,1580.16,315000,1596.674,1559.224,1528.495,54.205,16.81,13.805,3.004,1559.224,1622.134,1496.313
2025-12-26,1597.26,1609.48,1585.54,1594.33,382600,1595.502,1560.787,1530.753,56.914,16.799,14.404,2.395,1560.787,1625.624,1495.95
2025-12-29,1594.33,1607.52,1584.07,1603.13,2619100,1596.09,1563.67,1533.128,58.553,17.301,14.984,2.318,1563.67,1630.729,1496.611
2025-12-30,1602.64,1609.48,1587.49,1588.96,532700,1591.596,1566.26,1535.532,54.929,16.367,15.26,1.107,1566.26,1633.008,1499.512
2026-01-05,1588.96,1611.92,1588.96,1608.5,674900,1595.016,1570.902,1537.916,58.723,17.008,15.61,1.398,1570.902,1635.719,1506.085
2026-01-06,1600.68,1613.87,1596.77,1608.99,619800,1600.782,1575.3,1540.291,58.817,17.355,15.959,1.396,1575.3,1637.764,1512.835
2026-01-07,1609.48,1627.07,1600.19,1619.74,741600,1605.864,1580.504,1542.998,60.912,18.286,16.424,1.862,1580.504,1639.281,1521.726
2026-01-08,1627.07,1649.05,1622.18,1639.77,649600,1613.192,1585.683,1545.822,64.532,20.406,17.22,3.185,1585.683,1646.245,1525.12
2026-01-09,1622.18,1639.28,1617.29,1638.31,648200,1623.062,1590.349,1548.734,64.066,21.717,18.12,3.597,1590.349,1652.078,1528.62
2026-01-13,1658.83,1705.24,1652.47,1676.42,1438400,1636.646,1596.188,1552.096,70.127,25.537,19.603,5.934,1596.188,1667.097,1525.279
2026-01-14,1693.52,1722.83,1682.28,1699.87,913700,1654.822,1604.03,1556.376,73.131,30.11,21.705,8.405,1604.03,1684.263,1523.797
2026-01-15,1690.59,1708.66,1689.61,1704.27,609900,1671.728,1613.094,1561.78,73.666,33.7,24.104,9.596,1613.094,1695.703,1530.485
2026-01-16,1695.47,1729.67,1692.05,1725.77,913000,1688.928,1621.938,1567.076,76.163,37.844,26.852,10.992,1621.938,1713.041,1530.835
2026-01-19,1716.48,1719.41,1699.38,1709.64,390100,1703.194,1628.583,1571.777,70.743,39.373,29.356,10.017,1628.583,1725.036,1532.13
2026-01-20,1700.36,1709.15,1690.59,1705.73,548400,1709.056,1635.838,1576.125,69.452,39.81,31.447,8.363,1635.838,1732.596,1539.081
2026-01-21,1664.2,1695.96,1663.22,1682.77,890600,1705.636,1639.478,1580.103,62.27,37.867,32.731,5.136,1639.478,1737.606,1541.351
2026-01-22,1700.85,1717.46,1683.75,1708.18,671500,1706.418,1644.878,1584.96,66.41,37.941,33.773,4.168,1644.878,1745.749,1544.007
2026-01-23,1700.36,1723.32,1698.4,1720.88,664900,1705.44,1650.912,1589.787,68.283,38.579,34.734,3.845,1650.912,1754.919,1546.906
2026-01-26,1691.07,1702.8,1682.28,1695.96,651600,1702.704,1655.139,1593.96,61.084,36.651,35.118,1.534,1655.139,1759.26,1551.018
2026-01-27,1702.8,1715.02,1680.81,1710.13,1047100,1703.584,1661.076,1598.22,63.444,35.854,35.265,0.589,1661.076,1763.419,1558.732
2026-01-28,1705.73,1708.66,1677.88,1682.77,822000,1703.584,1666.206,1602.012,56.34,32.638,34.739,-2.102,1666.206,1761.516,1570.896
2026-01-29,1661.27,1694.5,1659.32,1683.26,822000,1698.6,1670.652,1605.471,56.434,29.785,33.749,-3.963,1670.652,1759.952,1581.353
2026-01-30,1703.29,1710.13,1682.77,1698.4,1028200,1694.104,1675.416,1608.315,59.349,28.419,32.683,-4.264,1675.416,1759.565,1591.267
2026-02-02,1719.9,1719.9,1682.28,1692.54,892300,1693.42,1680.595,1611.041,57.739,26.557,31.458,-4.901,1680.595,1754.461,1606.729
2026-02-03,1691.07,1729.19,1682.28,1722.35,1011900,1695.864,1686.288,1614.53,63.208,27.173,30.601,-3.427,1686.288,1754.056,1618.519
2026-02-04,1719.9,1725.77,1713.55,1718.44,610100,1702.998,1691.76,1618.195,62.073,27.035,29.888,-2.853,1691.76,1750.294,1633.226
2026-02-05,1730.16,1749.71,1723.32,1733.58,892400,1713.062,1697.452,1621.976,64.715,27.826,29.475,-1.649,1697.452,1748.108,1646.796
2026-02-06,1694.5,1700.36,1627.07,1679.84,2711400,1709.35,1699.456,1624.068,51.108,23.842,28.349,-4.507,1699.456,1743.205,1655.706
2026-02-09,1734.07,1735.05,1696.94,1720.88,1271500,1715.018,1703.584,1627.195,58.316,23.722,27.423,-3.701,1703.584,1737.521,1669.647
2026-02-10,1713.55,1734.07,1675.44,1688.14,1125000,1708.176,1704.17,1628.563,51.76,20.747,26.088,-5.341,1704.17,1736.499,1671.841
2026-02-12,1703.29,1703.29,1677.39,1678.37,769700,1700.162,1703.095,1630.488,49.956,17.4,24.35,-6.951,1703.095,1737.396,1668.794
2026-02-13,1695.47,1695.47,1675.44,1680.81,872500,1689.608,1701.922,1632.843,50.421,14.774,22.435,-7.661,1701.922,1737.629,1666.215
2026-02-16,1694.01,1694.01,1658.83,1673.48,850400,1688.336,1699.308,1635.403,48.949,11.963,20.341,-8.378,1699.308,1735.319,1663.296
2026-02-17,1677.88,1689.61,1662.74,1665.67,536400,1677.294,1697.109,1637.973,47.364,9.002,18.073,-9.071,1697.109,1735.738,1658.48
2026-02-18,1661.76,1670.55,1637.82,1654.43,878800,1670.552,1694.544,1640.749,45.099,5.682,15.595,-9.912,1694.544,1737.35,1651.738
2026-02-19,1641.73,1675.44,1631.95,1675.44,800000,1669.966,1694.178,1643.837,49.919,4.693,13.414,-8.721,1694.178,1737.529,1650.826
2026-02-20,1680.81,1696.94,1673.0,1676.91,888600,1669.186,1692.614,1647.062,50.248,3.982,11.528,-7.546,1692.614,1736.095,1649.133
2026-02-24,1689.12,1698.4,1668.11,1684.72,678400,1671.434,1690.806,1650.032,52.051,4.002,10.023,-6.021,1690.806,1732.3,1649.312
2026-02-25,1708.18,1724.3,1694.5,1713.55,862900,1681.01,1691.686,1653.404,58.089,6.272,9.273,-3.0,1691.686,1734.368,1649.003
2026-02-26,1713.55,1737.49,1706.71,1715.02,954900,1693.128,1691.93,1656.511,58.377,8.096,9.037,-0.941,1691.93,1735.111,1648.749
2026-02-27,1688.14,1708.66,1678.86,1708.66,1657400,1699.772,1693.225,1659.824,56.567,8.926,9.015,-0.089,1693.225,1736.799,1649.65
2026-03-02,1692.05,1712.09,1678.86,1680.33,830900,1700.456,1693.078,1662.971,49.243,7.215,8.655,-1.44,1693.078,1736.813,1649.343
2026-03-03,1653.94,1658.83,1638.79,1640.75,740700,1691.662,1690.196,1664.808,41.215,2.634,7.451,-4.817,1690.196,1739.676,1640.715
2026-03-04,1601.66,1620.72,1585.05,1585.05,999000,1665.962,1684.821,1664.974,33.049,-5.428,4.875,-10.303,1684.821,1753.034,1616.608
2026-03-05,1614.85,1616.81,1584.56,1584.56,904600,1639.87,1677.932,1665.453,32.987,-11.722,1.556,-13.277,1677.932,1757.133,1598.73
2026-03-06,1547.91,1588.96,1543.52,1582.12,911100,1614.562,1671.116,1664.896,32.659,-16.714,-2.098,-14.616,1671.116,1758.662,1583.569
2026-03-09,1543.51,1596.77,1540.09,1581.63,994800,1594.822,1663.518,1664.525,32.589,-20.474,-5.773,-14.7,1663.518,1754.544,1572.492
2026-03-10,1617.29,1642.21,1592.86,1618.27,1255100,1590.326,1660.44,1664.886,42.524,-20.263,-8.671,-11.592,1660.44,1753.288,1567.591
2026-03-11,1627.07,1641.73,1620.72,1634.89,874600,1600.294,1656.14,1665.355,46.384,-18.541,-10.645,-7.896,1656.14,1745.086,1567.194
2026-03-12,1606.06,1611.92,1569.9,1595.8,861800,1602.542,1651.523,1665.443,39.641,-20.099,-12.536,-7.563,1651.523,1743.024,1560.022
2026-03-13,1584.56,1637.33,1580.16,1603.61,986000,1606.84,1647.785,1665.912,41.472,-20.468,-14.123,-6.346,1647.785,1740.765,1554.805
2026-03-16,1615.83,1628.04,1594.82,1617.78,906400,1614.07,1644.634,1666.381,44.746,-19.393,-15.177,-4.217,1644.634,1737.172,1552.095
2026-03-17,1627.07,1655.9,1625.6,1648.08,901100,1620.032,1643.364,1667.28,51.053,-15.913,-15.324,-0.589,1643.364,1734.927,1551.8
2026-03-18,1631.95,1657.36,1627.56,1651.5,767800,1623.354,1642.655,1668.531,51.723,-12.732,-14.806,2.073,1642.655,1733.71,1551.6
2026-03-19,1647.59,1665.18,1640.75,1648.08,1513200,1633.81,1642.338,1669.323,50.971,-10.368,-13.918,3.55,1642.338,1733.263,1551.412
2026-03-23,1616.32,1633.91,1605.08,1612.41,933700,1635.57,1639.186,1669.391,43.823,-11.243,-13.383,2.14,1639.186,1729.649,1548.723
2026-03-24,1637.33,1679.84,1634.4,1676.91,1055300,1647.396,1639.186,1670.535,55.874,-6.655,-12.038,5.382,1639.186,1729.649,1548.723
2026-03-25,1700.36,1707.2,1691.07,1691.56,1030900,1656.092,1639.528,1671.57,58.074,-1.816,-9.993,8.177,1639.528,1730.764,1548.292
2026-03-26,1709.64,1721.86,1694.5,1717.46,901600,1669.284,1639.724,1673.153,61.709,4.062,-7.182,11.244,1639.724,1731.642,1547.805
2026-03-27,1729.19,1751.17,1715.99,1746.29,1250600,1688.926,1641.287,1674.551,65.313,10.921,-3.562,14.482,1641.287,1739.45,1543.124
2026-03-30,1706.78,1754.68,1692.46,1744.31,1164700,1715.306,1643.07,1675.44,64.862,16.012,0.353,15.659,1643.07,1747.479,1538.66
2026-03-31,1753.2,1770.98,1731.47,1763.57,965900,1732.638,1647.231,1676.626,67.235,21.355,4.554,16.802,1647.231,1763.821,1530.642
2026-04-01,1778.39,1826.79,1766.04,1826.29,933900,1759.584,1656.508,1678.636,73.51,30.301,9.703,20.598,1656.508,1797.83,1515.187
2026-04-02,1831.23,1834.69,1795.18,1797.65,913400,1775.622,1667.138,1680.396,67.183,34.68,14.699,19.982,1667.138,1817.521,1516.756
2026-04-03,1797.65,1810.49,1772.96,1803.08,577900,1786.98,1678.064,1682.343,67.749,38.149,19.389,18.76,1678.064,1834.804,1521.325
2026-04-06,1826.79,1860.86,1809.01,1852.47,1093500,1808.612,1691.582,1685.737,72.416,44.372,24.385,19.987,1691.582,1859.699,1523.465
2026-04-07,1847.04,1868.27,1846.54,1867.78,799500,1829.454,1705.89,1688.929,73.687,49.963,29.501,20.462,1705.89,1883.068,1528.711
2026-04-08,1911.73,1915.19,1881.61,1907.29,1478200,1845.654,1720.34,1692.657,76.674,56.926,34.986,21.94,1720.34,1913.825,1526.856
2026-04-09,1888.52,1913.71,1868.76,1873.7,1147700,1860.864,1732.281,1696.212,69.455,59.053,39.799,19.254,1732.281,1932.905,1531.657
2026-04-10,1858.89,1870.74,1804.07,1804.07,988100,1861.062,1742.694,1698.091,57.393,54.492,42.738,11.754,1742.694,1934.937,1550.452
2026-04-13,1792.22,1805.06,1780.86,1783.82,1097000,1847.332,1751.705,1700.112,54.432,48.682,43.927,4.755,1751.705,1933.085,1570.325
2026-04-14,1776.91,1796.17,1767.03,1777.89,1024700,1829.354,1759.71,1702.005,53.561,43.102,43.762,-0.659,1759.71,1929.996,1589.425
2026-04-15,1772.46,1787.28,1768.51,1778.39,781600,1803.574,1766.226,1703.604,53.628,38.279,42.665,-4.386,1766.226,1928.302,1604.15
2026-04-16,1785.3,1794.19,1750.73,1760.12,836400,1780.858,1771.657,1704.956,50.731,32.607,40.654,-8.046,1771.657,1924.566,1618.748
2026-04-17,1764.56,1780.36,1750.24,1750.24,973800,1770.092,1776.765,1705.514,49.183,27.003,37.924,-10.92,1776.765,1918.726,1634.804
2026-04-20,1774.93,1775.92,1725.55,1730.48,690900,1759.424,1782.668,1705.755,46.151,20.729,34.485,-13.756,1782.668,1904.202,1661.135
2026-04-21,1710.24,1718.63,1691.47,1695.91,676700,1743.028,1783.618,1705.001,41.347,12.819,30.152,-17.333,1783.618,1901.925,1665.312
2026-04-22,1696.41,1702.33,1658.87,1662.33,903300,1719.816,1782.157,1704.651,37.288,3.797,24.881,-21.084,1782.157,1905.851,1658.463
2026-04-23,1646.03,1654.92,1628.75,1642.58,713500,1696.308,1778.413,1703.085,35.105,-4.89,18.926,-23.817,1778.413,1914.286,1642.54
2026-04-24,1653.94,1674.68,1644.06,1653.44,804600,1676.948,1773.77,1702.391,37.279,-10.775,12.986,-23.761,1773.77,1920.2,1627.341
2026-04-27,1638.63,1652.95,1622.82,1627.27,569400,1656.306,1767.919,1701.369,34.297,-17.35,6.919,-24.269,1767.919,1928.022,1607.815
2026-04-28,1630.72,1631.71,1610.97,1630.23,656000,1643.17,1761.251,1700.357,34.931,-22.067,1.122,-23.189,1761.251,1932.812,1589.691
2026-04-30,1613.93,1616.9,1575.91,1596.15,979500,1629.934,1749.744,1698.811,31.198,-28.23,-4.749,-23.482,1749.744,1933.385,1566.104
2026-05-01,1607.02,1628.75,1591.22,1622.82,792700,1625.982,1741.003,1697.954,36.883,-30.61,-9.921,-20.689,1741.003,1931.556,1550.45
2026-05-07,1607.02,1626.28,1602.08,1608.99,1152500,1617.092,1731.298,1697.045,35.256,-33.228,-14.582,-18.646,1731.298,1928.203,1534.394
2026-05-08,1605.04,1608.01,1568.5,1597.64,1155800,1611.166,1718.557,1695.489,33.933,-35.807,-18.827,-16.98,1718.557,1915.427,1521.687
2026-05-11,1582.82,1609.49,1582.82,1602.08,1070900,1605.536,1705.272,1693.992,34.961,-37.065,-22.475,-14.59,1705.272,1895.49,1515.054
2026-05-12,1592.2,1602.08,1542.32,1542.32,1607900,1594.77,1687.024,1691.144,28.527,-42.395,-26.459,-15.936,1687.024,1865.291,1508.756
2026-05-13,1658.87,1792.71,1632.21,1792.71,3528600,1628.748,1682.974,1692.728,60.952,-26.114,-26.39,0.276,1682.974,1846.452,1519.496
2026-05-14,1795.67,1885.56,1769.01,1858.89,2302000,1678.728,1685.715,1695.605,65.418,-7.781,-22.668,14.887,1685.715,1859.27,1512.16
2026-05-15,1852.96,1856.42,1806.54,1838.15,1531000,1726.83,1688.432,1698.195,62.987,5.016,-17.131,22.147,1688.432,1869.969,1506.894
2026-05-18,1831.23,1846.54,1797.65,1821.35,951700,1770.684,1690.604,1701.015,61.009,13.645,-10.976,24.621,1690.604,1877.609,1503.6
2026-05-19,1827.77,1875.19,1776.91,1870.25,1340400,1836.27,1695.197,1705.605,64.503,24.152,-3.95,28.102,1695.197,1895.332,1495.063
2026-05-20,1901.36,1935.44,1867.28,1879.14,1325500,1853.556,1701.148,1711.487,65.115,32.817,3.403,29.414,1701.148,1915.952,1486.345
2026-05-21,1905.8,1910.74,1849.01,1859.88,1160000,1853.754,1706.63,1716.993,62.597,37.695,10.261,27.434,1706.63,1932.043,1481.218
2026-05-22,1856.91,1903.83,1851.97,1881.61,968500,1862.446,1714.187,1722.983,64.276,42.821,16.773,26.048,1714.187,1952.717,1475.657
2026-05-25,1925.56,1945.31,1895.93,1901.36,1113800,1878.448,1724.46,1729.378,65.779,47.925,23.004,24.921,1724.46,1976.962,1471.957
2026-05-26,1923.09,1930.99,1878.15,1906.79,1111800,1885.756,1736.683,1735.148,66.2,51.811,28.765,23.046,1736.683,1999.959,1473.406
2026-05-27,1897.41,1917.16,1858.89,1910.25,1167900,1891.978,1750.066,1740.655,66.483,54.541,33.92,20.62,1750.066,2020.322,1479.81
2026-05-28,1873.7,1894.94,1855.92,1865.31,1216000,1893.064,1760.66,1746.046,59.513,52.473,37.631,14.842,1760.66,2031.577,1489.742
2026-05-29,1904.82,1915.19,1863.83,1891.98,1092300,1895.138,1773.895,1751.813,62.055,52.383,40.581,11.801,1773.895,2043.234,1504.556
2026-06-01,1887.04,1888.52,1810.98,1834.19,1171600,1881.704,1784.093,1756.141,54.124,47.105,41.886,5.219,1784.093,2045.867,1522.319
2026-06-02,1828.27,1863.33,1818.39,1840.61,939300,1868.468,1796.316,1759.992,54.815,42.945,42.098,0.847,1796.316,2043.566,1549.066
2026-06-03,1847.04,1849.01,1806.54,1832.22,1012600,1852.862,1806.786,1763.606,53.677,38.527,41.384,-2.856,1806.786,2040.464,1573.108
2026-06-04,1833.21,1857.9,1833.21,1849.01,926800,1849.602,1818.787,1767.625,55.66,35.966,40.3,-4.334,1818.787,2033.584,1603.99
2026-06-05,1901.36,1928.03,1879.63,1903.34,1254200,1851.874,1834.072,1773.443,61.417,37.884,39.817,-1.933,1834.072,2024.764,1643.38
2026-06-08,1982.35,2017.91,1912.22,1930.0,1478800,1871.036,1850.468,1778.505,63.895,41.082,40.07,1.012,1850.468,2011.21,1689.726
2026-06-09,1944.82,1954.2,1914.2,1931.98,959800,1889.31,1869.951,1783.314,64.079,43.277,40.711,2.565,1869.951,1945.105,1794.797
2026-06-10,1938.4,1958.65,1918.15,1918.15,983900,1906.496,1876.223,1787.327,61.707,43.4,41.249,2.151,1876.223,1944.893,1807.553
2026-06-11,1896.42,1930.0,1892.96,1911.73,1201100,1919.04,1878.865,1790.636,60.587,42.49,41.497,0.993,1878.865,1948.781,1808.949
2026-06-12,1913.71,1913.71,1859.38,1899.88,1152400,1918.348,1881.952,1793.748,58.475,40.347,41.267,-0.92,1881.952,1949.717,1814.186
2026-06-15,1925.06,1926.05,1875.68,1879.14,908700,1908.176,1884.841,1796.059,54.871,36.554,40.324,-3.77,1884.841,1946.367,1823.315
2026-06-16,1876.17,1916.18,1859.88,1895.93,867000,1900.966,1886.125,1797.452,57.172,34.505,39.161,-4.655,1886.125,1947.441,1824.809
2026-06-17,1911.73,1911.73,1840.61,1858.89,896900,1889.114,1885.112,1798.677,50.994,29.552,37.239,-7.687,1885.112,1947.572,1822.653
2026-06-18,1869.75,1880.62,1854.94,1865.31,672700,1879.83,1885.384,1799.921,51.963,25.847,34.96,-9.114,1885.384,1947.428,1823.34
2026-06-19,1828.27,1852.96,1812.46,1850.99,1511700,1870.052,1883.853,1799.892,49.607,21.507,32.27,-10.763,1883.853,1947.771,1819.935
2026-06-22,1834.69,1927.53,1832.22,1921.61,882000,1878.546,1884.866,1800.968,59.387,23.495,30.515,-7.02,1884.866,1950.568,1819.163
2026-06-23,1882.1,1992.23,1877.65,1979.39,1453400,1895.238,1888.495,1802.41,65.318,29.394,30.291,-0.897,1888.495,1966.221,1810.77
2026-06-24,1930.0,2053.47,1928.52,2019.89,1500200,1927.438,1893.977,1805.334,68.761,36.912,31.615,5.297,1893.977,1991.187,1796.768
2026-06-25,2040.63,2101.87,2016.92,2101.87,2119400,1974.75,1905.806,1811.29,74.319,48.921,35.076,13.845,1905.806,2039.171,1772.44
2026-06-26,2106.81,2124.58,2088.53,2102.36,1418000,2025.024,1916.325,1817.661,74.349,57.811,39.623,18.188,1916.325,2075.741,1756.908
2026-06-29,2133.47,2165.08,2106.81,2121.13,1753500,2064.928,1930.672,1824.526,75.505,65.615,44.821,20.793,1930.672,2109.438,1751.905
2026-06-30,2139.89,2162.12,2097.42,2106.81,1515800,2090.412,1943.982,1831.094,72.809,69.839,49.825,20.014,1943.982,2133.811,1754.152
2026-07-01,2076.68,2118.16,2074.21,2108.29,914000,2108.092,1957.785,1838.057,72.916,72.471,54.354,18.117,1957.785,2153.456,1762.114
2026-07-02,2138.41,2164.59,2107.79,2148.78,1047300,2117.474,1972.774,1846.028,75.745,76.936,58.87,18.066,1972.774,2179.002,1766.545
2026-07-03,2195.21,2226.32,2168.04,2182.37,1266000,2133.476,1986.725,1855.066,77.815,82.238,63.544,18.694,1986.725,2210.207,1763.243
2026-07-06,2215.95,2225.83,2183.85,2208.54,1037200,2150.958,2000.652,1865.319,79.297,87.542,68.344,19.199,2000.652,2243.156,1758.148
2026-07-07,2199.65,2223.36,2191.26,2191.26,1491200,2167.848,2013.616,1875.897,75.701,89.322,72.539,16.783,2013.616,2268.089,1759.143
2026-07-08,2195.21,2212.49,2118.66,2147.3,1522600,2175.65,2025.074,1885.992,67.333,86.192,75.27,10.922,2025.074,2282.071,1768.076
2026-07-09,2170.02,2177.92,2133.97,2144.83,1160600,2174.86,2036.728,1895.819,66.886,82.56,76.728,5.832,2036.728,2293.225,1780.232
2026-07-10,2123.6,2140.39,2093.96,2108.78,987000,2160.142,2047.174,1905.45,60.561,75.898,76.562,-0.664,2047.174,2297.136,1797.211
2026-07-13,2132.49,2143.84,2096.43,2124.58,1347800,2143.35,2059.446,1915.337,62.246,71.073,75.464,-4.391,2059.446,2298.536,1820.355
2026-07-14,2134.46,2138.41,2089.52,2100.88,1072800,2125.274,2069.693,1925.431,58.228,64.593,73.29,-8.697,2069.693,2296.529,1842.857
2026-07-15,2104.83,2105.82,2069.27,2075.2,910700,2110.854,2080.508,1934.479,54.148,56.732,69.978,-13.247,2080.508,2284.502,1876.515
2026-07-16,2085.08,2096.43,2062.85,2067.3,562800,2095.348,2090.608,1943.645,52.92,49.295,65.842,-16.546,2090.608,2268.008,1913.208
2026-07-17,2017.91,2057.42,1993.22,2017.42,1340700,2077.076,2098.93,1952.041,45.849,38.929,60.459,-21.53,2098.93,2241.124,1956.735
2026-07-21,2047.05,2054.95,1989.27,1997.66,1430000,2051.692,2102.732,1959.952,43.376,28.786,54.125,-25.338,2102.732,2228.024,1977.44
2026-07-22,2000.13,2003.59,1962.6,1962.6,1054100,2024.036,2101.892,1968.358,39.324,17.716,46.843,-29.127,2101.892,2230.836,1972.949
2026-07-23,1953.71,1960.13,1926.55,1938.4,1441200,1996.676,2097.818,1971.272,36.77,6.909,38.856,-31.947,2097.818,2241.93,1953.706
2026-07-24,1943.83,1959.64,1930.0,1949.26,788000,1973.068,2090.188,1973.079,38.694,-0.769,30.931,-31.7,2090.188,2248.825,1931.55
2026-07-27,1943.83,1959.64,1927.04,1947.78,1008300,1959.14,2082.458,1975.272,38.522,-6.895,23.366,-30.261,2082.458,2253.199,1911.718
2026-07-28,1943.83,1955.19,1928.03,1935.93,1009900,1946.794,2073.198,1977.563,37.1,-12.561,16.18,-28.741,2073.198,2254.848,1891.549
2026-07-29,1955.68,2014.45,1943.83,1995.69,1591300,1953.412,2067.643,1980.072,47.605,-12.09,10.526,-22.616,2067.643,2251.745,1883.54
2026-07-30,1972.48,1995.19,1909.76,1912.72,1306900,1948.276,2057.864,1980.744,38.093,-18.201,4.781,-22.982,2057.864,2253.302,1862.426
2026-07-31,1876.67,1879.63,1835.68,1860.86,1465900,1930.596,2043.468,1980.763,33.576,-26.919,-1.559,-25.36,2043.468,2252.642,1834.294
2026-08-03,1860.86,1865.8,1821.35,1846.05,1050400,1910.25,2026.652,1980.052,32.395,-34.624,-8.172,-26.452,2026.652,2242.769,1810.535
2026-08-04,1817.4,1859.88,1804.07,1847.04,926200,1892.472,2008.577,1978.966,32.566,-40.187,-14.575,-25.612,2008.577,2221.08,1796.074
2026-08-05,1837.16,1851.97,1822.34,1832.71,700700,1859.876,1990.65,1977.484,31.332,-45.231,-20.706,-24.525,1990.65,2198.712,1782.587
2026-08-06,1833.21,1886.54,1828.76,1852.96,903500,1847.924,1975.933,1976.338,35.075,-47.052,-25.975,-21.076,1975.933,2178.918,1772.947
2026-08-07,1845.55,1910.25,1780.86,1909.26,2451800,1857.604,1964.154,1977.217,44.185,-43.451,-29.47,-13.98,1964.154,2152.699,1775.609
2026-08-10,1894.45,1939.88,1876.67,1919.14,1014000,1872.222,1954.672,1977.76,45.627,-39.346,-31.446,-7.901,1954.672,2131.289,1778.055
2026-08-12,1922.6,1947.29,1894.45,1945.31,894300,1891.876,1945.708,1979.983,49.359,-33.595,-31.875,-1.719,1945.708,2103.177,1788.24
2026-08-13,1965.56,1965.56,1924.08,1939.88,756100,1913.31,1937.658,1981.968,48.613,-29.139,-31.328,2.19,1937.658,2077.163,1798.154
2026-08-14,1932.47,1947.78,1883.58,1894.94,1241300,1921.706,1928.645,1983.223,42.845,-28.9,-30.842,1.942,1928.645,2053.228,1804.063
2026-08-17,1912.22,1915.19,1867.78,1876.17,860400,1915.088,1919.089,1983.766,40.675,-29.881,-30.65,0.769,1919.089,2027.111,1811.067
2026-08-18,1901.36,1901.36,1875.19,1892.47,759700,1909.754,1912.842,1983.548,43.358,-29.009,-30.322,1.313,1912.842,2010.913,1814.77
2026-08-19,1910.25,1910.25,1853.95,1857.41,1498400,1892.174,1905.829,1982.097,39.246,-30.792,-30.416,-0.376,1905.829,1998.258,1813.4
2026-08-20,1875.68,1940.37,1868.27,1925.56,1186400,1889.31,1903.977,1981.968,49.31,-26.402,-29.613,3.211,1903.977,1993.04,1814.914
2026-08-21,1896.91,1908.77,1844.57,1856.42,1262100,1881.606,1899.878,1980.734,41.753,-28.177,-29.326,1.149,1899.878,1989.812,1809.944
2026-08-24,1866.79,1882.59,1847.04,1851.48,871900,1876.668,1894.989,1979.529,41.267,-29.64,-29.389,-0.251,1894.989,1984.248,1805.73
2026-08-25,1854.44,1870.74,1831.73,1851.97,1026200,1868.568,1890.198,1978.57,41.34,-30.41,-29.593,-0.817,1890.198,1977.797,1802.6
2026-08-26,1871.73,1881.11,1846.05,1852.47,1058700,1867.58,1886.026,1978.037,41.42,-30.627,-29.8,-0.827,1886.026,1972.394,1799.657
2026-08-27,1839.13,1853.46,1824.32,1839.13,1098500,1850.294,1878.197,1976.901,39.857,-31.511,-30.142,-1.369,1878.197,1949.84,1806.555
2026-08-28,1835.68,1851.97,1817.9,1824.81,2943000,1843.972,1873.802,1976.219,38.191,-32.988,-30.711,-2.277,1873.802,1947.29,1800.314
2026-08-31,1840.12,1863.33,1826.79,1852.47,1612000,1844.17,1873.382,1975.963,43.135,-31.562,-30.881,-0.681,1873.382,1947.276,1799.489
2026-09-01,1827.28,1883.09,1826.79,1883.09,1173200,1850.394,1875.234,1976.605,48.085,-27.643,-30.234,2.591,1875.234,1948.093,1802.376
2026-09-02,1872.72,1879.63,1833.21,1844.57,1128700,1848.814,1875.111,1975.064,43.012,-27.33,-29.653,2.323,1875.111,1948.179,1802.043
2026-09-03,1827.28,1854.94,1822.34,1848.02,1176300,1850.592,1875.876,1972.436,43.586,-26.498,-29.022,2.524,1875.876,1947.378,1804.375
2026-09-04,1822.84,1836.66,1796.17,1807.03,1180100,1847.036,1873.58,1968.179,38.61,-28.815,-28.981,0.166,1873.58,1950.895,1796.265
2026-09-07,1778.39,1803.58,1763.57,1772.46,1246800,1831.034,1866.74,1961.591,34.983,-33.059,-29.796,-3.262,1866.74,1954.291,1779.189
2026-09-08,1756.66,1766.04,1738.88,1744.81,1156700,1803.378,1858.024,1954.44,32.364,-38.213,-31.48,-6.733,1858.024,1957.508,1758.539
2026-09-09,1749.74,1760.61,1728.51,1736.9,983000,1781.844,1847.603,1946.755,31.634,-42.446,-33.673,-8.773,1847.603,1952.124,1743.082
2026-09-10,1728.51,1728.51,1705.3,1723.57,945600,1756.954,1836.788,1939.091,30.391,-46.343,-36.207,-10.136,1836.788,1945.775,1727.8
2026-09-11,1692.46,1717.15,1685.05,1703.82,1233800,1736.312,1827.232,1931.001,28.597,-50.443,-39.054,-11.389,1827.232,1947.664,1706.799
2026-09-14,1709.25,1729.5,1688.01,1721.59,882900,1726.138,1819.502,1922.457,32.46,-51.663,-41.576,-10.087,1819.502,1946.379,1692.626
2026-09-15,1733.94,1743.32,1712.71,1720.61,714900,1721.298,1810.909,1913.222,32.356,-52.108,-43.682,-8.426,1810.909,1940.234,1681.585
2026-09-16,1713.2,1728.01,1701.84,1703.82,1359100,1714.682,1803.23,1903.128,30.551,-53.203,-45.587,-7.616,1803.23,1939.008,1667.452
2026-09-17,1730.98,1753.2,1724.06,1744.31,1068900,1718.83,1794.168,1894.189,39.339,-50.224,-46.514,-3.71,1794.168,1919.348,1668.987
2026-09-18,1739.37,1748.26,1689.0,1689.0,4150000,1715.866,1785.796,1885.023,33.165,-51.73,-47.557,-4.173,1785.796,1915.749,1655.844
2026-09-24,1689.0,1727.03,1687.52,1714.68,1986600,1714.484,1778.957,1876.42,38.028,-50.272,-48.1,-2.172,1778.957,1908.753,1649.16
2026-09-25,1734.44,1742.34,1718.63,1727.03,1531000,1715.768,1772.71,1868.785,40.279,-47.571,-47.994,0.423,1772.71,1899.707,1645.712
2026-09-28,1708.75,1713.69,1684.06,1689.0,1457200,1712.804,1764.536,1860.073,35.949,-47.947,-47.985,0.038,1764.536,1890.96,1638.112
2026-09-29,1700.0,1700.0,1658.0,1664.5,1392900,1696.842,1755.805,1851.346,33.455,-49.65,-48.318,-1.332,1755.805,1884.635,1626.974
2026-09-30,1665.0,1694.0,1647.5,1687.0,1464300,1696.442,1748.914,1843.582,37.729,-48.623,-48.379,-0.244,1748.914,1876.943,1620.885
2026-10-01,1692.0,1694.5,1650.0,1694.5,1576600,1692.406,1741.016,1836.126,39.132,-46.666,-48.036,1.37,1741.016,1861.409,1620.622
2026-10-02,1659.0,1678.0,1631.5,1645.5,1244900,1676.1,1729.136,1828.687,33.776,-48.51,-48.131,-0.379,1729.136,1836.707,1621.565
2026-10-05,1653.5,1660.0,1634.5,1660.0,1426400,1670.3,1719.908,1821.934,36.544,-48.245,-48.154,-0.091,1719.908,1816.933,1622.882
2026-10-06,1683.5,1699.0,1661.0,1683.5,1226700,1674.1,1711.682,1816.352,40.858,-45.613,-47.646,2.033,1711.682,1788.835,1634.528
2026-10-07,1689.5,1690.5,1672.5,1677.0,944000,1672.1,1705.18,1811.124,40.047,-43.55,-46.826,3.277,1705.18,1769.32,1641.04
2026-10-08,1711.5,1712.0,1666.0,1685.0,1554600,1670.2,1700.807,1805.839,41.584,-40.798,-45.621,4.822,1700.807,1757.076,1644.538
2026-10-09,1705.5,1705.5,1682.5,1697.5,295800,1680.6,1698.442,1800.833,43.999,-37.181,-43.933,6.752,1698.442,1750.761,1646.122
