Date,Open,High,Low,Close,Volume,SMA5,SMA20,SMA50,RSI,MACD,MACD_signal,MACD_hist,BB_mid,BB_upper,BB_lower
2021-09-29,3070.43,3113.55,3048.86,3104.93,150600,,,,,0.0,0.0,0.0,,,
2021-09-30,3104.93,3152.36,3087.68,3087.68,110800,,,,,-1.376,-0.275,-1.101,,,
2021-10-01,3109.24,3109.24,3018.68,3035.93,121700,,,,,-6.567,-1.534,-5.033,,,
2021-10-04,3083.36,3083.36,3014.37,3031.61,107400,,,,,-10.903,-3.407,-7.496,,,
2021-10-05,3010.05,3018.68,2945.37,2958.3,116000,3043.69,,,,-20.025,-6.731,-13.294,,,
2021-10-06,2949.68,3010.05,2949.68,2988.49,116200,3020.402,,,,-24.535,-10.292,-14.243,,,
2021-10-07,2984.18,2997.12,2953.99,2953.99,91500,2993.664,,,,-30.54,-14.341,-16.199,,,
2021-10-08,2923.8,2984.18,2910.87,2966.93,190500,2979.864,,,,-33.866,-18.246,-15.619,,,
2021-10-11,2966.93,2984.18,2941.05,2962.62,104200,2966.066,,,,-36.429,-21.883,-14.546,,,
2021-10-12,2932.43,2941.05,2893.62,2902.24,110300,2954.854,,,,-42.838,-26.074,-16.764,,,
2021-10-13,2928.12,2941.05,2897.93,2919.49,128600,2941.054,,,,-45.996,-30.058,-15.938,,,
2021-10-14,2915.18,2953.99,2915.18,2953.99,84700,2941.054,,,,-45.193,-33.085,-12.108,,,
2021-10-15,2953.99,3010.05,2953.99,3010.05,90000,2949.678,,,,-39.578,-34.384,-5.194,,,
2021-10-18,3010.05,3010.05,2958.3,2966.93,116900,2950.54,,,,-38.167,-35.14,-3.026,,,
2021-10-19,2975.55,3005.74,2962.62,3001.43,70600,2970.378,,,46.541,-33.874,-34.887,1.013,,,
2021-10-20,3027.3,3061.8,3022.99,3040.24,149900,2994.528,,,52.808,-27.029,-33.315,6.287,,,
2021-10-21,3031.61,3074.74,3018.68,3018.68,101600,3007.466,,,49.347,-23.078,-31.268,8.19,,,
2021-10-22,3018.68,3070.43,3010.05,3053.18,148600,3016.092,,,54.487,-16.967,-28.408,11.441,,,
2021-10-25,3048.86,3087.68,3048.86,3048.86,195200,3032.478,,,53.752,-12.331,-25.192,12.862,,,
2021-10-26,3048.86,3048.86,3005.74,3040.24,146000,3040.24,3002.29,,52.236,-9.245,-22.003,12.758,3002.29,3110.401,2894.18
2021-10-27,3066.11,3066.11,3022.99,3048.86,141200,3041.964,2999.487,,53.644,-6.035,-18.809,12.774,2999.487,3098.953,2900.021
2021-10-28,3040.24,3040.24,2988.49,3014.36,554100,3041.1,2995.821,,47.599,-6.203,-16.288,10.085,2995.821,3086.629,2905.013
2021-10-29,3027.3,3057.49,2975.55,3053.18,148700,3041.1,2996.684,,53.894,-3.167,-13.664,10.497,2996.684,3089.403,2903.964
2021-11-01,3104.93,3182.55,3100.61,3178.24,146900,3066.976,3004.015,,67.458,9.223,-9.086,18.31,3004.015,3126.707,2881.323
2021-11-02,3148.05,3169.61,3135.11,3152.36,118400,3089.4,3013.718,,63.308,16.762,-3.917,20.678,3013.718,3151.013,2876.423
2021-11-04,3199.8,3199.8,3109.24,3143.74,108700,3108.376,3021.48,,61.941,21.789,1.224,20.565,3021.48,3169.876,2873.085
2021-11-05,3109.24,3156.67,3109.24,3152.36,100100,3135.976,3031.399,,62.806,26.167,6.213,19.954,3031.399,3187.137,2875.661
2021-11-08,3173.92,3234.3,3074.74,3109.24,166500,3147.188,3038.514,,55.955,25.859,10.142,15.717,3038.514,3194.853,2882.176
2021-11-09,3156.67,3165.3,3061.8,3061.8,108400,3123.9,3043.474,,49.551,21.539,12.422,9.118,3043.474,3195.919,2891.028
2021-11-10,3083.36,3109.24,3070.43,3083.36,78300,3110.1,3052.529,,52.227,19.629,13.863,5.766,3052.529,3190.479,2914.58
2021-11-11,3100.61,3135.11,3083.36,3096.3,99400,3100.612,3061.37,,53.811,18.941,14.879,4.062,3061.37,3185.378,2937.362
2021-11-12,3083.36,3156.67,3083.36,3143.74,92400,3098.888,3070.858,,59.156,21.97,16.297,5.673,3070.858,3189.179,2952.536
2021-11-15,3178.24,3204.11,3165.3,3186.86,85100,3114.412,3079.698,,63.312,27.533,18.544,8.989,3079.698,3205.099,2954.297
2021-11-16,3182.55,3191.17,3143.74,3143.74,58300,3130.8,3088.538,,57.059,28.138,20.463,7.675,3088.538,3205.083,2971.994
2021-11-17,3135.11,3165.3,3117.86,3126.49,164800,3139.426,3094.792,,54.731,26.915,21.753,5.162,3094.792,3204.899,2984.684
2021-11-18,3091.99,3109.24,3044.55,3061.8,146200,3132.526,3095.87,,46.987,20.49,21.5,-1.011,3095.87,3204.135,2987.604
2021-11-19,3057.49,3057.49,3005.74,3022.99,108200,3108.376,3096.085,,43.051,12.126,19.626,-7.5,3096.085,3203.719,2988.451
2021-11-22,3022.99,3057.49,3014.37,3044.55,95700,3079.914,3095.654,,45.769,7.155,17.132,-9.976,3095.654,3204.078,2987.229
2021-11-24,3027.3,3070.43,3014.37,3031.61,90700,3057.488,3094.791,,44.399,2.147,14.135,-11.988,3094.791,3205.042,2984.54
2021-11-25,3044.55,3057.49,3018.68,3022.99,58600,3036.788,3093.928,,43.466,-2.489,10.81,-13.299,3093.928,3206.227,2981.63
2021-11-26,3005.74,3005.74,2915.18,2928.12,81100,3010.052,3087.892,,34.799,-13.661,5.916,-19.577,3087.892,3221.375,2954.408
2021-11-29,2902.24,2902.24,2841.87,2850.49,112500,2975.552,3079.698,,29.598,-28.451,-0.958,-27.493,3079.698,3247.811,2911.585
2021-11-30,2850.49,2889.31,2790.12,2790.12,256200,2924.666,3066.545,,26.305,-44.53,-9.672,-34.858,3066.545,3278.77,2854.32
2021-12-01,2790.12,2828.93,2777.18,2798.75,131400,2878.094,3047.571,,27.546,-55.932,-18.924,-37.008,3047.571,3284.202,2810.939
2021-12-02,2764.25,2798.75,2759.93,2764.25,139400,2826.346,3028.165,,25.684,-66.979,-28.535,-38.444,3028.165,3290.837,2765.493
2021-12-03,2747.0,2841.87,2721.12,2837.56,100800,2808.234,3012.856,,35.639,-69.024,-36.633,-32.391,3012.856,3282.756,2742.956
2021-12-06,2850.49,2893.62,2816.0,2820.31,76200,2802.198,2996.254,,34.469,-71.215,-43.549,-27.666,2996.254,3270.832,2721.675
2021-12-07,2824.62,2928.12,2820.31,2915.18,113000,2827.21,2986.551,,45.137,-64.552,-47.75,-16.802,2986.551,3258.015,2715.086
2021-12-08,2928.12,2949.68,2915.18,2923.81,86300,2852.222,2979.651,,45.998,-57.908,-49.781,-8.126,2979.651,3250.075,2709.227
2021-12-09,2923.81,2941.05,2902.24,2919.49,71200,2883.27,2971.458,3009.449,45.612,-52.387,-50.302,-2.084,2971.458,3238.561,2704.354
2021-12-10,2919.49,2923.81,2872.06,2880.68,121200,2891.894,2960.676,3004.964,42.187,-50.56,-50.354,-0.206,2960.676,3223.941,2697.412
2021-12-13,2884.99,2893.62,2837.56,2854.81,91200,2898.794,2946.23,3000.307,40.029,-50.617,-50.406,-0.21,2946.23,3198.686,2693.774
2021-12-14,2850.49,2884.99,2846.18,2863.43,83900,2888.444,2930.058,2996.857,41.11,-49.396,-50.204,0.808,2930.058,3157.844,2702.273
2021-12-15,2859.12,2906.56,2846.18,2854.81,58300,2874.644,2915.612,2993.321,40.327,-48.565,-49.877,1.312,2915.612,3121.978,2709.246
2021-12-16,2928.12,2936.74,2867.74,2910.87,103700,2872.92,2904.831,2992.372,47.348,-42.888,-48.479,5.591,2904.831,3085.774,2723.888
2021-12-17,2889.31,2889.31,2785.81,2820.31,304600,2860.846,2892.756,2989.009,39.304,-45.176,-47.818,2.642,2892.756,3061.407,2724.106
2021-12-20,2785.81,2846.18,2777.18,2811.68,77100,2852.22,2882.191,2986.162,38.63,-47.142,-47.683,0.541,2882.191,3042.772,2721.61
2021-12-21,2872.06,2876.37,2837.56,2863.43,63700,2852.22,2873.135,2984.092,44.745,-44.017,-46.95,2.933,2873.135,3014.434,2731.836
2021-12-22,2872.06,2884.99,2846.18,2872.06,33900,2855.67,2865.158,2982.281,45.717,-40.378,-45.636,5.257,2865.158,2985.202,2745.113
2021-12-23,2893.62,2893.62,2859.12,2872.06,32700,2847.908,2857.611,2981.678,45.717,-37.068,-43.922,6.854,2857.611,2952.143,2763.079
2021-12-24,2893.62,2893.62,2863.43,2867.74,23700,2857.394,2854.592,2980.643,45.255,-34.396,-42.017,7.621,2854.592,2943.322,2765.862
2021-12-27,2863.43,2863.43,2828.93,2837.56,50600,2862.57,2853.946,2978.314,42.058,-34.318,-40.477,6.159,2853.946,2942.989,2764.902
2021-12-28,2841.87,2880.68,2837.56,2867.74,51000,2863.432,2857.826,2975.468,46.154,-31.459,-38.673,7.215,2857.826,2941.777,2773.876
2021-12-29,2863.43,2897.93,2850.49,2863.43,58200,2861.706,2861.06,2973.398,45.658,-29.204,-36.779,7.576,2861.06,2940.279,2781.842
2021-12-30,2828.93,2850.49,2816.0,2824.62,64300,2852.218,2864.079,2969.862,41.345,-30.2,-35.464,5.264,2864.079,2931.486,2796.672
2022-01-04,2841.87,2945.37,2841.87,2932.43,167600,2865.156,2868.822,2967.705,54.268,-22.036,-32.778,10.742,2868.822,2941.517,2796.128
2022-01-05,2941.05,2962.62,2919.49,2945.37,91100,2886.718,2875.076,2966.239,55.534,-14.357,-29.094,14.737,2875.076,2951.612,2798.539
2022-01-06,2910.87,2941.05,2902.24,2902.24,57000,2893.618,2874.428,2963.22,50.513,-11.617,-25.598,13.981,2874.428,2949.747,2799.11
2022-01-07,2902.24,2915.18,2837.56,2841.87,105300,2889.306,2870.332,2959.081,44.455,-14.154,-23.31,9.156,2870.332,2943.215,2797.448
2022-01-11,2867.74,2906.56,2850.49,2897.93,76800,2903.968,2869.254,2956.234,50.404,-11.508,-20.949,9.441,2869.254,2939.672,2798.835
2022-01-12,2923.81,2975.55,2919.49,2949.68,68200,2907.418,2872.703,2954.251,55.176,-5.176,-17.795,12.619,2872.703,2951.715,2793.692
2022-01-13,2949.68,2953.99,2915.18,2915.18,36600,2901.38,2875.722,2952.267,51.61,-2.908,-14.817,11.909,2875.722,2956.45,2794.994
2022-01-14,2889.31,2915.18,2863.43,2902.24,87600,2901.38,2877.662,2949.248,50.298,-2.13,-12.28,10.15,2877.662,2959.01,2796.315
2022-01-17,2863.43,2919.49,2863.43,2893.62,39400,2911.73,2879.603,2943.556,49.396,-2.184,-10.261,8.076,2879.603,2960.505,2798.701
2022-01-18,2910.87,2923.81,2884.99,2889.31,48600,2910.006,2878.525,2938.295,48.924,-2.546,-8.718,6.172,2878.525,2958.239,2798.811
2022-01-19,2884.99,2910.87,2807.37,2820.31,101200,2884.132,2878.525,2931.826,42.003,-8.304,-8.635,0.331,2878.525,2958.239,2798.811
2022-01-20,2798.74,2867.74,2798.74,2841.87,53500,2869.47,2880.034,2925.617,44.639,-11.001,-9.108,-1.893,2880.034,2955.446,2804.623
2022-01-21,2859.12,2872.06,2807.37,2833.24,99100,2855.67,2878.525,2920.097,43.781,-13.677,-10.022,-3.655,2878.525,2956.501,2800.549
2022-01-24,2846.18,2915.18,2841.87,2910.87,73000,2859.12,2880.466,2917.078,52.602,-9.425,-9.903,0.478,2880.466,2959.686,2801.245
2022-01-25,2897.93,2897.93,2798.75,2863.43,94100,2853.944,2880.034,2912.679,47.679,-9.771,-9.876,0.106,2880.034,2959.54,2800.528
2022-01-26,2872.06,2876.37,2841.87,2841.87,47300,2858.256,2878.74,2907.591,45.59,-11.65,-10.231,-1.419,2878.74,2959.913,2797.568
2022-01-27,2837.56,2850.49,2721.12,2751.31,139100,2840.144,2874.428,2899.742,38.051,-20.214,-12.228,-7.986,2874.428,2972.266,2776.59
2022-01-28,2772.87,2820.31,2772.87,2807.37,76000,2834.97,2871.41,2892.152,44.202,-22.221,-14.226,-7.995,2871.41,2973.739,2769.08
2022-01-31,2747.0,2807.37,2747.0,2798.75,57400,2812.546,2868.176,2885.253,43.487,-24.228,-16.227,-8.001,2868.176,2975.531,2760.82
2022-02-01,2772.87,2811.68,2764.25,2772.87,56900,2794.434,2865.588,2878.18,41.326,-27.589,-18.499,-9.09,2865.588,2979.649,2751.527
2022-02-02,2751.31,2803.06,2742.68,2798.75,100600,2785.81,2858.904,2872.919,44.307,-27.843,-20.368,-7.475,2858.904,2972.137,2745.671
2022-02-03,2747.0,2816.0,2747.0,2790.12,115700,2793.572,2851.141,2868.262,43.513,-28.413,-21.977,-6.436,2851.141,2960.641,2741.642
2022-02-04,2790.12,2828.93,2755.62,2807.37,105600,2793.572,2846.398,2863.518,45.611,-27.16,-23.014,-4.147,2846.398,2954.791,2738.005
2022-02-07,2759.93,2923.81,2751.31,2897.93,170200,2813.408,2849.201,2860.845,55.05,-18.645,-22.14,3.495,2849.201,2959.974,2738.428
2022-02-08,2897.93,2953.99,2867.74,2880.68,66100,2834.97,2848.338,2857.998,53.157,-13.137,-20.339,7.202,2848.338,2957.774,2738.903
2022-02-09,2884.99,2884.99,2841.87,2863.43,71600,2847.906,2844.026,2856.705,51.26,-10.048,-18.281,8.233,2844.026,2942.939,2745.113
2022-02-10,2880.68,2906.56,2854.81,2876.37,109000,2865.156,2842.086,2857.222,52.626,-6.481,-15.921,9.44,2842.086,2936.543,2747.628
2022-02-14,2803.06,2837.56,2777.18,2828.93,87100,2869.468,2838.42,2857.998,47.382,-7.397,-14.216,6.819,2838.42,2928.644,2748.196
2022-02-15,2807.37,2837.56,2794.43,2820.31,88700,2853.944,2834.754,2858.43,46.476,-8.718,-13.116,4.399,2834.754,2921.422,2748.087
2022-02-16,2820.31,2872.06,2807.37,2863.43,118600,2850.494,2833.46,2860.413,51.475,-6.214,-11.736,5.522,2833.46,2917.429,2749.492
2022-02-17,2854.81,2854.81,2798.75,2811.68,61600,2840.144,2833.029,2859.896,45.931,-8.309,-11.05,2.742,2833.029,2917.37,2748.688
2022-02-18,2794.43,2820.31,2781.5,2803.06,66600,2825.482,2831.088,2859.551,45.06,-10.544,-10.949,0.405,2831.088,2916.354,2745.823
2022-02-21,2755.62,2772.87,2738.37,2755.62,71000,2810.82,2827.207,2856.359,40.509,-15.959,-11.951,-4.008,2827.207,2918.886,2735.529
2022-02-22,2738.37,2738.37,2712.5,2721.12,71500,2790.982,2817.72,2852.306,37.539,-22.771,-14.115,-8.656,2817.72,2912.175,2723.265
2022-02-24,2660.75,2716.81,2647.81,2712.5,109600,2760.796,2810.174,2848.166,36.813,-28.537,-17.0,-11.538,2810.174,2912.998,2707.349
2022-02-25,2682.31,2703.87,2643.5,2660.75,130400,2730.61,2801.118,2843.767,32.721,-36.858,-20.971,-15.886,2801.118,2922.429,2679.806
2022-02-28,2682.31,2759.93,2682.31,2751.31,118600,2720.26,2801.118,2841.697,44.374,-35.732,-23.923,-11.809,2801.118,2922.429,2679.806
2022-03-01,2751.31,2777.18,2738.37,2751.31,106100,2719.398,2798.314,2839.455,44.374,-34.443,-26.027,-8.416,2798.314,2921.593,2675.036
2022-03-02,2738.37,2759.93,2699.56,2703.87,89200,2715.948,2793.57,2836.436,40.149,-36.825,-28.187,-8.638,2793.57,2923.88,2663.261
2022-03-03,2738.37,2790.12,2725.44,2768.56,85100,2727.16,2793.355,2833.59,47.491,-33.112,-29.172,-3.94,2793.355,2923.823,2662.887
2022-03-04,2790.12,2794.43,2751.31,2764.25,105000,2747.86,2791.63,2832.469,47.076,-30.168,-29.371,-0.797,2791.63,2922.708,2660.552
2022-03-07,2725.43,2759.93,2699.56,2738.37,103700,2745.272,2789.042,2831.002,44.562,-29.583,-29.414,-0.169,2789.042,2922.272,2655.813
2022-03-08,2729.75,2777.18,2716.81,2759.93,210100,2746.996,2786.67,2828.932,47.097,-27.067,-28.944,1.877,2786.67,2920.215,2653.126
2022-03-09,2729.75,2751.31,2682.31,2738.37,198700,2753.896,2778.692,2826.259,44.887,-26.508,-28.457,1.949,2778.692,2902.995,2654.39
2022-03-10,2833.24,2884.99,2811.68,2872.06,128200,2774.596,2778.262,2826.259,58.037,-15.103,-25.786,10.683,2778.262,2901.127,2655.396
2022-03-11,2841.87,2893.62,2833.24,2863.43,154400,2794.432,2778.262,2826.172,57.09,-6.684,-21.966,15.282,2778.262,2901.127,2655.396
2022-03-14,2876.37,2928.12,2859.12,2893.62,95900,2825.482,2779.124,2827.294,59.575,2.397,-17.093,19.49,2779.124,2905.092,2653.156
2022-03-15,2897.93,2958.3,2897.93,2941.05,113300,2861.706,2784.73,2828.76,63.182,13.268,-11.021,24.289,2784.73,2928.721,2640.739
2022-03-16,2962.62,3014.36,2923.8,2941.05,144700,2902.242,2790.767,2830.312,63.182,21.634,-4.49,26.124,2790.767,2950.322,2631.212
2022-03-17,2966.93,2971.24,2897.93,2919.49,122800,2911.728,2793.57,2832.21,60.343,26.222,1.652,24.57,2793.57,2960.308,2626.832
2022-03-18,2919.49,2936.74,2876.37,2889.31,118000,2916.904,2797.452,2831.347,56.516,27.11,6.744,20.366,2797.452,2969.494,2625.409
2022-03-22,2889.31,2889.31,2828.93,2837.56,129000,2905.692,2799.176,2829.191,50.589,23.369,10.069,13.3,2799.176,2972.145,2626.208
2022-03-23,2872.06,2958.3,2854.81,2932.43,140800,2903.968,2808.017,2829.795,59.064,27.74,13.603,14.136,2808.017,2989.478,2626.556
2022-03-24,2923.81,2945.37,2872.06,2906.56,103400,2897.07,2817.289,2831.089,56.232,28.784,16.639,12.145,2817.289,2999.005,2635.573
2022-03-25,2945.37,2958.3,2919.49,2953.99,92500,2903.97,2829.364,2832.21,60.017,33.058,19.923,13.135,2829.364,3013.834,2644.893
2022-03-28,2953.99,2953.99,2906.56,2910.87,54500,2908.282,2841.87,2831.434,55.332,32.59,22.456,10.133,2841.87,3011.528,2672.211
2022-03-29,2906.56,2945.37,2902.24,2945.37,113700,2929.844,2851.572,2832.037,58.147,34.604,24.886,9.718,2851.572,3021.62,2681.525
2022-03-30,2951.46,2973.23,2846.98,2890.52,149000,2921.462,2858.533,2831.803,52.484,31.412,26.191,5.221,2858.533,3022.592,2694.474
2022-03-31,2851.34,2864.4,2781.69,2786.04,175100,2897.358,2862.642,2829.651,43.744,20.218,24.996,-4.778,2862.642,3014.017,2711.266
2022-04-01,2777.33,2833.93,2742.51,2816.51,114800,2869.862,2865.039,2828.195,46.54,13.649,22.727,-9.078,2865.039,3011.582,2718.496
2022-04-04,2829.57,2851.34,2790.39,2838.28,80500,2855.344,2868.74,2828.555,48.509,10.083,20.198,-10.115,2868.74,3008.13,2729.351
2022-04-05,2846.99,2855.69,2816.51,2829.57,72800,2832.184,2873.3,2828.309,47.751,6.479,17.454,-10.975,2873.3,3000.134,2746.467
2022-04-06,2816.51,2846.98,2764.27,2803.45,194800,2814.77,2875.476,2827.713,45.457,1.499,14.263,-12.765,2875.476,2995.427,2755.526
2022-04-07,2751.21,2812.16,2746.86,2803.45,105900,2818.252,2878.73,2825.565,45.457,-2.421,10.926,-13.347,2878.73,2985.867,2771.594
2022-04-08,2842.63,2851.34,2812.16,2838.28,115500,2822.606,2877.042,2825.062,49.229,-2.685,8.204,-10.889,2877.042,2985.675,2768.408
2022-04-11,2833.93,2877.46,2833.93,2864.4,69900,2827.83,2877.09,2825.512,51.914,-0.779,6.408,-7.186,2877.09,2985.699,2768.481
2022-04-12,2842.63,2846.99,2786.04,2794.75,83300,2820.866,2872.146,2826.381,45.069,-4.832,4.16,-8.991,2872.146,2986.439,2757.854
2022-04-13,2786.04,2825.22,2781.69,2812.16,104700,2822.608,2865.702,2826.477,46.952,-6.564,2.015,-8.579,2865.702,2978.156,2753.248
2022-04-14,2812.16,2846.98,2812.16,2825.22,38200,2826.962,2859.91,2827.006,48.381,-6.804,0.251,-7.055,2859.91,2967.866,2751.955
2022-04-15,2786.04,2816.51,2786.04,2807.81,55200,2820.868,2854.326,2827.705,46.579,-8.303,-1.46,-6.844,2854.326,2960.851,2747.802
2022-04-18,2768.63,2781.69,2725.1,2742.51,67400,2796.49,2846.986,2826.58,40.489,-14.592,-4.086,-10.506,2846.986,2963.155,2730.818
2022-04-19,2733.8,2764.27,2733.8,2742.51,71900,2786.042,2842.234,2825.628,40.489,-19.354,-7.14,-12.214,2842.234,2967.451,2717.017
2022-04-20,2772.98,2799.1,2746.86,2772.98,58200,2778.206,2834.262,2824.94,44.422,-20.433,-9.798,-10.634,2834.262,2955.541,2712.982
2022-04-21,2751.21,2777.33,2738.15,2755.57,88100,2764.276,2826.712,2822.093,42.686,-22.434,-12.325,-10.109,2826.712,2947.839,2705.585
2022-04-22,2751.21,2764.27,2729.45,2746.86,65700,2752.086,2816.356,2819.417,41.806,-24.441,-14.749,-9.693,2816.356,2926.592,2706.119
2022-04-25,2703.33,2729.45,2694.62,2707.68,76400,2745.12,2806.196,2816.302,38.009,-28.861,-17.571,-11.29,2806.196,2917.207,2695.185
2022-04-26,2712.04,2720.74,2698.98,2720.74,98100,2740.766,2794.964,2813.189,39.966,-30.953,-20.247,-10.705,2794.964,2891.151,2698.778
2022-04-27,2690.27,2690.27,2642.39,2651.09,120900,2716.388,2782.993,2809.632,33.832,-37.795,-23.757,-14.038,2782.993,2888.274,2677.712
2022-04-28,2646.74,2786.04,2646.74,2781.69,139000,2721.612,2782.776,2808.86,49.488,-32.307,-25.467,-6.84,2782.776,2888.047,2677.504
2022-05-02,2777.33,2825.22,2751.21,2812.16,107800,2734.672,2782.558,2807.834,52.322,-25.208,-25.415,0.207,2782.558,2887.554,2677.562
2022-05-06,2807.81,2864.4,2790.39,2855.69,68500,2764.274,2783.429,2808.715,56.111,-15.887,-23.51,7.623,2783.429,2890.635,2676.222
2022-05-09,2816.51,2838.28,2790.39,2803.45,90100,2780.816,2782.122,2808.722,50.885,-12.57,-21.322,8.752,2782.122,2887.585,2676.66
2022-05-10,2803.45,2851.34,2794.75,2833.93,100200,2817.384,2783.646,2810.289,53.6,-7.397,-18.537,11.14,2783.646,2891.265,2676.028
2022-05-11,2772.98,2772.98,2694.62,2746.86,127600,2810.418,2780.817,2810.803,45.809,-10.205,-16.87,6.665,2780.817,2889.216,2672.418
2022-05-12,2729.45,2729.45,2672.86,2681.56,88200,2784.298,2772.981,2810.185,40.996,-17.498,-16.996,-0.502,2772.981,2886.431,2659.531
2022-05-13,2685.92,2738.16,2668.5,2677.21,132600,2748.602,2763.622,2810.514,40.689,-23.36,-18.269,-5.091,2763.622,2876.198,2651.045
2022-05-16,2707.68,2725.1,2606.69,2633.68,145800,2714.648,2755.568,2808.161,37.653,-31.158,-20.847,-10.312,2755.568,2881.071,2630.065
2022-05-17,2629.33,2655.44,2604.08,2606.69,104000,2669.2,2745.294,2805.269,35.867,-39.066,-24.49,-14.576,2745.294,2884.214,2606.375
2022-05-18,2607.56,2616.27,2584.05,2592.76,109000,2638.38,2733.672,2803.047,34.945,-45.928,-28.778,-17.15,2733.672,2882.947,2584.396
2022-05-19,2540.52,2586.66,2540.52,2559.67,125100,2614.002,2721.264,2798.869,32.789,-53.42,-33.706,-19.714,2721.264,2885.13,2557.399
2022-05-20,2547.49,2555.32,2502.21,2509.18,182400,2580.396,2709.598,2793.767,29.772,-62.709,-39.507,-23.202,2709.598,2898.419,2520.777
2022-05-23,2521.37,2575.35,2521.37,2561.42,195700,2565.944,2700.544,2790.228,36.304,-65.105,-44.627,-20.478,2700.544,2899.798,2501.289
2022-05-24,2552.71,2584.05,2538.78,2575.35,213600,2559.676,2690.662,2786.537,37.961,-65.129,-48.727,-16.402,2690.662,2894.344,2486.98
2022-05-25,2593.63,2602.34,2550.97,2550.97,97900,2551.318,2680.432,2782.789,36.186,-66.35,-52.252,-14.098,2680.432,2890.829,2470.035
2022-05-26,2545.74,2563.16,2530.94,2530.94,104100,2545.572,2669.636,2775.966,34.749,-68.149,-55.431,-12.718,2669.636,2887.7,2451.572
2022-05-27,2536.17,2559.67,2530.94,2544.87,93400,2552.71,2661.496,2769.595,36.634,-67.67,-57.879,-9.791,2661.496,2885.651,2437.34
2022-05-30,2577.09,2594.5,2540.52,2576.22,177700,2555.67,2654.27,2763.247,40.78,-64.023,-59.108,-4.915,2654.27,2879.697,2428.842
2022-05-31,2559.67,2598.85,2555.32,2558.8,218200,2552.36,2649.655,2755.602,39.243,-61.825,-59.651,-2.174,2649.655,2879.099,2420.211
2022-06-01,2561.42,2638.03,2561.42,2611.91,212000,2564.548,2641.166,2749.019,45.931,-55.163,-58.753,3.591,2641.166,2862.46,2419.872
2022-06-02,2608.43,2610.17,2557.06,2566.64,114300,2571.688,2628.89,2741.962,41.716,-52.925,-57.588,4.663,2628.89,2837.097,2420.683
2022-06-03,2565.77,2577.96,2543.13,2553.58,78200,2573.43,2613.784,2735.248,40.56,-51.611,-56.392,4.782,2613.784,2794.766,2432.803
2022-06-06,2542.26,2555.32,2533.56,2544.0,90500,2566.986,2600.812,2729.377,39.69,-50.757,-55.265,4.508,2600.812,2760.492,2441.132
2022-06-07,2546.62,2576.22,2542.26,2547.49,70100,2564.724,2586.49,2721.678,40.193,-49.231,-54.058,4.827,2586.49,2703.929,2469.051
2022-06-08,2554.45,2591.02,2552.71,2577.09,100700,2557.76,2578.002,2715.088,44.425,-45.114,-52.27,7.156,2578.002,2667.961,2488.042
2022-06-09,2564.03,2582.31,2547.49,2548.36,137000,2554.104,2571.342,2706.976,41.366,-43.665,-50.549,6.883,2571.342,2647.716,2494.967
2022-06-10,2525.72,2530.94,2510.05,2512.66,164600,2545.92,2563.114,2699.012,37.875,-44.881,-49.415,4.534,2563.114,2625.672,2500.556
2022-06-13,2502.21,2520.5,2496.99,2506.57,89900,2538.434,2556.758,2690.236,37.297,-45.808,-48.694,2.886,2556.758,2614.794,2498.723
2022-06-14,2472.61,2498.73,2469.13,2481.32,143700,2525.2,2550.49,2682.052,34.917,-48.026,-48.56,0.534,2550.49,2612.747,2488.233
2022-06-15,2481.32,2502.21,2463.9,2465.65,157900,2502.912,2544.134,2675.644,33.488,-50.466,-48.941,-1.525,2544.134,2613.741,2474.528
2022-06-16,2502.21,2503.95,2474.35,2480.45,85200,2489.33,2540.174,2668.923,36.145,-50.623,-49.278,-1.345,2540.174,2614.886,2465.461
2022-06-17,2448.23,2490.02,2442.14,2477.83,157400,2482.364,2538.606,2661.714,35.872,-50.378,-49.498,-0.88,2538.606,2617.268,2459.944
2022-06-20,2495.25,2505.7,2466.52,2483.93,75000,2477.836,2534.732,2654.801,37.064,-49.125,-49.423,0.298,2534.732,2616.244,2453.219
2022-06-21,2472.61,2514.4,2472.61,2503.95,179200,2482.362,2531.162,2648.811,40.946,-45.986,-48.736,2.749,2531.162,2611.428,2450.895
2022-06-22,2507.44,2547.49,2504.82,2534.43,147700,2496.118,2530.334,2643.43,46.369,-40.572,-47.103,6.531,2530.334,2610.081,2450.588
2022-06-23,2546.61,2594.5,2546.61,2585.79,149500,2517.186,2533.077,2638.381,54.03,-31.77,-44.036,12.266,2533.077,2616.595,2449.559
2022-06-24,2606.69,2611.04,2587.53,2601.47,101400,2541.914,2535.907,2633.122,56.092,-23.262,-39.881,16.62,2535.907,2624.772,2447.042
2022-06-27,2611.91,2620.62,2572.73,2589.28,139700,2562.984,2536.56,2629.013,54.062,-17.303,-35.366,18.063,2536.56,2626.852,2446.268
2022-06-28,2591.89,2629.33,2583.18,2629.33,118700,2588.06,2540.086,2625.356,59.277,-9.242,-30.141,20.899,2540.086,2639.122,2441.051
2022-06-29,2620.62,2655.44,2603.21,2646.74,148600,2610.522,2541.828,2621.786,61.333,-1.432,-24.399,22.967,2541.828,2647.204,2436.452
2022-06-30,2668.5,2694.62,2638.03,2651.09,171700,2623.582,2546.051,2618.652,61.851,5.05,-18.509,23.559,2546.051,2661.863,2430.238
2022-07-01,2664.15,2725.1,2642.39,2655.44,158900,2634.376,2551.144,2616.911,62.393,10.418,-12.724,23.142,2551.144,2676.884,2425.403
2022-07-04,2698.98,2725.1,2685.92,2716.39,139400,2659.798,2559.763,2616.388,69.038,19.367,-6.306,25.673,2559.763,2705.488,2414.038
2022-07-05,2712.04,2716.39,2685.92,2703.33,98300,2674.598,2567.555,2614.995,66.333,25.115,-0.022,25.137,2567.555,2726.576,2408.534
2022-07-06,2685.92,2712.04,2681.56,2703.33,87100,2685.916,2573.867,2613.95,66.333,29.333,5.849,23.484,2573.867,2744.108,2403.626
2022-07-07,2755.57,2759.92,2729.45,2746.86,118400,2705.07,2583.792,2613.95,70.761,35.776,11.835,23.941,2583.792,2770.153,2397.431
2022-07-08,2742.51,2781.69,2690.27,2751.21,127300,2724.224,2595.72,2614.821,71.169,40.763,17.62,23.143,2595.72,2793.12,2398.319
2022-07-11,2790.39,2807.81,2777.33,2803.45,122800,2741.636,2610.564,2616.475,75.578,48.373,23.771,24.602,2610.564,2823.755,2397.372
2022-07-12,2799.1,2803.45,2755.57,2786.04,100400,2758.178,2625.8,2619.174,71.646,52.395,29.496,22.899,2625.8,2843.605,2407.994
2022-07-13,2803.45,2807.81,2768.63,2777.33,88100,2772.978,2641.384,2619.087,69.693,54.255,34.448,19.807,2641.384,2855.512,2427.255
2022-07-14,2786.04,2803.45,2759.92,2790.39,64500,2781.684,2656.88,2618.652,70.971,56.135,38.785,17.35,2656.88,2866.789,2446.972
2022-07-15,2794.75,2803.45,2759.92,2786.04,58900,2788.65,2672.291,2617.259,69.913,56.621,42.352,14.269,2672.291,2871.852,2472.73
2022-07-19,2768.63,2768.63,2712.04,2738.16,65500,2775.592,2685.002,2615.953,59.418,52.538,44.389,8.148,2685.002,2865.524,2504.481
2022-07-20,2764.27,2786.04,2733.8,2786.04,90400,2775.592,2699.107,2614.995,65.066,52.559,46.023,6.536,2699.107,2863.419,2534.795
2022-07-21,2755.57,2820.87,2755.57,2812.16,77000,2782.558,2712.993,2616.301,67.706,54.06,47.631,6.43,2712.993,2865.205,2560.782
2022-07-22,2812.16,2851.34,2803.45,2829.57,89100,2790.394,2725.182,2619.261,69.368,56.01,49.307,6.703,2725.182,2873.497,2576.868
2022-07-25,2825.22,2829.57,2803.45,2816.51,71500,2796.488,2735.935,2622.047,66.599,55.857,50.617,5.24,2735.935,2877.513,2594.356
2022-07-26,2829.57,2829.57,2790.39,2790.39,56000,2806.934,2745.99,2625.181,61.327,53.016,51.097,1.92,2745.99,2871.35,2620.63
2022-07-27,2768.63,2790.39,2768.63,2777.33,64000,2805.192,2753.39,2628.594,58.82,49.145,50.706,-1.561,2753.39,2866.642,2640.138
2022-07-28,2777.33,2803.45,2768.63,2790.39,90000,2800.838,2760.572,2632.547,60.557,46.594,49.884,-3.29,2760.572,2863.054,2658.091
2022-07-29,2790.39,2790.39,2707.68,2712.04,113300,2777.332,2763.62,2635.594,47.591,37.814,47.47,-9.656,2763.62,2855.467,2671.773
2022-08-01,2716.39,2764.27,2707.68,2759.92,75300,2766.014,2768.844,2640.609,54.064,34.324,44.841,-10.517,2768.844,2845.395,2692.293
2022-08-02,2746.86,2751.21,2672.86,2672.86,119000,2742.508,2766.668,2642.838,43.535,24.253,40.723,-16.47,2766.668,2851.523,2681.812
2022-08-03,2698.98,2698.98,2624.97,2629.33,104600,2712.908,2762.968,2643.917,39.403,12.614,35.101,-22.487,2762.968,2864.304,2661.631
2022-08-04,2725.1,2733.8,2655.44,2716.39,259100,2698.108,2763.62,2647.226,49.688,10.296,30.14,-19.844,2763.62,2863.496,2663.745
2022-08-05,2659.8,2720.74,2659.8,2720.74,94000,2699.848,2762.314,2651.022,50.143,8.71,25.854,-17.144,2762.314,2863.784,2660.845
2022-08-08,2698.98,2712.04,2672.86,2698.98,89100,2687.66,2759.703,2654.104,47.812,5.632,21.81,-16.178,2759.703,2864.992,2654.414
2022-08-09,2703.33,2712.04,2664.15,2672.86,90700,2687.66,2753.174,2656.037,45.102,1.073,17.663,-16.589,2753.174,2863.133,2643.214
2022-08-10,2664.15,2703.33,2655.44,2703.33,117000,2702.46,2749.038,2658.927,48.752,-0.08,14.114,-14.194,2749.038,2860.01,2638.066
2022-08-12,2712.04,2786.04,2698.98,2768.63,157100,2712.908,2748.603,2662.062,55.569,4.226,12.136,-7.911,2748.603,2859.175,2638.031
2022-08-15,2751.21,2786.04,2742.51,2786.04,74500,2725.968,2748.386,2666.45,57.203,8.94,11.497,-2.557,2748.386,2858.628,2638.143
2022-08-16,2759.92,2803.45,2746.86,2794.75,100200,2745.122,2748.821,2671.273,58.035,13.227,11.843,1.384,2748.821,2859.757,2637.885
2022-08-17,2829.57,2864.4,2820.87,2838.28,168900,2778.206,2753.827,2677.159,62.009,19.907,13.456,6.451,2753.827,2871.564,2636.09
2022-08-18,2846.98,2864.4,2829.57,2851.34,125400,2807.808,2757.092,2683.236,63.137,25.956,15.956,10.0,2757.092,2881.994,2632.19
2022-08-19,2833.93,2855.69,2794.75,2799.1,159800,2813.902,2756.439,2687.676,55.978,26.232,18.011,8.221,2756.439,2880.261,2632.617
2022-08-22,2794.75,2868.75,2794.75,2864.4,80400,2829.574,2758.18,2693.997,61.808,31.358,20.68,10.678,2758.18,2887.204,2629.157
2022-08-23,2812.16,2838.28,2794.75,2829.57,91600,2836.538,2758.833,2700.335,57.439,32.239,22.992,9.247,2758.833,2889.225,2628.442
2022-08-24,2807.81,2816.51,2794.75,2807.81,76100,2830.444,2759.704,2706.36,54.831,30.825,24.559,6.267,2759.704,2891.211,2628.198
2022-08-25,2790.39,2807.81,2781.69,2799.1,131500,2819.996,2760.793,2712.715,53.778,28.672,25.381,3.291,2760.793,2893.271,2628.315
2022-08-26,2768.63,2799.1,2764.27,2786.04,107800,2817.384,2760.576,2719.123,52.161,25.616,25.428,0.188,2760.576,2892.863,2628.288
2022-08-29,2725.1,2742.51,2712.04,2738.16,80100,2792.136,2761.882,2724.277,46.627,19.111,24.165,-5.054,2761.882,2892.658,2631.105
2022-08-30,2781.69,2781.69,2725.1,2746.86,67400,2775.594,2761.228,2729.658,47.712,14.49,22.23,-7.74,2761.228,2892.177,2630.28
2022-08-31,2716.39,2781.69,2716.39,2781.69,168000,2770.37,2766.67,2735.613,51.928,13.483,20.481,-6.997,2766.67,2891.036,2642.304
2022-09-01,2755.57,2768.63,2729.45,2738.16,114900,2758.182,2772.112,2740.297,46.845,9.068,18.198,-9.13,2772.112,2879.547,2664.676
2022-09-02,2751.21,2764.27,2729.45,2755.57,137900,2752.088,2774.07,2744.72,48.995,6.895,15.937,-9.043,2774.07,2878.618,2669.523
2022-09-05,2764.27,2825.22,2755.57,2781.69,181800,2760.794,2777.118,2748.638,52.125,7.197,14.189,-6.992,2777.118,2878.629,2675.607
2022-09-06,2772.98,2803.45,2746.86,2768.63,87000,2765.148,2780.6,2751.981,50.458,6.31,12.613,-6.304,2780.6,2875.381,2685.82
2022-09-07,2746.86,2746.86,2681.56,2716.39,179400,2752.088,2782.777,2754.524,44.348,1.376,10.366,-8.99,2782.777,2868.728,2696.826
2022-09-08,2751.21,2764.27,2725.1,2746.86,166000,2753.828,2784.954,2756.874,48.282,-0.075,8.278,-8.353,2784.954,2864.391,2705.516
2022-09-09,2729.45,2755.57,2729.45,2742.51,204200,2751.216,2783.648,2758.79,47.763,-1.558,6.311,-7.869,2783.648,2865.05,2702.245
2022-09-12,2751.21,2759.92,2707.68,2725.1,135700,2739.898,2780.6,2760.27,45.648,-4.091,4.23,-8.321,2780.6,2866.086,2695.115
2022-09-13,2733.8,2746.86,2716.39,2738.16,69800,2733.804,2777.771,2761.924,47.525,-4.987,2.387,-7.374,2777.771,2865.012,2690.53
2022-09-14,2690.27,2698.98,2659.8,2668.5,134600,2724.226,2769.282,2760.966,39.657,-11.189,-0.328,-10.861,2769.282,2864.416,2674.148
2022-09-15,2620.62,2646.74,2616.27,2620.62,145200,2698.978,2757.746,2759.312,35.328,-19.74,-4.211,-15.529,2757.746,2866.03,2649.462
2022-09-16,2638.03,2664.15,2638.03,2646.74,180800,2679.824,2750.128,2758.18,39.226,-24.131,-8.195,-15.936,2750.128,2867.24,2633.016
2022-09-20,2668.5,2720.74,2664.15,2712.04,183800,2677.212,2742.51,2757.484,47.71,-22.087,-10.973,-11.114,2742.51,2847.52,2637.5
2022-09-21,2668.5,2707.68,2664.15,2690.27,161100,2667.634,2735.545,2756.265,45.433,-21.971,-13.173,-8.798,2735.545,2834.549,2636.541
2022-09-22,2655.44,2655.44,2629.33,2633.68,162400,2660.67,2726.839,2752.87,40.078,-26.144,-15.767,-10.377,2726.839,2829.637,2624.04
2022-09-26,2598.85,2620.62,2591.02,2616.27,201100,2659.8,2717.697,2749.474,38.571,-30.504,-18.714,-11.789,2717.697,2825.818,2609.576
2022-09-27,2633.68,2651.09,2611.91,2620.62,107700,2654.576,2709.426,2746.34,39.186,-33.225,-21.617,-11.609,2709.426,2820.794,2598.058
2022-09-28,2590.15,2646.74,2590.15,2646.74,131900,2641.516,2704.855,2743.467,42.884,-32.895,-23.872,-9.023,2704.855,2818.734,2590.976
2022-09-29,2683.69,2745.29,2652.9,2727.69,181700,2649.0,2703.896,2742.3,52.52,-25.804,-24.259,-1.545,2703.896,2816.603,2591.19
2022-09-30,2727.69,2749.69,2701.29,2714.49,137700,2665.162,2700.536,2741.827,51.009,-21.007,-23.608,2.601,2700.536,2807.33,2593.743
2022-10-03,2683.69,2705.69,2666.1,2692.49,100600,2680.406,2698.253,2739.956,48.504,-18.765,-22.64,3.875,2698.253,2803.602,2592.904
2022-10-04,2749.69,2793.68,2745.29,2784.88,152800,2713.258,2699.718,2739.41,57.862,-9.424,-19.997,10.573,2699.718,2809.161,2590.276
2022-10-05,2802.48,2806.88,2771.68,2780.48,93500,2740.006,2699.658,2738.428,57.328,-2.349,-16.467,14.118,2699.658,2808.911,2590.405
2022-10-06,2749.69,2776.08,2740.89,2749.69,197800,2744.406,2698.711,2737.092,53.598,0.764,-13.021,13.785,2698.711,2805.753,2591.669
2022-10-07,2718.89,2780.48,2714.49,2758.49,111200,2753.206,2700.816,2736.454,54.509,3.897,-9.637,13.534,2700.816,2810.933,2590.699
2022-10-11,2718.89,2749.69,2705.69,2723.29,108900,2759.366,2699.638,2735.373,50.258,3.499,-7.01,10.509,2699.638,2808.173,2591.102
2022-10-12,2723.29,2745.29,2710.09,2740.89,101800,2750.568,2699.556,2734.383,52.263,4.551,-4.698,9.249,2699.556,2807.959,2591.154
2022-10-13,2714.49,2714.49,2692.49,2710.09,87000,2736.49,2698.806,2734.344,48.574,2.867,-3.185,6.052,2698.806,2806.671,2590.941
2022-10-14,2740.89,2771.68,2710.09,2762.89,102300,2739.13,2700.042,2734.404,54.503,5.727,-1.402,7.129,2700.042,2810.346,2589.739
2022-10-17,2727.69,2758.49,2710.09,2710.09,74400,2729.45,2702.122,2735.148,48.483,3.69,-0.384,4.074,2702.122,2811.486,2592.758
2022-10-18,2754.09,2754.09,2710.09,2727.69,78100,2730.33,2707.476,2737.115,50.448,3.456,0.384,3.072,2707.476,2810.33,2604.621
2022-10-19,2718.89,2749.69,2718.89,2727.69,65400,2727.69,2711.523,2737.341,50.448,3.233,0.954,2.279,2711.523,2810.616,2612.43
2022-10-20,2710.09,2718.89,2692.49,2710.09,95600,2727.69,2711.426,2737.128,48.311,1.618,1.087,0.531,2711.426,2810.52,2612.331
2022-10-21,2710.09,2723.29,2679.29,2710.09,124700,2717.13,2712.417,2737.351,48.311,0.334,0.936,-0.602,2712.417,2811.016,2613.817
2022-10-24,2723.29,2723.29,2683.69,2692.49,89700,2713.61,2715.357,2737.743,46.049,-2.08,0.333,-2.413,2715.357,2807.356,2623.358
2022-10-25,2710.09,2718.89,2692.49,2701.29,71700,2708.33,2719.608,2737.702,47.376,-3.245,-0.383,-2.862,2719.608,2799.373,2639.843
2022-10-26,2723.29,2780.48,2714.49,2771.68,93100,2717.128,2727.161,2737.763,56.575,1.494,-0.007,1.501,2727.161,2795.207,2659.115
2022-10-27,2754.09,2758.49,2710.09,2723.29,86300,2719.768,2730.989,2736.508,50.092,1.33,0.26,1.07,2730.989,2787.646,2674.331
2022-10-28,2696.89,2732.09,2692.49,2701.29,287800,2718.008,2729.668,2734.639,47.431,-0.569,0.094,-0.663,2729.668,2787.859,2671.478
2022-10-31,2710.09,2740.89,2710.09,2732.09,136400,2725.928,2730.548,2732.515,51.329,0.407,0.157,0.25,2730.548,2788.303,2672.794
2022-11-01,2740.89,2745.29,2679.29,2683.69,94600,2722.408,2730.109,2729.162,45.606,-2.694,-0.413,-2.281,2730.109,2789.203,2671.014
2022-11-02,2710.09,2754.09,2688.09,2732.09,129700,2714.49,2727.469,2727.822,51.437,-1.232,-0.577,-0.655,2727.469,2780.686,2674.252
2022-11-04,2696.89,2710.09,2652.9,2674.9,251600,2704.812,2722.19,2724.032,45.263,-4.635,-1.389,-3.246,2722.19,2774.199,2670.181
2022-11-07,2569.31,2595.7,2494.52,2572.83,385600,2679.12,2713.347,2718.897,36.778,-15.39,-4.189,-11.201,2713.347,2796.491,2630.203
2022-11-08,2586.9,2587.78,2522.67,2525.31,462800,2637.764,2701.688,2713.247,33.618,-27.432,-8.838,-18.595,2701.688,2817.253,2586.123
2022-11-09,2535.87,2558.75,2534.11,2547.31,190400,2610.488,2692.889,2708.212,36.345,-34.799,-14.03,-20.769,2692.889,2826.861,2558.917
2022-11-10,2535.87,2609.78,2530.59,2606.26,226500,2585.322,2686.158,2704.616,43.09,-35.472,-18.318,-17.154,2686.158,2823.462,2548.853
2022-11-11,2622.1,2626.5,2600.98,2609.78,182400,2572.298,2681.142,2702.048,43.475,-35.314,-21.718,-13.597,2681.142,2822.047,2540.237
2022-11-14,2608.9,2613.3,2570.19,2580.75,116200,2573.882,2672.035,2698.726,41.01,-37.104,-24.795,-12.309,2672.035,2814.231,2529.839
2022-11-15,2581.63,2595.7,2563.15,2564.03,111400,2581.626,2664.732,2694.373,39.617,-39.417,-27.719,-11.698,2664.732,2813.548,2515.916
2022-11-16,2560.51,2571.07,2542.91,2566.67,90500,2585.498,2656.681,2690.943,39.964,-40.569,-30.289,-10.28,2656.681,2808.547,2504.815
2022-11-17,2554.35,2603.62,2553.47,2593.94,104800,2583.034,2649.993,2687.711,43.569,-38.834,-31.998,-6.836,2649.993,2800.467,2499.52
2022-11-18,2604.5,2611.54,2593.06,2601.86,117800,2581.45,2644.582,2684.114,44.61,-36.401,-32.879,-3.522,2644.582,2793.734,2495.43
2022-11-21,2608.9,2632.66,2602.74,2628.26,112000,2590.952,2640.49,2681.307,48.049,-31.973,-32.698,0.724,2640.49,2786.533,2494.448
2022-11-22,2639.7,2692.49,2639.7,2679.29,144900,2614.004,2639.83,2680.565,53.994,-24.069,-30.972,6.903,2639.83,2785.0,2494.661
2022-11-24,2679.29,2710.09,2679.29,2692.49,101000,2639.168,2639.39,2679.477,55.415,-16.55,-28.088,11.538,2639.39,2783.828,2494.953
2022-11-25,2714.49,2718.89,2688.09,2705.69,92300,2661.518,2636.091,2678.741,56.851,-9.416,-24.353,14.937,2636.091,2770.468,2501.714
2022-11-28,2718.89,2727.69,2683.69,2692.49,115500,2679.644,2634.551,2678.089,54.946,-4.773,-20.437,15.664,2634.551,2765.38,2503.722
2022-11-29,2674.9,2674.9,2644.1,2661.7,76400,2686.332,2632.572,2676.559,50.679,-3.538,-17.057,13.52,2632.572,2760.31,2504.833
2022-11-30,2670.5,2670.5,2633.54,2638.82,141000,2678.238,2627.908,2675.966,47.714,-4.354,-14.517,10.163,2627.908,2746.857,2508.959
2022-12-01,2666.1,2666.1,2625.62,2637.94,107400,2667.328,2625.62,2676.312,47.599,-5.014,-12.616,7.602,2625.62,2741.779,2509.462
2022-12-02,2608.9,2608.9,2562.27,2578.11,210600,2641.812,2617.922,2674.94,40.44,-10.247,-12.143,1.895,2617.922,2724.373,2511.47
2022-12-05,2622.1,2631.78,2568.43,2588.66,250400,2621.046,2613.61,2672.472,42.094,-13.389,-12.392,-0.997,2613.61,2717.294,2509.925
2022-12-06,2575.47,2593.06,2567.55,2593.06,132000,2607.318,2614.621,2670.528,42.807,-15.347,-12.983,-2.364,2614.621,2717.017,2512.225
2022-12-07,2569.31,2599.22,2560.51,2586.02,109900,2596.758,2617.656,2669.575,41.918,-17.267,-13.84,-3.428,2617.656,2712.204,2523.109
2022-12-08,2597.46,2608.02,2581.63,2600.98,112900,2589.366,2620.34,2669.269,44.555,-17.382,-14.548,-2.834,2620.34,2709.366,2531.314
2022-12-09,2578.11,2616.82,2571.07,2609.78,152700,2595.7,2620.516,2669.052,46.105,-16.572,-14.953,-1.619,2620.516,2709.438,2531.594
2022-12-12,2604.5,2639.7,2594.82,2608.02,212400,2599.572,2620.428,2668.278,45.829,-15.888,-15.14,-0.748,2620.428,2709.398,2531.458
2022-12-13,2621.22,2630.9,2614.18,2620.34,149900,2605.028,2622.408,2666.131,48.167,-14.189,-14.95,0.761,2622.408,2709.401,2535.414
2022-12-14,2637.94,2652.9,2626.5,2644.1,118100,2616.644,2626.411,2664.723,52.432,-10.801,-14.12,3.319,2626.411,2709.368,2543.454
2022-12-15,2638.82,2670.5,2630.9,2648.5,84300,2626.148,2630.502,2663.843,53.2,-7.672,-12.83,5.158,2630.502,2709.006,2551.999
2022-12-16,2639.7,2674.9,2626.5,2648.5,231300,2633.892,2633.23,2661.115,53.2,-5.133,-11.291,6.158,2633.23,2710.16,2556.301
2022-12-19,2622.1,2657.3,2617.7,2648.5,148000,2641.988,2635.562,2658.476,53.2,-3.085,-9.65,6.564,2635.562,2711.307,2559.818
2022-12-20,2657.3,2661.7,2578.11,2604.5,151100,2638.82,2634.374,2655.572,44.273,-4.956,-8.711,3.755,2634.374,2711.337,2557.412
2022-12-21,2588.66,2626.5,2578.99,2602.74,124400,2630.548,2630.547,2652.457,43.955,-6.506,-8.27,1.764,2630.547,2705.697,2555.397
2022-12-22,2601.86,2601.86,2567.55,2593.06,149700,2619.46,2625.576,2649.852,42.163,-8.418,-8.299,-0.118,2625.576,2696.508,2554.643
2022-12-23,2577.23,2585.15,2561.39,2578.11,97000,2605.382,2619.196,2646.597,39.485,-11.012,-8.842,-2.17,2619.196,2682.309,2556.084
2022-12-26,2587.78,2587.78,2552.59,2552.59,81900,2586.2,2612.202,2643.447,35.357,-14.955,-10.065,-4.891,2612.202,2672.037,2552.366
2022-12-27,2558.75,2572.83,2542.91,2542.91,95200,2573.882,2606.262,2639.047,33.909,-18.647,-11.781,-6.866,2606.262,2668.925,2543.599
2022-12-28,2535.87,2547.31,2520.91,2534.99,110000,2560.332,2601.07,2635.545,32.728,-21.958,-13.816,-8.141,2601.07,2669.331,2532.81
2022-12-29,2531.47,2564.91,2510.35,2564.91,134600,2554.702,2597.419,2632.29,41.077,-21.915,-15.436,-6.479,2597.419,2665.186,2529.652
2022-12-30,2567.55,2576.35,2549.95,2549.95,120700,2549.07,2596.011,2628.735,38.504,-22.825,-16.914,-5.911,2596.011,2666.58,2525.442
2023-01-04,2525.31,2538.51,2476.04,2481.32,201000,2534.816,2590.644,2624.159,29.403,-28.753,-19.282,-9.471,2590.644,2677.917,2503.371
2023-01-05,2474.28,2474.28,2444.36,2445.24,155300,2515.282,2583.253,2618.862,25.933,-35.948,-22.615,-13.333,2583.253,2692.048,2474.458
2023-01-06,2421.48,2439.08,2409.17,2415.32,181900,2491.348,2574.718,2613.319,23.461,-43.562,-26.804,-16.757,2574.718,2706.874,2442.562
2023-01-10,2410.05,2421.48,2381.01,2381.01,160500,2454.568,2563.72,2606.913,20.989,-51.768,-31.797,-19.971,2563.72,2720.914,2406.525
2023-01-11,2402.13,2410.93,2380.13,2381.89,142200,2420.956,2552.325,2599.118,21.218,-57.537,-36.945,-20.592,2552.325,2727.474,2377.176
2023-01-12,2397.73,2403.01,2376.61,2384.53,175000,2401.598,2541.15,2592.342,21.95,-61.19,-41.794,-19.396,2541.15,2729.368,2352.933
2023-01-13,2371.33,2389.81,2366.93,2370.45,203900,2386.64,2528.656,2585.726,20.838,-64.479,-46.331,-18.148,2528.656,2727.61,2329.702
2023-01-16,2366.05,2393.33,2359.89,2376.61,113400,2378.898,2515.282,2578.616,22.683,-65.829,-50.23,-15.598,2515.282,2717.496,2313.067
2023-01-17,2376.61,2387.17,2349.33,2362.53,134600,2375.202,2500.983,2572.193,21.453,-67.26,-53.636,-13.623,2500.983,2703.976,2297.99
2023-01-18,2366.05,2400.37,2364.29,2388.93,160400,2376.61,2488.004,2565.33,29.207,-65.508,-56.011,-9.497,2488.004,2684.368,2291.641
2023-01-19,2366.93,2381.01,2355.49,2378.37,160900,2375.378,2474.498,2559.399,28.016,-64.232,-57.655,-6.577,2474.498,2661.309,2287.687
2023-01-20,2388.93,2388.93,2366.05,2377.49,138900,2376.786,2463.148,2555.492,27.913,-62.57,-58.638,-3.932,2463.148,2644.197,2282.098
2023-01-23,2391.57,2403.89,2373.09,2400.37,179500,2381.538,2453.029,2552.993,34.593,-58.73,-58.656,-0.074,2453.029,2623.544,2282.514
2023-01-24,2403.89,2419.72,2395.09,2419.72,164100,2392.976,2444.362,2550.442,39.684,-53.508,-57.627,4.118,2444.362,2602.046,2286.678
2023-01-25,2419.72,2430.28,2408.29,2422.36,140500,2399.662,2436.574,2546.764,40.366,-48.597,-55.821,7.224,2436.574,2581.298,2291.851
2023-01-26,2429.4,2439.96,2418.84,2428.52,138700,2409.692,2430.371,2543.138,42.013,-43.704,-53.397,9.694,2430.371,2564.397,2296.345
2023-01-27,2429.4,2439.08,2422.36,2425.88,149100,2419.37,2424.52,2540.041,41.484,-39.583,-50.634,11.052,2424.52,2547.632,2301.407
2023-01-30,2428.52,2439.96,2408.29,2411.8,213700,2421.656,2418.36,2536.996,38.687,-37.026,-47.913,10.887,2418.36,2529.992,2306.728
2023-01-31,2417.96,2445.24,2417.96,2437.32,202400,2425.176,2411.98,2534.409,45.819,-32.565,-44.843,12.278,2411.98,2500.551,2323.41
2023-02-01,2461.96,2462.84,2424.12,2426.76,113900,2426.056,2405.821,2531.066,43.561,-29.541,-41.783,12.241,2405.821,2466.841,2344.801
2023-02-02,2425.0,2427.64,2398.61,2399.49,124100,2420.25,2401.73,2527.018,38.31,-29.011,-39.229,10.217,2401.73,2451.341,2352.118
2023-02-03,2396.85,2399.49,2376.61,2385.41,166100,2412.156,2398.738,2522.161,35.904,-29.388,-37.26,7.872,2398.738,2444.358,2353.118
2023-02-06,2322.06,2329.09,2296.54,2310.62,584100,2391.92,2393.503,2514.788,26.414,-35.315,-36.871,1.556,2393.503,2453.023,2333.983
2023-02-07,2302.7,2315.9,2296.54,2301.82,314000,2364.82,2389.544,2506.975,25.558,-40.258,-37.549,-2.709,2389.544,2461.747,2317.34
2023-02-08,2311.5,2343.17,2311.5,2333.49,227800,2346.166,2387.124,2499.531,33.865,-41.146,-38.268,-2.878,2387.124,2463.529,2310.718
2023-02-09,2315.9,2327.33,2307.1,2314.14,234800,2329.096,2383.604,2491.964,31.548,-42.916,-39.198,-3.718,2383.604,2466.704,2300.504
2023-02-10,2307.98,2311.5,2296.54,2300.06,242200,2312.026,2380.084,2484.731,29.943,-44.937,-40.345,-4.591,2380.084,2471.114,2289.055
2023-02-13,2300.94,2300.94,2288.62,2293.9,204100,2308.682,2375.949,2477.832,29.242,-46.499,-41.576,-4.923,2375.949,2474.821,2277.077
2023-02-14,2304.46,2311.5,2296.54,2305.34,113200,2309.386,2373.09,2471.18,32.407,-46.281,-42.517,-3.764,2373.09,2476.786,2269.393
2023-02-15,2305.34,2306.22,2288.62,2293.9,199400,2301.468,2368.338,2465.496,30.918,-46.495,-43.313,-3.182,2368.338,2477.541,2259.135
2023-02-16,2300.94,2304.46,2286.86,2295.66,271600,2297.772,2364.203,2459.636,31.44,-45.993,-43.849,-2.144,2364.203,2477.974,2250.431
2023-02-17,2288.62,2304.46,2284.22,2300.94,266600,2297.948,2360.375,2453.794,33.073,-44.654,-44.01,-0.644,2360.375,2477.37,2243.38
2023-02-20,2316.78,2328.21,2307.1,2314.14,187100,2301.996,2356.064,2448.356,37.108,-42.043,-43.616,1.573,2356.064,2473.208,2238.919
2023-02-21,2314.14,2326.45,2305.34,2325.57,177300,2306.042,2351.356,2442.848,40.456,-38.606,-42.614,4.008,2351.356,2465.251,2237.461
2023-02-22,2318.54,2322.06,2296.54,2297.42,201200,2306.746,2345.109,2436.601,35.451,-37.72,-41.635,3.916,2345.109,2456.279,2233.939
2023-02-24,2296.54,2297.42,2279.82,2294.78,277700,2306.57,2338.422,2430.336,35.014,-36.806,-40.67,3.864,2338.422,2444.437,2232.407
2023-02-27,2293.9,2297.42,2278.94,2293.9,315800,2305.162,2331.823,2423.807,34.859,-35.74,-39.684,3.943,2331.823,2431.135,2232.511
2023-02-28,2292.14,2297.42,2278.94,2279.82,328800,2298.298,2325.224,2416.522,32.397,-35.621,-38.871,3.25,2325.224,2419.575,2230.873
2023-03-01,2256.06,2256.06,2231.43,2240.22,633200,2281.228,2315.369,2408.356,26.689,-38.281,-38.753,0.472,2315.369,2401.212,2229.526
2023-03-02,2252.54,2275.42,2246.38,2260.46,203300,2273.836,2307.054,2400.595,33.17,-38.315,-38.666,0.351,2307.054,2378.472,2235.636
2023-03-03,2261.34,2282.46,2260.46,2279.82,235100,2270.844,2301.071,2393.222,38.749,-36.36,-38.204,1.845,2301.071,2358.578,2243.563
2023-03-06,2288.62,2293.9,2276.3,2289.5,289000,2269.964,2296.275,2386.922,41.384,-33.641,-37.292,3.65,2296.275,2337.999,2254.551
2023-03-07,2289.5,2311.5,2288.62,2311.5,275800,2276.3,2296.319,2381.097,46.967,-29.373,-35.708,6.335,2296.319,2338.109,2254.529
2023-03-08,2309.74,2319.42,2298.3,2315.9,258800,2291.436,2297.023,2375.554,48.033,-25.344,-33.635,8.292,2297.023,2339.669,2254.377
2023-03-09,2324.69,2353.73,2322.06,2353.73,216100,2310.09,2298.035,2371.066,56.188,-18.88,-30.684,11.804,2298.035,2345.06,2251.01
2023-03-10,2326.46,2344.93,2326.46,2329.97,201000,2320.12,2298.826,2366.614,50.797,-15.496,-27.646,12.151,2298.826,2347.497,2250.156
2023-03-13,2301.82,2307.98,2292.14,2305.34,202000,2323.288,2299.091,2361.862,45.881,-14.633,-25.044,10.411,2299.091,2347.847,2250.334
2023-03-14,2285.1,2297.42,2272.78,2283.34,294300,2317.656,2298.562,2356.829,41.975,-15.545,-23.144,7.599,2298.562,2347.782,2249.343
2023-03-15,2287.74,2307.98,2283.34,2297.42,150100,2313.96,2298.166,2351.479,45.191,-14.959,-21.507,6.548,2298.166,2347.283,2249.05
2023-03-16,2285.1,2315.02,2281.58,2309.74,218100,2305.162,2298.958,2346.675,47.912,-13.347,-19.875,6.528,2298.958,2348.296,2249.621
2023-03-17,2312.38,2320.3,2300.06,2300.06,221800,2299.18,2299.178,2343.05,45.981,-12.704,-18.441,5.737,2299.178,2348.493,2249.864
2023-03-20,2286.86,2293.02,2267.5,2268.38,169600,2291.788,2297.55,2339.513,40.26,-14.583,-17.669,3.087,2297.55,2348.735,2246.366
2023-03-22,2284.22,2300.06,2267.5,2277.18,251500,2290.556,2295.702,2336.75,42.404,-15.186,-17.173,1.986,2295.702,2347.034,2244.371
2023-03-23,2267.5,2273.66,2249.02,2270.14,176200,2285.1,2292.931,2334.533,41.132,-16.048,-16.948,0.9,2292.931,2343.451,2242.411
2023-03-24,2265.74,2295.66,2258.7,2292.14,133900,2281.58,2292.667,2332.738,46.528,-14.785,-16.515,1.73,2292.667,2343.144,2242.19
2023-03-27,2304.46,2309.74,2291.26,2304.46,158800,2282.46,2293.151,2331.136,49.329,-12.644,-15.741,3.097,2293.151,2343.898,2242.404
2023-03-28,2305.34,2311.5,2291.26,2299.18,146200,2288.62,2293.415,2329.711,48.165,-11.244,-14.841,3.598,2293.415,2344.233,2242.597
2023-03-29,2305.34,2331.73,2298.3,2329.97,268100,2299.178,2295.922,2328.778,54.857,-7.563,-13.386,5.823,2295.922,2348.823,2243.022
2023-03-30,2345.12,2345.12,2324.63,2337.99,231800,2312.748,2300.811,2328.287,56.435,-3.953,-11.499,7.547,2300.811,2349.976,2251.646
2023-03-31,2338.88,2354.91,2333.54,2342.44,214100,2322.808,2304.91,2327.357,57.326,-0.724,-9.344,8.62,2304.91,2353.577,2256.243
2023-04-03,2354.02,2386.09,2349.57,2379.85,306900,2337.886,2309.911,2327.387,63.995,4.798,-6.516,11.314,2309.911,2367.47,2252.353
2023-04-04,2389.65,2402.12,2372.73,2398.56,210200,2357.762,2315.364,2327.808,66.79,10.562,-3.1,13.662,2315.364,2384.317,2246.412
2023-04-05,2386.98,2391.43,2347.79,2347.79,139700,2361.326,2317.179,2326.757,54.44,10.908,-0.299,11.206,2317.179,2387.598,2246.76
2023-04-06,2342.44,2364.71,2334.43,2357.58,202400,2365.244,2319.263,2325.514,56.124,11.835,2.128,9.707,2319.263,2391.953,2246.573
2023-04-07,2367.38,2374.51,2338.88,2338.88,120500,2364.532,2318.52,2323.844,52.157,10.935,3.89,7.046,2318.52,2390.021,2247.02
2023-04-10,2346.9,2357.58,2337.1,2348.68,107300,2358.298,2319.456,2322.248,53.992,10.887,5.289,5.598,2319.456,2392.069,2246.843
2023-04-11,2354.02,2370.05,2354.02,2354.91,133800,2349.568,2321.934,2320.828,55.17,11.223,6.476,4.747,2321.934,2395.89,2247.979
2023-04-12,2359.37,2374.51,2356.69,2359.37,88500,2351.884,2325.736,2319.78,56.037,11.713,7.523,4.19,2325.736,2399.153,2252.319
2023-04-13,2360.26,2369.16,2352.24,2366.49,85200,2353.666,2329.19,2318.363,57.453,12.532,8.525,4.007,2329.19,2403.491,2254.888
2023-04-14,2386.09,2393.21,2372.73,2375.4,145300,2360.97,2332.472,2317.336,59.222,13.742,9.569,4.173,2332.472,2408.926,2256.019
2023-04-17,2376.29,2384.3,2356.69,2369.16,146600,2365.066,2335.928,2316.729,57.421,14.035,10.462,3.573,2335.928,2412.459,2259.396
2023-04-18,2366.49,2389.65,2365.6,2384.3,102900,2370.944,2341.724,2316.707,60.555,15.313,11.432,3.881,2341.724,2414.165,2269.282
2023-04-19,2372.73,2383.41,2367.38,2379.85,182600,2375.04,2346.857,2318.092,59.177,15.784,12.302,3.482,2346.857,2414.428,2279.286
2023-04-20,2383.41,2428.84,2383.41,2421.71,265100,2386.084,2354.436,2320.489,66.828,19.313,13.705,5.608,2354.436,2419.738,2289.133
2023-04-21,2421.71,2454.67,2417.26,2445.76,237200,2400.156,2362.116,2322.735,70.275,23.776,15.719,8.057,2362.116,2432.507,2291.726
2023-04-24,2462.68,2466.25,2431.51,2435.96,133500,2413.516,2368.692,2325.171,67.21,26.22,17.819,8.401,2368.692,2440.948,2296.435
2023-04-25,2439.53,2462.68,2437.74,2446.65,132000,2425.986,2376.065,2328.103,68.808,28.689,19.993,8.696,2376.065,2448.552,2303.578
2023-04-26,2435.07,2442.2,2414.59,2422.6,94700,2434.536,2380.696,2330.677,61.541,28.378,21.67,6.708,2380.696,2452.617,2308.776
2023-04-27,2416.37,2419.04,2398.56,2417.26,128800,2433.646,2384.66,2332.915,60.026,27.384,22.813,4.572,2384.66,2455.398,2313.922
2023-04-28,2446.65,2464.46,2444.87,2451.1,216300,2434.714,2390.093,2336.059,65.778,28.994,24.049,4.945,2390.093,2463.807,2316.379
2023-05-01,2473.37,2480.5,2457.34,2466.25,137400,2440.772,2394.413,2339.471,67.998,31.133,25.466,5.667,2394.413,2475.37,2313.456
2023-05-02,2480.5,2481.39,2441.31,2451.1,108400,2441.662,2397.04,2342.474,63.558,31.245,26.622,4.624,2397.04,2481.88,2312.2
2023-05-08,2451.1,2471.59,2450.21,2466.25,127600,2450.392,2402.963,2345.517,65.952,32.186,27.734,4.451,2402.963,2489.842,2316.084
2023-05-09,2470.7,2498.31,2469.81,2495.64,169900,2466.068,2409.866,2348.918,70.062,34.9,29.168,5.733,2409.866,2503.257,2316.475
2023-05-10,2362.04,2403.9,2359.37,2395.88,457900,2455.024,2412.716,2350.887,48.612,28.671,29.068,-0.397,2412.716,2500.283,2325.149
2023-05-11,2412.81,2414.59,2384.3,2396.77,224300,2441.128,2415.12,2352.927,48.763,23.536,27.962,-4.426,2415.12,2497.788,2332.453
2023-05-12,2386.98,2419.93,2379.85,2419.93,201900,2434.894,2418.372,2355.448,52.654,21.091,26.588,-5.497,2418.372,2496.032,2340.711
2023-05-15,2436.85,2451.1,2419.93,2449.32,185600,2431.508,2422.869,2358.838,57.106,21.28,25.526,-4.246,2422.869,2496.454,2349.284
2023-05-16,2463.57,2484.95,2453.78,2484.95,165100,2429.37,2428.792,2363.732,61.796,24.028,25.226,-1.199,2428.792,2502.339,2355.245
2023-05-17,2486.73,2509.0,2478.72,2503.65,268000,2450.924,2435.204,2368.596,64.02,27.398,25.661,1.738,2435.204,2511.465,2358.944
2023-05-18,2509.89,2523.25,2491.18,2492.07,217500,2469.984,2441.35,2372.841,61.628,28.803,26.289,2.514,2441.35,2514.965,2367.735
2023-05-19,2483.17,2488.51,2464.46,2476.93,137100,2481.384,2445.982,2376.59,58.548,28.368,26.705,1.663,2445.982,2516.054,2375.909
2023-05-22,2488.51,2517.9,2476.04,2511.67,237200,2493.854,2452.572,2380.593,63.104,30.475,27.459,3.016,2452.572,2521.238,2383.907
2023-05-23,2556.2,2568.67,2537.5,2552.64,291800,2507.392,2459.119,2385.328,67.625,35.047,28.976,6.07,2459.119,2539.381,2378.857
2023-05-24,2553.53,2568.67,2546.41,2552.64,201800,2517.19,2464.463,2389.306,67.625,38.229,30.827,7.402,2464.463,2554.605,2374.321
2023-05-25,2548.19,2569.56,2541.95,2549.97,226800,2528.77,2470.164,2393.706,67.004,40.074,32.676,7.397,2470.164,2566.895,2373.432
2023-05-26,2539.28,2540.17,2513.45,2522.36,180600,2537.856,2473.949,2398.046,60.793,38.86,33.913,4.947,2473.949,2572.71,2375.188
2023-05-29,2539.28,2549.08,2526.81,2541.06,197300,2543.734,2479.872,2403.201,63.276,38.958,34.922,4.036,2479.872,2579.868,2379.876
2023-05-30,2530.37,2546.41,2496.53,2505.44,116400,2534.294,2484.281,2407.361,56.001,35.749,35.087,0.662,2484.281,2580.352,2388.21
2023-05-31,2483.17,2501.87,2459.12,2459.12,361600,2515.59,2484.682,2410.349,48.234,29.132,33.896,-4.764,2484.682,2580.235,2389.129
2023-06-01,2468.03,2482.28,2459.12,2462.68,121600,2498.132,2484.504,2413.601,48.822,23.901,31.897,-7.997,2484.504,2580.215,2388.792
2023-06-02,2446.65,2492.97,2443.09,2490.29,161100,2491.718,2486.463,2418.039,53.253,21.732,29.864,-8.132,2486.463,2580.891,2392.035
2023-06-05,2534.83,2534.83,2488.07,2508.11,215700,2485.128,2488.556,2422.658,55.906,21.206,28.133,-6.926,2488.556,2582.953,2394.159
2023-06-06,2509.89,2542.4,2489.4,2539.73,238000,2491.986,2490.76,2428.05,60.221,23.075,27.121,-4.046,2490.76,2587.874,2393.647
2023-06-07,2539.28,2549.08,2511.67,2532.15,188500,2506.592,2497.574,2432.85,58.737,23.672,26.431,-2.759,2497.574,2585.33,2409.818
2023-06-08,2527.7,2528.59,2483.61,2493.41,291300,2512.738,2502.406,2436.629,51.723,20.78,25.301,-4.521,2502.406,2576.346,2428.466
2023-06-09,2519.24,2531.26,2511.67,2525.92,224500,2519.864,2507.706,2441.164,56.425,20.87,24.415,-3.545,2507.706,2571.213,2444.198
2023-06-12,2541.95,2547.3,2514.34,2524.14,146500,2523.07,2511.446,2445.047,56.103,20.561,23.644,-3.083,2511.446,2569.01,2453.883
2023-06-13,2515.23,2533.05,2511.67,2511.67,217200,2517.458,2512.782,2448.521,53.786,19.09,22.733,-3.643,2512.782,2568.98,2456.585
2023-06-14,2511.67,2512.56,2390.09,2431.51,481800,2497.33,2509.176,2450.302,41.825,11.325,20.451,-9.127,2509.176,2576.082,2442.269
2023-06-15,2418.15,2447.1,2406.13,2428.39,210100,2484.326,2505.992,2451.273,41.439,4.863,17.334,-12.47,2505.992,2581.795,2430.188
2023-06-16,2421.27,2445.32,2410.58,2438.64,279800,2466.87,2504.077,2452.075,43.292,0.563,13.98,-13.416,2504.077,2584.748,2423.406
2023-06-19,2435.96,2443.98,2417.26,2434.18,132700,2448.878,2500.202,2453.802,42.66,-3.168,10.55,-13.718,2500.202,2586.58,2413.825
2023-06-20,2431.51,2431.51,2405.24,2415.03,164500,2429.55,2493.322,2454.951,39.96,-7.583,6.924,-14.506,2493.322,2583.932,2402.712
2023-06-21,2432.85,2432.85,2400.34,2412.36,286300,2425.72,2486.308,2456.421,39.584,-11.168,3.305,-14.474,2486.308,2579.271,2393.345
2023-06-22,2422.16,2425.28,2411.02,2415.92,127500,2423.226,2479.606,2457.766,40.39,-13.566,-0.069,-13.497,2479.606,2572.572,2386.639
2023-06-23,2411.02,2420.82,2391.43,2394.55,151600,2414.408,2473.215,2458.559,37.184,-16.995,-3.454,-13.541,2473.215,2571.241,2375.189
2023-06-26,2395.88,2407.91,2370.05,2393.21,135400,2406.214,2465.822,2459.235,36.986,-19.595,-6.682,-12.912,2465.822,2564.602,2367.043
2023-06-27,2386.98,2386.98,2356.69,2362.93,129900,2395.794,2458.697,2459.164,32.739,-23.824,-10.111,-13.713,2458.697,2565.665,2351.729
2023-06-28,2362.93,2408.35,2362.93,2407.91,191000,2394.904,2456.136,2459.814,43.177,-23.277,-12.744,-10.533,2456.136,2565.487,2346.786
2023-06-29,2404.79,2425.28,2394.99,2401.23,213600,2391.966,2453.064,2460.456,42.131,-23.117,-14.819,-8.298,2453.064,2565.061,2341.067
2023-06-30,2396.33,2401.23,2356.25,2371.39,235500,2387.334,2447.119,2460.198,37.735,-25.108,-16.876,-8.232,2447.119,2563.339,2330.899
2023-07-03,2387.42,2399.89,2370.05,2373.17,108300,2383.326,2440.372,2460.064,38.15,-26.24,-18.749,-7.491,2440.372,2557.349,2323.395
2023-07-04,2360.26,2368.72,2344.23,2344.23,214900,2379.586,2430.597,2458.514,34.166,-29.137,-20.827,-8.31,2430.597,2545.266,2315.928
2023-07-05,2333.54,2354.47,2332.65,2354.47,161900,2368.898,2421.713,2456.689,36.685,-30.257,-22.713,-7.544,2421.713,2530.642,2312.784
2023-07-06,2345.12,2353.58,2333.54,2344.67,128900,2357.586,2414.276,2454.863,35.294,-31.572,-24.484,-7.087,2414.276,2522.904,2305.648
2023-07-07,2346.01,2358.92,2336.21,2350.01,170300,2353.31,2405.48,2452.93,36.703,-31.816,-25.951,-5.865,2405.48,2504.069,2306.892
2023-07-10,2342.0,2374.06,2338.88,2368.72,235200,2352.42,2397.71,2451.852,41.509,-30.152,-26.791,-3.361,2397.71,2480.085,2315.334
2023-07-11,2369.61,2374.95,2335.32,2345.56,192700,2352.686,2389.404,2450.418,37.694,-30.353,-27.503,-2.849,2389.404,2455.235,2323.573
2023-07-12,2349.57,2365.16,2344.67,2363.82,116800,2354.556,2386.02,2448.673,42.205,-28.707,-27.744,-0.963,2386.02,2449.659,2322.38
2023-07-13,2362.48,2369.16,2349.57,2357.14,156200,2357.05,2382.457,2446.491,41.034,-27.624,-27.72,0.096,2382.457,2444.054,2320.86
2023-07-14,2357.58,2372.73,2340.66,2362.93,176000,2359.634,2378.672,2444.727,42.522,-25.998,-27.376,1.378,2378.672,2434.793,2322.55
2023-07-18,2352.24,2367.38,2336.65,2342.89,234100,2354.468,2374.107,2442.26,38.867,-26.027,-27.106,1.079,2374.107,2425.902,2322.312
2023-07-19,2369.16,2373.62,2354.02,2364.27,138800,2358.21,2371.569,2439.633,44.362,-24.047,-26.494,2.447,2371.569,2419.771,2323.367
2023-07-20,2368.27,2368.27,2348.68,2357.14,166800,2356.874,2368.808,2438.858,42.975,-22.791,-25.754,2.962,2368.808,2413.36,2324.256
2023-07-21,2362.93,2370.94,2359.37,2362.04,161200,2357.854,2366.114,2438.163,44.265,-21.156,-24.834,3.678,2366.114,2404.801,2327.427
2023-07-24,2374.06,2375.84,2348.68,2362.93,233700,2357.854,2364.533,2437.023,44.51,-19.563,-23.78,4.217,2364.533,2400.838,2328.228
2023-07-25,2363.37,2369.16,2353.13,2356.69,152700,2360.614,2362.707,2435.171,43.077,-18.59,-22.742,4.152,2362.707,2396.528,2328.886
2023-07-26,2360.7,2360.7,2344.67,2356.25,134000,2359.01,2362.373,2432.597,42.972,-17.651,-21.724,4.073,2362.373,2396.316,2328.43
2023-07-27,2350.01,2350.01,2335.32,2344.67,221100,2356.516,2359.211,2429.417,40.194,-17.638,-20.907,3.269,2359.211,2386.405,2332.017
2023-07-28,2324.19,2341.55,2305.48,2336.65,306700,2351.438,2355.982,2426.309,38.345,-18.066,-20.338,2.272,2355.982,2376.744,2335.22
2023-07-31,2369.16,2383.41,2346.45,2356.25,345200,2350.102,2355.225,2423.895,45.004,-16.632,-19.597,2.965,2355.225,2374.684,2335.766
2023-08-01,2368.27,2375.4,2352.24,2372.73,256100,2353.31,2355.203,2421.116,49.903,-14.005,-18.479,4.474,2355.203,2374.578,2335.828
2023-08-02,2346.9,2378.96,2341.55,2373.62,232300,2356.784,2356.672,2417.536,50.161,-11.716,-17.126,5.411,2356.672,2376.979,2336.366
2023-08-03,2361.15,2369.61,2347.34,2351.35,261300,2358.12,2356.516,2413.51,44.044,-11.565,-16.014,4.449,2356.516,2376.942,2336.091
2023-08-04,2321.07,2325.97,2272.08,2304.59,418000,2351.708,2354.512,2408.602,34.524,-15.045,-15.82,0.775,2354.512,2385.146,2323.879
2023-08-07,2312.61,2338.44,2308.6,2316.17,208100,2343.692,2352.82,2404.479,38.092,-16.677,-15.992,-0.686,2352.82,2387.914,2317.727
2023-08-08,2317.51,2354.02,2317.51,2354.02,173700,2339.95,2352.086,2400.738,48.058,-14.746,-15.742,0.996,2352.086,2386.384,2317.787
2023-08-09,2350.46,2375.4,2339.77,2370.5,125000,2339.326,2353.332,2398.039,51.703,-11.75,-14.944,3.194,2353.332,2388.436,2318.229
2023-08-10,2362.93,2370.05,2348.68,2360.7,143200,2341.196,2353.176,2396.071,49.479,-10.051,-13.965,3.914,2353.176,2388.111,2318.242
2023-08-14,2358.48,2376.29,2350.01,2362.93,158000,2352.864,2353.466,2394.076,50.006,-8.427,-12.858,4.43,2353.466,2388.634,2318.298
2023-08-15,2360.26,2362.04,2342.89,2354.02,100000,2360.434,2353.02,2391.35,47.858,-7.77,-11.84,4.07,2353.02,2387.908,2318.133
2023-08-16,2343.33,2343.33,2327.3,2333.98,153300,2356.426,2352.575,2387.868,43.349,-8.765,-11.225,2.46,2352.575,2388.227,2316.923
2023-08-17,2325.08,2329.08,2298.8,2305.48,214800,2343.422,2349.636,2383.183,37.881,-11.718,-11.324,-0.394,2349.636,2390.535,2308.736
2023-08-18,2303.7,2312.61,2291.68,2296.57,118000,2330.596,2346.607,2378.471,36.338,-14.609,-11.981,-2.628,2346.607,2393.672,2299.542
2023-08-21,2305.04,2321.96,2289.0,2314.39,170100,2320.888,2344.224,2374.891,41.473,-15.286,-12.642,-2.644,2344.224,2392.801,2295.648
2023-08-22,2335.32,2372.73,2332.2,2368.27,248200,2323.738,2344.491,2371.738,53.647,-11.344,-12.382,1.038,2344.491,2393.557,2295.426
2023-08-23,2361.15,2377.18,2359.37,2376.29,129300,2332.2,2345.472,2368.781,55.142,-7.487,-11.403,3.916,2345.472,2396.313,2294.63
2023-08-24,2376.29,2398.11,2372.28,2394.99,160200,2350.102,2347.408,2366.447,58.505,-2.888,-9.7,6.813,2347.408,2402.734,2292.083
2023-08-25,2407.46,2446.21,2399.45,2446.21,269900,2380.03,2352.486,2366.741,66.018,4.835,-6.793,11.628,2352.486,2423.238,2281.733
2023-08-28,2455.11,2467.14,2439.08,2445.76,190600,2406.304,2357.941,2367.088,65.905,10.794,-3.276,14.07,2357.941,2439.546,2276.336
2023-08-29,2445.76,2462.68,2438.64,2441.75,120800,2421.0,2362.216,2367.151,64.841,15.02,0.383,14.637,2362.216,2451.996,2272.436
2023-08-30,2437.74,2446.21,2423.49,2434.63,105000,2432.668,2365.311,2367.16,62.899,17.592,3.825,13.767,2365.311,2460.71,2269.912
2023-08-31,2431.51,2453.78,2428.84,2447.99,176500,2443.268,2369.03,2367.819,65.016,20.472,7.154,13.318,2369.03,2471.339,2266.72
2023-09-01,2447.99,2471.59,2442.2,2469.36,167700,2447.898,2374.93,2368.959,68.147,24.2,10.563,13.636,2374.93,2486.169,2263.691
2023-09-04,2468.92,2487.62,2456.89,2484.95,219100,2455.736,2383.948,2370.339,70.24,28.089,14.069,14.02,2383.948,2500.302,2267.594
2023-09-05,2479.16,2494.75,2471.59,2494.75,178100,2466.336,2392.877,2372.343,71.507,31.597,17.574,14.023,2392.877,2514.615,2271.139
2023-09-06,2494.75,2503.21,2480.94,2483.17,169300,2476.044,2399.334,2374.143,67.831,33.062,20.672,12.39,2399.334,2525.996,2272.673
2023-09-07,2480.05,2480.94,2453.78,2464.91,156600,2479.428,2404.055,2376.182,62.386,32.376,23.013,9.364,2404.055,2533.204,2274.906
2023-09-08,2463.13,2480.05,2427.95,2436.85,216900,2472.926,2407.862,2376.761,55.07,29.232,24.256,4.975,2407.862,2536.117,2279.608
2023-09-11,2436.85,2453.33,2426.61,2448.88,145400,2465.712,2412.16,2377.714,57.378,27.394,24.884,2.51,2412.16,2539.834,2284.486
2023-09-12,2458.23,2460.46,2444.87,2455.56,127300,2457.874,2417.237,2379.397,58.648,26.176,25.142,1.033,2417.237,2543.241,2291.233
2023-09-13,2458.23,2467.14,2445.76,2460.46,99000,2453.332,2423.561,2381.143,59.599,25.313,25.177,0.137,2423.561,2544.567,2302.555
2023-09-14,2471.59,2495.64,2470.25,2490.29,138800,2458.408,2432.802,2384.064,64.893,26.729,25.487,1.242,2432.802,2543.639,2321.964
2023-09-15,2484.06,2484.95,2454.67,2470.25,236600,2465.088,2441.486,2386.38,59.274,25.935,25.577,0.358,2441.486,2532.895,2350.076
2023-09-19,2470.25,2489.4,2459.12,2478.72,157000,2471.056,2449.702,2389.061,60.818,25.693,25.6,0.093,2449.702,2520.147,2379.257
2023-09-20,2476.04,2486.73,2464.02,2467.14,166200,2473.372,2454.646,2391.404,57.602,24.287,25.337,-1.051,2454.646,2514.039,2395.252
2023-09-21,2463.57,2476.49,2447.1,2456.45,153200,2472.57,2458.654,2393.158,54.725,22.055,24.681,-2.626,2458.654,2505.217,2412.09
2023-09-22,2443.98,2462.68,2442.2,2454.22,126300,2465.356,2461.615,2395.331,54.118,19.878,23.72,-3.842,2461.615,2497.421,2425.809
2023-09-25,2477.38,2484.06,2458.68,2474.71,204000,2466.248,2463.04,2397.549,58.657,19.58,22.892,-3.312,2463.04,2498.532,2427.548
2023-09-26,2485.39,2537.05,2478.27,2518.35,305300,2474.174,2466.67,2400.773,66.303,22.605,22.835,-0.23,2466.67,2508.923,2424.416
2023-09-27,2502.76,2521.91,2486.29,2521.91,221300,2485.128,2470.678,2403.953,66.842,25.001,23.268,1.733,2470.678,2517.894,2423.461
2023-09-28,2516.05,2542.65,2500.72,2532.73,201400,2500.384,2475.582,2407.75,68.491,27.456,24.106,3.351,2475.582,2527.208,2423.957
2023-09-29,2516.05,2524.17,2489.9,2507.03,220800,2510.946,2478.534,2410.605,60.762,27.017,24.688,2.329,2478.534,2530.269,2426.8
2023-10-02,2521.01,2525.07,2465.55,2465.55,200700,2509.114,2478.344,2412.773,50.798,23.056,24.362,-1.305,2478.344,2530.248,2426.44
2023-10-03,2466.45,2479.08,2451.12,2463.29,230200,2498.102,2477.261,2414.798,50.314,19.51,23.391,-3.881,2477.261,2529.488,2425.034
2023-10-04,2434.89,2478.17,2426.32,2453.83,275600,2484.486,2475.215,2416.616,48.242,15.755,21.864,-6.109,2475.215,2527.762,2422.668
2023-10-05,2451.12,2466.45,2432.63,2464.2,185100,2470.78,2474.266,2418.766,50.642,13.46,20.183,-6.723,2474.266,2526.894,2421.639
2023-10-06,2472.76,2504.33,2463.75,2491.7,150900,2467.714,2475.606,2421.475,56.414,13.703,18.887,-5.184,2475.606,2528.593,2422.619
2023-10-10,2498.01,2518.76,2488.55,2512.89,141300,2477.182,2479.408,2424.84,60.269,15.427,18.195,-2.768,2479.408,2531.592,2427.224
2023-10-11,2500.27,2507.93,2485.39,2485.39,124300,2481.602,2481.234,2427.815,53.638,14.408,17.438,-3.029,2481.234,2531.438,2431.029
2023-10-12,2466.45,2472.31,2440.75,2452.92,152700,2481.42,2481.101,2429.748,47.055,10.856,16.121,-5.265,2481.101,2531.603,2430.6
2023-10-13,2435.79,2437.14,2372.66,2374.92,171400,2463.564,2476.824,2429.792,35.715,1.727,13.242,-11.516,2476.824,2545.798,2407.851
2023-10-16,2371.76,2375.82,2329.38,2337.49,176300,2432.722,2469.184,2429.069,31.76,-8.431,8.908,-17.339,2469.184,2561.708,2376.661
2023-10-17,2347.86,2354.18,2331.18,2345.61,114300,2399.266,2462.952,2428.954,33.481,-15.646,3.997,-19.643,2462.952,2570.71,2355.195
2023-10-18,2345.61,2358.68,2334.79,2355.53,128400,2373.294,2456.793,2429.973,35.617,-20.329,-0.868,-19.461,2456.793,2574.389,2339.197
2023-10-19,2349.67,2371.76,2346.06,2367.7,77100,2356.25,2451.821,2431.004,38.238,-22.796,-5.254,-17.542,2451.821,2575.81,2327.832
2023-10-20,2374.02,2379.43,2350.12,2363.64,71100,2353.994,2447.18,2431.196,37.687,-24.792,-9.161,-15.631,2447.18,2577.239,2317.122
2023-10-23,2360.04,2377.62,2355.08,2366.35,151800,2359.766,2442.787,2431.113,38.326,-25.858,-12.501,-13.357,2442.787,2577.691,2307.883
2023-10-24,2353.27,2378.07,2332.98,2374.02,161700,2365.448,2437.752,2431.38,40.195,-25.786,-15.158,-10.628,2437.752,2575.133,2300.372
2023-10-25,2390.25,2396.11,2363.64,2365.0,146900,2367.342,2430.085,2431.421,38.709,-26.155,-17.357,-8.798,2430.085,2565.63,2294.54
2023-10-26,2377.17,2382.13,2336.14,2354.63,148600,2364.728,2421.721,2431.433,37.015,-26.974,-19.281,-7.693,2421.721,2554.014,2289.428
2023-10-27,2369.96,2395.21,2350.12,2392.95,168900,2370.59,2414.732,2432.613,46.357,-24.251,-20.275,-3.976,2414.732,2536.698,2292.766
2023-10-30,2368.15,2373.56,2355.53,2368.6,142800,2371.04,2407.81,2433.875,42.086,-23.784,-20.977,-2.807,2407.81,2523.26,2292.361
2023-10-31,2384.39,2432.18,2377.17,2432.18,163100,2382.672,2406.142,2436.587,54.004,-18.075,-20.396,2.321,2406.142,2519.014,2293.27
2023-11-01,2461.04,2461.04,2415.95,2429.93,193000,2395.658,2404.474,2438.898,53.584,-13.576,-19.032,5.457,2404.474,2514.746,2294.202
2023-11-02,2458.79,2484.94,2442.55,2482.68,289600,2421.268,2405.916,2441.186,61.206,-5.688,-16.363,10.675,2405.916,2519.609,2292.224
2023-11-06,2509.29,2511.54,2431.73,2437.59,218800,2430.196,2404.586,2442.412,53.169,-3.04,-13.699,10.659,2404.586,2516.006,2293.166
2023-11-07,2478.63,2478.63,2441.65,2450.67,132700,2446.61,2402.534,2443.526,55.014,0.113,-10.936,11.049,2402.534,2508.583,2296.486
2023-11-08,2552.12,2599.02,2529.58,2553.93,510800,2470.96,2404.587,2445.68,66.303,10.819,-6.585,17.404,2404.587,2520.733,2288.44
2023-11-09,2508.84,2525.07,2458.79,2505.68,196800,2486.11,2405.601,2446.879,58.869,15.234,-2.222,17.456,2405.601,2525.027,2286.175
2023-11-10,2505.68,2544.46,2502.52,2542.65,159800,2498.104,2410.088,2448.897,62.352,21.469,2.517,18.952,2410.088,2542.981,2277.194
2023-11-13,2544.91,2544.91,2519.66,2526.87,119600,2515.96,2417.685,2450.741,60.016,24.851,6.983,17.867,2417.685,2559.207,2276.163
2023-11-14,2526.87,2554.38,2509.29,2520.11,201400,2529.848,2426.816,2452.184,58.996,26.678,10.922,15.755,2426.816,2570.106,2283.526
2023-11-15,2532.28,2544.01,2516.05,2518.3,137100,2522.722,2435.45,2453.163,58.709,27.66,14.27,13.391,2435.45,2578.949,2291.952
2023-11-16,2492.6,2514.25,2468.25,2468.25,126900,2515.236,2441.087,2452.829,51.265,24.123,16.24,7.882,2441.087,2580.155,2302.018
2023-11-17,2439.4,2470.51,2434.89,2467.35,189900,2500.176,2446.069,2452.281,51.14,21.004,17.193,3.811,2446.069,2581.15,2310.988
2023-11-20,2467.35,2469.61,2428.12,2430.83,189700,2480.968,2449.428,2451.234,46.196,15.409,16.836,-1.428,2449.428,2579.112,2319.745
2023-11-21,2424.97,2463.75,2399.72,2449.77,157800,2466.9,2453.6,2450.931,48.952,12.36,15.941,-3.581,2453.6,2577.258,2329.941
2023-11-22,2449.77,2473.21,2443.91,2448.41,99100,2452.922,2457.319,2451.162,48.759,9.721,14.697,-4.976,2457.319,2575.241,2339.397
2023-11-24,2461.94,2484.94,2454.73,2484.49,99300,2456.17,2463.294,2451.874,53.95,10.422,13.842,-3.42,2463.294,2573.368,2353.219
2023-11-27,2489.0,2504.33,2482.68,2498.47,105900,2462.394,2470.486,2452.733,55.818,11.967,13.467,-1.5,2470.486,2568.839,2372.132
2023-11-28,2498.47,2513.8,2482.23,2513.35,100400,2478.898,2476.506,2453.79,57.781,14.229,13.619,0.609,2476.506,2569.468,2383.543
2023-11-29,2520.56,2535.44,2509.29,2522.81,118000,2493.506,2484.216,2454.441,59.028,16.593,14.214,2.379,2484.216,2564.164,2404.268
2023-11-30,2520.56,2525.52,2498.01,2520.56,128200,2507.936,2488.635,2455.447,58.585,18.076,14.987,3.09,2488.635,2566.208,2411.062
2023-12-01,2536.34,2536.34,2501.62,2507.93,137000,2512.624,2492.535,2456.031,56.042,18.025,15.594,2.431,2492.535,2565.38,2419.69
2023-12-04,2490.8,2524.62,2476.37,2492.15,194500,2511.36,2493.008,2456.531,52.95,16.521,15.78,0.741,2493.008,2565.706,2420.311
2023-12-05,2483.13,2497.11,2466.9,2466.9,96100,2502.07,2494.474,2456.74,48.353,13.14,15.252,-2.112,2494.474,2563.56,2425.388
2023-12-06,2453.37,2463.29,2429.48,2455.63,151400,2488.634,2494.722,2456.769,46.416,9.442,14.09,-4.648,2494.722,2563.179,2426.265
2023-12-07,2436.69,2451.12,2423.61,2423.61,113200,2469.244,2488.206,2455.747,41.348,3.883,12.049,-8.165,2488.206,2557.734,2418.678
2023-12-08,2410.54,2423.16,2399.27,2405.13,171300,2448.684,2483.178,2453.482,38.721,-1.99,9.241,-11.231,2483.178,2561.386,2404.971
2023-12-11,2424.07,2424.07,2387.99,2421.81,173400,2434.616,2477.136,2451.48,42.286,-5.239,6.345,-11.584,2477.136,2554.667,2399.606
2023-12-12,2424.97,2426.77,2397.01,2399.72,97800,2421.18,2470.779,2448.82,39.046,-9.487,3.178,-12.665,2470.779,2551.907,2389.651
2023-12-13,2390.25,2402.42,2384.39,2385.74,98800,2407.202,2464.06,2446.394,37.108,-13.822,-0.222,-13.6,2464.06,2550.095,2378.026
2023-12-14,2389.8,2398.36,2369.06,2374.47,115400,2397.374,2456.869,2444.573,35.576,-17.96,-3.769,-14.191,2456.869,2547.724,2366.014
2023-12-15,2368.6,2369.96,2333.88,2345.16,291200,2385.38,2450.714,2442.21,31.887,-23.335,-7.682,-15.653,2450.714,2554.131,2347.298
2023-12-18,2344.71,2370.41,2326.67,2367.7,178200,2374.558,2445.732,2440.487,37.273,-25.483,-11.243,-14.24,2445.732,2555.199,2336.265
2023-12-19,2367.7,2369.96,2339.3,2352.82,165200,2365.178,2441.832,2438.26,35.289,-28.062,-14.606,-13.456,2441.832,2558.834,2324.829
2023-12-20,2370.41,2386.64,2361.39,2373.11,180400,2362.652,2437.998,2435.888,39.981,-28.144,-17.314,-10.83,2437.998,2558.865,2317.132
2023-12-21,2364.1,2373.11,2358.23,2369.06,127500,2361.57,2434.031,2433.011,39.367,-28.211,-19.493,-8.718,2434.031,2558.611,2309.451
2023-12-22,2372.66,2395.21,2372.21,2395.21,125000,2371.58,2429.567,2431.208,45.213,-25.856,-20.766,-5.09,2429.567,2552.926,2306.208
2023-12-25,2417.75,2420.46,2389.8,2394.31,159700,2376.902,2424.359,2430.036,45.052,-23.788,-21.37,-2.418,2424.359,2544.215,2304.503
2023-12-26,2398.82,2406.48,2392.5,2405.13,95000,2387.364,2418.948,2430.64,47.474,-21.033,-21.303,0.27,2418.948,2531.432,2306.464
2023-12-27,2411.44,2419.11,2406.03,2411.89,133800,2395.12,2413.402,2432.128,48.986,-18.096,-20.662,2.565,2413.402,2514.707,2312.097
2023-12-28,2408.74,2416.4,2388.9,2396.56,79700,2400.62,2407.202,2433.147,45.768,-16.812,-19.892,3.08,2407.202,2495.197,2319.207
2023-12-29,2407.83,2407.83,2386.19,2395.66,88400,2400.71,2401.588,2433.949,45.578,-15.686,-19.051,3.365,2401.588,2475.767,2327.41
2024-01-04,2394.31,2412.79,2358.68,2404.23,137800,2402.694,2397.192,2434.68,47.793,-13.941,-18.029,4.088,2397.192,2457.987,2336.398
2024-01-05,2426.77,2426.77,2403.32,2408.28,166200,2403.324,2394.262,2435.573,48.853,-12.092,-16.841,4.749,2394.262,2445.863,2342.66
2024-01-09,2425.87,2449.77,2411.44,2437.59,146300,2408.464,2393.359,2436.998,55.837,-8.168,-15.107,6.939,2393.359,2440.916,2345.803
2024-01-10,2440.3,2461.04,2435.34,2449.32,132800,2419.016,2394.645,2438.504,58.292,-4.064,-12.898,8.834,2394.645,2446.811,2342.479
2024-01-11,2474.57,2532.28,2468.25,2481.33,261600,2436.15,2398.455,2440.83,64.148,1.751,-9.968,11.719,2398.455,2463.409,2333.501
2024-01-12,2487.19,2493.51,2460.14,2467.35,126200,2448.774,2400.732,2443.085,60.174,5.171,-6.941,12.112,2400.732,2472.017,2329.447
2024-01-15,2479.98,2492.15,2470.51,2478.17,21800,2462.752,2404.654,2444.789,62.13,8.655,-3.821,12.477,2404.654,2483.895,2325.414
2024-01-16,2479.98,2503.43,2470.51,2484.49,103600,2472.132,2409.592,2447.107,63.264,11.791,-0.699,12.49,2409.592,2495.864,2323.32
2024-01-17,2502.07,2507.03,2455.63,2455.63,145800,2473.394,2413.65,2447.576,55.14,11.81,1.803,10.008,2413.65,2500.599,2326.701
2024-01-18,2452.92,2456.53,2433.99,2437.59,156700,2464.646,2418.272,2447.729,50.753,10.252,3.493,6.76,2418.272,2499.532,2337.011
2024-01-19,2431.73,2459.24,2431.73,2452.47,139400,2461.67,2422.51,2447.125,54.004,10.102,4.815,5.287,2422.51,2501.475,2343.545
2024-01-22,2456.08,2465.55,2441.2,2447.96,114200,2455.628,2427.267,2447.332,52.865,9.509,5.753,3.755,2427.267,2499.752,2354.782
2024-01-23,2461.94,2482.68,2457.88,2461.04,279400,2450.938,2431.663,2447.54,55.778,9.979,6.599,3.381,2431.663,2500.912,2362.415
2024-01-24,2457.43,2457.43,2405.58,2411.89,188900,2442.19,2433.805,2444.699,44.618,6.314,6.542,-0.228,2433.805,2497.313,2370.297
2024-01-25,2408.74,2434.89,2405.13,2420.01,188900,2438.674,2435.045,2442.985,46.522,4.017,6.037,-2.019,2435.045,2496.309,2373.781
2024-01-26,2419.56,2446.61,2408.74,2420.91,226400,2432.362,2436.375,2440.551,46.74,2.244,5.278,-3.034,2436.375,2495.014,2377.736
2024-01-29,2421.36,2448.41,2416.85,2439.4,105400,2430.65,2438.089,2438.801,51.156,2.304,4.683,-2.379,2438.089,2494.856,2381.321
2024-01-30,2425.87,2435.79,2406.03,2406.03,175900,2419.648,2437.796,2436.52,44.057,-0.337,3.679,-4.016,2437.796,2495.19,2380.401
2024-01-31,2404.23,2418.2,2395.21,2411.89,213600,2419.648,2438.562,2434.391,45.487,-1.935,2.557,-4.491,2438.562,2494.014,2383.11
2024-02-01,2401.97,2445.26,2401.97,2430.83,242500,2421.812,2440.321,2433.643,49.943,-1.654,1.715,-3.368,2440.321,2492.157,2388.484
2024-02-02,2419.11,2434.89,2407.83,2427.22,165300,2423.074,2441.47,2432.84,49.119,-1.703,1.031,-2.734,2441.47,2490.9,2392.04
2024-02-05,2433.99,2450.67,2420.01,2430.83,135500,2421.36,2442.598,2432.84,50.008,-1.434,0.538,-1.972,2442.598,2489.819,2395.376
2024-02-06,2427.67,2444.81,2401.07,2425.87,195400,2425.328,2442.012,2432.362,48.748,-1.602,0.11,-1.712,2442.012,2489.783,2394.24
2024-02-07,2593.61,2713.55,2570.61,2645.46,1124800,2472.042,2451.819,2436.303,76.711,15.801,3.248,12.553,2451.819,2554.677,2348.96
2024-02-08,2658.54,2672.06,2593.16,2600.37,407200,2505.95,2457.77,2438.621,68.453,25.659,7.731,17.929,2457.77,2579.808,2335.733
2024-02-09,2570.16,2570.16,2533.18,2539.5,279500,2528.406,2461.378,2439.442,59.188,28.235,11.831,16.403,2461.378,2588.756,2334.0
2024-02-13,2543.1,2555.28,2527.77,2552.57,340600,2552.754,2465.098,2440.226,60.427,30.973,15.66,15.314,2465.098,2598.733,2331.463
2024-02-14,2559.79,2562.49,2493.96,2494.86,283800,2566.552,2465.616,2439.667,52.807,28.162,18.16,10.002,2465.616,2599.648,2331.585
2024-02-15,2494.41,2510.19,2466.45,2481.78,282700,2533.816,2466.924,2438.891,51.23,24.596,19.447,5.148,2466.924,2601.056,2332.792
2024-02-16,2521.46,2551.22,2513.34,2525.97,320600,2518.936,2471.343,2439.252,56.009,25.046,20.567,4.479,2471.343,2607.218,2335.468
2024-02-19,2521.46,2542.65,2481.78,2494.86,208900,2510.008,2473.462,2439.306,52.136,22.632,20.98,1.652,2473.462,2609.42,2337.505
2024-02-20,2499.82,2507.03,2479.98,2490.8,199500,2497.654,2475.604,2439.784,51.634,20.159,20.816,-0.657,2475.604,2611.22,2339.989
2024-02-21,2498.92,2500.27,2468.25,2479.98,175300,2494.678,2476.552,2440.271,50.246,17.128,20.078,-2.95,2476.552,2612.003,2341.1
2024-02-22,2468.71,2479.53,2441.2,2462.84,345400,2490.89,2479.099,2441.056,48.043,13.191,18.701,-5.51,2479.099,2611.308,2346.89
2024-02-26,2475.47,2489.9,2468.25,2474.12,310500,2480.52,2481.804,2442.436,49.609,10.856,17.132,-6.276,2481.804,2611.105,2352.504
2024-02-27,2472.76,2500.27,2472.76,2485.39,140900,2478.626,2485.028,2443.707,51.192,9.802,15.666,-5.864,2485.028,2611.111,2358.946
2024-02-28,2479.98,2487.64,2474.12,2482.68,202300,2477.002,2487.192,2445.367,50.779,8.648,14.263,-5.614,2487.192,2611.45,2362.935
2024-02-29,2479.98,2500.72,2469.16,2489.0,334600,2478.806,2491.341,2447.432,51.756,8.15,13.04,-4.89,2491.341,2609.584,2373.098
2024-03-01,2479.08,2504.78,2478.63,2490.35,195700,2484.308,2495.264,2449.749,51.976,7.775,11.987,-4.212,2495.264,2607.459,2383.069
2024-03-04,2491.25,2497.56,2472.76,2475.47,229200,2484.578,2497.496,2452.356,49.313,6.205,10.83,-4.626,2497.496,2606.01,2388.982
2024-03-05,2471.41,2499.37,2453.83,2493.96,225500,2486.292,2500.833,2454.881,52.565,6.379,9.94,-3.561,2500.833,2604.232,2397.434
2024-03-06,2719.86,2945.31,2708.14,2945.31,2756800,2578.818,2526.557,2466.731,82.343,42.448,16.442,26.006,2526.557,2746.705,2306.409
2024-03-07,3426.88,3449.42,3285.29,3361.95,3606200,2753.408,2573.361,2486.507,89.128,103.46,33.845,69.614,2573.361,3002.348,2144.374
2024-03-08,3298.82,3343.01,3141.91,3195.11,1763100,2894.36,2600.844,2503.028,76.458,136.773,54.431,82.342,2600.844,3111.861,2089.826
2024-03-11,3246.52,3376.38,3231.19,3322.27,1299900,3063.72,2636.938,2521.57,78.918,171.458,77.836,93.622,2636.938,3241.275,2032.602
2024-03-12,3302.43,3343.91,3245.62,3324.07,597700,3229.742,2676.167,2540.165,78.951,196.822,101.633,95.189,2676.167,3351.551,2000.783
2024-03-13,3305.13,3371.87,3217.66,3326.78,751400,3306.036,2714.878,2558.598,79.005,214.668,124.24,90.428,2714.878,3446.816,1982.939
2024-03-14,3359.24,3364.65,3294.31,3356.54,420200,3304.954,2757.962,2577.491,79.625,228.577,145.108,83.47,2757.962,3535.398,1980.525
2024-03-15,3351.13,3351.13,3263.65,3309.64,615100,3327.86,2799.354,2595.752,75.827,233.129,162.712,70.417,2799.354,3602.603,1996.106
2024-03-18,3310.55,3326.78,3276.28,3298.82,328700,3323.17,2837.997,2613.816,74.938,233.175,176.805,56.37,2837.997,3660.01,2015.984
2024-03-19,3277.18,3434.99,3256.44,3417.86,547600,3341.928,2884.147,2634.088,77.993,240.05,189.454,50.596,2884.147,3728.385,2039.909
2024-03-21,3480.99,3551.33,3376.38,3414.25,648600,3359.422,2930.32,2654.208,77.683,242.413,200.045,42.367,2930.32,3784.923,2075.716
2024-03-22,3570.27,3632.49,3535.1,3607.24,981500,3409.562,2986.682,2677.601,81.83,256.896,211.416,45.481,2986.682,3864.603,2108.762
2024-03-25,3651.43,3681.19,3508.94,3508.94,861600,3449.422,3038.988,2698.793,74.261,257.475,220.627,36.847,3038.988,3910.122,2167.853
2024-03-26,3487.3,3508.94,3436.8,3469.26,573900,3483.51,3088.744,2718.552,71.39,251.829,226.868,24.961,3088.744,3937.422,2240.067
2024-03-27,3506.24,3508.04,3439.5,3475.58,446600,3495.054,3138.254,2738.716,71.579,245.039,230.502,14.537,3138.254,3953.604,2322.904
2024-03-28,3471.92,3494.76,3421.67,3438.12,492000,3499.828,3186.026,2757.915,68.69,233.939,231.189,2.75,3186.026,3949.988,2422.064
2024-03-29,3435.38,3555.98,3381.47,3474.66,298400,3473.312,3235.309,2777.719,69.964,225.491,230.05,-4.558,3235.309,3934.356,2536.262
2024-04-01,3471.01,3518.52,3437.2,3502.99,659700,3472.122,3285.941,2798.666,70.95,218.563,227.752,-9.189,3285.941,3899.23,2672.652
2024-04-02,3472.84,3494.76,3399.74,3430.81,609100,3464.432,3333.708,2818.53,65.086,204.886,223.179,-18.293,3333.708,3816.044,2851.372
2024-04-03,3471.92,3506.64,3414.36,3445.43,521300,3458.402,3381.282,2838.389,65.704,193.002,217.144,-24.142,3381.282,3659.289,3103.274
2024-04-04,3481.06,3566.03,3452.73,3533.14,433600,3477.406,3410.673,2860.093,69.225,188.488,211.413,-22.924,3410.673,3606.863,3214.483
2024-04-05,3490.2,3504.81,3447.25,3481.97,484400,3478.868,3416.674,2880.512,65.03,178.722,204.875,-26.152,3416.674,3613.929,3219.419
2024-04-08,3482.89,3590.7,3453.65,3587.04,453300,3495.678,3436.27,2904.015,69.163,177.416,199.383,-21.967,3436.27,3618.117,3254.424
2024-04-09,3617.19,3630.9,3563.29,3599.83,407600,3529.482,3450.149,2927.611,69.633,175.39,194.584,-19.194,3450.149,3637.64,3262.657
2024-04-10,3558.72,3610.8,3543.19,3587.04,313600,3557.804,3463.297,2950.934,68.508,170.784,189.824,-19.04,3463.297,3650.443,3276.151
2024-04-11,3593.44,3631.81,3553.24,3616.28,387100,3574.432,3477.772,2974.471,69.713,167.562,185.372,-17.81,3477.772,3665.242,3290.302
2024-04-12,3590.7,3634.55,3582.48,3618.11,252400,3601.66,3490.85,2998.713,69.791,163.274,180.952,-17.678,3490.85,3679.204,3302.497
2024-04-15,3598.01,3622.68,3531.31,3575.17,324800,3599.286,3504.127,3021.978,65.531,154.628,175.688,-21.059,3504.127,3675.353,3332.901
2024-04-16,3562.37,3591.61,3537.71,3573.34,303400,3593.988,3517.853,3044.829,65.347,145.947,169.739,-23.793,3517.853,3661.588,3374.118
2024-04-17,3595.27,3605.32,3502.07,3545.02,414700,3585.584,3524.211,3067.185,62.44,135.222,162.836,-27.614,3524.211,3660.373,3388.049
2024-04-18,3543.19,3562.37,3511.21,3517.61,325000,3565.85,3529.379,3088.92,59.673,123.092,154.887,-31.795,3529.379,3655.439,3403.319
2024-04-19,3484.71,3484.71,3346.75,3450.91,606700,3532.41,3521.562,3109.421,53.464,106.865,145.283,-38.417,3521.562,3646.678,3396.447
2024-04-22,3467.35,3493.85,3421.67,3466.44,361700,3510.664,3519.438,3125.841,54.647,94.173,135.061,-40.888,3519.438,3646.878,3391.997
2024-04-23,3408.88,3482.89,3407.97,3450.91,377500,3486.178,3518.52,3142.851,53.191,81.917,124.432,-42.515,3518.52,3647.733,3389.307
2024-04-24,3433.55,3439.03,3374.16,3434.46,370800,3464.066,3516.464,3160.751,51.621,70.068,113.559,-43.491,3516.464,3649.797,3383.131
2024-04-25,3421.67,3433.55,3372.33,3380.56,466300,3436.656,3513.586,3177.31,46.754,55.687,101.985,-46.298,3513.586,3656.201,3370.971
2024-04-26,3405.22,3430.81,3328.48,3430.81,537300,3432.636,3511.394,3196.029,51.359,47.794,91.147,-43.353,3511.394,3657.825,3364.962
2024-04-30,3471.01,3493.85,3445.43,3471.92,299900,3433.732,3509.84,3215.832,54.803,44.345,81.786,-37.442,3509.84,3657.303,3362.377
2024-05-01,3443.6,3471.01,3411.62,3458.22,307000,3435.194,3511.21,3234.477,53.445,40.044,73.438,-33.394,3511.21,3656.067,3366.354
2024-05-02,3489.28,3494.76,3399.74,3417.1,243600,3431.722,3509.794,3252.922,49.481,32.938,65.338,-32.4,3509.794,3657.877,3361.711
2024-05-07,3391.52,3469.18,3381.47,3432.63,382600,3442.136,3504.768,3271.759,50.96,28.234,57.917,-29.683,3504.768,3656.298,3353.239
2024-05-08,3381.47,3446.34,3366.85,3426.24,348000,3441.222,3501.982,3290.684,50.308,23.717,51.077,-27.36,3501.982,3657.279,3346.685
2024-05-09,3404.31,3409.79,3340.35,3373.25,463100,3421.488,3491.293,3308.892,45.144,15.681,43.998,-28.317,3491.293,3651.298,3331.287
2024-05-10,4012.81,4012.81,4004.59,4012.81,1121000,3532.406,3511.942,3339.666,76.498,60.225,47.243,12.982,3511.942,3792.273,3231.61
2024-05-13,4008.24,4009.16,3703.99,3719.52,2009900,3592.89,3518.565,3364.348,59.658,71.041,52.003,19.038,3518.565,3812.308,3224.823
2024-05-14,3719.52,3762.47,3675.67,3706.73,678200,3647.71,3523.088,3388.829,59.048,77.686,57.139,20.546,3523.088,3825.813,3220.363
2024-05-15,3699.42,3736.88,3609.89,3609.89,494600,3684.44,3522.677,3411.247,54.5,74.281,60.568,13.714,3522.677,3824.881,3220.473
2024-05-16,3549.58,3591.61,3517.6,3564.2,511400,3722.63,3522.129,3432.724,52.448,67.123,61.879,5.244,3522.129,3823.971,3220.286
2024-05-17,3551.41,3634.55,3543.19,3606.23,325600,3641.314,3523.773,3455.339,54.158,64.102,62.323,1.779,3523.773,3827.144,3220.402
2024-05-20,3622.68,3674.76,3602.58,3615.37,396700,3620.484,3527.29,3477.768,54.541,61.734,62.205,-0.472,3527.29,3833.319,3221.262
2024-05-21,3632.73,3689.37,3575.17,3589.78,373400,3597.094,3530.899,3490.657,53.201,57.134,61.191,-4.057,3530.899,3838.146,3223.652
2024-05-22,3563.29,3573.34,3518.52,3543.19,421800,3583.754,3535.513,3494.282,50.757,49.162,58.785,-9.623,3535.513,3840.466,3230.56
2024-05-23,3607.14,3608.06,3527.66,3565.12,377000,3583.938,3540.447,3501.682,51.878,44.105,55.849,-11.744,3540.447,3843.883,3237.011
2024-05-24,3534.05,3550.5,3486.54,3533.14,354000,3569.32,3544.558,3505.899,50.087,37.09,52.097,-15.008,3544.558,3845.101,3244.016
2024-05-27,3537.71,3537.71,3478.32,3527.66,229100,3551.778,3549.219,3509.971,49.77,30.733,47.825,-17.091,3549.219,3845.432,3253.005
2024-05-28,3486.54,3498.42,3449.08,3477.4,308100,3529.302,3554.061,3512.984,46.842,21.394,42.538,-21.145,3554.061,3841.708,3266.413
2024-05-29,3477.4,3478.32,3423.5,3443.6,286500,3509.384,3554.7,3514.725,44.928,11.136,36.258,-25.122,3554.7,3841.249,3268.151
2024-05-30,3457.3,3502.07,3417.1,3490.2,387700,3494.4,3555.614,3518.336,48.079,6.69,30.344,-23.654,3555.614,3841.166,3270.062
2024-05-31,3524.91,3613.54,3512.12,3608.97,456900,3509.566,3563.152,3524.539,55.124,12.605,26.797,-14.191,3563.152,3845.823,3280.48
2024-06-03,3618.11,3701.25,3617.19,3661.05,345900,3536.244,3575.349,3529.403,57.827,21.251,25.687,-4.437,3575.349,3852.484,3298.214
2024-06-04,3668.36,3677.5,3628.16,3656.48,261100,3572.06,3586.542,3534.247,57.5,27.417,26.033,1.384,3586.542,3857.417,3315.666
2024-06-05,3656.48,3731.4,3651.0,3679.32,374100,3619.204,3599.195,3535.689,58.756,33.758,27.578,6.18,3599.195,3862.068,3336.323
2024-06-06,3708.56,3708.56,3595.27,3619.02,267700,3644.968,3611.484,3537.891,54.201,33.531,28.769,4.762,3611.484,3851.903,3371.065
2024-06-07,3627.24,3644.6,3599.83,3619.94,192900,3647.162,3591.84,3540.904,54.259,33.044,29.624,3.42,3591.84,3741.118,3442.563
2024-06-10,3642.78,3693.03,3632.73,3693.03,288600,3653.558,3590.516,3545.253,58.749,38.117,31.323,6.794,3590.516,3735.429,3445.603
2024-06-11,3681.15,3740.54,3673.84,3697.6,292100,3661.782,3590.06,3550.443,59.02,42.022,33.462,8.559,3590.06,3733.481,3446.638
2024-06-12,3700.34,3700.34,3634.55,3683.89,263400,3662.696,3593.76,3554.627,57.794,43.508,35.471,8.037,3593.76,3743.034,3444.485
2024-06-13,3736.88,3790.79,3671.1,3697.6,433500,3678.412,3600.429,3558.52,58.717,45.271,37.431,7.839,3600.429,3755.934,3444.925
2024-06-14,3633.64,3715.87,3631.81,3700.34,343800,3694.492,3605.135,3563.91,58.911,46.354,39.216,7.138,3605.135,3766.946,3443.324
2024-06-17,3731.4,3741.45,3661.05,3712.22,190400,3698.33,3609.977,3569.246,59.791,47.623,40.897,6.725,3609.977,3778.727,3441.228
2024-06-18,3723.18,3756.07,3704.91,3728.66,257700,3704.542,3616.921,3573.156,61.035,49.385,42.595,6.79,3616.921,3793.423,3440.42
2024-06-19,3754.24,3768.86,3686.63,3697.6,245300,3707.284,3624.642,3577.469,57.421,47.725,43.621,4.105,3624.642,3801.072,3448.212
2024-06-20,3722.27,3753.33,3693.94,3702.17,269900,3708.198,3631.494,3579.772,57.817,46.246,44.146,2.1,3631.494,3808.834,3454.155
2024-06-21,3737.8,3779.83,3732.32,3768.86,405600,3721.902,3643.28,3583.152,63.193,49.88,45.293,4.587,3643.28,3824.389,3462.172
2024-06-24,3761.55,3871.19,3746.02,3846.52,416900,3748.762,3659.223,3588.342,68.265,58.353,47.905,10.448,3659.223,3853.161,3465.286
2024-06-25,3846.52,3905.91,3837.39,3891.29,355600,3781.288,3679.918,3593.842,70.766,67.898,51.903,15.995,3679.918,3880.384,3479.452
2024-06-26,3874.85,3905.91,3844.7,3862.97,241800,3814.362,3700.886,3598.739,67.16,72.344,55.992,16.352,3700.886,3884.278,3517.495
2024-06-27,3825.51,3915.96,3796.27,3897.69,387400,3853.466,3721.261,3605.19,69.23,77.772,60.348,17.425,3721.261,3896.457,3546.065
2024-06-28,3851.09,3871.19,3729.58,3750.59,903300,3849.812,3728.342,3608.735,53.767,69.404,62.159,7.245,3728.342,3895.701,3560.983
2024-07-01,3736.88,3825.51,3735.97,3770.69,386900,3834.646,3733.824,3613.248,55.238,63.661,62.459,1.201,3733.824,3899.072,3568.576
2024-07-02,3781.65,3851.09,3781.65,3800.84,318200,3816.556,3741.042,3618.913,57.427,60.841,62.136,-1.295,3741.042,3904.668,3577.416
2024-07-03,3791.7,3806.32,3718.61,3751.5,219000,3794.262,3744.651,3624.924,52.871,54.002,60.509,-6.507,3744.651,3905.709,3583.593
2024-07-04,3751.5,3762.47,3712.22,3726.83,198600,3760.09,3750.042,3630.132,50.705,46.06,57.619,-11.559,3750.042,3900.246,3599.837
2024-07-05,3714.04,3736.88,3689.37,3714.96,249200,3752.964,3754.792,3635.413,49.651,38.366,53.769,-15.402,3754.792,3893.22,3616.365
2024-07-08,3737.8,3797.19,3737.8,3795.36,267900,3757.898,3759.909,3642.631,56.28,38.315,50.678,-12.363,3759.909,3896.273,3623.545
2024-07-09,3812.72,3838.3,3790.79,3815.46,264700,3760.822,3765.802,3651.329,57.777,39.442,48.431,-8.989,3765.802,3901.01,3630.594
2024-07-10,3853.83,3858.4,3794.45,3844.7,304500,3779.462,3773.842,3659.607,59.926,42.207,47.186,-4.979,3773.842,3907.66,3640.025
2024-07-11,3855.66,3862.06,3818.2,3830.08,357100,3800.112,3780.466,3666.77,58.327,42.727,46.294,-3.567,3780.466,3911.479,3649.454
2024-07-12,3776.17,3863.88,3773.43,3837.39,301300,3824.598,3787.319,3674.354,58.918,43.23,45.681,-2.451,3787.319,3914.98,3659.658
2024-07-16,3799.01,3799.01,3722.27,3726.83,404400,3810.892,3788.05,3680.548,47.875,34.312,43.407,-9.095,3788.05,3914.057,3662.042
2024-07-17,3750.59,3758.81,3655.57,3662.88,575700,3780.376,3784.761,3685.153,42.87,21.833,39.092,-17.26,3784.761,3920.364,3649.157
2024-07-18,3633.64,3651.0,3605.32,3614.45,398700,3734.326,3780.603,3688.917,39.502,7.943,32.863,-24.92,3780.603,3931.674,3629.532
2024-07-19,3608.97,3659.22,3594.35,3636.38,267300,3695.586,3777.313,3694.18,41.734,-1.28,26.034,-27.314,3777.313,3938.127,3616.5
2024-07-22,3645.52,3666.53,3619.94,3628.16,260800,3653.74,3770.278,3686.487,41.122,-9.147,18.998,-28.145,3770.278,3944.408,3596.149
2024-07-23,3645.52,3705.82,3639.12,3693.94,245700,3647.162,3762.65,3685.975,47.732,-9.96,13.206,-23.166,3762.65,3936.083,3589.216
2024-07-24,3650.09,3704.91,3629.07,3650.09,282200,3644.604,3750.589,3684.843,44.172,-13.98,7.769,-21.749,3750.589,3919.853,3581.326
2024-07-25,3608.97,3613.54,3555.07,3576.08,278400,3636.93,3736.245,3684.166,38.898,-22.875,1.64,-24.515,3736.245,3913.829,3558.661
2024-07-26,3586.13,3604.4,3534.05,3545.02,305600,3618.658,3718.612,3683.783,36.907,-32.061,-5.1,-26.961,3718.612,3898.717,3538.506
2024-07-29,3594.35,3634.55,3584.3,3607.14,198500,3614.454,3711.439,3683.801,43.173,-33.937,-10.868,-23.07,3711.439,3897.509,3525.369
2024-07-30,3607.14,3639.12,3582.47,3630.9,229700,3601.846,3704.449,3684.112,45.407,-33.125,-15.319,-17.806,3704.449,3891.647,3517.252
2024-07-31,3599.83,3659.22,3592.53,3659.22,211000,3603.672,3697.368,3685.5,48.028,-29.852,-18.226,-11.626,3697.368,3879.869,3514.868
2024-08-01,3597.09,3597.09,3477.4,3496.59,382400,3587.774,3684.623,3684.568,37.03,-39.921,-22.565,-17.356,3684.623,3885.85,3483.396
2024-08-02,3386.04,3456.39,3340.35,3341.27,552700,3547.024,3665.345,3680.091,29.971,-59.745,-30.001,-29.744,3665.345,3917.082,3413.608
2024-08-05,3213.35,3334.87,3029.71,3063.51,683100,3438.298,3632.773,3670.699,21.923,-96.753,-43.351,-53.402,3632.773,3999.706,3265.839
2024-08-06,3447.25,3447.25,3274.57,3302.89,859500,3372.696,3608.149,3666.203,37.5,-105.55,-55.791,-49.759,3608.149,3994.713,3221.585
2024-08-07,3402.48,3598.92,3326.65,3453.65,637200,3331.582,3590.058,3665.728,44.949,-99.212,-64.475,-34.737,3590.058,3969.573,3210.544
2024-08-08,3389.69,3502.99,3386.04,3401.57,304400,3312.578,3567.902,3664.888,43.041,-97.271,-71.034,-26.237,3567.902,3936.403,3199.401
2024-08-09,3465.53,3490.2,3352.23,3382.38,305300,3320.8,3545.517,3662.731,42.328,-96.172,-76.062,-20.11,3545.517,3901.126,3189.908
2024-08-13,3418.93,3498.42,3418.93,3496.59,275500,3407.416,3528.477,3660.484,47.864,-85.105,-77.871,-7.234,3528.477,3856.813,3200.141
2024-08-14,3545.02,3576.99,3470.09,3493.85,231900,3445.608,3516.828,3657.14,47.746,-75.683,-77.433,1.75,3516.828,3831.792,3201.864
2024-08-15,3493.85,3526.74,3460.96,3483.8,181000,3451.638,3507.874,3653.686,47.284,-68.24,-75.594,7.355,3507.874,3815.452,3200.296
2024-08-16,3535.88,3587.04,3517.61,3587.04,264000,3488.732,3506.504,3651.841,52.382,-53.395,-71.154,17.76,3506.504,3812.321,3200.686
2024-08-19,3597.09,3624.5,3553.24,3569.68,256900,3526.192,3503.169,3650.854,51.48,-42.541,-65.432,22.891,3503.169,3804.443,3201.894
2024-08-20,3615.37,3627.24,3572.42,3607.14,160800,3548.302,3502.118,3650.598,53.347,-30.564,-58.458,27.894,3502.118,3801.698,3202.537
2024-08-21,3585.22,3606.23,3555.98,3575.17,115400,3564.566,3496.179,3648.241,51.525,-23.382,-51.443,28.061,3496.179,3784.237,3208.121
2024-08-22,3624.5,3699.42,3609.89,3656.48,327900,3599.102,3496.498,3647.418,55.671,-11.003,-43.355,32.352,3496.498,3785.288,3207.709
2024-08-23,3654.65,3662.88,3632.73,3651.91,209000,3612.076,3500.29,3646.779,55.384,-1.543,-34.992,33.45,3500.29,3795.401,3205.179
2024-08-26,3643.69,3651.91,3594.35,3637.3,153500,3625.6,3504.904,3645.573,54.419,4.721,-27.05,31.771,3504.904,3805.788,3204.02
2024-08-27,3667.45,3668.36,3638.21,3657.4,97300,3635.652,3507.417,3644.714,55.566,11.178,-19.404,30.582,3507.417,3812.704,3202.13
2024-08-28,3672.93,3699.42,3667.45,3699.42,144000,3660.502,3510.843,3644.458,57.948,19.461,-11.631,31.093,3510.843,3823.416,3198.27
2024-08-29,3693.94,3712.22,3649.17,3672.01,192000,3663.608,3511.483,3643.325,55.845,23.543,-4.596,28.139,3511.483,3825.383,3197.582
2024-08-30,3644.6,3681.15,3614.45,3679.32,353500,3669.09,3520.619,3642.959,56.3,27.056,1.734,25.322,3520.619,3843.211,3198.027
2024-09-02,3661.05,3661.05,3576.99,3602.58,237700,3662.146,3533.685,3640.967,50.42,23.378,6.063,17.315,3533.685,3846.717,3220.652
2024-09-03,3602.58,3642.78,3599.83,3640.95,116900,3658.856,3562.556,3638.409,53.06,23.291,9.508,13.782,3562.556,3786.971,3338.142
2024-09-04,3576.99,3606.23,3506.64,3516.69,239100,3622.31,3573.246,3631.813,44.75,13.044,10.216,2.829,3573.246,3763.322,3383.171
2024-09-05,3532.22,3600.75,3524.91,3559.63,213800,3599.834,3578.546,3625.179,47.793,8.294,9.831,-1.538,3578.546,3760.31,3396.781
2024-09-06,3546.84,3612.63,3546.84,3593.44,292100,3582.658,3588.139,3619.789,50.122,7.174,9.3,-2.126,3588.139,3749.705,3426.573
2024-09-09,3529.48,3610.8,3490.2,3599.83,274400,3582.108,3599.012,3613.832,50.571,6.725,8.785,-2.06,3599.012,3728.324,3469.699
2024-09-10,3617.19,3640.04,3594.35,3600.75,234400,3574.068,3604.22,3610.835,50.64,6.37,8.302,-1.932,3604.22,3724.218,3484.221
2024-09-11,3600.75,3600.75,3450.91,3474.66,176200,3565.662,3603.26,3604.914,42.002,-4.04,5.833,-9.873,3603.26,3727.216,3479.304
2024-09-12,3525.83,3584.3,3492.02,3528.57,191700,3559.45,3605.498,3599.469,46.225,-7.849,3.097,-10.946,3605.498,3721.749,3489.248
2024-09-13,3512.12,3540.45,3508.47,3526.74,182600,3546.11,3602.484,3594.974,46.103,-10.889,0.3,-11.189,3602.484,3723.768,3481.199
2024-09-17,3553.24,3572.42,3490.2,3532.22,251700,3532.588,3600.61,3591.081,46.56,-12.71,-2.302,-10.408,3600.61,3725.142,3476.079
2024-09-18,3527.66,3563.29,3525.83,3559.63,196800,3524.364,3598.235,3587.975,48.897,-11.806,-4.203,-7.603,3598.235,3724.048,3472.422
2024-09-19,3608.97,3631.81,3600.75,3608.97,142600,3551.226,3599.925,3584.247,52.891,-7.027,-4.768,-2.259,3599.925,3725.341,3474.509
2024-09-20,3633.64,3644.6,3608.97,3628.16,331100,3571.144,3598.509,3580.501,54.384,-1.671,-4.148,2.477,3598.509,3721.859,3475.159
2024-09-24,3768.86,3886.73,3750.59,3874.85,759400,3640.766,3609.656,3581.104,68.295,22.223,1.126,21.097,3609.656,3783.346,3435.966
2024-09-25,3864.8,3997.28,3855.66,3966.21,567500,3727.564,3626.101,3583.827,71.733,47.978,10.496,37.481,3626.101,3861.968,3390.235
2024-09-26,4020.12,4138.9,4002.76,4130.67,869800,3841.772,3649.765,3589.692,76.643,80.728,24.543,56.186,3649.765,3976.364,3323.166
2024-09-27,4104.7,4190.04,4100.06,4147.37,515900,3949.452,3672.162,3598.103,77.079,106.8,40.994,65.806,3672.162,4067.339,3276.986
2024-09-30,4126.96,4230.86,4110.27,4185.4,754400,4060.9,3697.832,3608.553,78.081,129.043,58.604,70.439,3697.832,4154.828,3240.836
2024-10-01,4234.57,4350.52,4212.3,4350.52,763000,4156.034,3731.392,3623.275,81.801,158.172,78.518,79.654,3731.392,4273.347,3189.437
2024-10-02,4359.79,4518.42,4351.45,4456.27,815000,4254.046,3774.076,3639.673,83.708,187.627,100.339,87.287,3774.076,4401.11,3147.043
2024-10-03,4521.2,4563.87,4367.22,4402.46,1226600,4308.404,3812.152,3655.159,79.162,204.273,121.126,83.147,3812.152,4495.135,3129.169
2024-10-04,4402.46,4536.04,4387.62,4532.33,620400,4385.396,3862.934,3671.926,81.74,225.347,141.97,83.377,3862.934,4602.136,3123.732
2024-10-07,4545.32,4652.92,4523.98,4646.43,638100,4477.602,3917.274,3691.853,83.653,248.392,163.255,85.137,3917.274,4719.68,3114.868
2024-10-08,4665.91,4766.09,4577.78,4586.13,717200,4524.724,3966.908,3712.054,78.945,258.806,182.365,76.441,3966.908,4806.901,3126.916
2024-10-09,4677.04,4690.95,4568.51,4604.69,492600,4554.408,4017.152,3733.248,79.331,265.497,198.991,66.506,4017.152,4884.461,3149.842
2024-10-10,4638.08,4655.7,4569.44,4630.66,357400,4600.048,4068.647,3753.718,79.886,269.785,213.15,56.635,4068.647,4953.97,3183.324
2024-10-11,4620.45,4628.8,4550.88,4568.51,348100,4607.284,4123.34,3772.47,74.715,265.112,223.543,41.57,4123.34,4989.092,3257.587
2024-10-15,4575.93,4587.06,4517.49,4557.38,357400,4589.474,4174.78,3790.433,73.794,257.542,230.342,27.2,4174.78,5013.573,3335.987
2024-10-16,4586.13,4684.46,4582.42,4587.99,321900,4589.846,4227.843,3812.261,74.717,251.118,234.498,16.62,4227.843,5027.375,3428.31
2024-10-17,4596.34,4596.34,4500.79,4527.69,345100,4574.446,4277.616,3835.99,69.522,238.413,235.281,3.132,4277.616,5016.451,3538.781
2024-10-18,4549.96,4573.15,4528.62,4533.26,229000,4554.966,4326.298,3865.385,69.731,226.186,233.462,-7.276,4326.298,4990.474,3662.121
2024-10-21,4538.82,4579.64,4506.36,4565.73,304200,4554.41,4374.135,3890.642,70.983,216.619,230.093,-13.474,4374.135,4953.131,3795.14
2024-10-22,4541.61,4576.86,4536.04,4556.45,277800,4554.224,4420.55,3912.698,70.091,205.915,225.257,-19.343,4420.55,4885.317,3955.783
2024-10-23,4555.52,4600.05,4535.11,4541.61,158600,4544.948,4453.888,3935.498,68.606,193.998,219.006,-25.008,4453.888,4843.403,4064.373
2024-10-24,4507.29,4576.86,4483.17,4566.65,232500,4552.74,4483.91,3959.184,69.77,184.448,212.094,-27.646,4483.91,4800.981,4166.839
2024-10-25,4533.26,4554.59,4484.1,4547.17,318100,4555.522,4504.735,3980.195,67.668,173.31,204.337,-31.027,4504.735,4775.441,4234.029
2024-10-28,4562.02,4612.11,4526.77,4591.7,235800,4560.716,4526.952,4002.152,69.9,166.161,196.702,-30.541,4526.952,4741.216,4312.687
2024-10-29,4612.11,4672.4,4554.59,4659.41,333000,4581.308,4550.652,4025.665,72.957,164.067,190.175,-26.108,4550.652,4701.246,4400.058
2024-10-30,4683.53,4745.68,4669.62,4703.01,900600,4613.588,4568.276,4047.984,74.736,164.035,184.947,-20.912,4568.276,4701.788,4434.765
2024-10-31,4723.42,4728.06,4611.18,4644.57,322300,4629.172,4577.692,4069.482,68.254,157.479,179.454,-21.974,4577.692,4704.326,4451.057
2024-11-01,4575.0,4638.08,4517.49,4526.77,234300,4625.092,4583.907,4087.874,57.44,141.151,171.793,-30.642,4583.907,4683.683,4484.131
2024-11-05,4331.97,4524.91,4285.59,4508.21,448400,4608.394,4582.701,4106.535,55.936,125.269,162.488,-37.219,4582.701,4685.635,4479.767
2024-11-06,4510.07,4608.4,4475.75,4563.87,248700,4589.286,4578.573,4124.683,59.372,115.838,153.158,-37.32,4578.573,4677.281,4479.865
2024-11-07,4572.22,4633.44,4462.76,4600.97,777200,4568.878,4579.315,4143.664,61.525,110.089,144.544,-34.455,4579.315,4678.484,4480.146
2024-11-08,4536.04,4589.84,4386.69,4445.13,702100,4528.99,4571.337,4159.821,49.628,91.898,134.015,-42.117,4571.337,4686.322,4456.352
2024-11-11,4510.07,4575.93,4456.27,4512.85,312500,4526.206,4565.446,4176.93,53.808,82.001,123.612,-41.611,4565.446,4679.704,4451.189
2024-11-12,4638.08,4683.53,4543.46,4595.41,475600,4543.646,4566.792,4194.85,58.346,79.899,114.87,-34.971,4566.792,4681.832,4451.751
2024-11-13,4550.88,4587.99,4501.72,4553.67,215300,4541.606,4566.606,4212.483,55.383,74.011,106.698,-32.687,4566.606,4681.722,4451.49
2024-11-14,4510.07,4556.45,4483.17,4530.48,189600,4527.508,4563.73,4229.506,53.75,66.705,98.699,-31.994,4563.73,4679.469,4447.992
2024-11-15,4530.48,4559.23,4445.14,4452.56,329100,4528.994,4559.974,4246.506,48.569,54.005,89.761,-35.756,4559.974,4685.131,4434.817
2024-11-18,4415.45,4460.9,4403.39,4431.22,234900,4512.668,4554.872,4262.311,47.226,41.737,80.156,-38.419,4554.872,4692.329,4417.415
2024-11-19,4408.03,4578.71,4367.22,4564.8,288500,4506.546,4554.826,4283.273,55.516,42.306,72.586,-30.28,4554.826,4692.268,4417.383
2024-11-20,4584.28,4591.7,4498.94,4533.26,158500,4502.464,4553.666,4302.746,53.384,39.753,66.019,-26.266,4553.666,4691.442,4415.89
2024-11-21,4563.87,4586.13,4466.47,4473.89,201000,4491.146,4550.28,4320.355,49.528,32.564,59.328,-26.764,4550.28,4692.558,4408.002
2024-11-22,4456.27,4509.14,4428.44,4506.36,158500,4501.906,4547.265,4338.485,51.587,29.151,53.293,-24.142,4547.265,4690.634,4403.897
2024-11-25,4524.91,4534.19,4407.1,4407.1,242800,4497.082,4540.262,4354.612,45.477,18.226,46.279,-28.053,4540.262,4696.736,4383.788
2024-11-26,4424.73,4517.49,4424.73,4485.95,222000,4481.312,4534.974,4374.838,50.494,15.749,40.173,-24.424,4534.974,4691.277,4378.672
2024-11-27,4472.96,4485.02,4407.1,4449.77,218700,4464.614,4524.492,4393.262,48.298,10.743,34.287,-23.544,4524.492,4673.611,4375.374
2024-11-28,4460.91,4514.71,4460.91,4494.3,178500,4468.696,4514.057,4412.613,51.115,10.251,29.48,-19.229,4514.057,4637.59,4390.524
2024-11-29,4503.58,4516.56,4472.04,4472.04,128500,4461.832,4505.43,4431.41,49.659,7.972,25.178,-17.206,4505.43,4613.749,4397.112
2024-12-02,4601.9,4637.15,4532.33,4536.04,368100,4487.62,4505.894,4450.938,53.741,11.202,22.383,-11.181,4505.894,4614.675,4397.113
2024-12-03,4600.97,4637.15,4559.23,4576.86,276100,4505.802,4509.326,4470.296,56.182,16.861,21.279,-4.418,4509.326,4622.652,4396.001
2024-12-04,4541.61,4581.5,4483.17,4540.68,244500,4523.984,4508.167,4488.546,53.488,18.216,20.666,-2.45,4508.167,4619.602,4396.732
2024-12-05,4572.22,4575.93,4522.13,4536.04,171900,4532.332,4504.92,4501.77,53.136,18.7,20.273,-1.573,4504.92,4608.476,4401.365
2024-12-06,4529.55,4549.03,4477.6,4515.63,148300,4541.05,4508.446,4512.758,51.53,17.238,19.666,-2.428,4508.446,4608.16,4408.731
2024-12-09,4540.68,4563.87,4509.14,4528.62,158000,4539.566,4509.234,4520.717,52.514,16.933,19.119,-2.187,4509.234,4609.344,4409.124
2024-12-10,4553.67,4562.01,4433.08,4456.27,210800,4515.448,4502.277,4526.895,46.815,10.729,17.441,-6.712,4502.277,4596.327,4408.227
2024-12-11,4445.14,4475.75,4431.22,4454.41,139000,4498.194,4497.314,4532.276,46.675,5.597,15.072,-9.475,4497.314,4590.416,4404.212
2024-12-12,4478.53,4523.98,4470.18,4474.82,208500,4485.95,4494.531,4534.762,48.498,3.142,12.686,-9.545,4494.531,4586.782,4402.28
2024-12-13,4424.73,4532.33,4421.02,4516.56,223800,4486.136,4497.731,4535.967,52.104,4.511,11.051,-6.54,4497.731,4588.276,4407.186
2024-12-16,4524.91,4545.32,4479.46,4482.24,199300,4476.86,4500.282,4537.563,49.062,2.795,9.4,-6.605,4500.282,4585.665,4414.899
2024-12-17,4475.75,4526.77,4466.47,4487.81,129900,4483.168,4496.432,4536.673,49.577,1.863,7.893,-6.029,4496.432,4576.334,4416.531
2024-12-18,4508.21,4526.76,4412.67,4445.13,212800,4481.312,4492.026,4532.647,45.762,-2.293,5.856,-8.148,4492.026,4573.088,4410.964
2024-12-19,4380.2,4443.28,4378.35,4423.8,181400,4471.108,4489.522,4529.4,43.943,-7.224,3.24,-10.464,4489.522,4575.866,4403.177
2024-12-20,4452.56,4504.5,4430.29,4496.15,212800,4467.026,4489.011,4527.229,51.052,-5.234,1.545,-6.779,4489.011,4575.057,4402.965
2024-12-23,4452.56,4496.15,4356.08,4383.91,356700,4447.36,4487.852,4522.294,42.126,-12.569,-1.278,-11.291,4487.852,4579.017,4396.686
2024-12-24,4360.72,4402.47,4357.94,4383.91,186200,4426.58,4482.75,4518.602,42.126,-18.173,-4.657,-13.516,4482.75,4585.099,4380.4
2024-12-25,4350.52,4357.94,4277.24,4336.6,239200,4404.874,4477.091,4514.187,38.809,-26.13,-8.951,-17.178,4477.091,4597.956,4356.226
2024-12-26,4357.94,4378.35,4346.81,4370.0,124300,4394.114,4470.876,4509.827,42.266,-29.402,-13.041,-16.36,4470.876,4600.482,4341.27
2024-12-27,4361.65,4398.75,4338.46,4398.75,178800,4374.634,4467.211,4507.248,45.138,-29.337,-16.3,-13.036,4467.211,4600.764,4333.659
2024-12-30,4393.19,4414.52,4364.43,4367.22,161700,4371.296,4458.771,4503.927,42.633,-31.467,-19.334,-12.133,4458.771,4595.312,4322.229
2025-01-06,4394.12,4403.39,4335.68,4336.6,178400,4361.834,4446.758,4499.345,40.294,-35.219,-22.511,-12.709,4446.758,4581.822,4311.693
2025-01-07,4345.88,4429.37,4341.24,4362.58,214800,4367.03,4437.852,4495.467,43.144,-35.686,-25.146,-10.54,4437.852,4570.303,4305.402
2025-01-08,4346.81,4385.77,4334.75,4370.93,145300,4367.216,4429.597,4492.054,44.068,-34.978,-27.112,-7.866,4429.597,4556.756,4302.438
2025-01-09,4370.93,4386.7,4333.82,4369.07,144300,4361.28,4422.269,4488.102,43.897,-34.174,-28.525,-5.649,4422.269,4545.38,4299.158
2025-01-10,4344.95,4360.72,4311.56,4318.98,214000,4351.632,4411.787,4483.538,39.453,-37.15,-30.25,-6.9,4411.787,4532.446,4291.128
2025-01-14,4294.86,4308.78,4228.07,4244.77,205600,4333.266,4401.212,4476.6,33.966,-44.978,-33.195,-11.783,4401.212,4541.011,4261.413
2025-01-15,4229.93,4241.06,4168.71,4188.19,203100,4298.388,4387.901,4467.175,30.486,-55.112,-37.579,-17.534,4387.901,4554.5,4221.302
2025-01-16,4188.19,4208.59,4153.86,4153.86,144200,4254.974,4371.853,4456.192,28.572,-65.163,-43.096,-22.067,4371.853,4563.196,4180.51
2025-01-17,4155.72,4228.07,4155.72,4184.48,130300,4218.056,4355.249,4446.99,32.633,-69.852,-48.447,-21.405,4355.249,4551.295,4159.203
2025-01-20,4184.48,4188.19,4134.38,4145.52,157000,4183.364,4338.413,4439.365,30.275,-75.837,-53.925,-21.912,4338.413,4546.032,4130.794
2025-01-21,4135.31,4181.69,4135.31,4178.91,156500,4170.192,4322.968,4432.779,34.635,-76.999,-58.54,-18.459,4322.968,4529.749,4116.187
2025-01-22,4169.63,4221.58,4169.63,4190.97,167900,4170.748,4310.26,4425.321,36.187,-76.07,-62.046,-14.024,4310.26,4516.669,4103.851
2025-01-23,4160.36,4193.75,4155.72,4186.33,138800,4177.242,4298.386,4417.029,35.835,-74.845,-64.606,-10.239,4298.386,4504.616,4092.157
2025-01-24,4230.86,4243.84,4190.04,4200.24,178800,4180.394,4283.591,4412.131,37.792,-71.923,-66.069,-5.854,4283.591,4471.748,4095.434
2025-01-27,4228.07,4232.71,4184.47,4229.93,133700,4197.276,4275.892,4406.472,41.867,-66.445,-66.144,-0.301,4275.892,4459.307,4092.477
2025-01-28,4216.01,4245.7,4202.1,4225.29,174200,4206.552,4267.961,4399.07,41.41,-61.767,-65.269,3.502,4267.961,4445.328,4090.594
2025-01-29,4276.31,4284.66,4221.58,4230.86,181600,4214.53,4262.674,4392.614,42.225,-56.953,-63.606,6.653,4262.674,4437.714,4087.634
2025-01-30,4225.29,4247.55,4220.65,4243.84,104900,4226.032,4256.366,4386.881,44.173,-51.497,-61.184,9.687,4256.366,4424.06,4088.672
2025-01-31,4249.41,4296.72,4234.57,4248.48,188500,4235.68,4248.852,4382.799,44.888,-46.265,-58.2,11.935,4248.852,4402.568,4095.137
2025-02-03,4216.01,4216.01,4099.13,4122.32,265300,4214.158,4236.608,4376.621,32.642,-51.703,-56.901,5.198,4236.608,4389.638,4083.577
2025-02-04,4222.51,4222.51,4124.18,4136.24,214200,4196.348,4226.59,4368.05,34.757,-54.264,-56.373,2.109,4226.59,4378.285,4074.894
2025-02-05,4133.46,4151.08,4100.06,4139.02,175800,4177.98,4215.412,4360.165,35.195,-55.43,-56.185,0.754,4215.412,4357.561,4073.262
2025-02-06,4164.07,4376.49,3808.79,3957.21,1034000,4120.654,4194.726,4349.832,23.903,-70.216,-58.991,-11.225,4194.726,4360.099,4029.352
2025-02-07,3957.21,4069.45,3940.51,4011.94,538600,4073.346,4176.869,4339.943,31.072,-76.634,-62.519,-14.114,4176.869,4340.088,4013.65
2025-02-10,4076.87,4145.52,4041.62,4084.29,310800,4065.74,4165.134,4333.487,39.224,-75.017,-65.019,-9.998,4165.134,4318.801,4011.468
2025-02-12,4100.99,4100.99,3991.53,4044.4,386000,4047.372,4155.116,4324.656,36.65,-76.078,-67.231,-8.847,4155.116,4312.991,3997.241
2025-02-13,4173.34,4173.34,4061.1,4106.56,280400,4040.88,4151.034,4317.792,42.934,-71.083,-68.001,-3.082,4151.034,4309.528,3992.541
2025-02-14,4171.49,4207.67,4144.59,4159.43,284000,4081.324,4151.313,4311.095,47.686,-62.142,-66.829,4.687,4151.313,4309.847,3992.779
2025-02-17,4167.78,4237.35,4159.43,4165.92,245500,4112.12,4150.385,4304.972,48.256,-53.912,-64.246,10.334,4150.385,4308.318,3992.452
2025-02-18,4167.78,4177.98,4046.26,4081.51,178900,4111.564,4147.184,4295.882,41.87,-53.582,-62.113,8.531,4147.184,4308.099,3986.27
2025-02-19,4063.89,4098.21,4051.83,4051.83,164100,4113.05,4140.83,4285.381,39.871,-55.081,-60.707,5.626,4140.83,4306.438,3975.223
2025-02-20,4090.79,4095.42,4012.87,4039.77,195700,4099.692,4133.271,4275.363,39.056,-56.59,-59.883,3.294,4133.271,4302.994,3963.547
2025-02-21,3988.75,4044.41,3960.92,4003.59,678200,4068.524,4124.134,4264.714,36.635,-60.013,-59.909,-0.104,4124.134,4301.34,3946.927
2025-02-25,3965.56,4022.14,3943.3,3961.85,332400,4027.71,4112.214,4253.638,34.015,-65.341,-60.996,-4.345,4112.214,4299.641,3924.787
2025-02-26,3953.5,3979.47,3918.25,3943.29,378000,4000.066,4097.882,4241.932,32.889,-70.251,-62.847,-7.404,4097.882,4291.155,3904.609
2025-02-27,3920.1,3964.63,3880.22,3930.31,499100,3975.762,4083.133,4231.412,32.088,-74.333,-65.144,-9.189,4083.133,4280.446,3885.82
2025-02-28,3928.45,4011.01,3915.47,3982.25,501400,3964.258,4070.702,4221.969,38.533,-72.541,-66.623,-5.917,4070.702,4259.991,3881.414
2025-03-03,3998.02,4032.35,3958.14,3987.82,1013400,3961.104,4057.902,4212.229,39.199,-69.865,-67.272,-2.594,4057.902,4231.9,3883.903
2025-03-04,3922.89,3986.89,3915.47,3960.92,1362600,3960.918,4043.524,4201.116,37.107,-69.119,-67.641,-1.478,4043.524,4197.598,3889.449
2025-03-05,3952.57,4029.56,3942.37,3986.89,590700,3969.638,4036.752,4191.209,40.414,-65.675,-67.248,1.573,4036.752,4188.126,3885.378
2025-03-06,3991.53,4000.81,3901.55,3908.97,488800,3965.37,4025.388,4179.633,34.545,-68.444,-67.487,-0.957,4025.388,4179.415,3871.362
2025-03-07,3888.57,3940.51,3868.16,3907.12,543500,3950.344,4013.794,4168.872,34.418,-69.981,-67.986,-1.995,4013.794,4166.713,3860.874
2025-03-10,3908.97,4034.2,3895.99,3947.93,2102900,3942.366,4013.33,4159.355,39.715,-67.132,-67.815,0.683,4013.33,4167.026,3859.633
2025-03-11,3929.38,3988.75,3859.81,3938.66,765800,3937.914,4009.666,4148.205,38.946,-64.875,-67.227,2.352,4009.666,4166.953,3852.378
2025-03-12,3938.66,4112.12,3935.87,4100.06,495000,3960.548,4010.454,4142.528,55.217,-49.491,-63.68,14.188,4010.454,4169.466,3851.442
2025-03-13,4049.04,4107.48,4049.04,4107.48,241700,4000.25,4013.608,4137.0,55.8,-36.283,-58.2,21.917,4013.608,4177.87,3849.346
2025-03-14,4089.86,4188.19,4058.32,4170.56,380500,4052.938,4016.808,4133.679,60.508,-20.489,-50.658,30.169,4016.808,4190.895,3842.721
2025-03-17,4137.17,4153.86,4092.64,4136.24,300400,4090.6,4015.649,4129.004,56.954,-10.619,-42.65,32.031,4015.649,4186.004,3845.293
2025-03-18,4166.85,4182.62,4143.66,4151.08,276400,4133.084,4014.906,4124.05,58.1,-1.582,-34.437,32.855,4014.906,4182.615,3847.198
2025-03-19,4127.89,4165.0,4072.23,4074.09,404800,4127.89,4014.536,4118.188,50.575,-0.625,-27.674,27.05,4014.536,4181.656,3847.415
2025-03-21,4072.23,4123.25,4057.39,4105.63,431000,4127.52,4017.226,4113.568,53.247,2.648,-21.61,24.258,4017.226,4188.552,3845.899
2025-03-24,4132.53,4132.53,4076.87,4100.06,233000,4113.42,4020.24,4108.318,52.705,4.738,-16.34,21.078,4020.24,4195.318,3845.162
2025-03-25,4067.6,4075.02,4021.21,4053.68,277100,4096.908,4022.744,4101.973,48.298,2.622,-12.548,15.169,4022.744,4198.252,3847.237
2025-03-26,4075.02,4141.8,4065.74,4119.54,366900,4090.6,4030.629,4096.982,54.159,6.187,-8.801,14.988,4030.629,4208.766,3852.492
2025-03-27,4100.06,4155.72,4077.8,4155.72,289500,4106.926,4041.251,4093.717,57.041,11.797,-4.681,16.478,4041.251,4222.761,3859.74
2025-03-28,4122.75,4142.53,4089.79,4129.35,207700,4111.67,4051.203,4091.409,54.359,13.953,-0.954,14.908,4051.203,4228.888,3873.517
2025-03-31,4118.98,4125.58,4063.41,4064.35,235500,4104.528,4055.308,4088.932,48.328,10.299,1.296,9.003,4055.308,4230.055,3880.56
2025-04-01,4102.03,4134.05,4082.25,4089.78,174600,4111.748,4060.406,4087.65,50.635,9.347,2.906,6.441,4060.406,4232.796,3888.015
2025-04-02,4060.59,4079.42,3961.68,3961.68,260300,4080.176,4060.444,4083.194,40.76,-1.724,1.98,-3.705,4060.444,4232.742,3888.145
2025-04-03,3927.78,3992.77,3900.46,3951.32,314700,4039.296,4058.665,4079.31,40.079,-11.205,-0.657,-10.548,4058.665,4234.851,3882.479
2025-04-04,3937.2,3979.58,3902.34,3956.98,332800,4004.822,4061.065,4074.872,40.663,-18.054,-4.136,-13.918,4061.065,4229.815,3892.316
2025-04-07,3825.11,3847.71,3710.19,3732.8,476000,3938.512,4052.35,4065.708,28.735,-41.097,-11.528,-29.569,4052.35,4266.483,3838.216
2025-04-08,3798.73,3852.42,3770.48,3821.34,320700,3884.824,4046.02,4058.408,36.64,-51.62,-19.547,-32.073,4046.02,4279.737,3812.303
2025-04-09,3767.65,3780.84,3706.43,3755.41,299300,3843.57,4036.857,4049.512,33.647,-64.535,-28.544,-35.991,4036.857,4300.72,3772.995
2025-04-10,3871.26,3895.75,3824.17,3895.75,320700,3832.456,4026.642,4042.828,44.112,-62.723,-35.38,-27.343,4026.642,4295.965,3757.319
2025-04-11,3842.06,3843.95,3751.64,3832.64,211800,3807.588,4012.9,4034.975,40.982,-65.623,-41.429,-24.195,4012.9,4292.699,3733.101
2025-04-14,3861.84,3959.8,3861.84,3947.56,242000,3850.54,4001.75,4029.309,48.191,-57.98,-44.739,-13.241,4001.75,4272.73,3730.77
2025-04-15,3975.81,4009.72,3969.22,3994.65,170200,3885.202,3994.67,4024.325,50.841,-47.575,-45.306,-2.269,3994.67,4258.151,3731.19
2025-04-16,4002.19,4059.64,3998.42,4055.88,153600,3945.296,3989.91,4020.473,54.127,-33.996,-43.044,9.048,3989.91,4244.792,3735.029
2025-04-17,4042.69,4046.46,4002.19,4032.33,142300,3972.612,3987.822,4018.674,52.669,-24.848,-39.405,14.557,3987.822,4240.475,3735.17
2025-04-18,4090.73,4153.84,4064.35,4144.42,224400,4034.968,3989.762,4018.837,58.411,-8.457,-33.215,24.759,3989.762,4246.78,3732.744
2025-04-21,4144.42,4191.51,4115.22,4134.06,138500,4072.268,3991.462,4018.738,57.714,3.656,-25.841,29.497,3991.462,4251.978,3730.946
2025-04-22,4128.4,4157.6,4117.1,4141.59,144000,4101.656,3995.858,4022.426,58.105,13.705,-17.932,31.637,3995.858,4263.658,3728.057
2025-04-23,4141.59,4175.5,4132.17,4148.18,247700,4120.116,3997.29,4025.15,58.468,21.947,-9.956,31.903,3997.29,4268.164,3726.415
2025-04-24,4148.18,4156.66,4027.62,4040.81,225200,4121.812,3991.544,4024.281,50.766,19.59,-4.047,23.637,3991.544,4252.979,3730.109
2025-04-25,4041.75,4076.6,4007.84,4018.2,305900,4096.568,3985.987,4023.757,49.294,15.716,-0.094,15.81,3985.987,4239.699,3732.274
2025-04-28,4043.63,4114.27,4043.63,4065.3,202000,4082.816,3986.034,4022.932,52.392,16.259,3.176,13.083,3986.034,4239.808,3732.26
2025-04-30,4067.18,4080.37,4030.44,4038.92,204000,4062.282,3983.491,4020.521,50.53,14.395,5.42,8.975,3983.491,4233.885,3733.097
2025-05-01,4048.34,4097.32,4021.03,4072.83,331100,4047.212,3989.048,4018.66,52.85,15.475,7.431,8.044,3989.048,4242.321,3735.776
2025-05-02,4058.7,4102.03,4034.21,4051.17,202800,4049.284,3994.041,4018.053,51.198,14.418,8.828,5.589,3994.041,4248.118,3739.964
2025-05-07,4021.97,4075.66,4016.32,4075.66,325300,4060.776,3999.975,4018.529,52.987,15.378,10.138,5.24,3999.975,4255.944,3744.006
2025-05-08,4068.12,4079.42,4012.55,4079.42,201300,4063.6,4017.306,4019.322,53.27,16.256,11.362,4.894,4017.306,4242.153,3792.459
2025-05-09,4090.73,4135.94,4074.71,4094.5,155000,4074.716,4030.964,4021.141,54.455,17.961,12.682,5.279,4030.964,4238.185,3823.743
2025-05-12,4075.66,4094.49,3435.16,3473.77,2631800,3954.904,4016.882,4011.379,25.637,-30.425,4.06,-34.485,4016.882,4319.341,3714.423
2025-05-13,3487.9,3507.68,3354.15,3374.87,3447500,3819.644,3990.838,4000.011,23.503,-75.877,-11.927,-63.95,3990.838,4405.942,3575.734
2025-05-14,3377.7,3418.2,3328.72,3328.72,1706000,3670.256,3965.642,3987.979,22.559,-114.304,-32.402,-81.901,3965.642,4472.262,3459.022
2025-05-15,3334.37,3418.2,3320.24,3386.18,1063900,3531.608,3937.573,3976.057,26.515,-138.524,-53.627,-84.898,3937.573,4506.754,3368.392
2025-05-16,3401.25,3421.97,3352.27,3405.96,720000,3393.9,3908.138,3964.42,27.881,-154.344,-73.77,-80.574,3908.138,4523.875,3292.402
2025-05-19,3407.84,3417.26,3373.93,3399.36,640900,3379.018,3875.312,3953.189,27.696,-165.506,-92.117,-73.388,3875.312,4526.845,3223.78
2025-05-20,3435.16,3448.34,3343.79,3343.79,825100,3372.802,3840.886,3940.327,26.124,-176.798,-109.053,-67.744,3840.886,4529.21,3152.561
2025-05-21,3340.02,3352.27,3322.13,3324.95,910400,3372.048,3799.912,3928.647,25.594,-185.133,-124.269,-60.863,3799.912,4509.395,3090.429
2025-05-22,3276.91,3320.24,3259.02,3312.71,925400,3357.354,3758.844,3916.758,25.236,-190.53,-137.521,-53.008,3758.844,4481.845,3035.844
2025-05-23,3311.77,3323.07,3292.93,3292.93,617300,3334.748,3716.411,3903.658,24.635,-194.165,-148.85,-45.315,3716.411,4444.428,2988.395
2025-05-26,3264.67,3283.51,3233.59,3233.59,799100,3301.594,3670.682,3889.557,22.877,-199.533,-158.987,-40.547,3670.682,4399.402,2941.962
2025-05-27,3214.75,3241.12,3205.33,3220.4,680000,3276.916,3629.662,3871.964,22.493,-202.518,-167.693,-34.825,3629.662,4363.005,2896.318
2025-05-28,3230.76,3249.6,3216.63,3218.52,639400,3255.63,3589.677,3854.185,22.435,-202.699,-174.694,-28.005,3589.677,4321.023,2858.332
2025-05-29,3211.92,3240.18,3192.14,3233.59,640400,3239.806,3548.092,3835.445,24.12,-199.328,-179.621,-19.707,3548.092,4259.888,2836.296
2025-05-30,3202.5,3233.59,3194.03,3214.75,957800,3224.17,3506.884,3817.015,23.434,-195.919,-182.88,-13.038,3506.884,4194.036,2819.731
2025-06-02,3205.33,3210.98,3155.41,3160.12,952500,3209.476,3461.248,3797.196,21.525,-195.373,-185.379,-9.994,3461.248,4110.32,2812.176
2025-06-03,3155.41,3164.83,3117.73,3145.99,903000,3194.594,3415.989,3778.634,21.047,-193.845,-187.072,-6.773,3415.989,4016.262,2815.716
2025-06-04,3145.99,3162.94,3127.15,3142.22,600500,3179.334,3369.317,3759.366,20.914,-190.741,-187.806,-2.935,3369.317,3894.028,2844.606
2025-06-05,3137.51,3183.67,3135.63,3144.1,499700,3161.436,3322.551,3740.247,21.182,-185.985,-187.442,1.457,3322.551,3735.63,2909.472
2025-06-06,3146.93,3163.89,3126.21,3138.45,403900,3146.176,3274.748,3721.942,20.952,-180.589,-186.071,5.482,3274.748,3481.375,3068.122
2025-06-09,3163.88,3178.01,3149.76,3165.77,388700,3147.306,3259.348,3702.867,25.182,-172.125,-183.282,11.157,3259.348,3448.709,3069.988
2025-06-10,3190.26,3231.7,3181.78,3207.21,696500,3159.55,3250.966,3683.897,31.197,-160.226,-178.671,18.445,3250.966,3433.515,3068.416
2025-06-11,3219.46,3233.59,3208.15,3226.99,439300,3176.504,3245.879,3665.849,33.927,-147.5,-172.437,24.937,3245.879,3424.942,3066.816
2025-06-12,3230.76,3240.18,3196.85,3219.46,481600,3191.576,3237.543,3648.952,33.384,-136.449,-165.239,28.79,3237.543,3404.198,3070.888
2025-06-13,3229.82,3232.64,3174.25,3177.07,433100,3199.3,3226.098,3630.697,30.43,-129.617,-158.115,28.497,3226.098,3374.492,3077.705
2025-06-16,3183.67,3206.27,3158.23,3179.9,402200,3202.126,3215.125,3615.062,30.87,-122.562,-151.004,28.442,3215.125,3340.198,3090.053
2025-06-17,3151.64,3161.06,3128.09,3151.64,544000,3191.012,3205.518,3599.068,28.905,-117.892,-144.382,26.49,3205.518,3317.847,3093.189
2025-06-18,3137.51,3151.64,3134.69,3145.99,614200,3174.812,3196.57,3582.848,28.515,-113.341,-138.174,24.833,3196.57,3296.689,3096.451
2025-06-19,3169.54,3197.79,3135.63,3150.7,784900,3161.06,3188.47,3571.206,29.372,-108.107,-132.16,24.053,3188.47,3274.206,3102.733
2025-06-20,3166.71,3191.2,3149.76,3154.47,855300,3156.54,3181.546,3557.869,30.094,-102.474,-126.223,23.749,3181.546,3252.927,3110.166
2025-06-23,3146.93,3164.83,3113.96,3156.35,495800,3151.83,3177.684,3545.888,30.476,-96.743,-120.327,23.584,3177.684,3245.476,3109.893
2025-06-24,3178.01,3184.61,3155.41,3172.36,315400,3155.974,3175.283,3531.42,33.794,-89.873,-114.236,24.363,3175.283,3240.038,3110.527
2025-06-25,3172.36,3182.72,3145.99,3154.47,354100,3157.67,3172.08,3517.857,31.959,-84.894,-108.368,23.474,3172.08,3234.11,3110.05
2025-06-26,3152.58,3195.91,3146.93,3190.26,457400,3165.582,3169.914,3502.711,39.085,-77.17,-102.128,24.958,3169.914,3225.6,3114.227
2025-06-27,3230.76,3244.89,3214.75,3243.01,639500,3183.29,3171.326,3487.678,47.768,-66.031,-94.909,28.878,3171.326,3232.924,3109.729
2025-06-30,3271.26,3306.11,3250.54,3274.09,1069800,3206.838,3177.025,3472.042,52.101,-54.073,-86.742,32.669,3177.025,3253.539,3100.511
2025-07-01,3281.62,3283.51,3244.89,3263.73,703000,3225.112,3182.912,3456.67,50.594,-44.913,-78.376,33.463,3182.912,3267.104,3098.72
2025-07-02,3257.13,3291.04,3247.72,3281.62,422400,3250.542,3189.882,3439.414,53.115,-35.798,-69.86,34.062,3189.882,3282.545,3097.219
2025-07-03,3291.04,3321.18,3278.8,3320.24,553200,3276.538,3198.689,3423.138,58.087,-25.168,-60.922,35.754,3198.689,3305.441,3091.937
2025-07-04,3320.24,3333.43,3295.75,3299.52,350900,3287.84,3206.742,3406.296,54.734,-18.206,-52.379,34.173,3206.742,3318.543,3094.942
2025-07-07,3324.95,3325.89,3301.4,3308.94,355300,3294.81,3213.901,3389.511,55.978,-11.792,-44.261,32.469,3213.901,3332.767,3095.035
2025-07-08,3296.69,3315.53,3277.86,3312.71,482900,3304.606,3219.176,3374.949,56.493,-6.332,-36.676,30.344,3219.176,3345.896,3092.456
2025-07-09,3320.24,3369.22,3316.47,3369.22,614900,3322.126,3226.288,3361.97,63.41,2.526,-28.835,31.361,3226.288,3369.716,3082.859
2025-07-10,3371.11,3372.05,3323.07,3340.02,497100,3326.082,3232.315,3347.464,58.256,7.108,-21.647,28.754,3232.315,3384.408,3080.223
2025-07-11,3358.86,3381.47,3331.55,3345.67,467400,3335.312,3240.746,3333.599,58.951,11.067,-15.104,26.171,3240.746,3398.528,3082.963
2025-07-14,3350.38,3379.58,3348.5,3377.7,449300,3349.064,3250.636,3319.697,62.74,16.599,-8.763,25.362,3250.636,3416.927,3084.344
2025-07-15,3377.7,3400.3,3364.51,3372.99,392500,3361.12,3261.703,3306.133,61.836,20.367,-2.937,23.304,3261.703,3429.708,3093.698
2025-07-16,3368.28,3395.6,3358.86,3394.65,354300,3366.206,3274.136,3292.513,64.377,24.816,2.613,22.202,3274.136,3442.887,3105.385
2025-07-17,3396.54,3422.91,3390.89,3417.26,411200,3381.654,3287.464,3279.27,66.858,29.822,8.055,21.767,3287.464,3457.27,3117.658
2025-07-18,3422.91,3433.27,3410.67,3421.97,312600,3396.914,3300.839,3265.819,67.368,33.78,13.2,20.58,3300.839,3468.666,3133.012
2025-07-22,3405.01,3419.14,3383.35,3397.48,360400,3400.87,3312.896,3264.293,62.025,34.542,17.468,17.074,3312.896,3471.404,3154.387
2025-07-23,3413.49,3446.46,3400.3,3437.98,579700,3413.868,3326.176,3265.555,66.725,37.977,21.57,16.407,3326.176,3479.533,3172.82
2025-07-24,3448.34,3456.82,3434.21,3453.05,362400,3425.548,3341.106,3268.042,68.297,41.437,25.543,15.893,3341.106,3481.681,3200.53
2025-07-25,3475.66,3480.37,3447.4,3447.4,342100,3431.576,3353.962,3269.266,67.019,43.225,29.08,14.145,3353.962,3483.012,3224.913
2025-07-28,3456.82,3470.01,3396.54,3446.46,634100,3436.474,3364.135,3270.076,66.795,44.058,32.075,11.983,3364.135,3488.343,3239.927
2025-07-29,3441.75,3454.94,3421.03,3435.16,383800,3444.01,3372.188,3270.792,64.024,43.308,34.322,8.986,3372.188,3492.644,3251.733
2025-07-30,3451.17,3479.43,3444.58,3466.24,421500,3449.662,3382.314,3273.241,67.96,44.705,36.398,8.307,3382.314,3498.347,3266.281
2025-07-31,3485.08,3519.93,3480.37,3519.93,1047300,3463.038,3394.23,3277.141,73.38,49.574,39.034,10.54,3394.23,3515.548,3272.911
2025-08-01,3494.5,3513.33,3481.31,3497.32,407700,3473.022,3403.083,3280.833,68.152,51.02,41.431,9.589,3403.083,3527.474,3278.693
2025-08-04,3469.06,3495.44,3457.76,3488.84,375700,3481.498,3412.549,3284.751,66.246,50.894,43.323,7.571,3412.549,3532.491,3292.608
2025-08-05,3505.8,3520.87,3265.61,3265.61,1572400,3447.588,3410.383,3285.392,36.948,32.409,41.141,-8.732,3410.383,3539.425,3281.341
2025-08-06,3260.9,3361.69,3219.46,3348.5,1113700,3424.04,3412.172,3287.954,46.423,24.169,37.746,-13.577,3412.172,3536.415,3287.93
2025-08-07,3371.11,3437.98,3353.21,3396.54,625800,3399.362,3413.538,3291.514,51.017,21.27,34.451,-13.181,3413.538,3536.385,3290.692
2025-08-08,3396.54,3451.17,3369.22,3449.28,583400,3389.754,3419.002,3295.828,55.526,22.963,32.153,-9.19,3419.002,3537.731,3300.272
2025-08-12,3442.69,3450.23,3374.87,3383.35,1002100,3368.656,3420.886,3299.2,49.404,18.769,29.477,-10.707,3420.886,3535.852,3305.919
2025-08-13,3384.29,3392.77,3359.8,3383.35,473400,3392.204,3421.168,3303.665,49.404,15.269,26.635,-11.366,3421.168,3535.714,3306.622
2025-08-14,3390.89,3424.79,3350.38,3361.69,294500,3394.842,3420.603,3307.979,47.412,10.625,23.433,-12.808,3420.603,3536.256,3304.95
2025-08-15,3361.69,3362.63,3320.24,3341.91,348100,3383.916,3417.966,3311.972,45.604,5.288,19.804,-14.516,3417.966,3538.416,3297.516
2025-08-18,3348.5,3369.22,3330.6,3339.08,241800,3361.876,3414.057,3315.872,45.338,0.82,16.007,-15.187,3414.057,3539.572,3288.542
2025-08-19,3354.15,3395.6,3346.62,3389.0,264900,3363.006,3412.408,3320.883,50.798,1.292,13.064,-11.772,3412.408,3538.351,3286.466
2025-08-20,3408.78,3425.74,3394.65,3401.25,252700,3366.586,3412.597,3325.593,52.063,2.625,10.976,-8.351,3412.597,3538.457,3286.737
2025-08-21,3417.26,3427.62,3403.13,3403.13,372500,3374.874,3410.854,3329.511,52.266,3.789,9.539,-5.75,3410.854,3536.198,3285.511
2025-08-22,3427.62,3440.81,3415.38,3437.04,353000,3393.9,3410.054,3333.712,55.893,7.363,9.104,-1.741,3410.054,3534.464,3285.644
2025-08-25,3437.04,3451.17,3432.33,3440.81,329400,3414.246,3409.724,3338.139,56.29,10.38,9.359,1.021,3409.724,3533.753,3285.696
2025-08-26,3439.87,3454.94,3420.09,3424.79,314000,3421.404,3408.641,3343.093,54.06,11.347,9.757,1.591,3408.641,3531.693,3285.589
2025-08-27,3405.01,3416.32,3372.05,3402.19,291100,3421.592,3406.993,3347.539,50.991,10.173,9.84,0.333,3406.993,3529.43,3284.555
2025-08-28,3405.01,3408.78,3378.64,3378.64,343200,3416.694,3402.612,3352.079,47.937,7.259,9.324,-2.065,3402.612,3522.364,3282.861
2025-08-29,3360.74,3362.63,3335.31,3335.31,363700,3396.348,3393.382,3355.866,42.852,1.436,7.746,-6.31,3393.382,3503.098,3283.665
2025-09-01,3379.58,3479.43,3368.28,3445.52,924200,3397.29,3390.792,3361.762,55.719,5.65,7.327,-1.677,3390.792,3492.317,3289.266
2025-09-02,3470.95,3547.24,3456.82,3526.52,777900,3417.636,3392.676,3369.203,62.417,15.348,8.931,6.417,3392.676,3502.888,3282.463
2025-09-03,3527.46,3560.43,3506.74,3522.75,536900,3441.748,3405.532,3376.531,61.947,22.47,11.639,10.832,3405.532,3513.3,3297.765
2025-09-04,3535.0,3552.89,3503.92,3535.0,324800,3473.02,3414.857,3383.784,62.923,28.772,15.066,13.706,3414.857,3533.566,3296.149
2025-09-05,3528.41,3552.89,3514.28,3543.48,322400,3514.654,3422.204,3391.564,63.619,34.058,18.864,15.194,3422.204,3553.645,3290.764
2025-09-08,3573.62,3618.83,3565.14,3590.57,451600,3543.664,3429.269,3399.57,67.29,41.567,23.405,18.163,3429.269,3580.53,3278.008
2025-09-09,3599.99,3614.12,3571.73,3585.86,379400,3555.532,3439.394,3406.427,66.566,46.601,28.044,18.557,3439.394,3604.218,3274.571
2025-09-10,3569.85,3581.15,3549.13,3556.66,440100,3562.314,3448.06,3412.079,62.108,47.685,31.972,15.713,3448.06,3618.601,3277.519
2025-09-11,3560.43,3565.14,3532.17,3546.3,273700,3564.574,3457.29,3417.73,60.558,47.164,35.011,12.154,3457.29,3628.132,3286.449
2025-09-12,3543.48,3569.85,3514.28,3526.52,359100,3561.182,3466.521,3422.628,57.603,44.641,36.937,7.704,3466.521,3630.942,3302.1
2025-09-16,3524.64,3559.49,3518.04,3544.42,238100,3551.952,3476.788,3427.112,59.528,43.583,38.266,5.317,3476.788,3633.149,3320.427
2025-09-17,3538.77,3544.42,3496.38,3496.38,308800,3534.056,3482.157,3431.049,52.623,38.425,38.298,0.128,3482.157,3633.107,3331.207
2025-09-18,3545.36,3583.04,3537.82,3569.85,368100,3536.694,3490.587,3436.267,60.222,39.807,38.6,1.208,3490.587,3641.343,3339.831
2025-09-19,3560.43,3590.57,3514.28,3514.28,484600,3530.29,3496.144,3440.298,53.263,36.004,38.081,-2.077,3496.144,3641.421,3350.868
2025-09-22,3508.63,3542.53,3494.5,3518.99,300100,3528.784,3500.242,3443.294,53.751,32.989,37.062,-4.073,3500.242,3643.102,3357.382
2025-09-24,3519.93,3527.46,3501.09,3510.51,405900,3522.002,3503.727,3446.704,52.685,29.574,35.565,-5.99,3503.727,3643.857,3363.597
2025-09-25,3504.86,3505.8,3430.45,3462.47,848700,3515.22,3505.611,3449.04,46.997,22.73,32.998,-10.268,3505.611,3642.242,3368.98
2025-09-26,3447.4,3486.96,3432.33,3486.96,492000,3498.642,3509.85,3451.225,49.963,19.062,30.211,-11.148,3509.85,3637.966,3381.733
2025-09-29,3531.1,3531.1,3480.24,3480.24,325300,3491.834,3514.929,3453.37,49.15,15.435,27.256,-11.82,3514.929,3628.356,3401.503
2025-09-30,3477.37,3488.88,3443.78,3474.49,355000,3482.934,3521.888,3454.967,48.424,11.959,24.196,-12.237,3521.888,3600.715,3443.062
2025-10-01,3476.41,3478.33,3400.6,3400.6,444700,3460.952,3519.643,3454.633,40.208,3.205,19.998,-16.793,3519.643,3609.429,3429.856
2025-10-02,3433.23,3436.11,3361.26,3399.64,494300,3448.386,3513.298,3454.187,40.113,-3.767,15.245,-19.012,3513.298,3617.768,3408.829
2025-10-03,3398.68,3429.39,3394.85,3407.32,432200,3432.458,3507.527,3454.384,41.31,-8.574,10.481,-19.055,3507.527,3622.067,3392.987
2025-10-06,3438.02,3449.54,3417.87,3447.62,443100,3425.934,3503.158,3454.576,47.269,-9.027,6.58,-15.607,3503.158,3619.93,3386.386
2025-10-07,3434.19,3466.81,3426.51,3451.46,319900,3421.328,3498.557,3454.545,47.813,-8.973,3.469,-12.442,3498.557,3615.889,3381.225
2025-10-08,3448.58,3487.92,3441.86,3463.93,371900,3433.994,3492.225,3454.875,49.629,-7.834,1.209,-9.042,3492.225,3602.08,3382.37
2025-10-09,3425.55,3452.42,3419.79,3445.7,323800,3443.206,3485.217,3454.86,47.051,-8.306,-0.694,-7.612,3485.217,3587.546,3382.888
2025-10-10,3413.08,3429.39,3376.61,3376.61,385500,3437.064,3476.215,3453.689,38.82,-14.093,-3.374,-10.719,3476.215,3583.633,3368.796
2025-10-14,3316.16,3365.1,3304.65,3326.72,739700,3412.884,3465.236,3450.899,34.171,-22.446,-7.188,-15.258,3465.236,3586.487,3343.984
2025-10-15,3351.67,3376.61,3346.87,3354.54,296900,3393.5,3456.636,3447.591,38.588,-26.515,-11.054,-15.462,3456.636,3583.836,3329.437
2025-10-16,3377.57,3402.52,3374.7,3396.76,308200,3380.066,3449.254,3445.58,44.656,-26.033,-14.05,-11.984,3449.254,3572.065,3326.442
2025-10-17,3381.41,3413.08,3378.53,3395.8,224200,3370.086,3444.225,3443.719,44.548,-25.436,-16.327,-9.109,3444.225,3567.148,3321.301
2025-10-20,3440.9,3469.69,3421.71,3453.38,418200,3385.44,3438.401,3447.474,52.027,-20.084,-17.078,-3.006,3438.401,3546.394,3330.408
2025-10-21,3468.73,3510.95,3468.73,3486.96,448100,3417.488,3437.035,3450.243,55.774,-12.984,-16.26,3.275,3437.035,3541.624,3332.446
2025-10-22,3486.96,3517.67,3485.04,3491.76,453400,3444.932,3435.674,3452.148,56.299,-6.89,-14.386,7.495,3435.674,3536.408,3334.939
2025-10-23,3492.72,3525.34,3483.12,3500.39,316500,3465.658,3435.167,3453.17,57.282,-1.349,-11.778,10.429,3435.167,3534.41,3335.925
2025-10-24,3500.39,3514.79,3470.65,3475.45,261300,3481.588,3435.816,3455.012,53.536,1.018,-9.219,10.237,3435.816,3535.977,3335.656
2025-10-27,3502.31,3531.1,3495.6,3526.3,293500,3496.172,3437.784,3457.871,59.37,6.918,-5.992,12.909,3437.784,3543.56,3332.007
2025-10-28,3507.11,3512.87,3438.02,3438.02,396000,3486.384,3435.672,3459.398,48.082,4.419,-3.91,8.328,3435.672,3539.55,3331.795
2025-10-29,3427.47,3446.66,3358.38,3358.38,340500,3459.708,3429.867,3459.727,40.586,-3.942,-3.916,-0.026,3429.867,3537.52,3322.214
2025-10-30,3377.57,3398.68,3367.02,3396.76,324900,3438.982,3429.675,3460.881,45.033,-7.387,-4.61,-2.776,3429.675,3537.561,3321.789
2025-10-31,3437.06,3438.98,3401.56,3430.35,309800,3429.962,3431.21,3461.708,48.656,-7.322,-5.153,-2.169,3431.21,3538.167,3324.254
2025-11-04,3422.67,3467.77,3414.04,3434.19,299200,3411.54,3432.554,3462.366,49.069,-6.881,-5.498,-1.383,3432.554,3538.92,3326.188
2025-11-05,3454.34,3467.77,3382.37,3409.24,245600,3405.784,3430.635,3462.489,46.453,-8.447,-6.088,-2.359,3430.635,3537.241,3324.029
2025-11-06,3409.24,3428.43,3398.68,3399.64,180800,3414.036,3428.044,3461.741,45.449,-10.344,-6.939,-3.405,3428.044,3535.037,3321.051
2025-11-07,3399.64,3429.39,3399.64,3405.4,217500,3415.764,3425.118,3461.032,46.2,-11.253,-7.802,-3.451,3425.118,3531.175,3319.06
2025-11-10,3466.81,3804.57,3412.12,3785.38,2257000,3486.77,3442.101,3468.244,72.809,18.475,-2.546,21.022,3442.101,3635.152,3249.051
2025-11-11,3862.14,3869.82,3755.63,3783.46,1987900,3556.624,3462.444,3475.87,72.613,41.403,6.243,35.159,3462.444,3705.662,3219.226
2025-11-12,3803.61,3813.2,3697.1,3746.04,663800,3623.984,3483.41,3483.218,68.741,55.909,16.176,39.732,3483.41,3748.661,3218.159
2025-11-13,3754.67,3766.19,3735.48,3757.55,355400,3695.566,3503.561,3491.662,69.283,67.555,26.452,41.103,3503.561,3788.119,3219.002
2025-11-14,3760.43,3790.17,3738.36,3749.87,295600,3764.46,3521.216,3497.749,68.43,75.297,36.221,39.076,3521.216,3821.269,3221.163
2025-11-17,3699.02,3713.41,3577.16,3660.64,659000,3739.512,3534.458,3500.432,59.29,73.387,43.654,29.733,3534.458,3834.583,3234.333
2025-11-18,3670.23,3709.57,3660.64,3669.27,354000,3716.674,3545.252,3503.362,59.849,71.742,49.272,22.47,3545.252,3848.611,3241.894
2025-11-19,3660.64,3676.95,3590.59,3603.06,319700,3688.078,3551.058,3504.723,53.755,64.354,52.288,12.066,3551.058,3854.162,3247.953
2025-11-20,3615.54,3670.23,3610.74,3631.85,294200,3662.938,3558.062,3506.491,55.859,60.13,53.857,6.273,3558.062,3861.871,3254.253
2025-11-21,3644.33,3708.61,3644.33,3696.14,262400,3652.192,3567.85,3508.602,60.214,61.263,55.338,5.925,3567.85,3876.411,3259.288
2025-11-25,3696.14,3723.97,3675.03,3714.37,251700,3662.938,3579.796,3511.172,61.377,62.907,56.852,6.055,3579.796,3891.776,3267.815
2025-11-26,3741.24,3760.43,3705.74,3739.32,247300,3676.948,3590.446,3514.826,62.973,65.468,58.575,6.893,3590.446,3909.208,3271.685
2025-11-27,3723.01,3756.59,3706.7,3753.71,232400,3707.078,3606.231,3518.974,63.9,67.877,60.435,7.441,3606.231,3924.476,3287.986
2025-11-28,3761.39,3783.46,3748.91,3750.83,252200,3730.874,3625.854,3523.46,63.557,68.761,62.1,6.66,3625.854,3927.728,3323.979
2025-12-01,3745.08,3749.87,3691.34,3704.78,247600,3732.602,3641.254,3526.667,58.182,64.996,62.679,2.316,3641.254,3924.789,3357.72
2025-12-02,3656.8,3707.65,3655.84,3703.82,217600,3730.492,3654.928,3530.816,58.072,61.229,62.389,-1.16,3654.928,3921.507,3388.349
2025-12-03,3647.2,3675.99,3618.42,3650.08,338100,3712.644,3665.722,3532.421,52.119,53.293,60.57,-7.277,3665.722,3911.325,3420.12
2025-12-04,3603.06,3709.57,3603.06,3694.22,299500,3700.746,3679.971,3536.019,56.1,49.989,58.454,-8.465,3679.971,3893.952,3465.991
2025-12-05,3681.75,3722.05,3665.43,3667.35,174200,3684.05,3693.357,3538.987,53.2,44.688,55.701,-11.013,3693.357,3862.242,3524.472
2025-12-08,3705.74,3706.69,3655.84,3675.99,186700,3678.292,3706.887,3542.296,54.023,40.714,52.703,-11.989,3706.887,3808.662,3605.111
2025-12-09,3642.41,3675.03,3608.82,3675.03,311300,3672.534,3701.369,3546.547,53.909,37.06,49.575,-12.515,3701.369,3797.007,3605.731
2025-12-10,3655.84,3735.48,3655.84,3720.13,251700,3686.544,3698.203,3551.211,58.335,37.373,47.134,-9.761,3698.203,3786.293,3610.112
2025-12-11,3718.21,3718.21,3627.05,3628.97,245200,3673.494,3692.349,3554.185,48.25,29.92,43.692,-13.772,3692.349,3782.587,3602.111
2025-12-12,3624.17,3652.0,3617.46,3638.57,296500,3667.738,3686.4,3557.467,49.245,24.506,39.854,-15.349,3686.4,3774.194,3598.606
2025-12-15,3680.79,3700.94,3651.04,3692.3,306500,3671.0,3683.522,3563.301,54.517,24.271,36.738,-12.467,3683.522,3766.178,3600.865
2025-12-16,3714.37,3815.12,3709.57,3813.2,619800,3698.634,3691.15,3571.572,63.663,33.454,36.081,-2.627,3691.15,3791.236,3591.063
2025-12-17,3805.53,3872.7,3789.22,3850.63,596400,3724.734,3700.217,3580.438,65.946,43.254,37.516,5.738,3700.217,3822.384,3578.051
2025-12-18,3859.26,3911.08,3817.04,3908.2,575000,3780.58,3715.475,3589.65,69.156,55.031,41.019,14.013,3715.475,3860.609,3570.34
2025-12-19,3893.8,3913.96,3864.06,3882.29,343100,3829.324,3727.996,3598.267,66.135,61.565,45.128,16.437,3727.996,3885.445,3570.548
2025-12-22,3913.96,3915.87,3846.79,3888.05,247400,3868.474,3737.592,3606.749,66.485,66.441,49.391,17.051,3737.592,3909.586,3565.598
2025-12-23,3908.2,3980.16,3886.13,3974.41,340800,3900.716,3750.594,3617.323,71.285,76.394,54.791,21.603,3750.594,3951.997,3549.191
2025-12-24,3962.89,3974.41,3921.63,3954.26,278100,3921.442,3761.341,3628.876,68.809,81.714,60.176,21.538,3761.341,3982.209,3540.473
2025-12-25,3977.28,3998.39,3943.7,3998.39,215800,3939.48,3773.575,3642.31,71.171,88.471,65.835,22.636,3773.575,4018.463,3528.687
2025-12-26,4010.87,4034.86,3962.89,3962.89,202700,3955.6,3784.178,3654.477,66.789,89.924,70.653,19.272,3784.178,4042.893,3525.463
2025-12-29,3953.3,3957.13,3924.51,3939.86,258000,3965.962,3795.932,3665.339,64.035,88.201,74.162,14.039,3795.932,4060.747,3531.117
2025-12-30,3939.86,3944.66,3906.28,3912.04,219500,3953.488,3806.343,3675.663,60.775,83.627,76.055,7.572,3806.343,4072.28,3540.406
2026-01-05,3924.51,3983.04,3903.4,3958.09,251300,3954.254,3821.744,3685.758,64.039,82.764,77.397,5.367,3821.744,4085.241,3558.246
2026-01-06,3917.79,3982.08,3889.01,3935.07,290200,3941.59,3833.786,3694.72,61.293,79.308,77.779,1.529,3833.786,4094.747,3572.825
2026-01-07,3943.7,4046.37,3938.9,4041.57,551600,3957.326,3852.497,3705.716,68.106,84.192,79.062,5.13,3852.497,4116.853,3588.141
2026-01-08,4079.96,4087.63,4005.11,4064.6,424200,3982.274,3871.928,3717.0,69.362,88.897,81.029,7.868,3871.928,4138.773,3605.082
2026-01-09,4064.6,4068.44,3986.88,4017.59,266200,4003.384,3889.056,3727.843,63.836,87.819,82.387,5.432,3889.056,4146.497,3631.614
2026-01-13,4030.06,4047.33,3987.84,4026.22,171300,4017.01,3904.36,3737.841,64.397,86.663,83.242,3.421,3904.36,4155.842,3652.878
2026-01-14,4001.27,4057.89,3997.44,4010.87,258100,4032.17,3923.455,3749.298,62.54,83.545,83.303,0.242,3923.455,4142.841,3704.069
2026-01-15,4010.87,4022.38,3963.85,4010.87,231800,4026.03,3942.07,3762.348,62.54,80.15,82.672,-2.522,3942.07,4118.687,3765.453
2026-01-16,3968.65,4001.27,3943.7,3988.8,203000,4010.87,3956.895,3774.189,59.67,74.816,81.101,-6.285,3956.895,4089.539,3824.251
2026-01-19,3961.93,3974.41,3917.79,3917.79,227600,3990.91,3962.124,3783.938,51.484,64.119,77.704,-13.585,3962.124,4078.117,3846.132
2026-01-20,3940.82,3965.77,3905.32,3961.93,195600,3978.052,3967.69,3794.493,55.565,58.53,73.869,-15.34,3967.69,4071.163,3864.216
2026-01-21,3908.2,3931.23,3894.76,3921.63,205600,3960.204,3968.361,3804.74,51.321,50.268,69.149,-18.881,3968.361,4070.373,3866.349
2026-01-22,3947.54,3981.12,3933.15,3962.89,162700,3950.608,3972.391,3816.005,55.102,46.514,64.622,-18.108,3972.391,4066.118,3878.664
2026-01-23,3976.33,4016.63,3947.54,4016.63,206400,3956.174,3978.82,3828.23,59.513,47.33,61.164,-13.834,3978.82,4065.567,3892.073
2026-01-26,3967.69,3994.56,3945.62,3959.05,216000,3964.426,3978.052,3831.703,53.453,42.837,57.498,-14.662,3978.052,4065.235,3890.869
2026-01-27,3896.68,3905.32,3852.54,3896.68,340300,3951.376,3975.173,3833.968,47.778,33.852,52.769,-18.917,3975.173,4069.198,3881.148
2026-01-28,3854.46,3863.1,3816.08,3827.6,373300,3932.57,3966.634,3835.599,42.408,20.917,46.399,-25.482,3966.634,4080.673,3852.594
2026-01-29,3813.2,3852.54,3776.74,3852.54,240300,3910.5,3961.116,3837.499,44.819,12.534,39.626,-27.092,3961.116,4086.073,3836.159
2026-01-30,3871.74,3924.51,3849.67,3917.79,339300,3890.732,3960.012,3840.857,50.642,11.028,33.906,-22.878,3960.012,4086.145,3833.88
2026-02-02,3963.85,3968.65,3895.72,3895.72,262600,3878.066,3959.197,3845.559,48.768,7.962,28.717,-20.755,3959.197,4086.837,3831.556
2026-02-03,3925.47,3972.49,3905.32,3929.31,325700,3884.592,3957.757,3850.76,51.698,8.149,24.604,-16.455,3957.757,4086.098,3829.417
2026-02-04,3934.11,3982.08,3924.51,3954.26,266700,3909.924,3958.717,3857.784,53.812,10.192,21.721,-11.529,3958.717,4086.63,3830.804
2026-02-05,3994.56,4012.79,3970.57,3972.49,213100,3933.914,3955.263,3864.596,55.349,13.131,20.003,-6.872,3955.263,4077.354,3833.172
2026-02-06,3972.49,4224.85,3935.07,4026.22,1148000,3955.6,3953.344,3871.198,59.615,19.571,19.917,-0.346,3953.344,4069.249,3837.439
2026-02-09,4093.39,4093.39,3916.83,3930.27,556100,3962.51,3948.978,3875.516,50.361,16.739,19.281,-2.542,3948.978,4061.213,3836.743
2026-02-10,3934.11,3986.88,3901.48,3961.93,415800,3969.034,3945.763,3879.968,52.956,16.855,18.796,-1.941,3945.763,4052.218,3839.309
2026-02-12,3920.67,3934.11,3876.53,3876.53,434300,3953.488,3939.046,3882.425,45.975,9.941,17.025,-7.084,3939.046,4045.156,3832.937
2026-02-13,3897.64,3919.71,3826.64,3885.17,438600,3936.024,3932.761,3885.111,46.74,5.1,14.64,-9.54,3932.761,4035.805,3829.718
2026-02-16,3906.28,3928.35,3859.26,3882.29,283300,3907.238,3927.436,3888.662,46.503,1.02,11.916,-10.896,3927.436,4029.287,3825.585
2026-02-17,3864.06,3874.61,3811.28,3843.91,297200,3889.966,3923.742,3891.463,43.356,-5.251,8.483,-13.733,3923.742,4032.211,3815.273
2026-02-18,3866.94,3919.71,3858.3,3909.16,245500,3879.412,3921.103,3896.645,49.601,-4.898,5.806,-10.705,3921.103,4028.22,3813.987
2026-02-19,3878.45,3932.19,3865.02,3932.19,210100,3890.544,3921.631,3901.404,51.628,-2.729,4.099,-6.829,3921.631,4028.863,3814.4
2026-02-20,3932.19,3934.11,3872.7,3887.09,295200,3890.928,3917.841,3905.799,47.591,-4.596,2.36,-6.957,3917.841,4024.288,3811.395
2026-02-24,3890.93,3982.08,3890.93,3953.3,374100,3905.13,3914.675,3911.345,53.357,-0.725,1.743,-2.468,3914.675,4012.137,3817.213
2026-02-25,3923.55,3942.74,3904.36,3913.96,370000,3919.14,3912.42,3916.124,49.848,-0.822,1.23,-2.052,3912.42,4007.62,3817.221
2026-02-26,3943.7,3996.48,3923.55,3974.41,454100,3932.19,3916.307,3921.21,54.77,3.933,1.771,2.163,3916.307,4015.08,3817.534
2026-02-27,3975.37,4025.26,3942.74,4020.46,418300,3949.844,3925.95,3929.039,58.14,11.288,3.674,7.614,3925.95,4025.909,3825.991
2026-03-02,4030.06,4058.85,3981.12,3987.84,255200,3969.994,3932.715,3936.025,55.013,14.319,5.803,8.516,3932.715,4030.034,3835.396
2026-03-03,3947.54,3951.38,3838.15,3838.15,287800,3946.964,3928.733,3938.942,43.461,4.59,5.56,-0.971,3928.733,4034.751,3822.715
2026-03-04,3793.05,3814.16,3732.6,3782.5,464100,3920.672,3923.072,3938.328,40.09,-7.524,2.943,-10.468,3923.072,4047.078,3799.066
2026-03-05,3838.15,3871.74,3770.02,3776.74,410100,3881.138,3915.444,3936.85,39.746,-17.389,-1.123,-16.266,3915.444,4055.559,3775.328
2026-03-06,3723.01,3776.74,3682.71,3770.98,360600,3831.242,3906.28,3934.106,39.383,-25.38,-5.974,-19.405,3906.28,4059.103,3753.456
2026-03-09,3716.29,3797.85,3674.07,3785.38,454000,3790.75,3896.924,3932.167,40.84,-30.202,-10.82,-19.382,3896.924,4055.483,3738.365
2026-03-10,3818.96,3818.96,3766.19,3808.41,320000,3784.802,3886.034,3930.575,43.191,-31.799,-15.016,-16.783,3886.034,4036.935,3735.132
2026-03-11,3810.33,3866.94,3810.33,3817.04,309900,3791.71,3880.372,3927.427,44.088,-31.999,-18.412,-13.587,3880.372,4032.775,3727.969
2026-03-12,3769.07,3769.07,3671.19,3699.98,390100,3776.358,3867.275,3922.342,35.826,-41.129,-22.956,-18.174,3867.275,4034.471,3700.078
2026-03-13,3671.19,3706.7,3669.27,3680.79,247900,3758.32,3857.488,3915.99,34.679,-49.345,-28.234,-21.111,3857.488,4044.182,3670.793
2026-03-16,3694.22,3698.06,3663.52,3665.43,213200,3734.33,3846.501,3910.04,33.748,-56.444,-33.876,-22.569,3846.501,4051.319,3641.682
2026-03-17,3665.43,3687.5,3658.72,3685.59,317000,3709.766,3836.666,3904.955,36.171,-59.755,-39.052,-20.704,3836.666,4052.824,3620.507
2026-03-18,3689.42,3705.74,3664.48,3699.02,378500,3686.162,3829.421,3900.695,37.803,-60.597,-43.361,-17.236,3829.421,4054.102,3604.74
2026-03-19,3671.19,3684.63,3610.74,3610.74,478500,3668.314,3814.5,3893.748,32.009,-67.608,-48.21,-19.398,3814.5,4055.898,3573.102
2026-03-23,3610.74,3623.22,3561.8,3561.8,297400,3644.516,3795.98,3886.282,29.326,-76.235,-53.815,-22.42,3795.98,4055.512,3536.449
2026-03-24,3612.66,3644.33,3607.86,3642.41,308500,3639.912,3783.746,3878.299,38.475,-75.695,-58.191,-17.503,3783.746,4048.215,3519.278
2026-03-25,3667.35,3691.34,3652.0,3674.07,253400,3637.608,3769.785,3870.488,41.669,-71.883,-60.929,-10.954,3769.785,4025.916,3513.654
2026-03-26,3686.54,3698.06,3653.92,3688.46,216800,3635.496,3758.51,3863.906,43.114,-66.93,-62.129,-4.8,3758.51,4007.677,3509.343
2026-03-27,3703.82,3732.6,3686.54,3716.29,398800,3656.606,3745.604,3857.707,45.906,-60.066,-61.717,1.651,3745.604,3973.518,3517.69
2026-03-30,3603.65,3679.07,3598.75,3662.42,344500,3676.73,3727.702,3850.738,41.645,-58.301,-61.034,2.732,3727.702,3917.828,3537.576
2026-03-31,3662.42,3712.37,3637.93,3669.27,284400,3682.102,3711.774,3843.906,42.378,-55.708,-59.968,4.261,3711.774,3858.579,3564.968
2026-04-01,3751.55,3756.45,3716.29,3756.45,324300,3698.578,3707.688,3839.259,50.835,-46.087,-57.192,11.106,3707.688,3843.848,3571.529
2026-04-02,3775.06,3790.73,3730.0,3752.53,217100,3711.392,3706.19,3835.954,50.476,-38.336,-53.421,15.085,3706.19,3839.513,3572.867
2026-04-03,3773.1,3788.77,3755.47,3765.27,166800,3721.188,3705.616,3832.021,51.67,-30.81,-48.899,18.088,3705.616,3837.755,3573.478
2026-04-06,3765.27,3780.94,3752.53,3753.51,185700,3739.406,3704.743,3828.658,50.461,-25.501,-44.219,18.718,3704.743,3835.283,3574.203
2026-04-07,3765.27,3786.82,3722.17,3749.59,166100,3755.47,3702.954,3824.392,50.04,-21.364,-39.648,18.284,3702.954,3829.768,3576.139
2026-04-08,3818.16,3818.16,3750.57,3759.39,227100,3756.058,3700.502,3819.248,51.136,-17.097,-35.138,18.041,3700.502,3820.443,3580.562
2026-04-09,3775.06,3790.73,3735.88,3743.72,200100,3754.296,3696.836,3814.941,49.275,-14.809,-31.072,16.263,3696.836,3805.755,3587.918
2026-04-10,3751.55,3755.47,3700.62,3701.6,206700,3741.562,3696.917,3811.039,44.578,-16.208,-28.099,11.891,3696.917,3805.848,3587.987
2026-04-13,3700.62,3714.33,3675.15,3685.93,189900,3728.046,3697.174,3808.206,42.939,-18.37,-26.154,7.784,3697.174,3805.969,3588.38
2026-04-14,3687.88,3712.37,3658.5,3673.19,165100,3712.766,3697.562,3804.619,41.599,-20.87,-25.097,4.227,3697.562,3805.935,3589.19
2026-04-15,3673.19,3704.54,3673.19,3704.54,161600,3701.796,3698.51,3800.354,46.059,-20.09,-24.095,4.005,3698.51,3806.773,3590.247
2026-04-16,3722.17,3729.02,3676.13,3676.13,176400,3688.278,3697.366,3795.962,42.864,-21.516,-23.58,2.063,3697.366,3806.089,3588.642
2026-04-17,3676.13,3702.58,3671.23,3676.13,175800,3683.184,3700.635,3790.899,42.864,-22.389,-23.341,0.953,3700.635,3802.079,3599.191
2026-04-20,3713.35,3713.35,3665.36,3669.27,145200,3679.852,3706.008,3785.199,42.047,-23.364,-23.346,-0.018,3706.008,3785.498,3626.519
2026-04-21,3669.27,3673.19,3638.91,3641.85,327600,3673.584,3705.98,3778.586,38.86,-26.05,-23.887,-2.163,3705.98,3785.564,3626.397
2026-04-22,3635.97,3645.76,3588.95,3614.42,397500,3655.56,3702.998,3770.35,35.926,-30.045,-25.118,-4.927,3702.998,3791.58,3614.416
2026-04-23,3604.63,3624.22,3591.89,3612.46,309600,3642.826,3699.198,3763.994,35.719,-32.989,-26.693,-6.297,3699.198,3796.497,3601.899
2026-04-24,3612.46,3627.15,3584.06,3627.15,191300,3633.03,3694.741,3757.298,38.582,-33.748,-28.104,-5.644,3694.741,3796.794,3592.688
2026-04-27,3609.52,3640.87,3603.65,3616.38,187800,3622.452,3692.439,3752.095,37.271,-34.817,-29.446,-5.371,3692.439,3799.515,3585.363
2026-04-28,3645.77,3651.64,3555.65,3624.22,350500,3618.926,3690.187,3746.876,38.899,-34.633,-30.484,-4.149,3690.187,3801.14,3579.233
2026-04-30,3594.83,3605.6,3553.69,3576.22,358000,3611.286,3681.175,3740.755,33.217,-37.922,-31.971,-5.951,3681.175,3798.558,3563.792
2026-05-01,3576.22,3578.18,3540.96,3555.65,203000,3599.924,3671.331,3734.99,31.119,-41.709,-33.919,-7.79,3671.331,3796.295,3546.367
2026-05-07,3546.83,3569.36,3517.45,3553.69,355900,3585.232,3660.752,3727.88,30.919,-44.356,-36.006,-8.35,3660.752,3788.033,3533.471
2026-05-08,3556.63,3566.42,3495.9,3508.63,376300,3563.682,3648.508,3719.409,26.667,-49.519,-38.709,-10.81,3648.508,3784.999,3512.017
2026-05-11,3494.92,3514.51,3484.14,3490.02,324900,3536.842,3635.529,3711.468,25.131,-54.485,-41.864,-12.621,3635.529,3780.642,3490.417
2026-05-12,3482.19,3491.98,3441.05,3454.76,350100,3512.55,3620.298,3701.497,22.486,-60.567,-45.605,-14.962,3620.298,3774.345,3466.251
2026-05-13,3486.1,3642.83,3463.57,3626.17,803800,3526.654,3614.42,3695.741,50.018,-50.968,-46.677,-4.291,3614.42,3757.198,3471.643
2026-05-14,3626.17,3711.39,3592.87,3654.58,459700,3546.832,3612.07,3689.344,52.998,-40.601,-45.462,4.861,3612.07,3750.278,3473.861
2026-05-15,3698.66,3740.78,3673.19,3700.62,527500,3585.23,3612.804,3682.948,57.428,-28.343,-42.038,13.695,3612.804,3752.809,3472.799
2026-05-18,3721.19,3758.41,3702.58,3739.8,408500,3635.186,3616.134,3677.987,60.812,-15.29,-36.689,21.398,3616.134,3765.072,3467.197
2026-05-19,3746.66,3853.42,3742.74,3853.42,598300,3714.918,3623.579,3678.292,68.607,4.174,-28.516,32.69,3623.579,3802.903,3444.254
2026-05-20,3869.1,3932.76,3818.16,3851.46,575700,3759.976,3632.345,3679.671,68.354,19.22,-18.969,38.189,3632.345,3837.735,3426.955
2026-05-21,3885.75,3900.44,3815.22,3815.22,283800,3792.104,3639.299,3680.441,63.686,27.898,-9.596,37.493,3639.299,3859.795,3418.804
2026-05-22,3808.37,3808.37,3718.25,3741.76,302100,3800.332,3642.924,3679.857,55.422,28.519,-1.973,30.491,3642.924,3867.833,3418.015
2026-05-25,3702.58,3717.27,3643.81,3675.15,291400,3787.402,3644.589,3677.652,49.19,23.367,3.095,20.272,3644.589,3869.957,3419.221
2026-05-26,3673.19,3690.82,3653.6,3677.11,251300,3752.14,3647.724,3675.026,49.37,19.22,6.32,12.9,3647.724,3873.069,3422.378
2026-05-27,3658.5,3781.92,3646.74,3768.2,365900,3735.488,3655.51,3674.049,57.01,23.019,9.66,13.359,3655.51,3886.42,3424.601
2026-05-28,3780.94,3780.94,3659.48,3673.19,334400,3707.082,3657.812,3673.513,48.748,18.154,11.359,6.795,3657.812,3888.449,3427.176
2026-05-29,3720.21,3778.0,3706.5,3731.96,390700,3705.122,3663.592,3674.537,53.26,18.823,12.852,5.972,3663.592,3895.645,3431.538
2026-06-01,3735.88,3744.7,3641.85,3658.5,387100,3701.792,3665.306,3674.398,47.617,13.273,12.936,0.337,3665.306,3896.64,3433.971
2026-06-02,3638.91,3666.33,3601.69,3632.05,293100,3692.78,3668.097,3673.327,45.737,6.664,11.681,-5.018,3668.097,3896.23,3439.964
2026-06-03,3622.26,3662.42,3597.77,3650.66,194300,3669.272,3672.848,3672.36,47.313,2.894,9.924,-7.03,3672.848,3895.0,3450.695
2026-06-04,3673.19,3682.99,3629.11,3635.97,211300,3661.828,3676.962,3672.865,46.173,-1.264,7.686,-8.951,3676.962,3892.78,3461.143
2026-06-05,3678.09,3693.76,3594.83,3604.63,187500,3636.362,3681.762,3673.721,43.752,-7.008,4.747,-11.755,3681.762,3885.763,3477.76
2026-06-08,3612.46,3675.15,3586.01,3637.93,286900,3632.248,3689.157,3673.632,46.936,-8.772,2.044,-10.815,3689.157,3873.686,3504.628
2026-06-09,3637.93,3648.7,3597.77,3621.28,294200,3630.094,3697.483,3672.576,45.548,-11.382,-0.641,-10.74,3697.483,3849.674,3545.292
2026-06-10,3641.85,3681.03,3624.22,3674.17,176100,3634.796,3699.883,3672.29,50.552,-9.078,-2.329,-6.749,3699.883,3848.818,3550.948
2026-06-11,3692.78,3699.64,3650.66,3667.31,189400,3641.064,3700.52,3671.311,49.911,-7.717,-3.406,-4.31,3700.52,3848.747,3552.292
2026-06-12,3667.31,3685.93,3638.91,3647.72,280500,3649.682,3697.874,3671.017,48.039,-8.125,-4.35,-3.775,3697.874,3847.97,3547.779
2026-06-15,3653.6,3680.05,3639.89,3646.74,177300,3651.444,3693.221,3670.566,47.942,-8.43,-5.166,-3.264,3693.221,3843.614,3542.829
2026-06-16,3643.81,3686.9,3611.48,3683.97,254900,3663.982,3684.749,3669.116,51.91,-5.604,-5.254,-0.35,3684.749,3814.868,3554.63
2026-06-17,3698.66,3706.5,3627.15,3628.13,162100,3654.774,3673.583,3666.628,46.219,-7.78,-5.759,-2.021,3673.583,3779.553,3567.612
2026-06-18,3666.34,3698.66,3636.95,3645.77,210600,3650.466,3665.11,3664.238,48.153,-7.989,-6.205,-1.784,3665.11,3747.977,3582.243
2026-06-19,3645.77,3677.11,3635.97,3648.7,352500,3650.662,3660.457,3662.142,48.484,-7.828,-6.529,-1.298,3660.457,3735.261,3585.653
2026-06-22,3670.25,3682.01,3633.03,3670.25,218200,3655.364,3660.212,3660.555,50.966,-5.893,-6.402,0.509,3660.212,3734.845,3585.579
2026-06-23,3649.68,3678.09,3634.01,3639.89,302600,3646.548,3658.351,3658.165,47.495,-6.732,-6.468,-0.264,3658.351,3733.066,3583.636
2026-06-24,3646.74,3766.25,3646.74,3712.37,398200,3663.396,3655.56,3657.538,55.319,-1.531,-5.481,3.95,3655.56,3715.755,3595.364
2026-06-25,3731.96,3731.96,3621.28,3621.28,343000,3658.498,3652.964,3655.932,46.034,-4.705,-5.326,0.62,3652.964,3714.422,3591.506
2026-06-26,3650.66,3663.4,3625.2,3652.62,232200,3659.282,3648.997,3655.266,49.194,-4.638,-5.188,0.55,3648.997,3697.957,3600.037
2026-06-29,3624.22,3667.31,3624.22,3662.42,387800,3657.716,3649.193,3655.05,50.176,-3.751,-4.901,1.15,3649.193,3698.344,3600.042
2026-06-30,3648.7,3674.17,3622.26,3642.83,471500,3658.304,3649.732,3653.816,48.171,-4.576,-4.836,0.26,3649.732,3698.325,3601.139
2026-07-01,3642.83,3671.23,3620.3,3622.26,328800,3640.282,3648.312,3652.739,46.089,-6.811,-5.231,-1.58,3648.312,3698.427,3598.197
2026-07-02,3669.27,3684.95,3634.99,3650.66,254000,3646.158,3649.046,3652.229,49.345,-6.219,-5.429,-0.791,3649.046,3698.829,3599.264
2026-07-03,3713.35,3717.27,3668.29,3678.09,237000,3651.252,3652.72,3652.406,52.339,-3.496,-5.042,1.546,3652.72,3699.45,3605.989
2026-07-06,3694.74,3722.17,3679.07,3716.29,185700,3662.026,3656.638,3653.895,56.22,1.724,-3.689,5.413,3656.638,3710.71,3602.565
2026-07-07,3716.29,3754.49,3697.68,3697.68,396100,3672.996,3660.458,3655.56,53.917,4.31,-2.089,6.399,3660.458,3714.807,3606.108
2026-07-08,3717.27,3749.59,3708.45,3708.45,183900,3690.234,3662.172,3657.48,55.064,7.146,-0.242,7.388,3662.172,3720.368,3603.975
2026-07-09,3708.45,3740.78,3687.88,3722.17,281100,3704.536,3664.914,3659.38,56.548,10.381,1.882,8.498,3664.914,3729.003,3600.826
2026-07-10,3702.58,3750.57,3697.68,3741.76,336400,3717.27,3669.616,3661.888,58.649,14.36,4.378,9.982,3669.616,3741.695,3597.538
2026-07-13,3760.37,3771.14,3731.96,3744.7,243500,3722.952,3674.514,3664.297,58.969,17.548,7.012,10.536,3674.514,3753.07,3595.959
2026-07-14,3768.2,3838.73,3745.68,3809.34,430500,3745.284,3680.783,3668.96,65.332,25.002,10.61,14.392,3680.783,3779.847,3581.719
2026-07-15,3799.55,3803.47,3769.18,3776.04,330000,3758.802,3688.178,3673.367,60.157,27.902,14.068,13.833,3688.178,3792.629,3583.728
2026-07-16,3796.61,3826.98,3772.12,3781.92,296100,3770.752,3694.986,3677.932,60.748,30.324,17.319,13.004,3694.986,3805.377,3584.595
2026-07-17,3781.92,3818.16,3735.88,3771.14,342800,3776.628,3701.108,3683.182,59.019,31.016,20.059,10.958,3701.108,3814.237,3587.979
2026-07-21,3795.63,3848.53,3791.71,3800.53,354900,3787.794,3707.622,3689.392,62.18,33.55,22.757,10.793,3707.622,3828.039,3587.205
2026-07-22,3792.69,3806.41,3764.29,3781.92,262200,3782.31,3714.724,3695.936,59.072,33.668,24.939,8.729,3714.724,3835.074,3594.373
2026-07-23,3761.35,3761.35,3714.33,3743.72,294200,3775.846,3716.291,3698.287,53.196,30.329,26.017,4.312,3716.291,3837.327,3595.255
2026-07-24,3707.47,3749.59,3699.64,3721.19,300100,3763.7,3721.286,3699.619,50.035,25.571,25.928,-0.357,3721.286,3833.755,3608.818
2026-07-27,3736.86,3861.26,3731.96,3860.28,641000,3781.528,3731.67,3702.812,64.185,32.647,27.272,5.375,3731.67,3855.241,3608.098
2026-07-28,3869.1,3894.56,3826.0,3848.53,521600,3791.128,3740.975,3704.987,62.573,36.881,29.194,7.688,3740.975,3870.477,3611.473
2026-07-29,3889.67,3995.45,3845.59,3962.15,686300,3827.174,3756.941,3707.161,70.333,48.842,33.123,15.719,3756.941,3911.757,3602.125
2026-07-30,3961.17,3962.15,3824.04,3855.38,356300,3849.506,3768.597,3707.24,58.135,49.139,36.327,12.813,3768.597,3915.625,3621.569
2026-07-31,3820.12,3836.77,3738.82,3738.82,550100,3853.032,3773.005,3705.712,48.289,39.514,36.964,2.55,3773.005,3910.096,3635.914
2026-08-03,3722.17,3730.98,3653.6,3712.37,477800,3823.45,3774.719,3705.124,46.37,29.413,35.454,-6.041,3774.719,3907.606,3641.832
2026-08-04,3712.37,3713.35,3674.17,3689.84,253200,3791.712,3773.397,3705.418,44.739,19.366,32.236,-12.87,3773.397,3909.226,3637.567
2026-08-05,3677.11,3692.78,3626.17,3637.93,382400,3726.868,3770.409,3704.634,41.147,7.133,27.216,-20.083,3770.409,3915.559,3625.259
2026-08-06,3661.44,3722.17,3640.87,3685.93,521500,3692.978,3769.283,3702.989,45.504,1.296,22.032,-20.735,3769.283,3916.787,3621.779
2026-08-07,3692.78,3718.25,3660.46,3693.76,487500,3683.966,3767.862,3703.4,46.203,-2.666,17.092,-19.759,3767.862,3917.804,3617.921
2026-08-10,3702.58,3710.41,3669.27,3680.05,409800,3677.502,3764.777,3702.362,45.111,-6.835,12.307,-19.141,3764.777,3919.445,3610.109
2026-08-12,3710.41,3712.37,3678.09,3699.64,361800,3679.462,3762.524,3703.185,47.037,-8.46,8.153,-16.613,3762.524,3919.716,3605.332
2026-08-13,3713.35,3714.33,3652.62,3666.33,485400,3685.142,3755.374,3703.87,44.197,-12.294,4.064,-16.358,3755.374,3916.559,3594.188
2026-08-14,3673.19,3694.74,3664.38,3675.15,347900,3682.986,3750.329,3704.36,45.142,-14.454,0.36,-14.814,3750.329,3915.067,3585.591
2026-08-17,3689.84,3693.76,3643.81,3643.81,506500,3672.996,3743.424,3704.517,42.396,-18.481,-3.408,-15.074,3743.424,3914.058,3572.789
2026-08-18,3668.29,3682.01,3630.09,3663.4,572600,3669.666,3738.037,3705.692,44.662,-19.864,-6.699,-13.165,3738.037,3911.762,3564.311
2026-08-19,3666.34,3672.21,3627.15,3644.79,400600,3658.696,3730.25,3705.829,42.934,-22.205,-9.8,-12.405,3730.25,3906.129,3554.37
2026-08-20,3663.4,3683.97,3647.72,3671.23,512900,3659.676,3724.715,3706.828,46.123,-21.677,-12.176,-9.501,3724.715,3900.714,3548.716
2026-08-21,3668.29,3702.58,3655.56,3689.84,355100,3662.614,3722.021,3707.142,48.313,-19.532,-13.647,-5.885,3722.021,3898.445,3545.597
2026-08-24,3692.78,3724.13,3684.95,3693.76,332700,3672.604,3720.65,3707.671,48.785,-17.316,-14.381,-2.935,3720.65,3897.526,3543.773
2026-08-25,3727.07,3737.84,3695.72,3705.52,506000,3681.028,3712.912,3708.827,50.253,-14.444,-14.393,-0.051,3712.912,3877.158,3548.665
2026-08-26,3702.58,3744.7,3702.58,3726.09,416400,3697.288,3706.79,3710.414,52.801,-10.389,-13.592,3.204,3706.79,3858.393,3555.186
2026-08-27,3731.96,3790.73,3731.96,3750.57,456800,3713.156,3696.21,3711.746,55.709,-5.14,-11.902,6.762,3696.21,3792.063,3600.358
2026-08-28,3739.8,3745.68,3706.5,3706.5,362500,3716.488,3688.766,3713.313,49.765,-4.485,-10.419,5.933,3688.766,3749.123,3628.41
2026-08-31,3706.5,3715.31,3693.76,3704.54,405300,3718.644,3687.053,3714.489,49.512,-4.077,-9.15,5.073,3687.053,3743.226,3630.879
2026-09-01,3702.58,3738.82,3699.64,3722.17,396700,3721.974,3687.543,3715.958,51.882,-2.305,-7.781,5.477,3687.543,3744.807,3630.278
2026-09-02,3696.7,3728.04,3690.82,3702.58,449200,3717.272,3688.179,3716.605,49.122,-2.452,-6.715,4.263,3688.179,3745.833,3630.526
2026-09-03,3697.68,3704.54,3674.17,3674.17,489500,3701.992,3689.992,3717.29,45.355,-4.806,-6.334,1.527,3689.992,3743.094,3636.889
2026-09-04,3653.6,3672.21,3635.97,3637.93,549800,3688.278,3687.592,3715.801,41.032,-9.487,-6.964,-2.523,3687.592,3745.581,3629.602
2026-09-07,3638.91,3647.72,3616.38,3617.36,682000,3670.842,3683.772,3715.723,38.773,-14.687,-8.509,-6.178,3683.772,3749.587,3617.956
2026-09-08,3617.36,3621.28,3590.91,3608.54,604400,3648.116,3680.196,3714.841,37.812,-19.297,-10.666,-8.631,3680.196,3754.132,3606.26
2026-09-09,3585.04,3600.71,3567.4,3590.91,1065100,3625.782,3674.76,3713.411,35.896,-24.096,-13.352,-10.743,3674.76,3758.071,3591.448
2026-09-10,3572.3,3648.7,3572.3,3634.99,605900,3617.946,3673.192,3713.254,43.591,-24.064,-15.495,-8.569,3673.192,3758.33,3588.055
2026-09-11,3587.97,3651.64,3587.97,3640.87,544400,3618.534,3671.478,3713.627,44.548,-23.296,-17.055,-6.241,3671.478,3757.822,3585.135
2026-09-14,3644.79,3711.39,3639.89,3711.39,508100,3637.34,3674.858,3714.841,54.508,-16.804,-17.005,0.201,3674.858,3761.928,3587.787
2026-09-15,3714.33,3725.11,3681.03,3688.86,511900,3653.404,3676.13,3715.057,51.336,-13.322,-16.268,2.946,3676.13,3763.241,3589.02
2026-09-16,3720.21,3724.13,3686.9,3724.13,332000,3680.048,3680.098,3715.213,55.684,-7.63,-14.541,6.911,3680.098,3768.416,3591.779
2026-09-17,3733.92,3806.41,3730.0,3806.41,800200,3714.332,3686.857,3717.388,63.809,3.481,-10.936,14.417,3686.857,3791.5,3582.213
2026-09-18,3806.41,3808.37,3765.27,3769.18,1343300,3739.994,3690.824,3718.603,58.576,9.176,-6.914,16.09,3690.824,3801.769,3579.878
2026-09-24,3761.35,3791.71,3742.74,3754.49,435100,3748.614,3693.86,3719.249,56.603,12.362,-3.059,15.421,3693.86,3808.409,3579.311
2026-09-25,3761.35,3798.57,3759.39,3798.57,431200,3770.556,3698.512,3720.385,60.862,18.234,1.2,17.034,3698.512,3822.246,3574.779
2026-09-28,3798.57,3805.43,3778.0,3778.0,557500,3781.33,3701.108,3721.051,58.002,20.985,5.157,15.828,3701.108,3829.372,3572.844
2026-09-29,3780.0,3800.0,3753.0,3790.0,174600,3778.048,3703.08,3720.664,59.206,23.859,8.897,14.962,3703.08,3835.683,3570.476
