Date,Open,High,Low,Close,Volume,SMA5,SMA20,SMA50,RSI,MACD,MACD_signal,MACD_hist,BB_mid,BB_upper,BB_lower
2021-10-08,444.07,466.25,437.3,454.24,4831500,,,,,0.0,0.0,0.0,,,
2021-10-11,452.7,465.01,440.99,463.47,3706500,,,,,0.736,0.147,0.589,,,
2021-10-12,460.7,465.63,440.38,448.08,3467400,,,,,0.077,0.133,-0.056,,,
2021-10-13,455.78,467.48,449.62,451.46,2846700,,,,,-0.171,0.072,-0.243,,,
2021-10-14,444.38,446.54,431.45,436.68,4282200,450.786,,,,-1.542,-0.25,-1.291,,,
2021-10-15,438.53,445.61,436.07,437.61,2255100,447.46,,,,-2.524,-0.705,-1.819,,,
2021-10-18,436.68,441.92,430.22,436.68,2211600,442.102,,,,-3.34,-1.232,-2.107,,,
2021-10-19,432.68,438.84,424.36,427.44,3316800,437.974,,,,-4.677,-1.921,-2.756,,,
2021-10-20,427.44,440.38,416.36,432.99,4365900,434.28,,,,-5.229,-2.583,-2.647,,,
2021-10-21,432.68,438.84,422.21,424.06,3311100,431.756,,,,-6.315,-3.329,-2.985,,,
2021-10-22,418.82,420.98,411.74,412.35,3407400,426.704,,,,-8.027,-4.269,-3.758,,,
2021-10-25,417.59,423.44,410.2,417.28,2481000,422.824,,,,-8.884,-5.192,-3.692,,,
2021-10-26,417.9,433.6,414.82,428.68,2495100,423.072,,,,-8.545,-5.862,-2.682,,,
2021-10-27,424.67,430.83,418.82,427.44,2382000,421.962,,,,-8.28,-6.346,-1.934,,,
2021-10-28,421.9,426.83,411.74,421.59,7442100,421.468,,,35.624,-8.446,-6.766,-1.68,,,
2021-10-29,424.06,430.83,417.59,420.98,2577000,423.194,,,35.263,-8.528,-7.118,-1.409,,,
2021-11-01,419.13,426.21,414.51,421.28,2167500,423.994,,,35.609,-8.471,-7.389,-1.082,,,
2021-11-02,424.67,430.52,421.28,428.06,2330100,423.87,,,43.022,-7.789,-7.469,-0.32,,,
2021-11-04,429.29,437.3,423.13,430.22,2343900,424.426,,,45.187,-6.993,-7.374,0.38,,,
2021-11-05,425.9,429.91,421.28,423.13,2433000,424.734,432.186,,39.836,-6.856,-7.27,0.414,432.186,458.776,405.596
2021-11-08,469.33,498.58,446.23,453.31,11392800,431.2,432.14,,61.004,-4.263,-6.669,2.406,432.14,458.57,405.709
2021-11-09,458.86,479.18,445.0,472.71,8113800,441.486,432.602,,68.641,-0.635,-5.462,4.827,432.602,461.542,403.661
2021-11-10,481.03,490.88,468.4,474.87,5482800,450.848,433.941,,69.361,2.387,-3.892,6.279,433.941,467.936,399.946
2021-11-11,472.1,496.43,472.1,491.81,7081800,463.166,435.958,,74.334,6.079,-1.898,7.977,435.958,478.136,393.781
2021-11-12,491.81,497.35,472.41,474.87,4040100,473.514,437.868,,63.273,7.551,-0.008,7.559,437.868,483.499,392.237
2021-11-15,468.4,477.02,462.55,475.49,2416800,477.95,439.762,,63.487,8.667,1.727,6.94,439.762,488.394,391.13
2021-11-16,475.49,484.72,469.33,481.64,2109300,479.736,442.01,,65.628,9.934,3.368,6.565,442.01,494.078,389.942
2021-11-17,485.03,488.73,474.56,477.64,2199600,480.29,444.52,,63.039,10.494,4.793,5.7,444.52,498.437,390.603
2021-11-18,478.56,487.8,475.49,476.1,2432100,477.148,446.676,,62.025,10.69,5.973,4.717,446.676,502.078,391.273
2021-11-19,467.48,472.71,446.85,449.62,2872200,472.098,447.953,,47.784,8.61,6.5,2.11,447.953,502.329,393.578
2021-11-22,440.69,444.07,421.9,429.29,4365300,462.858,448.8,,40.161,5.26,6.252,-0.992,448.8,501.338,396.263
2021-11-24,429.91,435.76,423.44,429.6,2786700,452.45,449.417,,40.317,2.6,5.522,-2.921,449.417,500.671,398.162
2021-11-25,437.61,443.77,429.91,440.99,2981700,445.12,450.032,,45.91,1.395,4.696,-3.301,450.032,500.528,399.536
2021-11-26,439.45,447.46,411.43,420.05,5481600,433.91,449.662,,38.725,-1.235,3.51,-4.745,449.662,500.957,398.368
2021-11-29,405.27,410.51,392.95,397.88,6458100,423.562,448.477,,32.862,-5.05,1.798,-6.848,448.477,503.466,393.488
2021-11-30,413.89,429.29,400.96,403.12,6147900,418.328,447.584,,35.353,-7.564,-0.074,-7.489,447.584,504.98,390.188
2021-12-01,401.88,405.27,386.49,392.64,4617300,410.936,446.152,,32.737,-10.283,-2.116,-8.167,446.152,507.598,384.706
2021-12-02,384.95,389.57,371.4,381.25,4878000,398.988,443.811,,30.127,-13.205,-4.334,-8.871,443.811,511.416,376.207
2021-12-03,388.33,411.12,388.33,410.2,4361700,397.018,442.811,,42.643,-13.034,-6.074,-6.96,442.811,511.841,373.78
2021-12-06,406.19,425.6,400.65,418.51,4355100,401.144,442.58,,45.652,-12.089,-7.277,-4.812,442.58,511.917,373.242
2021-12-07,430.22,440.38,425.29,439.45,3575400,408.41,441.886,,52.426,-9.54,-7.729,-1.811,441.886,511.049,372.724
2021-12-08,440.38,445.61,428.37,441.3,2558400,418.142,440.316,,52.983,-7.287,-7.641,0.354,440.316,507.941,372.691
2021-12-09,448.38,461.63,448.38,452.39,3766500,432.37,439.192,,56.29,-4.554,-7.024,2.47,439.192,505.125,373.259
2021-12-10,453.31,461.63,445.61,448.08,4872300,439.946,437.006,,54.681,-2.705,-6.16,3.455,437.006,498.331,375.68
2021-12-13,456.39,461.01,443.46,451.16,3764400,446.476,435.82,,55.657,-0.979,-5.124,4.144,435.82,494.94,376.7
2021-12-14,444.38,452.39,436.37,437.61,2733300,446.108,433.926,,50.504,-0.697,-4.238,3.541,433.926,490.046,377.806
2021-12-15,431.14,441.3,422.21,424.98,3645300,442.844,431.093,,46.21,-1.476,-3.686,2.21,431.093,482.603,379.583
2021-12-16,431.14,433.91,423.44,428.06,2436900,437.978,428.614,,47.385,-1.823,-3.313,1.49,428.614,475.231,381.997
2021-12-17,429.29,433.91,420.05,429.6,3504300,434.282,426.289,,47.997,-1.952,-3.041,1.089,426.289,467.227,385.351
2021-12-20,420.36,421.28,386.49,386.79,5497500,421.408,423.148,436.695,35.606,-5.445,-3.522,-1.923,423.148,466.138,380.157
2021-12-21,395.11,400.04,389.87,398.5,3021300,413.586,421.608,435.58,40.157,-7.186,-4.255,-2.932,421.608,465.859,377.357
2021-12-22,404.96,433.3,403.12,422.82,5382600,413.154,421.269,434.767,48.325,-6.528,-4.709,-1.819,421.269,465.366,377.172
2021-12-23,420.36,435.76,418.82,435.45,2489400,414.632,420.992,434.514,51.99,-4.931,-4.754,-0.177,420.992,464.635,377.349
2021-12-24,434.53,442.53,428.68,431.45,1881000,415.002,421.562,434.114,50.762,-3.942,-4.591,0.649,421.562,465.45,377.674
2021-12-27,428.68,429.91,418.51,422.52,1470600,422.148,422.794,433.831,48.034,-3.835,-4.44,0.605,422.794,465.243,380.345
2021-12-28,430.83,432.37,423.13,429.91,1218300,428.43,424.134,433.677,50.409,-3.118,-4.176,1.058,424.134,465.649,382.618
2021-12-29,431.14,432.99,424.98,427.44,1311000,429.354,425.874,433.492,49.593,-2.718,-3.884,1.167,425.874,464.658,387.089
2021-12-30,424.06,424.06,415.13,420.05,1404300,426.274,427.814,433.344,47.136,-2.962,-3.7,0.737,427.814,460.621,395.006
2022-01-04,420.05,421.9,411.74,419.44,1702500,423.872,428.276,433.073,46.929,-3.169,-3.594,0.424,428.276,460.289,396.262
2022-01-05,429.29,430.22,413.28,413.28,1758000,422.024,428.014,432.858,44.792,-3.786,-3.632,-0.154,428.014,460.447,395.581
2022-01-06,400.65,400.65,379.4,385.56,5808900,413.154,425.319,432.322,36.696,-6.438,-4.193,-2.245,425.319,462.376,388.263
2022-01-07,381.56,391.11,377.86,384.02,4276500,404.47,422.456,431.657,36.303,-8.565,-5.068,-3.497,422.456,463.002,381.909
2022-01-11,387.1,392.64,376.63,392.03,6263400,398.866,419.438,430.924,39.905,-9.495,-5.953,-3.542,419.438,459.586,379.289
2022-01-12,401.27,414.2,399.11,402.19,4167300,395.416,417.143,430.419,44.213,-9.305,-6.624,-2.681,417.143,455.609,378.677
2022-01-13,398.19,406.5,396.34,402.19,2385600,393.198,414.695,430.031,44.213,-9.05,-7.109,-1.941,414.695,450.161,379.228
2022-01-14,402.81,403.42,384.64,390.8,2416200,394.246,412.354,429.427,40.443,-9.656,-7.618,-2.037,412.354,447.63,377.078
2022-01-17,391.1,401.88,387.72,399.42,2004300,397.326,411.076,428.99,44.313,-9.333,-7.961,-1.371,411.076,446.278,375.874
2022-01-18,410.2,435.45,409.27,422.82,7296600,403.484,410.814,428.885,53.203,-7.106,-7.79,0.684,410.814,445.559,376.069
2022-01-19,416.97,423.75,406.81,411.43,5109300,405.332,409.905,428.509,49.095,-6.19,-7.47,1.28,409.905,443.514,376.297
2022-01-20,403.73,418.51,399.11,417.9,2898300,408.474,411.461,428.405,51.391,-4.885,-6.953,2.068,411.461,443.403,379.519
2022-01-21,415.74,426.52,402.5,426.21,2577900,415.556,412.846,427.863,54.245,-3.144,-6.191,3.047,412.846,444.826,380.867
2022-01-24,420.05,424.67,412.66,422.52,2254200,420.176,412.831,426.859,52.764,-2.039,-5.361,3.322,412.831,444.791,380.872
2022-01-25,419.13,423.75,398.19,404.66,2297700,416.544,411.292,425.455,46.187,-2.574,-4.804,2.229,411.292,441.587,380.997
2022-01-26,404.66,411.12,399.42,407.12,1751100,415.682,410.076,423.761,47.164,-2.768,-4.396,1.628,410.076,438.88,381.271
2022-01-27,410.2,428.06,409.58,415.13,4814700,415.128,409.706,422.566,50.326,-2.25,-3.967,1.717,409.706,438.023,381.389
2022-01-28,420.05,424.06,406.19,419.13,2877900,413.712,409.167,421.439,51.875,-1.499,-3.473,1.975,409.167,436.249,382.085
2022-01-31,415.74,431.76,415.74,427.75,2927700,414.758,409.182,420.361,55.122,-0.206,-2.82,2.614,409.182,436.308,382.057
2022-02-01,434.22,434.22,407.43,413.59,3481800,416.544,408.86,419.08,49.244,-0.32,-2.32,2.0,408.86,435.592,382.127
2022-02-02,422.82,443.77,421.28,441.61,4695000,423.442,409.968,418.39,58.643,1.83,-1.49,3.32,409.968,440.162,379.774
2022-02-03,439.15,442.53,431.45,436.68,2161800,427.752,411.138,418.131,56.655,3.1,-0.572,3.672,411.138,443.601,378.675
2022-02-04,438.84,455.47,431.14,451.77,4571100,434.28,414.449,418.581,61.011,5.263,0.595,4.668,414.449,449.341,379.556
2022-02-07,449.62,459.16,444.69,450.23,2808300,438.776,417.759,418.994,60.345,6.775,1.831,4.944,417.759,453.057,382.461
2022-02-08,456.39,472.71,454.85,468.09,3575700,449.676,421.562,419.536,65.106,9.307,3.326,5.981,421.562,461.299,381.825
2022-02-09,470.87,473.33,454.54,457.32,2587500,452.818,424.318,420.281,60.397,10.326,4.726,5.6,424.318,465.998,382.639
2022-02-10,456.39,459.16,448.38,458.24,3970200,457.13,427.121,421.488,60.658,11.08,5.997,5.083,427.121,470.055,384.187
2022-02-14,439.76,461.01,433.91,454.24,5095200,457.624,430.293,422.511,58.837,11.225,7.043,4.183,430.293,471.257,389.329
2022-02-15,454.24,474.87,449.62,457.93,3800400,459.164,433.218,423.816,60.029,11.506,7.935,3.57,433.218,473.245,393.192
2022-02-16,458.86,461.32,431.76,433.3,4708200,452.206,433.742,424.857,49.686,9.629,8.274,1.355,433.742,473.469,394.016
2022-02-17,432.06,446.85,428.06,436.68,4689900,448.078,435.005,425.387,50.935,8.319,8.283,0.036,435.005,473.326,396.684
2022-02-18,427.44,438.53,421.28,421.9,2961600,440.81,435.205,425.455,45.602,6.019,7.83,-1.811,435.205,473.191,397.219
2022-02-21,409.58,409.58,397.88,403.73,3142500,430.708,434.081,424.74,40.051,2.698,6.804,-4.105,434.081,474.443,393.719
2022-02-22,398.5,402.81,384.33,385.87,3151800,416.296,432.249,423.632,35.479,-1.358,5.171,-6.53,432.249,477.813,386.684
2022-02-24,392.03,399.73,381.25,388.95,4201200,407.426,431.463,422.363,36.818,-4.276,3.282,-7.558,431.463,479.505,383.421
2022-02-25,394.8,414.82,394.49,410.2,3862500,402.13,431.617,421.605,45.262,-4.817,1.662,-6.479,431.617,479.349,383.885
2022-02-28,413.89,417.28,392.34,398.19,3503100,397.388,430.77,420.546,41.857,-6.145,0.101,-6.246,430.77,480.301,381.239
2022-03-01,406.81,408.35,395.11,402.81,2353200,397.204,429.954,419.85,43.614,-6.747,-1.269,-5.478,429.954,480.813,379.095
2022-03-02,398.8,404.04,397.57,400.65,2028600,400.16,428.599,419.363,42.961,-7.313,-2.478,-4.836,428.599,481.122,376.076
2022-03-03,408.97,409.27,396.96,400.96,1633500,402.562,427.968,418.821,43.092,-7.649,-3.512,-4.137,427.968,481.543,374.392
2022-03-04,395.42,396.65,383.71,387.72,2689200,398.066,425.273,417.984,38.952,-8.881,-4.586,-4.296,425.273,481.323,369.223
2022-03-07,374.48,377.86,355.69,356.92,4449900,389.812,421.285,417.386,31.395,-12.203,-6.109,-6.093,421.285,484.774,357.796
2022-03-08,347.07,365.24,341.52,354.77,4317900,380.204,416.435,416.512,30.943,-14.837,-7.855,-6.982,416.435,484.755,348.115
2022-03-09,354.15,359.69,345.84,346.45,3168000,369.364,411.246,414.984,29.194,-17.396,-9.763,-7.633,411.246,484.355,338.137
2022-03-10,360.31,383.41,357.85,380.63,4840500,365.298,406.873,413.888,43.358,-16.476,-11.106,-5.37,406.873,476.021,337.725
2022-03-11,372.94,378.48,369.24,372.32,2730300,362.218,402.623,412.705,41.2,-16.23,-12.13,-4.099,402.623,469.114,336.132
2022-03-14,377.25,398.8,375.71,393.57,3226800,369.548,399.39,412.126,48.288,-14.157,-12.536,-1.621,399.39,460.57,338.209
2022-03-15,398.8,408.97,396.96,401.27,3066000,378.848,396.741,411.554,50.611,-11.758,-12.38,0.622,396.741,452.246,341.236
2022-03-16,401.58,427.14,401.58,426.52,3766200,394.862,395.17,411.535,57.374,-7.73,-11.45,3.72,395.17,444.859,345.482
2022-03-17,424.98,432.06,407.43,417.59,4017000,402.254,394.385,411.486,54.53,-5.198,-10.2,5.002,394.385,441.988,346.782
2022-03-18,421.9,433.91,421.59,431.14,3219600,414.018,394.108,411.72,57.937,-2.074,-8.575,6.5,394.108,440.729,347.487
2022-03-22,435.45,436.37,414.82,420.36,2716800,419.376,394.031,411.862,54.442,-0.463,-6.952,6.489,394.031,440.464,347.598
2022-03-23,425.29,430.52,421.28,428.98,2048700,424.918,395.294,412.73,56.692,1.492,-5.263,6.755,395.294,444.147,346.44
2022-03-24,423.75,436.07,423.13,435.45,1664700,426.704,397.773,413.759,58.354,3.523,-3.506,7.029,397.773,449.556,345.989
2022-03-25,440.99,445.92,432.06,438.22,2214300,430.83,400.236,414.682,59.078,5.295,-1.746,7.041,400.236,454.862,345.61
2022-03-28,443.46,448.08,434.83,436.99,2348100,432.0,401.576,415.378,58.591,6.525,-0.092,6.616,401.576,458.496,344.655
2022-03-29,434.22,434.83,420.67,423.75,3269400,432.678,402.854,415.81,53.478,6.358,1.198,5.16,402.854,460.596,345.111
2022-03-30,414.44,431.5,414.44,428.09,2984100,432.5,404.117,416.555,54.869,6.501,2.259,4.242,404.117,462.952,345.283
2022-03-31,427.16,427.78,409.48,418.78,3378900,429.166,405.024,416.943,51.325,5.796,2.966,2.83,405.024,464.192,345.856
2022-04-01,421.27,433.68,415.99,430.57,2022000,427.636,406.504,417.098,55.265,6.118,3.596,2.522,406.504,466.716,346.293
2022-04-04,435.23,440.5,422.2,433.68,1699200,426.974,408.802,417.543,56.271,6.549,4.187,2.362,408.802,469.502,348.103
2022-04-05,432.12,442.98,429.64,436.78,2297700,429.58,412.796,417.92,57.301,7.059,4.761,2.298,412.796,469.5,356.091
2022-04-06,438.64,453.53,437.09,452.29,2049000,434.42,417.672,418.442,62.11,8.616,5.532,3.084,417.672,469.967,365.376
2022-04-07,439.57,439.88,421.27,431.5,2619300,436.964,421.924,418.621,53.424,8.079,6.042,2.037,421.924,462.31,381.538
2022-04-08,428.71,435.85,421.27,433.68,1992000,437.586,424.576,419.202,54.148,7.74,6.381,1.359,424.576,460.235,388.918
2022-04-11,435.23,440.19,425.92,432.74,1150800,437.398,427.597,419.714,53.76,7.311,6.567,0.744,427.597,453.525,401.67
2022-04-12,432.12,440.19,431.81,433.05,1590300,436.652,429.572,420.073,53.877,6.916,6.637,0.279,429.572,450.025,409.118
2022-04-13,434.92,447.63,432.12,447.01,2406600,435.596,431.858,420.63,58.934,7.642,6.838,0.804,431.858,448.938,414.779
2022-04-14,449.81,460.35,447.63,458.49,1976100,440.994,433.457,421.245,62.569,9.039,7.278,1.761,433.457,454.055,412.859
2022-04-15,459.42,467.49,457.25,458.8,1610400,446.018,435.518,422.149,62.665,10.056,7.834,2.222,435.518,457.622,413.413
2022-04-18,449.5,462.52,447.94,459.11,1347000,451.292,436.916,422.499,62.768,10.762,8.42,2.343,436.916,461.278,412.554
2022-04-19,465.32,466.87,450.43,455.39,1381200,455.76,438.668,422.873,60.608,10.896,8.915,1.982,438.668,463.055,414.28
2022-04-20,457.56,464.7,450.74,463.15,1596600,458.988,440.376,423.101,63.435,11.496,9.431,2.065,440.376,466.623,414.129
2022-04-21,461.59,477.41,460.97,469.35,2570400,461.16,442.071,423.483,65.561,12.33,10.011,2.319,442.071,471.199,412.943
2022-04-22,464.7,466.56,450.12,457.87,1719600,460.974,443.054,423.279,58.749,11.927,10.394,1.533,443.054,472.95,413.157
2022-04-25,448.57,456.01,442.98,452.29,1117200,459.61,443.818,423.178,55.719,11.03,10.521,0.509,443.818,473.844,413.793
2022-04-26,454.15,454.15,444.84,448.26,1362900,458.184,445.044,422.979,53.57,9.88,10.393,-0.513,445.044,473.585,416.503
2022-04-27,435.85,452.6,434.61,451.98,1845300,455.95,446.238,422.934,55.285,9.163,10.147,-0.984,446.238,473.774,418.703
2022-04-28,452.91,454.77,443.91,451.05,1508700,452.29,447.852,422.796,54.74,8.423,9.802,-1.379,447.852,472.211,423.493
2022-05-02,447.32,447.94,440.5,441.74,1301700,449.064,448.411,422.965,49.489,7.004,9.243,-2.238,448.411,471.585,425.236
2022-05-06,440.5,440.81,429.95,435.85,2244300,445.776,448.519,422.948,46.452,5.343,8.463,-3.119,448.519,471.421,425.617
2022-05-09,429.02,430.26,413.2,418.47,2301300,439.818,447.604,422.88,38.873,2.595,7.289,-4.695,447.604,473.72,421.487
2022-05-10,409.17,410.72,391.18,393.97,3779700,428.216,444.688,422.684,31.156,-1.543,5.523,-7.066,444.688,480.004,409.371
2022-05-11,392.73,408.24,388.38,394.59,3321600,416.924,442.842,422.859,31.527,-4.718,3.475,-8.192,442.842,484.371,401.313
2022-05-12,440.5,473.07,414.44,423.75,16152600,413.326,442.346,423.555,46.192,-4.825,1.815,-6.64,442.346,484.567,400.124
2022-05-13,433.05,457.56,414.75,453.53,6616800,416.862,443.385,424.421,56.45,-2.478,0.956,-3.435,443.385,485.635,401.135
2022-05-16,477.41,481.76,463.77,475.86,4971600,428.34,445.526,425.975,62.261,1.17,0.999,0.171,445.526,489.857,401.194
2022-05-17,488.27,490.13,476.17,477.41,2637000,445.028,447.046,427.467,62.633,4.138,1.627,2.511,447.046,493.619,400.472
2022-05-18,482.38,510.92,479.59,496.34,6192000,465.378,448.938,429.381,66.928,7.927,2.887,5.04,448.938,500.3,397.576
2022-05-19,483.93,501.3,481.45,497.27,4326000,480.082,450.862,431.307,67.128,10.879,4.485,6.394,450.862,506.483,395.24
2022-05-20,491.68,516.19,486.41,515.26,4926900,492.428,453.669,433.858,70.805,14.503,6.489,8.014,453.669,516.274,391.064
2022-05-23,521.15,530.46,497.89,503.78,5280000,498.012,456.088,436.795,65.751,16.261,8.443,7.818,456.088,522.592,389.585
2022-05-24,506.88,514.02,488.89,491.06,4242900,500.742,457.484,439.521,60.591,16.439,10.042,6.396,457.484,525.759,389.209
2022-05-25,481.76,483.0,466.87,470.9,3339000,495.654,457.561,442.01,53.433,14.782,10.99,3.792,457.561,525.897,389.226
2022-05-26,490.13,504.71,484.55,486.41,4962000,493.482,458.989,444.125,57.585,14.553,11.703,2.85,458.989,528.532,389.445
2022-05-27,491.99,493.55,478.35,481.45,2622000,486.72,460.446,446.308,55.869,13.812,12.125,1.688,460.446,530.619,390.274
2022-05-30,489.51,489.51,474.0,479.9,3021300,481.944,462.028,448.034,55.315,12.951,12.29,0.661,462.028,532.47,391.587
2022-05-31,480.52,480.52,464.08,465.63,3575100,476.858,462.711,449.322,50.359,10.99,12.03,-1.04,462.711,533.007,392.415
2022-06-01,469.66,488.58,466.87,478.66,2684400,478.41,464.092,450.364,54.378,10.368,11.698,-1.33,464.092,534.508,393.675
2022-06-02,472.76,473.07,457.87,470.28,3087900,475.184,465.518,451.418,51.491,9.094,11.177,-2.083,465.518,535.18,395.857
2022-06-03,476.48,486.1,465.63,483.62,3598200,475.618,467.907,452.468,55.538,9.056,10.753,-1.697,467.907,536.554,399.26
2022-06-06,491.06,504.4,484.55,497.89,3988200,479.216,471.878,454.018,59.437,10.062,10.614,-0.553,471.878,537.61,406.146
2022-06-07,495.72,495.72,484.55,490.13,2688000,484.116,476.686,455.241,56.534,10.116,10.515,-0.399,476.686,531.602,421.77
2022-06-08,487.03,495.41,483.0,492.93,2075700,486.97,481.603,456.391,57.343,10.266,10.465,-0.199,481.603,520.98,442.226
2022-06-09,491.68,496.96,479.59,482.38,2206200,489.39,484.535,457.274,53.314,9.426,10.257,-0.831,484.535,512.993,456.076
2022-06-10,491.99,531.7,487.96,524.88,9690000,497.642,488.102,459.032,64.221,12.05,10.616,1.434,488.102,518.046,458.158
2022-06-13,512.47,523.95,501.61,502.54,5359500,498.572,489.436,460.608,56.72,12.187,10.93,1.257,489.436,519.46,459.412
2022-06-14,490.13,505.95,483.31,503.78,3711300,501.302,490.754,462.122,57.02,12.254,11.195,1.059,490.754,520.871,460.638
2022-06-15,493.55,494.48,481.76,488.58,3938100,500.432,490.366,463.518,52.238,10.954,11.147,-0.192,490.366,520.38,460.353
2022-06-16,493.24,503.78,487.34,496.65,2996400,503.286,490.336,464.839,54.424,10.455,11.008,-0.553,490.336,520.32,460.351
2022-06-17,481.76,485.79,468.73,477.41,3936900,493.792,488.443,465.714,48.703,8.41,10.488,-2.079,488.443,516.521,460.365
2022-06-20,483.0,483.0,468.42,471.21,2305500,487.526,486.814,466.402,46.988,6.217,9.634,-3.417,486.814,514.925,458.704
2022-06-21,476.17,497.89,474.62,493.86,3143700,485.542,486.954,467.234,53.436,6.235,8.954,-2.719,486.954,515.182,458.727
2022-06-22,489.82,490.13,474.93,479.28,2789700,483.682,487.374,468.189,49.281,5.015,8.166,-3.152,487.374,514.836,459.911
2022-06-23,475.55,488.27,474.93,484.24,2190900,481.2,487.265,469.201,50.686,4.398,7.413,-3.015,487.265,514.761,459.769
2022-06-24,481.14,483.0,469.97,476.79,2887800,481.076,487.032,470.082,48.512,3.27,6.584,-3.315,487.032,514.813,459.251
2022-06-27,482.07,484.24,469.97,472.14,2336100,481.262,486.644,470.863,47.153,1.977,5.663,-3.685,486.644,515.054,458.234
2022-06-28,476.79,483.31,474.0,476.48,1766400,477.786,487.186,471.453,48.601,1.289,4.788,-3.499,487.186,514.291,460.082
2022-06-29,472.76,492.93,471.52,491.99,2476500,480.328,487.853,472.123,53.502,1.972,4.225,-2.253,487.853,514.729,460.977
2022-06-30,485.17,491.68,470.9,473.69,2368500,478.218,488.023,472.421,47.72,1.025,3.585,-2.56,488.023,514.47,461.577
2022-07-01,472.76,472.76,441.12,446.7,4751700,472.2,486.177,472.172,40.729,-1.882,2.491,-4.373,486.177,518.434,453.921
2022-07-04,452.6,457.87,443.29,455.7,2674500,468.912,484.068,472.179,43.691,-3.42,1.309,-4.729,484.068,518.542,449.594
2022-07-05,459.11,462.52,454.46,456.32,2379300,464.88,482.377,472.042,43.899,-4.536,0.14,-4.677,482.377,518.857,445.898
2022-07-06,447.63,455.08,441.43,445.46,3355200,455.574,480.004,471.564,41.039,-6.226,-1.133,-5.093,480.004,519.634,440.374
2022-07-07,443.91,444.84,404.52,437.4,8894400,448.316,477.755,471.155,39.008,-8.122,-2.531,-5.591,477.755,521.689,433.821
2022-07-08,435.85,440.5,420.96,426.85,4427400,444.346,472.854,470.646,36.464,-10.356,-4.096,-6.26,472.854,516.523,429.184
2022-07-11,433.68,450.43,430.88,437.71,3349800,440.748,469.612,470.435,40.748,-11.122,-5.501,-5.621,469.612,513.626,425.598
2022-07-12,433.36,433.68,421.89,423.44,2097000,434.172,465.595,469.864,37.199,-12.734,-6.948,-5.786,465.595,511.118,420.072
2022-07-13,427.47,433.05,424.37,425.61,2541900,430.202,462.446,469.355,38.082,-13.678,-8.294,-5.385,462.446,509.944,414.949
2022-07-14,419.41,421.58,411.65,413.51,2977800,425.424,458.29,468.791,35.116,-15.228,-9.681,-5.547,458.29,507.697,408.882
2022-07-15,413.2,417.85,404.52,405.14,3569700,421.082,454.676,468.177,33.191,-16.936,-11.132,-5.804,454.676,508.563,400.789
2022-07-19,410.1,423.44,401.1,423.44,5964600,418.228,452.288,468.276,40.83,-16.621,-12.23,-4.392,452.288,507.312,397.263
2022-07-20,434.61,449.5,429.02,443.91,5618400,422.322,449.79,469.275,47.993,-14.553,-12.694,-1.858,449.79,501.291,398.289
2022-07-21,448.57,458.8,442.05,446.39,4333800,426.478,448.145,470.311,48.802,-12.568,-12.669,0.101,448.145,497.747,398.544
2022-07-22,448.26,451.05,440.19,448.57,2594400,433.49,446.362,470.807,49.544,-10.696,-12.274,1.578,446.362,492.974,399.75
2022-07-25,446.7,453.53,444.22,449.81,2370300,442.424,445.013,470.733,49.989,-9.009,-11.621,2.613,445.013,489.427,400.599
2022-07-26,450.12,457.87,447.63,450.12,2409300,447.76,443.912,470.218,50.107,-7.559,-10.809,3.25,443.912,486.551,401.273
2022-07-27,446.7,452.29,441.43,450.74,2706600,449.126,442.625,469.685,50.36,-6.288,-9.905,3.617,442.625,482.595,402.655
2022-07-28,457.56,467.18,452.6,456.94,2274600,451.236,440.873,468.897,52.93,-4.726,-8.869,4.143,440.873,474.261,407.484
2022-07-29,458.18,465.01,456.01,462.21,2132100,453.964,440.298,468.195,55.06,-3.027,-7.701,4.673,440.298,471.644,408.953
2022-08-01,461.59,486.1,461.59,480.21,3256500,460.044,441.974,467.494,61.472,-0.227,-6.206,5.979,441.974,477.994,405.954
2022-08-02,473.07,478.66,465.32,476.48,2263500,465.316,443.013,466.948,59.575,1.673,-4.63,6.303,443.013,481.793,404.233
2022-08-03,480.52,488.27,472.14,475.86,3125400,470.34,443.99,466.644,59.247,3.093,-3.085,6.178,443.99,485.096,402.884
2022-08-04,476.17,486.1,470.59,482.38,4012200,475.428,445.836,466.874,61.634,4.69,-1.53,6.22,445.836,490.392,401.28
2022-08-05,478.97,488.89,478.66,480.52,4526700,479.09,447.992,466.756,60.545,5.739,-0.076,5.816,447.992,494.938,401.046
2022-08-08,554.97,576.06,537.91,546.59,24199500,492.366,453.979,468.059,76.461,11.767,2.292,9.475,453.979,517.268,390.69
2022-08-09,558.07,597.78,554.35,593.43,14787000,515.756,461.765,470.33,82.004,20.091,5.852,14.239,461.765,550.018,373.512
2022-08-10,590.95,596.23,580.41,585.99,7889400,537.782,469.893,472.737,78.829,25.791,9.84,15.951,469.893,572.118,367.667
2022-08-12,594.05,609.88,588.47,602.12,4969200,561.73,478.718,475.206,80.584,31.25,14.122,17.128,478.718,594.434,363.002
2022-08-15,614.53,617.63,609.25,616.08,3400200,588.842,488.846,478.122,81.977,36.284,18.554,17.73,488.846,615.477,362.216
2022-08-16,612.67,618.87,605.84,614.22,4014000,602.368,499.3,480.734,81.141,39.666,22.777,16.889,499.3,631.244,367.357
2022-08-17,614.22,625.39,611.43,617.94,3796200,607.27,509.026,483.135,81.546,42.16,26.653,15.507,509.026,646.002,372.049
2022-08-18,621.66,631.9,604.29,605.53,4631100,611.178,517.106,485.443,75.707,42.644,29.852,12.793,517.106,656.948,377.265
2022-08-19,616.08,627.25,612.05,626.01,4216200,615.956,526.088,488.105,78.449,44.171,32.716,11.456,526.088,669.824,382.351
2022-08-22,618.25,624.77,604.29,612.36,4619400,615.212,534.277,490.704,72.569,43.776,34.928,8.848,534.277,678.081,390.473
2022-08-23,612.36,630.97,610.5,629.73,4068600,618.314,543.273,492.801,75.124,44.352,36.812,7.54,543.273,687.339,399.207
2022-08-24,628.18,630.04,620.73,625.08,2819100,619.742,552.021,495.252,73.159,43.927,38.235,5.692,552.021,693.495,410.547
2022-08-25,626.63,626.63,613.29,615.15,2394600,621.666,560.242,497.479,69.008,42.302,39.049,3.253,560.242,695.924,424.559
2022-08-26,613.6,616.39,606.46,612.05,1765800,618.874,567.997,499.949,67.717,40.299,39.299,1.0,567.997,696.352,439.642
2022-08-29,600.88,615.46,598.71,612.98,2073600,618.998,575.536,502.275,67.911,38.345,39.108,-0.763,575.536,695.142,455.929
2022-08-30,610.5,622.59,607.39,619.18,1940400,616.888,582.484,505.111,69.238,36.871,38.661,-1.789,582.484,694.691,470.277
2022-08-31,614.53,630.97,611.43,624.14,3527700,616.7,589.867,508.169,70.297,35.692,38.067,-2.375,589.867,691.654,488.08
2022-09-01,616.39,633.76,615.46,625.08,2914500,618.686,597.328,510.794,70.504,34.437,37.341,-2.904,597.328,684.798,509.858
2022-09-02,620.11,628.49,609.25,614.22,3096600,619.12,603.92,513.493,64.874,32.195,36.312,-4.117,603.92,672.814,535.026
2022-09-05,622.9,627.87,612.67,612.67,2390100,619.058,610.527,516.061,64.087,29.947,35.039,-5.092,610.527,647.579,573.476
2022-09-06,613.6,616.7,601.19,611.74,2518800,617.57,613.785,518.76,63.589,27.771,33.585,-5.814,613.785,635.414,592.156
2022-09-07,609.56,621.66,599.64,621.35,3297300,617.012,615.181,521.744,66.488,26.516,32.171,-5.655,615.181,634.788,595.574
2022-09-08,617.94,630.35,613.6,627.87,2733900,617.57,617.275,524.772,68.331,25.751,30.887,-5.137,617.275,632.124,602.426
2022-09-09,620.42,634.07,614.84,630.66,4196700,620.858,618.702,527.546,69.113,25.08,29.726,-4.646,618.702,632.889,604.515
2022-09-12,637.79,660.44,635.93,653.93,4657200,629.11,620.594,531.15,74.723,26.126,29.006,-2.88,620.594,641.714,599.475
2022-09-13,662.3,669.75,648.34,659.51,3880800,638.664,622.859,535.407,75.855,27.092,28.623,-1.531,622.859,649.964,595.754
2022-09-14,646.79,662.3,641.21,641.83,3784500,642.76,624.054,539.129,65.797,26.13,28.124,-1.995,624.054,652.326,595.781
2022-09-15,648.03,659.82,647.1,659.82,2719200,649.15,626.768,543.199,70.136,26.513,27.802,-1.289,626.768,657.839,595.697
2022-09-16,656.1,664.16,648.03,648.96,2793900,652.81,627.916,547.269,64.792,25.645,27.371,-1.725,627.916,660.526,595.305
2022-09-20,647.72,652.37,635.31,641.52,2705100,650.328,629.374,551.352,61.344,24.08,26.713,-2.633,629.374,661.661,597.086
2022-09-21,635.93,649.58,633.45,646.79,2770800,647.784,630.226,555.75,62.852,22.999,25.97,-2.971,630.226,663.442,597.011
2022-09-22,636.24,657.65,634.69,657.34,3237600,650.886,631.839,560.143,65.734,22.732,25.322,-2.591,631.839,667.074,596.605
2022-09-26,647.41,654.24,626.01,630.97,3329700,645.116,632.63,564.294,54.378,20.16,24.29,-4.13,632.63,666.987,598.274
2022-09-27,619.18,631.28,608.63,626.32,2722200,640.588,633.344,568.308,52.65,17.544,22.941,-5.397,633.344,666.472,600.216
2022-09-28,629.11,629.42,597.47,612.05,10644300,634.694,633.297,572.279,47.648,14.156,21.184,-7.028,633.297,666.548,600.047
2022-09-29,624.53,627.34,609.55,620.79,1683400,629.494,633.378,576.592,50.735,12.038,19.355,-7.317,633.378,666.492,600.264
2022-09-30,611.42,611.42,587.08,588.01,2505600,615.628,631.572,579.883,40.975,7.626,17.009,-9.383,631.572,670.278,592.865
2022-10-03,584.27,598.31,573.97,597.38,2200800,608.91,630.186,582.952,44.275,4.83,14.573,-9.743,630.186,671.748,588.625
2022-10-04,611.42,624.53,611.42,618.91,1881400,607.428,630.421,586.403,51.047,4.302,12.519,-8.217,630.421,671.655,589.187
2022-10-05,632.96,633.89,613.29,616.1,2056000,608.238,630.592,589.753,50.19,3.615,10.738,-7.123,630.592,671.543,589.642
2022-10-06,620.79,664.79,605.8,642.32,4379900,612.544,632.122,593.604,57.382,5.127,9.616,-4.489,632.122,672.386,591.857
2022-10-07,628.28,649.81,622.66,634.83,3222200,621.908,632.796,597.298,54.942,5.656,8.824,-3.168,632.796,672.751,592.84
2022-10-11,616.1,632.96,611.42,619.85,2389900,626.402,632.394,600.68,50.331,4.811,8.021,-3.21,632.394,672.717,592.072
2022-10-12,614.23,632.96,613.3,627.34,1417600,628.088,632.228,604.088,52.479,4.692,7.356,-2.664,632.228,672.608,591.849
2022-10-13,626.4,635.77,613.29,614.23,1573100,627.714,630.243,607.128,48.524,3.499,6.584,-3.085,630.243,670.03,590.457
2022-10-14,627.34,634.83,616.1,632.02,1598700,625.654,628.869,610.165,53.63,3.944,6.056,-2.113,628.869,666.224,591.514
2022-10-17,627.34,641.38,624.53,634.83,1406200,625.654,628.519,613.332,54.4,4.471,5.739,-1.268,628.519,665.492,591.546
2022-10-18,641.38,647.0,634.83,636.7,1518000,629.024,627.363,616.548,54.936,4.983,5.588,-0.605,627.363,661.556,593.17
2022-10-19,634.83,634.83,616.1,624.53,1918000,628.462,626.142,619.391,50.755,4.356,5.341,-0.985,626.142,658.797,593.486
2022-10-20,607.68,611.42,587.08,611.42,3661500,627.9,624.636,622.009,46.638,2.769,4.827,-2.058,624.636,657.082,592.191
2022-10-21,610.49,618.91,598.31,600.19,1474200,621.534,622.306,623.081,43.391,0.599,3.981,-3.382,622.306,654.746,589.867
2022-10-24,603.93,607.68,592.7,602.06,1383600,614.98,619.542,623.254,44.089,-0.959,2.993,-3.952,619.542,648.664,590.421
2022-10-25,597.38,603.0,577.71,591.76,4096500,605.992,617.582,623.369,41.083,-2.99,1.797,-4.787,617.582,648.677,586.487
2022-10-26,596.44,597.38,580.52,582.4,3615000,597.566,615.386,622.975,38.514,-5.295,0.378,-5.673,615.386,649.898,580.874
2022-10-27,588.01,603.93,583.33,601.12,2765100,595.506,614.84,622.676,45.813,-5.546,-0.807,-4.74,614.84,649.916,579.763
2022-10-28,589.89,602.06,582.4,590.82,3350400,593.632,613.341,622.208,42.802,-6.502,-1.946,-4.556,613.341,649.877,576.805
2022-10-31,591.76,595.5,582.4,592.7,1734000,591.76,613.576,621.703,43.532,-7.026,-2.962,-4.065,613.576,649.482,577.669
2022-11-01,598.31,605.8,591.76,591.76,1669900,591.76,613.294,621.428,43.235,-7.432,-3.856,-3.576,613.294,649.817,576.772
2022-11-02,592.7,599.25,587.08,596.44,1785700,594.568,612.171,620.836,45.237,-7.292,-4.543,-2.749,612.171,649.343,574.999
2022-11-04,592.7,607.68,590.82,595.5,2254600,593.444,611.141,620.499,44.895,-7.175,-5.069,-2.105,611.141,648.99,573.292
2022-11-07,592.7,594.57,568.35,588.95,2244700,593.07,608.473,619.683,42.481,-7.523,-5.56,-1.963,608.473,644.55,572.395
2022-11-08,588.01,597.38,584.27,597.38,1364900,594.006,606.6,619.129,46.47,-7.038,-5.856,-1.182,606.6,640.754,572.446
2022-11-09,588.01,588.01,565.54,565.54,2907800,588.762,603.884,618.137,36.245,-9.117,-6.508,-2.609,603.884,642.008,565.761
2022-11-10,560.86,585.21,558.05,584.27,3435700,586.328,601.731,617.582,44.045,-9.149,-7.036,-2.112,601.731,639.135,564.327
2022-11-11,581.46,587.08,563.67,577.71,2955200,582.77,599.905,616.876,42.102,-9.592,-7.547,-2.045,599.905,638.292,561.518
2022-11-14,553.37,559.92,516.85,542.13,10165700,573.406,595.41,615.335,33.477,-12.669,-8.572,-4.097,595.41,638.702,552.119
2022-11-15,537.45,540.26,510.3,539.33,6767600,561.796,590.636,613.639,32.906,-15.158,-9.889,-5.269,590.636,636.604,544.667
2022-11-16,555.24,558.05,532.77,536.52,3386600,555.992,585.626,611.868,32.31,-17.16,-11.343,-5.817,585.626,632.288,538.965
2022-11-17,530.9,543.07,527.15,540.26,2370300,547.19,581.413,610.389,34.022,-18.234,-12.721,-5.513,581.413,628.5,534.326
2022-11-18,542.13,548.69,529.03,540.26,2955900,539.7,577.855,608.94,34.022,-18.868,-13.951,-4.918,577.855,626.134,529.576
2022-11-21,543.07,545.88,529.96,530.9,2034000,537.454,574.39,607.324,31.695,-19.897,-15.14,-4.757,574.39,625.766,523.015
2022-11-22,533.71,533.71,524.34,527.15,2107200,535.018,570.645,605.44,30.786,-20.775,-16.267,-4.508,570.645,624.395,516.895
2022-11-24,536.52,539.33,529.96,536.52,2609000,535.018,567.883,603.613,35.743,-20.478,-17.109,-3.369,567.883,622.73,513.036
2022-11-25,538.39,552.43,532.77,548.69,2543900,536.704,566.198,601.973,41.595,-19.042,-17.496,-1.546,566.198,621.238,511.157
2022-11-28,552.43,558.99,546.82,555.24,2044300,539.7,563.904,599.999,44.523,-17.177,-17.432,0.255,563.904,616.589,511.218
2022-11-29,555.24,573.97,543.07,573.97,2794800,548.314,563.061,598.289,51.942,-14.026,-16.751,2.725,563.061,614.458,511.664
2022-11-30,575.84,582.4,567.41,571.16,3430500,557.116,561.984,596.875,50.844,-11.622,-15.725,4.103,561.984,611.639,512.329
2022-12-01,579.59,579.59,558.05,558.05,2331600,561.422,560.299,594.84,45.959,-10.652,-14.71,4.059,560.299,607.946,512.651
2022-12-02,553.37,554.31,538.39,540.26,2157300,559.736,557.49,592.666,40.302,-11.189,-14.006,2.817,557.49,602.728,512.251
2022-12-05,541.2,547.75,536.52,544.01,1115600,557.49,554.915,590.716,41.925,-11.184,-13.442,2.258,554.915,596.781,513.049
2022-12-06,536.52,543.07,529.96,537.45,1255400,550.186,552.34,588.529,39.882,-11.575,-13.068,1.493,552.34,591.649,513.031
2022-12-07,533.71,544.94,533.71,541.2,976900,544.194,549.531,586.206,41.633,-11.451,-12.745,1.294,549.531,582.863,516.199
2022-12-08,537.45,541.2,511.24,520.6,4124200,536.704,547.284,583.999,35.515,-12.866,-12.769,-0.097,547.284,582.098,512.47
2022-12-09,507.49,509.36,486.89,486.89,6622400,526.03,542.415,581.21,28.21,-16.518,-13.519,-2.999,542.415,582.316,502.514
2022-12-12,483.15,487.83,476.59,480.34,4272400,513.296,537.546,578.576,27.046,-19.713,-14.758,-4.955,537.546,582.726,492.367
2022-12-13,481.27,492.51,479.4,487.83,2660600,503.372,534.832,575.917,30.574,-21.394,-16.085,-5.309,534.832,585.092,484.571
2022-12-14,482.21,484.08,472.85,472.85,3308000,489.702,531.507,573.613,27.689,-23.662,-17.6,-6.062,531.507,588.815,474.2
2022-12-15,471.91,476.59,466.29,472.85,2069200,480.152,528.324,571.123,27.689,-25.17,-19.114,-6.055,528.324,591.257,465.391
2022-12-16,482.21,498.13,477.53,497.19,4823500,482.212,526.17,568.688,38.604,-24.122,-20.116,-4.006,526.17,590.319,462.022
2022-12-19,490.64,490.64,482.21,486.89,1991400,483.522,523.502,566.104,36.119,-23.848,-20.862,-2.986,523.502,589.594,457.41
2022-12-20,483.15,485.02,459.74,463.48,3083400,478.652,520.131,562.527,31.204,-25.23,-21.736,-3.494,520.131,591.315,448.947
2022-12-21,460.67,464.42,451.31,455.99,2474100,475.28,516.573,558.951,29.806,-26.622,-22.713,-3.909,516.573,593.187,439.959
2022-12-22,458.8,465.36,455.99,464.42,1858400,473.594,512.968,555.842,33.421,-26.736,-23.518,-3.219,512.968,592.364,433.572
2022-12-23,461.61,461.61,450.37,450.37,1551500,464.23,508.052,552.303,30.593,-27.642,-24.343,-3.3,508.052,590.261,425.843
2022-12-26,451.31,458.8,447.56,449.44,1297400,456.74,502.762,549.007,30.41,-28.111,-25.096,-3.015,502.762,585.798,419.726
2022-12-27,455.06,467.23,453.18,464.42,2212400,456.928,497.285,545.655,36.965,-26.964,-25.47,-1.494,497.285,574.813,419.756
2022-12-28,463.48,465.36,444.76,445.69,2741900,454.868,491.011,541.872,32.804,-27.251,-25.826,-1.425,491.011,563.512,418.51
2022-12-29,445.69,453.18,442.88,449.44,1543800,451.872,485.58,538.127,34.396,-26.867,-26.034,-0.833,485.58,553.033,418.128
2022-12-30,451.31,456.93,449.44,449.44,1544100,451.686,481.04,534.625,34.396,-26.259,-26.079,-0.18,481.04,545.138,416.941
2023-01-04,449.44,449.44,437.27,437.27,2040900,449.252,475.702,531.142,31.58,-26.455,-26.154,-0.301,475.702,535.345,416.06
2023-01-05,437.27,438.2,427.9,433.52,1963400,443.072,470.506,527.809,30.745,-26.606,-26.245,-0.361,470.506,525.419,415.593
2023-01-06,428.84,437.27,426.03,431.65,1554500,440.264,465.028,524.4,30.314,-26.57,-26.31,-0.26,465.028,511.448,418.609
2023-01-10,433.52,442.88,430.71,435.39,2189500,437.454,460.768,521.273,32.355,-25.941,-26.236,0.295,460.768,500.932,420.604
2023-01-11,434.46,460.67,433.52,457.86,3846200,439.138,459.316,518.782,43.13,-23.36,-25.661,2.301,459.316,497.558,421.075
2023-01-12,455.99,456.93,433.52,437.27,4500100,439.138,457.163,515.505,37.271,-22.714,-25.072,2.357,457.163,495.27,419.056
2023-01-13,433.52,434.46,418.54,419.48,4010900,436.33,453.746,512.078,33.089,-23.369,-24.731,1.362,453.746,492.526,414.965
2023-01-16,425.09,425.09,412.92,413.86,2654500,432.772,450.796,508.502,31.872,-24.063,-24.597,0.534,450.796,492.334,409.258
2023-01-17,412.92,415.73,409.18,413.86,2357900,428.466,447.846,504.944,31.872,-24.333,-24.545,0.211,447.846,491.131,404.562
2023-01-18,411.05,421.35,408.24,417.6,2709900,420.414,443.867,501.367,33.752,-23.969,-24.43,0.46,443.867,482.427,405.307
2023-01-19,407.3,412.92,401.68,407.3,2973500,414.42,439.888,497.603,31.199,-24.232,-24.39,0.158,439.888,476.11,403.665
2023-01-20,411.98,426.03,408.24,426.03,4115300,415.73,438.015,494.344,40.077,-22.668,-24.046,1.377,438.015,472.951,403.079
2023-01-23,431.65,436.33,425.09,428.84,2391400,418.726,436.657,490.974,41.301,-20.96,-23.429,2.468,436.657,470.753,402.562
2023-01-24,428.84,430.71,422.28,423.22,2293300,420.598,434.598,488.127,39.561,-19.832,-22.709,2.878,434.598,466.541,402.654
2023-01-25,426.97,438.2,424.16,430.71,2388500,423.22,433.614,485.056,43.007,-18.124,-21.792,3.668,433.614,464.713,402.516
2023-01-26,437.27,442.88,433.52,441.01,2159400,429.962,433.193,482.322,47.446,-15.758,-20.585,4.828,433.193,463.609,402.777
2023-01-27,445.69,453.18,442.88,450.37,3232500,434.83,432.49,480.487,51.167,-12.978,-19.064,6.086,432.49,460.417,404.564
2023-01-30,452.25,453.18,441.95,444.76,2712200,438.014,432.444,478.595,48.931,-11.099,-17.471,6.372,432.444,460.281,404.607
2023-01-31,445.69,451.31,440.07,445.69,1961000,442.508,432.256,476.779,49.326,-9.427,-15.862,6.435,432.256,459.658,404.855
2023-02-01,448.5,453.18,446.63,446.63,1863300,445.692,432.116,474.906,49.75,-7.934,-14.276,6.342,432.116,459.174,405.058
2023-02-02,447.56,451.31,441.95,449.44,2105700,447.378,432.724,473.09,51.066,-6.45,-12.711,6.261,432.724,460.798,404.651
2023-02-03,451.31,454.12,443.82,447.56,2091000,446.816,433.426,471.423,50.12,-5.364,-11.242,5.878,433.426,462.276,404.577
2023-02-06,453.18,458.8,451.31,452.25,1945500,448.314,434.456,469.925,52.485,-4.077,-9.809,5.731,434.456,464.485,404.428
2023-02-07,456.93,458.8,449.44,451.31,1176500,449.438,435.253,468.221,51.954,-3.098,-8.467,5.369,435.253,466.215,404.29
2023-02-08,454.12,454.12,446.63,446.63,1305400,449.438,434.691,466.18,49.277,-2.669,-7.307,4.638,434.691,464.305,405.077
2023-02-09,447.56,454.12,443.82,452.25,1632300,450.0,435.44,464.12,52.445,-1.854,-6.216,4.363,435.44,466.069,404.811
2023-02-10,449.44,449.44,438.2,441.95,4100900,448.878,436.564,461.479,46.689,-2.016,-5.376,3.361,436.564,466.365,406.762
2023-02-13,463.48,472.85,448.5,448.5,11723100,448.128,438.296,459.026,50.416,-1.597,-4.621,3.023,438.296,466.526,410.065
2023-02-14,451.31,455.99,441.95,445.69,5608100,447.004,439.887,456.779,48.839,-1.475,-3.991,2.516,439.887,465.812,413.962
2023-02-15,445.69,448.5,440.07,440.07,3571500,445.692,441.011,454.775,45.755,-1.811,-3.555,1.744,441.011,464.722,417.299
2023-02-16,440.07,452.25,440.07,444.76,4541500,444.194,442.884,452.79,48.668,-1.68,-3.18,1.501,442.884,460.524,425.243
2023-02-17,442.88,450.37,441.01,446.63,2545600,445.13,443.914,450.974,49.825,-1.408,-2.826,1.418,443.914,459.721,428.106
2023-02-20,445.69,453.18,441.95,449.44,2109500,445.318,444.944,449.139,51.59,-0.955,-2.452,1.496,444.944,459.227,430.66
2023-02-21,453.18,455.99,442.88,443.82,2722200,444.944,445.973,447.603,47.956,-1.038,-2.169,1.131,445.973,455.997,435.95
2023-02-22,451.31,455.06,445.69,455.06,4210000,447.942,447.191,446.966,54.812,-0.194,-1.774,1.58,447.191,455.1,439.282
2023-02-24,458.8,470.04,456.93,465.36,4886200,452.062,448.408,446.667,60.011,1.291,-1.161,2.452,448.408,459.261,437.556
2023-02-27,470.04,488.76,469.1,479.4,6641600,458.616,449.86,446.498,65.79,3.559,-0.217,3.776,449.86,467.475,432.245
2023-02-28,484.08,497.19,484.08,485.02,8126500,465.732,451.873,446.742,67.795,5.744,0.975,4.769,451.873,475.283,428.463
2023-03-01,480.34,485.02,476.59,483.15,3177600,473.598,453.746,446.948,66.4,7.242,2.229,5.013,453.746,480.786,426.706
2023-03-02,485.95,488.76,480.34,481.27,2635300,478.84,455.478,446.629,64.953,8.183,3.419,4.763,455.478,484.929,426.027
2023-03-03,482.21,487.83,481.27,486.89,2502100,483.146,457.35,446.629,67.251,9.275,4.59,4.684,457.35,489.795,424.906
2023-03-06,493.44,500.0,490.64,499.06,4095500,487.078,459.926,447.341,71.594,10.995,5.871,5.124,459.926,496.95,422.901
2023-03-07,499.06,510.3,496.25,510.3,4031600,492.134,462.828,448.427,74.904,13.115,7.32,5.795,462.828,505.923,419.733
2023-03-08,511.24,516.85,509.36,512.17,4532100,497.938,465.871,449.382,75.418,14.775,8.811,5.964,465.871,513.858,417.884
2023-03-09,513.11,514.04,502.81,507.49,5068000,503.182,468.914,450.524,71.478,15.534,10.156,5.379,468.914,519.417,418.411
2023-03-10,498.13,509.36,497.19,498.13,4790200,505.43,471.208,451.498,64.248,15.205,11.166,4.04,471.208,522.682,419.734
2023-03-13,490.64,496.25,485.02,492.51,3739100,504.12,473.736,452.06,60.304,14.326,11.798,2.528,473.736,524.115,423.357
2023-03-14,486.89,489.7,474.72,476.59,4341500,497.378,475.14,452.678,50.792,12.204,11.879,0.325,475.14,524.103,426.178
2023-03-15,485.95,493.45,484.08,491.57,3290400,493.258,477.434,453.521,57.574,11.597,11.823,-0.226,477.434,524.862,430.007
2023-03-16,478.46,480.34,471.91,474.72,3770300,486.704,479.167,454.026,49.338,9.645,11.387,-1.742,479.167,523.262,435.072
2023-03-17,482.21,485.02,477.53,482.21,2495000,483.52,481.04,454.925,52.585,8.604,10.83,-2.227,481.04,522.056,440.023
2023-03-20,475.65,490.64,473.78,477.53,4151200,480.524,482.585,455.805,50.411,7.316,10.128,-2.811,482.585,520.342,444.827
2023-03-22,485.95,486.89,476.59,480.34,2173200,481.274,484.13,456.779,51.702,6.449,9.392,-2.943,484.13,518.559,449.7
2023-03-23,473.78,479.4,470.04,475.65,2326600,478.09,485.721,457.584,49.39,5.321,8.578,-3.257,485.721,514.837,456.605
2023-03-24,471.91,472.85,464.42,469.1,2694400,476.966,486.423,457.809,46.278,3.854,7.633,-3.779,486.423,512.992,459.854
2023-03-27,472.85,472.85,457.86,458.8,2735300,472.284,486.095,458.24,41.817,1.84,6.474,-4.635,486.095,513.893,458.297
2023-03-28,461.61,470.04,459.74,466.29,2197000,470.036,485.439,459.176,45.901,0.838,5.347,-4.509,485.439,514.492,456.387
2023-03-29,468.16,481.27,468.16,476.59,2978000,469.286,485.018,460.43,50.996,0.865,4.451,-3.586,485.018,514.34,455.696
2023-03-30,476.59,490.75,475.65,488.86,2942600,471.928,485.304,461.93,56.278,1.855,3.932,-2.076,485.304,514.66,455.947
2023-03-31,488.86,491.69,475.65,482.25,2699800,474.558,485.352,463.223,52.966,2.083,3.562,-1.479,485.352,514.684,456.021
2023-04-03,486.97,495.47,486.97,492.63,2487800,481.324,485.639,464.93,57.224,3.065,3.463,-0.397,485.639,515.146,456.133
2023-04-04,491.69,491.69,484.14,486.97,2354500,485.46,485.035,466.149,54.335,3.348,3.44,-0.091,485.035,513.871,456.199
2023-04-05,477.53,479.42,473.76,475.65,3068400,485.272,483.302,467.085,49.007,2.629,3.278,-0.648,483.302,509.818,456.787
2023-04-06,470.93,479.42,469.04,474.7,2741600,482.44,481.429,468.115,48.577,1.96,3.014,-1.054,481.429,504.416,458.442
2023-04-07,475.65,486.97,475.65,484.14,2603700,482.818,480.261,469.183,52.995,2.166,2.845,-0.678,480.261,499.787,460.736
2023-04-10,485.08,493.58,484.14,493.58,2552400,483.008,480.034,470.235,56.976,3.056,2.887,0.169,480.034,498.773,461.295
2023-04-11,495.47,502.07,492.63,501.13,2255500,485.84,480.465,471.25,59.902,4.321,3.174,1.147,480.465,500.745,460.185
2023-04-12,501.13,506.79,498.3,502.07,2453700,491.124,481.739,472.396,60.264,5.338,3.607,1.731,481.739,504.09,459.388
2023-04-13,502.07,517.17,499.24,513.4,3030300,498.864,482.83,473.75,64.434,6.977,4.281,2.697,482.83,509.007,456.654
2023-04-14,511.51,511.51,500.18,503.02,3754700,502.64,484.246,474.878,58.388,7.354,4.895,2.459,484.246,511.609,456.882
2023-04-17,505.85,511.51,503.96,505.85,2497400,505.094,485.427,476.006,59.504,7.792,5.475,2.317,485.427,514.415,456.44
2023-04-18,505.85,510.57,501.13,507.73,2375600,506.414,486.938,477.21,60.266,8.195,6.019,2.177,486.938,517.306,456.569
2023-04-19,506.79,514.34,504.9,513.4,2149800,508.68,488.59,478.433,62.555,8.871,6.589,2.281,488.59,520.979,456.202
2023-04-20,511.51,521.89,510.57,515.28,2773400,509.056,490.572,479.712,63.31,9.449,7.161,2.288,490.572,524.442,456.702
2023-04-21,513.4,518.12,510.57,510.57,2066500,510.566,492.646,480.991,60.045,9.418,7.612,1.806,492.646,526.055,459.236
2023-04-24,516.23,533.22,516.23,531.33,3618000,515.662,496.272,482.572,67.902,10.943,8.279,2.664,496.272,529.958,462.586
2023-04-25,533.22,543.6,530.38,540.77,4384200,522.27,499.996,484.549,70.722,12.766,9.176,3.59,499.996,536.106,463.886
2023-04-26,539.82,555.87,535.1,544.54,4867600,528.498,503.394,486.47,71.788,14.349,10.211,4.139,503.394,542.862,463.925
2023-04-27,535.1,554.92,531.33,550.2,3874100,535.482,506.46,488.56,73.356,15.878,11.344,4.534,506.46,550.448,462.473
2023-04-28,553.98,558.7,542.65,551.15,2998800,543.598,509.906,490.781,73.621,16.97,12.469,4.501,509.906,556.617,463.194
2023-05-01,558.7,559.64,551.15,553.98,2430700,548.128,512.973,492.966,74.437,17.859,13.547,4.311,512.973,562.858,463.088
2023-05-02,551.15,560.58,544.54,560.58,3325400,552.09,516.654,495.245,76.28,18.878,14.613,4.264,516.654,569.249,464.058
2023-05-08,560.58,560.58,540.77,548.32,5097800,552.846,520.287,497.222,66.667,18.483,15.387,3.096,520.287,570.961,469.613
2023-05-09,556.81,559.64,542.65,556.81,4852300,554.168,524.392,499.482,69.531,18.64,16.038,2.602,524.392,572.768,476.017
2023-05-10,604.0,639.86,602.11,611.55,17923700,566.248,530.763,502.612,80.915,22.918,17.414,5.504,530.763,589.307,472.219
2023-05-11,614.38,615.32,588.9,596.45,7732600,574.742,535.906,505.234,72.831,24.803,18.892,5.912,535.906,598.623,473.19
2023-05-12,596.45,601.17,583.23,583.23,4277000,579.272,540.012,507.31,66.561,24.943,20.102,4.841,540.012,603.881,476.142
2023-05-15,583.23,593.62,577.57,587.95,2699000,587.198,544.305,509.369,67.633,25.145,21.111,4.035,544.305,608.977,479.634
2023-05-16,587.95,587.95,572.85,583.23,3698300,592.482,547.797,511.371,65.377,24.641,21.817,2.824,547.797,612.981,482.613
2023-05-17,587.95,599.28,583.23,586.07,4143700,587.386,551.95,513.467,66.109,24.191,22.291,1.899,551.95,615.688,488.211
2023-05-18,589.84,592.67,578.52,578.52,2554200,583.8,555.583,515.299,62.334,22.96,22.425,0.535,555.583,616.478,494.688
2023-05-19,580.4,587.01,574.74,580.4,2041100,583.234,559.216,516.926,62.902,21.885,22.317,-0.432,559.216,616.664,501.769
2023-05-22,571.91,587.01,570.97,586.07,2652300,582.858,562.85,518.441,64.635,21.245,22.103,-0.858,562.85,617.206,508.494
2023-05-23,584.18,587.01,572.85,576.63,2704300,581.538,565.918,519.731,59.641,19.749,21.632,-1.883,565.918,615.702,516.133
2023-05-24,576.63,578.52,563.42,567.19,2011500,577.762,568.748,520.925,55.059,17.598,20.825,-3.227,568.748,611.177,526.32
2023-05-25,580.4,582.29,568.13,574.74,2111700,577.006,570.919,522.457,57.848,16.315,19.923,-3.608,570.919,609.56,532.278
2023-05-26,574.74,583.23,570.02,577.57,2009400,576.44,572.759,524.158,58.878,15.349,19.008,-3.659,572.759,608.77,536.748
2023-05-29,594.56,600.22,589.84,589.84,3625400,577.194,575.024,526.423,63.09,15.397,18.286,-2.889,575.024,609.214,540.834
2023-05-30,592.67,593.62,580.4,587.01,2356200,579.27,576.864,528.332,61.525,15.033,17.635,-2.603,576.864,609.349,544.38
2023-05-31,585.12,610.6,583.23,608.72,4904500,587.576,579.743,531.012,68.069,16.308,17.37,-1.062,579.743,612.83,546.656
2023-06-01,604.94,614.38,599.28,608.72,3355300,594.372,582.48,533.542,68.069,17.122,17.32,-0.199,582.48,615.65,549.31
2023-06-02,606.83,618.15,599.28,618.15,3441800,602.488,585.358,536.354,70.589,18.316,17.519,0.796,585.358,620.462,550.255
2023-06-05,625.7,625.7,616.27,618.15,2687600,608.15,588.85,539.111,70.589,19.043,17.824,1.219,588.85,622.294,555.406
2023-06-06,619.1,620.98,614.38,619.1,1369900,614.568,591.964,541.98,70.858,19.471,18.154,1.318,591.964,624.433,559.496
2023-06-07,620.98,622.87,605.88,609.66,3038500,614.756,591.87,544.791,64.547,18.832,18.289,0.543,591.87,624.109,559.631
2023-06-08,585.12,587.01,561.53,566.25,7859100,606.262,590.36,546.94,44.791,14.654,17.562,-2.909,590.36,624.47,556.25
2023-06-09,568.13,573.8,563.42,563.42,3014100,595.316,589.37,548.882,43.848,10.987,16.247,-5.26,589.37,625.445,553.294
2023-06-12,564.36,565.3,545.48,547.37,6100300,581.16,587.34,550.298,38.856,6.709,14.339,-7.63,587.34,628.023,546.658
2023-06-13,546.43,554.92,544.54,553.03,3786500,567.946,585.83,551.581,41.39,3.732,12.218,-8.486,585.83,629.302,542.359
2023-06-14,559.64,563.42,553.03,561.53,2642900,558.32,584.603,553.167,45.072,2.036,10.182,-8.146,584.603,629.411,539.796
2023-06-15,564.36,565.3,554.92,555.87,1807200,556.244,583.471,554.432,43.129,0.232,8.192,-7.96,583.471,630.036,536.906
2023-06-16,554.92,560.58,553.98,558.7,1794100,555.3,582.386,555.866,44.419,-0.959,6.361,-7.32,582.386,630.246,534.526
2023-06-19,559.64,564.36,553.98,562.47,1737700,558.32,581.206,557.603,46.171,-1.58,4.773,-6.353,581.206,629.841,532.571
2023-06-20,563.42,569.08,558.7,560.58,1674800,559.83,580.404,559.32,45.399,-2.199,3.379,-5.578,580.404,629.879,530.928
2023-06-21,558.7,561.53,551.15,561.53,1951400,559.83,580.12,560.868,45.889,-2.583,2.186,-4.77,580.12,629.977,530.264
2023-06-22,553.03,560.58,553.03,554.92,1596500,559.64,579.13,562.095,42.997,-3.382,1.073,-4.455,579.13,630.209,528.05
2023-06-23,555.87,560.58,543.6,546.43,2192000,557.186,577.572,563.001,39.549,-4.647,-0.071,-4.576,577.572,630.71,524.435
2023-06-26,545.48,548.32,537.93,540.77,2020500,552.846,575.119,563.775,37.397,-6.036,-1.264,-4.772,575.119,630.361,519.877
2023-06-27,537.93,539.82,530.38,538.88,2524000,548.506,572.712,564.285,36.679,-7.207,-2.453,-4.754,572.712,629.931,515.494
2023-06-28,539.82,545.48,535.1,544.54,2658000,545.108,569.504,565.115,40.371,-7.59,-3.48,-4.11,569.504,625.403,513.604
2023-06-29,548.81,551.65,538.38,542.17,1692200,542.558,566.176,565.841,39.336,-7.993,-4.383,-3.61,566.176,620.136,512.216
2023-06-30,538.38,540.28,532.69,539.33,1412700,541.138,562.235,566.473,38.078,-8.444,-5.195,-3.249,562.235,611.523,512.947
2023-07-03,543.12,545.96,536.48,538.38,1640600,540.66,558.246,566.973,37.644,-8.777,-5.912,-2.866,558.246,600.954,515.539
2023-07-04,538.38,541.22,532.69,539.33,1324500,540.75,554.258,567.454,38.4,-8.863,-6.502,-2.361,554.258,586.703,521.813
2023-07-05,536.48,536.48,528.9,529.85,1831400,537.812,550.268,567.84,33.973,-9.584,-7.118,-2.466,550.268,571.827,528.708
2023-07-06,528.9,545.01,521.32,543.12,4723000,538.002,549.111,568.075,43.748,-8.982,-7.491,-1.491,549.111,569.511,528.711
2023-07-07,544.07,566.82,543.12,561.13,6117200,542.362,548.996,568.483,53.756,-6.971,-7.387,0.416,548.996,569.082,528.911
2023-07-10,557.34,559.23,547.86,549.75,3489500,544.636,549.116,568.587,47.951,-6.224,-7.155,0.93,549.116,569.189,529.042
2023-07-11,552.6,560.18,548.81,549.75,2023000,546.72,548.952,568.578,47.951,-5.568,-6.837,1.269,548.952,568.943,528.96
2023-07-12,549.75,550.7,535.54,535.54,1750100,547.858,547.652,568.266,41.466,-6.124,-6.695,0.571,547.652,567.58,527.724
2023-07-13,532.69,532.69,522.27,527.95,2564600,544.824,546.256,567.745,38.474,-7.095,-6.775,-0.321,546.256,567.62,524.892
2023-07-14,527.01,531.74,512.79,512.79,3058000,535.156,543.96,566.789,33.303,-8.985,-7.217,-1.768,543.96,569.208,518.713
2023-07-18,511.84,519.42,509.0,512.79,2204400,527.764,541.476,566.079,33.303,-10.363,-7.846,-2.517,541.476,568.75,514.203
2023-07-19,519.42,522.27,514.68,522.27,1829900,522.268,539.561,565.388,39.226,-10.568,-8.39,-2.178,539.561,566.565,512.557
2023-07-20,520.37,531.74,519.42,528.9,1675300,520.94,537.93,563.735,43.036,-10.079,-8.728,-1.351,537.93,563.235,512.624
2023-07-21,526.06,530.8,520.37,526.06,1572600,520.562,536.486,562.327,41.827,-9.808,-8.944,-0.864,536.486,560.991,511.982
2023-07-24,529.85,535.54,527.95,530.8,1148200,524.164,535.705,561.278,44.624,-9.106,-8.977,-0.13,535.705,559.869,511.541
2023-07-25,530.8,533.64,527.95,528.9,889500,527.386,535.112,560.097,43.717,-8.604,-8.902,0.298,535.112,559.335,510.888
2023-07-26,530.8,532.69,526.06,532.69,1077200,529.47,534.802,559.087,46.073,-7.81,-8.684,0.874,534.802,558.981,510.623
2023-07-27,529.85,535.54,529.85,535.54,926600,530.798,534.352,558.076,47.841,-6.871,-8.321,1.45,534.352,558.099,510.605
2023-07-28,531.74,536.48,526.06,532.69,1532400,532.124,533.878,557.159,46.209,-6.285,-7.914,1.629,533.878,557.344,510.412
2023-07-31,538.38,542.17,532.69,538.38,1354500,533.64,533.83,556.319,49.884,-5.3,-7.391,2.091,533.83,557.254,510.407
2023-08-01,541.22,543.12,532.69,542.17,1523200,536.294,534.02,555.441,52.225,-4.166,-6.746,2.58,534.02,557.659,510.381
2023-08-02,541.22,541.22,529.85,532.69,1588800,536.294,533.688,554.562,46.388,-3.986,-6.194,2.208,533.688,557.199,510.177
2023-08-03,528.9,538.38,528.9,534.59,1451300,536.104,533.925,553.91,47.651,-3.648,-5.685,2.037,533.925,557.369,510.481
2023-08-04,532.69,542.17,531.74,541.22,1771400,537.81,533.83,553.24,51.908,-2.813,-5.11,2.298,533.83,557.132,510.528
2023-08-07,542.17,546.91,529.85,546.91,4143600,539.516,533.119,552.627,55.27,-1.672,-4.423,2.75,533.119,553.612,512.626
2023-08-08,529.85,544.07,521.32,527.95,8246100,536.672,532.029,551.389,44.185,-2.272,-3.993,1.72,532.029,551.065,512.993
2023-08-09,526.06,531.74,510.89,511.84,4050700,532.502,530.134,549.885,37.334,-4.002,-3.995,-0.007,530.134,549.289,510.978
2023-08-10,507.1,525.11,504.26,523.21,2161100,530.226,529.517,548.175,43.941,-4.404,-4.076,-0.328,529.517,548.733,510.301
2023-08-14,528.9,542.17,526.06,539.33,2659800,529.848,530.086,546.787,51.714,-3.383,-3.938,0.555,530.086,549.775,510.397
2023-08-15,554.49,573.45,547.86,563.97,5693300,533.26,532.645,545.704,60.687,-0.579,-3.266,2.687,532.645,555.857,509.433
2023-08-16,563.97,563.97,552.6,561.13,3068600,539.896,535.062,544.563,59.318,1.398,-2.333,3.731,535.062,559.598,510.526
2023-08-17,556.39,564.92,555.44,559.23,2538500,549.374,536.91,543.366,58.37,2.779,-1.311,4.09,536.91,562.913,510.907
2023-08-18,554.49,555.44,532.69,535.54,3333500,551.84,537.242,541.884,48.056,1.94,-0.661,2.601,537.242,562.983,511.501
2023-08-21,531.74,539.33,528.9,534.59,1531900,550.892,537.668,541.25,47.692,1.185,-0.291,1.476,537.668,562.907,512.43
2023-08-22,538.38,545.96,533.64,536.48,1523900,545.394,537.952,540.712,48.527,0.73,-0.087,0.817,537.952,562.993,512.912
2023-08-23,534.59,540.28,529.85,540.28,1133800,541.224,538.522,540.57,50.247,0.669,0.064,0.605,538.522,563.21,513.833
2023-08-24,540.28,543.12,530.8,534.59,1450500,536.296,538.616,540.201,47.678,0.159,0.083,0.076,538.616,563.225,514.008
2023-08-25,528.9,545.96,526.06,541.22,2067800,537.432,538.9,539.795,50.833,0.287,0.124,0.163,538.9,563.491,514.31
2023-08-28,545.96,552.6,542.17,549.75,1508500,540.464,539.754,539.672,54.623,1.065,0.312,0.752,539.754,564.619,514.888
2023-08-29,552.6,557.34,549.75,553.55,1399100,543.878,540.512,539.569,56.242,1.965,0.643,1.322,540.512,566.116,514.908
2023-08-30,555.44,559.23,550.7,551.65,1566000,546.152,540.986,539.353,55.182,2.496,1.013,1.483,540.986,567.065,514.907
2023-08-31,552.6,565.87,551.65,563.02,2274800,551.838,542.502,539.402,60.035,3.79,1.569,2.222,542.502,570.037,514.968
2023-09-01,563.97,576.29,560.18,576.29,2336600,558.852,544.588,539.697,64.823,5.82,2.419,3.401,544.588,575.685,513.49
2023-09-04,578.19,579.14,572.5,574.4,1413100,563.782,546.246,540.087,63.654,7.193,3.374,3.82,546.246,580.013,512.48
2023-09-05,574.4,578.19,571.55,577.24,978400,568.52,547.763,540.703,64.685,8.414,4.382,4.032,547.763,584.268,511.258
2023-09-06,573.45,574.4,560.18,561.13,2510900,570.416,549.422,541.11,55.13,7.989,5.103,2.886,549.422,585.143,513.701
2023-09-07,561.13,570.61,558.28,559.23,2498300,569.658,551.792,541.517,54.115,7.414,5.565,1.848,551.792,583.021,520.562
2023-09-08,553.55,555.44,547.86,552.6,2221100,564.92,553.261,541.678,50.612,6.349,5.722,0.627,553.261,581.445,525.077
2023-09-11,554.49,561.13,546.91,559.23,1703800,561.886,554.256,542.019,53.83,5.972,5.772,0.2,554.256,581.766,526.746
2023-09-12,563.02,571.55,559.23,563.97,2858200,559.232,554.256,542.512,56.036,5.987,5.815,0.172,554.256,581.766,526.746
2023-09-13,565.87,573.45,563.97,564.92,1798700,559.99,554.446,543.043,56.485,6.005,5.853,0.152,554.446,582.206,526.685
2023-09-14,567.76,571.55,558.28,565.87,2132000,561.318,554.778,543.574,56.958,6.028,5.888,0.14,554.778,582.935,526.62
2023-09-15,565.87,571.55,562.08,567.76,2491700,564.35,556.388,544.332,57.938,6.127,5.936,0.191,556.388,583.582,529.195
2023-09-19,563.97,564.92,549.75,554.49,2303400,563.402,557.384,544.559,49.43,5.077,5.764,-0.687,557.384,582.603,532.164
2023-09-20,558.28,558.28,548.81,549.75,1704800,560.558,558.047,544.332,46.787,3.818,5.375,-1.557,558.047,581.594,534.5
2023-09-21,549.75,552.6,547.86,548.81,933500,557.336,558.474,544.313,46.259,2.713,4.842,-2.13,558.474,580.95,535.997
2023-09-22,544.07,550.7,538.38,543.12,2098700,552.786,558.9,544.18,43.088,1.362,4.146,-2.784,558.9,579.732,538.068
2023-09-25,545.01,551.65,541.22,550.7,1376200,549.374,559.374,544.484,48.184,0.893,3.496,-2.602,559.374,578.903,539.845
2023-09-26,549.75,551.65,541.22,545.96,2103500,547.668,559.185,544.844,45.444,0.138,2.824,-2.686,559.185,579.175,539.194
2023-09-27,545.96,550.7,539.33,546.91,2862200,547.1,558.852,545.526,46.105,-0.38,2.183,-2.563,558.852,579.448,538.257
2023-09-28,549.29,549.29,539.77,542.63,1523700,545.864,558.402,546.123,43.543,-1.123,1.522,-2.645,558.402,580.03,536.773
2023-09-29,544.53,552.15,531.2,533.11,2282400,543.862,556.906,546.34,38.429,-2.452,0.727,-3.179,556.906,581.166,532.646
2023-10-02,535.96,537.87,525.49,525.49,1474900,538.82,554.366,546.272,34.895,-4.072,-0.233,-3.84,554.366,580.635,528.097
2023-10-03,522.63,525.49,502.64,502.64,2424800,530.156,550.778,545.803,26.907,-7.119,-1.61,-5.509,550.778,584.164,517.392
2023-10-04,486.46,490.27,467.42,467.42,5576600,514.258,545.287,544.536,19.497,-12.234,-3.735,-8.499,545.287,593.278,497.296
2023-10-05,475.04,491.22,475.04,487.41,3456500,503.214,541.601,543.706,31.095,-14.507,-5.889,-8.618,541.601,595.437,487.765
2023-10-06,503.6,503.6,488.36,498.84,3692800,496.36,538.582,543.029,36.71,-15.212,-7.754,-7.458,538.582,594.968,482.195
2023-10-10,508.36,523.59,502.64,522.64,2713400,495.79,537.084,542.771,46.488,-13.691,-8.941,-4.75,537.084,593.494,480.673
2023-10-11,524.54,540.72,524.54,531.2,2708200,501.502,535.682,542.741,49.509,-11.661,-9.485,-2.176,535.682,591.161,480.203
2023-10-12,528.35,539.77,525.49,535.96,2748600,515.21,534.282,542.693,51.16,-9.558,-9.5,-0.058,534.282,588.144,480.419
2023-10-13,526.44,530.25,517.88,517.88,1617300,521.304,531.93,542.207,45.124,-9.244,-9.449,0.205,531.93,584.245,479.614
2023-10-16,512.16,512.16,497.88,501.69,1765800,521.874,528.72,541.587,40.514,-10.184,-9.596,-0.588,528.72,580.136,477.305
2023-10-17,507.4,513.12,507.4,511.21,1553200,519.588,525.893,541.119,44.128,-10.045,-9.686,-0.359,525.893,574.406,477.38
2023-10-18,512.16,513.12,499.79,509.31,1358000,515.21,523.634,540.481,43.559,-9.973,-9.743,-0.23,523.634,570.727,476.541
2023-10-19,493.12,511.21,491.22,508.36,1444300,509.69,521.564,539.71,43.259,-9.879,-9.77,-0.109,521.564,567.448,475.681
2023-10-20,507.4,512.16,503.6,508.36,1313400,507.786,519.542,539.318,43.259,-9.692,-9.755,0.062,519.542,563.91,475.174
2023-10-23,509.31,510.26,502.64,503.6,1012300,508.168,517.566,539.153,41.593,-9.816,-9.767,-0.049,517.566,561.023,474.109
2023-10-24,507.4,512.16,495.03,509.31,1439000,507.788,515.496,538.875,44.361,-9.345,-9.682,0.338,515.496,556.162,474.831
2023-10-25,509.31,513.12,506.45,509.31,1139500,507.788,513.664,538.275,44.361,-8.869,-9.52,0.65,513.664,551.772,475.556
2023-10-26,501.69,509.31,501.69,503.6,1123200,506.836,511.498,537.068,42.05,-8.851,-9.386,0.535,511.498,546.443,476.554
2023-10-27,507.4,515.02,504.55,515.02,1337100,508.168,510.118,536.145,47.897,-7.825,-9.074,1.249,510.118,541.925,478.311
2023-10-30,505.5,508.36,499.79,505.5,3021800,508.548,508.738,535.071,43.919,-7.692,-8.798,1.106,508.738,538.685,478.79
2023-10-31,505.5,516.92,498.84,516.92,1651900,510.07,508.309,534.698,49.354,-6.589,-8.356,1.767,508.309,537.483,479.135
2023-11-01,518.83,518.83,511.21,516.92,2438800,511.592,509.023,534.345,49.354,-5.649,-7.814,2.165,509.023,538.311,479.735
2023-11-02,521.68,525.49,510.26,511.21,1977600,513.114,511.212,533.84,46.728,-5.304,-7.312,2.008,511.212,532.989,489.436
2023-11-06,520.73,534.06,515.02,529.3,2817900,515.97,513.307,533.62,54.912,-3.53,-6.556,3.026,513.307,533.441,493.173
2023-11-07,526.44,528.35,519.78,519.78,1982600,518.826,514.354,533.324,50.514,-2.86,-5.817,2.957,514.354,533.472,495.236
2023-11-08,523.59,525.49,511.21,515.97,1675100,518.636,514.02,532.819,48.828,-2.606,-5.175,2.569,514.02,532.759,495.282
2023-11-09,517.88,521.68,511.21,521.68,1811700,519.588,513.545,532.257,51.444,-1.922,-4.524,2.602,513.545,530.876,496.213
2023-11-10,515.02,531.2,512.16,529.3,2122700,523.206,513.212,531.772,54.766,-0.756,-3.77,3.015,513.212,528.909,497.514
2023-11-13,558.81,575.95,535.01,543.58,7798300,526.062,514.496,531.611,60.254,1.305,-2.755,4.061,514.496,535.209,493.784
2023-11-14,542.63,549.29,533.11,544.53,3249700,531.012,516.638,531.241,60.597,2.981,-1.608,4.589,516.638,540.41,492.867
2023-11-15,561.67,567.38,554.05,561.67,4359700,540.152,519.162,530.949,66.248,5.627,-0.161,5.788,519.162,550.129,488.194
2023-11-16,558.81,568.33,555.95,564.52,2829200,548.72,521.922,530.751,67.094,7.864,1.444,6.42,521.922,558.523,485.321
2023-11-17,560.71,562.62,555.0,558.81,1880600,554.622,524.445,530.383,63.654,9.071,2.969,6.102,524.445,563.948,484.941
2023-11-20,553.1,558.81,543.58,543.58,2040300,554.622,526.206,530.032,55.485,8.698,4.115,4.583,526.206,565.83,486.581
2023-11-21,542.63,556.91,542.63,549.29,1736800,555.574,528.49,529.833,57.678,8.763,5.045,3.718,528.49,567.895,489.085
2023-11-22,547.39,554.05,545.48,552.15,840200,553.67,530.632,529.824,58.774,8.942,5.824,3.118,530.632,570.304,490.96
2023-11-24,559.76,568.33,555.95,557.86,1658800,552.338,533.06,529.796,60.947,9.435,6.546,2.889,533.06,573.177,492.942
2023-11-27,559.76,562.62,551.19,554.05,1874000,551.386,535.582,529.598,58.722,9.411,7.119,2.291,535.582,574.217,496.947
2023-11-28,555.0,561.67,553.1,560.71,1309600,554.812,537.866,529.514,61.376,9.815,7.658,2.157,537.866,576.784,498.949
2023-11-29,561.67,565.47,553.1,555.0,1479900,555.954,540.342,529.296,57.937,9.565,8.04,1.525,540.342,576.812,503.871
2023-11-30,556.91,563.57,554.05,561.67,2092700,557.858,542.579,529.175,60.707,9.792,8.39,1.402,542.579,578.485,506.673
2023-12-01,564.52,566.43,546.43,546.43,1826100,555.572,544.054,529.013,52.242,8.643,8.441,0.202,544.054,577.887,510.222
2023-12-04,546.43,559.76,539.77,559.76,1884400,556.714,546.482,529.214,57.786,8.707,8.494,0.213,546.482,577.217,515.747
2023-12-05,553.1,554.05,533.11,533.11,2582000,551.194,546.672,528.9,46.23,6.532,8.102,-1.569,546.672,577.003,516.342
2023-12-06,533.11,535.96,530.25,532.15,1550700,546.624,547.291,528.68,45.874,4.677,7.417,-2.739,547.291,575.76,518.822
2023-12-07,525.49,531.2,520.73,523.59,1634900,539.008,547.672,528.138,42.717,2.488,6.431,-3.943,547.672,574.535,520.809
2023-12-08,515.02,523.59,507.4,509.31,2051500,531.584,547.054,527.405,38.015,-0.395,5.066,-5.461,547.054,576.846,517.261
2023-12-11,516.92,520.73,513.12,516.92,1552200,523.016,546.435,526.805,41.698,-2.042,3.644,-5.686,546.435,578.228,514.641
2023-12-12,516.92,517.88,504.55,506.45,2212200,517.684,544.578,526.082,38.324,-4.145,2.086,-6.231,544.578,581.063,508.093
2023-12-13,525.49,533.11,514.07,524.54,3573300,516.162,543.578,525.91,46.394,-4.301,0.809,-5.11,543.578,581.148,506.009
2023-12-14,537.87,537.87,519.78,524.54,2730800,516.352,541.722,525.891,46.394,-4.375,-0.228,-4.147,541.722,579.197,504.247
2023-12-15,526.44,534.06,525.49,531.2,1534800,520.73,540.056,526.462,49.23,-3.852,-0.953,-2.899,540.056,576.202,503.91
2023-12-18,527.39,535.96,525.49,535.01,1145100,524.348,538.866,527.814,50.833,-3.094,-1.381,-1.713,538.866,573.965,503.767
2023-12-19,535.96,542.63,533.11,539.77,1534300,531.012,538.676,528.861,52.836,-2.086,-1.522,-0.564,538.676,573.708,503.643
2023-12-20,542.63,547.39,540.72,541.67,1302700,534.438,538.294,529.718,53.648,-1.12,-1.442,0.322,538.294,573.005,503.584
2023-12-21,538.82,540.72,531.2,538.82,1233200,537.294,537.628,530.042,52.197,-0.578,-1.269,0.691,537.628,571.725,503.531
2023-12-22,532.15,534.06,525.49,528.35,1694500,536.724,536.152,529.985,47.15,-0.982,-1.211,0.229,536.152,569.097,503.208
2023-12-25,532.15,532.15,518.83,521.68,1393300,534.058,534.534,529.699,44.218,-1.819,-1.333,-0.486,534.534,566.953,502.115
2023-12-26,523.59,526.44,521.68,526.44,1427100,531.392,532.82,529.87,46.763,-2.075,-1.481,-0.594,532.82,562.957,502.684
2023-12-27,525.49,538.82,525.49,538.82,2351600,530.822,532.012,530.613,52.795,-1.264,-1.438,0.174,532.012,560.462,503.561
2023-12-28,535.47,538.34,534.51,535.47,1182100,530.152,530.702,531.098,51.107,-0.882,-1.327,0.445,530.702,555.592,505.811
2023-12-29,532.59,537.38,529.72,534.51,1104700,531.384,530.105,531.602,50.608,-0.648,-1.191,0.543,530.105,553.96,506.251
2024-01-04,530.68,543.13,525.89,540.26,1233300,535.1,529.13,532.24,53.536,0.0,-0.953,0.953,529.13,549.17,509.091
2024-01-05,541.21,542.17,536.42,541.21,868800,538.054,529.536,532.897,54.02,0.584,-0.645,1.23,529.536,550.231,508.84
2024-01-09,545.05,557.5,541.21,557.5,1942500,541.79,530.803,533.975,61.45,2.335,-0.049,2.384,530.803,554.984,506.622
2024-01-10,558.46,566.12,557.5,562.29,1810100,547.154,532.738,535.035,63.326,4.062,0.773,3.289,532.738,560.428,505.048
2024-01-11,565.16,587.19,561.33,580.49,3817100,556.35,536.297,536.458,69.417,6.82,1.982,4.838,536.297,569.128,503.466
2024-01-12,580.49,593.9,580.49,586.23,3336600,565.544,539.762,538.111,71.05,9.362,3.458,5.903,539.762,578.145,501.38
2024-01-15,583.36,584.32,576.66,579.53,404800,573.208,543.416,539.401,66.581,10.712,4.909,5.803,543.416,582.356,504.477
2024-01-16,572.82,577.61,566.12,569.95,1695300,575.698,545.687,540.69,60.702,10.883,6.104,4.779,545.687,585.282,506.092
2024-01-17,577.61,607.31,575.7,595.81,5706100,582.402,549.25,542.268,68.729,12.956,7.474,5.482,549.25,593.399,505.102
2024-01-18,594.86,601.56,588.15,591.02,1972100,584.508,552.242,543.75,66.038,14.051,8.79,5.261,552.242,599.253,505.23
2024-01-19,616.89,635.09,615.93,618.8,5729200,591.022,556.431,545.902,72.711,16.964,10.424,6.54,556.431,611.261,501.601
2024-01-22,618.8,637.0,610.18,637.0,2773900,602.516,561.292,548.056,76.034,20.505,12.441,8.065,561.292,626.215,496.37
2024-01-23,633.17,637.96,623.59,627.42,2277400,614.01,565.58,550.208,71.125,22.282,14.409,7.873,565.58,636.129,495.031
2024-01-24,626.47,632.21,619.76,620.72,2334800,618.992,569.675,552.303,67.827,22.885,16.104,6.781,569.675,643.131,496.219
2024-01-25,623.59,634.13,621.68,630.3,2065900,626.848,574.772,554.476,69.971,23.862,17.656,6.206,574.772,650.275,499.27
2024-01-26,628.38,632.21,616.89,616.89,2078900,626.466,579.533,556.228,63.583,23.285,18.781,4.503,579.533,652.917,506.149
2024-01-29,630.3,632.21,620.72,622.63,1754300,623.592,584.342,557.809,65.054,23.025,19.63,3.395,584.342,655.655,513.03
2024-01-30,623.59,632.21,622.63,630.3,1510200,624.168,588.916,559.524,66.973,23.172,20.339,2.833,588.916,659.668,518.165
2024-01-31,626.47,636.05,626.47,631.26,1377800,626.276,593.706,560.916,67.216,23.099,20.891,2.208,593.706,662.155,525.257
2024-02-01,622.63,626.47,619.76,624.55,1634900,625.126,598.208,562.116,63.693,22.243,21.161,1.082,598.208,661.946,534.47
2024-02-02,623.59,631.26,620.72,626.47,1250900,627.042,602.518,563.47,64.27,21.472,21.223,0.249,602.518,661.216,543.821
2024-02-05,637.96,657.12,632.21,649.46,3400100,632.408,607.931,565.587,70.347,22.458,21.47,0.988,607.931,662.655,553.207
2024-02-06,645.62,655.2,644.67,646.58,2414900,635.664,612.385,567.533,68.769,22.744,21.725,1.019,612.385,664.252,560.518
2024-02-07,654.25,659.99,647.54,657.12,2626100,640.836,617.127,569.632,71.306,23.55,22.09,1.46,617.127,667.012,567.241
2024-02-08,656.16,667.66,646.58,666.7,2887400,649.266,621.437,571.809,73.42,24.678,22.608,2.07,621.437,672.868,570.006
2024-02-09,665.74,682.02,660.95,666.7,4539200,657.312,625.46,574.062,73.42,25.28,23.142,2.138,625.46,677.875,573.046
2024-02-13,663.82,676.28,640.83,669.57,6009000,661.334,629.962,576.239,74.083,25.692,23.652,2.04,629.962,681.221,578.704
2024-02-14,677.24,686.81,667.66,676.28,2577500,667.274,635.279,578.665,75.615,26.258,24.173,2.085,635.279,682.203,588.355
2024-02-15,672.45,673.4,651.37,662.87,2046500,668.424,638.632,580.689,67.081,25.332,24.405,0.927,638.632,683.206,594.058
2024-02-16,665.74,665.74,652.33,653.29,2084700,665.742,641.746,582.826,61.721,23.554,24.235,-0.681,641.746,680.656,602.835
2024-02-19,653.29,658.08,640.83,658.08,2895800,664.018,643.71,584.793,63.3,22.274,23.843,-1.568,643.71,681.698,605.721
2024-02-20,679.15,682.02,658.08,664.78,2226200,663.06,645.098,587.426,65.447,21.552,23.384,-1.832,645.098,684.072,606.125
2024-02-21,660.95,672.45,659.99,671.49,1932300,662.102,647.302,590.213,67.497,21.276,22.963,-1.686,647.302,687.043,607.561
2024-02-22,670.53,671.49,653.29,659.03,1984800,661.334,649.218,592.922,60.337,19.824,22.335,-2.511,649.218,687.219,611.216
2024-02-26,665.74,677.24,665.74,666.7,2210000,664.016,651.038,596.069,62.943,19.072,21.682,-2.611,651.038,688.709,613.366
2024-02-27,665.74,665.74,652.33,659.03,1857400,664.206,653.145,598.912,58.783,17.653,20.877,-3.223,653.145,687.327,618.962
2024-02-28,651.37,664.78,649.46,661.91,1610200,663.632,655.108,602.021,59.856,16.571,20.015,-3.445,655.108,686.291,623.926
2024-02-29,660.95,672.45,658.08,668.61,1657300,663.056,657.024,604.902,62.314,16.068,19.226,-3.158,657.024,686.447,627.601
2024-03-01,662.87,664.78,656.16,659.99,1226500,663.248,658.46,607.611,57.442,14.803,18.341,-3.538,658.46,685.277,631.644
2024-03-04,656.16,661.91,652.33,658.08,1278500,661.524,660.137,610.149,56.39,13.491,17.371,-3.88,660.137,681.706,638.568
2024-03-05,655.2,672.45,652.33,670.53,1667000,663.824,662.34,612.859,61.358,13.303,16.558,-3.255,662.34,677.47,647.21
2024-03-06,670.53,710.76,667.66,696.39,3841000,670.72,664.686,615.992,69.205,15.067,16.26,-1.193,664.686,685.055,644.318
2024-03-07,701.18,747.16,698.31,735.67,4768200,684.132,669.141,619.872,76.884,19.41,16.89,2.521,669.141,705.515,632.767
2024-03-08,736.62,750.04,728.96,729.92,2607500,698.118,672.781,623.694,73.976,22.134,17.938,4.195,672.781,717.665,627.897
2024-03-11,710.76,719.38,704.06,712.68,1684100,709.038,675.08,627.38,65.925,22.64,18.879,3.761,675.08,723.243,626.917
2024-03-12,712.68,743.33,711.72,743.33,1979500,723.598,678.911,631.813,71.801,25.223,20.148,5.076,678.911,735.689,622.134
2024-03-13,747.16,757.7,740.46,753.87,3916400,735.094,683.127,636.362,73.494,27.801,21.678,6.122,683.127,748.803,617.45
2024-03-14,758.66,792.18,746.2,792.18,4448500,746.396,688.922,641.429,78.537,32.559,23.854,8.705,688.922,770.567,607.276
2024-03-15,792.18,792.18,780.69,785.48,2880400,757.508,695.052,646.429,75.82,35.382,26.16,9.222,695.052,786.308,603.796
2024-03-18,795.06,800.8,778.77,789.31,2562900,772.834,701.853,651.525,76.324,37.496,28.427,9.069,701.853,800.017,603.689
2024-03-19,803.68,820.92,791.23,799.85,2323700,784.138,708.942,656.717,77.702,39.565,30.655,8.911,708.942,814.027,603.856
2024-03-21,804.64,804.64,771.11,774.94,3615300,788.352,714.45,661.392,67.677,38.749,32.274,6.475,714.45,821.322,607.577
2024-03-22,772.07,781.65,761.53,773.03,3153500,784.522,719.526,665.702,66.963,37.515,33.322,4.193,719.526,827.448,611.605
2024-03-25,773.02,773.98,760.57,761.53,1630500,779.732,724.652,669.687,62.679,35.204,33.698,1.506,724.652,830.185,619.118
2024-03-26,761.53,765.36,743.33,751.95,2911800,772.26,728.914,673.116,59.276,32.228,33.404,-1.177,728.914,831.436,626.392
2024-03-27,758.66,765.36,752.91,756.74,2230700,763.638,733.8,676.526,60.433,29.911,32.705,-2.795,733.8,831.499,636.1
2024-03-28,763.96,773.58,751.45,752.41,2006300,759.132,738.324,679.984,58.807,27.409,31.646,-4.237,738.324,830.215,646.434
2024-03-29,750.49,761.07,749.52,758.18,629100,756.162,742.803,683.749,60.338,25.597,30.436,-4.839,742.803,828.938,656.668
2024-04-01,769.73,769.73,743.75,745.68,1532700,752.992,747.087,686.746,55.523,22.888,28.927,-6.038,747.087,823.898,670.277
2024-04-02,754.34,754.34,736.05,743.75,1001900,751.352,751.371,689.801,54.796,20.351,27.212,-6.86,751.371,815.846,686.896
2024-04-03,724.51,729.32,712.0,716.81,2940900,743.366,753.685,691.761,45.783,15.983,24.966,-8.983,753.685,808.55,698.82
2024-04-04,724.51,739.9,687.95,699.49,5196300,732.782,753.84,693.011,41.102,10.996,22.172,-11.176,753.84,808.037,699.643
2024-04-05,686.02,705.26,683.14,698.53,2448100,720.852,751.983,694.433,40.853,6.888,19.115,-12.227,751.983,811.121,692.845
2024-04-08,704.3,707.19,688.91,691.79,1581100,710.074,750.076,695.854,39.062,3.053,15.903,-12.85,750.076,814.437,685.716
2024-04-09,697.57,704.3,693.72,697.57,964600,700.838,749.321,697.2,41.433,0.474,12.817,-12.343,749.321,815.848,682.794
2024-04-10,693.72,715.85,693.72,706.23,1437500,698.722,747.466,698.986,44.894,-0.861,10.081,-10.942,747.466,816.71,678.222
2024-04-11,694.68,697.57,686.02,688.91,1243400,696.606,744.218,700.312,39.826,-3.278,7.409,-10.688,744.218,818.134,670.302
2024-04-12,692.76,700.45,683.14,691.79,1546500,695.258,739.198,701.542,41.018,-4.905,4.947,-9.852,739.198,813.035,665.362
2024-04-15,678.32,697.57,677.36,692.76,1274700,695.452,734.562,702.772,41.439,-6.047,2.748,-8.795,734.562,807.805,661.32
2024-04-16,686.98,687.95,669.67,669.67,1912600,689.872,728.58,703.674,35.03,-8.714,0.455,-9.17,728.58,802.535,654.626
2024-04-17,668.7,670.63,654.27,654.27,1454800,679.48,721.301,704.23,31.528,-11.933,-2.022,-9.911,721.301,794.372,648.231
2024-04-18,659.08,693.72,659.08,691.79,2481600,680.056,717.144,705.077,45.757,-11.326,-3.883,-7.443,717.144,786.745,647.543
2024-04-19,693.72,694.68,675.44,679.29,2288200,677.556,712.457,705.731,42.582,-11.718,-5.45,-6.268,712.457,778.758,646.156
2024-04-22,687.95,693.72,676.4,686.02,1507000,676.208,708.681,706.309,44.803,-11.356,-6.631,-4.724,708.681,771.737,645.626
2024-04-23,687.95,690.83,680.25,680.25,933200,678.324,705.096,706.58,43.258,-11.402,-7.585,-3.817,705.096,765.907,644.286
2024-04-24,685.06,691.79,684.1,684.1,1111200,684.29,701.464,706.928,44.63,-11.001,-8.269,-2.733,701.464,757.8,645.129
2024-04-25,678.32,680.25,668.7,669.67,969600,679.866,697.328,706.93,40.662,-11.713,-8.958,-2.756,697.328,749.94,644.715
2024-04-26,657.16,673.51,654.27,670.63,1356100,678.134,692.95,706.817,41.038,-12.061,-9.578,-2.483,692.95,738.314,647.586
2024-04-30,673.51,673.51,663.89,670.63,1689600,675.056,689.198,706.972,41.038,-12.196,-10.102,-2.094,689.198,728.16,650.235
2024-05-01,673.51,677.36,663.89,664.85,1568500,671.976,685.252,707.203,39.301,-12.624,-10.606,-2.018,685.252,716.088,654.417
2024-05-02,668.7,668.7,658.12,661.01,1069800,667.358,682.462,707.262,38.146,-13.121,-11.109,-2.012,682.462,711.309,653.616
2024-05-07,654.27,680.25,653.31,675.44,2001800,668.512,681.26,707.475,44.721,-12.211,-11.33,-0.881,681.26,709.106,653.414
2024-05-08,675.44,679.29,666.78,674.48,2131500,669.282,680.058,707.535,44.383,-11.435,-11.351,-0.084,680.058,706.819,653.296
2024-05-09,702.38,711.04,661.01,696.61,8715700,674.478,680.298,708.287,53.17,-8.931,-10.867,1.936,680.298,707.587,653.01
2024-05-10,697.57,700.45,660.04,667.74,4364000,675.056,678.807,708.307,43.512,-9.17,-10.527,1.357,678.807,705.372,652.242
2024-05-13,673.51,694.68,670.63,691.79,2990000,681.212,678.085,708.963,51.427,-7.335,-9.889,2.554,678.085,702.182,653.988
2024-05-14,698.53,711.04,694.68,701.42,1921900,686.408,678.71,709.753,54.195,-5.046,-8.92,3.875,678.71,704.575,652.846
2024-05-15,698.53,701.42,694.68,695.64,1382700,690.64,678.903,710.293,52.27,-3.655,-7.867,4.212,678.903,705.231,652.575
2024-05-16,695.64,702.38,691.79,693.72,1129700,690.062,678.951,710.968,51.614,-2.677,-6.829,4.152,678.951,705.388,652.514
2024-05-17,692.76,700.45,691.79,695.64,1090800,695.642,680.25,711.719,52.259,-1.728,-5.809,4.081,680.25,707.311,653.188
2024-05-20,700.45,707.19,697.57,697.57,714300,696.798,682.415,712.26,52.938,-0.81,-4.809,3.999,682.415,707.587,657.242
2024-05-21,701.42,706.23,697.57,697.57,998200,696.028,682.704,712.284,52.938,-0.082,-3.864,3.782,682.704,708.455,656.952
2024-05-22,697.57,698.53,687.95,687.95,953900,694.49,683.136,711.329,48.915,-0.278,-3.146,2.869,683.136,708.938,657.335
2024-05-23,690.83,696.61,687.95,691.79,1013800,694.104,683.425,710.567,50.531,-0.122,-2.541,2.42,683.425,709.49,657.36
2024-05-24,685.06,700.45,684.1,690.83,1035500,693.142,683.954,710.13,50.104,-0.074,-2.048,1.974,683.954,710.177,657.731
2024-05-27,698.53,699.49,675.44,682.17,1635400,690.062,683.858,708.906,46.305,-0.728,-1.784,1.056,683.858,710.092,657.623
2024-05-28,682.17,682.17,658.12,658.12,2570600,682.172,683.28,706.991,37.745,-3.15,-2.057,-1.092,683.28,711.279,655.281
2024-05-29,649.46,651.38,636.95,640.8,2107600,672.742,681.788,703.964,33.012,-6.393,-2.924,-3.469,681.788,715.267,648.31
2024-05-30,630.22,650.42,627.33,639.84,1139200,662.352,680.249,701.051,32.767,-8.938,-4.127,-4.811,680.249,718.394,642.104
2024-05-31,649.46,673.51,645.61,670.63,2715800,658.312,680.538,698.677,46.496,-8.373,-4.976,-3.397,680.538,718.277,642.799
2024-06-03,679.29,696.61,676.4,696.61,2000200,661.2,682.318,696.613,54.87,-5.763,-5.134,-0.63,682.318,719.534,645.102
2024-06-04,711.04,736.05,710.08,736.05,3895100,676.786,685.348,695.835,64.065,-0.507,-4.208,3.702,685.348,729.442,641.255
2024-06-05,728.36,742.79,722.58,726.43,1745500,693.912,687.946,694.903,60.811,2.85,-2.797,5.647,687.946,735.34,640.552
2024-06-06,721.62,726.43,708.15,719.7,1942300,709.884,689.1,694.066,58.569,4.911,-1.255,6.166,689.1,738.467,639.734
2024-06-07,719.7,726.43,711.04,719.7,2265700,719.698,691.699,693.421,58.569,6.47,0.29,6.18,691.699,741.796,641.601
2024-06-10,730.28,745.68,728.36,744.71,1715100,729.318,694.344,693.181,64.249,9.612,2.154,7.458,694.344,749.769,638.92
2024-06-11,773.58,795.71,764.92,764.92,5489700,735.092,697.52,693.431,68.06,13.577,4.439,9.138,697.52,761.296,633.743
2024-06-12,770.69,785.12,750.49,752.41,2823500,740.288,700.358,693.315,63.545,15.53,6.657,8.873,700.358,768.674,632.042
2024-06-13,750.49,762.03,744.71,758.18,1584700,747.984,703.581,693.565,64.708,17.344,8.795,8.55,703.581,776.506,630.656
2024-06-14,752.41,778.39,750.49,774.54,2020900,758.952,707.526,694.181,67.84,19.873,11.01,8.863,707.526,786.894,628.158
2024-06-17,788.01,788.97,752.41,762.99,1883100,762.608,710.797,695.105,63.551,20.706,12.949,7.757,710.797,793.748,627.846
2024-06-18,772.62,781.28,763.96,767.81,1476100,763.186,714.309,696.471,64.558,21.507,14.661,6.846,714.309,800.776,627.842
2024-06-19,774.54,787.05,766.84,775.5,2551700,767.804,718.686,698.011,66.164,22.503,16.229,6.274,718.686,808.34,629.033
2024-06-20,774.54,780.31,765.88,771.65,1165700,770.498,722.68,699.608,64.586,22.72,17.528,5.193,722.68,814.38,630.979
2024-06-21,776.47,786.09,759.15,762.03,2752100,767.996,726.24,700.897,60.691,21.864,18.395,3.469,726.24,818.261,634.218
2024-06-24,760.11,772.62,755.3,762.03,1700800,767.804,730.232,702.013,60.691,20.944,18.905,2.039,730.232,821.126,639.339
2024-06-25,790.9,804.37,766.84,778.39,3981200,769.92,736.246,703.803,64.87,21.289,19.382,1.908,736.246,822.865,649.627
2024-06-26,784.16,804.37,777.43,791.86,3346500,773.192,743.799,705.804,67.896,22.392,19.984,2.408,743.799,821.232,666.366
2024-06-27,802.5,812.16,795.73,808.3,2710700,780.522,752.222,708.115,71.161,24.312,20.849,3.463,752.222,817.78,686.664
2024-06-28,804.43,811.2,791.86,798.63,1904200,787.842,758.622,710.694,66.854,24.768,21.633,3.135,758.622,814.989,702.255
2024-07-01,804.43,835.37,804.43,829.57,3093400,801.35,765.27,714.2,72.574,27.311,22.769,4.542,765.27,822.202,708.338
2024-07-02,841.17,870.18,840.2,853.74,3651100,816.42,771.154,717.439,76.05,30.92,24.399,6.521,771.154,838.708,703.601
2024-07-03,849.87,864.37,846.0,858.57,2186500,829.762,777.762,721.025,76.686,33.781,26.276,7.506,777.762,852.376,703.147
2024-07-04,862.44,878.88,826.67,828.6,4789600,833.822,783.206,723.876,65.129,33.247,27.67,5.577,783.206,855.849,710.564
2024-07-05,820.87,823.77,772.52,774.46,6747500,828.988,785.944,725.76,50.362,28.13,27.762,0.368,785.944,852.37,719.519
2024-07-08,785.09,799.59,784.12,789.93,2836100,821.06,788.206,727.877,53.6,25.035,27.217,-2.181,788.206,851.737,724.674
2024-07-09,793.79,802.5,778.32,782.19,2689800,806.75,789.069,730.127,51.78,21.708,26.115,-4.407,789.069,851.731,726.407
2024-07-10,787.99,807.33,781.22,804.43,2276100,795.922,791.67,732.803,56.364,20.627,25.017,-4.39,791.67,852.208,731.132
2024-07-11,807.33,814.1,790.89,794.76,1832600,789.154,793.499,735.286,53.962,18.774,23.769,-4.994,793.499,851.951,735.047
2024-07-12,794.76,819.9,794.76,814.1,2441900,797.082,795.477,738.271,57.832,18.651,22.745,-4.094,795.477,853.905,737.049
2024-07-16,818.93,820.87,802.5,804.43,1811000,799.982,797.549,741.139,55.328,17.571,21.71,-4.139,797.549,854.033,741.065
2024-07-17,806.36,841.17,806.36,841.17,2565700,811.778,801.217,744.454,62.052,19.455,21.259,-1.804,801.217,859.081,743.353
2024-07-18,829.57,838.27,822.8,824.73,1731900,815.838,803.678,747.459,57.855,19.398,20.887,-1.489,803.678,861.123,746.234
2024-07-19,833.43,840.2,817.96,829.57,1642600,822.8,806.574,750.118,58.74,19.519,20.613,-1.095,806.574,863.052,750.097
2024-07-22,837.3,855.67,837.3,837.3,2504200,827.44,810.338,753.509,60.178,20.007,20.492,-0.485,810.338,864.292,756.384
2024-07-23,851.81,873.08,846.0,861.47,3029400,838.848,815.31,756.903,64.36,22.09,20.812,1.278,815.31,868.846,761.774
2024-07-24,888.55,904.02,852.77,853.74,4990200,841.362,819.078,759.949,62.113,22.854,21.22,1.634,819.078,872.278,765.877
2024-07-25,831.5,850.84,829.57,832.47,2430100,842.91,821.108,762.686,56.291,21.495,21.275,0.22,821.108,873.019,769.197
2024-07-26,829.57,872.11,829.57,864.37,2106900,849.87,823.911,766.099,62.038,22.73,21.566,1.164,823.911,878.876,768.947
2024-07-29,876.94,878.88,860.51,875.01,1420900,857.412,827.73,769.686,63.751,24.287,22.11,2.177,827.73,885.824,769.637
2024-07-30,870.18,870.18,850.84,853.74,1409600,855.866,828.939,772.81,58.108,23.534,22.395,1.139,828.939,888.188,769.69
2024-07-31,842.14,870.18,831.5,870.18,1691300,859.154,829.761,776.262,60.983,23.987,22.713,1.273,829.761,890.885,768.637
2024-08-01,870.18,870.18,826.67,836.34,1842900,859.928,828.649,779.23,52.931,21.369,22.444,-1.076,828.649,888.36,768.939
2024-08-02,795.73,804.43,765.75,765.75,3155100,840.204,825.507,780.709,40.824,13.443,20.644,-7.201,825.507,891.512,759.502
2024-08-05,679.7,705.81,620.73,640.06,6241300,793.214,818.787,779.694,28.377,-2.946,15.926,-18.872,818.787,922.989,714.585
2024-08-06,685.5,727.08,681.64,727.08,4572300,767.882,815.644,780.592,41.643,-8.811,10.979,-19.79,815.644,927.053,704.236
2024-08-07,698.07,749.32,698.07,733.85,4814500,740.616,813.228,782.106,42.535,-12.766,6.23,-18.996,813.228,929.675,696.78
2024-08-08,708.71,731.91,690.34,699.04,4818000,713.156,807.958,783.271,39.216,-18.496,1.284,-19.781,807.958,935.126,680.79
2024-08-09,713.54,722.25,694.21,704.84,2327800,700.974,803.462,784.571,40.056,-22.312,-3.435,-18.877,803.462,938.697,668.227
2024-08-13,708.71,735.78,708.71,722.25,2209200,717.412,798.87,785.604,42.616,-23.659,-7.48,-16.179,798.87,938.743,658.996
2024-08-14,722.25,726.11,704.84,713.54,1874200,714.704,794.325,785.942,41.658,-25.139,-11.011,-14.127,794.325,939.252,649.398
2024-08-15,713.54,729.01,706.78,729.01,2942700,713.736,788.717,785.801,44.065,-24.778,-13.765,-11.013,788.717,934.688,642.746
2024-08-16,754.15,768.65,749.32,754.15,2874100,724.758,785.188,786.356,47.832,-22.207,-15.453,-6.754,785.188,930.906,639.47
2024-08-19,758.02,776.39,754.15,776.39,2400200,739.068,782.529,787.49,50.977,-18.166,-15.996,-2.17,782.529,926.77,638.288
2024-08-20,779.29,781.22,758.02,773.49,2555000,749.316,779.338,788.565,50.549,-15.024,-15.801,0.777,779.338,921.283,637.394
2024-08-21,764.79,776.39,759.95,776.39,828900,761.886,775.084,789.199,50.992,-12.16,-15.073,2.913,775.084,911.664,638.505
2024-08-22,783.16,820.87,782.19,816.03,3384100,779.29,773.199,790.221,56.703,-6.615,-13.382,6.766,773.199,906.2,640.198
2024-08-23,823.77,852.77,821.83,841.17,3363500,796.694,773.634,791.996,59.895,-0.19,-10.743,10.553,773.634,907.506,639.762
2024-08-26,850.84,874.04,828.6,874.04,2805800,816.224,774.118,794.314,63.666,7.468,-7.101,14.569,774.118,909.431,638.804
2024-08-27,870.18,880.81,862.44,872.11,1742500,835.948,773.972,796.265,63.29,13.229,-3.035,16.264,773.972,908.836,639.109
2024-08-28,870.18,878.88,855.67,864.37,1995700,853.544,774.504,798.293,61.714,16.974,0.967,16.007,774.504,910.768,638.24
2024-08-29,855.67,880.81,853.74,877.91,2795200,865.92,774.89,800.495,63.429,20.795,4.932,15.863,774.89,912.336,637.445
2024-08-30,880.81,880.81,849.87,855.67,2449200,868.82,775.857,802.098,58.772,21.778,8.301,13.476,775.857,915.378,636.336
2024-09-02,863.41,864.37,827.63,836.34,2155100,861.28,779.386,803.392,54.993,20.757,10.793,9.965,779.386,921.38,637.393
2024-09-03,846.97,846.97,832.47,843.1,1064400,855.478,789.538,805.013,56.057,20.261,12.686,7.574,789.538,917.976,661.101
2024-09-04,816.03,852.77,813.13,841.17,1954300,850.838,795.243,806.596,55.652,19.487,14.046,5.44,795.243,922.125,668.361
2024-09-05,837.3,868.24,837.3,850.84,2006200,845.424,801.092,808.045,57.315,19.43,15.123,4.307,801.092,926.84,675.345
2024-09-06,873.08,902.08,858.57,900.15,5555000,854.32,811.148,810.211,64.602,23.097,16.718,6.379,811.148,934.678,687.618
2024-09-09,885.65,923.35,879.84,918.52,5745900,870.756,821.832,812.415,66.871,27.173,18.809,8.364,821.832,943.598,700.066
2024-09-10,922.39,956.23,917.55,950.42,4134500,892.22,833.241,815.451,70.417,32.601,21.567,11.034,833.241,958.43,708.051
2024-09-11,954.29,975.56,911.75,924.32,4013200,908.85,843.78,817.346,64.348,34.4,24.134,10.266,843.78,961.824,725.735
2024-09-12,936.89,960.09,924.32,956.23,2490400,929.928,855.14,819.396,67.981,37.963,26.9,11.064,855.14,970.38,739.901
2024-09-13,965.89,972.66,948.49,958.16,2472900,941.53,865.341,821.388,68.193,40.476,29.615,10.861,865.341,979.048,751.634
2024-09-17,960.09,969.76,944.62,967.83,2545200,951.392,874.913,824.172,69.285,42.755,32.243,10.512,874.913,989.321,760.505
2024-09-18,980.4,1009.4,980.4,994.9,3151200,960.288,885.983,828.581,72.168,46.213,35.037,11.176,885.983,1001.908,770.059
2024-09-19,1015.2,1036.48,1003.6,1036.48,3227000,982.72,898.988,833.512,75.909,51.712,38.372,13.34,898.988,1021.324,776.652
2024-09-20,1053.88,1057.75,1019.07,1028.74,2937500,997.222,909.624,838.443,73.917,54.814,41.66,13.154,909.624,1038.407,780.84
2024-09-24,1044.21,1046.14,1021.01,1029.71,2187400,1011.532,919.05,842.949,74.009,56.697,44.668,12.029,919.05,1054.182,783.919
2024-09-25,1029.71,1032.61,1002.64,1012.3,2292600,1020.426,925.964,847.299,69.284,56.137,46.962,9.176,925.964,1065.475,786.452
2024-09-26,1025.84,1050.98,1008.44,1047.11,3692600,1030.868,934.714,851.96,72.996,57.836,49.136,8.699,934.714,1081.752,787.675
2024-09-27,1048.08,1048.08,998.59,1018.97,2882800,1027.366,942.444,856.25,66.047,56.263,50.562,5.701,942.444,1090.164,794.723
2024-09-30,997.62,1062.64,997.62,1062.64,3597600,1034.146,951.68,860.68,70.708,57.873,52.024,5.849,951.68,1105.391,797.969
2024-10-01,1043.23,1085.93,1038.38,1069.43,2468100,1042.09,962.368,865.574,71.366,59.016,53.422,5.594,962.368,1117.688,807.048
2024-10-02,1063.61,1076.22,1041.29,1049.05,1977300,1049.44,973.004,869.963,66.534,57.614,54.261,3.353,973.004,1120.943,825.064
2024-10-03,1048.08,1052.93,1021.88,1033.53,2327600,1046.724,982.525,873.888,63.034,54.621,54.333,0.288,982.525,1119.357,845.693
2024-10-04,1016.06,1042.26,1014.12,1032.55,1594100,1049.44,992.094,877.31,62.809,51.575,53.781,-2.206,992.094,1113.163,871.025
2024-10-07,1048.08,1080.11,1039.35,1079.14,2414900,1052.74,1003.509,881.818,68.549,52.317,53.488,-1.171,1003.509,1110.764,896.254
2024-10-08,1068.46,1075.25,1053.9,1063.61,1354000,1051.576,1011.682,886.44,64.951,51.064,53.003,-1.94,1011.682,1110.342,913.022
2024-10-09,1080.11,1084.96,1053.9,1056.82,1339100,1053.13,1018.597,890.289,63.384,48.958,52.194,-3.236,1018.597,1108.787,928.407
2024-10-10,988.88,993.74,931.63,946.18,6673200,1035.66,1018.385,891.713,44.535,37.925,49.34,-11.416,1018.385,1109.267,927.503
2024-10-11,946.18,961.71,931.63,950.07,2708000,1019.164,1019.672,893.639,45.152,29.158,45.304,-16.146,1019.672,1105.535,933.81
2024-10-15,964.62,967.53,943.27,957.83,1751900,994.902,1019.752,895.392,46.433,22.577,40.759,-18.182,1019.752,1105.369,934.136
2024-10-16,964.62,991.8,964.62,987.91,2183000,979.762,1021.24,898.424,51.193,19.563,36.519,-16.957,1021.24,1103.311,939.169
2024-10-17,989.85,989.85,958.8,968.51,1505400,962.1,1021.274,902.479,48.217,15.431,32.302,-16.871,1021.274,1103.252,939.296
2024-10-18,973.36,974.33,942.3,942.3,1565900,961.324,1018.644,908.524,44.457,9.927,27.827,-17.9,1018.644,1107.289,929.999
2024-10-21,952.01,969.48,945.21,954.92,1344300,962.294,1014.566,913.081,46.616,6.508,23.563,-17.055,1014.566,1107.171,921.961
2024-10-22,958.8,964.62,933.57,934.54,1465000,957.636,1009.856,917.094,43.665,2.129,19.276,-17.147,1009.856,1108.792,910.92
2024-10-23,926.78,939.39,914.16,919.01,1418200,943.856,1004.321,921.494,41.508,-2.564,14.908,-17.472,1004.321,1110.687,897.955
2024-10-24,914.16,927.75,909.31,919.98,1266200,934.15,999.705,925.797,41.702,-6.135,10.7,-16.834,999.705,1112.436,886.974
2024-10-25,919.01,919.98,903.49,916.1,1131100,928.91,993.154,929.674,41.115,-9.172,6.725,-15.897,993.154,1109.456,876.853
2024-10-28,906.4,932.6,903.49,923.86,1054800,922.698,988.399,933.88,42.847,-10.828,3.215,-14.042,988.399,1107.987,868.811
2024-10-29,923.86,941.33,921.92,941.33,876100,924.056,982.334,938.126,46.649,-10.608,0.45,-11.058,982.334,1098.318,866.349
2024-10-30,941.33,948.13,935.51,941.33,1802200,928.52,975.928,941.87,46.649,-10.315,-1.703,-8.612,975.928,1085.641,866.216
2024-10-31,942.3,948.13,925.81,945.21,1469800,933.566,970.736,945.246,47.548,-9.659,-3.294,-6.365,970.736,1075.599,865.874
2024-11-01,930.66,936.48,915.13,915.13,1485500,933.372,964.817,948.079,41.684,-11.434,-4.922,-6.512,964.817,1068.11,861.523
2024-11-05,939.39,946.18,927.75,933.57,1216700,935.314,959.868,951.223,46.075,-11.223,-6.182,-5.041,959.868,1058.893,860.842
2024-11-06,934.54,952.01,930.66,932.6,1290800,933.568,952.54,953.554,45.879,-11.008,-7.147,-3.86,952.54,1034.648,870.433
2024-11-07,989.85,995.68,965.59,972.39,2974200,939.78,947.98,956.179,54.429,-7.539,-7.226,-0.313,947.98,1012.321,883.638
2024-11-08,977.24,1096.6,952.98,1060.7,6860200,962.878,948.173,959.912,66.919,2.309,-5.319,7.628,948.173,1013.905,882.442
2024-11-11,1050.99,1077.19,1003.44,1035.47,2780100,986.946,952.638,963.179,61.715,7.986,-2.658,10.643,952.638,1029.06,876.216
2024-11-12,1035.47,1047.11,1018.0,1024.79,2094500,1005.19,956.374,966.387,59.602,11.49,0.172,11.318,956.374,1039.296,873.452
2024-11-13,1048.08,1052.93,1013.15,1021.88,1564000,1023.046,959.577,969.267,59.009,13.873,2.912,10.961,959.577,1047.53,871.623
2024-11-14,1018.97,1050.02,1016.06,1038.38,1521600,1036.244,962.1,972.921,61.356,16.898,5.709,11.189,962.1,1056.161,868.039
2024-11-15,1038.38,1044.2,1026.73,1029.64,1479200,1030.032,965.156,976.787,59.415,18.378,8.243,10.135,965.156,1063.948,866.365
2024-11-18,1017.03,1040.32,1013.15,1017.03,985300,1026.344,968.893,980.266,56.632,18.322,10.259,8.064,968.893,1069.677,868.109
2024-11-19,1016.06,1021.88,1003.44,1005.38,1158900,1022.462,971.416,983.55,54.11,17.141,11.635,5.505,971.416,1073.248,869.584
2024-11-20,991.8,1005.38,972.39,979.18,1228200,1013.922,973.648,986.117,48.842,13.929,12.094,1.835,973.648,1074.024,873.272
2024-11-21,963.65,990.83,960.74,977.24,1932700,1001.694,976.56,987.658,48.466,11.1,11.895,-0.795,976.56,1073.584,879.535
2024-11-22,988.88,991.8,970.45,974.33,987600,990.632,979.277,988.775,47.87,8.524,11.221,-2.697,979.277,1072.603,885.951
2024-11-25,976.27,999.56,975.3,991.8,1504000,985.586,983.062,989.602,51.708,7.803,10.537,-2.734,983.062,1071.618,894.506
2024-11-26,1000.53,1003.44,974.33,1000.53,1286900,984.616,986.896,991.126,53.548,7.846,9.999,-2.154,986.896,1071.197,902.594
2024-11-27,1004.41,1013.15,959.77,970.45,2064800,982.87,988.352,991.411,46.914,5.39,9.077,-3.687,988.352,1070.313,906.39
2024-11-28,960.74,976.27,959.77,972.39,905700,981.9,989.904,991.695,47.367,3.559,7.974,-4.415,989.904,1069.25,910.559
2024-11-29,972.39,1008.29,966.56,1004.41,1502600,987.916,992.864,992.427,54.297,4.638,7.307,-2.668,992.864,1069.562,916.167
2024-12-02,1067.49,1076.22,1030.61,1047.11,5015500,998.978,999.464,993.471,61.565,8.838,7.613,1.225,999.464,1070.502,928.425
2024-12-03,1044.2,1080.11,1040.32,1071.37,2000700,1013.146,1006.353,994.169,64.973,13.962,8.883,5.079,1006.353,1077.213,935.494
2024-12-04,1075.25,1084.96,1058.76,1064.58,1369500,1031.972,1012.953,994.886,63.282,17.276,10.561,6.715,1012.953,1079.332,946.573
2024-12-05,1067.49,1188.8,1057.79,1188.8,6141900,1075.254,1023.773,998.068,75.729,29.585,14.366,15.219,1023.773,1124.157,923.389
2024-12-06,1217.91,1236.35,1201.41,1228.58,5044700,1120.088,1032.167,1002.393,78.27,42.065,19.906,22.159,1032.167,1167.533,896.801
2024-12-09,1244.11,1269.34,1221.79,1226.64,3708700,1155.994,1041.726,1005.984,77.842,51.209,26.166,25.042,1041.726,1202.657,880.794
2024-12-10,1220.82,1224.7,1194.62,1210.15,1679400,1183.75,1050.994,1009.807,74.132,56.473,32.228,24.246,1050.994,1228.332,873.655
2024-12-11,1210.15,1239.26,1201.41,1233.44,1768000,1217.522,1061.571,1013.223,75.88,61.813,38.145,23.668,1061.571,1256.012,867.131
2024-12-12,1245.08,1289.72,1240.23,1283.9,3100900,1236.542,1073.848,1017.513,79.166,69.317,44.379,24.937,1073.848,1291.713,855.982
2024-12-13,1283.9,1296.52,1254.79,1281.96,2482300,1247.218,1086.464,1022.171,78.722,74.251,50.354,23.898,1086.464,1322.052,850.875
2024-12-16,1306.22,1316.9,1291.66,1301.37,2244000,1262.164,1100.68,1027.528,79.935,78.819,56.047,22.773,1100.68,1352.393,848.968
2024-12-17,1290.69,1323.69,1283.9,1313.01,2308600,1282.736,1116.062,1033.137,80.647,82.429,61.323,21.106,1116.062,1380.528,851.596
2024-12-18,1305.25,1328.54,1288.75,1298.46,2267100,1295.74,1132.026,1037.523,76.969,83.157,65.69,17.467,1132.026,1400.221,863.831
2024-12-19,1271.28,1313.01,1258.67,1307.19,2923300,1300.398,1148.524,1042.395,77.628,83.476,69.247,14.229,1148.524,1417.221,879.826
2024-12-20,1307.19,1313.01,1294.57,1303.31,1777400,1304.668,1164.972,1047.325,76.579,82.465,71.891,10.574,1164.972,1429.008,900.937
2024-12-23,1332.42,1342.13,1298.46,1301.37,2028100,1304.668,1180.451,1054.429,76.026,80.578,73.628,6.95,1180.451,1437.957,922.945
2024-12-24,1318.84,1326.6,1271.28,1279.05,2071000,1297.876,1194.377,1061.008,69.779,76.401,74.183,2.219,1194.377,1440.8,947.954
2024-12-25,1287.78,1293.6,1262.55,1275.17,1474100,1293.218,1209.613,1067.355,68.722,71.949,73.736,-1.787,1209.613,1434.479,984.747
2024-12-26,1272.25,1288.75,1259.64,1287.78,2077400,1289.336,1225.382,1073.352,70.297,68.646,72.718,-4.072,1225.382,1422.757,1028.008
2024-12-27,1297.52,1306.28,1281.94,1297.52,1912600,1288.178,1240.038,1079.933,71.491,66.054,71.385,-5.332,1240.038,1409.944,1070.132
2024-12-30,1291.68,1298.49,1269.29,1278.05,1396300,1283.514,1251.585,1086.648,65.797,61.716,69.451,-7.735,1251.585,1395.72,1107.45
2025-01-06,1275.13,1275.13,1202.12,1207.96,3193900,1269.296,1258.414,1091.708,50.273,52.024,65.966,-13.942,1258.414,1377.334,1139.495
2025-01-07,1209.91,1226.46,1209.91,1217.7,1745700,1257.802,1266.07,1097.372,51.969,44.614,61.695,-17.082,1266.07,1345.658,1186.483
2025-01-08,1206.02,1207.96,1167.08,1181.68,2639700,1236.582,1265.714,1102.625,45.755,35.426,56.442,-21.015,1265.714,1346.806,1184.623
2025-01-09,1207.96,1219.65,1104.79,1126.2,5265400,1202.318,1260.596,1106.749,38.181,23.399,49.833,-26.434,1260.596,1361.951,1159.24
2025-01-10,1138.85,1206.99,1132.04,1187.52,4864900,1184.212,1258.64,1112.178,48.356,18.601,43.587,-24.986,1258.64,1364.178,1153.101
2025-01-14,1197.26,1233.27,1193.36,1227.43,2628900,1188.106,1259.504,1118.249,53.698,17.813,38.432,-20.619,1259.504,1363.644,1155.363
2025-01-15,1241.06,1245.93,1195.31,1207.96,2024500,1186.158,1258.23,1123.582,50.93,15.44,33.834,-18.394,1258.23,1364.318,1152.141
2025-01-16,1220.62,1224.51,1196.28,1196.28,1475100,1189.078,1253.848,1128.681,49.289,12.473,29.561,-17.089,1253.848,1362.675,1145.022
2025-01-17,1201.15,1221.59,1167.08,1184.6,2163800,1200.758,1248.981,1133.469,47.636,9.074,25.464,-16.39,1248.981,1361.17,1136.791
2025-01-20,1196.28,1211.86,1188.5,1190.44,1363700,1201.342,1243.434,1138.975,48.565,6.774,21.726,-14.952,1243.434,1355.687,1131.181
2025-01-21,1210.88,1223.54,1205.04,1219.65,1673600,1199.786,1238.766,1144.696,53.051,7.225,18.826,-11.601,1238.766,1346.511,1131.021
2025-01-22,1265.39,1269.29,1235.22,1267.34,2830000,1211.662,1237.21,1151.391,59.293,11.3,17.321,-6.021,1237.21,1342.188,1132.232
2025-01-23,1270.26,1283.89,1261.5,1261.5,1769500,1224.706,1234.925,1157.173,58.271,13.898,16.636,-2.738,1234.925,1335.383,1134.468
2025-01-24,1265.39,1279.99,1261.5,1270.26,1336600,1241.838,1233.273,1161.365,59.401,16.474,16.604,-0.129,1233.273,1330.012,1136.534
2025-01-27,1269.29,1275.13,1243.01,1243.01,1513700,1252.352,1230.355,1165.515,54.46,16.131,16.509,-0.378,1230.355,1321.823,1138.887
2025-01-28,1243.01,1274.15,1229.38,1267.34,1267400,1261.89,1229.769,1170.366,57.833,17.619,16.731,0.888,1229.769,1320.067,1139.472
2025-01-29,1267.34,1333.53,1266.37,1317.96,1948800,1272.014,1231.909,1176.288,63.834,22.622,17.909,4.713,1231.909,1328.542,1135.276
2025-01-30,1307.25,1315.04,1293.62,1313.09,1115900,1282.332,1233.174,1181.782,62.906,25.896,19.507,6.389,1233.174,1333.481,1132.868
2025-01-31,1293.62,1305.3,1279.02,1280.97,1792500,1284.474,1232.347,1186.809,57.021,25.603,20.726,4.877,1232.347,1330.672,1134.022
2025-02-03,1284.86,1312.12,1275.13,1277.07,1673200,1291.286,1232.298,1192.01,56.332,24.771,21.535,3.236,1232.298,1330.528,1134.068
2025-02-04,1277.07,1324.77,1270.26,1298.49,1987500,1297.516,1236.824,1197.872,59.245,25.545,22.337,3.208,1236.824,1338.611,1135.038
2025-02-05,1289.73,1342.29,1282.91,1328.66,1983300,1299.656,1242.372,1204.861,62.991,28.268,23.523,4.745,1242.372,1351.595,1133.15
2025-02-06,1333.53,1361.76,1330.61,1358.84,1585400,1308.806,1251.23,1212.493,66.324,32.486,25.316,7.17,1251.23,1368.189,1134.272
2025-02-07,1372.47,1382.2,1349.1,1356.89,1824900,1323.99,1262.765,1220.145,65.911,35.265,27.306,7.96,1262.765,1373.121,1152.409
2025-02-10,1362.73,1397.77,1216.73,1311.14,9287900,1330.804,1268.946,1226.531,56.949,33.391,28.523,4.868,1268.946,1375.333,1162.559
2025-02-12,1313.09,1320.88,1255.66,1309.2,4848600,1332.946,1273.035,1232.705,56.597,31.388,29.096,2.292,1273.035,1378.988,1167.081
2025-02-13,1323.8,1348.13,1318.93,1338.4,2146700,1334.894,1279.557,1240.064,60.544,31.79,29.635,2.155,1279.557,1384.699,1174.414
2025-02-14,1284.86,1309.2,1275.13,1289.73,2225500,1321.072,1284.229,1246.411,52.048,27.86,29.28,-1.42,1284.229,1381.824,1186.634
2025-02-17,1280.97,1286.81,1245.93,1255.66,2368500,1300.826,1287.782,1251.436,47.069,21.745,27.773,-6.027,1287.782,1374.695,1200.869
2025-02-18,1248.85,1261.5,1239.11,1251.77,1506900,1288.952,1290.848,1255.529,46.522,16.397,25.498,-9.101,1290.848,1366.957,1214.74
2025-02-19,1237.17,1237.17,1200.18,1200.18,3304900,1267.148,1289.875,1258.105,39.897,7.904,21.979,-14.075,1289.875,1370.199,1209.551
2025-02-20,1177.79,1185.58,1134.96,1148.59,3596500,1229.186,1283.938,1259.785,34.592,-2.955,16.992,-19.947,1283.938,1385.913,1181.962
2025-02-21,1138.85,1154.43,1129.12,1139.83,1728600,1199.206,1277.854,1258.806,33.771,-12.128,11.168,-23.296,1277.854,1398.308,1157.4
2025-02-25,1143.72,1156.38,1117.44,1122.31,1832900,1172.536,1270.456,1256.68,32.128,-20.575,4.819,-25.394,1270.456,1409.597,1131.316
2025-02-26,1100.89,1106.73,1083.37,1099.92,2468900,1142.166,1263.302,1254.146,30.112,-28.744,-1.893,-26.851,1263.302,1421.759,1104.845
2025-02-27,1103.81,1109.65,1085.32,1109.65,1715500,1124.06,1255.418,1252.136,32.106,-34.041,-8.323,-25.718,1255.418,1428.084,1082.751
2025-02-28,1114.52,1130.09,1093.11,1103.81,2257500,1115.104,1244.71,1249.543,31.525,-38.268,-14.312,-23.956,1244.71,1427.32,1062.1
2025-03-03,1114.52,1140.8,1109.65,1130.09,1757800,1113.156,1235.56,1246.467,37.048,-39.048,-19.259,-19.789,1235.56,1422.042,1049.078
2025-03-04,1159.3,1170.0,1114.52,1137.88,2355900,1116.27,1228.406,1243.586,38.628,-38.592,-23.126,-15.467,1228.406,1418.496,1038.315
2025-03-05,1137.88,1141.77,1101.87,1121.33,1710600,1120.552,1220.618,1239.985,36.53,-39.116,-26.324,-12.792,1220.618,1415.026,1026.211
2025-03-06,1121.33,1127.17,1102.84,1118.41,1671600,1122.304,1211.615,1236.093,36.157,-39.313,-28.922,-10.392,1211.615,1407.511,1015.718
2025-03-07,1109.65,1113.55,1059.04,1059.04,3157700,1113.35,1198.134,1231.304,29.548,-43.756,-31.889,-11.868,1198.134,1397.199,999.068
2025-03-10,1049.3,1050.28,1011.34,1024.97,3329200,1092.326,1181.44,1225.66,26.549,-49.456,-35.402,-14.054,1181.44,1379.756,983.124
2025-03-11,992.85,1006.47,972.41,1006.47,3389500,1066.044,1163.919,1219.723,25.062,-54.834,-39.288,-15.546,1163.919,1358.858,968.98
2025-03-12,1016.21,1027.89,996.74,996.74,1822600,1041.126,1148.199,1213.631,24.291,-59.199,-43.271,-15.928,1148.199,1343.856,952.542
2025-03-13,1021.08,1038.6,993.82,1002.58,3054200,1017.96,1132.868,1208.101,25.767,-61.478,-46.912,-14.566,1132.868,1323.392,942.344
2025-03-14,998.69,1006.47,987.98,993.82,2305000,1004.916,1115.639,1202.474,24.98,-63.262,-50.182,-13.08,1115.639,1289.497,941.781
2025-03-17,998.69,1020.1,996.74,1010.37,1633300,1001.996,1101.671,1196.926,29.367,-62.618,-52.669,-9.949,1101.671,1260.911,942.431
2025-03-18,1020.1,1031.78,1005.5,1020.1,2104800,1004.722,1089.893,1191.378,31.889,-60.624,-54.26,-6.364,1089.893,1235.433,944.353
2025-03-19,1017.18,1052.22,1015.24,1043.46,2043500,1014.066,1079.478,1186.686,37.645,-56.508,-54.71,-1.798,1079.478,1204.627,954.328
2025-03-21,1046.38,1067.8,1036.65,1051.25,2778900,1023.8,1072.031,1183.552,39.482,-52.017,-54.171,2.154,1072.031,1183.966,960.096
2025-03-24,1037.62,1052.22,1033.73,1045.41,1836600,1034.118,1066.872,1180.106,38.565,-48.372,-53.011,4.639,1066.872,1173.327,960.417
2025-03-25,1045.41,1049.3,1029.84,1036.65,1693000,1039.374,1061.713,1177.205,37.17,-45.664,-51.542,5.878,1061.713,1163.164,960.262
2025-03-26,1041.52,1048.33,1020.1,1025.94,1808500,1040.542,1056.894,1175.2,35.48,-43.876,-50.009,6.133,1056.894,1155.337,958.452
2025-03-27,1017.18,1044.44,1015.24,1032.76,1684000,1038.402,1053.536,1172.105,37.431,-41.431,-48.293,6.862,1053.536,1150.368,956.705
2025-03-28,1036.66,1042.53,1024.94,1039.6,1390200,1036.072,1050.034,1168.348,39.409,-38.497,-46.334,7.836,1050.034,1143.322,956.746
2025-03-31,1010.28,1012.24,962.41,962.41,2967800,1019.472,1042.964,1163.437,28.47,-41.918,-45.451,3.533,1042.964,1140.431,945.497
2025-04-01,976.09,986.83,942.87,946.77,2609400,1001.496,1033.798,1158.447,26.844,-45.368,-45.434,0.066,1033.798,1131.246,936.35
2025-04-02,959.48,964.36,939.94,945.8,1597800,985.468,1024.194,1153.671,26.742,-47.631,-45.874,-1.758,1024.194,1116.157,932.231
2025-04-03,901.83,921.37,887.17,891.08,3013300,957.132,1012.682,1147.684,21.726,-53.227,-47.344,-5.883,1012.682,1110.881,914.482
2025-04-04,859.82,871.54,813.89,835.39,3956900,916.29,998.531,1139.999,18.021,-61.447,-50.165,-11.282,998.531,1112.828,884.233
2025-04-07,735.73,776.77,727.91,742.57,4605300,872.322,982.707,1129.503,13.798,-74.591,-55.05,-19.541,982.707,1140.921,824.493
2025-04-08,801.19,836.37,794.35,833.44,3546300,849.656,973.13,1120.942,30.876,-76.791,-59.398,-17.392,973.13,1143.307,802.954
2025-04-09,791.42,804.12,770.9,792.4,2844300,818.976,962.427,1111.385,28.163,-80.913,-63.701,-17.211,962.427,1149.831,775.023
2025-04-10,894.99,924.3,860.79,919.42,5530600,824.644,958.561,1104.913,44.439,-73.087,-65.578,-7.509,958.561,1146.175,770.947
2025-04-11,846.14,884.24,841.25,879.36,3702600,833.438,952.4,1097.153,41.264,-69.319,-66.326,-2.993,952.4,1142.009,762.791
2025-04-14,887.17,902.81,861.77,861.77,1706300,857.278,945.798,1088.03,39.915,-66.98,-66.457,-0.523,945.798,1138.505,753.09
2025-04-15,858.84,869.59,847.11,853.95,1763700,861.38,937.976,1078.847,39.3,-65.008,-66.167,1.159,937.976,1132.339,743.614
2025-04-16,849.07,850.05,828.55,832.46,2167100,869.392,928.594,1069.877,37.586,-64.436,-65.821,1.385,928.594,1124.376,732.813
2025-04-17,831.48,841.25,809.01,829.53,2851400,851.414,917.898,1060.926,37.347,-63.488,-65.354,1.867,917.898,1110.608,725.188
2025-04-18,837.34,867.63,830.5,862.75,1943300,848.092,908.473,1052.211,41.863,-59.371,-64.158,4.787,908.473,1091.938,725.008
2025-04-21,859.82,863.72,836.37,839.3,1678500,843.598,898.168,1042.424,39.688,-57.34,-62.794,5.454,898.168,1072.156,724.179
2025-04-22,825.62,840.27,818.78,836.37,1436500,840.082,888.154,1031.974,39.413,-55.329,-61.301,5.972,888.154,1051.299,725.008
2025-04-23,850.05,859.82,840.27,850.05,2036000,843.6,879.359,1021.838,41.456,-52.031,-59.447,7.416,879.359,1029.69,729.028
2025-04-24,857.86,865.68,848.09,855.91,1430200,848.876,870.516,1012.733,42.353,-48.387,-57.235,8.848,870.516,1002.547,738.486
2025-04-25,864.7,875.45,852.98,860.79,1255800,848.484,861.576,1003.765,43.135,-44.592,-54.707,10.115,861.576,966.916,756.236
2025-04-28,890.1,895.97,861.77,861.77,1631700,852.978,856.544,994.232,43.301,-41.032,-51.972,10.94,856.544,950.615,762.473
2025-04-30,867.63,870.56,853.95,867.63,1107600,859.23,852.587,985.79,44.348,-37.307,-49.039,11.731,852.587,936.822,768.352
2025-05-01,870.56,870.56,852.98,866.66,985300,862.552,848.63,978.01,44.203,-34.042,-46.039,11.998,848.63,921.032,776.228
2025-05-02,867.63,873.49,851.02,867.63,1443300,864.896,847.458,970.327,44.399,-31.018,-43.035,12.017,847.458,917.692,777.223
2025-05-07,873.49,878.38,861.77,873.49,1466800,867.436,849.362,963.794,45.645,-27.828,-39.994,12.166,849.362,920.282,778.443
2025-05-08,850.05,863.72,846.14,857.86,2422300,866.654,855.127,957.979,42.885,-26.258,-37.246,10.988,855.127,905.166,805.088
2025-05-09,900.85,980.97,877.4,955.57,11557300,884.242,861.233,954.294,59.407,-16.934,-33.184,16.25,861.233,927.354,795.113
2025-05-12,957.52,957.52,920.39,941.89,4893100,899.288,868.708,950.685,56.924,-10.528,-28.653,18.125,868.708,935.855,801.561
2025-05-13,1006.38,1081.61,980.97,1061.09,8921900,937.98,875.792,949.909,69.059,4.12,-22.098,26.218,875.792,983.252,768.331
2025-05-14,1045.46,1048.39,1001.49,1020.05,4180800,967.292,882.826,948.117,62.528,12.276,-15.223,27.499,882.826,1008.197,757.455
2025-05-15,1004.42,1052.3,1003.44,1014.19,3314400,998.558,890.447,946.324,61.632,18.058,-8.567,26.625,890.447,1028.335,752.559
2025-05-16,1029.83,1029.83,980.97,1000.51,2503500,1007.546,897.775,943.733,59.488,21.292,-2.595,23.887,897.775,1042.884,752.666
2025-05-19,996.6,1006.38,986.83,993.67,1408300,1017.902,905.835,940.849,58.394,23.036,2.531,20.505,905.835,1053.555,758.116
2025-05-20,983.9,991.72,971.2,981.95,1718200,1002.074,913.456,938.061,56.478,23.206,6.666,16.54,913.456,1060.325,766.588
2025-05-21,988.79,989.77,973.16,986.83,1315400,995.43,919.66,935.429,57.109,23.464,10.026,13.438,919.66,1067.986,771.335
2025-05-22,977.06,1032.76,976.09,1025.92,3322000,997.776,928.992,934.767,61.878,26.517,13.324,13.193,928.992,1079.495,778.488
2025-05-23,1025.92,1035.69,1019.08,1030.8,1858900,1003.834,938.713,934.884,62.439,28.996,16.458,12.537,938.713,1089.144,788.282
2025-05-26,1051.32,1058.16,1038.62,1046.44,1758600,1014.388,948.532,935.683,64.256,31.855,19.538,12.317,948.532,1100.228,796.837
2025-05-27,1046.43,1073.79,1045.46,1066.95,1663900,1031.388,959.084,937.087,66.541,35.368,22.704,12.665,959.084,1112.997,805.172
2025-05-28,1073.79,1074.77,1058.16,1070.86,1400400,1048.194,969.588,938.453,66.975,38.03,25.769,12.261,969.588,1123.927,815.249
2025-05-29,1079.66,1128.51,1079.66,1094.31,3060300,1061.872,981.215,940.463,69.525,41.552,28.926,12.627,981.215,1136.389,826.041
2025-05-30,1075.75,1091.38,1067.93,1085.52,2721600,1072.816,992.11,941.966,67.424,43.137,31.768,11.369,992.11,1144.272,839.947
2025-06-02,1161.73,1196.9,1138.28,1154.89,7166300,1094.506,1006.521,944.661,74.083,49.421,35.299,14.123,1006.521,1163.187,849.855
2025-06-03,1202.77,1278.0,1192.02,1230.12,10508200,1127.14,1024.646,948.395,79.078,59.783,40.195,19.587,1024.646,1196.766,852.525
2025-06-04,1221.33,1259.43,1214.49,1237.94,3571100,1160.556,1042.868,952.128,79.52,67.843,45.725,22.118,1042.868,1224.513,861.223
2025-06-05,1237.94,1244.78,1201.79,1234.03,3564000,1188.5,1061.676,955.901,78.625,73.073,51.195,21.879,1061.676,1240.542,882.811
2025-06-06,1251.62,1299.49,1230.12,1268.23,4108300,1225.042,1077.309,960.532,80.672,79.067,56.769,22.297,1077.309,1271.154,883.465
2025-06-09,1281.91,1300.47,1247.71,1260.41,2547100,1246.146,1093.236,965.222,78.814,82.237,61.863,20.374,1093.236,1292.497,893.974
2025-06-10,1234.03,1253.57,1214.49,1214.49,2936900,1243.02,1100.906,968.856,68.791,80.121,65.514,14.607,1100.906,1306.66,895.151
2025-06-11,1221.33,1235.01,1207.65,1221.33,1967600,1239.698,1110.97,972.491,69.415,78.096,68.031,10.065,1110.97,1319.74,902.199
2025-06-12,1223.28,1247.71,1217.42,1221.33,1591700,1237.158,1121.326,977.669,69.415,75.619,69.548,6.07,1121.326,1330.434,912.219
2025-06-13,1201.79,1220.35,1198.86,1218.4,1583800,1227.192,1132.221,983.102,68.732,72.583,70.155,2.428,1132.221,1337.494,926.948
2025-06-16,1229.15,1233.05,1208.63,1218.4,1312500,1218.79,1143.458,988.554,68.732,69.377,69.999,-0.623,1143.458,1341.264,945.651
2025-06-17,1235.99,1256.5,1234.03,1246.73,1512000,1225.238,1156.696,995.667,71.838,68.335,69.667,-1.332,1156.696,1344.162,969.231
2025-06-18,1269.21,1338.58,1266.27,1301.45,4324300,1241.262,1172.428,1004.988,76.66,71.104,69.954,1.15,1172.428,1352.533,992.322
2025-06-19,1302.43,1315.13,1285.82,1289.72,1425300,1254.94,1185.617,1015.931,73.745,71.528,70.269,1.259,1185.617,1359.062,1012.173
2025-06-20,1348.35,1360.07,1304.38,1335.65,3361000,1278.39,1200.86,1025.975,77.373,74.709,71.157,3.552,1200.86,1370.559,1031.161
2025-06-23,1334.67,1415.77,1310.24,1406.97,4437500,1316.104,1218.886,1038.267,81.62,82.039,73.333,8.706,1218.886,1395.954,1041.819
2025-06-24,1429.44,1458.76,1406.97,1446.05,4444900,1355.968,1237.842,1048.799,83.453,89.965,76.66,13.305,1237.842,1427.166,1048.517
2025-06-25,1448.01,1459.73,1433.35,1452.89,2362500,1386.256,1256.943,1060.27,83.759,95.695,80.467,15.228,1256.943,1452.323,1061.563
2025-06-26,1430.42,1497.84,1423.58,1458.76,4615700,1420.064,1275.165,1072.21,84.031,99.562,84.286,15.276,1275.165,1474.619,1075.712
2025-06-27,1484.73,1492.57,1466.11,1481.79,2501100,1449.292,1294.979,1084.767,85.087,103.294,88.087,15.207,1294.979,1493.839,1096.119
2025-06-30,1470.03,1474.93,1431.81,1442.59,2918300,1456.416,1309.364,1096.969,75.886,101.914,90.853,11.061,1309.364,1507.176,1111.552
2025-07-01,1433.77,1467.09,1423.97,1446.51,2443400,1456.508,1320.184,1109.309,76.163,99.984,92.679,7.305,1320.184,1523.345,1117.022
2025-07-02,1422.01,1474.93,1407.3,1429.85,2991000,1451.9,1329.779,1120.651,72.351,96.003,93.344,2.66,1329.779,1534.705,1124.853
2025-07-03,1422.99,1438.67,1406.33,1407.31,1317700,1441.61,1338.443,1132.011,67.433,89.993,92.674,-2.681,1338.443,1540.963,1135.923
2025-07-04,1418.09,1452.39,1411.23,1416.13,1193400,1428.478,1345.838,1143.606,68.34,84.961,91.131,-6.17,1345.838,1548.364,1143.312
2025-07-07,1432.79,1458.27,1425.93,1439.65,1344600,1427.89,1354.8,1155.398,70.684,81.928,89.291,-7.363,1354.8,1557.272,1152.328
2025-07-08,1441.61,1456.31,1427.89,1427.89,1756700,1424.166,1365.47,1166.838,67.974,77.679,86.968,-9.289,1365.47,1559.108,1171.832
2025-07-09,1413.19,1455.33,1386.72,1455.33,3164300,1429.262,1377.17,1178.729,70.789,75.654,84.705,-9.051,1377.17,1562.224,1192.116
2025-07-10,1477.87,1490.61,1435.73,1451.41,2406900,1438.082,1388.674,1190.521,69.844,72.892,82.343,-9.45,1388.674,1561.113,1216.235
2025-07-11,1451.41,1464.15,1425.93,1431.81,1739800,1441.218,1399.344,1201.805,65.164,68.335,79.541,-11.206,1399.344,1552.785,1245.904
2025-07-14,1421.03,1448.47,1416.13,1446.51,1081300,1442.59,1410.75,1213.402,66.952,65.158,76.664,-11.507,1410.75,1539.481,1282.019
2025-07-15,1459.25,1479.83,1449.45,1472.97,2054600,1451.606,1422.062,1225.509,69.944,64.037,74.139,-10.102,1422.062,1527.817,1316.307
2025-07-16,1492.57,1514.13,1477.87,1478.85,2076400,1456.31,1430.932,1237.616,70.581,62.898,71.891,-8.993,1430.932,1522.96,1338.904
2025-07-17,1481.79,1529.81,1478.85,1500.41,1894100,1466.11,1441.466,1250.467,72.854,63.009,70.114,-7.106,1441.466,1510.894,1372.039
2025-07-18,1518.05,1549.41,1508.25,1512.17,2699400,1482.182,1450.292,1261.599,74.033,63.316,68.755,-5.439,1450.292,1506.748,1393.837
2025-07-22,1514.13,1526.87,1489.63,1507.27,1478100,1494.334,1455.308,1272.907,72.618,62.444,67.492,-5.049,1455.308,1513.357,1397.258
2025-07-23,1533.73,1537.65,1493.55,1517.07,1860800,1503.154,1458.858,1282.026,73.701,61.831,66.36,-4.529,1458.858,1522.903,1394.814
2025-07-24,1531.77,1534.71,1482.77,1482.77,2698800,1503.938,1460.352,1291.281,64.143,57.91,64.67,-6.76,1460.352,1525.199,1395.506
2025-07-25,1506.29,1533.73,1496.49,1504.33,2744900,1504.722,1462.631,1301.083,67.037,55.898,62.916,-7.018,1462.631,1530.38,1394.882
2025-07-28,1508.25,1516.09,1494.53,1512.17,1153400,1504.722,1464.15,1311.317,68.047,54.309,61.194,-6.885,1464.15,1534.999,1393.301
2025-07-29,1494.53,1515.11,1486.69,1512.17,1279100,1505.702,1467.629,1321.687,68.047,52.446,59.445,-6.998,1467.629,1540.815,1394.443
2025-07-30,1512.17,1518.05,1500.41,1513.15,1086900,1504.918,1470.961,1332.311,68.188,50.467,57.649,-7.182,1470.961,1546.139,1395.783
2025-07-31,1518.05,1532.75,1505.31,1526.87,1377600,1513.738,1475.812,1343.111,70.176,49.436,56.007,-6.571,1475.812,1552.33,1399.294
2025-08-01,1528.83,1532.75,1509.23,1531.77,1539400,1519.226,1482.035,1353.228,70.876,48.455,54.496,-6.041,1482.035,1555.269,1408.801
2025-08-04,1492.57,1523.93,1485.71,1519.03,1347900,1520.598,1487.18,1362.993,66.505,46.119,52.821,-6.702,1487.18,1555.191,1419.169
2025-08-05,1520.01,1532.75,1520.01,1523.93,937700,1522.95,1491.394,1372.543,67.34,44.153,51.087,-6.934,1491.394,1557.42,1425.368
2025-08-06,1535.69,1568.03,1535.69,1558.23,2047900,1531.966,1497.911,1382.368,72.502,44.846,49.839,-4.993,1497.911,1563.272,1432.55
2025-08-07,1566.07,1587.63,1563.13,1582.73,1473700,1543.138,1504.281,1392.606,75.484,46.833,49.238,-2.405,1504.281,1576.628,1431.934
2025-08-08,1566.07,1569.01,1436.71,1484.73,8165600,1533.73,1505.947,1400.414,51.454,40.038,47.398,-7.36,1505.947,1574.608,1437.286
2025-08-12,1539.61,1552.35,1483.75,1483.75,3896800,1526.674,1508.544,1408.379,51.278,34.18,44.754,-10.575,1508.544,1568.815,1448.273
2025-08-13,1460.23,1506.29,1431.81,1505.31,3387900,1522.95,1511.484,1415.387,54.926,30.92,41.987,-11.067,1511.484,1564.288,1458.68
2025-08-14,1507.27,1520.99,1491.59,1518.05,1799300,1514.914,1513.738,1421.146,56.977,29.03,39.396,-10.366,1513.738,1563.373,1464.103
2025-08-15,1523.93,1529.81,1500.41,1513.15,1342500,1500.998,1515.453,1426.65,55.923,26.828,36.882,-10.054,1515.453,1562.305,1468.601
2025-08-18,1525.89,1624.87,1520.99,1613.11,3683700,1526.674,1521.088,1434.232,68.657,32.771,36.06,-3.289,1521.088,1584.503,1457.673
2025-08-19,1598.41,1598.41,1559.21,1567.05,1947700,1543.334,1523.832,1440.208,60.048,33.379,35.524,-2.145,1523.832,1590.299,1457.365
2025-08-20,1541.57,1573.91,1539.61,1564.11,1451500,1555.094,1526.674,1446.282,59.535,33.241,35.067,-1.826,1526.674,1594.994,1458.354
2025-08-21,1566.07,1605.27,1556.27,1567.05,2069700,1564.894,1529.173,1453.333,59.904,32.988,34.652,-1.663,1529.173,1599.636,1458.71
2025-08-22,1581.75,1582.73,1545.49,1557.25,1255600,1573.714,1532.897,1460.052,58.005,31.633,34.048,-2.415,1532.897,1600.863,1464.931
2025-08-25,1548.43,1578.81,1540.59,1569.99,1413700,1565.09,1536.18,1467.025,59.79,31.226,33.484,-2.257,1536.18,1604.677,1467.683
2025-08-26,1568.03,1572.93,1536.67,1539.61,1194500,1559.602,1537.552,1473.449,53.908,28.129,32.413,-4.284,1537.552,1605.117,1469.987
2025-08-27,1552.35,1563.13,1534.71,1547.45,1048600,1556.27,1539.316,1480.03,55.134,26.007,31.131,-5.125,1539.316,1605.926,1472.706
2025-08-28,1548.43,1562.15,1541.57,1543.53,995700,1551.566,1540.835,1485.966,54.355,23.735,29.652,-5.917,1540.835,1606.308,1475.362
2025-08-29,1520.01,1522.95,1471.01,1482.77,2392100,1536.67,1538.63,1489.592,43.983,16.838,27.089,-10.251,1538.63,1608.88,1468.38
2025-09-01,1480.81,1486.69,1463.17,1472.97,914500,1517.266,1535.69,1493.257,42.572,10.46,23.763,-13.303,1535.69,1611.824,1459.556
2025-09-02,1466.11,1471.99,1418.09,1422.99,1789800,1493.942,1530.888,1495.004,36.194,1.357,19.282,-17.925,1530.888,1622.074,1439.702
2025-09-03,1416.13,1416.13,1375.94,1381.82,2218400,1460.816,1523.782,1494.501,31.948,-9.074,13.611,-22.685,1523.782,1636.788,1410.777
2025-09-04,1372.02,1375.94,1345.56,1358.3,2153600,1423.77,1513.786,1492.746,29.798,-19.02,7.085,-26.105,1513.786,1647.445,1380.127
2025-09-05,1330.86,1399.46,1320.08,1364.18,3691900,1400.052,1502.858,1490.972,31.048,-26.126,0.443,-26.569,1502.858,1648.025,1357.692
2025-09-08,1365.16,1381.82,1316.16,1322.04,2838100,1369.866,1494.724,1488.238,27.297,-34.758,-6.597,-28.16,1494.724,1660.883,1328.565
2025-09-09,1316.16,1333.8,1293.62,1307.34,2361600,1346.736,1485.904,1484.749,26.113,-42.297,-13.737,-28.56,1485.904,1672.043,1299.764
2025-09-10,1304.4,1306.36,1288.72,1291.66,1728800,1328.704,1475.221,1481.73,24.872,-48.972,-20.784,-28.188,1475.221,1680.237,1270.205
2025-09-11,1291.66,1299.5,1263.24,1266.18,1533400,1310.28,1462.628,1478.123,22.964,-55.677,-27.763,-27.914,1462.628,1686.63,1238.625
2025-09-12,1278.92,1348.5,1272.06,1333.8,4193500,1304.204,1453.66,1476.202,36.82,-54.901,-33.191,-21.711,1453.66,1683.432,1223.888
2025-09-16,1347.52,1357.32,1312.24,1315.18,2884400,1302.832,1438.764,1474.36,34.955,-55.153,-37.583,-17.57,1438.764,1663.587,1213.94
2025-09-17,1315.18,1328.9,1290.68,1319.1,1401300,1305.184,1426.366,1472.419,35.694,-54.409,-40.948,-13.461,1426.366,1648.736,1203.996
2025-09-18,1325.96,1336.74,1292.64,1300.48,1468800,1306.948,1413.184,1469.636,33.735,-54.692,-43.697,-10.995,1413.184,1632.407,1193.962
2025-09-19,1322.04,1376.92,1312.24,1353.4,6381100,1324.392,1402.502,1468.146,43.264,-50.068,-44.971,-5.097,1402.502,1610.7,1194.304
2025-09-22,1378.88,1379.86,1296.56,1299.5,2514200,1317.532,1389.614,1465.029,37.37,-50.175,-46.012,-4.163,1389.614,1589.212,1190.017
2025-09-24,1299.5,1301.46,1276.96,1288.72,1780600,1312.24,1375.551,1461.776,36.304,-50.547,-46.919,-3.628,1375.551,1560.753,1190.349
2025-09-25,1297.54,1328.9,1286.76,1324.98,1832600,1313.416,1364.82,1459.639,42.266,-47.37,-47.009,-0.36,1364.82,1534.192,1195.447
2025-09-26,1301.46,1326.94,1299.5,1309.3,2151300,1315.18,1352.912,1456.895,40.501,-45.591,-46.726,1.134,1352.912,1500.279,1205.545
2025-09-29,1288.16,1302.91,1273.41,1280.3,1479900,1300.56,1339.75,1453.041,37.39,-45.992,-46.579,0.587,1339.75,1459.951,1219.55
2025-09-30,1289.15,1291.11,1274.4,1285.21,1090600,1297.702,1329.872,1449.169,38.255,-45.39,-46.341,0.951,1329.872,1431.644,1228.101
2025-10-01,1265.55,1265.55,1234.08,1239.0,1939300,1287.758,1318.174,1443.94,33.558,-48.087,-46.69,-1.397,1318.174,1403.078,1233.27
2025-10-02,1249.81,1257.68,1213.43,1219.33,1553600,1266.628,1307.991,1438.084,31.769,-51.222,-47.597,-3.625,1307.991,1388.713,1227.269
2025-10-03,1213.43,1244.9,1213.43,1239.0,1023200,1252.568,1300.85,1432.718,35.472,-51.525,-48.382,-3.142,1300.85,1379.309,1222.391
2025-10-06,1273.41,1293.08,1253.75,1278.33,2034600,1252.174,1296.852,1427.943,42.224,-48.037,-48.313,0.276,1296.852,1371.017,1222.686
2025-10-07,1273.41,1275.38,1226.21,1233.1,2696100,1241.752,1290.298,1422.95,37.38,-48.366,-48.324,-0.042,1290.298,1362.553,1218.042
2025-10-08,1239.0,1260.63,1235.06,1260.63,1544600,1246.078,1287.227,1418.076,41.76,-45.876,-47.834,1.958,1287.227,1359.021,1215.433
2025-10-09,1239.98,1256.7,1158.36,1190.81,6433500,1240.374,1281.401,1411.649,35.062,-48.972,-48.062,-0.91,1281.401,1364.367,1198.434
2025-10-10,1180.0,1206.55,1172.13,1198.68,3434600,1232.31,1276.751,1405.379,36.302,-50.212,-48.492,-1.72,1276.751,1367.365,1186.138
2025-10-14,1179.01,1186.88,1123.95,1128.86,4315400,1202.416,1269.885,1397.693,30.701,-56.18,-50.029,-6.151,1269.885,1382.106,1157.665
2025-10-15,1141.65,1157.38,1135.75,1142.63,2629800,1184.322,1260.327,1390.008,32.9,-59.118,-51.847,-7.271,1260.327,1381.809,1138.845
2025-10-16,1134.76,1144.6,1107.23,1131.81,2935100,1158.558,1251.158,1382.009,32.04,-61.609,-53.8,-7.81,1251.158,1382.489,1119.828
2025-10-17,1117.06,1125.91,1102.31,1106.25,1989300,1141.646,1240.516,1373.754,30.041,-64.898,-56.019,-8.879,1240.516,1382.712,1098.32
2025-10-20,1124.93,1132.8,1114.11,1115.1,1527100,1124.93,1231.247,1365.577,31.631,-66.029,-58.021,-8.008,1231.247,1380.955,1081.539
2025-10-21,1109.2,1154.43,1089.53,1140.66,2437300,1127.29,1220.61,1357.226,36.146,-64.123,-59.242,-4.882,1220.61,1363.866,1077.354
2025-10-22,1143.61,1146.56,1126.9,1129.85,1565800,1124.734,1212.128,1348.168,35.09,-62.762,-59.946,-2.816,1212.128,1355.805,1068.45
2025-10-23,1137.71,1138.7,1119.03,1120.01,1221000,1122.374,1203.692,1340.874,34.114,-61.765,-60.31,-1.456,1203.692,1348.243,1059.141
2025-10-24,1111.16,1133.78,1107.23,1120.01,1481100,1125.126,1193.443,1333.599,34.114,-60.281,-60.304,0.023,1193.443,1330.666,1056.221
2025-10-27,1120.01,1127.88,1114.11,1120.01,1892000,1126.108,1183.979,1325.893,34.114,-58.43,-59.929,1.499,1183.979,1313.448,1054.51
2025-10-28,1122.96,1122.96,1093.46,1097.4,2321200,1117.456,1174.834,1317.48,31.591,-58.118,-59.567,1.449,1174.834,1301.464,1048.204
2025-10-29,1093.46,1099.36,1050.2,1052.16,2834200,1101.918,1163.182,1308.26,27.249,-60.821,-59.818,-1.003,1163.182,1289.936,1036.427
2025-10-30,1048.23,1093.46,1043.31,1081.66,2531400,1094.248,1155.314,1297.631,33.653,-59.891,-59.832,-0.059,1155.314,1281.786,1028.843
2025-10-31,1083.63,1100.35,1079.7,1091.5,1850100,1088.546,1148.923,1288.12,35.686,-57.696,-59.405,1.709,1148.923,1274.691,1023.155
2025-11-04,1081.66,1086.58,1056.59,1062.49,2101700,1077.042,1140.098,1278.088,32.522,-57.632,-59.051,1.418,1140.098,1264.01,1016.185
2025-11-05,1062.0,1084.12,1048.72,1084.12,2679700,1074.386,1130.387,1268.429,37.007,-55.2,-58.281,3.08,1130.387,1238.063,1022.711
2025-11-06,1077.73,1078.71,1036.92,1039.87,2426200,1071.928,1120.726,1258.081,32.28,-56.196,-57.864,1.668,1120.726,1224.19,1017.261
2025-11-07,1062.98,1070.35,960.71,1012.83,5766700,1058.162,1108.336,1246.938,29.777,-58.492,-57.989,-0.503,1108.336,1199.926,1016.745
2025-11-10,1010.86,1039.38,998.08,1031.02,3039200,1046.066,1100.346,1236.766,33.512,-58.174,-58.026,-0.148,1100.346,1189.489,1011.203
2025-11-11,1022.66,1024.63,984.31,1001.03,2812300,1033.774,1090.464,1225.838,30.62,-59.654,-58.352,-1.302,1090.464,1177.504,1003.423
2025-11-12,1004.96,1027.09,995.13,1020.2,2686200,1020.99,1085.03,1215.371,34.51,-58.605,-58.402,-0.202,1085.03,1175.478,994.583
2025-11-13,1017.25,1019.71,980.38,980.38,2505200,1009.092,1076.918,1205.324,30.664,-60.291,-58.78,-1.511,1076.918,1174.442,979.394
2025-11-14,965.63,1006.44,964.35,1003.0,2796300,1007.126,1070.478,1195.924,35.09,-59.121,-58.848,-0.272,1070.478,1169.735,971.22
2025-11-17,973.5,987.75,955.4,969.86,3538000,994.894,1063.658,1186.862,31.879,-60.174,-59.113,-1.06,1063.658,1170.981,956.335
2025-11-18,964.15,972.71,947.34,954.91,2336300,985.67,1055.648,1178.323,30.523,-61.506,-59.592,-1.914,1055.648,1170.456,940.841
2025-11-19,951.57,962.09,941.34,949.21,1923900,971.472,1046.076,1170.142,29.998,-62.303,-60.134,-2.169,1046.076,1162.946,929.206
2025-11-20,949.21,966.22,945.77,959.73,2558200,967.342,1037.57,1162.053,32.309,-61.378,-60.383,-0.995,1037.57,1153.527,921.613
2025-11-21,949.6,989.23,949.5,982.74,2335900,963.29,1030.706,1155.267,37.192,-58.119,-59.93,1.811,1030.706,1142.285,919.128
2025-11-25,982.94,983.82,964.74,967.5,1876900,962.818,1023.081,1148.47,35.372,-56.119,-59.168,3.049,1023.081,1129.697,916.465
2025-11-26,978.41,991.2,970.94,986.77,1808900,969.19,1016.419,1142.372,39.41,-52.375,-57.809,5.434,1016.419,1113.783,919.055
2025-11-27,983.23,991.2,968.38,973.1,2104200,973.968,1010.204,1136.51,37.615,-49.935,-56.234,6.299,1010.204,1101.482,918.926
2025-11-28,973.69,1004.47,971.53,997.1,2039700,981.442,1007.451,1129.776,42.562,-45.54,-54.096,8.555,1007.451,1096.699,918.203
2025-12-01,984.8,995.13,960.71,964.15,2582100,977.724,1001.576,1122.756,38.095,-44.206,-52.118,7.911,1001.576,1085.571,917.58
2025-12-02,963.66,965.63,940.26,946.65,2188500,973.554,994.333,1115.307,35.938,-44.054,-50.505,6.451,994.333,1070.275,918.391
2025-12-03,958.55,964.65,940.55,958.94,1967600,967.988,989.156,1108.476,38.569,-42.451,-48.894,6.443,989.156,1059.441,918.87
2025-12-04,966.61,1086.58,960.52,1071.83,8740100,987.734,988.541,1102.845,56.315,-31.707,-45.457,13.75,988.541,1055.465,921.617
2025-12-05,1069.86,1085.6,1015.78,1030.04,4299400,994.322,988.049,1097.455,50.5,-26.261,-41.618,15.356,988.049,1053.515,922.584
2025-12-08,1035.94,1092.48,1034.95,1089.04,4427200,1019.3,991.86,1093.462,57.217,-16.989,-36.692,19.703,991.86,1070.869,912.851
2025-12-09,1084.61,1099.85,1054.62,1066.42,3227500,1043.254,993.63,1088.291,54.181,-11.335,-31.62,20.286,993.63,1077.753,909.507
2025-12-10,1075.27,1080.68,1029.55,1032.5,2875800,1057.966,995.204,1082.755,49.905,-9.482,-27.193,17.711,995.204,1081.069,909.338
2025-12-11,1040.36,1040.85,1005.95,1018.24,1882100,1047.248,995.106,1077.513,48.184,-9.06,-23.566,14.506,995.106,1080.855,909.356
2025-12-12,1037.9,1059.05,1027.09,1059.05,2263500,1053.05,999.039,1072.99,53.163,-5.37,-19.927,14.557,999.039,1089.056,909.022
2025-12-15,1071.83,1091.5,1056.59,1075.76,2879700,1050.394,1002.677,1069.725,55.068,-1.085,-16.159,15.073,1002.677,1099.026,906.328
2025-12-16,1081.66,1085.6,1051.18,1058.06,2217300,1048.722,1007.087,1066.5,52.627,0.872,-12.752,13.625,1007.087,1105.17,909.004
2025-12-17,1062.98,1098.87,1052.65,1062.49,2954400,1054.72,1012.466,1062.97,53.186,2.749,-9.652,12.401,1012.466,1110.3,914.632
2025-12-18,1062.49,1070.35,1045.77,1065.93,1686200,1064.258,1018.302,1058.722,53.644,4.463,-6.829,11.292,1018.302,1114.154,922.45
2025-12-19,1076.25,1102.31,1060.03,1086.58,2958500,1069.764,1024.644,1055.791,56.399,7.402,-3.983,11.385,1024.644,1120.964,928.325
2025-12-22,1086.09,1087.56,1056.59,1065.93,2189500,1067.798,1028.804,1051.897,53.006,7.973,-1.592,9.565,1028.804,1124.688,932.92
2025-12-23,1081.66,1117.06,1078.71,1105.26,3218700,1077.238,1035.692,1050.186,58.168,11.467,1.02,10.447,1035.692,1132.817,938.567
2025-12-24,1111.16,1126.9,1091.5,1100.84,2868800,1084.908,1041.395,1048.23,57.405,13.721,3.56,10.161,1041.395,1139.813,942.978
2025-12-25,1118.54,1166.23,1114.11,1150.5,4531600,1101.822,1050.266,1048.662,63.24,19.293,6.707,12.586,1050.266,1154.567,945.964
2025-12-26,1149.51,1163.28,1138.7,1146.07,3597100,1113.72,1057.714,1048.731,62.419,23.084,9.982,13.102,1057.714,1167.179,948.249
2025-12-29,1169.76,1169.76,1137.68,1141.63,2442600,1128.86,1066.588,1048.928,61.556,25.438,13.073,12.364,1066.588,1172.845,960.331
2025-12-30,1135.21,1141.13,1103.13,1105.6,2243000,1128.928,1074.536,1048.915,54.92,24.118,15.282,8.835,1074.536,1165.73,983.341
2026-01-05,1114.98,1119.91,1097.7,1116.95,2171300,1132.15,1082.436,1048.952,56.51,23.714,16.969,6.745,1082.436,1157.398,1007.474
2026-01-06,1120.4,1120.4,1092.27,1098.69,2980800,1121.788,1083.779,1048.112,53.255,21.671,17.909,3.762,1083.779,1158.903,1008.655
2026-01-07,1086.84,1115.47,1076.97,1110.04,3217800,1114.582,1087.779,1047.716,54.99,20.728,18.473,2.255,1087.779,1159.288,1016.27
2026-01-08,1113.49,1165.81,1090.79,1142.62,5342900,1114.78,1090.458,1048.168,59.625,22.353,19.249,3.104,1090.458,1166.063,1014.853
2026-01-09,1137.19,1154.95,1127.81,1146.56,2896100,1122.972,1094.465,1048.699,60.159,23.685,20.136,3.549,1094.465,1173.138,1015.792
2026-01-13,1159.89,1176.67,1148.54,1159.89,2475000,1131.56,1100.835,1049.497,61.991,25.522,21.213,4.309,1100.835,1179.01,1022.659
2026-01-14,1154.95,1157.92,1134.72,1141.63,2384300,1140.148,1107.004,1050.381,58.052,25.214,22.013,3.201,1107.004,1176.756,1037.252
2026-01-15,1137.68,1144.1,1118.43,1124.85,2155700,1143.11,1110.294,1051.835,54.618,23.347,22.28,1.067,1110.294,1176.647,1043.941
2026-01-16,1120.4,1123.37,1102.64,1110.04,2377400,1136.594,1112.008,1052.403,51.71,20.436,21.911,-1.475,1112.008,1176.345,1047.671
2026-01-19,1097.21,1110.53,1089.8,1091.78,1820800,1125.638,1113.694,1052.408,48.296,16.467,20.822,-4.356,1113.694,1173.7,1053.688
2026-01-20,1105.6,1139.16,1102.14,1129.29,2632400,1119.518,1117.034,1053.744,54.886,16.161,19.89,-3.729,1117.034,1172.288,1061.78
2026-01-21,1105.6,1113.0,1086.84,1088.32,2191700,1108.856,1118.154,1053.828,47.73,12.469,18.406,-5.937,1118.154,1169.84,1066.467
2026-01-22,1096.22,1103.13,1087.83,1093.26,1240700,1102.538,1118.488,1054.896,48.601,9.828,16.69,-6.862,1118.488,1169.395,1067.58
2026-01-23,1110.04,1141.13,1103.13,1128.8,2410300,1106.29,1121.631,1057.216,54.472,10.483,15.449,-4.966,1121.631,1166.25,1077.012
2026-01-26,1110.53,1133.73,1099.18,1099.18,1813000,1107.77,1121.327,1058.579,49.407,8.513,14.062,-5.549,1121.327,1166.495,1076.159
2026-01-27,1106.58,1109.55,1092.76,1101.65,1410500,1102.242,1121.367,1060.591,49.826,7.07,12.663,-5.593,1121.367,1166.46,1076.275
2026-01-28,1081.91,1087.34,1060.19,1085.86,1874400,1101.75,1118.135,1061.904,47.138,4.599,11.05,-6.451,1118.135,1163.699,1072.572
2026-01-29,1071.54,1075.98,1057.23,1063.64,1645700,1095.826,1114.014,1063.57,43.576,0.838,9.008,-8.17,1114.014,1163.668,1064.36
2026-01-30,1072.04,1083.39,1066.11,1073.02,1180200,1084.67,1110.584,1064.97,45.45,-1.37,6.933,-8.302,1110.584,1161.663,1059.504
2026-02-02,1085.85,1092.76,1068.58,1068.58,1233100,1078.55,1108.732,1066.944,44.693,-3.438,4.858,-8.296,1108.732,1163.147,1054.318
2026-02-03,1074.01,1089.31,1069.07,1083.88,1327900,1074.996,1107.079,1069.524,47.911,-3.799,3.127,-6.926,1107.079,1162.444,1051.714
2026-02-04,1077.96,1081.41,1061.67,1074.01,1546300,1072.626,1105.845,1072.02,46.05,-4.825,1.537,-6.362,1105.845,1163.066,1048.624
2026-02-05,1080.92,1105.6,1073.52,1084.87,1524300,1076.872,1104.586,1074.523,48.424,-4.709,0.288,-4.996,1104.586,1162.522,1046.651
2026-02-06,1070.55,1089.8,1061.18,1084.37,1238500,1079.142,1101.674,1076.555,48.319,-4.603,-0.691,-3.913,1101.674,1157.372,1045.976
2026-02-09,1088.82,1095.73,1069.07,1082.89,1857100,1082.004,1098.49,1078.863,47.986,-4.586,-1.47,-3.116,1098.49,1150.546,1046.435
2026-02-10,1090.79,1118.92,1015.77,1045.38,6683800,1074.304,1092.765,1080.035,40.387,-7.513,-2.678,-4.835,1092.765,1141.467,1044.063
2026-02-12,1036.5,1057.72,1012.31,1047.85,3281000,1069.072,1088.076,1081.53,41.049,-9.523,-4.047,-5.476,1088.076,1134.994,1041.158
2026-02-13,1036.5,1045.38,975.3,975.3,3914200,1047.158,1080.598,1081.094,30.377,-16.777,-6.593,-10.184,1080.598,1146.619,1014.578
2026-02-16,982.11,994.05,968.58,972.53,3111900,1024.79,1073.723,1081.262,30.056,-22.49,-9.773,-12.718,1073.723,1153.947,993.499
2026-02-17,982.21,986.55,961.28,966.9,3171900,1001.592,1067.479,1081.667,29.376,-27.159,-13.25,-13.909,1067.479,1160.245,974.713
2026-02-18,981.71,1009.35,978.85,1004.42,2922900,993.4,1061.236,1082.576,39.242,-27.515,-16.103,-11.412,1061.236,1153.291,969.18
2026-02-19,1005.9,1031.56,996.03,1013.79,2066100,986.588,1057.509,1081.416,41.442,-26.732,-18.229,-8.503,1057.509,1150.971,964.047
2026-02-20,1002.44,1003.92,970.85,975.59,2722100,986.646,1051.626,1080.327,35.757,-28.862,-20.355,-8.506,1051.626,1150.282,952.969
2026-02-24,961.48,989.61,957.72,971.64,1971700,986.468,1043.768,1077.979,35.22,-30.516,-22.388,-8.129,1043.768,1141.574,945.961
2026-02-25,985.07,1010.83,984.67,1000.47,1921200,993.182,1038.832,1076.66,42.07,-29.165,-23.743,-5.422,1038.832,1134.81,942.854
2026-02-26,1011.82,1026.63,1011.33,1021.2,2188900,996.538,1034.809,1076.434,46.455,-26.12,-24.219,-1.902,1034.809,1126.343,943.276
2026-02-27,1033.54,1063.15,1024.16,1060.19,2907700,1005.818,1033.526,1077.273,53.573,-20.327,-23.44,3.113,1033.526,1122.736,944.316
2026-03-02,1035.51,1041.93,1018.73,1024.16,1811200,1015.532,1031.552,1076.575,47.314,-18.43,-22.438,4.008,1031.552,1119.697,943.407
2026-03-03,1003.43,1004.91,971.25,973.62,2616000,1015.928,1026.582,1074.532,40.216,-20.766,-22.104,1.338,1026.582,1116.081,937.083
2026-03-04,942.72,969.87,928.9,950.42,3576100,1005.918,1020.674,1072.379,37.439,-24.21,-22.525,-1.685,1020.674,1114.017,927.331
2026-03-05,963.25,988.62,959.3,959.5,2504700,993.578,1014.455,1070.319,39.208,-25.909,-23.202,-2.707,1014.455,1106.633,922.277
2026-03-06,966.41,983.49,956.74,983.49,1915200,978.238,1009.929,1068.671,43.735,-25.03,-23.567,-1.463,1009.929,1098.618,921.24
2026-03-09,935.61,959.99,929.2,957.72,2875500,964.95,1003.572,1066.093,40.267,-26.112,-24.076,-2.036,1003.572,1087.756,919.387
2026-03-10,957.72,961.28,928.01,934.03,2754900,957.032,996.054,1063.455,37.335,-28.552,-24.972,-3.581,996.054,1076.633,915.476
2026-03-11,927.81,927.91,893.46,899.29,5635100,946.806,986.875,1059.336,33.485,-32.91,-26.559,-6.351,986.875,1067.632,906.117
2026-03-12,899.29,901.95,875.1,889.02,3834600,932.71,979.056,1055.1,32.421,-36.768,-28.601,-8.167,979.056,1066.004,892.109
2026-03-13,875.79,906.29,874.8,881.62,3068000,912.336,970.745,1049.722,31.64,-39.962,-30.873,-9.089,970.745,1061.692,879.798
2026-03-16,878.56,896.32,876.19,878.36,1836200,896.464,965.898,1044.368,31.283,-42.27,-33.153,-9.117,965.898,1065.722,866.074
2026-03-17,890.2,890.2,867.6,872.24,1579100,884.106,960.883,1038.98,30.585,-44.084,-35.339,-8.745,960.883,1069.033,852.734
2026-03-18,876.58,879.94,871.55,878.56,1887500,879.96,956.467,1034.439,32.266,-44.499,-37.171,-7.328,956.467,1070.631,842.302
2026-03-19,863.75,865.72,845.09,845.09,2574400,871.174,948.5,1029.002,28.35,-46.987,-39.134,-7.853,948.5,1070.539,826.461
2026-03-23,831.37,833.15,812.71,815.87,3009200,858.024,938.604,1023.346,25.447,-50.731,-41.453,-9.278,938.604,1070.085,807.123
2026-03-24,839.46,841.74,824.46,836.21,2086000,849.594,931.635,1017.869,30.762,-51.464,-43.456,-8.009,931.635,1069.482,793.788
2026-03-25,834.13,863.06,833.44,858.32,2083300,846.81,925.969,1012.183,36.096,-49.688,-44.702,-4.986,925.969,1066.188,785.75
2026-03-26,848.94,857.04,830.58,839.86,2538900,839.07,917.938,1006.049,33.758,-49.203,-45.602,-3.601,917.938,1058.588,777.289
2026-03-27,842.52,844.89,829.3,841.54,3247100,838.36,908.956,999.682,34.176,-48.129,-46.108,-2.021,908.956,1044.7,773.211
2026-03-30,798.96,801.84,790.13,796.09,2553000,834.404,895.75,992.771,28.869,-50.364,-46.959,-3.405,895.75,1020.487,771.014
2026-03-31,808.69,820.6,799.86,811.37,2297800,829.436,885.111,986.502,32.655,-50.322,-47.632,-2.691,885.111,999.61,770.612
2026-04-01,822.68,838.16,820.1,835.48,2140200,824.868,878.204,981.01,38.241,-47.793,-47.664,-0.129,878.204,986.733,769.675
2026-04-02,847.39,861.78,835.48,842.93,2468200,825.482,872.83,976.033,39.9,-44.672,-47.066,2.393,872.83,976.853,768.806
2026-04-03,850.47,863.17,847.69,849.38,1978600,827.05,867.324,970.435,41.368,-41.204,-45.893,4.69,867.324,963.384,771.263
2026-04-06,857.91,871.31,854.04,864.76,1641700,840.784,861.387,965.964,44.829,-36.789,-44.072,7.283,861.387,940.378,782.396
2026-04-07,868.33,881.03,863.67,874.48,1732500,853.406,857.225,961.588,46.96,-32.137,-41.685,9.549,857.225,922.41,792.04
2026-04-08,889.37,921.23,888.28,912.2,2771900,868.75,856.133,957.256,54.332,-25.116,-38.371,13.255,856.133,916.453,795.814
2026-04-09,898.4,936.71,894.63,911.5,3086100,882.464,856.744,953.503,54.181,-19.385,-34.574,15.189,856.744,919.115,794.373
2026-04-10,917.95,928.87,910.61,916.96,1899100,895.98,858.141,949.809,55.223,-14.238,-30.507,16.268,858.141,924.669,791.613
2026-04-13,908.03,925.39,905.05,920.63,1802300,907.154,860.091,946.504,55.948,-9.751,-26.356,16.605,860.091,931.617,788.566
2026-04-14,937.8,945.64,933.33,940.97,1781200,920.452,863.222,944.051,59.831,-4.502,-21.985,17.483,863.222,943.107,783.337
2026-04-15,954.67,986.03,950.3,981.86,2716800,934.384,868.703,942.228,66.267,2.924,-17.003,19.927,868.703,964.625,772.781
2026-04-16,979.48,998.83,938.49,938.49,3249700,939.782,871.7,939.626,56.015,5.249,-12.553,17.802,871.7,972.537,770.862
2026-04-17,943.75,965.58,941.77,947.42,2134000,945.874,876.816,936.897,57.474,7.723,-8.498,16.221,876.816,982.248,771.384
2026-04-20,962.31,962.31,926.39,928.97,1796800,947.542,882.471,933.996,53.524,8.102,-5.178,13.279,882.471,986.259,778.683
2026-04-21,937.8,946.23,927.38,944.94,1845700,948.336,887.908,931.197,56.322,9.58,-2.226,11.806,887.908,992.877,782.938
2026-04-22,951.89,952.68,925.99,929.66,1821300,937.896,891.474,928.103,53.032,9.41,0.101,9.309,891.474,997.057,785.892
2026-04-23,914.78,917.65,894.43,904.95,1820300,931.188,894.729,924.544,48.136,7.198,1.52,5.678,894.729,997.59,791.868
2026-04-24,884.41,889.97,873.49,881.53,1758000,918.01,896.728,921.267,43.99,3.515,1.919,1.596,896.728,996.752,796.705
2026-04-27,892.94,893.74,874.78,877.26,1462000,907.668,900.787,917.856,43.258,0.249,1.585,-1.336,900.787,989.573,812.001
2026-04-28,879.74,883.22,863.87,875.18,1190500,893.716,903.978,915.853,42.884,-2.479,0.773,-3.251,903.978,983.317,824.638
2026-04-30,863.37,864.36,845.21,848.48,1269500,877.48,904.627,913.372,38.304,-6.717,-0.725,-5.992,904.627,981.788,827.467
2026-05-01,844.51,853.15,834.09,845.8,1344300,865.65,904.771,910.95,37.867,-10.176,-2.615,-7.56,904.771,981.457,828.085
2026-05-07,858.51,861.39,831.91,847.89,2445000,858.922,904.696,907.82,38.457,-12.602,-4.613,-7.99,904.696,981.612,827.781
2026-05-08,862.77,873.1,843.62,858.9,2464200,855.25,904.404,904.722,41.602,-13.482,-6.387,-7.095,904.404,982.001,826.806
2026-05-11,873.79,879.55,856.62,865.45,2025300,853.304,903.952,902.519,43.454,-13.495,-7.808,-5.686,903.952,982.383,825.521
2026-05-12,862.38,865.26,848.19,854.84,1948500,854.576,901.084,900.183,41.176,-14.197,-9.086,-5.111,901.084,982.388,819.78
2026-05-13,859.7,893.14,842.73,856.42,6076700,856.7,898.33,897.302,41.667,-14.46,-10.161,-4.299,898.33,981.849,814.811
2026-05-14,841.54,847.69,798.47,802.04,5684100,847.53,892.584,892.919,31.833,-18.839,-11.896,-6.943,892.584,985.94,799.228
2026-05-15,798.87,824.47,782.09,820.1,3042100,839.77,887.558,888.117,37.139,-20.615,-13.64,-6.974,887.558,985.279,789.836
2026-05-18,864.76,865.35,832.01,848.29,2605100,836.338,882.923,884.6,44.412,-19.522,-14.816,-4.705,882.923,978.752,787.095
2026-05-19,863.17,882.03,858.21,881.93,3204100,841.756,877.927,882.766,51.608,-15.76,-15.005,-0.755,877.927,961.697,794.157
2026-05-20,873.0,881.23,850.87,873.29,2609800,845.13,874.667,881.223,49.824,-13.322,-14.668,1.347,874.667,953.439,795.895
2026-05-21,883.22,884.21,848.09,849.97,1975400,854.716,869.795,879.033,45.275,-13.12,-14.359,1.238,869.795,941.343,798.246
2026-05-22,853.45,855.03,838.76,852.26,1832700,861.148,865.959,876.408,45.798,-12.63,-14.013,1.383,865.959,932.176,799.742
2026-05-25,854.74,882.52,840.55,882.13,2299300,867.916,862.818,874.896,52.217,-9.72,-13.154,3.435,862.818,918.361,807.276
2026-05-26,879.45,892.55,874.48,888.18,2568600,869.166,860.744,873.979,53.42,-6.846,-11.893,5.047,860.744,908.302,813.187
2026-05-27,882.23,888.58,864.16,883.22,2086900,871.152,859.658,873.658,52.259,-4.912,-10.497,5.585,859.658,903.836,815.48
2026-05-28,888.68,891.75,871.31,888.68,1726600,878.894,860.016,873.651,53.459,-2.905,-8.978,6.073,860.016,905.046,814.985
2026-05-29,888.68,909.12,884.01,897.71,2829000,887.984,861.038,873.973,55.453,-0.579,-7.298,6.719,861.038,908.576,813.5
2026-06-01,903.46,906.84,887.88,892.15,2077100,889.988,861.886,874.249,53.921,0.806,-5.678,6.483,861.886,911.065,812.708
2026-06-02,891.16,892.05,859.2,871.71,1907300,886.694,863.048,874.238,48.605,0.251,-4.492,4.743,863.048,911.99,814.106
2026-06-03,853.45,874.39,844.12,862.68,2057300,882.586,863.892,873.92,46.427,-0.906,-3.775,2.868,863.892,912.159,815.625
2026-06-04,847.79,925.0,834.79,922.02,4768600,889.254,867.598,875.459,59.324,2.931,-2.434,5.364,867.598,921.722,813.475
2026-06-05,933.83,948.12,917.55,931.35,3838700,895.982,871.221,877.769,60.918,6.648,-0.617,7.265,871.221,932.162,810.28
2026-06-08,904.06,942.76,902.17,915.27,4647100,900.606,873.712,879.35,56.789,8.202,1.146,7.055,873.712,937.658,809.766
2026-06-09,930.16,959.04,925.1,955.76,2575600,917.416,878.758,881.299,63.497,12.555,3.428,9.127,878.758,951.725,805.791
2026-06-10,970.55,998.83,959.73,994.86,3602800,943.852,885.68,884.399,68.572,18.943,6.531,12.411,885.68,974.309,797.051
2026-06-11,995.85,997.34,964.39,985.04,3347100,956.456,894.83,887.269,66.087,22.947,9.814,13.133,894.83,984.876,804.784
2026-06-12,1000.32,1027.11,983.25,1005.28,3819700,971.242,904.089,891.452,68.611,27.438,13.339,14.099,904.089,999.692,808.486
2026-06-15,1021.65,1059.86,1010.24,1047.95,3199100,997.778,914.072,896.184,73.149,34.048,17.481,16.567,914.072,1025.525,802.619
2026-06-16,1049.44,1049.44,1002.8,1013.72,2880300,1009.37,920.661,899.749,65.027,36.108,21.206,14.902,920.661,1039.455,801.868
2026-06-17,1037.04,1048.94,1015.2,1023.14,2332200,1015.026,928.154,903.353,66.142,38.062,24.577,13.484,928.154,1053.11,803.198
2026-06-18,1023.14,1025.62,1001.31,1020.17,1843000,1022.052,936.664,906.769,65.434,38.922,27.446,11.476,936.664,1062.381,810.947
2026-06-19,1013.22,1013.22,960.33,977.59,2983000,1016.514,942.93,909.025,56.156,35.755,29.108,6.647,942.93,1063.314,822.547
2026-06-22,977.49,1019.67,973.82,1009.25,2586400,1008.774,949.286,911.721,60.626,35.393,30.365,5.028,949.286,1069.577,828.996
2026-06-23,1012.72,1059.36,1007.26,1050.93,3250700,1016.216,957.424,914.495,65.599,38.03,31.898,6.132,957.424,1082.244,832.604
2026-06-24,1066.31,1099.06,1058.87,1073.75,3289700,1026.338,966.951,917.74,67.983,41.484,33.815,7.668,966.951,1096.902,836.999
2026-06-25,1065.32,1171.01,1063.33,1164.06,5234700,1055.116,980.719,922.682,75.284,50.921,37.236,13.684,980.719,1132.307,829.132
2026-06-26,1141.73,1166.54,1124.86,1129.33,4270200,1085.464,992.3,926.856,68.788,54.964,40.782,14.182,992.3,1152.341,832.26
2026-06-29,1157.22,1193.59,1156.73,1173.17,3382500,1118.248,1006.352,931.5,72.065,61.002,44.826,16.176,1006.352,1178.274,834.429
2026-06-30,1170.67,1174.16,1141.28,1157.72,2378900,1139.606,1020.652,935.018,69.303,63.805,48.622,15.184,1020.652,1192.998,848.306
2026-07-01,1187.61,1190.6,1159.72,1167.19,1955800,1158.294,1035.878,939.592,70.061,66.03,52.103,13.927,1035.878,1203.192,868.563
2026-07-02,1188.11,1220.49,1166.69,1186.62,3389100,1162.806,1049.108,944.376,71.608,68.57,55.397,13.174,1049.108,1220.315,877.9
2026-07-03,1189.11,1276.28,1185.62,1251.87,4746200,1187.314,1065.134,950.834,76.08,74.984,59.314,15.67,1065.134,1249.433,880.834
2026-07-06,1240.92,1253.87,1217.5,1241.41,2875300,1200.962,1081.441,956.763,74.066,78.321,63.116,15.205,1081.441,1267.613,895.268
2026-07-07,1244.4,1261.84,1226.47,1241.91,2049000,1217.8,1095.748,963.008,74.101,80.082,66.509,13.573,1095.748,1285.206,906.29
2026-07-08,1253.37,1270.31,1200.56,1214.51,3490900,1227.264,1106.731,969.199,68.593,78.364,68.88,9.484,1106.731,1297.027,916.434
2026-07-09,1188.61,1274.29,1176.15,1233.44,4416600,1236.628,1119.151,976.237,70.239,77.634,70.631,7.004,1119.151,1308.428,929.873
2026-07-10,1240.42,1269.81,1215.51,1230.45,2665000,1232.344,1130.409,983.301,69.618,75.94,71.693,4.247,1130.409,1317.946,942.872
2026-07-13,1233.44,1259.85,1225.97,1250.88,2227600,1234.238,1140.556,990.815,71.473,75.376,72.429,2.947,1140.556,1331.24,949.871
2026-07-14,1251.38,1332.08,1249.88,1315.14,3964500,1248.884,1155.626,1000.148,76.362,79.202,73.784,5.418,1155.626,1351.673,959.58
2026-07-15,1305.68,1321.12,1281.76,1293.72,2882200,1264.726,1169.156,1009.107,71.936,79.588,74.945,4.643,1169.156,1364.048,974.263
2026-07-16,1310.16,1328.59,1285.75,1306.67,2441600,1279.372,1183.481,1018.282,72.957,80.017,75.959,4.058,1183.481,1374.34,992.621
2026-07-17,1290.23,1303.68,1248.39,1265.82,2804900,1286.446,1197.892,1026.421,64.936,76.182,76.004,0.178,1197.892,1365.39,1030.394
2026-07-21,1255.86,1277.78,1251.87,1265.33,2187600,1289.336,1210.696,1034.418,64.844,72.27,75.257,-2.987,1210.696,1355.026,1066.366
2026-07-22,1211.03,1215.01,1173.17,1199.57,4323500,1266.222,1218.128,1041.313,53.815,63.136,72.833,-9.697,1218.128,1341.622,1094.634
2026-07-23,1150.75,1212.52,1146.27,1204.55,3013900,1248.388,1224.668,1048.276,54.447,55.657,69.398,-13.74,1224.668,1328.211,1121.125
2026-07-24,1174.66,1213.02,1160.21,1171.67,3041900,1221.388,1225.048,1055.668,49.619,46.541,64.826,-18.285,1225.048,1327.706,1122.391
2026-07-27,1181.14,1239.42,1178.15,1229.46,2494900,1214.116,1230.055,1063.855,56.859,43.478,60.557,-17.079,1230.055,1322.295,1137.815
2026-07-28,1211.03,1252.87,1210.03,1234.94,2849500,1208.038,1233.144,1071.588,57.483,41.02,56.649,-15.629,1233.144,1321.415,1144.872
2026-07-29,1242.41,1253.87,1210.53,1252.37,2786600,1218.598,1237.876,1078.997,59.49,40.017,53.323,-13.306,1237.876,1318.979,1156.773
2026-07-30,1264.33,1272.3,1233.44,1243.41,2388000,1226.37,1241.687,1086.4,57.975,38.061,50.27,-12.21,1241.687,1315.654,1167.72
2026-07-31,1195.58,1255.86,1191.6,1211.52,2837600,1234.34,1242.932,1093.631,52.819,33.55,46.926,-13.376,1242.932,1313.769,1172.095
2026-08-03,1219.99,1225.97,1191.1,1203.55,2520900,1229.158,1240.516,1100.656,51.585,28.998,43.341,-14.343,1240.516,1313.337,1167.695
2026-08-04,1210.53,1220.49,1196.08,1202.06,1550700,1222.582,1238.548,1107.055,51.343,24.982,39.669,-14.687,1238.548,1313.367,1163.73
2026-08-05,1197.58,1255.36,1196.58,1247.89,1770100,1221.686,1238.848,1114.249,57.879,25.207,36.777,-11.569,1238.848,1313.77,1163.925
2026-08-06,1273.3,1301.19,1249.88,1254.37,2069000,1223.878,1240.84,1121.672,58.723,25.613,34.544,-8.931,1240.84,1315.156,1166.525
2026-08-07,1272.3,1354.5,1258.35,1322.12,3823900,1245.998,1245.274,1130.341,66.322,31.044,33.844,-2.8,1245.274,1327.853,1162.696
2026-08-10,1279.27,1362.96,1180.14,1359.98,13487800,1277.284,1251.751,1139.586,69.682,37.965,34.668,3.297,1251.751,1348.531,1154.971
2026-08-12,1385.38,1403.81,1254.86,1264.83,6838700,1289.838,1252.448,1147.04,54.869,35.365,34.808,0.557,1252.448,1349.403,1155.494
2026-08-13,1340.55,1352.0,1277.28,1303.68,3652800,1300.996,1251.875,1155.679,58.727,36.024,35.051,0.973,1251.875,1347.395,1156.356
2026-08-14,1286.25,1343.04,1276.28,1334.57,3015800,1317.036,1253.918,1165.117,61.542,38.594,35.759,2.834,1253.918,1354.801,1153.035
2026-08-17,1352.0,1354.0,1291.73,1294.22,2258000,1311.456,1253.296,1172.561,56.154,36.948,35.997,0.951,1253.296,1352.954,1153.637
2026-08-18,1277.28,1334.57,1270.31,1323.11,2572500,1304.082,1256.16,1180.396,58.927,37.543,36.306,1.237,1256.16,1360.517,1151.803
2026-08-19,1345.03,1363.96,1309.66,1318.13,2342000,1314.742,1258.8,1188.454,58.243,37.184,36.482,0.702,1258.8,1366.744,1150.856
2026-08-20,1375.92,1383.89,1335.07,1360.97,2750800,1326.2,1266.87,1196.558,62.296,39.896,37.165,2.731,1266.87,1380.169,1153.571
2026-08-21,1358.98,1366.95,1323.11,1333.57,1937300,1326.0,1273.321,1203.332,58.392,39.38,37.608,1.773,1273.321,1386.371,1160.271
2026-08-24,1350.01,1360.97,1327.1,1347.02,2587200,1336.56,1282.088,1210.572,59.726,39.601,38.006,1.594,1282.088,1388.976,1175.201
2026-08-25,1347.02,1353.5,1332.08,1342.54,1544800,1340.446,1287.742,1217.317,59.047,38.965,38.198,0.767,1287.742,1394.871,1180.614
2026-08-26,1343.04,1374.92,1339.05,1347.02,1436400,1346.224,1293.346,1223.298,59.542,38.38,38.234,0.145,1293.346,1400.571,1186.122
2026-08-27,1341.54,1365.95,1311.65,1314.64,1688200,1336.958,1296.46,1229.317,54.418,34.901,37.568,-2.667,1296.46,1402.282,1190.638
2026-08-28,1308.66,1347.52,1304.18,1342.54,1534500,1338.752,1301.416,1235.705,57.789,34.003,36.855,-2.851,1301.416,1406.056,1196.777
2026-08-31,1341.54,1356.99,1337.06,1345.03,1362300,1338.354,1308.092,1242.202,58.087,33.111,36.106,-2.995,1308.092,1405.359,1210.825
2026-09-01,1335.07,1353.0,1321.12,1331.58,1653700,1336.162,1314.494,1249.282,55.796,30.962,35.077,-4.115,1314.494,1398.776,1230.211
2026-09-02,1315.14,1321.12,1271.3,1274.79,1949200,1321.716,1318.13,1254.592,47.313,24.395,32.941,-8.546,1318.13,1386.821,1249.439
2026-09-03,1284.75,1296.71,1263.33,1263.33,1386300,1311.454,1318.902,1258.84,45.8,18.058,29.964,-11.906,1318.902,1384.548,1253.256
2026-09-04,1256.36,1360.97,1240.92,1293.72,4373700,1301.69,1320.87,1263.24,50.336,15.311,27.034,-11.722,1320.87,1380.451,1261.288
2026-09-07,1320.12,1320.12,1220.49,1243.41,3967100,1281.366,1316.934,1264.827,43.8,8.971,23.421,-14.45,1316.934,1385.837,1248.031
2026-09-08,1231.95,1246.89,1187.61,1193.59,2851800,1253.768,1308.614,1266.112,38.473,-0.072,18.722,-18.795,1308.614,1393.873,1223.356
2026-09-09,1198.57,1212.02,1179.64,1192.1,2675400,1237.23,1304.978,1266.491,38.323,-7.275,13.523,-20.798,1304.978,1403.302,1206.654
2026-09-10,1181.63,1219.49,1163.2,1219.49,2383000,1228.462,1300.768,1267.726,42.746,-10.651,8.688,-19.339,1300.768,1406.273,1195.264
2026-09-11,1209.03,1218.5,1161.21,1169.18,2340700,1203.554,1292.499,1267.766,37.435,-17.188,3.513,-20.701,1292.499,1411.865,1173.133
2026-09-14,1154.24,1203.55,1151.25,1201.06,1498000,1195.084,1287.841,1268.055,42.325,-19.571,-1.104,-18.467,1287.841,1414.001,1161.681
2026-09-15,1211.03,1219.0,1171.67,1178.15,1671500,1191.996,1280.593,1266.58,39.911,-23.042,-5.491,-17.55,1280.593,1414.632,1146.554
2026-09-16,1165.69,1172.17,1124.84,1153.24,2708500,1184.224,1272.348,1264.817,37.412,-27.486,-9.89,-17.595,1272.348,1416.564,1128.133
2026-09-17,1145.77,1181.14,1143.28,1177.65,1998100,1175.856,1263.183,1263.532,41.291,-28.707,-13.654,-15.053,1263.183,1406.984,1119.381
2026-09-18,1187.61,1188.11,1146.76,1178.15,3444400,1177.65,1255.412,1262.804,41.371,-29.297,-16.782,-12.515,1255.412,1399.993,1110.83
2026-09-24,1167.19,1196.58,1157.72,1178.15,1887900,1173.068,1246.968,1261.699,41.371,-29.425,-19.311,-10.114,1246.968,1388.72,1105.216
2026-09-25,1168.68,1200.07,1162.7,1183.13,1632800,1174.064,1238.998,1260.752,42.281,-28.793,-21.207,-7.586,1238.998,1375.969,1102.026
2026-09-28,1174.66,1226.47,1173.17,1218.0,3532400,1187.016,1232.546,1260.095,48.33,-25.188,-22.004,-3.185,1232.546,1359.912,1105.181
2026-09-29,1214.0,1240.5,1213.0,1222.5,2243800,1195.986,1227.94,1258.242,49.071,-21.718,-21.946,0.229,1227.94,1349.328,1106.551
2026-09-30,1229.5,1241.5,1212.5,1236.0,1860800,1207.556,1222.612,1257.087,51.329,-17.674,-21.092,3.418,1222.612,1331.537,1113.688
2026-10-01,1246.0,1282.5,1233.5,1276.5,2185600,1227.226,1219.186,1256.484,57.425,-11.074,-19.088,8.014,1219.186,1315.474,1122.898
2026-10-02,1270.0,1281.0,1241.0,1241.0,1694900,1238.8,1214.657,1255.988,51.353,-8.609,-16.993,8.384,1214.657,1296.056,1133.258
2026-10-05,1259.0,1276.0,1232.5,1247.5,1853600,1244.7,1213.292,1255.631,52.347,-6.061,-14.806,8.745,1213.292,1291.291,1135.294
2026-10-06,1246.5,1278.0,1238.0,1277.5,1947800,1255.7,1214.001,1257.19,56.738,-1.602,-12.165,10.563,1214.001,1294.141,1133.861
2026-10-07,1270.0,1294.0,1260.0,1288.0,1870100,1266.1,1213.715,1258.859,58.191,2.747,-9.183,11.93,1213.715,1292.69,1134.74
2026-10-08,1299.0,1306.0,1273.0,1275.0,955200,1265.8,1215.295,1260.925,55.698,5.086,-6.329,11.415,1215.295,1297.948,1132.641
