Date,Open,High,Low,Close,Volume,SMA5,SMA20,SMA50,RSI,MACD,MACD_signal,MACD_hist,BB_mid,BB_upper,BB_lower
2021-08-16,2440.35,2487.86,2440.35,2474.9,606400,,,,,0.0,0.0,0.0,,,
2021-08-17,2461.94,2466.26,2427.39,2431.71,468600,,,,,-3.445,-0.689,-2.756,,,
2021-08-18,2496.5,2561.28,2487.86,2544.01,1282600,,,,,2.853,0.019,2.834,,,
2021-08-19,2505.13,2531.05,2479.22,2479.22,854000,,,,,2.587,0.533,2.054,,,
2021-08-20,2505.13,2522.41,2483.54,2487.86,693000,2483.54,,,,3.038,1.034,2.004,,,
2021-08-23,2487.86,2513.77,2487.86,2500.82,632000,2488.724,,,,4.39,1.705,2.685,,,
2021-08-24,2509.45,2552.65,2500.82,2535.37,1545600,2509.456,,,,8.156,2.995,5.161,,,
2021-08-25,2509.45,2531.05,2500.82,2518.09,1279200,2504.272,,,,9.635,4.323,5.312,,,
2021-08-26,2522.41,2526.73,2431.71,2440.35,1240400,2496.498,,,,4.483,4.355,0.128,,,
2021-08-27,2418.75,2436.03,2405.79,2423.07,801800,2483.54,,,,-0.984,3.287,-4.271,,,
2021-08-30,2427.39,2453.3,2414.43,2453.3,493400,2474.036,,,,-2.844,2.061,-4.905,,,
2021-08-31,2431.71,2474.9,2431.71,2461.94,1058800,2459.35,,,,-3.579,0.933,-4.512,,,
2021-09-01,2470.58,2544.01,2466.26,2539.69,1371600,2463.67,,,,2.087,1.164,0.923,,,
2021-09-02,2496.5,2535.37,2479.22,2531.05,723000,2481.81,,,,5.814,2.094,3.72,,,
2021-09-03,2518.09,2578.56,2513.77,2565.6,1548200,2510.316,,,62.306,11.424,3.96,7.464,,,
2021-09-06,2574.24,2587.2,2548.33,2565.6,736200,2532.776,,,62.306,15.688,6.305,9.383,,,
2021-09-07,2613.11,2639.03,2604.48,2617.43,677000,2563.874,,,68.082,22.986,9.642,13.344,,,
2021-09-08,2617.43,2660.63,2604.48,2643.35,893600,2584.606,,,70.515,30.508,13.815,16.694,,,
2021-09-09,2634.71,2643.35,2595.84,2608.8,583400,2600.156,,,63.56,33.299,17.712,15.587,,,
2021-09-10,2591.52,2647.67,2591.52,2647.67,757400,2616.57,2523.492,,67.449,38.206,21.811,16.396,2523.492,2661.589,2385.394
2021-09-13,2617.43,2639.03,2613.11,2639.03,730800,2631.256,2531.698,,65.769,40.926,25.634,15.293,2531.698,2676.958,2386.438
2021-09-14,2647.67,2682.22,2634.71,2656.31,1064600,2639.032,2542.928,,67.512,43.969,29.301,14.669,2542.928,2690.352,2395.504
2021-09-15,2647.67,2673.58,2647.67,2673.58,982000,2645.078,2549.406,,69.201,47.23,32.887,14.344,2549.406,2707.996,2390.817
2021-09-16,2669.26,2669.26,2617.43,2630.39,634400,2649.396,2556.965,,60.704,45.802,35.47,10.332,2556.965,2715.879,2398.051
2021-09-17,2604.48,2617.43,2574.24,2604.48,1392800,2640.758,2562.796,,56.243,42.093,36.794,5.299,2562.796,2719.577,2406.015
2021-09-21,2561.28,2574.24,2518.09,2552.65,961600,2623.482,2565.388,,48.556,34.574,36.35,-1.777,2565.388,2719.547,2411.228
2021-09-22,2578.56,2582.88,2535.37,2535.37,565000,2599.294,2565.388,,46.285,26.91,34.462,-7.552,2565.388,2719.547,2411.228
2021-09-24,2539.69,2587.2,2539.69,2587.2,737400,2582.018,2568.843,,53.336,24.733,32.516,-7.783,2568.843,2721.631,2416.055
2021-09-27,2561.28,2578.56,2556.96,2561.28,455400,2568.196,2574.89,,49.814,20.678,30.149,-9.47,2574.89,2715.34,2434.439
2021-09-28,2522.41,2544.01,2483.54,2509.45,574400,2549.19,2579.208,,43.613,13.131,26.745,-13.614,2579.208,2704.496,2453.921
2021-09-29,2474.9,2500.82,2436.03,2483.54,778400,2535.368,2580.72,,40.874,5.002,22.397,-17.395,2580.72,2700.205,2461.236
2021-09-30,2492.18,2496.5,2457.62,2479.22,822800,2524.138,2581.584,,40.418,-1.769,17.564,-19.333,2581.584,2697.654,2465.515
2021-10-01,2474.9,2487.86,2423.07,2440.35,564000,2494.768,2576.618,,36.476,-10.154,12.02,-22.174,2576.618,2707.759,2445.476
2021-10-04,2410.11,2423.07,2384.2,2392.84,690800,2461.08,2569.707,,32.327,-20.398,5.536,-25.935,2569.707,2723.558,2415.856
2021-10-05,2349.64,2366.92,2319.41,2332.37,714400,2425.664,2558.045,,27.966,-33.016,-2.174,-30.842,2558.045,2745.002,2371.089
2021-10-06,2384.2,2414.43,2319.41,2328.05,705000,2394.566,2546.168,,27.678,-42.869,-10.313,-32.556,2546.168,2759.436,2332.9
2021-10-07,2358.28,2379.88,2332.37,2345.32,728200,2367.786,2532.562,,30.741,-48.723,-17.995,-30.728,2532.562,2760.877,2304.248
2021-10-08,2371.24,2392.84,2362.6,2366.92,860600,2353.1,2518.741,,34.479,-51.032,-24.603,-26.429,2518.741,2752.226,2285.256
2021-10-11,2371.24,2427.39,2353.96,2427.39,684800,2360.01,2509.67,,43.647,-47.434,-29.169,-18.266,2509.67,2742.519,2276.822
2021-10-12,2401.47,2427.39,2384.2,2401.47,636200,2373.83,2497.36,,40.999,-46.143,-32.564,-13.58,2497.36,2725.474,2269.247
2021-10-13,2375.56,2410.11,2366.92,2388.52,642000,2385.924,2484.835,,39.703,-45.639,-35.179,-10.46,2484.835,2707.644,2262.026
2021-10-14,2371.24,2405.79,2358.28,2405.79,877800,2398.018,2472.309,,42.322,-43.346,-36.812,-6.534,2472.309,2682.328,2262.29
2021-10-15,2448.99,2500.82,2440.35,2492.18,645600,2423.07,2463.239,,53.258,-34.164,-36.283,2.118,2463.239,2651.166,2275.312
2021-10-18,2513.77,2513.77,2440.35,2448.98,473800,2427.388,2454.168,,48.324,-30.027,-35.032,5.004,2454.168,2624.846,2283.491
2021-10-19,2483.54,2518.09,2479.22,2500.82,718200,2447.258,2448.986,,53.849,-22.308,-32.487,10.179,2448.986,2606.21,2291.761
2021-10-20,2522.41,2539.69,2483.54,2487.86,565400,2467.126,2445.746,,52.342,-17.041,-29.398,12.357,2445.746,2596.514,2294.978
2021-10-21,2487.86,2492.18,2453.3,2466.26,586000,2479.22,2442.29,,49.839,-14.442,-26.407,11.964,2442.29,2587.474,2297.107
2021-10-22,2461.94,2500.81,2457.62,2479.22,467800,2476.628,2436.891,,51.343,-11.208,-23.367,12.159,2436.891,2566.591,2307.192
2021-10-25,2448.99,2483.54,2440.35,2470.58,647800,2480.948,2432.356,,50.261,-9.236,-20.541,11.305,2432.356,2549.475,2315.238
2021-10-26,2513.77,2518.09,2466.26,2474.9,594000,2475.764,2430.629,2500.643,50.819,-7.24,-17.881,10.64,2430.629,2543.917,2317.341
2021-10-27,2487.86,2518.09,2470.58,2479.22,538600,2474.036,2430.413,2500.729,51.406,-5.25,-15.355,10.104,2430.413,2543.292,2317.534
2021-10-28,2492.18,2492.18,2423.07,2448.98,1166000,2470.58,2428.901,2501.075,47.163,-6.043,-13.492,7.449,2428.901,2539.82,2317.982
2021-10-29,2457.62,2457.62,2371.24,2418.75,1511400,2458.486,2427.821,2498.57,43.314,-9.007,-12.595,3.588,2427.821,2538.691,2316.951
2021-11-01,2332.37,2397.15,2310.77,2375.56,2308600,2439.482,2426.957,2496.496,38.481,-14.672,-13.011,-1.662,2426.957,2539.235,2314.679
2021-11-02,2358.28,2397.15,2353.96,2384.2,990400,2421.342,2429.548,2494.423,39.925,-18.254,-14.059,-4.195,2429.548,2534.808,2324.289
2021-11-04,2384.2,2384.2,2310.77,2328.05,1543400,2391.108,2429.548,2490.968,34.292,-25.332,-16.314,-9.018,2429.548,2534.808,2324.289
2021-11-05,2328.05,2366.92,2315.09,2362.6,952000,2373.832,2430.412,2487.512,39.91,-27.832,-18.617,-9.214,2430.412,2533.011,2327.814
2021-11-08,2358.28,2358.28,2284.86,2284.86,805000,2347.054,2426.31,2482.848,33.061,-35.675,-22.029,-13.646,2426.31,2544.914,2307.705
2021-11-09,2319.41,2319.41,2276.22,2276.22,991800,2327.186,2418.751,2479.565,32.395,-42.103,-26.044,-16.059,2418.751,2555.018,2282.484
2021-11-10,2271.9,2306.45,2267.58,2271.9,1109000,2304.726,2412.272,2476.542,32.048,-47.003,-30.236,-16.768,2412.272,2563.498,2261.047
2021-11-11,2228.71,2263.26,2202.79,2245.98,1217800,2288.312,2405.146,2472.395,29.972,-52.375,-34.664,-17.712,2405.146,2573.544,2236.747
2021-11-12,2228.71,2267.58,2228.71,2241.66,1035600,2264.124,2396.939,2467.99,29.627,-56.331,-38.997,-17.334,2396.939,2580.518,2213.36
2021-11-15,2258.94,2276.22,2237.34,2237.34,673600,2254.62,2384.197,2461.943,29.265,-59.134,-43.024,-16.109,2384.197,2575.17,2193.224
2021-11-16,2237.34,2293.49,2237.34,2284.86,1048600,2256.348,2375.991,2457.019,38.215,-56.865,-45.792,-11.072,2375.991,2569.333,2182.649
2021-11-17,2302.13,2302.13,2271.9,2293.49,987000,2260.666,2365.624,2451.577,39.707,-53.75,-47.384,-6.366,2365.624,2552.924,2178.325
2021-11-18,2293.49,2310.77,2280.54,2293.49,656400,2270.168,2355.906,2446.135,39.707,-50.698,-48.047,-2.651,2355.906,2536.552,2175.26
2021-11-19,2302.13,2362.6,2276.22,2358.28,1829800,2293.492,2350.507,2440.952,50.182,-42.56,-46.949,4.389,2350.507,2523.561,2177.453
2021-11-22,2353.96,2423.07,2353.96,2388.52,1293200,2323.728,2345.972,2435.855,54.183,-33.287,-44.217,10.93,2345.972,2509.305,2182.639
2021-11-24,2397.15,2397.15,2323.73,2336.69,844400,2334.094,2339.278,2430.413,47.188,-29.777,-41.329,11.552,2339.278,2491.718,2186.837
2021-11-25,2336.69,2345.32,2310.77,2332.37,516200,2341.87,2332.151,2424.107,46.647,-27.032,-38.47,11.437,2332.151,2470.578,2193.724
2021-11-26,2345.32,2345.32,2293.49,2315.09,903400,2346.19,2323.944,2417.628,44.453,-25.952,-35.966,10.014,2323.944,2443.887,2204.002
2021-11-29,2271.9,2302.13,2237.34,2245.98,1002200,2323.73,2313.794,2409.421,36.966,-30.324,-34.838,4.514,2313.794,2423.068,2204.521
2021-11-30,2280.54,2310.77,2241.66,2241.66,4765000,2294.358,2304.94,2400.783,36.552,-33.747,-34.62,0.872,2304.94,2406.857,2203.023
2021-12-01,2250.3,2293.49,2233.02,2280.54,1498000,2283.128,2300.189,2393.786,42.77,-32.944,-34.284,1.341,2300.189,2396.974,2203.404
2021-12-02,2254.62,2289.17,2254.62,2258.94,1126600,2268.442,2293.926,2386.875,40.401,-33.662,-34.16,0.498,2293.926,2383.785,2204.067
2021-12-03,2250.3,2297.81,2233.02,2297.81,1142600,2264.986,2292.414,2381.778,46.179,-30.74,-33.476,2.736,2292.414,2380.862,2203.966
2021-12-06,2297.81,2297.81,2258.94,2258.94,624200,2267.578,2287.231,2376.25,41.814,-31.201,-33.021,1.82,2287.231,2370.35,2204.112
2021-12-07,2284.86,2310.77,2267.58,2302.13,1499000,2279.672,2288.094,2370.548,47.726,-27.761,-31.969,4.208,2288.094,2371.468,2204.721
2021-12-08,2345.32,2353.96,2258.94,2267.58,1321000,2277.08,2287.662,2364.674,43.885,-27.506,-31.076,3.57,2287.662,2371.384,2203.941
2021-12-09,2293.49,2310.77,2284.86,2297.81,1016600,2284.854,2288.958,2360.442,47.841,-24.582,-29.777,5.196,2288.958,2372.454,2205.462
2021-12-10,2284.86,2297.81,2245.98,2254.62,956600,2276.216,2289.39,2355.863,43.159,-25.455,-28.913,3.458,2289.39,2372.035,2206.745
2021-12-13,2306.45,2319.41,2289.17,2302.13,674400,2284.854,2292.414,2352.321,49.064,-22.06,-27.542,5.483,2292.414,2372.077,2212.75
2021-12-14,2315.09,2349.64,2310.77,2323.73,973800,2289.174,2296.733,2349.989,51.53,-17.425,-25.519,8.094,2296.733,2373.124,2220.342
2021-12-15,2306.45,2341.0,2306.45,2336.69,627200,2302.996,2299.324,2348.866,52.999,-12.561,-22.927,10.366,2299.324,2377.515,2221.134
2021-12-16,2379.88,2392.84,2366.92,2375.56,824800,2318.546,2303.428,2349.73,57.193,-5.507,-19.443,13.936,2303.428,2388.629,2218.227
2021-12-17,2375.56,2384.2,2358.28,2358.28,1151800,2339.278,2306.668,2350.334,54.85,-1.296,-15.814,14.518,2306.668,2395.142,2218.193
2021-12-20,2366.92,2375.56,2353.96,2366.92,861000,2352.236,2307.1,2350.766,55.824,2.708,-12.109,14.817,2307.1,2396.712,2217.487
2021-12-21,2379.88,2418.75,2375.56,2401.47,664400,2367.784,2307.747,2351.457,59.581,8.57,-7.974,16.543,2307.747,2399.985,2215.509
2021-12-22,2410.11,2414.43,2362.6,2379.88,432000,2376.422,2309.906,2350.507,56.356,11.342,-4.11,15.453,2309.906,2406.898,2212.915
2021-12-23,2414.43,2414.43,2375.56,2401.47,456800,2381.604,2313.362,2350.507,58.76,15.108,-0.267,15.375,2313.362,2418.318,2208.405
2021-12-24,2410.11,2410.11,2384.2,2388.52,368600,2387.652,2317.033,2350.507,56.741,16.853,3.157,13.695,2317.033,2427.249,2206.817
2021-12-27,2401.47,2401.47,2379.88,2384.2,401800,2391.108,2323.944,2350.075,56.049,17.683,6.062,11.621,2323.944,2432.726,2215.162
2021-12-28,2397.15,2431.71,2388.52,2427.39,589800,2396.292,2333.23,2348.78,61.149,21.577,9.165,12.412,2333.23,2444.126,2222.335
2021-12-29,2431.8,2440.63,2405.32,2427.39,726000,2405.794,2340.573,2348.348,61.149,24.383,12.209,12.174,2340.573,2456.127,2225.019
2021-12-30,2422.98,2427.39,2409.74,2422.98,548800,2410.096,2348.775,2346.791,60.32,25.951,14.957,10.994,2348.775,2463.214,2234.336
2022-01-04,2449.46,2462.7,2427.39,2462.7,727200,2424.932,2357.02,2346.288,64.931,30.052,17.976,12.076,2357.02,2479.476,2234.563
2022-01-05,2440.63,2445.04,2392.08,2400.91,1116800,2428.274,2364.118,2344.981,54.351,27.994,19.98,8.014,2364.118,2478.852,2249.384
2022-01-06,2356.77,2405.32,2343.53,2356.77,973200,2414.15,2366.85,2342.532,48.296,22.541,20.492,2.049,2366.85,2477.913,2255.787
2022-01-07,2356.77,2356.77,2303.81,2321.47,1226000,2392.966,2369.544,2339.55,44.068,15.197,19.433,-4.236,2369.544,2472.807,2266.282
2022-01-11,2365.6,2370.01,2290.57,2303.81,1005800,2369.132,2369.844,2336.128,42.084,7.86,17.118,-9.258,2369.844,2472.261,2267.428
2022-01-12,2250.85,2339.12,2237.61,2312.64,1154200,2339.12,2372.746,2332.796,43.455,2.727,14.24,-11.513,2372.746,2464.111,2281.38
2022-01-13,2325.88,2325.88,2242.02,2246.44,679600,2308.226,2369.961,2328.745,36.481,-6.607,10.071,-16.678,2369.961,2473.032,2266.89
2022-01-14,2215.54,2242.02,2151.55,2197.89,1434400,2276.45,2363.669,2324.328,32.377,-17.717,4.513,-22.23,2363.669,2491.107,2236.231
2022-01-17,2191.27,2228.78,2180.24,2219.96,414600,2256.148,2357.832,2321.216,35.907,-24.459,-1.281,-23.178,2357.832,2500.281,2215.384
2022-01-18,2237.61,2242.02,2202.3,2215.54,539200,2238.494,2349.832,2317.843,35.507,-29.816,-6.988,-22.827,2349.832,2505.454,2194.209
2022-01-19,2171.41,2175.82,2125.07,2125.07,987000,2200.98,2338.171,2313.783,28.511,-40.889,-13.768,-27.121,2338.171,2523.282,2153.06
2022-01-20,2100.79,2147.14,2089.76,2142.72,1156200,2180.236,2326.961,2309.386,31.353,-47.691,-20.553,-27.138,2326.961,2530.935,2122.987
2022-01-21,2116.24,2144.93,2098.59,2138.31,582000,2168.32,2313.803,2306.455,31.021,-52.829,-27.008,-25.821,2313.803,2531.059,2096.547
2022-01-24,2116.24,2125.07,2094.17,2122.86,459000,2148.9,2300.952,2303.388,29.83,-57.484,-33.103,-24.381,2300.952,2531.736,2070.168
2022-01-25,2129.48,2129.48,2052.25,2065.49,801400,2118.89,2284.153,2299.259,25.859,-65.053,-39.493,-25.56,2284.153,2532.383,2035.923
2022-01-26,2074.31,2109.62,2047.83,2100.79,848400,2114.034,2269.766,2296.356,31.868,-67.426,-45.08,-22.346,2269.766,2525.758,2013.775
2022-01-27,2089.76,2094.17,1990.46,2003.7,1355800,2086.23,2250.741,2291.596,25.699,-76.262,-51.316,-24.945,2250.741,2526.702,1974.781
2022-01-28,2034.59,2047.83,1994.87,2016.94,1087400,2061.956,2230.219,2287.188,27.753,-81.259,-57.305,-23.954,2230.219,2511.856,1948.582
2022-01-31,2045.63,2063.28,2025.77,2041.21,1093200,2045.626,2210.91,2282.315,31.492,-82.312,-62.306,-20.006,2210.91,2488.554,1933.266
2022-02-01,2103.0,2120.66,2065.49,2067.69,1185000,2046.066,2193.146,2277.799,35.419,-80.087,-65.862,-14.225,2193.146,2458.866,1927.425
2022-02-02,1871.3,1882.33,1769.79,1824.96,5326000,1990.9,2161.258,2268.429,22.619,-96.794,-72.049,-24.745,2161.258,2443.338,1879.179
2022-02-03,1818.33,1880.12,1796.27,1873.5,2275000,1964.86,2134.888,2258.733,28.207,-104.908,-78.621,-26.288,2134.888,2421.213,1848.563
2022-02-04,1871.3,1926.46,1869.09,1915.43,1414000,1944.558,2112.821,2249.271,32.725,-106.725,-84.242,-22.484,2112.821,2395.145,1830.497
2022-02-07,1897.78,1937.5,1884.54,1886.74,926200,1913.664,2091.084,2240.272,31.275,-109.221,-89.237,-19.984,2091.084,2372.709,1809.46
2022-02-08,1862.47,1904.4,1853.64,1869.09,1638000,1873.944,2069.348,2231.007,30.383,-111.34,-93.658,-17.682,2069.348,2348.94,1789.757
2022-02-09,1882.33,1924.26,1842.61,1897.78,1324200,1888.508,2048.606,2222.661,33.694,-109.443,-96.815,-12.628,2048.606,2313.362,1783.849
2022-02-10,1917.64,1952.94,1915.43,1939.7,1004200,1901.748,2033.268,2216.535,38.311,-103.365,-98.125,-5.24,2033.268,2284.988,1781.549
2022-02-14,1919.84,1944.12,1908.81,1911.02,1070800,1900.866,2018.925,2209.922,36.441,-99.713,-98.442,-1.27,2018.925,2263.746,1774.104
2022-02-15,1933.08,1966.19,1928.67,1941.91,921800,1911.9,2005.022,2203.15,39.846,-93.251,-97.404,4.153,2005.022,2232.759,1777.286
2022-02-16,1952.94,1959.56,1919.84,1944.12,723200,1926.906,1991.452,2196.853,40.094,-86.95,-95.313,8.364,1991.452,2197.702,1785.201
2022-02-17,1926.46,1941.91,1880.12,1884.54,1305400,1924.258,1979.425,2188.588,35.819,-85.774,-93.405,7.631,1979.425,2180.864,1777.986
2022-02-18,1853.64,1906.6,1847.02,1902.19,679200,1916.756,1967.398,2181.453,37.93,-82.468,-91.218,8.75,1967.398,2156.107,1778.69
2022-02-21,1871.3,1886.74,1855.85,1871.3,518200,1908.812,1954.048,2172.836,35.716,-81.402,-89.255,7.853,1954.048,2129.133,1778.963
2022-02-22,1849.23,1882.33,1844.82,1873.5,548200,1895.13,1941.58,2164.955,36.002,-79.464,-87.297,7.833,1941.58,2100.85,1782.31
2022-02-24,1853.64,1917.64,1853.64,1911.02,1109400,1888.51,1933.856,2157.219,40.845,-74.047,-84.647,10.6,1933.856,2082.45,1785.263
2022-02-25,1930.88,1955.15,1917.64,1946.32,924400,1900.866,1926.133,2151.053,45.058,-66.143,-80.946,14.803,1926.133,2052.603,1799.663
2022-02-28,1926.46,1963.98,1915.43,1957.36,1067000,1911.9,1923.816,2144.157,46.345,-58.315,-76.42,18.104,1923.816,2045.926,1801.706
2022-03-01,1972.81,2003.7,1961.77,1975.01,781400,1932.642,1921.72,2137.183,48.425,-50.111,-71.158,21.047,1921.72,2038.417,1805.022
2022-03-02,1930.88,1948.53,1886.74,1888.95,1112400,1935.732,1914.106,2128.228,40.235,-49.976,-66.922,16.945,1914.106,2017.036,1811.177
2022-03-03,1919.84,1937.5,1897.78,1908.81,819200,1935.29,1906.162,2118.893,42.646,-47.717,-63.081,15.363,1906.162,1979.434,1832.891
2022-03-04,1899.98,1917.64,1869.09,1895.57,853600,1925.14,1909.693,2109.639,41.445,-46.46,-59.757,13.297,1909.693,1972.556,1846.83
2022-03-07,1862.47,1880.12,1831.58,1877.92,847200,1909.252,1909.914,2099.859,39.836,-46.353,-57.076,10.723,1909.914,1972.27,1847.558
2022-03-08,1847.02,1873.5,1771.99,1780.82,2218400,1870.414,1903.183,2087.446,32.384,-53.487,-56.358,2.871,1903.183,1988.034,1818.333
2022-03-09,1800.68,1853.64,1798.47,1813.92,1594200,1855.408,1899.542,2076.127,36.729,-55.827,-56.252,0.425,1899.542,1993.161,1805.924
2022-03-10,1855.85,1862.47,1822.75,1842.61,946400,1842.168,1898.218,2064.95,40.309,-54.735,-55.949,1.214,1898.218,1994.365,1802.072
2022-03-11,1811.71,1844.82,1800.68,1802.89,1253400,1823.632,1893.474,2053.237,37.173,-56.424,-56.044,-0.38,1893.474,1998.652,1788.296
2022-03-14,1774.2,1827.16,1774.2,1809.51,688600,1809.95,1886.964,2041.743,38.038,-56.576,-56.15,-0.426,1886.964,1996.136,1777.793
2022-03-15,1811.71,1875.71,1800.68,1858.06,901000,1825.398,1884.316,2030.357,44.117,-52.178,-55.356,3.178,1884.316,1993.6,1775.033
2022-03-16,1858.06,1880.12,1853.64,1855.85,870000,1833.784,1880.014,2018.926,43.906,-48.314,-53.947,5.634,1880.014,1986.49,1773.537
2022-03-17,1882.33,1895.57,1862.47,1864.68,1543400,1838.198,1876.041,2007.76,45.038,-44.031,-51.964,7.933,1876.041,1978.292,1773.791
2022-03-18,1866.88,1884.54,1849.23,1866.88,2882200,1850.996,1875.158,1995.843,45.334,-39.999,-49.571,9.572,1875.158,1977.405,1772.912
2022-03-22,1866.88,1917.64,1849.23,1888.95,1661600,1866.884,1874.496,1985.604,48.339,-34.623,-46.581,11.959,1874.496,1976.176,1772.817
2022-03-23,1917.64,1950.74,1913.22,1937.5,1165200,1882.772,1877.806,1977.219,54.292,-26.144,-42.494,16.35,1877.806,1983.287,1772.326
2022-03-24,1919.84,1937.5,1866.88,1893.36,1022000,1890.274,1878.799,1968.657,48.788,-22.723,-38.54,15.816,1878.799,1984.483,1773.116
2022-03-25,1915.43,1952.94,1911.02,1937.5,793800,1904.838,1880.124,1961.33,53.829,-16.264,-34.085,17.821,1880.124,1988.144,1772.103
2022-03-28,1915.43,1944.12,1904.4,1933.08,646400,1918.078,1879.462,1953.739,53.264,-11.37,-29.542,18.172,1879.462,1985.925,1772.998
2022-03-29,1948.53,1981.63,1944.12,1968.39,1280200,1933.966,1880.013,1948.178,57.137,-4.589,-24.551,19.962,1880.013,1988.274,1771.752
2022-03-30,1999.29,2012.53,1946.32,1975.01,1079800,1941.468,1880.013,1943.721,57.842,1.303,-19.38,20.684,1880.013,1988.274,1771.752
2022-03-31,1950.74,1950.74,1917.64,1917.64,1042200,1946.324,1881.448,1937.674,50.141,1.329,-15.239,16.567,1881.448,1990.961,1771.934
2022-04-01,1915.43,1944.12,1902.19,1933.08,924000,1945.44,1882.661,1932.025,51.993,2.565,-11.678,14.243,1882.661,1993.974,1771.348
2022-04-04,1946.32,1988.25,1946.32,1981.63,1082200,1955.15,1886.964,1929.156,57.359,7.378,-7.867,15.244,1886.964,2006.712,1767.216
2022-04-05,1961.77,1977.22,1955.15,1972.81,996400,1956.034,1891.708,1925.758,56.131,10.36,-4.221,14.582,1891.708,2017.323,1766.094
2022-04-06,1959.56,1970.6,1941.91,1952.94,768600,1951.62,1900.314,1922.051,53.361,10.994,-1.178,12.172,1900.314,2017.224,1783.405
2022-04-07,1911.02,1919.84,1880.12,1888.95,954800,1945.882,1904.066,1917.372,45.563,6.261,0.31,5.951,1904.066,2013.904,1794.228
2022-04-08,1919.84,1919.84,1873.5,1891.16,689600,1937.498,1906.494,1913.886,45.857,2.657,0.779,1.878,1906.494,2012.699,1800.288
2022-04-11,1891.16,1895.57,1840.4,1853.64,841800,1911.9,1909.031,1908.943,41.732,-3.189,-0.015,-3.175,1909.031,2006.913,1811.149
2022-04-12,1840.4,1858.06,1829.37,1829.37,737800,1883.212,1910.024,1905.456,39.271,-9.67,-1.946,-7.724,1910.024,2003.979,1816.069
2022-04-13,1835.99,1855.85,1820.54,1842.61,942000,1861.146,1909.251,1901.97,41.305,-13.581,-4.273,-9.308,1909.251,2005.237,1813.266
2022-04-14,1842.61,1860.26,1840.4,1842.61,698000,1851.878,1908.589,1897.998,41.305,-16.49,-6.716,-9.774,1908.589,2006.293,1810.886
2022-04-15,1818.33,1838.2,1811.71,1818.33,745200,1837.312,1906.272,1893.01,38.559,-20.518,-9.476,-11.042,1906.272,2010.352,1802.192
2022-04-18,1787.44,1796.27,1767.58,1785.23,768800,1823.63,1902.19,1892.216,35.13,-26.081,-12.797,-13.284,1902.19,2018.466,1785.913
2022-04-19,1807.3,1831.58,1805.09,1822.75,757800,1822.306,1898.88,1891.201,41.482,-27.149,-15.668,-11.481,1898.88,2020.394,1777.365
2022-04-20,1840.4,1853.64,1820.54,1833.78,791400,1820.54,1893.694,1889.568,43.242,-26.796,-17.893,-8.903,1893.694,2017.106,1770.281
2022-04-21,1827.16,1855.85,1827.16,1844.82,839800,1820.982,1891.267,1888.729,45.023,-25.334,-19.382,-5.953,1891.267,2016.601,1765.932
2022-04-22,1829.37,1853.64,1822.75,1840.4,812600,1825.396,1886.412,1888.156,44.422,-24.252,-20.356,-3.897,1886.412,2011.728,1761.095
2022-04-25,1818.33,1851.44,1813.92,1840.4,591800,1836.43,1881.778,1887.008,44.422,-23.128,-20.91,-2.218,1881.778,2006.681,1756.874
2022-04-26,1858.06,1886.74,1853.64,1877.92,1329400,1847.464,1877.254,1885.772,50.88,-18.991,-20.526,1.535,1877.254,1995.316,1759.192
2022-04-27,1847.02,1902.19,1827.16,1886.74,2425000,1858.056,1872.84,1885.287,52.284,-14.83,-19.387,4.557,1872.84,1981.761,1763.92
2022-04-28,1882.33,1906.6,1869.09,1886.74,1481800,1866.44,1871.295,1884.183,52.284,-11.4,-17.79,6.389,1871.295,1978.402,1764.189
2022-05-02,1886.74,1992.67,1871.3,1875.71,3334600,1873.502,1868.427,1882.815,50.203,-9.464,-16.125,6.661,1868.427,1971.566,1765.288
2022-05-06,1827.16,1831.58,1791.85,1820.54,2264000,1869.53,1860.372,1881.535,41.341,-12.239,-15.348,3.108,1860.372,1950.646,1770.099
2022-05-09,1774.2,1827.16,1767.58,1771.99,1945600,1848.344,1850.332,1878.931,35.416,-18.148,-15.908,-2.24,1850.332,1932.233,1768.43
2022-05-10,1769.79,1835.99,1763.17,1824.96,1421000,1835.988,1843.933,1878.004,44.724,-18.344,-16.395,-1.949,1843.933,1910.674,1777.191
2022-05-11,1822.75,1855.85,1818.33,1831.58,1284400,1824.956,1841.064,1877.166,45.776,-17.761,-16.668,-1.093,1841.064,1904.509,1777.619
2022-05-12,1745.51,1752.13,1674.9,1677.11,2063200,1785.236,1830.361,1872.488,30.968,-29.424,-19.219,-10.205,1830.361,1923.495,1737.228
2022-05-13,1674.9,1752.13,1666.07,1719.03,1490800,1764.934,1823.631,1867.942,36.931,-34.882,-22.352,-12.531,1823.631,1928.409,1718.853
2022-05-16,1730.07,1736.69,1696.97,1699.17,1592600,1750.37,1817.121,1862.778,35.372,-40.346,-25.951,-14.395,1817.121,1935.671,1698.571
2022-05-17,1683.73,1703.59,1666.07,1681.52,1348200,1721.682,1809.066,1856.908,33.999,-45.574,-29.875,-15.699,1809.066,1941.412,1676.721
2022-05-18,1696.97,1721.24,1663.86,1683.73,2178600,1692.112,1801.123,1852.804,34.342,-48.975,-33.695,-15.28,1801.123,1943.671,1658.574
2022-05-19,1637.38,1666.07,1628.56,1655.04,1698200,1687.698,1792.958,1847.729,32.011,-53.37,-37.63,-15.74,1792.958,1949.386,1636.53
2022-05-20,1655.04,1679.31,1639.59,1655.04,1771000,1674.9,1786.448,1842.918,32.011,-56.205,-41.345,-14.86,1786.448,1954.624,1618.273
2022-05-23,1677.11,1736.69,1670.48,1736.69,2385600,1682.404,1782.145,1840.093,44.455,-51.273,-43.331,-7.942,1782.145,1950.814,1613.477
2022-05-24,1723.45,1743.31,1705.79,1714.62,1689600,1689.024,1776.188,1838.769,42.206,-48.584,-44.381,-4.203,1776.188,1945.593,1606.782
2022-05-25,1719.03,1774.2,1719.03,1765.37,1885400,1705.352,1772.215,1837.798,48.64,-41.876,-43.88,2.004,1772.215,1938.542,1605.888
2022-05-26,1754.34,1800.68,1749.93,1774.2,1588800,1729.184,1768.905,1836.43,49.689,-35.438,-42.192,6.753,1768.905,1932.124,1605.686
2022-05-27,1794.06,1805.09,1763.17,1778.61,1188600,1753.898,1765.816,1835.945,50.236,-29.639,-39.681,10.042,1765.816,1925.641,1605.99
2022-05-30,1794.06,1833.78,1794.06,1831.58,1792000,1772.876,1763.499,1836.386,56.371,-20.532,-35.852,15.319,1763.499,1917.726,1609.271
2022-05-31,1816.13,1816.13,1767.58,1802.89,3286400,1790.53,1759.306,1835.283,52.589,-15.452,-31.772,16.32,1759.306,1903.671,1614.941
2022-06-01,1829.37,1853.64,1813.92,1824.96,1349600,1802.448,1756.217,1834.665,55.085,-9.535,-27.324,17.789,1756.217,1891.457,1620.977
2022-06-02,1813.92,1824.96,1776.41,1796.27,747800,1806.862,1752.245,1833.297,51.304,-7.079,-23.275,16.196,1752.245,1876.965,1627.525
2022-06-03,1818.33,1835.99,1802.89,1816.13,1012200,1814.366,1752.025,1832.282,53.675,-3.49,-19.318,15.828,1752.025,1876.251,1627.798
2022-06-06,1785.23,1802.89,1771.99,1787.44,552800,1805.538,1752.797,1830.251,49.896,-2.927,-16.04,13.113,1752.797,1877.736,1627.858
2022-06-07,1780.82,1780.82,1763.17,1767.58,1080200,1798.476,1749.928,1826.853,47.408,-4.037,-13.639,9.602,1749.928,1870.447,1629.409
2022-06-08,1776.41,1780.82,1747.72,1760.96,1247000,1785.676,1746.397,1824.205,46.574,-5.389,-11.989,6.601,1746.397,1860.828,1631.966
2022-06-09,1765.37,1796.27,1760.96,1778.61,741400,1782.144,1751.472,1821.027,49.142,-4.978,-10.587,5.609,1751.472,1861.897,1641.047
2022-06-10,1756.55,1771.99,1752.13,1763.17,636000,1771.552,1753.679,1817.629,47.013,-5.832,-9.636,3.804,1753.679,1863.134,1644.224
2022-06-13,1730.07,1760.96,1730.07,1743.31,1043800,1762.726,1755.886,1813.127,44.352,-8.018,-9.312,1.294,1755.886,1862.455,1649.317
2022-06-14,1719.03,1734.48,1701.38,1721.24,1247200,1753.458,1757.872,1808.052,41.538,-11.4,-9.73,-1.67,1757.872,1859.994,1655.75
2022-06-15,1721.24,1732.27,1688.14,1696.97,1184400,1740.66,1758.534,1803.639,38.634,-15.856,-10.955,-4.901,1758.534,1858.787,1658.281
2022-06-16,1721.24,1745.51,1708.0,1708.0,1274200,1726.538,1761.182,1799.137,40.664,-18.287,-12.421,-5.865,1761.182,1852.307,1670.057
2022-06-17,1683.73,1719.03,1681.52,1714.62,2793200,1716.828,1764.161,1793.797,41.906,-19.455,-13.828,-5.626,1764.161,1843.854,1684.468
2022-06-20,1730.07,1734.48,1639.59,1648.42,1004800,1697.85,1759.748,1787.309,34.198,-25.429,-16.148,-9.281,1759.748,1854.248,1665.247
2022-06-21,1674.9,1719.03,1661.66,1710.21,1037800,1695.644,1759.527,1782.454,44.466,-24.891,-17.897,-6.994,1759.527,1854.49,1664.564
2022-06-22,1712.41,1727.86,1685.93,1710.21,1050600,1698.292,1756.769,1778.88,44.466,-24.185,-19.154,-5.031,1756.769,1854.19,1659.348
2022-06-23,1727.86,1749.93,1727.86,1741.1,864200,1704.912,1755.114,1775.878,49.073,-20.893,-19.502,-1.391,1755.114,1852.412,1657.816
2022-06-24,1771.99,1780.82,1747.72,1778.61,694800,1717.71,1755.114,1774.378,54.058,-15.083,-18.618,3.535,1755.114,1852.412,1657.816
2022-06-27,1791.85,1824.96,1783.03,1822.75,978800,1752.576,1754.672,1774.245,59.128,-6.838,-16.262,9.424,1754.672,1850.58,1658.765
2022-06-28,1791.85,1824.96,1787.44,1822.75,1004400,1775.084,1755.665,1773.848,59.128,-0.3,-13.07,12.769,1755.665,1854.054,1657.277
2022-06-29,1774.2,1824.96,1771.99,1820.54,1507200,1797.15,1755.444,1773.407,58.751,4.649,-9.526,14.175,1755.444,1853.196,1657.693
2022-06-30,1831.58,1831.58,1767.58,1776.41,1266400,1804.212,1754.452,1772.568,51.676,4.953,-6.63,11.583,1754.452,1850.851,1658.052
2022-07-01,1798.47,1798.47,1752.13,1783.03,914800,1805.096,1752.796,1772.524,52.598,5.663,-4.172,9.835,1752.796,1845.814,1659.779
2022-07-04,1787.44,1809.51,1780.82,1791.85,724200,1798.916,1753.017,1771.906,53.862,6.859,-1.966,8.824,1753.017,1846.401,1659.633
2022-07-05,1800.68,1800.68,1760.96,1800.68,1012400,1794.502,1754.672,1771.244,55.15,8.421,0.112,8.309,1754.672,1850.289,1659.055
2022-07-06,1776.41,1822.75,1769.79,1820.54,1274400,1794.502,1757.651,1770.759,57.992,11.134,2.316,8.818,1757.651,1857.703,1657.599
2022-07-07,1824.95,1838.2,1811.71,1827.16,871000,1804.652,1760.078,1770.494,58.927,13.66,4.585,9.075,1760.078,1864.53,1655.627
2022-07-08,1816.13,1829.37,1794.06,1813.92,1079800,1810.83,1762.616,1769.964,56.233,14.428,6.554,7.874,1762.616,1869.814,1655.418
2022-07-11,1851.44,1858.06,1809.51,1827.16,857000,1817.892,1766.808,1768.949,58.286,15.921,8.427,7.494,1766.808,1877.334,1656.283
2022-07-12,1827.16,1827.16,1787.44,1798.47,926000,1817.45,1770.67,1767.184,52.534,14.621,9.666,4.955,1770.67,1879.881,1661.459
2022-07-13,1776.41,1780.82,1723.45,1736.69,1282400,1800.68,1772.656,1764.183,42.75,8.507,9.434,-0.927,1772.656,1877.584,1667.728
2022-07-14,1738.89,1754.34,1721.24,1741.1,962200,1783.468,1774.311,1761.491,43.558,3.972,8.342,-4.37,1774.311,1875.938,1672.684
2022-07-15,1767.58,1787.44,1763.17,1776.41,1034400,1775.966,1777.401,1760.608,49.682,3.191,7.312,-4.121,1777.401,1875.066,1679.735
2022-07-19,1780.82,1785.23,1730.07,1747.72,914400,1760.078,1782.366,1760.123,45.374,0.253,5.9,-5.647,1782.366,1860.583,1704.148
2022-07-20,1771.99,1787.44,1758.75,1787.44,1220400,1757.872,1786.227,1759.372,51.628,1.118,4.943,-3.826,1786.227,1856.687,1715.767
2022-07-21,1783.03,1822.75,1767.58,1813.92,1349400,1773.318,1791.412,1759.019,55.302,3.894,4.734,-0.839,1791.412,1853.026,1729.799
2022-07-22,1813.92,1873.5,1809.51,1864.68,1411200,1798.034,1797.592,1762.77,61.36,10.075,5.802,4.273,1797.592,1862.651,1732.532
2022-07-25,1864.68,1880.12,1827.16,1833.78,978600,1809.508,1800.35,1765.065,56.353,12.337,7.109,5.228,1800.35,1866.686,1734.014
2022-07-26,1807.3,1827.16,1791.85,1820.54,1022600,1824.072,1800.24,1767.493,54.308,12.913,8.27,4.643,1800.24,1866.426,1734.053
2022-07-27,1820.54,1833.78,1794.06,1811.71,922000,1828.926,1799.688,1770.097,52.928,12.512,9.118,3.394,1799.688,1865.265,1734.11
2022-07-28,1835.99,1835.99,1807.3,1831.58,3564800,1832.458,1800.24,1773.054,55.658,13.641,10.023,3.618,1800.24,1866.735,1733.744
2022-07-29,1829.37,1842.61,1813.92,1824.96,1584000,1824.514,1802.667,1776.452,54.523,13.842,10.787,3.055,1802.667,1869.045,1736.289
2022-08-01,1822.75,1855.85,1800.68,1849.23,1321400,1827.604,1805.977,1780.336,57.91,15.778,11.785,3.993,1805.977,1874.789,1737.165
2022-08-02,2052.25,2149.34,2025.77,2138.31,5182800,1891.158,1823.3,1788.368,78.474,40.175,17.463,22.712,1823.3,1986.644,1659.956
2022-08-03,2116.24,2142.72,2116.24,2138.31,1833600,1956.478,1840.182,1796.842,78.474,58.832,25.737,33.095,1840.182,2055.273,1625.09
2022-08-04,2155.96,2158.17,2114.04,2149.34,1343600,2020.03,1856.622,1804.521,78.93,73.658,35.321,38.337,1856.622,2111.9,1601.343
2022-08-05,2167.0,2173.62,2142.72,2164.79,2185200,2087.996,1873.503,1812.333,79.582,85.668,45.39,40.277,1873.503,2162.947,1584.059
2022-08-08,2133.9,2155.96,2072.11,2094.17,1647200,2136.984,1887.516,1818.644,69.065,88.467,54.006,34.461,1887.516,2191.579,1583.452
2022-08-09,2103.0,2111.83,2083.14,2085.35,736400,2126.392,1900.425,1823.72,67.858,88.948,60.994,27.954,1900.425,2215.426,1585.424
2022-08-10,2056.66,2078.73,2041.21,2061.07,758800,2110.944,1913.555,1828.883,64.518,86.375,66.07,20.305,1913.555,2232.529,1594.581
2022-08-12,2061.07,2100.79,2052.25,2080.93,763200,2097.262,1930.767,1834.003,65.993,84.959,69.848,15.111,1930.767,2246.693,1614.841
2022-08-15,2074.31,2074.31,2041.21,2047.83,645000,2073.87,1946.104,1839.034,61.412,80.24,71.926,8.314,1946.104,2252.911,1639.296
2022-08-16,2061.07,2063.28,2034.59,2050.04,653800,2065.044,1959.785,1843.712,61.603,75.806,72.702,3.103,1959.785,2259.042,1660.528
2022-08-17,2054.45,2087.55,2052.25,2083.14,879400,2064.602,1976.556,1849.626,64.451,74.108,72.983,1.124,1976.556,2263.098,1690.014
2022-08-18,2096.38,2105.21,2045.63,2052.25,778800,2062.838,1989.796,1855.32,59.98,69.469,72.281,-2.812,1989.796,2263.739,1715.854
2022-08-19,2052.25,2063.28,2034.59,2041.21,969000,2054.894,2001.161,1860.925,58.42,64.162,70.657,-6.495,2001.161,2262.973,1739.349
2022-08-22,2030.18,2056.66,2021.35,2041.21,754800,2053.57,2009.988,1866.177,58.42,59.273,68.38,-9.107,2009.988,2264.219,1755.756
2022-08-23,2032.39,2032.39,2003.7,2012.53,749600,2046.068,2018.925,1871.164,54.176,52.479,65.2,-12.721,2018.925,2259.262,1778.588
2022-08-24,2010.32,2014.73,1988.25,2005.91,589400,2030.622,2028.193,1876.416,53.215,46.03,61.366,-15.336,2028.193,2249.892,1806.495
2022-08-25,2016.94,2032.39,1994.87,2027.97,649200,2025.766,2039.006,1882.55,56.015,42.213,57.535,-15.322,2039.006,2235.962,1842.051
2022-08-26,2054.45,2069.9,2041.21,2041.21,599800,2025.766,2049.488,1889.435,57.653,39.797,53.988,-14.19,2049.488,2220.578,1878.398
2022-08-29,1997.08,2008.11,1979.43,1990.46,794800,2015.616,2057.763,1895.084,49.97,33.403,49.871,-16.468,2057.763,2195.98,1919.546
2022-08-30,1997.08,2027.97,1990.46,2019.15,580200,2016.94,2066.259,1901.175,53.725,30.301,45.957,-15.656,2066.259,2166.054,1966.464
2022-08-31,2001.49,2019.15,1990.46,1999.29,1113200,2015.616,2059.308,1908.192,50.878,25.941,41.954,-16.013,2059.308,2157.322,1961.294
2022-09-01,1968.39,1975.01,1944.12,1946.32,738200,1999.286,2049.708,1912.915,44.159,18.004,37.164,-19.16,2049.708,2152.628,1946.789
2022-09-02,1961.77,1986.05,1919.84,1968.39,1152800,1984.722,2040.661,1918.078,47.283,13.341,32.399,-19.058,2040.661,2138.386,1942.936
2022-09-05,1977.22,1994.87,1972.81,1986.05,517800,1983.84,2031.724,1922.977,49.707,10.944,28.108,-17.164,2031.724,2112.952,1950.496
2022-09-06,1992.67,2003.7,1977.22,1988.25,762200,1977.66,2026.428,1927.17,50.016,9.117,24.31,-15.193,2026.428,2104.253,1948.603
2022-09-07,2012.53,2030.18,1975.01,1997.08,1191000,1977.218,2022.014,1930.657,51.307,8.286,21.105,-12.819,2022.014,2095.67,1948.359
2022-09-08,2089.76,2109.62,2043.42,2047.83,1929600,1997.52,2021.353,1935.158,58.017,11.589,19.202,-7.613,2021.353,2093.758,1948.947
2022-09-09,2036.8,2089.76,2036.8,2052.25,960200,2014.292,2019.918,1939.792,58.552,14.398,18.241,-3.843,2019.918,2088.385,1951.452
2022-09-12,2083.14,2083.14,2039.01,2050.04,852400,2027.09,2020.029,1945.265,58.153,16.257,17.844,-1.587,2020.029,2088.692,1951.366
2022-09-13,2043.42,2074.31,2034.59,2058.87,730400,2041.214,2020.47,1950.782,59.347,18.234,17.922,0.312,2020.47,2090.053,1950.888
2022-09-14,1977.22,2032.39,1970.6,2012.53,1064800,2044.304,2016.94,1955.195,51.107,15.878,17.513,-1.636,2016.94,2079.993,1953.887
2022-09-15,1997.08,2021.35,1981.63,2019.15,869600,2038.568,2015.285,1959.565,52.13,14.379,16.886,-2.507,2015.285,2076.135,1954.435
2022-09-16,1990.46,1990.46,1933.08,1944.12,2166600,2016.942,2010.43,1962.036,41.53,7.056,14.92,-7.865,2010.43,2077.722,1943.139
2022-09-20,1975.01,1994.87,1966.19,1970.6,676000,2001.054,2006.9,1964.905,45.724,3.35,12.606,-9.256,2006.9,2074.799,1939.001
2022-09-21,1966.19,1986.05,1930.88,1950.74,777200,1979.428,2003.81,1967.642,43.22,-1.176,9.85,-11.026,2003.81,2076.111,1931.51
2022-09-22,1933.08,1961.77,1919.84,1939.7,619400,1964.862,2000.5,1969.892,41.848,-5.589,6.762,-12.351,2000.5,2078.253,1922.747
2022-09-26,1941.91,1959.56,1922.05,1930.88,1078400,1947.208,1995.646,1972.541,40.735,-9.687,3.472,-13.159,1995.646,2078.155,1913.136
2022-09-27,1952.94,1975.01,1926.46,1939.7,887200,1946.324,1990.57,1976.601,42.385,-12.083,0.361,-12.444,1990.57,2073.764,1907.376
2022-09-28,1926.46,1966.18,1926.46,1961.77,1210200,1944.558,1989.135,1981.014,46.405,-12.062,-2.123,-9.939,1989.135,2073.321,1904.95
2022-09-29,1990.46,2008.11,1959.56,2001.49,1090800,1954.708,1988.252,1985.516,52.79,-8.74,-3.447,-5.293,1988.252,2071.478,1905.027
2022-09-30,2012.53,2027.97,1997.08,1997.08,1240600,1966.184,1988.142,1990.503,52.049,-6.389,-4.035,-2.354,1988.142,2071.311,1904.973
2022-10-03,1981.63,2014.73,1950.74,1990.46,946000,1978.1,1990.349,1994.563,50.893,-5.002,-4.229,-0.774,1990.349,2071.154,1909.544
2022-10-04,2052.25,2067.69,2023.56,2067.69,1049600,2003.698,1995.314,1999.639,61.603,2.302,-2.923,5.224,1995.314,2082.397,1908.231
2022-10-05,2056.66,2074.31,2043.42,2052.25,1013000,2021.794,1998.624,2003.39,58.84,6.766,-0.985,7.751,1998.624,2089.188,1908.06
2022-10-06,2041.21,2067.69,2032.39,2047.83,977400,2031.062,2001.603,2007.671,58.037,9.834,1.179,8.655,2001.603,2094.616,1908.59
2022-10-07,2036.8,2058.87,2034.59,2045.63,799600,2040.772,2004.03,2012.173,57.616,11.951,3.333,8.617,2004.03,2099.059,1909.002
2022-10-11,2014.73,2034.59,2001.49,2005.91,735600,2043.862,2001.934,2016.057,50.492,10.304,4.728,5.577,2001.934,2094.718,1909.151
2022-10-12,1990.46,2023.56,1983.84,2010.32,720200,2032.388,1999.838,2019.632,51.213,9.248,5.632,3.617,1999.838,2089.683,1909.993
2022-10-13,1997.08,2008.11,1979.43,1983.84,659000,2018.706,1996.528,2022.809,46.804,6.204,5.746,0.457,1996.528,2083.415,1909.641
2022-10-14,2014.73,2058.87,2012.53,2047.83,893400,2018.706,1995.976,2026.781,56.541,8.852,6.367,2.485,1995.976,2081.322,1910.63
2022-10-17,2019.15,2036.8,2012.53,2019.15,678800,2013.41,1996.307,2024.398,51.951,8.538,6.801,1.737,1996.307,2081.974,1910.64
2022-10-18,2067.69,2067.69,2039.01,2061.07,540400,2024.442,1998.403,2022.853,57.396,11.539,7.749,3.79,1998.403,2088.367,1908.439
2022-10-19,2058.87,2083.14,2056.66,2067.69,495600,2035.916,2004.581,2021.22,58.201,14.287,9.056,5.23,2004.581,2095.812,1913.351
2022-10-20,2058.87,2076.52,2052.25,2067.69,811400,2052.686,2009.436,2019.278,58.201,16.276,10.5,5.776,2009.436,2103.346,1915.526
2022-10-21,2072.11,2100.79,2072.11,2080.93,661400,2059.306,2015.946,2019.014,59.957,18.706,12.142,6.565,2015.946,2110.769,1921.122
2022-10-24,2105.21,2116.24,2074.31,2083.14,713000,2072.104,2023.118,2018.969,60.257,20.573,13.828,6.745,2023.118,2115.322,1930.913
2022-10-25,2098.59,2103.0,2067.69,2072.11,669200,2074.312,2030.179,2019.19,57.924,20.921,15.247,5.675,2030.179,2113.88,1946.478
2022-10-26,2100.79,2118.45,2096.38,2111.83,999200,2083.14,2038.786,2019.808,63.418,24.124,17.022,7.102,2038.786,2118.623,1958.948
2022-10-27,2080.93,2089.76,2061.07,2076.52,878600,2084.906,2044.523,2020.382,56.371,23.542,18.326,5.216,2044.523,2117.232,1971.814
2022-10-28,2074.31,2120.66,2063.28,2085.35,2442600,2085.79,2048.716,2021.088,57.639,23.522,19.365,4.157,2048.716,2120.644,1976.788
2022-10-31,2111.83,2131.69,2061.07,2072.11,1531000,2083.584,2052.467,2020.868,55.056,22.182,19.929,2.253,2052.467,2120.792,1984.143
2022-11-01,2052.25,2056.66,1966.18,1981.63,1554600,2065.488,2052.026,2019.455,41.401,13.662,18.675,-5.014,2052.026,2122.128,1981.924
2022-11-02,1959.56,2008.11,1937.5,1988.25,1748400,2040.772,2048.054,2018.396,42.525,7.358,16.412,-9.053,2048.054,2123.237,1972.871
2022-11-04,1972.8,2001.49,1950.74,1957.36,1001200,2016.94,2043.31,2016.719,38.789,-0.128,13.104,-13.232,2043.31,2128.666,1957.953
2022-11-07,1970.6,1997.08,1970.6,1988.25,798400,1997.52,2040.33,2016.233,44.079,-3.528,9.778,-13.305,2040.33,2129.113,1951.548
2022-11-08,1988.25,2008.11,1979.43,1990.46,833200,1981.19,2037.572,2015.924,44.449,-5.975,6.627,-12.602,2037.572,2129.048,1946.096
2022-11-09,1994.87,1994.87,1937.5,1950.74,1102400,1975.012,2034.814,2014.38,39.404,-10.992,3.103,-14.096,2034.814,2133.364,1936.263
2022-11-10,1933.08,1937.5,1891.16,1904.4,986400,1958.242,2029.518,2011.644,34.486,-18.495,-1.216,-17.279,2029.518,2143.747,1915.288
2022-11-11,1957.36,2008.11,1946.32,2001.49,1013600,1967.068,2030.4,2011.864,48.882,-16.417,-4.257,-12.161,2030.4,2143.41,1917.39
2022-11-14,2021.35,2039.01,1999.29,1999.29,910800,1969.276,2027.973,2011.467,48.621,-14.778,-6.361,-8.417,2027.973,2141.49,1914.456
2022-11-15,2019.15,2027.97,2003.7,2003.7,644400,1971.924,2027.201,2011.555,49.206,-12.973,-7.683,-5.29,2027.201,2141.18,1913.221
2022-11-16,2008.11,2014.73,1979.43,2001.49,723800,1982.074,2024.222,2012.659,48.905,-11.588,-8.464,-3.124,2024.222,2137.586,1910.857
2022-11-17,1994.87,2032.39,1992.67,2023.56,643000,2005.906,2022.015,2013.762,52.054,-8.61,-8.493,-0.116,2022.015,2133.52,1910.51
2022-11-18,2045.63,2067.69,2039.01,2058.87,715800,2017.382,2021.574,2015.218,56.655,-3.362,-7.467,4.105,2021.574,2132.386,1910.762
2022-11-21,2036.8,2063.28,2032.39,2063.28,631400,2030.18,2020.691,2016.719,57.208,1.14,-5.746,6.886,2020.691,2129.781,1911.602
2022-11-22,2069.9,2085.35,2065.49,2067.69,628000,2042.978,2019.919,2018.131,57.787,5.006,-3.595,8.601,2019.919,2127.353,1912.485
2022-11-24,2096.38,2116.24,2083.14,2087.55,647200,2060.19,2020.691,2018.926,60.388,9.562,-0.964,10.526,2020.691,2129.911,1911.471
2022-11-25,2087.55,2087.55,2067.69,2067.69,325400,2069.016,2018.484,2019.234,56.63,11.439,1.517,9.922,2018.484,2121.561,1915.407
2022-11-28,2061.07,2061.07,2032.39,2050.04,566800,2067.25,2017.16,2019.234,53.447,11.37,3.487,7.883,2017.16,2117.748,1916.572
2022-11-29,2045.63,2065.49,2034.59,2050.04,536000,2064.602,2015.394,2019.058,53.447,11.187,5.027,6.16,2015.394,2112.108,1918.681
2022-11-30,2027.97,2043.42,2014.73,2016.94,1532800,2054.452,2012.636,2019.146,47.625,8.276,5.677,2.599,2012.636,2105.614,1919.658
2022-12-01,2034.59,2045.63,1999.29,1999.29,782800,2036.8,2013.519,2018.749,44.821,4.493,5.44,-0.948,2013.519,2105.588,1921.45
2022-12-02,1981.63,1994.87,1926.46,1930.88,1185200,2009.438,2010.651,2018.484,35.98,-3.98,3.556,-7.536,2010.651,2109.369,1911.932
2022-12-05,1930.88,1939.7,1919.84,1933.08,776800,1986.046,2009.437,2017.734,36.414,-10.397,0.766,-11.163,2009.437,2111.456,1907.417
2022-12-06,1919.84,1941.91,1917.64,1933.08,845200,1962.654,2006.678,2017.38,36.414,-15.306,-2.449,-12.857,2006.678,2113.958,1899.398
2022-12-07,1902.19,1919.84,1895.57,1911.02,712400,1941.47,2002.706,2016.807,33.751,-20.738,-6.107,-14.631,2002.706,2118.09,1887.322
2022-12-08,1886.74,1913.22,1886.74,1906.6,607200,1922.932,2000.499,2016.321,33.227,-25.11,-9.907,-15.202,2000.499,2121.615,1879.383
2022-12-09,1926.46,1933.08,1913.22,1917.64,615200,1920.284,2001.161,2015.88,35.905,-27.368,-13.399,-13.969,2001.161,2120.192,1882.13
2022-12-12,1913.22,1917.64,1899.98,1908.81,511000,1915.43,1996.527,2014.821,34.706,-29.53,-16.625,-12.904,1996.527,2122.517,1870.537
2022-12-13,1926.46,1933.08,1902.19,1908.81,770400,1910.576,1992.003,2012.967,34.706,-30.887,-19.478,-11.409,1992.003,2123.933,1860.073
2022-12-14,1939.7,1955.15,1913.22,1946.32,894800,1917.636,1989.134,2011.952,43.932,-28.606,-21.303,-7.303,1989.134,2122.481,1855.787
2022-12-15,1946.32,1955.15,1915.43,1915.43,1023400,1919.402,1984.831,2010.451,39.04,-28.957,-22.834,-6.123,1984.831,2121.998,1847.664
2022-12-16,1935.29,1972.8,1919.84,1924.26,1950200,1920.726,1979.866,2007.583,41.06,-28.198,-23.907,-4.291,1979.866,2118.313,1841.419
2022-12-19,1906.6,1917.64,1902.19,1913.22,570000,1921.608,1972.584,2004.802,39.306,-28.163,-24.758,-3.404,1972.584,2108.839,1836.328
2022-12-20,1899.98,1911.02,1835.99,1849.23,1015800,1909.692,1961.881,2000.83,31.031,-32.918,-26.39,-6.528,1961.881,2101.719,1822.043
2022-12-21,1855.85,1862.47,1833.78,1833.78,1158400,1887.184,1950.186,1996.593,29.421,-37.502,-28.613,-8.889,1950.186,2091.877,1808.494
2022-12-22,1838.2,1869.09,1820.54,1862.47,728400,1876.592,1938.932,1993.724,36.057,-38.377,-30.565,-7.811,1938.932,2070.045,1807.818
2022-12-23,1840.4,1853.64,1822.75,1853.64,515200,1862.468,1928.229,1990.591,34.967,-39.329,-32.318,-7.011,1928.229,2049.677,1806.781
2022-12-26,1851.44,1866.88,1840.4,1851.44,396800,1850.112,1918.299,1987.943,34.686,-39.803,-33.815,-5.988,1918.299,2029.888,1806.71
2022-12-27,1862.47,1869.09,1835.99,1855.85,429600,1851.436,1908.59,1984.103,35.801,-39.369,-34.926,-4.443,1908.59,2004.622,1812.557
2022-12-28,1858.06,1860.26,1840.4,1858.06,728600,1856.292,1900.645,1980.881,36.387,-38.403,-35.621,-2.782,1900.645,1984.446,1816.845
2022-12-29,1869.43,1880.8,1860.33,1878.52,659600,1859.502,1894.607,1977.23,41.693,-35.577,-35.613,0.035,1894.607,1964.775,1824.439
2022-12-30,1930.83,1937.65,1889.9,1889.9,735400,1866.754,1892.558,1973.675,44.468,-32.05,-34.9,2.85,1892.558,1960.628,1824.488
2023-01-04,1887.62,1894.44,1842.14,1858.06,729200,1868.078,1888.807,1969.482,38.891,-31.461,-34.212,2.751,1888.807,1955.734,1821.88
2023-01-05,1860.33,1905.81,1858.06,1883.07,798000,1873.522,1886.306,1965.525,44.752,-28.646,-33.099,4.453,1886.306,1949.923,1822.69
2023-01-06,1873.98,1892.17,1869.43,1885.35,641000,1878.98,1885.023,1961.569,45.267,-25.932,-31.666,5.733,1885.023,1947.567,1822.479
2023-01-10,1930.83,1930.83,1905.81,1905.81,621400,1884.438,1884.983,1958.243,49.793,-21.878,-29.708,7.83,1884.983,1947.471,1822.496
2023-01-11,1905.81,1917.19,1898.99,1901.27,711200,1886.712,1884.165,1954.032,48.828,-18.815,-27.53,8.714,1884.165,1945.265,1823.065
2023-01-12,1901.27,1908.09,1876.25,1889.9,750400,1893.08,1883.22,1950.299,46.403,-17.108,-25.445,8.338,1883.22,1943.291,1823.148
2023-01-13,1873.98,1894.44,1844.41,1844.41,990400,1885.348,1880.0,1945.481,38.224,-19.204,-24.197,4.993,1880.0,1941.189,1818.81
2023-01-16,1837.59,1862.6,1835.31,1855.78,1211000,1879.434,1875.472,1941.154,41.022,-19.72,-23.302,3.581,1875.472,1928.908,1822.037
2023-01-17,1844.41,1862.6,1837.59,1851.23,752200,1868.518,1872.262,1938.546,40.237,-20.263,-22.694,2.431,1872.262,1923.248,1821.277
2023-01-18,1864.88,1905.81,1860.33,1878.52,710200,1863.968,1869.975,1936.351,46.814,-18.281,-21.811,3.531,1869.975,1914.881,1825.07
2023-01-19,1873.98,1903.54,1864.88,1892.17,588800,1864.422,1868.923,1935.048,49.791,-15.43,-20.535,5.105,1868.923,1910.419,1827.427
2023-01-20,1894.44,1901.27,1885.35,1887.62,490800,1873.064,1870.842,1933.035,48.81,-13.384,-19.105,5.721,1870.842,1912.053,1829.632
2023-01-23,1917.19,1924.01,1887.62,1894.44,653600,1880.796,1873.876,1931.115,50.388,-11.084,-17.501,6.417,1873.876,1912.445,1835.306
2023-01-24,1903.54,1917.19,1885.35,1905.81,747200,1891.712,1876.042,1930.216,52.989,-8.249,-15.65,7.401,1876.042,1916.726,1835.359
2023-01-25,1908.09,1942.2,1901.27,1924.01,765600,1900.81,1879.561,1930.608,56.885,-4.482,-13.417,8.935,1879.561,1924.078,1835.044
2023-01-26,1946.75,1964.95,1942.2,1960.4,751800,1914.456,1885.009,1929.786,63.414,1.423,-10.449,11.872,1885.009,1940.381,1829.637
2023-01-27,1960.4,1962.67,1930.83,1937.65,435600,1924.462,1889.099,1928.554,57.547,4.219,-7.515,11.734,1889.099,1947.409,1830.789
2023-01-30,1955.85,1960.4,1937.65,1942.2,561200,1934.014,1893.306,1927.324,58.376,6.724,-4.667,11.392,1893.306,1954.268,1832.344
2023-01-31,1942.2,1955.85,1930.83,1935.38,619200,1939.928,1896.149,1926.001,56.591,8.067,-2.12,10.187,1896.149,1959.465,1832.833
2023-02-01,1962.67,1978.59,1942.2,1960.4,1098400,1947.206,1899.674,1924.738,61.27,11.022,0.508,10.514,1899.674,1969.082,1830.266
2023-02-02,2183.27,2183.27,2078.66,2108.22,2628600,1976.77,1912.182,1925.725,77.025,25.004,5.407,19.597,1912.182,2025.981,1798.383
2023-02-03,2108.22,2115.04,2080.93,2090.03,1406600,2007.246,1922.53,1926.26,73.085,34.222,11.17,23.052,1922.53,2060.298,1784.762
2023-02-06,2078.66,2094.58,2051.37,2067.29,1103800,2032.264,1931.627,1926.252,68.376,39.241,16.784,22.456,1931.627,2082.465,1780.789
2023-02-07,2076.38,2099.13,2060.46,2074.11,1079000,2060.01,1940.042,1925.983,69.021,43.269,22.081,21.188,1940.042,2103.099,1776.985
2023-02-08,2076.38,2094.58,2065.01,2085.48,772000,2085.026,1949.252,1926.339,70.115,46.84,27.033,19.807,1949.252,2123.514,1774.991
2023-02-09,2069.56,2076.38,2055.91,2069.56,638200,2077.294,1958.236,1926.73,66.571,47.833,31.193,16.64,1958.236,2138.049,1778.422
2023-02-10,2055.91,2085.48,2053.64,2060.46,508800,2071.38,1969.038,1926.938,64.562,47.34,34.423,12.918,1969.038,2145.995,1792.081
2023-02-13,2067.29,2080.93,2035.45,2037.72,551000,2065.466,1978.135,1927.354,59.713,44.601,36.458,8.143,1978.135,2149.185,1807.085
2023-02-14,2069.56,2096.85,2065.01,2087.75,1135400,2068.194,1989.961,1929.123,65.799,45.937,38.354,7.583,1989.961,2156.719,1823.203
2023-02-15,2137.79,2137.79,2083.21,2087.75,1259600,2068.648,2000.423,1932.26,65.799,46.461,39.975,6.485,2000.423,2163.965,1836.88
2023-02-16,2087.75,2105.95,2085.48,2092.3,1056800,2073.196,2010.429,1935.445,66.335,46.705,41.321,5.383,2010.429,2170.537,1850.321
2023-02-17,2080.93,2096.85,2071.83,2074.11,819000,2075.926,2019.754,1938.265,62.139,44.912,42.039,2.873,2019.754,2171.236,1868.271
2023-02-20,2083.21,2092.3,2074.11,2085.48,460800,2085.478,2029.306,1941.754,63.685,43.903,42.412,1.491,2029.306,2171.314,1887.297
2023-02-21,2090.03,2105.95,2087.75,2090.03,775800,2085.934,2038.517,1945.423,64.314,42.975,42.525,0.45,2038.517,2170.329,1906.704
2023-02-22,2076.38,2085.48,2060.46,2085.48,699400,2085.48,2046.59,1948.78,63.138,41.395,42.299,-0.904,2046.59,2168.262,1924.918
2023-02-24,2067.29,2087.75,2060.46,2085.48,863200,2084.116,2052.844,1952.313,63.138,39.686,41.776,-2.09,2052.844,2168.576,1937.112
2023-02-27,2096.85,2112.77,2083.21,2090.03,1053600,2087.3,2060.463,1955.938,63.903,38.257,41.072,-2.815,2060.463,2163.647,1957.279
2023-02-28,2083.21,2103.67,2078.66,2087.75,952800,2087.754,2067.74,1958.766,63.195,36.52,40.162,-3.642,2067.74,2155.126,1980.355
2023-03-01,2090.03,2099.13,2069.56,2094.58,1070600,2088.664,2075.7,1962.349,64.465,35.288,39.187,-3.899,2075.7,2137.611,2013.79
2023-03-02,2121.87,2124.14,2090.03,2096.85,923200,2090.938,2082.523,1965.801,64.899,34.101,38.17,-4.069,2082.523,2113.056,2051.99
2023-03-03,2085.48,2130.96,2083.21,2112.77,970600,2096.396,2082.75,1969.792,67.861,34.053,37.347,-3.294,2082.75,2114.145,2051.356
2023-03-06,2108.22,2112.77,2101.4,2105.95,608800,2099.58,2083.546,1974.926,65.318,33.083,36.494,-3.411,2083.546,2116.488,2050.605
2023-03-07,2108.22,2124.14,2099.13,2112.77,724000,2104.584,2085.821,1980.506,66.664,32.49,35.693,-3.203,2085.821,2120.281,2051.36
2023-03-08,2110.5,2128.69,2103.67,2119.59,549200,2109.586,2088.095,1985.649,68.001,32.199,34.994,-2.795,2088.095,2125.202,2050.987
2023-03-09,2124.14,2140.06,2124.14,2137.79,682600,2117.774,2090.71,1991.332,71.307,33.056,34.607,-1.55,2090.71,2133.914,2047.506
2023-03-10,2124.14,2140.06,2112.77,2130.96,982000,2121.412,2093.78,1996.922,68.449,32.806,34.247,-1.44,2093.78,2139.319,2048.241
2023-03-13,2119.59,2126.42,2099.13,2119.59,606400,2124.14,2096.736,2002.197,63.859,31.33,33.663,-2.334,2096.736,2140.822,2052.651
2023-03-14,2087.75,2087.75,2046.82,2060.46,881800,2113.678,2097.874,2006.245,46.425,25.099,31.95,-6.852,2097.874,2136.369,2059.378
2023-03-15,2080.93,2083.21,2051.37,2060.46,503000,2101.852,2096.509,2009.884,46.425,19.931,29.546,-9.616,2096.509,2138.308,2054.71
2023-03-16,2042.27,2076.38,2033.17,2060.46,779400,2086.386,2095.144,2013.295,46.425,15.655,26.768,-11.113,2095.144,2139.83,2050.459
2023-03-17,2065.01,2119.59,2062.74,2110.5,959200,2082.294,2096.055,2018.344,58.423,16.118,24.638,-8.52,2096.055,2141.234,2050.875
2023-03-20,2092.3,2092.3,2046.82,2049.09,949000,2068.194,2094.804,2021.664,45.08,11.399,21.99,-10.592,2094.804,2143.769,2045.838
2023-03-22,2080.93,2080.93,2055.92,2067.29,812400,2069.56,2093.894,2025.303,48.811,9.023,19.397,-10.374,2093.894,2144.245,2043.543
2023-03-23,2053.64,2058.19,2035.45,2044.54,848200,2066.376,2091.619,2028.077,44.721,5.244,16.566,-11.322,2091.619,2146.602,2036.637
2023-03-24,2049.09,2055.91,2035.45,2042.27,705000,2062.738,2089.459,2030.897,44.322,2.042,13.661,-11.619,2089.459,2148.689,2030.229
2023-03-27,2067.29,2090.03,2055.92,2071.83,705400,2055.004,2088.776,2034.536,50.515,1.869,11.303,-9.434,2088.776,2148.512,2029.041
2023-03-28,2069.56,2083.21,2055.91,2076.38,500800,2060.462,2088.094,2039.175,51.411,2.075,9.457,-7.383,2088.094,2148.08,2028.108
2023-03-29,2085.48,2121.87,2078.66,2121.87,810800,2071.378,2089.8,2044.497,59.337,5.841,8.734,-2.893,2089.8,2151.657,2027.943
2023-03-30,2183.27,2183.27,2108.22,2117.32,815800,2085.934,2090.937,2049.819,58.312,8.362,8.66,-0.297,2090.937,2153.988,2027.886
2023-03-31,2126.42,2146.88,2121.87,2130.96,963400,2103.672,2092.643,2054.868,60.513,11.33,9.194,2.137,2092.643,2158.164,2027.121
2023-04-03,2149.16,2162.8,2144.61,2146.88,730000,2118.682,2094.348,2059.962,62.971,14.797,10.314,4.482,2094.348,2163.737,2024.959
2023-04-04,2133.24,2142.34,2096.85,2096.85,1509600,2122.776,2093.893,2064.147,52.015,13.353,10.922,2.431,2093.893,2163.081,2024.705
2023-04-05,2087.75,2087.75,2033.17,2037.72,982200,2105.946,2090.14,2067.012,42.584,7.353,10.208,-2.856,2090.14,2163.058,2017.223
2023-04-06,2026.35,2060.46,2008.16,2060.46,1099400,2094.574,2087.184,2070.105,46.595,4.382,9.043,-4.661,2087.184,2159.868,2014.5
2023-04-07,2065.01,2074.11,2049.09,2065.01,694800,2081.384,2083.545,2072.925,47.386,2.367,7.708,-5.341,2083.545,2152.767,2014.323
2023-04-10,2096.85,2105.95,2065.01,2074.11,702800,2066.83,2080.703,2075.199,49.015,1.488,6.464,-4.976,2080.703,2146.3,2015.105
2023-04-11,2087.75,2103.67,2074.11,2076.38,730600,2062.736,2078.542,2077.974,49.435,0.963,5.364,-4.401,2078.542,2141.542,2015.542
2023-04-12,2105.95,2142.34,2099.13,2130.96,1293600,2081.384,2082.067,2081.749,58.331,4.895,5.27,-0.375,2082.067,2148.597,2015.537
2023-04-13,2146.88,2215.11,2140.06,2181.0,1759800,2105.492,2088.094,2086.662,64.498,11.911,6.598,5.313,2088.094,2167.06,2009.128
2023-04-14,2192.37,2224.21,2187.82,2196.92,1222600,2131.874,2094.917,2091.392,66.211,18.543,8.987,9.556,2094.917,2186.416,2003.418
2023-04-17,2201.47,2215.11,2178.72,2192.37,1075000,2155.526,2099.01,2093.075,65.242,23.164,11.822,11.342,2099.01,2200.252,1997.769
2023-04-18,2192.37,2215.11,2187.82,2215.11,851800,2183.272,2107.312,2095.577,67.78,28.335,15.125,13.21,2107.312,2218.094,1996.529
2023-04-19,2215.11,2228.76,2176.45,2187.82,857600,2194.644,2113.338,2097.987,61.935,29.886,18.077,11.809,2113.338,2227.999,1998.677
2023-04-20,2174.18,2201.47,2160.53,2192.37,717000,2196.918,2120.73,2100.352,62.515,31.124,20.686,10.437,2120.73,2235.776,2005.683
2023-04-21,2201.47,2208.29,2185.55,2199.19,800600,2197.372,2128.576,2102.627,63.416,32.283,23.006,9.277,2128.576,2242.49,2014.661
2023-04-24,2199.19,2235.58,2199.19,2228.76,707400,2204.65,2136.422,2105.811,67.105,35.182,25.441,9.741,2136.422,2255.386,2017.458
2023-04-25,2221.93,2242.4,2219.66,2233.31,850200,2208.29,2144.268,2109.268,67.646,37.415,27.836,9.58,2144.268,2267.193,2021.344
2023-04-26,2228.76,2228.76,2206.01,2212.84,1037600,2213.294,2148.817,2112.77,62.656,37.106,29.69,7.416,2148.817,2274.942,2022.692
2023-04-27,2206.01,2215.11,2192.37,2203.74,1428200,2215.568,2153.138,2115.09,60.519,35.714,30.895,4.82,2153.138,2280.634,2025.642
2023-04-28,2212.84,2244.68,2206.01,2244.68,1074600,2224.666,2158.824,2118.228,66.118,37.483,32.212,5.271,2158.824,2292.165,2025.483
2023-05-01,2249.23,2267.42,2237.85,2262.87,1399800,2231.488,2164.624,2121.64,68.271,39.893,33.749,6.145,2164.624,2305.645,2023.602
2023-05-02,2342.47,2369.76,2315.18,2319.73,2189000,2248.772,2175.768,2126.552,73.863,45.862,36.171,9.691,2175.768,2328.941,2022.594
2023-05-08,2287.89,2310.63,2260.6,2306.08,1315800,2267.42,2189.186,2130.964,70.644,48.927,38.723,10.205,2189.186,2338.407,2039.964
2023-05-09,2310.63,2333.37,2296.98,2324.28,921800,2291.528,2202.376,2135.649,72.373,52.223,41.423,10.801,2202.376,2350.323,2054.43
2023-05-10,2333.37,2333.37,2287.89,2301.53,762400,2302.898,2214.203,2139.97,67.057,52.395,43.617,8.778,2214.203,2353.474,2074.931
2023-05-11,2306.08,2324.28,2301.53,2306.08,823000,2311.54,2225.801,2144.382,67.57,52.296,45.353,6.943,2225.801,2354.158,2097.444
2023-05-12,2301.53,2347.02,2292.44,2342.47,848800,2316.088,2239.106,2149.431,71.406,54.525,47.187,7.338,2239.106,2356.984,2121.227
2023-05-15,2383.41,2387.95,2342.47,2369.76,789000,2328.824,2251.046,2155.071,73.899,57.828,49.315,8.512,2251.046,2371.157,2130.934
2023-05-16,2383.41,2401.6,2374.31,2392.5,1059800,2342.468,2261.62,2161.03,75.793,61.57,51.766,9.803,2261.62,2392.523,2130.718
2023-05-17,2397.05,2410.7,2374.31,2406.15,918400,2363.392,2272.082,2167.216,76.877,64.889,54.391,10.498,2272.082,2414.177,2129.987
2023-05-18,2415.25,2447.08,2406.15,2424.34,1154400,2387.044,2283.68,2173.447,78.274,68.201,57.153,11.048,2283.68,2435.889,2131.472
2023-05-19,2428.89,2437.99,2410.7,2424.34,819000,2403.418,2294.142,2179.815,78.274,70.019,59.726,10.293,2294.142,2455.021,2133.263
2023-05-22,2433.44,2433.44,2415.25,2424.34,551800,2414.334,2305.968,2186.046,78.274,70.645,61.91,8.735,2305.968,2468.701,2143.235
2023-05-23,2424.34,2428.89,2387.95,2410.7,941000,2417.974,2316.884,2191.868,74.083,69.242,63.376,5.866,2316.884,2476.799,2156.97
2023-05-24,2401.6,2401.6,2374.31,2378.86,660000,2412.516,2325.868,2196.69,65.293,64.814,63.664,1.15,2325.868,2477.938,2173.798
2023-05-25,2374.31,2387.95,2356.11,2365.21,843200,2400.69,2332.69,2201.375,61.902,59.518,62.835,-3.317,2332.69,2478.533,2186.848
2023-05-26,2374.31,2383.41,2342.47,2342.47,970400,2384.316,2338.148,2205.832,56.626,52.875,60.843,-7.967,2338.148,2476.298,2199.999
2023-05-29,2360.66,2365.21,2333.37,2356.11,836600,2370.67,2345.312,2211.745,58.889,48.157,58.306,-10.149,2345.312,2470.338,2220.286
2023-05-30,2351.57,2419.79,2342.47,2410.7,960800,2370.67,2355.66,2218.75,66.438,48.266,56.298,-8.031,2355.66,2464.57,2246.75
2023-05-31,2415.25,2415.25,2374.31,2392.5,1788400,2373.398,2363.051,2225.391,62.329,46.35,54.308,-7.958,2363.051,2459.612,2266.49
2023-06-01,2401.6,2474.38,2392.5,2460.73,1215200,2392.502,2372.944,2232.396,69.856,49.763,53.399,-3.636,2372.944,2466.793,2279.095
2023-06-02,2437.99,2483.47,2437.99,2474.38,885000,2418.884,2380.677,2240.901,71.1,52.959,53.311,-0.352,2380.677,2481.304,2280.049
2023-06-05,2495.75,2511.22,2469.37,2496.66,1108000,2446.994,2390.206,2249.489,73.055,56.637,53.976,2.661,2390.206,2496.996,2283.415
2023-06-06,2466.19,2495.75,2457.55,2493.48,787600,2463.55,2398.666,2258.468,72.303,58.619,54.905,3.714,2398.666,2510.17,2287.161
2023-06-07,2559.89,2561.25,2511.67,2522.13,2191800,2489.476,2409.696,2268.065,74.817,61.79,56.282,5.508,2409.696,2524.342,2295.049
2023-06-08,2515.31,2528.96,2458.46,2473.47,1252800,2492.024,2418.065,2276.098,64.164,59.688,56.963,2.725,2418.065,2525.045,2311.085
2023-06-09,2524.41,2558.07,2495.3,2553.06,1716000,2507.76,2428.594,2285.631,71.35,63.71,58.313,5.398,2428.594,2545.263,2311.926
2023-06-12,2548.06,2551.24,2520.32,2539.87,998200,2516.402,2437.1,2293.991,68.885,65.083,59.667,5.417,2437.1,2560.327,2313.873
2023-06-13,2562.16,2591.73,2548.97,2580.36,852600,2533.778,2446.493,2303.252,72.074,68.647,61.463,7.184,2446.493,2583.297,2309.689
2023-06-14,2583.54,2607.19,2563.98,2597.64,911200,2548.88,2456.068,2312.586,73.331,72.036,63.577,8.458,2456.068,2607.052,2305.083
2023-06-15,2592.64,2606.74,2578.99,2588.09,1357000,2571.804,2464.255,2321.41,71.418,73.108,65.483,7.624,2464.255,2625.412,2303.098
2023-06-16,2592.64,2636.3,2574.44,2621.75,1962400,2585.542,2474.125,2331.908,73.993,75.8,67.547,8.253,2474.125,2648.619,2299.632
2023-06-19,2614.92,2620.38,2593.09,2614.01,1177800,2600.37,2483.609,2343.434,72.378,76.427,69.323,7.105,2483.609,2667.095,2300.123
2023-06-20,2587.18,2587.18,2543.51,2562.62,941200,2596.822,2491.205,2353.477,62.61,71.949,69.848,2.101,2491.205,2674.561,2307.849
2023-06-21,2585.36,2594.46,2558.07,2589.91,1131200,2595.276,2501.758,2363.975,65.289,69.797,69.838,-0.041,2501.758,2682.158,2321.357
2023-06-22,2587.18,2607.65,2570.35,2574.9,799200,2592.638,2512.242,2373.991,62.631,66.118,69.094,-2.976,2512.242,2683.363,2341.121
2023-06-23,2589.0,2592.64,2521.68,2528.05,795000,2573.898,2521.521,2383.024,55.091,58.745,67.024,-8.279,2521.521,2672.864,2370.178
2023-06-26,2501.67,2507.12,2483.93,2497.12,997200,2550.52,2528.572,2390.347,50.748,49.832,63.586,-13.754,2528.572,2659.187,2397.956
2023-06-27,2465.28,2487.57,2447.99,2481.2,1012000,2534.236,2532.096,2396.351,48.623,41.011,59.071,-18.06,2532.096,2652.743,2411.45
2023-06-28,2492.11,2523.04,2488.48,2519.41,1244200,2520.136,2538.442,2402.801,53.64,36.68,54.593,-17.912,2538.442,2640.017,2436.867
2023-06-29,2523.04,2549.88,2523.04,2546.7,1046200,2514.496,2542.741,2409.888,56.879,35.046,50.683,-15.637,2542.741,2637.517,2447.964
2023-06-30,2556.7,2578.99,2506.21,2541.24,1163400,2517.134,2546.083,2416.41,56.036,32.931,47.133,-14.202,2546.083,2635.259,2456.908
2023-07-03,2547.15,2573.08,2545.79,2560.34,580400,2529.778,2549.268,2423.861,58.362,32.423,44.191,-11.768,2549.268,2635.512,2463.023
2023-07-04,2542.15,2559.43,2529.87,2559.43,655200,2545.424,2552.565,2431.202,58.204,31.582,41.669,-10.087,2552.565,2634.777,2470.353
2023-07-05,2553.97,2581.72,2539.87,2552.15,1039000,2551.972,2554.066,2438.261,56.877,29.983,39.332,-9.349,2554.066,2635.025,2473.107
2023-07-06,2538.05,2539.42,2486.2,2510.31,941000,2544.694,2555.908,2443.892,49.845,25.05,36.476,-11.425,2555.908,2630.578,2481.238
2023-07-07,2480.29,2523.5,2475.29,2491.66,740400,2534.778,2552.838,2449.059,47.052,19.413,33.063,-13.65,2552.838,2632.858,2472.818
2023-07-10,2478.01,2512.58,2476.19,2502.12,1118400,2523.134,2550.95,2454.845,48.785,15.609,29.572,-13.963,2550.95,2633.983,2467.918
2023-07-11,2502.12,2535.32,2500.76,2525.32,1187000,2516.312,2548.198,2461.276,52.499,14.302,26.518,-12.216,2548.198,2630.774,2465.623
2023-07-12,2523.04,2546.24,2516.22,2519.86,1226200,2509.854,2544.31,2466.78,51.552,12.679,23.75,-11.071,2544.31,2624.369,2464.25
2023-07-13,2540.33,2603.55,2534.42,2593.55,1398200,2526.502,2544.582,2473.393,61.619,17.141,22.428,-5.287,2544.582,2625.305,2463.86
2023-07-14,2594.91,2623.57,2581.26,2602.19,944400,2548.608,2543.605,2479.043,62.601,21.132,22.169,-1.038,2543.605,2620.786,2466.423
2023-07-18,2614.47,2632.66,2602.19,2616.74,678600,2571.532,2543.741,2485.256,64.258,25.178,22.771,2.407,2543.741,2621.455,2466.027
2023-07-19,2624.93,2637.67,2583.54,2602.64,1045400,2586.996,2545.742,2490.823,61.418,26.936,23.604,3.332,2545.742,2627.46,2464.024
2023-07-20,2590.36,2602.64,2558.52,2560.8,975200,2595.184,2544.286,2496.008,53.816,24.669,23.817,0.852,2544.286,2623.697,2464.876
2023-07-21,2539.87,2578.08,2530.32,2556.7,800800,2587.814,2543.376,2501.021,53.122,22.284,23.51,-1.226,2543.376,2621.72,2465.033
2023-07-24,2602.19,2616.74,2518.04,2542.15,1699000,2575.806,2544.082,2505.014,50.627,19.002,22.609,-3.607,2544.082,2622.097,2466.066
2023-07-25,2518.5,2530.32,2491.2,2520.77,1230800,2556.612,2545.264,2508.035,47.125,14.508,20.988,-6.481,2545.264,2620.965,2469.563
2023-07-26,2520.32,2574.44,2516.68,2568.53,1350200,2549.79,2549.63,2511.555,54.669,14.631,19.717,-5.086,2549.63,2619.633,2479.628
2023-07-27,2614.01,2647.67,2593.09,2635.85,1983200,2564.8,2555.453,2516.149,62.738,19.932,19.76,0.172,2555.453,2633.749,2477.156
2023-07-28,2633.57,2647.67,2586.27,2638.12,4352800,2581.084,2560.024,2520.425,62.978,24.038,20.616,3.423,2560.024,2646.423,2473.624
2023-07-31,2640.85,2696.8,2640.85,2691.34,1211600,2610.922,2567.528,2525.765,68.144,31.227,22.738,8.489,2567.528,2671.374,2463.683
2023-08-01,2669.96,2699.07,2667.69,2674.05,799800,2641.578,2573.214,2530.759,64.972,35.125,25.215,9.909,2573.214,2687.344,2459.084
2023-08-02,2642.67,2669.96,2585.36,2627.66,1749800,2653.404,2576.626,2535.098,57.269,34.077,26.988,7.089,2576.626,2693.076,2460.175
2023-08-03,2585.81,2642.67,2582.63,2625.39,1385600,2651.312,2580.288,2540.029,56.914,32.687,28.128,4.559,2580.288,2698.096,2462.479
2023-08-04,2660.86,2703.62,2632.66,2685.88,1471000,2660.864,2589.066,2546.442,63.429,36.051,29.712,6.339,2589.066,2711.012,2467.12
2023-08-07,2670.41,2715.44,2664.05,2713.17,690400,2665.23,2600.142,2553.856,65.932,40.452,31.86,8.592,2600.142,2725.038,2475.245
2023-08-08,2723.18,2726.36,2685.88,2707.71,615800,2671.962,2610.421,2560.888,64.974,43.004,34.089,8.915,2610.421,2735.191,2485.651
2023-08-09,2729.09,2742.28,2700.89,2729.55,942000,2692.34,2620.632,2567.265,67.038,46.256,36.522,9.734,2620.632,2749.441,2491.824
2023-08-10,2729.09,2745.01,2714.99,2743.65,739600,2715.992,2631.822,2574.288,68.335,49.401,39.098,10.303,2631.822,2762.636,2501.008
2023-08-14,2720.45,2750.47,2699.07,2725.91,722400,2723.998,2638.44,2579.592,64.876,49.887,41.256,8.631,2638.44,2774.393,2502.487
2023-08-15,2733.64,2767.75,2720.9,2765.48,782800,2734.46,2646.604,2585.414,68.684,52.856,43.576,9.28,2646.604,2792.631,2500.578
2023-08-16,2748.65,2807.78,2742.28,2779.58,1179000,2748.834,2654.746,2591.072,69.934,55.705,46.002,9.703,2654.746,2811.525,2497.968
2023-08-17,2801.87,2805.96,2753.65,2785.49,662000,2760.022,2663.889,2596.912,70.467,57.773,48.356,9.417,2663.889,2828.979,2498.799
2023-08-18,2778.67,2810.96,2746.37,2757.29,1005200,2762.75,2673.714,2601.616,64.589,56.485,49.982,6.504,2673.714,2836.34,2511.087
2023-08-21,2757.29,2790.95,2738.64,2769.12,773400,2771.392,2684.334,2607.529,65.875,55.777,51.141,4.636,2684.334,2842.468,2526.201
2023-08-22,2797.32,2835.53,2783.22,2830.98,692200,2784.492,2698.776,2613.087,71.669,59.521,52.817,6.704,2698.776,2854.979,2542.573
2023-08-23,2808.69,2842.8,2808.69,2842.8,734800,2797.136,2714.878,2619.146,72.625,62.718,54.797,7.921,2714.878,2859.805,2569.95
2023-08-24,2864.18,2878.74,2851.9,2856.9,660000,2811.418,2729.296,2624.676,73.763,65.634,56.964,8.669,2729.296,2870.243,2588.349
2023-08-25,2842.35,2843.71,2810.51,2824.61,888400,2824.882,2738.734,2629.216,66.905,64.594,58.49,6.104,2738.734,2878.61,2598.858
2023-08-28,2848.26,2886.47,2842.35,2881.92,713600,2847.442,2750.924,2635.092,71.899,67.615,60.315,7.3,2750.924,2896.267,2605.581
2023-08-29,2923.31,2924.68,2888.29,2915.12,822200,2864.27,2762.113,2640.96,74.316,71.86,62.624,9.236,2762.113,2921.881,2602.345
2023-08-30,2934.23,2934.23,2905.12,2915.58,782000,2878.826,2774.19,2646.991,74.349,74.404,64.98,9.423,2774.19,2942.23,2606.149
2023-08-31,2917.4,2968.8,2917.4,2954.24,1263400,2898.294,2790.518,2654.824,77.016,78.633,67.711,10.922,2790.518,2962.04,2618.997
2023-09-01,2945.6,2976.98,2933.77,2945.14,814000,2922.4,2806.506,2661.928,75.039,80.324,70.233,10.09,2806.506,2972.747,2640.265
2023-09-04,2933.77,2966.52,2922.4,2963.79,769800,2938.774,2820.402,2669.706,76.378,82.221,72.631,9.59,2820.402,2990.601,2650.202
2023-09-05,2951.97,2978.35,2921.04,2946.05,673800,2944.96,2832.045,2678.066,72.399,81.356,74.376,6.98,2832.045,3003.218,2660.873
2023-09-06,2960.61,2992.9,2960.61,2991.08,671400,2960.06,2846.214,2687.945,75.839,83.342,76.169,7.173,2846.214,3020.927,2671.501
2023-09-07,2968.8,3001.54,2961.97,2990.17,776000,2967.246,2859.245,2698.125,75.634,83.877,77.711,6.166,2859.245,3036.183,2682.307
2023-09-08,2971.52,2988.35,2936.96,2952.42,1036800,2968.702,2869.684,2706.785,67.479,80.328,78.234,2.094,2869.684,3042.492,2696.875
2023-09-11,2969.71,2981.53,2913.76,2928.77,611200,2961.698,2879.826,2714.426,62.904,74.746,77.536,-2.791,2879.826,3040.491,2719.162
2023-09-12,2906.48,2915.58,2865.55,2911.48,1526400,2954.784,2887.126,2721.831,59.715,68.141,75.657,-7.516,2887.126,3038.939,2735.314
2023-09-13,2888.29,2893.75,2767.75,2776.85,2099400,2911.938,2886.99,2726.161,41.905,51.45,70.816,-19.366,2886.99,3039.214,2734.766
2023-09-14,2813.69,2815.06,2771.39,2810.96,1426000,2876.096,2888.264,2731.192,46.277,40.508,64.754,-24.246,2888.264,3037.305,2739.222
2023-09-15,2799.59,2820.97,2762.29,2820.97,1923800,2849.806,2891.448,2736.568,47.525,32.272,58.258,-25.986,2891.448,3031.135,2751.76
2023-09-19,2815.97,2828.25,2768.66,2800.5,1187000,2824.152,2893.016,2742.372,45.212,23.818,51.37,-27.551,2893.016,3027.527,2758.506
2023-09-20,2765.48,2786.86,2750.92,2781.4,1255000,2798.136,2890.538,2748.167,43.104,15.4,44.176,-28.776,2890.538,3031.534,2749.541
2023-09-21,2792.31,2806.87,2751.38,2757.75,976000,2794.316,2886.285,2753.279,40.581,6.743,36.689,-29.947,2886.285,3038.061,2734.509
2023-09-22,2717.72,2770.94,2715.9,2758.2,1002200,2783.764,2881.35,2757.937,40.652,-0.081,29.335,-29.416,2881.35,3043.231,2719.469
2023-09-25,2776.85,2835.98,2775.49,2831.43,929200,2785.856,2881.691,2764.168,50.95,0.415,23.551,-23.136,2881.691,3043.097,2720.285
2023-09-26,2826.88,2861.91,2811.87,2849.17,1069600,2795.59,2880.054,2769.281,53.074,2.214,19.284,-17.069,2880.054,3042.113,2717.994
2023-09-27,2813.69,2865.09,2810.96,2859.63,919800,2811.236,2877.279,2774.43,54.33,4.433,16.314,-11.881,2877.279,3038.71,2715.848
2023-09-28,2877.37,2894.66,2847.81,2879.19,813800,2835.524,2875.46,2779.679,56.666,7.681,14.587,-6.906,2875.46,3035.89,2715.029
2023-09-29,2879.19,2894.2,2852.35,2880.1,892400,2859.904,2871.752,2785.228,56.777,10.211,13.712,-3.501,2871.752,3027.887,2715.618
2023-10-02,2887.38,2893.29,2825.97,2828.25,793000,2859.268,2865.908,2790.577,49.08,7.941,12.558,-4.617,2865.908,3019.201,2712.615
2023-10-03,2822.79,2836.89,2791.86,2812.33,744600,2851.9,2858.335,2795.689,46.974,4.802,11.007,-6.205,2858.335,3006.134,2710.536
2023-10-04,2774.58,2813.69,2766.39,2783.67,720600,2836.708,2850.216,2800.52,43.367,0.001,8.806,-8.804,2850.216,2995.546,2704.886
2023-10-05,2793.68,2801.87,2744.1,2756.38,1126600,2812.146,2838.481,2805.232,40.202,-5.937,5.857,-11.794,2838.481,2973.453,2703.509
2023-10-06,2761.84,2771.39,2738.19,2742.74,989800,2784.674,2826.11,2808.716,38.682,-11.61,2.364,-13.973,2826.11,2947.182,2705.037
2023-10-10,2763.66,2810.96,2758.2,2796.41,960600,2778.306,2818.309,2811.927,47.148,-11.64,-0.437,-11.203,2818.309,2924.277,2712.341
2023-10-11,2784.13,2804.6,2730.0,2771.85,906800,2770.21,2810.463,2814.602,44.145,-13.491,-3.048,-10.443,2810.463,2904.568,2716.358
2023-10-12,2760.93,2768.21,2729.55,2752.74,1624000,2764.024,2802.526,2815.83,41.907,-16.312,-5.701,-10.611,2802.526,2887.046,2718.006
2023-10-13,2716.81,2730.46,2700.89,2710.9,1792000,2754.928,2799.228,2816.567,37.434,-21.674,-8.895,-12.778,2799.228,2892.644,2705.813
2023-10-16,2699.98,2709.08,2672.69,2683.15,1273400,2743.01,2792.838,2817.677,34.782,-27.841,-12.684,-15.157,2792.838,2899.432,2686.244
2023-10-17,2726.36,2779.12,2723.18,2732.73,1407800,2730.274,2788.426,2819.824,42.605,-28.401,-15.828,-12.573,2788.426,2897.395,2679.457
2023-10-18,2715.9,2727.73,2675.42,2712.26,699000,2718.356,2784.014,2820.351,40.448,-30.148,-18.692,-11.457,2784.014,2897.957,2670.071
2023-10-19,2704.53,2736.82,2691.79,2731.82,699600,2714.172,2781.535,2820.724,43.397,-29.614,-20.876,-8.738,2781.535,2897.85,2665.22
2023-10-20,2712.26,2725.45,2697.25,2707.26,517600,2713.444,2779.011,2820.715,40.674,-30.817,-22.864,-7.952,2779.011,2899.612,2658.409
2023-10-23,2707.26,2718.63,2675.42,2679.51,835000,2712.716,2775.076,2819.714,37.788,-33.622,-25.016,-8.606,2775.076,2903.421,2646.731
2023-10-24,2676.33,2678.6,2609.92,2658.59,1335200,2697.888,2766.434,2818.013,35.729,-37.105,-27.434,-9.671,2766.434,2901.882,2630.986
2023-10-25,2660.86,2682.7,2649.04,2659.95,1182800,2687.426,2756.973,2816.694,35.974,-39.303,-29.807,-9.495,2756.973,2894.506,2619.44
2023-10-26,2643.12,2661.77,2629.02,2645.4,941000,2670.142,2746.262,2814.292,34.465,-41.737,-32.193,-9.544,2746.262,2883.5,2609.023
2023-10-27,2648.58,2699.98,2647.22,2689.97,1081600,2666.684,2736.801,2812.5,42.429,-39.614,-33.677,-5.936,2736.801,2860.915,2612.686
2023-10-30,2661.32,2691.34,2661.32,2669.05,1478800,2664.592,2726.248,2810.171,39.973,-39.167,-34.775,-4.392,2726.248,2833.853,2618.643
2023-10-31,2686.33,2766.39,2676.78,2739.55,1304600,2680.784,2721.813,2809.817,50.392,-32.747,-34.37,1.623,2721.813,2818.472,2625.154
2023-11-01,2710.9,2713.63,2546.24,2650.4,3576400,2678.874,2713.716,2807.442,40.758,-34.456,-34.387,-0.069,2713.716,2805.453,2621.98
2023-11-02,2736.37,2761.84,2685.88,2696.8,1714400,2689.154,2709.373,2804.759,46.492,-31.7,-33.85,2.149,2709.373,2795.2,2623.546
2023-11-06,2729.09,2786.86,2710.9,2754.11,1100000,2701.982,2709.259,2802.985,52.595,-24.609,-32.001,7.393,2709.259,2794.83,2623.689
2023-11-07,2727.73,2740.46,2647.22,2654.95,1181800,2699.162,2704.87,2798.946,43.376,-26.682,-30.938,4.256,2704.87,2792.198,2617.542
2023-11-08,2671.78,2705.44,2659.5,2686.33,963800,2688.518,2699.366,2796.18,46.568,-25.499,-29.85,4.351,2699.366,2775.569,2623.163
2023-11-09,2692.7,2716.81,2672.23,2715.45,779800,2701.528,2696.546,2792.851,49.417,-21.959,-28.272,6.313,2696.546,2765.261,2627.831
2023-11-10,2699.07,2709.08,2660.86,2691.34,802600,2700.436,2693.476,2788.375,47.174,-20.858,-26.789,5.931,2693.476,2756.903,2630.049
2023-11-13,2713.17,2718.63,2672.69,2689.97,738200,2687.608,2692.429,2783.863,47.044,-19.868,-25.405,5.537,2692.429,2755.334,2629.525
2023-11-14,2692.7,2710.44,2653.59,2654.5,740000,2687.518,2690.997,2777.868,43.671,-21.695,-24.663,2.968,2690.997,2756.06,2625.934
2023-11-15,2688.15,2719.99,2674.96,2703.16,693200,2690.884,2689.518,2773.029,49.066,-18.997,-23.53,4.533,2689.518,2751.876,2627.161
2023-11-16,2666.78,2701.34,2647.22,2654.04,825200,2678.602,2686.608,2766.834,44.439,-20.585,-22.941,2.355,2686.608,2749.923,2623.292
2023-11-17,2673.14,2715.45,2664.96,2714.99,794400,2683.332,2685.766,2762.212,50.657,-16.733,-21.699,4.966,2685.766,2746.963,2624.569
2023-11-20,2728.64,2740.92,2702.71,2710.44,561200,2687.426,2685.925,2756.6,50.205,-13.887,-20.137,6.25,2685.925,2747.373,2624.477
2023-11-21,2709.53,2744.56,2703.16,2744.56,722800,2705.438,2689.178,2751.687,53.55,-8.777,-17.865,9.087,2689.178,2755.86,2622.495
2023-11-22,2751.83,2763.2,2727.73,2744.1,631600,2713.626,2693.453,2747.521,53.498,-4.711,-15.234,10.523,2693.453,2762.79,2624.116
2023-11-24,2738.64,2746.83,2704.07,2706.8,445400,2724.178,2695.796,2743.082,49.303,-4.446,-13.077,8.63,2695.796,2763.513,2628.078
2023-11-27,2705.44,2725.45,2697.25,2719.99,897200,2725.178,2699.525,2739.252,50.773,-3.136,-11.089,7.952,2699.525,2763.679,2635.371
2023-11-28,2728.64,2728.64,2684.06,2700.44,783400,2723.178,2700.048,2737.724,48.527,-3.634,-9.598,5.964,2700.048,2764.045,2636.052
2023-11-29,2700.43,2726.82,2694.07,2721.36,632800,2718.538,2702.664,2735.932,51.024,-2.313,-8.141,5.827,2702.664,2765.593,2639.735
2023-11-30,2714.99,2751.83,2691.34,2745.01,1643400,2718.72,2702.937,2734.412,53.754,0.634,-6.386,7.02,2702.937,2766.583,2639.291
2023-12-01,2745.01,2762.75,2726.82,2747.74,755000,2726.908,2707.804,2733.357,54.073,3.154,-4.478,7.632,2707.804,2769.388,2646.22
2023-12-04,2717.72,2762.29,2709.08,2762.29,566200,2735.368,2711.078,2732.975,55.818,6.253,-2.332,8.585,2711.078,2777.01,2645.147
2023-12-05,2763.2,2786.86,2732.73,2741.83,735400,2743.646,2710.464,2732.657,52.78,6.978,-0.47,7.447,2710.464,2774.921,2646.008
2023-12-06,2792.77,2828.25,2789.59,2815.06,1045000,2762.386,2718.47,2733.794,60.968,13.307,2.286,11.022,2718.47,2792.895,2644.045
2023-12-07,2793.22,2822.79,2784.58,2800.96,705200,2773.576,2724.202,2733.184,58.852,16.99,5.227,11.764,2724.202,2805.54,2642.863
2023-12-08,2755.47,2793.68,2747.74,2770.94,1191000,2778.216,2726.976,2731.62,54.514,17.287,7.639,9.649,2726.976,2810.805,2643.147
2023-12-11,2775.03,2800.05,2768.66,2793.22,981800,2784.402,2732.07,2730.292,57.045,19.1,9.931,9.169,2732.07,2819.102,2645.038
2023-12-12,2806.41,2813.24,2753.65,2767.75,983200,2789.586,2735.959,2728.063,53.388,18.272,11.599,6.672,2735.959,2822.015,2649.903
2023-12-13,2767.75,2779.12,2738.64,2765.48,781200,2779.67,2741.508,2725.77,53.061,17.233,12.726,4.507,2741.508,2819.37,2663.646
2023-12-14,2810.96,2828.7,2786.4,2798.68,878400,2779.214,2746.284,2725.179,57.185,18.871,13.955,4.916,2746.284,2825.94,2666.628
2023-12-15,2823.7,2855.54,2773.21,2783.22,1336400,2781.67,2752.743,2724.597,54.772,18.706,14.905,3.801,2752.743,2821.046,2684.44
2023-12-18,2755.47,2766.39,2706.35,2719.99,902600,2767.024,2752.993,2723.323,46.187,13.32,14.588,-1.268,2752.993,2820.748,2685.238
2023-12-19,2719.99,2730.45,2700.89,2712.72,1034800,2756.018,2753.107,2722.45,45.308,8.368,13.344,-4.976,2753.107,2820.568,2685.646
2023-12-20,2676.33,2735.0,2663.14,2709.53,887800,2744.828,2751.356,2721.786,44.904,4.139,11.503,-7.364,2751.356,2821.516,2681.195
2023-12-21,2683.61,2698.62,2662.68,2679.51,1126600,2720.994,2748.126,2719.448,41.183,-1.617,8.879,-10.496,2748.126,2825.289,2670.963
2023-12-22,2691.79,2710.44,2678.6,2694.52,691400,2703.254,2747.512,2717.901,43.695,-4.911,6.121,-11.032,2747.512,2826.239,2668.785
2023-12-25,2729.09,2745.92,2715.9,2725.0,518400,2704.256,2747.762,2717.346,48.506,-5.004,3.896,-8.9,2747.762,2826.152,2669.373
2023-12-26,2727.27,2735.0,2670.87,2673.14,918200,2696.34,2746.398,2716.591,41.94,-9.156,1.286,-10.442,2746.398,2829.089,2663.706
2023-12-27,2687.7,2719.08,2679.06,2705.44,957600,2695.522,2745.601,2717.037,46.773,-9.729,-0.917,-8.812,2745.601,2829.604,2661.599
2023-12-28,2694.73,2700.32,2663.55,2687.75,998600,2697.17,2742.739,2716.137,44.584,-11.478,-3.029,-8.449,2742.739,2830.639,2654.838
2023-12-29,2665.41,2705.44,2650.52,2705.44,1080400,2699.354,2740.623,2716.001,47.243,-11.306,-4.685,-6.621,2740.623,2830.04,2651.207
2024-01-04,2677.51,2736.16,2662.16,2736.16,751400,2701.586,2739.317,2716.088,51.586,-8.592,-5.466,-3.126,2739.317,2828.162,2650.472
2024-01-05,2713.35,2713.35,2638.88,2642.14,1272400,2695.386,2734.332,2714.785,40.575,-13.868,-7.147,-6.722,2734.332,2833.204,2635.461
2024-01-09,2657.5,2733.83,2650.05,2727.31,1446800,2699.76,2729.945,2715.741,50.817,-11.05,-7.927,-3.122,2729.945,2821.23,2638.66
2024-01-10,2764.08,2807.83,2757.1,2795.73,1179000,2721.356,2729.684,2718.484,57.198,-3.257,-6.993,3.736,2729.684,2820.138,2639.229
2024-01-11,2825.51,2871.59,2806.43,2861.35,1119800,2752.538,2734.204,2722.512,62.257,8.12,-3.971,12.09,2734.204,2840.915,2627.493
2024-01-12,2896.72,2902.31,2852.97,2884.16,913600,2782.138,2738.751,2727.287,63.856,18.76,0.575,18.185,2738.751,2862.449,2615.053
2024-01-15,2908.82,2912.55,2885.55,2888.81,141600,2831.472,2744.804,2731.264,64.189,27.254,5.911,21.343,2744.804,2885.198,2604.41
2024-01-16,2899.98,2901.84,2821.79,2832.03,727200,2852.416,2748.132,2734.524,57.251,29.068,10.543,18.526,2748.132,2893.649,2602.614
2024-01-17,2852.51,2873.92,2835.29,2850.65,889400,2863.4,2750.73,2736.746,58.823,31.644,14.763,16.881,2750.73,2901.799,2599.661
2024-01-18,2842.73,2854.37,2828.31,2852.97,669200,2861.724,2754.218,2740.797,59.025,33.487,18.508,14.979,2754.218,2911.536,2596.899
2024-01-19,2888.35,2907.43,2872.99,2901.84,1077400,2865.26,2763.31,2744.898,63.131,38.447,22.496,15.952,2763.31,2932.845,2593.775
2024-01-22,2911.15,2921.39,2867.87,2870.66,881600,2861.63,2771.207,2747.229,59.064,39.408,25.878,13.53,2771.207,2945.468,2596.946
2024-01-23,2888.81,2897.19,2843.2,2856.23,781400,2866.47,2778.542,2751.255,57.227,38.561,28.415,10.146,2778.542,2954.216,2602.868
2024-01-24,2843.67,2871.13,2836.22,2855.3,885600,2867.4,2787.332,2754.634,57.104,37.383,30.208,7.175,2787.332,2959.702,2614.961
2024-01-25,2827.84,2869.26,2785.95,2867.4,1233800,2870.286,2795.975,2757.673,58.361,37.0,31.567,5.433,2795.975,2966.073,2625.878
2024-01-26,2848.32,2866.94,2831.1,2854.84,609000,2860.886,2802.467,2760.943,56.51,35.276,32.309,2.968,2802.467,2971.064,2633.871
2024-01-29,2859.96,2863.21,2828.31,2838.55,627200,2854.464,2810.738,2763.915,54.113,32.224,32.292,-0.068,2810.738,2968.503,2652.973
2024-01-30,2846.92,2859.02,2831.1,2852.97,840000,2853.812,2818.114,2767.884,55.896,30.616,31.956,-1.341,2818.114,2968.786,2667.443
2024-01-31,2832.96,2904.63,2825.98,2901.38,1252400,2863.028,2828.796,2771.848,61.33,32.869,32.139,0.73,2828.796,2970.582,2687.01
2024-02-01,2867.87,2912.08,2820.86,2893.93,1323000,2868.334,2838.221,2776.646,60.103,33.665,32.444,1.221,2838.221,2970.201,2706.24
2024-02-02,2940.47,3060.55,2917.67,2973.05,2766400,2891.976,2850.065,2781.807,67.533,40.217,33.999,6.218,2850.065,2985.941,2714.189
2024-02-05,2978.64,2983.29,2867.4,2881.36,1525600,2900.538,2862.026,2785.226,54.797,37.577,34.714,2.863,2862.026,2956.707,2767.345
2024-02-06,2871.59,2883.69,2815.28,2815.28,1358200,2893.0,2866.424,2786.64,47.8,29.81,33.733,-3.924,2866.424,2940.737,2792.112
2024-02-07,2832.5,2857.16,2775.25,2784.56,1248800,2869.636,2865.866,2787.449,44.928,20.934,31.173,-10.24,2865.866,2942.546,2789.186
2024-02-08,2831.1,2889.28,2805.04,2844.13,1079200,2859.676,2865.005,2790.196,51.068,18.493,28.637,-10.144,2865.005,2942.283,2787.727
2024-02-09,2806.9,2852.97,2797.12,2813.41,880400,2827.748,2861.468,2792.064,48.09,13.919,25.694,-11.774,2861.468,2941.482,2781.453
2024-02-13,2823.19,2894.86,2806.43,2871.59,1210800,2825.794,2860.606,2795.487,53.607,14.819,23.519,-8.7,2860.606,2939.748,2781.465
2024-02-14,2895.33,2905.57,2825.98,2846.92,1183400,2832.122,2861.351,2797.999,51.126,13.386,21.492,-8.106,2861.351,2939.636,2783.066
2024-02-15,2860.89,2871.59,2775.25,2799.45,1248600,2835.1,2858.791,2799.087,46.651,8.325,18.859,-10.534,2858.791,2941.758,2775.824
2024-02-16,2829.24,2829.24,2762.68,2793.87,1071200,2825.048,2855.836,2800.01,46.14,3.819,15.851,-12.032,2855.836,2943.739,2767.933
2024-02-19,2886.95,2939.54,2838.08,2933.49,2087600,2849.064,2857.418,2803.434,58.418,11.384,14.957,-3.574,2857.418,2949.833,2765.004
2024-02-20,2967.93,3030.3,2961.41,3014.94,2501800,2877.734,2864.632,2808.896,63.627,23.678,16.701,6.976,2864.632,2980.857,2748.408
2024-02-21,3028.9,3037.74,2951.64,3016.8,1897400,2911.71,2872.661,2812.931,63.739,33.188,19.999,13.19,2872.661,3007.185,2738.137
2024-02-22,3034.48,3066.13,3012.14,3026.11,1764800,2957.042,2881.202,2817.434,64.329,41.004,24.2,16.804,2881.202,3031.811,2730.592
2024-02-26,3051.71,3082.89,3034.48,3043.33,1486000,3006.934,2889.998,2822.882,65.45,48.034,28.967,19.067,2889.998,3056.885,2723.111
2024-02-27,3060.08,3069.86,3028.43,3066.6,880600,3033.556,2900.586,2828.349,66.961,54.851,34.144,20.707,2900.586,3084.12,2717.052
2024-02-28,3030.3,3060.08,3008.89,3057.29,1050000,3042.026,2911.523,2834.14,65.723,58.824,39.08,19.744,2911.523,3105.277,2717.769
2024-02-29,3045.65,3067.99,3030.76,3062.41,1228200,3051.148,2921.995,2840.079,66.094,61.674,43.599,18.076,2921.995,3124.85,2719.14
2024-03-01,3062.41,3067.99,3035.88,3066.6,490800,3059.246,2930.256,2845.437,66.415,63.539,47.587,15.953,2930.256,3142.802,2717.71
2024-03-04,3067.99,3107.55,3065.2,3068.46,899400,3064.272,2938.982,2851.142,66.566,64.425,50.954,13.47,2938.982,3159.433,2718.532
2024-03-05,3068.92,3087.08,3049.38,3074.98,778800,3065.948,2944.079,2858.242,67.124,64.904,53.744,11.16,2944.079,3172.417,2715.741
2024-03-06,3067.06,3108.95,3053.57,3100.57,1212400,3074.604,2955.04,2865.999,69.293,66.582,56.312,10.27,2955.04,3191.598,2718.481
2024-03-07,3108.95,3129.43,3082.89,3086.61,900000,3079.444,2968.606,2873.54,66.708,66.024,58.254,7.77,2968.606,3202.523,2734.689
2024-03-08,3040.07,3071.72,3034.48,3043.33,874200,3074.79,2981.544,2880.817,59.32,61.382,58.88,2.502,2981.544,3200.763,2762.326
2024-03-11,3008.89,3038.21,2979.57,3017.26,767000,3064.55,2990.201,2887.272,55.344,54.965,58.097,-3.131,2990.201,3200.045,2780.357
2024-03-12,3011.21,3047.05,2968.86,3042.4,913400,3058.034,3001.65,2893.62,58.25,51.317,56.741,-5.423,3001.65,3195.238,2808.063
2024-03-13,3063.81,3068.92,3016.8,3023.78,928000,3042.676,3009.26,2900.632,55.375,46.389,54.671,-8.281,3009.26,3193.038,2825.482
2024-03-14,2992.6,3048.45,2991.2,3043.33,703400,3034.02,3019.08,2907.39,57.734,43.559,52.448,-8.889,3019.08,3186.605,2851.556
2024-03-15,3025.18,3051.24,3023.78,3047.05,950000,3034.764,3031.46,2914.576,58.187,41.142,50.187,-9.045,3031.46,3163.477,2899.444
2024-03-18,3045.65,3145.25,3045.65,3136.41,775800,3058.594,3048.588,2923.196,67.261,45.908,49.331,-3.423,3048.588,3130.001,2967.174
2024-03-19,3100.11,3151.77,3092.2,3138.74,817200,3077.862,3058.85,2931.247,67.459,49.305,49.326,-0.021,3058.85,3130.312,2987.388
2024-03-21,3199.24,3199.24,3141.53,3141.99,616600,3101.504,3065.203,2941.244,67.752,51.663,49.793,1.87,3065.203,3142.573,2987.832
2024-03-22,3141.99,3177.37,3136.88,3155.49,601200,3123.936,3072.137,2949.808,69.002,53.999,50.634,3.365,3072.137,3155.843,2988.431
2024-03-25,3136.88,3136.88,3064.27,3072.18,715600,3128.962,3074.44,2955.337,54.866,48.568,50.221,-1.653,3074.44,3155.3,2993.581
2024-03-26,3084.75,3104.76,3041.47,3058.69,1052000,3113.418,3075.208,2959.284,52.974,42.684,48.714,-6.03,3075.208,3155.11,2995.307
2024-03-27,3079.16,3105.23,3054.96,3066.6,696200,3098.99,3075.208,2962.932,53.976,38.218,46.614,-8.397,3075.208,3155.11,2995.307
2024-03-28,3025.18,3053.1,2957.23,2979.57,1074700,3066.506,3071.322,2964.748,43.092,27.341,42.76,-15.419,3071.322,3161.759,2980.886
2024-03-29,2984.22,3003.77,2940.47,2953.5,572300,3026.108,3065.877,2967.177,40.46,16.428,37.493,-21.066,3065.877,3170.566,2961.188
2024-04-01,2973.05,2973.98,2913.48,2930.23,895400,2997.718,3059.058,2968.769,38.216,5.834,31.161,-25.328,3059.058,3180.044,2938.073
2024-04-02,2906.96,2942.33,2880.9,2919.99,1180400,2969.978,3051.635,2970.109,37.238,-3.349,24.259,-27.609,3051.635,3187.497,2915.773
2024-04-03,2898.58,2926.51,2867.87,2906.03,1156400,2937.864,3043.188,2970.193,35.889,-11.62,17.084,-28.703,3043.188,3193.21,2893.165
2024-04-04,2957.23,2975.84,2933.02,2934.89,1093600,2928.928,3034.904,2971.477,40.674,-15.665,10.534,-26.198,3034.904,3189.802,2880.005
2024-04-05,2926.51,3000.97,2903.24,2933.02,1240100,2924.832,3027.224,2973.013,40.463,-18.804,4.666,-23.471,3027.224,3186.497,2867.951
2024-04-08,2946.06,2969.33,2928.37,2958.16,1026100,2930.418,3022.966,2975.07,44.618,-19.044,-0.076,-18.969,3022.966,3184.956,2860.975
2024-04-09,2957.23,2988.87,2941.4,2978.64,614400,2942.148,3021.034,2977.295,47.813,-17.382,-3.537,-13.845,3021.034,3184.228,2857.841
2024-04-10,3006.56,3016.8,2964.67,2970.26,648500,2954.994,3017.428,2979.604,46.628,-16.55,-6.14,-10.41,3017.428,3181.817,2853.038
2024-04-11,2937.68,2959.09,2931.16,2941.4,604200,2956.296,3013.308,2981.661,42.702,-18.011,-8.514,-9.497,3013.308,3181.12,2845.497
2024-04-12,2970.26,3014.01,2969.33,2993.53,795800,2968.398,3010.819,2984.472,50.766,-14.793,-9.77,-5.023,3010.819,3178.232,2843.405
2024-04-15,2951.64,2958.16,2928.37,2929.3,663600,2962.626,3004.931,2985.03,42.777,-17.226,-11.261,-5.965,3004.931,3175.237,2834.625
2024-04-16,2876.24,2951.64,2872.52,2921.85,1194200,2951.268,2994.203,2985.589,41.953,-19.531,-12.915,-6.616,2994.203,3156.478,2831.928
2024-04-17,2937.68,2964.67,2916.27,2924.65,1301200,2942.146,2983.498,2984.621,42.402,-20.89,-14.51,-6.38,2983.498,3133.402,2833.595
2024-04-18,2920.92,2951.64,2897.65,2909.75,1084100,2935.816,2971.886,2985.188,40.601,-22.906,-16.189,-6.717,2971.886,3105.154,2838.619
2024-04-19,2900.45,2919.99,2849.25,2888.35,1596900,2914.78,2958.53,2986.65,38.097,-25.931,-18.138,-7.794,2958.53,3065.212,2851.847
2024-04-22,2905.1,2950.71,2905.1,2933.96,1391700,2915.712,2951.618,2989.638,45.772,-24.368,-19.384,-4.984,2951.618,3044.289,2858.948
2024-04-23,2934.89,2943.26,2884.62,2924.65,1329600,2916.272,2944.917,2991.248,44.558,-23.608,-20.228,-3.379,2944.917,3023.264,2866.569
2024-04-24,2947.92,2957.23,2927.44,2927.44,1410300,2916.83,2937.958,2993.529,45.028,-22.521,-20.687,-1.834,2937.958,2991.639,2884.278
2024-04-25,2885.55,2933.02,2877.18,2885.55,1382000,2911.99,2933.258,2993.808,39.593,-24.754,-21.5,-3.254,2933.258,2988.05,2878.465
2024-04-26,2884.62,2910.69,2835.29,2890.21,1152800,2912.362,2930.093,2994.674,40.454,-25.85,-22.37,-3.48,2930.093,2987.224,2872.962
2024-04-30,2968.4,2973.05,2900.45,2930.23,1696100,2911.616,2930.093,2997.289,47.39,-23.221,-22.54,-0.681,2930.093,2987.224,2872.962
2024-05-01,2784.09,2792.47,2671.46,2721.26,3245100,2870.938,2920.156,2995.837,28.635,-37.567,-25.546,-12.022,2920.156,3029.738,2810.575
2024-05-02,2750.58,2780.84,2698.46,2760.36,1854500,2837.522,2912.873,2992.375,33.906,-45.26,-29.489,-15.771,2912.873,3043.71,2782.036
2024-05-07,2760.82,2812.95,2748.72,2812.95,1254700,2823.002,2906.776,2988.335,40.293,-46.576,-32.906,-13.67,2906.776,3044.478,2769.074
2024-05-08,2812.95,2827.84,2768.73,2768.73,1309500,2798.706,2898.562,2983.373,37.051,-50.604,-36.446,-14.158,2898.562,3048.71,2748.413
2024-05-09,2769.2,2824.12,2747.79,2789.21,862200,2770.502,2890.114,2978.635,39.48,-51.549,-39.466,-12.083,2890.114,3045.078,2735.15
2024-05-10,2789.21,2827.84,2782.7,2786.89,872000,2783.628,2880.526,2973.507,39.295,-51.887,-41.95,-9.937,2880.526,3036.155,2724.898
2024-05-13,2758.5,2765.94,2740.81,2751.98,890400,2781.952,2869.612,2967.214,36.522,-54.346,-44.429,-9.916,2869.612,3029.307,2709.918
2024-05-14,2732.9,2753.38,2723.12,2738.02,1341400,2766.966,2859.444,2960.829,35.445,-56.766,-46.897,-9.869,2859.444,3025.659,2693.228
2024-05-15,2738.48,2763.15,2696.13,2703.58,1216900,2753.936,2844.946,2953.652,32.869,-60.763,-49.67,-11.093,2844.946,3012.493,2677.399
2024-05-16,2703.11,2708.7,2684.96,2704.51,821600,2736.996,2833.706,2946.41,33.011,-63.128,-52.362,-10.766,2833.706,3007.471,2659.942
2024-05-17,2682.63,2726.85,2682.17,2706.83,1208400,2720.984,2822.956,2939.178,33.388,-64.076,-54.704,-9.371,2822.956,3000.327,2645.584
2024-05-20,2708.23,2731.04,2697.53,2713.82,807000,2713.352,2812.414,2931.955,34.584,-63.531,-56.47,-7.061,2812.414,2989.397,2635.431
2024-05-21,2727.31,2742.67,2713.82,2715.68,794700,2708.884,2802.71,2924.257,34.918,-62.232,-57.622,-4.61,2802.71,2978.5,2626.921
2024-05-22,2699.39,2745.46,2691.01,2723.12,787400,2712.792,2794.449,2916.987,36.322,-59.911,-58.08,-1.831,2794.449,2968.817,2620.081
2024-05-23,2723.59,2754.31,2718.0,2738.48,719400,2719.586,2784.675,2910.89,39.236,-56.185,-57.701,1.516,2784.675,2947.659,2621.691
2024-05-24,2714.28,2764.08,2708.7,2741.74,1094100,2726.568,2775.529,2905.38,39.865,-52.365,-56.634,4.269,2775.529,2925.446,2625.613
2024-05-27,2726.85,2774.32,2726.85,2771.99,899000,2738.202,2767.757,2899.971,45.502,-46.363,-54.58,8.217,2767.757,2899.533,2635.981
2024-05-28,2771.53,2799.92,2759.43,2759.43,1221800,2746.952,2761.451,2894.684,43.671,-42.133,-52.09,9.957,2761.451,2880.996,2641.906
2024-05-29,2745.93,2764.55,2699.39,2700.32,961500,2742.392,2751.956,2887.824,36.275,-43.055,-50.283,7.228,2751.956,2857.824,2646.089
2024-05-30,2693.8,2738.48,2692.41,2733.83,878700,2741.462,2742.136,2881.56,42.247,-40.613,-48.349,7.736,2742.136,2806.791,2677.482
2024-05-31,2734.76,2807.36,2734.76,2774.79,2976200,2748.072,2744.813,2874.327,48.588,-34.97,-45.673,10.703,2744.813,2810.256,2679.37
2024-06-03,2792.47,2814.81,2786.89,2788.28,829600,2751.33,2746.209,2867.318,50.516,-29.074,-42.353,13.28,2746.209,2814.19,2678.228
2024-06-04,2759.89,2776.18,2732.9,2745.0,1392800,2748.444,2742.812,2859.378,44.723,-27.576,-39.398,11.822,2742.812,2803.106,2682.517
2024-06-05,2745.0,2764.55,2677.05,2678.91,1143400,2744.162,2738.321,2849.847,37.628,-31.36,-37.79,6.431,2738.321,2803.656,2672.985
2024-06-06,2658.9,2677.98,2647.26,2666.34,1277000,2730.664,2732.177,2841.73,36.443,-34.97,-37.226,2.256,2732.177,2800.407,2663.947
2024-06-07,2689.15,2689.15,2648.19,2664.95,653800,2708.696,2726.08,2833.855,36.307,-37.511,-37.283,-0.228,2726.08,2795.507,2656.653
2024-06-10,2657.5,2711.02,2656.57,2702.18,776100,2691.476,2723.59,2826.567,42.501,-36.104,-37.047,0.943,2723.59,2792.677,2654.503
2024-06-11,2709.63,2731.5,2699.39,2706.83,578000,2683.842,2722.03,2821.112,43.243,-34.219,-36.482,2.262,2722.03,2791.154,2652.907
2024-06-12,2721.26,2752.45,2721.26,2724.05,1036400,2692.87,2723.054,2816.523,46.022,-30.979,-35.381,4.402,2723.054,2791.631,2654.477
2024-06-13,2740.34,2753.84,2719.87,2721.73,766600,2703.948,2723.915,2812.353,45.697,-28.273,-33.96,5.687,2723.915,2791.942,2655.888
2024-06-14,2675.19,2713.35,2669.6,2701.25,984200,2711.208,2723.636,2807.978,42.825,-27.464,-32.66,5.197,2723.636,2792.003,2655.269
2024-06-17,2689.15,2690.08,2668.67,2685.89,657700,2707.95,2722.24,2803.575,40.756,-27.742,-31.677,3.934,2722.24,2792.564,2651.915
2024-06-18,2685.89,2715.68,2679.84,2714.28,685600,2709.44,2722.17,2799.163,45.953,-25.38,-30.417,5.038,2722.17,2792.524,2651.815
2024-06-19,2707.3,2707.3,2682.17,2699.39,624300,2704.508,2720.983,2794.491,43.784,-24.427,-29.219,4.792,2720.983,2792.067,2649.899
2024-06-20,2693.34,2712.42,2683.56,2707.3,450400,2701.622,2719.424,2789.473,45.262,-22.771,-27.93,5.158,2719.424,2790.259,2648.589
2024-06-21,2707.3,2771.06,2707.3,2745.0,1180000,2710.372,2719.587,2784.801,51.772,-18.207,-25.985,7.778,2719.587,2790.653,2648.521
2024-06-24,2751.51,2796.19,2745.93,2789.68,716600,2731.13,2720.472,2781.189,58.128,-10.86,-22.96,12.1,2720.472,2794.656,2646.287
2024-06-25,2783.63,2844.6,2778.04,2828.77,1126100,2754.028,2723.938,2778.936,62.753,-1.861,-18.74,16.879,2723.938,2811.13,2636.747
2024-06-26,2883.69,2895.79,2852.04,2876.24,1521700,2789.398,2732.734,2776.591,67.454,8.997,-13.193,22.19,2732.734,2842.473,2622.996
2024-06-27,2862.28,2897.65,2852.97,2896.72,962400,2827.282,2740.879,2775.939,69.257,19.035,-6.747,25.783,2740.879,2872.88,2608.878
2024-06-28,2917.2,2932.09,2865.07,2877.18,940100,2853.718,2745.998,2775.046,65.527,25.125,-0.373,25.497,2745.998,2890.853,2601.144
2024-07-01,2896.72,2918.13,2867.87,2893.93,874200,2874.568,2751.281,2774.431,67.16,30.945,5.891,25.054,2751.281,2909.699,2592.863
2024-07-02,2896.72,2936.75,2885.55,2933.96,622300,2895.606,2760.729,2774.915,70.728,38.346,12.382,25.964,2760.729,2938.88,2582.578
2024-07-03,2919.06,2981.43,2916.27,2968.4,833300,2914.038,2775.204,2776.516,73.405,46.455,19.196,27.258,2775.204,2971.483,2578.924
2024-07-04,2987.01,3011.21,2981.43,2994.46,768800,2933.586,2791.61,2777.726,75.249,54.357,26.229,28.129,2791.61,3003.784,2579.435
2024-07-05,2993.53,3021.45,2987.01,2998.18,753400,2957.786,2808.271,2779.197,75.51,60.226,33.028,27.198,2808.271,3030.656,2585.886
2024-07-08,3025.18,3039.14,2992.6,3023.31,1194500,2983.662,2824.328,2781.114,77.256,66.142,39.651,26.491,2824.328,3060.411,2588.244
2024-07-09,3038.21,3041.0,3008.42,3040.07,811500,3004.884,2840.99,2784.205,78.364,71.361,45.993,25.368,2840.99,3088.898,2593.081
2024-07-10,3018.66,3023.31,2996.32,3023.31,773000,3015.866,2855.952,2786.867,74.459,73.299,51.454,21.845,2855.952,3110.187,2601.718
2024-07-11,3045.65,3056.82,3011.21,3045.65,789900,3026.104,2872.148,2789.175,76.164,75.765,56.316,19.448,2872.148,3131.597,2612.7
2024-07-12,3048.45,3097.78,3023.31,3096.85,1049800,3045.838,2891.928,2796.687,79.536,80.917,61.236,19.681,2891.928,3156.782,2627.075
2024-07-16,3097.78,3111.74,3081.03,3092.2,1012300,3059.616,2912.244,2803.324,78.45,83.661,65.721,17.94,2912.244,3172.851,2651.637
2024-07-17,3091.26,3099.64,3067.99,3096.85,637900,3070.972,2931.372,2809.002,78.762,85.228,69.623,15.606,2931.372,3186.911,2675.834
2024-07-18,3097.78,3115.47,3076.37,3079.16,749600,3082.142,2950.361,2815.21,74.35,84.074,72.513,11.561,2950.361,3189.213,2711.509
2024-07-19,3092.2,3106.16,3061.48,3077.3,514900,3088.472,2968.861,2820.972,73.882,82.063,74.423,7.64,2968.861,3184.647,2753.075
2024-07-22,3099.64,3119.19,3062.41,3094.99,795600,3088.1,2986.36,2827.134,75.466,80.963,75.731,5.232,2986.36,3181.484,2791.237
2024-07-23,3103.37,3131.29,3062.41,3076.37,1207900,3084.934,3000.695,2833.622,70.612,77.694,76.123,1.57,3000.695,3176.108,2825.282
2024-07-24,3029.83,3072.65,3012.14,3028.9,832200,3071.344,3010.702,2839.44,60.014,70.46,74.991,-4.531,3010.702,3166.563,2854.84
2024-07-25,2997.25,3030.76,2990.74,3028.9,760000,3061.292,3018.334,2845.946,60.014,63.989,72.79,-8.801,3018.334,3160.851,2875.818
2024-07-26,3035.42,3049.38,3011.21,3011.21,867500,3048.074,3024.059,2852.08,56.358,56.78,69.588,-12.809,3024.059,3154.711,2893.407
2024-07-29,3041.0,3055.89,3007.49,3040.07,823800,3037.09,3032.204,2858.745,60.577,52.786,66.228,-13.442,3032.204,3143.122,2921.285
2024-07-30,3014.94,3051.24,2989.8,3043.79,3538900,3030.574,3039.696,2865.344,61.099,49.352,62.853,-13.5,3039.696,3129.528,2949.865
2024-07-31,3044.72,3100.57,3025.18,3100.57,907300,3044.908,3048.027,2873.042,68.053,50.629,60.408,-9.779,3048.027,3126.792,2969.262
2024-08-01,3067.99,3091.26,3003.77,3026.11,1297100,3044.35,3050.912,2879.102,54.336,45.113,57.349,-12.236,3050.912,3121.163,2980.662
2024-08-02,3091.26,3122.91,2947.92,2954.43,1814300,3032.994,3048.911,2883.421,44.944,34.559,52.791,-18.232,3048.911,3127.696,2970.126
2024-08-05,2889.28,3022.38,2804.57,2824.12,2134800,2989.804,3040.208,2885.068,33.581,15.501,45.333,-29.832,3040.208,3166.638,2913.778
2024-08-06,2879.97,3033.55,2839.01,3009.35,1513200,2982.916,3039.51,2889.816,52.114,15.169,39.3,-24.131,3039.51,3166.485,2912.535
2024-08-07,2957.23,3108.95,2950.71,3005.63,1538500,2963.928,3037.788,2894.74,51.802,14.439,34.328,-19.889,3037.788,3165.662,2909.914
2024-08-08,2984.22,3079.16,2958.16,3038.21,1460200,2966.348,3038.533,2901.497,54.383,16.302,30.723,-14.421,3038.533,3166.226,2910.84
2024-08-09,3043.79,3080.1,3009.35,3080.1,1008100,2991.482,3040.256,2908.423,57.532,20.917,28.762,-7.844,3040.256,3169.275,2911.236
2024-08-13,3067.99,3142.46,3047.52,3142.46,996600,3055.15,3042.536,2915.776,61.763,29.27,28.863,0.406,3042.536,3177.254,2907.818
2024-08-14,3141.53,3141.53,3088.47,3104.3,1106100,3074.14,3043.141,2922.097,57.958,32.436,29.578,2.858,3043.141,3178.903,2907.379
2024-08-15,3128.5,3151.77,3085.68,3127.57,700100,3098.528,3044.677,2929.748,59.593,36.403,30.943,5.46,3044.677,3183.654,2905.7
2024-08-16,3149.91,3164.8,3106.16,3159.21,1078800,3122.728,3048.68,2939.354,61.77,41.62,33.078,8.542,3048.68,3196.187,2901.172
2024-08-19,3136.88,3151.77,3113.6,3128.5,692600,3132.408,3051.24,2948.597,58.477,42.784,35.019,7.764,3051.24,3202.566,2899.913
2024-08-20,3134.08,3219.72,3129.43,3219.72,792300,3147.86,3057.476,2959.693,64.527,50.485,38.113,12.372,3057.476,3225.729,2889.223
2024-08-21,3202.03,3229.96,3178.76,3196.45,1018400,3166.29,3063.48,2969.578,62.043,54.087,41.307,12.779,3063.48,3242.779,2884.181
2024-08-22,3197.38,3221.58,3169.45,3195.52,895800,3179.88,3071.811,2979.352,61.941,56.218,44.289,11.929,3071.811,3259.626,2883.996
2024-08-23,3177.83,3183.42,3140.6,3175.97,1072600,3183.232,3079.164,2988.39,59.705,55.688,46.569,9.119,3079.164,3271.371,2886.958
2024-08-26,3147.11,3219.72,3133.15,3216.0,822700,3200.732,3089.404,2998.276,62.675,57.831,48.821,9.009,3089.404,3288.078,2890.73
2024-08-27,3215.06,3247.64,3196.45,3224.37,766200,3201.662,3098.619,3008.738,63.285,59.519,50.961,8.558,3098.619,3304.62,2892.618
2024-08-28,3223.44,3237.4,3203.89,3233.68,623700,3209.108,3108.114,3019.694,63.989,60.905,52.95,7.956,3108.114,3320.868,2895.359
2024-08-29,3238.34,3252.3,3206.69,3232.75,630500,3216.554,3114.722,3030.063,63.857,61.224,54.605,6.619,3114.722,3334.583,2894.862
2024-08-30,3233.68,3255.09,3216.0,3226.23,1536600,3226.606,3124.728,3040.6,62.88,60.255,55.735,4.52,3124.728,3345.821,2903.636
2024-09-02,3235.54,3246.71,3185.28,3200.17,465800,3223.44,3137.016,3050.457,58.992,56.731,55.934,0.797,3137.016,3345.195,2928.836
2024-09-03,3197.38,3244.85,3196.45,3235.54,624000,3225.674,3157.587,3060.268,62.391,56.145,55.976,0.169,3157.587,3309.209,3005.964
2024-09-04,3164.8,3259.74,3163.87,3256.02,1114000,3230.142,3169.92,3069.595,64.239,56.679,56.117,0.563,3169.92,3310.499,3029.341
2024-09-05,3270.91,3334.21,3245.78,3245.78,1074400,3232.748,3181.928,3077.935,62.583,55.635,56.02,-0.385,3181.928,3303.108,3060.747
2024-09-06,3245.78,3282.08,3229.96,3238.33,760400,3235.168,3191.934,3085.177,61.344,53.589,55.534,-1.945,3191.934,3294.814,3089.053
2024-09-09,3173.18,3289.53,3167.59,3281.15,1104700,3251.364,3201.986,3092.866,65.564,54.791,55.385,-0.594,3201.986,3297.912,3106.06
2024-09-10,3282.08,3341.66,3267.19,3312.8,773900,3266.816,3210.503,3101.578,68.317,57.633,55.835,1.798,3210.503,3314.115,3106.891
2024-09-11,3257.88,3276.5,3186.21,3225.3,1078900,3260.672,3216.553,3108.205,55.182,52.223,55.113,-2.89,3216.553,3307.399,3125.707
2024-09-12,3257.88,3296.05,3243.92,3293.25,942600,3270.166,3224.837,3115.391,61.39,52.81,54.652,-1.842,3224.837,3311.644,3138.03
2024-09-13,3270.91,3279.29,3211.34,3236.47,823300,3269.794,3228.7,3120.753,54.586,48.138,53.349,-5.211,3228.7,3309.906,3147.494
2024-09-17,3257.88,3296.98,3242.99,3296.98,836600,3272.96,3237.124,3126.803,59.711,48.756,52.431,-3.674,3237.124,3308.981,3165.267
2024-09-18,3237.4,3312.8,3235.54,3274.64,866800,3265.328,3239.87,3132.332,57.147,46.903,51.325,-4.422,3239.87,3313.111,3166.629
2024-09-19,3270.91,3291.39,3225.3,3246.71,716100,3269.61,3242.383,3136.8,54.023,42.689,49.598,-6.909,3242.383,3312.743,3172.023
2024-09-20,3262.54,3278.36,3222.51,3255.09,1418500,3261.978,3245.362,3141.101,54.821,39.569,47.592,-8.023,3245.362,3312.331,3178.392
2024-09-24,3271.84,3311.87,3253.23,3288.6,661400,3272.404,3250.993,3146.406,57.963,39.346,45.943,-6.596,3250.993,3312.077,3189.909
2024-09-25,3283.95,3293.25,3233.68,3248.57,818700,3262.722,3252.622,3150.465,53.204,35.531,43.86,-8.33,3252.622,3311.473,3193.77
2024-09-26,3250.44,3343.52,3245.78,3343.52,1169600,3276.498,3258.579,3155.398,61.317,39.711,43.03,-3.32,3258.579,3328.475,3188.683
2024-09-27,3351.9,3370.51,3309.08,3342.59,880100,3295.674,3264.024,3160.406,61.205,42.459,42.916,-0.457,3264.024,3342.229,3185.82
2024-09-30,3277.43,3315.59,3273.71,3298.84,885200,3304.424,3267.329,3164.446,56.024,40.638,42.46,-1.823,3267.329,3345.555,3189.103
2024-10-01,3282.08,3296.98,3230.89,3269.05,681900,3300.514,3269.47,3168.244,52.75,36.372,41.243,-4.871,3269.47,3345.266,3193.674
2024-10-02,3266.26,3268.12,3204.83,3215.06,708000,3293.812,3270.214,3170.999,47.348,28.308,38.656,-10.348,3270.214,3343.391,3197.038
2024-10-03,3259.74,3267.19,3211.34,3247.64,689600,3274.636,3270.82,3174.052,50.633,24.267,35.778,-11.511,3270.82,3342.982,3198.657
2024-10-04,3246.71,3282.08,3242.99,3263.47,604800,3258.812,3271.192,3177.794,52.194,22.087,33.04,-10.953,3271.192,3343.11,3199.274
2024-10-07,3274.64,3285.81,3255.09,3256.02,527400,3250.248,3271.704,3182.336,51.371,19.533,30.338,-10.806,3271.704,3343.003,3200.405
2024-10-08,3223.44,3263.47,3215.06,3253.23,642700,3247.084,3272.449,3186.823,51.046,17.086,27.688,-10.602,3272.449,3342.582,3202.316
2024-10-09,3282.08,3299.77,3255.09,3289.53,594900,3261.978,3272.868,3192.389,55.029,17.871,25.724,-7.854,3272.868,3343.319,3202.417
2024-10-10,3288.6,3307.22,3278.36,3291.39,512900,3270.728,3271.797,3197.416,55.23,18.43,24.266,-5.835,3271.797,3340.318,3203.277
2024-10-11,3250.44,3284.88,3248.57,3261.61,535900,3270.356,3273.613,3201.772,51.278,16.283,22.669,-6.386,3273.613,3338.789,3208.437
2024-10-15,3260.67,3295.12,3250.44,3271.84,753000,3273.52,3272.542,3205.197,52.535,15.231,21.181,-5.951,3272.542,3337.06,3208.025
2024-10-16,3250.44,3286.74,3232.75,3232.75,1009800,3269.424,3272.356,3209.33,47.495,11.115,19.168,-8.053,3272.356,3337.332,3207.381
2024-10-17,3231.82,3247.64,3192.72,3213.2,680000,3254.158,3268.168,3214.506,45.162,6.204,16.575,-10.371,3268.168,3337.138,3199.197
2024-10-18,3207.62,3240.2,3197.38,3207.62,463000,3237.404,3264.816,3222.176,44.49,1.84,13.628,-11.788,3264.816,3338.794,3190.839
2024-10-21,3210.41,3210.41,3179.69,3197.38,449200,3224.558,3262.35,3225.936,43.22,-2.416,10.419,-12.836,3262.35,3341.946,3182.754
2024-10-22,3183.42,3190.86,3137.81,3147.11,612400,3199.612,3256.951,3228.766,37.55,-9.734,6.389,-16.122,3256.951,3351.806,3162.096
2024-10-23,3165.73,3174.11,3121.98,3148.98,567000,3182.858,3249.97,3230.981,37.876,-15.207,2.07,-17.276,3249.97,3355.021,3144.919
2024-10-24,3111.74,3159.22,3111.74,3146.18,536200,3169.454,3244.85,3232.303,37.56,-19.545,-2.253,-17.291,3244.85,3359.71,3129.991
2024-10-25,3146.18,3150.84,3107.09,3122.91,417800,3152.512,3233.82,3231.912,34.945,-24.577,-6.718,-17.859,3233.82,3351.128,3116.512
2024-10-28,3123.84,3158.28,3112.67,3138.74,523800,3140.784,3223.628,3232.601,38.102,-26.977,-10.77,-16.207,3223.628,3336.483,3110.772
2024-10-29,3136.88,3162.94,3114.54,3154.56,415100,3142.274,3216.413,3233.14,41.174,-27.288,-14.073,-13.214,3216.413,3327.456,3105.371
2024-10-30,3182.49,3211.34,3154.56,3186.21,1203400,3149.72,3212.272,3233.68,46.856,-24.695,-16.198,-8.498,3212.272,3321.208,3103.335
2024-10-31,3169.45,3211.34,3154.56,3198.31,1049700,3160.146,3211.434,3235.077,48.889,-21.418,-17.242,-4.176,3211.434,3320.537,3102.331
2024-11-01,3295.12,3345.38,3267.19,3287.67,1730000,3193.098,3213.436,3236.436,60.81,-11.477,-16.089,4.612,3213.436,3326.724,3100.147
2024-11-05,3270.91,3308.15,3235.54,3270.91,909000,3219.532,3213.808,3237.925,58.074,-4.895,-13.85,8.955,3213.808,3327.834,3099.781
2024-11-06,3258.81,3309.08,3250.44,3256.02,889100,3239.824,3213.808,3239.135,55.678,-0.87,-11.254,10.384,3213.808,3327.834,3099.781
2024-11-07,3267.19,3326.76,3262.54,3319.32,928500,3266.446,3217.112,3242.002,62.721,7.342,-7.535,14.877,3217.112,3339.475,3094.749
2024-11-08,3346.31,3423.57,3337.93,3420.78,715300,3310.94,3223.674,3246.097,70.746,21.787,-1.671,23.457,3223.674,3373.408,3073.941
2024-11-11,3412.4,3447.77,3388.2,3390.99,616800,3331.604,3228.654,3249.43,66.238,30.479,4.759,25.72,3228.654,3393.711,3063.598
2024-11-12,3420.78,3481.28,3413.33,3444.98,734900,3366.418,3237.823,3253.656,69.972,41.249,12.057,29.192,3237.823,3428.907,3046.739
2024-11-13,3462.66,3482.21,3400.3,3410.54,653700,3397.322,3244.758,3257.212,65.03,46.469,18.94,27.53,3244.758,3450.543,3038.973
2024-11-14,3393.78,3446.84,3378.89,3429.15,630800,3419.288,3254.578,3261.27,66.411,51.514,25.455,26.06,3254.578,3476.093,3033.063
2024-11-15,3446.84,3451.49,3414.26,3414.26,677300,3417.984,3264.631,3265.552,64.226,53.692,31.102,22.59,3264.631,3496.258,3033.004
2024-11-18,3421.71,3458.94,3404.95,3404.95,646100,3420.776,3274.498,3268.94,62.834,54.044,35.69,18.353,3274.498,3512.619,3036.376
2024-11-19,3431.02,3468.25,3413.33,3451.49,831400,3422.078,3287.203,3272.849,66.717,57.416,40.036,17.38,3287.203,3534.923,3039.483
2024-11-20,3421.71,3427.29,3324.9,3379.82,1045400,3415.934,3298.839,3275.53,56.865,53.687,42.766,10.921,3298.839,3540.643,3057.034
2024-11-21,3383.54,3412.4,3364.93,3369.58,649700,3404.02,3309.868,3278.155,55.601,49.336,44.08,5.256,3309.868,3542.855,3076.882
2024-11-22,3390.99,3466.39,3384.47,3448.7,852900,3410.908,3324.994,3281.506,62.529,51.677,45.599,6.077,3324.994,3552.45,3097.539
2024-11-25,3494.31,3526.89,3397.51,3397.51,2277200,3409.42,3338.724,3283.2,56.397,48.838,46.247,2.591,3338.724,3547.176,3130.273
2024-11-26,3397.51,3451.49,3364.93,3441.25,793100,3407.372,3353.85,3287.519,60.006,49.547,46.907,2.64,3353.85,3544.328,3163.372
2024-11-27,3449.63,3497.1,3432.88,3457.08,744100,3422.824,3368.976,3290.796,61.256,50.8,47.686,3.115,3368.976,3539.858,3198.094
2024-11-28,3441.25,3486.86,3434.74,3477.56,414700,3444.42,3383.544,3295.618,62.872,52.837,48.716,4.121,3383.544,3537.677,3229.41
2024-11-29,3467.32,3490.59,3432.88,3473.83,505700,3449.446,3397.32,3299.155,62.362,53.533,49.679,3.854,3397.32,3529.421,3265.218
2024-12-02,3509.2,3512.0,3471.97,3502.69,480200,3470.482,3408.071,3303.716,64.746,55.771,50.898,4.873,3408.071,3537.571,3278.57
2024-12-03,3491.52,3511.07,3477.56,3477.56,725400,3477.744,3418.403,3308.333,61.116,54.884,51.695,3.189,3418.403,3534.061,3302.745
2024-12-04,3487.8,3497.1,3428.22,3435.67,808000,3473.462,3427.386,3311.944,55.527,50.221,51.4,-1.179,3427.386,3514.268,3340.503
2024-12-05,3441.25,3466.39,3419.85,3466.39,597000,3471.228,3434.739,3315.5,58.522,48.447,50.81,-2.363,3434.739,3506.729,3362.749
2024-12-06,3466.39,3479.42,3423.57,3448.7,398200,3466.202,3436.135,3319.503,56.176,45.094,49.666,-4.573,3436.135,3508.069,3364.201
2024-12-09,3462.66,3486.86,3443.12,3464.53,656600,3458.57,3439.812,3321.923,57.806,43.215,48.376,-5.161,3439.812,3509.513,3370.111
2024-12-10,3473.83,3485.93,3372.37,3419.85,883000,3447.028,3438.556,3323.468,51.933,37.687,46.238,-8.552,3438.556,3508.768,3368.343
2024-12-11,3432.88,3456.15,3404.02,3454.29,805600,3450.752,3440.743,3326.577,55.672,35.673,44.125,-8.452,3440.743,3510.0,3371.486
2024-12-12,3487.8,3499.9,3446.84,3457.08,721900,3448.89,3442.14,3330.338,55.97,33.912,42.082,-8.171,3442.14,3511.539,3372.74
2024-12-13,3405.88,3452.42,3398.44,3452.42,919700,3449.634,3444.047,3335.085,55.3,31.773,40.021,-8.247,3444.047,3512.308,3375.787
2024-12-16,3448.7,3455.22,3417.98,3429.15,373000,3442.558,3445.257,3338.715,51.954,27.88,37.592,-9.713,3445.257,3511.426,3379.089
2024-12-17,3432.88,3462.66,3401.23,3410.54,591400,3440.696,3443.21,3341.657,49.38,23.027,34.679,-11.653,3443.21,3511.079,3375.341
2024-12-18,3397.51,3417.05,3379.82,3397.51,511500,3429.34,3444.094,3344.486,47.602,17.923,31.328,-13.405,3444.094,3508.876,3379.313
2024-12-19,3362.13,3426.36,3362.13,3405.88,490000,3419.1,3445.91,3347.539,48.875,14.387,27.94,-13.552,3445.91,3503.54,3388.279
2024-12-20,3405.88,3410.54,3352.83,3352.83,2163300,3399.182,3441.116,3348.805,41.921,7.222,23.796,-16.575,3441.116,3512.157,3370.075
2024-12-23,3361.2,3392.85,3361.2,3379.82,522000,3389.316,3440.232,3350.574,46.121,3.678,19.773,-16.094,3440.232,3513.949,3366.514
2024-12-24,3369.58,3390.06,3345.38,3365.86,462600,3380.38,3436.462,3352.659,44.335,-0.254,15.767,-16.021,3436.462,3517.324,3355.6
2024-12-25,3350.96,3359.34,3332.35,3358.41,688700,3372.56,3431.528,3354.39,43.37,-3.925,11.829,-15.754,3431.528,3518.874,3344.183
2024-12-26,3356.55,3399.37,3354.69,3384.47,674000,3368.278,3426.874,3357.425,47.662,-4.679,8.527,-13.206,3426.874,3513.811,3339.937
2024-12-27,3407.32,3462.52,3407.32,3453.0,492000,3388.312,3425.832,3362.221,56.911,0.251,6.872,-6.621,3425.832,3510.88,3340.785
2024-12-30,3463.47,3464.42,3418.74,3434.92,520000,3399.332,3422.444,3366.767,54.191,2.669,6.031,-3.363,3422.444,3499.635,3345.253
2025-01-06,3453.0,3453.0,3357.82,3364.49,759100,3399.058,3416.79,3370.109,45.138,-1.086,4.608,-5.694,3416.79,3493.546,3340.035
2025-01-07,3363.54,3386.38,3351.16,3367.34,634200,3400.844,3413.374,3374.514,45.534,-3.788,2.929,-6.717,3413.374,3492.634,3334.114
2025-01-08,3333.08,3358.78,3277.88,3297.86,1078700,3383.522,3404.947,3377.491,38.272,-11.405,0.062,-11.467,3404.947,3495.504,3314.391
2025-01-09,3306.43,3321.66,3274.07,3304.53,748500,3353.828,3397.739,3380.658,39.273,-16.71,-3.292,-13.417,3397.739,3496.236,3299.242
2025-01-10,3285.49,3309.28,3266.46,3295.96,752000,3326.036,3389.31,3384.119,38.411,-21.359,-6.906,-14.454,3389.31,3492.481,3286.14
2025-01-14,3297.86,3297.86,3222.67,3244.56,842000,3302.05,3380.546,3386.236,33.641,-28.859,-11.296,-17.563,3380.546,3501.109,3259.983
2025-01-15,3278.83,3283.59,3202.69,3220.77,807100,3272.736,3368.87,3387.56,31.68,-36.304,-16.298,-20.006,3368.87,3503.744,3233.996
2025-01-16,3208.4,3237.9,3185.56,3216.96,1248800,3256.556,3356.864,3388.175,31.365,-42.027,-21.444,-20.583,3356.864,3501.101,3212.627
2025-01-17,3216.96,3222.67,3158.91,3176.99,957700,3231.048,3343.092,3387.748,28.194,-49.221,-26.999,-22.221,3343.092,3500.874,3185.311
2025-01-20,3162.71,3203.64,3159.86,3195.07,701400,3210.87,3331.388,3385.896,31.564,-52.853,-32.17,-20.683,3331.388,3496.832,3165.945
2025-01-21,3183.65,3209.35,3166.52,3204.59,849400,3202.876,3321.091,3384.57,33.338,-54.338,-36.604,-17.734,3321.091,3491.359,3150.823
2025-01-22,3235.05,3235.05,3176.99,3196.98,864800,3198.118,3311.065,3383.389,32.611,-55.488,-40.38,-15.108,3311.065,3485.939,3136.19
2025-01-23,3215.06,3226.48,3188.41,3225.53,835300,3199.832,3302.047,3381.513,38.072,-53.48,-43.0,-10.48,3302.047,3474.924,3129.17
2025-01-24,3236.0,3250.28,3221.72,3240.76,828300,3212.586,3296.444,3377.913,40.827,-50.082,-44.417,-5.666,3296.444,3469.655,3123.232
2025-01-27,3264.55,3282.64,3246.47,3269.31,724600,3227.434,3290.918,3375.479,45.703,-44.572,-44.448,-0.124,3290.918,3459.93,3121.906
2025-01-28,3264.55,3306.43,3254.08,3291.2,572900,3244.756,3287.185,3372.404,49.163,-38.001,-43.158,5.158,3287.185,3452.485,3121.885
2025-01-29,3297.86,3352.11,3297.86,3333.08,597600,3271.976,3285.918,3370.855,55.061,-29.078,-40.342,11.264,3285.918,3449.297,3122.54
2025-01-30,3318.8,3340.69,3302.62,3334.98,474900,3293.866,3283.444,3368.971,55.315,-21.605,-36.595,14.99,3283.444,3441.965,3124.923
2025-01-31,3315.95,3356.87,3310.24,3334.03,935100,3312.52,3277.496,3367.367,55.147,-15.579,-32.392,16.813,3277.496,3417.017,3137.974
2025-02-03,3296.91,3392.09,3271.21,3309.29,1796500,3320.516,3271.214,3365.453,50.833,-12.654,-28.444,15.79,3271.214,3390.778,3151.65
2025-02-04,3509.16,3516.77,3390.18,3451.1,2234700,3352.496,3275.544,3365.446,66.845,1.094,-22.537,23.631,3275.544,3414.099,3136.99
2025-02-05,3440.63,3505.35,3428.26,3442.53,984000,3374.386,3279.304,3366.7,65.457,11.169,-15.795,26.965,3279.304,3431.732,3126.876
2025-02-06,3509.16,3516.77,3414.93,3459.66,1084800,3399.322,3287.394,3368.501,66.934,20.302,-8.576,28.878,3287.394,3459.83,3114.958
2025-02-07,3436.82,3455.86,3403.51,3445.39,782200,3421.594,3294.437,3368.435,64.461,26.088,-1.643,27.731,3294.437,3480.767,3108.107
2025-02-10,3449.19,3472.99,3414.93,3431.11,538300,3445.958,3301.194,3369.107,61.993,29.185,4.522,24.662,3301.194,3497.303,3105.086
2025-02-12,3474.89,3484.41,3437.77,3459.66,1056100,3447.67,3311.95,3369.475,64.888,33.556,10.329,23.227,3311.95,3518.306,3105.593
2025-02-13,3463.47,3477.75,3421.59,3474.89,812500,3454.142,3324.656,3369.832,66.36,37.813,15.826,21.987,3324.656,3538.53,3110.781
2025-02-14,3435.87,3459.66,3413.98,3433.01,806000,3448.812,3335.458,3368.941,59.031,37.376,20.136,17.24,3335.458,3548.251,3122.665
2025-02-17,3440.63,3444.44,3387.33,3413.03,602400,3442.34,3347.26,3367.725,55.862,35.015,23.112,11.903,3347.26,3548.939,3145.581
2025-02-18,3426.35,3431.11,3401.61,3405.41,519900,3437.2,3357.777,3365.779,54.656,32.157,24.921,7.237,3357.777,3547.631,3167.923
2025-02-19,3360.68,3385.43,3343.55,3364.49,757600,3418.166,3365.772,3363.518,48.593,26.288,25.194,1.094,3365.772,3541.398,3190.146
2025-02-20,3356.87,3356.87,3285.49,3308.33,813600,3384.854,3371.34,3360.971,41.747,16.91,23.537,-6.627,3371.34,3530.747,3211.932
2025-02-21,3322.61,3345.45,3316.9,3332.13,846500,3364.678,3376.67,3358.286,45.266,11.268,21.084,-9.815,3376.67,3522.061,3231.278
2025-02-25,3340.69,3383.52,3328.32,3366.39,804600,3355.35,3382.951,3356.639,49.953,9.453,18.758,-9.305,3382.951,3513.742,3252.16
2025-02-26,3366.39,3372.1,3295.01,3318.8,875400,3338.028,3385.426,3353.725,44.281,4.126,15.831,-11.705,3385.426,3508.827,3262.024
2025-02-27,3227.43,3227.43,3114.17,3147.48,1670700,3294.626,3378.239,3348.277,30.746,-13.76,9.913,-23.673,3378.239,3536.546,3219.933
2025-02-28,3117.03,3139.87,3083.72,3122.74,1813800,3257.508,3367.722,3341.646,29.351,-29.591,2.012,-31.603,3367.722,3562.425,3173.02
2025-03-03,3143.68,3145.58,3095.14,3138.92,1105600,3218.866,3357.92,3335.283,31.539,-40.366,-6.463,-33.902,3357.92,3577.692,3138.147
2025-03-04,3138.92,3202.69,3127.5,3202.69,953400,3186.126,3351.352,3330.289,39.493,-43.261,-13.823,-29.438,3351.352,3581.724,3120.981
2025-03-05,3216.96,3221.72,3168.42,3201.74,1032300,3162.714,3345.975,3325.74,39.419,-45.111,-20.081,-25.031,3345.975,3585.327,3106.623
2025-03-06,3126.55,3181.75,3121.79,3156.05,1239000,3164.428,3331.222,3320.651,35.955,-49.692,-26.003,-23.689,3331.222,3579.497,3082.948
2025-03-07,3137.97,3152.24,3097.99,3110.37,1055900,3161.954,3314.615,3314.908,32.846,-56.359,-32.074,-24.285,3314.615,3575.65,3053.579
2025-03-10,3121.79,3131.31,3070.39,3118.93,602900,3157.956,3297.578,3309.169,33.998,-60.257,-37.711,-22.546,3297.578,3563.19,3031.966
2025-03-11,3070.39,3100.85,3056.12,3096.09,850200,3136.636,3280.113,3304.034,32.401,-64.446,-43.058,-21.388,3280.113,3550.691,3009.535
2025-03-12,3111.32,3128.45,3076.1,3098.95,763900,3116.078,3263.505,3298.417,32.827,-66.766,-47.799,-18.966,3263.505,3535.829,2991.181
2025-03-13,3098.95,3116.08,3079.91,3094.19,987900,3103.706,3245.232,3292.983,32.461,-68.202,-51.88,-16.322,3245.232,3511.107,2979.356
2025-03-14,3083.72,3133.21,3076.1,3076.1,979600,3096.852,3225.292,3287.337,31.044,-69.993,-55.503,-14.491,3225.292,3478.144,2972.44
2025-03-17,3085.62,3177.94,3085.62,3151.29,954400,3103.324,3211.206,3282.673,42.315,-64.601,-57.322,-7.279,3211.206,3446.084,2976.328
2025-03-18,3155.1,3176.99,3147.48,3151.29,897600,3114.364,3198.119,3276.639,42.315,-59.64,-57.786,-1.854,3198.119,3414.052,2982.186
2025-03-19,3113.22,3166.52,3104.66,3134.16,844100,3121.406,3184.556,3270.624,40.563,-56.44,-57.516,1.077,3184.556,3378.638,2990.475
2025-03-21,3150.34,3150.34,3103.7,3114.17,1103600,3125.402,3172.04,3265.618,38.557,-54.884,-56.99,2.106,3172.04,3348.775,2995.306
2025-03-24,3126.55,3142.73,3105.61,3122.74,604600,3134.73,3162.761,3260.726,39.929,-52.356,-56.063,3.707,3162.761,3328.513,2997.009
2025-03-25,3112.27,3128.45,3089.43,3097.99,955300,3124.07,3151.054,3256.728,37.336,-51.753,-55.201,3.448,3151.054,3298.501,3003.607
2025-03-26,3115.12,3123.69,3083.72,3115.12,857500,3116.836,3138.491,3252.94,40.229,-49.325,-54.026,4.701,3138.491,3246.128,3030.853
2025-03-27,3093.23,3176.99,3088.48,3163.67,978700,3122.738,3130.734,3250.294,47.61,-42.987,-51.818,8.831,3130.734,3198.716,3062.752
2025-03-28,3176.99,3182.7,3127.5,3148.44,833200,3129.592,3130.782,3248.372,45.703,-38.746,-49.204,10.457,3130.782,3198.815,3062.749
2025-03-31,3098.94,3110.37,3058.02,3079.91,1239700,3121.026,3128.64,3245.555,38.275,-40.449,-47.453,7.004,3128.64,3200.337,3056.944
2025-04-01,3099.9,3145.58,3051.36,3051.36,906900,3111.7,3124.262,3242.243,35.674,-43.6,-46.682,3.082,3124.262,3203.602,3044.923
2025-04-02,3060.87,3078.01,3009.48,3040.89,915100,3096.854,3116.172,3239.521,34.742,-46.407,-46.627,0.22,3116.172,3194.834,3037.511
2025-04-03,3008.53,3047.55,2999.01,3030.42,701400,3070.204,3107.606,3236.228,33.791,-48.912,-47.084,-1.828,3107.606,3184.323,3030.89
2025-04-04,3030.42,3082.77,3016.14,3040.89,815700,3048.694,3101.848,3232.954,35.687,-49.483,-47.564,-1.919,3101.848,3180.517,3023.18
2025-04-07,2907.64,2957.13,2841.49,2844.35,1185600,3001.582,3088.548,3225.901,22.602,-65.044,-51.06,-13.984,3088.548,3227.787,2949.308
2025-04-08,2892.41,2912.4,2818.65,2821.51,1443200,2955.612,3073.676,3217.821,21.61,-78.317,-56.511,-21.805,3073.676,3256.09,2891.263
2025-04-09,2814.37,2845.78,2787.72,2813.42,1294000,2910.118,3059.543,3209.274,21.254,-88.469,-62.903,-25.566,3059.543,3275.384,2843.702
2025-04-10,2876.23,2941.9,2847.2,2927.63,998000,2889.56,3050.977,3202.44,37.016,-86.303,-67.583,-18.72,3050.977,3273.721,2828.233
2025-04-11,2840.54,2864.81,2802.95,2846.25,914400,2850.632,3038.58,3193.541,32.088,-90.115,-72.089,-18.026,3038.58,3278.16,2799.0
2025-04-14,2855.29,2917.16,2849.11,2900.98,923600,2861.958,3029.824,3184.899,38.061,-87.709,-75.213,-12.495,3029.824,3276.33,2783.318
2025-04-15,2900.98,2923.82,2866.71,2883.85,837300,2874.426,3016.452,3175.877,36.965,-86.19,-77.409,-8.782,3016.452,3264.227,2768.677
2025-04-16,2883.85,2914.3,2875.28,2907.64,1022600,2893.27,3004.27,3167.349,39.567,-82.121,-78.351,-3.77,3004.27,3248.057,2760.482
2025-04-17,2862.91,2911.45,2859.1,2902.88,956200,2888.32,2992.706,3159.221,39.218,-78.376,-78.356,-0.02,2992.706,3232.459,2752.952
2025-04-18,2913.35,2928.58,2886.7,2919.06,381900,2902.882,2982.95,3148.58,41.119,-73.258,-77.336,4.078,2982.95,3217.72,2748.18
2025-04-21,2918.11,2932.39,2893.36,2905.74,812100,2903.834,2972.1,3137.844,40.01,-69.476,-75.764,6.288,2972.1,3199.613,2744.587
2025-04-22,2916.21,2985.69,2893.36,2958.08,1066000,2918.68,2965.104,3127.812,46.156,-61.546,-72.921,11.374,2965.104,3184.788,2745.421
2025-04-23,2959.04,3008.53,2951.42,2998.06,883400,2936.764,2959.252,3118.866,50.341,-51.443,-68.625,17.182,2959.252,3168.076,2750.427
2025-04-24,3006.62,3008.53,2958.08,2981.88,737900,2952.564,2950.162,3109.881,48.691,-44.231,-63.746,19.515,2950.162,3136.093,2764.231
2025-04-25,2990.44,3000.91,2962.84,2988.54,1091900,2966.46,2942.167,3100.459,49.426,-37.546,-58.506,20.96,2942.167,3104.446,2779.888
2025-04-28,2990.44,3028.51,2985.68,3014.24,1074500,2988.16,2938.884,3091.246,52.266,-29.83,-52.771,22.941,2938.884,3091.816,2785.951
2025-04-30,3031.37,3035.18,2996.15,3018.04,1449400,3000.152,2937.217,3082.946,52.689,-23.142,-46.845,23.703,2937.217,3085.651,2788.784
2025-05-01,2770.59,2811.04,2708.25,2740.61,4307100,2948.662,2922.204,3069.498,31.052,-39.769,-45.43,5.661,2922.204,3086.394,2758.013
2025-05-02,2742.51,2753.45,2693.49,2727.28,2462500,2897.742,2907.046,3055.935,30.406,-53.406,-47.025,-6.381,2907.046,3084.598,2729.495
2025-05-07,2713.96,2789.62,2709.2,2783.91,2090000,2856.816,2894.198,3044.324,36.455,-58.965,-49.413,-9.552,2894.198,3068.123,2720.272
2025-05-08,2784.39,2851.49,2776.3,2847.68,1569000,2823.504,2894.364,3035.111,42.514,-57.561,-51.043,-6.518,2894.364,3068.095,2720.633
2025-05-09,2881.94,2892.41,2839.11,2849.58,1424900,2789.812,2895.768,3025.46,42.69,-55.653,-51.965,-3.688,2895.768,3067.462,2724.073
2025-05-12,2849.58,2863.86,2819.13,2851.49,917100,2811.988,2897.671,3015.162,42.878,-53.372,-52.246,-1.126,2897.671,3066.339,2729.003
2025-05-13,2864.81,2864.81,2818.17,2846.73,1433000,2835.878,2893.626,3005.72,42.503,-51.356,-52.068,0.712,2893.626,3063.147,2724.105
2025-05-14,2817.22,2822.93,2760.12,2790.57,1557900,2837.21,2890.842,2998.582,38.248,-53.671,-52.389,-1.283,2890.842,3065.393,2716.291
2025-05-15,2774.39,2788.67,2766.78,2782.01,1075400,2824.076,2884.894,2991.768,37.629,-55.557,-53.022,-2.534,2884.894,3065.977,2703.81
2025-05-16,2775.82,2785.34,2760.12,2777.72,995900,2809.704,2879.587,2984.544,37.304,-56.743,-53.766,-2.976,2879.587,3066.911,2692.263
2025-05-19,2769.63,2807.23,2760.59,2793.43,1067400,2798.092,2873.876,2976.358,39.372,-55.772,-54.168,-1.605,2873.876,3064.534,2683.219
2025-05-20,2793.43,2804.85,2733.94,2744.89,1387800,2777.724,2865.977,2967.221,35.478,-58.249,-54.984,-3.265,2865.977,3064.504,2667.45
2025-05-21,2752.03,2755.36,2704.91,2720.14,901400,2763.638,2856.031,2958.503,33.65,-61.499,-56.287,-5.212,2856.031,3063.108,2648.954
2025-05-22,2728.23,2754.41,2710.63,2729.18,1082200,2753.072,2847.203,2950.879,34.968,-62.624,-57.554,-5.07,2847.203,3060.323,2634.083
2025-05-23,2741.56,2781.53,2741.56,2779.15,1085400,2753.358,2838.257,2944.084,41.844,-58.805,-57.805,-1.001,2838.257,3046.751,2629.762
2025-05-26,2776.77,2807.71,2761.54,2802.47,769700,2755.166,2828.477,2938.211,44.778,-53.283,-56.9,3.617,2828.477,3023.312,2633.642
2025-05-27,2824.36,2836.26,2798.19,2804.85,816600,2767.158,2819.626,2932.329,45.083,-48.159,-55.152,6.993,2819.626,3000.717,2638.534
2025-05-28,2779.15,2794.38,2769.63,2783.44,1153200,2779.818,2809.37,2926.114,42.796,-45.304,-53.182,7.878,2809.37,2972.527,2646.214
2025-05-29,2770.59,2805.8,2766.78,2804.37,847300,2794.856,2798.877,2920.68,45.696,-40.881,-50.722,9.841,2798.877,2930.504,2667.25
2025-05-30,2779.15,2831.98,2773.44,2822.46,2242300,2803.518,2789.098,2914.103,48.143,-35.507,-47.679,12.172,2789.098,2872.333,2705.863
2025-06-02,2789.62,2816.27,2773.44,2816.27,960500,2806.278,2792.881,2907.403,47.356,-31.386,-44.421,13.035,2792.881,2873.679,2712.083
2025-06-03,2816.27,2842.92,2796.76,2805.33,1281500,2806.374,2796.784,2900.826,45.929,-28.672,-41.271,12.599,2796.784,2871.555,2722.012
2025-06-04,2805.8,2825.31,2778.68,2802.95,865900,2810.276,2797.736,2894.602,45.607,-26.409,-38.298,11.89,2797.736,2872.301,2723.17
2025-06-05,2780.58,2818.65,2765.83,2793.9,1122000,2808.182,2795.046,2888.025,44.333,-25.057,-35.65,10.594,2795.046,2865.811,2724.282
2025-06-06,2823.89,2824.84,2772.97,2790.1,882400,2801.71,2792.072,2881.867,43.78,-24.015,-33.323,9.308,2792.072,2858.022,2726.123
2025-06-09,2777.72,2797.71,2756.31,2787.72,995900,2796.0,2788.884,2875.319,43.415,-23.115,-31.281,8.167,2788.884,2848.611,2729.157
2025-06-10,2776.77,2806.75,2774.39,2803.42,752800,2795.618,2786.718,2868.114,46.58,-20.894,-29.204,8.31,2786.718,2840.455,2732.982
2025-06-11,2820.08,2851.96,2806.75,2841.97,1025800,2803.422,2789.288,2861.985,53.462,-15.84,-26.531,10.691,2789.288,2848.444,2730.133
2025-06-12,2874.33,2878.14,2830.55,2841.02,1089300,2812.846,2792.239,2857.207,53.28,-11.776,-23.58,11.804,2792.239,2855.602,2728.876
2025-06-13,2837.21,2842.44,2810.56,2821.51,1005300,2819.128,2794.428,2852.61,49.546,-10.014,-20.867,10.853,2794.428,2858.699,2730.158
2025-06-16,2839.59,2839.59,2806.28,2828.64,739500,2827.312,2796.189,2848.365,50.901,-7.951,-18.284,10.333,2796.189,2862.249,2730.129
2025-06-17,2795.33,2834.83,2793.9,2820.08,805300,2830.644,2799.948,2844.158,49.193,-6.927,-16.012,9.086,2799.948,2862.162,2737.735
2025-06-18,2803.42,2859.1,2802.95,2855.29,961500,2833.308,2806.706,2840.446,55.765,-3.237,-13.457,10.221,2806.706,2861.315,2752.097
2025-06-19,2841.02,2866.71,2830.55,2846.73,939700,2834.45,2812.583,2840.494,53.939,-0.991,-10.964,9.973,2812.583,2856.271,2768.896
2025-06-20,2821.98,2834.35,2805.33,2805.33,1588600,2831.214,2813.892,2840.17,46.077,-2.524,-9.276,6.752,2813.892,2854.845,2772.94
2025-06-23,2772.97,2779.15,2723.47,2732.04,1850200,2811.894,2810.371,2838.543,36.058,-9.542,-9.329,-0.213,2810.371,2865.215,2755.527
2025-06-24,2761.07,2778.68,2739.18,2765.35,891400,2800.948,2808.396,2835.297,42.209,-12.274,-9.918,-2.356,2808.396,2866.807,2749.985
2025-06-25,2755.36,2779.15,2742.03,2755.83,735400,2781.056,2807.016,2833.489,40.995,-15.035,-10.941,-4.093,2807.016,2869.099,2744.932
2025-06-26,2774.39,2792.48,2768.21,2781.06,1113100,2767.922,2805.85,2831.09,45.47,-15.014,-11.756,-3.258,2805.85,2869.009,2742.691
2025-06-27,2802.32,2852.59,2787.82,2838.09,1119400,2774.474,2806.632,2830.175,53.969,-10.276,-11.46,1.184,2806.632,2871.03,2742.233
2025-06-30,2852.59,2865.64,2834.7,2838.57,826800,2795.78,2807.746,2828.794,54.034,-6.41,-10.45,4.04,2807.746,2873.603,2741.89
2025-07-01,2852.59,2858.39,2824.55,2845.82,721100,2811.874,2809.771,2827.652,55.065,-2.729,-8.906,6.177,2809.771,2877.77,2741.772
2025-07-02,2832.29,2858.87,2824.55,2824.55,710600,2825.618,2810.851,2825.762,51.421,-1.51,-7.427,5.916,2810.851,2879.079,2742.623
2025-07-03,2829.39,2840.02,2811.02,2831.32,678200,2835.67,2812.722,2824.274,52.498,0.001,-5.941,5.942,2812.722,2881.045,2744.399
2025-07-04,2847.75,2856.45,2821.17,2827.94,807700,2833.64,2814.614,2821.671,51.879,0.916,-4.57,5.486,2814.614,2882.393,2746.835
2025-07-07,2818.75,2851.62,2817.79,2832.29,678500,2832.384,2816.842,2818.356,52.653,1.969,-3.262,5.231,2816.842,2883.825,2749.86
2025-07-08,2818.76,2837.12,2806.19,2825.04,1164600,2828.228,2817.924,2815.219,51.177,2.194,-2.171,4.365,2817.924,2884.691,2751.156
2025-07-09,2825.04,2837.12,2805.71,2830.84,760000,2829.486,2817.367,2812.065,52.328,2.807,-1.175,3.982,2817.367,2883.473,2751.261
2025-07-10,2817.79,2824.56,2775.74,2780.09,1177700,2819.24,2814.321,2807.382,42.813,-0.792,-1.099,0.306,2814.321,2881.445,2747.196
2025-07-11,2781.06,2804.26,2758.34,2761.24,817900,2805.9,2811.307,2802.246,39.91,-5.107,-1.9,-3.207,2811.307,2882.368,2740.246
2025-07-14,2748.67,2757.86,2736.11,2752.06,734500,2789.854,2807.478,2802.475,38.539,-9.162,-3.353,-5.81,2807.478,2882.736,2732.22
2025-07-15,2762.69,2763.66,2735.14,2738.04,630700,2772.454,2803.376,2802.69,36.479,-13.353,-5.353,-8.0,2803.376,2884.46,2722.292
2025-07-16,2738.52,2773.32,2738.52,2750.12,634500,2756.31,2798.118,2802.014,39.481,-15.521,-7.386,-8.134,2798.118,2878.665,2717.57
2025-07-17,2763.66,2799.42,2754.96,2792.66,723600,2758.824,2795.414,2800.914,48.679,-13.649,-8.639,-5.01,2795.414,2872.653,2718.175
2025-07-18,2809.09,2812.47,2764.62,2767.52,646200,2760.08,2793.524,2799.273,44.386,-14.032,-9.717,-4.314,2793.524,2871.587,2715.46
2025-07-22,2760.76,2782.02,2734.66,2735.14,709700,2756.696,2793.678,2796.946,39.548,-16.755,-11.125,-5.63,2793.678,2871.238,2716.119
2025-07-23,2737.56,2764.14,2721.12,2753.99,1088200,2759.886,2793.11,2795.091,43.415,-17.194,-12.339,-4.855,2793.11,2871.703,2714.518
2025-07-24,2767.04,2790.24,2753.02,2771.87,994700,2764.236,2793.912,2794.717,46.885,-15.916,-13.054,-2.862,2793.912,2871.22,2716.605
2025-07-25,2771.87,2795.07,2764.14,2783.96,659300,2762.496,2794.058,2794.756,49.156,-13.768,-13.197,-0.571,2794.058,2871.275,2716.84
2025-07-28,2773.32,2799.42,2765.11,2774.77,798800,2763.946,2790.892,2794.697,47.494,-12.662,-13.09,0.428,2790.892,2865.661,2716.122
2025-07-29,2764.62,2775.74,2755.44,2765.11,610200,2769.94,2787.218,2794.13,45.743,-12.422,-12.956,0.535,2787.218,2859.295,2715.142
2025-07-30,2763.66,2775.26,2753.99,2768.01,1022100,2772.744,2783.328,2794.593,46.382,-11.861,-12.737,0.877,2783.328,2850.305,2716.351
2025-07-31,2757.37,2795.56,2756.89,2771.87,806000,2772.744,2780.694,2795.627,47.272,-10.978,-12.385,1.408,2780.694,2844.933,2716.455
2025-08-01,2797.97,2849.69,2778.16,2806.19,1237200,2777.19,2779.438,2797.168,54.505,-7.423,-11.393,3.97,2779.438,2840.407,2718.468
2025-08-04,3092.32,3186.08,3054.62,3146.45,4457200,2851.526,2795.363,2804.514,81.541,22.589,-4.596,27.186,2795.363,2970.039,2620.687
2025-08-05,3160.95,3205.42,3097.15,3097.15,1632600,2917.934,2808.606,2810.407,74.621,41.914,4.706,37.208,2808.606,3029.196,2588.016
2025-08-06,3066.22,3086.52,3034.32,3034.32,1396300,2971.196,2819.07,2814.997,66.837,51.564,14.077,37.487,2819.07,3061.697,2576.443
2025-08-07,3031.42,3065.25,3015.95,3043.98,1437300,3025.618,2829.727,2820.207,67.4,59.307,23.123,36.184,2829.727,3092.424,2567.03
2025-08-08,3043.98,3079.75,3012.09,3015.95,1047300,3067.57,2841.52,2824.439,64.005,62.463,30.991,31.471,2841.52,3115.758,2567.282
2025-08-12,2996.62,3057.52,2996.62,3043.02,1077800,3046.884,2855.609,2828.85,65.797,66.382,38.069,28.313,2855.609,3141.199,2570.019
2025-08-13,3043.02,3071.05,3031.42,3045.92,976100,3036.638,2870.302,2833.443,65.992,68.928,44.241,24.687,2870.302,3163.594,2577.01
2025-08-14,3027.55,3033.35,2997.59,3009.19,739100,3031.612,2883.86,2837.52,61.223,67.207,48.834,18.373,2883.86,3176.476,2591.243
2025-08-15,2996.62,3002.42,2958.92,2973.42,1011100,3017.5,2895.024,2840.93,56.909,62.239,51.515,10.724,2895.024,3183.161,2606.888
2025-08-18,2996.62,3043.98,2989.85,3017.89,830900,3017.888,2906.286,2845.41,60.624,61.185,53.449,7.736,2906.286,3195.182,2617.39
2025-08-19,3017.89,3022.72,2984.05,3012.09,729300,3011.702,2918.514,2849.849,59.898,59.2,54.599,4.6,2918.514,3203.355,2633.674
2025-08-20,3020.79,3031.42,2987.92,3014.99,1035200,3005.516,2932.507,2854.395,60.155,57.201,55.119,2.081,2932.507,3206.715,2658.299
2025-08-21,3022.72,3036.25,2989.85,3010.15,798200,3005.708,2945.315,2858.529,59.471,54.596,55.015,-0.418,2945.315,3208.106,2682.524
2025-08-22,2996.62,3032.39,2989.85,3018.85,546600,3014.794,2957.664,2862.067,60.344,52.628,54.537,-1.91,2957.664,3209.104,2706.224
2025-08-25,3018.85,3018.85,2956.99,2956.99,836900,3002.614,2966.315,2864.386,51.8,45.551,52.74,-7.189,2966.315,3204.128,2728.503
2025-08-26,2936.69,2956.99,2898.99,2898.99,2276000,2979.994,2972.526,2865.936,45.32,34.861,49.164,-14.303,2972.526,3195.288,2749.765
2025-08-27,2886.42,2933.79,2883.04,2927.02,1192100,2962.4,2980.622,2867.904,48.662,28.324,44.996,-16.672,2980.622,3182.427,2778.817
2025-08-28,2908.65,2938.62,2898.02,2927.02,970700,2945.774,2988.572,2870.042,48.662,22.88,40.573,-17.693,2988.572,3166.189,2810.956
2025-08-29,2927.02,2938.62,2907.69,2930.89,1299600,2928.182,2996.524,2871.554,49.16,18.662,36.191,-17.528,2996.524,3145.169,2847.878
2025-09-01,2930.89,2952.15,2896.09,2901.89,609400,2917.162,3001.308,2872.658,45.594,12.832,31.519,-18.687,3001.308,3128.814,2873.803
2025-09-02,2898.99,2917.35,2887.87,2899.95,682400,2917.354,2988.984,2874.55,45.357,7.963,26.808,-18.845,2988.984,3104.509,2873.458
2025-09-03,2898.99,2926.05,2889.32,2896.57,1121200,2911.264,2978.955,2877.841,44.919,3.788,22.204,-18.416,2978.955,3089.667,2868.242
2025-09-04,2925.09,2959.89,2905.75,2959.89,1021300,2917.838,2975.233,2881.731,53.903,5.525,18.868,-13.343,2975.233,3083.076,2867.39
2025-09-05,2951.19,2961.82,2927.99,2943.45,866300,2920.35,2970.206,2885.484,51.552,5.512,16.197,-10.685,2970.206,3073.848,2866.565
2025-09-08,2967.62,3003.39,2964.72,2996.62,964900,2939.296,2969.24,2889.795,57.941,9.68,14.893,-5.214,2969.24,3071.436,2867.044
2025-09-09,2996.62,3018.85,2983.09,2983.09,917000,2955.924,2966.243,2892.695,55.92,11.755,14.266,-2.51,2966.243,3062.683,2869.804
2025-09-10,2987.92,3032.38,2984.05,3030.45,718200,2982.7,2965.47,2896.533,61.043,17.026,14.818,2.208,2965.47,3059.435,2871.505
2025-09-11,2987.92,3074.92,2972.45,3066.22,1280300,3003.966,2968.321,2900.941,64.407,23.815,16.617,7.197,2968.321,3070.936,2865.707
2025-09-12,3088.45,3100.05,3070.08,3081.68,1380700,3031.612,2973.734,2906.083,65.782,30.095,19.313,10.783,2973.734,3088.217,2859.252
2025-09-16,3071.05,3096.18,3066.22,3078.78,1179300,3048.044,2976.779,2911.032,65.273,34.442,22.339,12.103,2976.779,3099.171,2854.387
2025-09-17,3073.95,3078.78,3024.65,3031.42,1005300,3057.71,2977.746,2915.102,57.447,33.677,24.606,9.07,2977.746,3101.608,2853.883
2025-09-18,3046.88,3088.45,3042.05,3076.85,878300,3066.99,2980.838,2919.993,62.136,36.317,26.948,9.369,2980.838,3111.519,2850.158
2025-09-19,3054.62,3085.55,3019.82,3022.72,1426200,3058.29,2981.467,2923.947,54.438,33.654,28.29,5.365,2981.467,3112.86,2850.074
2025-09-22,3007.25,3063.32,3006.29,3040.12,799300,3049.978,2982.53,2928.132,56.312,32.573,29.146,3.426,2982.53,3115.532,2849.529
2025-09-24,3038.18,3057.52,3016.92,3029.49,1045600,3040.12,2986.156,2933.12,54.829,30.506,29.418,1.088,2986.156,3120.174,2852.137
2025-09-25,3042.05,3047.85,3015.95,3046.88,1171300,3043.212,2993.55,2938.833,56.832,29.926,29.52,0.406,2993.55,3123.579,2863.521
2025-09-26,3014.99,3046.88,2998.55,3013.05,1279100,3030.452,2997.851,2944.053,52.0,26.432,28.902,-2.47,2997.851,3124.255,2871.448
2025-09-29,3001.45,3005.32,2957.95,2959.89,974000,3017.886,2999.495,2948.49,45.46,19.153,26.952,-7.799,2999.495,3122.838,2876.152
2025-09-30,2959.89,3008.22,2959.89,2985.02,1415700,3006.866,3002.202,2953.188,48.742,15.236,24.609,-9.373,3002.202,3121.516,2882.887
2025-10-01,2964.72,2983.09,2885.45,2907.69,1192500,2982.506,3002.492,2955.489,40.638,5.825,20.852,-15.027,3002.492,3120.803,2884.18
2025-10-02,2895.6,2919.29,2883.52,2898.02,1335800,2952.734,3002.395,2958.099,39.748,-2.386,16.205,-18.591,3002.395,3121.061,2883.729
2025-10-03,2932.82,2945.39,2903.82,2939.59,697500,2938.042,3004.546,2962.188,45.294,-5.476,11.869,-17.344,3004.546,3116.506,2892.586
2025-10-06,2982.12,2982.12,2933.79,2970.52,975300,2940.168,3005.078,2966.518,49.052,-5.367,8.421,-13.788,3005.078,3116.243,2893.912
2025-10-07,2971.49,3012.09,2953.12,2997.59,1016400,2942.682,3007.784,2971.033,52.15,-3.061,6.125,-9.186,3007.784,3115.205,2900.364
2025-10-08,2977.29,3007.25,2959.89,2964.72,863600,2954.088,3006.19,2974.648,48.309,-3.842,4.132,-7.973,3006.19,3115.243,2897.136
2025-10-09,2958.92,2968.59,2927.99,2956.02,952700,2965.688,3004.836,2978.273,47.316,-5.104,2.285,-7.388,3004.836,3115.752,2893.92
2025-10-10,2945.39,2951.19,2879.65,2889.32,1023200,2955.634,2997.779,2980.757,40.448,-11.355,-0.443,-10.911,2997.779,3119.286,2876.273
2025-10-14,2890.29,2899.95,2842.44,2871.44,1121400,2935.818,2988.04,2982.826,38.821,-17.549,-3.864,-13.685,2988.04,3117.419,2858.662
2025-10-15,2883.52,2909.62,2877.24,2890.77,870900,2914.454,2978.495,2985.204,41.558,-20.661,-7.224,-13.437,2978.495,3106.951,2850.039
2025-10-16,2915.42,2929.92,2889.8,2902.85,759300,2902.08,2969.698,2987.137,43.265,-21.899,-10.159,-11.74,2969.698,3093.241,2846.156
2025-10-17,2898.02,2903.82,2872.89,2876.75,863600,2886.226,2961.965,2981.743,40.511,-24.702,-13.068,-11.635,2961.965,3088.565,2835.365
2025-10-20,2916.39,2926.05,2903.82,2908.65,662800,2890.092,2953.555,2977.973,45.111,-24.072,-15.268,-8.804,2953.555,3069.958,2837.152
2025-10-21,2911.55,2970.52,2910.59,2942.49,794000,2904.302,2949.544,2976.136,49.566,-20.604,-16.336,-4.269,2949.544,3061.349,2837.738
2025-10-22,2962.79,2994.69,2955.05,2974.39,627100,2921.026,2946.257,2974.744,53.405,-15.108,-16.09,0.982,2946.257,3050.458,2842.056
2025-10-23,2958.92,2982.12,2953.12,2971.49,968100,2934.754,2943.357,2973.855,53.01,-10.861,-15.044,4.183,2943.357,3040.815,2845.899
2025-10-24,2986.95,2998.55,2965.69,2988.89,752000,2957.182,2940.458,2972.773,55.153,-6.022,-13.24,7.218,2940.458,3027.881,2853.034
2025-10-27,3007.25,3045.92,3002.42,3006.29,856000,2976.71,2940.12,2971.98,57.253,-0.774,-10.747,9.973,2940.12,3026.406,2853.833
2025-10-28,3002.42,3004.35,2919.29,2923.15,1015700,2972.842,2938.282,2970.259,46.136,-3.285,-9.254,5.969,2938.282,3024.361,2852.204
2025-10-29,2928.95,2930.89,2834.22,2841.47,1322700,2946.258,2931.105,2967.62,38.274,-11.731,-9.75,-1.982,2931.105,3024.41,2837.8
2025-10-30,2862.74,2896.57,2853.55,2888.84,1124400,2929.728,2930.162,2965.039,44.212,-14.436,-10.687,-3.749,2930.162,3024.835,2835.49
2025-10-31,2931.85,2973.42,2916.39,2948.29,1506000,2921.608,2932.676,2963.763,50.631,-11.649,-10.879,-0.769,2932.676,3026.42,2838.932
2025-11-04,2832.29,2899.47,2832.29,2875.3,1869000,2895.41,2929.462,2960.969,43.945,-15.154,-11.734,-3.42,2929.462,3026.556,2832.367
2025-11-05,2905.75,2930.89,2875.3,2920.25,1411700,2894.83,2926.948,2959.171,48.459,-14.142,-12.216,-1.926,2926.948,3022.152,2831.744
2025-11-06,2916.39,2956.02,2905.75,2929.92,1089500,2912.52,2923.564,2957.393,49.403,-12.417,-12.256,-0.161,2923.564,3012.821,2834.308
2025-11-07,2954.09,2959.89,2895.12,2919.29,935100,2918.61,2921.293,2956.639,48.354,-11.772,-12.159,0.387,2921.293,3008.427,2834.159
2025-11-10,2923.15,2944.42,2906.72,2928.95,899400,2914.742,2919.94,2957.238,49.405,-10.361,-11.8,1.438,2919.94,3005.631,2834.248
2025-11-11,2948.29,2952.15,2915.42,2915.42,912700,2922.766,2921.244,2957.006,47.934,-10.218,-11.483,1.266,2921.244,3005.76,2836.729
2025-11-12,2902.85,2949.25,2902.85,2939.59,977400,2926.634,2924.652,2957.257,50.755,-8.061,-10.799,2.738,2924.652,3006.154,2843.15
2025-11-13,2936.69,2941.52,2899.95,2913.49,774400,2923.348,2925.788,2956.909,47.747,-8.361,-10.311,1.95,2925.788,3005.923,2845.653
2025-11-14,2905.75,2930.89,2885.94,2899.95,1124800,2919.48,2925.643,2956.871,46.216,-9.581,-10.165,0.584,2925.643,3005.963,2845.323
2025-11-17,2888.35,2916.39,2844.37,2916.39,895300,2916.968,2927.625,2957.199,48.38,-9.116,-9.955,0.839,2927.625,3004.759,2850.491
2025-11-18,2898.5,2925.09,2865.64,2866.12,830300,2907.108,2925.498,2956.59,42.721,-12.658,-10.496,-2.162,2925.498,3007.053,2843.944
2025-11-19,2880.62,2938.62,2877.24,2919.29,1191500,2903.048,2924.339,2955.778,49.455,-11.047,-10.606,-0.441,2924.339,3005.535,2843.142
2025-11-20,2928.95,2937.65,2912.52,2914.45,785200,2903.24,2921.342,2955.198,48.892,-10.046,-10.494,0.448,2921.342,2999.112,2843.571
2025-11-21,2922.19,3018.85,2922.19,3008.22,2399100,2924.894,2923.178,2955.43,58.707,-1.666,-8.729,7.062,2923.178,3007.401,2838.955
2025-11-25,2992.75,3015.95,2985.02,3012.09,1142000,2944.034,2924.338,2956.01,59.057,5.226,-5.938,11.164,2924.338,3012.899,2835.777
2025-11-26,3040.12,3050.75,3018.85,3020.79,774500,2974.968,2925.063,2955.817,59.879,11.261,-2.498,13.759,2925.063,3016.635,2833.491
2025-11-27,3000.49,3026.59,2981.15,2991.79,556400,2989.468,2928.495,2954.329,55.853,13.548,0.711,12.836,2928.495,3024.789,2832.201
2025-11-28,2988.89,3005.32,2980.19,2984.05,597200,3003.388,2935.624,2952.376,54.794,14.567,3.483,11.085,2935.624,3025.701,2845.547
2025-12-01,2993.72,2993.72,2946.35,2951.19,658000,2991.982,2938.742,2949.824,50.423,12.579,5.302,7.277,2938.742,3026.281,2851.202
2025-12-02,2977.29,3058.48,2957.95,3058.48,1210600,3001.26,2944.251,2950.365,61.283,19.436,8.129,11.307,2944.251,3046.889,2841.613
2025-12-03,3068.15,3069.12,3039.15,3058.48,1067600,3008.798,2953.41,2949.998,61.283,24.587,11.42,13.167,2953.41,3062.623,2844.197
2025-12-04,3058.48,3110.68,3058.48,3073.95,969600,3025.23,2961.095,2951.023,62.651,29.577,15.052,14.525,2961.095,3081.537,2840.653
2025-12-05,3081.68,3096.18,3042.05,3052.68,912900,3038.956,2967.233,2951.274,59.536,31.452,18.332,13.121,2967.233,3093.363,2841.103
2025-12-08,3067.18,3098.12,3054.62,3087.48,822900,3066.214,2975.643,2952.434,62.795,35.339,21.733,13.606,2975.643,3110.443,2840.842
2025-12-09,3111.65,3125.18,3093.28,3125.18,1090600,3079.554,2985.454,2954.0,65.991,40.989,25.585,15.405,2985.454,3133.827,2837.081
2025-12-10,3156.12,3159.98,3123.25,3123.25,1022600,3092.508,2995.846,2956.204,65.68,44.795,29.427,15.368,2995.846,3152.449,2839.242
2025-12-11,3141.62,3170.62,3095.22,3106.82,1103700,3099.082,3004.207,2959.142,62.959,45.956,32.732,13.223,3004.207,3165.938,2842.476
2025-12-12,3141.62,3198.65,3126.15,3198.65,1005400,3128.276,3018.465,2963.415,70.351,53.667,36.919,16.747,3018.465,3196.026,2840.904
2025-12-15,3214.12,3241.18,3194.78,3209.28,1015500,3152.636,3033.932,2969.447,71.071,59.944,41.524,18.42,3033.932,3221.626,2846.237
2025-12-16,3200.58,3208.32,3160.95,3166.75,829800,3160.95,3046.45,2974.821,64.342,60.787,45.377,15.41,3046.45,3234.531,2858.368
2025-12-17,3185.12,3191.88,3143.55,3183.18,753300,3172.936,3062.302,2979.693,65.693,62.065,48.714,13.351,3062.302,3239.52,2885.085
2025-12-18,3214.12,3214.12,3185.12,3194.78,629300,3190.528,3076.077,2984.178,66.654,63.284,51.628,11.656,3076.077,3249.271,2902.883
2025-12-19,3206.38,3231.52,3192.85,3195.75,1246100,3189.948,3090.142,2988.141,66.738,63.596,54.022,9.574,3090.142,3253.478,2926.806
2025-12-22,3211.22,3211.22,3153.22,3164.82,583300,3181.056,3097.972,2992.143,61.43,60.648,55.347,5.301,3097.972,3259.78,2936.164
2025-12-23,3170.62,3182.22,3150.32,3182.22,468400,3184.15,3106.478,2996.667,63.203,59.035,56.085,2.95,3106.478,3267.16,2945.797
2025-12-24,3182.22,3197.68,3149.35,3155.15,500900,3178.544,3113.196,3001.984,58.684,54.939,55.856,-0.916,3113.196,3269.981,2956.412
2025-12-25,3162.88,3176.42,3149.35,3169.65,233200,3173.518,3122.09,3007.948,60.321,52.261,55.137,-2.876,3122.09,3269.793,2974.386
2025-12-26,3170.62,3185.12,3162.88,3170.62,346100,3168.492,3131.418,3013.545,60.434,49.645,54.038,-4.394,3131.418,3265.337,2997.499
2025-12-29,3160.82,3185.32,3149.05,3185.32,607300,3172.592,3143.124,3019.195,62.19,48.201,52.871,-4.67,3143.124,3248.626,3037.623
2025-12-30,3191.2,3198.06,3163.76,3167.68,575200,3169.684,3148.584,3025.013,58.816,45.114,51.32,-6.205,3148.584,3246.684,3050.485
2026-01-05,3164.74,3184.34,3115.73,3135.33,1009900,3165.72,3152.427,3029.547,53.125,39.601,48.976,-9.375,3152.427,3241.248,3063.606
2026-01-06,3141.21,3144.15,3110.83,3129.45,972000,3157.68,3155.202,3033.286,52.137,34.361,46.053,-11.692,3155.202,3236.88,3073.524
2026-01-07,3116.71,3155.91,3094.17,3150.03,914000,3153.562,3160.07,3036.799,55.271,31.505,43.143,-11.638,3160.07,3226.133,3094.006
2026-01-08,3150.03,3178.46,3138.27,3171.6,862600,3150.818,3164.276,3040.801,58.35,30.63,40.641,-10.011,3164.276,3220.92,3107.631
2026-01-09,3162.78,3178.46,3128.47,3132.39,866200,3143.76,3164.636,3043.671,51.422,26.467,37.806,-11.339,3164.636,3220.316,3108.956
2026-01-13,3171.6,3185.32,3125.53,3182.38,1173500,3153.17,3167.592,3047.193,58.231,26.892,35.623,-8.731,3167.592,3220.216,3114.969
2026-01-14,3160.82,3182.38,3100.05,3124.55,1151800,3152.19,3168.479,3051.221,49.574,22.305,32.96,-10.654,3168.479,3217.248,3119.71
2026-01-15,3102.01,3128.47,3092.21,3122.59,1036900,3146.702,3164.676,3056.843,49.306,18.301,30.028,-11.727,3164.676,3215.363,3113.989
2026-01-16,3136.31,3202.96,3110.83,3160.82,1546600,3144.546,3162.253,3062.283,54.468,18.005,27.623,-9.618,3162.253,3208.391,3116.115
2026-01-19,3158.85,3242.16,3151.01,3156.89,1096100,3149.446,3161.76,3066.455,53.861,17.254,25.549,-8.295,3161.76,3207.907,3115.613
2026-01-20,3154.93,3220.6,3146.11,3172.58,1139200,3147.486,3161.23,3072.4,55.971,17.721,23.984,-6.263,3161.23,3206.577,3115.883
2026-01-21,3167.68,3195.12,3159.84,3179.44,1127500,3158.464,3160.463,3077.584,56.899,18.432,22.873,-4.441,3160.463,3203.9,3117.026
2026-01-22,3177.48,3215.7,3162.78,3173.56,945200,3168.658,3159.354,3082.457,55.813,18.31,21.961,-3.651,3159.354,3200.042,3118.665
2026-01-23,3175.52,3204.92,3139.25,3158.85,1291500,3168.264,3159.055,3087.248,53.083,16.832,20.935,-4.103,3159.055,3199.662,3118.448
2026-01-26,3147.09,3154.93,3078.49,3089.27,952800,3154.74,3154.408,3090.455,42.496,9.932,18.734,-8.802,3154.408,3204.109,3104.706
2026-01-27,3068.69,3105.93,3060.85,3081.43,1044200,3136.51,3150.722,3093.775,41.492,3.787,15.745,-11.958,3150.722,3210.17,3091.273
2026-01-28,3052.02,3082.41,3035.36,3067.71,834000,3114.164,3145.624,3096.337,39.723,-2.164,12.163,-14.328,3145.624,3214.907,3076.342
2026-01-29,3046.14,3052.02,2991.26,3026.54,875100,3084.76,3138.42,3098.598,34.913,-10.087,7.713,-17.8,3138.42,3224.65,3052.191
2026-01-30,3044.18,3044.18,2987.34,3001.06,1150400,3053.202,3129.208,3100.62,32.306,-18.212,2.528,-20.74,3129.208,3232.102,3026.313
2026-02-02,3069.67,3074.57,2989.3,2998.12,1514700,3034.972,3120.73,3102.255,32.009,-24.605,-2.898,-21.706,3120.73,3237.308,3004.151
2026-02-03,3111.81,3113.77,2979.5,3078.49,3521700,3034.384,3117.888,3106.502,46.492,-22.921,-6.903,-16.018,3117.888,3235.732,3000.043
2026-02-04,3018.7,3052.02,2875.12,2897.66,2944900,3000.374,3106.298,3106.07,30.665,-35.767,-12.676,-23.091,3106.298,3259.609,2952.987
2026-02-05,2908.93,3006.94,2900.6,2961.86,1972300,2987.438,3096.89,3107.018,38.65,-40.301,-18.201,-22.101,3096.89,3261.574,2932.205
2026-02-06,2958.91,2966.76,2906.97,2952.05,1859800,2977.636,3085.912,3105.895,37.931,-44.178,-23.396,-20.782,3085.912,3258.698,2913.126
2026-02-09,2999.1,3004.98,2932.94,2956.95,1166000,2969.402,3077.14,3104.792,38.546,-46.32,-27.981,-18.339,3077.14,3257.633,2896.647
2026-02-10,2968.72,3077.51,2963.82,3061.83,1235700,2966.07,3071.112,3105.613,49.97,-39.105,-30.206,-8.899,3071.112,3244.728,2897.497
2026-02-12,3008.9,3044.18,2986.36,3034.38,1506500,2993.414,3066.604,3106.464,47.482,-35.196,-31.204,-3.992,3066.604,3239.056,2894.152
2026-02-13,3032.42,3041.24,2944.21,2962.84,1476400,2993.61,3058.616,3106.04,41.661,-37.439,-32.451,-4.988,3058.616,3234.905,2882.328
2026-02-16,2962.84,2974.6,2934.41,2966.76,1183200,2996.552,3048.913,3106.352,42.08,-38.457,-33.652,-4.805,3048.913,3222.864,2874.963
2026-02-17,2940.29,2955.97,2929.51,2955.97,730800,2996.356,3038.868,3104.301,41.202,-39.677,-34.857,-4.82,3038.868,3209.741,2867.994
2026-02-18,2943.23,3004.0,2943.23,3004.0,899100,2984.79,3030.438,3103.212,46.545,-36.349,-35.155,-1.194,3030.438,3189.783,2871.094
2026-02-19,3034.38,3035.36,2996.16,3018.7,805700,2981.654,3022.402,3102.107,48.099,-32.155,-34.555,2.4,3022.402,3165.488,2879.315
2026-02-20,3038.3,3043.2,2967.74,2979.5,1209200,2984.986,3012.698,3100.643,44.392,-31.63,-33.97,2.34,3012.698,3137.816,2887.581
2026-02-24,2915.3,2945.19,2874.63,2905.01,1725000,2972.636,3000.006,3096.994,38.345,-36.8,-34.536,-2.264,3000.006,3113.676,2886.337
2026-02-25,2922.16,2947.15,2894.23,2940.29,1416800,2969.5,2992.558,3093.296,42.35,-37.617,-35.152,-2.465,2992.558,3101.003,2884.112
2026-02-26,2989.3,3047.12,2972.64,3012.82,1252100,2971.264,2989.127,3091.087,49.6,-32.042,-34.53,2.488,2989.127,3089.797,2888.457
2026-02-27,3081.43,3095.15,3051.04,3086.33,2448900,2984.79,2990.058,3090.678,55.683,-21.446,-31.913,10.468,2990.058,3094.077,2886.039
2026-03-02,3000.08,3059.87,2996.16,3038.3,1243800,2996.55,2990.646,3087.471,51.324,-16.731,-28.877,12.146,2990.646,3095.661,2885.631
2026-03-03,3039.28,3048.1,2954.01,2971.66,1536700,3009.88,2989.176,3082.718,45.95,-18.162,-26.734,8.572,2989.176,3094.4,2883.952
2026-03-04,2957.93,2972.64,2914.32,2970.68,1623200,3015.958,2987.804,3078.797,45.874,-19.154,-25.218,6.064,2987.804,3093.252,2882.356
2026-03-05,3039.28,3042.22,2954.01,2969.7,1822400,3007.334,2982.364,3074.527,45.792,-19.792,-24.133,4.341,2982.364,3078.969,2885.76
2026-03-06,3019.68,3027.52,2973.62,3005.96,1451800,2991.26,2987.779,3070.751,49.382,-17.173,-22.741,5.568,2987.779,3076.186,2899.373
2026-03-09,2947.15,3024.58,2932.45,3017.72,1155500,2987.144,2990.572,3067.19,50.526,-13.988,-20.99,7.003,2990.572,3079.061,2902.084
2026-03-10,3008.9,3027.52,2948.13,2996.16,1443700,2992.044,2992.778,3063.817,48.367,-13.052,-19.403,6.35,2992.778,3079.403,2906.153
2026-03-11,3034.38,3060.85,2965.78,2965.78,1333500,2991.064,2993.22,3059.488,45.422,-14.594,-18.441,3.847,2993.22,3079.163,2907.276
2026-03-12,2901.09,2945.19,2891.29,2933.43,1074500,2983.81,2986.8,3055.054,42.458,-18.217,-18.396,0.179,2986.8,3070.311,2903.288
2026-03-13,2902.07,2939.31,2888.35,2892.27,1327900,2961.072,2979.694,3049.506,38.973,-24.131,-19.543,-4.588,2979.694,3070.061,2889.327
2026-03-16,2884.92,2908.93,2871.69,2881.98,991100,2933.924,2975.651,3043.733,38.13,-29.31,-21.496,-7.814,2975.651,3075.889,2875.413
2026-03-17,2872.67,2897.66,2857.47,2866.3,965300,2907.952,2970.628,3037.353,36.823,-34.285,-24.054,-10.231,2970.628,3082.173,2859.083
2026-03-18,2891.29,2930.49,2870.22,2913.83,1140000,2897.562,2968.521,3032.276,43.179,-34.0,-26.043,-7.957,2968.521,3082.79,2854.252
2026-03-19,2876.1,2915.3,2872.67,2876.59,1570300,2886.194,2962.15,3027.101,39.801,-36.36,-28.106,-8.253,2962.15,3082.154,2842.147
2026-03-23,2869.73,2885.9,2845.22,2864.83,1329000,2880.706,2954.457,3021.809,38.769,-38.733,-30.232,-8.501,2954.457,3078.845,2830.069
2026-03-24,2901.09,2908.44,2881.0,2908.44,927500,2885.998,2950.904,3016.977,44.513,-36.672,-31.52,-5.152,2950.904,3076.335,2825.473
2026-03-25,2875.61,2907.95,2861.89,2895.7,1406900,2891.878,2950.438,3011.459,43.237,-35.655,-32.347,-3.308,2950.438,3076.653,2824.224
2026-03-26,2903.54,2921.67,2882.47,2898.15,1243000,2888.742,2948.332,3006.774,43.572,-34.257,-32.729,-1.528,2948.332,3076.649,2820.014
2026-03-27,2939.31,2963.82,2931.96,2954.01,1820200,2904.226,2945.391,3002.207,50.714,-28.315,-31.846,3.531,2945.391,3070.132,2820.65
2026-03-30,2864.83,2888.84,2822.68,2887.86,2026500,2908.832,2935.467,2997.473,43.666,-28.614,-31.2,2.586,2935.467,3043.452,2827.483
2026-03-31,2957.93,2974.6,2933.92,2960.88,2163400,2919.32,2931.596,2994.239,51.653,-22.697,-29.499,6.802,2931.596,3029.102,2834.091
2026-04-01,3011.84,3011.84,2971.66,2996.16,1339100,2939.412,2932.822,2990.946,54.975,-14.988,-26.597,11.609,2932.822,3033.024,2832.619
2026-04-02,3059.87,3062.81,2991.26,3011.84,1211000,2962.15,2934.88,2988.045,56.409,-7.527,-22.783,15.256,2934.88,3039.93,2829.829
2026-04-03,3004.0,3024.58,2995.18,3014.78,597700,2974.304,2937.134,2984.889,56.687,-1.361,-18.499,17.137,2937.134,3047.147,2827.12
2026-04-06,3008.9,3017.72,2982.44,2994.2,786500,2995.572,2936.546,2981.184,54.083,1.844,-14.43,16.274,2936.546,3045.126,2827.965
2026-04-07,3016.74,3034.38,2978.52,3003.02,751400,3004.0,2935.81,2977.773,55.036,5.037,-10.537,15.574,2935.81,3042.255,2829.366
2026-04-08,3062.81,3114.75,3034.38,3100.05,2160100,3024.778,2941.005,2976.597,63.913,15.222,-5.385,20.607,2941.005,3068.005,2814.005
2026-04-09,3098.09,3102.99,3012.82,3012.82,1601200,3024.974,2943.357,2975.068,53.657,16.069,-1.094,17.164,2943.357,3073.98,2812.734
2026-04-10,2972.64,2985.38,2891.29,2922.65,1799400,3006.548,2942.818,2971.892,45.525,9.357,0.996,8.361,2942.818,3073.702,2811.934
2026-04-13,2891.29,2930.49,2883.94,2903.05,1488400,2988.318,2943.357,2968.599,43.965,2.428,1.283,1.146,2943.357,3073.451,2813.263
2026-04-14,2971.66,2978.52,2915.3,2925.59,1204200,2972.832,2945.538,2966.58,46.246,-1.23,0.78,-2.01,2945.538,3072.729,2818.346
2026-04-15,2965.78,2971.66,2940.29,2951.07,1236700,2943.036,2949.776,2965.58,48.784,-2.05,0.214,-2.264,2949.776,3071.377,2828.175
2026-04-16,3002.04,3019.68,2941.27,2947.15,1503500,2929.902,2951.442,2964.561,48.405,-2.981,-0.425,-2.556,2951.442,3071.877,2831.007
2026-04-17,2989.3,3026.54,2969.7,2987.34,1671200,2942.84,2956.98,2962.738,52.478,-0.471,-0.434,-0.037,2956.98,3073.027,2840.932
2026-04-20,2987.34,3002.04,2959.9,2987.34,920500,2959.698,2963.105,2964.532,52.478,1.501,-0.047,1.548,2963.105,3071.343,2854.867
2026-04-21,3004.0,3055.94,2978.52,3055.94,1557700,2985.768,2970.48,2966.413,58.9,8.502,1.663,6.839,2970.48,3083.049,2857.911
2026-04-22,3088.29,3095.15,3052.02,3057.9,1370700,3007.134,2978.59,2968.53,59.071,14.046,4.139,9.906,2978.59,3091.844,2865.336
2026-04-23,3019.68,3047.12,2987.34,2989.3,1215300,3015.564,2983.148,2969.177,51.095,12.757,5.863,6.894,2983.148,3089.923,2876.372
2026-04-24,2975.58,2997.14,2911.87,2911.87,2203500,3000.47,2981.04,2966.178,43.892,5.425,5.775,-0.35,2981.04,3091.824,2870.257
2026-04-27,2905.99,2935.88,2844.73,2844.73,2385300,2971.948,2978.884,2962.385,38.786,-5.737,3.473,-9.21,2978.884,3098.622,2859.146
2026-04-28,2874.14,2907.95,2853.06,2901.09,1813700,2940.978,2975.895,2961.15,44.611,-9.921,0.794,-10.715,2975.895,3100.415,2851.374
2026-04-30,2899.62,2918.24,2803.57,2840.81,2105600,2897.56,2968.127,2958.631,40.204,-17.894,-2.944,-14.951,2968.127,3105.992,2830.262
2026-05-01,2807.49,2851.59,2771.23,2797.2,2574500,2859.14,2957.395,2955.456,37.331,-27.416,-7.838,-19.578,2957.395,3113.184,2801.606
2026-05-07,2936.86,2970.68,2912.85,2954.01,4330000,2867.568,2954.356,2954.456,50.914,-22.055,-10.682,-11.374,2954.356,3107.785,2800.928
2026-05-08,2963.82,3015.76,2940.29,2977.54,2410200,2894.13,2953.524,2953.633,52.575,-15.726,-11.691,-4.036,2953.524,3106.221,2800.826
2026-05-11,2981.46,2991.26,2954.01,2984.4,1652900,2910.792,2952.592,2953.731,53.074,-10.042,-11.361,1.319,2952.592,3104.242,2800.943
2026-05-12,2947.15,2961.86,2873.65,2876.59,1819600,2917.948,2941.42,2953.162,45.057,-14.073,-11.903,-2.17,2941.42,3079.66,2803.179
2026-05-13,2853.06,2906.97,2844.24,2896.68,1500300,2937.844,2935.612,2952.29,46.673,-15.469,-12.617,-2.853,2935.612,3070.952,2800.273
2026-05-14,2847.67,2894.23,2798.67,2833.46,1830100,2913.734,2931.153,2948.703,42.442,-21.43,-14.379,-7.051,2931.153,3073.962,2788.344
2026-05-15,2843.26,2854.53,2810.43,2845.22,1449000,2887.27,2928.261,2943.881,43.469,-24.917,-16.487,-8.431,2928.261,3075.732,2780.791
2026-05-18,2893.25,2948.13,2888.35,2913.83,1483600,2873.156,2927.674,2941.391,49.166,-21.893,-17.568,-4.325,2927.674,3075.283,2780.064
2026-05-19,2942.25,2954.01,2925.59,2936.37,1603800,2885.112,2926.938,2940.685,50.916,-17.475,-17.549,0.074,2926.938,3074.203,2779.674
2026-05-20,2944.21,2950.09,2901.09,2943.23,2221500,2894.422,2926.742,2940.136,51.464,-13.268,-16.693,3.425,2926.742,3073.904,2779.581
2026-05-21,2928.53,2930.49,2855.51,2855.51,1229300,2898.832,2920.151,2937.853,44.609,-16.818,-16.718,-0.1,2920.151,3067.694,2772.608
2026-05-22,2862.87,2880.51,2811.41,2826.6,1477800,2895.108,2912.114,2934.265,42.595,-21.714,-17.717,-3.997,2912.114,3061.743,2762.485
2026-05-25,2813.86,2832.48,2787.4,2792.79,1433000,2870.9,2898.956,2929.767,40.304,-28.0,-19.774,-8.226,2898.956,3041.444,2756.469
2026-05-26,2793.28,2802.59,2736.43,2736.43,1723600,2830.912,2882.883,2924.572,36.755,-37.101,-23.239,-13.862,2882.883,3022.372,2743.394
2026-05-27,2752.6,2806.02,2748.19,2777.11,1969800,2797.688,2872.274,2920.799,40.807,-40.564,-26.704,-13.86,2872.274,3009.949,2734.598
2026-05-28,2805.53,2818.76,2765.84,2796.71,1700300,2785.928,2866.516,2918.064,42.711,-41.251,-29.614,-11.638,2866.516,3006.826,2726.205
2026-05-29,2817.78,2860.42,2803.57,2831.5,5222500,2786.908,2865.854,2916.849,46.03,-38.544,-31.4,-7.144,2865.854,3006.72,2724.988
2026-06-01,2918.73,3019.68,2894.23,3002.04,2679000,2828.758,2870.902,2919.25,58.671,-22.38,-29.596,7.216,2870.902,3023.804,2717.999
2026-06-02,3037.32,3038.3,2977.54,2996.16,2337900,2880.704,2878.669,2921.847,58.165,-9.929,-25.663,15.733,2878.669,3040.649,2716.689
2026-06-03,3015.76,3029.48,2944.21,2975.58,2251700,2920.398,2887.588,2923.082,56.335,-1.703,-20.871,19.167,2887.588,3050.323,2724.853
2026-06-04,2954.99,2966.76,2907.95,2918.73,2054700,2944.802,2885.824,2923.925,51.511,0.226,-16.651,16.877,2885.824,3046.276,2725.372
2026-06-05,2929.51,2934.9,2892.27,2899.62,1086900,2958.426,2881.928,2924.621,49.963,0.21,-13.279,13.489,2881.928,3036.686,2727.17
2026-06-08,2866.79,2943.23,2854.04,2917.26,2107100,2941.47,2878.571,2924.797,51.415,1.603,-10.303,11.906,2878.571,3026.743,2730.399
2026-06-09,2928.53,2940.29,2856.49,2879.53,2563900,2918.144,2878.718,2924.474,48.194,-0.334,-8.309,7.975,2878.718,3026.887,2730.549
2026-06-10,2907.95,2910.89,2830.52,2870.22,1508100,2897.072,2877.395,2923.915,47.404,-2.59,-7.165,4.575,2877.395,3025.361,2729.429
2026-06-11,2835.42,2901.58,2832.97,2895.7,1662600,2892.466,2880.507,2922.749,49.826,-2.296,-6.191,3.895,2880.507,3027.195,2733.819
2026-06-12,2846.69,2875.61,2760.45,2794.26,2460500,2871.394,2877.959,2920.877,41.612,-10.131,-6.979,-3.152,2877.959,3028.936,2726.982
2026-06-15,2785.93,2805.04,2742.31,2742.31,2181400,2836.404,2869.383,2916.506,38.143,-20.299,-9.643,-10.656,2869.383,3030.898,2707.868
2026-06-16,2721.24,2744.76,2688.41,2744.76,1962200,2809.45,2859.802,2911.478,38.404,-27.838,-13.282,-14.556,2859.802,3027.211,2692.394
2026-06-17,2746.23,2751.13,2716.83,2738.39,1817700,2783.084,2849.56,2906.009,37.956,-33.936,-17.413,-16.523,2849.56,3020.505,2678.616
2026-06-18,2730.55,2772.7,2720.75,2772.7,2264600,2758.484,2845.42,2901.167,41.888,-35.59,-21.048,-14.541,2845.42,3019.736,2671.104
2026-06-19,2733.49,2746.23,2695.76,2711.44,2256200,2741.92,2839.662,2895.512,37.338,-41.367,-25.112,-16.255,2839.662,3023.92,2655.404
2026-06-22,2691.35,2730.55,2672.73,2696.25,1238100,2732.708,2834.835,2889.377,36.286,-46.633,-29.416,-17.217,2834.835,3029.052,2640.618
2026-06-23,2684.0,2695.76,2643.32,2645.77,2287800,2712.91,2830.302,2880.291,32.961,-54.254,-34.384,-19.871,2830.302,3037.957,2622.647
2026-06-24,2660.97,2701.64,2658.52,2684.0,2243700,2702.032,2825.646,2873.715,37.623,-56.558,-38.819,-17.739,2825.646,3042.302,2608.991
2026-06-25,2695.27,2695.27,2659.01,2659.5,1260300,2679.392,2818.786,2868.452,35.9,-59.672,-42.989,-16.683,2818.786,3047.646,2589.926
2026-06-26,2696.25,2711.93,2650.67,2708.5,2410300,2678.804,2812.636,2864.561,41.655,-57.524,-45.896,-11.627,2812.636,3046.611,2578.661
2026-06-29,2756.0,2823.5,2742.0,2805.0,1911800,2700.554,2802.784,2862.149,50.987,-47.487,-46.214,-1.272,2802.784,3019.106,2586.462
2026-06-30,2804.5,2827.0,2772.5,2773.5,1823800,2726.1,2791.651,2858.597,48.273,-41.594,-45.29,3.696,2791.651,2988.073,2595.229
2026-07-01,2746.0,2771.5,2723.0,2735.5,1329400,2736.4,2779.647,2854.364,45.15,-39.535,-44.139,4.604,2779.647,2957.176,2602.118
2026-07-02,2800.0,2833.5,2781.0,2814.5,1512100,2767.4,2774.436,2850.908,52.089,-31.17,-41.545,10.376,2774.436,2940.524,2608.347
2026-07-03,2866.5,2885.0,2848.0,2853.0,1883400,2796.3,2772.105,2848.221,55.072,-21.189,-37.474,16.285,2772.105,2931.989,2612.22
2026-07-06,2853.0,2929.5,2845.0,2929.5,1436500,2821.2,2772.716,2845.692,60.354,-7.025,-31.384,24.359,2772.716,2935.015,2610.418
2026-07-07,2936.5,2939.0,2888.0,2923.0,1692300,2851.1,2774.89,2842.994,59.712,3.633,-24.381,28.014,2774.89,2944.224,2605.556
2026-07-08,2935.0,2961.0,2915.0,2951.5,1575000,2894.3,2778.954,2842.238,61.64,14.216,-16.661,30.877,2778.954,2961.321,2596.587
2026-07-09,2935.0,2968.0,2913.0,2928.0,1510700,2917.0,2780.569,2842.561,59.127,20.471,-9.235,29.706,2780.569,2967.796,2593.342
2026-07-10,2901.0,2933.0,2881.0,2893.5,1431600,2925.1,2785.531,2843.536,55.548,22.386,-2.911,25.297,2785.531,2979.428,2591.634
2026-07-13,2895.0,2926.5,2875.5,2924.0,1036500,2924.0,2794.616,2843.994,57.97,26.064,2.884,23.18,2794.616,2996.832,2592.399
2026-07-14,2945.0,2989.5,2903.5,2974.0,1476400,2934.2,2806.078,2846.658,61.659,32.637,8.835,23.803,2806.078,3021.924,2590.231
2026-07-15,2926.0,2973.5,2875.5,2927.0,1987800,2929.3,2815.508,2849.254,56.628,33.666,13.801,19.865,2815.508,3035.347,2595.669
2026-07-16,2944.5,3001.0,2938.5,2985.0,1382800,2940.7,2826.123,2849.874,60.871,38.715,18.784,19.932,2826.123,3057.46,2594.786
2026-07-17,3016.0,3054.0,2994.5,3015.0,1401600,2965.0,2841.301,2850.623,62.893,44.623,23.952,20.672,2841.301,3080.651,2601.951
2026-07-21,3155.0,3155.0,3047.0,3068.0,2301600,2993.8,2859.888,2852.295,66.215,52.971,29.756,23.216,2859.888,3109.335,2610.442
2026-07-22,3004.0,3027.0,2987.0,3011.0,1717300,3001.2,2878.15,2854.983,59.994,54.361,34.677,19.684,2878.15,3114.74,2641.56
2026-07-23,2941.0,2988.5,2940.0,2980.5,846300,3011.9,2892.975,2856.66,56.914,52.398,38.221,14.177,2892.975,3115.054,2670.896
2026-07-24,2977.0,3026.0,2955.0,3026.0,751100,3020.1,2911.3,2860.51,60.197,53.892,41.355,12.537,2911.3,3111.687,2710.913
2026-07-27,3068.0,3193.0,3043.0,3193.0,1287600,3055.7,2935.525,2867.466,69.412,67.77,46.638,21.132,2935.525,3149.375,2721.675
2026-07-28,3225.0,3256.0,3199.0,3251.0,1674300,3092.3,2957.825,2874.209,71.85,82.498,53.81,28.688,2957.825,3204.814,2710.836
2026-07-29,3321.0,3438.0,3258.0,3421.0,2359400,3174.3,2990.2,2883.902,77.507,106.658,64.38,42.278,2990.2,3297.774,2682.626
2026-07-30,3489.0,3495.0,3340.0,3397.0,2012500,3257.6,3023.275,2892.977,75.209,122.457,75.995,46.462,3023.275,3356.708,2689.842
2026-07-31,3309.0,3332.0,3249.0,3274.0,1895400,3307.2,3046.25,2901.347,64.632,123.627,85.521,38.106,3046.25,3382.425,2710.075
2026-08-03,3240.0,3260.0,3160.0,3219.0,1764000,3312.4,3064.55,2909.195,60.533,118.748,92.167,26.581,3064.55,3396.248,2732.852
2026-08-04,3350.0,3474.0,3325.0,3434.0,4348600,3349.0,3089.775,2922.019,68.85,130.723,99.878,30.845,3089.775,3453.424,2726.126
2026-08-05,3408.0,3451.0,3285.0,3304.0,2944400,3325.6,3108.825,2933.371,60.542,128.245,105.551,22.693,3108.825,3475.592,2742.058
2026-08-06,3317.0,3405.0,3291.0,3400.0,1534800,3326.2,3131.25,2945.829,63.997,132.5,110.941,21.559,3131.25,3512.09,2750.41
2026-08-07,3393.0,3458.0,3376.0,3443.0,1088000,3360.0,3157.0,2958.754,65.456,137.754,116.304,21.45,3157.0,3549.442,2764.558
2026-08-10,3470.0,3488.0,3415.0,3441.0,1046000,3404.4,3184.375,2970.944,65.324,140.141,121.071,19.07,3184.375,3575.806,2792.944
2026-08-12,3540.0,3547.0,3419.0,3420.0,1615800,3401.6,3209.175,2979.304,63.861,138.739,124.605,14.134,3209.175,3593.941,2824.409
2026-08-13,3425.0,3461.0,3385.0,3461.0,1725800,3433.0,3233.525,2988.6,65.486,139.33,127.55,11.78,3233.525,3617.263,2849.787
2026-08-14,3483.0,3567.0,3462.0,3536.0,1456400,3460.2,3263.975,2999.809,68.294,144.188,130.877,13.311,3263.975,3641.906,2886.044
