Date,Open,High,Low,Close,Volume,SMA5,SMA20,SMA50,RSI,MACD,MACD_signal,MACD_hist,BB_mid,BB_upper,BB_lower
2021-10-06,214.71,218.02,211.4,213.63,6037000,,,,,0.0,0.0,0.0,,,
2021-10-07,212.92,217.3,212.56,214.89,5632000,,,,,0.101,0.02,0.08,,,
2021-10-08,217.03,221.42,216.5,218.11,5554000,,,,,0.435,0.103,0.332,,,
2021-10-11,217.93,219.54,217.12,217.93,2625000,,,,,0.678,0.218,0.46,,,
2021-10-12,217.93,220.25,217.84,219.09,3274000,216.73,,,,0.953,0.365,0.588,,,
2021-10-13,217.84,221.86,216.77,219.72,4480000,217.948,,,,1.208,0.533,0.674,,,
2021-10-14,219.18,224.19,217.84,223.03,5462000,219.576,,,,1.657,0.758,0.899,,,
2021-10-15,224.73,226.96,224.1,226.43,4729000,221.24,,,,2.262,1.059,1.203,,,
2021-10-18,227.23,228.48,225.35,225.71,3804000,222.796,,,,2.653,1.378,1.275,,,
2021-10-19,224.28,226.87,224.01,226.34,2960000,224.246,,,,2.979,1.698,1.281,,,
2021-10-20,227.14,230.81,226.96,227.68,5481000,225.838,,,,3.308,2.02,1.288,,,
2021-10-21,226.61,231.79,226.43,228.48,4986000,226.928,,,,3.591,2.334,1.257,,,
2021-10-22,225.62,229.74,225.0,228.93,3385000,227.428,,,,3.808,2.629,1.179,,,
2021-10-25,228.22,230.54,226.87,227.14,2886000,227.714,,,,3.792,2.862,0.93,,,
2021-10-26,227.86,230.99,227.05,230.54,4094000,228.554,,,84.905,4.007,3.091,0.917,,,
2021-10-27,229.11,229.56,222.58,223.03,7050000,227.624,,,54.634,3.531,3.179,0.352,,,
2021-10-28,222.67,225.0,222.04,222.22,3924000,226.372,,,52.461,3.053,3.154,-0.1,,,
2021-10-29,222.04,224.28,220.52,222.49,3780000,225.084,,,53.13,2.666,3.056,-0.39,,,
2021-11-01,225.89,226.87,224.19,225.62,4685000,224.78,,,60.135,2.582,2.961,-0.38,,,
2021-11-02,225.62,227.86,225.17,225.89,4040000,223.85,223.345,,60.681,2.508,2.871,-0.363,223.345,232.907,213.783
2021-11-04,228.22,229.38,226.25,228.75,7489000,224.994,224.101,,65.993,2.649,2.826,-0.177,224.101,232.779,215.423
2021-11-05,219.27,227.41,217.21,225.35,12894000,225.62,224.624,,56.262,2.459,2.753,-0.294,224.624,232.149,217.099
2021-11-08,224.37,224.37,218.55,220.7,5659000,225.262,224.753,,46.223,1.91,2.584,-0.674,224.753,231.885,217.622
2021-11-09,221.15,227.41,221.15,224.73,8698000,225.084,225.094,,53.9,1.781,2.424,-0.643,225.094,231.463,218.724
2021-11-10,223.74,224.46,218.38,219.9,6639000,223.886,225.134,,45.514,1.273,2.194,-0.92,225.134,231.351,218.917
2021-11-11,219.18,220.43,217.84,218.73,3202000,221.882,225.085,,43.738,0.768,1.908,-1.14,225.085,231.496,218.673
2021-11-12,217.93,220.88,217.66,218.55,2567000,220.522,224.86,,43.458,0.349,1.597,-1.247,224.86,231.86,217.861
2021-11-15,221.06,223.65,220.34,220.7,4973000,220.522,224.574,,47.771,0.188,1.315,-1.127,224.574,231.769,217.379
2021-11-16,220.43,222.22,219.54,219.63,2333000,219.502,224.27,,45.895,-0.025,1.047,-1.072,224.27,231.771,216.769
2021-11-17,219.72,219.72,216.14,217.3,3816000,218.982,223.818,,42.023,-0.378,0.762,-1.14,223.818,231.863,215.773
2021-11-18,216.05,218.47,215.16,217.57,3190000,218.75,223.312,,42.627,-0.628,0.484,-1.112,223.312,231.603,215.022
2021-11-19,217.66,222.58,217.12,222.58,5897000,219.556,223.018,,52.512,-0.418,0.304,-0.721,223.018,230.945,215.09
2021-11-22,222.22,222.4,220.25,220.61,2540000,219.538,222.602,,48.942,-0.405,0.162,-0.567,222.602,230.084,215.119
2021-11-24,220.88,224.82,218.82,219.81,5820000,219.574,222.235,,47.528,-0.455,0.038,-0.493,222.235,229.496,214.974
2021-11-25,220.34,222.58,219.54,221.24,2204000,220.362,221.77,,50.292,-0.374,-0.044,-0.33,221.77,227.894,215.646
2021-11-26,219.36,219.9,211.22,213.99,7554000,219.646,221.318,,39.06,-0.885,-0.212,-0.673,221.318,228.321,214.315
2021-11-29,211.76,214.53,210.15,210.23,4317000,217.176,220.719,,34.728,-1.575,-0.485,-1.09,220.719,229.277,212.16
2021-11-30,209.88,211.49,201.74,201.74,10501000,213.402,219.681,,27.352,-2.775,-0.943,-1.832,219.681,231.676,207.686
2021-12-01,203.26,206.12,199.95,204.69,6361000,210.378,218.634,,32.701,-3.449,-1.444,-2.005,218.634,232.019,205.25
2021-12-02,202.0,203.61,199.95,201.11,6609000,206.352,217.396,,29.831,-4.222,-2.0,-2.223,217.396,232.438,202.353
2021-12-03,202.99,202.99,199.05,202.45,6604000,204.044,216.081,,32.228,-4.674,-2.535,-2.139,216.081,231.536,200.625
2021-12-06,203.17,206.12,201.56,204.6,4990000,202.918,215.043,,36.007,-4.802,-2.988,-1.814,215.043,230.663,199.423
2021-12-07,206.12,210.06,204.15,209.52,6019000,204.474,214.484,,43.738,-4.456,-3.282,-1.174,214.484,230.052,198.916
2021-12-08,209.25,212.92,208.09,211.22,4906000,205.78,213.808,,46.158,-3.998,-3.425,-0.573,213.808,228.661,198.956
2021-12-09,210.15,211.04,205.85,207.1,4922000,206.978,213.168,,41.499,-3.923,-3.525,-0.398,213.168,228.018,198.319
2021-12-10,207.46,208.62,205.31,206.12,3209000,207.712,212.538,,40.453,-3.897,-3.599,-0.298,212.538,227.464,197.612
2021-12-13,205.76,206.48,204.42,205.4,2800000,207.872,211.88,,39.662,-3.89,-3.657,-0.233,211.88,226.85,196.911
2021-12-14,203.61,204.24,201.91,203.53,3514000,206.674,211.022,,37.605,-3.989,-3.724,-0.266,211.022,225.831,196.213
2021-12-15,203.35,205.94,202.72,203.61,3813000,205.152,210.221,,37.754,-4.015,-3.782,-0.233,210.221,224.8,195.642
2021-12-16,204.69,205.67,204.24,205.22,3248000,204.776,209.617,217.472,40.811,-3.861,-3.798,-0.063,209.617,223.961,195.273
2021-12-17,204.87,205.58,201.74,202.45,4235000,204.042,208.861,217.248,37.407,-3.918,-3.822,-0.096,208.861,223.032,194.69
2021-12-20,200.39,200.66,197.35,197.89,5100000,202.54,207.626,216.908,32.588,-4.281,-3.914,-0.367,207.626,221.048,194.205
2021-12-21,198.25,199.05,195.12,196.37,6705000,201.108,206.414,216.473,31.147,-4.638,-4.058,-0.58,206.414,219.265,193.564
2021-12-22,197.17,198.25,195.74,196.82,3348000,199.75,205.265,216.051,32.104,-4.829,-4.213,-0.617,205.265,217.146,193.384
2021-12-23,196.37,198.96,196.19,198.96,3904000,198.498,204.151,215.648,36.615,-4.753,-4.321,-0.432,204.151,213.669,194.633
2021-12-24,200.04,203.17,199.14,202.54,5037000,198.516,203.579,215.305,43.391,-4.354,-4.327,-0.026,203.579,211.908,195.249
2021-12-27,202.36,202.72,200.75,201.91,4218000,199.32,203.162,214.882,42.53,-4.041,-4.27,0.229,203.162,210.903,195.422
2021-12-28,203.97,206.21,202.72,203.7,5024000,200.786,203.26,214.428,45.822,-3.608,-4.138,0.53,203.26,210.975,195.546
2021-12-29,204.15,206.3,204.15,206.12,2625000,202.646,203.332,214.036,49.992,-3.034,-3.917,0.883,203.332,211.128,195.536
2021-12-30,206.03,209.43,205.22,207.73,4339000,204.4,203.663,213.664,52.606,-2.422,-3.618,1.196,203.663,211.622,195.704
2022-01-04,211.4,214.53,208.89,212.74,7315000,206.44,204.177,213.365,59.67,-1.514,-3.197,1.683,204.177,213.081,195.274
2022-01-05,216.05,216.5,214.26,215.07,5595000,209.072,204.701,213.097,62.472,-0.601,-2.678,2.077,204.701,214.853,194.549
2022-01-06,214.17,216.32,211.4,212.83,4657000,210.898,204.866,212.775,58.28,-0.056,-2.154,2.097,204.866,215.448,194.285
2022-01-07,216.05,216.68,210.68,212.65,3120000,212.204,204.938,212.485,57.944,0.356,-1.652,2.008,204.938,215.718,194.158
2022-01-11,212.74,214.44,211.58,213.54,3091000,213.366,205.26,212.145,59.198,0.746,-1.172,1.918,205.26,216.677,193.843
2022-01-12,211.67,216.23,211.67,214.35,4625000,213.688,205.672,211.971,60.357,1.108,-0.716,1.824,205.672,217.791,193.552
2022-01-13,215.69,217.66,213.99,217.3,5196000,214.134,206.266,211.873,64.33,1.614,-0.25,1.864,206.266,219.452,193.081
2022-01-14,217.57,218.2,213.81,216.5,5208000,214.868,206.915,211.753,62.501,1.929,0.186,1.743,206.915,220.791,193.039
2022-01-17,219.0,219.54,216.5,217.03,3360000,215.744,207.586,211.581,63.246,2.195,0.588,1.608,207.586,222.074,193.098
2022-01-18,215.51,217.66,213.37,214.62,3025000,215.96,208.056,211.356,57.634,2.187,0.908,1.279,208.056,222.828,193.284
2022-01-19,209.52,213.37,207.28,208.09,6962000,214.708,208.338,210.943,45.78,1.635,1.053,0.582,208.338,222.872,193.804
2022-01-20,209.25,212.11,208.0,209.7,5266000,213.188,208.928,210.63,48.588,1.312,1.105,0.207,208.928,222.61,195.247
2022-01-21,206.66,209.07,204.6,208.45,4639000,211.578,209.532,210.385,46.571,0.944,1.073,-0.129,209.532,221.881,197.184
2022-01-24,207.1,211.04,206.75,210.86,3580000,210.344,210.234,210.107,50.81,0.837,1.026,-0.188,210.234,221.041,199.428
2022-01-25,210.41,211.49,207.73,209.79,4642000,209.378,210.776,209.905,48.953,0.659,0.952,-0.293,210.776,220.2,201.352
2022-01-26,209.97,211.04,204.96,205.67,4780000,208.894,210.932,209.644,42.511,0.183,0.798,-0.615,210.932,219.872,201.993
2022-01-27,208.27,210.68,202.9,203.97,8252000,207.748,211.036,209.352,40.162,-0.328,0.573,-0.901,211.036,219.576,202.495
2022-01-28,206.57,208.18,204.42,206.75,3474000,207.408,211.188,209.073,45.468,-0.502,0.358,-0.86,211.188,219.274,203.102
2022-01-31,205.22,212.47,204.78,210.95,5521000,207.426,211.43,208.9,52.343,-0.298,0.227,-0.525,211.43,219.159,203.7
2022-02-01,212.02,213.28,208.53,210.32,3697000,207.532,211.559,208.76,51.298,-0.185,0.144,-0.33,211.559,219.112,204.006
2022-02-02,210.06,212.92,209.88,210.32,4094000,208.462,211.438,208.615,51.298,-0.095,0.097,-0.191,211.438,218.989,203.887
2022-02-03,210.32,211.67,208.71,209.61,3909000,209.59,211.165,208.356,49.994,-0.079,0.061,-0.141,211.165,218.556,203.774
2022-02-04,196.19,199.5,190.55,198.43,23978000,207.926,210.445,207.912,34.933,-0.958,-0.142,-0.816,210.445,219.719,201.171
2022-02-07,198.96,199.59,193.33,197.26,8073000,205.188,209.676,207.461,33.786,-1.729,-0.46,-1.269,209.676,220.588,198.763
2022-02-08,196.1,198.96,195.21,198.43,5685000,202.81,208.92,207.005,36.048,-2.22,-0.812,-1.408,208.92,220.759,197.081
2022-02-09,202.09,208.53,201.74,207.1,7988000,202.166,208.557,206.867,49.745,-1.888,-1.027,-0.861,208.557,220.138,196.977
2022-02-10,209.61,213.46,208.0,211.31,7541000,202.506,208.258,206.889,54.807,-1.27,-1.076,-0.194,208.258,219.177,197.339
2022-02-14,207.82,209.7,206.03,208.45,4962000,204.51,207.855,207.023,51.046,-1.0,-1.06,0.061,207.855,218.066,197.645
2022-02-15,210.68,211.49,206.48,208.45,3622000,206.748,207.426,207.098,51.046,-0.777,-1.004,0.227,207.426,216.691,198.162
2022-02-16,212.02,217.12,211.13,214.8,8064000,210.022,207.436,207.372,58.398,-0.087,-0.82,0.734,207.436,216.73,198.141
2022-02-17,215.78,217.48,213.9,214.44,4710000,211.49,207.753,207.612,57.867,0.427,-0.571,0.997,207.753,217.561,197.945
2022-02-18,210.86,217.12,210.59,215.6,3921000,212.348,208.048,207.832,59.155,0.916,-0.274,1.19,208.048,218.44,197.656
2022-02-21,214.26,216.5,212.65,214.89,3314000,213.636,208.37,207.939,57.987,1.233,0.028,1.205,208.37,219.204,197.536
2022-02-22,212.38,213.81,209.97,212.83,3892000,214.512,208.468,207.971,54.616,1.302,0.283,1.02,208.468,219.433,197.504
2022-02-24,208.62,210.5,197.08,200.21,11196000,211.594,207.99,207.834,39.478,0.335,0.293,0.042,207.99,219.533,196.446
2022-02-25,202.0,206.03,202.0,204.42,4492000,209.59,207.927,207.8,44.959,-0.09,0.216,-0.307,207.927,219.537,196.317
2022-02-28,202.0,205.14,201.83,203.53,5629000,207.176,207.905,207.762,44.051,-0.494,0.074,-0.568,207.905,219.548,196.262
2022-03-01,206.57,209.97,206.03,207.73,4056000,205.744,207.954,207.846,49.26,-0.469,-0.034,-0.435,207.954,219.585,196.323
2022-03-02,204.6,208.0,203.88,204.51,3570000,204.08,207.632,207.864,45.744,-0.701,-0.168,-0.534,207.632,219.27,195.994
2022-03-03,208.09,209.34,205.58,206.75,3317000,205.388,207.454,207.895,48.498,-0.697,-0.274,-0.423,207.454,219.027,195.88
2022-03-04,206.66,207.28,201.02,203.08,3442000,205.12,207.092,207.907,44.511,-0.978,-0.414,-0.563,207.092,218.74,195.443
2022-03-07,198.6,199.23,191.09,194.04,6701000,203.222,206.313,207.83,36.542,-1.908,-0.713,-1.195,206.313,219.262,193.364
2022-03-08,190.55,191.81,187.24,187.24,6554000,199.124,205.753,207.648,31.914,-3.158,-1.202,-1.956,205.753,220.914,190.593
2022-03-09,188.32,189.48,183.4,183.58,5355000,194.938,205.07,207.383,29.731,-4.393,-1.84,-2.552,205.07,222.852,187.287
2022-03-10,187.69,190.91,186.62,189.84,5402000,191.556,204.64,207.201,37.593,-4.811,-2.434,-2.376,204.64,223.481,185.799
2022-03-11,185.54,190.37,185.36,189.48,4064000,188.836,203.759,206.939,37.335,-5.112,-2.97,-2.142,203.759,223.729,183.789
2022-03-14,190.73,193.86,190.37,192.43,3563000,188.514,202.815,206.75,40.922,-5.055,-3.387,-1.668,202.815,223.066,182.564
2022-03-15,190.64,193.24,190.55,190.73,2952000,189.212,201.929,206.49,39.518,-5.088,-3.727,-1.361,201.929,222.686,181.172
2022-03-16,192.16,192.7,190.46,191.81,2774000,190.858,201.097,206.204,40.905,-4.97,-3.976,-0.994,201.097,222.086,180.108
2022-03-17,196.28,196.28,191.89,194.04,5608000,191.698,200.059,205.93,43.773,-4.642,-4.109,-0.534,200.059,220.232,179.886
2022-03-18,194.04,196.99,194.04,195.56,4560000,192.914,199.115,205.587,45.707,-4.212,-4.13,-0.082,199.115,218.192,180.038
2022-03-22,197.98,202.9,197.8,201.02,4887000,194.632,198.386,205.306,52.082,-3.391,-3.982,0.591,198.386,215.857,180.915
2022-03-23,204.24,206.75,202.36,206.48,6222000,197.782,197.966,205.179,57.462,-2.274,-3.64,1.366,197.966,214.119,181.812
2022-03-24,202.18,206.03,201.74,205.58,3299000,200.536,197.603,205.037,56.339,-1.444,-3.201,1.757,197.603,212.639,182.567
2022-03-25,201.83,203.88,199.95,201.11,7930000,201.95,197.648,204.789,51.008,-1.135,-2.788,1.653,197.648,212.722,182.574
2022-03-28,202.45,203.97,199.77,203.08,4765000,203.454,197.581,204.563,53.114,-0.722,-2.375,1.653,197.581,212.54,182.622
2022-03-29,202.9,204.69,201.47,202.0,4047000,203.65,197.504,204.257,51.799,-0.476,-1.995,1.519,197.504,212.35,182.659
2022-03-30,203.38,205.13,202.56,204.58,4886000,203.27,197.347,204.019,54.684,-0.073,-1.611,1.538,197.347,211.798,182.896
2022-03-31,202.28,202.46,199.25,199.98,5229000,202.15,197.121,203.678,49.048,-0.123,-1.313,1.19,197.121,211.236,183.005
2022-04-01,197.59,199.52,195.48,199.06,4548000,201.74,196.736,203.367,47.982,-0.234,-1.097,0.863,196.736,210.149,183.323
2022-04-04,199.61,201.36,198.05,200.9,2851000,201.304,196.627,203.223,50.307,-0.171,-0.912,0.741,196.627,209.857,183.397
2022-04-05,202.1,202.56,198.7,198.79,3037000,200.662,196.864,203.005,47.676,-0.289,-0.787,0.498,196.864,210.07,183.659
2022-04-06,196.12,197.04,193.46,193.55,5433000,198.456,197.18,202.707,41.825,-0.796,-0.789,-0.007,197.18,209.701,184.659
2022-04-07,191.62,191.62,187.58,190.61,4802000,196.582,197.532,202.302,38.938,-1.418,-0.915,-0.503,197.532,208.774,186.289
2022-04-08,191.16,192.08,188.77,190.79,4186000,194.928,197.579,201.922,39.215,-1.875,-1.107,-0.768,197.579,208.692,186.466
2022-04-11,190.24,192.63,189.14,190.52,2352000,192.852,197.631,201.619,38.93,-2.234,-1.332,-0.901,197.631,208.593,186.669
2022-04-12,191.07,191.53,189.41,190.61,3621000,191.216,197.54,201.352,39.089,-2.482,-1.562,-0.92,197.54,208.712,186.368
2022-04-13,190.88,192.45,190.06,191.44,2611000,190.794,197.576,201.045,40.623,-2.582,-1.766,-0.816,197.576,208.661,186.49
2022-04-14,192.45,193.92,192.08,193.18,2488000,191.308,197.644,200.69,43.817,-2.492,-1.911,-0.581,197.644,208.595,186.693
2022-04-15,191.34,193.37,190.33,191.99,2419000,191.548,197.541,200.323,42.147,-2.488,-2.027,-0.461,197.541,208.672,186.411
2022-04-18,190.79,191.62,189.32,190.42,1717000,191.528,197.284,199.925,39.982,-2.582,-2.138,-0.444,197.284,208.837,185.732
2022-04-19,193.0,193.82,190.98,193.73,2496000,192.152,196.92,199.608,46.251,-2.362,-2.182,-0.179,196.92,208.436,185.404
2022-04-20,196.31,196.77,194.01,195.75,3047000,193.014,196.384,199.554,49.704,-2.001,-2.146,0.145,196.384,206.988,185.779
2022-04-21,195.66,199.16,195.39,198.33,3012000,194.044,196.021,199.576,53.787,-1.49,-2.015,0.525,196.021,205.762,186.28
2022-04-22,194.65,196.58,194.01,195.66,2683000,194.778,195.748,199.52,49.324,-1.286,-1.869,0.583,195.748,205.191,186.306
2022-04-25,191.16,193.09,190.24,191.44,3862000,194.982,195.166,199.207,43.22,-1.448,-1.785,0.337,195.166,204.129,186.204
2022-04-26,191.62,192.26,189.96,191.71,2294000,194.578,194.652,198.815,43.7,-1.537,-1.735,0.199,194.652,203.131,186.173
2022-04-27,187.76,188.77,186.84,188.49,4061000,193.126,193.848,198.416,39.42,-1.846,-1.757,-0.088,193.848,201.358,186.337
2022-04-28,189.87,194.93,189.51,194.84,5954000,192.428,193.59,198.144,49.852,-1.56,-1.718,0.158,193.59,200.549,186.632
2022-05-02,193.46,197.5,192.17,196.21,3761000,192.538,193.448,197.772,51.781,-1.209,-1.616,0.407,193.448,200.042,186.854
2022-05-06,196.86,200.44,196.03,199.52,3857000,194.154,193.379,197.473,56.169,-0.657,-1.424,0.768,193.379,199.666,187.092
2022-05-09,198.6,198.6,195.48,195.48,2807000,194.908,193.214,197.071,50.168,-0.538,-1.247,0.709,193.214,199.06,187.367
2022-05-10,194.65,197.04,193.46,196.86,3060000,196.582,193.379,196.71,52.053,-0.33,-1.064,0.734,193.379,199.449,187.309
2022-05-11,195.3,197.5,194.28,195.11,2843000,196.636,193.604,196.356,49.497,-0.302,-0.911,0.609,193.604,199.574,187.634
2022-05-12,194.28,195.57,193.27,194.93,4067000,196.38,193.811,196.25,49.229,-0.291,-0.787,0.496,193.811,199.656,187.966
2022-05-13,198.05,208.07,197.13,205.4,10137000,197.556,194.555,196.27,62.079,0.556,-0.519,1.075,194.555,202.16,186.95
2022-05-16,205.4,205.4,201.36,202.1,6030000,198.88,195.13,196.241,57.168,0.95,-0.225,1.175,195.13,203.201,187.058
2022-05-17,201.09,201.91,198.14,199.34,3837000,199.376,195.525,196.074,53.365,1.028,0.026,1.002,195.525,203.609,187.44
2022-05-18,202.1,204.58,201.18,203.47,5749000,201.048,196.039,196.053,57.88,1.406,0.302,1.105,196.039,204.778,187.3
2022-05-19,197.78,201.09,197.13,200.99,4168000,202.26,196.489,195.938,54.47,1.489,0.539,0.95,196.489,205.277,187.701
2022-05-20,199.52,201.54,198.6,199.71,3608000,201.122,196.954,195.87,52.743,1.435,0.718,0.717,196.954,205.365,188.542
2022-05-23,200.9,201.45,196.86,197.5,3099000,200.202,197.142,195.939,49.806,1.2,0.815,0.385,197.142,205.417,188.867
2022-05-24,198.6,199.25,196.31,196.58,3811000,199.65,197.184,196.126,48.593,0.929,0.837,0.091,197.184,205.438,188.929
2022-05-25,196.03,196.77,193.55,193.82,3575000,197.72,196.958,196.331,45.049,0.485,0.767,-0.282,196.958,205.326,188.59
2022-05-26,193.92,196.4,193.37,193.46,2153000,196.214,196.848,196.403,44.592,0.104,0.634,-0.531,196.848,205.345,188.351
2022-05-27,197.59,200.17,196.86,199.89,5750000,196.25,197.271,196.612,53.636,0.317,0.571,-0.254,197.271,205.47,189.071
2022-05-30,203.47,204.3,199.43,199.43,4160000,196.636,197.656,196.752,52.97,0.443,0.545,-0.102,197.656,205.472,189.841
2022-05-31,196.58,199.06,196.31,198.05,5976000,196.93,198.135,196.898,50.927,0.427,0.522,-0.095,198.135,204.651,191.618
2022-06-01,199.25,205.59,199.25,205.5,5180000,199.266,198.668,197.172,59.917,1.004,0.618,0.386,198.668,205.767,191.568
2022-06-02,207.06,208.99,205.86,206.32,4297000,201.838,199.173,197.417,60.769,1.51,0.796,0.713,199.173,206.944,191.402
2022-06-03,208.71,208.71,205.22,205.59,2603000,202.978,199.477,197.618,59.555,1.831,1.003,0.827,199.477,207.761,191.192
2022-06-06,205.86,207.89,205.86,206.69,2883000,204.43,200.037,197.731,60.825,2.149,1.232,0.917,200.037,208.692,191.382
2022-06-07,208.62,211.19,208.16,209.36,4470000,206.692,200.662,197.789,63.795,2.587,1.503,1.084,200.662,210.119,191.205
2022-06-08,211.29,212.57,210.92,211.75,4460000,207.942,201.494,197.912,66.261,3.091,1.821,1.27,201.494,211.785,191.203
2022-06-09,209.72,211.65,208.71,210.37,2680000,208.752,202.266,198.098,63.569,3.341,2.125,1.216,202.266,212.798,191.734
2022-06-10,207.79,209.45,206.42,208.44,4715000,209.322,202.418,198.205,59.903,3.345,2.369,0.976,202.418,213.224,191.612
2022-06-13,204.03,207.52,204.03,206.14,4408000,209.212,202.62,198.288,55.774,3.126,2.52,0.606,202.62,213.552,191.688
2022-06-14,203.93,207.61,202.46,207.24,2935000,208.788,203.015,198.341,57.29,3.007,2.617,0.389,203.015,214.018,192.012
2022-06-15,208.07,209.08,205.13,205.13,2729000,207.464,203.098,198.444,53.502,2.711,2.636,0.074,203.098,214.141,192.055
2022-06-16,207.33,211.1,207.33,208.71,4098000,207.132,203.484,198.637,58.515,2.733,2.656,0.078,203.484,214.754,192.214
2022-06-17,202.46,204.21,200.99,203.66,5750000,206.176,203.681,198.692,50.28,2.317,2.588,-0.271,203.681,214.811,192.552
2022-06-20,204.39,205.04,196.95,197.96,5647000,204.54,203.704,198.675,42.936,1.51,2.372,-0.862,203.704,214.782,192.627
2022-06-21,200.17,204.76,200.17,203.47,4702000,203.786,204.049,198.874,50.468,1.3,2.158,-0.858,204.049,214.61,193.488
2022-06-22,205.4,205.4,200.99,201.36,3133000,203.032,204.426,199.089,47.863,0.952,1.917,-0.964,204.426,213.935,194.917
2022-06-23,199.61,200.35,196.67,199.52,5376000,201.194,204.729,199.263,45.65,0.522,1.638,-1.116,204.729,213.083,196.375
2022-06-24,198.79,200.72,197.32,200.72,3638000,200.606,204.77,199.467,47.359,0.275,1.365,-1.09,204.77,213.031,196.51
2022-06-27,203.75,206.69,203.47,205.68,4849000,202.15,205.083,199.769,53.824,0.474,1.187,-0.713,205.083,212.956,197.21
2022-06-28,206.78,208.71,205.96,208.35,3230000,203.126,205.598,200.107,56.893,0.837,1.117,-0.28,205.598,212.858,198.338
2022-06-29,207.7,208.81,206.42,207.06,2667000,204.266,205.676,200.385,54.991,1.01,1.096,-0.086,205.676,212.965,198.387
2022-06-30,205.96,206.78,204.12,204.76,3601000,205.314,205.598,200.64,51.675,0.95,1.066,-0.117,205.598,212.891,198.305
2022-07-01,205.59,207.15,203.11,204.58,4057000,206.086,205.547,200.923,51.413,0.877,1.029,-0.151,205.547,212.855,198.24
2022-07-04,204.58,207.15,203.29,207.06,3138000,206.362,205.566,201.19,54.805,1.009,1.025,-0.016,205.566,212.888,198.244
2022-07-05,209.17,209.45,207.24,207.79,2610000,206.25,205.488,201.431,55.783,1.158,1.051,0.107,205.488,212.67,198.305
2022-07-06,204.76,205.22,201.36,202.56,3618000,205.35,205.028,201.515,47.8,0.845,1.01,-0.165,205.028,211.68,198.376
2022-07-07,205.31,206.6,201.36,205.4,3223000,205.478,204.78,201.71,51.831,0.817,0.971,-0.155,204.78,210.945,198.614
2022-07-08,207.06,209.91,206.32,208.07,4038000,206.176,204.761,202.043,55.324,0.998,0.977,0.021,204.761,210.882,198.64
2022-07-11,210.46,210.74,208.71,209.91,2464000,206.746,204.95,202.407,57.606,1.276,1.037,0.239,204.95,211.469,198.43
2022-07-12,208.07,208.25,202.28,203.57,5559000,205.902,204.766,202.708,48.428,0.973,1.024,-0.051,204.766,211.22,198.312
2022-07-13,206.14,206.14,203.47,204.95,3254000,206.38,204.757,202.91,50.285,0.834,0.986,-0.151,204.757,211.209,198.305
2022-07-14,204.58,207.15,203.66,206.6,2681000,206.62,204.652,203.118,52.487,0.848,0.958,-0.11,204.652,210.898,198.405
2022-07-15,207.52,207.52,203.47,204.39,2979000,205.884,204.688,203.216,49.335,0.673,0.901,-0.228,204.688,210.918,198.458
2022-07-19,206.78,208.9,205.5,208.9,2714000,205.682,205.235,203.484,55.243,0.888,0.899,-0.011,205.235,210.871,199.599
2022-07-20,211.47,212.02,209.82,210.55,3437000,207.078,205.589,203.758,57.209,1.178,0.954,0.223,205.589,211.633,199.545
2022-07-21,209.82,211.19,208.53,211.1,2466000,208.308,206.076,204.078,57.873,1.435,1.051,0.385,206.076,212.253,199.899
2022-07-22,211.1,212.02,209.63,211.29,2533000,209.246,206.664,204.405,58.115,1.636,1.168,0.468,206.664,212.441,200.888
2022-07-25,210.46,212.48,208.62,210.55,2793000,210.478,207.156,204.508,56.748,1.715,1.277,0.438,207.156,212.456,201.856
2022-07-26,211.56,213.22,210.92,212.94,2667000,211.286,207.519,204.725,60.019,1.949,1.411,0.537,207.519,213.36,201.678
2022-07-27,212.94,214.96,211.47,214.41,2450000,212.058,207.822,205.026,61.926,2.227,1.574,0.652,207.822,214.424,201.22
2022-07-28,215.97,216.89,213.49,213.77,2651000,212.592,208.157,205.232,60.571,2.368,1.733,0.635,208.157,215.26,201.055
2022-07-29,214.32,214.96,212.66,213.03,3675000,212.94,208.571,205.473,58.965,2.393,1.865,0.528,208.571,215.802,201.34
2022-08-01,214.41,216.25,214.14,216.25,3442000,214.08,209.154,205.804,63.5,2.641,2.02,0.621,209.154,216.895,201.414
2022-08-02,215.42,215.97,211.56,213.03,2844000,214.098,209.453,206.114,56.746,2.55,2.126,0.423,209.453,217.313,201.593
2022-08-03,211.47,213.49,210.55,212.76,2260000,213.768,209.701,206.438,56.207,2.427,2.186,0.241,209.701,217.654,201.749
2022-08-04,214.32,217.72,213.68,217.17,6883000,214.448,210.432,206.905,62.484,2.655,2.28,0.375,210.432,218.306,202.558
2022-08-05,211.38,214.5,206.32,214.32,7222000,214.706,210.878,207.322,56.816,2.576,2.339,0.237,210.878,218.56,203.196
2022-08-08,214.41,219.47,214.41,219.19,5446000,215.294,211.434,207.708,62.994,2.873,2.446,0.427,211.434,219.836,203.032
2022-08-09,219.56,220.48,217.81,219.37,3520000,216.562,211.907,208.107,63.203,3.088,2.574,0.513,211.907,220.986,202.828
2022-08-10,220.02,220.48,218.0,220.02,2612000,218.014,212.73,208.546,63.996,3.273,2.714,0.559,212.73,221.606,203.853
2022-08-12,222.41,225.35,221.12,223.51,5985000,219.282,213.658,208.906,67.984,3.659,2.903,0.756,213.658,222.979,204.336
2022-08-15,225.62,226.17,223.14,225.53,3323000,221.524,214.604,209.291,70.052,4.08,3.138,0.942,214.604,224.719,204.489
2022-08-16,225.44,225.44,223.33,224.43,2548000,222.572,215.606,209.667,67.496,4.276,3.366,0.91,215.606,225.427,205.785
2022-08-17,226.63,229.21,226.45,227.09,4608000,224.116,216.516,210.075,70.317,4.594,3.612,0.982,216.516,227.064,205.967
2022-08-18,226.17,227.09,224.43,226.17,2336000,225.346,217.296,210.412,68.115,4.716,3.833,0.884,217.296,228.289,206.304
2022-08-19,227.46,228.1,226.08,226.63,3340000,225.97,218.073,210.709,68.643,4.796,4.025,0.77,218.073,229.411,206.735
2022-08-22,225.35,227.0,224.61,224.8,3675000,225.824,218.748,210.998,64.09,4.657,4.151,0.505,218.748,229.994,207.503
2022-08-23,222.5,223.23,220.75,221.95,3070000,225.328,219.318,211.268,57.674,4.268,4.175,0.093,219.318,229.954,208.683
2022-08-24,223.6,226.63,223.6,225.35,3637000,224.98,219.939,211.652,62.498,4.186,4.177,0.009,219.939,230.455,209.423
2022-08-25,226.08,226.08,223.6,224.34,2707000,224.614,220.436,211.994,60.299,3.993,4.14,-0.147,220.436,230.788,210.083
2022-08-26,225.62,227.74,225.53,226.73,2269000,224.634,221.084,212.426,63.565,3.987,4.11,-0.122,221.084,231.301,210.866
2022-08-29,222.13,224.06,222.04,222.87,3008000,224.248,221.576,212.709,55.609,3.629,4.013,-0.384,221.576,231.083,212.068
2022-08-30,225.9,227.19,224.61,226.27,2989000,225.112,222.076,213.162,60.32,3.579,3.927,-0.348,222.076,231.458,212.695
2022-08-31,224.06,225.72,223.88,225.07,2728000,225.056,222.679,213.704,57.981,3.403,3.822,-0.419,222.679,231.113,214.244
2022-09-01,224.52,225.16,222.5,222.87,2655000,224.762,223.184,214.092,53.858,3.05,3.667,-0.617,223.184,230.21,216.158
2022-09-02,221.95,221.95,219.93,220.75,2541000,223.566,223.363,214.48,50.156,2.57,3.448,-0.878,223.363,229.91,216.816
2022-09-05,220.57,224.06,220.48,221.86,3071000,223.364,223.74,214.926,52.016,2.254,3.209,-0.955,223.74,228.792,218.688
2022-09-06,222.96,223.97,221.67,223.6,1846000,222.83,223.96,215.384,54.859,2.119,2.991,-0.872,223.96,228.539,219.382
2022-09-07,223.6,225.81,222.41,225.53,4147000,222.922,224.268,215.781,57.842,2.143,2.821,-0.679,224.268,228.348,220.189
2022-09-08,227.46,229.21,226.54,229.12,3581000,224.172,224.724,216.196,62.772,2.424,2.742,-0.318,224.724,228.838,220.609
2022-09-09,229.67,230.49,228.29,229.39,3567000,225.9,225.018,216.643,63.121,2.637,2.721,-0.083,225.018,229.583,220.452
2022-09-12,231.23,231.41,228.01,229.3,2380000,227.388,225.206,217.134,62.909,2.768,2.73,0.037,225.206,230.155,220.257
2022-09-13,229.3,229.94,228.2,229.21,1720000,228.51,225.445,217.626,62.682,2.831,2.751,0.081,225.445,230.689,220.201
2022-09-14,224.61,229.67,223.88,228.2,3243000,229.044,225.501,218.049,60.068,2.768,2.754,0.014,225.501,230.841,220.16
2022-09-15,228.2,228.56,226.73,227.83,1781000,228.786,225.584,218.45,59.095,2.658,2.735,-0.077,225.584,231.018,220.149
2022-09-16,226.36,228.38,225.9,227.28,5884000,228.364,225.616,218.944,57.603,2.497,2.687,-0.19,225.616,231.085,220.147
2022-09-20,228.38,231.69,227.74,228.38,3097000,228.18,225.795,219.404,59.79,2.43,2.636,-0.206,225.795,231.384,220.206
2022-09-21,227.65,227.92,224.98,225.99,2461000,227.536,225.997,219.762,53.349,2.16,2.541,-0.381,225.997,231.285,220.709
2022-09-22,224.24,225.81,222.5,225.44,3374000,226.984,226.002,220.073,51.962,1.879,2.408,-0.529,226.002,231.288,220.715
2022-09-26,222.5,222.5,214.96,216.34,5867000,224.686,225.602,220.328,35.509,0.912,2.109,-1.197,225.602,232.409,218.794
2022-09-27,216.98,219.1,214.96,215.79,3429000,222.388,225.054,220.545,34.792,0.1,1.707,-1.607,225.054,233.122,216.987
2022-09-28,214.59,214.78,209.91,212.11,3734000,219.134,224.516,220.655,30.373,-0.831,1.2,-2.03,224.516,234.423,214.61
2022-09-29,216.43,217.35,213.4,215.61,3536000,217.058,223.984,220.88,38.388,-1.271,0.705,-1.977,223.984,234.613,213.354
2022-09-30,214.14,214.87,209.63,210.74,3667000,214.118,223.267,220.917,32.74,-1.991,0.166,-2.157,223.267,235.412,211.122
2022-10-03,210.0,213.58,209.63,213.31,3008000,213.512,222.789,220.972,37.93,-2.326,-0.332,-1.994,222.789,235.726,209.852
2022-10-04,217.9,218.64,215.61,217.54,2943000,213.862,222.628,221.101,45.398,-2.226,-0.711,-1.515,222.628,235.751,209.506
2022-10-05,219.1,219.56,217.17,217.63,2866000,214.966,222.417,221.227,45.548,-2.114,-0.992,-1.122,222.417,235.726,209.108
2022-10-06,218.45,220.2,217.81,218.55,2056000,215.554,222.164,221.387,47.148,-1.929,-1.179,-0.75,222.164,235.571,208.758
2022-10-07,216.25,218.36,214.87,216.43,2576000,216.692,221.71,221.457,43.944,-1.931,-1.33,-0.602,221.71,235.252,208.167
2022-10-11,214.59,214.87,210.92,212.48,3305000,216.526,220.878,221.419,38.672,-2.226,-1.509,-0.717,220.878,234.547,207.208
2022-10-12,212.66,213.03,208.99,209.26,3112000,214.87,219.871,221.328,34.987,-2.689,-1.745,-0.944,219.871,233.862,205.88
2022-10-13,208.44,209.08,206.69,207.43,2688000,212.83,218.778,221.216,33.059,-3.167,-2.029,-1.137,218.778,233.081,204.474
2022-10-14,210.0,214.23,209.08,213.22,4787000,211.764,217.978,221.156,43.641,-3.043,-2.232,-0.811,217.978,231.597,204.359
2022-10-17,211.65,213.22,211.19,212.39,2250000,210.956,217.188,221.143,42.602,-2.977,-2.381,-0.596,217.188,230.127,204.248
2022-10-18,214.59,215.88,213.68,215.33,3211000,211.526,216.562,221.194,47.383,-2.658,-2.436,-0.221,216.562,228.506,204.619
2022-10-19,215.05,215.42,213.31,215.42,2944000,212.758,215.97,221.159,47.528,-2.37,-2.423,0.053,215.97,226.799,205.14
2022-10-20,213.22,214.32,210.09,211.47,2378000,213.566,215.124,221.102,42.08,-2.432,-2.425,-0.007,215.124,224.403,205.845
2022-10-21,209.54,210.46,207.43,207.79,3024000,212.48,214.214,220.874,37.74,-2.747,-2.489,-0.258,214.214,222.525,205.903
2022-10-24,210.46,210.46,206.42,207.33,3097000,211.468,213.308,220.634,37.223,-2.999,-2.591,-0.408,213.308,220.314,206.303
2022-10-25,208.62,210.74,207.98,208.81,2205000,210.164,212.932,220.409,40.067,-3.044,-2.682,-0.362,212.932,220.059,205.805
2022-10-26,210.37,210.46,207.7,207.89,2023000,208.658,212.537,220.097,38.888,-3.119,-2.769,-0.349,212.537,219.87,205.204
2022-10-27,208.35,208.62,206.69,207.7,2029000,207.904,212.316,219.74,38.635,-3.156,-2.847,-0.31,212.316,219.962,204.671
2022-10-28,206.6,207.89,204.85,205.68,7037000,207.482,211.82,219.365,35.957,-3.311,-2.94,-0.371,211.82,219.845,203.795
2022-10-31,208.16,211.01,207.52,211.01,2893000,208.218,211.834,219.044,46.494,-2.969,-2.945,-0.024,211.834,219.852,203.815
2022-11-01,212.57,215.61,211.75,215.42,3488000,209.54,211.939,218.829,53.335,-2.316,-2.82,0.504,211.939,220.094,203.784
2022-11-02,214.78,218.45,214.04,217.54,2846000,211.47,211.939,218.647,56.232,-1.609,-2.577,0.969,211.939,220.094,203.784
2022-11-04,215.15,217.35,213.86,215.15,3124000,212.96,211.815,218.454,52.29,-1.227,-2.307,1.081,211.815,219.676,203.954
2022-11-07,217.35,218.18,215.24,216.07,2764000,215.038,211.691,218.336,53.638,-0.84,-2.014,1.174,211.691,219.173,204.209
2022-11-08,217.08,219.19,215.15,218.91,3636000,216.618,211.815,218.208,57.616,-0.301,-1.671,1.37,211.815,219.699,203.931
2022-11-09,237.3,241.71,229.58,232.24,17688000,219.982,212.803,218.366,70.438,1.188,-1.099,2.287,212.803,224.877,200.729
2022-11-10,230.77,231.96,226.82,229.21,6460000,222.316,213.8,218.415,65.581,2.099,-0.46,2.559,213.8,227.787,199.814
2022-11-11,233.8,233.8,228.2,229.76,4550000,225.238,214.917,218.553,66.039,2.834,0.199,2.634,214.917,230.262,199.572
2022-11-14,227.92,229.21,221.95,223.97,6302000,226.818,215.454,218.507,57.387,2.914,0.742,2.172,215.454,231.294,199.615
2022-11-15,224.7,228.01,224.43,228.01,4381000,228.638,216.236,218.566,61.206,3.267,1.247,2.02,216.236,232.955,199.516
2022-11-16,227.19,229.12,225.35,227.92,3297000,227.774,216.865,218.667,61.075,3.499,1.697,1.801,216.865,234.37,199.36
2022-11-17,227.37,232.61,226.63,232.33,4517000,228.398,217.71,218.898,65.034,3.992,2.156,1.836,217.71,236.508,198.913
2022-11-18,233.71,234.54,230.77,231.05,2610000,228.656,218.69,219.082,63.03,4.231,2.571,1.66,218.69,238.146,199.233
2022-11-21,233.62,234.35,231.23,232.98,2238000,230.458,219.949,219.27,64.791,4.524,2.962,1.562,219.949,239.694,200.204
2022-11-22,234.26,236.19,233.62,235.18,6393000,231.892,221.342,219.463,66.737,4.878,3.345,1.533,221.342,241.267,201.416
2022-11-24,235.18,237.57,234.54,237.3,4094000,233.768,222.766,219.626,68.541,5.268,3.73,1.539,222.766,242.99,202.542
2022-11-25,238.03,239.78,236.93,238.86,2838000,235.074,224.314,219.816,69.837,5.639,4.111,1.527,224.314,244.486,204.143
2022-11-28,239.87,241.34,238.67,239.78,3514000,236.82,225.918,220.025,70.607,5.938,4.477,1.461,225.918,245.623,206.214
2022-11-29,237.85,238.77,236.38,237.48,2539000,237.72,227.508,220.191,66.07,5.921,4.766,1.156,227.508,245.384,209.633
2022-11-30,236.84,239.32,236.84,238.67,3470000,238.418,228.892,220.4,67.243,5.936,5.0,0.936,228.892,245.637,212.146
2022-12-01,239.23,239.23,235.46,236.38,2670000,238.234,229.94,220.571,62.748,5.697,5.139,0.558,229.94,245.731,214.148
2022-12-02,234.72,234.72,230.86,231.41,2885000,236.744,230.633,220.654,54.27,5.048,5.121,-0.073,230.633,245.311,215.955
2022-12-05,231.41,232.06,227.65,229.48,3546000,234.684,231.349,220.676,51.367,4.328,4.962,-0.634,231.349,244.121,218.578
2022-12-06,229.3,231.78,228.93,230.95,2554000,233.378,232.094,220.775,53.411,3.832,4.736,-0.904,232.094,242.66,221.527
2022-12-07,228.47,231.69,228.38,230.31,3627000,231.706,232.664,220.872,52.379,3.349,4.459,-1.11,232.664,241.287,224.04
2022-12-08,230.03,230.03,227.28,228.47,3257000,230.124,232.475,221.115,49.422,2.785,4.124,-1.339,232.475,241.3,223.65
2022-12-09,231.78,241.61,231.6,240.42,9875000,231.926,233.036,221.608,63.739,3.265,3.952,-0.687,233.036,242.395,223.676
2022-12-12,240.51,242.17,238.49,242.07,4977000,234.444,233.651,222.207,65.204,3.736,3.909,-0.173,233.651,243.697,223.605
2022-12-13,243.54,245.2,242.9,242.99,4065000,236.852,234.602,222.754,66.028,4.135,3.954,0.181,234.602,244.387,224.817
2022-12-14,242.99,243.09,240.33,241.52,4318000,239.094,235.277,223.37,63.443,4.284,4.02,0.264,235.277,245.012,225.543
2022-12-15,241.25,242.53,239.13,241.61,3033000,241.722,235.962,223.936,63.537,4.359,4.088,0.271,235.962,245.44,226.484
2022-12-16,238.95,241.8,238.49,239.13,4561000,241.464,236.302,224.368,59.027,4.17,4.104,0.065,236.302,245.719,226.885
2022-12-19,239.23,242.07,239.23,241.89,3968000,241.428,236.844,224.853,62.239,4.194,4.122,0.072,236.844,246.236,227.452
2022-12-20,242.9,243.45,236.38,238.95,4766000,240.62,237.142,225.261,57.103,3.931,4.084,-0.153,237.142,246.396,227.889
2022-12-21,237.57,237.75,231.05,232.15,3679000,238.746,236.991,225.575,47.367,3.138,3.895,-0.757,236.991,246.476,227.506
2022-12-22,233.89,234.72,230.77,231.41,3562000,236.706,236.696,225.954,46.439,2.422,3.6,-1.179,236.696,246.501,226.892
2022-12-23,229.67,229.67,227.19,228.84,3032000,234.648,236.195,226.346,43.269,1.628,3.206,-1.578,236.195,246.544,225.847
2022-12-26,229.3,231.23,229.02,230.86,2385000,232.442,235.749,226.814,46.368,1.148,2.794,-1.646,235.749,246.216,225.283
2022-12-27,230.95,231.41,228.01,229.39,2273000,230.53,235.345,227.138,44.465,0.642,2.364,-1.721,235.345,246.149,224.541
2022-12-28,229.48,229.48,227.74,228.29,1652000,229.758,234.826,227.456,43.041,0.151,1.921,-1.77,234.826,245.95,223.702
2022-12-29,226.08,227.83,224.15,227.83,2256000,229.042,234.398,227.706,42.429,-0.273,1.482,-1.755,234.398,245.921,222.876
2022-12-30,228.47,229.39,226.73,227.37,1727000,228.748,234.196,227.945,41.789,-0.638,1.058,-1.696,234.196,246.076,222.317
2023-01-04,226.27,226.36,222.41,223.97,2377000,227.37,233.921,228.195,37.31,-1.188,0.609,-1.797,233.921,246.496,221.346
2023-01-05,223.6,223.6,220.57,222.96,3120000,226.084,233.522,228.498,36.074,-1.686,0.15,-1.836,233.522,246.972,220.071
2023-01-06,221.86,223.69,221.67,222.13,1665000,224.852,233.112,228.794,35.046,-2.123,-0.305,-1.819,233.112,247.442,218.783
2023-01-10,221.58,222.41,220.84,221.86,3344000,223.658,232.782,229.055,34.699,-2.463,-0.736,-1.727,232.782,247.849,217.715
2023-01-11,223.6,224.43,222.59,224.15,1726000,223.014,231.968,229.38,40.107,-2.519,-1.093,-1.426,231.968,247.056,216.881
2023-01-12,223.6,224.8,222.41,222.41,1699000,222.702,230.986,229.674,37.562,-2.673,-1.409,-1.264,230.986,245.862,216.109
2023-01-13,220.66,222.22,218.82,219.74,3555000,222.058,229.823,229.956,33.996,-2.975,-1.722,-1.253,229.823,244.38,215.266
2023-01-16,219.83,219.83,216.16,216.8,2696000,220.992,228.587,230.071,30.557,-3.413,-2.06,-1.353,228.587,243.16,214.014
2023-01-17,216.71,219.65,216.71,218.45,1964000,220.31,227.429,230.132,34.558,-3.586,-2.366,-1.22,227.429,241.309,213.549
2023-01-18,218.36,224.24,216.71,222.31,2566000,219.942,226.588,230.227,42.855,-3.372,-2.567,-0.806,226.588,239.486,213.69
2023-01-19,220.11,220.66,217.81,218.27,2679000,219.114,225.407,230.29,37.497,-3.489,-2.751,-0.738,225.407,236.622,214.192
2023-01-20,218.27,219.47,217.63,219.1,2298000,218.986,224.415,230.35,39.179,-3.474,-2.896,-0.578,224.415,233.974,214.855
2023-01-23,221.3,222.22,219.28,221.67,2473000,219.96,223.89,230.406,44.189,-3.218,-2.96,-0.258,223.89,232.791,214.99
2023-01-24,222.96,225.53,222.96,224.52,2328000,221.174,223.546,230.251,49.187,-2.753,-2.919,0.166,223.546,231.725,215.367
2023-01-25,224.89,228.47,224.52,227.28,2453000,222.168,223.468,230.213,53.527,-2.138,-2.763,0.625,223.468,231.462,215.474
2023-01-26,227.55,228.75,227.37,228.56,1126000,224.226,223.353,230.189,55.429,-1.529,-2.516,0.987,223.353,230.956,215.75
2023-01-27,228.56,229.3,227.83,228.38,1514000,226.082,223.302,230.277,55.087,-1.049,-2.223,1.174,223.302,230.748,215.857
2023-01-30,227.74,228.93,227.09,228.1,1566000,227.368,223.293,230.279,54.525,-0.683,-1.915,1.231,223.293,230.712,215.874
2023-01-31,229.48,231.51,228.84,230.77,2859000,228.618,223.44,230.336,58.841,-0.176,-1.567,1.391,223.44,231.339,215.541
2023-02-01,231.69,233.99,230.22,230.86,3058000,229.334,223.614,230.306,58.982,0.231,-1.207,1.438,223.614,232.017,215.212
2023-02-02,230.95,230.95,225.62,226.91,2675000,229.004,223.761,230.223,50.747,0.232,-0.92,1.151,223.761,232.292,215.231
2023-02-03,226.08,227.74,225.26,226.73,2307000,228.674,223.95,230.098,50.402,0.215,-0.693,0.908,223.95,232.572,215.328
2023-02-06,229.85,231.23,228.01,228.2,2422000,228.694,224.253,229.959,53.203,0.317,-0.491,0.808,224.253,233.032,215.475
2023-02-07,229.67,229.67,226.63,228.1,3411000,228.16,224.566,229.775,52.983,0.386,-0.315,0.701,224.566,233.429,215.702
2023-02-08,210.92,219.19,207.98,218.0,15051000,225.588,224.258,229.358,36.587,-0.371,-0.327,-0.044,224.258,233.596,214.92
2023-02-09,217.17,217.9,213.12,216.43,5834000,223.492,223.959,228.891,34.785,-1.085,-0.478,-0.607,223.959,233.909,214.009
2023-02-10,216.71,216.98,215.05,215.7,3953000,221.286,223.757,228.455,33.948,-1.69,-0.721,-0.969,223.757,234.219,213.295
2023-02-13,215.05,215.33,211.47,212.39,3551000,218.124,223.536,227.929,30.377,-2.409,-1.058,-1.351,223.536,234.773,212.3
2023-02-14,215.51,216.43,214.14,215.15,3360000,215.534,223.372,227.505,36.385,-2.724,-1.391,-1.333,223.372,235.012,211.731
2023-02-15,217.08,217.63,214.14,214.59,1759000,214.852,222.986,227.168,35.712,-2.985,-1.71,-1.275,222.986,235.268,210.703
2023-02-16,216.16,218.55,215.61,218.45,3585000,215.256,222.995,226.948,43.477,-2.848,-1.938,-0.91,222.995,235.263,210.726
2023-02-17,217.81,220.48,217.35,220.48,3108000,216.212,223.063,226.738,47.096,-2.545,-2.059,-0.486,223.063,235.255,210.872
2023-02-20,221.21,223.14,221.21,223.05,2935000,218.344,223.133,226.593,51.343,-2.075,-2.062,-0.012,223.133,235.307,210.958
2023-02-21,222.87,224.52,221.76,224.15,2896000,220.144,223.114,226.507,53.079,-1.594,-1.969,0.374,223.114,235.28,210.948
2023-02-22,222.22,223.05,216.43,217.35,5242000,220.696,222.618,226.045,42.89,-1.742,-1.923,0.181,222.618,234.878,210.357
2023-02-24,218.91,220.94,218.36,219.37,3486000,220.88,222.158,225.591,46.194,-1.677,-1.874,0.197,222.158,234.167,210.149
2023-02-27,218.55,219.37,217.9,218.91,2379000,220.566,221.684,225.11,45.548,-1.644,-1.828,0.184,221.684,233.404,209.965
2023-02-28,220.84,221.21,218.27,218.82,3081000,219.72,221.22,224.656,45.414,-1.606,-1.784,0.177,221.22,232.6,209.841
2023-03-01,218.45,222.87,218.45,221.76,4294000,219.242,220.77,224.259,50.529,-1.324,-1.692,0.368,220.77,231.235,210.305
2023-03-02,223.23,223.79,220.84,220.84,2924000,219.94,220.269,223.893,48.982,-1.161,-1.586,0.425,220.269,229.597,210.941
2023-03-03,221.03,224.06,220.75,222.68,5259000,220.602,220.058,223.509,52.138,-0.873,-1.443,0.57,220.058,228.933,211.182
2023-03-06,222.5,225.26,222.5,224.98,4649000,221.816,219.97,223.229,55.817,-0.455,-1.246,0.791,219.97,228.599,211.341
2023-03-07,225.26,229.94,225.16,228.93,5616000,223.838,220.007,223.165,61.317,0.194,-0.958,1.151,220.007,228.787,211.226
2023-03-08,227.55,231.14,226.73,230.49,4198000,225.584,220.126,223.147,63.262,0.824,-0.601,1.425,220.126,229.421,210.831
2023-03-09,231.14,231.14,229.21,229.94,3483000,227.404,220.723,223.169,62.077,1.264,-0.228,1.493,220.723,230.932,210.514
2023-03-10,226.73,230.86,226.73,228.84,3463000,228.636,221.344,223.128,59.669,1.507,0.119,1.389,221.344,231.954,210.733
2023-03-13,225.16,225.72,220.11,222.5,4716000,228.14,221.684,222.99,48.093,1.175,0.33,0.845,221.684,231.963,211.404
2023-03-14,217.9,217.9,211.01,213.86,5208000,225.126,221.757,222.702,37.434,0.212,0.306,-0.095,221.757,231.775,211.739
2023-03-15,217.17,219.56,216.71,218.18,3224000,222.664,221.908,222.509,44.104,-0.201,0.205,-0.406,221.908,231.591,212.226
2023-03-16,212.39,215.97,210.37,215.24,3575000,219.724,221.941,222.266,40.908,-0.756,0.013,-0.769,221.941,231.524,212.358
2023-03-17,217.26,217.72,213.22,214.41,4655000,216.838,221.739,222.075,40.026,-1.249,-0.24,-1.009,221.739,231.791,211.687
2023-03-20,211.84,214.5,210.92,211.19,4088000,214.576,221.274,221.84,36.718,-1.877,-0.567,-1.31,221.274,232.375,210.174
2023-03-22,215.51,215.61,213.4,213.68,1832000,214.54,220.806,221.671,40.793,-2.15,-0.884,-1.266,220.806,232.373,209.239
2023-03-23,212.85,216.34,211.75,216.34,2098000,214.172,220.416,221.56,44.876,-2.127,-1.132,-0.994,220.416,232.034,208.797
2023-03-24,216.07,217.17,215.7,217.17,2119000,214.558,220.406,221.421,46.124,-2.018,-1.309,-0.709,220.406,232.035,208.778
2023-03-27,219.28,221.03,219.01,219.1,3336000,215.496,220.393,221.354,49.016,-1.756,-1.399,-0.357,220.393,232.027,208.759
2023-03-28,220.2,221.21,218.64,219.47,2458000,217.152,220.421,221.349,49.575,-1.501,-1.419,-0.082,220.421,232.043,208.799
2023-03-29,220.84,223.51,220.84,223.42,3903000,219.1,220.651,221.481,55.217,-0.969,-1.329,0.36,220.651,232.322,208.98
2023-03-30,227.12,231.69,226.27,230.55,4293000,221.942,221.091,221.723,63.218,0.027,-1.058,1.085,221.091,233.571,208.61
2023-03-31,232.83,235.96,232.64,233.87,4996000,225.282,221.742,221.955,66.243,1.072,-0.632,1.704,221.742,235.466,208.018
2023-04-03,235.68,236.91,234.25,235.77,3520000,228.616,222.396,222.305,67.871,2.031,-0.099,2.13,222.396,237.489,207.304
2023-04-04,235.68,236.82,233.68,236.63,2896000,232.048,222.979,222.655,68.609,2.827,0.486,2.341,222.979,239.337,206.621
2023-04-05,233.4,235.2,231.12,231.59,3276000,233.682,223.112,222.854,59.922,3.017,0.992,2.025,223.112,239.716,206.508
2023-04-06,228.55,229.02,225.13,226.36,4359000,232.844,222.906,222.89,52.494,2.714,1.336,1.377,222.906,239.223,206.588
2023-04-07,226.17,229.02,225.32,228.83,3034000,231.836,222.85,222.921,55.311,2.642,1.598,1.045,222.85,239.074,206.626
2023-04-10,230.93,231.88,227.79,228.45,3270000,230.372,222.831,222.919,54.773,2.526,1.783,0.743,222.831,239.025,206.636
2023-04-11,230.83,231.12,227.5,228.93,3820000,228.832,223.152,222.93,55.364,2.444,1.915,0.529,223.152,239.573,206.731
2023-04-12,230.55,232.35,230.26,231.5,2773000,228.814,224.034,222.998,58.491,2.558,2.044,0.514,224.034,240.247,207.821
2023-04-13,230.74,231.4,229.59,230.55,2660000,229.652,224.652,222.994,56.904,2.541,2.143,0.398,224.652,240.869,208.436
2023-04-14,230.55,230.55,228.55,229.69,2343000,229.824,225.375,222.97,55.438,2.431,2.201,0.23,225.375,241.106,209.644
2023-04-17,231.12,232.16,230.64,232.16,2117000,230.566,226.262,223.075,58.727,2.514,2.264,0.25,226.262,241.38,211.145
2023-04-18,232.83,233.3,231.02,232.45,1772000,231.27,227.326,223.19,59.109,2.573,2.325,0.248,227.326,240.89,213.761
2023-04-19,231.88,233.11,230.83,233.11,1810000,231.592,228.297,223.288,60.015,2.643,2.389,0.254,228.297,240.457,216.137
2023-04-20,232.26,234.54,231.4,233.78,1785000,232.238,229.169,223.402,60.961,2.721,2.456,0.266,229.169,240.165,218.173
2023-04-21,231.97,233.21,231.12,231.59,2084000,232.618,229.89,223.673,56.275,2.577,2.48,0.097,229.89,239.358,220.422
2023-04-24,232.83,233.78,231.4,233.21,1439000,232.828,230.596,224.009,58.798,2.564,2.497,0.067,230.596,238.679,222.512
2023-04-25,234.06,236.44,232.54,233.02,2242000,232.942,231.273,224.355,58.372,2.509,2.499,0.01,231.273,237.486,225.06
2023-04-26,230.83,231.88,229.12,230.16,3066000,232.352,231.61,224.711,52.245,2.209,2.441,-0.232,231.61,236.65,226.57
2023-04-27,229.88,231.59,229.4,231.59,1813000,231.914,231.662,225.04,54.8,2.063,2.365,-0.302,231.662,236.677,226.647
2023-04-28,233.87,235.39,233.02,235.39,3364000,232.674,231.738,225.456,60.801,2.228,2.338,-0.11,231.738,236.937,226.539
2023-05-01,236.72,237.96,236.53,237.86,2359000,233.604,231.843,225.844,64.135,2.53,2.376,0.153,231.843,237.45,226.235
2023-05-02,237.48,237.58,235.39,236.44,2195000,234.288,231.833,226.163,60.927,2.623,2.426,0.198,231.833,237.407,226.259
2023-05-08,236.06,240.33,235.87,240.05,2798000,236.266,232.256,226.503,65.633,2.955,2.532,0.423,232.256,238.928,225.584
2023-05-09,240.71,241.57,239.19,241.38,2240000,238.224,233.007,226.848,67.2,3.287,2.683,0.605,233.007,240.242,225.772
2023-05-10,241.85,241.85,239.0,241.57,2499000,239.46,233.644,227.332,67.429,3.525,2.851,0.674,233.644,241.544,225.744
2023-05-11,239.0,239.95,234.82,236.34,4692000,239.156,234.038,227.671,55.886,3.254,2.932,0.322,234.038,241.628,226.449
2023-05-12,229.21,234.92,227.6,232.64,10967000,238.396,234.224,227.946,49.438,2.71,2.887,-0.178,234.224,241.461,226.987
2023-05-15,233.68,239.38,233.3,237.67,9859000,237.92,234.533,228.323,56.744,2.654,2.841,-0.187,234.533,241.807,227.258
2023-05-16,237.67,237.67,232.26,233.68,5901000,236.38,234.689,228.561,50.509,2.261,2.725,-0.464,234.689,241.733,227.645
2023-05-17,233.59,235.58,229.69,229.88,4912000,234.042,234.698,228.742,45.394,1.624,2.505,-0.88,234.698,241.715,227.682
2023-05-18,231.31,231.4,228.26,230.35,4417000,232.844,234.608,228.896,46.121,1.145,2.233,-1.088,234.608,241.807,227.409
2023-05-19,231.4,234.73,230.35,231.02,3977000,232.52,234.537,229.016,47.199,0.809,1.948,-1.139,234.537,241.853,227.22
2023-05-22,230.93,233.02,228.55,232.73,4174000,231.532,234.518,229.092,49.954,0.674,1.693,-1.019,234.518,241.851,227.184
2023-05-23,233.87,235.77,230.74,231.88,4116000,231.172,234.422,229.12,48.597,0.492,1.453,-0.961,234.422,241.845,227.0
2023-05-24,231.88,232.64,229.97,230.16,3409000,231.228,234.351,229.125,45.881,0.207,1.204,-0.997,234.351,241.915,226.787
2023-05-25,229.02,230.83,227.79,230.45,3231000,231.248,234.213,229.157,46.424,0.004,0.964,-0.96,234.213,241.963,226.463
2023-05-26,230.83,231.59,228.93,229.69,3884000,230.982,234.046,229.301,45.144,-0.215,0.728,-0.943,234.046,242.044,226.049
2023-05-29,233.21,234.63,229.5,229.97,3812000,230.43,234.037,229.623,45.738,-0.362,0.51,-0.872,234.037,242.054,226.02
2023-05-30,229.02,231.02,228.36,231.02,2306000,230.258,234.008,229.88,48.01,-0.39,0.33,-0.72,234.008,242.066,225.951
2023-05-31,229.02,230.16,225.98,226.36,4285000,229.498,233.557,230.102,40.004,-0.779,0.108,-0.887,233.557,242.274,224.84
2023-06-01,224.56,226.17,223.42,224.56,2938000,228.32,232.892,230.305,37.409,-1.218,-0.157,-1.061,232.892,242.233,223.551
2023-06-02,225.79,227.88,224.84,227.88,2652000,227.958,232.464,230.639,44.553,-1.283,-0.382,-0.901,232.464,241.905,223.023
2023-06-05,229.83,233.06,228.88,231.83,4501000,228.33,232.053,231.002,51.628,-1.005,-0.507,-0.498,232.053,240.793,223.313
2023-06-06,229.55,232.45,227.74,232.3,3884000,228.586,231.599,231.321,52.406,-0.738,-0.553,-0.185,231.599,239.163,224.035
2023-06-07,234.25,234.39,228.83,229.36,4107000,229.186,230.988,231.565,47.282,-0.755,-0.593,-0.161,230.988,236.969,225.008
2023-06-08,229.88,230.31,223.99,225.18,6913000,229.31,230.431,231.686,41.125,-1.093,-0.693,-0.4,230.431,236.391,224.47
2023-06-09,227.69,228.55,225.6,227.74,5486000,229.282,230.186,231.852,45.782,-1.141,-0.783,-0.358,230.186,236.167,224.204
2023-06-12,228.07,231.59,228.07,230.35,5148000,228.986,229.82,231.99,50.114,-0.957,-0.818,-0.14,229.82,234.659,224.98
2023-06-13,230.64,233.49,229.64,232.54,6714000,229.034,229.762,232.03,53.473,-0.628,-0.78,0.152,229.762,234.435,225.09
2023-06-14,235.34,238.96,235.3,237.96,7267000,230.754,230.167,232.112,60.552,0.069,-0.61,0.679,230.167,236.107,224.226
2023-06-15,237.24,239.62,235.49,237.81,4415000,233.28,230.54,232.153,60.279,0.603,-0.367,0.971,230.54,237.395,223.684
2023-06-16,237.48,238.72,234.87,236.1,5129000,234.952,230.794,232.142,57.113,0.878,-0.118,0.996,230.794,238.086,223.501
2023-06-19,238.43,238.86,234.96,236.06,4540000,236.094,230.96,232.232,57.038,1.08,0.121,0.959,230.96,238.584,223.336
2023-06-20,235.68,235.72,233.68,234.49,4049000,236.484,231.091,232.394,54.021,1.101,0.317,0.784,231.091,238.868,223.313
2023-06-21,232.07,238.62,232.07,237.62,5658000,236.416,231.464,232.57,58.71,1.355,0.525,0.83,231.464,239.752,223.175
2023-06-22,237.58,238.34,236.86,237.15,2956000,236.284,231.799,232.744,57.757,1.5,0.72,0.78,231.799,240.448,223.149
2023-06-23,237.2,238.2,231.92,233.68,4605000,235.8,231.998,232.839,51.159,1.32,0.84,0.48,231.998,240.627,223.369
2023-06-26,234.63,238.39,232.45,236.44,3977000,235.876,232.322,232.938,55.512,1.385,0.949,0.436,232.322,241.114,223.529
2023-06-27,237.96,237.96,231.31,234.06,7072000,235.79,232.474,233.008,51.268,1.229,1.005,0.224,232.474,241.276,223.671
2023-06-28,235.87,239.0,235.68,239.0,4774000,236.066,233.106,233.194,58.381,1.488,1.102,0.386,233.106,241.875,224.336
2023-06-29,240.19,245.37,240.19,242.99,7022000,237.234,234.027,233.411,63.069,1.992,1.28,0.712,234.027,242.889,225.165
2023-06-30,242.33,243.8,239.53,241.09,3625000,238.716,234.688,233.584,59.625,2.212,1.466,0.746,234.688,243.589,225.786
2023-07-03,242.38,245.46,242.38,244.18,4397000,240.264,235.305,233.805,63.149,2.606,1.694,0.912,235.305,245.046,225.564
2023-07-04,245.46,246.04,244.13,244.23,2715000,242.298,235.902,234.014,63.205,2.889,1.933,0.956,235.902,246.306,225.497
2023-07-05,242.47,242.95,239.29,242.61,3329000,243.02,236.564,234.234,60.024,2.949,2.136,0.812,236.564,246.902,226.226
2023-07-06,241.28,244.8,240.52,241.95,3338000,242.812,237.402,234.409,58.727,2.909,2.291,0.618,237.402,246.498,228.307
2023-07-07,240.43,244.85,239.29,242.95,5624000,243.184,238.163,234.608,60.133,2.925,2.418,0.507,238.163,246.356,229.97
2023-07-10,245.42,246.37,242.19,243.09,4086000,242.966,238.8,234.866,60.336,2.915,2.517,0.398,238.8,246.394,231.206
2023-07-11,244.7,245.94,242.8,243.37,2609000,242.794,239.342,235.102,60.768,2.896,2.593,0.303,239.342,246.593,232.09
2023-07-12,245.23,245.61,241.71,244.37,5079000,243.146,239.662,235.282,62.344,2.928,2.66,0.268,239.662,247.217,232.107
2023-07-13,244.94,245.51,242.38,242.76,2771000,243.308,239.91,235.38,58.284,2.792,2.686,0.105,239.91,247.533,232.286
2023-07-14,244.04,245.27,241.43,242.61,3468000,243.24,240.235,235.503,57.906,2.641,2.677,-0.036,240.235,247.728,232.742
2023-07-18,243.28,244.75,241.66,244.51,2895000,243.524,240.658,235.592,61.33,2.644,2.67,-0.026,240.658,248.112,233.203
2023-07-19,245.56,247.7,244.32,247.7,3103000,244.39,241.318,235.719,66.288,2.871,2.711,0.16,241.318,248.813,233.823
2023-07-20,248.03,249.69,246.99,247.22,3492000,244.96,241.798,235.832,64.939,2.978,2.764,0.214,241.798,249.522,234.074
2023-07-21,247.6,250.22,244.94,248.74,4058000,246.156,242.378,236.08,67.215,3.149,2.841,0.308,242.378,250.367,234.388
2023-07-24,251.21,256.49,251.12,254.59,6943000,248.552,243.423,236.519,74.165,3.713,3.015,0.698,243.423,252.067,234.779
2023-07-25,255.97,261.53,254.83,261.53,7266000,251.956,244.678,236.996,79.671,4.667,3.346,1.321,244.678,255.94,233.415
2023-07-26,261.48,261.48,256.82,258.44,6063000,254.104,245.896,237.491,72.284,5.115,3.7,1.415,245.896,257.59,234.203
2023-07-27,258.44,258.48,254.49,257.11,6093000,256.082,246.802,238.036,69.306,5.301,4.02,1.281,246.802,259.039,234.565
2023-07-28,254.78,257.39,251.45,256.54,5463000,257.642,247.48,238.559,68.012,5.341,4.284,1.057,247.48,260.313,234.646
2023-07-31,258.91,261.29,257.3,259.1,3994000,258.544,248.38,239.121,70.661,5.516,4.531,0.985,248.38,261.838,234.922
2023-08-01,259.39,261.24,258.06,261.24,4175000,258.486,249.233,239.691,72.696,5.761,4.777,0.984,249.233,263.696,234.77
2023-08-02,260.95,270.36,259.72,265.37,10996000,259.872,250.29,240.361,76.136,6.216,5.064,1.152,250.29,266.228,234.352
2023-08-03,257.2,257.44,246.7,247.22,13780000,257.894,250.521,240.702,47.695,5.054,5.062,-0.008,250.521,266.12,234.921
2023-08-04,223.47,228.07,221.42,227.74,27563000,252.134,249.81,240.648,33.312,2.533,4.557,-2.024,249.81,268.114,231.506
2023-08-07,226.84,230.78,225.22,229.59,9037000,246.232,249.142,240.646,35.307,0.676,3.78,-3.105,249.142,269.373,228.911
2023-08-08,229.5,230.74,227.74,229.93,8915000,239.97,248.484,240.645,35.688,-0.76,2.872,-3.632,248.484,270.335,226.633
2023-08-09,231.88,232.4,227.84,227.88,6406000,232.472,247.71,240.582,34.374,-2.039,1.89,-3.929,247.71,271.349,224.07
2023-08-10,227.88,229.59,226.6,229.02,5787000,228.832,246.942,240.636,35.79,-2.928,0.926,-3.854,246.942,271.993,221.891
2023-08-14,229.97,232.78,226.41,227.84,5819000,228.852,246.196,240.701,34.949,-3.685,0.004,-3.689,246.196,272.622,219.77
2023-08-15,228.07,228.6,226.46,226.65,3154000,228.264,245.398,240.677,34.08,-4.33,-0.863,-3.468,245.398,273.207,217.589
2023-08-16,224.32,225.46,223.61,223.7,4149000,227.018,244.358,240.514,31.958,-5.022,-1.695,-3.328,244.358,273.815,214.9
2023-08-17,223.61,223.61,218.0,222.61,6868000,225.964,243.103,240.32,31.186,-5.594,-2.475,-3.12,243.103,274.06,212.146
2023-08-18,219.71,221.28,219.62,221.04,3909000,224.368,241.794,240.154,30.058,-6.104,-3.2,-2.903,241.794,274.198,209.39
2023-08-21,221.04,221.71,219.47,219.71,3891000,222.742,240.343,240.044,29.099,-6.54,-3.868,-2.671,240.343,274.013,206.672
2023-08-22,220.52,222.9,219.24,222.85,3557000,221.982,238.755,239.947,34.421,-6.556,-4.406,-2.15,238.755,272.59,204.921
2023-08-23,221.85,224.61,220.66,224.42,3467000,222.126,236.9,239.828,36.969,-6.369,-4.798,-1.57,236.9,269.524,204.276
2023-08-24,224.75,228.45,224.42,227.46,4712000,223.096,235.351,239.726,41.693,-5.907,-5.02,-0.887,235.351,266.581,204.121
2023-08-25,225.79,226.7,225.22,225.75,3095000,224.038,233.783,239.482,39.882,-5.614,-5.139,-0.475,233.783,263.527,204.039
2023-08-28,229.4,237.15,229.07,235.2,11734000,227.136,232.716,239.43,52.229,-4.567,-5.025,0.457,232.716,260.488,204.944
2023-08-29,236.72,239.76,236.06,238.34,7345000,230.234,231.678,239.475,55.499,-3.444,-4.709,1.264,231.678,256.715,206.641
2023-08-30,241.33,241.66,239.15,240.62,4744000,233.474,230.647,239.566,57.76,-2.344,-4.236,1.892,230.647,251.984,209.31
2023-08-31,238.34,238.86,236.86,238.05,5265000,235.592,229.281,239.637,54.405,-1.659,-3.72,2.061,229.281,243.602,214.96
2023-09-01,238.1,240.05,238.05,239.48,4556000,238.338,228.894,239.674,55.939,-0.99,-3.174,2.184,228.894,241.489,216.299
2023-09-04,239.57,241.52,237.72,241.52,3796000,239.602,229.583,239.762,58.104,-0.292,-2.598,2.306,229.583,243.364,215.802
2023-09-05,242.04,243.47,240.29,243.37,3337000,240.608,230.272,239.956,60.023,0.406,-1.997,2.403,230.272,245.369,215.175
2023-09-06,243.37,249.6,243.28,248.84,6318000,242.252,231.218,240.204,65.111,1.384,-1.321,2.705,231.218,248.443,213.992
2023-09-07,248.03,249.55,247.51,247.98,3354000,244.238,232.222,240.482,63.737,2.067,-0.643,2.71,232.222,250.911,213.534
2023-09-08,244.13,245.23,241.09,241.57,6653000,244.656,232.85,240.533,54.508,2.066,-0.101,2.168,232.85,251.925,213.775
2023-09-11,242.99,244.09,240.29,242.28,2941000,244.808,233.572,240.519,55.28,2.099,0.339,1.76,233.572,252.939,214.205
2023-09-12,244.28,245.32,241.9,243.66,2273000,244.866,234.422,240.571,56.815,2.211,0.713,1.498,234.422,254.003,214.842
2023-09-13,243.75,243.85,241.43,242.85,2326000,243.668,235.38,240.544,55.609,2.209,1.012,1.197,235.38,254.622,216.138
2023-09-14,242.8,245.89,241.57,245.75,4098000,243.222,236.537,240.574,58.968,2.413,1.293,1.121,236.537,255.324,217.75
2023-09-15,248.74,250.03,247.41,248.93,6233000,244.694,237.931,240.701,62.334,2.8,1.594,1.206,237.931,256.002,219.861
2023-09-19,247.22,250.03,246.13,249.27,5203000,246.092,239.409,240.847,62.687,3.098,1.895,1.203,239.409,255.977,222.842
2023-09-20,250.41,250.69,247.27,247.27,4438000,246.814,240.631,240.934,59.179,3.136,2.143,0.993,240.631,255.58,225.681
2023-09-21,246.23,248.55,243.56,244.28,3799000,247.1,241.624,240.957,54.288,2.892,2.293,0.599,241.624,254.54,228.707
2023-09-22,241.81,243.09,238.72,241.57,4811000,246.264,242.329,240.921,50.235,2.452,2.325,0.127,242.329,253.397,231.261
2023-09-25,241.57,243.56,240.29,242.19,3974000,244.916,243.151,240.878,51.134,2.128,2.285,-0.157,243.151,251.012,235.29
2023-09-26,242.23,242.33,239.19,239.48,4682000,242.958,243.365,240.812,47.127,1.635,2.155,-0.521,243.365,250.516,236.214
2023-09-27,238.53,240.19,235.53,240.19,4421000,241.542,243.457,240.764,48.271,1.286,1.981,-0.696,243.457,250.378,236.537
2023-09-28,236.63,239.95,233.44,234.44,8109000,239.574,243.148,240.562,40.611,0.539,1.693,-1.154,243.148,251.081,235.216
2023-09-29,233.54,234.44,225.41,226.36,9838000,236.532,242.564,240.136,32.746,-0.697,1.215,-1.912,242.564,253.304,231.824
2023-10-02,229.55,232.49,225.79,225.79,5469000,233.252,241.879,239.707,32.272,-1.703,0.631,-2.334,241.879,254.941,228.818
2023-10-03,225.51,226.13,219.0,219.0,8443000,229.156,240.753,239.112,27.21,-3.013,-0.097,-2.915,240.753,257.35,224.157
2023-10-04,216.01,217.29,211.4,212.87,8060000,223.692,239.228,238.278,23.611,-4.494,-0.977,-3.517,239.228,259.914,218.543
2023-10-05,214.29,216.48,211.68,215.86,4570000,219.976,237.58,237.364,28.574,-5.365,-1.854,-3.51,237.58,260.206,214.953
2023-10-06,218.1,219.0,216.1,216.86,3665000,218.076,236.024,236.533,30.208,-5.906,-2.665,-3.241,236.024,259.885,212.162
2023-10-10,219.81,222.42,219.28,221.94,4224000,217.306,235.042,235.829,37.969,-5.857,-3.303,-2.554,235.042,259.549,210.535
2023-10-11,222.47,222.56,219.05,219.14,3891000,217.334,233.885,235.081,35.618,-5.976,-3.838,-2.138,233.885,259.127,208.643
2023-10-12,221.23,222.23,219.76,222.23,3726000,219.206,232.814,234.344,40.031,-5.754,-4.221,-1.533,232.814,258.128,207.499
2023-10-13,219.52,220.8,217.34,217.76,3551000,219.586,231.559,233.474,36.168,-5.872,-4.551,-1.321,231.559,257.263,205.855
2023-10-16,216.67,218.52,214.77,215.91,3628000,219.396,230.067,232.485,34.677,-6.044,-4.85,-1.195,230.067,255.767,204.367
2023-10-17,217.62,219.33,214.63,216.34,3004000,218.276,228.438,231.868,35.345,-6.076,-5.095,-0.981,228.438,253.218,203.657
2023-10-18,217.53,219.38,215.48,216.48,5300000,217.744,226.798,231.642,35.575,-6.021,-5.28,-0.741,226.798,250.068,203.528
2023-10-19,213.82,216.43,211.82,213.15,5493000,215.928,225.092,231.314,32.596,-6.175,-5.459,-0.716,225.092,247.006,203.178
2023-10-20,212.68,214.48,211.92,213.39,4377000,215.054,223.547,230.983,33.031,-6.206,-5.609,-0.597,223.547,244.077,203.018
2023-10-23,212.87,216.67,212.87,215.58,5787000,214.988,222.248,230.737,37.028,-5.985,-5.684,-0.301,222.248,241.205,203.291
2023-10-24,215.82,220.52,213.53,219.43,8500000,215.606,221.11,230.545,43.421,-5.436,-5.634,0.198,221.11,237.598,204.622
2023-10-25,221.28,221.28,215.58,216.1,6690000,215.53,219.941,230.31,39.67,-5.21,-5.549,0.34,219.941,234.095,205.787
2023-10-26,215.15,217.43,212.16,214.1,7089000,215.72,218.636,230.059,37.57,-5.133,-5.466,0.333,218.636,229.315,207.958
2023-10-27,216.39,217.29,215.39,217.24,4619000,216.49,217.776,229.93,42.698,-4.763,-5.325,0.562,217.776,225.441,210.112
2023-10-30,214.34,214.34,208.02,210.45,6342000,215.464,216.981,229.687,35.842,-4.961,-5.253,0.291,216.981,224.183,209.779
2023-10-31,210.02,213.58,207.74,213.15,6058000,214.208,216.349,229.529,39.97,-4.845,-5.171,0.326,216.349,222.427,210.271
2023-11-01,215.77,218.52,215.15,216.67,5868000,214.322,216.233,229.468,44.943,-4.417,-5.02,0.603,216.233,222.185,210.28
2023-11-02,220.47,220.76,216.34,217.43,5091000,214.988,216.46,229.36,45.983,-3.971,-4.81,0.839,216.46,222.217,210.704
2023-11-06,220.85,224.7,220.85,223.61,9009000,216.262,216.848,229.344,53.653,-3.084,-4.465,1.381,216.848,223.42,210.276
2023-11-07,222.7,224.37,221.66,222.28,4574000,218.628,217.119,229.24,51.944,-2.459,-4.064,1.605,217.119,224.125,210.113
2023-11-08,223.75,224.75,214.96,216.96,6229000,219.39,216.87,229.064,45.675,-2.366,-3.724,1.358,216.87,223.499,210.241
2023-11-09,214.96,222.42,214.96,220.9,7723000,220.236,216.958,228.778,50.445,-1.952,-3.37,1.418,216.958,223.758,210.158
2023-11-10,206.88,221.75,206.69,221.42,18942000,221.034,216.917,228.44,51.055,-1.564,-3.009,1.445,216.917,223.594,210.241
2023-11-13,221.56,223.56,217.24,218.05,6134000,219.922,216.932,227.988,47.011,-1.511,-2.709,1.198,216.932,223.617,210.247
2023-11-14,219.14,219.66,216.91,218.67,4532000,219.2,217.07,227.601,47.83,-1.403,-2.448,1.045,217.07,223.78,210.36
2023-11-15,218.57,222.66,218.57,222.04,5137000,220.216,217.355,227.252,52.157,-1.033,-2.165,1.132,217.355,224.41,210.3
2023-11-16,222.66,223.61,220.76,222.85,4037000,220.606,217.674,226.879,53.163,-0.667,-1.865,1.198,217.674,225.126,210.221
2023-11-17,221.47,230.26,221.47,229.97,7448000,222.316,218.514,226.611,60.935,0.195,-1.453,1.648,218.514,227.464,209.565
2023-11-20,232.07,232.07,226.55,227.27,5262000,224.16,219.209,226.179,57.068,0.653,-1.032,1.685,219.209,228.625,209.792
2023-11-21,224.65,228.64,223.8,227.36,5039000,225.898,219.797,225.767,57.165,1.012,-0.623,1.635,219.797,229.719,209.876
2023-11-22,226.36,228.69,225.94,226.55,3285000,226.8,220.153,225.466,55.933,1.217,-0.255,1.472,220.153,230.52,209.787
2023-11-24,225.98,229.74,225.94,228.6,3058000,227.95,220.779,225.193,58.379,1.527,0.101,1.426,220.779,231.613,209.944
2023-11-27,229.36,230.21,225.51,225.65,3127000,227.086,221.356,224.833,53.755,1.517,0.384,1.133,221.356,231.919,210.793
2023-11-28,226.74,227.17,223.66,226.03,3032000,226.838,221.796,224.496,54.258,1.522,0.612,0.91,221.796,232.369,211.222
2023-11-29,224.27,226.74,224.23,224.32,1991000,226.23,222.489,224.068,51.544,1.373,0.764,0.609,222.489,231.655,213.323
2023-11-30,223.04,226.27,222.42,226.03,5702000,226.126,223.133,223.61,54.021,1.376,0.886,0.49,223.133,231.291,214.975
2023-12-01,228.07,228.07,224.84,225.51,3603000,225.508,223.575,223.134,53.131,1.322,0.974,0.348,223.575,231.199,215.951
2023-12-04,224.27,225.03,221.85,223.04,3051000,224.986,223.856,222.65,49.004,1.067,0.992,0.075,223.856,230.92,216.791
2023-12-05,222.8,223.37,221.28,222.7,3415000,224.32,223.81,222.218,48.446,0.828,0.96,-0.131,223.81,230.893,216.727
2023-12-06,221.42,226.03,221.14,225.51,2972000,224.558,223.972,221.897,53.189,0.856,0.939,-0.083,223.972,231.055,216.888
2023-12-07,224.51,224.99,220.38,221.04,4050000,223.56,224.176,221.474,45.947,0.511,0.853,-0.342,224.176,230.614,217.737
2023-12-08,219.95,219.95,214.1,216.1,5343000,221.678,223.936,221.006,39.54,-0.159,0.651,-0.81,223.936,231.194,216.677
2023-12-11,215.82,217.91,214.58,215.1,5323000,220.09,223.62,220.505,38.373,-0.761,0.368,-1.13,223.62,231.827,215.412
2023-12-12,216.58,216.62,214.2,215.25,4689000,218.6,223.48,220.121,38.666,-1.213,0.052,-1.265,223.48,232.169,214.79
2023-12-13,214.58,215.15,212.3,212.87,3628000,216.072,223.19,219.851,35.767,-1.743,-0.307,-1.436,223.19,232.883,213.496
2023-12-14,213.11,214.01,208.88,209.92,4923000,213.848,222.584,219.534,32.513,-2.374,-0.72,-1.653,222.584,233.951,211.216
2023-12-15,209.07,212.06,208.83,210.73,5239000,212.774,221.977,219.368,34.281,-2.776,-1.131,-1.645,221.977,234.517,209.438
2023-12-18,208.21,208.26,206.26,206.6,4730000,211.074,220.809,219.243,29.97,-3.389,-1.583,-1.806,220.809,234.514,207.104
2023-12-19,206.55,206.79,202.8,206.55,4929000,209.334,219.773,219.057,29.921,-3.835,-2.033,-1.802,219.773,234.515,205.031
2023-12-20,207.26,212.2,207.21,210.73,5368000,208.906,218.942,218.934,38.922,-3.807,-2.388,-1.419,218.942,233.757,204.126
2023-12-21,209.16,209.73,206.83,208.07,3456000,208.536,218.018,218.657,35.773,-3.954,-2.701,-1.253,218.018,233.137,202.898
2023-12-22,208.5,210.16,207.98,209.21,2624000,208.232,217.048,218.458,38.085,-3.933,-2.948,-0.985,217.048,231.793,202.303
2023-12-25,210.49,210.97,207.83,208.02,2996000,208.516,216.166,218.174,36.604,-3.967,-3.151,-0.815,216.166,230.854,201.479
2023-12-26,208.31,209.64,207.45,207.69,2953000,208.744,215.25,217.972,36.184,-3.974,-3.316,-0.658,215.25,229.631,200.868
2023-12-27,209.92,212.01,208.93,209.54,4446000,208.506,214.51,217.845,40.32,-3.787,-3.41,-0.377,214.51,228.441,200.58
2023-12-28,207.6,210.64,207.55,210.64,5178000,209.02,213.741,217.731,42.699,-3.51,-3.43,-0.08,213.741,226.655,200.827
2023-12-29,211.59,212.54,209.78,210.68,3012000,209.314,212.999,217.615,42.788,-3.25,-3.394,0.145,212.999,224.716,201.283
2024-01-04,210.11,213.2,208.97,213.2,5216000,210.35,212.508,217.616,48.258,-2.807,-3.277,0.469,212.508,223.233,201.782
2024-01-05,213.77,214.63,212.16,212.68,4940000,211.348,212.007,217.602,47.254,-2.47,-3.116,0.645,212.007,221.605,202.408
2024-01-09,214.25,216.91,213.11,216.58,6481000,212.756,211.56,217.622,54.842,-1.867,-2.866,0.999,211.56,219.13,203.99
2024-01-10,217.43,224.18,217.24,224.18,8508000,215.464,211.717,217.717,65.314,-0.767,-2.446,1.679,211.717,220.191,203.243
2024-01-11,225.6,231.35,225.56,226.79,7701000,218.686,212.252,217.931,68.054,0.312,-1.894,2.206,212.252,222.947,201.556
2024-01-12,230.69,230.69,223.75,223.99,6025000,220.844,212.696,218.128,62.363,0.93,-1.33,2.26,212.696,224.564,200.828
2024-01-15,222.94,223.99,222.56,223.37,562000,222.982,213.102,218.251,61.144,1.355,-0.793,2.147,213.102,225.86,200.344
2024-01-16,225.7,225.7,220.57,220.76,4693000,223.818,213.497,218.457,56.165,1.464,-0.341,1.805,213.497,226.705,200.288
2024-01-17,228.83,234.96,228.03,230.26,13170000,225.034,214.513,218.799,66.771,2.29,0.185,2.105,214.513,229.566,199.461
2024-01-18,228.17,229.59,225.13,225.79,7090000,224.834,215.266,218.982,59.479,2.555,0.659,1.896,215.266,231.013,199.52
2024-01-19,229.02,229.02,225.94,227.5,4504000,225.536,216.311,219.183,61.223,2.87,1.101,1.769,216.311,232.406,200.217
2024-01-22,228.07,232.78,226.7,232.64,5905000,227.39,217.616,219.364,65.967,3.494,1.58,1.914,217.616,234.585,200.647
2024-01-23,235.3,236.25,233.44,234.3,5150000,230.098,218.794,219.604,67.355,4.075,2.079,1.996,218.794,236.98,200.609
2024-01-24,235.49,240.86,234.54,240.48,8420000,232.142,220.415,220.075,71.945,4.977,2.658,2.319,220.415,240.276,200.554
2024-01-25,241.81,248.98,241.05,248.65,10140000,236.714,222.387,220.63,76.625,6.279,3.382,2.897,222.387,245.179,199.595
2024-01-26,246.18,248.98,244.37,246.65,7950000,240.544,224.318,221.134,73.397,7.068,4.12,2.948,224.318,248.49,200.147
2024-01-29,246.13,250.03,245.37,248.89,5718000,243.794,226.378,221.751,74.683,7.784,4.852,2.932,226.378,251.583,201.174
2024-01-30,253.64,254.02,247.32,247.98,6042000,246.53,228.3,222.337,73.137,8.184,5.519,2.665,228.3,253.957,202.644
2024-01-31,252.73,267.56,252.73,256.58,21936000,249.75,230.598,223.028,77.814,9.09,6.233,2.857,230.598,257.777,203.418
2024-02-01,257.91,262.48,256.3,257.82,12839000,251.584,232.954,223.727,78.398,9.795,6.945,2.85,232.954,261.023,204.886
2024-02-02,257.82,262.76,254.92,260.81,7943000,254.416,235.335,224.344,79.78,10.474,7.651,2.823,235.335,264.407,206.263
2024-02-05,263.95,268.65,263.24,268.03,9480000,258.244,238.103,225.159,82.664,11.463,8.414,3.05,238.103,268.597,207.608
2024-02-06,265.56,266.42,260.19,260.95,10230000,260.838,240.321,225.831,71.842,11.543,9.039,2.503,240.321,270.679,209.963
2024-02-07,260.1,263.52,259.72,262.24,6001000,261.97,242.224,226.545,72.547,11.576,9.547,2.029,242.224,273.089,211.359
2024-02-08,261.38,266.75,261.14,263.0,8831000,263.006,244.034,227.233,72.976,11.531,9.944,1.587,244.034,275.332,212.737
2024-02-09,254.73,279.34,253.54,273.55,25537000,265.554,246.512,228.191,78.098,12.206,10.396,1.81,246.512,278.955,214.07
2024-02-13,278.92,281.1,274.59,278.77,11081000,267.702,249.283,229.246,80.107,13.012,10.919,2.093,249.283,282.846,215.719
2024-02-14,275.59,275.59,268.32,269.13,8120000,269.338,251.701,230.142,67.748,12.726,11.281,1.446,251.701,283.537,219.865
2024-02-15,269.98,272.74,263.62,266.94,8280000,270.278,253.535,230.96,65.284,12.183,11.461,0.722,253.535,284.381,222.689
2024-02-16,267.51,272.12,266.7,270.55,6796000,271.788,255.773,231.861,67.39,11.906,11.55,0.356,255.773,284.571,226.975
2024-02-19,269.94,276.02,269.03,275.54,5523000,272.186,258.175,232.911,70.09,11.951,11.63,0.321,258.175,284.989,231.361
2024-02-20,275.83,275.87,267.08,268.18,8834000,270.068,259.952,233.821,61.943,11.264,11.557,-0.293,259.952,284.231,235.673
2024-02-21,267.51,282.19,266.28,281.67,13827000,272.576,262.321,234.944,69.045,11.673,11.58,0.093,262.321,285.269,239.372
2024-02-22,282.24,284.9,279.49,283.1,9604000,275.808,264.452,236.185,69.691,11.974,11.659,0.315,264.452,286.767,242.136
2024-02-26,284.19,285.85,279.96,280.06,7566000,277.71,266.022,237.464,66.514,11.832,11.694,0.138,266.022,288.075,243.969
2024-02-27,278.63,280.15,276.49,280.06,5885000,278.614,267.692,238.763,66.514,11.585,11.672,-0.087,267.692,288.599,246.786
2024-02-28,282.62,284.38,280.58,281.29,6169000,281.236,269.312,240.084,67.216,11.358,11.609,-0.251,269.312,289.074,249.551
2024-02-29,281.29,283.81,279.39,281.72,5670000,281.246,271.0,241.461,67.472,11.085,11.504,-0.419,271.0,288.752,253.247
2024-03-01,276.06,277.49,273.74,275.87,10178000,279.8,271.964,242.78,60.534,10.278,11.259,-0.981,271.964,288.47,255.458
2024-03-04,276.3,278.39,274.92,276.64,6525000,279.116,272.905,244.098,61.101,9.59,10.925,-1.335,272.905,288.11,257.7
2024-03-05,276.64,281.2,274.31,280.2,5491000,279.144,273.874,245.57,63.698,9.226,10.585,-1.36,273.874,288.284,259.465
2024-03-06,280.15,289.56,277.73,289.18,9496000,280.722,274.932,247.223,69.27,9.551,10.378,-0.827,274.932,290.587,259.277
2024-03-07,290.6,291.46,282.72,288.13,10703000,282.004,276.291,248.771,67.957,9.614,10.226,-0.612,276.291,291.549,261.033
2024-03-08,290.32,294.41,287.75,290.03,9495000,284.836,277.681,250.41,69.099,9.705,10.121,-0.416,277.681,292.609,262.752
2024-03-11,282.43,283.19,276.73,279.01,6937000,285.31,278.481,251.806,56.519,8.787,9.855,-1.068,278.481,291.715,265.247
2024-03-12,278.44,279.63,273.07,277.4,5455000,284.75,278.674,253.194,54.945,7.839,9.451,-1.613,278.674,291.717,265.63
2024-03-13,281.67,287.18,280.67,285.66,7673000,284.046,279.018,254.753,60.952,7.666,9.094,-1.429,279.018,292.43,265.606
2024-03-14,285.85,294.31,283.0,294.31,10482000,285.282,280.277,256.449,66.057,8.133,8.902,-0.769,280.277,294.485,266.069
2024-03-15,288.89,289.37,284.86,286.04,19825000,284.484,281.232,257.957,58.221,7.746,8.671,-0.925,281.232,294.177,268.287
2024-03-18,288.51,299.16,288.42,298.68,9414000,288.418,282.638,259.717,65.046,8.363,8.609,-0.246,282.638,296.756,268.521
2024-03-19,298.4,305.62,297.83,297.92,7744000,292.522,283.758,261.411,64.365,8.691,8.626,0.065,283.758,299.009,268.506
2024-03-21,300.49,305.9,298.97,303.43,6388000,296.076,285.52,263.226,67.057,9.288,8.758,0.53,285.52,301.328,269.712
2024-03-22,307.14,309.71,303.62,309.33,6867000,299.08,286.903,265.081,69.697,10.121,9.031,1.09,286.903,305.826,267.98
2024-03-25,309.23,312.65,305.24,305.9,6847000,303.052,288.043,266.715,66.367,10.384,9.301,1.083,288.043,308.672,267.414
2024-03-26,304.29,311.7,304.29,309.04,6183000,305.124,289.492,268.36,67.88,10.723,9.586,1.137,289.492,311.765,267.219
2024-03-27,309.8,311.89,307.52,308.47,5423000,307.234,290.912,270.05,67.288,10.82,9.833,0.988,290.912,314.251,267.574
2024-03-28,311.18,311.18,307.11,308.18,3960000,308.184,292.257,271.746,66.969,10.75,10.016,0.734,292.257,316.348,268.166
2024-03-29,307.79,313.7,307.41,313.6,2793000,309.038,293.851,273.603,69.853,11.005,10.214,0.791,293.851,319.193,268.509
2024-04-01,313.7,313.89,295.79,296.95,9946000,307.248,294.905,274.937,54.197,9.752,10.121,-0.37,294.905,318.81,271.0
2024-04-02,299.18,300.63,295.5,299.85,5555000,305.41,296.066,276.418,56.045,8.889,9.875,-0.986,296.066,318.442,273.689
2024-04-03,293.95,301.21,292.4,298.69,4800000,303.454,296.99,277.842,55.087,8.02,9.504,-1.484,296.99,318.099,275.881
2024-04-04,301.89,307.79,300.34,307.02,6963000,303.222,297.882,279.329,60.328,7.912,9.186,-1.274,297.882,319.108,276.656
2024-04-05,300.24,301.79,296.66,299.85,5514000,300.472,298.468,280.64,54.44,7.165,8.782,-1.616,298.468,319.202,277.734
2024-04-08,306.53,311.96,304.79,311.38,6630000,303.358,299.536,282.058,61.027,7.419,8.509,-1.091,299.536,320.636,278.435
2024-04-09,311.38,322.41,310.6,321.93,8851000,307.774,301.682,283.524,65.888,8.374,8.482,-0.108,301.682,322.722,280.641
2024-04-10,323.86,328.03,321.06,324.83,9001000,313.002,304.053,285.088,67.102,9.258,8.637,0.621,304.053,324.245,283.861
2024-04-11,321.64,329.87,317.96,328.03,13653000,317.204,306.172,286.67,68.438,10.101,8.93,1.171,306.172,327.115,285.228
2024-04-12,331.42,334.52,327.74,333.93,7560000,324.02,308.153,288.389,70.792,11.117,9.367,1.749,308.153,331.705,284.6
2024-04-15,330.16,340.03,328.71,338.87,8420000,329.518,310.794,290.035,72.632,12.18,9.93,2.25,310.794,335.715,285.873
2024-04-16,338.39,342.26,325.7,326.19,9946000,330.37,312.17,291.403,61.857,11.863,10.316,1.546,312.17,337.311,287.028
2024-04-17,327.35,328.32,317.18,325.99,9232000,330.602,313.573,292.706,61.702,11.463,10.546,0.917,313.573,338.498,288.648
2024-04-18,325.03,337.32,321.54,333.74,7532000,331.744,315.088,294.02,65.338,11.637,10.764,0.873,315.088,341.08,289.097
2024-04-19,329.19,330.64,319.6,324.16,8589000,329.79,315.83,295.285,58.007,10.877,10.787,0.09,315.83,341.975,289.685
2024-04-22,326.58,329.0,316.89,321.06,10467000,326.228,316.588,296.461,55.824,9.91,10.611,-0.701,316.588,342.398,290.778
2024-04-23,322.61,324.83,316.8,321.25,6242000,325.24,317.198,297.626,55.934,9.055,10.3,-1.245,317.198,342.834,291.563
2024-04-24,323.86,327.64,321.73,325.99,7452000,325.24,318.075,298.675,58.684,8.66,9.972,-1.312,318.075,343.651,292.498
2024-04-25,324.35,325.32,319.41,319.51,3389000,322.394,318.641,299.49,53.746,7.735,9.524,-1.79,318.641,343.793,293.489
2024-04-26,319.41,324.25,316.8,323.19,5972000,322.2,319.12,300.571,56.009,7.215,9.063,-1.848,319.12,344.234,294.007
2024-04-30,328.22,332.29,324.83,327.93,7023000,323.574,320.67,301.791,58.806,7.104,8.671,-1.567,320.67,343.766,297.573
2024-05-01,321.15,330.06,319.6,329.09,8197000,325.142,322.132,302.961,59.485,7.029,8.342,-1.314,322.132,343.3,300.963
2024-05-02,325.9,334.9,325.12,333.74,5502000,326.692,323.884,304.125,62.176,7.26,8.126,-0.866,323.884,342.535,305.233
2024-05-07,338.97,343.71,338.1,343.13,7186000,331.416,325.69,305.624,66.95,8.108,8.122,-0.014,325.69,344.458,306.921
2024-05-08,340.81,343.62,333.84,341.29,5834000,335.036,327.762,306.817,65.213,8.533,8.205,0.329,327.762,343.409,312.114
2024-05-09,340.81,344.49,337.71,339.16,5467000,337.282,329.15,307.938,63.17,8.599,8.283,0.316,329.15,343.558,314.743
2024-05-10,340.61,345.17,338.19,341.97,6360000,339.858,330.152,309.176,64.739,8.777,8.382,0.395,330.152,345.218,315.087
2024-05-13,336.55,337.81,330.64,333.93,9555000,339.896,330.607,310.254,57.226,8.175,8.341,-0.166,330.607,345.545,315.67
2024-05-14,374.02,397.84,374.02,396.19,41174000,350.508,334.016,312.552,78.264,12.577,9.188,3.389,334.016,366.853,301.178
2024-05-15,392.12,399.09,382.93,386.51,15455000,359.552,336.644,314.647,72.309,15.11,10.372,4.737,336.644,377.01,296.279
2024-05-16,384.57,386.7,370.53,383.02,16016000,368.324,338.852,316.79,70.234,16.644,11.627,5.017,338.852,384.246,293.458
2024-05-17,380.12,384.57,373.24,375.76,8264000,375.082,341.33,318.773,65.992,17.077,12.717,4.36,341.33,389.161,293.5
2024-05-20,379.73,385.83,376.15,378.67,6831000,384.03,343.965,320.742,66.856,17.454,13.664,3.79,343.965,393.99,293.939
2024-05-21,379.73,387.57,374.89,381.28,7270000,381.048,346.342,322.584,67.65,17.758,14.483,3.275,346.342,398.781,293.902
2024-05-22,383.89,383.89,374.02,375.95,7101000,378.936,348.931,324.341,64.264,17.369,15.06,2.309,348.931,401.871,295.991
2024-05-23,375.76,375.76,364.82,368.79,9277000,376.09,351.318,325.916,59.926,16.295,15.307,0.988,351.318,403.261,299.374
2024-05-24,362.59,365.59,357.07,364.14,10143000,373.766,353.462,327.618,57.224,14.897,15.225,-0.328,353.462,403.692,303.232
2024-05-27,370.24,387.19,368.79,386.99,10612000,375.43,356.512,329.81,65.464,15.455,15.271,0.184,356.512,407.125,305.899
2024-05-28,391.83,427.85,391.64,422.14,38734000,383.602,361.644,332.54,73.82,18.52,15.921,2.599,361.644,417.044,306.243
2024-05-29,422.14,427.46,412.94,413.33,13600000,391.078,366.15,334.92,69.294,20.007,16.738,3.269,366.15,423.026,309.275
2024-05-30,402.87,410.33,399.87,408.87,9675000,399.094,370.198,337.377,67.054,20.589,17.508,3.081,370.198,427.141,313.254
2024-05-31,407.81,410.52,403.55,409.84,9798000,408.234,374.235,339.6,67.301,20.887,18.184,2.703,374.235,430.351,318.119
2024-06-03,410.04,410.23,387.96,391.74,15238000,409.184,377.135,341.476,58.469,19.439,18.435,1.004,377.135,430.36,323.91
2024-06-04,415.94,418.75,404.32,406.16,19013000,405.988,380.286,343.531,62.672,19.233,18.595,0.639,380.286,432.488,328.085
2024-06-05,404.32,409.45,396.19,396.67,13189000,402.656,383.056,345.278,58.478,18.096,18.495,-0.399,383.056,432.341,333.77
2024-06-06,411.49,411.78,394.74,394.83,9004000,399.848,385.839,347.056,57.672,16.852,18.166,-1.315,385.839,430.783,340.895
2024-06-07,390.86,397.93,387.09,391.16,7451000,396.112,388.298,348.699,56.013,15.392,17.612,-2.219,388.298,428.24,348.357
2024-06-10,392.41,406.65,392.41,403.06,10703000,398.376,391.755,350.591,60.027,15.022,17.094,-2.071,391.755,422.877,360.633
2024-06-11,423.4,426.88,413.42,415.46,14620000,400.236,392.718,352.736,63.739,15.551,16.785,-1.234,392.718,425.564,359.873
2024-06-12,416.33,418.17,410.23,411.2,6842000,403.142,393.953,354.688,61.622,15.448,16.518,-1.07,393.953,427.661,360.245
2024-06-13,412.55,414.0,405.39,406.36,5926000,405.448,395.12,356.876,59.215,14.805,16.175,-1.37,395.12,428.85,361.39
2024-06-14,405.68,423.11,405.68,420.1,9753000,411.236,397.337,359.281,63.566,15.228,15.986,-0.757,397.337,431.535,363.139
2024-06-17,413.71,415.17,403.26,405.0,11595000,411.624,398.654,361.408,56.44,14.182,15.625,-1.443,398.654,431.838,365.469
2024-06-18,408.58,410.52,395.22,398.32,9208000,408.196,399.506,363.234,53.579,12.668,15.034,-2.366,399.506,431.671,367.34
2024-06-19,397.74,402.68,390.67,399.77,8052000,405.91,400.696,365.232,54.122,11.453,14.318,-2.864,400.696,430.893,370.5
2024-06-20,393.29,397.64,387.48,394.93,8882000,403.624,402.004,366.903,51.936,9.985,13.451,-3.466,402.004,428.41,375.597
2024-06-21,393.19,396.38,381.47,382.34,11323000,396.072,402.914,368.111,46.655,7.716,12.304,-4.588,402.914,424.672,381.155
2024-06-24,382.63,391.06,382.54,390.09,6967000,393.09,403.068,369.416,50.024,6.469,11.137,-4.668,403.068,424.389,381.748
2024-06-25,391.74,398.61,390.67,392.61,6928000,391.948,401.592,370.708,51.105,5.619,10.033,-4.414,401.592,421.387,381.797
2024-06-26,392.7,403.45,392.7,397.25,6853000,391.444,400.788,371.974,53.116,5.259,9.078,-3.819,400.788,419.869,381.707
2024-06-27,394.54,397.45,390.28,392.7,6586000,390.998,399.98,373.051,50.905,4.555,8.174,-3.619,399.98,418.988,380.971
2024-06-28,395.8,398.13,393.19,394.45,5077000,393.42,399.21,374.416,51.737,4.09,7.357,-3.267,399.21,417.779,380.641
2024-07-01,398.22,402.1,393.19,393.58,4443000,394.118,399.302,375.768,51.272,3.61,6.608,-2.997,399.302,417.733,380.871
2024-07-02,391.64,393.77,386.8,393.29,6288000,394.254,398.658,376.959,51.107,3.17,5.92,-2.75,398.658,416.98,380.337
2024-07-03,393.87,395.9,386.8,395.22,4700000,393.848,398.586,378.38,52.209,2.943,5.325,-2.382,398.586,416.952,380.22
2024-07-04,397.16,400.16,392.8,399.09,4586000,395.126,398.799,379.941,54.428,3.04,4.868,-1.828,398.799,417.08,380.518
2024-07-05,399.29,400.35,385.93,386.31,9874000,393.498,398.556,381.242,46.715,2.062,4.307,-2.244,398.556,417.385,379.728
2024-07-08,385.35,385.44,372.76,378.67,7131000,390.516,397.337,382.296,42.81,0.663,3.578,-2.915,397.337,418.006,376.668
2024-07-09,392.12,400.26,390.09,395.12,16677000,390.882,396.32,383.808,52.096,0.872,3.037,-2.165,396.32,415.155,377.485
2024-07-10,395.9,409.55,393.67,409.55,13624000,393.748,396.238,385.535,58.467,2.176,2.865,-0.688,396.238,414.811,377.664
2024-07-11,414.1,423.11,406.45,411.68,13117000,396.266,396.504,387.21,59.327,3.343,2.96,0.383,396.504,415.824,377.183
2024-07-12,403.26,406.65,396.77,400.06,8067000,399.016,395.501,388.629,52.893,3.293,3.027,0.266,395.501,411.455,379.548
2024-07-16,395.8,400.16,394.54,395.03,5979000,402.288,395.003,389.855,50.348,2.814,2.984,-0.17,395.003,410.317,379.689
2024-07-17,399.87,408.97,397.93,406.55,6620000,404.574,395.414,391.124,55.616,3.326,3.053,0.274,395.414,411.525,379.304
2024-07-18,394.93,397.16,380.12,380.12,10923000,398.688,394.432,391.9,44.065,1.581,2.758,-1.177,394.432,411.774,377.09
2024-07-19,377.6,384.28,371.69,383.51,7846000,393.054,393.861,392.787,45.625,0.466,2.3,-1.834,393.861,411.873,375.849
2024-07-22,383.51,388.64,371.98,372.08,7925000,387.458,393.348,393.389,41.43,-1.324,1.575,-2.899,393.348,413.229,373.467
2024-07-23,377.5,378.76,373.44,376.63,5626000,383.778,392.675,394.243,43.651,-2.349,0.79,-3.139,392.675,413.887,371.463
2024-07-24,372.76,375.57,368.5,370.82,6723000,376.632,391.586,393.736,41.487,-3.589,-0.085,-3.503,391.586,414.942,368.229
2024-07-25,358.14,364.92,356.4,358.43,8953000,372.294,389.644,393.174,37.247,-5.507,-1.17,-4.337,389.644,417.11,362.179
2024-07-26,359.2,367.53,357.27,360.56,5420000,367.704,388.038,392.725,38.413,-6.778,-2.291,-4.486,388.038,418.362,357.713
2024-07-29,380.89,388.64,380.31,382.83,11330000,369.854,387.456,392.867,49.063,-5.919,-3.017,-2.902,387.456,417.709,357.204
2024-07-30,380.02,386.9,378.67,386.9,5344000,371.908,387.122,393.031,50.739,-4.855,-3.385,-1.47,387.122,417.237,357.008
2024-07-31,381.18,401.9,380.7,401.32,10964000,378.008,387.524,393.432,56.236,-2.815,-3.271,0.456,387.524,418.194,356.854
2024-08-01,382.93,388.25,377.6,379.05,10001000,382.132,386.715,393.494,47.433,-2.962,-3.209,0.247,386.715,417.384,356.047
2024-08-02,358.72,363.56,349.33,349.33,12523000,379.886,384.228,393.105,38.723,-5.413,-3.65,-1.764,384.228,418.528,349.927
2024-08-05,310.7,318.35,282.72,284.99,18971000,360.318,379.162,391.522,27.114,-12.405,-5.401,-7.004,379.162,435.204,323.119
2024-08-06,304.89,333.45,304.89,333.45,15959000,349.628,376.9,390.451,41.371,-13.876,-7.096,-6.78,376.9,436.559,317.242
2024-08-07,306.34,326.96,291.14,308.57,24602000,331.078,372.573,388.18,37.333,-16.855,-9.048,-7.807,372.573,438.855,306.291
2024-08-08,307.21,315.73,303.15,308.76,11046000,317.02,367.534,386.088,37.383,-18.981,-11.034,-7.947,367.534,437.217,297.85
2024-08-09,317.86,324.54,309.83,314.18,13582000,309.99,362.658,384.194,38.889,-19.999,-12.827,-7.172,362.658,432.978,292.339
2024-08-13,322.41,335.39,322.22,327.64,12739000,318.52,359.038,382.55,42.581,-19.494,-14.161,-5.334,359.038,428.703,289.372
2024-08-14,329.19,339.45,325.7,334.61,10337000,318.752,356.016,381.408,44.453,-18.321,-14.993,-3.328,356.016,424.337,287.696
2024-08-15,335.58,354.36,335.1,352.14,12229000,327.466,353.296,380.327,48.959,-15.794,-15.153,-0.641,353.296,417.344,289.248
2024-08-16,369.08,376.05,364.72,368.31,12722000,339.376,352.706,379.76,52.766,-12.345,-14.591,2.246,352.706,415.924,289.487
2024-08-19,363.56,371.69,360.08,362.59,9197000,349.058,351.66,379.115,51.308,-9.958,-13.665,3.707,351.66,413.407,289.912
2024-08-20,366.95,372.95,364.72,366.18,7922000,356.766,351.364,378.616,52.201,-7.688,-12.469,4.781,351.364,412.757,289.972
2024-08-21,355.23,362.11,351.27,352.43,11014000,360.33,350.154,377.603,48.531,-6.919,-11.359,4.44,350.154,410.393,289.916
2024-08-22,350.49,351.56,344.39,350.78,10685000,360.058,349.153,376.31,48.095,-6.369,-10.361,3.992,349.153,408.606,289.699
2024-08-23,348.55,349.23,343.04,349.14,9531000,356.224,348.688,375.068,47.636,-5.997,-9.488,3.492,348.688,407.981,289.395
2024-08-26,340.91,341.1,325.7,329.58,15441000,349.622,347.139,373.533,42.434,-7.197,-9.03,1.833,347.139,406.744,287.534
2024-08-27,331.13,335.29,326.48,334.61,7624000,343.308,344.728,371.823,44.124,-7.654,-8.755,1.101,344.728,402.114,287.342
2024-08-28,329.58,330.64,325.7,329.38,7766000,338.698,341.852,370.311,42.719,-8.342,-8.672,0.33,341.852,396.014,287.69
2024-08-29,329.19,333.35,327.16,332.87,5427000,335.116,338.43,369.002,44.0,-8.507,-8.639,0.132,338.43,384.869,291.99
2024-08-30,339.65,350.3,338.78,348.55,14178000,334.998,336.904,367.977,49.467,-7.289,-8.369,1.08,336.904,379.578,294.231
2024-09-02,353.4,357.66,348.36,352.33,8129000,339.548,337.054,367.125,50.716,-5.95,-7.885,1.935,337.054,379.932,294.177
2024-09-03,357.27,359.3,351.94,353.1,5740000,343.246,340.46,366.54,50.981,-4.772,-7.263,2.491,340.46,376.142,304.778
2024-09-04,332.09,332.09,319.22,320.67,18605000,341.504,339.821,365.152,40.962,-6.382,-7.087,0.705,339.821,376.476,303.166
2024-09-05,310.31,322.22,307.99,315.93,12318000,338.116,340.189,363.618,39.733,-7.948,-7.259,-0.689,340.189,375.651,304.727
2024-09-06,315.15,317.47,302.66,305.57,11514000,329.52,340.03,361.785,37.112,-9.911,-7.789,-2.122,340.03,376.11,303.949
2024-09-09,292.01,304.98,290.17,303.92,9302000,319.838,339.516,360.009,36.697,-11.468,-8.525,-2.943,339.516,377.392,301.641
2024-09-10,307.02,314.09,305.86,305.86,7518000,310.39,338.428,358.237,37.581,-12.402,-9.3,-3.102,338.428,378.904,297.951
2024-09-11,300.24,304.98,293.17,297.82,6945000,305.82,336.588,356.322,35.375,-13.634,-10.167,-3.467,336.588,380.952,292.224
2024-09-12,310.41,311.76,302.95,304.11,7061000,303.456,334.186,354.539,38.42,-13.942,-10.922,-3.02,334.186,380.176,288.197
2024-09-13,305.95,309.63,301.21,306.73,6615000,303.688,331.107,352.769,39.695,-13.816,-11.501,-2.315,331.107,375.702,286.513
2024-09-17,307.89,310.31,298.5,304.4,5063000,303.784,328.198,350.875,38.923,-13.745,-11.95,-1.795,328.198,371.724,284.672
2024-09-18,308.28,319.02,307.41,318.93,9751000,306.398,325.836,349.527,45.975,-12.374,-12.034,-0.339,325.836,365.653,286.018
2024-09-19,324.35,334.42,323.38,333.26,11699000,313.486,324.877,348.619,51.876,-10.015,-11.631,1.615,324.877,362.88,286.874
2024-09-20,342.26,351.94,339.26,346.71,15789000,322.006,324.674,347.651,56.661,-6.981,-10.701,3.72,324.674,362.133,287.214
2024-09-24,350.97,352.91,345.65,347.97,9638000,330.254,324.615,346.419,57.092,-4.423,-9.445,5.022,324.615,361.917,287.313
2024-09-25,344.2,347.59,341.2,343.42,7532000,338.058,325.307,345.054,54.969,-2.731,-8.102,5.371,325.307,363.499,287.115
2024-09-26,348.26,358.24,346.23,358.24,11168000,345.92,326.489,344.218,60.165,-0.193,-6.52,6.328,326.489,367.267,285.71
2024-09-27,361.04,366.85,355.82,366.66,8228000,352.6,328.352,343.65,62.792,2.47,-4.722,7.192,328.352,372.92,283.785
2024-09-30,353.1,358.14,347.68,349.33,9536000,353.124,329.176,342.506,54.784,3.145,-3.149,6.294,329.176,374.692,283.659
2024-10-01,353.49,359.69,353.3,357.46,7294000,355.022,329.621,342.053,57.521,4.287,-1.662,5.949,329.621,376.1,283.142
2024-10-02,348.75,353.1,337.71,341.0,9842000,354.538,329.054,341.203,50.815,3.82,-0.565,4.385,329.054,374.636,283.473
2024-10-03,352.72,353.88,342.84,343.33,6911000,351.556,328.566,340.628,51.674,3.597,0.267,3.329,328.566,373.263,283.869
2024-10-04,346.13,348.07,341.29,343.23,5120000,346.87,329.694,339.96,51.632,3.372,0.888,2.484,329.694,374.689,284.699
2024-10-07,350.01,356.2,350.01,350.78,7351000,347.16,331.436,339.559,54.608,3.761,1.463,2.298,331.436,376.885,285.988
2024-10-08,348.84,350.2,338.1,341.68,9052000,344.004,333.242,339.224,50.569,3.296,1.829,1.467,333.242,377.208,289.276
2024-10-09,348.46,350.49,343.91,349.33,7729000,345.67,335.512,338.999,53.672,3.505,2.164,1.34,335.512,377.76,293.265
2024-10-10,351.46,352.81,344.87,350.78,5116000,347.16,337.758,338.358,54.258,3.744,2.48,1.264,337.758,378.101,297.416
2024-10-11,350.78,368.98,347.78,367.14,12747000,351.942,341.224,337.963,60.351,5.194,3.023,2.171,341.224,378.946,303.503
2024-10-15,373.44,374.31,362.21,365.59,13199000,354.904,344.298,337.248,59.542,6.147,3.648,2.499,344.298,379.2,309.397
2024-10-16,355.23,360.66,352.52,358.24,8121000,358.216,346.874,336.832,55.726,6.237,4.166,2.071,346.874,377.434,316.314
2024-10-17,359.2,359.2,351.94,353.3,7014000,359.01,349.319,336.912,53.255,5.843,4.501,1.342,349.319,372.507,326.131
2024-10-18,358.24,363.08,350.88,352.33,5573000,359.32,350.989,338.258,52.761,5.39,4.679,0.711,350.989,369.249,332.729
2024-10-21,351.36,352.33,346.62,346.62,3497000,355.216,351.657,338.522,49.827,4.518,4.647,-0.129,351.657,368.07,335.244
2024-10-22,346.71,350.78,339.45,341.1,5108000,350.318,351.376,339.172,47.1,3.343,4.386,-1.043,351.376,368.328,334.425
2024-10-23,338.1,344.97,335.39,341.0,8114000,346.87,351.028,339.817,47.05,2.376,3.984,-1.607,351.028,368.552,333.504
2024-10-24,335.48,342.45,332.87,341.0,4689000,344.41,350.907,340.354,47.05,1.592,3.506,-1.913,350.907,368.683,333.131
2024-10-25,338.0,341.78,336.16,341.0,3572000,342.144,350.045,340.621,47.05,0.959,2.996,-2.037,350.045,367.995,332.095
2024-10-28,335.77,341.0,331.71,338.97,10119000,340.614,348.66,340.708,45.811,0.291,2.455,-2.164,348.66,365.449,331.872
2024-10-29,342.55,360.85,341.49,359.98,12114000,344.39,349.193,340.865,58.105,1.44,2.252,-0.812,349.193,366.73,331.656
2024-10-30,362.79,377.89,359.49,374.11,16736000,351.012,350.026,340.981,64.018,3.451,2.492,0.959,350.026,370.542,329.509
2024-10-31,374.02,379.54,367.05,371.69,10143000,357.15,351.56,341.163,62.394,4.794,2.952,1.842,351.56,373.756,329.364
2024-11-01,359.4,363.08,351.46,353.88,12887000,359.726,352.088,340.917,51.948,4.371,3.236,1.135,352.088,373.959,330.216
2024-11-05,353.69,354.56,347.3,349.04,11748000,361.74,352.378,340.849,49.522,3.603,3.309,0.294,352.378,373.906,330.85
2024-11-06,355.91,370.73,355.23,370.34,11960000,363.812,353.356,341.24,58.671,4.66,3.58,1.081,353.356,376.309,330.403
2024-11-07,390.67,392.22,370.44,390.28,27270000,367.046,355.786,342.063,65.055,7.026,4.269,2.757,355.786,383.359,328.213
2024-11-08,458.06,458.06,458.06,458.06,4944000,384.32,361.222,344.633,77.679,14.206,6.256,7.95,361.222,414.412,308.033
2024-11-11,494.85,525.83,492.24,525.83,60277000,418.71,369.975,348.457,83.93,25.076,10.02,15.056,369.975,460.463,279.487
2024-11-12,525.83,572.79,522.93,551.49,100641000,459.2,379.192,352.899,85.577,35.353,15.087,20.266,379.192,500.704,257.681
2024-11-13,545.1,580.34,542.58,564.46,44656000,498.024,389.136,357.531,86.339,44.037,20.877,23.16,389.136,535.887,242.385
2024-11-14,564.46,593.32,564.46,584.51,43250000,536.87,400.45,362.25,87.443,51.938,27.089,24.849,400.45,570.249,230.65
2024-11-15,589.15,599.8,577.92,585.47,48118000,562.352,412.058,366.913,87.495,57.614,33.194,24.419,412.058,599.15,224.966
2024-11-18,575.79,591.09,567.76,574.92,29098000,572.17,423.188,371.349,83.398,60.562,38.668,21.894,423.188,621.467,224.908
2024-11-19,567.18,588.96,560.3,588.96,27562000,579.664,435.304,376.715,84.442,63.301,43.594,19.707,435.304,643.265,227.344
2024-11-20,590.41,591.57,578.5,586.25,15718000,584.022,447.562,382.122,83.352,64.51,47.777,16.733,447.562,660.971,234.153
2024-11-21,593.61,618.68,593.51,602.71,34548000,587.662,460.648,388.064,84.648,66.035,51.429,14.606,460.648,678.591,242.704
2024-11-22,607.84,620.33,598.45,614.91,26480000,593.55,474.343,394.284,85.546,67.451,54.633,12.817,474.343,695.037,253.649
2024-11-25,623.33,627.4,610.07,620.43,29921000,602.652,488.315,400.576,85.947,68.231,57.353,10.878,488.315,708.845,267.784
2024-11-26,616.46,628.56,583.44,594.09,40064000,603.678,501.07,406.501,75.232,65.964,59.075,6.889,501.07,714.632,287.509
2024-11-27,588.19,597.67,556.52,566.21,47978000,599.67,511.382,411.743,65.871,61.212,59.503,1.71,511.382,715.987,306.777
2024-11-28,562.53,589.15,561.85,575.11,34358000,594.15,521.432,417.111,67.271,57.501,59.102,-1.601,521.432,717.202,325.662
2024-11-29,579.57,600.09,578.41,595.93,28325000,590.354,532.644,422.941,70.336,55.6,58.402,-2.802,532.644,717.696,347.592
2024-12-02,593.8,621.39,592.64,621.39,26592000,590.546,546.02,428.99,73.594,55.507,57.823,-2.316,546.02,714.606,377.433
2024-12-03,632.24,668.64,630.21,665.16,49985000,604.76,561.826,435.628,78.055,58.294,57.917,0.377,561.826,710.786,412.865
2024-12-04,666.13,674.26,658.38,660.99,33311000,623.716,576.358,441.914,76.725,59.48,58.23,1.25,576.358,701.462,451.254
2024-12-05,677.55,686.46,653.73,653.73,32707000,639.44,589.53,448.029,74.35,59.152,58.414,0.738,589.53,683.824,495.237
2024-12-06,657.8,660.51,635.05,636.5,21668000,647.554,598.452,453.891,68.898,56.847,58.101,-1.254,598.452,671.812,525.093
2024-12-09,641.92,647.25,615.1,628.56,22922000,648.988,603.589,459.297,66.479,53.76,57.233,-3.473,603.589,669.551,537.627
2024-12-10,626.91,631.17,614.04,621.1,16028000,640.176,607.07,464.386,64.199,50.133,55.813,-5.679,607.07,668.658,545.481
2024-12-11,624.01,634.17,609.1,631.27,16272000,634.232,610.41,470.025,65.915,47.532,54.157,-6.625,610.41,669.463,551.357
2024-12-12,658.38,660.32,633.59,639.6,30154000,631.406,613.165,475.668,67.299,45.617,52.449,-6.832,613.165,672.27,554.059
2024-12-13,639.02,651.7,630.4,649.76,16613000,634.058,616.379,481.843,68.953,44.407,50.84,-6.434,616.379,676.132,556.626
2024-12-16,654.51,679.2,646.86,679.2,28735000,644.186,621.593,488.56,73.187,45.301,49.732,-4.431,621.593,684.242,558.944
2024-12-17,677.74,682.59,642.02,651.8,28982000,650.326,624.735,494.732,64.386,43.3,48.446,-5.146,624.735,686.794,562.676
2024-12-18,658.38,671.64,653.64,655.86,16257000,655.244,628.216,500.833,65.057,41.563,47.069,-5.507,628.216,688.981,567.45
2024-12-19,636.5,658.67,628.17,653.05,23518000,657.934,630.732,507.061,64.157,39.503,45.556,-6.053,630.732,691.219,570.246
2024-12-20,650.63,669.22,644.83,665.35,20651000,661.052,633.254,513.381,66.352,38.421,44.129,-5.708,633.254,695.153,571.356
2024-12-23,670.97,675.03,654.8,665.35,14960000,658.282,635.5,519.672,66.352,37.135,42.73,-5.595,635.5,698.686,572.315
2024-12-24,672.61,672.81,638.05,644.34,17103000,656.79,638.013,525.216,59.173,34.029,40.99,-6.961,638.013,698.19,577.836
2024-12-25,648.41,657.22,641.63,652.67,10395000,656.152,642.336,530.958,60.976,31.872,39.166,-7.295,642.336,692.36,592.312
2024-12-26,649.96,663.8,648.31,660.51,16038000,657.644,646.606,537.003,62.647,30.444,37.422,-6.978,646.606,685.897,607.315
2024-12-27,667.29,669.22,646.76,654.31,17884000,655.436,649.525,543.024,60.442,28.484,35.634,-7.151,649.525,680.825,618.225
2024-12-30,646.96,653.35,634.66,647.25,15505000,651.816,650.818,548.922,57.941,26.06,33.719,-7.659,650.818,679.228,622.408
2025-01-06,664.77,696.33,659.35,682.2,42189000,659.388,651.67,555.634,65.543,26.652,32.306,-5.654,651.67,682.784,620.556
2025-01-07,689.07,694.69,673.1,680.46,20339000,664.946,652.644,562.421,64.914,26.674,31.179,-4.506,652.644,686.115,619.172
2025-01-08,672.9,708.34,666.51,706.98,29373000,674.24,655.306,569.74,69.688,28.502,30.644,-2.142,655.306,696.68,613.932
2025-01-09,709.99,713.37,678.33,679.2,26477000,679.218,657.441,576.504,60.414,27.394,29.994,-2.6,657.441,699.134,615.748
2025-01-10,675.71,714.63,670.29,702.82,31592000,690.332,661.154,583.741,64.714,28.097,29.615,-1.517,661.154,705.179,617.129
2025-01-14,700.5,700.88,652.57,668.06,33661000,687.504,663.502,590.323,55.209,25.555,28.803,-3.247,663.502,703.343,623.661
2025-01-15,668.06,674.26,633.3,639.31,25683000,679.274,663.904,595.909,48.822,20.979,27.238,-6.259,663.904,702.519,625.289
2025-01-16,656.25,692.27,643.08,688.39,56773000,675.556,666.344,602.195,57.798,21.07,26.005,-4.934,666.344,704.657,628.03
2025-01-17,682.88,711.82,671.55,708.24,58267000,681.364,669.268,608.926,60.793,22.485,25.301,-2.816,669.268,711.023,627.512
2025-01-20,705.63,717.44,687.23,689.36,26153000,678.672,669.776,615.635,56.673,21.831,24.607,-2.776,669.776,712.281,627.27
2025-01-21,693.24,705.82,680.36,680.94,20621000,681.248,671.232,622.273,54.887,20.398,23.765,-3.367,671.232,713.137,629.328
2025-01-22,717.44,777.28,714.34,766.33,68959000,706.652,676.756,630.193,66.44,25.854,24.183,1.672,676.756,735.762,617.75
2025-01-23,794.12,804.0,752.39,772.43,55041000,723.46,682.725,637.836,67.088,30.322,25.411,4.911,682.725,754.422,611.028
2025-01-24,757.91,789.09,757.04,775.63,33198000,736.938,688.239,644.188,67.444,33.731,27.075,6.657,688.239,770.494,605.984
2025-01-27,775.53,775.63,684.91,688.2,67464000,736.706,689.382,647.435,51.183,29.044,27.468,1.575,689.382,770.93,607.833
2025-01-28,659.15,662.25,628.46,636.69,78101000,727.856,688.999,649.139,44.392,20.931,26.161,-5.23,688.999,771.503,606.495
2025-01-29,658.48,673.97,634.85,663.51,68294000,707.292,689.541,651.12,48.243,16.476,24.224,-7.748,689.541,771.178,607.904
2025-01-30,655.57,682.0,646.96,679.2,40520000,688.646,690.476,653.014,50.406,14.049,22.189,-8.14,690.476,771.135,609.816
2025-01-31,685.49,701.56,683.17,692.07,32905000,671.934,692.364,655.146,52.172,13.015,20.354,-7.339,692.364,771.206,613.521
2025-02-03,667.87,682.97,659.74,665.16,24521000,667.326,693.259,656.951,48.299,9.909,18.265,-8.356,693.259,770.331,616.187
2025-02-04,681.04,714.25,676.97,708.24,41705000,681.636,694.561,659.336,54.165,10.8,16.772,-5.972,694.561,771.726,617.396
2025-02-05,731.09,756.36,712.02,721.02,45962000,693.138,696.589,662.032,55.769,12.394,15.896,-3.503,696.589,774.324,618.854
2025-02-06,724.9,732.64,707.76,723.44,24139000,701.986,697.412,664.446,56.082,13.695,15.456,-1.761,697.412,775.954,618.87
2025-02-07,725.86,729.74,707.18,715.12,20479000,706.596,699.208,666.45,54.649,13.894,15.144,-1.25,699.208,777.64,620.776
2025-02-10,710.28,735.35,708.82,732.16,33779000,719.996,700.675,668.685,57.069,15.251,15.165,0.086,700.675,780.477,620.873
2025-02-12,735.84,775.73,727.03,753.75,77829000,729.098,704.96,671.878,59.982,17.863,15.705,2.158,704.96,786.569,623.35
2025-02-13,774.08,776.21,702.05,710.66,232731000,727.026,708.527,674.767,52.347,16.268,15.817,0.451,708.527,784.065,632.989
2025-02-14,713.57,734.38,688.98,696.04,86010000,721.546,708.91,677.186,50.02,13.667,15.387,-1.72,708.91,784.095,633.724
2025-02-17,692.07,696.53,677.74,681.52,30060000,714.826,707.574,678.898,47.75,10.315,14.373,-4.058,707.574,783.752,631.395
2025-02-18,704.37,726.15,699.34,706.21,42845000,709.636,708.416,680.594,51.759,9.541,13.407,-3.865,708.416,784.118,632.714
2025-02-19,706.98,711.92,686.65,704.56,26117000,699.798,709.597,681.382,51.475,8.694,12.464,-3.77,709.597,784.223,634.971
2025-02-20,697.98,721.6,686.46,689.56,36203000,695.578,705.758,681.953,48.849,6.735,11.318,-4.583,705.758,775.858,635.659
2025-02-21,680.26,681.62,657.32,669.8,41471000,690.33,700.627,682.275,45.552,3.547,9.764,-6.217,700.627,764.966,636.288
2025-02-25,631.08,635.53,615.49,620.23,45140000,678.072,692.857,681.949,38.527,-2.945,7.222,-10.168,692.857,756.589,629.125
2025-02-26,610.74,648.7,598.54,647.25,49655000,666.28,690.81,682.323,43.63,-5.843,4.609,-10.452,690.81,757.723,623.896
2025-02-27,656.93,675.81,635.82,639.79,40362000,653.326,690.964,682.697,42.579,-8.642,1.959,-10.601,690.964,757.363,624.566
2025-02-28,619.65,621.2,590.32,602.03,38539000,635.82,687.89,682.112,37.637,-13.748,-1.182,-12.566,687.89,764.542,611.239
2025-03-03,613.75,613.75,601.55,602.9,22689000,622.44,684.076,681.378,37.816,-17.523,-4.451,-13.072,684.076,769.626,598.525
2025-03-04,569.5,571.14,535.22,549.94,55235000,608.382,676.969,679.382,31.825,-24.505,-8.462,-16.044,676.969,781.279,572.659
2025-03-05,567.95,585.38,564.56,574.15,36182000,593.762,672.418,677.281,36.758,-27.765,-12.322,-15.443,672.418,786.391,558.446
2025-03-06,577.92,580.54,543.84,554.2,49362000,576.644,664.716,675.329,34.54,-31.595,-16.177,-15.418,664.716,788.862,540.571
2025-03-07,544.52,549.94,533.38,535.9,37995000,563.418,655.46,672.93,32.597,-35.694,-20.08,-15.614,655.46,789.167,521.754
2025-03-10,545.58,567.85,532.71,564.95,54115000,555.828,647.536,671.168,38.51,-36.182,-23.301,-12.882,647.536,783.053,512.019
2025-03-11,535.9,542.1,522.35,541.32,40110000,554.104,638.846,668.687,35.762,-38.037,-26.248,-11.789,638.846,778.346,499.346
2025-03-12,544.03,555.75,533.09,533.09,35912000,545.892,628.892,666.042,34.83,-39.714,-28.941,-10.773,628.892,768.766,489.019
2025-03-13,542.2,548.49,532.03,535.13,25484000,542.078,617.962,663.858,35.28,-40.412,-31.235,-9.177,617.962,750.741,485.182
2025-03-14,533.68,572.31,531.06,565.92,44521000,548.082,610.724,662.123,41.815,-38.042,-32.597,-5.445,610.724,737.889,483.56
2025-03-17,580.54,580.54,554.59,562.62,33014000,547.616,604.054,660.165,41.334,-36.015,-33.28,-2.735,604.054,726.276,481.831
2025-03-18,566.21,580.73,560.4,577.15,40653000,554.782,598.835,658.622,44.373,-32.858,-33.196,0.338,598.835,715.936,481.734
2025-03-19,567.47,571.05,552.94,554.59,32723000,559.082,591.254,656.768,40.836,-31.809,-32.919,1.11,591.254,698.285,484.223
2025-03-21,554.69,560.69,551.39,552.36,34490000,562.528,583.644,654.172,40.492,-30.803,-32.495,1.693,583.644,677.598,489.69
2025-03-24,549.65,552.17,544.71,544.71,18068000,558.286,576.402,651.457,39.271,-30.274,-32.051,1.777,576.402,657.42,495.383
2025-03-25,559.33,563.11,540.84,542.49,25840000,554.26,570.036,648.167,38.905,-29.691,-31.579,1.888,570.036,639.311,500.761
2025-03-26,545.39,548.1,535.22,546.36,24074000,548.102,566.342,645.51,39.957,-28.588,-30.981,2.393,566.342,632.139,500.546
2025-03-27,531.74,531.74,512.18,520.41,26782000,541.266,560.0,641.862,35.538,-29.468,-30.678,1.211,560.0,616.797,503.204
2025-03-28,519.92,525.36,511.4,518.63,20363000,534.52,553.942,638.873,35.25,-29.963,-30.535,0.572,553.942,599.674,508.211
2025-03-31,495.06,503.58,485.35,488.23,30018000,523.224,548.252,635.852,30.677,-32.435,-30.915,-1.52,548.252,597.01,499.495
2025-04-01,491.89,493.57,480.9,486.44,22527000,512.014,542.43,631.813,30.427,-34.145,-31.561,-2.584,542.43,591.523,493.336
2025-04-02,484.46,506.55,480.5,500.11,26057000,502.764,539.938,627.65,34.802,-34.005,-32.05,-1.955,539.938,592.371,487.505
2025-04-03,469.41,477.33,457.82,461.19,29638000,490.92,534.29,623.087,29.177,-36.612,-32.962,-3.65,534.29,594.904,473.676
2025-04-04,442.67,445.94,415.44,430.49,43267000,473.292,528.104,618.078,25.654,-40.687,-34.507,-6.18,528.104,603.588,452.621
2025-04-07,361.17,388.7,361.17,371.86,39082000,450.018,519.902,610.188,20.552,-48.093,-37.224,-10.868,519.902,622.573,417.232
2025-04-08,413.46,426.73,411.48,422.86,29839000,437.302,512.798,603.197,33.03,-49.278,-39.635,-9.643,512.798,621.812,403.784
2025-04-09,396.03,398.4,384.64,393.06,30466000,415.892,505.385,595.545,30.059,-52.023,-42.113,-9.91,505.385,625.8,384.97
2025-04-10,441.58,452.08,435.54,447.33,38636000,413.12,501.097,590.728,40.547,-49.251,-43.54,-5.711,501.097,623.45,378.744
2025-04-11,412.66,422.67,407.32,418.71,28915000,410.764,495.276,586.368,37.365,-48.802,-44.593,-4.209,495.276,621.817,368.735
2025-04-14,431.28,436.33,425.14,428.11,23096000,422.014,488.386,581.66,39.056,-47.143,-45.103,-2.041,488.386,613.733,363.038
2025-04-15,434.65,436.63,426.92,426.92,12646000,422.826,481.6,576.615,38.913,-45.402,-45.163,-0.239,481.6,604.699,358.502
2025-04-16,427.02,427.62,410.98,413.95,14662000,427.004,473.44,571.052,37.307,-44.554,-45.041,0.487,473.44,591.4,355.481
2025-04-17,407.02,415.64,400.29,410.19,23060000,419.576,466.221,565.953,36.832,-43.683,-44.769,1.086,466.221,580.897,351.544
2025-04-18,407.02,415.83,404.44,411.28,12054000,418.09,459.166,560.014,37.082,-42.415,-44.298,1.883,459.166,568.778,349.555
2025-04-21,405.63,406.62,395.73,398.11,14769000,412.09,451.836,553.556,35.266,-41.989,-43.837,1.847,451.836,556.873,346.8
2025-04-22,392.26,400.88,390.88,400.09,11526000,406.724,444.716,547.089,35.775,-41.019,-43.273,2.254,444.716,542.965,346.468
2025-04-23,416.03,420.78,411.48,414.74,14055000,406.882,438.136,541.081,39.563,-38.623,-42.343,3.72,438.136,524.649,351.622
2025-04-24,423.36,431.18,418.51,420.88,14487000,409.02,433.159,534.855,41.13,-35.816,-41.038,5.222,433.159,510.734,355.584
2025-04-25,436.63,445.15,434.55,443.36,22539000,415.436,429.395,528.648,46.59,-31.415,-39.113,7.698,429.395,496.046,362.745
2025-04-28,450.3,450.4,437.72,441.09,14888000,424.032,427.038,523.256,46.125,-27.79,-36.848,9.059,427.038,488.021,366.056
2025-04-30,435.94,442.27,434.95,442.27,10526000,432.468,424.83,518.181,46.425,-24.539,-34.386,9.848,424.83,479.642,370.018
2025-05-01,445.05,448.32,438.02,442.77,17205000,438.074,421.963,513.406,46.56,-21.672,-31.844,10.171,421.963,464.91,379.016
2025-05-02,442.37,443.66,431.88,437.72,14102000,441.442,420.79,508.036,45.313,-19.582,-29.391,9.809,420.79,460.374,381.205
2025-05-07,438.21,445.54,436.33,444.45,10914000,441.66,421.488,502.834,47.338,-17.185,-26.95,9.765,421.488,462.267,380.708
2025-05-08,450.59,470.99,443.66,469.01,27213000,447.244,426.345,498.423,54.026,-13.152,-24.19,11.039,426.345,465.339,387.351
2025-05-09,476.34,483.77,470.5,475.85,23833000,453.96,428.994,494.544,55.713,-9.296,-21.211,11.916,428.994,473.765,384.224
2025-05-12,477.43,492.19,476.54,487.24,17838000,462.854,433.703,491.884,58.447,-5.261,-18.021,12.761,433.703,482.215,385.192
2025-05-13,511.0,556.56,476.14,554.68,90207000,486.246,439.071,490.033,70.185,3.341,-13.749,17.09,439.071,511.694,366.448
2025-05-14,549.62,567.35,531.8,555.47,75649000,508.45,445.909,488.346,70.291,10.105,-8.978,19.083,445.909,534.466,357.352
2025-05-15,549.62,568.14,546.16,549.53,39604000,524.554,451.98,487.296,68.326,14.815,-4.22,19.035,451.98,551.383,352.577
2025-05-16,546.36,548.54,528.43,534.08,21989000,536.2,457.338,485.92,63.366,17.104,0.045,17.059,457.338,562.442,352.234
2025-05-19,524.17,535.07,521.5,526.35,15746000,544.022,462.958,485.448,60.98,18.086,3.653,14.433,462.958,570.29,355.626
2025-05-20,531.9,569.63,529.13,564.38,46784000,545.962,470.667,485.253,67.469,21.683,7.259,14.424,470.667,584.022,357.313
2025-05-21,564.58,571.31,552.2,554.87,25561000,545.842,477.847,485.266,64.577,23.495,10.506,12.989,477.847,593.529,362.165
2025-05-22,568.74,619.44,556.16,617.76,131504000,559.488,488.83,486.903,72.861,29.664,14.338,15.326,488.83,613.958,363.701
2025-05-23,616.27,648.66,615.28,645.49,103094000,581.77,501.1,488.514,75.574,36.372,18.745,17.627,501.1,637.233,364.966
2025-05-26,648.16,651.43,631.33,643.51,44738000,605.202,512.538,490.558,74.997,41.054,23.207,17.848,512.538,656.347,368.729
2025-05-27,652.12,668.36,647.67,663.02,45747000,624.93,524.645,493.156,76.87,45.812,27.728,18.084,524.645,676.508,372.782
2025-05-28,672.92,677.38,655.98,660.84,46450000,646.124,535.519,495.671,76.183,48.843,31.951,16.892,535.519,693.881,377.157
2025-05-29,676.98,691.04,667.47,690.55,61147000,660.682,547.992,498.163,78.943,53.031,36.167,16.864,547.992,714.143,381.841
2025-05-30,674.11,686.88,671.53,681.14,38059000,667.812,559.935,500.534,75.941,54.957,39.925,15.033,559.935,728.414,391.457
2025-06-02,669.16,690.84,661.83,672.13,35220000,673.536,571.404,502.433,73.076,55.122,42.964,12.157,571.404,737.509,405.298
2025-06-03,675.39,687.77,667.18,671.24,25839000,675.18,583.08,504.766,72.784,54.551,45.282,9.27,583.08,742.306,423.853
2025-06-04,689.06,720.26,687.97,713.62,73873000,685.736,596.538,507.991,77.414,56.863,47.598,9.265,596.538,751.883,441.193
2025-06-05,714.31,725.41,704.61,708.27,40616000,689.28,608.501,511.263,75.664,57.6,49.598,8.002,608.501,759.278,457.724
2025-06-06,701.14,717.19,695.0,695.0,34385000,692.052,619.458,514.313,71.356,56.462,50.971,5.491,619.458,761.229,477.688
2025-06-09,706.09,714.81,699.46,699.95,29499000,697.616,630.094,517.385,71.996,55.322,51.841,3.481,630.094,761.647,498.541
2025-06-10,713.62,721.54,693.22,693.22,45522000,702.012,637.021,520.841,69.714,53.262,52.125,1.136,637.021,766.427,507.615
2025-06-11,700.15,713.92,669.35,672.72,39552000,693.832,642.884,523.923,63.147,49.405,51.581,-2.176,642.884,767.259,518.508
2025-06-12,672.72,678.96,666.48,674.11,23314000,687.0,649.112,527.64,63.398,45.931,50.451,-4.52,649.112,766.059,532.166
2025-06-13,675.0,675.39,657.97,664.9,23915000,680.98,655.654,531.209,60.451,41.952,48.751,-6.8,655.654,759.399,551.908
2025-06-16,667.87,688.07,659.05,685.99,23767000,678.188,663.636,534.927,64.519,40.038,47.009,-6.971,663.636,748.304,578.967
2025-06-17,685.69,693.72,676.48,683.22,21942000,676.188,669.578,539.368,63.594,37.861,45.179,-7.318,669.578,740.477,598.678
2025-06-18,678.66,690.05,670.54,681.34,19321000,677.912,675.901,544.385,62.934,35.575,43.258,-7.684,675.901,721.917,629.885
2025-06-19,673.41,681.24,670.94,678.27,14961000,678.744,678.926,550.513,61.807,33.133,41.233,-8.1,678.926,715.919,641.934
2025-06-20,675.39,687.77,668.76,668.96,20319000,679.556,680.1,555.435,58.391,30.099,39.006,-8.907,680.1,713.985,646.215
2025-06-23,659.55,662.22,648.76,649.55,17155000,672.268,680.402,560.565,51.946,25.831,36.371,-10.54,680.402,712.997,647.807
2025-06-24,663.51,694.21,662.62,690.74,44378000,673.772,681.788,565.433,61.626,25.479,34.193,-8.714,681.788,713.619,649.957
2025-06-25,690.84,711.15,680.84,685.69,38546000,674.642,683.03,570.772,60.029,24.509,32.256,-7.747,683.03,713.322,652.739
2025-06-26,687.08,713.32,679.85,705.7,44074000,680.128,683.788,576.324,64.008,25.067,30.818,-5.751,683.788,715.591,651.985
2025-06-27,712.83,720.55,705.4,710.06,31470000,688.348,685.234,581.987,64.83,25.566,29.768,-4.202,685.234,719.093,651.375
2025-06-30,722.73,722.73,695.99,696.49,33870000,697.736,686.452,587.638,60.222,24.583,28.731,-4.148,686.452,720.078,652.826
2025-07-01,706.99,734.81,699.16,722.73,63826000,704.134,689.026,593.889,65.351,25.626,28.11,-2.484,689.026,725.512,652.541
2025-07-02,693.12,719.76,673.81,713.32,71093000,709.66,689.012,599.929,62.251,25.4,27.568,-2.168,689.012,725.455,652.568
2025-07-03,718.18,723.82,703.42,711.24,46764000,710.768,689.16,606.192,61.556,24.768,27.008,-2.24,689.16,725.956,652.364
2025-07-04,720.16,721.64,700.85,712.83,37477000,711.322,690.052,612.447,61.906,24.117,26.43,-2.312,690.052,728.279,651.824
2025-07-07,702.13,706.49,684.21,689.75,30416000,709.974,689.542,617.947,54.192,21.492,25.442,-3.951,689.542,727.484,651.599
2025-07-08,705.6,748.78,705.6,734.81,87693000,712.39,691.621,624.226,63.702,22.784,24.911,-2.127,691.621,734.633,648.609
2025-07-09,736.5,739.77,709.46,713.03,43369000,712.332,693.637,629.619,57.489,21.8,24.288,-2.489,693.637,736.697,650.576
2025-07-10,718.18,730.26,713.62,724.42,37637000,714.968,696.152,635.286,59.703,21.688,23.768,-2.08,696.152,740.274,652.03
2025-07-11,713.03,731.55,697.68,702.43,46281000,712.888,698.029,640.489,53.871,19.6,22.935,-3.335,698.029,739.678,656.379
2025-07-14,699.36,712.33,690.55,712.33,19641000,717.404,699.346,645.88,55.957,18.53,22.054,-3.524,699.346,741.058,657.633
2025-07-15,719.07,759.67,716.79,758.58,64944000,722.158,703.114,652.297,64.119,21.17,21.877,-0.707,703.114,751.735,654.492
2025-07-16,753.13,760.56,740.16,749.77,45202000,729.506,706.535,658.404,61.771,22.295,21.961,0.334,706.535,758.238,654.832
2025-07-17,749.67,756.11,737.19,756.11,27561000,735.844,710.427,664.146,62.826,23.427,22.254,1.173,710.427,764.821,656.033
2025-07-18,761.55,784.13,750.86,760.56,64340000,747.47,715.007,669.84,63.586,24.403,22.684,1.719,715.007,770.12,659.894
2025-07-22,766.8,792.75,753.04,762.25,47678000,757.454,720.642,675.34,63.888,25.023,23.152,1.872,720.642,770.357,670.927
2025-07-23,777.1,777.2,741.85,749.67,43040000,755.672,723.588,679.24,59.907,24.221,23.365,0.856,723.588,772.825,674.352
2025-07-24,763.53,803.94,758.78,803.94,77584000,766.506,729.501,684.209,68.908,27.646,24.222,3.424,729.501,787.241,671.761
2025-07-25,797.7,813.84,788.19,807.11,51004000,776.706,734.572,689.361,69.341,30.267,25.431,4.836,734.572,800.711,668.432
2025-07-28,817.21,818.69,795.32,797.3,30346000,784.054,738.934,694.625,66.265,31.193,26.583,4.61,738.934,809.617,668.25
2025-07-29,792.25,816.81,792.25,805.92,37255000,792.788,744.405,700.217,67.624,32.25,27.717,4.534,744.405,818.131,670.679
2025-07-30,863.55,898.02,855.93,860.98,87580000,815.05,751.317,706.149,74.648,37.104,29.594,7.51,751.317,840.74,661.895
2025-07-31,871.48,923.07,871.08,910.59,80951000,836.38,761.181,713.263,79.057,44.441,32.563,11.878,761.181,873.535,648.827
2025-08-01,901.19,908.61,884.85,888.31,57216000,852.62,770.034,718.674,72.923,47.906,35.632,12.274,770.034,893.204,646.865
2025-08-04,850.78,903.56,845.73,902.28,54038000,873.616,779.507,723.81,74.271,51.189,38.743,12.445,779.507,912.871,646.143
2025-08-05,923.47,966.94,912.08,966.94,86573000,905.82,793.366,730.278,79.386,58.336,42.662,15.674,793.366,943.956,642.777
2025-08-06,952.19,976.45,940.21,970.51,68748000,927.726,805.152,736.428,79.627,63.555,46.84,16.715,805.152,972.414,637.889
2025-08-07,973.48,991.8,880.49,897.82,155221000,925.172,814.391,741.168,63.389,61.121,49.697,11.425,814.391,980.64,648.142
2025-08-08,868.11,877.91,800.77,808.0,170270000,909.11,818.57,743.517,49.859,51.353,50.028,1.325,818.57,979.41,657.73
2025-08-12,831.86,841.27,815.23,816.02,88914000,891.858,824.249,746.214,50.867,43.754,48.773,-5.019,824.249,975.562,672.937
2025-08-13,828.1,866.82,819.39,856.82,102580000,869.834,831.474,749.908,55.743,40.557,47.13,-6.573,831.474,973.818,689.13
2025-08-14,853.65,854.64,813.15,813.15,74399000,838.362,834.202,752.746,50.021,34.106,44.525,-10.419,834.202,972.704,695.701
2025-08-15,814.24,877.42,811.07,866.53,174423000,832.104,840.041,755.805,55.971,32.921,42.204,-9.283,840.041,973.301,706.78
2025-08-18,865.73,897.52,857.32,881.68,128982000,846.84,846.319,759.273,57.517,32.827,40.329,-7.502,846.319,974.671,717.967
2025-08-19,891.09,896.63,847.91,856.03,125375000,854.842,851.093,762.493,54.056,30.332,38.33,-7.997,851.093,972.953,729.232
2025-08-20,824.73,829.88,803.15,827.31,93967000,848.94,854.346,765.041,50.4,25.741,35.812,-10.071,854.346,969.509,739.182
2025-08-21,824.93,847.91,818.5,837.01,67246000,853.712,858.712,767.916,51.591,22.625,33.174,-10.55,858.712,963.302,754.123
2025-08-22,841.77,855.14,827.61,839.89,80875000,848.384,860.51,771.26,51.96,20.155,30.571,-10.416,860.51,962.335,758.685
2025-08-25,869.89,880.49,851.57,868.51,91626000,845.75,863.58,775.148,55.582,20.273,28.511,-8.238,863.58,962.281,764.879
2025-08-26,871.18,886.53,857.81,876.13,100291000,849.77,867.522,779.372,56.521,20.743,26.957,-6.215,867.522,961.248,773.795
2025-08-27,879.4,883.36,858.31,879.9,105205000,860.288,871.22,783.251,57.006,21.175,25.801,-4.626,871.22,960.442,781.999
2025-08-28,858.11,894.06,849.2,878.41,151138000,868.568,872.092,787.154,56.737,21.154,24.872,-3.718,872.092,961.233,782.951
2025-08-29,886.33,928.32,872.76,928.32,143278000,886.254,872.978,792.094,63.034,24.877,24.873,0.004,872.978,964.063,781.894
2025-09-01,898.61,900.0,862.37,877.62,137799000,888.076,872.444,796.081,54.376,23.466,24.591,-1.125,872.444,963.275,781.613
2025-09-02,869.2,875.34,845.04,847.61,110018000,882.372,869.71,799.654,49.998,19.7,23.613,-3.913,869.71,960.05,779.371
2025-09-03,843.55,860.09,824.44,826.72,112690000,871.736,862.7,803.197,47.152,14.858,21.862,-7.004,862.7,942.406,782.993
2025-09-04,841.17,864.45,836.22,840.38,105221000,864.13,856.193,806.19,49.188,11.985,19.887,-7.902,856.193,918.102,794.284
2025-09-05,860.19,878.41,850.68,873.46,107567000,853.158,854.975,809.946,53.829,12.236,18.356,-6.121,854.975,914.342,795.608
2025-09-08,877.02,879.4,864.25,879.4,77714000,853.514,858.545,813.42,54.63,12.767,17.238,-4.472,858.545,914.508,802.582
2025-09-09,883.36,896.43,864.35,866.62,82955000,857.316,861.075,816.551,52.518,12.018,16.194,-4.176,861.075,913.4,808.75
2025-09-10,875.64,916.04,869.0,915.94,112199000,875.16,864.031,820.94,59.091,15.229,16.001,-0.772,864.031,921.746,806.316
2025-09-11,926.04,944.07,905.64,916.24,103241000,890.332,869.185,824.81,59.128,17.595,16.32,1.275,869.185,926.176,812.195
2025-09-12,931.09,931.59,901.58,901.98,58863000,896.036,870.958,828.583,56.507,18.11,16.678,1.432,870.958,929.777,812.139
2025-09-16,913.17,922.48,880.89,898.12,67171000,899.78,871.78,832.321,55.787,18.0,16.942,1.058,871.78,931.679,811.881
2025-09-17,894.25,897.42,856.13,861.08,61056000,898.672,872.032,835.286,49.29,14.754,16.505,-1.751,872.032,931.694,812.371
2025-09-18,867.52,875.14,854.64,874.05,54527000,890.294,874.37,838.972,51.423,13.077,15.819,-2.742,874.37,930.194,818.545
2025-09-19,885.14,897.13,859.59,887.03,90839000,884.452,876.87,842.016,53.53,12.649,15.185,-2.536,876.87,930.067,823.674
2025-09-22,894.95,908.81,882.87,887.72,54460000,881.6,879.262,845.51,53.645,12.225,14.593,-2.368,879.262,929.687,828.837
2025-09-24,882.77,918.32,866.33,915.05,61511000,884.986,881.589,849.323,58.075,13.934,14.461,-0.527,881.589,934.174,829.004
2025-09-25,900.89,921.98,897.62,911.59,44670000,895.088,883.362,853.506,57.328,14.838,14.537,0.301,883.362,937.539,829.185
2025-09-26,906.14,919.9,879.9,881.28,53091000,896.534,883.431,856.885,51.125,12.959,14.221,-1.262,883.431,937.593,829.269
2025-09-29,880.49,926.94,878.41,923.27,79756000,903.782,885.674,860.179,57.918,14.689,14.315,0.374,885.674,942.605,828.743
2025-09-30,922.97,923.17,897.03,902.38,55950000,906.714,884.377,863.231,53.904,14.211,14.294,-0.083,884.377,938.321,830.433
2025-10-01,901.19,901.19,868.51,878.01,58793000,899.306,884.397,865.669,49.587,11.73,13.781,-2.051,884.397,938.331,830.462
2025-10-02,891.68,902.87,870.69,871.68,50978000,891.324,885.6,867.891,48.5,9.147,12.854,-3.707,885.6,937.097,834.103
2025-10-03,866.72,880.19,855.04,879.3,50930000,890.928,888.229,870.232,49.923,7.628,11.809,-4.181,888.229,931.833,844.625
2025-10-06,894.16,910.5,882.87,910.5,67629000,888.374,891.735,873.449,55.36,8.839,11.215,-2.376,891.735,930.102,853.368
2025-10-07,910.99,961.0,904.26,922.78,119099000,892.454,894.201,875.826,57.324,10.667,11.106,-0.438,894.201,933.937,854.465
2025-10-08,907.92,974.47,884.55,960.7,123418000,908.992,898.266,878.897,62.771,15.003,11.885,3.118,898.266,947.197,849.335
2025-10-09,980.21,989.82,967.54,976.05,93889000,929.866,903.738,882.472,64.734,19.453,13.399,6.055,903.738,961.453,846.022
2025-10-10,976.45,982.89,944.46,944.96,69527000,942.998,905.188,885.253,58.059,20.238,14.767,5.472,905.188,965.593,844.784
2025-10-14,935.95,953.38,874.35,874.35,96117000,935.768,903.094,885.521,46.365,14.99,14.811,0.179,903.094,964.776,841.412
2025-10-15,882.87,909.11,870.29,903.46,63961000,931.904,903.168,885.378,50.767,13.029,14.455,-1.426,903.168,964.848,841.488
2025-10-16,918.32,949.12,912.67,944.36,67292000,928.636,905.48,886.499,56.206,14.607,14.485,0.122,905.48,969.774,841.186
2025-10-17,916.93,938.82,899.21,900.39,72510000,913.504,907.446,886.461,49.833,12.17,14.022,-1.853,907.446,968.338,846.553
2025-10-20,918.81,934.26,910.69,934.26,51524000,911.364,910.456,885.808,54.146,12.823,13.782,-0.959,910.456,970.342,850.57
2025-10-21,941.29,949.02,904.26,912.48,78884000,918.99,911.728,884.647,51.103,11.451,13.316,-1.865,911.728,970.592,852.865
2025-10-22,906.53,926.94,881.97,922.28,68690000,922.754,913.456,885.136,52.4,11.028,12.858,-1.831,913.456,971.374,855.539
2025-10-23,900.69,921.88,891.18,918.81,58399000,917.644,913.644,887.352,51.875,10.294,12.346,-2.052,913.644,971.608,855.681
2025-10-24,931.0,958.33,927.43,953.28,76954000,928.222,915.729,890.098,56.529,12.351,12.347,0.004,915.729,976.32,855.138
2025-10-27,971.5,976.35,949.61,974.07,60082000,936.184,920.369,892.443,59.098,15.48,12.973,2.507,920.369,983.988,856.749
2025-10-28,979.52,1056.17,972.49,1035.87,106884000,960.862,925.998,896.897,65.605,22.686,14.916,7.77,925.998,1007.978,844.019
2025-10-29,1052.71,1069.05,1029.93,1037.36,58302000,983.878,932.748,900.314,65.747,28.191,17.571,10.62,932.748,1027.733,837.762
2025-10-30,1025.47,1066.57,1017.05,1036.86,49854000,1007.488,940.69,903.417,65.649,32.144,20.485,11.658,940.69,1042.709,838.671
2025-10-31,1046.76,1089.35,1028.94,1089.35,56883000,1034.702,951.574,908.084,70.586,39.061,24.201,14.861,951.574,1068.017,835.13
2025-11-04,1138.86,1158.17,1083.9,1090.34,60540000,1057.956,962.126,913.344,70.671,44.115,28.183,15.931,962.126,1088.793,835.458
2025-11-05,1037.85,1044.29,955.26,1031.41,67728000,1057.064,968.171,917.232,59.559,42.87,31.121,11.749,968.171,1096.0,840.342
2025-11-06,1066.57,1076.47,1026.46,1065.58,30428000,1062.708,975.311,921.746,63.175,44.133,33.723,10.409,975.311,1108.312,842.31
2025-11-07,1022.5,1035.87,995.76,1020.02,47371000,1059.34,978.277,924.776,55.987,40.984,35.175,5.809,978.277,1112.546,844.008
2025-11-10,1039.34,1072.51,927.93,936.44,184513000,1028.758,976.296,925.982,45.712,31.383,34.417,-3.034,976.296,1111.866,840.727
2025-11-11,970.21,1023.49,938.03,945.45,152769000,999.78,976.321,927.293,46.845,24.222,32.378,-8.156,976.321,1111.867,840.775
2025-11-12,904.75,967.54,884.25,957.44,94986000,984.986,980.476,928.874,48.388,19.292,29.761,-10.469,980.476,1107.7,853.251
2025-11-13,963.18,1097.27,959.42,1074.49,148571000,986.768,989.027,931.797,60.456,24.547,28.718,-4.171,989.027,1117.441,860.613
2025-11-14,980.41,1011.11,967.54,972.79,119460000,977.322,990.448,933.701,49.603,20.271,27.029,-6.757,990.448,1117.402,863.495
2025-11-17,963.08,1027.45,958.63,1023.0,65312000,994.634,996.579,937.209,53.994,20.696,25.762,-5.066,996.579,1116.889,876.269
2025-11-18,1000.22,1004.67,923.27,925.94,92774000,990.732,996.163,939.193,45.704,13.05,23.22,-10.17,996.163,1117.434,874.892
2025-11-19,940.8,979.22,901.29,956.05,114788000,990.454,998.342,941.506,48.354,9.313,20.438,-11.125,998.342,1114.751,881.932
2025-11-20,995.76,1033.89,960.61,979.92,89697000,971.54,1001.223,943.636,50.419,8.183,17.987,-9.804,1001.223,1112.442,890.005
2025-11-21,916.04,924.36,870.59,877.91,92609000,952.564,999.178,943.606,42.582,-0.933,14.203,-15.136,999.178,1118.021,880.336
2025-11-25,907.62,920.2,889.7,893.26,59656000,926.616,996.178,944.139,43.993,-6.84,9.994,-16.835,996.178,1122.684,869.671
2025-11-26,886.73,920.8,880.19,912.58,58922000,923.944,993.103,944.071,45.798,-9.849,6.026,-15.875,993.103,1124.756,861.45
2025-11-27,916.04,943.47,908.71,938.82,48214000,920.498,988.25,944.523,48.238,-10.001,2.82,-12.821,988.25,1120.419,856.082
2025-11-28,953.38,984.27,948.92,983.18,55854000,921.15,985.541,946.147,52.159,-6.468,0.963,-7.43,985.541,1115.677,855.406
2025-12-01,983.18,995.27,937.53,950.7,79764000,935.708,981.234,947.199,49.219,-6.216,-0.473,-5.743,981.234,1109.913,852.554
2025-12-02,965.56,976.65,952.98,959.62,43869000,948.98,974.747,949.169,50.052,-5.237,-1.426,-3.811,974.747,1093.147,856.347
2025-12-03,974.47,1004.18,959.62,999.23,54248000,966.31,970.191,951.673,53.683,-1.25,-1.391,0.14,970.191,1076.231,864.152
2025-12-04,986.45,992.79,965.85,971.8,47040000,972.906,967.211,953.368,50.922,-0.301,-1.173,0.872,967.211,1069.283,865.139
2025-12-05,965.56,974.97,951.79,963.28,38456000,968.926,962.096,954.88,50.061,-0.233,-0.985,0.752,962.096,1053.061,871.131
2025-12-08,971.8,1006.16,961.1,1004.67,52200000,979.72,961.328,956.672,54.121,3.124,-0.163,3.287,961.328,1050.476,872.181
2025-12-09,1013.09,1018.54,985.36,996.75,23082000,987.146,964.344,958.375,53.229,5.087,0.887,4.2,964.344,1054.025,874.663
2025-12-10,998.73,1004.18,970.81,986.06,30970000,984.512,966.375,960.471,51.984,5.715,1.853,3.862,966.375,1056.094,876.655
2025-12-11,983.38,992.79,947.73,949.02,40349000,979.956,965.954,960.986,47.811,3.186,2.119,1.067,965.954,1055.928,875.979
2025-12-12,960.61,979.92,954.17,971.99,41021000,981.698,960.828,962.378,50.467,3.001,2.296,0.706,960.828,1035.074,886.583
2025-12-15,940.8,958.43,927.13,934.46,32815000,967.656,958.912,963.507,46.32,-0.171,1.802,-1.974,958.912,1033.833,883.991
2025-12-16,919.61,923.47,889.11,896.24,38685000,947.554,952.574,963.998,42.49,-5.704,0.301,-6.005,952.574,1026.101,879.047
2025-12-17,905.45,920.0,884.05,911.39,36459000,932.62,951.846,964.64,44.451,-8.766,-1.512,-7.253,951.846,1026.758,876.935
2025-12-18,881.68,908.81,875.54,897.23,32305000,922.262,948.906,964.375,42.976,-12.194,-3.649,-8.545,948.906,1027.643,870.168
2025-12-19,916.04,919.31,898.41,917.43,34932000,911.35,945.781,964.268,45.741,-13.129,-5.545,-7.584,945.781,1024.296,867.266
2025-12-22,947.73,967.54,942.48,967.54,34903000,917.966,950.262,964.404,51.964,-9.715,-6.379,-3.336,950.262,1022.442,878.083
2025-12-23,965.26,980.21,958.33,980.21,26018000,934.76,954.61,964.488,53.419,-5.919,-6.287,0.368,954.61,1022.692,886.528
2025-12-24,979.32,1006.66,970.61,1006.16,27413000,953.714,959.289,965.712,56.335,-0.807,-5.191,4.384,959.289,1028.067,890.511
2025-12-25,1000.71,1013.09,985.96,1004.18,14410000,975.104,962.557,968.308,56.047,3.049,-3.543,6.592,962.557,1033.42,891.694
2025-12-26,1005.67,1007.65,976.95,978.83,17998000,987.384,962.34,969.816,52.352,4.013,-2.032,6.045,962.34,1032.962,891.717
2025-12-29,973.18,1003.19,973.18,994.28,20851000,992.732,964.518,970.814,54.328,5.956,-0.434,6.39,964.518,1036.309,892.728
2025-12-30,980.51,1011.11,971.4,991.31,19160000,994.952,966.103,972.632,53.866,7.173,1.087,6.085,966.103,1038.831,893.375
2026-01-05,1035.87,1049.73,1010.62,1043.79,27764000,1002.478,968.331,974.823,60.297,12.231,3.316,8.915,968.331,1047.754,888.908
2026-01-06,1053.2,1064.09,1029.93,1042.8,17814000,1010.202,971.881,977.429,60.127,15.975,5.848,10.127,971.881,1058.02,885.742
2026-01-07,1013.09,1031.91,997.74,1002.2,27675000,1014.876,973.827,979.028,53.459,15.488,7.776,7.712,973.827,1060.901,886.753
2026-01-08,1002.2,1007.15,982.89,982.89,20611000,1012.598,972.738,980.309,50.586,13.39,8.899,4.491,972.738,1058.726,886.75
2026-01-09,981.6,992.3,955.46,991.8,36704000,1012.696,972.491,981.08,51.871,12.304,9.58,2.724,972.491,1058.215,886.766
2026-01-13,1017.55,1017.55,979.82,986.75,34394000,1001.288,972.525,981.333,51.061,10.91,9.846,1.064,972.525,1058.273,886.777
2026-01-14,989.32,997.74,977.04,986.85,21895000,990.098,974.416,980.353,51.077,9.702,9.817,-0.115,974.416,1059.649,889.184
2026-01-15,976.85,984.37,960.9,972.98,31953000,984.254,974.466,979.065,48.655,7.538,9.361,-1.823,974.466,1059.694,889.238
2026-01-16,976.25,1032.4,968.83,1027.95,39493000,993.266,979.14,978.887,57.296,10.142,9.517,0.625,979.14,1065.379,892.902
2026-01-19,1002.2,1063.6,1001.21,1061.62,31993000,1007.23,987.41,978.333,61.563,14.752,10.564,4.188,987.41,1071.876,902.943
2026-01-20,1064.09,1141.34,1049.24,1109.15,64424000,1031.71,997.298,978.709,66.632,21.988,12.849,9.139,997.298,1090.176,904.419
2026-01-21,1066.07,1208.18,1066.07,1195.81,58447000,1073.502,1012.227,981.997,73.495,34.319,17.143,17.176,1012.227,1130.023,894.43
2026-01-22,1207.69,1208.18,1157.68,1169.56,35550000,1112.818,1024.833,984.076,68.874,41.495,22.013,19.482,1024.833,1153.388,896.278
2026-01-23,1190.85,1239.87,1178.48,1208.68,43525000,1148.964,1036.89,987.85,71.727,49.766,27.564,22.202,1036.89,1186.352,887.428
2026-01-26,1209.17,1292.86,1199.77,1245.32,73545000,1185.704,1050.146,994.027,74.12,58.601,33.771,24.83,1050.146,1223.549,876.742
2026-01-27,1275.03,1294.34,1236.9,1277.51,47276000,1219.376,1063.713,1000.668,76.038,67.423,40.502,26.921,1063.713,1263.136,864.29
2026-01-28,1396.34,1438.43,1375.55,1427.04,64245000,1265.622,1084.856,1010.06,82.521,85.495,49.5,35.995,1084.856,1339.673,830.039
2026-01-29,1427.04,1455.76,1357.72,1369.11,42101000,1305.532,1104.37,1015.953,74.151,94.059,58.412,35.647,1104.37,1383.606,825.134
2026-01-30,1360.69,1420.61,1321.58,1339.9,45556000,1331.776,1121.651,1023.295,70.281,97.366,66.203,31.163,1121.651,1414.64,828.662
2026-02-02,1310.19,1396.34,1291.37,1296.82,36804000,1342.076,1136.926,1028.771,64.9,95.411,72.044,23.366,1136.926,1433.141,840.712
2026-02-03,1356.24,1446.36,1346.83,1410.7,44532000,1368.714,1155.272,1038.467,71.181,101.876,78.011,23.865,1155.272,1471.941,838.603
2026-02-04,1418.63,1553.31,1414.67,1514.19,65827000,1386.144,1178.842,1049.629,75.476,114.036,85.216,28.82,1178.842,1528.695,828.988
2026-02-05,1480.52,1498.84,1410.7,1423.58,46256000,1397.038,1199.91,1058.503,66.177,115.036,91.18,23.856,1199.91,1555.677,844.144
2026-02-06,1393.87,1470.12,1391.39,1435.96,41623000,1416.25,1222.564,1069.664,66.779,115.495,96.043,19.453,1222.564,1577.844,867.284
2026-02-09,1497.36,1733.05,1454.77,1733.05,68322000,1503.496,1259.626,1086.459,77.249,138.239,104.482,33.757,1259.626,1664.708,854.545
2026-02-10,1970.73,2129.18,1945.47,2129.18,111260000,1647.192,1316.748,1110.791,84.337,186.083,120.802,65.28,1316.748,1858.837,774.659
2026-02-12,2118.28,2305.95,2090.56,2193.05,124550000,1782.964,1377.058,1135.876,85.14,226.541,141.95,84.591,1377.058,2023.044,731.072
2026-02-13,2143.54,2186.62,2104.42,2128.68,51536000,1923.984,1434.843,1158.786,80.648,250.523,163.665,86.859,1434.843,2133.268,736.418
2026-02-16,2158.39,2165.82,2072.23,2096.5,28587000,2056.092,1488.27,1181.702,78.421,263.891,183.71,80.181,1488.27,2218.401,758.14
2026-02-17,2071.24,2102.93,2027.18,2092.04,26570000,2127.89,1539.792,1204.35,78.099,271.0,201.168,69.832,1539.792,2288.347,791.236
2026-02-18,2093.03,2177.7,2069.26,2169.78,31361000,2136.01,1592.823,1227.761,79.666,279.684,216.871,62.813,1592.823,2362.892,822.754
2026-02-19,2177.7,2276.24,2148.98,2263.86,42327000,2150.172,1646.226,1253.603,81.4,290.805,231.658,59.147,1646.226,2447.858,844.593
2026-02-20,2234.65,2341.11,2203.95,2310.9,46312000,2186.616,1703.292,1280.555,82.217,299.956,245.318,54.639,1703.292,2524.315,882.27
2026-02-24,2459.45,2714.45,2434.69,2664.94,82839000,2300.304,1776.106,1313.76,86.885,331.951,262.644,69.306,1776.106,2667.699,884.512
2026-02-25,2691.18,2803.58,2658.01,2785.26,71370000,2438.948,1853.103,1349.531,88.035,362.832,282.682,80.151,1853.103,2814.904,891.301
2026-02-26,2809.03,2874.39,2649.09,2773.38,73601000,2559.668,1927.896,1385.277,87.222,381.945,302.534,79.411,1927.896,2932.912,922.88
2026-02-27,2624.83,2782.79,2532.24,2782.79,76503000,2663.454,1995.683,1421.952,87.322,393.317,320.691,72.626,1995.683,3040.556,950.811
2026-03-02,2683.75,3044.23,2676.82,2953.12,85546000,2791.898,2074.884,1461.575,88.998,411.333,338.819,72.513,2074.884,3159.173,990.595
2026-03-03,3063.04,3180.89,2863.99,2894.69,87050000,2837.848,2152.623,1500.78,84.854,416.099,354.275,61.823,2152.623,3237.981,1067.266
2026-03-04,2795.66,2951.14,2678.8,2740.7,85214000,2828.936,2224.818,1537.669,74.948,402.807,363.982,38.825,2224.818,3261.482,1188.153
2026-03-05,2889.24,2974.91,2731.29,2818.93,88605000,2838.046,2295.229,1575.82,76.452,394.043,369.994,24.049,2295.229,3289.499,1300.959
2026-03-06,2769.42,2851.61,2651.57,2787.74,68383000,2839.036,2358.906,1613.63,74.531,380.198,372.035,8.163,2358.906,3304.497,1413.316
2026-03-09,2536.2,2570.36,2298.52,2505.5,88539000,2749.512,2413.002,1645.391,59.87,342.503,366.128,-23.625,2413.002,3250.957,1575.048
2026-03-10,2654.04,2801.6,2627.8,2718.91,81418000,2714.356,2477.15,1680.419,65.411,326.092,358.121,-32.03,2477.15,3186.778,1767.522
2026-03-11,2822.4,3038.29,2799.62,2946.19,72331000,2755.454,2537.807,1719.738,70.139,327.648,352.026,-24.379,2537.807,3184.205,1891.409
2026-03-12,2896.67,3003.63,2837.25,2864.98,76782000,2764.664,2574.597,1756.915,66.634,318.655,345.352,-26.697,2574.597,3206.668,1942.526
2026-03-13,2809.52,3068.99,2796.65,3039.28,95229000,2814.972,2616.908,1797.617,70.089,321.882,340.658,-18.776,2616.908,3254.707,1979.11
2026-03-16,3094.74,3097.71,2820.42,2912.02,90349000,2896.276,2656.076,1836.28,64.812,310.59,334.644,-24.054,2656.076,3263.101,2049.05
2026-03-17,2951.14,2951.63,2716.43,2717.43,69427000,2895.98,2687.122,1870.743,57.663,282.681,324.252,-41.571,2687.122,3234.199,2140.045
2026-03-18,2802.59,2868.45,2767.93,2844.19,56008000,2875.58,2724.73,1907.801,60.704,267.706,312.943,-45.237,2724.73,3197.994,2251.465
2026-03-19,2794.67,2958.57,2783.78,2911.53,71400000,2884.89,2761.817,1945.156,62.255,258.294,302.013,-43.719,2761.817,3162.689,2360.945
2026-03-23,2762.98,2812.5,2659.0,2741.19,67081000,2825.272,2785.684,1979.124,56.211,234.388,288.488,-54.1,2785.684,3111.548,2459.819
2026-03-24,2790.71,2870.92,2692.17,2781.3,64691000,2799.128,2809.204,2014.706,57.263,216.187,274.028,-57.841,2809.204,3046.702,2571.705
2026-03-25,3069.98,3130.39,2991.74,3093.74,67576000,2874.39,2830.644,2056.923,64.432,224.387,264.099,-39.713,2830.644,3089.744,2571.543
2026-03-26,3143.26,3371.03,3140.29,3189.81,95781000,2943.514,2850.871,2100.883,66.304,235.918,258.463,-22.545,2850.871,3154.408,2547.334
2026-03-27,3120.48,3128.41,2898.65,3059.08,105249000,2973.024,2865.156,2142.329,61.557,231.835,253.138,-21.302,2865.156,3180.018,2550.294
2026-03-30,2961.37,3096.97,2885.09,3086.01,92326000,3041.988,2880.317,2184.313,62.158,228.143,248.139,-19.996,2880.317,3207.442,2553.192
2026-03-31,2961.37,3089.0,2811.8,2870.13,172678000,3059.754,2876.168,2222.256,54.766,205.429,239.597,-34.168,2876.168,3201.505,2550.83
2026-04-01,3041.14,3239.56,3019.2,3239.56,89733000,3088.918,2893.411,2266.488,62.897,214.762,234.63,-19.868,2893.411,3257.17,2529.652
2026-04-02,3309.35,3369.18,3106.94,3232.58,113567000,3097.472,2918.005,2309.907,62.668,219.07,231.518,-12.448,2918.005,3304.117,2531.893
2026-04-03,3489.83,3597.51,3408.07,3569.6,121492000,3199.576,2955.538,2359.116,68.615,246.834,234.581,12.253,2955.538,3435.61,2475.467
2026-04-06,3778.99,3793.94,3639.39,3719.16,98082000,3326.206,3002.11,2409.583,70.836,277.704,243.206,34.498,3002.11,3583.634,2420.585
2026-04-07,3649.36,3722.15,3566.6,3640.39,88013000,3480.258,3058.854,2459.0,68.103,292.441,253.053,39.388,3058.854,3657.571,2460.137
2026-04-08,3988.38,4285.51,3981.4,4281.52,105869000,3688.65,3136.984,2520.456,76.164,351.799,272.802,78.997,3136.984,3926.382,2347.587
2026-04-09,4261.58,4534.78,4169.85,4451.03,133101000,3932.34,3212.226,2584.571,77.764,407.818,299.805,108.013,3212.226,4189.553,2234.9
2026-04-10,4487.92,4588.63,4422.11,4566.69,105441000,4131.758,3297.312,2650.354,78.809,456.286,331.101,125.185,3297.312,4431.122,2163.502
2026-04-13,4586.63,4707.28,4479.94,4517.83,101876000,4291.492,3371.239,2712.17,77.159,485.162,361.913,123.249,3371.239,4621.083,2121.396
2026-04-14,4708.28,4780.07,4604.58,4674.38,79787000,4498.29,3459.358,2778.275,78.698,514.745,392.48,122.265,3459.358,4816.756,2101.959
2026-04-15,4709.27,4709.27,4411.14,4411.14,66741000,4524.214,3544.043,2839.7,70.14,511.058,416.195,94.862,3544.043,4917.783,2170.303
2026-04-16,4341.35,4595.61,4337.36,4558.71,61810000,4545.75,3629.769,2904.938,71.98,514.117,435.78,78.337,3629.769,5033.283,2226.255
2026-04-17,4577.66,4635.49,4420.12,4482.93,56293000,4528.998,3708.339,2966.383,69.608,504.609,449.546,55.064,3708.339,5118.479,2298.199
2026-04-20,4413.14,4524.81,4294.48,4294.48,46696000,4484.328,3786.004,3021.988,63.965,476.377,454.912,21.465,3786.004,5141.918,2430.089
2026-04-21,4357.3,4509.86,4347.33,4413.14,47707000,4432.08,3867.596,3081.78,65.843,458.294,455.588,2.706,3867.596,5164.038,2571.153
2026-04-22,4423.11,4431.08,4296.48,4392.2,36427000,4428.292,3932.518,3140.904,65.197,437.234,451.917,-14.684,3932.518,5195.404,2669.633
2026-04-23,4489.91,4491.91,4140.93,4240.64,47301000,4364.678,3985.06,3191.056,60.567,403.661,442.266,-38.605,3985.06,5204.533,2765.587
2026-04-24,4288.5,4364.28,4240.64,4282.52,29469000,4324.596,4046.232,3234.123,61.383,376.097,429.032,-52.935,4046.232,5190.554,2901.91
2026-04-27,4262.58,4342.34,4196.77,4249.61,31412000,4315.622,4104.412,3275.254,60.327,347.591,412.744,-65.153,4104.412,5157.89,3050.934
2026-04-28,4137.94,4333.37,4101.05,4277.53,41789000,4288.5,4174.782,3318.231,60.941,323.523,394.9,-71.377,4174.782,5054.867,3294.697
2026-04-30,4259.58,4272.55,4145.92,4224.69,32591000,4254.998,4224.039,3360.795,59.077,296.765,375.273,-78.508,4224.039,4986.091,3461.986
2026-05-01,4239.64,4301.46,4107.03,4107.03,25345000,4228.276,4267.761,3401.095,55.04,263.032,352.825,-89.793,4267.761,4874.895,3660.627
2026-05-07,4456.01,4616.54,4446.04,4616.54,51329000,4295.08,4320.108,3450.03,65.905,274.25,337.11,-62.859,4320.108,4849.321,3790.895
2026-05-08,4469.97,4589.62,4360.29,4473.96,48475000,4339.95,4357.848,3494.232,61.431,268.54,323.396,-54.856,4357.848,4808.43,3907.266
2026-05-11,4543.76,4641.47,4330.38,4330.38,37371000,4350.52,4392.348,3534.622,57.219,249.553,308.627,-59.074,4392.348,4692.02,4092.675
2026-05-12,4556.72,5028.34,4353.31,5028.34,71398000,4511.25,4429.688,3581.89,68.52,287.51,304.404,-16.894,4429.688,4837.735,4021.642
2026-05-13,5103.13,5881.86,5090.16,5796.11,120981000,4849.066,4496.942,3642.107,76.023,375.219,318.567,56.652,4496.942,5232.086,3761.799
2026-05-14,5745.25,5997.52,5608.65,5705.37,71817000,5066.832,4553.876,3700.746,73.785,432.423,341.338,91.085,4553.876,5466.672,3641.081
2026-05-15,5932.71,5986.55,5317.5,5432.17,65076000,5258.474,4599.594,3753.734,67.354,450.518,363.174,87.344,4599.594,5592.831,3606.356
2026-05-18,5531.88,5689.42,5358.38,5468.06,72863000,5486.01,4639.277,3804.033,67.752,462.425,383.024,79.401,4639.277,5705.814,3572.741
2026-05-19,5304.54,5369.35,4945.59,5010.4,52444000,5482.422,4669.24,3846.347,58.044,429.975,392.414,37.561,4669.24,5742.44,3596.041
2026-05-20,4855.85,5191.87,4636.49,5071.22,88379000,5337.444,4694.866,3892.957,58.887,404.503,394.832,9.671,4694.866,5781.346,3608.386
2026-05-21,5185.88,5189.87,4898.72,4913.68,47042000,5179.106,4716.403,3934.852,55.762,367.37,389.34,-21.97,4716.403,5802.272,3630.535
2026-05-22,5087.17,5419.2,5086.18,5349.41,43809000,5162.554,4769.15,3986.086,61.801,368.849,385.242,-16.393,4769.15,5871.092,3667.208
2026-05-25,5631.59,5915.76,5575.75,5791.12,42149000,5227.166,4838.049,4051.798,66.755,401.04,388.401,12.639,4838.049,6015.964,3660.134
2026-05-26,5718.33,6087.26,5603.67,5996.52,48239000,5424.39,4918.265,4117.35,68.783,438.077,398.336,39.74,4918.265,6183.603,3652.927
2026-05-27,6085.26,6222.86,5540.85,5594.69,46604000,5529.084,4985.968,4170.32,60.951,430.047,404.678,25.368,4985.968,6243.52,3728.415
2026-05-28,5395.27,5518.91,5050.28,5184.89,52292000,5583.326,5031.086,4216.719,54.176,386.164,400.976,-14.812,5031.086,6246.413,3815.759
2026-05-29,5224.77,5229.76,4900.72,5190.87,85101000,5551.618,5078.149,4259.75,54.256,347.859,390.352,-42.493,5078.149,6237.675,3918.623
2026-06-01,5186.88,5450.11,5121.07,5197.85,37866000,5432.964,5124.165,4305.467,54.356,314.441,375.17,-60.729,5124.165,6221.277,4027.053
2026-06-02,5099.14,5229.76,4788.04,5076.2,44600000,5248.9,5166.74,4352.642,52.213,274.971,355.13,-80.159,5166.74,6179.746,4153.735
2026-06-03,5484.02,5595.69,5256.68,5294.57,47857000,5188.876,5226.118,4401.65,55.597,258.333,335.771,-77.438,5226.118,6108.363,4343.872
2026-06-04,5283.6,5328.47,4990.45,5095.15,30076000,5170.928,5250.048,4445.322,51.977,226.446,313.906,-87.46,5250.048,6087.502,4412.594
2026-06-05,4945.59,5099.14,4798.02,4890.75,34195000,5110.904,5270.888,4488.314,48.491,182.577,287.64,-105.063,5270.888,6045.404,4496.371
2026-06-08,4471.97,4576.66,4347.33,4512.85,32079000,4973.904,5280.011,4522.945,42.779,115.98,253.308,-137.328,5280.011,6010.953,4549.069
2026-06-09,4582.64,4671.38,4477.95,4636.49,32836000,4885.962,5260.418,4553.8,45.059,72.345,217.115,-144.771,5260.418,6039.205,4481.632
2026-06-10,4427.1,4434.08,4010.31,4092.07,41823000,4645.462,5175.216,4571.845,37.898,-6.097,172.473,-178.57,5175.216,6071.266,4279.167
2026-06-11,3823.85,4133.95,3796.93,4066.15,33747000,4439.662,5093.256,4591.986,37.592,-69.552,124.068,-193.62,5093.256,6080.374,4106.137
2026-06-12,4312.43,4365.28,4075.12,4196.77,35075000,4300.866,5031.486,4614.201,40.214,-108.055,77.643,-185.698,5031.486,6081.891,3981.08
2026-06-15,4466.98,4556.72,4384.22,4384.22,23306000,4275.14,4977.294,4644.483,43.86,-122.037,37.707,-159.744,4977.294,6044.562,3910.025
2026-06-16,4486.92,4816.96,4345.33,4599.59,42074000,4267.76,4956.753,4671.684,47.799,-114.42,7.282,-121.702,4956.753,6037.072,3876.434
2026-06-17,4476.95,4752.15,4476.95,4730.21,26746000,4395.388,4939.702,4701.636,50.087,-96.728,-13.52,-83.208,4939.702,6023.174,3856.231
2026-06-18,4798.02,4884.76,4615.55,4622.53,27002000,4506.664,4925.145,4722.695,48.211,-90.355,-28.887,-61.468,4925.145,6017.873,3832.417
2026-06-19,5320.49,5320.49,5260.67,5320.49,14551000,4731.408,4923.699,4754.722,58.943,-28.654,-28.84,0.186,4923.699,6014.137,3833.261
2026-06-22,5434.16,5861.91,5412.23,5783.14,61083000,5011.192,4923.3,4797.577,64.234,56.92,-11.688,68.608,4923.3,6012.407,3834.193
2026-06-23,5783.14,5807.07,4833.91,4885.76,64961000,5068.426,4867.762,4809.661,50.61,51.731,0.996,50.735,4867.762,5832.634,3902.89
2026-06-24,4885.76,4931.63,4586.63,4789.04,40853000,5080.192,4827.479,4816.422,49.395,39.36,8.668,30.692,4827.479,5729.812,3925.147
2026-06-25,4985.47,5035.32,4784.06,4977.49,32968000,5151.184,4817.11,4824.638,51.823,44.252,15.785,28.467,4817.11,5706.826,3927.393
2026-06-26,4890.75,4902.71,4449.03,4514.84,29920000,4990.054,4783.308,4824.578,45.988,10.675,14.763,-4.089,4783.308,5664.563,3902.053
2026-06-29,4518.83,4531.79,4241.64,4406.16,14919400,4714.658,4743.724,4819.213,44.714,-24.424,6.926,-31.35,4743.724,5617.668,3869.779
2026-06-30,4736.2,4814.97,4575.66,4716.25,20063900,4680.756,4725.726,4825.316,49.05,-26.908,0.159,-27.067,4725.726,5585.553,3865.899
2026-07-01,4855.85,4855.85,4205.74,4338.35,28131000,4590.618,4677.915,4820.908,44.473,-58.694,-11.612,-47.082,4677.915,5510.469,3845.361
2026-07-02,4212.72,4212.72,3913.59,3964.44,26552800,4388.008,4621.38,4810.539,40.45,-112.756,-31.84,-80.915,4621.38,5487.525,3755.234
2026-07-03,3868.72,4003.33,3700.22,3988.38,23593000,4282.716,4576.261,4804.417,40.819,-151.917,-55.856,-96.061,4576.261,5476.658,3675.864
2026-07-06,3868.72,3986.38,3781.98,3876.7,18637000,4176.824,4544.454,4793.688,39.587,-189.777,-82.64,-107.137,4544.454,5497.678,3591.229
2026-07-07,3848.78,3888.67,3645.37,3663.32,15860500,3966.238,4495.795,4779.11,37.271,-234.298,-112.972,-121.326,4495.795,5525.522,3466.068
2026-07-08,3523.73,3709.19,3432.0,3530.71,19410900,3804.71,4467.727,4764.912,35.867,-277.088,-145.795,-131.293,4467.727,5571.714,3363.74
2026-07-09,3600.51,3676.28,3496.81,3532.7,15748900,3718.362,4441.054,4749.915,35.906,-307.296,-178.095,-129.201,4441.054,5609.772,3272.337
2026-07-10,3719.16,3834.82,3708.19,3714.17,16901100,3663.52,4416.924,4739.206,39.52,-312.986,-205.073,-107.912,4416.924,5626.106,3207.743
2026-07-13,3686.26,3921.57,3555.64,3578.57,16349600,3603.894,4376.642,4725.227,37.804,-324.693,-228.997,-95.696,4376.642,5642.749,3110.535
2026-07-14,3489.83,3557.63,3347.24,3509.77,20118000,3573.184,4322.151,4710.929,36.928,-335.654,-250.329,-85.326,4322.151,5640.584,3003.718
2026-07-15,3668.31,3781.98,3539.68,3755.06,16573600,3618.054,4273.394,4703.889,42.081,-320.849,-264.433,-56.417,4273.394,5600.384,2946.403
2026-07-16,3584.55,3589.54,3444.96,3463.9,15717100,3604.294,4215.462,4680.837,38.102,-328.82,-277.31,-51.51,4215.462,5578.937,2851.987
2026-07-17,3291.41,3299.38,3070.05,3252.52,23584700,3511.964,4112.064,4656.408,35.479,-348.18,-291.484,-56.696,4112.064,5435.766,2788.361
2026-07-21,3322.32,3419.03,3198.68,3409.06,15270000,3478.062,3993.36,4637.981,38.837,-346.893,-302.566,-44.327,3993.36,5092.91,2893.809
2026-07-22,3688.25,3714.17,3507.78,3514.76,17372500,3479.06,3924.81,4607.71,41.067,-333.499,-308.753,-24.746,3924.81,4959.116,2890.503
2026-07-23,3610.48,3664.32,3449.94,3502.79,10401200,3428.606,3860.497,4561.843,40.885,-320.16,-311.034,-9.126,3860.497,4826.224,2894.77
2026-07-24,3439.97,3458.92,3330.29,3378.15,10763100,3411.456,3780.53,4515.299,38.952,-316.003,-312.028,-3.975,3780.53,4612.405,2948.655
2026-07-27,3340.26,3381.15,3160.79,3267.48,10701100,3414.448,3718.162,4472.005,37.266,-317.973,-313.217,-4.756,3718.162,4503.995,2932.329
2026-07-28,3090.99,3121.9,2919.49,2999.26,19009200,3332.488,3647.817,4422.629,33.485,-337.29,-318.031,-19.258,3647.817,4426.182,2869.452
2026-07-29,3000.26,3039.14,2638.31,2764.44,22152000,3182.424,3550.226,4377.71,30.561,-367.312,-327.888,-39.425,3550.226,4250.02,2850.433
2026-07-30,2753.97,2921.98,2670.22,2769.43,16868300,3035.752,3471.78,4331.674,30.699,-386.25,-339.56,-46.69,3471.78,4151.03,2792.531
2026-07-31,3158.79,3268.47,3086.01,3135.86,39342900,2987.294,3430.351,4296.118,40.14,-367.455,-345.139,-22.316,3430.351,4083.66,2777.043
2026-08-03,2926.47,3223.6,2920.99,3190.7,15709100,2971.938,3390.468,4252.944,41.426,-344.167,-344.945,0.778,3390.468,3995.982,2784.953
2026-08-04,3240.55,3574.58,3195.69,3555.64,30259200,3083.214,3374.415,4208.234,49.241,-292.888,-334.533,41.646,3374.415,3941.454,2807.375
2026-08-05,3834.82,3964.44,3770.01,3907.61,28889200,3311.848,3386.629,4166.456,55.419,-221.296,-311.886,90.59,3386.629,3989.278,2783.98
2026-08-06,3770.01,4073.13,3426.01,3897.64,72354600,3537.49,3404.976,4132.515,55.214,-163.479,-282.205,118.725,3404.976,4047.138,2762.813
2026-08-07,3967.44,4056.18,3577.57,3844.79,63618100,3679.276,3420.58,4105.713,54.072,-120.534,-249.871,129.336,3420.58,4090.384,2750.776
2026-08-10,3914.59,4238.65,3895.65,3940.51,45988600,3829.238,3431.897,4080.706,55.853,-77.879,-215.472,137.594,3431.897,4129.652,2734.142
2026-08-12,3800.92,4221.7,3757.05,4209.73,37123200,3960.056,3463.455,4060.943,60.493,-22.095,-176.797,154.702,3463.455,4241.603,2685.307
2026-08-13,4237.65,4322.4,4083.1,4099.05,38198600,3998.344,3492.919,4041.4,57.803,13.033,-138.831,151.864,3492.919,4321.445,2664.393
2026-08-14,4096.06,4144.92,3977.41,4045.21,25967600,4027.858,3507.426,4016.413,56.488,36.111,-103.842,139.953,3507.426,4364.933,2649.92
2026-08-17,4157.88,4287.5,4012.31,4285.51,26957200,4116.002,3548.507,4000.22,60.779,72.95,-68.484,141.434,3548.507,4473.315,2623.699
2026-08-18,4275.54,4618.54,4223.69,4355.31,43304600,4198.962,3603.647,3989.511,61.952,106.549,-33.477,140.026,3603.647,4583.984,2623.309
2026-08-19,4076.12,4101.05,3744.09,3759.04,41166700,4108.824,3621.146,3974.435,48.578,84.093,-9.963,94.057,3621.146,4599.35,2642.941
2026-08-20,3760.04,3899.63,3669.31,3852.77,26323100,4059.568,3638.046,3958.761,50.391,73.018,6.633,66.385,3638.046,4620.184,2655.908
2026-08-21,3741.1,3917.58,3741.1,3806.9,21887100,4011.906,3653.252,3953.057,49.472,59.85,17.276,42.574,3653.252,4635.988,2670.515
2026-08-24,3758.05,3847.79,3574.58,3614.47,23544200,3877.698,3665.068,3944.024,45.705,33.501,20.521,12.979,3665.068,4639.525,2690.61
2026-08-25,3610.48,3988.38,3590.53,3988.38,41467200,3804.312,3701.112,3939.856,53.167,42.302,24.878,17.425,3701.112,4666.941,2735.284
2026-08-26,3918.58,3938.52,3804.91,3893.65,25680100,3831.234,3745.832,3930.045,51.246,41.159,28.134,13.025,3745.832,4656.054,2835.61
2026-08-27,4085.09,4108.03,3882.68,4077.12,27681000,3876.104,3811.466,3919.595,54.663,54.43,33.393,21.037,3811.466,4605.637,3017.295
2026-08-28,4007.32,4060.17,3871.72,3891.66,22925600,3893.056,3867.578,3902.824,50.788,49.413,36.597,12.816,3867.578,4492.243,3242.912
2026-08-31,3709.19,4013.3,3686.26,4008.32,22025500,3971.826,3911.201,3890.54,53.043,54.226,40.123,14.103,3911.201,4434.313,3388.088
2026-09-01,3938.52,3980.4,3796.93,3846.79,20977700,3943.508,3944.005,3861.066,49.65,44.492,40.997,3.496,3944.005,4344.879,3543.131
2026-09-02,3840.81,3856.76,3699.22,3741.1,17620100,3912.998,3953.278,3820.225,47.509,27.928,38.383,-10.455,3953.278,4323.754,3582.802
2026-09-03,3768.02,3778.99,3585.55,3602.5,15656400,3818.074,3938.022,3794.56,44.781,3.576,31.422,-27.845,3938.022,4340.188,3535.857
2026-09-04,3672.3,3855.76,3635.4,3832.83,20437200,3806.308,3934.782,3775.436,49.926,2.83,25.703,-22.873,3934.782,4339.355,3530.209
2026-09-07,3988.38,3991.37,3787.96,3828.84,19933400,3770.412,3933.984,3752.463,49.839,1.895,20.942,-19.047,3933.984,4339.367,3528.602
2026-09-08,3808.9,3919.58,3655.35,3655.35,16024900,3732.124,3919.726,3735.273,46.094,-12.699,14.214,-26.912,3919.726,4343.772,3495.681
2026-09-09,3934.53,4183.81,3919.58,4117.0,37135100,3807.304,3915.09,3729.49,55.645,12.839,13.939,-1.1,3915.09,4327.657,3502.523
2026-09-10,4000.34,4035.24,3851.77,4012.31,21595400,3889.266,3910.753,3715.411,53.338,24.349,16.021,8.328,3910.753,4316.952,3504.554
2026-09-11,3942.51,4066.15,3889.66,3969.43,23237900,3916.586,3906.964,3708.033,52.379,29.669,18.75,10.919,3906.964,4309.277,3504.651
2026-09-14,3719.16,3908.61,3656.34,3833.83,22796400,3917.584,3884.38,3705.42,49.359,22.682,19.537,3.145,3884.38,4245.858,3522.902
2026-09-15,3710.19,3816.88,3650.36,3708.19,22958800,3928.152,3852.024,3699.817,46.674,6.927,17.015,-10.088,3852.024,4145.459,3558.589
2026-09-16,3682.27,3813.88,3659.33,3800.92,17118100,3864.936,3854.118,3698.301,48.884,1.901,13.992,-12.091,3854.118,4145.349,3562.887
2026-09-17,3940.51,3990.37,3710.19,3752.06,23256200,3812.886,3849.082,3700.076,47.761,-5.956,10.002,-15.958,3849.082,4143.872,3554.293
2026-09-18,3843.8,3916.58,3746.08,3889.66,21047200,3796.932,3853.221,3707.255,51.164,-1.067,7.789,-8.855,3853.221,4147.841,3558.6
2026-09-24,3919.58,3971.42,3794.94,3795.94,19858900,3789.354,3862.294,3712.52,48.831,-4.7,5.291,-9.991,3862.294,4136.42,3588.168
2026-09-25,3832.83,3935.53,3762.03,3814.88,19066200,3810.692,3853.619,3714.534,49.334,-5.983,3.036,-9.019,3853.619,4121.862,3585.376
2026-09-28,3828.84,3865.73,3751.07,3774.0,15361700,3805.308,3847.636,3718.442,48.232,-10.181,0.393,-10.573,3847.636,4117.453,3577.82
2026-09-29,3740.0,3818.0,3642.0,3684.0,17735900,3791.696,3827.98,3721.927,45.806,-20.533,-3.792,-16.74,3827.98,4084.348,3571.613
2026-09-30,3795.0,3879.0,3742.0,3856.0,18582500,3784.964,3826.197,3723.946,50.889,-14.689,-5.972,-8.717,3826.197,4081.193,3571.202
2026-10-01,3881.0,4117.0,3837.0,4113.0,23440100,3848.376,3831.431,3736.928,57.33,10.559,-2.666,13.224,3831.431,4105.733,3557.13
2026-10-02,4152.0,4476.0,4091.0,4429.0,41385900,3971.2,3860.542,3760.457,63.643,55.427,8.953,46.474,3860.542,4243.687,3477.397
2026-10-05,4451.0,4489.0,4345.0,4378.0,24559000,4092.0,3892.387,3779.836,62.048,85.88,24.338,61.542,3892.387,4334.99,3449.784
2026-10-06,4368.0,4428.0,4306.0,4379.0,13536900,4231.0,3931.212,3797.121,62.068,108.841,41.239,67.602,3931.212,4402.073,3460.351
