Date,Open,High,Low,Close,Volume,SMA5,SMA20,SMA50,RSI,MACD,MACD_signal,MACD_hist,BB_mid,BB_upper,BB_lower
2022-10-03,766.67,804.83,765.81,791.82,228400.0,,,,,0.0,0.0,0.0,,,
2022-10-04,780.55,802.23,780.55,790.09,596200.0,,,,,-0.138,-0.028,-0.11,,,
2022-10-05,789.22,791.82,777.08,787.49,538300.0,,,,,-0.452,-0.112,-0.339,,,
2022-10-06,785.75,793.56,771.88,772.74,619800.0,,,,,-1.869,-0.464,-1.406,,,
2022-10-07,766.67,778.81,758.87,776.21,402100.0,783.67,,,,-2.682,-0.907,-1.774,,,
2022-10-11,781.42,790.09,777.08,784.02,256600.0,782.11,,,,-2.665,-1.259,-1.406,,,
2022-10-12,789.22,789.22,771.88,771.88,172400.0,778.468,,,,-3.59,-1.725,-1.864,,,
2022-10-13,767.54,777.08,755.4,755.4,354600.0,772.05,,,,-5.588,-2.498,-3.09,,,
2022-10-14,780.55,783.15,764.07,766.67,342500.0,770.836,,,,-6.191,-3.236,-2.954,,,
2022-10-17,770.14,780.55,763.2,766.67,230100.0,768.928,,,,-6.592,-3.907,-2.685,,,
2022-10-18,774.48,780.55,771.01,776.21,188900.0,767.366,,,,-6.071,-4.34,-1.731,,,
2022-10-19,773.61,780.55,770.14,776.21,119100.0,768.232,,,,-5.593,-4.591,-1.003,,,
2022-10-20,770.14,777.95,767.54,775.35,173400.0,772.222,,,,-5.224,-4.717,-0.507,,,
2022-10-21,767.54,777.08,767.54,773.61,155900.0,773.61,,,,-5.014,-4.777,-0.237,,,
2022-10-24,778.82,780.55,768.41,771.88,250700.0,774.652,,,40.906,-4.93,-4.807,-0.123,,,
2022-10-25,780.55,787.49,776.21,780.55,311800.0,775.52,,,50.389,-4.117,-4.669,0.553,,,
2022-10-26,789.22,795.29,785.75,789.22,309500.0,778.122,,,57.7,-2.741,-4.284,1.543,,,
2022-10-27,781.42,781.42,764.94,770.14,344600.0,777.08,,,42.765,-3.154,-4.058,0.904,,,
2022-10-28,768.41,782.28,758.87,760.6,999000.0,774.478,,,37.533,-4.202,-4.086,-0.116,,,
2022-10-31,764.94,780.55,764.07,777.08,298600.0,775.518,775.692,,49.114,-3.661,-4.001,0.34,775.692,794.945,756.439
2022-11-01,765.81,772.74,759.73,760.6,213400.0,771.528,774.131,,40.94,-4.51,-4.103,-0.407,774.131,792.935,755.327
2022-11-02,756.27,768.41,755.4,764.94,432800.0,766.672,772.874,,43.602,-4.778,-4.238,-0.54,772.874,790.512,755.235
2022-11-04,755.4,764.94,752.8,752.8,396500.0,763.204,771.139,,38.39,-5.902,-4.571,-1.331,771.139,789.532,752.746
2022-11-07,761.47,764.07,753.66,757.13,268000.0,762.51,770.358,,41.095,-6.369,-4.93,-1.439,770.358,789.762,750.955
2022-11-08,763.2,769.27,757.13,764.94,276100.0,760.082,769.795,,45.723,-6.04,-5.152,-0.888,769.795,789.138,750.452
2022-11-09,773.61,776.21,764.07,771.01,229000.0,762.164,769.144,,49.072,-5.229,-5.168,-0.061,769.144,787.312,750.977
2022-11-10,766.67,770.14,761.47,769.27,187900.0,763.03,769.014,,48.155,-4.673,-5.069,0.396,769.014,787.137,750.891
2022-11-11,779.68,779.68,761.47,764.07,398700.0,765.284,769.448,,45.422,-4.599,-4.975,0.376,769.448,786.587,752.308
2022-11-14,771.88,782.28,761.47,771.01,455800.0,768.06,769.665,,49.538,-3.935,-4.767,0.832,769.665,786.766,752.563
2022-11-15,768.41,789.22,768.41,781.42,222300.0,771.356,770.402,,55.018,-2.539,-4.321,1.782,770.402,788.217,752.587
2022-11-16,777.08,786.62,769.27,784.02,307100.0,773.958,770.792,,56.294,-1.209,-3.699,2.49,770.792,789.465,752.12
2022-11-17,778.81,789.22,778.81,784.89,208500.0,777.082,771.226,,56.737,-0.084,-2.976,2.892,771.226,790.811,751.642
2022-11-18,786.62,791.82,776.21,777.95,395600.0,779.858,771.356,,52.198,0.245,-2.332,2.576,771.356,791.09,751.623
2022-11-21,777.95,792.69,777.95,791.82,274100.0,784.02,772.267,,59.22,1.606,-1.544,3.15,772.267,794.016,750.518
2022-11-22,796.16,810.04,792.69,807.44,328900.0,789.224,774.045,,65.387,3.9,-0.455,4.355,774.045,800.88,747.21
2022-11-24,816.11,839.52,815.24,832.59,539800.0,798.938,776.647,,72.577,7.659,1.168,6.492,776.647,814.121,739.173
2022-11-25,837.79,855.14,829.98,851.67,594200.0,812.294,779.77,,76.556,12.039,3.342,8.697,779.77,829.918,729.621
2022-11-28,858.6,858.6,828.25,834.32,437400.0,823.568,782.978,,67.032,13.95,5.463,8.486,782.978,838.463,727.494
2022-11-29,826.52,842.99,821.31,838.66,409500.0,832.936,786.882,,68.101,15.634,7.498,8.136,786.882,846.561,727.202
2022-11-30,832.59,843.86,830.85,839.52,733500.0,839.352,790.004,,68.32,16.844,9.367,7.477,790.004,853.907,726.1
2022-12-01,837.79,839.52,818.71,821.31,312300.0,837.096,793.039,,59.064,16.147,10.723,5.424,793.039,856.829,729.249
2022-12-02,816.11,818.71,801.36,815.24,422200.0,829.81,795.554,,56.324,14.933,11.565,3.368,795.554,858.642,732.466
2022-12-05,814.37,814.37,797.03,802.23,378100.0,823.392,798.026,,50.878,12.774,11.807,0.967,798.026,857.85,738.201
2022-12-06,798.76,809.17,798.76,805.7,254400.0,816.8,800.454,,52.205,11.213,11.688,-0.475,800.454,857.15,743.758
2022-12-07,816.11,826.52,812.64,823.05,540500.0,813.506,803.36,,58.277,11.247,11.6,-0.353,803.36,858.322,748.397
2022-12-08,823.05,823.05,803.97,815.24,357700.0,812.292,805.571,,54.896,10.522,11.384,-0.862,805.571,858.577,752.565
2022-12-09,811.77,816.98,808.3,809.17,310700.0,811.078,807.566,,52.354,9.35,10.977,-1.627,807.566,857.748,757.384
2022-12-12,815.24,816.98,807.44,809.17,240800.0,812.466,809.821,,52.354,8.325,10.447,-2.122,809.821,855.636,764.006
2022-12-13,815.24,815.24,798.76,806.57,354100.0,812.64,811.599,,51.177,7.22,9.802,-2.581,811.599,853.68,769.518
2022-12-14,810.9,817.84,804.83,810.9,339800.0,810.21,813.073,788.65,53.069,6.617,9.165,-2.547,813.073,852.697,773.449
2022-12-15,811.77,820.44,811.77,817.84,240600.0,810.73,814.764,789.17,56.013,6.623,8.656,-2.033,814.764,851.981,777.547
2022-12-16,821.31,830.85,814.37,814.37,754800.0,811.77,816.238,789.656,54.183,6.276,8.18,-1.905,816.238,850.707,781.769
2022-12-19,806.57,819.58,806.57,815.24,363500.0,812.984,818.103,790.211,54.584,6.001,7.745,-1.743,818.103,847.514,788.691
2022-12-20,820.44,848.2,807.44,836.06,687900.0,818.882,820.315,791.477,62.935,7.379,7.671,-0.293,820.315,848.008,792.621
2022-12-21,849.06,863.81,815.24,816.98,949400.0,820.098,820.792,792.293,53.268,6.852,7.507,-0.656,820.792,847.873,793.71
2022-12-22,829.12,831.72,812.64,827.38,782400.0,822.006,820.531,793.16,57.133,7.19,7.444,-0.254,820.531,847.232,793.83
2022-12-23,826.52,836.92,817.84,835.19,664000.0,826.17,819.707,794.426,59.821,7.997,7.555,0.442,819.707,843.185,796.229
2022-12-26,838.66,842.13,824.78,827.38,342200.0,828.598,819.36,795.866,56.037,7.915,7.627,0.288,819.36,842.122,796.598
2022-12-27,838.66,847.33,836.06,847.33,311300.0,830.852,819.794,797.479,62.553,9.351,7.972,1.38,819.794,844.362,795.225
2022-12-28,842.99,853.4,819.58,835.19,566200.0,834.494,819.577,798.849,57.015,9.402,8.258,1.144,819.577,843.481,795.673
2022-12-29,835.19,840.39,818.71,822.18,370600.0,833.454,819.62,799.769,51.73,8.297,8.265,0.031,819.62,843.541,795.7
2022-12-30,827.38,834.32,821.31,829.12,487500.0,832.24,820.315,800.827,54.171,7.89,8.19,-0.301,820.315,844.504,796.125
2023-01-04,836.06,836.06,816.11,834.32,590100.0,833.628,821.919,802.006,55.967,7.896,8.131,-0.236,821.919,845.301,798.537
2023-01-05,821.31,825.65,809.17,810.04,401400.0,826.17,822.136,802.735,46.752,5.874,7.68,-1.806,822.136,844.958,799.314
2023-01-06,810.04,818.71,804.83,810.9,596800.0,821.312,821.528,803.515,47.084,4.291,7.002,-2.711,821.528,844.889,798.168
2023-01-10,810.9,824.78,804.83,805.7,411600.0,818.016,821.051,804.018,45.246,2.588,6.119,-3.532,821.051,845.324,796.779
2023-01-11,803.1,806.57,799.63,804.83,340400.0,813.158,820.834,804.33,44.929,1.154,5.126,-3.972,820.834,845.626,796.043
2023-01-12,807.44,827.38,801.36,820.44,684300.0,810.382,821.398,805.336,51.48,1.263,4.354,-3.091,821.398,845.578,797.218
2023-01-13,827.38,869.88,823.05,861.21,1127500.0,820.616,824.13,807.349,63.644,4.586,4.4,0.186,824.13,853.124,795.136
2023-01-16,849.93,855.14,826.52,831.72,473400.0,824.78,825.171,808.441,53.246,4.785,4.477,0.308,825.171,853.656,796.686
2023-01-17,827.38,829.98,814.37,818.71,393900.0,827.382,825.214,809.604,49.411,3.848,4.351,-0.503,825.214,853.655,796.774
2023-01-18,819.58,826.52,799.63,824.78,1102400.0,831.372,825.735,810.8,51.178,3.555,4.192,-0.637,825.735,853.717,797.753
2023-01-19,820.44,825.65,807.44,810.9,361200.0,829.464,825.518,811.962,47.124,2.177,3.789,-1.612,825.518,853.907,797.129
2023-01-20,811.77,816.98,806.57,816.11,548500.0,820.444,824.52,813.142,48.765,1.489,3.329,-1.84,824.52,852.751,796.29
2023-01-23,823.91,829.12,811.77,814.37,648500.0,816.974,824.39,814.131,48.227,0.794,2.822,-2.028,824.39,852.791,795.989
2023-01-24,815.24,834.32,811.77,830.85,521000.0,819.402,824.564,815.327,53.464,1.555,2.569,-1.014,824.564,853.084,796.043
2023-01-25,825.65,830.85,815.24,818.71,558600.0,818.188,823.74,816.316,49.492,1.165,2.288,-1.123,823.74,851.917,795.562
2023-01-26,822.18,822.18,812.64,818.71,424000.0,819.75,823.306,817.409,49.492,0.846,1.999,-1.154,823.306,851.515,795.097
2023-01-27,821.31,832.59,816.11,830.85,652600.0,822.698,822.482,818.606,53.499,1.555,1.91,-0.356,822.482,848.623,796.341
2023-01-30,824.78,833.45,819.58,829.98,571600.0,825.82,822.222,819.577,53.173,2.023,1.933,0.09,822.222,847.929,796.514
2023-01-31,831.72,836.06,816.11,817.84,443800.0,823.218,822.004,820.253,48.718,1.399,1.826,-0.427,822.004,847.787,796.222
2023-02-01,824.78,829.12,810.9,810.9,278700.0,821.656,821.094,820.774,46.329,0.34,1.529,-1.189,821.094,847.104,795.083
2023-02-02,813.51,815.24,804.83,805.7,342700.0,819.054,819.662,821.329,44.565,-0.908,1.041,-1.95,819.662,845.758,793.567
2023-02-03,797.9,798.76,786.62,797.03,503000.0,812.29,819.012,821.433,41.714,-2.568,0.32,-2.887,819.012,846.717,791.307
2023-02-06,797.9,801.36,790.09,796.16,353100.0,805.526,818.275,821.207,41.427,-3.908,-0.526,-3.382,818.275,847.624,788.926
2023-02-07,796.16,806.57,796.16,804.83,545000.0,802.924,818.232,820.652,45.448,-4.222,-1.265,-2.957,818.232,847.661,788.802
2023-02-08,804.83,813.51,798.76,812.64,400600.0,803.272,818.622,819.871,48.853,-3.796,-1.771,-2.025,818.622,847.505,789.739
2023-02-09,811.77,812.64,801.36,810.9,410000.0,804.312,818.145,819.403,48.132,-3.559,-2.129,-1.43,818.145,847.216,789.074
2023-02-10,812.64,830.85,812.64,827.38,916300.0,810.382,816.454,819.177,54.918,-2.017,-2.107,0.089,816.454,837.915,794.992
2023-02-13,822.18,837.79,822.18,833.45,477400.0,817.84,816.54,819.056,57.142,-0.303,-1.746,1.443,816.54,838.273,794.807
2023-02-14,839.52,846.46,835.19,845.6,399200.0,825.994,817.884,819.542,61.262,2.014,-0.994,3.008,817.884,843.212,792.557
2023-02-15,845.6,849.93,841.26,847.33,253200.0,832.932,819.012,820.184,61.825,3.943,-0.006,3.95,819.012,847.449,790.575
2023-02-16,849.93,851.67,836.06,839.52,352900.0,838.656,820.443,820.929,57.747,4.787,0.952,3.835,820.443,850.019,790.867
2023-02-17,837.79,842.99,831.72,832.59,315000.0,839.698,821.267,821.467,54.323,4.841,1.73,3.111,821.267,851.25,791.284
2023-02-20,835.19,842.13,832.59,837.79,281000.0,840.566,822.438,821.762,56.411,5.243,2.433,2.81,822.438,853.108,791.768
2023-02-21,837.79,850.8,834.32,848.2,335600.0,841.086,823.306,822.421,60.322,6.329,3.212,3.117,823.306,855.899,790.712
2023-02-22,848.2,855.14,840.39,841.26,637400.0,839.872,824.433,823.063,56.672,6.553,3.88,2.673,824.433,857.905,790.961
2023-02-24,847.33,849.93,832.59,833.45,524900.0,838.658,825.17,823.549,52.799,6.032,4.31,1.721,825.17,858.761,791.579
2023-02-27,834.32,842.13,829.98,840.39,401400.0,840.218,825.647,824.225,55.696,6.108,4.67,1.438,825.647,859.843,791.451
2023-02-28,838.66,839.52,823.91,828.25,578300.0,838.31,825.56,824.572,49.923,5.13,4.762,0.368,825.56,859.719,791.402
2023-03-01,829.98,845.6,827.38,838.66,526800.0,836.402,826.602,824.988,54.298,5.135,4.837,0.298,826.602,861.037,792.166
2023-03-02,842.99,848.2,827.38,829.12,347700.0,833.974,827.512,825.283,49.988,4.32,4.733,-0.413,827.512,861.154,793.871
2023-03-03,832.59,841.26,829.98,838.66,412300.0,835.016,829.16,825.752,53.926,4.393,4.665,-0.272,829.16,861.507,796.814
2023-03-06,833.45,836.06,824.78,824.78,643400.0,831.894,830.548,825.526,48.004,3.293,4.391,-1.098,830.548,859.269,801.827
2023-03-07,829.12,838.66,827.38,837.79,337200.0,833.802,832.63,825.942,53.193,3.431,4.199,-0.768,832.63,856.478,808.781
2023-03-08,836.92,841.26,829.98,839.52,269800.0,833.974,834.364,826.185,53.852,3.639,4.087,-0.448,834.364,854.448,814.28
2023-03-09,842.13,864.68,842.13,861.21,401900.0,840.392,836.792,826.706,61.228,5.49,4.367,1.122,836.792,857.551,816.034
2023-03-10,848.2,853.4,829.98,829.98,964800.0,838.656,837.746,826.758,49.067,4.386,4.371,0.015,837.746,854.943,820.55
2023-03-13,816.98,817.84,794.43,804.83,910200.0,834.666,836.619,825.908,41.857,1.466,3.79,-2.324,836.619,858.887,814.351
2023-03-14,780.55,786.62,758.0,765.81,1590300.0,820.27,833.237,824.52,33.606,-3.952,2.242,-6.194,833.237,871.981,794.493
2023-03-15,780.55,790.96,776.21,786.62,928200.0,809.69,830.288,823.809,40.359,-6.492,0.495,-6.987,830.288,873.76,786.816
2023-03-16,770.14,770.14,751.93,763.2,846800.0,790.088,826.082,822.49,35.93,-10.276,-1.659,-8.617,826.082,878.06,774.103
2023-03-17,778.82,778.82,760.6,769.27,721600.0,777.946,822.569,821.189,37.834,-12.639,-3.855,-8.784,822.569,879.938,765.2
2023-03-20,759.73,775.35,758.0,760.6,465400.0,769.1,818.97,820.201,36.18,-15.038,-6.092,-8.946,818.97,882.405,755.534
2023-03-22,780.55,785.75,774.48,775.35,689300.0,771.008,815.848,819.49,40.913,-15.57,-7.987,-7.583,815.848,881.49,750.205
2023-03-23,762.34,766.67,757.13,762.34,319100.0,766.152,811.554,818.622,38.22,-16.847,-9.759,-7.088,811.554,879.479,743.63
2023-03-24,754.53,767.54,752.8,765.81,439900.0,766.674,807.782,817.842,39.366,-17.379,-11.283,-6.095,807.782,877.126,738.438
2023-03-27,773.61,773.61,761.47,763.2,314100.0,765.46,804.27,816.697,38.784,-17.805,-12.588,-5.218,804.27,875.237,733.302
2023-03-28,774.48,775.35,756.27,764.07,453700.0,766.154,800.454,814.754,39.107,-17.867,-13.644,-4.224,800.454,871.451,729.456
2023-03-29,771.01,777.95,768.41,777.08,421200.0,766.5,797.895,813.662,43.884,-16.675,-14.25,-2.425,797.895,868.361,727.429
2023-03-30,782.38,784.14,771.78,782.38,448000.0,770.508,795.081,812.935,45.751,-15.127,-14.425,-0.702,795.081,863.146,727.016
2023-03-31,787.68,792.98,781.5,785.03,393900.0,774.352,792.877,812.14,46.706,-13.531,-14.246,0.715,792.877,859.132,726.621
2023-04-03,794.74,805.34,791.21,803.57,507400.0,782.426,791.122,811.993,52.946,-10.647,-13.527,2.879,791.122,854.047,728.197
2023-04-04,802.69,807.99,799.16,805.34,299500.0,790.68,790.15,811.778,53.505,-8.125,-12.446,4.321,790.15,851.466,728.834
2023-04-05,796.51,799.16,785.91,785.91,296900.0,792.446,787.556,811.209,46.909,-7.607,-11.478,3.871,787.556,844.629,730.483
2023-04-06,781.5,789.44,777.08,782.38,430300.0,792.446,784.699,810.239,45.805,-7.396,-10.662,3.266,784.699,836.275,733.123
2023-04-07,786.79,794.74,786.79,792.09,235700.0,793.858,781.243,809.707,49.339,-6.371,-9.804,3.432,781.243,818.511,743.975
2023-04-10,794.74,803.57,794.74,802.69,210500.0,793.682,779.878,809.387,52.947,-4.651,-8.773,4.123,779.878,811.149,748.608
2023-04-11,806.22,807.1,794.74,795.62,299700.0,791.738,779.418,808.682,50.37,-3.813,-7.781,3.968,779.418,809.385,749.451
2023-04-12,794.74,802.69,794.74,795.62,238100.0,793.68,780.908,807.995,50.37,-3.114,-6.848,3.734,780.908,810.991,750.826
2023-04-13,793.86,798.27,791.21,798.27,316000.0,796.858,781.491,807.603,51.398,-2.319,-5.942,3.623,781.491,812.477,750.505
2023-04-14,799.16,801.81,792.09,795.62,367500.0,797.564,783.112,807.298,50.277,-1.881,-5.13,3.249,783.112,813.454,752.77
2023-04-17,795.62,800.92,794.74,800.04,234800.0,797.034,784.65,807.185,52.152,-1.164,-4.337,3.172,784.65,815.158,754.143
2023-04-18,803.57,816.82,802.69,810.64,302700.0,800.038,787.152,807.457,56.399,0.256,-3.418,3.674,787.152,817.562,756.743
2023-04-19,807.99,809.75,799.16,808.87,221400.0,802.688,788.828,807.711,55.513,1.225,-2.49,3.715,788.828,820.18,757.477
2023-04-20,807.99,821.23,807.1,819.47,251500.0,806.928,791.685,808.004,59.606,2.816,-1.428,4.244,791.685,823.284,760.086
2023-04-21,821.23,823.0,810.64,811.52,296200.0,810.108,793.97,807.981,55.483,3.396,-0.464,3.859,793.97,824.275,763.666
2023-04-24,811.52,814.17,802.69,803.57,254900.0,810.814,795.989,807.835,51.637,3.177,0.265,2.913,795.989,822.846,769.132
2023-04-25,810.64,817.7,808.87,811.52,255800.0,810.99,798.362,807.518,54.997,3.604,0.933,2.672,798.362,821.467,775.256
2023-04-26,803.57,803.57,789.44,790.33,245100.0,807.282,799.024,806.655,45.853,2.207,1.187,1.02,799.024,820.243,777.805
2023-04-27,790.33,792.98,785.91,791.21,265300.0,801.63,799.466,805.567,46.252,1.158,1.182,-0.024,799.466,819.565,779.366
2023-04-28,800.92,814.17,797.39,802.69,454100.0,799.864,800.348,804.675,51.302,1.238,1.193,0.045,800.348,819.296,781.401
2023-05-01,811.52,813.29,800.92,809.75,294600.0,801.1,800.658,804.079,54.155,1.85,1.324,0.526,800.658,820.023,781.292
2023-05-02,812.4,812.4,798.27,799.16,180800.0,798.628,800.348,803.411,49.473,1.464,1.352,0.112,800.348,819.597,781.1
2023-05-08,792.09,797.39,789.44,789.44,272300.0,798.45,800.525,802.444,45.578,0.369,1.156,-0.787,800.525,819.274,781.776
2023-05-09,791.21,800.92,785.91,798.27,349800.0,799.862,801.32,801.445,49.47,0.211,0.967,-0.755,801.32,818.071,784.568
2023-05-10,801.81,804.45,795.62,797.39,214300.0,798.802,801.584,800.568,49.093,0.015,0.776,-0.761,801.584,817.883,785.286
2023-05-11,790.33,795.62,790.33,792.09,162600.0,795.27,801.054,799.74,46.782,-0.561,0.509,-1.07,801.054,817.882,784.227
2023-05-12,785.91,792.98,779.73,791.21,579700.0,793.68,800.834,798.757,46.392,-1.077,0.192,-1.269,800.834,818.072,783.596
2023-05-15,794.74,802.69,790.33,798.27,548400.0,795.446,800.966,798.157,49.998,-0.905,-0.028,-0.878,800.966,818.076,783.857
2023-05-16,804.45,806.22,794.74,798.27,606600.0,795.446,800.966,797.349,49.998,-0.76,-0.174,-0.586,800.966,818.076,783.857
2023-05-17,799.16,804.45,795.62,800.04,411800.0,795.976,801.188,796.768,50.957,-0.497,-0.239,-0.258,801.188,818.12,784.255
2023-05-18,808.87,809.75,799.16,802.69,395800.0,798.096,801.32,796.048,52.428,-0.074,-0.206,0.132,801.32,818.256,784.384
2023-05-19,803.57,804.45,792.98,793.86,357300.0,798.626,800.481,795.43,47.333,-0.446,-0.254,-0.192,800.481,817.133,783.829
2023-05-22,787.68,792.09,777.96,777.96,459100.0,794.564,798.935,794.233,39.826,-2.0,-0.603,-1.397,798.935,817.888,779.983
2023-05-23,785.03,785.91,775.31,777.08,391800.0,790.326,796.816,792.985,39.453,-3.266,-1.136,-2.13,796.816,815.58,778.052
2023-05-24,780.61,785.91,776.2,776.2,258500.0,785.558,795.05,791.284,39.059,-4.29,-1.767,-2.524,795.05,814.618,775.482
2023-05-25,774.43,777.96,769.13,773.55,323200.0,779.73,793.549,790.156,37.834,-5.255,-2.464,-2.791,793.549,814.89,772.208
2023-05-26,770.9,771.78,763.83,763.83,353400.0,773.724,791.165,789.336,33.664,-6.727,-3.317,-3.41,791.165,814.605,767.724
2023-05-29,769.13,772.67,767.37,769.13,187600.0,771.958,790.104,789.402,37.697,-7.381,-4.13,-3.251,790.104,815.537,764.672
2023-05-30,767.37,768.25,761.19,761.19,280400.0,768.78,788.604,788.894,34.33,-8.442,-4.992,-3.45,788.604,817.118,760.089
2023-05-31,755.89,765.6,754.12,755.0,701900.0,764.54,786.219,788.73,31.935,-9.671,-5.928,-3.743,786.219,817.605,754.833
2023-06-01,752.36,760.3,749.71,758.54,361300.0,761.538,783.658,788.515,34.739,-10.241,-6.791,-3.451,783.658,815.316,752.001
2023-06-02,762.95,771.78,762.07,771.78,334100.0,763.128,782.29,788.739,44.026,-9.515,-7.336,-2.18,782.29,813.489,751.09
2023-06-05,778.76,781.5,763.92,771.78,612700.0,763.658,781.406,788.667,44.026,-8.838,-7.636,-1.202,781.406,812.753,750.06
2023-06-06,763.75,764.45,757.21,763.75,383400.0,764.17,779.68,788.695,40.02,-8.847,-7.878,-0.969,779.68,810.919,748.442
2023-06-07,764.01,766.48,750.59,750.59,724600.0,763.288,777.34,788.391,34.482,-9.804,-8.263,-1.54,777.34,809.974,744.707
2023-06-08,762.07,765.16,746.44,747.94,466500.0,761.168,775.133,788.086,33.478,-10.652,-8.741,-1.911,775.133,809.492,740.774
2023-06-09,749.71,757.04,747.76,755.0,598100.0,757.812,773.322,787.904,38.609,-10.633,-9.119,-1.513,773.322,807.93,738.715
2023-06-12,757.39,763.22,754.3,757.21,223800.0,754.898,771.27,787.507,40.165,-10.32,-9.36,-0.96,771.27,804.49,738.049
2023-06-13,757.12,762.95,756.42,756.42,378200.0,753.432,769.177,786.988,39.777,-10.02,-9.492,-0.529,769.177,800.451,737.903
2023-06-14,766.04,769.31,762.78,765.25,461000.0,756.364,767.438,786.592,46.051,-8.967,-9.387,0.42,767.438,795.151,739.724
2023-06-15,759.42,764.89,755.98,759.6,487500.0,758.696,765.283,785.713,42.967,-8.49,-9.208,0.717,765.283,787.64,742.926
2023-06-16,760.92,762.6,753.77,760.48,878500.0,759.792,763.614,784.816,43.6,-7.95,-8.956,1.006,763.614,781.531,745.697
2023-06-19,760.83,765.6,759.15,765.6,444600.0,761.47,762.996,784.409,47.271,-7.027,-8.57,1.543,762.996,779.637,746.355
2023-06-20,770.02,770.9,760.39,763.04,579700.0,762.794,762.294,784.023,45.671,-6.429,-8.142,1.713,762.294,777.561,747.027
2023-06-21,760.66,764.98,759.42,761.19,355000.0,761.982,761.544,783.405,44.498,-6.034,-7.72,1.686,761.544,775.337,747.75
2023-06-22,762.07,768.69,760.3,763.39,517900.0,762.74,761.036,782.619,46.265,-5.481,-7.272,1.792,761.036,773.666,748.405
2023-06-23,763.83,767.01,756.33,760.39,533800.0,762.722,760.863,781.914,44.199,-5.224,-6.863,1.639,760.863,773.427,748.3
2023-06-26,761.1,765.07,755.89,760.13,375400.0,761.628,760.414,781.204,44.015,-4.984,-6.487,1.503,760.414,772.36,748.467
2023-06-27,761.63,764.54,755.71,759.24,276900.0,760.868,760.316,780.424,43.352,-4.81,-6.152,1.342,760.316,772.268,748.364
2023-06-28,762.95,768.69,761.45,768.25,487400.0,762.28,760.978,779.876,51.346,-3.9,-5.701,1.801,760.978,773.157,748.8
2023-06-29,769.13,769.75,757.92,761.1,305200.0,761.822,761.107,779.097,45.82,-3.713,-5.304,1.59,761.107,773.23,748.983
2023-06-30,764.63,765.25,759.15,763.92,403900.0,762.528,760.714,778.163,48.189,-3.3,-4.903,1.603,760.714,771.85,749.577
2023-07-03,764.19,773.9,764.19,772.67,323000.0,765.036,760.758,777.439,54.792,-2.24,-4.37,2.13,760.758,772.086,749.43
2023-07-04,779.38,790.94,777.7,790.94,576200.0,771.376,762.118,776.868,64.863,0.073,-3.482,3.555,762.118,779.737,744.498
2023-07-05,787.59,789.18,775.14,776.9,346500.0,773.106,763.433,776.176,54.766,0.765,-2.632,3.397,763.433,781.354,745.512
2023-07-06,776.82,778.23,769.93,770.19,268500.0,774.924,764.546,775.508,50.704,0.762,-1.953,2.716,764.546,781.13,747.961
2023-07-07,768.25,782.73,763.83,776.55,381700.0,777.45,765.623,774.809,54.174,1.259,-1.311,2.57,765.623,782.395,748.851
2023-07-10,785.2,789.8,772.67,773.72,367400.0,777.66,766.448,774.477,52.406,1.409,-0.767,2.176,766.448,783.102,749.795
2023-07-11,776.29,780.26,773.37,775.31,209700.0,774.534,767.393,774.159,53.328,1.636,-0.286,1.923,767.393,783.793,750.993
2023-07-12,777.96,779.73,770.02,776.73,240300.0,774.5,767.967,773.64,54.181,1.909,0.153,1.757,767.967,784.847,751.087
2023-07-13,777.08,781.5,773.37,775.67,313700.0,775.596,768.77,772.958,53.396,2.017,0.526,1.491,768.77,785.503,752.038
2023-07-14,781.5,783.44,772.58,773.2,291800.0,774.926,769.406,772.439,51.524,1.881,0.797,1.084,769.406,785.775,753.038
2023-07-18,773.2,787.77,771.52,778.93,349500.0,775.968,770.073,772.229,55.428,2.211,1.079,1.131,770.073,786.869,753.277
2023-07-19,787.5,787.77,779.55,783.61,278400.0,777.628,771.102,771.935,58.377,2.817,1.427,1.39,771.102,788.589,753.614
2023-07-20,786.0,788.12,779.73,779.73,196800.0,778.228,772.028,771.582,55.121,2.95,1.732,1.218,772.028,789.268,754.789
2023-07-21,782.38,784.06,773.28,779.11,280700.0,778.916,772.815,771.323,54.597,2.971,1.979,0.992,772.815,789.828,755.801
2023-07-24,781.05,787.15,777.26,781.76,363100.0,780.628,773.883,771.134,56.501,3.166,2.217,0.949,773.883,790.284,757.482
2023-07-25,790.15,794.3,784.5,791.03,513100.0,783.048,775.428,770.989,62.434,4.021,2.578,1.444,775.428,792.192,758.664
2023-07-26,787.59,793.86,780.61,792.36,519900.0,784.798,777.084,770.871,63.209,4.752,3.012,1.739,777.084,793.657,760.511
2023-07-27,792.53,802.6,791.74,799.6,484800.0,788.772,778.652,770.862,67.181,5.848,3.579,2.268,778.652,797.483,759.82
2023-07-28,802.69,819.47,799.33,818.67,731200.0,796.684,781.53,771.181,74.874,8.161,4.496,3.665,781.53,805.862,757.198
2023-07-31,832.54,842.87,826.88,842.87,740200.0,808.906,785.478,772.162,80.97,11.811,5.959,5.852,785.478,820.879,750.076
2023-08-01,836.24,837.48,824.41,825.65,425400.0,815.83,788.126,773.115,68.276,13.162,7.399,5.763,788.126,827.228,749.025
2023-08-02,815.4,819.91,807.81,809.4,428200.0,819.238,789.05,773.762,58.893,12.774,8.474,4.3,789.05,829.286,748.813
2023-08-03,809.75,809.75,797.83,799.6,449300.0,819.238,790.184,774.23,54.067,11.543,9.088,2.455,790.184,830.258,750.111
2023-08-04,807.1,814.7,803.84,808.16,564200.0,817.136,792.083,774.922,57.354,11.13,9.497,1.634,792.083,831.764,752.402
2023-08-07,806.49,813.2,800.04,811.96,598600.0,810.954,793.853,775.885,58.765,10.983,9.794,1.189,793.853,833.775,753.932
2023-08-08,821.85,827.33,818.05,819.55,344600.0,809.734,796.145,776.893,61.504,11.347,10.104,1.243,796.145,836.46,755.83
2023-08-09,821.23,821.23,804.98,807.99,244100.0,809.452,797.779,777.829,55.461,10.582,10.2,0.382,797.779,837.177,758.381
2023-08-10,812.4,813.02,801.98,810.64,311800.0,811.66,799.474,778.942,56.516,10.073,10.174,-0.102,799.474,837.967,760.982
2023-08-14,820.17,821.23,803.66,806.04,332100.0,811.236,800.993,779.892,54.12,9.192,9.978,-0.786,800.993,837.895,764.091
2023-08-15,807.99,807.99,800.66,806.4,268500.0,810.124,802.653,780.584,54.283,8.426,9.668,-1.241,802.653,837.203,768.103
2023-08-16,797.39,797.92,790.33,790.33,440800.0,804.28,803.223,780.955,46.35,6.448,9.024,-2.576,803.223,836.476,769.97
2023-08-17,787.68,801.01,784.59,801.01,360500.0,802.884,804.093,781.7,51.43,5.677,8.354,-2.678,804.093,836.072,772.114
2023-08-18,805.07,810.02,799.16,801.19,341200.0,800.994,805.166,782.712,51.514,5.022,7.688,-2.666,805.166,835.076,775.256
2023-08-21,803.57,817.26,802.87,812.23,347100.0,802.232,806.822,783.998,56.449,5.333,7.217,-1.884,806.822,834.22,779.424
2023-08-22,816.55,826.18,811.25,825.65,270900.0,806.082,809.016,785.411,61.57,6.586,7.091,-0.505,809.016,834.954,783.079
2023-08-23,818.5,821.23,814.26,821.23,170200.0,812.262,810.526,786.692,59.105,7.14,7.101,0.039,810.526,835.556,785.497
2023-08-24,818.58,835.98,818.58,834.21,333200.0,818.902,812.619,788.247,63.701,8.528,7.386,1.142,812.619,838.244,786.994
2023-08-25,830.06,836.33,827.15,834.04,279100.0,825.472,814.341,789.623,63.6,9.505,7.81,1.695,814.341,840.894,787.788
2023-08-28,838.89,847.02,838.89,846.22,357700.0,832.27,815.719,791.356,67.561,11.134,8.475,2.659,815.719,845.836,785.601
2023-08-29,846.22,853.29,841.9,845.6,339000.0,836.26,815.855,793.058,67.161,12.233,9.226,3.007,815.855,846.511,785.199
2023-08-30,851.52,858.23,850.55,857.08,628200.0,843.43,817.426,794.888,70.633,13.871,10.155,3.716,817.426,853.021,781.832
2023-08-31,854.79,859.03,849.67,854.61,372600.0,847.51,819.687,796.719,68.944,14.8,11.084,3.715,819.687,858.712,780.662
2023-09-01,857.0,864.59,856.47,862.82,493500.0,853.266,822.848,798.752,71.393,16.013,12.07,3.943,822.848,865.128,780.568
2023-09-04,867.42,904.24,865.47,903.8,772700.0,864.782,827.63,801.56,79.91,20.05,13.666,6.384,827.63,882.635,772.625
2023-09-05,909.1,924.55,902.03,912.19,511600.0,878.1,832.642,804.596,81.147,23.654,15.664,7.991,832.642,898.774,766.509
2023-09-06,912.63,944.42,912.63,941.77,583100.0,895.038,838.752,808.229,84.72,28.568,18.245,10.323,838.752,920.528,756.977
2023-09-07,936.03,954.57,936.03,949.72,603700.0,914.06,845.839,812.038,85.515,32.726,21.141,11.585,845.839,940.014,751.664
2023-09-08,944.42,953.25,934.7,936.03,745600.0,928.702,852.108,815.394,77.993,34.519,23.817,10.703,852.108,952.881,751.336
2023-09-11,951.04,996.08,941.33,993.87,869900.0,946.716,861.5,820.049,84.283,40.145,27.082,13.062,861.5,977.981,745.019
2023-09-12,991.66,1001.37,975.77,998.28,592600.0,963.934,871.094,824.736,84.644,44.446,30.555,13.891,871.094,999.468,742.72
2023-09-13,999.17,1011.53,996.52,1006.23,506000.0,976.826,881.889,829.408,85.298,47.944,34.033,13.911,881.889,1017.758,746.02
2023-09-14,1012.85,1025.66,1007.56,1017.71,515100.0,990.424,892.724,833.943,86.212,51.054,37.437,13.617,892.724,1035.807,749.641
2023-09-15,1022.57,1042.88,1013.74,1015.5,903500.0,1006.318,903.44,838.715,85.115,52.733,40.496,12.236,903.44,1049.723,757.156
2023-09-19,1015.5,1029.63,1000.49,1029.63,523400.0,1013.47,914.31,843.904,86.314,54.574,43.312,11.262,914.31,1064.317,764.302
2023-09-20,1033.16,1036.7,1013.3,1015.94,501000.0,1017.002,923.824,848.692,79.622,54.302,45.51,8.793,923.824,1074.293,773.355
2023-09-21,1015.94,1034.05,1015.94,1021.68,352900.0,1020.092,933.846,853.651,80.312,53.929,47.194,6.735,933.846,1082.231,785.462
2023-09-22,1014.62,1041.99,1006.67,1034.93,447600.0,1023.536,943.882,858.843,81.839,54.079,48.571,5.508,943.882,1091.039,796.726
2023-09-25,1034.93,1034.93,1013.74,1018.15,464100.0,1024.066,953.088,863.672,74.01,52.241,49.305,2.936,953.088,1094.224,811.952
2023-09-26,1015.5,1038.9,1015.5,1031.84,361100.0,1024.508,962.369,868.795,76.025,51.298,49.703,1.595,962.369,1098.229,826.509
2023-09-27,1020.8,1029.63,1008.44,1029.19,390900.0,1027.158,971.549,873.915,74.816,49.763,49.715,0.048,971.549,1098.72,844.377
2023-09-28,1033.22,1053.79,1024.72,1030.53,439000.0,1028.928,980.221,878.947,75.032,48.101,49.392,-1.292,980.221,1097.821,862.621
2023-09-29,1034.56,1037.69,991.62,998.78,390100.0,1021.698,987.43,883.25,61.547,43.717,48.257,-4.54,987.43,1089.222,885.637
2023-10-02,1008.17,1038.58,1007.72,1018.46,535100.0,1021.76,995.212,888.025,65.666,41.354,46.877,-5.522,995.212,1079.119,911.304
2023-10-03,1013.98,1015.32,994.75,999.67,344000.0,1015.326,1000.005,892.436,59.151,37.533,45.008,-7.475,1000.005,1072.038,927.972
2023-10-04,993.85,994.75,954.49,958.07,704500.0,1001.102,1002.299,895.962,47.835,30.793,42.165,-11.372,1002.299,1064.856,939.742
2023-10-05,962.99,992.51,958.07,982.67,554800.0,991.53,1004.344,899.795,53.5,27.124,39.157,-12.033,1004.344,1060.962,947.726
2023-10-06,982.67,1008.17,971.49,1001.01,389600.0,991.976,1006.908,903.968,57.229,25.403,36.406,-11.003,1006.908,1057.426,956.391
2023-10-10,1001.01,1014.43,992.96,1013.98,596200.0,991.08,1010.806,908.256,59.691,24.8,34.085,-9.285,1010.806,1048.766,972.846
2023-10-11,1010.85,1021.14,1001.91,1008.17,302200.0,992.78,1011.521,912.046,58.079,23.581,31.984,-8.403,1011.521,1048.668,974.374
2023-10-12,1009.06,1023.82,1007.27,1018.01,260800.0,1004.768,1012.508,915.548,60.047,23.143,30.216,-7.073,1012.508,1049.219,975.796
2023-10-13,1010.85,1028.74,1001.01,1001.46,333100.0,1008.526,1012.269,919.065,55.34,21.215,28.416,-7.201,1012.269,1049.214,975.324
2023-10-16,984.91,1011.75,982.67,1006.83,315600.0,1009.69,1011.725,923.013,56.531,19.891,26.711,-6.819,1011.725,1048.653,974.797
2023-10-17,1014.88,1021.59,1005.48,1011.75,291900.0,1009.244,1011.538,927.256,57.645,19.02,25.173,-6.152,1011.538,1048.423,974.652
2023-10-18,1024.27,1043.06,1023.82,1038.58,452700.0,1015.326,1011.985,931.865,63.187,20.261,24.19,-3.929,1011.985,1049.994,973.976
2023-10-19,1025.16,1050.21,1025.16,1044.84,510200.0,1020.692,1013.43,936.522,64.359,21.502,23.653,-2.151,1013.43,1054.172,972.688
2023-10-20,1044.4,1059.16,1027.85,1033.22,499400.0,1027.044,1014.007,940.796,60.509,21.302,23.183,-1.88,1014.007,1055.559,972.455
2023-10-23,1033.22,1047.53,1028.74,1028.74,397600.0,1031.426,1013.697,945.211,59.042,20.545,22.655,-2.11,1013.697,1054.682,972.713
2023-10-24,1027.85,1038.58,1008.17,1029.64,434900.0,1035.004,1014.272,949.591,59.256,19.79,22.082,-2.292,1014.272,1055.837,972.707
2023-10-25,1032.32,1045.74,1022.93,1031.43,424000.0,1033.574,1014.252,954.098,59.706,19.116,21.489,-2.373,1014.252,1055.781,972.722
2023-10-26,1034.56,1039.03,1002.8,1013.54,356000.0,1027.314,1013.469,958.241,53.36,16.942,20.58,-3.637,1013.469,1054.399,972.539
2023-10-27,1016.22,1033.66,1013.54,1033.66,333300.0,1027.402,1013.625,963.108,58.679,16.651,19.794,-3.142,1013.625,1054.853,972.398
2023-10-30,1038.58,1065.87,1035.9,1037.24,719800.0,1029.102,1015.549,967.832,59.563,16.519,19.139,-2.62,1015.549,1057.442,973.655
2023-10-31,1064.97,1074.37,1022.93,1072.13,850200.0,1037.6,1018.232,973.251,66.976,19.011,19.113,-0.102,1018.232,1067.191,969.273
2023-11-01,1086.89,1114.62,1083.31,1108.36,705900.0,1052.986,1023.666,979.174,72.594,23.636,20.018,3.618,1023.666,1086.198,961.135
2023-11-02,1109.25,1126.7,1089.57,1103.44,451400.0,1070.966,1030.935,984.73,70.831,26.599,21.334,5.265,1030.935,1095.135,966.735
2023-11-06,1111.49,1117.75,1081.52,1081.97,543900.0,1080.628,1035.9,989.944,63.578,26.904,22.448,4.456,1035.9,1099.742,972.058
2023-11-07,1081.97,1098.07,1077.05,1081.52,358800.0,1089.484,1039.925,994.891,63.432,26.8,23.318,3.482,1039.925,1104.651,975.2
2023-11-08,1084.65,1084.65,1012.64,1032.32,766600.0,1081.522,1040.842,998.856,49.886,22.489,23.152,-0.664,1040.842,1104.532,977.153
2023-11-09,1032.32,1033.22,1006.83,1026.51,672700.0,1065.152,1041.759,1002.462,48.568,18.391,22.2,-3.809,1041.759,1103.979,979.54
2023-11-10,1027.4,1043.06,1025.61,1037.69,349200.0,1052.002,1042.744,1006.304,51.239,15.863,20.933,-5.07,1042.744,1103.997,981.49
2023-11-13,1025.61,1028.74,958.97,981.33,482300.0,1031.874,1041.737,1008.789,39.968,9.206,18.587,-9.382,1041.737,1106.412,977.062
2023-11-14,1001.46,1001.46,973.28,985.36,531800.0,1012.642,1040.664,1011.404,40.968,4.206,15.711,-11.505,1040.664,1108.418,972.909
2023-11-15,1009.96,1010.85,982.67,992.96,562100.0,1004.77,1039.724,1014.007,42.9,0.848,12.738,-11.891,1039.724,1109.653,969.795
2023-11-16,983.12,997.43,966.57,975.52,583300.0,994.572,1036.571,1015.441,39.69,-3.185,9.554,-12.738,1036.571,1112.173,960.969
2023-11-17,972.39,997.43,968.81,988.04,531100.0,984.642,1033.731,1016.958,42.988,-5.309,6.581,-11.89,1033.731,1112.237,955.225
2023-11-20,999.67,1023.38,994.75,996.09,552400.0,987.594,1031.875,1018.044,45.068,-6.27,4.011,-10.281,1031.875,1112.167,951.582
2023-11-21,984.46,996.09,969.25,975.96,600600.0,985.714,1029.236,1018.569,41.036,-8.558,1.497,-10.055,1029.236,1113.341,945.13
2023-11-22,968.36,983.12,967.91,971.04,299500.0,981.33,1026.305,1019.269,40.092,-10.645,-0.931,-9.714,1026.305,1114.343,938.268
2023-11-24,978.65,983.12,958.52,969.7,825300.0,980.166,1023.219,1018.786,39.824,-12.266,-3.198,-9.068,1023.219,1114.758,931.68
2023-11-27,974.17,974.62,953.6,962.1,821000.0,974.978,1020.647,1018.062,38.258,-14.003,-5.359,-8.643,1020.647,1116.137,925.157
2023-11-28,966.57,984.91,961.65,977.31,701700.0,971.222,1017.83,1017.484,43.082,-13.99,-7.085,-6.905,1017.83,1115.013,920.646
2023-11-29,969.25,977.31,942.87,947.79,580500.0,965.588,1013.357,1016.086,37.034,-16.176,-8.903,-7.272,1013.357,1114.914,911.8
2023-11-30,943.76,959.41,943.76,947.34,934200.0,960.848,1007.118,1014.722,36.949,-17.74,-10.671,-7.069,1007.118,1108.804,905.431
2023-12-01,954.49,962.1,945.1,957.63,323200.0,958.434,999.581,1013.282,40.327,-17.942,-12.125,-5.817,999.581,1091.552,907.61
2023-12-04,958.97,969.7,954.05,955.39,302400.0,957.092,992.178,1012.071,39.827,-18.075,-13.315,-4.76,992.178,1071.98,912.377
2023-12-05,950.47,960.76,946.89,950.02,310100.0,951.634,985.581,1010.638,38.591,-18.401,-14.332,-4.069,985.581,1055.308,915.854
2023-12-06,955.39,992.51,954.94,988.93,630500.0,959.862,980.952,1009.718,50.563,-15.343,-14.534,-0.809,980.952,1034.207,927.696
2023-12-07,978.65,1004.59,978.65,1001.46,639000.0,970.686,979.408,1009.384,53.694,-11.773,-13.982,2.209,979.408,1027.98,930.837
2023-12-08,992.96,1007.27,977.75,992.51,750300.0,977.662,977.708,1008.598,51.2,-9.556,-13.097,3.541,977.708,1021.481,933.936
2023-12-11,996.54,998.78,965.68,971.04,564600.0,980.792,974.376,1007.435,45.714,-9.422,-12.362,2.94,974.376,1007.861,940.891
2023-12-12,970.6,971.04,954.94,958.07,419700.0,982.402,973.213,1005.986,42.735,-10.245,-11.939,1.694,973.213,1007.291,939.135
2023-12-13,964.33,975.96,958.07,963.89,342700.0,977.394,972.139,1005.288,44.483,-10.309,-11.613,1.304,972.139,1005.959,938.32
2023-12-14,960.76,965.68,924.97,924.97,616200.0,962.096,968.74,1003.418,36.466,-13.346,-11.959,-1.386,968.74,1007.109,930.371
2023-12-15,916.03,928.55,912.0,920.5,631700.0,947.694,965.989,1001.835,35.671,-15.93,-12.753,-3.176,965.989,1009.814,922.164
2023-12-18,903.5,914.24,890.98,903.5,475400.0,934.186,961.762,1000.743,32.746,-19.129,-14.028,-5.1,961.762,1012.409,911.115
2023-12-19,910.66,915.13,895.01,898.14,543800.0,922.2,956.864,999.053,31.859,-21.845,-15.592,-6.253,956.864,1012.255,901.474
2023-12-20,884.27,891.52,878.9,881.14,700700.0,905.65,952.123,996.655,29.161,-25.08,-17.489,-7.59,952.123,1016.186,888.061
2023-12-21,876.67,879.8,865.04,865.31,638000.0,893.718,946.837,993.682,26.879,-28.591,-19.71,-8.882,946.837,1020.983,872.691
2023-12-22,868.8,884.72,868.8,877.03,576800.0,885.024,942.204,991.059,31.174,-30.082,-21.784,-8.298,942.204,1021.721,862.686
2023-12-25,890.44,890.98,879.44,881.68,291300.0,880.66,938.182,988.332,32.859,-30.536,-23.534,-7.001,938.182,1021.506,854.859
2023-12-26,892.5,892.77,872.37,878.37,476600.0,876.706,933.236,985.871,32.254,-30.808,-24.989,-5.819,933.236,1018.503,847.968
2023-12-27,881.41,894.11,880.51,893.66,285900.0,879.21,930.529,983.607,37.941,-29.45,-25.881,-3.569,930.529,1017.275,843.783
2023-12-28,892.32,893.66,886.69,893.66,226200.0,884.88,927.845,981.245,37.941,-28.05,-26.315,-1.735,927.845,1015.716,839.974
2023-12-29,894.56,905.29,892.41,895.9,450000.0,888.654,924.758,978.392,38.814,-26.455,-26.343,-0.112,924.758,1012.561,836.956
2024-01-04,899.48,899.93,881.14,898.14,329500.0,891.946,921.896,975.458,39.727,-24.726,-26.02,1.294,921.896,1009.225,834.567
2024-01-05,906.64,911.56,900.82,910.66,277400.0,898.404,919.928,973.007,44.694,-22.09,-25.234,3.144,919.928,1006.358,833.498
2024-01-09,908.87,916.03,904.85,911.56,274800.0,901.984,916.06,970.663,45.044,-19.702,-24.127,4.426,916.06,996.181,835.938
2024-01-10,914.24,920.95,903.95,908.87,270500.0,905.026,911.43,968.248,44.144,-17.82,-22.866,5.046,911.43,980.746,842.114
2024-01-11,911.11,929.0,909.77,915.13,327000.0,908.872,907.561,965.922,46.809,-15.644,-21.421,5.778,907.561,965.531,849.591
2024-01-12,927.66,927.66,909.32,909.32,367200.0,911.108,904.475,963.837,44.678,-14.224,-19.982,5.758,904.475,954.202,854.748
2024-01-15,916.03,925.42,916.03,920.05,30500.0,912.986,902.574,961.565,49.271,-12.093,-18.404,6.311,902.574,946.208,858.94
2024-01-16,924.08,925.87,900.82,907.98,478800.0,912.27,899.778,958.98,44.769,-11.249,-16.973,5.724,899.778,932.727,866.83
2024-01-17,908.87,913.79,903.5,904.85,304100.0,911.466,898.772,955.634,43.654,-10.709,-15.72,5.011,898.772,929.646,867.899
2024-01-18,907.98,914.69,903.95,914.69,187300.0,911.378,898.482,951.761,48.033,-9.379,-14.452,5.073,898.482,928.595,868.369
2024-01-19,918.26,920.5,909.77,913.79,234700.0,912.272,898.996,947.968,47.668,-8.302,-13.222,4.92,898.996,929.814,868.179
2024-01-22,923.63,926.32,918.26,924.08,180000.0,913.078,900.294,944.81,52.144,-6.543,-11.886,5.344,900.294,933.079,867.508
2024-01-23,924.53,930.79,912.45,915.13,168500.0,914.508,901.993,941.482,48.276,-5.804,-10.67,4.866,901.993,934.116,869.87
2024-01-24,912.45,937.95,909.77,936.16,295600.0,920.77,905.536,939.559,56.45,-3.481,-9.232,5.751,905.536,936.219,874.852
2024-01-25,939.73,943.76,925.87,929.89,395200.0,923.81,908.178,937.627,53.724,-2.122,-7.81,5.688,908.178,937.605,878.752
2024-01-26,923.18,938.84,914.24,920.05,313400.0,925.062,910.097,935.274,49.67,-1.817,-6.611,4.794,910.097,937.157,883.037
2024-01-29,923.63,936.6,923.63,929.89,193200.0,926.224,912.673,934.245,53.453,-0.773,-5.444,4.67,912.673,936.649,888.697
2024-01-30,930.34,932.13,922.74,927.66,192400.0,928.73,914.373,933.091,52.49,-0.125,-4.38,4.255,914.373,937.479,891.267
2024-01-31,930.34,938.84,922.29,938.84,345400.0,929.266,916.632,932.009,56.701,1.277,-3.249,4.526,916.632,940.043,893.221
2024-02-01,927.66,940.18,920.05,937.95,298900.0,930.878,918.735,931.257,56.273,2.29,-2.141,4.431,918.735,941.857,895.612
2024-02-02,937.95,937.95,923.18,923.63,202200.0,931.594,920.009,929.969,49.77,1.915,-1.33,3.244,920.009,941.07,898.948
2024-02-05,950.47,992.96,941.52,982.67,850900.0,942.15,923.61,929.701,66.804,6.309,0.198,6.111,923.61,958.21,889.009
2024-02-06,972.39,981.33,959.41,962.1,459800.0,949.038,926.136,929.423,59.263,8.039,1.766,6.273,926.136,964.237,888.036
2024-02-07,956.28,967.91,941.52,963.89,472000.0,954.048,928.888,929.28,59.689,9.445,3.302,6.143,928.888,969.595,888.18
2024-02-08,957.63,966.12,951.81,956.28,357200.0,957.714,930.945,929.012,56.96,9.832,4.608,5.224,930.945,972.866,889.024
2024-02-09,953.6,966.12,940.63,958.97,373300.0,964.782,933.428,928.949,57.696,10.238,5.734,4.504,933.428,975.834,891.021
2024-02-13,959.41,971.49,950.92,965.23,403200.0,961.294,935.686,928.708,59.436,10.939,6.775,4.164,935.686,979.869,891.504
2024-02-14,972.39,973.28,946.44,951.36,271500.0,959.146,937.856,928.779,54.125,10.257,7.471,2.785,937.856,980.545,895.166
2024-02-15,961.2,971.49,942.87,950.02,289000.0,956.372,940.114,928.833,53.627,9.499,7.877,1.622,940.114,980.148,900.08
2024-02-16,960.76,985.8,958.07,977.31,459300.0,960.578,943.245,929.226,61.42,10.973,8.496,2.477,943.245,984.678,901.812
2024-02-19,988.49,1004.14,986.7,1004.14,306900.0,969.612,947.762,930.201,67.248,14.144,9.626,4.518,947.762,994.972,900.553
2024-02-20,1006.38,1015.32,996.09,1008.62,315500.0,978.29,951.989,931.373,68.114,16.824,11.065,5.759,951.989,1005.048,898.931
2024-02-21,1004.59,1006.83,988.49,999.67,361400.0,987.952,956.217,931.588,64.447,18.019,12.456,5.563,956.217,1010.369,902.064
2024-02-22,998.33,1006.38,993.86,998.33,318100.0,997.614,959.325,931.526,63.893,18.642,13.693,4.949,959.325,1015.721,902.929
2024-02-26,1003.25,1005.48,987.59,988.93,276900.0,999.938,962.277,931.454,59.993,18.168,14.588,3.58,962.277,1018.366,906.188
2024-02-27,992.96,1015.77,986.7,1001.01,460800.0,999.312,966.325,932.053,63.109,18.554,15.381,3.172,966.325,1021.256,911.394
2024-02-28,1006.38,1061.39,1005.48,1045.74,767100.0,1006.736,972.118,933.807,71.852,22.212,16.747,5.465,972.118,1034.762,909.473
2024-02-29,1055.58,1057.82,1036.35,1056.03,595700.0,1018.008,978.536,935.65,73.413,25.646,18.527,7.119,978.536,1047.942,909.13
2024-03-01,1062.74,1075.71,1058.26,1072.13,411200.0,1032.768,985.2,938.593,75.685,29.329,20.688,8.641,985.2,1063.575,906.826
2024-03-04,1064.08,1064.97,1040.37,1046.19,466500.0,1044.22,990.612,941.107,65.912,29.811,22.512,7.299,990.612,1070.189,911.036
2024-03-05,1044.84,1052.0,1032.77,1045.74,285800.0,1053.166,996.718,943.951,65.753,29.813,23.972,5.84,996.718,1073.338,920.098
2024-03-06,1051.11,1057.82,1046.19,1056.92,354600.0,1055.402,1000.43,947.127,67.825,30.366,25.251,5.115,1000.43,1081.264,919.597
2024-03-07,1064.53,1087.78,1063.63,1080.18,418900.0,1060.232,1006.335,951.108,71.666,32.309,26.663,5.647,1006.335,1092.456,920.213
2024-03-08,1073.92,1113.28,1068.1,1102.99,625100.0,1066.404,1013.29,955.861,74.838,35.283,28.387,6.896,1013.29,1107.102,919.477
2024-03-11,1095.83,1099.41,1046.19,1063.18,444600.0,1069.802,1018.634,959.584,61.828,34.035,29.517,4.519,1018.634,1110.94,926.329
2024-03-12,1046.63,1047.53,1026.95,1038.58,342400.0,1068.37,1022.615,962.722,55.417,30.707,29.755,0.953,1022.615,1110.864,934.366
2024-03-13,1060.95,1060.95,1025.16,1033.22,316100.0,1063.63,1026.014,965.819,54.101,27.322,29.268,-1.946,1026.014,1110.096,941.933
2024-03-14,1038.58,1043.06,1025.61,1034.56,259300.0,1054.506,1030.175,968.637,54.393,24.466,28.308,-3.842,1030.175,1106.587,953.762
2024-03-15,1030.98,1055.13,1030.98,1048.42,471900.0,1043.592,1035.094,971.733,57.407,23.055,27.257,-4.202,1035.094,1101.836,968.353
2024-03-18,1068.1,1068.1,1050.21,1061.39,240400.0,1043.234,1039.299,975.042,60.067,22.721,26.35,-3.629,1039.299,1101.126,977.471
2024-03-19,1066.31,1090.02,1066.31,1076.15,455600.0,1050.748,1042.899,978.603,62.906,23.378,25.756,-2.377,1042.899,1104.492,981.306
2024-03-21,1087.78,1120.43,1078.39,1106.57,525800.0,1065.418,1047.796,982.521,67.962,26.053,25.815,0.238,1047.796,1113.362,982.231
2024-03-22,1121.78,1161.14,1110.15,1150.4,768100.0,1088.586,1055.333,987.298,73.555,31.349,26.922,4.427,1055.333,1131.414,979.252
2024-03-25,1148.61,1148.61,1127.14,1127.14,410900.0,1104.33,1061.774,991.663,66.882,33.285,28.194,5.09,1061.774,1139.331,984.216
2024-03-26,1176.79,1222.41,1166.5,1193.34,1267900.0,1130.72,1071.994,997.227,74.087,39.703,30.496,9.207,1071.994,1162.007,981.981
2024-03-27,1191.11,1210.34,1177.24,1195.58,885600.0,1154.606,1081.722,1002.952,74.291,44.458,33.288,11.169,1081.722,1181.013,982.432
2024-03-28,1197.41,1206.12,1177.71,1177.71,454700.0,1168.834,1088.321,1008.106,69.589,46.251,35.881,10.37,1088.321,1194.822,981.82
2024-03-29,1193.29,1213.45,1190.54,1204.28,245200.0,1179.61,1095.734,1014.032,72.387,49.249,38.555,10.694,1095.734,1212.876,978.591
2024-04-01,1218.03,1223.07,1186.87,1189.62,320300.0,1192.106,1101.608,1019.727,68.634,49.866,40.817,9.049,1101.608,1225.364,977.852
2024-04-02,1196.95,1201.99,1153.88,1159.38,538700.0,1185.314,1107.268,1024.621,61.546,47.37,42.127,5.242,1107.268,1230.705,983.83
2024-04-03,1153.88,1168.08,1137.38,1162.58,404300.0,1178.714,1113.11,1029.597,61.993,45.129,42.728,2.401,1113.11,1235.339,990.88
2024-04-04,1169.46,1182.29,1160.75,1170.37,312900.0,1177.246,1118.782,1034.522,63.118,43.481,42.878,0.602,1118.782,1240.561,997.003
2024-04-05,1154.79,1165.79,1141.05,1163.04,336900.0,1168.998,1122.925,1039.481,61.28,41.109,42.524,-1.415,1122.925,1244.813,1001.037
2024-04-08,1163.04,1180.46,1155.25,1175.41,214800.0,1166.156,1126.546,1044.266,63.226,39.769,41.973,-2.204,1126.546,1250.23,1002.862
2024-04-09,1191.0,1196.49,1170.37,1189.16,463000.0,1172.112,1132.845,1049.451,65.313,39.363,41.451,-2.088,1132.845,1255.77,1009.92
2024-04-10,1177.71,1190.54,1174.04,1177.25,161300.0,1175.046,1139.778,1054.595,62.03,37.646,40.69,-3.044,1139.778,1255.764,1023.793
2024-04-11,1168.54,1206.12,1166.25,1200.16,283600.0,1181.004,1148.126,1060.0,65.611,37.7,40.092,-2.392,1148.126,1255.533,1040.718
2024-04-12,1194.2,1210.7,1194.2,1210.7,309700.0,1190.536,1156.933,1065.661,67.146,38.153,39.704,-1.552,1156.933,1253.467,1060.398
2024-04-15,1191.45,1203.83,1181.37,1203.83,226800.0,1196.22,1164.703,1070.961,65.106,37.525,39.268,-1.743,1164.703,1248.66,1080.746
2024-04-16,1192.37,1204.28,1151.59,1155.25,367200.0,1189.438,1169.396,1075.307,52.872,32.73,37.961,-5.231,1169.396,1238.155,1100.637
2024-04-17,1156.17,1159.38,1126.38,1141.05,298200.0,1182.198,1172.641,1079.655,49.919,27.468,35.862,-8.394,1172.641,1227.615,1117.667
2024-04-18,1145.63,1184.12,1141.05,1174.04,309100.0,1176.974,1176.014,1083.483,56.059,25.663,33.822,-8.159,1176.014,1221.353,1130.676
2024-04-19,1162.13,1211.16,1162.13,1188.7,691600.0,1172.574,1177.93,1088.015,58.494,25.127,32.083,-6.957,1177.93,1221.929,1133.93
2024-04-22,1202.45,1217.57,1180.0,1204.74,411300.0,1172.756,1181.809,1092.832,61.038,25.699,30.806,-5.107,1181.809,1220.291,1143.328
2024-04-23,1214.37,1233.15,1196.04,1213.91,543400.0,1184.488,1182.838,1097.984,62.455,26.587,29.963,-3.376,1182.838,1223.646,1142.03
2024-04-24,1218.49,1218.49,1198.79,1206.12,402900.0,1197.502,1183.365,1102.927,60.444,26.358,29.242,-2.884,1183.365,1225.127,1141.603
2024-04-25,1206.12,1206.12,1183.21,1185.5,233600.0,1199.794,1183.754,1107.333,55.363,24.233,28.24,-4.007,1183.754,1225.44,1142.069
2024-04-26,1185.5,1209.33,1181.37,1205.66,330700.0,1203.186,1183.824,1112.419,58.993,23.9,27.372,-3.472,1183.824,1225.656,1141.991
2024-04-30,1206.12,1217.57,1196.49,1217.12,377000.0,1205.662,1185.198,1117.761,60.937,24.281,26.754,-2.472,1185.198,1229.564,1140.833
2024-05-01,1206.12,1209.33,1190.08,1202.45,221500.0,1203.37,1187.352,1122.264,57.198,23.133,26.03,-2.897,1187.352,1230.608,1144.096
2024-05-02,1200.62,1202.91,1184.58,1188.25,185900.0,1199.796,1188.635,1125.946,53.759,20.837,24.991,-4.154,1188.635,1230.291,1146.98
2024-05-07,1193.29,1194.2,1159.38,1166.71,370100.0,1196.038,1188.452,1129.108,48.952,17.082,23.409,-6.327,1188.452,1230.476,1146.429
2024-05-08,1158.92,1173.58,1158.0,1167.17,253000.0,1188.34,1188.659,1132.458,49.056,13.983,21.524,-7.541,1188.659,1230.195,1147.123
2024-05-09,1178.62,1196.49,1172.67,1193.74,276300.0,1183.664,1189.576,1136.366,54.824,13.514,19.922,-6.408,1189.576,1230.687,1148.464
2024-05-10,1194.2,1328.93,1191.91,1321.6,1244600.0,1207.494,1196.197,1143.019,71.529,23.193,20.576,2.617,1196.197,1268.135,1124.26
2024-05-13,1324.35,1425.16,1323.89,1396.75,1614800.0,1249.194,1207.172,1150.934,76.929,36.507,23.762,12.744,1207.172,1321.453,1092.892
2024-05-14,1399.5,1402.25,1374.3,1397.21,687800.0,1295.294,1217.025,1157.963,76.958,46.558,28.321,18.237,1217.025,1359.306,1074.744
2024-05-15,1402.25,1426.08,1385.75,1404.08,657900.0,1342.676,1226.694,1164.924,77.411,54.451,33.547,20.903,1226.694,1391.643,1061.745
2024-05-16,1382.54,1409.58,1382.09,1394.46,641500.0,1382.82,1236.226,1171.371,75.179,59.246,38.687,20.559,1236.226,1416.893,1055.558
2024-05-17,1391.71,1433.87,1390.79,1433.41,411100.0,1405.182,1250.134,1179.115,77.951,65.436,44.037,21.399,1250.134,1446.683,1053.584
2024-05-20,1421.5,1465.95,1421.5,1454.03,488400.0,1416.638,1265.782,1187.281,79.271,71.184,49.466,21.718,1265.782,1475.181,1056.384
2024-05-21,1452.66,1469.15,1438.91,1451.74,433400.0,1427.544,1279.668,1195.178,78.708,74.694,54.512,20.182,1279.668,1499.995,1059.34
2024-05-22,1451.74,1509.02,1451.74,1488.86,611100.0,1444.5,1294.675,1203.351,81.058,79.554,59.52,20.034,1294.675,1529.338,1060.013
2024-05-23,1488.4,1492.98,1468.24,1471.45,324600.0,1459.898,1308.011,1210.72,76.777,81.066,63.829,17.236,1308.011,1551.309,1064.713
2024-05-24,1463.2,1467.32,1433.41,1453.57,438900.0,1463.93,1319.994,1218.528,72.54,79.9,67.044,12.857,1319.994,1567.351,1072.637
2024-05-27,1453.57,1475.57,1453.57,1475.57,241400.0,1468.238,1333.466,1227.268,74.411,79.832,69.601,10.231,1333.466,1584.039,1082.894
2024-05-28,1473.28,1498.02,1465.95,1489.78,299600.0,1475.846,1348.68,1236.399,75.569,80.002,71.681,8.32,1348.68,1598.374,1098.987
2024-05-29,1498.48,1530.56,1494.82,1504.9,456600.0,1479.054,1363.642,1245.806,76.774,80.429,73.431,6.998,1363.642,1613.114,1114.171
2024-05-30,1492.07,1533.77,1486.57,1533.77,414900.0,1491.518,1379.475,1255.513,78.912,82.151,75.175,6.976,1379.475,1629.982,1128.968
2024-05-31,1533.77,1564.01,1531.02,1556.68,630700.0,1512.14,1397.186,1265.419,80.45,84.391,77.018,7.373,1397.186,1645.071,1149.302
2024-06-03,1569.05,1585.09,1558.97,1560.35,367000.0,1529.096,1415.791,1275.103,80.692,85.477,78.71,6.767,1415.791,1653.285,1178.298
2024-06-04,1558.05,1562.64,1494.36,1500.32,513100.0,1531.204,1432.472,1282.978,66.203,80.565,79.081,1.484,1432.472,1641.457,1223.487
2024-06-05,1478.32,1478.78,1441.66,1470.99,588800.0,1524.422,1447.663,1289.39,60.488,73.459,77.957,-4.498,1447.663,1615.584,1279.742
2024-06-06,1470.99,1476.49,1442.58,1452.66,602800.0,1508.2,1460.609,1295.9,57.167,65.592,75.484,-9.891,1460.609,1578.604,1342.614
2024-06-07,1463.66,1487.94,1461.36,1465.95,304800.0,1490.054,1467.827,1301.352,58.928,59.741,72.335,-12.594,1467.827,1566.018,1369.635
2024-06-10,1468.7,1504.44,1466.86,1502.61,306900.0,1478.506,1473.12,1307.493,63.398,57.401,69.348,-11.947,1473.12,1566.472,1379.767
2024-06-11,1503.52,1531.93,1500.77,1503.98,294100.0,1479.238,1478.458,1314.018,63.558,55.023,66.483,-11.461,1478.458,1565.533,1391.383
2024-06-12,1496.65,1508.11,1487.48,1493.44,201100.0,1483.728,1482.926,1319.801,61.341,51.691,63.525,-11.834,1482.926,1562.805,1403.047
2024-06-13,1495.73,1505.36,1454.03,1473.28,360100.0,1487.852,1486.867,1325.475,57.23,46.884,60.197,-13.313,1486.867,1555.33,1418.404
2024-06-14,1459.99,1489.32,1450.37,1466.4,677900.0,1487.942,1488.516,1331.615,55.855,42.035,56.564,-14.53,1488.516,1553.033,1424.0
2024-06-17,1468.7,1482.9,1453.57,1456.78,281400.0,1478.776,1488.654,1337.499,53.904,36.989,52.649,-15.661,1488.654,1552.872,1424.436
2024-06-18,1466.4,1471.9,1448.07,1458.61,220500.0,1469.702,1488.998,1343.264,54.231,32.76,48.671,-15.912,1488.998,1552.453,1425.542
2024-06-19,1476.49,1507.65,1469.15,1474.65,222900.0,1465.944,1488.287,1349.496,57.108,30.353,45.008,-14.655,1488.287,1552.066,1424.508
2024-06-20,1474.65,1484.28,1449.91,1484.28,266700.0,1468.144,1488.928,1355.673,58.783,28.889,41.784,-12.895,1488.928,1552.251,1425.606
2024-06-21,1484.73,1505.81,1469.61,1475.11,546100.0,1469.886,1490.006,1361.392,56.519,26.682,38.763,-12.082,1490.006,1551.502,1428.509
2024-06-24,1470.07,1486.11,1439.37,1481.07,315200.0,1474.744,1490.28,1367.469,57.661,25.124,36.036,-10.912,1490.28,1551.554,1429.007
2024-06-25,1487.48,1532.39,1486.11,1515.9,340300.0,1486.202,1491.586,1373.784,63.662,26.395,34.107,-7.712,1491.586,1553.92,1429.253
2024-06-26,1517.73,1540.64,1515.9,1537.89,389900.0,1498.85,1493.236,1380.327,66.857,28.845,33.055,-4.21,1493.236,1558.719,1427.753
2024-06-27,1537.89,1545.22,1525.06,1536.98,289700.0,1509.39,1493.396,1386.99,66.596,30.363,32.516,-2.154,1493.396,1559.312,1427.481
2024-06-28,1532.39,1560.35,1530.56,1545.68,325300.0,1523.504,1492.846,1394.799,67.886,31.9,32.393,-0.493,1492.846,1556.69,1429.003
2024-07-01,1558.05,1564.01,1525.06,1558.97,422200.0,1539.084,1492.778,1403.157,69.805,33.801,32.675,1.126,1492.778,1556.316,1429.239
2024-07-02,1550.26,1592.88,1550.26,1582.8,463500.0,1552.464,1496.902,1411.333,72.928,36.806,33.501,3.305,1496.902,1572.132,1421.671
2024-07-03,1581.43,1590.59,1534.68,1552.56,464200.0,1555.398,1500.98,1418.61,63.896,36.329,34.066,2.262,1500.98,1579.085,1422.875
2024-07-04,1558.05,1558.05,1526.89,1537.43,346400.0,1555.488,1505.218,1425.264,59.899,34.334,34.12,0.214,1505.218,1581.461,1428.976
2024-07-05,1537.43,1544.77,1520.02,1520.02,191200.0,1550.356,1507.922,1431.386,55.589,30.991,33.494,-2.503,1507.922,1582.109,1433.735
2024-07-08,1527.81,1531.93,1501.23,1506.73,414700.0,1539.908,1508.128,1437.398,52.485,26.958,32.187,-5.229,1508.128,1582.276,1433.98
2024-07-09,1523.23,1546.6,1519.1,1537.43,310300.0,1530.834,1509.8,1444.437,58.281,25.941,30.938,-4.997,1509.8,1585.055,1434.546
2024-07-10,1528.73,1541.1,1520.94,1529.64,363200.0,1526.25,1511.61,1450.916,56.401,24.226,29.595,-5.369,1511.61,1586.949,1436.272
2024-07-11,1552.56,1558.97,1498.94,1505.36,381800.0,1519.836,1513.214,1456.681,50.891,20.67,27.81,-7.14,1513.214,1586.454,1439.975
2024-07-12,1499.86,1516.35,1486.57,1506.73,283600.0,1517.178,1515.231,1462.767,51.181,17.758,25.8,-8.042,1515.231,1585.191,1445.271
2024-07-16,1503.98,1558.51,1501.69,1538.81,376600.0,1523.594,1519.332,1469.778,57.504,17.833,24.206,-6.374,1519.332,1584.304,1454.361
2024-07-17,1556.68,1566.3,1535.6,1543.39,212900.0,1524.786,1523.572,1477.311,58.334,18.054,22.976,-4.922,1523.572,1582.658,1464.485
2024-07-18,1532.39,1555.76,1525.98,1542.02,253100.0,1527.262,1526.94,1484.808,57.97,17.912,21.963,-4.051,1526.94,1581.815,1472.065
2024-07-19,1534.23,1547.06,1512.69,1536.98,252500.0,1533.586,1529.575,1491.673,56.569,17.194,21.009,-3.815,1529.575,1580.762,1478.388
2024-07-22,1534.23,1552.56,1520.02,1520.48,230800.0,1536.336,1531.844,1495.651,52.127,15.12,19.831,-4.711,1531.844,1576.468,1487.219
2024-07-23,1528.73,1588.3,1528.73,1584.18,491400.0,1545.41,1536.999,1499.399,63.909,18.404,19.546,-1.142,1536.999,1580.741,1493.257
2024-07-24,1580.51,1602.96,1560.8,1560.8,378900.0,1548.892,1539.244,1502.671,58.243,18.902,19.417,-0.515,1539.244,1583.035,1495.453
2024-07-25,1562.64,1562.64,1478.78,1481.07,489900.0,1536.702,1536.403,1504.211,43.938,12.717,18.077,-5.36,1536.403,1587.352,1485.454
2024-07-26,1465.49,1487.48,1448.07,1469.15,369600.0,1523.136,1533.012,1505.705,42.267,6.775,15.817,-9.042,1533.012,1592.168,1473.855
2024-07-29,1471.45,1519.56,1466.86,1518.65,391500.0,1522.77,1531.66,1507.41,50.66,5.991,13.852,-7.86,1531.66,1590.833,1472.487
2024-07-30,1522.31,1527.81,1478.32,1507.19,554600.0,1507.372,1529.071,1508.473,48.888,4.395,11.96,-7.566,1529.071,1587.742,1470.4
2024-07-31,1470.53,1548.43,1459.07,1548.43,762200.0,1504.898,1527.352,1510.407,54.99,6.383,10.845,-4.461,1527.352,1581.213,1473.492
2024-08-01,1527.81,1571.8,1498.48,1521.39,757000.0,1512.962,1525.794,1511.057,50.715,5.712,9.818,-4.106,1525.794,1578.372,1473.216
2024-08-02,1461.36,1471.9,1383.92,1384.38,722400.0,1496.008,1518.142,1509.316,35.609,-5.809,6.693,-12.502,1518.142,1599.992,1436.291
2024-08-05,1279.44,1279.44,1153.42,1167.17,866500.0,1425.712,1500.499,1503.588,23.605,-32.096,-1.065,-31.031,1500.499,1677.476,1323.522
2024-08-06,1249.65,1343.13,1237.74,1282.65,841900.0,1380.804,1489.295,1499.729,35.964,-43.114,-9.475,-33.639,1489.295,1691.224,1287.366
2024-08-07,1227.66,1354.59,1227.66,1314.72,557200.0,1334.062,1478.16,1496.228,38.92,-48.696,-17.319,-31.377,1478.16,1693.059,1263.26
2024-08-08,1271.19,1329.85,1267.52,1281.27,424500.0,1286.038,1465.741,1491.756,37.002,-55.184,-24.892,-30.292,1465.741,1696.252,1235.23
2024-08-09,1320.22,1341.3,1298.68,1322.06,507800.0,1273.574,1456.576,1487.521,40.831,-56.383,-31.19,-25.193,1456.576,1694.898,1218.254
2024-08-13,1317.93,1355.97,1309.68,1350.93,206400.0,1310.326,1448.786,1483.406,43.451,-54.378,-35.828,-18.55,1448.786,1690.369,1207.203
2024-08-14,1359.17,1405.92,1359.17,1388.5,280300.0,1331.496,1441.27,1479.969,46.756,-49.19,-38.5,-10.69,1441.27,1680.401,1202.14
2024-08-15,1406.83,1432.04,1399.04,1410.96,336600.0,1350.744,1434.649,1478.182,48.686,-42.773,-39.355,-3.418,1434.649,1669.163,1200.135
2024-08-16,1457.7,1481.53,1454.49,1471.9,300000.0,1388.87,1431.143,1478.2,53.602,-32.396,-37.963,5.567,1431.143,1660.947,1201.339
2024-08-19,1455.86,1482.9,1451.28,1458.61,271500.0,1416.18,1427.224,1478.319,52.422,-24.958,-35.362,10.404,1427.224,1652.049,1202.4
2024-08-20,1493.9,1500.32,1455.41,1460.45,229600.0,1438.084,1424.223,1478.209,52.578,-18.699,-32.029,13.331,1424.223,1645.378,1203.068
2024-08-21,1431.58,1454.49,1421.04,1446.24,201600.0,1449.632,1417.326,1477.082,51.186,-14.715,-28.567,13.851,1417.326,1625.712,1208.94
2024-08-22,1443.03,1445.32,1420.12,1427.45,333000.0,1452.93,1410.658,1475.551,49.326,-12.926,-25.438,12.513,1410.658,1607.954,1213.363
2024-08-23,1435.7,1441.2,1410.96,1438.91,387300.0,1446.332,1408.55,1474.461,50.507,-10.462,-22.443,11.981,1408.55,1603.566,1213.535
2024-08-26,1442.12,1446.24,1385.29,1395.38,271600.0,1433.686,1404.862,1472.903,46.111,-11.885,-20.331,8.446,1404.862,1597.832,1211.892
2024-08-27,1393.08,1411.41,1389.42,1397.21,271000.0,1421.038,1398.79,1471.519,46.323,-12.718,-18.809,6.09,1398.79,1584.177,1213.403
2024-08-28,1394.92,1426.99,1387.59,1426.99,177900.0,1417.188,1394.78,1470.923,49.777,-10.851,-17.217,6.366,1394.78,1573.65,1215.91
2024-08-29,1426.99,1437.08,1407.75,1415.08,201900.0,1414.714,1388.112,1470.053,48.435,-10.214,-15.817,5.602,1388.112,1552.197,1224.028
2024-08-30,1415.08,1419.2,1387.59,1408.67,519100.0,1408.666,1382.477,1468.733,47.689,-10.11,-14.675,4.565,1382.477,1534.593,1230.36
2024-09-02,1411.41,1459.99,1396.75,1447.62,395900.0,1419.114,1385.638,1468.0,52.476,-6.806,-13.102,6.295,1385.638,1540.526,1230.751
2024-09-03,1450.82,1482.44,1450.82,1469.15,450500.0,1433.502,1400.738,1467.881,54.931,-2.423,-10.966,8.543,1400.738,1520.947,1280.528
2024-09-04,1424.25,1438.91,1388.96,1392.17,441500.0,1426.538,1406.214,1466.103,45.817,-5.102,-9.793,4.691,1406.214,1513.002,1299.425
2024-09-05,1356.42,1388.04,1326.18,1357.8,480900.0,1415.082,1408.367,1462.941,42.432,-9.884,-9.811,-0.073,1408.367,1508.942,1307.793
2024-09-06,1364.21,1377.96,1355.97,1363.76,261400.0,1406.1,1412.492,1459.458,43.216,-13.043,-10.458,-2.586,1412.492,1496.526,1328.458
2024-09-09,1328.93,1354.59,1309.22,1345.88,260100.0,1385.752,1413.683,1455.636,41.396,-16.796,-11.725,-5.07,1413.683,1492.855,1334.511
2024-09-10,1346.34,1374.3,1346.34,1363.3,301700.0,1364.582,1414.302,1451.988,43.876,-18.155,-13.011,-5.144,1414.302,1491.58,1337.023
2024-09-11,1336.72,1355.05,1296.85,1303.73,399400.0,1346.894,1410.063,1446.884,37.96,-23.765,-15.162,-8.603,1410.063,1501.333,1318.793
2024-09-12,1324.8,1350.47,1317.93,1332.14,299900.0,1341.762,1406.122,1441.87,41.978,-25.623,-17.254,-8.369,1406.122,1503.81,1308.434
2024-09-13,1334.89,1350.01,1325.72,1328.93,471500.0,1334.796,1398.974,1437.398,41.65,-27.043,-19.212,-7.831,1398.974,1497.316,1300.631
2024-09-17,1343.13,1343.13,1281.27,1304.64,318100.0,1326.548,1391.275,1432.742,39.155,-29.784,-21.326,-8.458,1391.275,1493.971,1288.579
2024-09-18,1318.85,1324.35,1297.77,1315.18,391700.0,1316.924,1384.012,1428.645,40.812,-30.752,-23.212,-7.541,1384.012,1486.656,1281.367
2024-09-19,1333.51,1341.76,1318.85,1318.85,352500.0,1319.948,1377.642,1424.888,41.41,-30.868,-24.743,-6.125,1377.642,1479.837,1275.447
2024-09-20,1340.84,1342.68,1311.97,1317.93,517100.0,1317.106,1372.166,1420.498,41.297,-30.679,-25.93,-4.749,1372.166,1474.859,1269.473
2024-09-24,1318.85,1322.97,1297.77,1300.52,346000.0,1311.424,1365.246,1415.915,39.127,-31.571,-27.058,-4.513,1365.246,1467.653,1262.84
2024-09-25,1302.35,1305.56,1272.11,1283.1,461900.0,1307.116,1359.633,1411.47,37.031,-33.3,-28.307,-4.993,1359.633,1467.261,1252.004
2024-09-26,1288.14,1320.68,1280.35,1316.56,558100.0,1307.392,1355.6,1407.667,43.314,-31.605,-28.966,-2.639,1355.6,1463.344,1247.856
2024-09-27,1316.56,1320.29,1290.88,1301.62,415800.0,1303.946,1349.331,1402.923,41.331,-31.11,-29.395,-1.715,1349.331,1454.135,1244.528
2024-09-30,1304.42,1345.5,1302.55,1334.3,517100.0,1307.22,1345.292,1398.741,47.042,-27.76,-29.068,1.308,1345.292,1445.555,1245.03
2024-10-01,1335.7,1374.91,1326.83,1353.91,364900.0,1317.898,1342.554,1394.979,50.177,-23.254,-27.905,4.651,1342.554,1438.424,1246.685
2024-10-02,1343.63,1365.11,1330.1,1339.9,453500.0,1329.258,1337.168,1391.037,47.991,-20.577,-26.44,5.863,1337.168,1419.305,1255.032
2024-10-03,1359.04,1362.31,1306.29,1313.29,642300.0,1328.604,1329.375,1386.893,44.066,-20.368,-25.225,4.857,1329.375,1383.63,1275.121
2024-10-04,1327.76,1357.64,1318.42,1326.83,842900.0,1333.646,1326.108,1381.746,46.465,-18.892,-23.958,5.067,1326.108,1371.604,1280.613
2024-10-07,1380.05,1416.93,1355.31,1397.32,641100.0,1346.25,1328.085,1378.477,56.845,-11.897,-21.546,9.65,1328.085,1382.024,1274.145
2024-10-08,1376.32,1383.32,1326.36,1345.97,533600.0,1344.662,1327.195,1375.775,49.34,-10.377,-19.312,8.935,1327.195,1379.21,1275.18
2024-10-09,1349.24,1362.78,1332.9,1337.1,235200.0,1344.102,1326.756,1373.134,48.157,-9.776,-17.405,7.629,1326.756,1378.253,1275.259
2024-10-10,1355.77,1356.24,1321.23,1339.43,398900.0,1349.33,1325.562,1369.549,48.507,-9.007,-15.725,6.718,1325.562,1374.538,1276.587
2024-10-11,1353.91,1358.11,1338.03,1343.63,285000.0,1352.69,1327.558,1366.278,49.171,-7.967,-14.174,6.206,1327.558,1376.036,1279.079
2024-10-15,1362.31,1370.25,1348.3,1359.97,298700.0,1345.22,1328.949,1362.509,51.779,-5.759,-12.491,6.732,1328.949,1379.534,1278.364
2024-10-16,1343.63,1394.99,1340.83,1370.71,395400.0,1350.168,1331.038,1359.495,53.468,-3.106,-10.614,7.508,1331.038,1384.96,1277.116
2024-10-17,1392.19,1413.2,1369.78,1387.52,335600.0,1360.252,1335.182,1359.558,56.063,0.349,-8.421,8.77,1335.182,1393.149,1277.215
2024-10-18,1394.06,1407.13,1381.92,1391.25,150200.0,1370.616,1338.986,1364.04,56.641,3.35,-6.067,9.417,1338.986,1401.25,1276.721
2024-10-21,1386.59,1389.85,1368.38,1374.45,244300.0,1376.78,1341.766,1365.876,53.245,4.322,-3.989,8.311,1341.766,1405.199,1278.332
2024-10-22,1363.24,1369.78,1340.83,1348.3,238900.0,1374.446,1343.284,1366.547,48.381,2.949,-2.602,5.55,1343.284,1405.762,1280.806
2024-10-23,1349.7,1350.17,1326.83,1333.36,180900.0,1366.976,1344.926,1367.589,45.807,0.647,-1.952,2.599,1344.926,1404.321,1285.531
2024-10-24,1324.03,1341.3,1311.89,1333.36,229900.0,1356.144,1347.439,1367.815,45.807,-1.163,-1.794,0.631,1347.439,1399.637,1295.241
2024-10-25,1327.76,1338.03,1311.89,1336.16,359400.0,1345.126,1348.419,1367.52,46.427,-2.345,-1.904,-0.441,1348.419,1398.884,1297.954
2024-10-28,1310.95,1351.57,1309.55,1338.03,451200.0,1337.842,1350.24,1366.51,46.864,-3.095,-2.143,-0.953,1350.24,1396.004,1304.475
2024-10-29,1343.63,1376.78,1336.16,1368.38,283200.0,1341.858,1351.943,1365.659,53.493,-1.227,-1.959,0.733,1351.943,1397.747,1306.14
2024-10-30,1370.25,1376.78,1355.77,1366.98,568900.0,1348.582,1352.597,1363.56,53.164,0.14,-1.54,1.679,1352.597,1398.889,1306.305
2024-10-31,1372.58,1380.52,1357.17,1369.78,494000.0,1355.866,1354.091,1361.784,53.777,1.432,-0.945,2.377,1354.091,1400.585,1307.597
2024-11-01,1344.57,1402.93,1343.63,1397.79,425100.0,1368.192,1358.316,1360.531,59.491,4.663,0.176,4.486,1358.316,1404.556,1312.076
2024-11-05,1400.59,1430.94,1391.25,1406.19,425200.0,1381.824,1362.284,1359.73,61.046,7.811,1.703,6.107,1362.284,1410.716,1313.852
2024-11-06,1416.0,1491.16,1416.0,1491.16,606200.0,1406.38,1366.976,1361.004,72.533,16.966,4.756,12.21,1366.976,1441.078,1292.874
2024-11-07,1539.72,1541.12,1493.96,1520.11,693200.0,1437.006,1375.683,1362.628,75.215,26.256,9.056,17.2,1375.683,1475.762,1275.604
2024-11-08,1520.11,1543.92,1493.96,1516.37,675200.0,1466.324,1384.646,1365.048,74.207,32.936,13.832,19.104,1384.646,1500.97,1268.323
2024-11-11,1495.83,1533.65,1456.62,1487.9,440000.0,1484.346,1392.07,1366.861,66.861,35.523,18.17,17.353,1392.07,1515.005,1269.135
2024-11-12,1514.51,1516.37,1467.82,1474.36,427600.0,1497.98,1398.606,1367.809,63.635,36.066,21.749,14.316,1398.606,1524.562,1272.651
2024-11-13,1475.29,1483.69,1453.35,1458.02,314800.0,1491.352,1403.509,1368.668,59.88,34.776,24.355,10.421,1403.509,1530.759,1276.259
2024-11-14,1474.82,1512.17,1465.49,1496.77,429700.0,1486.684,1409.812,1370.43,65.134,36.46,26.776,9.685,1409.812,1542.589,1277.035
2024-11-15,1521.04,1521.04,1468.75,1477.16,237800.0,1478.842,1414.294,1371.02,60.795,35.8,28.581,7.22,1414.294,1549.924,1278.664
2024-11-18,1478.56,1482.76,1461.75,1463.62,255100.0,1473.986,1417.912,1370.91,57.926,33.795,29.624,4.172,1417.912,1554.81,1281.015
2024-11-19,1452.41,1475.76,1447.75,1474.36,265100.0,1473.986,1422.908,1372.554,59.556,32.696,30.238,2.458,1422.908,1560.418,1285.398
2024-11-20,1460.35,1469.69,1455.21,1462.22,201100.0,1474.826,1428.604,1374.642,56.873,30.493,30.289,0.204,1428.604,1562.491,1294.717
2024-11-21,1466.42,1496.3,1454.75,1486.96,246500.0,1472.864,1436.284,1377.106,60.754,30.394,30.31,0.084,1436.284,1564.676,1307.892
2024-11-22,1483.69,1506.1,1471.56,1506.1,244300.0,1478.652,1444.921,1380.31,63.491,31.496,30.547,0.949,1444.921,1567.259,1322.583
2024-11-25,1521.98,1532.71,1504.24,1507.97,368300.0,1487.522,1453.512,1383.204,63.756,32.15,30.868,1.282,1453.512,1567.539,1339.484
2024-11-26,1507.97,1514.97,1466.89,1477.16,356500.0,1488.082,1460.468,1386.672,56.459,29.839,30.662,-0.823,1460.468,1561.01,1359.926
2024-11-27,1472.96,1493.5,1462.68,1486.03,271200.0,1492.844,1466.35,1389.75,57.951,28.395,30.209,-1.814,1466.35,1557.539,1375.162
2024-11-28,1485.56,1491.16,1474.82,1486.03,191200.0,1492.658,1472.303,1392.892,57.951,26.94,29.555,-2.615,1472.303,1550.845,1393.761
2024-11-29,1493.03,1530.85,1479.49,1513.57,275800.0,1494.152,1479.492,1397.071,62.57,27.69,29.182,-1.492,1479.492,1543.499,1415.486
2024-12-02,1531.31,1584.07,1522.91,1581.27,465800.0,1508.812,1488.666,1402.393,71.003,33.363,30.018,3.345,1488.666,1555.882,1421.451
2024-12-03,1581.27,1601.81,1560.26,1580.8,486700.0,1529.54,1497.397,1407.632,70.883,37.39,31.493,5.897,1497.397,1564.865,1429.929
2024-12-04,1585.0,1590.14,1556.52,1556.52,266700.0,1543.638,1500.665,1412.403,64.82,38.182,32.83,5.351,1500.665,1573.016,1428.314
2024-12-05,1563.99,1563.99,1515.44,1543.92,423100.0,1555.216,1501.856,1417.271,61.862,37.362,33.737,3.625,1501.856,1576.307,1427.404
2024-12-06,1537.85,1551.86,1531.31,1546.72,164600.0,1561.846,1503.373,1422.544,62.274,36.517,34.293,2.225,1503.373,1580.267,1426.479
2024-12-09,1552.79,1559.79,1528.51,1551.39,300800.0,1555.87,1506.548,1427.24,62.992,35.812,34.597,1.215,1506.548,1585.953,1427.142
2024-12-10,1563.99,1565.4,1535.05,1543.45,352200.0,1548.4,1510.002,1432.077,60.871,34.218,34.521,-0.303,1510.002,1589.523,1430.481
2024-12-11,1548.59,1571.46,1537.38,1563.99,369100.0,1549.894,1515.3,1436.671,64.227,34.217,34.46,-0.243,1515.3,1594.359,1436.242
2024-12-12,1587.34,1601.34,1560.26,1560.26,389700.0,1553.162,1518.475,1440.798,63.167,33.53,34.274,-0.745,1518.475,1599.475,1437.475
2024-12-13,1554.19,1568.66,1529.91,1546.25,448500.0,1553.068,1521.93,1444.925,59.216,31.491,33.718,-2.227,1521.93,1601.389,1442.47
2024-12-16,1550.92,1553.26,1522.44,1542.99,305500.0,1551.388,1525.898,1449.519,58.302,29.275,32.829,-3.554,1525.898,1600.899,1450.897
2024-12-17,1548.12,1554.66,1523.38,1523.38,257900.0,1547.374,1528.349,1453.45,53.003,25.641,31.391,-5.751,1528.349,1599.356,1457.342
2024-12-18,1512.64,1553.26,1506.57,1549.99,326600.0,1544.574,1532.738,1456.503,58.513,24.624,30.038,-5.414,1532.738,1597.071,1468.404
2024-12-19,1522.91,1545.32,1514.97,1535.05,326400.0,1539.532,1535.142,1460.285,54.64,22.355,28.501,-6.146,1535.142,1595.759,1474.525
2024-12-20,1535.05,1535.05,1484.16,1488.83,641000.0,1528.048,1534.278,1463.319,44.767,16.635,26.128,-9.493,1534.278,1597.09,1471.467
2024-12-23,1484.63,1524.78,1477.16,1521.98,285500.0,1523.846,1534.979,1466.97,51.531,14.609,23.824,-9.215,1534.979,1596.86,1473.098
2024-12-24,1536.92,1548.59,1530.85,1546.25,206900.0,1528.42,1538.434,1471.023,55.8,14.791,22.018,-7.227,1538.434,1594.129,1482.738
2024-12-25,1554.66,1554.66,1504.24,1528.98,317300.0,1524.218,1540.581,1474.403,52.272,13.387,20.292,-6.904,1540.581,1590.813,1490.349
2024-12-26,1516.37,1524.31,1507.04,1524.31,307900.0,1522.07,1542.495,1477.475,51.327,11.763,18.586,-6.823,1542.495,1586.508,1498.482
2024-12-27,1534.58,1534.58,1522.91,1533.65,323300.0,1531.034,1543.499,1480.398,53.151,11.101,17.089,-5.988,1543.499,1585.608,1501.39
2024-12-30,1538.78,1549.52,1523.38,1530.38,230400.0,1532.714,1540.954,1483.18,52.411,10.195,15.71,-5.515,1540.954,1579.449,1502.46
2025-01-06,1539.72,1544.39,1502.84,1525.24,244600.0,1528.512,1538.176,1486.196,51.203,8.959,14.36,-5.401,1538.176,1572.339,1504.014
2025-01-07,1530.38,1532.25,1509.37,1524.31,267100.0,1527.578,1536.566,1489.716,50.974,7.814,13.051,-5.237,1536.566,1570.119,1503.013
2025-01-08,1523.84,1551.86,1520.11,1543.92,327000.0,1531.5,1536.566,1493.927,55.492,8.392,12.119,-3.726,1536.566,1570.119,1503.013
2025-01-09,1538.78,1538.78,1500.03,1502.84,279000.0,1525.338,1534.372,1497.317,45.941,5.473,10.79,-5.317,1534.372,1570.749,1497.995
2025-01-10,1496.3,1507.04,1478.56,1485.09,296200.0,1516.28,1531.057,1500.296,42.535,1.707,8.973,-7.266,1531.057,1572.618,1489.496
2025-01-14,1496.77,1500.5,1460.82,1465.02,279000.0,1504.236,1527.135,1502.835,39.013,-2.863,6.606,-9.469,1527.135,1577.617,1476.654
2025-01-15,1469.69,1495.83,1467.82,1491.16,208600.0,1497.606,1523.494,1505.291,45.359,-4.327,4.419,-8.746,1523.494,1573.284,1473.704
2025-01-16,1500.5,1531.31,1496.77,1517.31,376000.0,1492.284,1521.346,1508.298,50.868,-3.338,2.868,-6.206,1521.346,1568.07,1474.623
2025-01-17,1503.3,1516.37,1479.03,1502.84,272200.0,1492.284,1519.176,1510.959,47.985,-3.679,1.559,-5.238,1519.176,1565.054,1473.298
2025-01-20,1512.17,1528.51,1509.37,1523.38,187800.0,1499.942,1518.196,1513.471,52.132,-2.266,0.794,-3.06,1518.196,1562.75,1473.641
2025-01-21,1536.45,1540.65,1505.17,1512.64,166200.0,1509.466,1517.658,1515.6,49.892,-1.99,0.237,-2.227,1517.658,1562.208,1473.109
2025-01-22,1517.31,1520.11,1489.3,1489.3,278500.0,1509.094,1514.624,1515.562,45.334,-3.613,-0.533,-3.08,1514.624,1558.157,1471.091
2025-01-23,1493.96,1495.83,1479.49,1489.3,412000.0,1503.492,1512.336,1514.946,45.334,-4.843,-1.395,-3.448,1512.336,1556.158,1468.515
2025-01-24,1517.31,1517.31,1473.42,1506.57,294700.0,1504.238,1513.224,1514.75,49.308,-4.374,-1.991,-2.383,1513.224,1555.74,1470.707
2025-01-27,1520.11,1557.93,1515.91,1531.31,364200.0,1505.824,1513.69,1515.618,54.42,-1.984,-1.99,0.006,1513.69,1556.812,1470.568
2025-01-28,1532.25,1568.2,1526.65,1560.26,318500.0,1515.348,1514.39,1517.336,59.56,2.221,-1.147,3.369,1514.39,1560.116,1468.665
2025-01-29,1573.33,1575.2,1551.86,1563.53,212500.0,1530.194,1516.118,1519.447,60.107,5.752,0.232,5.519,1516.118,1566.534,1465.702
2025-01-30,1558.39,1592.47,1551.86,1586.87,353800.0,1549.708,1519.246,1521.249,63.865,10.314,2.249,8.065,1519.246,1578.747,1459.745
2025-01-31,1610.68,1610.68,1581.27,1598.08,277300.0,1568.01,1522.468,1523.667,65.544,14.665,4.732,9.933,1522.468,1591.47,1453.465
2025-02-03,1578.0,1578.0,1515.44,1535.98,629200.0,1568.944,1522.748,1525.114,51.319,12.953,6.376,6.577,1522.748,1591.93,1453.565
2025-02-04,1570.53,1582.2,1427.67,1438.87,943900.0,1544.666,1518.429,1524.404,37.583,3.717,5.844,-2.127,1518.429,1597.09,1439.768
2025-02-05,1461.28,1489.3,1428.6,1477.62,766900.0,1527.484,1516.094,1524.712,44.021,-0.47,4.581,-5.051,1516.094,1596.766,1435.423
2025-02-06,1480.43,1480.43,1442.61,1442.61,508200.0,1498.632,1511.029,1523.825,40.006,-6.538,2.358,-8.895,1511.029,1596.899,1425.159
2025-02-07,1444.01,1468.75,1425.34,1460.35,412400.0,1471.086,1508.904,1522.91,42.851,-9.802,-0.074,-9.728,1508.904,1597.681,1420.128
2025-02-10,1470.62,1470.62,1432.34,1432.34,271800.0,1450.358,1506.267,1521.398,39.654,-14.483,-2.956,-11.527,1506.267,1600.96,1411.574
2025-02-12,1455.68,1484.63,1440.28,1481.83,472300.0,1458.95,1507.108,1521.491,47.156,-14.037,-5.172,-8.864,1507.108,1600.549,1413.666
2025-02-13,1496.3,1514.97,1480.89,1481.83,510800.0,1459.792,1506.641,1521.407,47.156,-13.527,-6.843,-6.684,1506.641,1600.51,1412.772
2025-02-14,1477.62,1493.96,1471.09,1491.63,197100.0,1469.596,1505.357,1521.519,48.622,-12.192,-7.913,-4.279,1505.357,1599.314,1411.4
2025-02-17,1493.96,1519.64,1493.96,1505.64,306900.0,1478.654,1505.497,1521.361,50.728,-9.89,-8.308,-1.581,1505.497,1599.447,1411.547
2025-02-18,1517.77,1535.98,1498.17,1521.98,288100.0,1496.582,1505.427,1520.175,53.14,-6.669,-7.98,1.311,1505.427,1599.323,1411.531
2025-02-19,1535.05,1542.52,1492.1,1493.03,353800.0,1498.822,1504.446,1518.419,48.6,-6.38,-7.66,1.28,1504.446,1598.434,1410.459
2025-02-20,1480.43,1499.1,1444.01,1469.69,332200.0,1496.394,1503.466,1516.683,45.245,-7.942,-7.717,-0.225,1503.466,1598.522,1408.41
2025-02-21,1457.08,1532.25,1454.28,1527.11,495700.0,1503.49,1505.356,1516.347,53.712,-4.495,-7.072,2.577,1505.356,1600.73,1409.983
2025-02-25,1498.17,1523.38,1482.76,1512.64,417100.0,1504.89,1505.66,1515.665,51.549,-2.898,-6.237,3.34,1505.66,1601.088,1410.232
2025-02-26,1505.17,1521.04,1491.16,1503.3,256200.0,1501.154,1504.26,1514.703,50.145,-2.358,-5.462,3.103,1504.26,1598.922,1409.597
2025-02-27,1508.9,1511.71,1491.63,1507.97,212900.0,1504.142,1501.645,1513.994,50.866,-1.536,-4.676,3.141,1501.645,1592.611,1410.679
2025-02-28,1505.17,1506.57,1479.96,1485.09,391900.0,1507.222,1497.723,1512.416,47.261,-2.7,-4.281,1.582,1497.723,1584.103,1411.343
2025-03-03,1504.24,1512.17,1477.16,1498.63,283200.0,1501.526,1493.311,1511.183,49.54,-2.5,-3.925,1.425,1493.311,1568.853,1417.769
2025-03-04,1502.37,1520.58,1477.62,1489.76,241600.0,1496.95,1487.895,1510.053,48.075,-3.023,-3.745,0.721,1487.895,1545.122,1430.668
2025-03-05,1493.03,1511.24,1487.43,1497.7,272200.0,1495.83,1485.981,1509.147,49.514,-2.765,-3.549,0.784,1485.981,1538.83,1433.132
2025-03-06,1519.64,1545.79,1519.18,1545.79,273400.0,1503.394,1491.327,1509.596,57.246,1.305,-2.578,3.883,1491.327,1545.719,1436.935
2025-03-07,1523.84,1537.38,1503.3,1533.65,293400.0,1513.106,1494.128,1509.269,54.958,3.51,-1.36,4.871,1494.128,1551.251,1437.006
2025-03-10,1542.52,1549.99,1503.3,1503.3,278500.0,1514.04,1497.163,1508.634,49.618,2.777,-0.533,3.31,1497.163,1548.962,1445.364
2025-03-11,1468.75,1476.69,1431.4,1458.48,467900.0,1507.784,1497.07,1508.027,42.978,-1.404,-0.707,-0.697,1497.07,1549.154,1444.985
2025-03-12,1475.29,1528.98,1475.29,1508.9,420700.0,1510.024,1500.898,1507.765,50.933,-0.642,-0.694,0.052,1500.898,1543.306,1458.489
2025-03-13,1521.98,1537.85,1519.18,1524.31,219800.0,1505.728,1503.022,1507.326,53.087,1.191,-0.317,1.508,1503.022,1545.664,1460.379
2025-03-14,1523.84,1554.19,1519.64,1545.32,395900.0,1508.062,1506.196,1507.653,55.929,4.29,0.604,3.686,1506.196,1551.562,1460.83
2025-03-17,1563.06,1571.93,1551.86,1563.06,290700.0,1520.014,1509.768,1508.428,58.229,8.085,2.1,5.984,1509.768,1561.153,1458.382
2025-03-18,1580.33,1625.62,1578.0,1615.35,525800.0,1551.388,1515.253,1510.062,64.166,15.137,4.708,10.429,1515.253,1584.945,1445.561
2025-03-19,1596.21,1610.68,1576.13,1587.34,352400.0,1567.076,1518.521,1511.201,59.303,18.255,7.417,10.838,1518.521,1595.31,1441.732
2025-03-21,1603.21,1645.7,1592.47,1645.23,667000.0,1591.26,1526.131,1513.601,65.177,25.108,10.955,14.152,1526.131,1620.449,1431.813
2025-03-24,1645.23,1645.23,1614.42,1629.82,325100.0,1608.16,1534.138,1515.711,62.587,28.961,14.556,14.405,1534.138,1635.226,1433.049
2025-03-25,1628.42,1640.56,1614.42,1630.76,336900.0,1621.7,1539.32,1517.448,62.685,31.725,17.99,13.735,1539.32,1649.142,1429.498
2025-03-26,1630.76,1642.43,1606.95,1627.95,460600.0,1624.22,1545.086,1519.95,62.164,33.305,21.053,12.252,1545.086,1660.951,1429.22
2025-03-27,1618.15,1669.51,1607.88,1660.17,587500.0,1638.786,1552.929,1523.452,65.685,36.734,24.189,12.545,1552.929,1677.775,1428.083
2025-03-28,1667.31,1685.42,1643.5,1651.59,467700.0,1640.058,1560.11,1527.183,63.978,38.317,27.015,11.302,1560.11,1690.467,1429.753
2025-03-31,1596.81,1618.72,1560.13,1591.09,737900.0,1632.312,1565.41,1529.182,53.43,34.295,28.471,5.824,1565.41,1691.473,1439.347
2025-04-01,1619.2,1619.68,1560.61,1560.61,520900.0,1618.282,1568.509,1530.048,49.043,28.321,28.441,-0.12,1568.509,1690.646,1446.372
2025-04-02,1566.32,1576.8,1532.02,1547.74,333700.0,1602.24,1571.408,1530.946,47.278,22.291,27.211,-4.92,1571.408,1688.316,1454.5
2025-04-03,1476.76,1487.24,1430.08,1444.85,601700.0,1559.176,1568.766,1529.375,36.094,9.105,23.59,-14.485,1568.766,1694.727,1442.804
2025-04-04,1362.43,1362.43,1298.6,1332.9,654000.0,1495.438,1558.121,1525.781,28.26,-10.26,16.82,-27.08,1558.121,1722.408,1393.834
2025-04-07,1238.58,1257.15,1171.88,1209.52,751600.0,1419.124,1541.914,1520.185,22.472,-35.157,6.424,-41.582,1541.914,1768.502,1315.327
2025-04-08,1267.16,1358.15,1267.16,1345.76,525700.0,1376.154,1534.038,1517.314,37.657,-43.395,-3.54,-39.856,1534.038,1776.663,1291.412
2025-04-09,1291.45,1315.75,1254.77,1274.3,509900.0,1321.466,1524.828,1512.669,33.906,-55.055,-13.843,-41.213,1524.828,1792.244,1257.413
2025-04-10,1417.22,1417.22,1375.3,1389.11,556900.0,1310.318,1518.839,1509.825,43.623,-54.405,-21.955,-32.45,1518.839,1793.036,1244.642
2025-04-11,1303.36,1358.62,1294.31,1348.14,312800.0,1313.366,1510.03,1505.582,41.29,-56.543,-28.873,-27.67,1510.03,1794.61,1225.451
2025-04-14,1357.67,1390.06,1341.47,1379.11,231400.0,1347.284,1501.72,1501.894,43.739,-55.104,-34.119,-20.985,1501.72,1791.618,1211.822
2025-04-15,1401.02,1401.02,1377.68,1386.25,228100.0,1355.382,1492.88,1497.882,44.316,-52.778,-37.851,-14.928,1492.88,1785.671,1200.088
2025-04-16,1405.31,1405.31,1351.48,1359.58,220800.0,1372.438,1480.091,1493.112,42.561,-52.483,-40.777,-11.705,1480.091,1772.702,1187.48
2025-04-17,1373.39,1386.25,1356.72,1381.49,178400.0,1370.914,1469.798,1490.022,44.505,-49.905,-42.603,-7.302,1469.798,1761.004,1178.593
2025-04-18,1401.5,1422.46,1396.73,1419.12,193200.0,1385.11,1458.493,1489.627,47.776,-44.315,-42.945,-1.37,1458.493,1738.357,1178.629
2025-04-21,1407.21,1418.65,1400.07,1402.45,190000.0,1389.778,1447.124,1488.123,46.469,-40.76,-42.508,1.748,1447.124,1715.939,1178.31
2025-04-22,1401.97,1423.89,1393.4,1423.41,188700.0,1397.21,1436.757,1487.739,48.38,-35.838,-41.174,5.336,1436.757,1691.37,1182.144
2025-04-23,1487.24,1492.96,1451.04,1452.94,373800.0,1415.882,1428.006,1487.591,51.033,-29.218,-38.783,9.565,1428.006,1666.47,1189.543
2025-04-24,1478.19,1487.72,1458.19,1468.67,258800.0,1433.318,1418.432,1488.318,52.435,-22.444,-35.515,13.071,1418.432,1631.691,1205.172
2025-04-25,1489.63,1489.63,1459.61,1473.91,273200.0,1444.276,1409.548,1488.159,52.919,-16.462,-31.705,15.242,1409.548,1594.886,1224.209
2025-04-28,1466.28,1489.15,1466.28,1472.48,309700.0,1458.282,1403.617,1487.972,52.761,-11.702,-27.704,16.002,1403.617,1571.241,1235.993
2025-04-30,1472.95,1521.07,1469.62,1519.16,614400.0,1477.432,1401.544,1488.523,57.24,-4.116,-22.987,18.87,1401.544,1561.861,1241.228
2025-05-01,1512.49,1519.64,1472.95,1478.19,369400.0,1482.482,1398.067,1487.974,52.532,-1.394,-18.668,17.274,1398.067,1547.692,1248.442
2025-05-02,1462.95,1473.43,1408.17,1426.27,613800.0,1474.002,1397.138,1486.06,47.231,-3.387,-15.612,12.225,1397.138,1545.767,1248.509
2025-05-07,1419.6,1441.99,1400.54,1440.56,504600.0,1467.332,1402.521,1485.01,48.763,-3.77,-13.243,9.474,1402.521,1549.139,1255.903
2025-05-08,1430.08,1446.75,1423.41,1433.89,381600.0,1459.614,1413.74,1484.294,48.062,-4.559,-11.506,6.948,1413.74,1529.204,1298.275
2025-05-09,1457.71,1492.01,1450.56,1486.77,401700.0,1453.136,1420.79,1483.488,53.744,-0.907,-9.387,8.48,1420.79,1535.997,1305.583
2025-05-12,1495.82,1507.73,1482.0,1507.25,343500.0,1458.948,1432.438,1483.38,55.763,3.599,-6.789,10.388,1432.438,1531.217,1333.658
2025-05-13,1563.46,1591.57,1522.5,1522.97,547400.0,1478.288,1439.13,1483.773,57.303,8.341,-3.763,12.105,1439.13,1543.53,1334.731
2025-05-14,1545.36,1652.07,1518.68,1614.91,1429600.0,1513.158,1452.469,1485.912,64.982,19.296,0.849,18.448,1452.469,1574.584,1330.354
2025-05-15,1577.76,1640.64,1569.18,1631.11,753600.0,1552.602,1465.069,1488.832,66.138,28.952,6.469,22.483,1465.069,1605.884,1324.254
2025-05-16,1619.68,1621.58,1576.33,1583.95,382700.0,1572.038,1474.954,1490.539,59.937,32.425,11.66,20.764,1474.954,1620.161,1329.747
2025-05-19,1552.98,1607.77,1539.65,1604.91,271700.0,1591.57,1487.22,1492.842,61.658,36.448,16.618,19.83,1487.22,1632.838,1341.603
2025-05-20,1609.67,1621.58,1588.24,1597.29,293800.0,1606.434,1498.01,1494.834,60.638,38.577,21.01,17.567,1498.01,1642.619,1353.402
2025-05-21,1610.15,1643.5,1602.53,1617.77,341500.0,1607.006,1507.943,1496.273,62.436,41.439,25.096,16.344,1507.943,1656.957,1358.929
2025-05-22,1598.72,1634.44,1595.86,1619.2,502400.0,1604.624,1518.78,1497.984,62.565,43.323,28.741,14.582,1518.78,1667.016,1370.545
2025-05-23,1625.39,1653.02,1624.44,1639.21,392800.0,1615.676,1529.57,1500.702,64.401,45.902,32.173,13.729,1529.57,1679.977,1379.164
2025-05-26,1657.79,1667.31,1629.2,1638.26,370300.0,1622.346,1538.836,1504.298,64.24,47.324,35.204,12.12,1538.836,1692.17,1385.503
2025-05-27,1631.11,1639.68,1615.87,1639.68,188000.0,1630.824,1547.387,1506.914,64.383,48.011,37.765,10.246,1547.387,1703.297,1391.477
2025-05-28,1652.55,1653.02,1625.87,1642.07,303100.0,1635.684,1555.795,1509.269,64.64,48.194,39.851,8.343,1555.795,1713.151,1398.439
2025-05-29,1653.02,1671.12,1644.92,1652.07,406400.0,1642.258,1564.774,1511.404,65.754,48.585,41.598,6.987,1564.774,1722.608,1406.941
2025-05-30,1626.35,1673.98,1625.39,1666.36,343800.0,1647.688,1572.134,1513.47,67.337,49.478,43.174,6.304,1572.134,1734.67,1409.599
2025-06-02,1655.88,1709.71,1655.88,1699.23,497800.0,1659.882,1583.186,1515.147,70.694,52.236,44.986,7.25,1583.186,1748.856,1417.517
2025-06-03,1699.23,1714.0,1689.23,1704.95,373600.0,1672.936,1597.12,1517.5,71.247,54.258,46.84,7.417,1597.12,1753.857,1440.384
2025-06-04,1705.42,1724.48,1705.42,1706.85,393200.0,1685.892,1610.435,1518.732,71.44,55.375,48.547,6.827,1610.435,1756.019,1464.851
2025-06-05,1686.37,1703.04,1683.03,1693.99,297400.0,1694.276,1623.44,1520.015,68.108,54.593,49.756,4.837,1623.44,1747.498,1499.382
2025-06-06,1693.04,1703.99,1677.32,1681.61,207600.0,1697.326,1633.182,1521.032,64.966,52.371,50.279,2.092,1633.182,1741.676,1524.688
2025-06-09,1702.57,1703.04,1682.56,1693.99,167900.0,1696.278,1642.519,1522.353,66.624,51.021,50.428,0.593,1642.519,1736.559,1548.479
2025-06-10,1705.42,1715.9,1678.75,1680.18,279900.0,1691.324,1650.379,1522.753,63.04,48.28,49.998,-1.718,1650.379,1727.016,1573.743
2025-06-11,1673.03,1673.03,1648.26,1660.17,389100.0,1681.988,1652.642,1522.925,58.157,43.986,48.796,-4.81,1652.642,1727.522,1577.763
2025-06-12,1660.17,1671.6,1648.26,1659.69,278900.0,1675.128,1654.072,1524.297,58.041,40.082,47.053,-6.971,1654.072,1728.309,1579.834
2025-06-13,1663.03,1663.03,1627.3,1652.07,460300.0,1669.22,1657.477,1526.126,56.125,35.959,44.834,-8.875,1657.477,1724.021,1590.934
2025-06-16,1665.88,1676.37,1653.02,1664.93,207800.0,1663.408,1660.478,1528.47,58.609,33.345,42.536,-9.191,1660.478,1722.285,1598.672
2025-06-17,1667.31,1672.55,1657.79,1667.79,214200.0,1660.93,1664.004,1532.929,59.162,31.145,40.258,-9.113,1664.004,1718.21,1609.797
2025-06-18,1667.31,1675.89,1655.88,1673.98,258200.0,1663.692,1666.814,1539.75,60.397,29.56,38.118,-8.558,1666.814,1716.574,1617.054
2025-06-19,1676.84,1678.75,1658.26,1665.41,333000.0,1664.836,1669.124,1548.868,57.792,27.298,35.954,-8.657,1669.124,1713.585,1624.664
2025-06-20,1658.26,1669.7,1651.12,1652.07,705600.0,1664.836,1669.768,1554.994,53.895,24.15,33.593,-9.443,1669.768,1712.754,1626.781
2025-06-23,1648.26,1657.31,1627.3,1648.74,221600.0,1661.598,1670.292,1562.483,52.936,21.143,31.103,-9.96,1670.292,1711.894,1628.689
2025-06-24,1668.74,1690.18,1653.02,1658.26,301600.0,1659.692,1671.22,1567.866,55.381,19.306,28.744,-9.438,1671.22,1710.721,1631.72
2025-06-25,1666.84,1666.84,1645.4,1661.12,234500.0,1657.12,1672.173,1574.126,56.119,17.874,26.57,-8.696,1672.173,1709.577,1634.769
2025-06-26,1657.31,1669.7,1652.07,1663.5,321000.0,1656.738,1672.744,1579.814,56.76,16.739,24.604,-7.865,1672.744,1709.193,1636.296
2025-06-27,1653.02,1677.79,1653.02,1662.07,303300.0,1658.738,1672.53,1585.33,56.229,15.545,22.792,-7.247,1672.53,1709.186,1635.874
2025-06-30,1678.75,1682.08,1663.5,1663.98,290500.0,1661.786,1670.768,1591.418,56.81,14.584,21.15,-6.566,1670.768,1705.349,1636.186
2025-07-01,1644.92,1670.17,1623.01,1661.12,448200.0,1662.358,1668.576,1597.011,55.619,13.437,19.608,-6.17,1668.576,1699.387,1637.765
2025-07-02,1665.41,1683.99,1650.64,1669.7,439400.0,1664.074,1666.719,1602.022,58.435,13.07,18.3,-5.23,1666.719,1691.751,1641.686
2025-07-03,1651.12,1673.98,1646.35,1671.6,250000.0,1665.694,1665.599,1607.405,59.054,12.785,17.197,-4.412,1665.599,1687.274,1643.924
2025-07-04,1673.98,1690.18,1664.93,1683.51,202900.0,1669.982,1665.694,1612.607,62.798,13.366,16.431,-3.065,1665.694,1687.679,1643.709
2025-07-07,1672.55,1681.13,1657.79,1667.31,211600.0,1670.648,1664.36,1616.895,55.381,12.377,15.62,-3.243,1664.36,1681.905,1646.815
2025-07-08,1667.79,1682.08,1660.17,1675.89,358100.0,1673.602,1664.145,1621.039,58.197,12.145,14.925,-2.78,1664.145,1680.966,1647.325
2025-07-09,1684.94,1712.57,1673.03,1709.23,538700.0,1681.508,1666.598,1625.745,66.931,14.484,14.837,-0.352,1666.598,1692.717,1640.48
2025-07-10,1694.47,1719.72,1694.47,1712.57,392800.0,1689.702,1669.242,1630.547,67.66,16.419,15.153,1.266,1669.242,1702.222,1636.263
2025-07-11,1724.48,1767.35,1721.14,1753.06,442600.0,1703.612,1674.292,1635.225,74.887,20.977,16.318,4.659,1674.292,1723.253,1625.331
2025-07-14,1757.83,1776.88,1735.91,1756.4,359300.0,1721.43,1678.866,1640.789,75.376,24.576,17.97,6.606,1678.866,1739.775,1617.956
2025-07-15,1756.4,1775.93,1743.06,1744.01,228800.0,1735.054,1682.676,1647.144,69.937,26.127,19.601,6.526,1682.676,1749.881,1615.472
2025-07-16,1736.86,1755.92,1734.48,1749.25,264100.0,1743.058,1686.44,1653.318,70.894,27.463,21.173,6.289,1686.44,1759.747,1613.133
2025-07-17,1740.2,1774.02,1739.72,1770.69,242700.0,1754.682,1691.704,1660.054,74.473,29.906,22.92,6.986,1691.704,1773.304,1610.104
2025-07-18,1776.88,1785.45,1761.16,1770.69,195300.0,1758.208,1697.635,1665.732,74.473,31.48,24.632,6.848,1697.635,1784.198,1611.072
2025-07-22,1770.69,1798.79,1764.02,1792.12,296700.0,1765.352,1704.804,1671.43,77.657,34.064,26.518,7.545,1704.804,1797.825,1611.783
2025-07-23,1819.75,1848.34,1790.7,1824.04,494300.0,1781.358,1713.093,1677.451,81.383,38.246,28.864,9.382,1713.093,1817.499,1608.687
2025-07-24,1848.34,1881.68,1846.43,1874.06,371200.0,1806.32,1723.74,1682.634,85.471,45.078,32.107,12.971,1723.74,1847.471,1600.009
2025-07-25,1880.73,1895.5,1868.34,1892.16,438100.0,1830.614,1735.173,1687.855,86.617,51.36,35.957,15.402,1735.173,1876.477,1593.869
2025-07-28,1881.21,1881.21,1806.42,1812.13,362200.0,1838.902,1742.676,1692.419,62.977,49.312,38.628,10.684,1742.676,1883.571,1601.781
2025-07-29,1814.51,1834.05,1800.7,1828.33,303300.0,1846.144,1750.893,1696.887,65.056,48.439,40.59,7.848,1750.893,1891.634,1610.153
2025-07-30,1824.52,1857.86,1769.26,1835.47,566900.0,1848.43,1759.611,1701.651,65.963,47.772,42.027,5.745,1759.611,1898.525,1620.697
2025-07-31,1872.16,1888.35,1847.38,1875.97,605700.0,1848.812,1769.924,1706.815,70.622,49.935,43.608,6.327,1769.924,1911.338,1628.511
2025-08-01,1886.45,1915.03,1862.15,1895.97,393200.0,1849.574,1781.143,1712.35,72.616,52.657,45.418,7.239,1781.143,1925.286,1637.0
2025-08-04,1851.19,1876.44,1833.09,1876.44,405200.0,1862.436,1790.789,1717.095,67.779,52.631,46.861,5.771,1790.789,1933.235,1648.344
2025-08-05,1886.45,1915.03,1869.77,1906.93,333700.0,1878.156,1802.77,1722.468,71.024,54.444,48.377,6.066,1802.77,1941.752,1663.789
2025-08-06,1907.41,1926.46,1900.74,1925.51,244600.0,1896.164,1815.251,1728.185,72.82,56.725,50.047,6.678,1815.251,1951.055,1679.448
2025-08-07,1925.51,1974.1,1925.51,1964.1,294700.0,1913.79,1827.995,1734.625,76.13,60.945,52.226,8.718,1827.995,1969.617,1686.373
2025-08-08,1971.24,1988.39,1948.85,1968.38,316800.0,1928.272,1840.786,1740.952,76.472,63.898,54.561,9.337,1840.786,1984.702,1696.869
2025-08-12,1999.35,2010.3,1974.1,1979.82,305800.0,1948.948,1852.124,1747.221,77.405,66.395,56.928,9.468,1852.124,2002.524,1701.723
2025-08-13,1976.96,2011.73,1965.05,1988.87,374400.0,1965.336,1863.747,1753.014,78.143,68.318,59.206,9.112,1863.747,2018.857,1708.637
2025-08-14,1972.19,1984.58,1956.47,1980.77,296900.0,1976.388,1875.585,1758.53,75.758,68.399,61.044,7.355,1875.585,2028.339,1722.831
2025-08-15,2000.78,2018.88,1993.63,2015.07,330300.0,1986.582,1888.876,1764.694,78.719,70.42,62.919,7.5,1888.876,2041.604,1736.148
2025-08-18,2014.12,2023.64,1987.44,1996.97,373100.0,1992.3,1900.19,1770.754,73.609,69.756,64.287,5.469,1900.19,2049.542,1750.838
2025-08-19,2009.35,2009.35,1968.86,1968.86,249400.0,1990.108,1910.098,1776.499,66.399,66.199,64.669,1.53,1910.098,2049.22,1770.977
2025-08-20,1970.29,1987.91,1949.8,1976.48,387900.0,1987.63,1919.317,1782.149,67.333,63.266,64.389,-1.123,1919.317,2049.679,1788.954
2025-08-21,1976.48,1988.39,1964.1,1979.82,151000.0,1987.44,1927.106,1788.142,67.756,60.513,63.613,-3.1,1927.106,2052.0,1802.211
2025-08-22,1992.68,2036.98,1979.82,2028.41,225800.0,1990.108,1934.823,1795.506,73.195,61.543,63.199,-1.657,1934.823,2064.885,1804.761
2025-08-25,2048.41,2052.7,2016.97,2033.17,267200.0,1997.348,1941.874,1802.976,73.664,62.028,62.965,-0.937,1941.874,2077.372,1806.375
2025-08-26,2018.88,2036.5,1983.63,1996.97,400600.0,2002.97,1951.116,1809.874,64.436,58.813,62.135,-3.321,1951.116,2073.979,1828.252
2025-08-27,1996.97,2000.78,1982.2,1996.01,271300.0,2006.876,1959.5,1816.496,64.207,55.548,60.817,-5.269,1959.5,2069.271,1849.728
2025-08-28,1991.25,2022.69,1986.01,2018.4,268600.0,2014.592,1968.646,1823.508,67.148,54.143,59.482,-5.34,1968.646,2064.507,1872.785
2025-08-29,2016.97,2030.31,2005.06,2017.93,226800.0,2012.496,1975.744,1830.387,67.024,52.387,58.063,-5.676,1975.744,2063.381,1888.107
2025-09-01,2005.54,2044.6,2001.25,2021.74,204600.0,2010.21,1982.032,1837.513,67.549,50.719,56.595,-5.876,1982.032,2063.392,1900.673
2025-09-02,2026.98,2056.04,2012.21,2040.79,240000.0,2018.974,1990.25,1845.288,70.113,50.353,55.346,-4.993,1990.25,2058.913,1921.587
2025-09-03,2041.27,2042.7,1971.72,1988.39,377700.0,2017.45,1994.323,1852.081,56.816,45.313,53.34,-8.027,1994.323,2050.75,1937.896
2025-09-04,1996.97,2019.36,1986.96,2019.36,150200.0,2017.642,1999.016,1859.303,61.467,43.318,51.335,-8.017,1999.016,2046.2,1951.831
2025-09-05,2038.89,2042.7,2007.45,2014.12,276900.0,2016.88,2001.517,1866.363,60.284,40.844,49.237,-8.393,2001.517,2046.141,1956.892
2025-09-08,2016.02,2026.98,1998.39,2024.12,277300.0,2017.356,2004.304,1873.575,61.796,39.237,47.237,-8.0,2004.304,2047.141,1961.466
2025-09-09,2033.17,2039.36,2000.78,2009.35,197700.0,2011.068,2005.78,1880.521,58.269,36.353,45.06,-8.707,2005.78,2047.072,1964.488
2025-09-10,2019.36,2057.47,2018.88,2055.56,199500.0,2024.502,2009.115,1888.352,64.999,37.366,43.522,-6.156,2009.115,2055.155,1963.074
2025-09-11,2055.08,2059.85,2026.02,2038.41,152900.0,2028.312,2011.996,1895.898,61.063,36.365,42.09,-5.725,2011.996,2057.782,1966.211
2025-09-12,2048.41,2060.8,2034.12,2050.32,374300.0,2035.552,2013.759,1903.511,62.75,36.117,40.896,-4.779,2013.759,2062.651,1964.867
2025-09-16,2051.75,2059.37,2040.79,2046.98,164300.0,2040.124,2016.259,1911.018,61.94,35.244,39.765,-4.521,2016.259,2066.629,1965.89
2025-09-17,2037.46,2042.22,2001.25,2016.5,187200.0,2041.554,2018.641,1917.678,54.963,31.727,38.158,-6.43,2018.641,2063.811,1973.472
2025-09-18,2035.55,2036.98,2006.97,2017.45,168800.0,2033.932,2020.69,1924.681,55.132,28.686,36.263,-7.577,2020.69,2061.294,1980.086
2025-09-19,2021.26,2042.22,1999.35,2032.69,544500.0,2032.788,2023.334,1931.817,57.874,27.193,34.449,-7.257,2023.334,2059.36,1987.307
2025-09-22,2029.36,2049.84,2022.21,2044.6,243700.0,2031.644,2024.143,1938.524,59.934,26.662,32.892,-6.229,2024.143,2061.357,1986.929
2025-09-24,2057.94,2066.99,2034.6,2044.6,334600.0,2031.168,2024.714,1945.165,59.934,25.943,31.502,-5.559,2024.714,2062.852,1986.577
2025-09-25,2044.6,2066.52,2040.79,2065.56,443400.0,2040.98,2028.144,1951.415,63.57,26.756,30.553,-3.797,2028.144,2068.071,1988.217
2025-09-26,2065.56,2143.21,2065.56,2140.83,443600.0,2065.656,2035.385,1959.103,73.034,33.093,31.061,2.032,2035.385,2097.266,1973.504
2025-09-29,2136.47,2136.47,2091.43,2095.3,339100.0,2078.178,2039.23,1966.129,62.463,34.048,31.658,2.39,2039.23,2106.029,1972.431
2025-09-30,2083.19,2132.6,2061.88,2113.71,379000.0,2092.0,2044.019,1973.418,64.689,35.877,32.502,3.375,2044.019,2117.761,1970.277
2025-10-01,2082.71,2088.52,2037.66,2057.04,325300.0,2094.488,2045.784,1979.145,54.063,32.38,32.478,-0.097,2045.784,2118.968,1972.6
2025-10-02,2053.65,2073.51,2034.27,2062.85,375400.0,2093.946,2046.887,1984.989,54.881,29.735,31.929,-2.194,2046.887,2120.418,1973.356
2025-10-03,2056.55,2089.97,2056.55,2088.04,238000.0,2083.388,2051.869,1990.907,58.346,29.334,31.41,-2.076,2051.869,2122.144,1981.595
2025-10-06,2082.71,2100.15,2042.02,2087.07,472700.0,2081.742,2055.255,1996.168,58.16,28.607,30.85,-2.242,2055.255,2125.459,1985.051
2025-10-07,2101.11,2102.08,2058.01,2058.01,253700.0,2070.602,2057.449,1999.847,52.758,25.394,29.758,-4.364,2057.449,2124.93,1989.969
2025-10-08,2079.32,2108.86,2074.96,2088.52,225600.0,2076.898,2060.67,2003.774,57.248,25.021,28.811,-3.79,2060.67,2127.598,1993.741
2025-10-09,2089.49,2111.29,2076.41,2111.29,251000.0,2086.586,2065.767,2009.757,60.282,26.26,28.301,-2.041,2065.767,2131.759,1999.774
2025-10-10,2079.8,2079.8,2030.88,2034.27,366800.0,2075.832,2064.702,2013.876,47.899,20.787,26.798,-6.011,2064.702,2132.06,1997.344
2025-10-14,1986.81,2011.99,1961.62,1978.57,314200.0,2054.132,2061.71,2016.738,41.293,11.819,23.802,-11.983,2061.71,2138.624,1984.796
2025-10-15,1999.88,2022.65,1994.07,2014.9,205100.0,2045.51,2059.939,2019.516,46.478,7.557,20.553,-12.996,2059.939,2139.541,1980.337
2025-10-16,2021.2,2045.9,2018.29,2042.51,171300.0,2036.308,2059.716,2022.447,50.086,6.333,17.709,-11.376,2059.716,2139.496,1979.935
2025-10-17,1999.88,2014.42,1987.78,1998.92,176400.0,2013.834,2058.837,2024.897,44.935,1.826,14.533,-12.707,2058.837,2140.974,1976.699
2025-10-20,2034.27,2064.3,2012.96,2060.91,153300.0,2019.162,2061.009,2027.976,52.427,3.218,12.27,-9.052,2061.009,2140.803,1981.216
2025-10-21,2068.18,2076.9,2047.84,2059.46,132300.0,2035.34,2062.348,2030.655,52.248,4.157,10.647,-6.49,2062.348,2141.032,1983.664
2025-10-22,2048.8,2080.77,2048.8,2067.21,250400.0,2045.802,2063.479,2032.718,53.169,5.463,9.61,-4.147,2063.479,2141.737,1985.22
2025-10-23,2057.52,2079.8,2055.59,2071.08,171300.0,2051.516,2064.802,2034.772,53.65,6.733,9.035,-2.302,2064.802,2142.611,1986.994
2025-10-24,2078.35,2078.35,2046.87,2051.71,194900.0,2062.074,2064.11,2036.209,50.838,6.106,8.449,-2.343,2064.11,2142.136,1986.084
2025-10-27,2081.74,2114.19,2071.57,2101.11,256400.0,2070.114,2062.124,2038.454,57.024,9.486,8.656,0.829,2062.124,2133.682,1990.566
2025-10-28,2097.24,2111.29,2067.21,2073.51,315100.0,2072.924,2061.034,2040.309,53.011,9.824,8.89,0.934,2061.034,2131.114,1990.955
2025-10-29,2064.79,2074.47,2042.99,2045.41,158200.0,2068.564,2057.619,2040.916,49.212,7.736,8.659,-0.923,2057.619,2123.417,1991.822
2025-10-30,2055.1,2087.07,2049.29,2087.07,318800.0,2071.762,2059.121,2042.718,54.426,9.334,8.794,0.54,2059.121,2126.22,1992.022
2025-10-31,2101.11,2108.38,2070.6,2082.71,292300.0,2077.962,2060.114,2044.995,53.803,10.133,9.062,1.071,2060.114,2128.029,1992.199
2025-11-04,2071.08,2120.49,2059.46,2098.69,256000.0,2077.478,2060.646,2047.439,55.799,11.918,9.633,2.285,2060.646,2129.641,1991.652
2025-11-05,2077.87,2111.77,2037.66,2103.54,379100.0,2083.484,2061.47,2049.913,56.414,13.567,10.42,3.147,2061.47,2132.165,1990.775
2025-11-06,2103.05,2161.66,2091.91,2157.78,315700.0,2105.958,2066.459,2052.501,62.673,19.032,12.142,6.89,2066.459,2149.182,1983.735
2025-11-07,2123.88,2143.74,2098.21,2103.54,317700.0,2109.252,2067.21,2053.908,54.279,18.769,13.468,5.302,2067.21,2151.042,1983.377
2025-11-10,2128.72,2160.69,2106.93,2160.69,349900.0,2124.848,2069.679,2057.183,60.311,22.909,15.356,7.553,2069.679,2161.51,1977.849
2025-11-11,2174.74,2178.13,2133.57,2144.22,175500.0,2133.954,2075.177,2060.147,57.938,24.577,17.2,7.377,2075.177,2171.153,1979.201
2025-11-12,2158.27,2191.2,2150.52,2171.83,222500.0,2147.612,2084.84,2063.215,60.727,27.807,19.321,8.485,2084.84,2178.755,1990.925
2025-11-13,2181.03,2206.22,2172.8,2179.58,210700.0,2151.972,2093.074,2066.448,61.499,30.638,21.585,9.053,2093.074,2189.999,1996.149
2025-11-14,2131.14,2184.91,2120.0,2151.97,434800.0,2161.658,2098.547,2069.053,57.188,30.305,23.329,6.976,2098.547,2195.811,2001.283
2025-11-17,2136.47,2158.75,2123.39,2142.28,413500.0,2157.976,2105.715,2071.083,55.712,28.926,24.448,4.477,2105.715,2192.646,2018.784
2025-11-18,2118.07,2124.36,2051.23,2064.79,438300.0,2142.09,2105.909,2072.611,45.581,21.334,23.825,-2.492,2105.909,2192.436,2019.382
2025-11-19,2098.69,2120.0,2072.54,2082.22,569600.0,2124.168,2107.047,2073.868,47.877,16.533,22.367,-5.834,2107.047,2191.577,2022.517
2025-11-20,2129.21,2130.66,2103.54,2118.55,454200.0,2111.962,2109.614,2075.957,52.386,15.481,20.99,-5.508,2109.614,2192.145,2027.083
2025-11-21,2118.55,2170.86,2111.77,2158.75,345700.0,2113.318,2113.998,2078.649,56.836,17.688,20.329,-2.641,2113.998,2197.221,2030.774
2025-11-25,2171.83,2192.17,2143.25,2166.02,248600.0,2118.066,2119.713,2081.783,57.608,19.795,20.223,-0.427,2119.713,2200.593,2038.833
2025-11-26,2214.45,2216.87,2190.23,2199.44,321300.0,2144.996,2124.63,2084.66,61.054,23.886,20.955,2.931,2124.63,2212.408,2036.851
2025-11-27,2218.33,2247.39,2217.36,2239.64,271300.0,2176.48,2132.936,2088.685,64.765,30.026,22.77,7.257,2132.936,2231.166,2034.706
2025-11-28,2239.64,2273.54,2235.28,2259.98,242700.0,2204.766,2143.664,2092.878,66.504,36.117,25.439,10.678,2143.664,2248.305,2039.024
2025-12-01,2287.59,2316.17,2268.22,2269.67,266000.0,2226.95,2152.794,2097.332,67.332,41.251,28.601,12.649,2152.794,2267.977,2037.612
2025-12-02,2281.78,2300.67,2232.37,2243.51,477200.0,2242.448,2160.834,2101.872,62.821,42.716,31.424,11.292,2160.834,2277.852,2043.817
2025-12-03,2237.7,2242.54,2178.61,2186.84,377000.0,2239.928,2165.242,2105.26,54.33,38.856,32.911,5.946,2165.242,2278.999,2051.485
2025-12-04,2187.33,2264.34,2181.03,2256.59,468700.0,2243.318,2172.894,2109.738,61.269,40.954,34.519,6.434,2172.894,2289.725,2056.064
2025-12-05,2243.03,2255.14,2223.17,2233.83,252700.0,2238.088,2176.697,2113.522,58.163,40.315,35.678,4.636,2176.697,2296.372,2057.022
2025-12-08,2241.58,2247.39,2220.26,2242.06,185400.0,2232.566,2183.623,2117.472,58.973,40.011,36.545,3.466,2183.623,2301.491,2065.755
2025-12-09,2255.62,2267.73,2248.36,2256.11,218900.0,2235.086,2188.394,2121.283,60.383,40.438,37.324,3.114,2188.394,2310.018,2066.77
2025-12-10,2258.04,2280.32,2245.45,2268.22,299000.0,2251.362,2194.594,2123.83,61.607,41.278,38.114,3.163,2194.594,2319.339,2069.849
2025-12-11,2288.07,2296.79,2228.01,2228.01,252700.0,2245.646,2197.403,2126.485,55.476,38.258,38.143,0.115,2197.403,2322.519,2072.287
2025-12-12,2264.82,2308.42,2252.72,2290.5,369800.0,2256.98,2202.949,2130.02,61.833,40.44,38.602,1.838,2202.949,2334.411,2071.487
2025-12-15,2298.73,2351.52,2291.46,2346.2,338500.0,2277.808,2212.661,2135.804,66.434,46.133,40.109,6.024,2212.661,2356.39,2068.931
2025-12-16,2325.37,2339.41,2271.61,2275.96,296500.0,2281.778,2219.344,2140.066,57.088,44.464,40.98,3.484,2219.344,2361.72,2076.969
2025-12-17,2275.96,2293.89,2247.39,2271.12,254300.0,2282.358,2229.661,2143.727,56.499,42.264,41.236,1.027,2229.661,2353.59,2105.732
2025-12-18,2353.95,2377.68,2305.99,2350.55,589000.0,2306.866,2243.078,2148.997,63.215,46.394,42.268,4.126,2243.078,2357.535,2128.62
2025-12-19,2357.34,2401.9,2357.34,2385.43,494800.0,2325.852,2256.422,2155.545,65.718,51.884,44.191,7.693,2256.422,2371.973,2140.87
2025-12-22,2416.91,2437.25,2404.32,2404.32,469300.0,2337.476,2268.7,2161.861,67.027,57.101,46.773,10.328,2268.7,2392.45,2144.95
2025-12-23,2399.47,2431.93,2379.13,2395.12,384700.0,2361.308,2280.155,2167.538,65.711,59.804,49.379,10.425,2280.155,2406.277,2154.033
2025-12-24,2398.51,2410.61,2352.01,2366.54,254200.0,2380.392,2288.51,2174.183,61.662,58.96,51.296,7.665,2288.51,2414.256,2162.764
2025-12-25,2407.22,2407.22,2363.15,2371.38,249500.0,2384.558,2295.097,2182.04,62.088,58.013,52.639,5.374,2295.097,2423.831,2166.363
2025-12-26,2399.47,2407.71,2353.95,2370.9,270600.0,2381.652,2300.643,2189.16,62.015,56.572,53.426,3.146,2300.643,2432.526,2168.76
2025-12-29,2373.32,2384.94,2360.73,2380.58,242400.0,2376.904,2306.188,2195.921,62.968,55.57,53.855,1.716,2306.188,2441.86,2170.517
2025-12-30,2379.62,2425.63,2370.9,2393.18,310200.0,2376.516,2313.672,2203.806,64.227,55.157,54.115,1.042,2313.672,2451.284,2176.06
2026-01-05,2407.71,2468.25,2401.9,2443.07,483900.0,2391.822,2326.484,2211.449,68.755,58.185,54.929,3.256,2326.484,2462.073,2190.894
2026-01-06,2468.25,2491.99,2465.83,2470.19,315300.0,2411.584,2337.163,2219.664,70.911,62.057,56.355,5.703,2337.163,2482.846,2191.481
2026-01-07,2473.1,2532.67,2466.8,2525.89,513700.0,2442.582,2351.766,2228.838,74.762,68.827,58.849,9.978,2351.766,2511.692,2191.841
2026-01-08,2517.66,2529.28,2489.56,2490.53,237600.0,2464.572,2364.19,2237.227,68.557,70.526,61.185,9.342,2364.19,2526.813,2201.567
2026-01-09,2525.89,2544.78,2499.25,2538.48,270600.0,2493.632,2378.308,2246.962,71.956,74.879,63.924,10.955,2378.308,2550.189,2206.428
2026-01-13,2615.49,2618.89,2569.48,2579.17,307700.0,2520.852,2393.856,2256.523,74.478,80.682,67.275,13.407,2393.856,2579.51,2208.202
2026-01-14,2576.75,2582.07,2541.87,2570.45,520600.0,2540.904,2410.978,2266.462,72.963,83.613,70.543,13.07,2410.978,2595.39,2226.566
2026-01-15,2572.87,2643.59,2571.9,2642.62,301600.0,2564.25,2428.584,2278.406,77.111,90.714,74.577,16.137,2428.584,2630.928,2226.24
2026-01-16,2639.71,2690.57,2633.9,2677.49,252500.0,2601.642,2445.148,2290.215,78.803,98.025,79.267,18.758,2445.148,2671.869,2218.428
2026-01-19,2667.8,2676.04,2633.9,2664.41,306900.0,2626.828,2464.571,2301.849,76.518,101.593,83.732,17.861,2464.571,2696.753,2232.389
2026-01-20,2647.95,2659.09,2626.15,2641.65,256600.0,2639.324,2483.098,2312.708,72.575,101.414,87.268,14.146,2483.098,2709.342,2256.853
2026-01-21,2581.59,2620.34,2553.5,2610.17,301600.0,2647.268,2496.078,2322.84,67.401,97.608,89.336,8.272,2496.078,2720.082,2272.075
2026-01-22,2640.2,2678.46,2631.96,2663.93,263200.0,2651.53,2510.004,2332.963,71.18,97.802,91.029,6.772,2510.004,2739.601,2280.406
2026-01-23,2668.77,2720.11,2665.87,2716.72,299600.0,2659.376,2525.624,2345.227,74.326,101.05,93.033,8.017,2525.624,2767.145,2284.102
2026-01-26,2619.85,2656.66,2605.81,2626.64,376700.0,2651.822,2537.199,2354.546,61.905,95.258,93.478,1.78,2537.199,2774.541,2299.858
2026-01-27,2594.18,2638.26,2581.59,2630.51,334900.0,2649.594,2550.398,2364.272,62.197,89.943,92.771,-2.828,2550.398,2776.891,2323.905
2026-01-28,2623.24,2644.56,2608.71,2628.57,314900.0,2653.274,2563.258,2373.407,61.941,84.599,91.137,-6.538,2563.258,2775.725,2350.79
2026-01-29,2624.7,2687.18,2615.98,2677.01,283700.0,2655.89,2578.563,2383.355,65.741,83.312,89.572,-6.26,2578.563,2776.276,2380.85
2026-01-30,2710.91,2720.6,2671.68,2701.23,439600.0,2652.792,2594.596,2394.34,67.489,83.287,88.315,-5.028,2594.596,2776.045,2413.146
2026-02-02,2736.58,2739.0,2643.1,2643.1,319900.0,2656.084,2607.092,2404.357,59.626,77.681,86.188,-8.507,2607.092,2762.723,2451.46
2026-02-03,2722.54,2804.39,2691.05,2800.52,412900.0,2690.086,2624.964,2419.071,69.865,84.961,85.943,-0.982,2624.964,2783.36,2466.568
2026-02-04,2809.24,2974.88,2805.84,2935.17,700200.0,2751.406,2648.213,2436.13,75.572,100.438,88.842,11.596,2648.213,2843.222,2453.204
2026-02-05,2954.54,3009.76,2937.1,2989.41,484600.0,2813.886,2671.389,2453.548,77.426,115.746,94.222,21.523,2671.389,2910.398,2432.38
2026-02-06,2951.63,3114.38,2936.14,3112.44,756400.0,2896.128,2702.484,2472.621,80.958,136.234,102.625,33.61,2702.484,2997.647,2407.322
2026-02-09,3218.03,3224.81,3174.44,3210.28,526600.0,3009.564,2736.074,2493.507,83.207,158.539,113.808,44.732,2736.074,3098.004,2374.145
2026-02-10,3224.81,3300.37,3216.09,3283.9,478700.0,3106.24,2771.311,2515.196,84.675,180.081,127.062,53.018,2771.311,3199.988,2342.634
2026-02-12,3276.15,3372.05,3245.15,3346.86,521000.0,3188.578,2810.132,2537.34,85.816,199.928,141.635,58.293,2810.132,3298.663,2321.6
2026-02-13,3342.02,3375.93,3274.21,3320.71,518400.0,3254.838,2844.036,2558.555,83.049,211.114,155.531,55.583,2844.036,3375.823,2312.249
2026-02-16,3312.96,3317.8,3198.65,3225.78,618600.0,3277.506,2871.45,2577.677,73.754,209.899,166.404,43.494,2871.45,3423.242,2319.659
2026-02-17,3225.78,3268.4,3151.19,3155.06,486400.0,3266.462,2895.983,2595.908,67.677,200.913,173.306,27.607,2895.983,3452.623,2339.343
2026-02-18,3207.37,3234.5,3182.19,3205.43,279300.0,3250.768,2924.172,2616.28,69.598,195.602,177.765,17.836,2924.172,3483.676,2364.668
2026-02-19,3225.78,3306.18,3219.0,3306.18,372800.0,3242.632,2958.972,2637.272,73.049,197.248,181.662,15.586,2958.972,3522.807,2395.138
2026-02-20,3264.53,3277.12,3236.43,3243.21,308000.0,3227.132,2987.937,2657.459,67.864,191.267,183.583,7.684,2987.937,3547.454,2428.419
2026-02-24,3233.53,3233.53,3091.13,3113.41,558200.0,3204.658,3007.771,2674.886,58.626,174.047,181.676,-7.629,3007.771,3554.792,2460.75
2026-02-25,3115.34,3128.91,3006.85,3010.73,589200.0,3175.792,3026.976,2689.979,52.534,150.381,175.417,-25.036,3026.976,3543.792,2510.159
2026-02-26,3068.85,3093.06,3027.19,3063.04,449800.0,3147.314,3048.602,2705.875,55.094,134.299,167.193,-32.895,3048.602,3530.59,2566.614
2026-02-27,3074.66,3118.25,3039.79,3111.47,646700.0,3108.372,3072.747,2723.544,57.386,124.031,158.561,-34.53,3072.747,3512.687,2632.807
2026-03-02,2958.42,2995.23,2915.79,2971.01,625000.0,3053.932,3087.447,2737.154,49.497,103.369,147.523,-44.154,3087.447,3489.749,2685.145
2026-03-03,2935.17,3007.82,2913.86,2915.79,549200.0,3014.408,3098.175,2748.546,46.774,81.597,134.338,-52.74,3098.175,3467.177,2729.173
2026-03-04,2847.98,2857.19,2647.95,2706.07,808400.0,2953.476,3101.324,2757.148,38.184,46.88,116.846,-69.966,3101.324,3454.721,2747.926
2026-03-05,2838.3,2916.76,2821.34,2862.51,619600.0,2913.37,3104.423,2768.976,46.131,31.625,99.802,-68.177,3104.423,3447.653,2761.193
2026-03-06,2796.64,2874.62,2777.75,2863.0,452700.0,2863.676,3100.814,2779.225,46.155,19.352,83.712,-64.36,3100.814,3452.939,2748.69
2026-03-09,2642.62,2748.21,2642.62,2723.02,567800.0,2814.078,3087.495,2785.977,40.724,-1.65,66.64,-68.29,3087.495,3475.671,2699.319
2026-03-10,2785.02,2876.08,2779.21,2858.15,442500.0,2802.55,3074.78,2795.054,47.185,-7.307,51.85,-59.157,3074.78,3475.956,2673.605
2026-03-11,2882.37,2919.67,2847.01,2847.98,293800.0,2830.932,3056.666,2804.111,46.772,-12.467,38.987,-51.454,3056.666,3464.739,2648.592
2026-03-12,2786.96,2790.35,2686.21,2713.82,631400.0,2801.194,3028.162,2811.056,41.597,-27.07,25.775,-52.845,3028.162,3448.85,2607.473
2026-03-13,2669.74,2753.05,2665.87,2744.33,569600.0,2777.46,2998.035,2818.515,43.138,-35.768,13.467,-49.235,2998.035,3408.808,2587.262
2026-03-16,2716.72,2741.43,2688.63,2704.62,373000.0,2773.78,2967.23,2825.19,41.599,-45.344,1.705,-47.048,2967.23,3368.408,2566.053
2026-03-17,2741.43,2775.33,2707.04,2723.02,303200.0,2746.754,2942.092,2832.039,42.62,-50.861,-8.809,-42.053,2942.092,3338.029,2546.156
2026-03-18,2755.96,2832.97,2751.6,2822.31,355300.0,2741.62,2925.455,2840.621,47.912,-46.684,-16.384,-30.3,2925.455,3311.553,2539.357
2026-03-19,2753.05,2792.77,2729.8,2739.97,377400.0,2746.85,2902.182,2846.559,44.266,-49.447,-22.996,-26.451,2902.182,3273.035,2531.329
2026-03-23,2632.45,2671.68,2597.09,2648.92,484700.0,2727.768,2869.319,2850.134,40.588,-58.312,-30.059,-28.253,2869.319,3204.173,2534.465
2026-03-24,2745.79,2768.07,2710.43,2747.24,320300.0,2736.292,2844.52,2854.561,45.823,-56.75,-35.398,-21.352,2844.52,3133.043,2555.998
2026-03-25,2836.84,2854.28,2817.47,2832.97,434500.0,2758.282,2830.498,2861.41,49.963,-48.04,-37.926,-10.114,2830.498,3089.775,2571.222
2026-03-26,2832.97,2847.01,2751.6,2801.97,290200.0,2754.214,2820.06,2866.679,48.519,-43.142,-38.969,-4.173,2820.06,3065.21,2574.911
2026-03-27,2784.05,2854.76,2782.11,2830.06,599800.0,2772.232,2808.411,2871.697,49.931,-36.572,-38.49,1.918,2808.411,3025.48,2591.343
2026-03-30,2692.92,2763.96,2689.47,2751.13,391600.0,2792.674,2790.394,2875.311,46.105,-37.304,-38.253,0.949,2790.394,2955.036,2625.753
2026-03-31,2712.16,2789.12,2672.7,2730.91,438900.0,2789.408,2778.39,2877.077,45.15,-39.065,-38.415,-0.65,2778.39,2921.138,2635.641
2026-04-01,2896.66,3053.53,2887.29,3030.84,1138600.0,2828.982,2784.142,2884.144,58.782,-16.074,-33.947,17.873,2784.142,2956.422,2611.862
2026-04-02,3098.91,3115.68,2967.69,2972.63,475200.0,2863.114,2797.47,2890.308,55.88,-2.522,-27.662,25.14,2797.47,2984.897,2610.043
2026-04-03,3001.24,3004.2,2927.74,2944.51,387200.0,2886.004,2801.57,2896.365,54.48,5.882,-20.953,26.835,2801.57,2998.342,2604.798
2026-04-06,2963.75,2992.36,2944.01,2960.79,187400.0,2927.936,2806.46,2903.378,55.18,13.698,-14.023,27.721,2806.46,3014.212,2598.707
2026-04-07,2960.79,3012.09,2955.85,2966.71,327800.0,2975.096,2818.644,2909.433,55.448,20.138,-7.191,27.328,2818.644,3034.229,2603.059
2026-04-08,3098.91,3113.71,3031.82,3059.45,426500.0,2980.818,2828.709,2916.288,59.534,32.351,0.718,31.634,2828.709,3069.394,2588.024
2026-04-09,3062.41,3084.11,3017.02,3025.9,315600.0,2991.472,2837.605,2924.273,57.48,38.876,8.349,30.526,2837.605,3093.933,2581.277
2026-04-10,3056.49,3103.84,3039.71,3044.65,264400.0,3011.5,2854.146,2932.556,58.345,45.04,15.687,29.353,2854.146,3119.384,2588.909
2026-04-13,3033.8,3059.45,2996.3,3031.82,239000.0,3025.706,2868.521,2940.621,57.484,48.333,22.216,26.116,2868.521,3139.792,2597.25
2026-04-14,3054.51,3055.5,3003.21,3013.08,255600.0,3034.98,2883.944,2947.342,56.179,48.867,27.547,21.32,2883.944,3151.022,2616.866
2026-04-15,3049.58,3070.3,3001.24,3006.17,236600.0,3024.324,2898.102,2953.441,55.677,48.177,31.673,16.505,2898.102,3159.214,2636.989
2026-04-16,3046.62,3048.59,2989.4,2989.4,226800.0,3017.024,2906.456,2960.367,54.406,45.75,34.488,11.262,2906.456,3168.05,2644.862
2026-04-17,2984.47,3006.17,2943.03,2968.68,421100.0,3001.83,2917.891,2963.73,52.803,41.674,35.925,5.749,2917.891,3168.612,2667.171
2026-04-20,2996.3,2997.29,2916.88,2924.28,278200.0,2980.322,2931.66,2963.512,49.441,34.464,35.633,-1.169,2931.66,3148.086,2715.233
2026-04-21,2917.38,2928.23,2846.83,2858.18,372200.0,2949.342,2937.206,2960.888,44.862,23.149,33.136,-9.987,2937.206,3138.918,2735.495
2026-04-22,2875.45,2880.38,2791.58,2805.89,428600.0,2909.286,2935.852,2954.757,41.581,9.85,28.479,-18.629,2935.852,3140.846,2730.859
2026-04-23,2770.87,2803.92,2754.59,2796.52,372200.0,2870.71,2935.58,2946.482,41.002,-1.43,22.497,-23.927,2935.58,3141.336,2729.824
2026-04-24,2809.34,2809.34,2721.54,2757.05,336100.0,2828.384,2931.93,2935.945,38.567,-13.4,15.318,-28.718,2931.93,3147.905,2715.954
2026-04-27,2724.5,2785.17,2691.45,2771.85,275600.0,2797.898,2932.966,2924.444,40.006,-21.445,7.965,-29.41,2932.966,3145.46,2720.471
2026-04-28,2802.44,2975.59,2785.17,2975.59,534400.0,2821.38,2945.199,2917.542,55.467,-11.25,4.122,-15.372,2945.199,3135.755,2754.644
2026-04-30,2912.94,2923.3,2845.35,2887.78,480500.0,2837.758,2938.046,2910.782,49.541,-10.14,1.27,-11.41,2938.046,3125.786,2750.307
2026-05-01,2893.7,2956.84,2789.61,2807.37,1705200.0,2839.928,2929.784,2903.828,44.819,-15.569,-2.098,-13.471,2929.784,3125.492,2734.075
2026-05-07,2898.14,2934.15,2829.08,2907.51,1067000.0,2870.02,2927.934,2897.87,51.074,-11.656,-4.01,-7.647,2927.934,3123.755,2732.112
2026-05-08,2834.01,2851.27,2787.15,2832.04,796800.0,2882.058,2921.496,2888.387,46.771,-14.479,-6.103,-8.375,2921.496,3121.196,2721.796
2026-05-11,2832.04,2897.64,2823.65,2884.33,477100.0,2863.806,2917.377,2881.209,49.919,-12.354,-7.354,-5.0,2917.377,3116.548,2718.206
2026-05-12,2875.94,2905.54,2861.14,2886.3,439300.0,2863.51,2908.72,2876.667,50.039,-10.391,-7.961,-2.43,2908.72,3096.623,2720.816
2026-05-13,2885.81,2936.62,2871.01,2927.24,455400.0,2887.484,2903.786,2874.997,52.579,-5.469,-7.463,1.994,2903.786,3083.749,2723.824
2026-05-14,2921.32,2965.72,2897.64,2955.85,407600.0,2897.152,2899.347,2872.854,54.327,0.732,-5.824,6.556,2899.347,3068.748,2729.945
2026-05-15,2955.85,3034.78,2950.43,2992.36,479000.0,2929.216,2897.373,2870.471,56.529,8.495,-2.96,11.455,2897.373,3061.103,2733.644
2026-05-18,2984.47,2988.41,2937.6,2965.72,386800.0,2945.494,2895.006,2870.366,54.466,12.355,0.103,12.252,2895.006,3052.956,2737.055
2026-05-19,3025.9,3111.74,3023.93,3040.7,516100.0,2976.374,2896.732,2872.864,59.002,21.219,4.326,16.893,2896.732,3060.449,2733.015
2026-05-20,3087.07,3106.8,2995.32,3045.63,409100.0,3000.052,2899.544,2879.655,59.289,28.316,9.124,19.192,2899.544,3071.676,2727.411
2026-05-21,3104.83,3149.23,3093.98,3117.66,341500.0,3032.414,2906.993,2884.758,63.33,39.299,15.159,24.14,2906.993,3102.965,2711.02
2026-05-22,3144.29,3144.29,3061.42,3061.42,280200.0,3046.226,2913.85,2888.726,58.451,42.97,20.721,22.249,2913.85,3121.611,2706.088
2026-05-25,3061.42,3077.21,3005.18,3061.42,290700.0,3065.366,2924.012,2895.494,58.451,45.356,25.648,19.708,2924.012,3140.026,2707.997
2026-05-26,3038.73,3075.23,2996.3,3068.33,277700.0,3070.892,2937.134,2899.698,58.902,47.26,29.971,17.29,2937.134,3154.814,2719.453
2026-05-27,3039.72,3075.23,3006.17,3007.16,349400.0,3063.198,2947.666,2902.882,53.377,43.334,32.643,10.691,2947.666,3156.92,2738.411
2026-05-28,2999.26,3004.2,2932.18,2973.61,436600.0,3034.388,2958.493,2908.077,50.575,37.087,33.532,3.555,2958.493,3147.666,2769.321
2026-05-29,2968.68,3022.94,2947.47,2947.47,549500.0,3011.598,2967.274,2912.14,48.441,29.686,32.763,-3.077,2967.274,3135.064,2799.485
2026-06-01,2924.78,2932.18,2860.65,2871.5,470100.0,2973.614,2962.07,2915.478,42.79,17.488,29.708,-12.22,2962.07,3135.148,2788.992
2026-06-02,2832.04,2885.81,2773.83,2873.97,307400.0,2934.742,2961.38,2918.497,43.023,7.929,25.352,-17.423,2961.38,3135.81,2786.949
2026-06-03,2893.2,2918.86,2841.41,2868.05,361700.0,2906.92,2964.413,2919.412,42.576,-0.123,20.257,-20.38,2964.413,3129.421,2799.406
2026-06-04,2858.67,2955.85,2817.73,2910.96,268500.0,2894.39,2964.586,2922.831,46.884,-3.007,15.604,-18.611,2964.586,3129.35,2799.822
2026-06-05,2959.8,2998.28,2930.7,2939.08,256900.0,2892.712,2969.938,2928.635,49.555,-2.989,11.886,-14.875,2969.938,3123.121,2816.755
2026-06-08,2892.71,2932.67,2860.15,2932.67,365700.0,2904.946,2972.355,2932.343,48.951,-3.452,8.818,-12.27,2972.355,3121.318,2823.392
2026-06-09,2948.95,3044.65,2940.07,3019.0,394000.0,2933.952,2978.99,2936.064,56.622,3.111,7.677,-4.566,2978.99,3123.571,2834.409
2026-06-10,3033.8,3100.88,3019.0,3027.88,373900.0,2965.918,2984.022,2940.582,57.332,8.926,7.927,0.999,2984.022,3128.023,2840.021
2026-06-11,3026.89,3038.73,2951.91,3009.13,261000.0,2985.552,2986.686,2944.163,55.274,11.884,8.718,3.166,2986.686,3130.464,2842.908
2026-06-12,3065.37,3089.04,3038.73,3057.47,462700.0,3009.23,2989.942,2950.29,59.328,17.923,10.559,7.364,2989.942,3137.168,2842.715
2026-06-15,3107.79,3172.91,3091.02,3110.75,335800.0,3044.846,2997.193,2957.887,63.278,26.7,13.787,12.913,2997.193,3153.408,2840.978
2026-06-16,3058.46,3100.88,2999.26,3078.19,311500.0,3056.684,2999.068,2958.834,59.476,30.675,17.165,13.51,2999.068,3158.35,2839.785
2026-06-17,3139.36,3182.77,3039.71,3044.65,335000.0,3060.038,2999.018,2960.274,55.76,30.764,19.885,10.88,2999.018,3158.242,2839.795
2026-06-18,3084.11,3123.58,3065.37,3099.9,237400.0,3078.192,2998.13,2963.382,60.175,34.891,22.886,12.005,2998.13,3154.744,2841.517
2026-06-19,3089.04,3108.78,2994.33,2996.3,830800.0,3065.958,2994.874,2964.092,50.083,29.462,24.201,5.261,2994.874,3148.63,2841.119
2026-06-22,2960.79,3067.34,2954.87,3055.5,249300.0,3054.908,2994.578,2965.868,54.752,29.596,25.28,4.315,2994.578,3147.816,2841.341
2026-06-23,3056.49,3086.09,3037.74,3039.71,251500.0,3047.212,2993.148,2965.473,53.32,28.103,25.845,2.258,2993.148,3144.002,2842.293
2026-06-24,3057.47,3079.18,2991.37,3007.16,228400.0,3039.714,2993.148,2965.099,50.392,24.017,25.479,-1.462,2993.148,3144.002,2842.293
2026-06-25,3048.59,3048.59,2997.29,3026.89,250100.0,3025.112,2995.812,2964.743,52.109,22.116,24.807,-2.691,2995.812,3147.094,2844.529
2026-06-26,3049.58,3064.38,3022.94,3048.59,266700.0,3035.57,3000.868,2965.079,53.994,22.106,24.266,-2.161,3000.868,3152.106,2849.629
2026-06-29,3083.13,3106.8,3025.9,3060.43,399900.0,3036.556,3010.314,2966.026,55.034,22.79,23.971,-1.181,3010.314,3150.745,2869.883
2026-06-30,3054.51,3085.1,3036.76,3037.74,323500.0,3036.162,3018.502,2966.657,52.581,21.256,23.428,-2.172,3018.502,3143.736,2893.269
2026-07-01,3036.76,3078.19,3030.84,3061.42,349200.0,3047.014,3028.171,2968.098,54.843,21.702,23.083,-1.381,3028.171,3132.632,2923.71
2026-07-02,3127.52,3153.17,3091.02,3125.55,409800.0,3066.746,3038.9,2971.235,60.36,26.919,23.85,3.069,3038.9,3136.53,2941.271
2026-07-03,3173.89,3193.62,3120.62,3181.79,330000.0,3093.386,3051.036,2976.385,64.46,35.186,26.117,9.069,3051.036,3156.45,2945.622
2026-07-06,3169.95,3196.58,3127.52,3196.58,360800.0,3120.616,3064.232,2983.153,65.472,42.442,29.382,13.06,3064.232,3173.268,2955.195
2026-07-07,3248.87,3273.54,3191.65,3191.65,443000.0,3151.398,3072.864,2990.868,64.809,47.25,32.956,14.294,3072.864,3193.539,2952.189
2026-07-08,3196.58,3269.59,3190.66,3251.83,329900.0,3189.48,3084.062,2999.975,68.939,55.279,37.421,17.859,3084.062,3226.72,2941.403
2026-07-09,3232.1,3232.1,3168.96,3201.52,260600.0,3204.674,3093.681,3008.864,62.352,56.927,41.322,15.605,3093.681,3240.937,2946.425
2026-07-10,3202.5,3251.83,3181.79,3191.65,308300.0,3206.646,3100.39,3017.26,61.118,56.781,44.414,12.368,3100.39,3252.834,2947.946
2026-07-13,3226.18,3267.62,3209.41,3221.25,237300.0,3211.58,3105.915,3022.173,63.453,58.382,47.207,11.174,3105.915,3267.666,2944.164
2026-07-14,3226.18,3256.77,3186.72,3246.9,208500.0,3222.63,3114.35,3029.356,65.394,61.016,49.969,11.047,3114.35,3287.228,2941.473
2026-07-15,3273.54,3311.03,3256.77,3311.03,306900.0,3234.47,3127.67,3039.429,69.721,67.501,53.475,14.025,3127.67,3318.092,2937.247
2026-07-16,3313.0,3324.84,3263.67,3275.51,175900.0,3249.268,3136.45,3046.789,64.882,68.979,56.576,12.402,3136.45,3337.385,2935.515
2026-07-17,3277.49,3294.26,3061.42,3080.17,425600.0,3226.972,3140.644,3051.751,45.979,53.768,56.014,-2.247,3140.644,3332.562,2948.725
2026-07-21,3127.52,3265.65,3106.8,3265.65,432900.0,3235.852,3151.151,3059.378,58.379,56.034,56.018,0.015,3151.151,3346.424,2955.878
2026-07-22,3295.24,3344.57,3262.69,3311.03,295000.0,3248.678,3164.717,3067.872,60.752,60.79,56.973,3.818,3164.717,3365.025,2964.409
2026-07-23,3297.22,3346.55,3295.24,3346.55,243900.0,3255.782,3181.686,3076.259,62.552,66.658,58.91,7.748,3181.686,3383.293,2980.08
2026-07-24,3322.87,3364.31,3288.34,3364.31,313300.0,3273.542,3198.558,3084.428,63.455,71.912,61.51,10.402,3198.558,3402.085,2995.03
2026-07-27,3355.43,3428.44,3341.61,3417.58,313100.0,3341.024,3217.007,3092.932,66.095,79.459,65.1,14.359,3217.007,3429.974,3004.04
2026-07-28,3377.13,3411.66,3306.1,3322.87,279900.0,3352.468,3230.129,3100.075,58.064,76.91,67.462,9.448,3230.129,3434.647,3025.611
2026-07-29,3296.23,3306.1,3183.76,3256.77,506000.0,3341.616,3241.08,3104.397,53.206,68.765,67.723,1.042,3241.08,3424.601,3057.56
2026-07-30,3176.85,3358.39,3143.31,3264.66,804600.0,3325.238,3251.242,3108.777,53.704,62.228,66.624,-4.395,3251.242,3414.236,3088.249
2026-07-31,3282.42,3348.52,3231.12,3278.47,439700.0,3308.07,3258.888,3111.993,54.614,57.5,64.799,-7.299,3258.888,3411.042,3106.735
2026-08-03,3255.78,3309.06,3151.2,3234.08,327000.0,3271.37,3261.503,3115.447,51.133,49.599,61.759,-12.16,3261.503,3409.827,3113.179
2026-08-04,3221.25,3249.86,3190.66,3218.29,307200.0,3250.454,3262.588,3118.584,49.915,41.584,57.724,-16.14,3262.588,3409.22,3115.957
2026-08-05,3226.18,3307.08,3206.45,3303.14,266800.0,3259.728,3268.163,3123.28,55.985,41.599,54.499,-12.9,3268.163,3411.888,3124.438
2026-08-06,3324.84,3399.82,3318.92,3351.48,312500.0,3277.092,3273.145,3130.167,59.032,44.993,52.598,-7.605,3273.145,3421.326,3124.965
2026-08-07,3338.65,3365.29,3309.06,3339.64,311900.0,3289.326,3280.052,3137.487,57.973,46.194,51.317,-5.122,3280.052,3427.046,3133.057
2026-08-10,3309.06,3330.76,3259.73,3272.55,241800.0,3297.02,3284.096,3143.989,52.256,41.258,49.305,-8.047,3284.096,3425.182,3143.011
2026-08-12,3338.65,3380.09,3309.06,3356.41,364100.0,3324.644,3290.854,3153.687,57.851,43.609,48.166,-4.556,3290.854,3432.213,3149.496
2026-08-13,3399.82,3493.55,3393.9,3487.63,354700.0,3361.542,3302.891,3165.96,64.803,55.423,49.617,5.805,3302.891,3467.564,3138.218
2026-08-14,3487.63,3532.03,3450.14,3470.86,330200.0,3385.418,3310.882,3178.016,63.364,62.709,52.236,10.473,3310.882,3491.919,3129.846
2026-08-17,3481.71,3510.32,3462.97,3482.7,204700.0,3414.03,3321.242,3189.451,63.972,68.647,55.518,13.129,3321.242,3516.879,3125.605
2026-08-18,3514.27,3561.63,3497.5,3497.5,224500.0,3459.02,3342.108,3200.62,64.76,73.698,59.154,14.544,3342.108,3517.454,3166.763
2026-08-19,3433.37,3440.27,3308.07,3334.71,322000.0,3454.68,3345.562,3208.66,51.444,63.829,60.089,3.74,3345.562,3517.249,3173.874
2026-08-20,3297.22,3342.6,3285.38,3322.87,227900.0,3421.728,3346.153,3214.738,50.628,54.425,58.956,-4.531,3346.153,3517.421,3174.886
2026-08-21,3311.03,3377.13,3300.18,3365.29,214700.0,3400.614,3347.09,3221.486,53.474,49.821,57.129,-7.308,3347.09,3518.572,3175.609
2026-08-24,3391.93,3391.93,3312.02,3336.68,178100.0,3371.41,3345.709,3228.037,51.325,43.364,54.376,-11.012,3345.709,3517.052,3174.366
2026-08-25,3348.52,3398.84,3345.56,3385.02,179600.0,3348.914,3344.081,3234.588,54.641,41.667,51.834,-10.167,3344.081,3513.152,3175.01
2026-08-26,3397.85,3456.06,3390.94,3431.4,201800.0,3368.252,3349.507,3241.001,57.624,43.563,50.18,-6.617,3349.507,3522.63,3176.385
2026-08-27,3472.83,3494.54,3424.49,3446.19,297000.0,3392.916,3358.978,3248.361,58.56,45.731,49.29,-3.559,3358.978,3531.464,3186.493
2026-08-28,3445.21,3521.18,3439.29,3502.43,282800.0,3420.344,3370.867,3257.517,61.997,51.395,49.711,1.684,3370.867,3548.674,3193.06
2026-08-31,3483.68,3546.83,3455.07,3526.11,407700.0,3458.23,3383.249,3266.041,63.374,57.136,51.196,5.94,3383.249,3568.307,3198.191
2026-09-01,3502.43,3545.84,3471.85,3518.22,272900.0,3484.87,3397.456,3276.479,62.561,60.353,53.028,7.326,3397.456,3577.864,3217.048
2026-09-02,3453.1,3510.32,3440.27,3475.79,393600.0,3493.748,3410.331,3284.885,58.231,58.802,54.182,4.619,3410.331,3572.76,3247.902
2026-09-03,3507.36,3545.84,3473.82,3503.42,376400.0,3505.194,3420.345,3294.159,60.165,59.12,55.17,3.95,3420.345,3579.613,3261.077
2026-09-04,3503.42,3521.18,3436.33,3486.64,393200.0,3502.036,3427.103,3303.749,58.397,57.357,55.607,1.75,3427.103,3585.535,3268.671
2026-09-07,3486.64,3510.32,3464.94,3489.6,200200.0,3494.734,3434.601,3313.003,58.628,55.558,55.598,-0.039,3434.601,3589.765,3279.437
2026-09-08,3431.4,3464.94,3390.94,3391.93,445600.0,3469.476,3440.57,3319.87,48.968,45.724,53.623,-7.898,3440.57,3577.613,3303.527
2026-09-09,3375.16,3422.52,3350.49,3360.36,354300.0,3446.39,3440.768,3325.868,46.312,34.98,49.894,-14.914,3440.768,3577.31,3304.225
2026-09-10,3373.19,3494.54,3373.19,3474.81,471600.0,3440.668,3440.126,3334.61,55.695,35.294,46.974,-11.68,3440.126,3575.861,3304.392
2026-09-11,3420.54,3501.44,3377.13,3460.99,503600.0,3435.538,3439.633,3342.601,54.457,34.035,44.387,-10.351,3439.633,3574.968,3304.298
2026-09-14,3502.43,3605.04,3468.89,3600.1,600300.0,3457.638,3445.503,3352.092,63.297,43.758,44.261,-0.503,3445.503,3597.822,3293.184
2026-09-15,3566.56,3606.02,3521.18,3541.89,317300.0,3487.63,3447.722,3359.294,58.206,46.233,44.655,1.578,3447.722,3604.461,3290.984
2026-09-16,3561.63,3617.86,3556.69,3562.61,243700.0,3528.08,3459.117,3366.615,59.456,49.299,45.584,3.715,3459.117,3614.392,3303.843
2026-09-17,3574.45,3637.59,3546.83,3582.34,236700.0,3549.586,3472.091,3374.429,60.663,52.713,47.01,5.703,3472.091,3622.723,3321.459
2026-09-18,3602.08,3622.8,3530.06,3603.06,664400.0,3578.0,3483.98,3381.453,61.944,56.439,48.896,7.544,3483.98,3636.638,3331.321
2026-09-24,3650.42,3658.31,3561.63,3603.06,483400.0,3578.592,3497.298,3389.484,61.944,58.716,50.86,7.856,3497.298,3642.127,3352.47
2026-09-25,3657.33,3743.16,3635.62,3743.16,632600.0,3618.846,3515.206,3400.514,69.685,71.007,54.889,16.118,3515.206,3687.533,3342.878
2026-09-28,3758.95,3780.65,3737.24,3755.0,513100.0,3657.324,3531.385,3411.189,70.236,80.771,60.066,20.706,3531.385,3729.43,3333.341
2026-09-29,3735.0,3750.0,3657.0,3680.0,560700.0,3676.856,3543.076,3419.851,62.488,81.519,64.356,17.162,3543.076,3747.448,3338.704
2026-09-30,3683.0,3815.0,3669.0,3791.0,507500.0,3714.444,3557.504,3429.451,68.097,90.03,69.491,20.539,3557.504,3788.77,3326.239
2026-10-01,3800.0,3805.0,3685.0,3740.0,466600.0,3741.832,3568.199,3438.74,63.406,91.603,73.913,17.69,3568.199,3812.752,3323.646
2026-10-02,3725.0,3783.0,3694.0,3711.0,388700.0,3735.4,3577.838,3451.357,60.839,89.479,77.027,12.453,3577.838,3829.199,3326.477
2026-10-05,3739.0,3754.0,3688.0,3753.0,250800.0,3735.0,3591.698,3461.104,63.165,90.146,79.65,10.495,3591.698,3849.846,3333.551
2026-10-06,3783.0,3868.0,3771.0,3857.0,369700.0,3770.4,3609.377,3472.023,68.2,97.937,83.308,14.629,3609.377,3889.559,3329.196
2026-10-07,3815.0,3873.0,3782.0,3806.0,137800.0,3773.4,3625.345,3481.212,63.608,98.856,86.417,12.439,3625.345,3912.392,3338.299
