Date,Open,High,Low,Close,Volume,SMA5,SMA20,SMA50,RSI,MACD,MACD_signal,MACD_hist,BB_mid,BB_upper,BB_lower
2021-10-04,303.23,305.75,301.55,305.75,1164700,,,,,0.0,0.0,0.0,,,
2021-10-05,304.91,309.11,301.55,303.23,1467400,,,,,-0.201,-0.04,-0.161,,,
2021-10-06,304.07,312.47,304.07,311.63,2747500,,,,,0.314,0.031,0.283,,,
2021-10-07,309.95,312.47,304.91,312.47,1627300,,,,,0.781,0.181,0.6,,,
2021-10-08,312.47,314.15,309.95,310.79,1476200,308.774,,,,1.004,0.345,0.658,,,
2021-10-11,314.15,317.51,313.31,315.83,1374000,310.79,,,,1.569,0.59,0.979,,,
2021-10-12,312.47,313.31,309.95,312.47,943500,312.638,,,,1.726,0.817,0.909,,,
2021-10-13,312.47,312.47,306.59,307.43,1217600,311.798,,,,1.427,0.939,0.488,,,
2021-10-14,303.23,305.75,299.87,304.91,1472600,310.286,,,,0.975,0.946,0.029,,,
2021-10-15,304.07,306.59,301.55,305.75,1078800,309.278,,,,0.678,0.893,-0.215,,,
2021-10-18,308.27,308.27,303.23,305.75,1055000,307.262,,,,0.437,0.801,-0.365,,,
2021-10-19,304.91,305.75,302.39,305.75,1009200,305.918,,,,0.243,0.69,-0.447,,,
2021-10-20,307.43,314.15,305.75,306.59,1489700,305.75,,,,0.155,0.583,-0.428,,,
2021-10-21,307.43,309.95,304.91,307.43,849100,306.254,,,,0.152,0.497,-0.345,,,
2021-10-22,303.23,306.59,301.55,304.91,934700,306.086,,,44.129,-0.053,0.387,-0.44,,,
2021-10-25,304.91,309.95,304.91,308.27,1237000,306.59,,,52.969,0.054,0.32,-0.266,,,
2021-10-26,306.59,307.43,303.23,303.23,1207100,306.086,,,42.186,-0.264,0.203,-0.467,,,
2021-10-27,303.23,304.07,299.87,299.87,1070200,304.742,,,36.807,-0.778,0.007,-0.785,,,
2021-10-28,296.51,296.51,292.31,294.83,4074200,302.222,,,30.52,-1.575,-0.309,-1.265,,,
2021-10-29,294.83,296.51,292.31,295.67,901300,300.374,306.128,,32.587,-2.113,-0.67,-1.443,306.128,316.704,295.552
2021-11-01,299.87,303.23,298.19,300.71,1288500,298.862,305.876,,43.455,-2.11,-0.958,-1.151,305.876,316.726,295.026
2021-11-02,300.71,304.07,299.03,300.71,730300,298.358,305.75,,43.455,-2.082,-1.183,-0.899,305.75,316.787,294.713
2021-11-04,304.07,304.07,299.87,302.39,965800,298.862,305.288,,46.772,-1.903,-1.327,-0.576,305.288,316.059,294.517
2021-11-05,298.19,298.19,293.99,297.35,1131100,299.366,304.532,,39.32,-2.143,-1.49,-0.653,304.532,315.303,293.761
2021-11-08,299.03,299.87,296.51,297.35,813500,299.702,303.86,,39.32,-2.307,-1.654,-0.653,303.86,314.664,293.056
2021-11-09,306.59,307.43,293.99,293.99,1750100,298.358,302.768,,35.007,-2.677,-1.858,-0.819,302.768,312.87,292.666
2021-11-10,295.67,297.35,291.47,291.47,1330400,296.51,301.718,,32.158,-3.138,-2.114,-1.023,301.718,311.938,291.498
2021-11-11,293.99,295.67,291.47,292.31,1135400,294.494,300.962,,34.084,-3.395,-2.37,-1.025,300.962,311.631,290.293
2021-11-12,292.31,295.67,292.31,295.67,1158500,294.158,300.5,,41.265,-3.291,-2.555,-0.736,300.5,311.249,289.751
2021-11-15,296.51,297.35,293.15,293.15,1483600,293.318,299.87,,37.928,-3.372,-2.718,-0.654,299.87,310.798,288.942
2021-11-16,295.67,296.51,293.15,293.99,1276900,293.318,299.282,,39.679,-3.331,-2.841,-0.49,299.282,310.144,288.42
2021-11-17,291.47,292.31,288.11,288.11,1776500,292.646,298.4,,32.72,-3.729,-3.018,-0.711,298.4,309.897,286.903
2021-11-18,288.95,289.79,284.75,287.27,1413100,291.638,297.434,,31.86,-4.066,-3.228,-0.838,297.434,309.275,285.593
2021-11-19,285.59,288.95,283.91,288.11,1653800,290.126,296.468,,33.735,-4.217,-3.426,-0.791,296.468,308.024,284.912
2021-11-22,283.91,285.59,281.39,284.75,1156800,288.446,295.46,,30.16,-4.555,-3.651,-0.903,295.46,307.425,283.495
2021-11-24,288.11,289.79,285.59,285.59,1277800,286.766,294.326,,32.097,-4.7,-3.861,-0.839,294.326,305.449,283.203
2021-11-25,284.75,289.79,284.75,288.11,795500,286.766,293.57,,37.682,-4.56,-4.001,-0.559,293.57,304.188,282.952
2021-11-26,284.75,287.27,283.91,286.43,1318000,286.598,292.898,,35.581,-4.532,-4.107,-0.425,292.898,303.539,282.257
2021-11-29,282.23,283.07,278.87,279.71,1768200,284.918,292.142,,28.69,-4.995,-4.285,-0.71,292.142,304.252,280.032
2021-11-30,279.71,284.75,277.19,278.03,3552900,283.574,291.26,,27.268,-5.434,-4.515,-0.92,291.26,304.776,277.744
2021-12-01,274.67,283.07,273.83,282.23,2283200,282.902,290.336,,35.83,-5.382,-4.688,-0.694,290.336,303.657,277.015
2021-12-02,276.35,283.07,275.51,279.71,2255600,281.222,289.286,,33.297,-5.48,-4.846,-0.634,289.286,302.474,276.098
2021-12-03,283.91,286.43,281.39,285.59,1507400,281.054,288.446,,43.358,-5.026,-4.882,-0.143,288.446,300.179,276.713
2021-12-06,285.59,287.27,283.07,285.59,1781700,282.23,287.858,,43.358,-4.612,-4.828,0.216,287.858,298.869,276.847
2021-12-07,285.59,290.63,283.91,289.79,1567200,284.582,287.48,,49.65,-3.901,-4.643,0.742,287.48,297.602,277.358
2021-12-08,288.11,291.47,287.27,288.11,1410100,285.758,287.186,,47.383,-3.433,-4.401,0.968,287.186,296.843,277.529
2021-12-09,287.27,290.63,286.43,287.27,1256400,287.27,286.976,,46.246,-3.095,-4.14,1.045,286.976,296.421,277.531
2021-12-10,289.79,291.47,288.11,288.95,1931100,287.942,286.808,,48.887,-2.66,-3.844,1.184,286.808,295.969,277.647
2021-12-13,289.79,290.63,285.59,286.43,1243200,288.11,286.346,,45.292,-2.49,-3.573,1.083,286.346,294.502,278.19
2021-12-14,286.43,288.95,285.59,288.11,1547000,287.774,286.094,296.191,48.036,-2.195,-3.297,1.103,286.094,293.654,278.534
2021-12-15,288.11,292.31,288.11,290.63,1060500,288.278,285.926,295.888,51.93,-1.737,-2.985,1.248,285.926,292.872,278.98
2021-12-16,290.63,295.67,288.95,293.99,2772300,289.622,286.22,295.704,56.601,-1.091,-2.606,1.515,286.22,294.003,278.437
2021-12-17,295.67,298.19,293.15,294.83,2246100,290.798,286.598,295.368,57.707,-0.505,-2.186,1.681,286.598,295.278,277.918
2021-12-20,293.15,293.15,285.59,286.43,2403600,290.798,286.514,294.847,45.277,-0.711,-1.891,1.18,286.514,295.165,277.863
2021-12-21,288.11,293.15,287.27,289.79,1582700,291.134,286.766,294.427,49.924,-0.595,-1.632,1.037,286.766,295.494,278.038
2021-12-22,289.79,291.47,288.11,288.95,829900,290.798,286.934,293.889,48.808,-0.565,-1.419,0.853,286.934,295.696,278.172
2021-12-23,289.79,290.63,288.11,288.95,694400,289.79,286.976,293.419,48.808,-0.535,-1.242,0.707,286.976,295.77,278.182
2021-12-24,288.11,290.63,287.27,288.11,781300,288.446,287.06,293.032,47.575,-0.573,-1.108,0.535,287.06,295.864,278.256
2021-12-27,288.11,290.63,287.27,289.79,889700,289.118,287.564,292.73,50.28,-0.462,-0.979,0.517,287.564,295.727,279.401
2021-12-28,290.63,294.83,288.95,293.15,1384600,289.79,288.32,292.478,55.254,-0.101,-0.803,0.702,288.32,295.507,281.133
2021-12-29,293.15,298.19,293.15,297.35,1097700,291.47,289.076,292.31,60.565,0.517,-0.539,1.057,289.076,296.732,281.42
2021-12-30,296.51,298.19,294.83,295.67,1247100,292.814,289.874,292.108,57.619,0.862,-0.259,1.121,289.874,296.701,283.047
2022-01-04,298.19,299.87,295.67,299.03,1598800,294.998,290.546,291.957,61.638,1.39,0.071,1.32,290.546,298.194,282.898
2022-01-05,302.39,302.39,298.19,299.87,2128700,297.014,291.26,291.806,62.593,1.856,0.428,1.428,291.26,299.596,282.924
2022-01-06,299.87,303.23,297.35,301.55,2466100,298.694,291.848,291.739,64.496,2.333,0.809,1.524,291.848,301.328,282.368
2022-01-07,303.23,311.63,302.39,310.79,1912300,301.382,292.982,291.789,72.72,3.417,1.331,2.087,292.982,305.514,280.45
2022-01-11,315.83,320.87,313.31,320.03,2150900,306.254,294.62,292.125,78.166,4.965,2.057,2.908,294.62,311.734,277.506
2022-01-12,320.87,323.39,318.35,318.35,1793000,310.118,296.09,292.495,75.225,5.987,2.843,3.144,296.09,315.979,276.201
2022-01-13,317.51,320.03,314.15,319.19,1968800,313.982,297.728,292.982,75.717,6.787,3.632,3.155,297.728,319.568,275.888
2022-01-14,318.35,320.03,313.31,316.67,2155400,317.006,299.156,293.402,71.153,7.135,4.332,2.802,299.156,322.057,276.255
2022-01-17,316.67,323.39,316.67,319.19,1472100,318.686,300.584,293.772,72.911,7.527,4.971,2.556,300.584,324.772,276.396
2022-01-18,321.71,326.75,313.31,314.99,3317100,317.678,301.634,294.057,65.721,7.414,5.46,1.954,301.634,326.432,276.836
2022-01-19,313.31,314.99,309.11,311.63,2607200,316.334,302.474,294.242,60.574,6.972,5.762,1.21,302.474,327.439,277.509
2022-01-20,311.63,316.67,308.27,308.27,3050800,314.15,303.566,294.46,55.863,6.279,5.866,0.413,303.566,327.464,279.668
2022-01-21,306.59,308.27,299.03,307.43,2079400,312.302,304.448,294.662,54.717,5.597,5.812,-0.215,304.448,327.493,281.403
2022-01-24,309.95,314.15,303.23,313.31,2790600,311.126,305.666,295.048,60.781,5.468,5.743,-0.275,305.666,327.819,283.513
2022-01-25,313.31,314.15,305.75,314.15,2487200,310.958,306.926,295.502,61.573,5.372,5.669,-0.297,306.926,327.912,285.94
2022-01-26,314.15,316.67,309.95,310.79,1706800,310.79,308.06,295.872,56.647,4.967,5.529,-0.561,308.06,327.128,288.992
2022-01-27,313.31,315.83,308.27,312.47,1835100,311.63,309.194,296.208,58.437,4.728,5.369,-0.641,309.194,326.282,292.106
2022-01-28,312.47,317.51,312.47,316.67,1707900,313.478,310.37,296.678,62.596,4.821,5.259,-0.438,310.37,325.983,294.757
2022-01-31,310.79,315.83,309.95,315.83,1619700,313.982,311.294,297.115,61.276,4.772,5.162,-0.389,311.294,325.812,296.776
2022-02-01,311.63,319.19,311.63,318.35,2121700,314.822,312.428,297.72,63.747,4.881,5.106,-0.225,312.428,325.251,299.605
2022-02-02,321.71,324.23,320.03,322.55,1626500,317.174,313.604,298.425,67.472,5.245,5.134,0.112,313.604,325.537,301.671
2022-02-03,323.39,328.43,323.39,325.91,1531200,319.862,314.906,299.181,70.117,5.739,5.255,0.484,314.906,326.194,303.618
2022-02-04,330.95,335.99,328.43,335.99,1780500,323.726,316.628,300.206,76.336,6.865,5.577,1.288,316.628,329.704,303.552
2022-02-07,335.15,341.87,333.47,339.35,2268900,328.43,318.056,301.281,77.98,7.936,6.049,1.888,318.056,334.301,301.811
2022-02-08,341.03,347.75,340.19,346.07,1672500,333.974,319.358,302.44,80.848,9.221,6.683,2.538,319.358,339.88,298.836
2022-02-09,346.07,352.79,343.55,348.59,2054600,339.182,320.87,303.684,81.804,10.324,7.411,2.913,320.87,345.185,296.555
2022-02-10,347.75,347.75,339.35,340.19,2195200,342.038,321.92,304.893,69.365,10.401,8.009,2.391,321.92,347.699,296.141
2022-02-14,336.83,345.23,336.83,342.71,1766300,343.382,323.222,306.187,70.799,10.543,8.516,2.027,323.222,350.473,295.971
2022-02-15,342.71,346.07,335.15,337.67,2446600,343.046,324.146,307.296,64.313,10.132,8.839,1.293,324.146,352.066,296.226
2022-02-16,339.35,346.07,339.35,345.23,1685700,342.878,325.658,308.606,68.914,10.298,9.131,1.167,325.658,354.742,296.574
2022-02-17,344.39,344.39,340.19,341.87,1505700,341.534,327.17,309.732,64.908,10.043,9.313,0.729,327.17,356.327,298.013
2022-02-18,338.51,340.19,334.31,335.99,2441900,340.694,328.556,310.74,58.501,9.259,9.302,-0.043,328.556,356.542,300.57
2022-02-21,333.47,335.99,332.63,334.31,1450200,339.014,329.9,311.63,56.776,8.405,9.123,-0.718,329.9,356.142,303.658
2022-02-22,330.11,333.47,329.27,331.79,1842100,337.838,330.824,312.504,54.195,7.44,8.786,-1.346,330.824,355.881,305.767
2022-02-24,331.79,332.63,326.75,330.95,1707000,334.982,331.664,313.377,53.325,6.532,8.335,-1.804,331.664,355.462,307.866
2022-02-25,325.07,325.91,311.63,316.67,2909600,329.942,331.958,313.932,41.211,4.607,7.59,-2.983,331.958,354.796,309.12
2022-02-28,316.67,323.39,316.67,321.71,2024400,327.086,332.42,314.637,45.884,3.448,6.761,-3.314,332.42,353.934,310.906
2022-03-01,320.87,322.55,317.51,319.19,1542900,324.062,332.546,315.259,44.001,2.3,5.869,-3.569,332.546,353.698,311.394
2022-03-02,312.47,316.67,307.43,308.27,2389100,319.358,332.168,315.612,36.928,0.503,4.796,-4.293,332.168,354.796,309.54
2022-03-03,314.15,318.35,313.31,314.99,1403000,316.166,332.0,316.032,43.0,-0.375,3.762,-4.136,332.0,355.105,308.895
2022-03-04,314.99,316.67,311.63,311.63,1416000,315.158,331.454,316.368,40.881,-1.326,2.744,-4.07,331.454,355.972,306.936
2022-03-07,307.43,309.95,304.07,308.27,1494100,312.47,330.572,316.804,38.82,-2.324,1.73,-4.055,330.572,357.115,304.029
2022-03-08,302.39,303.23,295.67,298.19,2512200,308.27,328.682,316.972,33.384,-3.884,0.608,-4.491,328.682,358.75,298.614
2022-03-09,295.67,301.55,294.83,296.51,3585800,305.918,326.54,317.124,32.566,-5.196,-0.553,-4.643,326.54,359.384,293.696
2022-03-10,303.23,309.11,301.55,307.43,1831000,304.406,324.608,317.493,42.444,-5.293,-1.501,-3.792,324.608,357.159,292.057
2022-03-11,304.91,311.63,304.91,309.11,1987200,303.902,322.634,317.913,43.808,-5.175,-2.236,-2.939,322.634,353.821,291.447
2022-03-14,313.31,316.67,309.11,312.47,1303700,304.742,321.248,318.367,46.536,-4.756,-2.74,-2.016,321.248,351.603,290.893
2022-03-15,317.51,317.51,314.15,316.67,2542100,308.438,319.946,318.837,49.816,-4.038,-2.999,-1.038,319.946,348.612,291.28
2022-03-16,312.47,312.47,305.75,307.43,1819000,310.622,318.434,319.039,43.494,-4.166,-3.233,-0.934,318.434,346.344,290.524
2022-03-17,309.11,310.79,305.75,308.27,2307600,310.79,316.586,319.291,44.187,-4.153,-3.417,-0.736,316.586,341.788,291.384
2022-03-18,308.27,309.95,304.91,306.59,2570800,310.286,314.822,319.442,43.049,-4.229,-3.579,-0.649,314.822,337.372,292.272
2022-03-22,309.95,313.31,309.95,312.47,3053700,310.286,313.646,319.694,48.088,-3.771,-3.617,-0.153,313.646,333.882,293.41
2022-03-23,316.67,320.87,313.31,320.03,2331500,310.958,312.932,320.064,53.754,-2.766,-3.447,0.681,312.932,330.989,294.875
2022-03-24,315.83,315.83,312.47,314.99,1503700,312.47,312.092,320.148,49.848,-2.349,-3.228,0.878,312.092,327.875,296.309
2022-03-25,315.83,318.35,312.47,315.83,2177900,313.982,311.336,320.064,50.494,-1.929,-2.968,1.039,311.336,324.556,298.116
2022-03-28,319.19,320.87,314.15,318.35,3017700,316.334,311.42,320.064,52.47,-1.377,-2.65,1.273,311.42,324.803,298.037
2022-03-29,314.99,317.51,312.47,314.15,3251500,316.67,311.042,319.963,48.961,-1.264,-2.373,1.109,311.042,323.603,298.481
2022-03-30,311.58,315.86,307.3,310.72,1833700,314.808,310.618,319.844,46.241,-1.434,-2.185,0.751,310.618,322.58,298.657
2022-03-31,306.44,309.01,303.02,303.02,1659600,312.414,310.356,319.52,40.766,-2.166,-2.181,0.015,310.356,322.757,297.955
2022-04-01,299.6,307.3,297.88,306.44,1648600,310.536,309.928,319.349,43.941,-2.441,-2.233,-0.208,309.928,322.246,297.611
2022-04-04,306.44,310.72,303.88,309.87,1316600,308.84,309.84,319.314,47.009,-2.356,-2.258,-0.098,309.84,322.132,297.549
2022-04-05,309.87,310.72,304.73,305.59,1318900,307.128,309.706,319.261,43.789,-2.603,-2.327,-0.277,309.706,322.128,297.285
2022-04-06,307.3,310.72,303.88,304.73,1184800,305.93,310.034,319.207,43.149,-2.836,-2.429,-0.408,310.034,321.485,298.582
2022-04-07,303.88,305.59,301.31,304.73,1117400,306.272,310.444,319.035,43.149,-2.986,-2.54,-0.446,310.444,320.336,300.553
2022-04-08,303.88,304.73,300.45,301.31,1068100,305.246,310.138,318.778,40.426,-3.343,-2.701,-0.642,310.138,320.773,299.504
2022-04-11,299.6,305.59,299.6,303.88,1449800,304.048,309.877,318.64,43.321,-3.379,-2.836,-0.543,309.877,320.869,298.885
2022-04-12,306.44,309.01,304.73,308.16,1301600,304.562,309.662,318.554,47.864,-3.027,-2.875,-0.153,309.662,320.609,298.714
2022-04-13,306.44,309.87,304.73,309.01,1469900,305.418,309.278,318.401,48.743,-2.649,-2.829,0.18,309.278,319.717,298.84
2022-04-14,306.44,310.72,305.59,308.16,1112800,306.104,309.315,318.247,47.874,-2.391,-2.742,0.351,309.315,319.732,298.898
2022-04-15,309.87,312.44,309.01,310.72,929600,307.986,309.438,318.095,50.724,-1.957,-2.585,0.628,309.438,319.86,299.015
2022-04-18,308.16,313.29,307.3,312.44,1113200,309.698,309.73,317.892,52.599,-1.458,-2.359,0.902,309.73,320.145,299.315
2022-04-19,317.57,319.28,314.15,317.57,1595900,311.58,309.985,317.726,57.761,-0.641,-2.016,1.375,309.985,320.919,299.051
2022-04-20,318.43,327.84,318.43,323.56,3113700,314.49,310.162,317.477,62.848,0.485,-1.516,2.0,310.162,321.865,298.458
2022-04-21,326.99,329.56,319.28,321.85,1538800,317.228,310.504,317.127,60.604,1.225,-0.968,2.192,310.504,323.167,297.842
2022-04-22,321.0,323.56,318.43,322.71,1569900,319.626,310.848,316.66,61.352,1.859,-0.402,2.261,310.848,324.458,297.239
2022-04-25,316.72,317.57,313.29,315.0,980900,320.138,310.681,315.988,51.853,1.719,0.022,1.697,310.681,323.981,297.381
2022-04-26,312.44,315.0,309.01,309.87,1231300,318.598,310.467,315.382,46.675,1.181,0.254,0.928,310.467,323.669,297.265
2022-04-27,307.3,308.16,299.6,299.6,3116800,313.806,309.911,314.519,38.407,-0.073,0.189,-0.261,309.911,323.977,295.845
2022-04-28,303.88,320.14,302.16,319.28,2358300,313.292,310.724,314.152,54.896,0.515,0.254,0.261,310.724,324.991,296.457
2022-05-02,314.15,317.57,312.44,314.15,1317700,311.58,311.109,313.53,51.059,0.561,0.315,0.246,311.109,325.305,296.914
2022-05-06,321.0,325.28,320.14,323.56,1429000,313.292,311.794,313.164,56.997,1.341,0.52,0.821,311.794,327.021,296.567
2022-05-09,323.56,323.56,320.14,321.0,865400,315.518,312.564,312.864,55.04,1.733,0.763,0.97,312.564,328.027,297.102
2022-05-10,318.43,321.0,315.0,319.28,1107000,319.454,313.292,312.563,53.706,1.883,0.987,0.896,313.292,328.571,298.013
2022-05-11,312.44,312.44,306.44,306.44,1400300,316.886,313.378,312.056,44.949,0.954,0.98,-0.026,313.378,328.473,298.282
2022-05-12,310.72,314.15,305.59,305.59,1598900,315.174,313.592,311.549,44.432,0.148,0.814,-0.666,313.592,328.075,299.108
2022-05-13,300.45,311.58,300.45,310.72,2045200,312.606,313.934,311.43,48.294,-0.076,0.636,-0.712,313.934,327.76,300.107
2022-05-16,305.59,308.16,297.88,301.31,2892800,308.668,313.591,311.022,42.464,-1.001,0.309,-1.31,313.591,328.329,298.853
2022-05-17,299.6,302.16,297.88,297.03,1773000,304.218,312.992,310.579,40.094,-2.056,-0.164,-1.892,312.992,329.394,296.59
2022-05-18,301.31,302.16,297.88,300.45,1816900,303.02,312.606,310.423,42.84,-2.586,-0.649,-1.937,312.606,329.828,295.385
2022-05-19,295.32,299.6,294.46,298.74,1360500,301.65,312.008,310.098,41.808,-3.108,-1.141,-1.968,312.008,330.305,293.71
2022-05-20,297.03,298.74,293.6,295.32,2110500,298.57,311.152,309.771,39.746,-3.755,-1.663,-2.092,311.152,330.908,291.395
2022-05-23,297.88,301.31,297.03,299.6,1778300,298.228,310.253,309.598,43.501,-3.878,-2.106,-1.771,310.253,330.411,290.095
2022-05-24,301.31,301.31,297.03,297.03,1259100,298.228,308.927,309.575,41.816,-4.134,-2.512,-1.622,308.927,328.888,288.965
2022-05-25,297.88,299.6,295.32,296.17,1659300,297.372,307.643,309.568,41.24,-4.357,-2.881,-1.476,307.643,327.406,287.879
2022-05-26,297.88,302.16,297.88,299.6,1398100,297.544,306.487,309.411,44.521,-4.208,-3.146,-1.062,306.487,325.217,287.757
2022-05-27,301.31,303.88,298.74,301.31,1253900,298.742,305.802,309.255,46.136,-3.907,-3.298,-0.609,305.802,324.221,287.384
2022-05-30,301.31,305.59,300.45,303.02,2684200,299.426,305.46,309.066,47.774,-3.49,-3.337,-0.154,305.46,323.814,287.106
2022-05-31,303.02,305.59,299.6,299.6,2119900,299.94,305.46,308.725,44.838,-3.397,-3.349,-0.048,305.46,323.814,287.106
2022-06-01,302.16,309.01,302.16,308.16,1734200,302.338,304.904,308.74,52.676,-2.602,-3.2,0.597,304.904,322.135,287.673
2022-06-02,304.73,309.87,304.73,308.16,1539800,304.05,304.605,308.737,52.676,-1.95,-2.95,1.0,304.605,321.36,287.849
2022-06-03,309.01,309.01,305.59,308.16,1233200,305.42,303.834,308.769,52.676,-1.416,-2.643,1.226,303.834,318.162,289.507
2022-06-06,308.16,310.72,306.44,307.3,1190500,306.276,303.15,308.665,51.753,-1.051,-2.325,1.274,303.15,315.141,291.158
2022-06-07,310.72,315.86,309.87,315.0,2228900,309.356,302.936,308.565,58.725,-0.139,-1.887,1.749,302.936,313.816,292.055
2022-06-08,317.57,321.0,316.72,320.14,2100600,311.752,303.62,308.668,62.609,0.988,-1.312,2.3,303.62,316.893,290.348
2022-06-09,321.0,326.99,318.43,324.42,2179000,315.004,304.562,308.84,65.518,2.201,-0.61,2.81,304.562,320.769,288.355
2022-06-10,326.13,327.84,322.71,322.71,1951000,317.914,305.162,308.927,63.396,2.989,0.11,2.879,305.162,323.12,287.203
2022-06-13,321.0,327.84,319.28,326.13,1914300,321.68,306.403,309.166,65.783,3.846,0.857,2.989,306.403,326.539,286.266
2022-06-14,326.13,326.99,323.56,324.42,1375200,323.564,307.772,309.44,63.551,4.337,1.553,2.784,307.772,328.924,286.62
2022-06-15,324.42,326.13,319.28,319.28,1224500,323.392,308.714,309.766,57.262,4.262,2.095,2.167,308.714,330.168,287.259
2022-06-16,317.57,326.13,317.57,324.42,1350100,323.392,309.998,310.125,61.378,4.565,2.589,1.976,309.998,332.005,287.99
2022-06-17,321.0,323.56,315.86,317.57,1738500,322.364,311.11,310.279,53.924,4.204,2.912,1.292,311.11,332.225,289.995
2022-06-20,317.57,322.71,315.86,318.43,1182600,320.824,312.052,310.536,54.669,3.942,3.118,0.824,312.052,332.679,291.424
2022-06-21,320.14,325.28,320.14,323.56,1090300,320.652,313.378,310.913,58.931,4.1,3.314,0.786,313.378,333.34,293.416
2022-06-22,325.28,326.99,322.71,324.42,1347100,321.68,314.79,311.306,59.616,4.247,3.501,0.746,314.79,333.59,295.991
2022-06-23,322.71,326.99,322.71,324.42,835900,321.68,316.032,311.769,59.616,4.313,3.663,0.65,316.032,333.86,298.203
2022-06-24,319.28,322.71,318.43,319.28,953900,322.022,316.93,312.077,53.434,3.906,3.712,0.194,316.93,333.394,300.466
2022-06-27,321.85,324.42,318.43,321.0,920600,322.536,317.829,312.333,55.112,3.679,3.705,-0.026,317.829,333.008,302.65
2022-06-28,322.71,326.13,321.85,325.28,1476600,322.88,319.113,312.659,59.063,3.801,3.724,0.077,319.113,331.966,306.26
2022-06-29,326.13,328.7,324.42,324.42,2738800,322.88,319.926,312.984,57.959,3.785,3.737,0.049,319.926,331.888,307.964
2022-06-30,322.71,328.7,321.0,327.84,1708100,323.564,320.91,313.326,61.075,4.002,3.79,0.212,320.91,332.003,309.817
2022-07-01,326.99,329.56,322.71,323.56,1364000,324.42,321.68,313.549,55.528,3.785,3.789,-0.004,321.68,331.051,312.309
2022-07-04,327.84,328.7,324.42,327.84,1169700,325.788,322.707,313.754,59.491,3.913,3.814,0.1,322.707,329.623,315.791
2022-07-05,328.7,329.56,325.28,328.7,1571300,326.472,323.392,313.857,60.257,4.038,3.858,0.179,323.392,329.788,316.996
2022-07-06,324.42,327.84,316.72,317.57,2097600,325.102,323.263,313.771,47.685,3.201,3.727,-0.526,323.263,330.027,316.5
2022-07-07,322.71,324.42,316.72,320.14,1297500,323.562,323.049,313.72,50.266,2.715,3.525,-0.81,323.049,329.929,316.17
2022-07-08,322.71,324.42,318.43,321.85,1531200,323.22,323.006,313.857,51.963,2.439,3.307,-0.869,323.006,329.905,316.108
2022-07-11,326.99,331.27,324.42,330.41,1510500,323.734,323.22,314.268,59.429,2.878,3.221,-0.344,323.22,330.763,315.678
2022-07-12,326.99,327.84,322.71,324.42,1018200,322.878,323.22,314.764,53.198,2.711,3.119,-0.408,323.22,330.763,315.678
2022-07-13,326.13,326.13,322.71,324.42,926600,324.248,323.478,314.867,53.198,2.549,3.005,-0.456,323.478,330.802,316.153
2022-07-14,321.85,322.71,319.28,321.0,750900,324.42,323.306,315.004,49.745,2.121,2.828,-0.708,323.306,330.697,315.916
2022-07-15,319.28,319.28,310.72,310.72,1254500,322.194,322.964,314.747,41.107,0.941,2.451,-1.51,322.964,331.939,313.989
2022-07-19,315.0,318.43,314.15,318.43,1346000,319.798,322.964,314.696,48.351,0.621,2.085,-1.464,322.964,331.939,313.989
2022-07-20,321.85,321.85,317.57,320.14,1138200,318.942,322.793,314.713,49.825,0.5,1.768,-1.268,322.793,331.85,313.736
2022-07-21,318.43,322.71,317.57,321.85,1146100,318.428,322.664,315.021,51.321,0.535,1.521,-0.986,322.664,331.698,313.631
2022-07-22,321.0,322.71,319.28,321.0,1027200,318.428,322.494,315.329,50.515,0.489,1.315,-0.826,322.494,331.516,313.471
2022-07-25,322.71,325.28,321.85,324.42,884700,321.168,322.75,315.603,53.669,0.72,1.196,-0.476,322.75,331.68,313.821
2022-07-26,326.13,330.41,325.28,326.99,1361200,322.88,323.05,316.117,55.942,1.098,1.176,-0.078,323.05,332.133,313.967
2022-07-27,327.84,330.41,326.99,328.7,734700,324.592,323.221,316.75,57.438,1.518,1.245,0.273,323.221,332.604,313.838
2022-07-28,327.84,328.7,323.56,326.99,1079300,325.62,323.35,317.281,55.411,1.693,1.334,0.359,323.35,332.871,313.828
2022-07-29,326.13,329.56,325.28,326.13,878100,326.646,323.264,317.829,54.373,1.743,1.416,0.327,323.264,332.646,313.882
2022-08-01,329.56,331.27,326.13,330.41,1524700,327.844,323.606,318.531,58.539,2.103,1.554,0.55,323.606,333.519,313.694
2022-08-02,328.7,329.56,321.0,322.71,1062900,326.988,323.35,318.993,49.74,1.747,1.592,0.155,323.35,333.065,313.635
2022-08-03,326.13,326.13,318.43,320.14,1095900,325.276,322.922,319.455,47.19,1.244,1.523,-0.279,322.922,332.396,313.448
2022-08-04,322.71,322.71,317.57,319.28,713200,323.734,323.008,319.917,46.334,0.766,1.371,-0.605,323.008,332.307,313.708
2022-08-05,316.72,321.0,315.86,318.43,1214300,322.194,322.922,320.294,45.456,0.315,1.16,-0.845,322.922,332.363,313.481
2022-08-08,321.0,322.71,319.28,321.0,868000,320.312,322.88,320.688,48.625,0.164,0.961,-0.797,322.88,332.348,313.411
2022-08-09,321.85,322.71,315.86,315.86,913000,318.942,322.152,320.945,43.218,-0.367,0.695,-1.062,322.152,331.418,312.886
2022-08-10,315.0,317.57,313.29,315.86,1331400,318.086,321.724,321.27,43.218,-0.778,0.401,-1.179,321.724,331.334,312.114
2022-08-12,319.28,325.28,317.57,321.0,1212100,318.43,321.553,321.527,49.704,-0.682,0.184,-0.866,321.553,331.082,312.024
2022-08-15,319.28,321.0,318.43,318.43,694100,318.43,321.424,321.732,46.824,-0.804,-0.014,-0.79,321.424,331.054,311.795
2022-08-16,319.28,320.14,318.43,319.28,517800,318.086,321.852,321.954,47.899,-0.822,-0.175,-0.647,321.852,330.147,313.558
2022-08-17,321.85,326.13,321.0,322.71,1202600,319.456,322.066,322.263,52.108,-0.554,-0.251,-0.303,322.066,330.208,313.925
2022-08-18,324.42,324.42,319.28,320.14,735900,320.312,322.066,322.365,48.919,-0.542,-0.309,-0.233,322.066,330.208,313.925
2022-08-19,321.0,322.71,318.43,320.14,877700,320.14,321.981,322.365,48.919,-0.526,-0.353,-0.174,321.981,330.168,313.794
2022-08-22,318.43,325.28,318.43,323.56,1108800,321.166,322.109,322.348,53.327,-0.236,-0.329,0.094,322.109,330.312,313.906
2022-08-23,324.42,324.42,321.0,321.0,1405600,321.51,321.938,322.314,49.859,-0.209,-0.305,0.096,321.938,330.08,313.796
2022-08-24,325.28,332.98,323.56,331.27,2446200,323.222,322.152,322.417,60.857,0.633,-0.118,0.751,322.152,331.044,313.26
2022-08-25,332.12,346.68,332.12,342.4,2498600,327.674,322.837,322.776,68.836,2.174,0.341,1.833,322.837,335.262,310.412
2022-08-26,343.25,344.96,338.97,339.83,1198800,331.612,323.479,323.187,65.515,3.151,0.903,2.248,323.479,337.963,308.995
2022-08-29,337.26,338.97,334.69,337.26,1132000,334.352,324.036,323.444,62.279,3.675,1.457,2.218,324.036,339.752,308.319
2022-08-30,340.68,341.54,338.97,340.68,952700,338.288,324.549,323.906,64.773,4.318,2.029,2.288,324.549,341.744,307.354
2022-08-31,335.55,339.83,332.12,332.98,1875400,338.63,325.062,324.197,55.826,4.157,2.455,1.702,325.062,342.635,307.49
2022-09-01,329.56,330.41,324.42,326.99,1903500,335.548,325.405,324.266,50.036,3.506,2.665,0.841,325.405,342.84,307.97
2022-09-02,327.84,330.41,325.28,327.84,1211700,333.15,325.833,324.334,50.816,3.024,2.737,0.287,325.833,343.054,308.612
2022-09-05,326.13,327.84,323.56,324.42,950500,330.582,326.133,324.334,47.598,2.339,2.657,-0.318,326.133,343.017,309.248
2022-09-06,327.84,328.7,325.28,327.84,653900,328.014,326.475,324.506,50.943,2.048,2.536,-0.487,326.475,343.197,309.752
2022-09-07,326.13,327.84,321.0,322.71,1073200,325.96,326.817,324.54,46.181,1.388,2.306,-0.918,326.817,342.892,310.742
2022-09-08,326.13,330.41,325.28,329.56,1728900,326.474,327.502,324.625,52.558,1.402,2.125,-0.724,327.502,342.758,312.246
2022-09-09,328.7,333.84,328.7,332.98,1429800,327.502,328.101,324.797,55.4,1.669,2.034,-0.365,328.101,343.222,312.98
2022-09-12,335.55,335.55,332.98,335.55,1052300,329.728,328.957,324.951,57.462,2.064,2.04,0.024,328.957,343.707,314.207
2022-09-13,334.69,340.68,334.69,338.12,1122200,331.784,329.899,325.242,59.48,2.556,2.143,0.413,329.899,344.452,315.346
2022-09-14,336.4,340.68,335.55,339.83,1399400,335.208,330.755,325.482,60.811,3.048,2.324,0.724,330.755,345.54,315.97
2022-09-15,338.97,341.54,336.4,338.12,991200,336.92,331.654,325.67,58.733,3.262,2.512,0.751,331.654,345.898,317.41
2022-09-16,340.68,345.82,340.68,345.82,1544100,339.488,332.938,326.235,64.601,4.008,2.811,1.197,332.938,347.439,318.437
2022-09-20,350.96,354.38,349.24,350.96,1312700,342.57,334.308,326.852,67.884,4.956,3.24,1.716,334.308,350.19,318.426
2022-09-21,347.53,351.81,344.96,348.39,1340800,344.624,335.678,327.382,64.655,5.437,3.679,1.758,335.678,351.451,319.904
2022-09-22,345.82,347.53,343.25,344.11,757900,345.48,336.32,327.656,59.573,5.411,4.026,1.385,336.32,352.38,320.259
2022-09-26,338.12,340.68,334.69,336.4,1639000,345.136,336.02,327.896,51.691,4.713,4.163,0.55,336.02,351.824,320.215
2022-09-27,334.69,340.68,334.69,338.12,1278300,343.596,335.934,328.17,53.179,4.251,4.181,0.07,335.934,351.67,320.198
2022-09-28,333.84,338.12,332.98,338.12,1052500,341.028,335.977,328.512,53.179,3.84,4.112,-0.273,335.977,351.733,320.221
2022-09-29,345.1,346.85,338.12,343.36,1134700,340.022,336.111,329.165,57.776,3.892,4.068,-0.176,336.111,352.08,320.142
2022-09-30,345.98,347.73,340.74,342.48,1072900,339.696,336.586,329.646,56.768,3.818,4.018,-0.2,336.586,352.727,320.445
2022-10-03,338.99,341.61,332.87,334.62,1111600,339.34,336.968,329.936,48.611,3.09,3.833,-0.743,336.968,352.503,321.432
2022-10-04,339.86,345.98,339.86,343.36,1117300,340.388,337.744,330.366,56.155,3.181,3.702,-0.521,337.744,352.905,322.582
2022-10-05,343.36,346.85,340.74,342.48,1079500,341.26,338.646,330.796,55.275,3.147,3.591,-0.445,338.646,352.567,324.726
2022-10-06,341.61,346.85,341.61,344.23,806400,341.434,339.466,331.192,56.727,3.223,3.518,-0.295,339.466,352.616,326.316
2022-10-07,340.74,345.98,339.86,343.36,758600,341.61,340.499,331.519,55.758,3.177,3.449,-0.273,340.499,351.107,329.89
2022-10-11,349.47,351.22,345.1,347.73,1341500,344.232,341.407,331.9,59.501,3.453,3.45,0.003,341.407,351.147,331.667
2022-10-12,349.47,352.09,345.98,348.6,981500,345.28,342.188,332.332,60.222,3.7,3.5,0.199,342.188,351.582,332.794
2022-10-13,346.85,351.22,346.85,349.47,669900,346.678,342.884,332.799,60.971,3.92,3.584,0.336,342.884,352.27,333.498
2022-10-14,356.46,358.21,352.97,354.72,1131000,348.776,343.714,333.285,65.225,4.467,3.761,0.706,343.714,354.198,333.23
2022-10-17,353.84,358.21,348.6,349.47,637200,349.998,344.196,333.82,58.373,4.425,3.893,0.532,344.196,354.813,333.579
2022-10-18,352.09,352.97,348.6,351.22,571700,350.696,344.851,334.442,59.886,4.482,4.011,0.471,344.851,355.506,334.196
2022-10-19,352.09,354.72,351.22,354.72,465800,351.92,345.296,335.151,62.798,4.755,4.16,0.595,345.296,356.829,333.763
2022-10-20,352.09,355.59,352.09,354.72,550400,352.97,345.484,335.876,62.798,4.914,4.311,0.603,345.484,357.518,333.45
2022-10-21,352.09,355.59,349.47,353.84,691000,352.794,345.756,336.533,61.496,4.913,4.431,0.482,345.756,358.303,333.21
2022-10-24,358.21,359.08,353.84,357.34,845100,354.368,346.418,337.363,64.636,5.135,4.572,0.563,346.418,359.955,332.881
2022-10-25,358.21,360.83,354.72,357.34,986500,355.592,347.465,338.192,64.636,5.25,4.708,0.543,347.465,360.979,333.951
2022-10-26,358.21,365.2,358.21,363.45,1116100,357.338,348.732,339.041,69.647,5.769,4.92,0.849,348.732,363.267,334.196
2022-10-27,359.96,360.83,349.47,349.47,1307300,356.288,349.299,339.662,51.623,4.994,4.935,0.059,349.299,362.949,335.649
2022-10-28,351.22,354.72,348.6,348.6,2894300,355.24,349.561,340.249,50.742,4.26,4.8,-0.54,349.561,362.929,336.193
2022-10-31,351.22,355.59,350.35,353.84,855700,354.54,350.129,340.871,55.647,4.055,4.651,-0.596,350.129,363.193,337.065
2022-11-01,353.84,355.59,347.73,349.47,756600,352.966,350.872,341.458,51.079,3.499,4.42,-0.921,350.872,361.725,340.018
2022-11-02,347.73,352.09,346.85,351.22,1139000,350.52,351.264,342.079,52.752,3.164,4.169,-1.005,351.264,361.525,341.004
2022-11-04,346.85,353.84,346.85,351.22,1063300,350.87,351.702,342.633,52.752,2.865,3.908,-1.044,351.702,361.095,342.308
2022-11-07,352.09,352.97,347.73,348.6,1305500,350.87,351.92,343.185,49.796,2.389,3.604,-1.216,351.92,360.769,343.071
2022-11-08,351.22,353.84,348.6,351.22,806900,350.346,352.313,343.584,52.653,2.198,3.323,-1.125,352.313,360.208,344.418
2022-11-09,353.84,354.72,351.22,353.84,530000,351.22,352.618,343.812,55.388,2.232,3.105,-0.873,352.618,360.235,345.002
2022-11-10,353.84,364.33,351.22,362.58,1687500,353.492,353.318,344.267,63.053,2.931,3.07,-0.139,353.318,361.887,344.748
2022-11-11,361.7,363.45,356.46,360.83,1221900,355.414,353.886,344.739,60.8,3.305,3.117,0.188,353.886,362.877,344.894
2022-11-14,354.72,357.34,352.09,352.97,1154000,356.288,353.798,344.985,51.842,2.934,3.08,-0.147,353.798,362.79,344.806
2022-11-15,355.59,362.58,355.59,360.83,730400,358.21,354.366,345.542,58.437,3.236,3.111,0.125,354.366,363.637,345.095
2022-11-16,358.21,360.83,352.97,360.83,1230800,359.608,354.846,346.218,58.437,3.436,3.176,0.26,354.846,364.422,345.271
2022-11-17,360.83,364.33,359.08,364.33,884900,359.958,355.327,346.948,61.182,3.833,3.308,0.525,355.327,365.799,344.855
2022-11-18,366.07,369.57,362.58,362.58,1223300,360.308,355.72,347.711,59.081,3.961,3.438,0.523,355.72,366.675,344.765
2022-11-21,366.95,369.57,366.07,369.57,1039000,363.628,356.506,348.546,64.348,4.573,3.665,0.908,356.506,369.038,343.975
2022-11-22,371.32,377.43,370.44,376.56,1227800,366.774,357.468,349.623,68.689,5.559,4.044,1.515,357.468,372.884,342.051
2022-11-24,380.93,388.79,380.93,385.29,1339200,371.666,358.865,350.738,73.095,6.964,4.628,2.336,358.865,378.674,339.056
2022-11-25,385.29,395.78,383.55,395.78,1683500,377.956,360.482,351.994,77.239,8.822,5.467,3.355,360.482,386.247,334.716
2022-11-28,401.89,404.52,393.16,394.9,2105000,384.42,362.753,353.181,76.179,10.107,6.395,3.712,362.753,392.181,333.325
2022-11-29,394.9,401.02,391.41,398.4,1742800,390.186,365.243,354.386,77.501,11.278,7.372,3.907,365.243,397.881,332.605
2022-11-30,400.15,401.89,391.41,394.03,2409000,393.68,367.252,355.47,72.117,11.719,8.241,3.478,367.252,401.826,332.679
2022-12-01,389.66,390.54,380.93,381.8,1644600,392.982,368.869,356.344,59.632,10.954,8.784,2.171,368.869,402.962,334.776
2022-12-02,379.18,379.18,368.69,374.81,2076100,388.788,370.048,356.924,53.889,9.673,8.962,0.712,370.048,403.189,336.908
2022-12-05,371.32,372.19,365.2,368.69,1631900,383.546,370.922,357.278,49.403,8.071,8.783,-0.713,370.922,402.873,338.971
2022-12-06,367.82,372.19,367.82,370.44,1313100,377.954,372.014,357.719,50.668,6.863,8.399,-1.536,372.014,402.196,341.832
2022-12-07,369.57,379.18,367.82,375.68,1473700,374.284,373.237,358.351,54.347,6.257,7.971,-1.714,373.237,401.811,344.663
2022-12-08,374.81,375.68,366.07,373.06,1455700,372.536,374.198,359.084,52.249,5.501,7.477,-1.976,374.198,401.279,347.117
2022-12-09,370.44,376.56,370.44,373.06,1085600,372.186,374.722,359.783,52.249,4.847,6.951,-2.104,374.722,401.257,348.187
2022-12-12,375.68,378.3,373.94,373.94,1195500,373.236,375.378,360.499,52.956,4.349,6.431,-2.082,375.378,401.103,349.652
2022-12-13,378.3,380.05,375.68,378.3,1316200,374.808,376.644,361.198,56.403,4.257,5.996,-1.739,376.644,400.12,353.168
2022-12-14,374.81,379.18,373.94,376.56,1153500,374.984,377.43,361.879,54.681,3.998,5.596,-1.598,377.43,399.699,355.162
2022-12-15,378.3,382.67,376.56,380.05,776800,376.382,378.392,362.788,57.485,4.028,5.283,-1.255,378.392,399.258,357.525
2022-12-16,383.55,392.28,381.8,387.04,2885700,379.178,379.527,363.662,62.49,4.563,5.139,-0.576,379.527,399.629,359.425
2022-12-19,384.42,394.03,384.42,392.28,1760600,382.846,381.012,364.658,65.745,5.348,5.181,0.167,381.012,400.211,361.813
2022-12-20,395.78,418.49,394.9,415.87,3926300,390.36,383.327,366.09,75.89,7.784,5.701,2.083,383.327,407.291,359.363
2022-12-21,422.86,435.09,419.37,422.86,4136100,399.62,385.642,367.68,77.972,10.161,6.593,3.568,385.642,415.156,356.128
2022-12-22,422.86,427.23,415.0,427.23,1784000,409.056,387.739,369.27,79.182,12.257,7.726,4.531,387.739,422.62,352.858
2022-12-23,426.36,436.84,423.74,435.97,1591700,418.842,389.748,371.018,81.385,14.456,9.072,5.384,389.748,430.685,348.812
2022-12-26,436.84,436.84,428.98,433.35,828300,427.056,391.671,372.695,78.697,15.806,10.419,5.387,391.671,437.002,346.34
2022-12-27,434.22,444.7,432.47,443.83,1206100,432.648,393.942,374.478,81.35,17.519,11.839,5.68,393.942,444.897,342.988
2022-12-28,447.33,450.82,442.08,448.2,1571700,437.716,396.651,376.452,82.338,19.01,13.273,5.737,396.651,453.089,340.213
2022-12-29,445.58,446.45,436.84,440.34,1062700,440.338,399.578,378.235,74.676,19.334,14.485,4.849,399.578,458.777,340.379
2022-12-30,439.46,443.83,434.22,440.34,977300,441.212,402.855,379.947,74.676,19.368,15.462,3.907,402.855,463.518,342.191
2023-01-04,444.7,448.2,434.22,447.33,1378100,444.008,406.787,381.799,76.894,19.732,16.316,3.416,406.787,468.314,345.259
2023-01-05,442.08,445.58,435.09,440.34,1539400,443.31,410.281,383.529,70.267,19.234,16.9,2.335,410.281,471.052,349.511
2023-01-06,440.34,442.96,430.73,434.22,1923600,440.514,413.208,385.067,64.986,18.137,17.147,0.99,413.208,472.585,353.832
2023-01-10,428.98,432.47,422.86,426.36,1274900,437.718,415.874,386.447,58.867,16.443,17.006,-0.563,415.874,472.378,359.369
2023-01-11,427.23,430.73,424.61,429.85,1039900,435.62,418.713,387.775,60.639,15.208,16.647,-1.439,418.713,471.761,365.665
2023-01-12,423.74,440.34,422.86,436.84,3048400,433.522,421.858,389.523,63.986,14.624,16.242,-1.618,421.858,471.047,372.669
2023-01-13,439.46,466.55,437.72,460.43,3170100,437.54,425.964,391.759,72.488,15.882,16.17,-0.288,425.964,473.529,378.4
2023-01-16,459.56,463.05,440.34,442.08,2421100,439.112,429.24,393.524,60.519,15.222,15.98,-0.758,429.24,471.169,387.312
2023-01-17,437.72,442.96,429.85,433.35,1913100,440.51,431.905,395.202,55.799,13.836,15.551,-1.716,431.905,466.866,396.945
2023-01-18,435.09,440.34,418.49,435.97,2810200,441.734,434.352,396.897,56.886,12.801,15.001,-2.201,434.352,462.222,406.482
2023-01-19,434.22,439.46,427.23,428.1,1734000,439.986,436.143,398.434,52.695,11.216,14.244,-3.028,436.143,456.113,416.173
2023-01-20,428.98,431.6,421.99,429.85,1245100,433.87,436.842,400.059,53.515,9.986,13.393,-3.406,436.842,454.69,418.994
2023-01-23,431.6,435.97,428.1,429.85,1265200,431.424,437.192,401.632,53.515,8.909,12.496,-3.587,437.192,454.138,420.245
2023-01-24,430.73,435.97,428.98,435.97,1247100,431.948,437.628,403.274,56.569,8.452,11.687,-3.235,437.628,453.932,421.325
2023-01-25,432.47,436.84,427.23,429.85,1165000,430.724,437.322,404.62,52.831,7.509,10.852,-3.342,437.322,453.982,420.663
2023-01-26,430.73,431.6,424.61,428.1,1082500,430.724,437.06,405.965,51.777,6.545,9.99,-3.445,437.06,454.144,419.976
2023-01-27,431.6,442.96,430.73,442.08,1416900,433.17,436.972,407.747,58.839,6.831,9.358,-2.528,436.972,453.928,420.017
2023-01-30,438.59,451.69,436.84,448.2,1428800,436.84,436.972,409.495,61.497,7.465,8.98,-1.515,436.972,453.928,420.017
2023-01-31,452.57,453.44,442.08,442.08,1322200,438.062,437.06,411.12,57.499,7.388,8.661,-1.273,437.06,454.105,420.014
2023-02-01,445.58,451.69,435.97,437.72,925000,439.636,436.928,412.588,54.766,6.896,8.308,-1.412,436.928,453.908,419.949
2023-02-02,435.97,438.59,425.48,426.36,1118200,439.288,435.88,413.863,48.323,5.526,7.752,-2.226,435.88,452.744,419.016
2023-02-03,421.12,426.36,419.37,424.61,1052900,435.794,435.093,414.964,47.398,4.25,7.052,-2.802,435.093,452.539,417.648
2023-02-06,425.48,427.23,411.5,421.99,1499100,430.552,434.482,415.873,45.979,2.993,6.24,-3.247,434.482,452.888,416.076
2023-02-07,427.23,429.85,421.12,427.23,1513400,427.582,434.526,416.711,49.252,2.392,5.47,-3.079,434.526,452.854,416.197
2023-02-08,431.6,433.35,426.36,431.6,1195000,426.358,434.613,417.428,51.87,2.242,4.824,-2.583,434.613,452.864,416.362
2023-02-09,433.35,434.22,428.1,430.73,667400,427.232,434.308,418.144,51.303,2.03,4.266,-2.236,434.308,452.606,416.009
2023-02-10,434.22,442.08,433.35,437.72,1339600,429.854,433.172,418.931,55.515,2.398,3.892,-1.494,433.172,446.891,419.453
2023-02-13,436.84,445.58,435.09,435.09,1206900,432.474,432.823,419.752,53.635,2.449,3.603,-1.154,432.823,445.928,419.717
2023-02-14,436.84,440.34,431.6,437.72,798400,434.572,433.041,420.87,55.266,2.672,3.417,-0.746,433.041,446.328,419.754
2023-02-15,438.59,442.96,438.59,440.34,941500,436.32,433.259,422.181,56.893,3.024,3.339,-0.314,433.259,446.889,419.63
2023-02-16,442.96,442.96,433.35,433.35,949000,436.844,433.522,423.474,51.51,2.708,3.212,-0.504,433.522,446.934,420.11
2023-02-17,433.35,442.08,433.35,437.72,1148800,436.844,433.916,424.82,54.414,2.779,3.126,-0.347,433.916,447.335,420.496
2023-02-20,441.21,443.83,440.34,442.96,923100,438.418,434.571,426.165,57.686,3.22,3.145,0.075,434.571,448.428,420.714
2023-02-21,441.21,451.69,441.21,449.07,1369300,440.688,435.226,427.686,61.185,4.017,3.319,0.698,435.226,450.525,419.927
2023-02-22,449.07,449.95,442.08,446.45,1122000,441.91,436.056,429.153,58.935,4.386,3.532,0.854,436.056,451.918,420.194
2023-02-24,449.95,453.44,439.46,443.83,1339200,444.006,436.843,430.551,56.689,4.416,3.709,0.707,436.843,452.603,421.082
2023-02-27,445.58,449.95,443.83,449.07,639000,446.276,437.192,431.967,59.974,4.808,3.929,0.879,437.192,453.732,420.652
2023-02-28,447.33,449.07,442.08,446.45,1004600,446.974,437.105,433.364,57.621,4.851,4.113,0.737,437.105,453.416,420.793
2023-03-01,444.7,451.69,442.96,448.2,1279300,446.8,437.41,434.727,58.784,4.969,4.284,0.684,437.41,454.334,420.487
2023-03-02,448.2,449.07,438.59,439.46,1394100,445.402,437.498,435.776,51.223,4.307,4.289,0.018,437.498,454.445,420.55
2023-03-03,437.72,441.21,436.84,439.46,1269200,444.528,438.152,436.719,51.223,3.74,4.179,-0.439,438.152,454.281,422.024
2023-03-06,439.46,440.34,434.22,437.72,1289100,442.258,438.808,437.156,49.745,3.114,3.966,-0.852,438.808,453.631,423.985
2023-03-07,439.46,442.96,437.72,442.96,1446700,441.56,439.856,437.558,54.044,3.006,3.774,-0.768,439.856,452.473,427.24
2023-03-08,442.08,446.45,442.08,445.58,1131800,441.036,440.774,437.925,56.068,3.096,3.639,-0.542,440.774,452.131,429.417
2023-03-09,448.2,458.68,446.45,457.81,1830500,444.706,442.084,438.362,64.03,4.107,3.732,0.375,442.084,454.935,429.234
2023-03-10,456.06,457.81,435.09,436.84,2716500,444.182,442.39,438.432,47.975,3.18,3.622,-0.442,442.39,454.364,430.416
2023-03-13,428.1,430.73,410.63,417.62,2474500,440.162,441.385,437.908,38.457,0.884,3.074,-2.19,441.385,457.624,425.146
2023-03-14,397.53,399.27,387.04,390.54,3930200,429.678,439.157,436.755,29.559,-3.085,1.842,-4.928,439.157,467.063,411.252
2023-03-15,402.77,407.14,397.53,400.15,2358300,420.592,437.279,435.951,35.282,-5.394,0.395,-5.789,437.279,470.2,404.358
2023-03-16,380.93,387.92,373.94,385.29,2246600,406.088,434.527,434.85,31.077,-8.326,-1.349,-6.977,434.527,474.762,394.291
2023-03-17,392.28,394.03,381.8,387.92,2165600,396.304,432.255,433.662,32.608,-10.318,-3.143,-7.176,432.255,477.578,386.932
2023-03-20,380.93,390.54,380.93,381.8,1590900,389.14,429.459,432.491,30.889,-12.25,-4.964,-7.286,429.459,479.966,378.952
2023-03-22,394.9,394.9,387.04,387.04,1879700,388.44,426.663,431.547,34.093,-13.206,-6.613,-6.593,426.663,480.128,373.198
2023-03-23,381.8,385.29,378.3,385.29,1105700,385.468,423.474,430.726,33.534,-13.944,-8.079,-5.865,423.474,478.884,368.064
2023-03-24,378.3,384.42,376.56,380.93,1558400,384.596,420.198,429.747,32.12,-14.711,-9.406,-5.306,420.198,477.6,362.796
2023-03-27,385.29,386.17,376.56,380.05,1687900,383.022,417.009,428.612,31.829,-15.215,-10.567,-4.648,417.009,475.949,358.069
2023-03-28,389.66,390.54,383.55,386.17,1562700,383.896,413.864,427.126,36.169,-14.948,-11.444,-3.504,413.864,472.312,355.416
2023-03-29,388.79,390.54,385.29,388.79,2219800,384.246,410.981,426.061,37.989,-14.359,-12.027,-2.333,410.981,468.339,353.623
2023-03-30,391.47,393.26,387.0,392.36,1827200,385.66,408.189,425.241,40.479,-13.45,-12.311,-1.138,408.189,463.312,353.066
2023-03-31,392.36,398.62,391.47,395.94,1342600,388.662,406.013,424.44,42.953,-12.298,-12.309,0.01,406.013,459.345,352.681
2023-04-03,399.51,407.56,398.62,404.88,1411400,393.628,404.284,423.976,48.689,-10.543,-11.956,1.413,404.284,455.239,353.329
2023-04-04,403.98,406.66,400.41,405.77,1230100,397.548,402.686,423.494,49.236,-8.976,-11.36,2.383,402.686,451.172,354.201
2023-04-05,399.51,403.09,396.83,398.62,930800,399.514,400.47,422.87,45.077,-8.217,-10.731,2.514,400.47,445.103,355.836
2023-04-06,395.94,398.62,391.47,394.15,1059800,399.872,397.898,422.033,42.651,-7.885,-10.162,2.277,397.898,437.195,358.601
2023-04-07,396.83,401.3,395.05,400.41,888500,400.766,395.028,421.444,46.956,-7.036,-9.537,2.501,395.028,422.51,367.546
2023-04-10,399.51,403.09,399.51,399.51,593700,399.692,393.162,420.873,46.417,-6.362,-8.902,2.54,393.162,412.572,373.751
2023-04-11,403.09,403.09,396.83,399.51,1014500,398.44,392.256,420.021,46.417,-5.762,-8.274,2.512,392.256,408.252,376.26
2023-04-12,402.2,403.98,399.51,401.3,829200,398.976,392.794,419.083,47.8,-5.083,-7.636,2.553,392.794,409.264,376.324
2023-04-13,398.62,401.3,395.94,400.41,974500,400.228,392.807,418.25,47.149,-4.564,-7.021,2.457,392.807,409.301,376.313
2023-04-14,400.41,401.3,396.83,398.62,1100900,399.87,393.474,417.468,45.796,-4.248,-6.467,2.218,393.474,409.765,377.182
2023-04-17,400.41,401.3,395.94,399.51,1172500,399.87,394.053,416.931,46.616,-3.882,-5.95,2.068,394.053,410.337,377.769
2023-04-18,404.88,412.92,404.88,410.24,1654800,402.016,395.475,416.643,55.38,-2.694,-5.299,2.604,395.475,412.215,378.735
2023-04-19,407.56,413.81,405.77,413.81,1160700,404.518,396.814,416.48,57.859,-1.448,-4.529,3.08,396.814,414.937,378.69
2023-04-20,415.6,422.75,413.81,418.28,1327200,408.092,398.463,416.301,60.796,-0.099,-3.643,3.544,398.463,418.112,378.814
2023-04-21,418.28,420.07,412.92,414.71,1174900,411.31,400.152,415.963,57.358,0.674,-2.779,3.454,400.152,419.255,381.049
2023-04-24,417.39,417.39,409.35,409.35,703400,413.278,401.617,415.535,52.552,0.845,-2.054,2.899,401.617,418.606,384.628
2023-04-25,412.92,416.5,412.03,412.92,742800,413.814,402.954,415.039,55.242,1.254,-1.393,2.647,402.954,419.009,386.9
2023-04-26,410.24,410.24,403.98,405.77,944800,412.206,403.804,414.453,49.224,0.99,-0.916,1.906,403.804,418.437,389.17
2023-04-27,406.66,411.13,404.88,410.24,885500,410.598,404.698,413.903,52.694,1.128,-0.507,1.635,404.698,418.551,390.844
2023-04-28,413.81,419.18,407.56,413.81,1439900,410.418,405.591,413.373,55.32,1.508,-0.104,1.612,405.591,419.371,391.811
2023-05-01,414.71,415.6,409.35,412.92,864500,411.132,405.993,412.964,54.507,1.718,0.26,1.458,405.993,420.15,391.836
2023-05-02,413.81,413.81,406.66,408.45,866000,410.238,406.127,412.379,50.497,1.506,0.509,0.997,406.127,420.326,391.928
2023-05-08,405.77,411.13,403.98,403.98,1063500,409.88,406.395,411.599,46.789,0.966,0.601,0.366,406.395,420.194,392.596
2023-05-09,407.56,413.81,402.2,413.81,1289700,410.594,407.378,410.894,54.671,1.316,0.744,0.573,407.378,420.276,394.48
2023-05-10,415.6,418.28,412.03,412.92,945300,410.416,408.004,410.223,53.893,1.505,0.896,0.609,408.004,420.69,395.317
2023-05-11,417.39,432.58,416.5,430.8,2277100,413.992,409.568,409.963,64.751,3.062,1.329,1.733,409.568,425.216,393.92
2023-05-12,430.8,446.88,424.54,444.2,3022400,421.142,411.802,409.865,70.38,5.316,2.126,3.189,411.802,433.134,390.471
2023-05-15,445.99,450.46,437.05,445.99,1555500,429.544,414.037,409.856,71.046,7.164,3.134,4.03,414.037,439.666,388.408
2023-05-16,450.46,452.25,445.1,451.35,1456900,437.052,416.584,409.919,73.001,8.957,4.299,4.659,416.584,446.309,386.859
2023-05-17,452.25,467.44,450.46,466.55,2032000,447.778,419.98,410.461,77.617,11.473,5.733,5.74,419.98,455.934,384.027
2023-05-18,471.02,471.02,464.76,466.55,1396700,454.928,423.332,411.003,77.617,13.314,7.249,6.064,423.332,463.503,383.162
2023-05-19,466.55,468.33,458.5,461.18,1867300,458.324,425.88,411.472,72.536,14.175,8.635,5.541,425.88,468.913,382.846
2023-05-22,456.72,463.87,452.25,453.14,1162100,459.754,427.846,411.676,65.61,14.048,9.717,4.33,427.846,472.133,383.559
2023-05-23,456.72,460.29,454.03,456.72,1224800,460.828,429.768,411.898,67.115,14.073,10.588,3.485,429.768,475.616,383.92
2023-05-24,456.72,462.08,455.82,455.82,721900,458.682,431.823,411.859,66.329,13.861,11.243,2.618,431.823,478.508,385.139
2023-05-25,452.25,460.29,450.46,458.5,863500,457.072,434.281,412.292,67.548,13.75,11.744,2.006,434.281,481.158,387.404
2023-05-26,458.5,458.5,450.46,450.46,1087300,454.928,436.158,412.949,60.474,12.866,11.969,0.897,436.158,482.436,389.88
2023-05-29,453.14,456.72,451.35,454.93,755400,455.286,438.616,414.236,62.806,12.383,12.051,0.331,438.616,483.293,393.939
2023-05-30,452.25,458.5,451.35,454.93,875800,454.928,440.85,415.332,62.806,11.863,12.014,-0.151,440.85,483.996,397.705
2023-05-31,450.46,454.93,445.99,445.99,1772200,452.962,442.46,416.546,55.246,10.608,11.733,-1.125,442.46,483.718,401.201
2023-06-01,445.99,454.93,444.2,453.14,1273900,451.89,444.47,417.85,59.45,10.073,11.401,-1.327,444.47,483.529,405.412
2023-06-02,454.93,461.18,454.93,460.29,1287900,453.856,447.062,419.42,63.176,10.111,11.143,-1.032,447.062,482.794,411.331
2023-06-05,465.74,470.21,461.99,466.55,1537500,456.18,450.191,421.01,66.111,10.524,11.019,-0.495,450.191,480.601,419.781
2023-06-06,460.2,466.37,456.0,464.76,1348100,458.146,452.739,422.6,64.527,10.585,10.932,-0.347,452.739,478.496,426.981
2023-06-07,468.33,468.87,452.51,452.96,1551600,459.54,454.74,424.04,55.146,9.571,10.66,-1.089,454.74,472.427,437.054
2023-06-08,458.68,464.49,452.43,454.66,1316800,459.844,455.934,425.533,56.136,8.803,10.288,-1.486,455.934,469.577,442.29
2023-06-09,454.03,463.87,452.16,461.81,1738000,460.148,456.814,427.045,60.12,8.671,9.965,-1.294,456.814,469.51,444.118
2023-06-12,464.76,464.76,457.7,459.13,719700,458.664,457.471,428.452,57.994,8.255,9.623,-1.368,457.471,469.125,445.817
2023-06-13,459.04,462.7,455.29,456.45,1056100,457.002,457.726,429.734,55.866,7.622,9.223,-1.601,457.726,469.034,446.418
2023-06-14,461.72,467.71,459.58,466.37,912500,459.684,457.717,431.143,61.497,7.83,8.944,-1.114,457.717,468.996,446.438
2023-06-15,464.22,467.26,457.7,459.4,1083200,460.632,457.359,432.233,56.083,7.347,8.625,-1.277,457.359,467.888,446.831
2023-06-16,459.4,466.46,456.89,464.4,2231700,461.15,457.52,433.406,58.88,7.285,8.357,-1.072,457.52,468.388,446.653
2023-06-19,463.6,466.46,459.04,462.08,978900,461.74,457.968,434.675,57.064,6.968,8.079,-1.111,457.968,468.812,447.123
2023-06-20,460.56,460.56,453.86,455.37,983500,461.524,457.9,435.899,52.062,6.104,7.684,-1.58,457.9,468.794,447.006
2023-06-21,454.93,459.22,453.77,457.7,966700,459.79,457.994,437.045,53.583,5.544,7.256,-1.712,457.994,468.845,447.143
2023-06-22,462.35,470.39,461.99,467.71,1696400,461.452,458.454,438.409,59.526,5.841,6.973,-1.132,458.454,470.145,446.764
2023-06-23,467.71,474.23,464.85,467.17,1332200,462.006,459.29,439.762,59.087,5.964,6.771,-0.807,459.29,470.963,447.617
2023-06-26,467.17,469.94,461.36,461.63,834800,461.916,459.625,440.969,54.63,5.55,6.527,-0.977,459.625,471.155,448.095
2023-06-27,464.22,466.64,458.77,462.44,860600,463.33,460.0,442.209,55.163,5.227,6.267,-1.04,460.0,471.375,448.626
2023-06-28,465.65,478.97,464.04,478.34,1534500,467.458,461.618,443.804,64.076,6.183,6.25,-0.067,461.618,473.777,449.459
2023-06-29,478.08,480.67,470.12,472.53,845800,468.422,462.588,445.264,59.427,6.398,6.28,0.118,462.588,474.99,450.185
2023-06-30,477.36,480.58,468.6,472.27,1002000,469.442,463.187,446.505,59.22,6.473,6.318,0.154,463.187,476.261,450.112
2023-07-03,472.18,478.97,472.18,477.63,840300,472.642,463.74,447.781,62.148,6.885,6.432,0.454,463.74,478.272,449.209
2023-07-04,479.42,490.32,476.74,487.73,1310400,477.7,464.889,449.17,66.961,7.936,6.733,1.203,464.889,482.96,446.818
2023-07-05,485.85,491.57,479.15,483.62,1086500,478.756,466.422,450.548,63.427,8.34,7.054,1.286,466.422,485.411,447.433
2023-07-06,483.71,492.02,482.01,484.51,1044400,481.152,467.915,452.052,63.871,8.633,7.37,1.263,467.915,487.687,448.142
2023-07-07,481.83,495.15,480.04,491.04,1125200,484.906,469.376,453.614,67.039,9.285,7.753,1.532,469.376,491.437,447.315
2023-07-10,497.47,508.46,488.62,490.23,1642500,487.426,470.931,455.303,66.263,9.626,8.128,1.498,470.931,494.297,447.565
2023-07-11,490.68,490.68,479.33,481.29,1007900,486.138,472.173,456.724,58.249,9.07,8.316,0.754,472.173,494.931,449.415
2023-07-12,488.18,490.59,481.92,486.12,712400,486.638,473.161,458.17,60.994,8.916,8.436,0.48,473.161,496.563,449.758
2023-07-13,486.39,489.78,479.77,481.11,870100,485.958,474.246,459.534,56.821,8.294,8.408,-0.113,474.246,496.965,451.527
2023-07-14,482.72,483.53,475.13,478.97,834200,483.544,474.974,460.945,55.087,7.542,8.234,-0.693,474.974,497.295,452.654
2023-07-18,478.97,491.13,477.72,483.53,898500,482.204,476.047,462.536,58.026,7.23,8.034,-0.803,476.047,497.813,454.281
2023-07-19,492.47,495.95,487.55,490.59,971000,484.064,477.808,464.071,62.155,7.467,7.92,-0.453,477.808,498.185,457.431
2023-07-20,492.73,494.88,485.76,487.46,595900,484.332,479.296,465.562,59.367,7.317,7.8,-0.482,479.296,497.746,460.846
2023-07-21,494.97,497.56,483.53,486.48,1183600,485.406,480.234,466.676,58.482,7.039,7.647,-0.609,480.234,498.103,462.366
2023-07-24,485.32,490.05,480.85,486.84,936000,486.98,481.218,467.528,58.725,6.769,7.472,-0.703,481.218,498.202,464.234
2023-07-25,490.59,495.42,488.8,493.45,908400,488.964,482.809,468.478,63.011,7.008,7.379,-0.371,482.809,497.926,467.692
2023-07-26,493.18,496.22,488.27,495.24,854400,489.894,484.449,469.355,64.098,7.258,7.355,-0.097,484.449,497.193,471.705
2023-07-27,495.95,500.24,493.54,498.9,867100,492.182,485.477,470.002,66.281,7.663,7.416,0.247,485.477,499.407,471.547
2023-07-28,500.51,522.32,499.62,519.9,1882300,498.866,487.846,471.069,75.488,9.568,7.847,1.721,487.846,507.457,468.234
2023-07-31,528.84,539.39,528.57,537.78,2550400,509.054,491.121,472.601,80.396,12.378,8.753,3.625,491.121,519.639,462.603
2023-08-01,534.92,536.62,521.51,522.76,1649100,514.916,493.377,473.994,68.066,13.241,9.651,3.59,493.377,524.43,462.325
2023-08-02,513.92,521.16,500.42,513.02,1897100,518.472,494.642,475.12,61.481,12.988,10.318,2.67,494.642,526.768,462.516
2023-08-03,513.92,513.92,504.53,508.29,1474400,520.35,495.876,476.169,58.521,12.265,10.708,1.558,495.876,528.114,463.637
2023-08-04,511.15,527.32,511.06,525.36,1608600,521.442,497.918,477.506,65.06,12.921,11.15,1.771,497.918,532.234,463.602
2023-08-07,530.72,547.79,528.4,538.94,2331800,521.674,500.313,479.276,69.218,14.371,11.794,2.576,500.313,539.013,461.613
2023-08-08,546.45,564.24,546.36,557.71,2650900,528.664,503.687,481.332,73.85,16.84,12.803,4.036,503.687,549.752,457.622
2023-08-09,556.37,559.32,551.54,553.87,1755300,536.834,507.316,483.31,71.48,18.276,13.898,4.378,507.316,557.227,457.405
2023-08-10,553.6,569.51,553.6,566.65,2197300,548.506,511.342,485.724,74.422,20.213,15.161,5.052,511.342,566.744,455.941
2023-08-14,572.9,580.5,564.59,567.54,1311500,556.942,515.664,488.012,74.618,21.571,16.443,5.128,515.664,574.513,456.815
2023-08-15,564.15,576.75,562.27,575.59,1253800,564.272,520.495,490.318,76.384,23.031,17.761,5.271,520.495,582.443,458.547
2023-08-16,562.18,564.15,551.72,560.12,1311200,564.754,524.324,492.189,66.77,22.679,18.744,3.934,524.324,586.12,462.529
2023-08-17,555.92,567.36,551.01,566.74,1237000,567.328,528.132,494.229,68.592,22.672,19.53,3.142,528.132,590.556,465.708
2023-08-18,564.86,568.17,560.84,563.07,872400,566.612,531.912,496.431,66.418,22.116,20.047,2.069,531.912,593.111,470.714
2023-08-21,563.07,565.75,555.66,557.62,1037600,564.628,535.469,498.49,63.214,20.993,20.236,0.757,535.469,593.75,477.189
2023-08-22,565.49,579.97,562.27,579.79,1282600,565.468,540.117,500.85,69.632,21.643,20.518,1.125,540.117,596.874,483.36
2023-08-23,571.03,577.19,566.74,575.85,836100,568.614,544.237,503.184,67.382,21.591,20.732,0.859,544.237,598.645,489.829
2023-08-24,575.59,584.88,574.96,583.18,941400,571.902,548.634,505.719,69.365,21.889,20.964,0.926,548.634,600.525,496.743
2023-08-25,582.74,583.81,575.5,578.54,743500,574.996,552.616,507.962,66.605,21.503,21.072,0.432,552.616,600.506,504.726
2023-08-28,582.29,586.49,580.77,586.04,666000,580.68,555.923,510.495,68.768,21.554,21.168,0.386,555.923,603.434,508.412
2023-08-29,585.42,591.5,580.77,585.86,1067600,581.894,558.327,512.924,68.653,21.334,21.201,0.133,558.327,606.828,509.826
2023-08-30,587.12,598.47,586.49,596.14,924900,585.952,561.996,515.605,71.576,21.738,21.309,0.43,561.996,610.27,513.722
2023-08-31,591.23,603.65,587.47,600.16,1630600,589.348,566.353,518.501,72.65,22.128,21.473,0.655,566.353,611.653,521.053
2023-09-01,600.25,608.21,599.99,603.29,1033100,594.298,571.103,521.413,73.489,22.431,21.664,0.767,571.103,610.276,531.93
2023-09-04,606.24,620.36,603.2,619.02,1307700,600.894,575.786,524.439,77.267,23.667,22.065,1.603,575.786,614.323,537.249
2023-09-05,625.64,627.42,609.01,619.92,1681300,607.706,579.835,527.494,77.465,24.438,22.54,1.899,579.835,619.082,540.588
2023-09-06,625.64,641.28,622.78,632.52,1173400,614.982,583.575,530.912,80.079,25.769,23.185,2.583,583.575,627.878,539.273
2023-09-07,628.32,639.22,628.32,633.95,1136200,621.74,587.58,534.342,80.358,26.632,23.875,2.757,587.58,634.947,540.212
2023-09-08,625.64,632.79,623.85,626.17,1510200,626.316,590.556,537.299,74.274,26.384,24.376,2.007,590.556,639.827,541.284
2023-09-11,635.83,656.38,634.49,656.38,1200600,633.788,594.998,540.976,80.46,28.299,25.161,3.138,594.998,651.08,538.915
2023-09-12,656.92,661.39,644.41,659.42,1446300,641.688,599.189,544.719,80.956,29.719,26.072,3.646,599.189,661.364,537.014
2023-09-13,660.23,662.73,647.18,651.11,1632500,645.406,603.738,548.188,75.325,29.83,26.824,3.006,603.738,667.179,540.298
2023-09-14,659.6,663.18,652.09,657.37,1512200,650.09,608.27,551.581,76.643,30.077,27.474,2.602,608.27,673.505,543.035
2023-09-15,663.18,670.15,644.94,650.31,2830100,654.918,612.632,554.915,71.973,29.364,27.852,1.511,612.632,676.8,548.464
2023-09-19,651.56,664.87,650.39,664.87,1541200,656.616,617.994,558.522,75.314,29.632,28.208,1.424,617.994,680.714,555.275
2023-09-20,664.87,667.64,646.37,651.11,1518300,654.954,621.56,561.723,67.166,28.407,28.248,0.159,621.56,683.236,559.885
2023-09-21,651.56,665.41,651.56,654.24,919300,655.58,625.48,565.004,68.014,27.373,28.073,-0.7,625.48,684.844,566.116
2023-09-22,650.39,665.14,645.3,661.12,1190500,656.33,629.377,568.6,69.856,26.8,27.818,-1.018,629.377,687.264,571.49
2023-09-25,659.24,659.24,644.05,647.98,1388600,655.864,632.849,571.837,62.457,24.997,27.254,-2.257,632.849,686.036,579.662
2023-09-26,655.04,660.23,646.46,652.54,1979200,653.398,636.174,575.266,63.887,23.664,26.536,-2.872,636.174,685.191,587.157
2023-09-27,643.96,651.47,635.83,650.39,1473100,653.254,639.4,578.694,62.675,22.178,25.665,-3.486,639.4,682.626,596.175
2023-09-28,649.76,658.19,644.96,649.76,1005200,652.358,642.082,582.019,62.302,20.711,24.674,-3.963,642.082,680.38,603.783
2023-09-29,644.32,646.41,625.56,632.18,1670100,646.57,643.683,584.851,52.853,17.923,23.324,-5.401,643.683,676.949,610.416
2023-10-02,639.61,660.36,639.16,646.23,1548400,646.22,645.83,588.026,58.297,16.655,21.99,-5.335,645.83,673.126,618.533
2023-10-03,643.33,648.4,629.82,632.0,1502000,642.112,646.478,590.937,51.776,14.337,20.459,-6.122,646.478,671.624,621.333
2023-10-04,622.94,622.94,597.38,599.37,1971300,631.908,645.451,593.187,40.57,9.755,18.319,-8.564,645.451,676.217,614.685
2023-10-05,604.54,624.39,602.64,620.85,1399600,626.126,644.868,595.735,48.475,7.767,16.208,-8.442,644.868,677.075,612.66
2023-10-06,621.76,633.63,612.24,625.65,873200,624.82,644.452,598.343,50.074,6.503,14.267,-7.764,644.452,677.456,611.449
2023-10-10,631.55,648.94,630.1,648.31,1048900,625.236,645.56,601.332,56.875,7.247,12.863,-5.616,645.56,677.448,613.671
2023-10-11,642.24,651.03,636.62,644.87,832600,627.81,644.984,603.831,55.636,7.473,11.785,-4.312,644.984,676.463,613.505
2023-10-12,645.32,651.3,644.59,647.31,805000,637.398,644.378,606.022,56.362,7.759,10.98,-3.221,644.378,675.146,613.611
2023-10-13,639.79,649.67,618.41,623.57,1290400,637.942,643.002,608.038,48.111,6.002,9.984,-3.983,643.002,674.943,611.06
2023-10-16,618.04,629.1,614.78,624.57,687000,637.726,641.362,610.269,48.453,4.636,8.915,-4.279,641.362,673.564,609.159
2023-10-17,633.45,634.63,618.59,626.11,750000,633.286,640.152,612.625,49.011,3.636,7.859,-4.223,640.152,672.755,607.548
2023-10-18,634.35,652.03,634.35,644.69,1325000,633.25,639.142,615.012,55.297,4.293,7.146,-2.853,639.142,669.71,608.575
2023-10-19,643.78,652.39,637.98,644.23,1034400,632.634,638.798,617.118,55.116,4.722,6.661,-1.939,638.798,668.951,608.646
2023-10-20,644.23,650.67,625.29,628.83,1231500,633.686,637.528,618.54,49.293,3.776,6.084,-2.308,637.528,667.076,607.98
2023-10-23,625.29,636.26,622.85,623.3,828800,633.432,635.637,619.929,47.358,2.551,5.377,-2.827,635.637,663.628,607.646
2023-10-24,626.74,628.37,606.44,624.93,1073700,633.196,634.484,621.094,48.006,1.692,4.64,-2.948,634.484,662.233,606.736
2023-10-25,619.31,632.81,616.23,625.2,1002300,629.298,633.118,622.247,48.12,1.021,3.916,-2.895,633.118,659.793,606.442
2023-10-26,625.2,629.01,617.95,621.76,824300,624.804,631.686,623.171,46.716,0.209,3.175,-2.966,631.686,657.519,605.853
2023-10-27,625.29,643.05,620.94,643.05,1225100,627.648,631.35,624.829,55.391,1.27,2.794,-1.524,631.35,656.356,606.345
2023-10-30,637.71,650.03,632.72,634.72,1777300,629.932,631.478,626.189,51.835,1.421,2.519,-1.098,631.478,656.526,606.429
2023-10-31,652.66,664.53,637.8,657.92,1792400,636.53,632.062,628.086,59.612,3.374,2.69,0.684,632.062,659.032,605.092
2023-11-01,666.07,679.48,663.35,678.22,1586600,647.134,634.373,630.498,64.945,6.486,3.449,3.036,634.373,668.335,600.411
2023-11-02,680.21,691.45,662.36,669.15,1274500,656.612,637.862,632.285,61.065,8.126,4.385,3.741,637.862,671.011,604.713
2023-11-06,673.32,674.95,648.31,649.31,2302500,657.864,639.285,633.754,53.531,7.736,5.055,2.681,639.285,671.796,606.774
2023-11-07,645.23,649.94,632.18,638.61,1642600,658.642,639.933,634.863,49.952,6.488,5.342,1.147,639.933,671.811,608.055
2023-11-08,640.61,640.61,597.38,608.89,2787000,648.836,637.962,635.47,41.626,3.066,4.886,-1.82,637.962,672.428,603.496
2023-11-09,586.32,614.6,581.52,614.42,2598600,636.076,636.44,636.038,43.513,0.791,4.067,-3.276,636.44,672.284,600.595
2023-11-10,613.06,627.92,612.51,627.92,1656400,627.83,635.47,636.879,47.937,0.077,3.269,-3.193,635.47,671.125,599.815
2023-11-13,627.92,628.92,616.41,627.47,1186100,623.462,635.665,637.505,47.802,-0.52,2.511,-3.031,635.665,671.087,600.243
2023-11-14,634.35,634.35,616.05,624.84,1339700,620.708,635.678,637.999,46.973,-1.191,1.771,-2.962,635.678,671.083,600.274
2023-11-15,626.83,629.46,594.48,600.1,2260500,618.95,634.378,637.935,39.955,-3.677,0.681,-4.358,634.378,673.025,595.731
2023-11-16,596.57,609.25,592.76,595.75,1971200,615.216,631.931,637.47,38.856,-5.93,-0.641,-5.289,631.931,673.885,589.977
2023-11-17,589.68,611.61,584.51,611.25,1826800,611.882,630.282,637.296,44.695,-6.391,-1.791,-4.6,630.282,672.789,587.775
2023-11-20,611.25,622.48,606.71,612.51,1207200,608.89,629.466,636.896,45.153,-6.579,-2.748,-3.83,629.466,672.711,586.221
2023-11-21,606.35,620.13,604.54,612.51,1285700,606.424,628.926,636.467,45.153,-6.651,-3.529,-3.122,628.926,672.761,585.092
2023-11-22,612.42,639.52,609.89,637.71,2285400,613.946,629.565,636.698,53.999,-4.621,-3.747,-0.874,629.565,673.527,585.604
2023-11-24,642.51,676.58,637.71,676.49,3030200,630.094,632.13,637.1,63.701,0.115,-2.975,3.09,632.13,680.756,583.504
2023-11-27,677.94,691.45,674.23,684.83,2087300,644.81,635.284,637.609,65.392,4.49,-1.482,5.972,635.284,688.992,581.575
2023-11-28,684.92,691.27,679.39,684.65,1549000,659.238,637.363,638.279,65.321,7.852,0.385,7.467,637.363,695.387,579.34
2023-11-29,684.2,691.36,665.8,668.43,1978200,670.422,639.049,638.501,59.118,9.103,2.128,6.974,639.049,698.686,579.412
2023-11-30,666.07,679.48,661.63,677.67,3095400,678.414,640.036,639.048,61.368,10.716,3.846,6.87,640.036,701.611,578.462
2023-12-01,680.57,686.92,672.23,678.12,1868100,678.74,640.032,639.313,61.48,11.893,5.455,6.438,640.032,701.593,578.47
2023-12-04,674.77,684.29,672.33,681.57,1677400,678.088,640.652,639.922,62.374,12.956,6.955,6.0,640.652,703.684,577.621
2023-12-05,681.66,683.29,667.88,668.97,1374800,674.952,641.636,640.217,57.154,12.635,8.091,4.544,641.636,705.838,577.433
2023-12-06,668.79,685.1,668.07,683.38,1685300,677.942,643.874,640.662,61.158,13.39,9.151,4.239,643.874,710.701,577.047
2023-12-07,674.59,696.97,673.23,694.44,1872000,681.296,648.152,641.591,63.942,14.711,10.263,4.448,648.152,716.484,579.819
2023-12-08,690.54,708.39,683.74,696.7,3304500,685.012,652.266,642.474,64.502,15.758,11.362,4.396,652.266,721.942,582.589
2023-12-11,699.6,715.91,689.09,707.85,1941200,690.268,656.262,643.623,67.208,17.289,12.547,4.741,656.262,729.154,583.37
2023-12-12,700.51,703.86,689.72,693.08,2176900,695.09,659.542,644.49,60.617,17.113,13.46,3.652,659.542,732.882,586.203
2023-12-13,688.73,697.7,685.37,689.91,1877400,696.396,662.796,645.644,59.273,16.527,14.074,2.453,662.796,735.424,590.168
2023-12-14,683.47,689.63,647.95,649.4,2069100,687.388,665.261,645.708,45.417,12.648,13.788,-1.141,665.261,732.04,598.482
2023-12-15,642.51,654.11,637.8,646.59,1836000,677.366,667.803,646.0,44.638,9.24,12.879,-3.638,667.803,726.866,608.74
2023-12-18,640.97,643.33,618.5,630.0,1613900,661.796,668.74,646.612,40.246,5.142,11.332,-6.189,668.74,724.528,612.953
2023-12-19,625.02,633.99,614.69,626.65,1502700,648.51,669.448,646.728,39.403,1.605,9.386,-7.781,669.448,722.527,616.368
2023-12-20,620.67,627.01,612.97,618.4,1391700,634.208,669.742,646.583,37.329,-1.842,7.141,-8.983,669.742,721.542,617.942
2023-12-21,611.7,616.32,608.35,609.52,795800,626.232,668.332,645.807,35.183,-5.23,4.666,-9.897,668.332,725.098,611.567
2023-12-22,612.15,619.67,609.16,616.59,1204800,620.232,665.338,645.242,38.228,-7.261,2.281,-9.542,665.338,726.446,604.229
2023-12-25,624.3,625.2,615.05,615.51,480100,617.334,661.872,644.606,37.935,-8.856,0.054,-8.91,661.872,726.108,597.635
2023-12-26,616.23,622.94,614.96,620.76,1161800,616.156,658.677,644.55,40.331,-9.586,-1.874,-7.711,658.677,724.479,592.875
2023-12-27,622.57,625.75,618.04,625.75,920900,617.626,656.543,644.573,42.599,-9.65,-3.43,-6.221,656.543,723.767,589.319
2023-12-28,619.95,625.84,618.13,620.76,667100,619.874,653.698,644.466,40.924,-9.989,-4.741,-5.247,653.698,721.965,585.43
2023-12-29,624.66,630.64,620.94,625.29,572900,621.614,651.056,644.078,43.111,-9.779,-5.749,-4.03,651.056,719.433,582.679
2024-01-04,630.73,631.64,617.95,627.1,880400,623.932,648.332,643.736,44.003,-9.358,-6.471,-2.888,648.332,715.927,580.738
2024-01-05,632.63,640.52,629.46,638.7,887600,627.52,646.819,643.933,49.472,-7.997,-6.776,-1.221,646.819,713.821,579.817
2024-01-09,639.7,645.05,629.82,633.9,1351800,629.15,644.345,644.145,47.408,-7.222,-6.865,-0.357,644.345,709.285,579.405
2024-01-10,633.45,638.07,623.75,625.47,1257800,630.092,640.897,644.156,43.942,-7.205,-6.933,-0.272,640.897,701.837,579.956
2024-01-11,634.17,649.94,633.45,638.98,1406200,632.83,638.01,644.431,50.223,-6.032,-6.753,0.721,638.01,693.001,583.02
2024-01-12,636.17,641.42,624.48,626.74,1190500,632.758,633.955,644.531,45.274,-6.021,-6.607,0.586,633.955,678.165,589.745
2024-01-15,626.83,637.89,626.83,637.71,140300,632.56,631.186,644.424,50.027,-5.068,-6.299,1.231,631.186,665.673,596.7
2024-01-16,643.42,643.42,634.99,637.71,713200,633.322,628.576,644.484,50.027,-4.264,-5.892,1.628,628.576,649.638,607.515
2024-01-17,638.98,642.78,631.91,632.36,792600,634.7,627.724,643.973,47.685,-4.012,-5.516,1.504,627.724,646.493,608.956
2024-01-18,632.09,635.99,625.65,634.26,623600,633.756,627.108,643.094,48.605,-3.618,-5.136,1.519,627.108,643.982,610.234
2024-01-19,635.89,635.99,626.74,631.0,1272700,634.608,627.158,642.331,47.075,-3.527,-4.815,1.287,627.158,644.074,610.242
2024-01-22,637.98,643.33,633.27,643.33,638600,635.732,627.992,642.211,53.09,-2.433,-4.338,1.905,627.992,646.383,609.601
2024-01-23,642.33,647.13,634.26,634.99,726200,635.188,628.822,642.139,49.031,-2.213,-3.913,1.7,628.822,646.884,610.759
2024-01-24,634.35,666.16,632.36,665.26,1371600,641.768,631.608,643.266,60.759,0.399,-3.051,3.45,631.608,653.849,609.368
2024-01-25,665.98,667.98,656.1,661.81,840700,647.278,633.87,644.214,59.09,2.166,-2.007,4.174,633.87,658.722,609.017
2024-01-26,654.74,664.08,651.12,651.12,728300,651.302,635.65,644.678,54.129,2.673,-1.071,3.744,635.65,660.063,611.237
2024-01-29,658.01,668.43,654.56,663.35,734500,655.306,637.78,645.395,58.429,4.015,-0.054,4.069,637.78,664.081,611.478
2024-01-30,664.26,665.71,650.85,652.03,642100,658.714,639.094,645.939,53.436,4.118,0.781,3.338,639.094,665.49,612.697
2024-01-31,651.75,663.08,649.49,662.99,916700,658.26,641.205,647.197,57.246,5.026,1.63,3.397,641.205,668.177,614.233
2024-02-01,655.47,676.13,655.47,673.32,1129100,660.562,643.607,648.748,60.524,6.504,2.605,3.9,643.607,673.051,614.162
2024-02-02,668.7,669.88,660.82,664.98,770000,663.334,645.5,649.823,56.741,6.923,3.468,3.455,645.5,675.345,615.656
2024-02-05,670.6,684.56,668.7,674.59,1018900,665.582,647.295,651.065,59.855,7.939,4.362,3.576,647.295,679.63,614.96
2024-02-06,680.3,699.78,672.78,688.73,1347800,672.922,650.036,652.589,63.965,9.772,5.444,4.328,650.036,686.61,613.463
2024-02-07,686.37,697.06,678.76,692.9,979100,678.904,653.408,653.693,65.1,11.43,6.641,4.788,653.408,692.771,614.045
2024-02-08,693.17,705.58,680.39,691.45,1263800,682.53,656.032,653.992,64.341,12.482,7.81,4.673,656.032,698.237,613.826
2024-02-09,690.72,700.42,678.31,686.46,1307500,686.826,659.018,654.025,61.677,12.767,8.801,3.966,659.018,700.947,617.088
2024-02-13,691.45,698.7,682.84,693.17,1041300,690.542,661.791,654.195,63.845,13.38,9.717,3.663,661.791,705.1,618.481
2024-02-14,694.98,696.61,673.5,675.41,959500,687.878,663.676,654.335,54.98,12.29,10.231,2.059,663.676,705.838,621.513
2024-02-15,683.29,686.1,663.35,671.78,922100,683.654,665.647,654.217,53.349,11.007,10.387,0.621,665.647,705.253,626.04
2024-02-16,679.67,689.09,675.77,685.56,951300,682.476,668.212,654.366,58.394,10.976,10.505,0.472,668.212,705.856,630.567
2024-02-19,685.65,706.49,682.02,706.4,1152900,686.464,671.982,654.862,64.624,12.489,10.901,1.587,671.982,709.032,634.931
2024-02-20,705.76,711.11,698.42,703.68,1164500,688.566,674.999,655.556,63.292,13.315,11.384,1.931,674.999,712.055,637.943
2024-02-21,699.69,709.57,695.25,707.76,728000,695.036,678.638,656.044,64.475,14.136,11.934,2.201,678.638,713.37,643.905
2024-02-22,712.83,723.89,709.39,719.81,1077300,704.642,681.365,656.551,67.777,15.579,12.663,2.916,681.365,720.02,642.71
2024-02-26,724.98,728.6,717.64,720.72,1002100,711.674,684.31,657.032,68.019,16.605,13.452,3.153,684.31,725.581,643.04
2024-02-27,724.98,740.56,718.63,723.44,1313600,715.082,687.926,657.344,68.773,17.436,14.248,3.188,687.926,729.624,646.229
2024-02-28,724.98,753.16,724.98,734.67,1379000,721.28,691.493,658.175,71.737,18.785,15.156,3.629,691.493,736.414,646.571
2024-02-29,734.76,738.03,728.42,732.04,1501800,726.136,695.493,659.018,70.06,19.417,16.008,3.409,695.493,739.864,651.122
2024-03-01,736.58,748.63,734.94,746.36,917500,731.446,699.661,660.957,73.67,20.834,16.973,3.861,699.661,746.757,652.566
2024-03-04,740.84,742.19,724.61,729.6,1103600,733.222,702.476,662.617,63.952,20.37,17.653,2.717,702.476,749.669,655.282
2024-03-05,729.42,737.57,721.99,736.3,785000,735.794,706.042,664.743,65.889,20.308,18.184,2.125,706.042,752.07,660.013
2024-03-06,743.1,751.26,734.04,745.91,1099000,738.042,709.608,667.129,68.503,20.795,18.706,2.089,709.608,756.42,662.795
2024-03-07,753.25,782.7,752.8,776.9,2022700,747.014,714.016,670.299,75.125,23.412,19.647,3.765,714.016,768.524,659.508
2024-03-08,776.27,810.8,770.29,796.48,2531200,757.038,719.195,674.038,78.237,26.757,21.069,5.688,719.195,783.972,654.418
2024-03-11,796.48,796.48,748.45,762.95,1695600,763.708,722.77,676.965,63.568,26.398,22.135,4.263,722.77,788.976,656.564
2024-03-12,738.57,750.71,733.13,749.17,1222000,766.282,725.906,679.638,58.696,24.717,22.651,2.066,725.906,790.797,661.014
2024-03-13,762.86,765.76,735.04,749.63,926700,767.026,728.728,682.216,58.81,23.155,22.752,0.403,728.728,792.527,664.93
2024-03-14,752.16,758.42,740.65,751.35,712300,761.916,732.526,684.728,59.261,21.805,22.563,-0.758,732.526,791.845,673.206
2024-03-15,748.18,757.87,739.48,747.81,2816300,752.182,736.327,687.269,57.858,20.215,22.093,-1.878,736.327,788.579,684.075
2024-03-18,758.87,759.05,747.0,751.53,1048300,749.898,739.626,689.793,58.957,19.037,21.482,-2.445,739.626,786.429,692.822
2024-03-19,755.61,773.73,751.53,753.98,1328000,750.86,742.004,692.331,59.703,18.092,20.804,-2.712,742.004,786.476,697.533
2024-03-21,761.23,795.48,760.32,789.23,1842500,758.78,746.282,695.342,68.556,19.958,20.635,-0.677,746.282,791.68,700.884
2024-03-22,795.66,814.42,788.23,812.06,1546500,770.922,751.497,698.905,72.735,23.013,21.11,1.903,751.497,801.945,701.049
2024-03-25,810.8,811.52,800.19,800.19,1376200,781.398,755.516,702.399,67.698,24.197,21.728,2.47,755.516,808.097,702.935
2024-03-26,807.26,807.26,793.21,797.11,997100,790.514,759.335,705.562,66.413,24.604,22.303,2.301,759.335,812.37,706.301
2024-03-27,810.7,820.58,800.37,808.08,2139400,801.334,763.567,709.189,68.692,25.517,22.946,2.572,763.567,818.03,709.105
2024-03-28,805.23,811.02,780.89,786.31,1561700,800.75,766.15,712.161,59.99,24.206,23.198,1.008,766.15,819.733,712.566
2024-03-29,794.3,808.54,790.26,805.05,614500,799.348,769.8,715.507,64.195,24.397,23.438,0.959,769.8,823.547,716.053
2024-04-01,803.76,805.87,771.98,778.5,950600,795.01,771.407,718.43,55.324,22.151,23.18,-1.03,771.407,824.115,718.699
2024-04-02,789.61,791.82,766.1,770.51,1077100,789.69,773.452,721.155,52.953,19.501,22.444,-2.943,773.452,822.368,724.537
2024-04-03,763.99,790.81,759.58,781.16,1483000,784.306,775.696,724.158,55.68,18.053,21.566,-3.513,775.696,821.449,729.942
2024-04-04,785.39,785.76,775.47,781.35,1271700,783.314,777.468,726.919,55.729,16.727,20.598,-3.871,777.468,821.058,733.877
2024-04-05,764.26,777.95,756.18,776.66,888600,777.636,777.456,729.752,54.128,15.124,19.503,-4.38,777.456,821.047,733.864
2024-04-08,784.1,789.25,775.28,782.36,808800,778.408,776.75,732.094,55.79,14.15,18.433,-4.283,776.75,819.493,734.006
2024-04-09,783.92,787.78,773.26,776.11,713600,779.528,777.408,734.38,53.502,12.727,17.292,-4.564,777.408,819.659,735.156
2024-04-10,770.05,779.78,766.1,774.73,508200,778.242,778.685,736.852,52.985,11.358,16.105,-4.747,778.685,818.834,738.537
2024-04-11,766.74,797.15,765.18,796.69,847700,781.31,781.038,739.519,59.663,11.907,15.265,-3.358,781.038,819.498,742.579
2024-04-12,801.65,815.7,782.17,812.3,1353100,788.438,784.086,742.725,63.619,13.447,14.902,-1.455,784.086,822.299,745.873
2024-04-15,802.47,814.32,790.07,813.86,751500,794.738,787.388,745.742,63.999,14.624,14.846,-0.222,787.388,823.774,751.003
2024-04-16,810.92,822.68,778.96,781.07,1108200,795.73,788.866,747.897,51.761,12.764,14.43,-1.665,788.866,821.306,756.425
2024-04-17,780.79,783.73,760.31,769.59,903300,794.702,789.646,749.989,48.28,10.246,13.593,-3.347,789.646,819.173,760.119
2024-04-18,777.49,813.86,775.28,809.18,1238700,797.2,790.643,752.681,58.616,11.314,13.137,-1.823,790.643,821.432,759.855
2024-04-19,815.06,828.84,804.31,816.99,1970400,798.138,790.89,755.246,60.302,12.646,13.039,-0.393,790.89,822.47,759.31
2024-04-22,826.72,851.53,823.78,842.71,1615100,803.908,793.016,758.242,65.312,15.596,13.55,2.046,793.016,832.072,753.96
2024-04-23,845.1,867.6,842.71,846.93,1938000,817.08,795.507,761.352,66.069,18.067,14.454,3.613,795.507,841.416,749.598
2024-04-24,846.93,857.77,841.42,854.19,1420200,834.0,797.812,764.707,67.387,20.376,15.638,4.738,797.812,850.51,745.115
2024-04-25,858.51,867.69,848.77,855.66,1198100,843.296,801.28,767.956,67.661,22.07,16.924,5.145,801.28,859.615,742.945
2024-04-26,869.07,892.68,864.29,884.96,2062500,856.89,805.276,772.147,72.601,25.483,18.636,6.847,805.276,874.608,735.943
2024-04-30,875.23,888.09,865.76,882.02,1641300,864.752,810.452,776.352,71.422,27.632,20.435,7.197,810.452,886.499,734.404
2024-05-01,881.75,881.75,854.28,871.92,1617200,869.75,815.522,780.079,67.374,28.195,21.987,6.208,815.522,893.845,737.199
2024-05-02,864.85,877.06,861.17,877.06,726200,874.324,820.317,783.493,68.357,28.725,23.335,5.39,820.317,901.473,739.161
2024-05-07,874.21,874.21,860.07,861.81,1253200,875.554,824.34,786.655,62.355,27.596,24.187,3.409,824.34,905.34,743.34
2024-05-08,860.07,868.61,854.47,864.75,1181700,871.512,828.744,789.795,63.029,26.632,24.676,1.956,828.744,908.397,749.092
2024-05-09,867.97,885.88,863.47,881.47,1377700,871.402,833.7,793.028,66.682,26.907,25.122,1.785,833.7,913.534,753.866
2024-05-10,950.27,976.91,932.36,975.08,3565200,892.034,843.648,798.115,79.121,34.283,26.954,7.329,843.648,940.944,746.353
2024-05-13,962.67,962.67,921.8,948.9,2507200,906.402,852.357,802.625,71.124,37.583,29.08,8.503,852.357,954.726,749.988
2024-05-14,941.55,961.76,929.61,953.03,1465300,924.646,860.174,806.992,71.611,40.069,31.278,8.792,860.174,968.356,751.992
2024-05-15,946.14,955.33,928.23,939.25,2127300,939.546,866.522,811.136,67.516,40.462,33.115,7.347,866.522,977.732,755.311
2024-05-16,939.71,941.09,911.51,917.94,2063400,946.84,871.726,814.568,61.644,38.608,34.213,4.395,871.726,982.299,761.152
2024-05-17,918.58,943.38,915.0,935.12,2228900,938.848,879.428,818.678,64.337,38.086,34.988,3.098,879.428,984.749,774.107
2024-05-20,941.55,954.87,930.06,954.87,1756500,940.042,888.692,823.049,67.189,38.819,35.754,3.065,888.692,985.592,791.792
2024-05-21,955.33,973.24,948.9,958.08,1931100,941.052,896.137,827.293,67.641,39.207,36.445,2.762,896.137,990.152,802.122
2024-05-22,955.78,968.19,950.27,959.92,1318300,945.186,903.283,830.953,67.915,39.21,36.998,2.213,903.283,993.624,812.943
2024-05-23,940.17,952.11,930.52,942.01,1712500,950.0,908.248,833.864,62.389,37.338,37.066,0.272,908.248,995.432,821.065
2024-05-24,929.61,953.49,926.39,942.01,1441200,951.378,913.002,837.445,62.389,35.445,36.742,-1.297,913.002,996.394,829.611
2024-05-27,942.01,953.03,938.79,952.11,945300,950.826,917.898,841.504,64.29,34.364,36.266,-1.902,917.898,998.192,837.605
2024-05-28,953.95,968.65,947.98,956.24,999000,950.458,922.928,845.636,65.067,33.455,35.704,-2.249,922.928,999.311,846.544
2024-05-29,968.19,985.64,957.16,958.54,1985700,950.182,926.606,849.78,65.517,32.545,35.072,-2.527,926.606,1002.376,850.837
2024-05-30,952.11,969.1,947.52,965.43,1054100,954.866,930.777,854.132,66.893,32.01,34.46,-2.449,930.777,1005.387,856.167
2024-05-31,978.29,1004.47,977.37,993.45,2816500,965.154,936.853,858.971,71.819,33.462,34.26,-0.798,936.853,1011.075,862.632
2024-06-03,1006.77,1023.76,1003.55,1004.47,1665900,975.626,943.224,863.98,73.489,35.097,34.428,0.67,943.224,1017.707,868.741
2024-06-04,995.28,1004.01,956.7,957.16,1664100,975.81,947.992,867.339,57.681,32.205,33.983,-1.778,947.992,1012.003,883.98
2024-06-05,931.9,932.82,909.86,919.04,2335100,967.91,950.706,869.479,48.608,26.53,32.492,-5.962,950.706,1003.471,897.941
2024-06-06,918.31,928.23,911.23,913.62,1422100,957.548,952.314,871.747,47.465,21.35,30.264,-8.914,952.314,997.631,906.996
2024-06-07,913.99,936.04,912.24,925.01,918100,943.86,949.81,874.305,50.12,17.956,27.802,-9.846,949.81,995.363,904.257
2024-06-10,934.2,941.09,918.31,928.23,1105800,928.612,948.776,876.708,50.876,15.35,25.312,-9.962,948.776,995.343,902.21
2024-06-11,930.52,937.87,918.03,918.03,796200,920.786,947.027,879.343,48.375,12.319,22.713,-10.394,947.027,995.511,898.542
2024-06-12,910.32,913.62,902.87,911.14,905900,919.206,945.621,881.464,46.705,9.255,20.022,-10.767,945.621,996.62,894.622
2024-06-13,912.06,918.4,891.94,898.19,1018800,916.12,944.633,883.858,43.655,5.715,17.16,-11.445,944.633,998.569,890.698
2024-06-14,889.19,910.96,886.43,908.48,1851400,912.814,943.301,886.618,46.637,3.698,14.468,-10.77,943.301,999.495,887.108
2024-06-17,901.68,913.07,883.4,888.27,1505300,904.822,939.972,888.76,41.942,0.463,11.667,-11.204,939.972,1000.967,878.976
2024-06-18,899.94,899.94,873.11,885.7,1219500,898.356,936.352,890.847,41.371,-2.282,8.877,-11.159,936.352,1001.286,871.419
2024-06-19,886.43,916.01,886.43,905.26,1201700,897.18,933.62,893.419,47.251,-2.846,6.533,-9.378,933.62,998.976,868.263
2024-06-20,895.62,896.81,881.84,888.54,1531200,895.25,930.946,895.542,43.258,-4.589,4.308,-8.897,930.946,999.169,862.723
2024-06-21,896.54,901.68,888.64,891.76,1981800,891.906,928.433,897.855,44.235,-5.646,2.317,-7.963,928.433,998.614,858.253
2024-06-24,891.85,902.6,879.73,896.35,1267900,893.522,925.646,900.288,45.672,-6.043,0.645,-6.689,925.646,996.294,854.997
2024-06-25,906.27,927.77,903.61,922.72,1074200,900.926,923.97,902.808,53.141,-4.182,-0.32,-3.862,923.97,993.137,854.802
2024-06-26,922.72,930.52,916.75,927.77,1039400,905.428,922.431,905.118,54.434,-2.274,-0.711,-1.563,922.431,989.704,855.158
2024-06-27,927.77,936.49,925.01,929.61,1341200,913.642,920.64,907.433,54.921,-0.605,-0.69,0.084,920.64,984.934,856.346
2024-06-28,936.95,955.78,935.12,943.38,1562900,923.966,918.136,910.679,58.501,1.807,-0.19,1.997,918.136,973.815,862.458
2024-07-01,955.33,959.46,935.58,955.78,1139000,935.852,915.702,914.403,61.469,4.665,0.781,3.885,915.702,958.18,873.224
2024-07-02,954.87,967.73,951.19,960.38,1449400,943.384,915.863,917.427,62.539,7.219,2.068,5.15,915.863,959.021,872.705
2024-07-03,959.46,962.21,933.74,937.87,1214500,945.404,916.804,919.844,54.554,7.341,3.123,4.218,916.804,961.062,872.547
2024-07-04,943.38,953.95,930.98,953.95,1180000,950.272,918.821,922.069,58.619,8.636,4.226,4.411,918.821,966.044,871.598
2024-07-05,955.33,956.7,936.04,938.33,705600,949.262,919.487,923.897,53.603,8.307,5.042,3.265,919.487,967.447,871.527
2024-07-08,933.74,933.74,911.97,921.8,1184400,942.466,919.166,925.249,48.841,6.635,5.36,1.275,919.166,966.965,871.366
2024-07-09,930.98,934.66,922.26,931.44,787200,936.678,919.836,926.765,51.545,6.019,5.492,0.527,919.836,967.943,871.729
2024-07-10,934.2,942.47,922.26,934.2,868200,935.944,920.989,927.75,52.322,5.687,5.531,0.156,920.989,969.324,872.654
2024-07-11,946.14,949.35,930.06,932.82,926400,931.718,922.72,928.766,51.874,5.253,5.475,-0.223,922.72,970.088,875.353
2024-07-12,930.52,936.95,923.18,930.06,1158300,930.064,923.8,929.929,50.935,4.632,5.307,-0.674,923.8,970.782,876.817
2024-07-16,925.93,949.35,921.34,936.95,908000,933.094,926.234,931.126,53.212,4.643,5.174,-0.531,926.234,970.427,882.04
2024-07-17,946.14,948.44,934.66,940.63,562800,934.932,928.98,932.703,54.428,4.892,5.118,-0.225,928.98,969.218,888.742
2024-07-18,936.95,945.68,927.31,935.12,728600,935.116,930.473,934.11,52.238,4.592,5.013,-0.421,930.473,969.192,891.754
2024-07-19,934.66,934.66,920.88,932.36,517300,935.024,932.664,935.128,51.128,4.084,4.827,-0.743,932.664,965.974,899.354
2024-07-22,935.58,939.25,919.96,925.01,524700,934.014,934.326,934.127,48.192,3.054,4.472,-1.419,934.326,961.858,906.795
2024-07-23,932.36,940.63,925.47,936.49,788600,933.922,936.334,933.878,52.756,3.127,4.203,-1.076,936.334,957.271,915.396
2024-07-24,933.74,940.63,924.09,926.39,583400,931.074,936.517,933.346,48.692,2.344,3.831,-1.488,936.517,957.012,916.022
2024-07-25,915.18,917.02,883.68,885.51,1234500,921.152,934.404,932.271,36.453,-1.558,2.753,-4.312,934.404,964.947,903.861
2024-07-26,889.74,894.88,874.03,880.37,1033200,910.754,931.942,931.519,35.253,-5.007,1.201,-6.209,931.942,970.893,892.991
2024-07-29,892.86,905.54,880.92,902.51,789500,906.254,929.898,930.867,43.829,-5.887,-0.216,-5.67,929.898,970.573,889.224
2024-07-30,896.26,904.44,889.19,895.34,970600,898.024,926.877,929.677,41.894,-7.08,-1.589,-5.491,926.877,968.426,885.327
2024-07-31,901.68,950.27,896.9,949.35,2169800,902.616,926.325,929.502,57.219,-3.626,-1.997,-1.63,926.325,966.264,886.386
2024-08-01,948.9,966.81,938.79,958.08,1856800,917.13,927.336,929.465,59.097,-0.183,-1.634,1.451,927.336,969.467,885.204
2024-08-02,931.44,964.97,862.46,862.46,2355300,913.548,922.761,927.874,38.937,-5.11,-2.329,-2.781,922.761,971.994,873.528
2024-08-05,724.67,751.95,724.67,724.67,2410600,877.98,912.078,923.527,25.459,-19.904,-5.844,-14.06,912.078,1012.842,811.314
2024-08-06,756.64,796.5,708.69,729.26,3004400,844.764,902.451,919.07,26.373,-30.902,-10.856,-20.047,902.451,1031.987,772.915
2024-08-07,701.71,794.94,698.67,773.91,2456800,809.676,894.574,915.424,34.757,-35.605,-15.806,-19.799,894.574,1035.358,753.791
2024-08-08,746.35,780.06,746.35,753.15,1471200,768.69,885.522,911.316,32.882,-40.54,-20.752,-19.787,885.522,1038.345,732.699
2024-08-09,780.7,788.14,761.32,772.99,1535900,750.796,877.531,907.467,36.412,-42.361,-25.074,-17.287,877.531,1036.531,718.53
2024-08-13,772.16,801.37,771.61,801.37,1134500,766.136,871.096,903.626,41.177,-41.042,-28.268,-12.774,871.096,1031.555,710.637
2024-08-14,803.67,840.23,802.47,817.91,1097400,783.866,865.144,899.894,43.82,-38.221,-30.258,-7.962,865.144,1024.142,706.146
2024-08-15,827.46,857.68,819.65,844.54,1564400,797.992,860.34,897.642,47.88,-33.451,-30.897,-2.554,860.34,1015.494,705.185
2024-08-16,872.1,885.42,865.95,881.75,1140700,823.712,857.671,896.896,52.992,-26.364,-29.99,3.626,857.671,1009.204,706.138
2024-08-19,872.84,881.66,860.44,860.44,811300,841.202,854.075,895.833,49.969,-22.211,-28.434,6.223,854.075,1001.503,706.647
2024-08-20,874.21,874.21,855.75,857.4,653700,852.408,850.694,894.48,49.535,-18.947,-26.537,7.59,850.694,994.325,707.064
2024-08-21,843.63,851.34,835.91,848.13,723300,858.452,846.276,892.878,48.161,-16.913,-24.612,7.699,846.276,984.115,708.438
2024-08-22,848.04,848.4,831.59,837.75,1134900,857.094,841.844,891.273,46.603,-15.955,-22.881,6.926,841.844,974.437,709.252
2024-08-23,844.64,853.27,834.53,846.57,960700,850.058,839.898,889.981,48.138,-14.319,-21.168,6.85,839.898,970.925,708.87
2024-08-26,850.61,852.44,818.18,821.67,856800,842.304,836.962,888.451,44.267,-14.86,-19.907,5.047,836.962,966.797,707.128
2024-08-27,823.33,836.28,816.99,833.34,785000,837.492,833.504,886.948,46.441,-14.184,-18.762,4.578,833.504,959.618,707.39
2024-08-28,843.26,858.14,835.91,851.43,1478200,838.152,831.309,886.211,49.715,-12.049,-17.419,5.37,831.309,954.382,708.235
2024-08-29,867.97,893.23,863.38,884.69,2623300,847.54,828.076,886.191,55.145,-7.586,-15.453,7.866,828.076,941.078,715.073
2024-08-30,884.69,895.53,873.48,891.58,1667400,856.542,824.751,885.918,56.2,-3.454,-13.053,9.599,824.751,924.82,724.681
2024-09-02,905.35,912.98,893.14,903.06,1034700,872.82,826.781,886.208,57.974,0.739,-10.295,11.034,826.781,931.606,721.955
2024-09-03,913.53,932.36,913.07,930.52,1075700,892.256,837.073,886.983,61.944,6.206,-6.994,13.201,837.073,940.092,734.054
2024-09-04,902.97,912.43,887.17,888.54,1254400,899.678,845.037,886.827,53.607,7.07,-4.181,11.252,845.037,936.996,753.078
2024-09-05,862.55,894.61,857.13,881.47,1201300,899.034,850.415,886.002,52.329,7.103,-1.925,9.027,850.415,937.3,763.53
2024-09-06,884.59,895.99,879.08,884.04,1322200,897.526,856.959,885.127,52.77,7.252,-0.089,7.341,856.959,931.893,782.026
2024-09-09,855.75,869.81,839.95,857.77,1133200,888.468,861.199,883.691,47.897,5.191,0.967,4.224,861.199,924.878,797.519
2024-09-10,858.78,893.78,858.78,882.3,1199700,878.824,865.245,882.469,52.324,5.473,1.868,3.605,865.245,922.919,807.571
2024-09-11,872.65,875.59,839.12,840.5,1691700,869.216,866.375,880.163,45.266,2.298,1.954,0.344,866.375,920.947,811.802
2024-09-12,854.28,868.43,845.28,854.47,1598000,863.816,866.871,878.045,47.8,0.898,1.743,-0.844,866.871,920.784,812.958
2024-09-13,857.96,866.77,849.32,851.99,1974900,857.406,865.383,876.328,47.381,-0.406,1.313,-1.719,865.383,919.209,811.557
2024-09-17,854.47,858.6,813.22,833.25,2067100,852.502,864.024,873.914,44.223,-2.919,0.467,-3.385,864.024,919.716,808.331
2024-09-18,846.29,856.03,835.82,856.03,1943900,847.248,863.955,872.268,48.699,-3.037,-0.234,-2.803,863.955,919.686,808.224
2024-09-19,872.65,888.18,864.39,865.4,1648300,852.228,864.818,871.14,50.46,-2.347,-0.657,-1.69,864.818,920.05,809.587
2024-09-20,877.71,884.41,843.63,843.63,7451300,850.06,865.112,869.383,46.469,-3.516,-1.229,-2.288,865.112,919.797,810.428
2024-09-24,852.63,853.0,817.91,817.91,2520300,843.244,863.68,867.058,42.22,-6.444,-2.272,-4.173,863.68,921.804,805.555
2024-09-25,817.54,819.83,791.91,795.22,2016900,835.638,862.357,864.306,38.846,-10.475,-3.912,-6.563,862.357,925.493,799.221
2024-09-26,798.89,811.29,789.98,809.64,2405400,826.36,861.172,861.897,42.017,-12.363,-5.603,-6.761,861.172,927.415,794.929
2024-09-27,817.72,822.23,798.64,802.31,2052300,813.742,858.716,859.204,40.857,-14.286,-7.339,-6.947,858.716,929.935,787.497
2024-09-30,813.21,844.42,813.02,825.05,2303000,810.026,855.734,856.893,45.852,-13.816,-8.635,-5.182,855.734,927.367,784.101
2024-10-01,824.96,855.22,819.13,838.49,1661000,814.142,853.08,854.96,48.614,-12.219,-9.352,-2.867,853.08,923.034,783.125
2024-10-02,826.37,845.45,813.21,816.78,1683400,818.454,848.766,852.649,44.652,-12.559,-9.993,-2.566,848.766,916.344,781.187
2024-10-03,830.88,835.39,809.26,812.83,1688500,819.092,842.881,850.405,43.95,-12.998,-10.594,-2.404,842.881,900.203,785.559
2024-10-04,826.18,841.41,820.54,832.57,1389100,825.144,840.082,848.327,48.321,-11.619,-10.799,-0.82,840.082,893.339,786.826
2024-10-07,849.49,878.63,843.29,864.44,2461800,833.022,839.231,847.088,54.493,-7.864,-10.212,2.348,839.231,890.197,788.265
2024-10-08,855.41,857.57,819.23,829.85,2079100,831.294,836.522,845.974,47.818,-7.592,-9.688,2.096,836.522,883.023,790.02
2024-10-09,835.67,843.29,824.68,828.34,1252600,833.606,835.05,844.934,47.545,-7.412,-9.233,1.821,835.05,880.573,789.527
2024-10-10,832.1,837.46,824.68,831.63,907300,837.366,832.516,843.516,48.24,-6.925,-8.771,1.846,832.516,872.238,792.795
2024-10-11,840.09,847.23,831.91,834.92,1426500,837.836,832.238,842.308,48.968,-6.202,-8.257,2.056,832.238,871.801,792.674
2024-10-15,845.92,862.65,844.23,855.79,1769200,836.106,832.304,840.437,53.444,-3.899,-7.386,3.486,832.304,872.027,792.58
2024-10-16,850.62,871.58,844.32,861.8,1696800,842.496,832.794,838.511,54.677,-1.572,-6.223,4.651,832.794,873.764,791.824
2024-10-17,871.48,879.38,864.53,864.53,1463700,849.734,834.358,838.552,55.257,0.488,-4.881,5.368,834.358,877.719,790.997
2024-10-18,876.0,883.89,864.25,872.71,1173200,857.95,835.192,841.513,57.03,2.748,-3.355,6.103,835.192,880.887,789.497
2024-10-21,864.72,864.81,829.38,831.44,1347800,857.254,833.494,843.557,46.926,1.195,-2.445,3.64,833.494,876.931,790.057
2024-10-22,827.12,833.42,817.72,821.95,1231800,850.486,832.41,844.518,44.953,-0.792,-2.114,1.323,832.41,875.864,788.956
2024-10-23,819.98,825.71,807.1,809.54,1164700,840.034,831.992,845.645,42.441,-3.329,-2.357,-0.972,831.992,876.188,787.795
2024-10-24,809.54,816.31,798.92,805.22,1059800,828.172,832.491,846.29,41.57,-5.624,-3.011,-2.614,832.491,875.136,789.847
2024-10-25,797.89,804.66,790.46,800.8,1132800,813.79,832.05,846.279,40.651,-7.711,-3.951,-3.76,832.05,875.858,788.241
2024-10-28,790.18,810.3,784.92,803.25,1001300,808.152,832.096,845.985,41.424,-9.062,-4.973,-4.089,832.096,875.773,788.42
2024-10-29,808.89,826.93,806.44,822.23,1161800,808.208,831.956,845.539,47.166,-8.504,-5.679,-2.825,831.956,875.746,788.165
2024-10-30,821.48,827.31,814.06,823.74,5424400,811.048,831.218,844.379,47.606,-7.849,-6.113,-1.736,831.218,875.042,787.394
2024-10-31,832.57,837.46,812.55,816.5,1277900,813.304,831.204,843.5,45.643,-7.824,-6.455,-1.369,831.204,875.047,787.361
2024-11-01,808.32,838.4,804.56,834.08,1526000,819.96,832.266,843.034,50.934,-6.313,-6.427,0.114,832.266,875.256,789.277
2024-11-05,836.05,860.02,834.17,860.02,1639900,831.314,833.639,843.272,57.506,-2.987,-5.739,2.751,833.639,878.387,788.891
2024-11-06,861.9,898.27,849.87,897.61,1765000,846.39,835.298,844.469,64.852,2.651,-4.061,6.711,835.298,886.801,783.794
2024-11-07,924.87,939.91,907.67,918.29,2110300,865.3,839.719,845.903,68.118,8.687,-1.511,10.198,839.719,903.076,776.363
2024-11-08,918.39,921.02,909.08,909.08,1494500,883.816,843.757,847.651,65.212,12.583,1.308,11.275,843.757,913.977,773.536
2024-11-11,914.63,924.03,898.84,913.59,1403500,899.718,847.854,849.256,65.977,15.852,4.216,11.635,847.854,924.379,771.33
2024-11-12,960.12,995.83,959.18,980.8,2720600,923.874,855.148,851.844,74.856,23.593,8.092,15.502,855.148,951.677,758.62
2024-11-13,981.27,986.91,957.3,968.58,1859000,938.068,860.788,853.522,71.217,28.415,12.157,16.259,860.788,969.841,751.735
2024-11-14,968.11,975.16,952.13,973.28,1658700,949.066,866.362,855.156,71.785,32.244,16.174,16.07,866.362,986.468,746.256
2024-11-15,980.33,980.33,937.47,954.48,2806600,958.146,870.86,856.184,66.16,33.377,19.615,13.762,870.86,997.249,744.47
2024-11-18,955.89,965.29,948.37,962.47,1320300,967.922,875.348,856.823,67.332,34.521,22.596,11.925,875.348,1008.222,742.473
2024-11-19,968.58,974.22,954.01,972.81,966400,966.324,882.416,858.508,68.835,35.849,25.247,10.603,882.416,1020.399,744.433
2024-11-20,959.65,962.94,946.02,954.95,1031800,963.598,889.066,859.978,63.406,35.057,27.209,7.848,889.066,1027.597,750.535
2024-11-21,958.24,991.61,956.83,978.92,2140800,964.726,897.535,861.876,67.151,35.948,28.956,6.992,897.535,1036.305,758.765
2024-11-22,985.03,990.67,979.86,985.03,1610500,970.836,906.526,864.421,68.048,36.724,30.51,6.214,906.526,1043.399,769.652
2024-11-25,996.3,1014.16,992.07,1006.17,1922100,979.576,916.794,866.898,71.001,38.6,32.128,6.472,916.794,1051.061,782.527
2024-11-26,1001.0,1006.64,985.97,991.61,1540900,983.336,926.212,869.92,66.447,38.469,33.396,5.073,926.212,1053.17,799.254
2024-11-27,988.32,999.12,984.56,989.73,1407400,990.292,934.587,872.626,65.859,37.777,34.272,3.505,934.587,1054.571,814.603
2024-11-28,980.33,999.12,973.75,999.12,1897700,994.332,943.356,875.568,67.409,37.554,34.929,2.625,943.356,1054.542,832.17
2024-11-29,1006.64,1029.2,994.42,1024.03,1226200,1002.132,953.732,879.384,71.15,38.938,35.731,3.208,953.732,1053.187,854.278
2024-12-02,1027.32,1047.06,1020.74,1045.65,1968600,1010.028,964.311,883.176,73.946,41.304,36.845,4.459,964.311,1054.78,873.842
2024-12-03,1056.93,1064.92,1043.77,1052.7,1444800,1022.246,973.945,886.922,74.803,43.249,38.126,5.123,973.945,1058.496,889.394
2024-12-04,1049.41,1055.05,1024.5,1027.79,1172900,1029.858,980.454,890.605,66.479,42.293,38.959,3.333,980.454,1060.167,900.741
2024-12-05,1033.9,1048.47,1026.38,1047.06,1102500,1039.446,986.892,895.188,69.323,42.599,39.687,2.912,986.892,1066.265,907.52
2024-12-06,1053.17,1062.57,1045.65,1051.29,1027300,1044.898,994.003,900.31,69.926,42.691,40.288,2.403,994.003,1069.405,918.601
2024-12-09,1054.11,1059.75,1037.66,1055.05,1267600,1046.778,1001.076,905.218,70.482,42.576,40.746,1.831,1001.076,1071.062,931.09
2024-12-10,1062.1,1071.03,1055.05,1055.05,1040700,1047.248,1004.788,910.273,70.482,42.001,40.997,1.004,1004.788,1078.047,931.53
2024-12-11,1061.16,1064.92,1050.35,1059.75,1027600,1053.64,1009.347,914.967,71.252,41.447,41.087,0.36,1009.347,1084.442,934.252
2024-12-12,1071.5,1079.02,1065.86,1065.86,1065600,1057.4,1013.976,919.514,72.264,41.028,41.075,-0.047,1013.976,1091.096,936.856
2024-12-13,1054.11,1065.39,1046.12,1056.46,1409500,1058.434,1019.075,924.308,68.279,39.482,40.756,-1.274,1019.075,1093.054,945.096
2024-12-16,1057.4,1059.75,1035.31,1046.59,903500,1056.742,1023.281,928.983,64.271,37.034,40.012,-2.978,1023.281,1093.161,953.401
2024-12-17,1052.7,1059.75,1031.08,1031.08,710700,1051.948,1026.195,932.953,58.463,33.456,38.701,-5.245,1026.195,1091.951,960.438
2024-12-18,1021.21,1044.71,1018.39,1033.9,750800,1046.778,1030.142,936.342,59.185,30.497,37.06,-6.563,1030.142,1086.731,973.553
2024-12-19,980.8,1030.14,980.8,1025.44,900300,1038.694,1032.468,940.254,56.037,27.156,35.079,-7.923,1032.468,1083.769,981.167
2024-12-20,1025.44,1025.91,1001.0,1005.7,2015200,1028.542,1033.502,943.801,49.431,22.654,32.594,-9.94,1033.502,1081.505,985.498
2024-12-23,1001.0,1011.81,994.42,1011.34,1706000,1021.492,1033.76,947.396,51.201,19.319,29.939,-10.62,1033.76,1081.197,986.323
2024-12-24,1013.69,1019.8,1007.58,1018.39,1138600,1018.954,1035.099,951.065,53.397,17.048,27.361,-10.313,1035.099,1078.898,991.3
2024-12-25,1017.92,1019.33,987.85,997.71,1011700,1011.716,1035.498,953.903,46.751,13.425,24.574,-11.149,1035.498,1077.672,993.324
2024-12-26,989.73,1000.53,984.09,1000.53,801800,1006.734,1035.568,956.678,47.707,10.659,21.791,-11.132,1035.568,1077.491,993.646
2024-12-27,1000.53,1006.17,995.83,1002.88,686800,1006.17,1034.511,959.445,48.536,8.557,19.144,-10.587,1034.511,1078.666,990.356
2024-12-30,1008.05,1016.04,996.77,1001.94,616400,1004.29,1032.325,962.03,48.207,6.738,16.663,-9.925,1032.325,1078.443,986.208
2025-01-06,1003.35,1011.34,987.38,999.12,822700,1000.436,1029.647,965.383,47.173,5.011,14.332,-9.321,1029.647,1076.989,982.304
2025-01-07,998.65,1005.7,988.32,993.02,861600,999.498,1027.908,968.805,44.929,3.114,12.089,-8.975,1027.908,1078.011,977.805
2025-01-08,988.79,1006.17,988.79,998.18,1107500,999.028,1025.464,972.577,47.216,2.004,10.072,-8.068,1025.464,1076.395,974.533
2025-01-09,1000.53,1001.94,983.62,984.09,815000,995.27,1022.104,976.155,42.076,-0.012,8.055,-8.067,1022.104,1074.701,969.507
2025-01-10,986.44,987.38,962.47,966.7,1150800,988.222,1017.686,979.473,36.758,-2.979,5.848,-8.827,1017.686,1073.382,961.991
2025-01-14,966.7,973.28,950.25,954.95,921600,979.388,1012.682,982.507,33.662,-6.207,3.437,-9.644,1012.682,1072.105,953.258
2025-01-15,965.29,976.1,956.36,976.1,758700,976.004,1008.499,985.584,42.973,-6.978,1.354,-8.332,1008.499,1065.708,951.29
2025-01-16,985.5,991.14,976.57,983.15,655100,972.998,1004.364,988.772,45.708,-6.94,-0.305,-6.635,1004.364,1055.778,952.949
2025-01-17,968.11,976.1,945.55,973.75,996100,970.93,1000.228,991.917,42.763,-7.581,-1.76,-5.821,1000.228,1047.104,953.352
2025-01-20,979.86,989.26,975.63,986.44,631900,974.878,997.221,994.965,47.666,-6.985,-2.805,-4.18,997.221,1039.015,955.426
2025-01-21,1013.22,1024.97,989.73,1001.94,1158100,984.276,995.764,997.803,52.965,-5.202,-3.284,-1.917,995.764,1034.508,957.019
2025-01-22,1006.64,1013.22,994.42,994.42,907000,987.94,993.79,999.739,50.304,-4.345,-3.496,-0.849,993.79,1028.125,959.454
2025-01-23,994.42,1001.0,985.5,1001.0,753900,991.51,992.567,1001.393,52.551,-3.099,-3.417,0.318,992.567,1023.756,961.379
2025-01-24,1005.23,1007.58,986.44,1001.0,735700,996.96,992.332,1003.232,52.551,-2.088,-3.151,1.063,992.332,1023.173,961.492
2025-01-27,1010.4,1022.15,1006.64,1006.64,973700,1001.0,992.097,1005.093,54.592,-0.822,-2.685,1.863,992.097,1022.395,961.8
2025-01-28,1001.0,1027.79,996.77,1024.03,811800,1005.418,992.38,1005.957,60.266,1.566,-1.835,3.401,992.38,1023.792,960.967
2025-01-29,1029.2,1031.08,1016.51,1029.2,524400,1012.374,993.954,1007.17,61.795,3.832,-0.702,4.534,993.954,1029.39,958.518
2025-01-30,1032.02,1046.12,1027.79,1044.24,823000,1021.022,996.14,1008.589,65.904,6.763,0.791,5.972,996.14,1038.078,954.201
2025-01-31,1054.58,1058.34,1040.48,1053.64,717300,1031.55,998.678,1010.572,68.206,9.733,2.58,7.153,998.678,1047.853,949.502
2025-02-03,1037.19,1048.47,1020.74,1022.15,1214600,1034.652,999.688,1011.766,54.848,9.436,3.951,5.485,999.688,1049.964,949.412
2025-02-04,1037.66,1047.53,1031.55,1041.42,1215000,1038.13,1001.803,1013.138,60.009,10.634,5.287,5.346,1001.803,1055.426,948.18
2025-02-05,986.91,1017.45,976.57,984.09,2507500,1029.108,1001.356,1013.721,43.922,6.877,5.605,1.272,1001.356,1055.434,947.279
2025-02-06,984.09,1002.41,984.09,985.5,1147000,1017.36,1000.722,1013.852,44.318,3.968,5.278,-1.31,1000.722,1055.253,946.192
2025-02-07,990.67,991.14,974.22,983.62,842300,1003.356,1000.699,1013.824,43.873,1.494,4.521,-3.027,1000.699,1055.26,946.138
2025-02-10,982.21,985.97,971.4,978.92,707100,994.71,1001.31,1013.279,42.721,-0.836,3.45,-4.286,1001.31,1054.525,948.095
2025-02-12,983.15,985.03,965.29,973.75,899500,981.176,1002.25,1012.922,41.431,-3.065,2.147,-5.212,1002.25,1052.604,951.896
2025-02-13,977.98,986.91,969.05,975.63,862600,979.484,1002.226,1012.64,42.116,-4.626,0.792,-5.419,1002.226,1052.632,951.821
2025-02-14,975.63,1000.06,970.46,998.18,1343200,982.02,1002.978,1012.621,49.705,-3.998,-0.166,-3.832,1002.978,1052.629,953.327
2025-02-17,1001.0,1008.52,995.36,1004.29,692100,986.154,1004.505,1012.226,51.559,-2.973,-0.727,-2.246,1004.505,1052.211,956.799
2025-02-18,1008.52,1018.86,987.85,1016.98,834900,993.766,1006.032,1011.653,55.247,-1.123,-0.807,-0.317,1006.032,1053.256,958.808
2025-02-19,1017.45,1030.14,988.79,996.3,907800,998.276,1005.75,1010.525,48.735,-1.311,-0.908,-0.404,1005.75,1053.144,958.356
2025-02-20,994.42,996.3,971.4,988.32,1087400,1000.814,1005.445,1009.736,46.459,-2.08,-1.142,-0.938,1005.445,1053.223,957.667
2025-02-21,993.95,1054.11,985.03,1042.83,3024500,1009.744,1007.537,1009.651,60.149,1.69,-0.576,2.265,1007.537,1058.078,956.995
2025-02-25,1024.97,1033.43,1010.87,1013.69,1443700,1011.624,1008.171,1008.899,52.431,2.299,-0.001,2.3,1008.171,1058.685,957.657
2025-02-26,1020.27,1021.68,994.42,1002.41,1300800,1008.71,1007.959,1007.846,49.769,1.851,0.37,1.481,1007.959,1058.536,957.383
2025-02-27,1058.81,1068.21,1040.01,1057.4,2286800,1020.93,1009.628,1007.893,60.341,5.865,1.469,4.396,1009.628,1064.46,954.796
2025-02-28,1065.86,1078.55,1057.4,1065.86,2991100,1036.438,1011.461,1008.015,61.677,9.618,3.099,6.52,1011.461,1071.272,951.65
2025-03-03,1078.55,1082.31,1053.64,1071.03,1696000,1042.078,1012.8,1008.119,62.508,12.862,5.051,7.81,1012.8,1076.759,948.842
2025-03-04,1071.97,1080.43,1056.93,1068.68,1042200,1053.076,1013.553,1008.363,61.852,15.069,7.055,8.014,1013.553,1079.844,947.261
2025-03-05,1077.61,1118.02,1072.91,1106.27,2109100,1073.848,1017.758,1009.557,67.699,19.625,9.569,10.056,1017.758,1095.953,939.564
2025-03-06,1117.55,1137.29,1115.2,1131.65,1448900,1088.698,1022.27,1011.568,70.937,24.995,12.654,12.341,1022.27,1115.23,929.31
2025-03-07,1124.6,1129.3,1102.98,1113.79,1808400,1098.284,1028.755,1013.166,65.928,27.493,15.622,11.871,1028.755,1128.359,929.151
2025-03-10,1112.38,1114.26,1088.89,1094.06,1405900,1102.89,1034.183,1014.538,60.818,27.563,18.01,9.553,1034.183,1135.676,932.69
2025-03-11,1056.46,1076.67,1037.66,1071.5,2210800,1103.454,1038.577,1015.854,55.519,25.504,19.509,5.995,1038.577,1138.449,938.705
2025-03-12,1079.96,1116.61,1078.08,1108.15,1654800,1103.83,1045.039,1017.791,61.402,26.524,20.912,5.612,1045.039,1145.38,944.697
2025-03-13,1118.02,1129.3,1109.56,1118.49,1452900,1101.198,1052.276,1019.793,62.894,27.846,22.299,5.547,1052.276,1151.844,952.707
2025-03-14,1118.49,1145.28,1110.03,1138.23,1335400,1106.086,1060.406,1022.603,65.624,30.139,23.867,6.272,1060.406,1160.176,960.635
2025-03-17,1193.69,1196.51,1157.97,1166.9,2968500,1120.654,1068.842,1025.93,69.172,33.879,25.869,8.009,1068.842,1174.799,962.884
2025-03-18,1169.25,1195.57,1164.08,1187.11,2296300,1143.776,1077.982,1029.615,71.412,38.035,28.302,9.733,1077.982,1191.748,964.217
2025-03-19,1181.47,1195.1,1175.36,1195.1,1655500,1161.166,1086.888,1033.478,72.27,41.495,30.941,10.554,1086.888,1208.185,965.592
2025-03-21,1195.57,1228.46,1193.69,1220.0,1850900,1181.468,1098.074,1037.896,74.807,45.72,33.897,11.823,1098.074,1225.309,970.838
2025-03-24,1223.29,1227.52,1205.43,1215.77,1289800,1196.976,1109.446,1042.351,73.576,48.171,36.752,11.42,1109.446,1236.034,982.858
2025-03-25,1215.77,1218.12,1191.81,1200.27,1630900,1203.65,1117.318,1046.393,69.087,48.306,39.062,9.244,1117.318,1246.027,988.609
2025-03-26,1212.95,1218.59,1190.87,1216.71,1498100,1209.57,1127.469,1051.045,71.101,49.173,41.085,8.088,1127.469,1253.767,1001.171
2025-03-27,1216.24,1254.78,1209.66,1249.61,2808200,1220.472,1139.829,1056.703,74.659,51.916,43.251,8.665,1139.829,1262.939,1016.719
2025-03-28,1259.67,1271.64,1233.8,1237.16,1747500,1223.904,1148.817,1062.347,71.092,52.481,45.097,7.384,1148.817,1272.832,1024.802
2025-03-31,1183.99,1197.4,1166.27,1179.68,1378800,1216.686,1154.508,1066.419,57.447,47.74,45.625,2.114,1154.508,1272.809,1036.207
2025-04-01,1206.02,1211.77,1178.25,1182.08,1664100,1213.048,1160.06,1070.398,57.811,43.673,45.235,-1.562,1160.06,1272.124,1047.997
2025-04-02,1187.35,1188.78,1163.88,1183.03,1024200,1206.312,1165.778,1074.583,57.964,40.064,44.201,-4.137,1165.778,1269.575,1061.981
2025-04-03,1100.65,1123.16,1092.03,1114.54,2430000,1179.298,1166.192,1077.145,45.208,31.317,41.624,-10.307,1166.192,1269.052,1063.331
2025-04-04,1064.25,1077.66,1019.23,1048.93,2526700,1141.652,1162.056,1078.085,36.843,18.873,37.074,-18.201,1162.056,1276.737,1047.374
2025-04-07,938.76,974.69,916.73,935.89,3077200,1092.894,1153.16,1076.914,27.427,-0.109,29.637,-29.746,1153.16,1305.137,1001.184
2025-04-08,983.79,1042.7,978.04,1040.78,1605400,1064.634,1150.496,1077.71,42.191,-6.613,22.387,-29.0,1150.496,1308.58,992.413
2025-04-09,1012.05,1024.98,976.12,995.76,1895900,1027.18,1146.71,1077.605,38.565,-15.224,14.865,-30.089,1146.71,1315.993,977.426
2025-04-10,1118.38,1120.29,1068.56,1075.75,1236300,1019.422,1145.09,1078.987,47.241,-15.416,8.809,-24.225,1145.09,1316.533,973.646
2025-04-11,1026.89,1040.78,1011.57,1031.68,1079200,1015.972,1140.749,1079.14,43.589,-18.907,3.266,-22.172,1140.749,1319.278,962.22
2025-04-14,1034.56,1051.8,1024.98,1047.49,661900,1038.292,1136.212,1079.506,45.225,-20.165,-1.421,-18.744,1136.212,1319.557,952.867
2025-04-15,1057.55,1063.77,1048.93,1055.15,623100,1041.166,1130.625,1079.724,46.041,-20.31,-5.198,-15.111,1130.625,1316.821,944.428
2025-04-16,1068.08,1069.52,1037.91,1045.57,519400,1051.128,1123.548,1079.563,45.135,-20.956,-8.35,-12.606,1123.548,1311.456,935.639
2025-04-17,1053.72,1085.81,1043.66,1084.85,593000,1052.948,1118.035,1080.817,49.523,-18.09,-10.298,-7.792,1118.035,1303.558,932.512
2025-04-18,1099.7,1107.36,1086.76,1105.44,440600,1067.7,1112.307,1082.097,51.703,-13.996,-11.037,-2.958,1112.307,1291.543,933.071
2025-04-21,1086.28,1092.03,1074.79,1078.14,809200,1073.83,1105.426,1083.978,48.699,-12.807,-11.391,-1.415,1105.426,1278.394,932.457
2025-04-22,1074.79,1089.16,1068.08,1082.45,684500,1079.29,1099.535,1085.917,49.201,-11.385,-11.39,0.005,1099.535,1266.835,932.234
2025-04-23,1127.95,1134.18,1100.17,1103.53,775500,1090.882,1093.875,1088.316,51.69,-8.46,-10.804,2.344,1093.875,1251.886,935.865
2025-04-24,1132.26,1139.93,1110.23,1112.15,1589800,1096.342,1087.002,1090.98,52.71,-5.384,-9.72,4.336,1087.002,1227.476,946.529
2025-04-25,1115.02,1119.33,1096.82,1099.7,2022000,1095.194,1080.13,1093.499,51.034,-3.906,-8.557,4.651,1080.13,1201.871,958.388
2025-04-28,1099.7,1114.54,1098.26,1114.54,1685000,1102.474,1076.872,1096.277,52.954,-1.52,-7.15,5.63,1076.872,1190.624,963.121
2025-04-30,1115.98,1138.01,1115.02,1134.18,1350700,1112.82,1074.478,1098.997,55.445,1.934,-5.333,7.267,1074.478,1180.668,968.287
2025-05-01,1138.01,1141.84,1096.34,1101.13,1031700,1112.34,1070.383,1100.934,50.591,1.981,-3.87,5.851,1070.383,1164.587,976.178
2025-05-02,1088.68,1092.51,1051.8,1058.98,1763100,1101.706,1067.604,1101.774,45.161,-1.367,-3.369,2.003,1067.604,1159.577,975.632
2025-05-07,1052.76,1075.27,1044.61,1071.92,1768200,1096.15,1068.754,1103.287,47.04,-2.942,-3.284,0.342,1068.754,1160.317,977.191
2025-05-08,1063.29,1072.87,1058.03,1066.65,1257900,1086.572,1075.292,1104.853,46.344,-4.563,-3.54,-1.023,1075.292,1142.287,1008.297
2025-05-09,1081.02,1108.8,1073.83,1099.22,2738800,1079.58,1078.214,1105.981,51.157,-3.183,-3.468,0.286,1078.214,1143.958,1012.47
2025-05-12,1103.53,1152.38,1103.53,1140.41,1659500,1087.436,1085.446,1108.515,56.475,1.221,-2.53,3.751,1085.446,1144.481,1026.412
2025-05-13,1162.92,1185.43,1150.47,1152.38,1819100,1106.116,1089.278,1111.515,57.91,5.612,-0.902,6.514,1089.278,1155.207,1023.349
2025-05-14,1159.09,1177.77,1151.9,1168.19,1299200,1125.37,1096.104,1113.731,59.794,10.249,1.328,8.921,1096.104,1165.118,1027.089
2025-05-15,1158.13,1158.61,1125.56,1128.43,829700,1137.726,1100.151,1114.982,53.328,10.594,3.181,7.413,1100.151,1166.608,1033.693
2025-05-16,1130.83,1137.53,1100.17,1118.37,1085600,1141.556,1103.312,1115.929,51.801,9.941,4.533,5.408,1103.312,1166.699,1039.924
2025-05-19,1116.46,1127.0,1108.8,1120.29,900700,1137.532,1107.048,1116.961,52.083,9.469,5.52,3.949,1107.048,1164.65,1049.445
2025-05-20,1130.83,1138.01,1113.11,1123.64,1433000,1131.784,1108.987,1117.308,52.604,9.259,6.268,2.991,1108.987,1166.052,1051.922
2025-05-21,1123.64,1158.13,1122.69,1137.05,1840300,1125.556,1110.567,1117.416,54.726,10.058,7.026,3.032,1110.567,1168.955,1052.18
2025-05-22,1125.08,1147.59,1123.64,1137.05,1093700,1127.28,1113.513,1117.882,54.726,10.57,7.735,2.835,1113.513,1170.948,1056.078
2025-05-23,1147.59,1156.69,1138.97,1142.8,702200,1132.166,1116.53,1118.856,55.712,11.309,8.45,2.859,1116.53,1173.433,1059.628
2025-05-26,1139.93,1145.68,1129.87,1137.53,954200,1135.614,1118.231,1120.177,54.539,11.339,9.028,2.311,1118.231,1175.528,1060.933
2025-05-27,1129.39,1134.66,1118.85,1134.18,691100,1137.722,1119.332,1120.698,53.765,10.966,9.415,1.551,1119.332,1176.983,1061.681
2025-05-28,1136.58,1140.89,1118.85,1119.81,1200000,1134.274,1120.338,1120.724,50.455,9.402,9.413,-0.01,1120.338,1177.243,1063.432
2025-05-29,1119.81,1138.01,1118.85,1136.1,909200,1134.084,1121.416,1120.681,53.918,9.37,9.404,-0.034,1121.416,1178.675,1064.156
2025-05-30,1119.33,1143.76,1115.5,1143.76,2505800,1134.276,1121.894,1120.219,55.494,9.848,9.493,0.355,1121.894,1179.76,1064.029
2025-06-02,1135.62,1192.61,1135.14,1184.95,2405300,1143.76,1126.086,1120.175,62.848,13.397,10.274,3.123,1126.086,1189.495,1062.676
2025-06-03,1187.82,1191.18,1171.54,1171.54,1228200,1151.232,1131.714,1119.704,59.407,14.955,11.21,3.745,1131.714,1189.803,1073.624
2025-06-04,1173.93,1195.97,1173.93,1193.57,1072900,1165.984,1137.796,1119.176,62.992,17.762,12.52,5.242,1137.796,1194.992,1080.6
2025-06-05,1183.99,1183.99,1145.68,1148.07,941600,1168.378,1141.867,1117.822,52.648,16.13,13.242,2.887,1141.867,1188.324,1095.41
2025-06-06,1148.07,1155.25,1139.93,1142.32,690100,1168.09,1144.022,1116.663,51.497,14.208,13.435,0.773,1144.022,1185.925,1102.119
2025-06-09,1157.17,1157.17,1144.72,1153.34,513500,1161.768,1144.668,1115.395,53.591,13.42,13.432,-0.012,1144.668,1186.735,1102.602
2025-06-10,1154.3,1154.3,1131.31,1133.7,719900,1154.2,1143.734,1113.077,49.491,11.083,12.962,-1.88,1143.734,1185.91,1101.559
2025-06-11,1133.7,1136.1,1115.98,1117.42,838600,1138.97,1141.196,1110.682,46.326,7.826,11.935,-4.109,1141.196,1183.285,1099.107
2025-06-12,1115.02,1125.56,1111.19,1118.37,753500,1133.03,1140.693,1109.456,46.541,5.262,10.601,-5.339,1140.693,1183.656,1097.73
2025-06-13,1119.33,1124.6,1100.17,1114.06,959000,1127.378,1140.478,1108.096,45.649,2.849,9.05,-6.201,1140.478,1183.952,1097.003
2025-06-16,1127.48,1137.05,1121.73,1127.0,827700,1122.11,1140.813,1106.975,48.822,1.958,7.632,-5.674,1140.813,1183.731,1097.895
2025-06-17,1126.04,1153.34,1124.6,1151.42,1164300,1125.654,1142.202,1107.713,54.251,3.186,6.743,-3.557,1142.202,1184.575,1099.829
2025-06-18,1146.63,1158.61,1133.7,1158.61,955900,1133.892,1143.28,1109.906,55.739,4.685,6.331,-1.646,1143.28,1186.194,1100.366
2025-06-19,1162.44,1162.44,1151.42,1158.61,780900,1141.94,1144.358,1114.361,55.739,5.806,6.226,-0.42,1144.358,1187.695,1101.021
2025-06-20,1156.21,1165.79,1146.63,1153.34,1319000,1149.796,1144.885,1116.612,54.239,6.198,6.221,-0.022,1144.885,1188.398,1101.372
2025-06-23,1145.68,1147.59,1130.35,1138.97,1069000,1152.19,1144.957,1119.476,50.266,5.288,6.034,-0.746,1144.957,1188.423,1101.491
2025-06-24,1147.11,1150.94,1129.87,1136.58,1261600,1149.222,1145.077,1120.693,49.615,4.324,5.692,-1.368,1145.077,1188.431,1101.723
2025-06-25,1149.51,1154.78,1135.14,1150.94,1141600,1147.688,1146.634,1123.078,53.511,4.666,5.487,-0.821,1146.634,1188.373,1104.894
2025-06-26,1154.3,1161.96,1149.03,1161.96,773600,1148.358,1147.926,1125.367,56.303,5.759,5.541,0.218,1147.926,1189.894,1105.959
2025-06-27,1153.34,1174.41,1149.99,1160.52,884200,1149.794,1148.764,1127.475,55.831,6.435,5.72,0.715,1148.764,1191.05,1106.479
2025-06-30,1168.67,1174.41,1159.57,1159.57,753200,1153.914,1147.496,1129.755,55.5,6.815,5.939,0.876,1147.496,1186.613,1108.378
2025-07-01,1147.59,1166.75,1133.7,1162.44,767700,1159.086,1147.04,1131.306,56.341,7.265,6.204,1.06,1147.04,1185.18,1108.901
2025-07-02,1161.48,1172.02,1157.65,1162.92,477300,1161.482,1145.508,1132.456,56.489,7.572,6.478,1.094,1145.508,1177.788,1113.228
2025-07-03,1163.88,1169.62,1156.69,1160.52,498200,1161.194,1146.13,1134.104,55.476,7.535,6.689,0.846,1146.13,1179.092,1113.169
2025-07-04,1172.98,1182.08,1162.44,1176.81,595500,1164.452,1147.855,1135.991,60.636,8.72,7.095,1.625,1147.855,1183.479,1112.231
2025-07-07,1177.29,1182.56,1162.92,1175.37,527100,1167.612,1148.956,1137.428,59.975,9.434,7.563,1.871,1148.956,1186.599,1111.314
2025-07-08,1173.46,1176.33,1162.92,1170.1,729100,1169.144,1150.776,1138.587,57.501,9.466,7.944,1.522,1150.776,1188.831,1112.722
2025-07-09,1179.2,1191.66,1160.04,1189.26,929900,1174.412,1154.368,1140.378,63.409,10.911,8.537,2.374,1154.368,1192.727,1116.01
2025-07-10,1192.14,1203.15,1188.78,1203.15,850300,1182.938,1158.607,1142.15,66.991,13.027,9.435,3.592,1158.607,1198.905,1118.31
2025-07-11,1207.46,1234.28,1203.15,1208.42,769200,1189.26,1163.326,1143.635,68.261,14.957,10.54,4.417,1163.326,1203.757,1122.894
2025-07-14,1208.42,1225.18,1201.71,1219.91,656100,1198.168,1167.971,1146.01,70.89,17.215,11.875,5.34,1167.971,1212.018,1123.924
2025-07-15,1226.14,1238.59,1212.73,1219.91,768300,1208.13,1171.396,1149.229,70.89,18.788,13.257,5.531,1171.396,1220.396,1122.395
2025-07-16,1214.65,1224.23,1207.94,1217.04,647400,1213.686,1174.317,1152.131,69.229,19.577,14.521,5.056,1174.317,1226.941,1121.693
2025-07-17,1216.56,1259.67,1216.56,1256.79,1241700,1224.414,1179.226,1155.934,77.198,23.143,16.246,6.898,1179.226,1242.848,1115.604
2025-07-18,1263.5,1275.47,1258.23,1268.29,1295600,1236.388,1184.974,1159.316,78.901,26.591,18.315,8.276,1184.974,1258.714,1111.233
2025-07-22,1280.74,1299.42,1273.08,1285.05,2150200,1249.416,1192.278,1162.208,81.114,30.326,20.717,9.609,1192.278,1275.199,1109.356
2025-07-23,1302.78,1323.37,1278.83,1293.2,2068500,1264.074,1200.108,1165.025,82.098,33.557,23.285,10.272,1200.108,1290.158,1110.059
2025-07-24,1314.75,1343.01,1280.74,1336.78,1976600,1288.022,1209.4,1168.397,86.227,39.183,26.465,12.718,1209.4,1315.083,1103.718
2025-07-25,1329.6,1343.49,1321.93,1338.7,1025900,1304.404,1218.238,1172.602,86.377,43.297,29.831,13.466,1218.238,1336.076,1100.399
2025-07-28,1335.34,1338.22,1272.12,1275.0,1521700,1305.746,1223.962,1175.735,62.284,40.945,32.054,8.891,1223.962,1341.115,1106.808
2025-07-29,1313.31,1360.73,1282.18,1332.47,2857100,1315.23,1232.606,1179.978,70.326,43.22,34.287,8.933,1232.606,1355.147,1110.066
2025-07-30,1326.72,1333.91,1308.04,1317.62,1783400,1320.114,1240.366,1183.858,66.387,43.326,36.095,7.231,1240.366,1363.847,1116.884
2025-07-31,1329.6,1365.04,1323.37,1360.25,1538700,1324.808,1250.232,1188.322,71.348,46.316,38.139,8.177,1250.232,1379.076,1121.388
2025-08-01,1331.51,1353.07,1316.19,1346.84,1974600,1326.436,1259.548,1192.518,67.95,47.06,39.923,7.137,1259.548,1388.023,1131.073
2025-08-04,1300.86,1313.31,1290.8,1301.82,1822000,1331.8,1265.798,1195.698,57.97,43.516,40.642,2.874,1265.798,1389.396,1142.201
2025-08-05,1301.82,1323.85,1295.11,1316.19,1594900,1328.544,1272.84,1199.271,59.99,41.39,40.792,0.598,1272.84,1390.656,1155.023
2025-08-06,1328.64,1341.57,1321.93,1330.08,1151600,1331.036,1280.838,1203.189,61.896,40.36,40.705,-0.345,1280.838,1390.743,1170.934
2025-08-07,1331.51,1370.79,1331.51,1366.0,1235600,1332.186,1289.675,1208.113,66.36,41.959,40.956,1.003,1289.675,1396.967,1182.384
2025-08-08,1369.83,1388.51,1364.56,1379.41,1022000,1338.7,1298.488,1212.979,67.873,43.803,41.526,2.278,1298.488,1404.806,1192.171
2025-08-12,1408.15,1412.46,1387.55,1391.86,1034600,1356.708,1307.66,1217.941,69.256,45.742,42.369,3.373,1307.66,1412.907,1202.414
2025-08-13,1394.74,1410.06,1388.51,1398.57,1067800,1373.184,1316.594,1222.214,70.005,47.275,43.35,3.925,1316.594,1420.803,1212.384
2025-08-14,1389.95,1406.71,1376.54,1405.75,1010400,1388.318,1325.885,1226.898,70.825,48.51,44.382,4.128,1325.885,1426.888,1224.883
2025-08-15,1421.56,1457.96,1418.2,1448.38,1528500,1404.794,1337.452,1231.994,75.163,52.326,45.971,6.355,1337.452,1438.956,1235.949
2025-08-18,1446.46,1452.21,1431.62,1435.93,1135200,1416.098,1346.41,1237.751,71.805,53.726,47.522,6.204,1346.41,1449.545,1243.274
2025-08-19,1436.88,1440.72,1403.84,1405.27,812900,1418.78,1353.258,1243.01,64.198,51.765,48.371,3.394,1353.258,1452.677,1253.84
2025-08-20,1408.15,1431.14,1404.31,1417.73,744700,1422.612,1359.893,1248.298,65.784,50.632,48.823,1.809,1359.893,1457.844,1261.941
2025-08-21,1431.62,1445.51,1419.16,1443.11,1112400,1430.084,1367.388,1254.486,68.815,51.192,49.297,1.896,1367.388,1466.783,1267.993
2025-08-22,1475.2,1514.96,1462.75,1508.73,2307100,1442.154,1375.986,1262.312,74.985,56.283,50.694,5.589,1375.986,1492.505,1259.466
2025-08-25,1520.7,1525.97,1479.03,1486.7,1246800,1452.308,1383.385,1269.679,69.98,57.872,52.13,5.742,1383.385,1508.422,1258.349
2025-08-26,1487.18,1496.75,1459.4,1460.83,1912900,1463.42,1392.677,1276.614,64.531,56.394,52.982,3.411,1392.677,1511.252,1274.102
2025-08-27,1467.06,1475.68,1450.3,1456.04,846200,1471.082,1398.856,1283.195,63.545,54.211,53.228,0.983,1398.856,1517.099,1280.612
2025-08-28,1456.04,1495.32,1454.61,1491.01,1241500,1480.662,1407.525,1289.987,67.456,54.673,53.517,1.156,1407.525,1526.115,1288.935
2025-08-29,1484.78,1493.88,1476.16,1487.18,975000,1476.352,1413.872,1296.558,66.613,54.106,53.635,0.471,1413.872,1535.359,1292.384
2025-09-01,1487.65,1508.73,1478.55,1486.22,991900,1476.256,1420.84,1303.111,66.389,52.969,53.502,-0.533,1420.84,1542.128,1299.553
2025-09-02,1499.63,1522.14,1489.57,1512.56,1058400,1486.602,1431.378,1310.295,69.426,53.575,53.516,0.059,1431.378,1545.535,1317.22
2025-09-03,1512.56,1514.95,1459.4,1475.68,1556200,1490.53,1439.352,1317.029,61.101,50.498,52.913,-2.415,1439.352,1541.255,1337.449
2025-09-04,1488.13,1502.5,1482.86,1500.11,826700,1492.35,1447.854,1324.3,64.167,49.46,52.222,-2.762,1447.854,1539.195,1356.512
2025-09-05,1513.04,1518.31,1494.84,1504.42,878800,1495.798,1454.774,1331.369,64.695,48.427,51.463,-3.036,1454.774,1540.825,1368.724
2025-09-08,1504.42,1521.18,1492.92,1520.22,1055900,1502.598,1461.815,1338.535,66.638,48.327,50.836,-2.509,1461.815,1544.893,1378.737
2025-09-09,1523.1,1535.55,1492.44,1513.04,1986400,1502.694,1467.874,1345.585,64.89,47.124,50.094,-2.969,1467.874,1547.054,1388.694
2025-09-10,1515.91,1555.19,1513.04,1550.4,1502700,1517.638,1475.466,1353.402,69.389,48.625,49.8,-1.174,1475.466,1555.774,1395.157
2025-09-11,1550.4,1551.36,1534.59,1543.69,1014700,1526.354,1482.362,1361.027,67.711,48.712,49.582,-0.87,1482.362,1561.14,1403.585
2025-09-12,1552.31,1556.62,1545.13,1545.61,1617800,1534.592,1487.224,1368.68,67.95,48.378,49.342,-0.963,1487.224,1569.111,1405.337
2025-09-16,1542.26,1545.61,1525.97,1532.68,965600,1537.084,1492.062,1376.124,64.49,46.534,48.78,-2.246,1492.062,1572.61,1411.513
2025-09-17,1514.95,1518.31,1485.74,1490.53,1059300,1532.582,1496.324,1382.398,54.711,41.196,47.263,-6.067,1496.324,1565.795,1426.854
2025-09-18,1498.19,1503.46,1481.91,1493.88,1009700,1521.278,1500.132,1388.768,55.292,36.812,45.173,-8.361,1500.132,1559.004,1441.26
2025-09-19,1496.28,1513.04,1481.43,1498.19,1586900,1512.178,1502.886,1395.33,56.071,33.301,42.799,-9.497,1502.886,1555.329,1450.443
2025-09-22,1494.36,1514.96,1488.13,1511.12,709400,1505.28,1503.005,1401.767,58.415,31.203,40.479,-9.277,1503.005,1555.515,1450.496
2025-09-24,1521.18,1521.18,1486.22,1489.57,1187400,1496.658,1503.149,1407.496,53.31,27.484,37.88,-10.396,1503.149,1555.486,1450.812
2025-09-25,1489.57,1504.9,1486.7,1502.02,1156300,1498.956,1505.208,1413.368,55.718,25.25,35.354,-10.104,1505.208,1553.629,1456.788
2025-09-26,1578.66,1624.64,1557.58,1622.72,3551500,1524.724,1513.542,1421.424,71.214,32.841,34.852,-2.011,1513.542,1580.253,1446.832
2025-09-29,1609.07,1622.72,1591.52,1592.98,1635100,1543.682,1518.641,1428.885,65.163,36.041,35.09,0.952,1518.641,1593.223,1444.059
2025-09-30,1589.56,1621.26,1570.06,1610.53,1173900,1563.564,1524.808,1436.755,66.948,39.538,35.979,3.559,1524.808,1608.304,1441.313
2025-10-01,1587.13,1588.1,1525.69,1551.53,1460900,1575.956,1528.074,1442.65,56.473,37.121,36.208,0.913,1528.074,1610.314,1445.834
2025-10-02,1539.83,1553.48,1523.25,1534.95,1037200,1582.542,1529.194,1447.983,53.92,33.481,35.662,-2.181,1529.194,1611.154,1447.233
2025-10-03,1533.0,1565.18,1531.54,1563.23,774900,1570.644,1533.571,1453.547,57.453,32.504,35.03,-2.527,1533.571,1612.804,1454.338
2025-10-06,1564.7,1567.14,1503.26,1530.57,1992300,1558.162,1535.094,1458.294,52.451,28.762,33.777,-5.015,1535.094,1612.774,1457.414
2025-10-07,1540.32,1560.31,1522.28,1525.69,1020200,1541.194,1536.157,1462.072,51.727,25.114,32.044,-6.93,1536.157,1612.643,1459.672
2025-10-08,1542.27,1569.57,1535.44,1550.56,1052600,1541.0,1537.674,1466.309,55.129,23.953,30.426,-6.473,1537.674,1614.032,1461.317
2025-10-09,1544.71,1579.33,1538.85,1572.01,907100,1548.412,1540.623,1472.25,57.886,24.482,29.237,-4.755,1540.623,1617.528,1463.718
2025-10-10,1549.58,1566.16,1525.69,1531.05,1229700,1541.976,1539.655,1476.221,51.393,21.35,27.66,-6.31,1539.655,1616.529,1462.782
2025-10-14,1493.51,1503.26,1467.18,1485.22,1181600,1532.906,1536.732,1479.573,45.273,14.997,25.127,-10.131,1536.732,1617.317,1456.147
2025-10-15,1501.8,1517.89,1494.48,1513.01,612300,1530.37,1535.102,1482.628,49.221,12.065,22.515,-10.45,1535.102,1616.248,1453.956
2025-10-16,1521.3,1527.15,1508.14,1524.23,592900,1525.104,1534.68,1486.176,50.766,10.526,20.117,-9.591,1534.68,1615.966,1453.393
2025-10-17,1485.71,1495.46,1472.54,1486.68,1026000,1508.038,1534.487,1489.873,45.751,6.204,17.334,-11.13,1534.487,1616.231,1452.743
2025-10-20,1512.52,1543.73,1498.38,1542.76,855700,1510.38,1536.931,1494.405,53.189,7.221,15.312,-8.09,1536.931,1616.456,1457.406
2025-10-21,1544.22,1561.77,1532.52,1535.93,1048500,1520.522,1538.818,1498.522,52.249,7.391,13.728,-6.336,1538.818,1616.235,1461.401
2025-10-22,1533.0,1558.85,1532.03,1551.04,1254100,1528.128,1540.814,1502.223,54.178,8.645,12.711,-4.066,1540.814,1617.277,1464.351
2025-10-23,1550.56,1567.62,1546.66,1550.07,663100,1533.296,1543.839,1505.636,54.027,9.452,12.059,-2.607,1543.839,1616.457,1471.221
2025-10-24,1547.63,1562.26,1543.24,1544.71,664800,1544.902,1545.974,1508.693,53.146,9.549,11.557,-2.008,1545.974,1615.874,1476.073
2025-10-27,1575.91,1592.98,1566.16,1583.23,956600,1552.996,1543.999,1512.386,58.395,12.589,11.764,0.825,1543.999,1606.624,1481.374
2025-10-28,1581.76,1581.76,1552.51,1558.36,967000,1557.482,1542.268,1515.438,54.175,12.843,11.979,0.863,1542.268,1600.985,1483.551
2025-10-29,1555.92,1559.33,1527.15,1528.13,918500,1552.9,1538.148,1517.033,49.494,10.484,11.68,-1.196,1538.148,1587.516,1488.78
2025-10-30,1545.68,1562.26,1532.52,1557.38,2092500,1554.362,1538.44,1519.462,53.666,10.85,11.514,-0.664,1538.44,1588.211,1488.67
2025-10-31,1570.06,1575.42,1540.32,1561.28,941600,1557.676,1539.757,1522.582,54.209,11.324,11.476,-0.152,1539.757,1590.521,1488.993
2025-11-04,1564.21,1599.32,1553.48,1572.5,1891400,1555.53,1540.22,1525.678,55.814,12.462,11.673,0.788,1540.22,1592.045,1488.396
2025-11-05,1570.55,1576.89,1517.4,1571.52,1289300,1558.162,1542.268,1528.246,55.63,13.133,11.965,1.167,1542.268,1595.698,1488.838
2025-11-06,1582.25,1606.63,1573.96,1605.66,861600,1573.668,1546.267,1530.185,60.499,16.232,12.819,3.413,1546.267,1606.063,1486.47
2025-11-07,1586.64,1593.47,1548.61,1559.33,1040800,1574.058,1546.705,1531.637,52.138,14.78,13.211,1.569,1546.705,1606.762,1486.648
2025-11-10,1577.86,1578.35,1549.58,1552.99,1356000,1572.4,1545.754,1533.48,51.097,12.967,13.162,-0.195,1545.754,1604.716,1486.792
2025-11-11,1530.57,1553.0,1503.75,1518.38,1666800,1561.576,1545.121,1534.727,45.73,8.639,12.257,-3.619,1545.121,1605.013,1485.228
2025-11-12,1518.38,1555.92,1516.43,1550.56,1260400,1557.384,1548.388,1535.918,50.894,7.716,11.349,-3.633,1548.388,1601.237,1495.538
2025-11-13,1564.7,1577.86,1552.51,1568.6,1003800,1549.972,1551.167,1537.547,53.562,8.345,10.748,-2.404,1551.167,1601.99,1500.344
2025-11-14,1552.51,1601.75,1550.56,1595.42,1420100,1557.19,1554.726,1539.731,57.278,10.881,10.775,0.106,1554.726,1607.539,1501.914
2025-11-17,1595.42,1612.97,1588.59,1612.97,1324200,1569.186,1561.041,1541.739,59.559,14.145,11.449,2.696,1561.041,1609.628,1512.454
2025-11-18,1578.84,1595.9,1538.37,1538.37,1347300,1573.184,1560.822,1542.993,47.863,10.589,11.277,-0.688,1560.822,1609.794,1511.849
2025-11-19,1550.56,1570.06,1531.54,1547.14,1161200,1572.5,1561.382,1543.933,49.128,8.383,10.698,-2.315,1561.382,1609.402,1513.362
2025-11-20,1576.89,1576.89,1550.56,1568.6,828700,1572.5,1562.26,1545.217,52.184,8.27,10.212,-1.942,1562.26,1610.126,1514.394
2025-11-21,1560.31,1605.17,1558.36,1605.17,1189200,1574.45,1565.015,1546.916,56.933,11.005,10.371,0.634,1565.015,1616.158,1513.872
2025-11-25,1605.17,1623.7,1594.93,1606.63,971700,1573.182,1568.111,1548.788,57.116,13.139,10.925,2.214,1568.111,1621.524,1514.698
2025-11-26,1633.45,1646.61,1628.57,1637.84,946800,1593.076,1570.842,1550.536,60.94,17.151,12.17,4.981,1570.842,1632.462,1509.221
2025-11-27,1648.08,1690.98,1646.13,1668.07,889000,1617.262,1576.327,1553.024,64.263,22.51,14.238,8.272,1576.327,1651.346,1501.308
2025-11-28,1672.94,1706.1,1668.07,1691.47,3416300,1641.836,1584.494,1555.941,66.63,28.319,17.054,11.265,1584.494,1671.953,1497.035
2025-12-01,1717.32,1768.51,1714.88,1748.52,3221900,1670.506,1594.051,1560.258,71.573,37.098,21.063,16.035,1594.051,1707.072,1481.03
2025-12-02,1755.35,1767.54,1705.61,1718.29,3120900,1692.838,1601.902,1564.813,65.995,41.142,25.079,16.064,1601.902,1726.552,1477.251
2025-12-03,1720.73,1721.7,1672.46,1687.08,1430700,1702.686,1607.63,1568.677,60.732,41.352,28.333,13.019,1607.63,1737.033,1478.228
2025-12-04,1687.08,1706.1,1675.38,1705.61,1133100,1710.194,1614.335,1572.826,62.637,42.524,31.171,11.352,1614.335,1749.621,1479.049
2025-12-05,1696.84,1707.56,1675.38,1691.96,1525600,1710.292,1618.65,1576.442,60.315,41.868,33.311,8.557,1618.65,1758.209,1479.091
2025-12-08,1692.94,1698.79,1661.24,1674.41,1190700,1695.47,1624.404,1580.139,57.371,39.477,34.544,4.933,1624.404,1763.152,1485.656
2025-12-09,1675.38,1680.75,1660.27,1666.12,887700,1685.036,1630.06,1583.421,55.981,36.493,34.934,1.559,1630.06,1765.74,1494.381
2025-12-10,1680.75,1680.75,1660.75,1668.07,779900,1681.234,1637.545,1584.328,56.25,33.894,34.726,-0.832,1637.545,1763.447,1511.643
2025-12-11,1677.33,1690.98,1647.1,1647.1,799400,1669.532,1642.372,1585.411,52.538,29.799,33.74,-3.941,1642.372,1761.45,1523.294
2025-12-12,1671.97,1692.94,1662.22,1683.18,1297500,1667.776,1648.101,1586.864,57.709,29.13,32.818,-3.689,1648.101,1763.193,1533.009
2025-12-15,1692.94,1733.89,1690.98,1730.97,1245900,1679.088,1654.878,1590.452,63.397,32.085,32.672,-0.586,1654.878,1772.837,1536.92
2025-12-16,1706.59,1729.02,1685.62,1690.5,1165200,1683.964,1658.755,1593.563,56.47,30.807,32.299,-1.492,1658.755,1776.009,1541.501
2025-12-17,1690.98,1694.89,1656.37,1687.08,875500,1687.766,1666.19,1596.04,55.914,29.181,31.675,-2.494,1666.19,1769.309,1563.072
2025-12-18,1684.16,1694.89,1671.48,1693.91,856000,1697.128,1673.529,1599.307,56.828,28.12,30.964,-2.844,1673.529,1760.619,1586.439
2025-12-19,1696.84,1735.84,1693.42,1727.07,1398500,1705.906,1681.452,1603.335,61.051,29.614,30.694,-1.081,1681.452,1756.325,1606.58
2025-12-22,1736.82,1742.67,1699.27,1707.08,945200,1701.128,1686.548,1606.465,57.406,28.851,30.326,-1.474,1686.548,1752.954,1620.142
2025-12-23,1700.74,1727.55,1696.84,1709.51,1355700,1704.93,1691.692,1609.215,57.736,28.119,29.884,-1.765,1691.692,1747.053,1636.331
2025-12-24,1723.17,1723.17,1673.43,1678.79,1083600,1703.272,1693.74,1612.17,52.222,24.775,28.862,-4.088,1693.74,1743.455,1644.024
2025-12-25,1693.91,1693.91,1674.89,1682.21,561100,1700.932,1694.446,1616.11,52.763,22.145,27.519,-5.374,1694.446,1743.014,1645.879
2025-12-26,1682.21,1696.84,1673.92,1683.18,632500,1692.154,1694.032,1619.513,52.926,19.909,25.997,-6.088,1694.032,1742.847,1645.217
2025-12-29,1685.13,1692.94,1675.38,1685.62,806100,1687.862,1690.887,1622.741,53.361,18.126,24.423,-6.297,1690.887,1732.494,1649.28
2025-12-30,1687.08,1715.85,1680.75,1684.65,1158700,1682.89,1689.205,1626.7,53.151,16.444,22.827,-6.383,1689.205,1728.82,1649.59
2026-01-05,1696.84,1720.73,1687.08,1720.73,1097500,1691.278,1690.888,1630.26,59.542,17.818,21.825,-4.007,1690.888,1732.908,1648.867
2026-01-06,1737.79,1770.95,1733.89,1765.1,1330500,1707.856,1693.862,1634.843,65.734,22.23,21.906,0.324,1693.862,1747.175,1640.549
2026-01-07,1752.42,1763.15,1738.77,1757.79,932700,1722.778,1697.154,1638.978,63.996,24.851,22.495,2.356,1697.154,1757.621,1636.686
2026-01-08,1753.4,1759.74,1737.31,1739.74,906600,1733.602,1700.42,1642.772,59.793,25.181,23.032,2.149,1700.42,1762.744,1638.096
2026-01-09,1748.03,1779.73,1745.6,1766.56,972200,1749.984,1705.442,1647.209,63.617,27.292,23.884,3.408,1705.442,1772.16,1638.724
2026-01-13,1835.31,1835.31,1808.01,1825.56,1329600,1770.95,1713.317,1652.055,70.306,33.342,25.776,7.566,1713.317,1796.586,1630.047
2026-01-14,1828.49,1842.63,1802.16,1842.63,1369200,1786.456,1723.093,1657.741,71.915,39.063,28.433,10.63,1723.093,1818.637,1627.549
2026-01-15,1838.24,1866.52,1833.36,1861.64,919000,1807.226,1732.016,1664.411,73.629,44.617,31.67,12.947,1732.016,1843.816,1620.216
2026-01-16,1871.4,1891.87,1863.59,1888.95,1599000,1837.068,1739.915,1671.042,75.904,50.639,35.464,15.175,1739.915,1871.904,1607.926
2026-01-19,1887.0,1887.0,1854.33,1883.1,806100,1860.376,1749.545,1677.479,74.423,54.312,39.233,15.079,1749.545,1893.881,1605.209
2026-01-20,1873.35,1885.54,1855.3,1865.54,1110000,1868.372,1758.468,1683.339,70.007,55.171,42.421,12.75,1758.468,1908.497,1608.439
2026-01-21,1822.64,1837.75,1796.31,1827.02,1307800,1865.25,1765.124,1688.449,61.402,52.142,44.365,7.777,1765.124,1914.904,1615.343
2026-01-22,1862.62,1882.12,1850.92,1869.45,1174800,1866.812,1772.243,1693.725,66.314,52.56,46.004,6.556,1772.243,1927.829,1616.656
2026-01-23,1869.93,1903.58,1868.47,1901.14,1224000,1869.25,1781.946,1700.561,69.442,54.816,47.767,7.049,1781.946,1944.471,1619.42
2026-01-26,1833.85,1860.67,1824.59,1828.97,1337600,1858.424,1787.918,1706.081,56.561,50.202,48.254,1.948,1787.918,1947.998,1627.839
2026-01-27,1822.64,1861.16,1802.16,1853.84,1106300,1856.084,1796.671,1712.79,59.358,47.999,48.203,-0.204,1796.671,1950.653,1642.689
2026-01-28,1840.68,1866.03,1835.8,1856.28,774000,1861.936,1805.374,1718.905,59.633,45.92,47.746,-1.826,1805.374,1951.599,1659.15
2026-01-29,1852.87,1896.26,1849.45,1888.95,969200,1865.836,1815.663,1725.312,63.218,46.374,47.472,-1.097,1815.663,1954.453,1676.873
2026-01-30,1896.75,1901.63,1878.71,1891.39,746300,1863.886,1825.952,1731.231,63.479,46.396,47.257,-0.86,1825.952,1954.264,1697.639
2026-02-02,1906.5,1920.64,1841.16,1841.16,1063600,1866.324,1833.777,1735.795,54.854,41.878,46.181,-4.303,1833.777,1943.557,1723.997
2026-02-03,1880.17,1932.83,1867.98,1928.44,1370400,1881.244,1844.162,1743.596,64.005,44.823,45.909,-1.086,1844.162,1948.054,1740.271
2026-02-04,1967.45,1986.96,1923.08,1985.49,1487400,1907.086,1855.182,1752.363,68.5,51.171,46.962,4.209,1855.182,1969.948,1740.416
2026-02-05,1999.15,2056.68,1985.49,2056.68,1525500,1940.632,1870.126,1762.125,73.026,61.24,49.817,11.423,1870.126,2007.173,1733.08
2026-02-06,2038.15,2120.07,2014.26,2119.09,1507100,1986.172,1889.094,1772.403,76.249,73.41,54.536,18.874,1889.094,2052.608,1725.58
2026-02-09,2186.87,2189.31,2136.16,2167.85,1440900,2051.51,1909.159,1783.628,78.418,85.997,60.828,25.169,1909.159,2104.708,1713.609
2026-02-10,2174.68,2223.44,2167.85,2210.28,1225600,2107.878,1928.394,1795.076,80.119,98.264,68.315,29.949,1928.394,2161.417,1695.372
2026-02-12,2216.61,2274.64,2198.57,2266.35,1182100,2164.05,1949.58,1807.042,82.125,111.228,76.898,34.33,1949.58,2223.271,1675.89
2026-02-13,2262.45,2265.86,2174.19,2175.66,1596900,2187.846,1965.282,1816.726,69.851,112.883,84.095,28.788,1965.282,2253.38,1677.183
2026-02-16,2166.39,2174.68,2096.67,2112.76,978500,2186.58,1976.472,1824.011,62.836,107.875,88.851,19.024,1976.472,2269.432,1683.512
2026-02-17,2109.34,2130.31,2063.02,2065.46,926700,2166.102,1985.59,1830.954,58.111,98.949,90.871,8.079,1985.59,2277.664,1693.516
2026-02-18,2108.86,2126.41,2091.79,2115.68,650000,2147.182,1998.097,1839.526,61.428,94.834,91.663,3.171,1998.097,2289.949,1706.245
2026-02-19,2115.68,2199.06,2111.78,2194.67,910700,2132.846,2016.48,1849.307,65.989,96.831,92.697,4.134,2016.48,2309.273,1723.686
2026-02-20,2160.05,2180.53,2136.16,2150.79,1387400,2127.872,2030.546,1858.484,61.629,93.792,92.916,0.876,2030.546,2320.618,1740.475
2026-02-24,2126.41,2142.99,2034.74,2068.38,1339900,2118.996,2038.908,1866.363,54.364,83.767,91.086,-7.319,2038.908,2322.85,1754.967
2026-02-25,2066.92,2068.38,2020.6,2035.23,1324100,2112.95,2049.222,1873.745,51.722,72.314,87.332,-15.017,2049.222,2315.49,1782.953
2026-02-26,2070.34,2109.83,2063.02,2109.83,1189300,2111.78,2062.021,1882.581,56.808,68.468,83.559,-15.091,2062.021,2312.911,1811.131
2026-02-27,2139.57,2205.89,2121.04,2205.89,1881200,2114.024,2079.501,1893.756,62.314,72.338,81.315,-8.977,2079.501,2318.469,1840.534
2026-03-02,2111.78,2166.39,2085.45,2156.15,2012100,2115.096,2092.862,1903.216,58.178,70.577,79.167,-8.59,2092.862,2316.349,1869.374
2026-03-03,2146.4,2188.82,2125.92,2125.92,1352800,2126.604,2104.588,1911.115,55.757,65.982,76.53,-10.548,2104.588,2307.202,1901.974
2026-03-04,2047.91,2086.43,1937.22,1973.3,1544000,2114.218,2111.195,1916.771,45.467,49.455,71.115,-21.66,2111.195,2284.076,1938.314
2026-03-05,2066.92,2101.54,2024.01,2067.41,1556400,2105.734,2118.143,1924.377,51.42,43.45,65.582,-22.132,2118.143,2269.988,1966.299
2026-03-06,2018.65,2090.33,2005.97,2081.06,822700,2080.768,2122.922,1932.12,52.235,39.339,60.333,-20.994,2122.922,2262.727,1983.117
2026-03-09,1902.6,1994.76,1901.63,1985.49,1728100,2046.636,2119.362,1937.289,46.372,28.046,53.876,-25.83,2119.362,2269.511,1969.214
2026-03-10,2034.25,2099.1,2009.87,2079.11,1452300,2037.274,2117.364,1944.729,52.05,26.347,48.37,-22.023,2117.364,2268.588,1966.139
2026-03-11,2090.81,2129.82,2075.7,2092.28,1198800,2061.07,2113.585,1952.385,52.807,25.766,43.849,-18.083,2113.585,2263.267,1963.903
2026-03-12,2068.87,2076.19,2002.56,2016.21,1000400,2050.83,2103.882,1959.133,48.085,18.949,38.869,-19.92,2103.882,2252.327,1955.436
2026-03-13,1988.42,2064.97,1977.2,2048.39,1391700,2044.296,2092.983,1966.457,50.117,15.959,34.287,-18.328,2092.983,2221.93,1964.037
2026-03-16,2032.79,2043.03,2005.48,2016.21,1157800,2050.44,2085.011,1973.117,48.09,10.868,29.604,-18.735,2085.011,2212.139,1957.883
2026-03-17,2052.78,2078.14,2015.24,2030.35,1097000,2040.688,2080.891,1980.012,49.065,7.883,25.259,-17.376,2080.891,2209.564,1952.217
2026-03-18,2073.75,2112.27,2064.48,2103.0,1184100,2042.832,2082.768,1988.379,53.859,11.25,22.458,-11.207,2082.768,2211.588,1953.947
2026-03-19,2061.07,2096.67,2051.32,2072.29,1463900,2054.048,2080.598,1995.41,51.646,11.31,20.228,-8.918,2080.598,2208.543,1952.653
2026-03-23,1986.47,2001.1,1954.77,1985.49,1240700,2041.468,2070.139,1999.818,45.905,4.304,17.043,-12.739,2070.139,2192.916,1947.362
2026-03-24,2047.91,2065.95,2018.16,2045.95,985500,2047.416,2064.897,2005.581,50.069,3.589,14.353,-10.763,2064.897,2181.997,1947.797
2026-03-25,2130.8,2140.55,2101.05,2104.47,1093100,2062.24,2066.702,2012.876,53.777,7.656,13.013,-5.357,2066.702,2185.132,1948.271
2026-03-26,2134.21,2134.21,2042.54,2077.65,819800,2057.17,2068.823,2019.098,51.875,8.616,12.134,-3.518,2068.823,2186.396,1951.249
2026-03-27,2126.41,2260.01,2115.19,2225.39,4471700,2087.79,2074.6,2027.094,60.22,21.055,13.918,7.137,2074.6,2210.577,1938.624
2026-03-30,2144.29,2178.41,2118.57,2146.27,1911100,2119.946,2071.619,2033.167,54.745,24.249,15.984,8.265,2071.619,2197.734,1945.505
2026-03-31,2124.01,2157.64,2039.94,2039.94,2236800,2118.744,2065.809,2036.733,48.38,17.994,16.386,1.607,2065.809,2186.099,1945.519
2026-04-01,2138.85,2202.64,2122.53,2202.15,1987300,2138.28,2069.62,2042.997,56.659,25.827,18.274,7.553,2069.62,2202.139,1937.102
2026-04-02,2243.69,2259.02,2168.02,2181.38,1702100,2159.026,2080.024,2048.963,55.433,30.013,20.622,9.391,2080.024,2213.373,1946.676
2026-04-03,2204.13,2221.93,2189.29,2207.09,945400,2155.366,2087.009,2055.794,56.683,35.002,23.498,11.504,2087.009,2231.722,1942.295
2026-04-06,2215.5,2223.41,2184.34,2184.34,933800,2162.98,2092.172,2062.94,55.208,36.697,26.138,10.559,2092.172,2243.224,1941.121
2026-04-07,2197.7,2226.87,2190.28,2215.01,946000,2197.994,2103.649,2069.851,56.838,40.053,28.921,11.132,2103.649,2255.447,1951.85
2026-04-08,2313.91,2317.37,2260.5,2260.5,1479700,2209.664,2112.718,2077.038,59.21,45.855,32.308,13.547,2112.718,2279.299,1946.137
2026-04-09,2268.91,2299.57,2242.7,2253.08,942600,2224.004,2120.758,2085.521,58.644,49.286,35.703,13.583,2120.758,2298.344,1943.172
2026-04-10,2273.85,2312.92,2241.22,2244.18,998400,2231.422,2132.156,2093.327,57.929,50.703,38.703,11.999,2132.156,2310.75,1953.563
2026-04-13,2225.89,2278.8,2220.94,2248.63,910600,2244.28,2142.168,2101.174,58.203,51.59,41.281,10.309,2142.168,2323.42,1960.917
2026-04-14,2263.96,2267.43,2200.66,2215.01,770300,2244.28,2152.109,2107.696,55.269,49.015,42.827,6.188,2152.109,2325.928,1978.289
2026-04-15,2241.22,2267.43,2221.43,2232.31,847200,2238.642,2162.206,2114.514,56.484,47.819,43.826,3.993,2162.206,2329.589,1994.824
2026-04-16,2269.9,2269.9,2225.39,2239.73,699500,2235.972,2169.043,2122.485,57.024,46.929,44.446,2.483,2169.043,2337.41,2000.676
2026-04-17,2239.73,2247.15,2189.78,2189.78,1006700,2225.092,2174.918,2127.712,52.321,41.712,43.9,-2.187,2174.918,2337.157,2012.678
2026-04-20,2230.83,2240.23,2156.16,2156.16,977500,2206.598,2183.451,2131.126,49.37,34.468,42.013,-7.545,2183.451,2319.594,2047.308
2026-04-21,2169.01,2170.99,2089.89,2094.83,1178100,2182.562,2185.895,2131.889,44.444,23.507,38.312,-14.805,2185.895,2313.107,2058.683
2026-04-22,2110.16,2111.65,2024.12,2035.99,2170400,2143.298,2182.471,2130.227,40.291,9.958,32.641,-22.684,2182.471,2322.001,2042.941
2026-04-23,2005.82,2031.53,1992.47,2019.67,1684300,2099.286,2179.572,2127.263,39.197,-2.073,25.698,-27.772,2179.572,2330.237,2028.907
2026-04-24,2027.58,2037.96,1983.07,2007.8,724500,2062.89,2168.692,2123.213,38.381,-12.423,18.074,-30.497,2168.692,2335.939,2001.446
2026-04-27,1980.1,2004.34,1948.45,2004.34,1564000,2032.526,2161.596,2117.973,38.132,-20.666,10.326,-30.992,2161.596,2344.189,1979.003
2026-04-28,2029.56,2191.27,2029.56,2181.87,2104300,2049.934,2168.692,2118.097,54.471,-12.726,5.716,-18.442,2168.692,2342.182,1995.203
2026-04-30,2174.95,2175.94,2090.38,2135.88,1440900,2069.912,2165.379,2118.56,50.733,-10.03,2.567,-12.596,2165.379,2338.71,1992.048
2026-05-01,2108.68,2141.32,2079.01,2133.41,859800,2092.66,2162.98,2119.919,50.533,-8.0,0.453,-8.453,2162.98,2336.706,1989.255
2026-05-07,2222.42,2222.42,2165.55,2198.69,1331300,2130.838,2162.56,2121.579,55.536,-1.11,0.141,-1.251,2162.56,2335.877,1989.244
2026-05-08,2149.23,2180.39,2097.31,2140.33,1276700,2158.036,2160.36,2120.492,50.608,-0.356,0.041,-0.397,2160.36,2333.63,1987.09
2026-05-11,2170.0,2215.5,2145.28,2194.24,1971300,2160.51,2159.322,2121.361,54.614,4.54,0.941,3.599,2159.322,2331.457,1987.186
2026-05-12,2199.68,2207.59,2147.75,2147.75,1674400,2162.884,2153.684,2122.949,50.788,4.615,1.676,2.939,2153.684,2319.123,1988.245
2026-05-13,2145.28,2196.71,2145.28,2167.04,1202700,2169.61,2149.382,2125.585,52.282,6.161,2.573,3.588,2149.382,2308.283,1990.481
2026-05-14,2158.63,2184.84,2150.22,2155.17,869400,2160.906,2144.931,2126.492,51.251,6.354,3.329,3.025,2144.931,2297.514,1992.349
2026-05-15,2155.17,2210.06,2154.18,2207.59,1025100,2174.358,2142.88,2126.526,55.431,10.615,4.786,5.829,2142.88,2290.617,1995.142
2026-05-18,2234.79,2244.18,2180.88,2213.52,1052800,2178.214,2142.805,2127.673,55.891,14.306,6.69,7.615,2142.805,2290.391,1995.219
2026-05-19,2262.98,2297.59,2249.62,2255.06,1163800,2199.676,2143.942,2130.256,59.082,20.348,9.422,10.926,2143.942,2294.748,1993.137
2026-05-20,2286.71,2306.49,2242.2,2283.75,1242000,2223.018,2146.143,2136.465,61.171,27.138,12.965,14.173,2146.143,2303.958,1988.329
2026-05-21,2314.41,2365.84,2311.44,2320.34,1365600,2256.052,2152.672,2141.523,63.716,35.068,17.386,17.682,2152.672,2327.924,1977.419
2026-05-22,2343.58,2349.02,2269.9,2290.67,873400,2272.668,2159.397,2145.716,60.267,38.514,21.611,16.903,2159.397,2345.218,1973.576
2026-05-25,2270.89,2310.45,2247.15,2279.79,848400,2285.922,2168.645,2151.602,59.006,39.908,25.271,14.637,2168.645,2359.284,1978.006
2026-05-26,2260.01,2281.77,2221.93,2260.01,1341400,2286.912,2179.846,2155.22,56.683,38.967,28.01,10.957,2179.846,2363.878,1995.814
2026-05-27,2236.27,2265.94,2206.6,2243.19,1015700,2278.8,2191.022,2158.238,54.711,36.444,29.697,6.747,2191.022,2360.684,2021.36
2026-05-28,2254.57,2254.57,2166.54,2209.57,1029300,2256.646,2201.11,2162.105,50.899,31.37,30.031,1.338,2201.11,2347.266,2054.955
2026-05-29,2194.24,2259.02,2182.86,2235.28,1152600,2245.568,2212.658,2165.843,53.564,29.088,29.842,-0.755,2212.658,2326.212,2099.103
2026-06-01,2201.16,2202.64,2145.28,2145.28,1002500,2218.666,2210.828,2168.424,44.467,19.789,27.832,-8.043,2210.828,2327.605,2094.051
2026-06-02,2124.01,2153.68,2071.1,2142.8,941000,2195.224,2211.174,2170.673,44.244,12.08,24.681,-12.601,2211.174,2327.053,2095.295
2026-06-03,2174.95,2174.95,2142.8,2174.95,715400,2181.576,2213.251,2172.112,47.892,8.467,21.439,-12.971,2213.251,2324.664,2101.838
2026-06-04,2154.18,2235.28,2127.47,2201.16,829500,2179.894,2213.374,2174.69,50.723,7.631,18.677,-11.046,2213.374,2324.725,2102.024
2026-06-05,2274.84,2274.84,2229.35,2237.75,817600,2180.388,2218.246,2179.735,54.443,9.808,16.903,-7.095,2218.246,2324.551,2111.94
2026-06-08,2221.43,2240.72,2202.64,2232.31,893000,2197.794,2220.149,2183.462,53.793,10.968,15.716,-4.748,2220.149,2326.007,2114.291
2026-06-09,2256.05,2337.65,2240.23,2337.65,1180100,2236.764,2229.644,2188.126,63.007,20.155,16.604,3.551,2229.644,2342.025,2117.263
2026-06-10,2351.0,2376.72,2276.82,2287.7,1216500,2259.314,2235.677,2192.327,57.184,23.138,17.911,5.227,2235.677,2346.856,2124.498
2026-06-11,2291.66,2303.53,2244.68,2274.35,740700,2273.952,2241.636,2193.306,55.702,24.147,19.158,4.989,2241.636,2347.285,2135.987
2026-06-12,2326.27,2338.14,2298.09,2317.87,1288200,2289.976,2247.15,2196.738,59.396,28.134,20.953,7.181,2247.15,2356.754,2137.546
2026-06-15,2367.32,2398.48,2332.21,2332.21,1022700,2309.956,2253.084,2202.583,60.563,32.081,23.179,8.902,2253.084,2367.757,2138.412
2026-06-16,2301.05,2307.98,2260.01,2307.48,1076500,2303.922,2255.706,2204.69,57.494,32.835,25.11,7.725,2255.706,2372.936,2138.475
2026-06-17,2334.19,2357.92,2281.77,2281.77,881500,2302.736,2255.607,2206.698,54.408,31.0,26.288,4.712,2255.607,2372.741,2138.472
2026-06-18,2314.41,2320.34,2279.29,2306.0,915500,2309.066,2254.89,2208.676,56.763,31.143,27.259,3.884,2254.89,2370.521,2139.258
2026-06-19,2283.25,2316.38,2246.16,2291.16,1100100,2303.724,2254.914,2210.812,54.893,29.715,27.75,1.965,2254.914,2370.578,2139.25
2026-06-22,2268.91,2331.71,2260.01,2309.46,559700,2299.174,2256.398,2212.701,56.784,29.719,28.144,1.575,2256.398,2374.147,2138.648
2026-06-23,2306.49,2325.29,2281.77,2281.77,946900,2294.032,2257.486,2213.127,53.152,27.173,27.95,-0.776,2257.486,2375.777,2139.194
2026-06-24,2281.77,2321.33,2251.11,2265.45,642200,2290.768,2258.598,2213.374,51.079,23.568,27.073,-3.506,2258.598,2376.742,2140.455
2026-06-25,2297.1,2304.52,2264.46,2293.14,751900,2288.196,2262.777,2214.353,54.334,22.683,26.195,-3.512,2262.777,2379.522,2146.032
2026-06-26,2303.53,2320.34,2288.2,2308.47,714000,2291.658,2266.436,2215.55,56.076,22.954,25.547,-2.593,2266.436,2384.137,2148.736
2026-06-29,2322.32,2332.7,2288.69,2315.89,878900,2292.944,2274.967,2217.568,56.933,23.497,25.137,-1.64,2274.967,2379.713,2170.221
2026-06-30,2307.48,2343.09,2298.58,2316.88,970700,2299.966,2283.671,2219.259,57.053,23.734,24.857,-1.123,2283.671,2369.374,2197.968
2026-07-01,2310.94,2348.53,2310.94,2332.7,663600,2313.416,2291.558,2221.118,59.024,24.911,24.867,0.043,2291.558,2362.977,2220.14
2026-07-02,2373.75,2405.89,2351.0,2379.19,865400,2330.626,2300.46,2224.907,64.219,29.257,25.745,3.512,2300.46,2368.749,2232.171
2026-07-03,2414.3,2427.16,2373.75,2392.54,903900,2347.44,2308.199,2229.634,65.569,33.395,27.275,6.119,2308.199,2381.468,2234.931
2026-07-06,2394.03,2454.36,2381.66,2454.36,622300,2375.134,2319.302,2236.825,71.022,41.187,30.058,11.129,2319.302,2409.492,2229.112
2026-07-07,2474.63,2495.4,2409.36,2415.29,1084500,2394.816,2323.184,2244.411,64.112,43.706,32.787,10.919,2323.184,2422.881,2223.487
2026-07-08,2423.7,2492.44,2415.29,2479.09,888200,2424.094,2332.754,2253.599,69.355,50.271,36.284,13.987,2332.754,2452.779,2212.728
2026-07-09,2517.16,2517.16,2442.0,2463.75,795800,2441.006,2342.224,2262.718,66.827,53.618,39.751,13.867,2342.224,2472.312,2212.135
2026-07-10,2482.55,2505.79,2451.39,2465.24,907100,2455.546,2349.592,2271.936,66.953,55.748,42.95,12.798,2349.592,2490.146,2209.038
2026-07-13,2492.44,2524.09,2469.69,2486.01,722500,2461.876,2357.282,2278.019,68.736,58.438,46.048,12.39,2357.282,2510.124,2204.44
2026-07-14,2520.63,2539.42,2485.51,2536.45,1255200,2486.108,2368.73,2286.03,72.601,63.904,49.619,14.285,2368.73,2539.156,2198.305
2026-07-15,2555.74,2596.29,2543.87,2592.33,868700,2508.756,2384.258,2295.209,76.123,71.915,54.078,17.837,2384.258,2576.517,2192.0
2026-07-16,2594.31,2608.16,2554.25,2554.25,818800,2526.856,2396.671,2302.32,69.561,74.335,58.13,16.205,2396.671,2599.424,2193.918
2026-07-17,2581.45,2600.74,2380.67,2409.85,1141600,2515.778,2402.606,2307.71,51.448,63.864,59.277,4.588,2402.606,2599.21,2206.001
2026-07-21,2433.09,2520.13,2420.24,2504.31,981700,2519.438,2412.348,2313.912,58.974,62.469,59.915,2.554,2412.348,2608.829,2215.867
2026-07-22,2552.77,2569.09,2515.68,2557.72,1059800,2523.692,2426.145,2322.111,62.512,64.924,60.917,4.007,2426.145,2622.774,2229.517
2026-07-23,2541.89,2584.42,2536.95,2566.62,890300,2518.55,2441.204,2330.103,63.084,66.817,62.097,4.72,2441.204,2632.06,2250.348
2026-07-24,2517.16,2592.33,2516.67,2580.46,787400,2523.792,2455.57,2338.609,64.002,68.643,63.406,5.237,2455.57,2642.717,2268.423
2026-07-27,2618.05,2631.9,2587.39,2629.42,1054600,2567.706,2471.618,2347.045,67.12,73.198,65.364,7.833,2471.618,2660.687,2282.548
2026-07-28,2617.55,2622.99,2542.88,2542.88,1131000,2575.42,2482.967,2353.632,57.621,69.028,66.097,2.931,2482.967,2659.513,2306.421
2026-07-29,2541.89,2548.81,2433.59,2482.55,1053100,2560.386,2491.25,2358.182,52.087,60.162,64.91,-4.748,2491.25,2649.593,2332.908
2026-07-30,2434.58,2473.65,2417.27,2447.93,990900,2536.648,2497.012,2361.466,49.168,49.768,61.882,-12.113,2497.012,2638.558,2355.466
2026-07-31,2486.01,2517.16,2435.07,2510.74,962400,2522.704,2503.59,2365.274,54.184,46.068,58.719,-12.651,2503.59,2633.86,2373.319
2026-08-03,2503.32,2522.11,2413.31,2499.86,1479800,2496.792,2508.956,2369.458,53.205,41.777,55.331,-13.554,2508.956,2628.353,2389.558
2026-08-04,2489.96,2511.23,2454.36,2468.21,1032700,2481.858,2509.648,2373.226,50.353,35.413,51.347,-15.934,2509.648,2627.867,2391.429
2026-08-05,2469.19,2541.89,2469.19,2539.91,944700,2493.33,2515.879,2378.824,56.094,35.744,48.227,-12.482,2515.879,2626.019,2405.739
2026-08-06,2536.95,2584.42,2528.04,2565.63,1183300,2516.87,2520.206,2385.273,57.971,37.647,46.111,-8.463,2520.206,2631.057,2409.355
2026-08-07,2581.45,2596.29,2551.78,2566.62,843300,2528.046,2525.35,2392.414,58.045,38.789,44.646,-5.858,2525.35,2634.708,2415.991
2026-08-10,2539.91,2566.62,2503.81,2543.37,1182700,2536.748,2529.256,2398.576,55.559,37.386,43.194,-5.808,2529.256,2635.098,2423.414
2026-08-12,2592.83,2646.24,2542.39,2634.86,1068500,2570.078,2536.698,2408.367,62.386,43.159,43.187,-0.028,2536.698,2650.38,2423.017
2026-08-13,2651.18,2717.94,2642.28,2710.53,1284900,2604.202,2545.402,2419.722,66.913,53.227,45.195,8.032,2545.402,2683.12,2407.685
2026-08-14,2686.79,2745.64,2685.3,2734.76,1670900,2638.028,2552.524,2430.918,68.232,62.441,48.645,13.797,2552.524,2713.265,2391.783
2026-08-17,2734.76,2757.51,2715.97,2731.3,720600,2670.964,2561.376,2441.521,67.816,68.673,52.65,16.023,2561.376,2740.919,2381.834
2026-08-18,2739.7,2811.41,2739.7,2769.87,822600,2716.264,2579.378,2452.163,70.009,75.849,57.29,18.559,2579.378,2766.965,2391.79
2026-08-19,2735.75,2736.24,2620.03,2620.03,1164600,2713.298,2585.164,2459.918,54.479,68.655,59.563,9.092,2585.164,2770.122,2400.205
2026-08-20,2628.93,2655.63,2603.21,2640.3,1027300,2699.252,2589.292,2465.971,55.904,63.852,60.421,3.431,2589.292,2775.355,2403.23
2026-08-21,2639.31,2691.73,2627.44,2671.46,928300,2686.592,2594.534,2473.646,58.076,61.848,60.706,1.141,2594.534,2783.788,2405.281
2026-08-24,2699.15,2709.54,2641.79,2665.52,819300,2673.436,2598.788,2481.469,57.495,59.098,60.385,-1.286,2598.788,2790.516,2407.059
2026-08-25,2690.25,2730.8,2665.52,2715.47,703800,2662.556,2603.09,2489.421,61.029,60.256,60.359,-0.103,2603.09,2801.459,2404.721
2026-08-26,2725.86,2771.85,2715.97,2748.11,669700,2688.172,2613.352,2497.739,63.183,63.079,60.903,2.176,2613.352,2819.68,2407.023
2026-08-27,2761.96,2782.73,2746.63,2751.08,917200,2710.328,2626.778,2506.611,63.382,64.81,61.684,3.125,2626.778,2832.214,2421.342
2026-08-28,2742.67,2822.29,2742.67,2799.54,2656700,2735.944,2644.358,2516.967,66.548,69.293,63.206,6.087,2644.358,2845.486,2443.231
2026-08-31,2780.75,2840.59,2754.54,2811.41,1168800,2765.122,2659.392,2527.075,67.295,72.962,65.157,7.805,2659.392,2863.394,2455.39
2026-09-01,2775.8,2834.65,2769.37,2831.69,1024600,2788.366,2675.984,2537.885,68.584,76.623,67.45,9.173,2675.984,2879.329,2472.638
2026-09-02,2852.46,2864.82,2804.98,2830.2,1009000,2804.784,2694.083,2548.3,68.371,78.5,69.66,8.84,2694.083,2883.526,2504.64
2026-09-03,2858.39,2914.27,2832.68,2878.17,956900,2830.202,2710.996,2560.228,71.448,82.902,72.309,10.593,2710.996,2902.867,2519.125
2026-09-04,2878.17,2894.0,2809.43,2867.79,1045500,2843.852,2726.104,2572.275,69.864,84.578,74.763,9.816,2726.104,2917.364,2534.844
2026-09-07,2869.76,2897.95,2849.49,2858.39,538400,2853.248,2740.692,2583.58,68.385,84.178,76.646,7.532,2740.692,2925.121,2556.264
2026-09-08,2827.73,2877.18,2816.85,2827.73,589000,2852.456,2754.911,2593.965,63.653,80.459,77.408,3.051,2754.911,2917.884,2591.937
2026-09-09,2789.16,2824.27,2763.94,2768.88,1446200,2840.192,2761.612,2603.025,55.686,71.934,76.314,-4.379,2761.612,2914.511,2608.712
2026-09-10,2768.39,2856.41,2759.98,2824.27,1084300,2829.412,2767.298,2613.173,60.675,68.854,74.822,-5.968,2767.298,2920.658,2613.939
2026-09-11,2777.78,2897.46,2740.2,2859.38,1926900,2827.73,2773.53,2623.706,63.481,68.456,73.549,-5.092,2773.53,2931.384,2615.675
2026-09-14,2855.92,2908.83,2852.46,2896.47,841500,2835.346,2781.788,2634.052,66.223,70.324,72.904,-2.58,2781.788,2947.43,2616.146
2026-09-15,2896.96,2915.26,2818.33,2845.53,798900,2838.906,2785.571,2643.112,59.604,66.922,71.707,-4.785,2785.571,2953.507,2617.635
2026-09-16,2868.28,2903.89,2853.45,2865.81,1197000,2858.292,2797.86,2651.341,61.264,65.112,70.388,-5.277,2797.86,2950.021,2645.699
2026-09-17,2888.06,2919.71,2858.39,2888.06,927700,2871.05,2810.248,2660.796,63.058,64.726,69.256,-4.53,2810.248,2948.064,2672.432
2026-09-18,2906.85,2966.69,2849.49,2966.69,2580100,2892.512,2825.01,2670.548,68.593,69.959,69.396,0.563,2825.01,2963.476,2686.543
2026-09-24,2948.4,2968.18,2878.17,2968.18,2595200,2906.854,2840.142,2680.637,68.688,73.381,70.193,3.187,2840.142,2971.173,2709.112
2026-09-25,3025.54,3172.91,2998.84,3172.91,2281600,2972.33,2863.014,2694.79,78.422,91.557,74.466,17.091,2863.014,3050.115,2675.914
2026-09-28,3173.9,3191.7,3104.67,3165.0,2144300,3032.168,2883.859,2708.37,77.42,104.123,80.397,23.726,2883.859,3106.562,2661.156
2026-09-29,3128.0,3155.0,3079.0,3087.0,1346800,3071.956,2900.655,2719.381,68.176,106.559,85.63,20.93,2900.655,3131.706,2669.604
2026-09-30,3107.0,3183.0,3080.0,3168.0,1523500,3112.218,2919.078,2730.894,71.925,113.716,91.247,22.469,2919.078,3173.735,2664.421
2026-10-01,3160.0,3160.0,3011.0,3067.0,1434100,3131.982,2931.858,2741.149,62.101,109.969,94.991,14.978,2931.858,3189.401,2674.314
2026-10-02,3038.0,3069.0,2976.0,2989.0,1496100,3095.2,2939.723,2752.732,55.766,99.559,95.905,3.654,2939.723,3193.973,2685.473
