Date,Open,High,Low,Close,Volume,SMA5,SMA20,SMA50,RSI,MACD,MACD_signal,MACD_hist,BB_mid,BB_upper,BB_lower
2021-10-01,1332.24,1347.18,1322.27,1325.6,892700,,,,,0.0,0.0,0.0,,,
2021-10-04,1334.73,1352.16,1334.73,1352.16,1266300,,,,,2.119,0.424,1.695,,,
2021-10-05,1349.67,1350.5,1323.93,1338.05,1014500,,,,,2.629,0.865,1.764,,,
2021-10-06,1348.84,1379.55,1342.2,1373.74,1310600,,,,,5.846,1.861,3.985,,,
2021-10-07,1376.23,1377.06,1357.14,1357.97,748400,1349.504,,,,7.042,2.897,4.144,,,
2021-10-08,1377.89,1379.55,1351.33,1352.99,716400,1354.982,,,,7.501,3.818,3.683,,,
2021-10-11,1358.8,1364.61,1349.67,1361.29,755400,1356.808,,,,8.437,4.742,3.696,,,
2021-10-12,1360.46,1360.46,1334.73,1334.73,894000,1356.144,,,,6.956,5.185,1.772,,,
2021-10-13,1336.39,1341.37,1326.43,1333.07,683100,1348.01,,,,5.584,5.265,0.319,,,
2021-10-14,1326.43,1328.09,1313.14,1323.93,660000,1341.202,,,,3.716,4.955,-1.239,,,
2021-10-15,1326.43,1335.56,1323.93,1323.93,661400,1335.39,,,,2.21,4.406,-2.196,,,
2021-10-18,1327.26,1338.88,1322.27,1330.58,693200,1329.248,,,,1.536,3.832,-2.296,,,
2021-10-19,1330.58,1338.88,1324.76,1326.43,662400,1327.588,,,,0.659,3.197,-2.538,,,
2021-10-20,1334.73,1334.73,1320.61,1323.93,648700,1325.76,,,,-0.235,2.511,-2.746,,,
2021-10-21,1327.26,1333.07,1303.18,1303.18,1101700,1321.61,,,35.296,-2.588,1.491,-4.079,,,
2021-10-22,1294.05,1303.18,1283.26,1287.41,957400,1314.306,,,30.239,-5.66,0.061,-5.721,,,
2021-10-25,1287.41,1299.03,1286.58,1294.88,666100,1307.166,,,34.991,-7.406,-1.433,-5.974,,,
2021-10-26,1303.18,1313.14,1289.9,1291.56,672600,1300.192,,,33.886,-8.955,-2.937,-6.018,,,
2021-10-27,1296.54,1296.54,1268.32,1269.98,976400,1289.402,,,27.752,-11.788,-4.707,-7.081,,,
2021-10-28,1255.87,1261.68,1231.8,1243.42,2867900,1277.45,1322.442,,22.383,-15.992,-6.964,-9.028,1322.442,1387.547,1257.336
2021-10-29,1245.91,1249.23,1221.01,1246.74,1065000,1269.316,1318.499,,24.353,-18.838,-9.339,-9.499,1318.499,1391.831,1245.166
2021-11-01,1225.99,1227.65,1182.83,1207.73,3364100,1251.886,1311.277,,18.432,-23.966,-12.264,-11.701,1311.277,1397.894,1224.66
2021-11-02,1215.2,1224.33,1189.47,1194.45,1804700,1232.464,1304.097,,16.924,-28.769,-15.565,-13.204,1304.097,1404.137,1204.057
2021-11-04,1203.58,1207.73,1189.47,1191.13,1409500,1216.694,1294.966,,16.559,-32.47,-18.946,-13.523,1294.966,1401.374,1188.559
2021-11-05,1192.79,1194.45,1172.87,1177.85,1327000,1203.58,1285.96,,15.152,-36.058,-22.369,-13.69,1285.96,1400.123,1171.798
2021-11-08,1185.32,1214.37,1184.49,1207.73,1721600,1195.778,1278.698,,29.639,-36.075,-25.11,-10.965,1278.698,1393.386,1164.009
2021-11-09,1204.41,1216.03,1193.62,1194.45,1020400,1193.122,1270.356,,27.4,-36.737,-27.435,-9.301,1270.356,1384.015,1156.696
2021-11-10,1200.26,1208.56,1191.96,1196.94,683200,1193.62,1263.466,,28.491,-36.638,-29.276,-7.362,1263.466,1377.4,1149.532
2021-11-11,1197.77,1203.58,1187.81,1187.81,887200,1192.956,1256.203,,26.895,-36.871,-30.795,-6.076,1256.203,1369.974,1142.432
2021-11-12,1187.81,1204.41,1187.81,1193.62,682100,1196.11,1249.688,,29.597,-36.17,-31.87,-4.3,1249.688,1362.044,1137.331
2021-11-15,1201.09,1206.9,1186.15,1186.98,964600,1191.96,1242.84,,28.309,-35.739,-32.644,-3.095,1242.84,1352.813,1132.867
2021-11-16,1193.62,1206.9,1186.98,1186.98,944500,1190.466,1235.66,,28.309,-34.993,-33.114,-1.88,1235.66,1340.126,1131.194
2021-11-17,1186.98,1189.47,1172.87,1174.53,993400,1185.984,1228.065,,25.862,-35.003,-33.492,-1.512,1228.065,1326.668,1129.462
2021-11-18,1172.04,1182.0,1163.73,1178.68,924700,1184.158,1220.802,,28.094,-34.282,-33.65,-0.632,1220.802,1310.686,1130.919
2021-11-19,1182.0,1194.45,1177.85,1194.45,833100,1184.324,1215.366,,35.979,-32.067,-33.333,1.266,1215.366,1297.05,1133.682
2021-11-22,1191.13,1202.75,1184.49,1201.09,635600,1187.146,1211.05,,39.012,-29.437,-32.554,3.117,1211.05,1285.508,1136.592
2021-11-24,1215.2,1225.99,1206.9,1214.37,802400,1192.624,1207.024,,44.658,-25.982,-31.24,5.258,1207.024,1270.259,1143.79
2021-11-25,1211.88,1230.97,1205.24,1229.31,787400,1203.58,1203.912,,50.24,-21.787,-29.349,7.562,1203.912,1254.488,1153.336
2021-11-26,1225.99,1229.31,1214.37,1219.35,721600,1211.714,1201.38,,46.848,-19.047,-27.289,8.242,1201.38,1242.15,1160.611
2021-11-29,1201.92,1211.05,1191.96,1200.26,1095100,1212.876,1199.222,,41.117,-18.205,-25.472,7.267,1199.222,1234.87,1163.575
2021-11-30,1206.07,1222.67,1199.43,1199.43,1807400,1212.544,1196.857,,40.883,-17.405,-23.859,6.454,1196.857,1224.639,1169.075
2021-12-01,1199.43,1211.05,1195.28,1198.6,1231400,1209.39,1196.401,,40.634,-16.646,-22.416,5.77,1196.401,1223.726,1169.075
2021-12-02,1197.77,1212.71,1196.94,1203.58,908100,1204.244,1196.857,,42.884,-15.464,-21.026,5.562,1196.857,1224.35,1169.364
2021-12-03,1211.05,1224.33,1201.92,1224.33,788100,1205.24,1198.517,,51.184,-12.706,-19.362,6.655,1198.517,1228.455,1168.579
2021-12-06,1233.46,1246.74,1226.82,1243.42,797800,1213.872,1201.796,,57.328,-8.878,-17.265,8.387,1201.796,1236.228,1167.363
2021-12-07,1246.74,1257.53,1240.1,1256.7,757700,1225.326,1204.244,,61.005,-4.719,-14.756,10.037,1204.244,1246.523,1161.965
2021-12-08,1248.4,1259.19,1241.76,1241.76,1330900,1233.958,1206.61,,55.238,-2.598,-12.324,9.726,1206.61,1251.777,1161.442
2021-12-09,1241.76,1249.23,1237.61,1241.76,735700,1241.594,1208.85,,55.238,-0.906,-10.041,9.134,1208.85,1256.383,1161.318
2021-12-10,1245.91,1252.55,1240.93,1251.72,1028600,1247.072,1212.046,,58.287,1.224,-7.788,9.011,1212.046,1262.147,1161.945
2021-12-13,1261.68,1261.68,1234.29,1241.76,1075600,1246.74,1214.453,1254.727,54.304,2.084,-5.813,7.897,1214.453,1265.444,1163.462
2021-12-14,1248.4,1252.55,1240.1,1249.23,680200,1245.246,1217.566,1253.199,56.694,3.33,-3.985,7.315,1217.566,1269.092,1166.039
2021-12-15,1250.06,1264.17,1250.06,1263.34,775000,1249.562,1221.384,1251.423,60.859,5.394,-2.109,7.503,1221.384,1274.655,1168.112
2021-12-16,1278.28,1284.92,1269.98,1284.92,850700,1258.194,1226.903,1250.36,66.211,8.671,0.047,8.624,1226.903,1282.556,1171.25
2021-12-17,1285.75,1297.37,1279.94,1293.22,2247400,1266.494,1232.63,1248.75,68.022,11.802,2.398,9.404,1232.63,1290.901,1174.359
2021-12-20,1285.75,1289.9,1270.81,1284.09,1273500,1274.96,1237.112,1247.272,63.961,13.392,4.597,8.795,1237.112,1296.79,1177.434
2021-12-21,1292.39,1293.22,1271.64,1272.47,868300,1279.608,1240.681,1245.662,59.123,13.558,6.389,7.169,1240.681,1299.824,1181.538
2021-12-22,1274.13,1280.77,1268.32,1271.64,576400,1281.268,1243.544,1243.869,58.78,13.468,7.805,5.663,1243.544,1302.869,1184.22
2021-12-23,1276.62,1283.26,1271.64,1282.43,439000,1280.77,1246.2,1242.823,61.869,14.104,9.065,5.039,1246.2,1307.563,1184.838
2021-12-24,1278.28,1281.6,1263.34,1268.32,490200,1275.79,1248.649,1241.528,55.964,13.317,9.915,3.401,1248.649,1309.406,1187.892
2021-12-27,1265.0,1273.3,1264.17,1270.81,677300,1273.134,1252.176,1240.466,56.748,12.746,10.481,2.265,1252.176,1309.18,1195.173
2021-12-28,1279.94,1288.24,1274.96,1284.09,762000,1275.458,1256.41,1239.669,60.763,13.214,11.028,2.186,1256.41,1309.35,1203.469
2021-12-29,1279.94,1287.41,1266.66,1274.13,627500,1275.956,1260.186,1238.54,56.525,12.635,11.349,1.285,1260.186,1306.068,1214.304
2021-12-30,1270.81,1274.13,1263.34,1267.49,555200,1272.968,1263.382,1237.361,53.83,11.507,11.381,0.126,1263.382,1300.782,1225.981
2022-01-04,1269.15,1273.3,1238.44,1247.57,2882200,1268.818,1264.544,1235.834,46.644,8.904,10.885,-1.982,1264.544,1298.08,1231.007
2022-01-05,1249.23,1259.19,1242.59,1246.74,2317900,1264.004,1264.71,1234.705,46.366,6.697,10.048,-3.351,1264.71,1297.836,1231.583
2022-01-06,1242.59,1245.91,1221.84,1225.16,1552900,1252.218,1263.133,1233.46,39.74,3.169,8.672,-5.503,1263.133,1300.585,1225.68
2022-01-07,1225.16,1235.12,1203.58,1213.54,1927400,1240.1,1261.722,1231.833,36.699,-0.557,6.826,-7.383,1261.722,1304.335,1219.108
2022-01-11,1210.22,1247.57,1209.39,1245.91,2423600,1235.784,1261.929,1230.92,48.518,-0.888,5.283,-6.172,1261.929,1304.172,1219.686
2022-01-12,1243.42,1251.72,1231.8,1233.46,1296400,1232.962,1261.016,1230.19,45.035,-2.131,3.8,-5.931,1261.016,1304.944,1217.088
2022-01-13,1234.29,1238.44,1229.31,1233.46,1342400,1230.306,1260.601,1229.991,45.035,-3.08,2.424,-5.504,1260.601,1305.442,1215.76
2022-01-14,1236.78,1242.59,1228.48,1240.93,1522500,1233.46,1260.186,1229.874,47.65,-3.193,1.301,-4.494,1260.186,1305.62,1214.752
2022-01-17,1241.76,1242.59,1235.95,1240.93,983800,1238.938,1259.066,1230.538,47.65,-3.244,0.392,-3.636,1259.066,1305.271,1212.86
2022-01-18,1245.91,1246.74,1231.8,1232.63,1053500,1236.282,1256.451,1231.302,44.898,-3.91,-0.469,-3.442,1256.451,1302.414,1210.488
2022-01-19,1227.65,1230.14,1213.54,1216.03,1240200,1232.796,1252.592,1231.8,39.93,-5.712,-1.517,-4.194,1252.592,1298.517,1206.666
2022-01-20,1214.37,1232.63,1214.37,1224.33,747600,1230.97,1249.604,1232.73,43.308,-6.396,-2.493,-3.903,1249.604,1294.669,1204.538
2022-01-21,1219.35,1245.91,1216.86,1245.91,859900,1231.966,1248.276,1233.493,51.019,-5.137,-3.022,-2.115,1248.276,1292.05,1204.501
2022-01-24,1240.93,1244.25,1233.46,1240.93,760300,1231.966,1246.74,1234.423,49.351,-4.49,-3.315,-1.175,1246.74,1289.199,1204.281
2022-01-25,1236.78,1246.74,1229.31,1245.91,926000,1234.622,1244.914,1235.402,51.074,-3.534,-3.359,-0.175,1244.914,1283.91,1205.918
2022-01-26,1246.74,1250.06,1236.78,1240.93,771000,1239.602,1243.544,1236.465,49.269,-3.143,-3.316,0.173,1243.544,1280.972,1206.117
2022-01-27,1250.06,1279.11,1246.74,1274.96,2598400,1249.728,1243.752,1238.091,59.739,-0.085,-2.67,2.584,1243.752,1281.856,1205.648
2022-01-28,1278.28,1289.9,1257.53,1265.0,1415300,1253.546,1242.798,1239.652,56.091,1.516,-1.833,3.349,1242.798,1277.446,1208.149
2022-01-31,1245.91,1259.19,1233.46,1245.91,1942400,1254.542,1241.386,1240.83,49.811,1.231,-1.22,2.451,1241.386,1272.811,1209.962
2022-02-01,1345.52,1443.46,1337.22,1442.63,6735800,1293.886,1250.144,1246.192,77.619,16.686,2.361,14.325,1250.144,1345.261,1155.026
2022-02-02,1439.31,1470.02,1423.54,1436.82,3106300,1333.064,1259.606,1251.355,76.275,28.142,7.517,20.624,1259.606,1386.118,1133.094
2022-02-03,1440.14,1534.77,1438.48,1533.11,4205600,1384.694,1273.924,1258.128,81.876,44.477,14.909,29.568,1273.924,1449.582,1098.267
2022-02-04,1533.11,1582.91,1529.79,1561.33,3666900,1443.96,1290.733,1265.333,83.133,59.02,23.731,35.288,1290.733,1506.5,1074.966
2022-02-07,1580.42,1645.17,1574.61,1635.2,4101300,1521.818,1311.816,1273.75,85.892,75.634,34.112,41.522,1311.816,1573.368,1050.264
2022-02-08,1602.0,1618.6,1553.86,1562.99,2849400,1545.89,1327.67,1280.423,73.277,82.028,43.695,38.333,1327.67,1610.015,1045.325
2022-02-09,1558.01,1583.74,1530.62,1551.37,1885000,1568.8,1343.566,1287.064,71.458,85.176,51.991,33.185,1343.566,1639.067,1048.064
2022-02-10,1546.39,1562.99,1538.09,1555.52,1063500,1573.282,1359.668,1294.169,71.728,87.003,58.994,28.009,1359.668,1664.849,1054.488
2022-02-14,1536.43,1574.61,1533.94,1568.8,1452700,1574.776,1376.062,1301.556,72.62,88.502,64.896,23.607,1376.062,1689.499,1062.625
2022-02-15,1577.1,1598.68,1550.54,1562.16,1537100,1560.168,1392.124,1308.828,71.407,88.139,69.544,18.595,1392.124,1709.304,1074.943
2022-02-16,1554.69,1583.74,1554.69,1579.59,892300,1563.488,1409.472,1316.348,72.696,88.24,73.283,14.957,1409.472,1727.873,1091.07
2022-02-17,1566.31,1587.06,1556.35,1573.78,1075100,1567.97,1427.359,1323.337,71.538,86.85,75.997,10.853,1427.359,1740.15,1114.568
2022-02-18,1579.59,1587.06,1559.67,1560.5,718400,1568.966,1444.168,1329.678,68.838,83.712,77.54,6.172,1444.168,1746.992,1141.343
2022-02-21,1558.01,1558.01,1528.13,1537.26,848900,1562.658,1458.735,1335.29,64.267,78.445,77.721,0.725,1458.735,1749.18,1168.29
2022-02-22,1526.47,1535.6,1514.85,1526.47,1027200,1555.52,1473.012,1340.984,62.202,72.565,76.69,-4.125,1473.012,1745.92,1200.104
2022-02-24,1519.0,1527.3,1469.19,1491.61,1425700,1537.924,1485.297,1345.981,55.947,64.349,74.222,-9.872,1485.297,1736.411,1234.183
2022-02-25,1490.78,1501.57,1465.87,1477.49,1264100,1518.666,1497.125,1350.496,53.596,56.053,70.588,-14.535,1497.125,1720.532,1273.718
2022-02-28,1477.5,1517.34,1476.66,1514.85,1019700,1509.536,1509.12,1355.958,58.558,51.895,66.849,-14.955,1509.12,1706.553,1311.686
2022-03-01,1534.77,1538.92,1518.17,1525.64,976000,1507.212,1522.152,1361.486,59.892,48.906,63.261,-14.355,1522.152,1682.701,1361.602
2022-03-02,1512.36,1538.09,1503.23,1531.45,943100,1508.208,1536.428,1366.848,60.627,46.471,59.903,-13.432,1536.428,1630.614,1442.243
2022-03-03,1564.65,1586.23,1555.52,1561.33,1054700,1522.152,1542.364,1372.377,64.255,46.417,57.205,-10.789,1542.364,1626.035,1458.692
2022-03-04,1569.63,1576.27,1523.98,1540.58,1345300,1534.77,1547.552,1377.324,60.112,44.19,54.602,-10.412,1547.552,1614.954,1480.149
2022-03-07,1530.62,1573.78,1529.79,1572.95,1337400,1546.39,1549.544,1383.101,64.01,44.524,52.587,-8.063,1549.544,1617.501,1481.586
2022-03-08,1527.3,1546.39,1509.04,1529.79,1263300,1547.22,1547.966,1388.247,56.134,40.836,50.237,-9.401,1547.966,1616.236,1479.697
2022-03-09,1523.15,1529.79,1495.76,1516.51,1425800,1544.232,1542.032,1393.145,53.935,36.421,47.473,-11.052,1542.032,1597.877,1486.187
2022-03-10,1524.81,1559.67,1513.19,1539.75,1229700,1539.916,1540.87,1398.291,57.102,34.401,44.859,-10.458,1540.87,1595.839,1485.901
2022-03-11,1534.77,1555.52,1528.96,1534.77,884000,1538.754,1540.04,1403.62,56.21,32.029,42.293,-10.264,1540.04,1594.843,1485.237
2022-03-14,1544.73,1544.73,1509.87,1523.98,760600,1528.96,1538.463,1408.684,54.234,28.945,39.623,-10.678,1538.463,1593.206,1483.72
2022-03-15,1527.3,1541.41,1513.19,1538.09,646200,1530.62,1536.928,1413.764,56.393,27.325,37.164,-9.839,1536.928,1589.777,1484.078
2022-03-16,1539.75,1572.12,1539.75,1556.35,769300,1538.588,1536.637,1419.408,59.084,27.2,35.171,-7.971,1536.637,1588.964,1484.31
2022-03-17,1562.99,1562.99,1531.45,1537.26,1049200,1538.09,1534.52,1424.803,55.246,25.27,33.191,-7.921,1534.52,1582.8,1486.241
2022-03-18,1530.62,1544.73,1523.15,1538.09,1452200,1538.754,1532.736,1430.614,55.382,23.536,31.26,-7.724,1532.736,1577.409,1488.063
2022-03-22,1567.14,1606.98,1548.05,1602.83,2081600,1554.524,1534.852,1437.736,64.439,27.073,30.423,-3.349,1534.852,1588.228,1481.477
2022-03-23,1518.17,1530.62,1448.44,1522.32,4064800,1551.37,1534.106,1443.679,50.665,23.114,28.961,-5.847,1534.106,1587.756,1480.455
2022-03-24,1511.53,1544.73,1509.04,1534.77,1832900,1547.054,1534.52,1450.103,52.361,20.742,27.317,-6.575,1534.52,1588.051,1480.99
2022-03-25,1534.77,1539.75,1507.38,1509.04,1079200,1541.41,1535.392,1455.366,48.64,16.594,25.172,-8.578,1535.392,1586.493,1484.291
2022-03-28,1513.19,1515.68,1495.76,1508.21,713200,1535.434,1536.928,1460.861,48.52,13.089,22.756,-9.666,1536.928,1582.218,1491.638
2022-03-29,1503.23,1518.17,1499.91,1510.7,1167300,1517.008,1536.72,1466.406,48.926,10.393,20.283,-9.89,1536.72,1582.472,1490.969
2022-03-30,1502.21,1519.18,1484.39,1513.24,1110400,1515.192,1536.1,1471.852,49.366,8.364,17.9,-9.535,1536.1,1582.81,1489.391
2022-03-31,1509.0,1509.85,1480.99,1483.54,1000400,1504.946,1533.705,1476.704,44.543,4.311,15.182,-10.871,1533.705,1585.999,1481.411
2022-04-01,1475.9,1497.97,1464.02,1497.12,640000,1502.562,1530.494,1481.994,47.088,2.169,12.579,-10.41,1530.494,1583.526,1477.463
2022-04-04,1503.91,1510.7,1493.72,1495.42,364300,1500.004,1528.236,1487.582,46.799,0.33,10.129,-9.799,1528.236,1583.268,1473.205
2022-04-05,1502.21,1507.3,1485.24,1485.24,562000,1494.912,1523.851,1492.8,45.014,-1.926,7.718,-9.644,1523.851,1577.849,1469.853
2022-04-06,1484.39,1493.72,1458.08,1458.93,643000,1484.05,1520.308,1497.06,40.694,-5.77,5.021,-10.791,1520.308,1581.487,1459.129
2022-04-07,1458.08,1464.87,1437.71,1447.89,802900,1476.92,1516.877,1501.2,39.003,-9.597,2.097,-11.694,1516.877,1586.118,1447.636
2022-04-08,1438.56,1450.44,1426.68,1450.44,754200,1467.584,1512.412,1505.29,39.627,-12.283,-0.779,-11.504,1512.412,1586.772,1438.051
2022-04-11,1469.11,1473.35,1452.14,1463.17,1113000,1461.134,1508.831,1509.735,42.775,-13.232,-3.269,-9.962,1508.831,1585.517,1432.146
2022-04-12,1461.47,1478.45,1449.59,1464.87,757200,1457.06,1505.876,1513.533,43.201,-13.688,-5.353,-8.335,1505.876,1584.632,1427.12
2022-04-13,1479.29,1488.63,1464.02,1484.39,929200,1462.152,1503.191,1517.921,47.988,-12.333,-6.749,-5.584,1503.191,1580.978,1425.404
2022-04-14,1487.78,1503.91,1481.84,1503.91,688700,1473.356,1500.569,1523.081,52.317,-9.574,-7.314,-2.26,1500.569,1574.238,1426.9
2022-04-15,1507.3,1511.55,1497.97,1499.66,479400,1483.2,1498.689,1524.222,51.315,-7.642,-7.38,-0.262,1498.689,1570.306,1427.072
2022-04-18,1497.97,1516.64,1497.97,1515.79,612100,1493.724,1497.574,1525.801,54.847,-4.754,-6.855,2.1,1497.574,1567.277,1427.871
2022-04-19,1528.52,1555.68,1523.43,1550.59,929500,1510.868,1494.962,1526.151,61.361,0.338,-5.416,5.754,1494.962,1550.542,1439.382
2022-04-20,1550.59,1551.43,1535.31,1544.65,639700,1522.92,1496.078,1525.817,59.776,3.851,-3.563,7.413,1496.078,1554.781,1437.376
2022-04-21,1561.62,1565.86,1525.13,1527.67,847700,1527.672,1495.724,1523.666,55.372,5.204,-1.809,7.013,1495.724,1553.52,1437.927
2022-04-22,1516.64,1523.43,1500.51,1514.94,614300,1530.728,1496.018,1522.705,52.264,5.189,-0.41,5.599,1496.018,1554.161,1437.876
2022-04-25,1497.12,1511.55,1493.72,1509.85,554200,1529.54,1496.1,1521.875,51.031,4.713,0.615,4.098,1496.1,1554.32,1437.881
2022-04-26,1497.97,1521.73,1497.97,1516.64,630500,1522.75,1496.398,1521.097,52.637,4.827,1.457,3.37,1496.398,1554.99,1437.805
2022-04-27,1510.7,1513.24,1476.75,1491.18,1415200,1512.056,1495.294,1519.545,46.481,2.831,1.732,1.099,1495.294,1553.38,1437.209
2022-04-28,1489.48,1518.34,1477.6,1516.64,1047900,1509.85,1496.95,1518.635,52.467,3.266,2.039,1.227,1496.95,1555.509,1438.39
2022-05-02,1510.7,1531.07,1502.21,1525.12,761800,1511.886,1498.35,1517.545,54.301,4.246,2.48,1.765,1498.35,1558.25,1438.449
2022-05-06,1531.91,1552.28,1519.18,1546.34,1484200,1519.184,1500.896,1516.996,58.604,6.658,3.316,3.342,1500.896,1564.486,1437.305
2022-05-09,1553.13,1574.35,1546.34,1571.8,920000,1530.216,1505.224,1517.222,63.094,10.503,4.753,5.75,1505.224,1575.734,1434.713
2022-05-10,1568.41,1572.65,1544.65,1553.13,914100,1542.606,1509.934,1517.54,58.116,11.906,6.184,5.722,1509.934,1580.007,1439.86
2022-05-11,1565.01,1571.8,1538.7,1552.28,925600,1549.734,1515.153,1518.056,57.892,12.802,7.507,5.295,1515.153,1581.204,1449.102
2022-05-12,1702.5,1836.6,1697.41,1819.63,5368400,1608.636,1533.612,1524.616,81.734,34.685,12.943,21.742,1533.612,1680.457,1386.768
2022-05-13,1783.98,1802.65,1734.76,1795.01,2283700,1658.37,1550.204,1530.967,77.388,49.471,20.249,29.222,1550.204,1733.902,1366.507
2022-05-16,1774.64,1798.41,1738.15,1788.22,1377800,1701.654,1566.372,1536.434,76.185,59.95,28.189,31.761,1566.372,1773.827,1358.917
2022-05-17,1790.77,1845.94,1783.98,1811.14,1275900,1753.256,1582.71,1542.144,77.459,69.305,36.412,32.893,1582.71,1813.169,1352.25
2022-05-18,1799.26,1823.87,1772.1,1821.32,978800,1807.064,1598.58,1547.942,78.021,76.657,44.461,32.196,1598.58,1849.04,1348.12
2022-05-19,1810.29,1837.45,1800.11,1833.21,907800,1809.78,1615.258,1553.379,78.69,82.491,52.067,30.424,1615.258,1881.882,1348.633
2022-05-20,1834.05,1834.05,1797.56,1805.2,966800,1811.818,1629.728,1558.672,73.052,83.888,58.431,25.457,1629.728,1904.9,1354.556
2022-05-23,1809.44,1810.29,1763.61,1766.16,1017200,1807.406,1640.507,1562.536,65.958,80.913,62.928,17.985,1640.507,1919.488,1361.525
2022-05-24,1778.04,1779.74,1738.15,1763.61,885200,1797.9,1651.455,1567.212,65.51,77.456,65.833,11.622,1651.455,1931.779,1371.13
2022-05-25,1784.83,1806.9,1772.1,1785.68,823800,1790.772,1664.355,1572.596,67.562,75.625,67.792,7.833,1664.355,1944.442,1384.268
2022-05-26,1765.31,1795.86,1763.61,1790.77,525500,1782.284,1678.146,1577.616,68.034,73.735,68.98,4.755,1678.146,1954.393,1401.9
2022-05-27,1767.01,1784.83,1756.82,1767.85,632000,1774.814,1691.046,1582.278,63.548,69.586,69.101,0.484,1691.046,1958.147,1423.946
2022-05-30,1769.55,1775.49,1737.3,1744.94,1381700,1770.57,1702.462,1586.697,59.336,63.714,68.024,-4.31,1702.462,1957.416,1447.507
2022-05-31,1746.64,1757.67,1716.93,1727.97,2025000,1763.442,1714.301,1590.494,56.357,57.034,65.826,-8.792,1714.301,1949.142,1479.46
2022-06-01,1727.97,1733.91,1700.81,1724.57,1173900,1751.22,1724.697,1593.859,55.753,50.879,62.837,-11.957,1724.697,1940.318,1509.077
2022-06-02,1737.3,1767.01,1719.48,1740.7,710200,1741.206,1735.477,1597.928,58.05,46.764,59.622,-12.858,1735.477,1929.568,1541.385
2022-06-03,1737.3,1737.3,1715.24,1721.18,530200,1731.872,1744.219,1601.589,54.371,41.45,55.988,-14.538,1744.219,1917.024,1571.413
2022-06-06,1714.39,1733.91,1710.99,1727.12,448000,1728.308,1751.984,1604.075,55.3,37.288,52.248,-14.96,1751.984,1904.99,1598.979
2022-06-07,1811.99,1879.88,1778.04,1871.4,2419200,1756.994,1767.898,1611.057,70.826,45.111,50.82,-5.709,1767.898,1898.366,1637.43
2022-06-08,1924.87,1932.5,1876.49,1892.61,1854200,1790.602,1784.914,1618.214,72.346,52.419,51.14,1.279,1784.914,1881.295,1688.534
2022-06-09,1880.73,1880.73,1841.69,1849.33,1215400,1812.328,1786.4,1625.019,64.911,54.094,51.731,2.363,1786.4,1885.897,1686.902
2022-06-10,1835.75,1851.03,1826.42,1839.99,791700,1836.09,1788.648,1631.655,63.397,54.045,52.194,1.852,1788.648,1890.96,1686.337
2022-06-13,1836.6,1853.57,1811.99,1819.63,770900,1854.592,1790.219,1637.834,60.106,51.767,52.108,-0.341,1790.219,1893.462,1686.976
2022-06-14,1782.28,1807.74,1781.43,1795.86,563200,1839.484,1789.455,1643.486,56.423,47.496,51.186,-3.69,1789.455,1892.272,1686.638
2022-06-15,1782.28,1782.28,1739.0,1747.49,860700,1810.46,1785.764,1648.765,49.743,39.749,48.899,-9.149,1785.764,1889.064,1682.463
2022-06-16,1754.28,1798.41,1753.43,1772.1,881500,1795.014,1782.708,1654.265,52.805,35.191,46.157,-10.966,1782.708,1883.688,1681.728
2022-06-17,1739.85,1755.97,1720.33,1755.12,1279200,1778.04,1780.204,1659.459,50.518,29.863,42.898,-13.035,1780.204,1881.319,1679.089
2022-06-20,1727.12,1730.51,1698.26,1710.14,836200,1756.142,1777.403,1663.957,44.964,21.761,38.671,-16.91,1777.403,1883.154,1671.652
2022-06-21,1712.69,1735.6,1705.9,1728.81,736800,1742.732,1775.663,1669.354,47.542,16.655,34.268,-17.613,1775.663,1883.494,1667.832
2022-06-22,1732.21,1735.6,1705.9,1710.99,1126500,1735.432,1771.928,1674.616,45.358,11.042,29.623,-18.58,1771.928,1883.41,1660.447
2022-06-23,1717.78,1735.6,1708.45,1731.36,579900,1727.284,1768.958,1680.235,48.283,8.145,25.327,-17.182,1768.958,1881.487,1656.429
2022-06-24,1720.33,1720.33,1703.35,1713.54,781300,1718.968,1766.242,1685.242,45.965,4.36,21.134,-16.774,1766.242,1881.473,1651.012
2022-06-27,1742.39,1758.52,1734.76,1748.33,825100,1726.606,1766.412,1690.911,50.919,4.12,17.731,-13.611,1766.412,1881.52,1651.304
2022-06-28,1767.85,1833.21,1756.82,1829.81,1473400,1746.806,1771.504,1697.82,60.136,10.385,16.262,-5.877,1771.504,1888.448,1654.56
2022-06-29,1855.27,1951.18,1855.27,1888.37,3190900,1782.282,1779.694,1705.509,65.196,19.847,16.979,2.868,1779.694,1905.412,1653.976
2022-06-30,1900.25,1935.9,1882.43,1904.5,1916300,1816.91,1787.884,1713.606,66.458,28.32,19.247,9.073,1787.884,1923.831,1651.937
2022-07-01,1937.6,1941.84,1872.25,1887.52,1590300,1851.706,1796.201,1721.04,63.833,33.282,22.054,11.228,1796.201,1935.283,1657.119
2022-07-04,1890.07,1947.78,1885.83,1933.35,1299600,1888.71,1806.512,1728.695,67.558,40.446,25.732,14.713,1806.512,1954.334,1658.691
2022-07-05,1935.05,1963.91,1896.86,1939.29,1301200,1910.606,1809.907,1736.588,68.018,46.071,29.8,16.271,1809.907,1966.84,1652.974
2022-07-06,1887.52,1894.31,1839.15,1877.34,1655900,1908.4,1809.143,1743.582,58.677,45.012,32.843,12.17,1809.143,1964.523,1653.764
2022-07-07,1898.56,1924.87,1886.67,1908.74,1152900,1909.248,1812.114,1751.458,61.559,46.174,35.509,10.665,1812.114,1972.906,1651.322
2022-07-08,1912.98,1918.92,1893.46,1912.14,914100,1914.172,1815.722,1759.503,61.869,46.829,37.773,9.056,1815.722,1982.281,1649.162
2022-07-11,1926.56,1943.54,1912.13,1934.2,799900,1914.342,1821.45,1767.855,63.903,48.569,39.932,8.637,1821.45,1996.252,1646.648
2022-07-12,1948.63,1997.01,1933.35,1941.84,1335600,1914.852,1828.749,1776.868,64.608,49.988,41.943,8.045,1828.749,2011.081,1646.417
2022-07-13,1942.69,1957.12,1922.32,1951.18,712600,1929.62,1838.933,1785.559,65.494,51.275,43.81,7.465,1838.933,2024.874,1652.993
2022-07-14,1952.02,1958.81,1918.92,1937.6,607000,1935.392,1847.208,1793.808,63.023,50.616,45.171,5.445,1847.208,2035.343,1659.074
2022-07-15,1960.51,1977.49,1929.96,1947.78,711500,1942.52,1856.842,1801.837,64.116,50.334,46.204,4.131,1856.842,2044.852,1668.831
2022-07-19,1953.72,1957.12,1912.98,1915.53,656000,1938.786,1867.111,1808.712,58.242,46.968,46.356,0.611,1867.111,2043.458,1690.764
2022-07-20,1929.96,1930.81,1901.1,1914.68,600700,1933.354,1876.404,1815.943,58.091,43.727,45.831,-2.103,1876.404,2041.28,1711.529
2022-07-21,1880.73,1902.8,1876.49,1895.16,627800,1922.15,1885.613,1822.8,54.589,39.133,44.491,-5.358,1885.613,2031.011,1740.215
2022-07-22,1885.83,1901.1,1862.91,1866.3,752100,1907.89,1892.36,1823.734,49.809,32.785,42.15,-9.365,1892.36,2018.923,1765.797
2022-07-25,1874.79,1904.5,1871.4,1894.31,713600,1897.196,1901.398,1825.72,54.018,29.672,39.654,-9.982,1901.398,1995.967,1806.83
2022-07-26,1906.19,1911.29,1893.46,1898.56,705000,1893.802,1908.91,1827.926,54.639,27.234,37.17,-9.936,1908.91,1970.349,1847.471
2022-07-27,1895.16,1907.89,1871.4,1873.94,767600,1885.654,1911.116,1829.182,50.39,23.05,34.346,-11.296,1911.116,1963.024,1859.209
2022-07-28,1875.64,1924.87,1858.67,1918.92,1059400,1890.406,1912.644,1831.134,56.973,23.097,32.096,-8.999,1912.644,1963.521,1861.767
2022-07-29,1908.74,1910.44,1881.58,1902.8,988600,1897.706,1912.559,1832.526,54.198,21.585,29.994,-8.409,1912.559,1963.499,1861.619
2022-08-01,1775.49,1802.65,1743.24,1756.82,3146800,1870.208,1906.024,1831.559,36.74,8.509,25.697,-17.188,1906.024,1991.985,1820.063
2022-08-02,1752.58,1776.34,1733.06,1733.06,1636400,1837.108,1896.01,1830.897,34.777,-3.728,19.812,-23.54,1896.01,2010.5,1781.519
2022-08-03,1738.15,1739.85,1714.39,1722.87,972100,1806.894,1885.188,1830.082,33.939,-14.085,13.033,-27.118,1885.188,2021.32,1749.057
2022-08-04,1705.9,1710.99,1647.34,1648.19,2246800,1752.748,1873.731,1827.332,28.518,-27.997,4.827,-32.824,1873.731,2046.331,1701.131
2022-08-05,1643.1,1665.16,1637.15,1656.67,972200,1703.522,1861.127,1824.65,29.887,-37.901,-3.719,-34.183,1861.127,2058.062,1664.193
2022-08-08,1657.52,1692.32,1655.83,1675.35,1185300,1687.228,1849.288,1822.8,32.936,-43.739,-11.723,-32.016,1849.288,2061.21,1637.366
2022-08-09,1688.08,1696.56,1677.89,1681.29,537000,1676.874,1836.642,1821.527,33.919,-47.34,-18.846,-28.494,1836.642,2057.236,1616.049
2022-08-10,1693.17,1700.81,1683.83,1691.47,543500,1670.594,1824.124,1820.797,35.661,-48.81,-24.839,-23.971,1824.124,2047.974,1600.274
2022-08-12,1713.54,1713.54,1691.47,1704.2,778300,1681.796,1811.775,1820.39,37.867,-48.39,-29.549,-18.841,1811.775,2033.351,1590.199
2022-08-15,1704.2,1713.54,1690.62,1695.71,987400,1689.604,1799.68,1819.49,36.957,-48.187,-33.277,-14.91,1799.68,2018.731,1580.63
2022-08-16,1697.41,1710.99,1690.62,1708.45,554100,1696.224,1787.714,1819.235,39.314,-46.462,-35.914,-10.548,1787.714,1998.699,1576.729
2022-08-17,1716.93,1739.0,1713.54,1738.15,749400,1707.596,1778.845,1819.456,44.521,-42.212,-37.174,-5.039,1778.845,1981.974,1575.716
2022-08-18,1738.15,1748.33,1727.97,1738.15,478300,1716.932,1770.019,1816.791,44.521,-38.401,-37.419,-0.982,1770.019,1963.403,1576.634
2022-08-19,1746.64,1752.58,1734.76,1750.03,579100,1726.098,1762.762,1813.939,46.645,-34.03,-36.741,2.711,1762.762,1947.052,1578.472
2022-08-22,1761.07,1767.01,1744.94,1760.22,535700,1739.0,1757.458,1812.157,48.467,-29.405,-35.274,5.869,1757.458,1935.191,1579.725
2022-08-23,1760.22,1765.31,1751.73,1764.46,678900,1750.202,1750.965,1810.646,49.244,-25.108,-33.241,8.133,1750.965,1916.733,1585.198
2022-08-24,1764.46,1821.32,1757.67,1800.11,1287700,1762.594,1746.043,1810.256,55.34,-18.611,-30.315,11.704,1746.043,1898.684,1593.402
2022-08-25,1809.44,1820.47,1786.53,1813.69,1210900,1777.702,1743.03,1810.613,57.437,-12.226,-26.697,14.471,1743.03,1887.186,1598.875
2022-08-26,1811.14,1840.84,1806.05,1840.84,860900,1795.864,1739.126,1812.48,61.344,-4.918,-22.341,17.423,1739.126,1866.474,1611.779
2022-08-29,1824.72,1828.96,1800.95,1812.84,802200,1806.388,1734.629,1813.294,55.668,-1.37,-18.147,16.777,1734.629,1842.501,1626.756
2022-08-30,1826.42,1842.54,1818.78,1837.45,551100,1820.986,1738.66,1814.941,59.238,3.389,-13.84,17.229,1738.66,1855.665,1621.655
2022-08-31,1809.44,1824.72,1800.11,1819.63,1184400,1824.89,1742.988,1817.131,55.738,5.657,-9.941,15.597,1742.988,1865.401,1620.576
2022-09-01,1824.72,1827.26,1798.41,1806.9,734900,1823.532,1747.19,1818.693,53.314,6.354,-6.682,13.035,1747.19,1872.431,1621.949
2022-09-02,1803.5,1814.53,1772.1,1778.89,886500,1811.142,1753.725,1820.051,48.334,4.593,-4.427,9.02,1753.725,1870.574,1636.876
2022-09-05,1783.13,1791.62,1772.1,1781.43,486300,1804.86,1759.963,1821.052,48.801,3.364,-2.869,6.232,1759.963,1867.983,1651.943
2022-09-06,1772.1,1787.38,1767.01,1782.28,346000,1793.826,1765.309,1822.427,48.968,2.43,-1.809,4.239,1765.309,1866.034,1664.585
2022-09-07,1778.89,1778.89,1750.03,1772.95,485100,1784.49,1769.893,1822.919,47.157,0.927,-1.262,2.189,1769.893,1862.538,1677.247
2022-09-08,1781.43,1806.9,1773.8,1797.56,575500,1782.622,1775.197,1822.274,52.179,1.702,-0.669,2.371,1775.197,1860.819,1689.575
2022-09-09,1794.16,1820.47,1793.32,1820.47,551900,1790.938,1781.01,1820.916,56.338,4.117,0.288,3.829,1781.01,1861.999,1700.022
2022-09-12,1827.26,1828.96,1801.8,1806.05,382700,1795.862,1786.527,1818.947,53.202,4.812,1.193,3.619,1786.527,1857.458,1715.597
2022-09-13,1806.9,1815.38,1796.71,1805.2,463400,1800.446,1791.365,1817.301,53.014,5.234,2.001,3.233,1791.365,1852.378,1730.352
2022-09-14,1807.74,1807.74,1778.89,1784.83,598300,1802.822,1793.699,1814.33,48.597,3.88,2.377,1.503,1793.699,1849.489,1737.909
2022-09-15,1786.53,1787.38,1762.76,1779.74,508400,1799.258,1795.778,1811.139,47.531,2.368,2.375,-0.007,1795.778,1845.635,1745.922
2022-09-16,1765.31,1805.2,1763.61,1805.2,874600,1796.204,1798.537,1809.697,53.075,3.189,2.538,0.651,1798.537,1843.612,1753.462
2022-09-20,1816.23,1819.63,1789.07,1802.65,413700,1795.524,1800.658,1807.575,52.477,3.591,2.748,0.843,1800.658,1841.978,1759.339
2022-09-21,1786.53,1797.56,1779.74,1785.68,457000,1791.62,1801.72,1805.046,48.556,2.512,2.701,-0.189,1801.72,1840.111,1763.328
2022-09-22,1789.92,1823.02,1778.89,1816.23,793300,1797.9,1802.526,1802.686,55.065,4.075,2.976,1.099,1802.526,1841.448,1763.603
2022-09-26,1811.14,1841.69,1794.16,1806.05,1298600,1803.162,1802.143,1799.97,52.673,4.441,3.269,1.172,1802.143,1840.753,1763.534
2022-09-27,1809.44,1840.84,1806.05,1824.72,940500,1807.066,1801.338,1797.441,56.412,6.167,3.849,2.318,1801.338,1837.115,1765.56
2022-09-28,1811.99,1817.93,1759.37,1809.44,1177300,1808.424,1801.168,1794.878,52.74,6.229,4.325,1.905,1801.168,1836.747,1765.588
2022-09-29,1816.36,1832.8,1793.01,1826.74,831100,1816.636,1800.632,1792.457,56.215,7.588,4.977,2.61,1800.632,1834.176,1767.088
2022-09-30,1807.71,1819.82,1748.03,1771.38,1132500,1807.666,1798.22,1789.574,44.849,4.149,4.812,-0.663,1798.22,1832.931,1763.508
2022-10-03,1751.49,1754.95,1695.27,1707.38,944700,1787.932,1793.244,1785.428,35.83,-3.698,3.11,-6.807,1793.244,1846.366,1740.121
2022-10-04,1741.98,1799.06,1741.11,1769.65,896700,1776.918,1792.782,1782.918,46.998,-4.836,1.521,-6.357,1792.782,1846.586,1738.977
2022-10-05,1784.36,1790.41,1748.9,1753.22,583200,1765.674,1791.371,1780.656,44.784,-6.983,-0.18,-6.803,1791.371,1847.841,1734.901
2022-10-06,1740.25,1763.6,1733.33,1735.06,698400,1747.338,1789.01,1777.471,42.405,-10.035,-2.151,-7.884,1789.01,1850.78,1727.24
2022-10-07,1726.41,1749.76,1722.95,1742.84,535300,1741.63,1787.504,1774.357,43.783,-11.69,-4.059,-7.631,1787.504,1852.316,1722.693
2022-10-11,1742.84,1766.19,1741.98,1757.55,872400,1751.664,1785.504,1772.029,46.393,-11.681,-5.583,-6.098,1785.504,1851.468,1719.54
2022-10-12,1751.49,1754.95,1730.73,1747.17,657400,1747.168,1781.839,1768.594,44.812,-12.368,-6.94,-5.428,1781.839,1847.768,1715.91
2022-10-13,1727.27,1737.65,1710.84,1731.6,631100,1742.844,1778.116,1765.17,42.473,-14.008,-8.354,-5.654,1778.116,1846.646,1709.587
2022-10-14,1766.19,1775.71,1754.95,1761.87,872100,1748.206,1775.95,1765.271,48.14,-12.719,-9.227,-3.492,1775.95,1843.608,1708.292
2022-10-17,1761.87,1770.52,1754.09,1764.46,586100,1752.53,1774.932,1765.899,48.606,-11.357,-9.653,-1.704,1774.932,1842.64,1707.223
2022-10-18,1773.11,1775.71,1749.76,1755.82,520700,1752.184,1773.736,1766.558,47.085,-10.849,-9.892,-0.957,1773.736,1841.93,1705.541
2022-10-19,1773.11,1839.71,1767.06,1820.69,1251300,1766.888,1774.51,1770.008,57.773,-5.153,-8.944,3.791,1774.51,1844.536,1704.484
2022-10-20,1822.42,1824.15,1786.09,1819.82,893900,1784.532,1775.368,1773.271,57.605,-0.702,-7.296,6.594,1775.368,1847.244,1703.493
2022-10-21,1793.87,1814.63,1786.95,1790.41,628200,1790.24,1775.605,1775.572,52.089,0.448,-5.747,6.195,1775.605,1847.654,1703.556
2022-10-24,1801.66,1804.25,1776.57,1786.09,510200,1794.566,1774.098,1777.668,51.312,0.999,-4.398,5.397,1774.098,1843.792,1704.404
2022-10-25,1796.47,1810.31,1782.63,1801.66,545200,1803.734,1773.878,1779.872,53.977,2.662,-2.986,5.648,1773.878,1843.175,1704.582
2022-10-26,1810.31,1827.61,1800.79,1809.44,562400,1801.484,1773.115,1781.977,55.294,4.555,-1.478,6.032,1773.115,1840.358,1705.871
2022-10-27,1803.39,1832.79,1785.22,1812.04,641300,1799.928,1773.244,1784.304,55.75,6.193,0.057,6.137,1773.244,1840.793,1705.696
2022-10-28,1801.66,1805.98,1755.82,1762.74,2755200,1794.394,1770.044,1785.389,46.144,3.474,0.74,2.734,1770.044,1832.817,1707.272
2022-10-31,1780.9,1791.28,1757.55,1788.68,806800,1794.912,1770.91,1786.4,50.935,3.372,1.266,2.106,1770.91,1834.234,1707.585
2022-11-01,1961.67,1980.7,1884.69,1885.56,3499700,1811.692,1779.818,1789.348,63.863,10.983,3.21,7.773,1779.818,1854.608,1705.029
2022-11-02,1884.69,1895.07,1852.69,1859.61,1556800,1821.726,1784.316,1791.54,59.352,14.751,5.518,9.233,1784.316,1866.941,1701.692
2022-11-04,1863.93,1876.91,1831.07,1832.79,1073300,1825.876,1788.295,1792.991,55.026,15.395,7.493,7.902,1788.295,1872.267,1704.323
2022-11-07,1845.77,1854.42,1822.42,1823.28,944500,1837.984,1792.706,1794.168,53.535,14.966,8.988,5.978,1792.706,1874.133,1711.279
2022-11-08,1833.66,1841.44,1818.96,1826.74,977200,1845.596,1796.901,1794.7,54.023,14.735,10.137,4.597,1796.901,1876.126,1717.676
2022-11-09,1820.69,1844.04,1809.44,1838.85,811400,1836.254,1800.966,1795.203,55.773,15.352,11.18,4.172,1800.966,1880.033,1721.899
2022-11-10,1839.71,1879.5,1834.52,1870.85,707800,1838.502,1807.15,1795.804,60.096,18.213,12.587,5.626,1807.15,1887.831,1726.469
2022-11-11,1876.91,1881.23,1840.58,1842.31,740100,1840.406,1812.686,1796.393,54.939,17.971,13.664,4.307,1812.686,1886.435,1738.936
2022-11-14,1823.28,1831.06,1775.71,1777.44,1417500,1831.238,1813.464,1795.193,45.401,12.401,13.411,-1.01,1813.464,1885.258,1741.67
2022-11-15,1769.65,1782.63,1754.09,1756.68,840100,1817.226,1813.075,1793.934,42.838,6.24,11.977,-5.737,1813.075,1886.061,1740.089
2022-11-16,1768.79,1770.52,1755.82,1762.74,676700,1802.004,1813.421,1793.051,43.835,1.825,9.947,-8.121,1813.421,1885.322,1741.52
2022-11-17,1762.74,1779.17,1760.14,1760.14,493200,1779.862,1810.393,1792.676,43.485,-1.862,7.585,-9.447,1810.393,1886.009,1734.778
2022-11-18,1773.11,1787.82,1752.36,1761.87,843500,1763.774,1807.496,1792.284,43.806,-4.591,5.15,-9.741,1807.496,1885.977,1729.015
2022-11-21,1773.11,1801.66,1773.11,1793.01,596200,1766.888,1807.626,1792.499,49.393,-4.193,3.281,-7.474,1807.626,1885.997,1729.255
2022-11-22,1804.25,1828.47,1799.06,1817.23,902000,1778.998,1809.183,1793.385,53.283,-1.902,2.245,-4.146,1809.183,1886.987,1731.379
2022-11-24,1817.23,1845.77,1813.77,1832.79,730800,1793.008,1810.74,1794.089,55.642,1.157,2.027,-0.87,1810.74,1889.153,1732.326
2022-11-25,1837.98,1867.39,1837.98,1845.77,766400,1810.134,1812.556,1794.595,57.567,4.575,2.537,2.039,1812.556,1892.511,1732.601
2022-11-28,1859.61,1875.18,1842.31,1867.39,824400,1831.238,1815.324,1795.822,60.631,8.926,3.815,5.111,1815.324,1898.951,1731.696
2022-11-29,1859.61,1867.39,1828.47,1832.79,774300,1839.194,1818.826,1796.374,53.92,9.473,4.946,4.527,1818.826,1898.976,1738.676
2022-11-30,1830.2,1846.63,1820.69,1831.93,845600,1842.134,1820.989,1797.316,53.761,9.725,5.902,3.823,1820.989,1900.04,1741.937
2022-12-01,1826.74,1827.61,1807.71,1809.44,835400,1837.464,1817.183,1797.91,49.631,8.017,6.325,1.692,1817.183,1890.247,1744.118
2022-12-02,1799.06,1803.39,1774.84,1795.6,788000,1827.43,1813.982,1797.718,47.227,5.484,6.157,-0.673,1813.982,1884.794,1743.17
2022-12-05,1792.14,1793.01,1766.19,1786.09,637700,1811.17,1811.647,1797.387,45.593,2.678,5.461,-2.783,1811.647,1882.926,1740.368
2022-12-06,1787.82,1803.39,1786.09,1803.39,626700,1805.29,1810.653,1797.741,49.047,1.829,4.735,-2.905,1810.653,1881.803,1739.502
2022-12-07,1803.39,1823.28,1799.93,1818.09,575000,1802.522,1810.22,1797.778,51.845,2.316,4.251,-1.935,1810.22,1881.064,1739.376
2022-12-08,1812.04,1812.04,1777.44,1785.22,625400,1797.678,1807.538,1797.361,45.791,0.049,3.411,-3.362,1807.538,1877.877,1737.2
2022-12-09,1786.09,1815.5,1784.36,1794.74,673500,1797.506,1803.733,1796.762,47.696,-0.968,2.535,-3.503,1803.733,1867.586,1739.88
2022-12-12,1797.33,1812.04,1796.47,1804.25,589700,1801.138,1801.83,1796.658,49.601,-0.996,1.829,-2.824,1801.83,1863.057,1740.603
2022-12-13,1806.85,1814.63,1794.74,1803.39,622000,1801.138,1803.128,1796.191,49.426,-1.074,1.248,-2.323,1803.128,1863.268,1742.987
2022-12-14,1794.74,1816.36,1790.41,1809.44,414200,1799.408,1805.766,1796.952,50.745,-0.641,0.87,-1.511,1805.766,1861.817,1749.714
2022-12-15,1819.82,1834.52,1811.17,1833.66,551200,1809.096,1809.312,1799.478,55.724,1.638,1.024,0.614,1809.312,1862.818,1755.805
2022-12-16,1841.44,1844.04,1820.69,1820.69,830000,1814.286,1812.339,1800.499,52.654,2.37,1.293,1.077,1812.339,1860.739,1763.939
2022-12-19,1819.82,1823.28,1805.98,1805.98,471900,1814.632,1814.544,1801.554,49.335,1.743,1.383,0.36,1814.544,1856.905,1772.184
2022-12-20,1825.88,1845.77,1795.6,1820.69,901900,1818.092,1815.928,1803.266,52.556,2.405,1.587,0.818,1815.928,1857.119,1774.738
2022-12-21,1815.5,1819.82,1797.33,1799.93,603900,1816.19,1815.064,1804.408,47.925,1.241,1.518,-0.277,1815.064,1856.861,1773.266
2022-12-22,1794.74,1818.09,1788.68,1814.63,505400,1812.384,1814.156,1805.55,51.204,1.487,1.512,-0.025,1814.156,1855.112,1773.199
2022-12-23,1817.23,1850.09,1814.63,1831.93,1020900,1814.632,1813.463,1807.245,54.81,3.043,1.818,1.225,1813.463,1852.598,1774.329
2022-12-26,1841.44,1848.36,1816.36,1821.55,508600,1817.746,1811.172,1809.044,52.312,3.399,2.134,1.265,1811.172,1841.353,1780.99
2022-12-27,1825.01,1830.2,1802.52,1805.12,525700,1814.632,1809.788,1809.909,48.541,2.329,2.173,0.156,1809.788,1838.287,1781.289
2022-12-28,1808.58,1830.2,1796.47,1830.2,514600,1820.686,1809.702,1811.224,53.993,3.465,2.432,1.033,1809.702,1837.927,1781.476
2022-12-29,1807.71,1825.88,1804.25,1814.63,540400,1820.686,1809.961,1812.4,50.421,3.073,2.56,0.513,1809.961,1838.272,1781.65
2022-12-30,1811.17,1819.82,1805.98,1812.9,296400,1816.88,1810.826,1812.244,50.026,2.593,2.566,0.027,1810.826,1838.335,1783.317
2023-01-04,1807.71,1811.17,1756.68,1756.68,1062400,1803.906,1809.356,1810.981,39.241,-2.297,1.594,-3.891,1809.356,1844.513,1774.198
2023-01-05,1762.74,1768.79,1747.17,1749.76,684400,1792.834,1806.674,1810.168,38.151,-6.655,-0.056,-6.599,1806.674,1850.787,1762.561
2023-01-06,1741.11,1744.57,1722.95,1736.79,584200,1774.152,1802.609,1809.182,36.125,-11.027,-2.25,-8.777,1802.609,1856.248,1748.97
2023-01-10,1742.84,1747.17,1721.22,1721.22,717500,1755.47,1799.409,1807.574,33.805,-15.57,-4.914,-10.656,1799.409,1863.945,1734.873
2023-01-11,1729.87,1761.01,1728.14,1754.09,702100,1743.708,1797.376,1806.467,42.24,-16.329,-7.197,-9.132,1797.376,1865.018,1729.735
2023-01-12,1752.36,1752.36,1727.27,1730.73,766600,1738.518,1793.7,1804.84,38.487,-18.601,-9.478,-9.123,1793.7,1867.481,1719.92
2023-01-13,1725.54,1748.03,1722.95,1734.19,704900,1735.404,1790.24,1804.269,39.346,-19.893,-11.561,-8.332,1790.24,1868.465,1712.016
2023-01-16,1728.14,1743.71,1727.27,1731.6,507200,1734.366,1786.348,1803.128,38.908,-20.886,-13.426,-7.46,1786.348,1868.211,1704.486
2023-01-17,1731.6,1746.3,1731.6,1737.65,462300,1737.652,1781.548,1800.17,40.573,-20.943,-14.929,-6.013,1781.548,1862.988,1700.108
2023-01-18,1733.33,1761.01,1730.73,1749.76,701400,1736.786,1778.001,1797.973,43.872,-19.782,-15.9,-3.882,1778.001,1858.436,1697.567
2023-01-19,1745.44,1753.22,1735.92,1736.79,362400,1737.998,1774.542,1796.053,41.232,-19.683,-16.656,-3.026,1774.542,1855.857,1693.227
2023-01-20,1741.98,1761.87,1735.06,1760.14,552400,1743.188,1771.514,1794.79,47.372,-17.517,-16.829,-0.689,1771.514,1850.057,1692.972
2023-01-23,1774.84,1780.03,1764.46,1766.19,601400,1750.106,1769.827,1793.579,48.862,-15.139,-16.491,1.352,1769.827,1847.241,1692.414
2023-01-24,1773.11,1777.44,1761.01,1772.25,895500,1757.026,1767.708,1792.247,50.379,-12.619,-15.716,3.097,1767.708,1842.224,1693.193
2023-01-25,1773.11,1796.47,1768.79,1786.95,803600,1764.464,1765.46,1790.569,53.945,-9.329,-14.439,5.11,1765.46,1834.314,1696.605
2023-01-26,1784.36,1788.68,1774.84,1787.82,673700,1774.67,1763.773,1789.479,54.155,-6.575,-12.866,6.291,1763.773,1828.363,1699.183
2023-01-27,1781.76,1794.74,1771.38,1788.68,1012900,1780.378,1762.951,1789.704,54.377,-4.274,-11.148,6.874,1762.951,1825.718,1700.184
2023-01-30,1782.63,1793.01,1776.57,1780.03,1011400,1783.146,1760.442,1790.171,51.673,-3.113,-9.541,6.428,1760.442,1815.421,1705.464
2023-01-31,1786.09,1813.77,1771.38,1811.17,3382200,1790.93,1760.269,1791.139,59.484,0.317,-7.569,7.886,1760.269,1814.547,1705.992
2023-02-01,1812.9,1827.61,1783.49,1821.55,1931000,1797.85,1760.702,1792.368,61.706,3.828,-5.29,9.118,1760.702,1816.851,1704.553
2023-02-02,1813.77,1885.56,1802.52,1880.37,1891600,1816.36,1766.886,1794.738,71.309,11.228,-1.986,13.214,1766.886,1844.366,1689.407
2023-02-03,1862.2,1879.5,1829.34,1839.71,1036100,1826.566,1771.384,1795.672,60.091,13.654,1.142,12.512,1771.384,1854.886,1687.882
2023-02-06,1839.71,1862.2,1838.85,1855.28,685700,1841.616,1777.308,1796.433,62.523,16.641,4.242,12.399,1777.308,1867.056,1687.561
2023-02-07,1864.8,1878.64,1845.77,1848.36,647800,1849.054,1783.666,1796.744,60.751,18.24,7.041,11.198,1783.666,1874.688,1692.643
2023-02-08,1844.9,1856.15,1836.25,1842.31,620700,1853.206,1788.076,1796.675,59.173,18.802,9.393,9.408,1788.076,1881.58,1694.573
2023-02-09,1828.47,1835.39,1820.69,1825.01,485400,1842.134,1792.791,1795.827,54.789,17.648,11.044,6.604,1792.791,1883.588,1701.993
2023-02-10,1818.09,1834.52,1813.77,1824.15,594100,1839.022,1797.288,1795.654,54.573,16.474,12.13,4.344,1797.288,1884.714,1709.863
2023-02-13,1840.58,1840.58,1824.15,1831.93,577000,1834.352,1802.305,1795.654,56.256,15.987,12.901,3.086,1802.305,1885.259,1719.351
2023-02-14,1839.71,1858.74,1835.39,1858.74,724500,1836.428,1808.36,1796.64,61.545,17.562,13.834,3.729,1808.36,1889.091,1727.628
2023-02-15,1857.88,1859.61,1848.36,1856.15,493500,1839.196,1813.679,1797.851,60.78,18.39,14.745,3.645,1813.679,1892.141,1735.217
2023-02-16,1857.01,1866.53,1851.82,1860.47,523900,1846.288,1819.863,1799.339,61.636,19.173,15.63,3.542,1819.863,1892.054,1747.672
2023-02-17,1850.96,1853.55,1826.74,1839.71,918900,1849.4,1823.842,1800.065,55.381,17.912,16.087,1.825,1823.842,1890.751,1756.932
2023-02-20,1855.28,1876.91,1842.31,1863.07,922800,1855.628,1828.686,1800.965,60.267,18.583,16.586,1.997,1828.686,1891.95,1765.421
2023-02-21,1863.93,1880.37,1860.47,1877.77,787800,1859.434,1833.962,1802.816,63.013,20.07,17.283,2.787,1833.962,1894.969,1772.954
2023-02-22,1875.18,1880.37,1842.31,1854.42,906300,1859.088,1837.335,1804.01,56.352,19.144,17.655,1.489,1837.335,1894.753,1779.917
2023-02-24,1859.61,1864.8,1846.63,1863.93,682500,1859.78,1841.14,1805.203,58.286,18.958,17.916,1.043,1841.14,1894.7,1787.581
2023-02-27,1865.66,1928.8,1856.15,1922.75,1564400,1876.388,1847.844,1807.59,67.791,23.289,18.99,4.299,1847.844,1907.023,1788.665
2023-02-28,1917.56,1928.8,1880.37,1880.37,1693800,1879.848,1852.861,1809.009,57.606,23.036,19.8,3.237,1852.861,1904.346,1801.376
2023-03-01,1865.66,1893.34,1863.93,1889.88,892600,1882.27,1856.796,1810.133,59.091,23.334,20.507,2.828,1856.796,1906.877,1806.716
2023-03-02,1894.2,1895.93,1860.47,1863.93,757200,1884.172,1858.915,1810.998,53.575,21.232,20.652,0.58,1858.915,1906.227,1811.604
2023-03-03,1869.12,1876.04,1863.93,1866.53,681100,1884.692,1858.224,1812.209,54.038,19.55,20.431,-0.881,1858.224,1904.609,1811.838
2023-03-06,1876.91,1887.29,1869.12,1873.45,614600,1874.832,1859.91,1813.264,55.316,18.561,20.057,-1.496,1859.91,1905.914,1813.907
2023-03-07,1878.64,1890.75,1876.04,1889.88,525400,1876.734,1861.64,1815.063,58.28,18.886,19.823,-0.937,1861.64,1909.476,1813.805
2023-03-08,1894.21,1920.15,1892.48,1919.29,717300,1882.616,1865.187,1817.157,63.01,21.271,20.113,1.159,1865.187,1919.019,1811.355
2023-03-09,1920.15,1952.16,1912.37,1939.18,1006300,1897.666,1870.03,1819.302,65.831,24.484,20.987,3.497,1870.03,1932.01,1808.051
2023-03-10,1920.15,1940.05,1915.83,1920.15,874800,1908.39,1874.788,1821.274,61.035,25.205,21.831,3.374,1874.788,1936.823,1812.752
2023-03-13,1895.07,1896.8,1861.34,1874.31,1160000,1908.562,1877.296,1822.657,51.332,21.825,21.829,-0.005,1877.296,1934.585,1820.006
2023-03-14,1850.96,1854.42,1803.39,1813.77,1285300,1893.34,1876.388,1822.329,41.866,14.099,20.283,-6.184,1876.388,1937.174,1815.601
2023-03-15,1837.12,1861.34,1830.2,1851.82,692900,1879.846,1876.042,1823.073,48.317,10.92,18.411,-7.49,1876.042,1937.327,1814.756
2023-03-16,1812.9,1833.66,1792.14,1825.88,747300,1857.186,1874.528,1823.332,44.677,6.236,15.976,-9.739,1874.528,1939.279,1809.777
2023-03-17,1844.04,1844.9,1812.04,1829.33,1386700,1839.022,1872.971,1824.785,45.267,2.771,13.335,-10.564,1872.971,1940.58,1805.362
2023-03-20,1816.36,1827.61,1803.39,1805.12,709700,1825.184,1871.241,1825.892,41.888,-1.907,10.286,-12.194,1871.241,1944.006,1798.477
2023-03-22,1833.66,1839.71,1805.12,1806.85,991200,1823.8,1868.43,1827.294,42.22,-5.413,7.147,-12.559,1868.43,1946.663,1790.198
2023-03-23,1807.71,1826.74,1797.33,1824.15,691100,1818.266,1865.75,1829.352,45.568,-6.718,4.374,-11.091,1865.75,1946.275,1785.224
2023-03-24,1807.71,1812.9,1799.06,1811.17,696700,1815.324,1863.587,1830.494,43.53,-8.699,1.759,-10.458,1863.587,1947.64,1779.534
2023-03-27,1828.47,1831.06,1812.9,1825.88,529100,1814.634,1861.684,1832.397,46.453,-8.978,-0.388,-8.59,1861.684,1947.41,1775.959
2023-03-28,1836.25,1839.71,1818.09,1833.66,773800,1820.342,1857.23,1834.386,47.987,-8.474,-2.005,-6.469,1857.23,1938.751,1775.709
2023-03-29,1842.31,1848.36,1830.2,1848.36,634300,1828.644,1855.629,1836.721,50.851,-6.81,-2.966,-3.844,1855.629,1936.492,1774.767
2023-03-30,1855.45,1882.02,1845.71,1874.93,900700,1838.8,1854.882,1839.467,55.609,-3.309,-3.035,-0.274,1854.882,1934.681,1775.083
2023-03-31,1889.1,1904.16,1879.36,1887.33,730700,1854.032,1856.052,1842.218,57.668,0.46,-2.336,2.796,1856.052,1937.086,1775.018
2023-04-03,1902.39,1918.33,1889.1,1908.59,737800,1870.574,1858.155,1845.654,61.009,5.105,-0.848,5.952,1858.155,1942.451,1773.859
2023-04-04,1905.93,1936.93,1905.05,1927.19,759100,1889.28,1860.842,1848.995,63.707,10.169,1.356,8.813,1860.842,1950.45,1771.234
2023-04-05,1919.22,1920.99,1889.99,1890.88,645700,1897.784,1860.892,1851.489,55.616,11.124,3.309,7.815,1860.892,1950.569,1771.215
2023-04-06,1899.73,1918.33,1892.65,1896.19,761300,1902.036,1859.737,1853.968,56.486,12.169,5.081,7.088,1859.737,1946.804,1772.67
2023-04-07,1895.3,1895.3,1874.93,1882.02,585700,1900.974,1856.879,1855.869,53.473,11.719,6.409,5.31,1856.879,1936.391,1777.367
2023-04-10,1893.53,1899.73,1881.13,1886.45,436000,1896.546,1855.194,1857.842,54.294,11.586,7.444,4.142,1855.194,1930.37,1780.018
2023-04-11,1889.1,1903.27,1888.22,1897.07,493000,1890.522,1856.332,1860.01,56.285,12.198,8.395,3.803,1856.332,1933.392,1779.272
2023-04-12,1899.73,1908.59,1894.42,1900.62,373700,1892.47,1860.674,1862.422,56.96,12.82,9.28,3.54,1860.674,1937.424,1783.925
2023-04-13,1903.27,1908.59,1895.3,1902.39,491600,1893.71,1863.203,1864.246,57.314,13.304,10.085,3.219,1863.203,1942.028,1784.378
2023-04-14,1904.16,1912.13,1897.07,1905.05,408100,1898.316,1867.161,1865.916,57.875,13.743,10.816,2.926,1867.161,1946.046,1788.277
2023-04-17,1909.47,1913.02,1891.76,1912.13,600700,1903.452,1871.302,1866.551,59.403,14.495,11.552,2.943,1871.302,1950.517,1792.086
2023-04-18,1911.25,1916.56,1900.62,1916.56,613400,1907.35,1876.874,1868.088,60.372,15.273,12.296,2.976,1876.874,1952.063,1801.684
2023-04-19,1917.44,1921.87,1908.59,1917.44,527000,1910.714,1882.403,1869.331,60.573,15.778,12.993,2.785,1882.403,1951.965,1812.841
2023-04-20,1920.99,1928.07,1908.59,1925.42,492000,1915.32,1887.466,1870.873,62.436,16.631,13.72,2.91,1887.466,1953.845,1821.088
2023-04-21,1927.19,1954.64,1919.22,1944.9,845400,1923.29,1894.153,1872.924,66.587,18.663,14.709,3.954,1894.153,1954.872,1833.434
2023-04-24,1944.01,1946.67,1929.84,1935.16,550300,1927.896,1899.617,1875.127,62.848,19.266,15.62,3.646,1899.617,1953.782,1845.452
2023-04-25,1946.67,1960.84,1929.84,1933.39,670000,1931.262,1904.604,1877.312,62.164,19.377,16.372,3.006,1904.604,1951.008,1858.199
2023-04-26,1922.76,1927.19,1899.73,1910.36,652900,1929.846,1907.704,1878.881,53.946,17.407,16.579,0.828,1907.704,1945.834,1869.573
2023-04-27,1913.9,1918.33,1902.39,1916.56,532300,1928.074,1909.785,1880.037,55.646,16.159,16.495,-0.336,1909.785,1944.8,1874.77
2023-04-28,1923.64,1930.73,1912.13,1924.53,794500,1924.0,1911.645,1881.405,57.803,15.633,16.322,-0.689,1911.645,1945.573,1877.717
2023-05-01,1939.59,1963.5,1932.5,1938.7,967400,1924.708,1913.15,1882.969,61.396,16.173,16.293,-0.119,1913.15,1949.119,1877.182
2023-05-02,1942.24,1942.24,1928.07,1932.5,570900,1924.53,1913.416,1884.825,59.028,15.918,16.218,-0.3,1913.416,1949.895,1876.937
2023-05-08,1935.16,1958.18,1932.5,1955.53,764700,1933.564,1916.648,1886.674,64.505,17.373,16.449,0.924,1916.648,1956.059,1877.238
2023-05-09,1947.56,1979.44,1941.36,1979.44,942200,1946.14,1920.811,1888.708,69.121,20.223,17.203,3.019,1920.811,1967.951,1873.671
2023-05-10,1988.3,1988.3,1964.38,1970.58,1079100,1955.35,1925.239,1891.031,65.711,21.518,18.066,3.452,1925.239,1973.657,1876.821
2023-05-11,1938.7,1944.01,1863.42,1864.31,2720000,1940.472,1924.132,1891.039,40.135,13.81,17.215,-3.405,1924.132,1977.084,1871.18
2023-05-12,1871.39,1890.87,1859.88,1885.56,1318900,1931.084,1923.557,1890.295,44.765,9.309,15.634,-6.325,1923.557,1977.977,1869.136
2023-05-15,1899.73,1905.05,1888.22,1897.07,849600,1919.392,1923.379,1890.629,47.149,6.595,13.826,-7.231,1923.379,1978.137,1868.621
2023-05-16,1895.3,1915.67,1884.68,1896.19,1045900,1902.742,1923.069,1890.755,46.982,4.323,11.926,-7.603,1923.069,1978.394,1867.744
2023-05-17,1895.3,1933.39,1893.53,1919.22,881300,1892.47,1923.778,1891.861,51.793,4.331,10.407,-6.076,1923.778,1978.491,1869.064
2023-05-18,1923.64,1923.64,1877.59,1877.59,1280500,1895.126,1922.05,1892.082,44.017,0.967,8.519,-7.552,1922.05,1980.373,1863.728
2023-05-19,1874.93,1882.9,1864.31,1871.39,821700,1892.292,1919.792,1892.041,42.982,-2.175,6.38,-8.555,1919.792,1982.354,1857.23
2023-05-22,1880.25,1891.76,1874.93,1884.68,906500,1889.814,1918.154,1891.937,45.918,-3.551,4.394,-7.945,1918.154,1982.661,1853.647
2023-05-23,1885.56,1885.56,1868.73,1877.59,987000,1886.094,1915.762,1891.103,44.599,-5.154,2.484,-7.638,1915.762,1982.638,1848.887
2023-05-24,1889.99,1909.47,1883.79,1889.99,1056300,1880.248,1913.017,1890.119,47.443,-5.362,0.915,-6.277,1913.017,1979.362,1846.672
2023-05-25,1874.93,1883.79,1867.85,1874.93,921100,1879.716,1910.006,1889.215,44.458,-6.666,-0.601,-6.065,1910.006,1977.575,1842.436
2023-05-26,1869.62,1873.16,1845.71,1846.59,1476400,1874.756,1905.665,1888.66,39.43,-9.872,-2.455,-7.416,1905.665,1977.9,1833.431
2023-05-29,1841.28,1851.91,1833.31,1848.36,983200,1867.492,1902.566,1889.352,39.887,-12.13,-4.39,-7.74,1902.566,1979.143,1825.988
2023-05-30,1851.02,1852.79,1830.65,1847.48,970900,1861.47,1899.111,1889.265,39.727,-13.831,-6.278,-7.553,1899.111,1979.183,1819.04
2023-05-31,1842.16,1844.82,1812.94,1816.48,1149000,1846.768,1893.709,1889.077,34.464,-17.479,-8.519,-8.961,1893.709,1980.83,1806.588
2023-06-01,1833.31,1842.16,1826.22,1834.19,1036500,1838.62,1888.484,1889.174,39.403,-18.725,-10.56,-8.165,1888.484,1976.771,1800.196
2023-06-02,1824.45,1839.51,1820.91,1837.74,925000,1836.85,1883.746,1889.827,40.373,-19.205,-12.289,-6.916,1883.746,1972.258,1795.233
2023-06-05,1863.42,1863.42,1835.52,1837.74,1379600,1834.726,1877.856,1890.445,40.373,-19.362,-13.704,-5.659,1877.856,1961.815,1793.897
2023-06-06,1837.29,1848.36,1829.32,1847.04,942800,1834.638,1871.236,1890.902,43.139,-18.523,-14.667,-3.855,1871.236,1941.179,1801.293
2023-06-07,1846.59,1852.35,1828.44,1830.65,1515100,1837.472,1864.24,1891.292,39.648,-18.961,-15.526,-3.435,1864.24,1918.599,1809.88
2023-06-08,1838.62,1851.02,1832.42,1840.39,986000,1838.712,1863.044,1891.582,42.619,-18.312,-16.083,-2.229,1863.044,1918.439,1807.648
2023-06-09,1842.16,1874.05,1841.28,1874.05,1286800,1845.974,1862.468,1892.39,51.505,-14.91,-15.849,0.939,1862.468,1917.113,1807.823
2023-06-12,1879.36,1886.89,1871.39,1880.69,958300,1854.564,1861.649,1893.037,53.049,-11.544,-14.988,3.444,1861.649,1914.574,1808.724
2023-06-13,1881.13,1883.35,1863.42,1865.19,1004400,1858.194,1860.099,1892.842,49.117,-10.012,-13.993,3.98,1860.099,1910.521,1809.677
2023-06-14,1851.02,1854.12,1828.88,1830.21,2284900,1858.106,1855.648,1891.699,41.619,-11.488,-13.492,2.003,1855.648,1899.366,1811.931
2023-06-15,1831.09,1845.71,1826.66,1828.88,1198900,1855.804,1853.213,1890.105,41.36,-12.62,-13.317,0.697,1853.213,1897.21,1809.216
2023-06-16,1826.67,1840.39,1824.89,1835.52,1398100,1848.098,1851.42,1888.272,43.255,-12.833,-13.221,0.387,1851.42,1895.221,1807.618
2023-06-19,1843.94,1849.25,1837.29,1844.38,1035200,1840.836,1849.404,1887.342,45.774,-12.147,-13.006,0.859,1849.404,1890.38,1808.429
2023-06-20,1842.16,1844.38,1829.76,1839.06,927900,1835.61,1847.478,1886.199,44.497,-11.896,-12.784,0.888,1847.478,1886.448,1808.508
2023-06-21,1839.51,1861.65,1839.51,1859.88,1148300,1841.544,1845.973,1885.756,50.336,-9.902,-12.208,2.305,1845.973,1880.046,1811.899
2023-06-22,1858.11,1866.96,1856.78,1860.76,1010800,1847.92,1845.264,1885.243,50.573,-8.157,-11.398,3.24,1845.264,1877.332,1813.196
2023-06-23,1867.41,1888.22,1862.98,1877.59,1385700,1856.334,1846.814,1884.853,54.991,-5.355,-10.189,4.834,1846.814,1881.998,1811.63
2023-06-26,1875.82,1879.36,1856.33,1868.29,913500,1861.116,1847.81,1884.206,52.214,-3.84,-8.919,5.079,1847.81,1884.284,1811.337
2023-06-27,1874.93,1883.79,1870.06,1881.13,822600,1869.53,1849.493,1883.781,55.552,-1.585,-7.452,5.867,1849.493,1888.89,1810.096
2023-06-28,1873.16,1906.82,1873.16,1906.82,1344200,1878.918,1854.01,1883.817,61.366,2.249,-5.512,7.761,1854.01,1897.926,1810.094
2023-06-29,1890.87,1896.63,1879.8,1885.56,771400,1883.878,1856.578,1883.285,54.959,3.531,-3.703,7.235,1856.578,1901.608,1811.549
2023-06-30,1884.68,1890.43,1867.41,1876.7,967200,1883.7,1858.526,1882.488,52.499,3.789,-2.205,5.994,1858.526,1903.496,1813.557
2023-07-03,1884.68,1912.13,1884.68,1909.03,1191800,1891.848,1862.091,1882.32,59.604,6.527,-0.459,6.985,1862.091,1911.231,1812.951
2023-07-04,1920.1,1921.87,1906.37,1909.47,983800,1897.516,1865.212,1882.001,59.693,8.632,1.36,7.273,1865.212,1918.114,1812.311
2023-07-05,1904.16,1932.5,1900.17,1929.84,1023200,1902.12,1870.172,1881.7,63.657,11.809,3.449,8.359,1870.172,1927.816,1812.528
2023-07-06,1929.84,1936.49,1913.02,1915.23,719400,1908.054,1873.914,1881.301,59.163,12.997,5.359,7.638,1873.914,1933.114,1814.714
2023-07-07,1909.47,1914.79,1893.53,1906.82,774000,1914.078,1875.552,1880.77,56.682,13.109,6.909,6.2,1875.552,1936.554,1814.551
2023-07-10,1908.59,1916.12,1901.95,1912.57,642700,1914.786,1877.146,1880.814,57.979,13.507,8.229,5.278,1877.146,1940.34,1813.953
2023-07-11,1911.24,1914.34,1895.3,1897.07,813400,1912.306,1878.74,1880.424,53.342,12.427,9.068,3.359,1878.74,1942.272,1815.209
2023-07-12,1904.16,1905.93,1889.1,1902.39,516300,1906.816,1882.349,1879.981,54.682,11.865,9.628,2.237,1882.349,1942.377,1822.322
2023-07-13,1900.62,1901.5,1886.45,1892.65,624600,1902.3,1885.538,1879.06,51.751,10.512,9.804,0.707,1885.538,1940.136,1830.94
2023-07-14,1905.49,1911.25,1882.9,1887.78,702900,1898.492,1888.151,1878.166,50.3,8.943,9.632,-0.689,1888.151,1937.411,1838.891
2023-07-18,1879.36,1890.43,1875.82,1882.9,566400,1892.558,1890.077,1876.713,48.823,7.223,9.15,-1.927,1890.077,1934.948,1845.206
2023-07-19,1891.76,1904.16,1888.66,1904.16,679900,1893.976,1893.332,1875.208,55.021,7.489,8.818,-1.329,1893.332,1931.576,1855.088
2023-07-20,1912.13,1914.34,1905.05,1911.25,518700,1895.748,1895.901,1874.021,56.896,8.178,8.69,-0.512,1895.901,1931.493,1860.308
2023-07-21,1918.33,1929.4,1907.7,1926.3,691000,1902.478,1899.177,1875.261,60.647,9.825,8.917,0.908,1899.177,1933.18,1865.175
2023-07-24,1926.74,1956.86,1924.53,1955.09,943000,1915.94,1903.053,1876.651,66.628,13.3,9.794,3.506,1903.053,1943.71,1862.395
2023-07-25,1954.64,1964.38,1944.01,1955.53,973300,1930.466,1907.414,1877.821,66.712,15.906,11.016,4.89,1907.414,1950.983,1863.846
2023-07-26,1955.53,1979.44,1937.82,1973.68,803300,1944.37,1912.042,1879.37,70.033,19.214,12.656,6.559,1912.042,1962.905,1861.179
2023-07-27,1977.23,2004.68,1966.6,1996.71,1057300,1961.462,1916.537,1880.92,73.629,23.425,14.81,8.615,1916.537,1979.825,1853.248
2023-07-28,1984.75,1989.63,1958.63,1978.56,828900,1971.914,1921.186,1882.94,66.824,25.008,16.849,8.159,1921.186,1988.435,1853.938
2023-07-31,2000.7,2010.44,1980.33,1992.73,1217900,1979.442,1926.988,1885.366,69.216,27.095,18.898,8.196,1926.988,1997.992,1855.984
2023-08-01,2011.32,2083.95,2011.32,2055.61,2579300,1999.458,1934.317,1888.785,77.106,33.437,21.806,11.631,1934.317,2025.038,1843.596
2023-08-02,2028.15,2038.78,2007.78,2017.52,957000,2008.226,1939.72,1891.584,66.061,34.986,24.442,10.544,1939.72,2036.853,1842.586
2023-08-03,2003.35,2010.44,1951.99,1952.43,1031300,1999.37,1940.849,1892.832,52.279,30.608,25.675,4.933,1940.849,2038.024,1843.674
2023-08-04,1948.0,1963.94,1936.49,1961.28,721900,1995.914,1943.152,1894.559,53.694,27.536,26.047,1.489,1943.152,2039.952,1846.351
2023-08-07,1957.3,1973.68,1952.87,1955.53,737900,1988.474,1945.587,1896.738,52.603,24.356,25.709,-1.353,1945.587,2040.98,1850.194
2023-08-08,1960.4,1995.83,1960.4,1985.64,810200,1974.48,1949.241,1899.484,57.476,23.989,25.365,-1.376,1949.241,2044.906,1853.575
2023-08-09,1994.5,1994.5,1961.28,1968.37,682500,1964.65,1952.806,1901.902,54.044,22.051,24.702,-2.651,1952.806,2045.554,1860.057
2023-08-10,1993.61,2002.02,1984.31,1990.95,708500,1972.354,1957.234,1905.391,57.608,22.082,24.178,-2.096,1957.234,2048.288,1866.179
2023-08-14,2002.47,2010.44,1956.41,1970.58,955400,1974.214,1961.13,1908.119,53.572,20.23,23.389,-3.159,1961.13,2047.074,1875.186
2023-08-15,1970.58,1980.77,1962.61,1974.57,561100,1978.022,1965.47,1910.855,54.248,18.867,22.484,-3.618,1965.47,2044.289,1886.65
2023-08-16,1967.93,1986.53,1964.83,1977.23,506900,1976.34,1970.186,1913.645,54.721,17.796,21.547,-3.751,1970.186,2038.835,1901.537
2023-08-17,1977.67,1982.1,1935.6,1963.5,884700,1975.366,1973.153,1915.974,51.745,15.659,20.369,-4.71,1973.153,2034.531,1911.775
2023-08-18,1949.33,1955.97,1933.39,1936.93,483200,1964.562,1974.437,1918.1,46.476,11.686,18.633,-6.946,1974.437,2031.268,1917.606
2023-08-21,1947.56,1961.73,1945.34,1953.31,548400,1961.108,1975.788,1920.358,49.865,9.748,16.856,-7.108,1975.788,2028.969,1922.606
2023-08-22,1963.06,1966.16,1944.01,1966.16,467900,1959.426,1976.341,1922.201,52.411,9.143,15.313,-6.17,1976.341,2028.841,1923.841
2023-08-23,1966.16,1987.41,1964.38,1987.41,459000,1961.462,1977.935,1924.335,56.357,10.26,14.302,-4.043,1977.935,2029.706,1926.164
2023-08-24,1982.98,1995.83,1974.13,1990.95,431600,1966.952,1978.798,1926.85,56.997,11.3,13.702,-2.402,1978.798,2030.846,1926.751
2023-08-25,1983.87,2003.35,1979.44,1999.81,609300,1979.528,1978.954,1930.242,58.632,12.693,13.5,-0.807,1978.954,2031.243,1926.664
2023-08-28,2010.44,2021.07,2005.12,2012.21,398900,1991.308,1980.636,1933.909,60.873,14.63,13.726,0.903,1980.636,2034.997,1926.275
2023-08-29,2021.07,2038.34,2014.87,2028.59,599400,2003.794,1982.429,1937.77,63.673,17.286,14.438,2.848,1982.429,2040.695,1924.163
2023-08-30,2027.27,2031.69,2011.32,2014.87,502300,2009.286,1980.392,1941.18,59.812,18.076,15.166,2.911,1980.392,2030.106,1930.678
2023-08-31,2013.98,2029.48,2009.11,2012.21,638600,2013.538,1980.126,1944.643,59.064,18.277,15.788,2.489,1980.126,2029.056,1931.197
2023-09-01,2008.67,2023.72,2003.8,2018.41,564000,2017.258,1983.426,1947.814,60.31,18.721,16.375,2.346,1983.426,2033.379,1933.472
2023-09-04,2027.71,2050.29,2020.18,2049.85,836900,2024.786,1987.854,1951.595,65.966,21.363,17.372,3.991,1987.854,2044.761,1930.947
2023-09-05,2057.38,2063.58,2039.22,2063.58,554200,2031.784,1993.257,1955.315,68.103,24.285,18.755,5.53,1993.257,2057.31,1929.203
2023-09-06,2062.25,2095.02,2060.04,2068.01,819300,2042.412,1997.375,1959.31,68.784,26.651,20.334,6.317,1997.375,2069.456,1925.294
2023-09-07,2075.98,2098.12,2072.43,2082.62,724800,2056.494,2003.088,1963.339,70.985,29.367,22.141,7.226,2003.088,2083.156,1923.019
2023-09-08,2074.21,2097.68,2072.88,2076.86,668500,2068.184,2007.383,1966.74,68.922,30.7,23.853,6.847,2007.383,2093.685,1921.081
2023-09-11,2087.05,2109.63,2085.72,2090.15,584500,2076.244,2013.362,1970.832,71.015,32.455,25.573,6.882,2013.362,2105.31,1921.413
2023-09-12,2099.89,2108.75,2083.51,2099.89,479400,2083.506,2019.628,1975.296,72.479,34.237,27.306,6.931,2019.628,2117.345,1921.91
2023-09-13,2119.37,2172.07,2111.4,2171.63,1070400,2104.23,2029.347,1980.548,80.347,40.966,30.038,10.928,2029.347,2146.123,1912.572
2023-09-14,2173.84,2216.35,2172.07,2211.04,1077100,2129.914,2041.724,1986.579,83.191,48.915,33.813,15.102,2041.724,2179.669,1903.78
2023-09-15,2230.97,2286.32,2227.42,2263.29,1611500,2167.2,2058.042,1993.248,86.068,58.753,38.801,19.952,2058.042,2219.072,1897.013
2023-09-19,2276.14,2288.98,2262.41,2288.53,972600,2206.876,2074.804,2000.714,87.208,67.805,44.602,23.203,2074.804,2258.168,1891.439
2023-09-20,2302.7,2306.69,2211.48,2216.35,1344500,2230.168,2087.313,2006.905,69.663,68.367,49.355,19.012,2087.313,2273.584,1901.042
2023-09-21,2218.57,2243.81,2207.5,2234.51,965000,2242.744,2099.668,2013.344,71.231,69.476,53.379,16.097,2099.668,2290.755,1908.581
2023-09-22,2229.64,2236.72,2205.28,2219.45,910800,2244.426,2111.093,2019.791,68.087,68.352,56.374,11.978,2111.093,2302.135,1920.051
2023-09-25,2236.72,2244.69,2224.32,2234.51,786100,2238.67,2122.828,2026.434,69.535,67.894,58.678,9.216,2122.828,2313.921,1931.735
2023-09-26,2234.51,2266.39,2217.68,2245.58,980000,2230.08,2134.496,2033.492,70.591,67.644,60.471,7.173,2134.496,2325.65,1943.343
2023-09-27,2223.0,2226.1,2191.56,2226.1,1325900,2232.03,2144.372,2040.259,66.24,65.124,61.402,3.722,2144.372,2332.877,1955.867
2023-09-28,2229.7,2261.27,2214.37,2227.45,1063600,2230.618,2155.001,2047.15,66.394,62.515,61.624,0.891,2155.001,2336.607,1973.395
2023-09-29,2222.94,2227.0,2151.25,2180.55,1400900,2222.838,2163.418,2052.677,56.682,56.017,60.503,-4.486,2163.418,2332.319,1994.517
2023-10-02,2189.12,2212.12,2161.17,2167.03,927900,2209.342,2170.849,2057.793,54.219,49.209,58.244,-9.035,2170.849,2325.351,2016.347
2023-10-03,2152.6,2155.3,2101.2,2111.12,1123100,2182.45,2173.912,2061.489,45.43,38.854,54.366,-15.512,2173.912,2320.542,2027.283
2023-10-04,2075.04,2086.32,2017.33,2017.33,1864900,2140.696,2171.6,2062.734,35.14,22.817,48.056,-25.239,2171.6,2326.766,2016.434
2023-10-05,2058.81,2068.73,2025.44,2064.67,884700,2108.14,2171.433,2064.917,42.25,13.769,41.199,-27.43,2171.433,2327.075,2015.791
2023-10-06,2066.93,2110.21,2057.01,2097.59,655900,2091.548,2172.182,2067.395,46.632,9.149,34.789,-25.64,2172.182,2326.16,2018.203
2023-10-10,2142.23,2167.48,2138.62,2148.54,927800,2087.85,2175.766,2070.432,52.623,9.489,29.729,-20.24,2175.766,2323.617,2027.914
2023-10-11,2163.87,2166.58,2134.56,2150.8,535500,2095.786,2178.798,2073.877,52.876,9.828,25.749,-15.921,2178.798,2321.66,2035.936
2023-10-12,2174.69,2175.14,2148.99,2157.11,470800,2123.742,2181.659,2077.164,53.619,10.485,22.696,-12.211,2181.659,2320.09,2043.228
2023-10-13,2141.78,2164.32,2131.86,2143.13,434900,2139.434,2180.234,2078.915,51.673,9.765,20.11,-10.345,2180.234,2319.683,2040.785
2023-10-16,2139.97,2156.66,2107.51,2118.33,448800,2143.582,2175.598,2080.931,48.323,7.111,17.51,-10.399,2175.598,2316.887,2034.31
2023-10-17,2136.37,2144.03,2107.96,2126.0,393100,2139.074,2168.734,2084.402,49.415,5.563,15.121,-9.558,2168.734,2305.347,2032.121
2023-10-18,2141.33,2144.48,2092.18,2110.67,594800,2131.048,2159.841,2087.39,47.264,3.064,12.709,-9.646,2159.841,2286.406,2033.276
2023-10-19,2087.22,2103.0,2073.24,2092.63,478900,2118.152,2153.655,2090.132,44.794,-0.369,10.094,-10.462,2153.655,2280.684,2026.626
2023-10-20,2090.37,2112.02,2075.04,2091.73,447500,2107.872,2146.516,2092.254,44.668,-3.125,7.45,-10.575,2146.516,2270.422,2022.61
2023-10-23,2099.84,2105.71,2074.14,2074.14,472700,2099.034,2139.25,2094.369,42.182,-6.653,4.629,-11.282,2139.25,2262.187,2016.314
2023-10-24,2065.12,2066.03,1995.23,2048.44,1158500,2083.522,2129.947,2095.519,38.785,-11.391,1.425,-12.816,2129.947,2250.672,2009.222
2023-10-25,2071.44,2083.61,2060.62,2061.97,724800,2073.782,2120.766,2097.347,41.458,-13.894,-1.638,-12.255,2120.766,2232.021,2009.512
2023-10-26,2065.58,2078.65,2034.91,2047.54,626500,2064.764,2111.839,2098.806,39.478,-16.847,-4.68,-12.167,2111.839,2215.93,2007.747
2023-10-27,2057.01,2059.71,2031.76,2055.66,668200,2057.55,2103.249,2100.375,41.18,-18.322,-7.409,-10.913,2103.249,2194.764,2011.734
2023-10-30,2056.11,2077.75,2034.01,2039.42,2131900,2050.606,2096.192,2101.893,38.828,-20.564,-10.04,-10.524,2096.192,2184.312,2008.073
2023-10-31,2048.89,2082.71,2038.97,2082.71,994500,2057.46,2091.977,2104.809,47.446,-18.632,-11.758,-6.874,2091.977,2173.659,2010.294
2023-11-01,1967.73,2040.78,1963.67,2019.58,2639000,2048.982,2087.4,2106.134,38.85,-21.943,-13.795,-8.148,2087.4,2174.635,2000.164
2023-11-02,2047.09,2072.79,2037.17,2058.81,1256500,2051.236,2089.474,2107.987,45.462,-21.157,-15.268,-5.89,2089.474,2171.512,2007.435
2023-11-06,2096.69,2127.8,2072.34,2080.91,1496300,2056.286,2090.286,2109.857,48.82,-18.538,-15.922,-2.616,2090.286,2171.609,2008.962
2023-11-07,2086.77,2089.92,2036.72,2041.23,941000,2056.648,2087.467,2110.863,43.627,-19.439,-16.625,-2.814,2087.467,2171.583,2003.352
2023-11-08,2049.79,2057.01,1975.85,1978.55,1507900,2035.816,2078.968,2110.438,36.942,-24.924,-18.285,-6.639,2078.968,2171.074,1986.862
2023-11-09,1967.73,2028.15,1967.28,2026.8,757300,2037.26,2072.768,2110.729,44.049,-25.089,-19.646,-5.443,2072.768,2161.133,1984.403
2023-11-10,2025.9,2059.71,2013.72,2056.11,584200,2036.72,2067.718,2111.28,47.891,-22.593,-20.235,-2.358,2067.718,2146.85,1988.586
2023-11-13,2060.62,2084.96,2056.11,2084.06,637400,2037.35,2064.765,2112.664,51.324,-18.151,-19.818,1.667,2064.765,2136.067,1993.462
2023-11-14,2095.33,2105.71,2083.16,2101.65,653400,2049.434,2063.93,2114.452,53.404,-13.061,-18.467,5.406,2063.93,2132.949,1994.912
2023-11-15,2107.96,2126.45,2103.9,2115.63,660300,2076.85,2063.412,2116.397,55.048,-7.809,-16.335,8.527,2063.412,2130.598,1996.226
2023-11-16,2103.9,2118.78,2070.54,2103.9,665400,2092.27,2063.074,2117.478,53.347,-4.541,-13.976,9.436,2063.074,2129.319,1996.828
2023-11-17,2102.1,2109.76,2080.91,2095.33,745100,2100.114,2063.208,2118.113,52.081,-2.612,-11.703,9.092,2063.208,2129.718,1996.699
2023-11-20,2100.29,2112.02,2058.81,2066.93,614700,2096.688,2061.968,2118.091,48.014,-3.337,-10.03,6.694,2061.968,2127.15,1996.787
2023-11-21,2067.83,2067.83,2034.46,2056.11,502000,2087.58,2061.067,2117.561,46.523,-4.729,-8.97,4.241,2061.067,2126.039,1996.095
2023-11-22,2020.03,2057.46,2016.43,2052.5,664200,2074.954,2061.27,2117.074,46.01,-6.055,-8.387,2.332,2061.27,2126.101,1996.439
2023-11-24,2060.62,2065.12,2040.32,2052.95,442400,2064.764,2060.819,2116.33,46.09,-6.988,-8.107,1.119,2060.819,2125.755,1995.883
2023-11-27,2057.46,2071.89,2041.23,2055.2,426500,2056.738,2061.202,2115.436,46.516,-7.461,-7.978,0.517,2061.202,2125.898,1996.506
2023-11-28,2055.66,2057.01,2038.52,2051.6,489400,2053.672,2060.999,2113.035,45.891,-8.033,-7.989,-0.044,2060.999,2125.793,1996.205
2023-11-29,2052.95,2071.44,2043.48,2063.32,810400,2055.114,2062.194,2110.081,48.324,-7.455,-7.882,0.427,2062.194,2126.189,1998.199
2023-11-30,2050.7,2073.24,2043.03,2071.89,685400,2058.992,2061.653,2106.253,50.091,-6.233,-7.552,1.319,2061.653,2125.099,1998.207
2023-12-01,2092.18,2104.35,2082.26,2092.18,679100,2066.838,2065.283,2102.326,54.094,-3.586,-6.759,3.173,2065.283,2126.874,2003.692
2023-12-04,2096.24,2102.1,2081.36,2092.63,537700,2074.324,2066.974,2099.852,54.182,-1.436,-5.694,4.259,2066.974,2129.664,2004.284
2023-12-05,2090.38,2092.18,2068.73,2077.3,551100,2079.464,2066.794,2096.707,50.63,-0.958,-4.747,3.789,2066.794,2129.335,2004.252
2023-12-06,2070.08,2110.67,2068.28,2110.67,656300,2088.934,2070.266,2094.532,57.206,2.09,-3.38,5.47,2070.266,2134.518,2006.013
2023-12-07,2102.1,2108.86,2089.47,2104.8,502400,2095.516,2076.578,2091.938,55.798,3.986,-1.907,5.892,2076.578,2125.982,2027.174
2023-12-08,2111.12,2129.15,2096.24,2110.67,1286100,2099.214,2080.771,2089.239,56.939,5.894,-0.346,6.24,2080.771,2126.485,2035.058
2023-12-11,2118.33,2160.72,2112.02,2160.72,874400,2112.832,2086.002,2087.932,65.192,11.314,1.986,9.328,2086.002,2142.501,2029.503
2023-12-12,2164.32,2169.73,2147.19,2155.76,917200,2128.524,2089.587,2086.498,63.885,15.036,4.596,10.44,2089.587,2154.098,2025.076
2023-12-13,2139.97,2156.21,2128.7,2150.34,655000,2136.458,2092.021,2085.894,62.413,17.349,7.146,10.202,2092.021,2161.901,2022.142
2023-12-14,2165.22,2173.79,2062.87,2074.59,1015700,2130.416,2089.97,2084.045,46.341,12.92,8.301,4.619,2089.97,2159.339,2020.6
2023-12-15,2074.14,2091.28,2034.46,2046.19,1076000,2117.52,2087.084,2082.746,41.976,7.037,8.048,-1.011,2087.084,2158.775,2015.393
2023-12-18,2026.35,2043.48,2004.7,2042.13,786700,2093.802,2084.424,2083.242,41.376,2.024,6.843,-4.819,2084.424,2158.727,2010.121
2023-12-19,2048.44,2056.11,2026.35,2038.52,380700,2070.354,2083.003,2082.719,40.818,-2.214,5.032,-7.246,2083.003,2159.761,2006.246
2023-12-20,2029.05,2038.97,2015.53,2017.78,816000,2043.842,2081.087,2081.123,37.671,-7.164,2.593,-9.757,2081.087,2162.448,1999.726
2023-12-21,2012.82,2022.74,2003.35,2005.61,506800,2030.046,2078.742,2078.265,35.921,-11.932,-0.312,-11.619,2078.742,2166.056,1991.429
2023-12-22,2010.11,2030.86,2006.51,2029.95,555700,2026.798,2077.593,2075.848,41.749,-13.589,-2.968,-10.622,2077.593,2166.919,1988.266
2023-12-25,2045.28,2052.5,2028.6,2036.27,492500,2025.626,2076.646,2073.431,43.194,-14.229,-5.22,-9.009,2076.646,2167.362,1985.93
2023-12-26,2050.7,2051.6,2029.05,2044.83,484400,2026.888,2076.308,2071.465,45.177,-13.885,-6.953,-6.932,2076.308,2167.467,1985.148
2023-12-27,2038.07,2080.91,2035.82,2080.91,697700,2039.514,2077.187,2070.716,52.677,-10.579,-7.678,-2.901,2077.187,2168.158,1986.216
2023-12-28,2073.24,2080.46,2055.66,2069.63,444300,2052.318,2077.074,2069.589,50.358,-8.768,-7.896,-0.872,2077.074,2168.078,1986.07
2023-12-29,2072.34,2086.77,2051.15,2063.77,551800,2059.082,2075.654,2068.651,49.147,-7.717,-7.86,0.143,2075.654,2166.552,1984.755
2024-01-04,2066.93,2133.66,2039.42,2123.74,1014700,2076.576,2077.209,2069.273,59.799,-2.022,-6.693,4.671,2077.209,2170.367,1984.051
2024-01-05,2144.48,2162.52,2133.21,2158.01,677000,2099.212,2081.244,2070.599,64.389,5.197,-4.315,9.512,2081.244,2181.166,1981.323
2024-01-09,2144.03,2168.83,2128.25,2161.17,722400,2115.264,2083.769,2072.339,64.789,11.046,-1.242,12.289,2083.769,2189.221,1978.318
2024-01-10,2168.38,2176.05,2151.25,2162.52,505400,2133.842,2086.655,2074.621,64.969,15.61,2.128,13.482,2086.655,2197.549,1975.762
2024-01-11,2167.93,2212.12,2167.93,2176.95,711200,2156.478,2089.97,2076.921,66.923,20.16,5.734,14.425,2089.97,2207.64,1972.299
2024-01-12,2172.89,2184.61,2151.7,2175.14,596100,2166.758,2090.69,2079.473,66.423,23.35,9.257,14.092,2090.69,2210.346,1971.035
2024-01-15,2178.3,2204.45,2177.4,2198.59,116600,2174.874,2092.832,2082.331,69.595,27.454,12.897,14.557,2092.832,2218.759,1966.905
2024-01-16,2213.92,2220.23,2182.36,2204.9,476000,2183.62,2095.56,2085.641,70.405,30.859,16.489,14.37,2095.56,2228.88,1962.24
2024-01-17,2207.61,2225.64,2172.89,2172.89,651700,2185.694,2100.475,2087.444,61.458,30.622,19.316,11.307,2100.475,2237.73,1963.22
2024-01-18,2172.44,2186.42,2153.05,2158.46,437700,2181.996,2106.089,2090.222,57.886,28.937,21.24,7.697,2106.089,2243.178,1968.999
2024-01-19,2163.42,2172.44,2134.11,2171.99,718700,2181.366,2112.582,2092.486,60.221,28.366,22.665,5.701,2112.582,2249.217,1975.946
2024-01-22,2182.36,2222.04,2173.79,2217.08,645300,2185.064,2121.51,2095.209,66.821,31.192,24.371,6.821,2121.51,2261.072,1981.947
2024-01-23,2216.18,2219.78,2181.46,2186.87,457000,2181.458,2129.964,2098.122,59.677,30.641,25.625,5.016,2129.964,2263.422,1996.506
2024-01-24,2174.24,2181.46,2161.62,2173.79,443900,2181.638,2138.373,2102.027,56.843,28.816,26.263,2.553,2138.373,2259.46,2017.286
2024-01-25,2175.14,2196.34,2169.28,2195.89,437500,2189.124,2146.67,2105.408,60.275,28.822,26.775,2.047,2146.67,2258.892,2034.448
2024-01-26,2197.24,2206.71,2170.64,2190.02,690200,2192.73,2154.358,2108.087,58.934,28.029,27.026,1.003,2154.358,2255.227,2053.488
2024-01-29,2180.1,2225.19,2180.1,2223.39,772700,2193.992,2163.286,2110.873,63.856,29.751,27.571,2.18,2163.286,2254.482,2072.089
2024-01-30,2214.82,2223.39,2195.89,2211.67,432600,2198.952,2169.824,2113.074,61.087,29.825,28.022,1.804,2169.824,2254.683,2084.964
2024-01-31,2238.72,2278.85,2213.02,2240.52,1064000,2212.298,2178.368,2115.571,65.099,31.846,28.786,3.059,2178.368,2254.738,2101.998
2024-02-01,2248.19,2295.99,2237.37,2279.75,1169700,2229.07,2189.167,2119.088,69.678,36.195,30.268,5.927,2189.167,2258.018,2120.316
2024-02-02,2299.59,2357.31,2254.95,2353.7,1383400,2261.806,2200.665,2124.256,76.055,45.089,33.232,11.857,2200.665,2295.438,2105.892
2024-02-05,2353.7,2379.4,2351.45,2351.9,833400,2287.508,2210.36,2129.955,75.638,51.4,36.866,14.534,2210.36,2324.457,2096.262
2024-02-06,2327.1,2332.06,2290.12,2295.53,765500,2304.28,2217.078,2134.744,63.835,51.262,39.745,11.517,2217.078,2334.746,2099.409
2024-02-07,2292.83,2320.33,2275.24,2317.18,788500,2319.612,2224.81,2140.037,66.027,52.297,42.256,10.041,2224.81,2347.6,2102.021
2024-02-08,2304.55,2309.96,2268.03,2272.99,864100,2318.26,2229.612,2144.438,58.263,48.987,43.602,5.385,2229.612,2352.032,2107.193
2024-02-09,2250.9,2254.5,2225.64,2225.64,561700,2292.648,2232.138,2147.847,51.301,42.057,43.293,-1.235,2232.138,2351.88,2112.395
2024-02-13,2240.07,2259.46,2222.94,2256.31,483700,2273.53,2235.024,2151.941,55.048,38.596,42.353,-3.757,2235.024,2354.142,2115.905
2024-02-14,2241.88,2244.13,2193.18,2203.1,722600,2255.044,2234.934,2154.737,48.129,31.2,40.123,-8.923,2234.934,2354.151,2115.716
2024-02-15,2207.61,2213.02,2186.87,2194.08,492100,2230.424,2235.993,2157.18,47.05,24.33,36.964,-12.635,2235.993,2353.249,2118.737
2024-02-16,2208.51,2253.6,2204.45,2233.76,860400,2222.578,2239.758,2160.012,52.136,21.835,33.938,-12.103,2239.758,2351.225,2128.291
2024-02-19,2222.94,2255.86,2208.06,2244.58,587400,2226.366,2243.388,2163.051,53.449,20.495,31.25,-10.755,2243.388,2350.193,2136.582
2024-02-20,2244.58,2245.03,2214.37,2226.55,699400,2220.414,2243.861,2166.036,50.941,17.773,28.554,-10.781,2243.861,2350.259,2137.463
2024-02-21,2238.72,2238.72,2212.57,2231.06,451000,2226.006,2246.071,2168.444,51.553,15.798,26.003,-10.205,2246.071,2349.272,2142.869
2024-02-22,2226.55,2236.92,2222.49,2236.92,464000,2234.574,2249.227,2171.086,52.385,14.538,23.71,-9.172,2249.227,2346.83,2151.624
2024-02-26,2238.72,2247.74,2225.19,2244.58,598600,2236.738,2251.662,2173.764,53.508,13.996,21.767,-7.771,2251.662,2346.039,2157.284
2024-02-27,2229.7,2241.43,2206.71,2216.18,915000,2231.058,2252.97,2174.874,48.902,11.147,19.643,-8.497,2252.97,2344.43,2161.509
2024-02-28,2222.94,2263.07,2217.53,2258.56,700200,2237.46,2254.728,2176.93,55.112,12.168,18.148,-5.98,2254.728,2345.14,2164.316
2024-02-29,2253.15,2253.15,2209.86,2220.23,613300,2235.294,2255.156,2178.327,49.279,9.772,16.473,-6.701,2255.156,2344.788,2165.524
2024-03-01,2212.12,2245.48,2212.12,2237.82,464700,2235.474,2255.021,2181.592,51.8,9.186,15.015,-5.829,2255.021,2344.753,2165.289
2024-03-04,2228.8,2233.31,2211.67,2225.64,553800,2231.686,2252.316,2185.181,49.948,7.651,13.543,-5.892,2252.316,2342.171,2162.46
2024-03-05,2218.43,2233.76,2200.39,2222.94,606600,2233.038,2245.777,2188.797,49.526,6.146,12.063,-5.918,2245.777,2322.666,2168.889
2024-03-06,2228.35,2254.05,2221.14,2248.64,466600,2231.054,2240.614,2193.0,53.554,6.946,11.04,-4.093,2240.614,2299.184,2182.045
2024-03-07,2259.01,2295.08,2250.9,2291.93,748800,2245.394,2240.434,2198.483,59.428,10.948,11.021,-0.074,2240.434,2298.311,2182.558
2024-03-08,2279.75,2308.16,2275.24,2298.69,666600,2257.568,2239.51,2204.344,60.273,14.497,11.717,2.781,2239.51,2292.619,2186.401
2024-03-11,2302.3,2308.61,2239.17,2259.46,632900,2264.332,2238.833,2208.934,53.332,13.984,12.17,1.814,2238.833,2290.471,2187.196
2024-03-12,2260.36,2273.89,2221.14,2257.66,474900,2271.276,2240.435,2213.362,53.03,13.278,12.392,0.887,2240.435,2292.335,2188.534
2024-03-13,2277.05,2293.28,2245.48,2252.7,388700,2272.088,2240.254,2217.52,52.154,12.179,12.349,-0.17,2240.254,2291.947,2188.561
2024-03-14,2258.56,2317.63,2252.7,2317.63,740900,2277.228,2245.98,2222.254,61.19,16.358,13.151,3.207,2245.98,2305.174,2186.787
2024-03-15,2227.45,2227.45,2102.1,2127.35,5219500,2242.96,2242.644,2223.408,38.34,4.267,11.374,-7.107,2242.644,2319.147,2166.141
2024-03-18,2166.13,2204.0,2163.42,2190.47,2404800,2229.162,2240.48,2225.942,45.597,-0.22,9.055,-9.275,2240.48,2320.413,2160.546
2024-03-19,2204.0,2245.03,2194.98,2240.52,1207600,2225.734,2240.276,2228.278,50.566,0.261,7.296,-7.036,2240.276,2320.187,2160.366
2024-03-21,2254.5,2277.5,2250.9,2266.23,943600,2228.44,2242.26,2230.442,52.943,2.685,6.374,-3.689,2242.26,2322.705,2161.816
2024-03-22,2278.85,2310.41,2267.13,2304.1,735000,2225.734,2245.912,2233.301,56.279,7.574,6.614,0.96,2245.912,2330.729,2161.096
2024-03-25,2317.63,2336.57,2300.49,2300.49,1071300,2260.362,2249.091,2236.06,55.872,11.031,7.497,3.533,2249.091,2337.189,2160.993
2024-03-26,2299.59,2320.78,2291.93,2315.82,675200,2285.432,2252.653,2238.838,57.283,14.836,8.965,5.871,2252.653,2345.61,2159.696
2024-03-27,2327.55,2331.16,2283.81,2283.81,855000,2294.09,2256.034,2241.011,53.44,15.095,10.191,4.904,2256.034,2348.323,2163.746
2024-03-28,2311.0,2327.14,2275.51,2285.65,940900,2297.974,2257.389,2242.752,53.633,15.272,11.207,4.065,2257.389,2350.624,2164.154
2024-03-29,2294.41,2303.63,2273.21,2296.26,427400,2296.406,2261.19,2244.58,54.794,16.084,12.183,3.901,2261.19,2354.246,2168.135
2024-04-01,2315.61,2317.0,2251.09,2257.54,664300,2287.816,2262.176,2246.273,49.885,13.448,12.436,1.012,2262.176,2354.605,2169.748
2024-04-02,2269.52,2302.71,2258.0,2264.45,700900,2277.542,2264.117,2248.392,50.733,11.78,12.305,-0.525,2264.117,2354.931,2173.303
2024-04-03,2259.84,2295.79,2258.46,2281.97,703500,2277.174,2267.069,2250.592,52.91,11.737,12.191,-0.454,2267.069,2356.067,2178.07
2024-04-04,2281.51,2325.75,2265.84,2317.92,740500,2283.628,2270.533,2252.609,57.098,14.437,12.64,1.797,2270.533,2361.873,2179.192
2024-04-05,2311.93,2317.92,2259.38,2314.23,711400,2287.222,2271.648,2255.156,56.542,16.094,13.331,2.763,2271.648,2364.618,2178.677
2024-04-08,2322.99,2349.26,2301.79,2334.97,585600,2302.708,2273.462,2258.38,58.96,18.863,14.437,4.426,2273.462,2370.001,2176.922
2024-04-09,2341.42,2351.56,2320.68,2345.57,763600,2318.932,2277.767,2261.373,60.18,21.663,15.883,5.781,2277.767,2379.232,2176.302
2024-04-10,2346.03,2454.81,2338.2,2427.62,1427900,2348.062,2286.265,2266.125,68.086,30.155,18.737,11.418,2286.265,2407.234,2165.296
2024-04-11,2396.73,2517.49,2386.59,2478.78,1212000,2380.234,2297.569,2271.233,71.841,40.546,23.099,17.447,2297.569,2444.745,2150.393
2024-04-12,2470.48,2474.17,2417.01,2420.7,883100,2401.528,2302.723,2275.414,62.807,43.592,27.198,16.395,2302.723,2459.745,2145.7
2024-04-15,2405.95,2525.79,2387.05,2504.13,1401800,2435.36,2321.562,2280.686,68.864,52.137,32.185,19.952,2321.562,2480.391,2162.732
2024-04-16,2488.92,2517.03,2449.74,2451.12,845800,2456.47,2334.594,2284.113,61.96,54.009,36.55,17.459,2334.594,2490.888,2178.3
2024-04-17,2450.66,2466.79,2373.69,2405.95,888800,2452.136,2342.866,2285.158,56.74,51.257,39.491,11.765,2342.866,2495.667,2190.064
2024-04-18,2395.81,2456.65,2393.97,2435.45,603500,2443.47,2351.326,2286.829,59.16,50.87,41.767,9.103,2351.326,2504.999,2197.654
2024-04-19,2428.08,2447.9,2398.12,2416.09,484800,2442.548,2356.926,2289.24,56.91,48.442,43.102,5.34,2356.926,2511.511,2202.341
2024-04-22,2447.43,2505.51,2440.52,2486.15,804400,2438.952,2366.209,2292.62,62.472,51.577,44.797,6.78,2366.209,2528.625,2203.793
2024-04-23,2488.92,2497.21,2435.91,2443.29,645000,2437.386,2372.582,2296.026,57.576,50.027,45.843,4.184,2372.582,2536.668,2208.497
2024-04-24,2447.43,2450.66,2416.09,2439.6,493600,2444.116,2380.372,2300.305,57.16,47.947,46.264,1.683,2380.372,2541.478,2219.266
2024-04-25,2449.74,2449.74,2398.58,2398.58,593800,2436.742,2386.018,2303.15,52.616,42.499,45.511,-3.012,2386.018,2540.943,2231.094
2024-04-26,2400.42,2432.69,2369.08,2422.55,676800,2438.034,2392.333,2307.539,54.874,39.659,44.341,-4.682,2392.333,2542.062,2242.604
2024-04-30,2461.26,2472.32,2435.91,2471.86,480100,2435.176,2403.049,2313.095,59.182,40.915,43.656,-2.74,2403.049,2542.482,2263.616
2024-05-01,2456.65,2484.77,2440.98,2471.86,528800,2440.89,2413.42,2317.857,59.182,41.433,43.211,-1.778,2413.42,2539.679,2287.16
2024-05-02,2472.32,2501.36,2466.79,2477.85,540300,2448.54,2423.214,2322.522,59.724,41.845,42.938,-1.093,2423.214,2536.235,2310.192
2024-05-07,2488.92,2488.92,2442.36,2456.65,550000,2460.154,2430.15,2327.124,56.848,39.999,42.35,-2.351,2430.15,2532.485,2327.815
2024-05-08,2464.95,2475.09,2434.53,2456.65,510300,2466.974,2437.271,2331.636,56.848,38.097,41.499,-3.402,2437.271,2524.322,2350.22
2024-05-09,2442.83,2476.93,2429.0,2462.64,492700,2465.13,2443.654,2336.151,57.518,36.651,40.53,-3.879,2443.654,2516.72,2370.589
2024-05-10,2320.68,2393.97,2313.31,2343.73,2041200,2439.504,2443.562,2338.134,43.179,25.614,37.547,-11.932,2443.562,2517.151,2369.974
2024-05-13,2359.86,2359.86,2295.33,2319.76,964700,2407.886,2438.17,2340.205,40.962,14.763,32.99,-18.227,2438.17,2530.181,2346.158
2024-05-14,2338.66,2339.58,2309.16,2336.35,585400,2383.826,2431.048,2341.761,43.138,7.417,27.875,-20.458,2431.048,2531.486,2330.61
2024-05-15,2339.58,2348.34,2311.0,2315.15,586400,2355.526,2425.77,2343.659,41.056,-0.114,22.277,-22.392,2425.77,2538.801,2312.74
2024-05-16,2316.54,2324.83,2278.74,2296.26,574200,2322.25,2415.377,2344.828,39.238,-7.52,16.318,-23.838,2415.377,2536.04,2294.714
2024-05-17,2295.33,2331.28,2291.65,2319.76,582400,2317.456,2408.809,2346.711,42.64,-11.363,10.782,-22.144,2408.809,2535.433,2282.185
2024-05-20,2320.68,2360.78,2310.54,2360.78,590800,2325.66,2406.551,2349.467,48.103,-10.971,6.431,-17.402,2406.551,2534.988,2278.113
2024-05-21,2373.69,2386.13,2360.78,2364.93,492100,2331.376,2403.024,2351.793,48.635,-10.208,3.103,-13.312,2403.024,2531.992,2274.057
2024-05-22,2364.47,2366.77,2325.29,2334.05,432500,2335.156,2398.922,2352.636,44.938,-11.958,0.091,-12.049,2398.922,2531.314,2266.531
2024-05-23,2322.07,2356.63,2311.93,2356.17,430800,2347.138,2392.424,2353.785,47.988,-11.428,-2.213,-9.215,2392.424,2519.438,2265.409
2024-05-24,2314.69,2364.01,2314.69,2354.33,374200,2354.052,2387.976,2355.683,47.751,-11.029,-3.976,-7.053,2387.976,2513.714,2262.237
2024-05-27,2372.77,2402.73,2356.17,2402.73,535500,2362.442,2386.132,2358.584,54.164,-6.73,-4.527,-2.203,2386.132,2509.746,2262.518
2024-05-28,2408.26,2486.15,2402.73,2462.18,1082200,2381.892,2389.312,2362.774,60.566,1.458,-3.33,4.788,2389.312,2517.464,2261.16
2024-05-29,2461.72,2466.79,2400.88,2401.34,559300,2395.35,2388.252,2364.448,52.486,3.002,-2.063,5.066,2388.252,2515.594,2260.909
2024-05-30,2374.15,2399.5,2353.87,2391.2,510000,2402.356,2384.218,2369.725,51.259,3.37,-0.977,4.346,2384.218,2505.37,2263.067
2024-05-31,2411.02,2443.29,2409.64,2433.15,549300,2418.12,2382.283,2374.578,55.858,6.965,0.612,6.354,2382.283,2498.683,2265.883
2024-06-03,2439.6,2449.74,2387.52,2392.59,644900,2416.092,2378.02,2377.62,50.861,6.467,1.783,4.685,2378.02,2485.593,2270.447
2024-06-04,2387.52,2405.49,2353.87,2364.47,633200,2396.55,2373.411,2379.585,47.677,3.761,2.178,1.582,2373.411,2474.503,2272.319
2024-06-05,2369.08,2372.77,2331.28,2337.28,634200,2383.738,2367.442,2380.248,44.759,-0.572,1.628,-2.2,2367.442,2461.707,2273.178
2024-06-06,2336.82,2360.78,2318.84,2343.27,439900,2374.152,2361.474,2381.104,45.55,-3.482,0.606,-4.088,2361.474,2444.846,2278.102
2024-06-07,2346.49,2363.09,2327.6,2327.6,299900,2353.042,2360.668,2381.339,43.784,-6.973,-0.91,-6.063,2360.668,2445.068,2276.267
2024-06-10,2309.16,2350.64,2307.78,2344.19,368300,2343.362,2361.889,2382.547,46.163,-8.304,-2.389,-5.916,2361.889,2444.484,2279.294
2024-06-11,2348.8,2370.0,2335.89,2336.35,423500,2337.738,2361.889,2383.561,45.19,-9.879,-3.887,-5.992,2361.889,2444.484,2279.294
2024-06-12,2336.35,2365.39,2327.14,2355.71,377000,2341.424,2363.917,2384.75,48.1,-9.455,-5.0,-4.455,2363.917,2443.622,2284.212
2024-06-13,2357.56,2358.94,2308.24,2311.47,413500,2335.064,2364.678,2385.829,42.542,-12.544,-6.509,-6.035,2364.678,2441.916,2287.439
2024-06-14,2312.85,2341.42,2312.85,2338.2,499600,2337.184,2365.6,2387.304,46.56,-12.69,-7.745,-4.944,2365.6,2440.999,2290.2
2024-06-17,2327.14,2327.14,2300.86,2309.16,443500,2330.178,2363.018,2387.847,43.038,-14.975,-9.191,-5.784,2363.018,2442.534,2283.503
2024-06-18,2315.61,2319.3,2298.1,2312.85,358700,2325.478,2360.414,2387.746,43.622,-16.301,-10.613,-5.688,2360.414,2443.018,2277.811
2024-06-19,2322.99,2333.13,2300.86,2310.08,269600,2316.352,2359.216,2387.663,43.264,-17.375,-11.966,-5.41,2359.216,2444.094,2274.338
2024-06-20,2295.33,2304.09,2273.21,2280.12,533000,2310.082,2355.413,2386.566,39.486,-20.409,-13.654,-6.754,2355.413,2447.384,2263.443
2024-06-21,2288.88,2305.47,2267.22,2271.83,811200,2296.808,2351.288,2385.091,38.485,-23.214,-15.566,-7.648,2351.288,2450.573,2252.004
2024-06-24,2286.12,2302.25,2270.91,2296.26,452900,2294.228,2345.965,2382.464,43.067,-23.198,-17.093,-6.106,2345.965,2445.053,2246.877
2024-06-25,2312.39,2324.83,2302.71,2319.76,406000,2295.61,2338.844,2379.284,47.145,-21.047,-17.884,-3.164,2338.844,2421.948,2255.74
2024-06-26,2320.22,2323.91,2305.47,2311.93,325700,2295.98,2334.373,2377.108,45.964,-19.747,-18.256,-1.49,2334.373,2412.81,2255.937
2024-06-27,2308.7,2330.82,2308.7,2319.3,332100,2303.816,2330.778,2373.412,47.302,-17.915,-18.188,0.273,2330.778,2404.71,2256.847
2024-06-28,2327.14,2328.06,2301.79,2314.23,583300,2312.296,2324.832,2370.674,46.45,-16.68,-17.886,1.207,2324.832,2381.121,2268.544
2024-07-01,2327.6,2336.35,2311.0,2322.07,596100,2317.458,2321.306,2368.996,48.01,-14.897,-17.288,2.392,2321.306,2367.686,2274.927
2024-07-02,2321.61,2321.61,2301.79,2310.54,611200,2315.614,2318.61,2366.498,45.892,-14.25,-16.681,2.431,2318.61,2360.474,2276.746
2024-07-03,2311.93,2325.29,2304.55,2312.85,438300,2315.798,2317.388,2364.433,46.402,-13.396,-16.024,2.628,2317.388,2358.376,2276.401
2024-07-04,2311.47,2325.29,2309.16,2309.16,337400,2313.77,2315.683,2360.893,45.662,-12.869,-15.393,2.524,2315.683,2354.938,2276.428
2024-07-05,2310.08,2319.3,2281.05,2281.05,774700,2307.134,2313.356,2357.649,40.376,-14.552,-15.225,0.673,2313.356,2355.078,2271.633
2024-07-08,2280.58,2280.58,2251.55,2252.47,640000,2293.214,2308.77,2353.906,35.833,-17.984,-15.777,-2.208,2308.77,2356.018,2261.521
2024-07-09,2245.56,2257.54,2235.42,2239.56,769400,2279.018,2303.93,2350.726,33.974,-21.499,-16.921,-4.578,2303.93,2358.539,2249.321
2024-07-10,2240.02,2271.37,2238.64,2271.37,543100,2270.722,2299.713,2347.702,41.965,-21.469,-17.831,-3.639,2299.713,2350.368,2249.058
2024-07-11,2289.8,2309.16,2278.74,2302.71,624300,2269.432,2299.275,2344.319,48.569,-18.702,-18.005,-0.697,2299.275,2349.653,2248.897
2024-07-12,2303.63,2327.6,2297.18,2299.02,577900,2273.026,2297.316,2340.862,47.878,-16.614,-17.727,1.112,2297.316,2344.25,2250.382
2024-07-16,2298.56,2334.05,2296.26,2327.6,556800,2288.052,2298.238,2337.857,53.406,-12.51,-16.683,4.173,2298.238,2346.847,2249.629
2024-07-17,2345.57,2354.33,2333.59,2350.64,536000,2310.268,2300.127,2335.737,57.334,-7.314,-14.809,7.496,2300.127,2353.802,2246.453
2024-07-18,2351.56,2369.08,2341.42,2349.72,507900,2325.938,2302.11,2333.598,57.127,-3.233,-12.494,9.261,2302.11,2360.086,2244.133
2024-07-19,2358.94,2358.94,2314.69,2329.44,413800,2331.284,2304.576,2330.934,52.615,-1.616,-10.318,8.702,2304.576,2362.809,2246.342
2024-07-22,2334.05,2342.35,2312.39,2332.67,368600,2338.014,2307.618,2330.713,53.248,-0.074,-8.27,8.196,2307.618,2364.999,2250.236
2024-07-23,2348.8,2354.79,2324.37,2329.44,395100,2338.382,2309.276,2330.907,52.493,0.878,-6.44,7.318,2309.276,2367.191,2251.362
2024-07-24,2327.6,2327.6,2268.14,2268.14,665700,2321.882,2306.696,2329.543,40.691,-3.276,-5.807,2.531,2306.696,2367.187,2246.204
2024-07-25,2251.55,2260.77,2227.58,2236.8,747700,2299.298,2302.939,2327.976,36.209,-8.994,-6.445,-2.549,2302.939,2370.928,2234.95
2024-07-26,2244.63,2244.63,2215.6,2222.51,453900,2277.912,2298.1,2326.501,34.351,-14.511,-8.058,-6.453,2298.1,2374.45,2221.749
2024-07-29,2234.49,2281.51,2234.49,2259.38,460700,2263.254,2295.357,2325.293,42.543,-15.727,-9.592,-6.135,2295.357,2373.194,2217.52
2024-07-30,2252.93,2264.91,2244.63,2257.08,430000,2248.782,2292.107,2323.219,42.189,-16.684,-11.01,-5.674,2292.107,2370.672,2213.543
2024-07-31,2276.44,2294.41,2256.62,2285.19,688000,2252.192,2290.84,2321.624,47.891,-15.001,-11.808,-3.193,2290.84,2368.969,2212.711
2024-08-01,2317.92,2348.8,2258.92,2292.11,1098200,2263.254,2289.803,2320.785,49.219,-12.959,-12.038,-0.921,2289.803,2367.249,2212.357
2024-08-02,2246.02,2258.92,2204.53,2227.58,974500,2264.268,2285.724,2318.214,39.19,-16.36,-12.903,-3.457,2285.724,2367.358,2204.09
2024-08-05,2120.19,2155.68,1955.64,2055.66,2252200,2223.524,2274.454,2312.24,24.732,-32.552,-16.833,-15.72,2274.454,2405.861,2143.048
2024-08-06,2159.37,2192.09,2115.58,2157.98,1340700,2203.704,2269.73,2307.345,39.126,-36.705,-20.807,-15.898,2269.73,2410.897,2128.563
2024-08-07,2128.48,2206.84,2110.97,2165.36,1087400,2179.738,2266.02,2301.409,40.017,-38.952,-24.436,-14.516,2266.02,2414.249,2117.791
2024-08-08,2165.36,2210.53,2144.16,2146.0,715200,2150.516,2259.752,2296.302,38.428,-41.813,-27.911,-13.901,2259.752,2417.336,2102.167
2024-08-09,2172.73,2181.49,2110.97,2150.61,687300,2135.122,2252.146,2291.49,39.049,-43.21,-30.971,-12.239,2252.146,2415.574,2088.719
2024-08-13,2157.06,2195.78,2157.06,2187.48,509500,2161.486,2246.57,2286.577,43.918,-40.871,-32.951,-7.92,2246.57,2410.873,2082.266
2024-08-14,2187.02,2236.34,2185.18,2221.59,565900,2174.208,2241.269,2283.157,48.053,-35.851,-33.531,-2.32,2241.269,2401.351,2081.187
2024-08-15,2221.59,2256.62,2218.82,2245.56,467200,2190.248,2236.015,2280.779,50.798,-29.598,-32.745,3.146,2236.015,2387.658,2084.372
2024-08-16,2265.84,2275.05,2243.71,2255.7,461100,2212.188,2231.314,2279.147,51.954,-23.553,-30.906,7.353,2231.314,2373.66,2088.968
2024-08-19,2240.02,2270.91,2229.42,2248.32,341000,2231.73,2227.258,2277.248,51.014,-19.137,-28.552,9.416,2227.258,2362.265,2092.251
2024-08-20,2272.29,2279.2,2252.01,2279.2,328800,2250.074,2224.584,2276.28,54.707,-12.995,-25.441,12.446,2224.584,2352.746,2096.423
2024-08-21,2250.63,2266.3,2248.78,2254.31,290100,2256.618,2220.828,2274.482,51.347,-10.021,-22.357,12.336,2220.828,2340.148,2101.508
2024-08-22,2241.41,2263.07,2238.64,2263.07,367000,2260.12,2220.574,2273.017,52.454,-6.878,-19.261,12.383,2220.574,2339.492,2101.657
2024-08-23,2263.53,2287.04,2263.53,2274.59,255100,2263.898,2222.464,2271.394,53.938,-3.418,-16.092,12.675,2222.464,2343.647,2101.281
2024-08-26,2272.29,2272.29,2249.7,2262.61,289700,2266.756,2224.469,2270.417,52.116,-1.624,-13.199,11.575,2224.469,2346.975,2101.963
2024-08-27,2274.59,2283.81,2263.53,2274.59,264800,2265.834,2225.23,2269.145,53.797,0.756,-10.408,11.164,2225.23,2348.832,2101.627
2024-08-28,2266.76,2278.28,2253.85,2277.36,297700,2270.444,2226.244,2268.509,54.197,2.833,-7.76,10.593,2226.244,2351.27,2101.217
2024-08-29,2276.9,2284.73,2269.06,2269.98,438600,2271.826,2225.483,2267.652,52.882,3.839,-5.44,9.279,2225.483,2349.178,2101.788
2024-08-30,2276.9,2295.79,2275.05,2285.19,332900,2273.946,2225.137,2267.154,55.289,5.797,-3.192,8.99,2225.137,2348.084,2102.19
2024-09-02,2290.72,2303.63,2284.73,2303.63,318700,2282.15,2228.94,2267.624,58.085,8.736,-0.807,9.543,2228.94,2356.81,2101.069
2024-09-03,2297.64,2313.31,2294.41,2305.93,343300,2288.418,2241.453,2268.306,58.434,11.122,1.579,9.543,2241.453,2344.498,2138.408
2024-09-04,2276.9,2280.58,2229.88,2235.42,733500,2280.03,2245.325,2267.089,45.832,7.241,2.711,4.529,2245.325,2340.697,2149.953
2024-09-05,2234.49,2252.93,2222.05,2235.88,418500,2273.21,2248.851,2265.412,45.914,4.154,3.0,1.154,2248.851,2336.693,2161.009
2024-09-06,2247.4,2256.16,2232.65,2245.56,586200,2265.284,2253.829,2264.084,47.707,2.46,2.892,-0.432,2253.829,2327.226,2180.432
2024-09-09,2206.84,2211.91,2171.35,2205.0,621000,2245.558,2256.548,2261.798,41.499,-2.131,1.887,-4.018,2256.548,2316.672,2196.425
2024-09-10,2206.84,2209.6,2179.65,2181.03,554100,2220.578,2256.226,2259.134,38.326,-7.615,-0.013,-7.602,2256.226,2317.958,2194.494
2024-09-11,2182.87,2189.32,2129.41,2151.99,791700,2203.892,2252.746,2255.733,34.849,-14.142,-2.839,-11.303,2252.746,2328.869,2176.623
2024-09-12,2175.04,2179.18,2155.68,2169.97,478600,2190.71,2248.966,2252.921,38.565,-17.66,-5.803,-11.857,2248.966,2333.619,2164.314
2024-09-13,2149.23,2168.12,2143.23,2164.44,523500,2174.486,2244.404,2249.953,37.85,-20.656,-8.774,-11.883,2244.404,2336.994,2151.813
2024-09-17,2193.93,2195.32,2160.75,2180.11,428100,2169.508,2240.993,2247.372,41.178,-21.518,-11.323,-10.196,2240.993,2337.901,2144.085
2024-09-18,2181.95,2202.69,2180.11,2199.93,429000,2173.288,2237.029,2245.75,45.178,-20.368,-13.132,-7.236,2237.029,2333.842,2140.217
2024-09-19,2208.22,2216.98,2198.54,2198.54,417500,2182.598,2234.241,2244.671,44.947,-19.345,-14.374,-4.97,2234.241,2332.164,2136.318
2024-09-20,2200.85,2224.35,2199.46,2203.61,665900,2189.326,2231.268,2243.952,46.03,-17.918,-15.083,-2.835,2231.268,2329.116,2133.42
2024-09-24,2240.02,2244.17,2222.51,2225.28,492600,2201.494,2228.802,2243.03,50.512,-14.868,-15.04,0.172,2228.802,2324.516,2133.089
2024-09-25,2255.7,2259.84,2227.58,2240.49,483300,2213.57,2227.696,2241.786,53.434,-11.095,-14.251,3.156,2227.696,2322.27,2133.123
2024-09-26,2246.48,2267.68,2228.96,2267.68,747700,2227.12,2227.351,2241.159,58.188,-5.844,-12.57,6.726,2227.351,2321.251,2133.451
2024-09-27,2277.09,2311.9,2265.8,2305.32,562900,2248.476,2228.749,2240.713,63.711,1.339,-9.788,11.127,2228.749,2326.536,2130.962
2024-09-30,2258.27,2270.97,2235.69,2253.57,670500,2258.468,2227.928,2238.772,53.289,2.824,-7.265,10.089,2227.928,2324.527,2131.33
2024-10-01,2259.68,2273.8,2242.27,2250.74,589000,2263.56,2226.206,2236.792,52.78,3.729,-5.067,8.796,2226.206,2319.683,2132.729
2024-10-02,2242.27,2273.8,2236.16,2257.33,476100,2266.928,2223.891,2235.35,53.884,4.922,-3.069,7.991,2223.891,2311.397,2136.385
2024-10-03,2280.85,2292.14,2266.74,2272.85,350700,2267.962,2222.237,2234.154,56.464,7.038,-1.048,8.085,2222.237,2304.295,2140.179
2024-10-04,2277.09,2295.44,2273.32,2289.79,488000,2264.856,2224.956,2233.361,59.151,9.967,1.155,8.812,2224.956,2312.286,2137.625
2024-10-07,2314.73,2322.72,2283.68,2315.67,550000,2277.276,2228.945,2234.311,62.916,14.213,3.767,10.446,2228.945,2325.21,2132.68
2024-10-08,2270.03,2288.85,2254.51,2267.21,572000,2280.57,2230.027,2234.92,53.055,13.511,5.716,7.796,2230.027,2327.557,2132.498
2024-10-09,2281.79,2283.68,2246.98,2260.15,492400,2281.134,2232.785,2235.672,51.781,12.245,7.022,5.223,2232.785,2330.454,2135.116
2024-10-10,2272.38,2275.21,2249.8,2262.97,400300,2279.158,2236.882,2235.744,52.274,11.338,7.885,3.453,2236.882,2332.257,2141.507
2024-10-11,2258.27,2270.97,2246.04,2261.56,496200,2273.512,2242.36,2235.834,51.988,10.386,8.385,2.001,2242.36,2329.43,2155.291
2024-10-15,2265.33,2277.09,2247.45,2250.27,524900,2260.432,2246.375,2235.135,49.645,8.621,8.432,0.189,2246.375,2326.52,2166.231
2024-10-16,2245.57,2275.68,2238.98,2265.8,494500,2260.15,2251.444,2234.609,52.796,8.379,8.421,-0.043,2251.444,2322.02,2180.867
2024-10-17,2293.08,2340.13,2289.32,2322.25,747900,2272.57,2258.551,2236.503,62.084,12.596,9.256,3.34,2258.551,2327.49,2189.611
2024-10-18,2328.84,2329.31,2310.49,2318.49,491000,2283.674,2264.478,2241.759,61.22,15.457,10.497,4.961,2264.478,2332.579,2196.378
2024-10-21,2316.14,2322.72,2274.74,2280.38,500300,2287.438,2268.571,2244.207,53.147,14.483,11.294,3.189,2268.571,2329.439,2207.702
2024-10-22,2270.5,2301.55,2263.92,2296.85,617200,2296.754,2273.232,2246.837,55.856,14.868,12.009,2.859,2273.232,2327.023,2219.442
2024-10-23,2287.44,2312.84,2276.62,2284.62,411300,2300.518,2276.2,2249.609,53.387,14.025,12.412,1.613,2276.2,2325.185,2227.214
2024-10-24,2286.97,2290.73,2259.21,2278.03,533600,2291.674,2278.076,2252.158,52.052,12.678,12.465,0.213,2278.076,2324.088,2232.065
2024-10-25,2278.03,2284.15,2261.56,2278.03,515700,2283.582,2278.594,2253.969,52.052,11.479,12.268,-0.789,2278.594,2324.345,2232.843
2024-10-28,2284.15,2311.43,2273.8,2302.49,422800,2288.004,2278.452,2255.587,56.712,12.36,12.286,0.074,2278.452,2323.872,2233.033
2024-10-29,2314.73,2335.43,2310.02,2325.08,497800,2293.65,2282.028,2257.177,60.527,14.711,12.771,1.94,2282.028,2330.365,2233.691
2024-10-30,2314.73,2360.83,2313.32,2338.72,2456700,2304.47,2286.427,2258.838,62.667,17.474,13.712,3.762,2286.427,2338.633,2234.221
2024-10-31,2372.12,2404.12,2353.3,2401.76,1232900,2329.216,2293.649,2261.906,70.6,24.468,15.863,8.605,2293.649,2365.259,2222.038
2024-11-01,2419.64,2499.62,2404.12,2478.45,1766900,2369.3,2303.928,2265.891,77.002,35.787,19.848,15.939,2303.928,2412.473,2195.384
2024-11-05,2432.34,2502.92,2427.64,2502.92,936800,2409.386,2314.585,2270.864,78.603,46.199,25.118,21.081,2314.585,2454.578,2174.592
2024-11-06,2506.68,2510.44,2451.16,2455.87,900900,2435.544,2321.595,2274.72,68.7,50.077,30.11,19.967,2321.595,2475.196,2167.994
2024-11-07,2455.87,2542.91,2455.87,2517.97,1243600,2471.394,2334.133,2279.587,73.453,57.498,35.588,21.911,2334.133,2508.567,2159.699
2024-11-08,2521.73,2531.14,2493.98,2516.09,774900,2494.26,2346.93,2284.657,73.092,62.507,40.972,21.536,2346.93,2535.492,2158.368
2024-11-11,2500.09,2540.55,2497.74,2530.67,823600,2504.704,2360.315,2289.778,74.155,66.883,46.154,20.729,2360.315,2561.373,2159.257
2024-11-12,2540.55,2552.32,2525.97,2533.97,832500,2510.914,2373.936,2294.911,74.402,69.812,50.885,18.926,2373.936,2583.551,2164.32
2024-11-13,2528.79,2550.9,2479.86,2488.33,804400,2517.406,2385.839,2299.278,65.143,67.67,54.242,13.428,2385.839,2592.908,2178.769
2024-11-14,2460.1,2483.16,2422.94,2433.76,878800,2500.564,2394.236,2302.249,56.147,60.868,55.568,5.301,2394.236,2594.313,2194.16
2024-11-15,2462.93,2492.57,2450.22,2484.1,704100,2494.166,2402.329,2305.858,61.437,58.861,56.226,2.635,2402.329,2603.237,2201.421
2024-11-18,2512.8,2529.26,2474.69,2483.63,540200,2484.758,2410.586,2309.412,61.363,56.58,56.297,0.283,2410.586,2610.558,2210.614
2024-11-19,2488.8,2494.92,2453.52,2464.81,393600,2470.926,2419.808,2314.0,58.316,52.647,55.567,-2.92,2419.808,2611.329,2228.286
2024-11-20,2476.57,2490.68,2433.76,2444.58,416700,2462.176,2427.194,2318.174,55.146,47.352,53.924,-6.572,2427.194,2609.943,2244.445
2024-11-21,2428.11,2432.34,2385.3,2394.71,707300,2454.366,2432.698,2321.157,48.192,38.685,50.876,-12.191,2432.698,2603.614,2261.783
2024-11-22,2404.12,2417.29,2385.3,2413.06,877200,2440.158,2439.45,2325.318,50.658,32.918,47.284,-14.367,2439.45,2594.58,2284.32
2024-11-25,2424.35,2453.52,2418.7,2443.17,1266000,2432.066,2447.707,2330.561,54.486,30.426,43.913,-13.486,2447.707,2582.968,2312.446
2024-11-26,2443.64,2461.04,2414.94,2425.76,500200,2424.256,2453.87,2336.037,51.975,26.739,40.478,-13.739,2453.87,2571.333,2336.408
2024-11-27,2416.82,2428.58,2374.48,2387.18,468000,2412.776,2456.976,2340.381,46.826,20.467,36.476,-16.009,2456.976,2562.811,2351.14
2024-11-28,2386.24,2397.06,2364.6,2374.01,365300,2408.636,2458.74,2344.572,45.18,14.27,32.035,-17.765,2458.74,2557.193,2360.287
2024-11-29,2387.65,2390.94,2354.72,2358.01,351000,2397.626,2456.552,2348.13,43.194,7.975,27.223,-19.247,2456.552,2562.03,2351.075
2024-12-02,2355.66,2388.12,2352.36,2373.54,570500,2383.7,2451.307,2351.602,45.69,4.192,22.616,-18.425,2451.307,2562.48,2340.134
2024-12-03,2370.24,2397.06,2362.24,2378.71,607500,2374.29,2445.096,2355.206,46.532,1.592,18.412,-16.82,2445.096,2557.994,2332.199
2024-12-04,2382.0,2384.36,2338.25,2338.25,545500,2364.504,2439.216,2357.899,41.154,-3.691,13.991,-17.682,2439.216,2561.605,2316.826
2024-12-05,2350.48,2356.13,2308.61,2326.02,508200,2354.906,2429.618,2359.913,39.662,-8.763,9.44,-18.203,2429.618,2556.042,2303.194
2024-12-06,2343.43,2358.95,2316.61,2319.43,544200,2347.19,2419.785,2361.492,38.845,-13.163,4.92,-18.082,2419.785,2548.462,2291.108
2024-12-09,2328.84,2341.07,2312.84,2315.67,520000,2335.616,2409.035,2362.452,38.359,-16.76,0.584,-17.344,2409.035,2534.593,2283.477
2024-12-10,2326.96,2334.96,2313.79,2313.79,522200,2322.632,2398.026,2362.621,38.103,-19.537,-3.44,-16.097,2398.026,2515.832,2280.22
2024-12-11,2326.02,2346.25,2313.79,2323.2,721900,2319.622,2389.77,2364.014,40.256,-20.74,-6.9,-13.839,2389.77,2504.02,2275.519
2024-12-12,2324.61,2376.83,2324.61,2365.07,911200,2327.432,2386.335,2366.301,48.793,-18.106,-9.141,-8.964,2386.335,2499.138,2273.532
2024-12-13,2409.76,2436.58,2378.24,2407.41,1452300,2345.028,2382.5,2369.302,55.689,-12.458,-9.805,-2.653,2382.5,2486.154,2278.847
2024-12-16,2407.41,2463.87,2406.47,2457.75,1109400,2373.444,2381.206,2373.0,62.205,-3.875,-8.619,4.743,2381.206,2480.08,2282.333
2024-12-17,2446.46,2455.87,2393.77,2393.77,603400,2389.44,2377.654,2375.08,51.782,-2.211,-7.337,5.126,2377.654,2468.674,2286.635
2024-12-18,2397.53,2421.05,2384.36,2389.53,466300,2402.706,2374.902,2376.557,51.17,-1.22,-6.114,4.894,2374.902,2460.572,2289.232
2024-12-19,2376.36,2386.24,2334.96,2339.19,568300,2397.53,2372.126,2377.997,44.454,-4.445,-5.78,1.335,2372.126,2458.687,2285.565
2024-12-20,2349.54,2351.42,2296.38,2313.79,1103700,2378.806,2367.162,2379.069,41.494,-8.947,-6.413,-2.534,2367.162,2455.212,2279.113
2024-12-23,2319.43,2365.07,2317.55,2358.95,734100,2359.046,2362.952,2380.989,48.109,-8.771,-6.885,-1.886,2362.952,2443.426,2282.477
2024-12-24,2373.07,2455.4,2368.36,2447.4,1137200,2369.772,2364.034,2384.706,58.101,-1.476,-5.803,4.327,2364.034,2448.544,2279.523
2024-12-25,2447.4,2447.4,2404.59,2413.06,444800,2374.478,2365.328,2387.962,53.772,1.516,-4.339,5.855,2365.328,2452.093,2278.562
2024-12-26,2406.94,2413.06,2384.36,2407.41,493600,2388.122,2366.998,2390.794,53.071,3.393,-2.793,6.186,2366.998,2455.73,2278.265
2024-12-27,2417.29,2435.17,2404.59,2430.93,470100,2411.55,2370.644,2392.967,55.661,6.7,-0.894,7.595,2370.644,2463.708,2277.579
2024-12-30,2452.1,2461.98,2414.47,2420.11,367900,2423.782,2372.972,2395.0,54.18,8.352,0.955,7.397,2372.972,2468.635,2277.309
2025-01-06,2449.28,2453.05,2396.12,2413.06,570400,2416.914,2374.69,2397.653,53.186,8.989,2.562,6.427,2374.69,2472.006,2277.373
2025-01-07,2390.94,2402.23,2372.12,2372.59,515900,2408.82,2376.406,2399.168,47.772,6.157,3.281,2.876,2376.406,2472.216,2280.597
2025-01-08,2363.66,2371.65,2339.66,2339.66,552500,2395.27,2377.088,2400.269,43.86,1.242,2.873,-1.632,2377.088,2471.573,2282.604
2025-01-09,2339.19,2346.25,2310.02,2311.43,551100,2371.37,2376.688,2400.937,40.776,-4.876,1.323,-6.199,2376.688,2472.262,2281.115
2025-01-10,2310.02,2322.72,2297.79,2318.49,450500,2351.046,2376.83,2401.746,41.877,-9.05,-0.751,-8.299,2376.83,2472.031,2281.628
2025-01-14,2328.84,2330.72,2266.74,2286.5,624700,2325.734,2375.465,2401.426,38.396,-14.769,-3.555,-11.214,2375.465,2475.148,2275.782
2025-01-15,2289.32,2294.5,2278.03,2289.32,358200,2309.08,2373.771,2400.711,38.878,-18.857,-6.615,-12.242,2373.771,2478.231,2269.311
2025-01-16,2299.67,2300.61,2266.27,2271.91,602000,2295.53,2369.113,2399.375,36.954,-23.233,-9.939,-13.294,2369.113,2483.082,2255.144
2025-01-17,2265.8,2301.08,2263.92,2291.67,572200,2291.578,2363.326,2397.173,40.55,-24.821,-12.915,-11.906,2363.326,2480.807,2245.845
2025-01-20,2287.91,2318.96,2287.44,2310.02,388800,2289.884,2355.939,2393.805,43.758,-24.318,-15.196,-9.122,2355.939,2466.814,2245.065
2025-01-21,2319.43,2324.14,2285.09,2289.32,440000,2290.448,2350.717,2389.533,41.066,-25.299,-17.217,-8.082,2350.717,2463.905,2237.529
2025-01-22,2295.91,2298.73,2273.32,2294.03,392800,2291.39,2345.942,2386.296,41.941,-25.403,-18.854,-6.549,2345.942,2460.287,2231.597
2025-01-23,2284.15,2301.55,2273.8,2292.61,421600,2295.53,2343.613,2381.789,41.74,-25.308,-20.145,-5.163,2343.613,2460.408,2226.818
2025-01-24,2305.32,2327.9,2302.49,2302.96,565800,2297.788,2343.072,2377.526,43.855,-24.12,-20.94,-3.18,2343.072,2460.547,2225.596
2025-01-27,2319.43,2327.43,2299.67,2327.43,633800,2301.27,2341.496,2373.461,48.605,-20.962,-20.944,-0.018,2341.496,2458.92,2224.071
2025-01-28,2314.73,2316.14,2279.44,2279.44,889400,2299.294,2333.098,2368.371,41.236,-22.077,-21.171,-0.906,2333.098,2442.373,2223.822
2025-01-29,2281.79,2291.2,2277.09,2289.32,380300,2298.352,2326.91,2364.39,43.147,-21.911,-21.319,-0.592,2326.91,2431.013,2222.808
2025-01-30,2281.79,2312.84,2277.56,2312.84,602800,2302.398,2322.182,2361.972,47.522,-19.655,-20.986,1.331,2322.182,2419.242,2225.122
2025-01-31,2305.32,2322.72,2294.03,2307.2,661800,2303.246,2315.996,2358.434,46.596,-18.114,-20.412,2.298,2315.996,2398.561,2233.43
2025-02-03,2363.66,2413.06,2317.55,2395.18,1622400,2316.796,2314.749,2356.665,59.766,-9.681,-18.265,8.584,2314.749,2391.224,2238.274
2025-02-04,2399.41,2399.41,2321.31,2348.13,1235000,2330.534,2311.502,2354.331,52.333,-6.717,-15.956,9.239,2311.502,2374.779,2248.226
2025-02-05,2348.13,2351.89,2319.9,2337.78,615800,2340.226,2309.762,2352.195,50.836,-5.144,-13.794,8.649,2309.762,2367.649,2251.875
2025-02-06,2342.48,2355.19,2321.31,2327.9,520100,2343.238,2309.174,2350.859,49.383,-4.642,-11.963,7.322,2309.174,2366.011,2252.337
2025-02-07,2327.43,2327.9,2313.32,2323.67,380900,2346.532,2309.786,2349.071,48.74,-4.532,-10.477,5.945,2309.786,2366.988,2252.584
2025-02-10,2324.14,2334.02,2302.49,2314.73,515300,2330.442,2309.598,2346.503,47.339,-5.108,-9.403,4.295,2309.598,2366.704,2252.492
2025-02-12,2347.66,2348.13,2312.84,2328.37,514100,2326.49,2311.692,2344.555,49.715,-4.413,-8.405,3.992,2311.692,2368.3,2255.083
2025-02-13,2342.01,2351.42,2330.72,2350.01,482900,2328.936,2314.726,2343.811,53.313,-2.092,-7.142,5.051,2314.726,2372.774,2256.678
2025-02-14,2349.54,2367.42,2340.13,2350.48,528100,2333.452,2318.654,2343.341,53.391,-0.212,-5.756,5.545,2318.654,2375.115,2262.194
2025-02-17,2363.19,2378.71,2354.72,2360.36,406800,2340.79,2322.089,2343.388,55.09,2.052,-4.195,6.246,2322.089,2379.976,2264.202
2025-02-18,2379.65,2393.3,2362.71,2382.95,452400,2354.434,2325.736,2343.576,58.788,5.604,-2.235,7.839,2325.736,2389.329,2262.142
2025-02-19,2379.65,2389.53,2363.18,2366.01,434800,2361.962,2329.57,2343.322,55.122,6.972,-0.394,7.365,2329.57,2393.166,2265.974
2025-02-20,2369.77,2369.77,2328.84,2336.37,488400,2359.234,2331.687,2343.284,49.326,5.599,0.805,4.794,2331.687,2393.083,2270.291
2025-02-21,2348.6,2354.25,2312.84,2330.72,639200,2355.282,2333.592,2343.378,48.284,4.01,1.446,2.564,2333.592,2392.183,2275.002
2025-02-25,2377.77,2457.28,2376.83,2447.87,1526300,2372.784,2340.838,2345.947,64.862,12.064,3.569,8.494,2340.838,2416.757,2264.919
2025-02-26,2437.99,2451.16,2419.64,2436.11,754900,2383.416,2346.272,2348.356,62.69,17.298,6.315,10.983,2346.272,2432.946,2259.598
2025-02-27,2427.64,2440.81,2420.58,2433.76,416500,2396.966,2353.988,2350.755,62.241,21.015,9.255,11.76,2353.988,2443.054,2264.922
2025-02-28,2441.75,2460.1,2423.88,2426.7,763400,2415.032,2360.857,2352.825,60.833,23.124,12.029,11.095,2360.857,2450.114,2271.6
2025-03-03,2426.7,2450.22,2424.35,2446.93,960000,2438.274,2367.562,2354.463,63.389,26.127,14.849,11.278,2367.562,2461.645,2273.478
2025-03-04,2428.58,2431.87,2408.82,2429.99,770800,2434.698,2373.701,2354.914,59.865,26.83,17.245,9.585,2373.701,2467.224,2280.178
2025-03-05,2418.23,2448.81,2414.47,2438.46,773100,2435.168,2375.865,2354.528,61.032,27.751,19.346,8.405,2375.865,2473.397,2278.333
2025-03-06,2429.52,2450.69,2413.53,2416.82,545600,2431.78,2379.3,2354.989,56.513,26.431,20.763,5.667,2379.3,2477.554,2281.045
2025-03-07,2413.53,2437.05,2403.65,2437.05,567600,2433.85,2384.263,2355.94,59.53,26.708,21.952,4.756,2384.263,2483.709,2284.817
2025-03-10,2445.52,2446.46,2396.59,2400.35,613700,2424.534,2387.886,2357.163,52.424,23.694,22.301,1.393,2387.886,2483.906,2291.865
2025-03-11,2400.35,2410.23,2353.78,2390.0,741900,2416.536,2391.202,2358.687,50.59,20.237,21.888,-1.651,2391.202,2482.342,2300.062
2025-03-12,2374.01,2441.75,2374.01,2432.34,585800,2415.312,2397.082,2360.155,57.188,20.675,21.645,-0.97,2397.082,2482.44,2311.725
2025-03-13,2410.7,2445.52,2403.18,2444.11,496900,2420.77,2402.87,2360.089,58.834,21.721,21.66,0.061,2402.87,2484.212,2321.527
2025-03-14,2445.52,2468.1,2435.17,2459.16,700100,2425.192,2408.327,2361.011,60.903,23.494,22.027,1.467,2408.327,2489.383,2327.271
2025-03-17,2469.04,2504.33,2453.99,2487.39,547100,2442.6,2415.172,2362.611,64.508,26.868,22.995,3.872,2415.172,2498.744,2331.601
2025-03-18,2502.92,2519.38,2488.8,2507.15,566400,2466.03,2422.512,2364.135,66.814,30.781,24.552,6.228,2422.512,2511.427,2333.597
2025-03-19,2507.15,2549.49,2507.15,2543.38,640400,2488.238,2430.534,2366.601,70.587,36.386,26.919,9.467,2430.534,2532.421,2328.646
2025-03-21,2540.55,2559.37,2528.32,2533.97,784300,2506.21,2438.932,2369.019,68.411,39.612,29.458,10.154,2438.932,2545.983,2331.88
2025-03-24,2537.73,2541.96,2514.21,2528.79,484200,2520.136,2448.553,2372.143,67.184,41.275,31.821,9.454,2448.553,2551.294,2345.811
2025-03-25,2496.8,2527.38,2485.98,2509.5,509900,2524.558,2457.492,2375.54,62.673,40.569,33.571,6.998,2457.492,2547.371,2367.612
2025-03-26,2522.68,2525.97,2494.45,2518.91,672500,2526.91,2461.044,2379.689,63.945,40.304,34.917,5.386,2461.044,2554.851,2367.236
2025-03-27,2518.91,2521.73,2490.21,2500.56,620200,2518.346,2464.266,2383.331,59.675,38.173,35.568,2.605,2464.266,2558.891,2369.641
2025-03-28,2507.76,2517.83,2469.4,2478.51,665000,2507.254,2466.504,2387.171,54.929,34.31,35.317,-1.007,2466.504,2560.204,2372.803
2025-03-31,2442.54,2443.98,2409.94,2428.16,638400,2487.128,2466.576,2389.948,45.944,26.875,33.628,-6.753,2466.576,2560.148,2373.005
2025-04-01,2474.67,2491.93,2454.05,2456.93,948000,2476.614,2467.076,2393.648,50.887,23.039,31.511,-8.471,2467.076,2560.312,2373.841
2025-04-02,2484.26,2490.97,2456.93,2470.36,997100,2466.904,2469.095,2397.222,53.046,20.843,29.377,-8.534,2469.095,2560.684,2377.506
2025-04-03,2415.21,2461.72,2403.23,2451.18,922500,2457.028,2469.731,2400.045,49.687,17.354,26.972,-9.618,2469.731,2560.598,2378.864
2025-04-04,2426.24,2443.02,2392.68,2443.02,1012100,2449.93,2471.041,2403.119,48.286,13.772,24.332,-10.56,2471.041,2559.417,2382.665
2025-04-07,2221.02,2320.75,2182.18,2257.94,1463700,2415.886,2462.086,2402.397,28.594,-3.955,18.675,-22.63,2462.086,2591.661,2332.51
2025-04-08,2311.16,2363.91,2311.16,2333.7,856700,2391.24,2458.753,2403.219,39.475,-11.755,12.589,-24.344,2458.753,2598.076,2319.43
2025-04-09,2319.79,2319.79,2257.46,2280.0,622200,2353.168,2453.253,2402.76,35.362,-22.017,5.668,-27.684,2453.253,2611.415,2295.091
2025-04-10,2397.47,2397.47,2336.58,2385.96,694300,2340.124,2450.934,2403.93,47.079,-21.353,0.264,-21.616,2450.934,2611.725,2290.143
2025-04-11,2364.39,2380.69,2318.83,2370.14,575700,2325.548,2447.236,2405.744,45.746,-21.851,-4.159,-17.692,2447.236,2612.04,2282.431
2025-04-14,2378.29,2385.01,2360.07,2374.46,542800,2348.852,2443.0,2407.447,46.194,-21.648,-7.657,-13.991,2443.0,2610.84,2275.161
2025-04-15,2364.87,2378.29,2340.41,2354.32,513000,2352.976,2436.347,2408.277,44.355,-22.848,-10.695,-12.153,2436.347,2607.299,2265.395
2025-04-16,2344.73,2350.96,2321.23,2345.69,573900,2366.114,2428.274,2409.047,43.554,-24.217,-13.4,-10.818,2428.274,2600.393,2256.155
2025-04-17,2350.96,2367.26,2303.97,2308.29,733900,2350.58,2416.52,2407.309,40.172,-27.997,-16.319,-11.678,2416.52,2587.647,2245.392
2025-04-18,2327.47,2344.73,2320.27,2339.93,454100,2344.538,2406.818,2407.145,44.125,-28.116,-18.678,-9.437,2406.818,2571.8,2241.835
2025-04-21,2325.55,2337.54,2299.65,2307.81,448500,2331.208,2395.768,2406.545,41.152,-30.45,-21.033,-9.417,2395.768,2555.883,2235.654
2025-04-22,2332.26,2420.97,2325.07,2414.73,1007200,2343.29,2391.03,2408.282,52.601,-23.403,-21.507,-1.896,2391.03,2542.34,2239.72
2025-04-23,2439.19,2451.65,2420.97,2437.75,923900,2361.702,2386.972,2410.564,54.647,-15.779,-20.361,4.582,2386.972,2527.834,2246.11
2025-04-24,2437.75,2454.53,2393.64,2393.64,449000,2378.772,2381.626,2412.142,50.178,-13.144,-18.918,5.774,2381.626,2512.067,2251.185
2025-04-25,2420.01,2439.67,2405.14,2411.38,442100,2393.062,2378.27,2413.802,51.882,-9.515,-17.037,7.522,2378.27,2501.468,2255.071
2025-04-28,2420.49,2462.68,2404.66,2408.98,503900,2413.296,2377.31,2414.981,51.625,-6.755,-14.981,8.226,2377.31,2499.165,2255.456
2025-04-30,2426.24,2433.43,2373.02,2401.79,895000,2410.708,2374.554,2416.008,50.812,-5.089,-13.003,7.913,2374.554,2491.207,2257.9
2025-05-01,2385.48,2413.77,2374.46,2400.35,573600,2403.228,2371.053,2416.807,50.64,-3.841,-11.17,7.329,2371.053,2479.516,2262.59
2025-05-02,2396.99,2425.76,2385.96,2422.89,451000,2409.078,2369.638,2417.606,53.305,-1.021,-9.14,8.12,2369.638,2474.375,2264.902
2025-05-07,2425.28,2436.79,2402.75,2414.25,558900,2409.652,2368.2,2418.571,52.143,0.511,-7.21,7.721,2368.2,2469.424,2266.976
2025-05-08,2420.49,2425.76,2397.47,2420.01,544700,2411.858,2376.304,2420.244,52.88,2.165,-5.335,7.5,2376.304,2465.61,2286.997
2025-05-09,2434.39,2450.22,2416.65,2421.45,709100,2415.79,2380.691,2422.058,53.075,3.551,-3.558,7.109,2380.691,2469.806,2291.576
2025-05-12,2396.03,2446.86,2392.68,2397.95,1235500,2415.31,2386.588,2421.06,49.482,2.721,-2.302,5.023,2386.588,2462.241,2310.936
2025-05-13,2397.47,2397.95,2357.19,2358.63,789900,2402.458,2385.222,2419.51,44.102,-1.096,-2.061,0.965,2385.222,2461.903,2308.541
2025-05-14,2351.44,2368.7,2331.3,2368.7,843400,2393.348,2385.15,2418.209,45.729,-3.271,-2.303,-0.968,2385.15,2461.893,2308.407
2025-05-15,2344.73,2362.47,2332.26,2356.72,442900,2380.69,2384.263,2416.81,44.085,-5.894,-3.021,-2.873,2384.263,2461.931,2306.595
2025-05-16,2362.95,2368.7,2338.01,2362.95,369600,2368.99,2384.694,2415.13,45.189,-7.384,-3.894,-3.49,2384.694,2461.755,2307.634
2025-05-19,2364.87,2370.62,2349.52,2366.3,334500,2362.66,2385.725,2413.856,45.808,-8.201,-4.755,-3.445,2385.725,2461.123,2310.327
2025-05-20,2362.47,2364.87,2337.06,2341.85,411600,2359.304,2387.403,2411.924,42.071,-10.697,-5.943,-4.754,2387.403,2456.8,2318.006
2025-05-21,2349.52,2367.74,2344.73,2344.73,665900,2354.51,2387.643,2410.482,42.665,-12.301,-7.215,-5.086,2387.643,2456.378,2318.908
2025-05-22,2329.38,2336.58,2316.92,2336.58,759800,2350.482,2389.082,2408.473,41.373,-14.068,-8.586,-5.483,2389.082,2451.716,2326.447
2025-05-23,2346.65,2347.6,2317.88,2327.47,758000,2343.386,2384.718,2407.015,39.918,-16.019,-10.072,-5.947,2384.718,2451.827,2317.61
2025-05-26,2333.7,2345.69,2328.42,2333.22,330600,2336.77,2379.492,2405.88,41.321,-16.906,-11.439,-5.467,2379.492,2445.483,2313.501
2025-05-27,2335.14,2336.58,2316.92,2321.71,424100,2332.742,2375.895,2403.667,39.341,-18.327,-12.817,-5.51,2375.895,2446.33,2305.461
2025-05-28,2336.1,2336.58,2313.56,2314.52,503500,2326.7,2371.053,2401.075,38.113,-19.805,-14.214,-5.59,2371.053,2444.471,2297.634
2025-05-29,2315.0,2323.63,2310.2,2323.63,559200,2324.11,2366.785,2398.365,40.642,-20.01,-15.373,-4.636,2366.785,2440.841,2292.729
2025-05-30,2322.67,2332.26,2314.52,2324.11,859700,2323.438,2362.901,2395.099,40.779,-19.904,-16.28,-3.625,2362.901,2437.373,2288.429
2025-06-02,2322.19,2326.51,2307.81,2313.08,978000,2319.41,2358.538,2391.218,38.571,-20.475,-17.119,-3.356,2358.538,2433.991,2283.084
2025-06-03,2299.18,2302.05,2275.68,2282.39,1676700,2311.546,2351.512,2385.998,33.187,-23.137,-18.322,-4.814,2351.512,2427.895,2275.13
2025-06-04,2286.23,2298.7,2272.8,2272.8,721500,2303.202,2344.44,2380.774,31.698,-25.723,-19.802,-5.921,2344.44,2422.539,2266.341
2025-06-05,2271.84,2284.31,2258.9,2272.8,780400,2293.036,2337.08,2375.655,31.698,-27.457,-21.333,-6.124,2337.08,2412.905,2261.254
2025-06-06,2273.28,2282.39,2268.97,2268.97,478700,2282.008,2329.456,2370.844,31.053,-28.808,-22.828,-5.98,2329.456,2400.045,2258.866
2025-06-09,2261.3,2268.97,2251.71,2255.54,659600,2270.5,2322.335,2365.577,28.836,-30.609,-24.384,-6.225,2322.335,2392.562,2252.108
2025-06-10,2267.05,2271.84,2253.62,2260.34,636900,2266.09,2317.42,2360.772,30.739,-31.289,-25.765,-5.523,2317.42,2390.646,2244.195
2025-06-11,2259.86,2262.73,2242.6,2256.5,886000,2262.83,2311.81,2356.332,30.047,-31.771,-26.966,-4.805,2311.81,2385.683,2237.938
2025-06-12,2257.46,2266.09,2241.16,2260.34,737500,2260.338,2306.992,2352.976,31.703,-31.48,-27.869,-3.611,2306.992,2381.103,2232.88
2025-06-13,2251.71,2271.36,2244.51,2266.57,808400,2259.858,2302.172,2349.168,34.416,-30.397,-28.375,-2.022,2302.172,2373.443,2230.902
2025-06-16,2282.39,2292.46,2273.28,2274.24,626900,2263.598,2297.57,2345.246,37.698,-28.59,-28.418,-0.172,2297.57,2363.058,2232.081
2025-06-17,2263.21,2280.0,2256.98,2280.0,706900,2267.53,2294.477,2341.822,40.121,-26.389,-28.012,1.623,2294.477,2356.933,2232.021
2025-06-18,2281.43,2315.96,2280.48,2314.04,805300,2279.038,2292.942,2339.243,52.003,-21.648,-26.739,5.091,2292.942,2351.592,2234.293
2025-06-19,2319.31,2323.63,2301.57,2315.96,581800,2290.162,2291.912,2340.403,52.574,-17.534,-24.898,7.364,2291.912,2348.0,2235.823
2025-06-20,2316.44,2323.15,2297.26,2310.2,892500,2298.888,2291.048,2339.933,50.626,-14.57,-22.833,8.262,2291.048,2345.334,2236.762
2025-06-23,2319.79,2320.75,2279.04,2288.63,688500,2301.766,2288.819,2340.106,44.045,-13.803,-21.027,7.224,2288.819,2339.344,2238.293
2025-06-24,2300.61,2314.04,2286.71,2295.82,583900,2304.93,2287.524,2338.303,46.54,-12.471,-19.316,6.844,2287.524,2335.777,2239.271
2025-06-25,2294.38,2294.38,2272.8,2280.48,689000,2298.218,2285.822,2336.51,42.215,-12.509,-17.954,5.445,2285.822,2332.44,2239.204
2025-06-26,2287.19,2326.51,2286.71,2325.07,888300,2300.04,2285.894,2335.522,55.236,-8.839,-16.131,7.292,2285.894,2332.761,2239.027
2025-06-27,2325.07,2345.69,2320.75,2344.73,792000,2306.946,2286.925,2335.33,59.563,-4.295,-13.764,9.469,2286.925,2338.046,2235.804
2025-06-30,2351.44,2363.43,2345.69,2355.28,938100,2320.276,2289.035,2335.522,61.702,0.156,-10.98,11.136,2289.035,2347.638,2230.432
2025-07-01,2354.32,2384.53,2344.25,2376.85,932800,2336.482,2293.758,2336.893,65.697,5.362,-7.712,13.074,2293.758,2364.146,2223.37
2025-07-02,2386.92,2401.31,2378.77,2395.07,790300,2359.4,2299.872,2337.996,68.67,10.833,-4.003,14.836,2299.872,2382.73,2217.013
2025-07-03,2388.84,2410.42,2380.69,2400.35,602900,2374.456,2306.249,2339.847,69.496,15.417,-0.119,15.536,2306.249,2399.337,2213.161
2025-07-04,2407.06,2439.67,2384.53,2433.43,688800,2392.196,2314.472,2340.221,74.098,21.472,4.199,17.273,2314.472,2421.679,2207.265
2025-07-07,2425.28,2488.1,2422.89,2446.38,1054300,2410.416,2324.014,2340.393,75.648,27.004,8.76,18.244,2324.014,2442.513,2205.515
2025-07-08,2417.13,2490.49,2412.34,2470.36,1055100,2429.118,2334.515,2341.928,78.243,32.944,13.597,19.347,2334.515,2465.79,2203.24
2025-07-09,2470.35,2496.73,2468.92,2486.66,838100,2447.436,2346.023,2343.433,79.817,38.522,18.582,19.94,2346.023,2488.387,2203.659
2025-07-10,2469.4,2476.59,2419.53,2434.87,986600,2454.34,2354.75,2343.951,63.977,38.322,22.53,15.792,2354.75,2496.393,2213.106
2025-07-11,2420.49,2432.0,2385.48,2385.48,767800,2444.75,2360.695,2343.625,53.145,33.789,24.782,9.007,2360.695,2496.621,2224.769
2025-07-14,2407.54,2426.72,2392.68,2422.89,690700,2440.052,2368.128,2344.076,58.831,32.836,26.393,6.444,2368.128,2500.355,2235.9
2025-07-15,2435.83,2458.37,2422.89,2425.76,657400,2431.132,2375.416,2344.133,59.239,31.945,27.503,4.442,2375.416,2503.184,2247.647
2025-07-16,2421.45,2431.04,2406.1,2421.93,610200,2418.186,2380.81,2344.287,58.406,30.577,28.118,2.459,2380.81,2506.765,2254.855
2025-07-17,2407.06,2423.36,2393.16,2412.34,464600,2413.68,2385.629,2344.133,56.272,28.391,28.173,0.219,2385.629,2508.474,2262.784
2025-07-18,2420.49,2425.76,2407.54,2420.01,450100,2420.586,2391.12,2344.105,57.606,26.968,27.932,-0.964,2391.12,2509.504,2272.735
2025-07-22,2436.31,2450.7,2413.77,2428.64,768600,2421.736,2398.12,2344.718,59.118,26.233,27.592,-1.359,2398.12,2507.178,2289.062
2025-07-23,2443.5,2487.14,2435.83,2478.51,863000,2432.286,2407.254,2347.116,66.541,29.337,27.941,1.396,2407.254,2510.693,2303.816
2025-07-24,2480.9,2497.69,2467.48,2488.1,825700,2445.52,2417.636,2349.504,67.754,32.2,28.793,3.407,2417.636,2508.401,2326.87
2025-07-25,2488.1,2492.89,2467.0,2470.83,711000,2457.218,2424.924,2351.786,63.305,32.698,29.574,3.124,2424.924,2507.425,2342.422
2025-07-28,2476.11,2480.42,2435.83,2441.11,844000,2461.438,2429.742,2353.349,56.436,30.344,29.728,0.617,2429.742,2503.295,2356.19
2025-07-29,2441.11,2465.08,2439.19,2464.12,540300,2468.534,2435.185,2355.306,60.05,29.991,29.78,0.21,2435.185,2501.266,2369.103
2025-07-30,2464.6,2482.82,2460.29,2473.71,557000,2467.574,2440.028,2357.943,61.484,30.136,29.852,0.285,2440.028,2502.19,2377.865
2025-07-31,2489.54,2538.44,2481.86,2501.52,1205400,2470.258,2445.35,2361.079,65.367,32.126,30.306,1.819,2445.35,2509.501,2381.199
2025-08-01,2541.32,2614.2,2540.36,2570.57,1539700,2490.206,2453.861,2365.759,72.72,38.827,32.01,6.816,2453.861,2535.624,2372.098
2025-08-04,2541.8,2544.2,2493.85,2502.0,790100,2502.384,2457.29,2369.249,59.264,38.164,33.241,4.923,2457.29,2541.168,2373.411
2025-08-05,2510.15,2586.87,2509.19,2563.86,906800,2522.332,2463.163,2373.862,65.471,42.145,35.022,7.123,2463.163,2559.373,2366.954
2025-08-06,2567.69,2605.57,2567.69,2598.86,636800,2547.362,2469.588,2379.405,68.405,47.575,37.533,10.043,2469.588,2583.378,2355.799
2025-08-07,2606.05,2651.6,2581.12,2650.17,768800,2577.092,2477.764,2386.118,72.142,55.381,41.102,14.279,2477.764,2617.301,2338.227
2025-08-08,2665.99,2706.75,2662.63,2684.21,830400,2599.82,2490.231,2393.33,74.312,63.581,45.598,17.983,2490.231,2655.765,2324.697
2025-08-12,2687.09,2718.73,2670.3,2686.61,1072700,2636.742,2505.288,2400.58,74.463,69.472,50.373,19.099,2505.288,2684.886,2325.689
2025-08-13,2687.57,2705.79,2682.29,2702.43,579600,2664.456,2519.264,2408.367,75.487,74.558,55.21,19.348,2519.264,2714.677,2323.852
2025-08-14,2681.33,2710.1,2670.3,2697.16,712900,2684.116,2532.834,2416.662,74.417,77.273,59.622,17.65,2532.834,2738.34,2327.329
2025-08-15,2712.5,2795.45,2712.5,2786.34,1143400,2711.35,2551.055,2426.933,79.668,85.633,64.824,20.808,2551.055,2778.595,2323.515
2025-08-18,2790.66,2805.04,2740.31,2750.86,713700,2724.68,2567.981,2436.494,73.228,88.377,69.535,18.842,2567.981,2802.336,2333.626
2025-08-19,2740.79,2765.24,2725.45,2760.45,569700,2739.448,2585.003,2446.324,73.844,90.285,73.685,16.6,2585.003,2823.522,2346.484
2025-08-20,2782.51,2798.33,2750.38,2758.53,625700,2750.668,2601.498,2456.383,73.479,90.597,77.067,13.53,2601.498,2840.114,2362.881
2025-08-21,2753.26,2753.26,2717.77,2739.83,548000,2759.202,2614.564,2465.973,69.865,88.318,79.317,9.0,2614.564,2853.443,2375.684
2025-08-22,2736.95,2771.48,2724.49,2770.52,566400,2756.038,2628.684,2476.254,72.275,87.974,81.049,6.925,2628.684,2869.469,2387.9
2025-08-25,2774.35,2778.67,2730.24,2738.39,611700,2753.544,2642.062,2485.815,66.297,84.139,81.667,2.472,2642.062,2875.539,2408.586
2025-08-26,2733.12,2735.04,2655.44,2683.73,1152100,2738.2,2654.194,2494.158,57.571,75.815,80.496,-4.682,2654.194,2868.1,2440.287
2025-08-27,2685.17,2730.72,2684.21,2717.77,678100,2730.048,2666.876,2503.028,61.013,71.145,78.626,-7.481,2666.876,2862.64,2471.112
2025-08-28,2711.54,2742.71,2705.31,2733.12,487700,2728.706,2679.846,2512.091,62.49,67.899,76.481,-8.581,2679.846,2855.015,2504.678
2025-08-29,2724.01,2732.64,2691.88,2694.76,532900,2713.554,2689.509,2519.705,56.707,61.523,73.489,-11.966,2689.509,2843.271,2535.746
2025-09-01,2704.35,2717.77,2681.81,2689.0,565300,2703.676,2695.43,2527.166,55.871,55.367,69.865,-14.498,2695.43,2838.668,2552.192
2025-09-02,2691.88,2726.88,2687.09,2722.57,683300,2711.444,2706.458,2535.413,59.609,52.59,66.41,-13.819,2706.458,2817.288,2595.629
2025-09-03,2726.88,2731.2,2678.46,2689.96,1015900,2705.882,2712.764,2543.44,54.757,47.214,62.571,-15.356,2712.764,2801.601,2623.926
2025-09-04,2710.1,2728.32,2694.76,2720.17,644600,2703.292,2718.829,2551.927,58.155,44.874,59.031,-14.157,2718.829,2789.662,2647.996
2025-09-05,2713.94,2733.12,2707.7,2724.01,432600,2709.142,2722.521,2560.798,58.581,42.836,55.792,-12.956,2722.521,2785.554,2659.488
2025-09-08,2728.32,2765.24,2716.82,2750.38,675500,2721.418,2725.83,2569.304,61.48,42.854,53.205,-10.35,2725.83,2787.323,2664.336
2025-09-09,2759.97,2769.08,2724.49,2733.12,905300,2723.528,2728.155,2577.072,58.589,41.003,50.764,-9.761,2728.155,2786.858,2669.452
2025-09-10,2734.08,2779.15,2726.88,2738.39,1149400,2733.214,2729.953,2584.734,59.22,39.506,48.513,-9.006,2729.953,2787.531,2672.375
2025-09-11,2761.89,2787.78,2743.19,2778.19,942700,2744.818,2734.004,2592.761,63.713,41.058,47.022,-5.964,2734.004,2793.246,2674.763
2025-09-12,2765.24,2785.86,2749.9,2766.68,687700,2753.352,2733.022,2600.193,61.599,40.888,45.795,-4.907,2733.022,2789.179,2676.864
2025-09-16,2768.6,2788.74,2757.57,2783.46,609300,2759.968,2734.652,2607.855,63.5,41.627,44.962,-3.334,2734.652,2794.743,2674.56
2025-09-17,2757.09,2761.41,2709.14,2719.69,636700,2757.282,2732.614,2613.58,52.801,36.645,43.298,-6.653,2732.614,2791.779,2673.448
2025-09-18,2725.45,2728.8,2680.37,2701.47,631300,2749.898,2729.76,2618.682,50.199,30.871,40.813,-9.942,2729.76,2789.167,2670.354
2025-09-19,2686.61,2707.23,2666.95,2686.13,789500,2731.486,2727.076,2622.997,48.052,24.771,37.604,-12.834,2727.076,2789.35,2664.801
2025-09-22,2680.85,2699.55,2675.58,2675.58,457000,2713.266,2722.328,2626.776,46.576,18.868,33.857,-14.989,2722.328,2785.131,2659.526
2025-09-24,2671.74,2683.73,2657.36,2680.85,443400,2692.744,2719.452,2631.695,47.444,14.449,29.975,-15.527,2719.452,2784.392,2654.511
2025-09-25,2681.81,2714.42,2677.5,2710.58,601900,2690.922,2720.794,2638.197,52.167,13.193,26.619,-13.426,2720.794,2783.703,2657.885
2025-09-26,2712.98,2728.32,2704.35,2722.09,620400,2695.046,2721.01,2644.181,53.894,12.977,23.891,-10.913,2721.01,2783.905,2658.115
2025-09-29,2729.41,2735.76,2705.01,2727.95,484400,2703.41,2720.752,2650.225,54.79,13.128,21.738,-8.61,2720.752,2783.479,2658.024
2025-09-30,2721.11,2727.95,2678.16,2708.42,622400,2709.978,2721.434,2655.955,51.22,11.538,19.698,-8.16,2721.434,2783.262,2659.607
2025-10-01,2697.2,2720.14,2684.99,2700.13,676000,2713.834,2721.991,2661.711,49.739,9.5,17.658,-8.159,2721.991,2782.781,2661.201
2025-10-02,2689.39,2705.98,2642.04,2664.49,698300,2704.616,2719.087,2666.6,43.866,4.952,15.117,-10.165,2719.087,2785.086,2653.088
2025-10-03,2664.49,2695.73,2658.64,2687.92,778600,2697.782,2718.985,2671.786,48.196,3.201,12.734,-9.533,2718.985,2785.18,2652.79
2025-10-06,2811.41,2816.29,2739.66,2760.65,1155200,2704.322,2721.009,2677.429,58.818,7.594,11.706,-4.112,2721.009,2789.782,2652.236
2025-10-07,2769.43,2806.53,2769.43,2779.2,878500,2718.478,2723.768,2683.251,61.013,12.43,11.851,0.579,2723.768,2797.312,2650.225
2025-10-08,2759.67,2786.52,2742.59,2742.59,895000,2726.97,2723.379,2688.686,54.803,13.156,12.112,1.044,2723.379,2796.409,2650.349
2025-10-09,2742.59,2775.29,2742.59,2762.6,592300,2746.592,2724.853,2695.116,57.358,15.172,12.724,2.448,2724.853,2799.874,2649.832
2025-10-10,2735.27,2754.79,2710.38,2718.67,693300,2752.742,2723.867,2700.207,50.596,13.074,12.794,0.28,2723.867,2798.657,2649.077
2025-10-14,2689.39,2764.07,2686.95,2760.16,1105400,2752.644,2722.966,2705.936,55.886,14.59,13.153,1.437,2722.966,2795.396,2650.535
2025-10-15,2760.65,2796.77,2760.65,2796.77,790500,2756.158,2724.47,2711.841,59.959,18.533,14.229,4.304,2724.47,2801.807,2647.133
2025-10-16,2804.09,2867.05,2801.65,2856.31,1013800,2778.902,2728.112,2717.556,65.534,26.16,16.615,9.545,2728.112,2822.197,2634.028
2025-10-17,2843.14,2909.52,2816.78,2832.89,1154200,2792.96,2733.772,2724.173,61.884,29.97,19.286,10.684,2733.772,2838.717,2628.828
2025-10-20,2877.3,2884.14,2841.18,2860.71,590300,2821.368,2741.734,2730.11,64.419,34.832,22.395,12.437,2741.734,2859.713,2623.756
2025-10-21,2860.22,2892.92,2854.36,2867.54,903400,2842.844,2750.805,2735.484,65.034,38.79,25.674,13.115,2750.805,2878.295,2623.315
2025-10-22,2848.51,2894.87,2840.7,2889.51,780600,2861.392,2761.502,2740.271,67.008,43.201,29.179,14.021,2761.502,2897.997,2625.006
2025-10-23,2899.27,2928.06,2881.7,2920.26,738800,2874.182,2773.472,2744.992,69.596,48.617,33.067,15.55,2773.472,2921.676,2625.268
2025-10-24,2919.77,2986.15,2918.79,2958.81,757200,2899.366,2785.884,2750.436,72.508,55.382,37.53,17.852,2785.884,2952.361,2619.406
2025-10-27,2978.34,2991.03,2941.24,2951.0,828900,2917.424,2797.329,2755.407,71.024,59.428,41.91,17.519,2797.329,2976.343,2618.315
2025-10-28,2973.46,2973.46,2833.37,2843.62,1384200,2912.64,2803.112,2758.336,54.506,53.355,44.199,9.156,2803.112,2980.152,2626.073
2025-10-29,2858.27,2877.3,2817.27,2817.27,1062100,2898.192,2808.555,2758.955,51.35,45.887,44.536,1.35,2808.555,2979.94,2637.17
2025-10-30,2824.1,2881.7,2824.1,2877.79,880600,2889.698,2817.438,2761.494,57.445,44.341,44.497,-0.157,2817.438,2983.494,2651.382
2025-10-31,2889.99,2920.26,2850.46,2860.71,1158300,2870.078,2827.249,2763.499,55.338,41.261,43.85,-2.589,2827.249,2977.711,2676.787
2025-11-04,2784.57,2824.1,2738.2,2748.45,2071300,2829.568,2830.276,2763.297,43.932,29.423,40.965,-11.541,2830.276,2971.061,2689.49
2025-11-05,2729.41,2767.97,2689.88,2757.23,1523800,2812.29,2830.104,2763.645,44.889,20.514,36.875,-16.361,2830.104,2971.254,2688.955
2025-11-06,2759.18,2788.47,2751.38,2786.52,1414100,2806.14,2830.471,2763.965,48.072,15.636,32.627,-16.991,2830.471,2971.101,2689.84
2025-11-07,2762.6,2793.35,2758.7,2787.49,821100,2788.08,2832.716,2764.947,48.179,11.713,28.444,-16.731,2832.716,2968.799,2696.632
2025-11-10,2818.73,2819.71,2769.92,2811.41,715000,2778.22,2835.156,2767.501,50.862,10.415,24.838,-14.423,2835.156,2967.648,2702.664
2025-11-11,2821.17,2856.31,2813.36,2856.31,954500,2799.792,2842.038,2770.272,55.517,12.861,22.443,-9.582,2842.038,2962.837,2721.239
2025-11-12,2828.98,2857.78,2809.95,2822.64,938800,2812.874,2845.162,2772.062,51.571,11.944,20.343,-8.399,2845.162,2960.136,2730.188
2025-11-13,2838.74,2889.51,2838.74,2886.09,615400,2832.788,2849.628,2775.889,57.676,16.152,19.505,-3.353,2849.628,2963.623,2735.633
2025-11-14,2845.09,2896.83,2845.09,2869.98,710700,2849.286,2850.312,2779.508,55.754,17.979,19.2,-1.22,2850.312,2964.638,2735.985
2025-11-17,2873.89,2899.76,2854.85,2889.99,780700,2865.002,2853.166,2782.857,57.642,20.802,19.52,1.282,2853.166,2968.509,2737.824
2025-11-18,2884.62,2897.31,2828.01,2838.26,710100,2861.392,2852.044,2785.823,51.522,18.65,19.346,-0.696,2852.044,2967.514,2736.574
2025-11-19,2840.21,2864.61,2811.41,2850.46,653100,2866.956,2851.19,2788.428,52.795,17.725,19.022,-1.297,2851.19,2966.43,2735.95
2025-11-20,2889.51,2936.36,2880.23,2906.1,938000,2870.958,2852.02,2792.07,58.187,21.237,19.465,1.772,2852.02,2968.651,2735.388
2025-11-21,2909.03,2933.43,2874.37,2909.03,929500,2878.768,2851.458,2795.243,58.456,23.98,20.368,3.612,2851.458,2966.808,2736.108
2025-11-25,2918.79,3009.58,2913.91,3001.77,1014300,2901.124,2853.606,2800.616,65.931,33.253,22.945,10.308,2853.606,2978.572,2728.64
2025-11-26,3005.67,3076.93,3001.77,3063.27,1168500,2946.126,2859.22,2807.114,69.81,45.046,27.365,17.681,2859.22,3010.022,2708.417
2025-11-27,3079.86,3094.5,3060.34,3068.15,558600,2989.664,2870.446,2812.913,70.101,54.162,32.725,21.437,2870.446,3047.503,2693.389
2025-11-28,3055.46,3096.46,3045.69,3072.05,688100,3022.854,2883.185,2819.02,70.347,60.997,38.379,22.618,2883.185,3079.724,2686.646
2025-12-01,3072.05,3072.05,2968.58,2990.05,860100,3039.058,2888.798,2823.152,59.302,59.116,42.526,16.59,2888.798,3091.018,2686.578
2025-12-02,2976.39,2987.12,2949.05,2954.91,883900,3029.686,2893.508,2827.857,55.296,54.166,44.854,9.311,2893.508,3097.355,2689.661
2025-12-03,2956.86,2975.41,2932.46,2971.5,1009700,3011.332,2904.66,2833.257,56.78,50.993,46.082,4.911,2904.66,3099.29,2710.031
2025-12-04,2971.5,2980.29,2934.41,2934.41,1014900,2984.584,2913.52,2838.223,52.577,44.968,45.859,-0.892,2913.52,3095.62,2731.419
2025-12-05,2934.41,2948.08,2892.43,2894.39,852400,2949.052,2918.913,2842.599,48.412,36.542,43.996,-7.454,2918.913,3091.306,2746.52
2025-12-08,2907.56,2961.74,2895.85,2954.91,673700,2942.024,2927.284,2848.08,54.307,34.352,42.067,-7.715,2927.284,3088.718,2765.85
2025-12-09,2980.29,2988.1,2945.15,2963.7,633200,2943.782,2934.899,2853.143,55.109,32.946,40.243,-7.297,2934.899,3087.441,2782.356
2025-12-10,2987.12,3033.98,2963.7,3032.03,709400,2955.888,2943.685,2859.341,60.862,36.92,39.578,-2.658,2943.685,3097.406,2789.963
2025-12-11,3032.03,3048.62,2980.29,2980.29,789200,2965.064,2951.567,2864.388,55.103,35.485,38.759,-3.275,2951.567,3094.976,2808.158
2025-12-12,2981.27,3015.43,2962.72,3015.43,809300,2989.272,2958.034,2870.528,58.009,36.76,38.36,-1.6,2958.034,3100.674,2815.394
2025-12-15,3016.41,3063.27,3012.5,3051.55,632900,3008.6,2967.112,2877.557,60.817,40.221,38.732,1.489,2967.112,3109.267,2824.958
2025-12-16,3056.43,3068.15,3010.55,3010.55,564700,3017.97,2973.141,2884.478,56.222,39.203,38.826,0.377,2973.141,3111.704,2834.577
2025-12-17,3010.55,3021.29,2972.48,2980.29,594800,3007.622,2980.242,2890.325,53.037,35.546,38.17,-2.624,2980.242,3103.402,2857.082
2025-12-18,3010.55,3021.29,2978.34,3009.58,698600,3013.48,2988.198,2895.304,55.655,34.611,37.458,-2.847,2988.198,3095.609,2880.787
2025-12-19,3007.62,3032.03,3006.65,3017.39,655100,3013.872,2993.762,2900.068,56.354,34.108,36.788,-2.68,2993.762,3094.595,2892.93
2025-12-22,3033.98,3048.62,3008.6,3015.43,462400,3006.648,2999.082,2905.525,56.115,33.169,36.064,-2.896,2999.082,3092.009,2906.156
2025-12-23,3032.03,3044.72,3015.43,3032.03,483900,3010.944,3000.596,2910.913,57.75,33.379,35.527,-2.148,3000.596,3094.684,2906.507
2025-12-24,3053.5,3083.77,3043.74,3053.5,435200,3025.586,3000.107,2917.61,59.833,34.876,35.397,-0.521,3000.107,3092.918,2907.296
2025-12-25,3055.46,3062.29,3040.81,3062.29,455200,3036.128,2999.814,2923.652,60.688,36.352,35.588,0.764,2999.814,3091.754,2907.874
2025-12-26,3055.46,3081.81,3055.46,3075.96,286900,3047.842,3000.01,2929.236,62.041,38.185,36.107,2.078,3000.01,3092.61,2907.409
2025-12-29,3075.96,3106.22,3073.03,3091.58,407800,3063.072,3005.086,2933.942,63.583,40.433,36.973,3.46,3005.086,3106.135,2904.037
2025-12-30,3121.84,3121.84,3087.67,3087.67,452300,3074.2,3011.724,2939.037,62.894,41.42,37.862,3.558,3011.724,3116.276,2907.172
2026-01-05,3123.79,3210.67,3120.86,3177.48,926200,3098.996,3022.023,2945.373,70.736,48.887,40.067,8.82,3022.023,3148.229,2895.817
2026-01-06,3161.86,3205.79,3161.86,3191.15,755000,3124.768,3034.86,2951.845,71.716,55.27,43.108,12.162,3034.86,3175.003,2894.717
2026-01-07,3163.81,3185.29,3144.29,3158.93,725300,3141.362,3048.087,2957.233,66.098,57.071,45.9,11.17,3048.087,3182.214,2913.96
2026-01-08,3148.19,3191.15,3148.19,3176.5,569000,3158.346,3059.167,2962.358,67.589,59.233,48.567,10.666,3059.167,3197.431,2920.902
2026-01-09,3197.0,3224.34,3148.19,3167.72,780900,3174.356,3069.368,2966.536,66.027,59.551,50.764,8.788,3069.368,3208.079,2930.656
2026-01-13,3253.62,3268.26,3219.46,3259.48,677500,3190.756,3080.74,2972.706,73.042,66.442,53.899,12.543,3080.74,3242.022,2919.458
2026-01-14,3270.22,3290.72,3245.81,3272.17,580000,3206.96,3095.334,2981.277,73.846,72.096,57.539,14.557,3095.334,3270.564,2920.104
2026-01-15,3250.69,3279.98,3238.98,3249.72,599400,3225.118,3107.048,2989.926,69.874,73.913,60.813,13.1,3107.048,3290.901,2923.196
2026-01-16,3264.36,3270.22,3210.67,3259.48,459700,3241.714,3117.445,2997.56,70.614,75.273,63.705,11.568,3117.445,3311.326,2923.564
2026-01-19,3256.55,3298.53,3243.86,3285.84,566100,3265.338,3131.21,3006.062,72.574,77.584,66.481,11.103,3131.21,3332.098,2930.321
2026-01-20,3285.84,3294.62,3251.67,3288.76,488900,3271.194,3146.633,3016.868,72.79,78.743,68.933,9.809,3146.633,3346.096,2947.17
2026-01-21,3246.79,3277.05,3238.98,3275.1,426100,3271.78,3159.909,3027.226,70.007,77.664,70.679,6.984,3159.909,3356.284,2963.534
2026-01-22,3312.19,3321.95,3278.03,3296.57,529500,3281.15,3173.868,3037.427,71.83,77.646,72.073,5.573,3173.868,3367.255,2980.481
2026-01-23,3280.96,3308.29,3268.26,3280.96,477600,3285.446,3187.144,3047.296,68.566,75.502,72.759,2.743,3187.144,3370.954,3003.335
2026-01-26,3263.38,3266.31,3217.5,3217.5,545200,3271.778,3196.418,3055.418,57.191,67.9,71.787,-3.887,3196.418,3365.393,3027.443
2026-01-27,3216.53,3224.34,3162.84,3179.43,624300,3249.912,3202.714,3061.88,51.654,58.132,69.056,-10.923,3202.714,3358.105,3047.324
2026-01-28,3181.38,3192.12,3159.91,3165.77,698100,3228.046,3207.888,3068.743,49.791,48.728,64.99,-16.262,3207.888,3349.908,3065.869
2026-01-29,3157.96,3181.38,3129.65,3166.74,554200,3202.08,3212.428,3074.356,49.929,40.882,60.169,-19.287,3212.428,3341.946,3082.909
2026-01-30,3193.1,3214.57,3167.72,3205.79,789000,3187.046,3218.138,3081.072,55.263,37.384,55.612,-18.228,3218.138,3334.639,3101.637
2026-02-02,3198.96,3219.46,3113.05,3120.86,1033500,3167.718,3219.797,3085.69,44.228,27.442,49.978,-22.536,3219.797,3329.203,3110.392
2026-02-03,3117.93,3165.77,3109.15,3165.77,929600,3164.986,3219.212,3092.24,49.923,22.923,44.567,-21.644,3219.212,3329.691,3108.733
2026-02-04,3180.41,3204.81,3166.74,3192.12,642500,3170.256,3219.26,3099.073,52.957,21.223,39.898,-18.675,3219.26,3329.688,3108.833
2026-02-05,3260.46,3275.1,3198.96,3250.69,828200,3187.046,3223.848,3105.965,58.917,24.322,36.783,-12.461,3223.848,3331.307,3116.39
2026-02-06,3279.98,3341.48,3276.07,3322.93,720100,3210.474,3231.17,3114.243,64.835,32.235,35.873,-3.638,3231.17,3344.821,3117.519
2026-02-09,3367.84,3383.45,3328.79,3355.15,620100,3257.332,3240.542,3121.31,67.11,40.638,36.826,3.811,3240.542,3362.751,3118.332
2026-02-10,3367.84,3395.17,3367.84,3394.19,645100,3303.016,3247.277,3127.929,69.671,49.872,39.435,10.437,3247.277,3387.415,3107.139
2026-02-12,3398.1,3507.43,3398.1,3489.86,742800,3362.564,3258.161,3136.363,74.841,64.17,44.382,19.788,3258.161,3435.357,3080.966
2026-02-13,3510.36,3533.79,3474.24,3489.86,781900,3410.398,3270.168,3144.719,74.841,74.642,50.434,24.208,3270.168,3475.298,3065.039
2026-02-16,3532.81,3569.91,3509.38,3525.0,604400,3450.812,3283.444,3155.418,76.544,84.798,57.307,27.491,3283.444,3517.93,3048.959
2026-02-17,3519.14,3554.29,3499.62,3541.6,711200,3488.102,3296.233,3167.152,77.325,93.113,64.468,28.645,3296.233,3557.621,3034.844
2026-02-18,3546.48,3588.45,3542.57,3572.83,536400,3523.83,3310.436,3179.179,78.758,101.058,71.786,29.272,3310.436,3599.519,3021.353
2026-02-19,3544.52,3578.69,3530.86,3578.69,724600,3541.596,3325.616,3192.064,79.026,106.599,78.749,27.85,3325.616,3637.842,3013.389
2026-02-20,3529.88,3560.14,3447.88,3486.93,993100,3541.01,3335.134,3203.915,65.17,102.405,83.48,18.925,3335.134,3655.141,3015.126
2026-02-24,3555.26,3586.5,3493.76,3565.02,721800,3549.014,3349.336,3216.117,69.992,104.182,87.62,16.561,3349.336,3684.096,3014.577
2026-02-25,3565.02,3579.67,3518.17,3545.5,733700,3549.794,3365.736,3227.753,67.477,102.829,90.662,12.167,3365.736,3705.403,3026.07
2026-02-26,3575.76,3593.33,3543.55,3568.93,569500,3549.014,3385.212,3238.491,68.921,102.467,93.023,9.444,3385.212,3724.565,3045.858
2026-02-27,3556.24,3641.17,3549.41,3641.17,802700,3561.51,3408.982,3251.709,72.912,106.778,95.774,11.004,3408.982,3750.21,3067.753
2026-03-02,3552.33,3619.69,3548.43,3615.79,1003500,3587.282,3431.434,3263.716,69.533,106.914,98.002,8.912,3431.434,3764.547,3098.321
2026-03-03,3561.12,3670.45,3561.12,3615.79,1552700,3597.436,3451.934,3275.001,69.533,105.802,99.562,6.24,3451.934,3776.943,3126.925
2026-03-04,3533.79,3607.98,3475.22,3532.81,1615300,3594.898,3472.532,3285.446,59.141,97.106,99.071,-1.965,3472.532,3759.143,3185.92
2026-03-05,3590.41,3705.6,3584.55,3651.91,1274500,3611.494,3496.838,3298.878,66.809,98.687,98.994,-0.307,3496.838,3754.949,3238.728
2026-03-06,3631.41,3716.33,3631.41,3701.69,1378700,3623.598,3522.317,3312.721,69.394,102.772,99.75,3.022,3522.317,3752.913,3291.721
2026-03-09,3633.36,3665.57,3552.33,3640.19,2250100,3628.478,3541.792,3325.177,62.878,99.895,99.779,0.117,3541.792,3739.199,3344.385
2026-03-10,3708.52,3772.95,3689.98,3730.98,990500,3651.516,3562.194,3339.488,67.7,103.746,100.572,3.174,3562.194,3748.388,3376.001
2026-03-11,3821.76,3863.74,3802.24,3802.24,1452500,3705.402,3584.549,3354.892,70.895,111.265,102.711,8.554,3584.549,3773.414,3395.684
2026-03-12,3765.14,3859.83,3699.74,3825.67,1452300,3740.154,3606.123,3370.335,71.88,117.757,105.72,12.037,3606.123,3801.881,3410.365
2026-03-13,3752.45,3891.07,3748.55,3839.33,2269600,3767.682,3623.596,3385.876,72.466,122.591,109.094,13.497,3623.596,3837.231,3409.962
2026-03-16,3879.36,3902.78,3777.83,3781.74,2120000,3795.992,3638.191,3399.992,66.21,120.387,111.353,9.034,3638.191,3853.231,3423.15
2026-03-17,3844.21,3865.69,3808.09,3834.45,1042300,3816.686,3653.663,3414.849,68.86,121.493,113.381,8.112,3653.663,3878.71,3428.616
2026-03-18,3885.21,4014.07,3877.4,4003.33,1391100,3856.904,3676.75,3433.162,75.491,134.447,117.594,16.853,3676.75,3944.142,3409.357
2026-03-19,3971.12,4037.5,3911.57,3911.57,1776800,3874.084,3693.686,3447.844,67.127,135.744,121.224,14.52,3693.686,3975.867,3411.506
2026-03-23,3802.24,3816.88,3706.57,3790.52,2791200,3864.322,3704.278,3459.831,57.998,125.557,122.091,3.467,3704.278,3984.177,3424.379
2026-03-24,3832.5,3859.83,3763.19,3765.14,1182500,3861.002,3718.188,3471.956,56.27,114.121,120.497,-6.376,3718.188,3979.653,3456.724
2026-03-25,3884.24,3884.24,3768.07,3807.12,923000,3855.536,3730.294,3484.568,58.474,107.208,117.839,-10.631,3730.294,3984.208,3476.379
2026-03-26,3875.45,3928.17,3812.98,3870.57,781400,3828.984,3746.547,3498.625,61.622,105.633,115.398,-9.765,3746.547,3992.135,3500.959
2026-03-27,3981.86,4122.43,3906.69,4106.81,2068900,3868.032,3773.441,3515.572,70.568,122.04,116.726,5.314,3773.441,4052.637,3494.245
2026-03-30,4033.7,4307.36,4030.74,4278.71,3218200,3965.67,3805.318,3535.702,75.114,147.216,122.824,24.392,3805.318,4157.079,3453.557
2026-03-31,4278.71,4393.31,4227.33,4278.71,2892800,4068.384,3838.464,3556.282,75.114,165.264,131.312,33.952,3838.464,4236.869,3440.059
2026-04-01,4149.29,4330.08,4131.5,4327.11,2580600,4172.382,3874.03,3577.635,76.309,181.381,141.326,40.055,3874.03,4313.609,3434.451
2026-04-02,4310.32,4459.5,4299.45,4396.27,2187900,4277.522,3917.203,3599.843,77.939,197.459,152.553,44.906,3917.203,4384.416,3449.99
2026-04-03,4368.61,4372.56,4282.66,4363.67,1377400,4328.894,3952.791,3621.342,75.309,205.205,163.083,42.122,3952.791,4442.794,3462.788
2026-04-06,4391.33,4396.27,4201.65,4237.21,1552300,4320.594,3979.567,3640.584,66.003,198.847,170.236,28.611,3979.567,4470.322,3488.812
2026-04-07,4266.85,4287.6,4173.0,4222.39,1142500,4309.33,4008.677,3659.1,64.99,190.417,174.272,16.145,4008.677,4483.48,3533.874
2026-04-08,4278.71,4278.71,4101.87,4128.54,2223000,4269.616,4028.555,3676.052,58.829,174.156,174.249,-0.093,4028.555,4487.428,3569.682
2026-04-09,4129.53,4225.36,4129.53,4172.01,987600,4224.764,4047.044,3695.142,60.688,162.899,171.979,-9.08,4047.044,4497.238,3596.849
2026-04-10,4164.11,4221.41,4053.46,4057.41,946600,4163.512,4058.63,3712.702,53.793,143.081,166.199,-23.118,4058.63,4496.597,3620.664
2026-04-13,4070.25,4128.54,4002.09,4041.6,975300,4124.39,4068.744,3730.218,52.9,124.662,157.892,-33.23,4068.744,4494.561,3642.927
2026-04-14,3977.39,4022.83,3955.65,3979.36,938600,4075.784,4078.625,3746.471,49.422,103.846,147.083,-43.237,4078.625,4485.135,3672.115
2026-04-15,3979.36,3994.18,3836.12,3881.56,1238600,4026.388,4080.98,3759.986,44.474,78.552,133.377,-54.825,4080.98,4482.042,3679.919
2026-04-16,3882.55,3972.45,3853.9,3912.19,1165100,3974.424,4076.424,3775.813,46.287,60.283,118.758,-58.475,4076.424,4483.23,3669.617
2026-04-17,3931.94,3939.85,3853.9,3853.9,742900,3933.722,4073.54,3789.575,43.383,40.633,103.133,-62.5,4073.54,4486.044,3661.036
2026-04-20,3851.92,3864.77,3707.69,3724.48,1398500,3870.298,4070.238,3800.222,37.723,14.45,85.396,-70.946,4070.238,4493.206,3647.27
2026-04-21,3727.44,3784.74,3697.81,3729.42,1256100,3820.31,4068.452,3809.797,38.056,-5.834,67.15,-72.984,4068.452,4497.108,3639.796
2026-04-22,3754.12,3817.34,3738.31,3778.82,1065000,3799.762,4067.037,3818.915,41.421,-17.719,50.176,-67.895,4067.037,4499.495,3634.579
2026-04-23,3801.54,3803.51,3731.4,3739.3,709100,3765.184,4060.474,3826.598,39.569,-29.981,34.145,-64.126,4060.474,4509.166,3611.781
2026-04-24,3791.66,3802.53,3715.59,3722.5,603700,3738.904,4041.258,3833.164,38.775,-40.587,19.199,-59.785,4041.258,4513.874,3568.642
2026-04-27,3720.53,3783.76,3709.66,3761.03,1062100,3746.214,4015.374,3838.587,41.665,-45.36,6.287,-51.647,4015.374,4489.934,3540.814
2026-04-28,3761.03,3867.73,3761.03,3836.12,1078400,3767.554,3993.244,3845.513,46.923,-42.593,-3.489,-39.103,3993.244,4457.26,3529.229
2026-04-30,3840.07,3877.61,3787.71,3808.45,1106300,3773.48,3967.312,3851.182,45.303,-42.146,-11.22,-30.926,3967.312,4410.258,3524.365
2026-05-01,3808.45,3833.15,3685.95,3764.98,656200,3778.616,3935.747,3855.649,42.802,-44.784,-17.933,-26.851,3935.747,4338.099,3533.395
2026-05-07,3745.23,3821.3,3732.38,3785.73,1116500,3791.262,3906.85,3859.907,44.38,-44.685,-23.284,-21.401,3906.85,4259.778,3553.922
2026-05-08,3749.18,3793.63,3720.53,3744.24,875400,3787.904,3882.202,3863.218,41.891,-47.408,-28.108,-19.299,3882.202,4205.606,3558.797
2026-05-11,3746.21,3800.55,3737.32,3798.57,777900,3780.394,3861.01,3869.451,46.15,-44.667,-31.42,-13.247,3861.01,4143.514,3578.507
2026-05-12,3793.63,3835.13,3787.71,3800.55,933500,3778.814,3844.611,3874.162,46.305,-41.853,-33.507,-8.346,3844.611,4098.338,3590.884
2026-05-13,4008.01,4157.19,3973.44,4117.67,2074800,3849.352,3841.894,3885.605,64.077,-13.873,-29.58,15.707,3841.894,4081.638,3602.15
2026-05-14,4098.9,4209.55,4080.13,4167.07,1339600,3925.62,3847.377,3897.568,65.967,12.147,-21.235,33.381,3847.377,4111.637,3583.117
2026-05-15,4149.29,4247.09,4148.3,4214.49,1191900,4019.67,3856.022,3909.034,67.722,36.177,-9.752,45.929,3856.022,4155.938,3556.105
2026-05-18,4212.51,4272.78,4178.93,4182.88,1028200,4096.532,3866.197,3920.376,65.304,52.07,2.612,49.458,3866.197,4196.051,3536.344
2026-05-19,4222.39,4287.6,4169.05,4269.81,822400,4190.384,3885.61,3933.456,68.622,70.864,16.263,54.601,3885.61,4261.725,3509.495
2026-05-20,4295.5,4331.07,4246.1,4299.45,994400,4226.74,3904.973,3948.789,69.687,87.145,30.439,56.706,3904.973,4324.247,3485.699
2026-05-21,4342.92,4390.34,4300.44,4338.97,841000,4261.12,3929.226,3962.53,71.095,102.06,44.763,57.297,3929.226,4390.115,3468.338
2026-05-22,4357.74,4357.74,4084.08,4084.08,1218500,4235.038,3947.206,3970.178,53.753,92.249,54.26,37.989,3947.206,4402.486,3491.927
2026-05-25,4108.78,4125.58,4002.09,4032.71,1202600,4205.004,3962.371,3978.029,51.05,79.414,59.291,20.123,3962.371,4407.191,3517.551
2026-05-26,4001.1,4042.59,3937.87,4001.1,757900,4151.262,3973.485,3983.431,49.404,65.931,60.619,5.312,3973.485,4410.026,3536.944
2026-05-27,3981.34,4017.89,3918.11,3945.78,797100,4080.528,3983.809,3986.302,46.574,50.203,58.536,-8.333,3983.809,4406.579,3561.039
2026-05-28,3907.25,3924.04,3841.06,3922.06,918600,3997.146,3993.787,3988.23,45.374,35.417,53.912,-18.495,3993.787,4399.672,3587.902
2026-05-29,3941.82,4001.1,3920.09,3968.5,870400,3974.03,4004.161,3990.813,48.189,27.133,48.556,-21.424,4004.161,4395.337,3612.984
2026-06-01,3928.98,3928.98,3831.18,3906.26,719900,3948.74,4007.668,3993.303,44.853,15.368,41.918,-26.551,4007.668,4393.725,3621.61
2026-06-02,3882.55,3959.61,3854.89,3913.17,749000,3931.154,4012.904,3994.878,45.305,6.527,34.84,-28.313,4012.904,4390.328,3635.479
2026-06-03,3924.04,3976.4,3900.33,3952.69,576500,3932.536,4022.289,3993.865,47.938,2.678,28.408,-25.73,4022.289,4382.708,3661.87
2026-06-04,3978.38,3981.34,3828.21,3848.96,768200,3917.916,4025.45,3992.613,42.197,-8.642,20.998,-29.64,4025.45,4378.159,3672.742
2026-06-05,3882.55,3956.64,3868.72,3911.2,497500,3906.456,4033.798,3995.026,46.349,-12.448,14.309,-26.757,4033.798,4365.777,3701.82
2026-06-08,3852.91,3973.44,3845.99,3973.44,792600,3919.892,4042.542,3999.192,50.201,-10.323,9.382,-19.705,4042.542,4357.194,3727.89
2026-06-09,3974.42,3987.27,3850.93,3890.45,623100,3915.348,4047.037,4000.859,45.509,-15.161,4.474,-19.634,4047.037,4349.464,3744.61
2026-06-10,3907.25,3921.08,3867.73,3888.48,443200,3902.506,4035.578,4001.217,45.4,-18.935,-0.208,-18.727,4035.578,4344.044,3727.111
2026-06-11,3949.73,3991.22,3892.43,3971.46,730700,3927.006,4025.797,3998.51,50.728,-15.058,-3.178,-11.879,4025.797,4329.07,3722.524
2026-06-12,3991.22,4018.88,3941.82,3997.15,736200,3944.196,4014.93,3992.879,52.28,-9.798,-4.502,-5.296,4014.93,4305.023,3724.837
2026-06-15,4016.91,4044.57,3942.81,3942.81,721100,3938.07,4002.926,3986.161,48.779,-9.901,-5.582,-4.319,4002.926,4283.469,3722.384
2026-06-16,3908.23,3908.23,3794.62,3813.39,783500,3922.658,3980.106,3975.887,41.629,-20.193,-8.504,-11.689,3980.106,4242.935,3717.276
2026-06-17,3828.21,3863.78,3735.35,3833.15,620600,3911.592,3956.79,3964.624,43.003,-26.45,-12.093,-14.356,3956.79,4180.1,3733.481
2026-06-18,3820.31,3876.62,3795.61,3803.51,645500,3878.002,3930.018,3953.421,41.428,-33.415,-16.357,-17.057,3930.018,4075.089,3784.946
2026-06-19,3806.48,3806.48,3750.17,3795.61,770000,3837.694,3915.594,3944.589,40.997,-39.121,-20.91,-18.211,3915.594,4053.348,3777.84
2026-06-22,3795.61,3835.13,3776.84,3835.13,649400,3816.158,3905.715,3936.844,44.128,-39.994,-24.727,-15.267,3905.715,4036.255,3775.175
2026-06-23,3852.91,3854.89,3760.04,3760.04,493700,3805.488,3893.662,3929.474,39.806,-46.211,-29.024,-17.188,3893.662,4031.434,3755.89
2026-06-24,3734.36,3771.9,3667.18,3681.01,600300,3775.06,3880.424,3919.654,35.828,-56.861,-34.591,-22.27,3880.424,4045.322,3715.525
2026-06-25,3734.36,3742.26,3596.05,3616.8,912600,3737.718,3865.16,3910.842,32.947,-69.678,-41.609,-28.07,3865.16,4066.349,3663.972
2026-06-26,3615.81,3633.59,3563.45,3592.1,607800,3697.016,3846.34,3901.852,31.885,-80.897,-49.466,-31.431,3846.34,4075.326,3617.355
2026-06-29,3601.98,3677.06,3595.06,3677.06,1178300,3665.402,3834.88,3895.806,39.151,-81.987,-55.97,-26.017,3834.88,4073.959,3595.802
2026-06-30,3671.13,3698.79,3573.33,3617.78,1092000,3636.95,3820.111,3890.53,36.246,-86.636,-62.104,-24.532,3820.111,4074.811,3565.411
2026-07-01,3587.16,3608.89,3517.02,3591.11,1024200,3618.97,3802.032,3884.108,34.988,-91.418,-67.966,-23.452,3802.032,4068.182,3535.882
2026-07-02,3615.81,3687.93,3609.88,3638.53,554900,3623.316,3791.511,3879.801,39.039,-90.341,-72.441,-17.899,3791.511,4066.345,3516.676
2026-07-03,3689.9,3740.29,3613.83,3614.82,685900,3627.86,3776.692,3877.608,37.772,-90.358,-76.025,-14.333,3776.692,4056.273,3497.11
2026-07-06,3631.61,3657.3,3614.82,3625.69,737900,3617.586,3759.304,3875.533,38.753,-88.475,-78.515,-9.96,3759.304,4030.494,3488.114
2026-07-07,3611.86,3627.66,3585.18,3589.13,627700,3611.856,3744.238,3871.739,36.659,-88.908,-80.593,-8.314,3744.238,4018.216,3470.26
2026-07-08,3625.69,3648.41,3588.15,3593.09,807600,3612.252,3729.468,3868.815,37.055,-87.918,-82.058,-5.86,3729.468,4002.553,3456.384
2026-07-09,3638.53,3677.06,3581.23,3590.12,517400,3602.57,3710.402,3866.168,36.869,-86.377,-82.922,-3.455,3710.402,3964.967,3455.836
2026-07-10,3564.44,3595.06,3546.65,3568.39,527400,3593.284,3688.964,3862.315,35.462,-85.919,-83.521,-2.398,3688.964,3912.132,3465.795
2026-07-13,3584.19,3592.1,3515.04,3524.92,498100,3573.13,3668.069,3856.091,32.768,-88.049,-84.427,-3.622,3668.069,3868.232,3467.906
2026-07-14,3557.52,3614.82,3552.58,3574.31,552400,3570.166,3656.115,3851.408,38.486,-84.774,-84.496,-0.278,3656.115,3848.126,3464.104
2026-07-15,3620.75,3647.42,3600.0,3616.8,351200,3574.908,3645.297,3848.444,42.979,-77.853,-83.168,5.315,3645.297,3818.799,3471.796
2026-07-16,3634.58,3636.55,3605.93,3623.71,447400,3581.626,3636.308,3845.204,43.699,-70.992,-80.732,9.741,3636.308,3793.122,3479.493
2026-07-17,3633.59,3662.24,3556.53,3610.87,1027400,3590.122,3627.071,3842.537,42.621,-65.832,-77.752,11.921,3627.071,3765.002,3489.139
2026-07-21,3718.55,3746.21,3677.06,3719.54,718700,3629.046,3621.291,3840.956,53.148,-52.37,-72.676,20.306,3621.291,3728.861,3513.721
2026-07-22,3694.84,3764.98,3685.95,3758.07,483400,3665.798,3621.192,3840.106,56.215,-38.152,-65.771,27.619,3621.192,3728.23,3514.155
2026-07-23,3758.07,3783.76,3753.13,3777.83,478600,3698.004,3626.034,3833.31,57.743,-25.002,-57.617,32.615,3626.034,3751.613,3500.454
2026-07-24,3769.92,3817.34,3755.11,3787.71,589100,3730.804,3634.579,3825.722,58.522,-13.626,-48.819,35.193,3634.579,3779.313,3489.845
2026-07-27,3803.51,3815.37,3749.18,3802.53,723500,3769.136,3645.1,3817.483,59.722,-3.376,-39.73,36.355,3645.1,3806.471,3483.73
2026-07-28,3808.45,3825.25,3746.21,3773.88,669100,3780.004,3649.942,3809.303,56.33,2.408,-31.303,33.711,3649.942,3820.874,3479.009
2026-07-29,3792.65,3823.27,3776.84,3802.53,885600,3788.896,3659.179,3799.958,58.847,9.198,-23.203,32.4,3659.179,3842.326,3476.032
2026-07-30,3741.27,3802.53,3690.89,3755.11,941400,3784.352,3667.379,3789.071,53.363,10.63,-16.436,27.066,3667.379,3852.37,3482.388
2026-07-31,3755.11,3770.91,3718.55,3754.12,1203000,3777.634,3673.158,3777.374,53.252,11.551,-10.839,22.39,3673.158,3861.546,3484.771
2026-08-03,3585.18,3775.85,3585.18,3772.89,1133400,3771.706,3681.062,3771.15,55.166,13.639,-5.943,19.582,3681.062,3872.384,3489.74
2026-08-04,3771.9,3897.37,3757.08,3819.32,943500,3780.794,3690.744,3766.882,59.575,18.823,-0.99,19.813,3690.744,3889.712,3491.775
2026-08-05,3780.79,3847.97,3751.15,3778.82,671900,3776.052,3700.228,3762.437,54.537,19.439,3.096,16.343,3700.228,3896.872,3503.584
2026-08-06,3803.51,3860.81,3796.6,3817.34,551300,3788.498,3711.441,3759.868,58.161,22.774,7.032,15.742,3711.441,3907.936,3514.945
2026-08-07,3846.98,3878.6,3822.28,3864.77,490600,3810.628,3725.173,3758.722,62.16,28.91,11.407,17.503,3725.173,3924.339,3526.007
2026-08-10,3875.63,3875.63,3773.88,3781.78,498400,3812.406,3735.842,3754.988,52.672,26.768,14.479,12.289,3735.842,3922.089,3549.596
2026-08-12,3850.93,3871.68,3795.61,3857.85,458100,3820.112,3752.489,3754.019,58.87,30.853,17.754,13.099,3752.489,3917.682,3587.296
2026-08-13,3862.79,3889.46,3825.25,3839.08,379800,3832.164,3765.728,3752.538,56.89,32.204,20.644,11.56,3765.728,3912.171,3619.284
2026-08-14,3839.08,3874.64,3826.24,3868.72,501700,3842.44,3778.324,3750.858,59.222,35.261,23.567,11.693,3778.324,3913.754,3642.893
2026-08-17,3889.46,3904.28,3847.97,3885.51,545200,3846.588,3791.414,3751.589,60.524,38.593,26.573,12.02,3791.414,3913.912,3668.915
2026-08-18,3885.51,3928.98,3876.62,3896.38,407100,3869.508,3805.689,3751.293,61.384,41.631,29.584,12.047,3805.689,3903.695,3707.683
2026-08-19,3896.38,3907.25,3839.08,3862.79,453700,3870.496,3812.851,3749.08,57.235,40.857,31.839,9.018,3812.851,3905.118,3720.585
2026-08-20,3908.23,3928.98,3862.79,3887.49,439200,3880.178,3819.322,3749.021,59.408,41.755,33.822,7.933,3819.322,3913.545,3725.1
2026-08-21,3901.32,3928.98,3878.6,3928.98,594900,3892.23,3826.88,3749.831,62.825,45.293,36.116,9.177,3826.88,3930.834,3722.926
2026-08-24,3902.31,3954.67,3879.58,3925.03,539300,3900.134,3833.746,3748.902,62.287,47.234,38.34,8.894,3833.746,3944.71,3722.782
2026-08-25,3961.58,4002.09,3956.64,3962.57,501800,3913.372,3841.748,3748.21,65.324,51.211,40.914,10.297,3841.748,3965.571,3717.925
2026-08-26,3954.67,3986.28,3916.14,3977.39,339500,3936.292,3851.924,3748.902,66.472,54.925,43.716,11.209,3851.924,3985.339,3718.508
2026-08-27,3977.39,4010.98,3952.69,3976.4,306100,3954.074,3860.617,3752.162,66.314,57.13,46.399,10.731,3860.617,4002.849,3718.385
2026-08-28,3919.1,3998.14,3902.31,3992.21,421200,3966.72,3872.472,3755.343,67.636,59.468,49.013,10.455,3872.472,4017.18,3727.764
2026-08-31,3997.15,4044.57,3966.52,4044.57,556500,3990.628,3886.994,3760.165,71.611,64.799,52.17,12.629,3886.994,4039.765,3734.224
2026-09-01,4043.58,4185.84,4030.74,4180.9,614500,4034.294,3907.395,3767.87,78.883,79.112,57.558,21.554,3907.395,4099.829,3714.961
2026-09-02,4139.41,4164.11,4060.37,4106.81,498000,4060.178,3921.77,3773.304,68.599,83.515,62.75,20.765,3921.77,4128.891,3714.648
2026-09-03,4132.49,4197.7,4096.93,4142.37,715900,4093.372,3939.947,3780.951,70.581,88.849,67.969,20.879,3939.947,4157.78,3722.114
2026-09-04,4123.6,4139.41,4009.0,4021.85,501200,4099.3,3950.172,3787.767,57.363,82.401,70.856,11.545,3950.172,4162.913,3737.432
2026-09-07,4065.31,4114.71,4050.5,4070.25,403200,4104.436,3960.447,3796.836,60.558,80.272,72.739,7.533,3960.447,4175.654,3745.239
2026-09-08,4068.28,4074.21,4014.93,4074.21,360600,4083.098,3975.068,3806.479,60.817,78.004,73.792,4.212,3975.068,4178.583,3771.553
2026-09-09,4074.21,4129.53,4056.42,4107.79,486800,4083.294,3987.565,3815.093,63.031,78.018,74.637,3.381,3987.565,4191.468,3783.662
2026-09-10,4126.57,4142.37,4054.45,4082.11,453700,4071.242,3999.716,3824.38,60.228,75.091,74.728,0.363,3999.716,4195.152,3804.281
2026-09-11,4012.95,4155.22,3999.12,4115.7,963900,4090.012,4012.065,3834.872,62.572,74.621,74.706,-0.085,4012.065,4203.827,3820.304
2026-09-14,4114.71,4190.78,4093.96,4148.3,450900,4105.622,4025.205,3845.067,64.744,76.003,74.966,1.038,4025.205,4216.466,3833.944
2026-09-15,4152.25,4164.11,4096.93,4128.54,480600,4116.488,4036.813,3855.341,62.381,74.644,74.901,-0.258,4036.813,4223.274,3850.352
2026-09-16,4149.29,4214.49,4144.35,4154.23,367800,4125.776,4051.385,3865.912,64.21,74.778,74.877,-0.099,4051.385,4225.742,3877.028
2026-09-17,4159.17,4227.33,4159.17,4195.72,374700,4148.498,4066.796,3878.044,67.001,77.34,75.369,1.971,4066.796,4234.52,3899.073
2026-09-18,4218.44,4222.39,4119.65,4154.23,651800,4156.204,4078.059,3889.267,61.811,75.156,75.327,-0.17,4078.059,4236.829,3919.289
2026-09-24,4090.01,4141.38,4025.8,4042.59,765000,4135.062,4083.937,3898.316,50.48,63.683,72.998,-9.315,4083.937,4226.756,3941.118
2026-09-25,4068.28,4087.05,4039.63,4059.39,583000,4121.232,4088.778,3908.136,51.908,55.309,69.46,-14.151,4088.778,4220.4,3957.156
2026-09-28,4088.04,4121.63,4080.13,4091.0,807200,4108.586,4094.458,3919.458,54.565,50.639,65.696,-15.057,4094.458,4215.196,3973.721
2026-09-29,4021.0,4078.0,3963.0,3986.0,619800,4066.642,4094.938,3927.692,45.562,38.027,60.162,-22.135,4094.938,4213.76,3976.117
2026-09-30,4019.0,4085.0,3982.0,4060.0,644400,4047.796,4098.328,3936.556,51.62,33.616,54.853,-21.237,4098.328,4208.353,3988.303
2026-10-01,4065.0,4076.0,3984.0,4022.0,273800,4043.678,4097.2,3944.521,48.628,26.745,49.231,-22.486,4097.2,4209.975,3984.424
