Date,Open,High,Low,Close,Volume,SMA5,SMA20,SMA50,RSI,MACD,MACD_signal,MACD_hist,BB_mid,BB_upper,BB_lower
2021-10-01,1427.22,1455.35,1424.88,1424.88,1781600,,,,,0.0,0.0,0.0,,,
2021-10-04,1415.51,1427.22,1354.57,1358.79,2434800,,,,,-5.272,-1.054,-4.218,,,
2021-10-05,1329.26,1337.7,1301.14,1315.67,4373600,,,,,-12.782,-3.4,-9.382,,,
2021-10-06,1308.17,1331.14,1300.67,1323.64,3254400,,,,,-17.885,-6.297,-11.588,,,
2021-10-07,1342.86,1382.23,1338.64,1359.26,2567600,1356.448,,,,-18.838,-8.805,-10.032,,,
2021-10-08,1374.73,1393.01,1359.73,1376.13,2425800,1346.698,,,,-18.023,-10.649,-7.375,,,
2021-10-11,1373.32,1417.85,1356.92,1415.51,1486800,1358.042,,,,-14.039,-11.327,-2.712,,,
2021-10-12,1408.48,1420.19,1388.32,1404.73,1830000,1375.854,,,,-11.617,-11.385,-0.232,,,
2021-10-13,1405.66,1429.57,1401.91,1403.79,1482000,1391.884,,,,-9.662,-11.04,1.378,,,
2021-10-14,1410.82,1457.69,1408.48,1438.94,1590800,1407.82,,,,-5.216,-9.875,4.659,,,
2021-10-15,1462.38,1499.87,1448.32,1492.84,1819000,1431.162,,,,2.626,-7.375,10.001,,,
2021-10-18,1492.84,1509.25,1474.09,1506.9,1478200,1449.44,,,,9.862,-3.928,13.79,,,
2021-10-19,1513.93,1528.0,1511.59,1523.31,993000,1473.156,,,,16.728,0.203,16.524,,,
2021-10-20,1523.31,1542.06,1506.9,1523.31,2115800,1497.06,,,,21.916,4.546,17.37,,,
2021-10-21,1511.59,1539.71,1509.25,1530.34,2180800,1515.34,,,74.725,26.293,8.895,17.397,,,
2021-10-22,1535.03,1584.24,1528.0,1581.9,1951000,1533.152,,,80.268,33.535,13.823,19.711,,,
2021-10-25,1563.15,1595.96,1553.78,1593.62,1680400,1550.496,,,81.274,39.761,19.011,20.751,,,
2021-10-26,1602.99,1626.43,1595.96,1624.08,1663000,1570.65,,,83.611,46.617,24.532,22.085,,,
2021-10-27,1619.39,1621.74,1544.4,1546.74,2543200,1575.336,,,62.337,45.287,28.683,16.604,,,
2021-10-28,1572.52,1591.27,1556.12,1584.24,6003000,1586.116,1466.431,,66.754,46.72,32.29,14.43,1466.431,1658.227,1274.635
2021-10-29,1453.0,1476.44,1422.54,1434.25,6854800,1556.586,1466.9,,44.35,35.346,32.901,2.444,1466.9,1658.314,1275.485
2021-11-01,1460.03,1467.06,1420.19,1443.63,3314000,1526.588,1471.142,,45.58,26.78,31.677,-4.897,1471.142,1656.12,1286.163
2021-11-02,1431.91,1453.0,1424.88,1438.94,2158000,1489.56,1477.305,,45.044,19.389,29.219,-9.83,1477.305,1648.146,1306.464
2021-11-04,1460.03,1467.06,1406.13,1413.16,2390600,1462.844,1481.781,,42.112,11.321,25.64,-14.319,1481.781,1639.887,1323.675
2021-11-05,1413.16,1443.63,1413.16,1443.63,1639600,1434.722,1486.0,,46.541,7.302,21.972,-14.67,1486.0,1634.555,1337.444
2021-11-08,1443.63,1499.87,1441.28,1488.16,2280800,1445.504,1491.601,,52.287,7.622,19.102,-11.48,1491.601,1630.871,1352.331
2021-11-09,1509.25,1542.06,1509.25,1518.62,2337600,1460.502,1496.756,,55.788,10.215,17.325,-7.109,1496.756,1631.735,1361.778
2021-11-10,1511.59,1525.65,1485.81,1485.81,1800200,1469.876,1500.81,,51.412,9.514,15.763,-6.249,1500.81,1628.842,1372.779
2021-11-11,1464.72,1476.44,1448.32,1467.06,1925200,1480.656,1503.974,,49.045,7.36,14.082,-6.722,1503.974,1624.838,1383.11
2021-11-12,1499.87,1518.62,1495.19,1506.9,1793600,1493.31,1507.372,,53.902,8.767,13.019,-4.252,1507.372,1624.295,1390.449
2021-11-15,1549.09,1567.84,1542.06,1549.09,1889000,1505.496,1510.184,,58.422,13.135,13.042,0.092,1510.184,1628.335,1392.034
2021-11-16,1530.34,1574.87,1511.59,1563.15,2111400,1514.402,1512.997,,59.835,17.529,13.939,3.589,1512.997,1633.474,1392.52
2021-11-17,1553.78,1570.18,1497.53,1499.87,2110000,1517.214,1511.825,,51.371,15.723,14.296,1.427,1511.825,1632.335,1391.315
2021-11-18,1485.81,1490.5,1450.66,1457.69,2016400,1515.34,1508.544,,46.636,10.765,13.59,-2.825,1508.544,1631.29,1385.798
2021-11-19,1453.0,1460.03,1410.82,1434.25,3272800,1500.81,1503.74,,44.198,4.888,11.85,-6.962,1503.74,1630.355,1377.124
2021-11-22,1413.16,1441.28,1413.16,1429.57,1697400,1476.906,1496.123,,43.706,-0.146,9.451,-9.596,1496.123,1621.259,1370.987
2021-11-24,1380.35,1390.66,1359.73,1370.51,3819200,1438.378,1484.968,,37.97,-8.799,5.801,-14.6,1484.968,1613.248,1356.687
2021-11-25,1388.79,1408.47,1370.51,1385.04,3282400,1415.412,1473.016,,40.054,-14.32,1.777,-16.096,1473.016,1590.839,1355.192
2021-11-26,1381.76,1393.01,1362.54,1367.23,3471200,1397.32,1464.04,,38.353,-19.902,-2.559,-17.343,1464.04,1585.509,1342.571
2021-11-29,1359.26,1420.19,1350.82,1370.98,3713600,1384.666,1453.377,,38.941,-23.75,-6.797,-16.953,1453.377,1567.647,1339.107
2021-11-30,1374.26,1389.26,1321.76,1325.98,11029400,1363.948,1447.964,,34.667,-30.084,-11.455,-18.629,1447.964,1575.533,1320.394
2021-12-01,1311.45,1339.11,1279.58,1332.08,4186800,1356.262,1442.386,,35.697,-34.217,-16.007,-18.21,1442.386,1580.104,1304.668
2021-12-02,1336.76,1364.42,1319.89,1331.61,3833600,1345.576,1437.02,,35.651,-37.103,-20.226,-16.876,1437.02,1583.395,1290.644
2021-12-03,1301.14,1318.95,1273.49,1306.3,3570200,1333.39,1431.676,,33.139,-40.96,-24.373,-16.587,1431.676,1589.103,1274.25
2021-12-06,1308.17,1311.45,1273.96,1294.58,2460800,1318.11,1424.224,,32.015,-44.45,-28.388,-16.061,1424.224,1592.973,1255.475
2021-12-07,1313.33,1317.08,1294.11,1308.64,2083400,1314.642,1415.248,,34.87,-45.556,-31.822,-13.734,1415.248,1588.71,1241.786
2021-12-08,1347.54,1355.04,1333.48,1343.32,2741800,1316.89,1406.483,,41.408,-43.137,-34.085,-9.052,1406.483,1575.613,1237.353
2021-12-09,1346.61,1353.17,1328.79,1328.79,1895600,1316.326,1398.632,,39.614,-41.909,-35.65,-6.26,1398.632,1566.833,1230.431
2021-12-10,1311.45,1323.64,1298.33,1303.02,2298800,1315.67,1390.43,,36.586,-42.526,-37.025,-5.501,1390.43,1560.568,1220.292
2021-12-13,1312.39,1313.8,1290.83,1301.14,2078200,1316.982,1380.142,1431.432,36.368,-42.674,-38.155,-4.519,1380.142,1545.442,1214.842
2021-12-14,1304.89,1305.83,1282.86,1284.74,2548400,1312.202,1366.924,1428.63,34.437,-43.612,-39.246,-4.366,1366.924,1516.909,1216.94
2021-12-15,1281.92,1294.11,1251.93,1256.61,2773000,1294.86,1351.598,1426.586,31.361,-46.094,-40.616,-5.478,1351.598,1477.938,1225.257
2021-12-16,1280.05,1280.99,1264.58,1265.99,3519800,1282.3,1339.904,1425.592,33.494,-46.765,-41.845,-4.919,1339.904,1450.812,1228.995
2021-12-17,1254.27,1264.11,1237.4,1243.96,4641000,1270.488,1329.217,1423.999,31.053,-48.515,-43.179,-5.336,1329.217,1433.318,1225.116
2021-12-20,1256.14,1290.83,1254.27,1265.05,2417200,1263.27,1320.757,1422.115,35.871,-47.651,-44.074,-3.577,1320.757,1416.046,1225.468
2021-12-21,1265.99,1288.95,1260.36,1278.64,1623600,1262.05,1313.21,1420.165,38.837,-45.347,-44.328,-1.018,1313.21,1395.192,1231.229
2021-12-22,1288.95,1319.42,1286.61,1305.83,2756200,1271.894,1309.976,1417.971,44.38,-40.856,-43.634,2.778,1309.976,1387.418,1232.535
2021-12-23,1299.27,1308.64,1294.58,1301.61,1556000,1279.018,1305.805,1415.909,43.718,-37.208,-42.349,5.14,1305.805,1374.743,1236.867
2021-12-24,1307.7,1311.92,1275.83,1282.86,1057800,1286.798,1301.586,1413.49,40.805,-35.422,-40.963,5.541,1301.586,1364.785,1238.388
2021-12-27,1292.7,1294.11,1259.43,1264.11,1091400,1286.61,1296.243,1409.994,38.072,-35.115,-39.794,4.679,1296.243,1352.419,1240.067
2021-12-28,1274.89,1286.61,1268.33,1285.67,1091000,1288.016,1294.228,1405.85,42.814,-32.754,-38.386,5.632,1294.228,1348.78,1239.675
2021-12-29,1267.86,1280.99,1265.99,1278.17,1199600,1282.484,1291.532,1401.276,41.62,-31.129,-36.934,5.805,1291.532,1343.474,1239.59
2021-12-30,1279.11,1285.67,1264.58,1269.27,1063800,1276.016,1288.415,1396.195,40.188,-30.212,-35.59,5.378,1288.415,1337.642,1239.188
2022-01-04,1298.33,1305.36,1282.39,1302.08,1528400,1279.86,1288.204,1391.77,47.377,-26.531,-33.778,7.247,1288.204,1337.143,1239.265
2022-01-05,1302.08,1306.3,1264.11,1264.58,1822600,1279.954,1286.704,1386.455,41.271,-26.337,-32.29,5.953,1286.704,1336.649,1236.759
2022-01-06,1242.55,1256.14,1225.21,1235.99,2198200,1270.018,1283.072,1379.537,37.322,-28.165,-31.465,3.3,1283.072,1336.729,1229.414
2022-01-07,1240.21,1244.9,1195.21,1206.93,2465600,1255.77,1276.252,1371.803,33.784,-31.594,-31.491,-0.104,1276.252,1332.285,1220.219
2022-01-11,1230.37,1230.37,1186.77,1189.12,1936000,1239.74,1269.268,1363.104,31.794,-35.342,-32.261,-3.081,1269.268,1332.13,1206.407
2022-01-12,1212.55,1218.65,1199.9,1211.62,1958400,1221.648,1264.698,1356.401,36.854,-36.081,-33.025,-3.056,1264.698,1330.451,1198.946
2022-01-13,1199.43,1206.46,1180.21,1180.21,1454800,1204.774,1258.652,1348.321,33.156,-38.754,-34.171,-4.583,1258.652,1332.087,1185.217
2022-01-14,1171.78,1178.81,1134.75,1144.59,2897400,1186.494,1251.644,1342.528,29.537,-43.248,-35.986,-7.262,1251.644,1339.858,1163.431
2022-01-17,1148.34,1171.78,1144.59,1160.53,2182400,1177.214,1246.84,1336.866,33.058,-45.004,-37.79,-7.215,1246.84,1343.933,1149.748
2022-01-18,1168.5,1173.18,1147.87,1159.59,1972600,1171.308,1241.52,1331.279,32.954,-45.943,-39.42,-6.522,1241.52,1345.604,1137.437
2022-01-19,1220.05,1250.99,1209.74,1212.55,8153800,1171.494,1239.95,1327.266,43.751,-41.93,-39.922,-2.008,1239.95,1344.823,1135.077
2022-01-20,1233.18,1271.14,1227.08,1235.99,5542200,1182.65,1238.497,1323.114,47.761,-36.438,-39.225,2.787,1238.497,1342.709,1134.285
2022-01-21,1221.93,1233.18,1205.99,1220.99,3650400,1197.93,1235.614,1317.77,45.525,-32.917,-37.964,5.047,1235.614,1338.33,1132.899
2022-01-24,1195.21,1220.99,1173.18,1220.05,2483200,1209.834,1231.326,1311.799,45.381,-29.858,-36.342,6.485,1231.326,1328.722,1133.929
2022-01-25,1235.05,1237.4,1205.99,1214.9,3364000,1220.896,1226.99,1306.381,44.553,-27.531,-34.58,7.049,1226.99,1318.771,1135.209
2022-01-26,1219.58,1267.86,1217.24,1253.8,3886000,1229.146,1225.537,1302.115,51.72,-22.292,-32.123,9.831,1225.537,1314.47,1136.604
2022-01-27,1206.93,1255.68,1200.84,1234.11,10200800,1228.77,1224.037,1296.66,48.316,-19.504,-29.599,10.095,1224.037,1311.225,1136.849
2022-01-28,1279.58,1300.67,1271.61,1282.39,6780200,1241.05,1223.873,1291.326,55.968,-13.246,-26.328,13.083,1223.873,1310.584,1137.162
2022-01-31,1282.39,1303.02,1278.17,1289.42,4033400,1254.924,1224.436,1285.851,56.968,-7.631,-22.589,14.958,1224.436,1312.76,1136.111
2022-02-01,1311.45,1335.36,1300.67,1301.61,3233600,1272.266,1226.052,1281.886,58.717,-2.172,-18.505,16.333,1226.052,1318.902,1133.203
2022-02-02,1313.33,1346.61,1299.73,1345.2,2408600,1290.546,1228.209,1279.636,64.305,5.606,-13.683,19.289,1228.209,1330.057,1126.36
2022-02-03,1298.33,1318.95,1294.11,1294.11,3318800,1302.546,1229.685,1276.833,54.922,7.561,-9.434,16.995,1229.685,1334.565,1124.805
2022-02-04,1296.45,1337.7,1293.64,1333.01,2578800,1312.67,1234.536,1274.902,59.739,12.11,-5.125,17.235,1234.536,1349.166,1119.906
2022-02-07,1379.88,1380.35,1349.89,1355.98,4072800,1325.982,1241.988,1274.611,62.301,17.368,-0.627,17.995,1241.988,1367.888,1116.089
2022-02-08,1347.07,1352.23,1328.79,1329.26,1934200,1331.512,1248.996,1273.496,57.701,19.158,3.33,15.828,1248.996,1378.065,1119.926
2022-02-09,1342.39,1344.26,1308.17,1334.89,1920200,1329.45,1255.159,1272.849,58.398,20.791,6.822,13.969,1255.159,1388.419,1121.899
2022-02-10,1348.01,1356.92,1322.7,1328.79,1380000,1336.386,1262.588,1272.005,57.297,21.348,9.727,11.62,1262.588,1394.817,1130.359
2022-02-14,1301.14,1310.05,1291.77,1297.86,1929000,1329.356,1270.251,1271.443,51.946,19.073,11.596,7.476,1270.251,1390.949,1149.554
2022-02-15,1318.01,1354.57,1316.14,1348.95,2307600,1327.95,1279.673,1271.78,58.791,21.148,13.507,7.642,1279.673,1393.53,1165.815
2022-02-16,1355.04,1355.98,1330.2,1347.07,1992000,1331.512,1289.046,1272.089,58.461,22.384,15.282,7.102,1289.046,1391.585,1186.508
2022-02-17,1340.04,1352.23,1303.02,1307.7,1781800,1326.074,1293.804,1272.117,51.892,19.956,16.217,3.739,1293.804,1390.034,1197.574
2022-02-18,1295.98,1312.39,1289.89,1308.17,1539200,1321.95,1297.413,1272.389,51.961,17.864,16.546,1.318,1297.413,1389.853,1204.973
2022-02-21,1292.7,1340.04,1290.83,1321.3,2167800,1326.638,1302.428,1272.642,53.96,17.069,16.651,0.418,1302.428,1388.042,1216.815
2022-02-22,1286.61,1289.42,1247.24,1257.08,4865400,1308.264,1304.28,1270.918,44.262,11.128,15.546,-4.418,1304.28,1383.776,1224.784
2022-02-24,1257.08,1276.3,1244.9,1270.67,2162200,1292.984,1307.068,1269.755,46.455,7.431,13.923,-6.492,1307.068,1376.658,1237.479
2022-02-25,1294.11,1309.58,1287.55,1303.95,1512000,1292.234,1309.576,1269.774,51.489,7.105,12.56,-5.455,1309.576,1374.545,1244.607
2022-02-28,1283.33,1311.45,1276.3,1300.67,1546600,1290.734,1312.904,1269.764,50.98,6.507,11.349,-4.842,1312.904,1367.604,1258.204
2022-03-01,1318.01,1338.17,1308.17,1332.08,1427600,1292.89,1315.388,1270.711,55.513,8.469,10.773,-2.304,1315.388,1368.75,1262.027
2022-03-02,1333.48,1342.86,1310.51,1318.01,1309600,1305.076,1316.818,1271.939,53.142,8.788,10.376,-1.588,1316.818,1368.763,1264.873
2022-03-03,1313.8,1313.8,1293.64,1299.73,1498200,1310.888,1316.724,1272.614,50.146,7.48,9.797,-2.317,1316.724,1368.792,1264.656
2022-03-04,1298.33,1303.48,1272.55,1287.55,1765600,1307.608,1313.842,1273.486,48.197,5.397,8.917,-3.519,1313.842,1365.654,1262.029
2022-03-07,1267.86,1276.3,1252.86,1264.58,1620800,1300.39,1312.365,1273.476,44.669,1.872,7.508,-5.636,1312.365,1368.081,1256.649
2022-03-08,1225.68,1261.3,1215.37,1229.9,2798400,1279.954,1307.21,1272.502,39.919,-3.677,5.271,-8.948,1307.21,1373.045,1241.374
2022-03-09,1253.33,1259.89,1236.93,1255.68,1546800,1267.488,1302.194,1271.499,44.633,-5.927,3.031,-8.958,1302.194,1367.667,1236.722
2022-03-10,1285.67,1301.61,1268.8,1298.33,1749600,1267.208,1300.648,1271.433,51.422,-4.22,1.581,-5.801,1300.648,1364.879,1236.417
2022-03-11,1283.8,1294.11,1260.36,1282.86,1896400,1266.27,1298.046,1271.433,49.072,-4.068,0.451,-4.519,1298.046,1360.631,1235.462
2022-03-14,1287.08,1316.61,1286.14,1296.92,1486000,1272.738,1296.453,1272.089,51.253,-2.781,-0.195,-2.586,1296.453,1357.342,1235.564
2022-03-15,1278.17,1287.08,1266.92,1286.61,1575800,1284.08,1295.89,1272.108,49.576,-2.564,-0.669,-1.895,1295.89,1356.932,1234.849
2022-03-16,1298.33,1305.36,1285.67,1288.49,1886800,1290.642,1292.867,1272.314,49.898,-2.214,-0.978,-1.236,1292.867,1348.603,1237.132
2022-03-17,1326.45,1352.23,1308.17,1350.82,2434600,1301.14,1293.055,1273.945,59.197,3.057,-0.171,3.228,1293.055,1349.578,1236.532
2022-03-18,1350.82,1372.38,1344.73,1366.76,3042400,1317.92,1296.008,1275.239,61.181,8.423,1.548,6.876,1296.008,1361.251,1230.765
2022-03-22,1378.48,1385.51,1366.29,1370.98,1877000,1332.732,1299.148,1277.367,61.712,12.869,3.812,9.057,1299.148,1372.41,1225.887
2022-03-23,1396.76,1422.54,1385.04,1420.19,1524400,1359.448,1304.093,1281.051,67.324,20.13,7.076,13.055,1304.093,1394.898,1213.288
2022-03-24,1410.82,1410.82,1373.79,1410.82,1393200,1383.914,1311.78,1285.129,65.36,24.843,10.629,14.214,1311.78,1411.426,1212.134
2022-03-25,1410.82,1415.51,1396.76,1408.48,934400,1395.446,1318.671,1289.516,64.851,28.065,14.116,13.949,1318.671,1425.171,1212.17
2022-03-28,1403.32,1427.22,1396.29,1422.54,936200,1406.602,1324.6,1293.734,66.537,31.392,17.571,13.82,1324.6,1440.445,1208.755
2022-03-29,1431.91,1431.91,1410.82,1429.57,972600,1418.32,1331.045,1298.722,67.379,34.201,20.897,13.304,1331.045,1455.32,1206.77
2022-03-30,1466.47,1468.83,1433.35,1442.81,1323600,1422.844,1336.582,1304.686,68.964,37.068,24.132,12.937,1336.582,1470.539,1202.624
2022-03-31,1430.99,1430.99,1404.02,1404.02,1457600,1421.484,1340.882,1309.556,59.798,35.798,26.465,9.333,1340.882,1477.819,1203.945
2022-04-01,1421.53,1478.29,1397.4,1454.64,2485000,1430.716,1348.628,1315.457,66.125,38.433,28.858,9.574,1348.628,1493.082,1204.173
2022-04-04,1457.0,1485.39,1457.0,1478.29,1165200,1441.866,1358.164,1320.772,68.611,41.946,31.476,10.47,1358.164,1510.605,1205.724
2022-04-05,1471.2,1487.75,1454.64,1487.75,1473000,1453.502,1369.323,1325.807,69.573,44.975,34.176,10.799,1369.323,1525.545,1213.101
2022-04-06,1475.93,1516.14,1471.2,1504.31,2126000,1465.802,1383.044,1331.473,71.234,48.156,36.972,11.185,1383.044,1535.871,1230.216
2022-04-07,1483.02,1497.21,1461.73,1485.39,1645000,1482.076,1394.529,1336.78,66.749,48.591,39.296,9.295,1394.529,1541.468,1247.59
2022-04-08,1506.67,1516.14,1485.39,1509.04,1339600,1492.956,1405.064,1342.663,69.347,50.264,41.489,8.775,1405.064,1553.173,1256.956
2022-04-11,1504.31,1506.67,1471.2,1480.66,1504600,1493.43,1414.954,1347.2,62.987,48.739,42.939,5.799,1414.954,1554.895,1275.014
2022-04-12,1480.66,1494.85,1466.47,1478.29,957000,1491.538,1424.023,1352.084,62.472,46.799,43.711,3.088,1424.023,1554.975,1293.071
2022-04-13,1464.1,1478.29,1452.27,1461.73,1268200,1483.022,1432.779,1355.67,58.85,43.425,43.654,-0.229,1432.779,1547.452,1318.106
2022-04-14,1473.56,1473.56,1452.27,1459.37,802600,1477.818,1441.323,1359.069,58.33,40.098,42.943,-2.845,1441.323,1534.104,1348.542
2022-04-15,1438.08,1478.29,1433.35,1475.93,703200,1471.196,1447.578,1362.556,60.934,38.356,42.025,-3.67,1447.578,1531.073,1364.084
2022-04-18,1449.91,1461.73,1416.32,1419.16,862200,1458.896,1450.198,1364.035,49.512,32.025,40.025,-8.0,1450.198,1525.943,1374.454
2022-04-19,1419.16,1433.35,1408.75,1413.96,1462600,1446.03,1452.348,1366.432,48.613,26.285,37.277,-10.992,1452.348,1520.708,1383.987
2022-04-20,1415.38,1421.52,1386.52,1388.41,1632000,1431.366,1450.759,1367.54,44.352,19.45,33.712,-14.261,1450.759,1523.597,1377.92
2022-04-21,1394.09,1421.53,1384.63,1409.7,1626800,1421.432,1450.702,1368.614,48.409,15.572,30.084,-14.512,1450.702,1523.672,1377.733
2022-04-22,1383.68,1412.06,1381.79,1402.6,2410200,1406.766,1450.408,1370.081,47.174,11.79,26.425,-14.635,1450.408,1524.138,1376.679
2022-04-25,1378.95,1457.0,1378.0,1452.27,2385200,1413.388,1451.895,1372.429,55.693,12.655,23.671,-11.016,1451.895,1524.448,1379.342
2022-04-26,1466.47,1494.85,1440.45,1487.75,2201800,1428.146,1454.804,1375.608,60.583,16.018,22.14,-6.122,1454.804,1528.248,1381.36
2022-04-27,1473.56,1594.19,1468.83,1591.82,6413000,1468.828,1462.254,1381.487,70.772,26.773,23.067,3.706,1462.254,1557.555,1366.954
2022-04-28,1624.94,1660.42,1589.46,1624.94,6566800,1511.876,1473.3,1387.007,73.151,37.535,25.961,11.575,1473.3,1589.173,1357.428
2022-05-02,1627.3,1636.76,1594.19,1617.84,1728400,1554.924,1481.46,1392.422,71.802,44.974,29.763,15.211,1481.46,1613.639,1349.282
2022-05-06,1646.23,1662.78,1610.75,1650.96,2302400,1594.662,1490.094,1399.288,74.193,52.931,34.397,18.534,1490.094,1642.421,1337.767
2022-05-09,1627.3,1636.76,1594.19,1601.29,1552800,1617.37,1495.771,1405.15,65.256,54.6,38.437,16.162,1495.771,1655.989,1335.553
2022-05-10,1577.63,1577.63,1535.06,1572.9,1616000,1613.586,1499.201,1410.182,60.752,53.02,41.354,11.666,1499.201,1663.082,1335.319
2022-05-11,1539.79,1603.65,1530.33,1589.46,1745000,1606.49,1504.404,1416.83,62.383,52.5,43.583,8.917,1504.404,1672.981,1335.827
2022-05-12,1700.63,1740.84,1622.57,1634.4,4476400,1609.802,1510.672,1424.104,66.457,55.079,45.882,9.196,1510.672,1689.014,1332.33
2022-05-13,1632.03,1717.18,1632.03,1676.97,2275000,1615.004,1520.488,1431.565,69.794,59.867,48.679,11.188,1520.488,1712.927,1328.048
2022-05-16,1693.53,1693.53,1632.03,1641.49,1692800,1623.044,1528.648,1438.381,64.073,60.106,50.965,9.142,1528.648,1727.293,1330.002
2022-05-17,1662.78,1724.28,1662.78,1712.45,1478800,1650.954,1541.184,1445.988,69.464,65.269,53.826,11.444,1541.184,1753.24,1329.127
2022-05-18,1700.63,1738.47,1695.9,1729.01,1662400,1678.864,1554.666,1454.208,70.574,69.892,57.039,12.853,1554.666,1778.765,1330.566
2022-05-19,1714.82,1747.93,1702.99,1710.09,2491400,1694.002,1566.374,1462.416,67.553,71.207,59.873,11.335,1566.374,1797.51,1335.237
2022-05-20,1688.8,1712.45,1650.96,1665.15,3195600,1691.638,1578.673,1469.968,60.887,67.842,61.466,6.375,1578.673,1802.902,1354.444
2022-05-23,1695.9,1700.63,1674.61,1691.17,1889000,1701.574,1592.534,1478.499,63.154,66.508,62.475,4.033,1592.534,1807.992,1377.075
2022-05-24,1672.24,1710.09,1665.15,1698.26,1474600,1698.736,1608.026,1487.867,63.77,65.27,63.034,2.236,1608.026,1805.493,1410.559
2022-05-25,1681.7,1688.8,1653.32,1660.42,2385200,1685.018,1620.562,1495.961,58.177,60.538,62.534,-1.997,1620.562,1795.572,1445.552
2022-05-26,1655.69,1672.24,1634.4,1655.69,1550200,1674.138,1633.216,1503.109,57.499,55.763,61.18,-5.417,1633.216,1775.387,1491.046
2022-05-27,1679.34,1700.63,1658.05,1676.97,2029200,1676.502,1644.452,1510.991,59.773,53.084,59.561,-6.477,1644.452,1759.304,1529.599
2022-05-30,1707.72,1724.28,1691.17,1721.91,2259200,1682.65,1656.16,1519.491,64.137,53.965,58.442,-4.476,1656.16,1749.474,1562.845
2022-05-31,1712.45,1736.11,1700.63,1731.38,4701200,1689.274,1663.138,1528.386,64.999,54.796,57.713,-2.916,1663.138,1757.064,1569.211
2022-06-01,1743.2,1769.22,1726.64,1750.3,1498800,1707.25,1669.406,1537.622,66.719,56.332,57.437,-1.105,1669.406,1769.151,1569.66
2022-06-02,1755.03,1757.39,1712.45,1719.55,1008800,1720.022,1674.491,1544.997,61.434,54.44,56.837,-2.397,1674.491,1773.535,1575.447
2022-06-03,1693.53,1698.26,1610.75,1615.48,3773000,1707.724,1672.717,1549.971,47.669,44.036,54.277,-10.241,1672.717,1774.761,1570.673
2022-06-06,1587.09,1629.67,1587.09,1617.84,2001000,1686.91,1673.544,1554.908,47.954,35.571,50.536,-14.965,1673.544,1773.395,1573.694
2022-06-07,1639.13,1639.13,1603.65,1615.48,1538000,1663.73,1675.674,1558.814,47.675,28.345,46.098,-17.753,1675.674,1768.022,1583.325
2022-06-08,1627.3,1648.59,1624.94,1643.86,1290000,1642.442,1678.394,1563.475,51.346,24.625,41.803,-17.178,1678.394,1762.924,1593.863
2022-06-09,1643.86,1674.61,1639.13,1667.51,1216600,1632.034,1680.049,1568.656,54.228,23.316,38.106,-14.79,1680.049,1762.216,1597.882
2022-06-10,1653.32,1667.51,1627.3,1655.69,1315800,1640.076,1678.985,1573.319,52.552,21.082,34.701,-13.619,1678.985,1761.868,1596.102
2022-06-13,1624.94,1634.4,1591.82,1603.65,1100800,1637.238,1677.093,1576.8,45.837,14.94,30.749,-15.809,1677.093,1765.146,1589.04
2022-06-14,1556.35,1565.81,1518.5,1553.98,1547800,1624.938,1669.17,1579.024,40.516,5.995,25.798,-19.803,1669.17,1771.232,1567.107
2022-06-15,1549.25,1551.61,1504.31,1520.87,1308400,1600.34,1658.762,1581.361,37.399,-3.722,19.894,-23.616,1658.762,1776.393,1541.132
2022-06-16,1551.61,1561.08,1518.5,1530.33,1116400,1572.904,1649.774,1582.874,38.847,-10.539,13.807,-24.346,1649.774,1777.894,1521.655
2022-06-17,1497.21,1499.58,1426.26,1471.2,3165200,1536.006,1640.077,1582.733,33.615,-20.476,6.951,-27.427,1640.077,1790.684,1489.47
2022-06-20,1480.66,1490.12,1457.0,1478.29,1278800,1510.934,1629.433,1582.543,34.75,-27.462,0.068,-27.531,1629.433,1794.255,1464.611
2022-06-21,1487.75,1516.14,1480.66,1516.14,1248600,1503.366,1620.327,1582.78,40.588,-29.604,-5.866,-23.738,1620.327,1789.212,1451.442
2022-06-22,1527.96,1530.33,1492.48,1506.67,1062200,1500.526,1612.64,1583.206,39.633,-31.7,-11.033,-20.667,1612.64,1787.723,1437.556
2022-06-23,1509.04,1523.23,1494.85,1501.94,1286800,1494.848,1604.952,1583.064,39.137,-33.358,-15.498,-17.86,1604.952,1785.493,1424.411
2022-06-24,1551.61,1580.0,1532.69,1572.9,1884800,1515.188,1599.749,1584.908,49.367,-28.616,-18.122,-10.495,1599.749,1777.528,1421.969
2022-06-27,1558.71,1570.54,1525.6,1556.35,1389400,1530.8,1591.47,1586.47,47.367,-25.896,-19.676,-6.219,1591.47,1760.502,1422.439
2022-06-28,1556.35,1589.46,1553.98,1575.27,1206600,1542.626,1583.665,1588.74,49.867,-21.959,-20.133,-1.826,1583.665,1739.388,1427.942
2022-06-29,1527.96,1572.9,1523.23,1570.54,2335400,1555.4,1574.677,1590.964,49.238,-19.003,-19.907,0.904,1574.677,1709.213,1440.141
2022-06-30,1575.27,1577.63,1551.61,1558.71,1598800,1566.754,1566.635,1592.619,47.618,-17.413,-19.408,1.995,1566.635,1682.664,1450.606
2022-07-01,1553.98,1575.27,1544.52,1563.44,1691600,1564.862,1564.033,1595.505,48.35,-15.592,-18.645,3.053,1564.033,1677.761,1450.305
2022-07-04,1556.35,1613.11,1556.35,1613.11,1864600,1576.214,1563.796,1599.488,55.394,-10.026,-16.921,6.896,1563.796,1677.072,1450.521
2022-07-05,1636.76,1691.17,1627.3,1681.7,3437400,1597.5,1567.107,1605.354,62.916,-0.078,-13.553,13.474,1567.107,1690.191,1444.024
2022-07-06,1714.82,1747.93,1693.53,1747.93,3837000,1632.978,1572.311,1612.118,68.448,12.999,-8.242,21.241,1572.311,1716.112,1428.51
2022-07-07,1745.57,1769.22,1719.55,1740.84,2689600,1669.404,1575.978,1618.883,67.291,22.531,-2.088,24.619,1575.978,1733.119,1418.836
2022-07-08,1755.03,1766.85,1721.91,1736.11,1815600,1703.938,1579.999,1624.56,66.483,29.366,4.203,25.163,1579.999,1749.369,1410.628
2022-07-11,1740.84,1745.57,1693.53,1705.36,1942400,1722.388,1585.084,1628.912,61.33,31.932,9.749,22.183,1585.084,1763.32,1406.848
2022-07-12,1679.34,1719.55,1669.88,1698.26,1983400,1725.7,1592.298,1631.041,60.17,33.013,14.402,18.611,1592.298,1776.802,1407.794
2022-07-13,1693.53,1712.45,1684.07,1691.17,1054200,1714.348,1600.813,1632.366,58.971,32.918,18.105,14.813,1600.813,1787.147,1414.479
2022-07-14,1688.8,1724.28,1676.97,1688.8,1645800,1703.94,1608.736,1633.785,58.551,32.279,20.94,11.339,1608.736,1795.927,1421.546
2022-07-15,1684.07,1719.55,1684.07,1691.17,1671000,1694.952,1619.735,1634.589,58.866,31.6,23.072,8.528,1619.735,1798.562,1440.908
2022-07-19,1695.9,1710.09,1650.96,1698.26,1617000,1693.532,1630.734,1636.528,59.851,31.274,24.712,6.561,1630.734,1799.718,1461.749
2022-07-20,1733.74,1766.85,1729.01,1740.84,1504800,1702.048,1641.968,1639.887,65.234,34.058,26.581,7.476,1641.968,1808.738,1475.199
2022-07-21,1745.57,1759.76,1710.09,1747.93,1418200,1713.4,1654.031,1643.057,66.05,36.417,28.549,7.868,1654.031,1814.373,1493.69
2022-07-22,1757.39,1797.6,1752.66,1795.24,1738800,1734.688,1668.696,1646.273,70.951,41.624,31.164,10.46,1668.696,1824.041,1513.352
2022-07-25,1799.97,1835.45,1792.87,1811.79,1473800,1758.812,1680.641,1648.97,72.45,46.55,34.241,12.309,1680.641,1841.606,1519.676
2022-07-26,1809.43,1837.81,1785.78,1823.62,2699800,1783.884,1694.005,1652.612,73.502,50.822,37.557,13.265,1694.005,1855.898,1532.111
2022-07-27,1724.28,1821.26,1710.09,1811.79,6375600,1798.074,1705.83,1654.599,70.598,52.646,40.575,12.071,1705.83,1865.747,1545.914
2022-07-28,1778.68,1783.41,1724.28,1783.41,3429600,1805.17,1716.474,1655.687,64.061,51.212,42.702,8.509,1716.474,1866.507,1566.441
2022-07-29,1750.3,1781.05,1738.47,1745.57,2433400,1795.236,1725.817,1656.397,56.542,46.486,43.459,3.027,1725.817,1856.511,1595.123
2022-08-01,1719.55,1755.03,1707.72,1747.93,1950400,1782.464,1735.042,1658.052,56.882,42.441,43.255,-0.814,1735.042,1841.224,1628.859
2022-08-02,1747.93,1776.32,1729.01,1759.76,2389400,1769.692,1742.374,1659.424,58.629,39.733,42.551,-2.818,1742.374,1832.079,1652.669
2022-08-03,1766.85,1807.06,1764.49,1783.41,2142200,1764.016,1747.46,1661.127,61.948,39.045,41.85,-2.805,1747.46,1834.164,1660.755
2022-08-04,1781.05,1781.05,1731.38,1731.38,1619400,1753.61,1746.632,1662.546,52.054,33.91,40.262,-6.352,1746.632,1833.633,1659.631
2022-08-05,1733.74,1769.22,1721.91,1759.76,1543400,1756.448,1747.578,1664.628,56.166,31.764,38.562,-6.798,1747.578,1834.725,1660.431
2022-08-08,1747.93,1752.66,1688.8,1695.9,1801400,1746.042,1745.567,1665.006,46.502,24.627,35.775,-11.148,1745.567,1835.635,1655.5
2022-08-09,1702.99,1750.3,1702.99,1726.64,1364800,1739.418,1746.632,1665.101,50.883,21.207,32.862,-11.655,1746.632,1835.189,1658.074
2022-08-10,1721.91,1731.38,1684.07,1691.17,1501200,1720.97,1746.277,1664.297,46.183,15.456,29.38,-13.924,1746.277,1835.702,1656.852
2022-08-12,1679.34,1738.47,1669.88,1707.72,2283800,1716.238,1747.105,1663.445,48.57,12.095,25.923,-13.829,1747.105,1834.669,1659.54
2022-08-15,1726.64,1731.38,1707.72,1731.38,802600,1710.562,1749.233,1663.682,51.858,11.21,22.981,-11.77,1749.233,1832.809,1665.658
2022-08-16,1738.47,1778.68,1733.74,1762.12,1278000,1723.806,1752.781,1666.615,55.81,12.842,20.953,-8.111,1752.781,1831.883,1673.679
2022-08-17,1771.58,1783.41,1740.84,1755.03,1773400,1729.484,1755.62,1669.358,54.695,13.409,19.444,-6.035,1755.62,1830.442,1680.797
2022-08-18,1740.84,1814.16,1721.91,1811.79,2161800,1753.608,1759.167,1673.285,61.353,18.228,19.201,-0.973,1759.167,1837.676,1680.658
2022-08-19,1842.54,1844.91,1792.87,1809.43,1994000,1773.95,1762.242,1676.596,60.952,21.607,19.682,1.925,1762.242,1843.662,1680.822
2022-08-22,1797.6,1837.81,1797.6,1821.26,1153600,1791.926,1763.543,1679.671,62.283,24.952,20.736,4.216,1763.543,1847.959,1679.127
2022-08-23,1818.89,1818.89,1785.78,1799.97,1543400,1799.496,1762.952,1682.557,58.423,25.59,21.707,3.884,1762.952,1846.102,1679.802
2022-08-24,1804.7,1804.7,1755.03,1755.03,1338400,1799.496,1759.523,1685.584,51.209,22.214,21.808,0.406,1759.523,1837.643,1681.402
2022-08-25,1757.39,1773.95,1736.11,1766.85,1229200,1790.508,1757.276,1689.842,52.858,20.258,21.498,-1.24,1757.276,1831.557,1682.994
2022-08-26,1776.32,1788.14,1736.11,1736.11,1174000,1775.844,1754.91,1694.146,48.287,16.043,20.407,-4.364,1754.91,1828.698,1681.123
2022-08-29,1714.82,1747.93,1705.36,1743.2,1656400,1760.232,1754.792,1698.404,49.374,13.123,18.95,-5.827,1754.792,1828.651,1680.933
2022-08-30,1752.66,1795.24,1747.93,1795.24,2063200,1759.286,1757.157,1704.885,56.589,14.837,18.128,-3.291,1757.157,1833.092,1681.223
2022-08-31,1764.49,1807.06,1745.57,1802.33,1914200,1768.746,1759.286,1711.365,57.478,16.577,17.818,-1.241,1759.286,1837.868,1680.704
2022-09-01,1769.22,1773.95,1750.3,1750.3,2026800,1765.436,1757.63,1716.049,49.471,13.6,16.974,-3.374,1757.63,1835.464,1679.797
2022-09-02,1738.47,1743.2,1700.63,1721.91,2089800,1762.596,1757.157,1720.353,45.727,8.848,15.349,-6.501,1757.157,1835.774,1678.54
2022-09-05,1717.18,1757.39,1710.09,1743.2,932800,1762.596,1756.329,1725.179,48.853,6.723,13.624,-6.901,1756.329,1835.179,1677.479
2022-09-06,1764.49,1764.49,1726.64,1726.64,1075000,1748.876,1757.866,1728.253,46.605,3.66,11.631,-7.971,1757.866,1832.861,1682.871
2022-09-07,1693.53,1740.84,1672.24,1729.01,2169600,1734.212,1757.984,1731.707,46.981,1.408,9.586,-8.179,1757.984,1832.779,1683.19
2022-09-08,1721.91,1757.39,1714.82,1750.3,1944800,1734.212,1760.941,1735.207,50.363,1.325,7.934,-6.609,1760.941,1828.985,1692.897
2022-09-09,1752.66,1816.52,1747.93,1807.06,2474200,1751.242,1765.908,1739.938,58.047,5.774,7.502,-1.728,1765.908,1832.071,1699.745
2022-09-12,1816.52,1816.52,1766.85,1773.95,1624400,1757.392,1768.037,1744.242,52.902,6.552,7.312,-0.76,1768.037,1832.233,1703.84
2022-09-13,1799.97,1811.79,1783.41,1790.51,1451200,1770.166,1769.456,1748.784,55.048,8.408,7.531,0.877,1769.456,1834.353,1704.559
2022-09-14,1745.57,1757.39,1719.55,1743.2,1749400,1773.004,1768.865,1751.386,48.28,5.992,7.223,-1.231,1768.865,1834.526,1703.203
2022-09-15,1743.2,1752.66,1719.55,1729.01,1363400,1768.746,1764.726,1752.332,46.436,2.899,6.358,-3.459,1764.726,1829.423,1700.028
2022-09-16,1714.82,1745.57,1712.45,1733.74,1956000,1754.082,1760.941,1752.048,47.161,0.82,5.251,-4.431,1760.941,1823.446,1698.436
2022-09-20,1729.01,1755.03,1707.72,1752.66,1766000,1749.824,1757.511,1752.284,50.07,0.691,4.339,-3.648,1757.511,1813.241,1701.781
2022-09-21,1766.85,1769.22,1710.09,1717.18,2122200,1735.158,1753.372,1751.906,45.06,-2.248,3.022,-5.269,1753.372,1808.113,1698.63
2022-09-22,1702.99,1733.74,1686.44,1724.28,1306200,1731.374,1751.834,1752.284,46.219,-3.959,1.625,-5.584,1751.834,1808.086,1695.582
2022-09-26,1717.18,1736.11,1705.36,1707.72,1471400,1727.116,1748.877,1752.473,43.892,-6.575,-0.015,-6.56,1748.877,1807.951,1689.804
2022-09-27,1717.18,1790.51,1707.72,1778.68,2367800,1736.104,1751.006,1754.224,54.471,-2.889,-0.59,-2.3,1751.006,1811.199,1690.813
2022-09-28,1759.76,1788.14,1736.11,1781.05,2878200,1741.782,1752.898,1756.069,54.778,0.221,-0.427,0.648,1752.898,1814.424,1691.373
2022-09-29,1789.61,1818.17,1770.57,1808.65,1825400,1760.076,1753.569,1758.418,58.3,4.856,0.629,4.227,1753.569,1817.29,1689.848
2022-09-30,1799.13,1808.65,1708.7,1732.5,2711000,1761.72,1750.078,1759.103,47.343,2.358,0.975,1.383,1750.078,1810.094,1690.061
2022-10-03,1713.46,1722.98,1665.86,1713.46,1688000,1762.868,1748.236,1758.555,45.062,-1.145,0.551,-1.696,1748.236,1810.445,1686.026
2022-10-04,1718.22,1782.47,1718.22,1782.47,1653400,1763.626,1751.264,1759.246,53.757,1.629,0.767,0.862,1751.264,1813.971,1688.556
2022-10-05,1784.85,1813.41,1761.06,1780.09,1768200,1763.434,1753.108,1758.943,53.443,3.593,1.332,2.261,1753.108,1816.976,1689.24
2022-10-06,1796.75,1813.41,1784.85,1789.61,1276400,1759.626,1756.256,1758.5,54.586,5.851,2.236,3.615,1756.256,1820.835,1691.678
2022-10-07,1772.95,1818.17,1761.06,1813.41,1948800,1775.808,1760.476,1758.295,57.402,9.452,3.679,5.773,1760.476,1828.497,1692.456
2022-10-11,1791.99,1815.79,1775.33,1780.09,1346400,1789.134,1761.966,1757.661,52.494,9.507,4.845,4.663,1761.966,1830.352,1693.58
2022-10-12,1770.57,1770.57,1696.8,1708.7,2018000,1774.38,1757.048,1756.167,43.845,3.747,4.625,-0.878,1757.048,1825.925,1688.171
2022-10-13,1715.84,1722.98,1665.86,1673.0,1905000,1752.962,1752.0,1754.716,40.271,-3.656,2.969,-6.625,1752.0,1829.871,1674.13
2022-10-14,1706.32,1732.5,1689.66,1727.74,1654200,1740.588,1748.862,1754.312,47.356,-5.048,1.366,-6.413,1748.862,1825.243,1672.481
2022-10-17,1706.32,1742.02,1694.42,1734.88,1436400,1724.882,1748.446,1753.814,48.219,-5.511,-0.01,-5.501,1748.446,1825.047,1671.845
2022-10-18,1751.54,1775.33,1744.4,1772.95,1415400,1723.454,1750.643,1753.605,52.673,-2.775,-0.563,-2.212,1750.643,1827.417,1673.869
2022-10-19,1768.19,1782.47,1753.92,1761.06,1020400,1733.926,1752.009,1754.199,51.192,-1.547,-0.76,-0.788,1752.009,1828.488,1675.53
2022-10-20,1744.4,1787.23,1734.88,1782.47,1561200,1755.82,1753.5,1754.653,53.716,1.14,-0.38,1.519,1753.5,1831.185,1675.814
2022-10-21,1784.85,1811.03,1782.47,1784.85,1513600,1767.242,1756.883,1756.432,54.0,3.422,0.381,3.041,1756.883,1833.799,1679.967
2022-10-24,1791.99,1806.27,1777.71,1784.85,1085000,1777.236,1759.911,1757.596,54.0,5.171,1.339,3.832,1759.911,1836.189,1683.634
2022-10-25,1780.09,1780.09,1739.64,1775.33,1890000,1777.712,1763.292,1759.279,52.502,5.723,2.215,3.507,1763.292,1835.726,1690.858
2022-10-26,1796.75,1820.55,1787.23,1811.03,2039800,1787.706,1764.91,1761.346,57.288,8.938,3.56,5.378,1764.91,1840.18,1689.639
2022-10-27,1882.43,1968.1,1858.63,1953.82,7224400,1821.976,1773.548,1765.794,70.215,22.746,7.397,15.348,1773.548,1886.728,1660.368
2022-10-28,1977.62,2046.63,1949.06,1953.82,5456600,1855.77,1780.806,1769.628,70.215,33.304,12.579,20.726,1780.806,1919.263,1642.35
2022-10-31,1963.34,1999.04,1946.68,1972.86,2209000,1893.372,1792.824,1773.985,71.547,42.716,18.606,24.11,1792.824,1953.56,1632.089
2022-11-01,1987.14,2037.11,1975.24,2032.35,1692000,1944.776,1808.769,1778.396,75.268,54.349,25.755,28.594,1808.769,1997.231,1620.307
2022-11-02,2027.59,2053.77,1991.9,2029.97,2228200,1988.564,1821.144,1782.807,74.846,62.654,33.135,29.519,1821.144,2033.343,1608.945
2022-11-04,2029.97,2039.49,1987.14,1996.66,2030000,1997.132,1831.973,1786.315,69.018,65.789,39.666,26.124,1831.973,2057.062,1606.883
2022-11-07,1999.04,2039.49,1996.66,2010.93,1100400,2008.554,1843.038,1790.534,70.092,68.634,45.459,23.175,1843.038,2080.766,1605.311
2022-11-08,2010.93,2079.95,2010.93,2063.29,1643400,2026.64,1855.532,1796.699,73.697,74.258,51.219,23.039,1855.532,2112.213,1598.852
2022-11-09,2063.29,2070.43,2015.69,2029.97,2301200,2026.164,1868.026,1801.962,68.074,75.16,56.007,19.153,1868.026,2133.423,1602.63
2022-11-10,2041.87,2077.57,2025.21,2068.05,1687200,2033.78,1885.994,1808.601,70.815,78.048,60.415,17.632,1885.994,2154.611,1617.377
2022-11-11,2098.99,2113.27,2079.95,2101.37,1359400,2054.722,1907.412,1815.764,72.999,82.079,64.748,17.331,1907.412,2172.814,1642.011
2022-11-14,2091.85,2106.13,2070.43,2082.33,1536000,2069.002,1925.142,1821.506,69.785,82.783,68.355,14.428,1925.142,2187.363,1662.921
2022-11-15,2098.99,2098.99,2034.73,2046.63,2269000,2065.67,1940.73,1826.392,64.088,79.543,70.593,8.951,1940.73,2192.171,1689.288
2022-11-16,2056.15,2082.33,2034.73,2068.05,1464200,2073.286,1955.484,1832.747,65.887,77.807,72.036,5.772,1955.484,2200.01,1710.959
2022-11-17,2101.37,2108.51,2065.67,2094.23,1098000,2078.522,1972.143,1840.193,67.998,77.649,73.158,4.491,1972.143,2206.064,1738.222
2022-11-18,2098.99,2129.92,2082.33,2125.17,1538200,2083.282,1989.278,1847.833,70.334,79.108,74.348,4.76,1989.278,2214.752,1763.804
2022-11-21,2141.82,2146.58,2079.95,2094.23,1490600,2085.662,2004.747,1855.184,65.208,76.882,74.855,2.027,2004.747,2212.959,1796.535
2022-11-22,2113.27,2120.41,2068.05,2072.81,2040000,2090.898,2019.145,1862.06,61.847,72.553,74.395,-1.842,2019.145,2201.558,1836.732
2022-11-24,2094.23,2113.27,2082.33,2082.33,1608800,2093.754,2034.495,1868.701,62.766,69.093,73.334,-4.241,2034.495,2178.05,1890.94
2022-11-25,2089.47,2089.47,2051.39,2075.19,1272600,2089.946,2047.703,1874.064,61.568,65.026,71.673,-6.646,2047.703,2146.238,1949.168
2022-11-28,2079.95,2079.95,2044.25,2065.67,1321000,2078.046,2053.296,1879.898,59.927,60.339,69.406,-9.067,2053.296,2141.556,1965.035
2022-11-29,2044.25,2046.63,2018.07,2037.11,1980400,2066.622,2057.46,1884.83,55.175,53.701,66.265,-12.564,2057.46,2132.884,1982.036
2022-11-30,2020.45,2027.59,1968.1,1987.14,4684000,2049.488,2058.174,1889.709,48.003,43.902,61.792,-17.89,2058.174,2130.43,1985.918
2022-12-01,1991.9,2006.18,1968.1,2006.18,2148800,2034.258,2056.866,1895.252,50.636,37.243,56.883,-19.639,2056.866,2131.981,1981.75
2022-12-02,2022.83,2022.83,1980.0,2010.93,1657600,2021.406,2055.914,1900.796,51.299,31.981,51.902,-19.921,2055.914,2132.923,1978.904
2022-12-05,2001.42,2008.55,1960.96,1977.62,1961800,2003.796,2054.962,1905.295,46.577,24.836,46.489,-21.653,2054.962,2135.448,1974.475
2022-12-06,1980.0,2006.18,1965.72,1996.66,1340400,1995.706,2054.248,1910.885,49.442,20.475,41.286,-20.812,2054.248,2136.609,1971.887
2022-12-07,1987.14,2049.01,1975.24,2039.49,2230200,2006.176,2053.058,1917.189,55.254,20.24,37.077,-16.837,2053.058,2135.557,1970.559
2022-12-08,2039.49,2049.01,2001.42,2025.21,1461800,2009.982,2052.82,1923.539,53.063,18.687,33.399,-14.712,2052.82,2135.626,1970.014
2022-12-09,2058.53,2108.51,2041.87,2082.33,1632600,2024.262,2053.534,1929.612,59.909,21.814,31.082,-9.268,2053.534,2137.135,1969.933
2022-12-12,2063.29,2094.23,2056.15,2079.95,1076200,2044.728,2052.463,1935.59,59.52,23.825,29.631,-5.805,2052.463,2134.008,1970.918
2022-12-13,2094.23,2103.75,2056.15,2056.15,1306800,2056.626,2051.154,1940.54,55.625,23.231,28.351,-5.12,2051.154,2131.512,1970.796
2022-12-14,2056.15,2075.19,2049.01,2072.81,1001600,2063.29,2052.463,1947.346,57.711,23.83,27.447,-3.617,2052.463,2133.362,1971.564
2022-12-15,2091.85,2091.85,2053.77,2058.53,1261800,2069.954,2051.987,1954.247,55.311,22.888,26.535,-3.647,2051.987,2132.611,1971.363
2022-12-16,2058.53,2060.91,2022.83,2037.11,1813200,2060.91,2049.131,1959.34,51.828,20.181,25.264,-5.083,2049.131,2127.469,1970.793
2022-12-19,2018.07,2041.87,2013.31,2022.83,975600,2049.486,2044.014,1964.195,49.587,16.69,23.549,-6.859,2044.014,2114.405,1973.623
2022-12-20,2022.83,2034.73,1975.24,1991.9,1417400,2036.636,2038.897,1968.241,45.044,11.298,21.099,-9.801,2038.897,2108.795,1969.0
2022-12-21,1984.76,2037.11,1968.1,2006.18,1479000,2023.31,2035.566,1972.096,47.438,8.084,18.496,-10.412,2035.566,2105.007,1966.125
2022-12-22,2018.07,2044.25,2003.8,2032.35,1105000,2018.074,2033.067,1977.141,51.6,7.561,16.309,-8.748,2033.067,2098.927,1967.207
2022-12-23,2025.21,2032.35,1982.38,1989.52,954600,2008.556,2028.784,1982.758,45.281,3.649,13.777,-10.128,2028.784,2094.251,1963.316
2022-12-26,1984.76,2013.31,1980.0,2010.93,571400,2006.176,2026.046,1989.516,48.665,2.25,11.472,-9.222,2026.046,2089.569,1962.524
2022-12-27,2010.93,2037.11,2006.18,2025.21,680400,2012.838,2025.452,1995.466,50.849,2.268,9.631,-7.363,2025.452,2088.76,1962.143
2022-12-28,2032.35,2039.49,1989.52,1989.52,803600,2009.506,2025.57,2000.559,45.625,-0.592,7.586,-8.178,2025.57,2088.585,1962.556
2022-12-29,1999.04,2034.73,1999.04,2034.73,954200,2009.982,2026.998,2005.794,52.309,0.781,6.225,-5.444,2026.998,2089.454,1964.542
2022-12-30,2034.73,2046.63,1999.04,2003.8,750000,2012.838,2026.641,2010.649,47.965,-0.619,4.856,-5.475,2026.641,2089.563,1963.72
2023-01-04,2029.97,2034.73,2003.8,2022.83,1586800,2015.218,2028.902,2015.456,50.679,-0.191,3.847,-4.038,2028.902,2087.509,1970.295
2023-01-05,1989.52,2010.93,1944.3,1960.96,1256200,2002.368,2027.117,2018.978,42.854,-4.789,2.12,-6.909,2027.117,2091.726,1962.508
2023-01-06,1953.82,1963.34,1906.22,1930.02,1630800,1990.468,2021.644,2021.882,39.564,-10.805,-0.465,-10.34,2021.644,2099.108,1944.179
2023-01-10,1930.02,1965.72,1927.64,1941.92,1136800,1971.906,2017.479,2025.214,41.426,-14.446,-3.261,-11.185,2017.479,2102.703,1932.255
2023-01-11,1920.5,1970.48,1918.12,1965.72,1004600,1964.29,2011.648,2028.307,45.072,-15.236,-5.656,-9.579,2011.648,2094.102,1929.195
2023-01-12,1956.2,1975.24,1937.16,1941.92,872200,1948.108,2004.747,2028.069,42.241,-17.579,-8.041,-9.538,2004.747,2086.23,1923.264
2023-01-13,1946.68,1963.34,1903.84,1908.6,1568600,1937.636,1997.37,2027.165,38.586,-21.873,-10.807,-11.066,1997.37,2085.688,1909.051
2023-01-16,1901.46,1937.16,1891.94,1910.98,828600,1933.828,1989.278,2025.927,38.992,-24.798,-13.605,-11.192,1989.278,2078.146,1900.41
2023-01-17,1958.58,1984.76,1934.78,1939.54,1477800,1933.352,1983.328,2024.071,43.794,-24.528,-15.79,-8.738,1983.328,2068.532,1898.125
2023-01-18,1932.4,1994.28,1930.02,1972.86,1485200,1934.78,1980.116,2022.929,48.853,-21.38,-16.908,-4.472,1980.116,2061.543,1898.689
2023-01-19,1941.92,1991.9,1927.64,1963.34,1304000,1939.064,1977.142,2022.263,47.536,-19.429,-17.412,-2.017,1977.142,2056.314,1897.969
2023-01-20,1941.92,1953.82,1918.12,1927.64,1411000,1942.872,1973.928,2020.597,42.871,-20.527,-18.035,-2.492,1973.928,2055.75,1892.107
2023-01-23,1932.4,1968.1,1932.4,1958.58,1430600,1952.392,1971.548,2018.503,47.665,-18.685,-18.165,-0.52,1971.548,2052.181,1890.916
2023-01-24,1968.1,1994.28,1960.96,1991.9,1343800,1962.864,1969.526,2017.741,52.306,-14.371,-17.406,3.035,1969.526,2045.639,1893.413
2023-01-25,2013.31,2015.69,1984.76,2010.93,870200,1970.478,1970.596,2016.599,54.773,-9.309,-15.787,6.478,1970.596,2048.476,1892.717
2023-01-26,2008.55,2013.31,1989.52,1999.04,948800,1977.618,1970.002,2014.552,52.931,-6.186,-13.867,7.681,1970.002,2046.758,1893.246
2023-01-27,2010.93,2013.31,1965.72,1977.62,1011200,1987.614,1967.622,2012.458,49.689,-5.377,-12.169,6.792,1967.622,2039.998,1895.247
2023-01-30,1944.3,2013.31,1941.92,2006.18,1952200,1997.134,1968.456,2011.649,53.756,-2.404,-10.216,7.812,1968.456,2042.262,1894.649
2023-01-31,1980.0,2039.49,1960.96,1999.04,3580600,1998.562,1966.671,2010.269,52.611,-0.616,-8.296,7.679,1966.671,2035.272,1898.07
2023-02-01,1999.04,2060.91,1975.24,1980.0,1700600,1992.376,1965.481,2007.984,49.578,-0.728,-6.782,6.054,1965.481,2032.17,1898.792
2023-02-02,2010.93,2039.49,2003.8,2032.35,1423200,1999.038,1965.957,2006.128,56.93,3.369,-4.752,8.121,1965.957,2034.48,1897.434
2023-02-03,2008.55,2025.21,1991.9,2025.21,1563600,2008.556,1969.17,2004.747,55.736,5.971,-2.607,8.578,1969.17,2042.558,1895.781
2023-02-06,2037.11,2044.25,1972.86,1991.9,1405000,2005.7,1972.263,2003.129,50.424,5.284,-1.029,6.313,1972.263,2043.899,1900.628
2023-02-07,2003.8,2025.21,1987.14,1991.9,1135800,2004.272,1974.762,2001.321,50.424,4.686,0.114,4.572,1974.762,2045.421,1904.104
2023-02-08,2001.42,2013.31,1987.14,2001.42,1177800,2008.556,1976.548,1999.845,51.943,4.924,1.076,3.848,1976.548,2048.043,1905.052
2023-02-09,1972.86,2018.07,1970.48,2013.31,928200,2004.748,1980.117,1998.798,53.844,6.002,2.061,3.941,1980.117,2051.462,1908.772
2023-02-10,2008.56,2087.09,2001.42,2041.87,1597200,2008.08,1986.78,1998.893,58.128,9.057,3.46,5.596,1986.78,2054.818,1918.743
2023-02-13,2046.63,2051.39,2001.42,2018.07,929600,2013.314,1992.135,1999.512,53.658,9.448,4.658,4.79,1992.135,2051.337,1932.933
2023-02-14,2051.39,2098.99,2049.01,2096.61,1463200,2034.256,1999.988,2001.32,63.605,15.912,6.909,9.004,1999.988,2070.421,1929.556
2023-02-15,2110.89,2120.41,2077.57,2087.09,1379400,2051.39,2005.7,2002.844,61.871,20.036,9.534,10.502,2005.7,2084.856,1926.544
2023-02-16,2098.99,2148.96,2098.99,2146.58,1193400,2078.044,2014.862,2006.223,67.781,27.785,13.184,14.6,2014.862,2113.416,1916.308
2023-02-17,2118.03,2179.9,2113.27,2160.86,1442200,2101.842,2026.523,2009.507,69.022,34.678,17.483,17.195,2026.523,2136.187,1916.859
2023-02-20,2156.1,2168.0,2129.92,2137.06,1018400,2125.64,2035.447,2011.458,64.558,37.785,21.543,16.241,2035.447,2150.735,1920.159
2023-02-21,2156.1,2189.42,2139.44,2144.2,1711800,2135.158,2043.062,2013.838,65.284,40.358,25.306,15.051,2043.062,2166.098,1920.026
2023-02-22,2134.68,2144.2,2077.57,2113.27,1651000,2140.394,2048.179,2014.457,59.594,39.446,28.134,11.312,2048.179,2174.068,1922.29
2023-02-24,2079.95,2094.23,2053.77,2084.71,1407800,2128.02,2052.462,2014.552,54.841,36.005,29.708,6.296,2052.462,2177.135,1927.79
2023-02-27,2053.77,2056.15,2018.07,2029.97,1269000,2101.842,2055.08,2014.028,47.089,28.531,29.473,-0.942,2055.08,2175.254,1934.906
2023-02-28,2039.49,2058.53,2029.97,2039.49,1502600,2082.328,2056.746,2013.362,48.454,23.11,28.2,-5.09,2056.746,2174.973,1938.518
2023-03-01,2029.97,2053.77,2018.07,2053.77,976400,2064.242,2059.482,2013.267,50.515,19.738,26.508,-6.77,2059.482,2174.578,1944.386
2023-03-02,2053.77,2075.19,2049.01,2072.81,1014800,2056.15,2064.122,2013.981,53.203,18.391,24.884,-6.494,2064.122,2173.044,1955.201
2023-03-03,2075.19,2077.57,2034.73,2063.29,1454600,2051.866,2065.67,2014.79,51.691,16.366,23.181,-6.815,2065.67,2173.565,1957.774
2023-03-06,2079.95,2115.65,2075.19,2087.09,1122400,2063.29,2068.764,2016.694,55.124,16.492,21.843,-5.351,2068.764,2175.314,1962.213
2023-03-07,2082.33,2103.75,2079.95,2094.23,940800,2074.238,2073.88,2018.455,56.131,16.972,20.869,-3.897,2073.88,2174.555,1973.205
2023-03-08,2122.79,2132.31,2094.23,2106.13,1232800,2084.71,2079.592,2019.93,57.83,18.104,20.316,-2.212,2079.592,2173.412,1985.771
2023-03-09,2127.55,2129.93,2110.89,2122.79,922600,2094.706,2085.66,2022.596,60.156,20.113,20.275,-0.162,2085.66,2173.714,1997.606
2023-03-10,2096.61,2113.27,2079.95,2091.85,1198200,2100.418,2089.587,2024.214,54.179,18.991,20.018,-1.028,2089.587,2170.795,2008.379
2023-03-13,2082.33,2108.51,2065.67,2106.13,786000,2104.226,2092.8,2025.833,56.336,19.033,19.821,-0.788,2092.8,2171.091,2014.509
2023-03-14,2091.85,2094.23,2046.63,2079.95,1369400,2101.37,2095.894,2027.641,51.546,16.762,19.209,-2.448,2095.894,2166.238,2025.55
2023-03-15,2087.09,2096.61,2053.77,2063.29,1000800,2092.802,2094.228,2028.212,48.708,13.462,18.06,-4.598,2094.228,2166.063,2022.393
2023-03-16,2032.35,2139.44,2029.97,2134.68,1917000,2095.18,2096.608,2030.83,59.1,16.418,17.732,-1.313,2096.608,2170.568,2022.647
2023-03-17,2115.65,2203.7,2113.27,2198.94,2446800,2116.598,2099.226,2034.352,65.814,23.673,18.92,4.753,2099.226,2183.607,2014.844
2023-03-20,2222.74,2234.64,2172.76,2179.9,1897600,2131.352,2100.178,2038.731,62.538,27.569,20.65,6.919,2100.178,2187.852,2012.503
2023-03-22,2213.22,2237.02,2194.18,2229.88,1982200,2161.338,2104.819,2044.728,67.159,34.294,23.379,10.915,2104.819,2208.989,2000.648
2023-03-23,2232.26,2251.3,2210.84,2244.16,1692600,2197.512,2109.816,2050.773,68.36,40.311,26.765,13.546,2109.816,2230.263,1989.37
2023-03-24,2258.43,2258.43,2220.36,2251.29,1334000,2220.834,2116.718,2056.484,68.97,45.135,30.439,14.696,2116.718,2252.798,1980.637
2023-03-27,2265.57,2267.95,2227.5,2229.88,1410400,2227.022,2123.976,2062.244,64.922,46.692,33.69,13.002,2123.976,2268.116,1979.836
2023-03-28,2232.26,2256.05,2194.18,2220.36,1381000,2235.114,2133.496,2068.479,63.147,46.62,36.276,10.344,2133.496,2276.639,1990.352
2023-03-29,2232.26,2275.09,2198.94,2270.33,1837400,2243.204,2145.038,2075.666,68.079,50.019,39.024,10.995,2145.038,2293.397,1996.678
2023-03-30,2287.13,2301.53,2234.33,2263.13,2032600,2246.998,2155.506,2082.138,66.694,51.537,41.527,10.01,2155.506,2306.275,2004.736
2023-03-31,2260.73,2287.13,2255.93,2272.73,1514400,2251.286,2165.502,2088.135,67.64,52.905,43.803,9.103,2165.502,2319.658,2011.345
2023-04-03,2294.33,2335.13,2284.73,2323.13,1359000,2269.936,2178.494,2095.331,72.115,57.395,46.521,10.874,2178.494,2340.002,2016.985
2023-04-04,2299.13,2311.13,2263.13,2282.33,2074000,2282.33,2188.256,2102.425,64.356,57.004,48.618,8.386,2188.256,2350.103,2026.408
2023-04-05,2296.73,2303.93,2258.33,2272.73,1686600,2282.81,2197.18,2108.708,62.648,55.282,49.95,5.331,2197.18,2356.869,2037.492
2023-04-06,2246.33,2258.33,2205.54,2222.33,2071000,2274.65,2202.99,2113.316,54.474,49.282,49.817,-0.535,2202.99,2357.088,2048.893
2023-04-07,2224.73,2241.53,2215.14,2222.33,830600,2264.57,2207.968,2117.544,54.474,44.02,48.657,-4.638,2207.968,2357.521,2058.414
2023-04-10,2241.53,2277.53,2227.13,2267.93,907800,2253.53,2216.772,2122.922,59.956,43.033,47.532,-4.5,2216.772,2358.046,2075.497
2023-04-11,2289.53,2296.73,2243.93,2248.73,982800,2246.81,2223.902,2128.344,56.852,40.238,46.073,-5.836,2223.902,2355.743,2092.06
2023-04-12,2248.73,2260.73,2241.53,2251.13,1285400,2242.49,2232.46,2133.243,57.15,37.781,44.415,-6.634,2232.46,2345.895,2119.026
2023-04-13,2260.73,2284.73,2253.53,2275.13,983000,2253.05,2243.053,2138.765,60.123,37.34,43.0,-5.66,2243.053,2325.23,2160.875
2023-04-14,2282.33,2311.13,2272.73,2299.13,1167400,2268.41,2251.275,2145.148,62.895,38.483,42.096,-3.613,2251.275,2319.525,2183.025
2023-04-17,2289.53,2294.33,2248.73,2263.13,1144600,2267.45,2254.484,2149.763,56.545,36.068,40.891,-4.822,2254.484,2318.263,2190.706
2023-04-18,2229.53,2553.53,2229.53,2467.13,8813400,2311.13,2268.846,2158.602,73.111,50.039,42.721,7.319,2268.846,2376.306,2161.386
2023-04-19,2419.13,2457.53,2356.73,2438.33,6043400,2348.57,2279.268,2167.53,69.106,58.117,45.8,12.317,2279.268,2408.953,2149.584
2023-04-20,2368.73,2385.53,2337.53,2375.93,2887600,2368.73,2285.857,2175.211,61.273,58.806,48.401,10.405,2285.857,2421.292,2150.422
2023-04-21,2404.73,2409.53,2371.13,2371.13,1515200,2383.13,2291.849,2182.605,60.703,58.293,50.38,7.913,2291.849,2431.387,2152.311
2023-04-24,2361.53,2383.13,2354.33,2356.73,1269600,2401.85,2298.192,2189.473,58.932,56.078,51.519,4.559,2298.192,2437.401,2158.982
2023-04-25,2363.93,2419.13,2356.73,2397.53,1686200,2387.93,2307.05,2196.587,62.289,56.958,52.607,4.351,2307.05,2447.944,2166.156
2023-04-26,2390.33,2404.73,2366.33,2399.93,1337000,2380.25,2313.53,2204.224,62.484,57.19,53.523,3.666,2313.53,2459.155,2167.905
2023-04-27,2399.93,2428.73,2390.33,2428.73,1281800,2390.81,2321.81,2210.866,64.826,59.017,54.622,4.395,2321.81,2474.05,2169.57
2023-04-28,2428.73,2462.33,2428.73,2452.73,1865400,2407.13,2330.81,2218.179,66.691,61.691,56.036,5.655,2330.81,2491.86,2169.76
2023-05-01,2471.93,2491.13,2433.53,2457.53,1253400,2427.29,2337.53,2224.398,67.068,63.465,57.522,5.944,2337.53,2508.162,2166.898
2023-05-02,2486.33,2505.53,2471.93,2486.33,1133000,2445.05,2347.73,2230.907,69.308,66.43,59.303,7.127,2347.73,2528.553,2166.907
2023-05-08,2558.32,2577.52,2500.73,2505.53,2329400,2466.17,2359.37,2238.277,70.737,69.527,61.348,8.179,2359.37,2549.593,2169.147
2023-05-09,2510.33,2563.12,2510.33,2558.32,2134400,2492.088,2376.17,2246.559,74.283,75.373,64.153,11.22,2376.17,2574.602,2177.737
2023-05-10,2582.32,2587.12,2515.13,2529.53,2178600,2507.448,2391.529,2254.884,69.348,76.797,66.682,10.115,2391.529,2587.364,2195.695
2023-05-11,2462.33,2510.33,2414.33,2505.53,4091400,2517.048,2403.41,2263.301,65.444,75.123,68.37,6.753,2403.41,2596.481,2210.338
2023-05-12,2539.13,2596.72,2529.53,2572.72,2311400,2534.326,2419.609,2274.156,70.458,78.315,70.359,7.956,2419.609,2612.404,2226.814
2023-05-15,2539.13,2558.32,2481.53,2510.33,3492200,2535.286,2432.569,2283.573,61.531,74.947,71.277,3.67,2432.569,2612.067,2253.071
2023-05-16,2539.13,2582.32,2524.73,2572.72,1914800,2538.166,2447.448,2293.952,66.15,76.431,72.307,4.123,2447.448,2621.242,2273.655
2023-05-17,2543.93,2577.52,2534.33,2567.92,2169600,2545.844,2460.888,2303.854,65.498,76.339,73.114,3.226,2460.888,2627.825,2293.951
2023-05-18,2596.72,2630.32,2577.52,2611.12,2174800,2566.962,2478.288,2314.81,68.505,78.844,74.26,4.584,2478.288,2630.312,2326.263
2023-05-19,2615.92,2683.12,2606.32,2683.12,2900800,2589.042,2489.087,2326.731,72.765,85.651,76.538,9.113,2489.087,2666.364,2311.81
2023-05-22,2678.32,2702.32,2663.92,2697.52,1948600,2626.48,2502.046,2338.797,73.536,91.158,79.462,11.695,2502.046,2700.348,2303.745
2023-05-23,2711.92,2726.32,2678.32,2683.12,1897000,2648.56,2517.406,2350.337,71.36,93.284,82.226,11.057,2517.406,2722.063,2312.749
2023-05-24,2635.12,2692.72,2635.12,2678.32,1424000,2670.64,2532.766,2361.447,70.61,93.504,84.482,9.022,2532.766,2737.308,2328.223
2023-05-25,2654.32,2673.52,2596.72,2606.32,1743600,2669.68,2545.245,2371.737,60.364,86.867,84.959,1.908,2545.245,2734.446,2356.044
2023-05-26,2606.32,2644.72,2591.92,2625.52,1297200,2658.16,2556.644,2382.124,61.949,82.209,84.409,-2.2,2556.644,2735.566,2377.723
2023-05-29,2649.52,2654.32,2591.92,2606.32,1118800,2639.92,2566.964,2392.652,59.391,76.091,82.745,-6.654,2566.964,2731.018,2402.91
2023-05-30,2591.92,2601.52,2553.53,2582.32,1212200,2619.76,2574.644,2403.032,56.262,68.516,79.899,-11.384,2574.644,2725.283,2424.004
2023-05-31,2587.12,2625.52,2572.72,2611.12,2205400,2606.32,2582.563,2412.561,59.05,64.098,76.739,-12.641,2582.563,2722.489,2442.637
2023-06-01,2635.12,2702.32,2625.52,2687.92,1854800,2622.64,2594.082,2422.341,65.385,66.032,74.598,-8.565,2594.082,2728.493,2459.672
2023-06-02,2692.72,2769.52,2692.72,2740.72,2148400,2645.68,2606.802,2433.557,68.943,71.007,73.88,-2.872,2606.802,2746.328,2467.276
2023-06-05,2766.16,2783.92,2723.92,2782.0,1959400,2680.816,2620.626,2444.6,71.416,77.389,74.582,2.807,2620.626,2772.17,2469.081
2023-06-06,2776.24,2878.96,2732.56,2868.4,3036800,2738.032,2636.13,2457.084,75.766,88.399,77.345,11.054,2636.13,2820.686,2451.573
2023-06-07,2868.4,2910.15,2790.64,2796.88,3786600,2775.184,2649.497,2467.996,66.715,90.313,79.939,10.374,2649.497,2840.171,2458.823
2023-06-08,2700.88,2728.24,2617.84,2623.12,5496000,2762.224,2655.377,2475.861,50.828,76.922,79.335,-2.414,2655.377,2834.245,2476.508
2023-06-09,2661.52,2705.68,2645.68,2694.16,3267400,2752.912,2661.448,2485.337,55.494,71.22,77.712,-6.492,2661.448,2836.711,2486.186
2023-06-12,2734.48,2782.0,2702.8,2733.52,2452000,2743.216,2672.608,2494.601,57.879,69.082,75.986,-6.904,2672.608,2835.33,2509.886
2023-06-13,2694.64,2727.28,2664.88,2709.04,3416400,2711.344,2679.424,2503.519,55.874,64.666,73.722,-9.056,2679.424,2835.826,2523.022
2023-06-14,2713.84,2714.8,2632.24,2664.4,2869800,2684.848,2684.248,2511.352,52.314,56.909,70.359,-13.451,2684.248,2831.875,2536.621
2023-06-15,2663.92,2717.68,2652.88,2655.28,3079200,2691.28,2686.456,2517.995,51.591,49.455,66.179,-16.724,2686.456,2830.761,2542.151
2023-06-16,2686.48,2716.72,2626.0,2706.64,5095800,2693.776,2687.632,2526.482,55.335,47.148,62.373,-15.224,2687.632,2832.206,2543.058
2023-06-19,2707.12,2731.6,2678.8,2691.76,1847000,2685.424,2687.344,2534.862,54.031,43.617,58.621,-15.004,2687.344,2831.858,2542.83
2023-06-20,2655.28,2669.2,2627.44,2657.68,2069000,2675.152,2686.072,2543.569,51.063,37.635,54.424,-16.789,2686.072,2831.189,2540.955
2023-06-21,2635.12,2702.8,2630.32,2677.36,1661600,2677.744,2686.024,2552.67,52.68,34.089,50.357,-16.268,2686.024,2831.153,2540.895
2023-06-22,2651.92,2686.96,2648.56,2664.4,1530200,2679.568,2688.928,2560.599,51.474,29.888,46.263,-16.375,2688.928,2829.597,2548.259
2023-06-23,2685.04,2685.04,2595.28,2615.44,1612600,2661.328,2688.424,2567.933,47.089,22.351,41.481,-19.13,2688.424,2830.118,2546.73
2023-06-26,2606.8,2618.8,2570.8,2609.2,1349200,2644.816,2688.568,2575.095,46.545,15.693,36.323,-20.63,2688.568,2829.916,2547.22
2023-06-27,2586.64,2650.0,2571.28,2638.48,1861600,2640.976,2691.376,2582.362,49.494,12.634,31.585,-18.952,2691.376,2825.904,2556.848
2023-06-28,2648.08,2719.6,2644.72,2713.84,1746800,2648.272,2696.512,2590.656,56.195,16.105,28.489,-12.385,2696.512,2825.883,2567.141
2023-06-29,2712.88,2743.12,2697.52,2714.32,1288200,2658.256,2697.832,2599.68,56.234,18.679,26.527,-7.849,2697.832,2827.373,2568.291
2023-06-30,2722.48,2749.36,2702.32,2733.52,1995000,2681.872,2697.472,2605.008,57.884,22.014,25.624,-3.61,2697.472,2826.55,2568.394
2023-07-03,2757.52,2774.8,2749.36,2757.52,1717400,2711.536,2696.248,2611.391,59.917,26.291,25.758,0.533,2696.248,2822.382,2570.114
2023-07-04,2744.08,2748.88,2717.68,2721.04,1199400,2728.048,2688.88,2618.294,55.529,26.432,25.893,0.539,2688.88,2786.713,2591.047
2023-07-05,2697.52,2745.04,2690.32,2739.28,1020400,2733.136,2686.0,2625.657,57.216,27.696,26.253,1.443,2686.0,2773.268,2598.732
2023-07-06,2710.96,2727.28,2698.96,2713.84,1053200,2733.04,2690.536,2632.799,54.131,26.342,26.271,0.071,2690.536,2773.36,2607.712
2023-07-07,2695.12,2741.68,2678.32,2684.08,1800800,2723.152,2690.032,2638.53,50.688,22.607,25.538,-2.932,2690.032,2772.885,2607.179
2023-07-10,2686.96,2696.56,2656.72,2667.28,1403000,2705.104,2686.72,2643.877,48.801,18.082,24.047,-5.965,2686.72,2767.524,2605.916
2023-07-11,2686.0,2709.04,2663.44,2674.0,1081600,2695.696,2684.968,2648.782,49.609,14.868,22.211,-7.344,2684.968,2765.252,2604.684
2023-07-12,2671.6,2684.56,2645.68,2654.32,923400,2678.704,2684.464,2652.814,47.256,10.61,19.891,-9.281,2684.464,2765.416,2603.512
2023-07-13,2666.32,2707.6,2650.48,2707.6,1206800,2677.456,2687.08,2657.815,53.663,11.403,18.193,-6.79,2687.08,2767.44,2606.72
2023-07-14,2708.08,2740.24,2692.72,2722.96,1085200,2685.232,2687.896,2662.548,55.347,13.12,17.179,-4.059,2687.896,2769.416,2606.376
2023-07-18,2754.16,2767.12,2738.32,2764.24,1251400,2704.624,2691.52,2667.722,59.596,17.608,17.265,0.344,2691.52,2779.917,2603.123
2023-07-19,2782.48,2798.32,2764.72,2794.48,1423400,2728.72,2698.36,2672.445,62.418,23.337,18.479,4.858,2698.36,2796.379,2600.341
2023-07-20,2773.84,2779.6,2736.4,2751.28,1195600,2748.112,2702.056,2676.88,56.362,24.113,19.606,4.507,2702.056,2802.29,2601.822
2023-07-21,2720.56,2747.44,2703.76,2729.2,1139200,2752.432,2705.296,2681.354,53.505,22.685,20.221,2.463,2705.296,2804.59,2606.002
2023-07-24,2753.2,2776.24,2731.6,2776.24,1245400,2763.088,2713.336,2685.424,58.349,25.059,21.189,3.87,2713.336,2807.924,2618.748
2023-07-25,2730.64,2759.92,2706.16,2727.76,1970000,2755.792,2719.264,2689.773,52.301,22.767,21.505,1.263,2719.264,2800.256,2638.272
2023-07-26,2724.88,2764.24,2705.2,2718.64,1927600,2740.624,2723.272,2692.691,51.226,19.984,21.201,-1.216,2723.272,2794.814,2651.73
2023-07-27,2918.31,3157.35,2913.51,3129.51,14600000,2816.27,2744.056,2703.923,75.586,50.352,27.031,23.321,2744.056,2939.053,2549.058
2023-07-28,3033.51,3033.51,2871.28,2941.83,10481600,2858.796,2755.431,2710.537,60.678,58.599,33.345,25.255,2755.431,2968.803,2542.059
2023-07-31,2976.39,3087.75,2953.35,3071.91,5224600,2917.93,2772.35,2718.313,65.724,74.77,41.63,33.14,2772.35,3027.903,2516.798
2023-08-01,3067.11,3080.55,3009.03,3063.75,3068000,2985.128,2787.662,2725.638,65.159,85.936,50.491,35.445,2787.662,3074.281,2501.043
2023-08-02,3022.47,3046.95,2967.27,2979.75,2162800,3037.35,2800.598,2731.57,59.491,87.004,57.794,29.21,2800.598,3097.716,2503.479
2023-08-03,2967.75,2997.51,2944.71,2959.11,2124600,3003.27,2811.589,2737.186,58.152,85.203,63.275,21.927,2811.589,3115.347,2507.831
2023-08-04,2949.51,2964.87,2885.68,2961.03,1531400,3007.11,2823.948,2744.28,58.246,82.974,67.215,15.759,2823.948,3131.057,2516.84
2023-08-07,2966.31,2986.95,2936.55,2978.79,1204800,2988.486,2838.684,2751.346,59.161,81.699,70.112,11.587,2838.684,3145.817,2531.551
2023-08-08,3003.75,3003.75,2956.23,2962.47,1104600,2968.23,2853.444,2758.469,57.906,78.467,71.783,6.684,2853.444,3154.199,2552.688
2023-08-09,2938.47,2966.31,2908.71,2908.71,1427200,2954.022,2865.179,2764.996,53.851,70.752,71.577,-0.825,2865.179,3154.554,2575.804
2023-08-10,2903.91,2910.63,2867.92,2889.04,1991000,2940.008,2876.915,2770.555,52.405,62.332,69.728,-7.396,2876.915,3148.793,2605.037
2023-08-14,2924.07,2931.27,2863.6,2882.8,1366800,2924.362,2885.675,2774.452,51.928,54.527,66.688,-12.16,2885.675,3145.611,2625.739
2023-08-15,2926.95,2942.31,2907.27,2934.15,1015600,2915.434,2896.234,2778.321,55.512,51.887,63.728,-11.84,2896.234,3145.269,2647.2
2023-08-16,2923.11,2929.35,2890.0,2900.07,1156800,2902.954,2903.026,2780.682,52.704,46.509,60.284,-13.775,2903.026,3144.188,2661.864
2023-08-17,2884.24,2895.28,2843.44,2859.28,1153200,2893.068,2906.266,2780.5,49.478,38.511,55.929,-17.418,2906.266,3142.988,2669.544
2023-08-18,2813.2,2821.36,2761.84,2781.04,1686600,2871.468,2907.754,2780.183,43.924,25.565,49.856,-24.292,2907.754,3140.718,2674.79
2023-08-21,2792.08,2814.64,2770.96,2799.76,1628600,2854.86,2911.282,2783.716,45.5,16.624,43.21,-26.586,2911.282,3134.807,2687.757
2023-08-22,2884.72,2895.28,2842.48,2861.2,1417800,2840.27,2915.53,2787.057,50.426,14.33,37.434,-23.104,2915.53,3131.345,2699.715
2023-08-23,2875.12,2926.95,2868.4,2921.19,1411200,2844.494,2925.202,2790.81,54.728,17.156,33.378,-16.223,2925.202,3122.093,2728.31
2023-08-24,2942.31,2946.15,2894.32,2896.72,1173200,2851.982,2934.106,2794.564,52.718,17.222,30.147,-12.925,2934.106,3106.212,2761.999
2023-08-25,2836.72,2851.12,2822.32,2834.32,1397200,2862.638,2919.346,2797.962,47.889,12.1,26.538,-14.438,2919.346,3070.214,2768.478
2023-08-28,2863.6,2890.48,2845.84,2879.44,1116000,2878.574,2916.226,2802.445,51.359,11.548,23.54,-11.992,2916.226,3067.716,2764.737
2023-08-29,2886.64,2936.55,2880.4,2905.83,1593800,2887.5,2907.922,2806.429,53.317,13.089,21.45,-8.36,2907.922,3040.508,2775.337
2023-08-30,2948.55,2986.47,2913.99,2925.03,1634400,2888.268,2900.986,2811.095,54.744,15.679,20.296,-4.616,2900.986,3012.008,2789.965
2023-08-31,2951.43,2958.63,2909.19,2948.55,1828000,2898.634,2899.427,2816.912,56.499,19.406,20.118,-0.712,2899.427,3006.598,2792.255
2023-09-01,2948.55,3011.91,2939.91,2989.35,1395000,2929.64,2900.938,2823.152,59.437,25.36,21.166,4.194,2900.938,3012.422,2789.455
2023-09-04,2992.71,3018.63,2971.59,3017.67,1346400,2957.286,2903.77,2830.217,61.386,31.994,23.332,8.662,2903.77,3024.2,2783.341
2023-09-05,3003.75,3027.27,2973.51,2986.47,1260800,2973.414,2904.154,2837.638,58.075,34.339,25.533,8.806,2904.154,3025.636,2782.673
2023-09-06,3003.27,3006.15,2949.99,2998.95,1152000,2988.198,2905.978,2845.433,59.027,36.78,27.782,8.997,2905.978,3032.151,2779.806
2023-09-07,2985.51,2995.11,2961.03,2977.35,1007800,2993.958,2909.41,2852.21,56.63,36.55,29.536,7.014,2909.41,3039.567,2779.254
2023-09-08,2949.03,2970.15,2909.19,2933.67,1654800,2982.822,2911.642,2856.607,52.028,32.469,30.122,2.346,2911.642,3041.859,2781.425
2023-09-11,2950.95,2959.11,2890.0,2912.07,990200,2961.702,2913.106,2860.562,49.87,27.179,29.534,-2.355,2913.106,3042.613,2783.598
2023-09-12,2927.91,2949.03,2902.95,2930.31,1126400,2950.47,2912.913,2864.498,51.693,24.179,28.463,-4.284,2912.913,3042.301,2783.526
2023-09-13,2911.11,2930.31,2787.76,2787.76,2935800,2908.232,2907.298,2865.102,39.583,10.182,24.807,-14.625,2907.298,3048.263,2766.333
2023-09-14,2810.32,2840.56,2753.68,2794.96,3693400,2871.754,2904.082,2866.581,40.343,-0.326,19.78,-20.106,2904.082,3052.403,2755.761
2023-09-15,2795.44,2808.88,2664.4,2706.64,5844000,2826.348,2900.362,2865.928,34.594,-15.601,12.704,-28.305,2900.362,3064.559,2736.165
2023-09-19,2671.12,2712.4,2647.12,2705.68,3512400,2785.07,2895.658,2865.765,34.536,-27.467,4.67,-32.137,2895.658,3076.534,2714.782
2023-09-20,2659.12,2671.6,2578.0,2581.36,4722400,2715.28,2881.666,2863.71,28.026,-46.368,-5.538,-40.83,2881.666,3110.66,2652.672
2023-09-21,2548.73,2558.8,2491.61,2512.25,4028000,2660.178,2861.219,2860.61,25.184,-66.161,-17.663,-48.499,2861.219,3142.429,2580.009
2023-09-22,2509.85,2593.84,2500.73,2530.97,3523800,2607.38,2842.932,2857.749,27.334,-79.421,-30.014,-49.407,2842.932,3159.738,2526.125
2023-09-25,2563.13,2695.12,2563.13,2690.32,6128000,2604.116,2835.732,2858.469,42.482,-76.194,-39.25,-36.943,2835.732,3159.824,2511.639
2023-09-26,2642.32,2668.24,2609.68,2622.16,3443200,2587.412,2822.868,2856.76,38.76,-78.234,-47.047,-31.187,2822.868,3159.824,2485.911
2023-09-27,2577.52,2623.12,2568.4,2615.92,2211200,2594.324,2808.372,2854.62,38.428,-79.438,-53.525,-25.913,2808.372,3155.103,2461.641
2023-09-28,2604.83,2628.47,2577.82,2607.24,2014000,2613.322,2792.482,2851.48,37.942,-80.169,-58.854,-21.315,2792.482,3145.768,2439.197
2023-09-29,2623.16,2637.63,2582.16,2597.59,2074600,2626.646,2774.934,2847.542,37.375,-80.598,-63.203,-17.395,2774.934,3130.438,2419.431
2023-10-02,2611.58,2623.64,2557.07,2558.04,1956000,2600.19,2753.369,2843.677,35.063,-83.17,-67.196,-15.974,2753.369,3106.427,2400.311
2023-10-03,2554.66,2603.86,2539.71,2592.29,2843200,2594.216,2732.1,2840.939,38.605,-81.506,-70.058,-11.448,2732.1,3068.999,2395.201
2023-10-04,2597.11,2616.41,2558.52,2583.6,2483800,2587.752,2711.956,2837.086,38.038,-79.966,-72.04,-7.926,2711.956,3032.601,2391.312
2023-10-05,2605.31,2640.52,2582.64,2630.39,1975800,2592.382,2693.528,2835.139,42.9,-74.116,-72.455,-1.661,2693.528,2985.836,2401.221
2023-10-06,2645.83,2673.33,2611.58,2611.58,1572200,2595.18,2675.24,2832.997,41.49,-70.188,-72.002,1.813,2675.24,2936.947,2413.533
2023-10-10,2650.65,2651.62,2610.13,2640.04,1625400,2611.58,2660.558,2823.208,44.463,-64.041,-70.41,6.369,2660.558,2892.472,2428.645
2023-10-11,2648.24,2648.24,2602.42,2614.96,1061000,2616.114,2645.703,2816.671,42.418,-60.496,-68.427,7.931,2645.703,2845.64,2445.766
2023-10-12,2632.32,2652.58,2619.3,2629.43,1624600,2625.28,2630.659,2807.821,44.018,-55.874,-65.916,10.042,2630.659,2779.066,2482.252
2023-10-13,2644.38,2654.51,2586.5,2596.63,1721000,2618.528,2621.102,2798.479,41.222,-54.233,-63.58,9.347,2621.102,2750.284,2491.921
2023-10-16,2568.17,2580.71,2535.37,2550.32,1921800,2606.276,2608.87,2789.89,37.591,-56.024,-62.068,6.045,2608.87,2712.549,2505.192
2023-10-17,2589.39,2626.54,2572.99,2593.25,2060000,2596.918,2603.201,2782.573,42.635,-53.363,-60.327,6.964,2603.201,2696.222,2510.18
2023-10-18,2578.3,2603.38,2559.97,2599.04,1457400,2593.734,2597.869,2775.333,43.301,-50.209,-58.304,8.095,2597.869,2677.405,2518.333
2023-10-19,2553.21,2586.5,2518.0,2528.13,1509000,2573.474,2595.208,2766.32,37.553,-52.822,-57.207,4.385,2595.208,2680.428,2509.987
2023-10-20,2513.66,2570.1,2509.8,2550.8,1743800,2564.308,2597.135,2758.086,40.282,-52.459,-56.258,3.799,2597.135,2675.959,2518.311
2023-10-23,2545.5,2564.31,2531.99,2543.57,1699200,2562.958,2597.765,2750.784,39.687,-52.154,-55.437,3.283,2597.765,2674.538,2520.992
2023-10-24,2576.85,2609.17,2516.07,2598.56,2325400,2564.02,2593.177,2744.974,46.203,-46.933,-53.736,6.803,2593.177,2656.439,2529.915
2023-10-25,2601.93,2625.57,2591.32,2606.76,2276000,2565.564,2592.407,2739.453,47.12,-41.654,-51.32,9.666,2592.407,2654.548,2530.266
2023-10-26,2556.11,2576.85,2540.19,2548.39,2352600,2569.616,2589.03,2731.738,41.672,-41.7,-49.396,7.696,2589.03,2653.101,2524.96
2023-10-27,2363.64,2421.53,2291.28,2315.4,9696600,2522.536,2574.438,2720.045,27.837,-59.847,-51.486,-8.361,2574.438,2711.922,2436.955
2023-10-30,2315.4,2316.37,2221.82,2262.82,9109600,2466.386,2557.7,2708.115,25.759,-77.576,-56.704,-20.872,2557.7,2752.77,2362.63
2023-10-31,2274.4,2359.3,2221.34,2334.22,5249400,2413.518,2546.509,2699.179,33.067,-84.888,-62.341,-22.547,2546.509,2765.688,2327.33
2023-11-01,2354.96,2359.78,2295.14,2331.8,3218400,2358.526,2533.484,2689.82,32.949,-89.841,-67.841,-22.0,2533.484,2771.369,2295.6
2023-11-02,2358.82,2389.21,2342.9,2371.36,3005000,2323.12,2522.873,2680.023,36.924,-89.543,-72.181,-17.362,2522.873,2770.097,2275.648
2023-11-06,2402.23,2466.39,2395.0,2459.63,3079600,2351.966,2514.334,2670.792,44.79,-81.247,-73.994,-7.253,2514.334,2757.689,2270.98
2023-11-07,2469.76,2494.36,2444.2,2451.43,1884000,2389.688,2506.327,2661.886,44.238,-74.476,-74.091,-0.385,2506.327,2746.73,2265.924
2023-11-08,2453.84,2489.06,2419.11,2425.87,1957800,2408.018,2495.618,2653.717,42.481,-70.361,-73.345,2.984,2495.618,2729.946,2261.291
2023-11-09,2411.88,2476.52,2395.48,2466.39,1721600,2434.936,2488.19,2645.456,46.134,-63.103,-71.296,8.194,2488.19,2715.915,2260.465
2023-11-10,2463.01,2465.9,2420.56,2450.95,1665600,2450.854,2479.266,2636.358,44.962,-57.929,-68.623,10.694,2479.266,2697.476,2261.056
2023-11-13,2458.19,2465.42,2415.74,2430.21,1467000,2444.97,2470.945,2626.462,43.369,-54.869,-65.872,11.003,2470.945,2682.914,2258.976
2023-11-14,2445.16,2454.33,2412.84,2419.11,1115800,2438.506,2464.384,2615.873,42.5,-52.733,-63.244,10.512,2464.384,2674.119,2254.65
2023-11-15,2474.1,2492.92,2457.7,2474.1,1762200,2448.152,2458.427,2605.568,48.048,-46.071,-59.81,13.739,2458.427,2659.333,2257.521
2023-11-16,2446.13,2479.89,2436.0,2456.74,1220600,2446.222,2451.312,2594.35,46.522,-41.711,-56.19,14.479,2451.312,2641.017,2261.607
2023-11-17,2469.28,2481.82,2457.22,2477.96,1117600,2451.624,2448.804,2584.179,48.669,-36.128,-52.178,16.05,2448.804,2635.535,2262.072
2023-11-20,2469.76,2470.25,2412.36,2434.55,2116000,2452.492,2442.991,2572.891,44.715,-34.804,-48.703,13.899,2442.991,2623.488,2262.494
2023-11-21,2461.56,2483.75,2437.93,2455.29,2195600,2459.728,2438.577,2562.45,46.933,-31.716,-45.306,13.589,2438.577,2612.93,2264.224
2023-11-22,2450.47,2478.45,2423.46,2463.01,1809200,2457.51,2431.8,2553.037,47.773,-28.32,-41.908,13.589,2431.8,2589.733,2273.866
2023-11-24,2477.96,2477.96,2413.33,2425.39,2022000,2451.24,2422.731,2543.303,44.109,-28.337,-39.194,10.857,2422.731,2557.494,2287.968
2023-11-27,2415.26,2435.03,2355.92,2378.59,3156000,2431.366,2414.241,2532.269,39.999,-31.761,-37.707,5.947,2414.241,2536.484,2291.998
2023-11-28,2390.65,2390.65,2334.7,2380.04,2224200,2420.464,2417.473,2524.115,40.185,-33.965,-36.959,2.994,2417.473,2531.88,2303.066
2023-11-29,2398.85,2399.82,2363.16,2376.66,1944400,2404.738,2423.165,2515.749,39.875,-35.575,-36.682,1.107,2423.165,2514.093,2332.237
2023-11-30,2407.54,2420.56,2379.08,2403.68,5123600,2392.872,2426.638,2509.689,43.622,-34.276,-36.201,1.925,2426.638,2508.072,2345.204
2023-12-01,2388.72,2390.17,2345.79,2379.08,2231800,2383.61,2429.002,2503.157,41.11,-34.83,-35.927,1.097,2429.002,2501.048,2356.956
2023-12-04,2387.28,2387.28,2341.93,2344.83,1345200,2376.858,2427.676,2498.427,37.843,-37.599,-36.261,-1.338,2427.676,2504.976,2350.375
2023-12-05,2332.29,2353.99,2319.26,2328.43,1374800,2366.536,2421.116,2494.75,36.353,-40.648,-37.138,-3.51,2421.116,2508.596,2333.635
2023-12-06,2341.93,2377.63,2335.66,2370.88,2042200,2365.38,2417.088,2491.549,42.647,-39.188,-37.548,-1.639,2417.088,2506.095,2328.081
2023-12-07,2357.85,2411.4,2346.76,2395.96,2143400,2363.836,2415.592,2485.661,46.042,-35.596,-37.158,1.562,2415.592,2504.983,2326.202
2023-12-08,2402.23,2419.6,2315.89,2328.91,4287600,2353.802,2408.718,2479.796,39.338,-37.725,-37.271,-0.454,2408.718,2502.688,2314.749
2023-12-11,2316.37,2337.59,2292.25,2321.67,2488800,2349.17,2402.254,2473.911,38.683,-39.541,-37.725,-1.816,2402.254,2501.623,2302.886
2023-12-12,2331.8,2341.93,2268.13,2274.4,1893200,2338.364,2394.464,2467.255,34.629,-44.284,-39.037,-5.247,2394.464,2508.022,2280.906
2023-12-13,2269.09,2271.99,2234.36,2248.83,3345600,2313.954,2385.95,2460.279,32.636,-49.535,-41.137,-8.398,2385.95,2516.056,2255.844
2023-12-14,2250.28,2255.11,2147.54,2185.64,4301000,2271.89,2371.527,2452.831,28.302,-58.125,-44.534,-13.591,2371.527,2522.732,2220.322
2023-12-15,2176.96,2237.74,2172.14,2227.61,3647400,2251.63,2360.07,2445.538,34.522,-60.845,-47.796,-13.049,2360.07,2518.633,2201.508
2023-12-18,2218.93,2237.74,2188.06,2194.81,2466000,2226.258,2345.913,2437.762,32.173,-64.899,-51.217,-13.682,2345.913,2510.6,2181.226
2023-12-19,2213.62,2254.62,2192.4,2244.49,2674400,2220.276,2336.41,2430.044,38.949,-63.373,-53.648,-9.725,2336.41,2501.496,2171.324
2023-12-20,2266.68,2266.68,2216.52,2216.52,2270800,2213.814,2324.472,2422.143,36.724,-63.686,-55.656,-8.03,2324.472,2487.885,2161.058
2023-12-21,2200.6,2219.89,2189.99,2202.05,2207800,2217.096,2311.424,2413.383,35.592,-64.36,-57.397,-6.963,2311.424,2469.858,2152.989
2023-12-22,2218.93,2222.3,2157.18,2166.35,2808200,2204.844,2298.472,2404.411,32.896,-67.002,-59.318,-7.685,2298.472,2460.001,2136.942
2023-12-25,2194.81,2210.24,2179.37,2192.88,1296200,2204.458,2289.186,2395.68,36.731,-66.193,-60.693,-5.5,2289.186,2452.663,2125.709
2023-12-26,2190.47,2200.12,2170.69,2176.48,1203200,2190.856,2279.008,2387.277,35.385,-66.112,-61.777,-4.336,2279.008,2444.008,2114.008
2023-12-27,2171.17,2220.86,2170.69,2216.52,2118400,2190.856,2271.001,2380.601,41.064,-62.102,-61.842,-0.26,2271.001,2431.53,2110.472
2023-12-28,2214.1,2218.93,2189.99,2212.17,750600,2192.88,2261.426,2372.979,40.646,-58.599,-61.193,2.594,2261.426,2411.112,2111.739
2023-12-29,2202.04,2211.69,2183.23,2197.7,1432600,2199.15,2252.356,2364.952,39.216,-56.341,-60.223,3.882,2252.356,2393.779,2110.934
2024-01-04,2194.33,2303.34,2175.51,2295.14,3045800,2219.602,2249.872,2360.293,51.571,-46.157,-57.409,11.253,2249.872,2386.105,2113.639
2024-01-05,2316.37,2352.55,2306.72,2316.85,4101000,2247.676,2249.293,2355.614,53.823,-35.92,-53.112,17.191,2249.293,2384.212,2114.374
2024-01-09,2373.29,2419.6,2347.72,2419.6,4389000,2288.292,2251.729,2353.134,62.67,-19.294,-46.348,27.054,2251.729,2397.236,2106.222
2024-01-10,2438.89,2569.62,2436.0,2548.87,7746400,2355.632,2259.374,2352.14,70.364,4.264,-36.226,40.49,2259.374,2446.817,2071.932
2024-01-11,2575.89,2589.87,2546.94,2579.26,3580200,2431.944,2271.892,2351.59,71.834,25.097,-23.961,49.058,2271.892,2506.411,2037.373
2024-01-12,2619.3,2649.69,2587.95,2634.74,3755200,2499.864,2287.545,2353.317,74.336,45.559,-10.057,55.616,2287.545,2572.438,2002.653
2024-01-15,2669.47,2670.91,2641.49,2655.0,583600,2567.494,2306.576,2360.109,75.202,62.688,4.492,58.196,2306.576,2635.252,1977.899
2024-01-16,2646.31,2651.62,2565.76,2592.77,3058600,2602.128,2323.772,2366.708,67.648,70.429,17.679,52.749,2323.772,2674.949,1972.596
2024-01-17,2627.5,2628.95,2560.93,2567.69,3032800,2605.892,2342.875,2371.378,64.822,73.69,28.882,44.809,2342.875,2703.841,1981.909
2024-01-18,2547.43,2611.58,2532.47,2592.29,2514000,2608.498,2361.109,2376.588,66.309,77.368,38.579,38.789,2361.109,2734.199,1988.019
2024-01-19,2649.69,2673.81,2632.32,2637.63,2427200,2609.076,2383.25,2381.913,68.916,82.985,47.46,35.525,2383.25,2767.187,1999.313
2024-01-22,2653.07,2717.7,2653.07,2713.85,2797200,2620.846,2406.718,2386.997,72.736,92.52,56.472,36.048,2406.718,2811.742,2001.694
2024-01-23,2732.18,2759.67,2708.06,2719.63,2424800,2646.218,2431.874,2392.361,73.007,99.398,65.057,34.34,2431.874,2849.459,2014.288
2024-01-24,2708.54,2735.07,2674.29,2676.7,2715400,2668.02,2455.606,2397.378,67.632,100.229,72.092,28.137,2455.606,2872.146,2039.066
2024-01-25,2686.35,2706.13,2648.72,2688.28,1641400,2687.218,2481.702,2401.816,68.31,100.661,77.805,22.856,2481.702,2887.191,2076.214
2024-01-26,2668.98,2688.28,2643.42,2655.48,1542600,2690.788,2504.832,2405.906,64.209,97.236,81.692,15.545,2504.832,2893.374,2116.291
2024-01-29,2661.27,2690.69,2657.41,2668.98,1483000,2681.814,2529.458,2410.682,65.136,94.522,84.258,10.264,2529.458,2891.929,2166.986
2024-01-30,2681.53,2698.41,2657.89,2683.46,1963400,2674.58,2552.804,2415.969,66.15,92.473,85.901,6.572,2552.804,2889.652,2215.957
2024-01-31,2643.9,2723.01,2629.91,2723.01,2706800,2683.842,2578.346,2420.947,68.817,92.969,87.314,5.655,2578.346,2882.305,2274.388
2024-02-01,2677.18,2729.28,2629.43,2660.78,6222400,2678.342,2601.5,2425.028,60.712,87.334,87.318,0.016,2601.5,2848.605,2354.396
2024-02-02,2774.14,2830.58,2729.76,2776.55,5445600,2702.556,2625.571,2431.0,68.212,91.159,88.086,3.073,2625.571,2838.439,2412.703
2024-02-05,2799.23,2819.0,2722.05,2740.86,2026000,2716.932,2646.772,2437.126,64.147,90.27,88.523,1.747,2646.772,2808.492,2485.051
2024-02-06,2764.01,2772.7,2722.53,2754.36,1957800,2731.112,2663.51,2443.107,64.997,89.621,88.743,0.879,2663.51,2792.141,2534.878
2024-02-07,2781.38,2801.64,2699.37,2717.7,1664600,2730.05,2671.951,2448.201,60.783,85.168,88.028,-2.86,2671.951,2790.684,2553.218
2024-02-08,2754.37,2806.94,2729.28,2739.41,2214200,2745.776,2679.958,2454.481,62.34,82.44,86.91,-4.471,2679.958,2793.875,2566.042
2024-02-09,2724.46,2759.19,2707.57,2722.05,1147000,2734.876,2684.324,2461.351,60.279,77.978,85.124,-7.146,2684.324,2797.634,2571.014
2024-02-13,2759.67,2775.11,2731.21,2767.39,1346200,2740.182,2689.944,2469.098,63.658,77.21,83.541,-6.331,2689.944,2808.171,2571.716
2024-02-14,2730.25,2843.12,2729.76,2838.78,1984400,2757.066,2702.244,2478.34,68.24,81.424,83.118,-1.694,2702.244,2828.8,2575.688
2024-02-15,2870.14,2897.15,2844.57,2875.44,1521800,2788.614,2717.632,2487.775,70.31,86.722,83.838,2.884,2717.632,2850.006,2585.257
2024-02-16,2887.98,2927.54,2867.72,2884.61,1850600,2817.654,2732.248,2497.886,70.822,90.616,85.194,5.422,2732.248,2870.761,2593.734
2024-02-19,2870.62,2881.23,2811.29,2812.25,1229600,2835.694,2740.978,2507.234,61.766,86.862,85.528,1.334,2740.978,2876.358,2605.599
2024-02-20,2818.52,2835.89,2789.58,2834.92,1314400,2849.2,2747.032,2517.364,63.347,84.739,85.37,-0.631,2747.032,2888.016,2606.048
2024-02-21,2826.72,2885.09,2803.08,2883.64,1400400,2858.172,2755.232,2527.619,66.549,85.997,85.495,0.502,2755.232,2908.085,2602.38
2024-02-22,2883.64,2891.84,2859.04,2873.99,1215600,2857.882,2765.097,2537.18,65.332,85.233,85.443,-0.21,2765.097,2922.02,2608.174
2024-02-26,2870.14,2893.77,2836.37,2870.14,1378600,2854.988,2774.19,2548.004,64.822,83.355,85.025,-1.67,2774.19,2933.43,2614.95
2024-02-27,2866.28,2925.13,2863.38,2899.56,1900000,2872.45,2786.394,2559.562,66.944,83.281,84.676,-1.395,2786.394,2944.737,2628.051
2024-02-28,2889.43,2937.19,2864.35,2901.49,1583000,2885.764,2798.02,2572.104,67.084,82.428,84.227,-1.799,2798.02,2954.193,2641.846
2024-02-29,2882.19,2918.37,2874.48,2908.24,2577200,2890.684,2809.258,2585.292,67.602,81.359,83.653,-2.294,2809.258,2963.053,2655.464
2024-03-01,2923.68,2935.74,2891.36,2918.37,954000,2899.56,2819.027,2599.947,68.405,80.402,83.003,-2.601,2819.027,2974.563,2663.49
2024-03-04,2913.55,2931.88,2873.51,2880.75,1112800,2901.682,2830.025,2613.01,62.235,75.735,81.55,-5.814,2830.025,2968.633,2691.417
2024-03-05,2880.75,2900.52,2832.03,2875.92,1133000,2896.954,2834.994,2626.632,61.468,70.831,79.406,-8.575,2834.994,2972.651,2697.336
2024-03-06,2802.6,2877.85,2782.83,2877.85,1981200,2892.226,2841.843,2639.299,61.671,66.335,76.792,-10.457,2841.843,2973.271,2710.415
2024-03-07,3000.38,3001.82,2923.68,2975.29,4716200,2905.636,2852.89,2654.474,70.211,69.829,75.399,-5.57,2852.89,2990.357,2715.422
2024-03-08,2962.75,2970.95,2893.77,2911.14,2031400,2904.19,2862.562,2668.656,60.633,66.654,73.65,-6.996,2862.562,2986.538,2738.585
2024-03-11,2917.41,2970.47,2892.32,2957.93,1682000,2919.626,2873.488,2684.488,64.443,67.139,72.348,-5.209,2873.488,2990.061,2756.914
2024-03-12,2911.62,2948.76,2889.43,2948.76,1800600,2934.194,2884.823,2699.605,63.153,66.023,71.083,-5.06,2884.823,2981.845,2787.801
2024-03-13,2940.08,2940.08,2861.93,2871.1,1879400,2932.844,2890.008,2713.498,53.403,58.2,68.506,-10.306,2890.008,2970.235,2809.782
2024-03-14,2867.72,2908.24,2832.03,2908.24,2139800,2919.434,2893.482,2727.332,56.835,54.371,65.679,-11.308,2893.482,2970.313,2816.65
2024-03-15,2875.44,2891.36,2846.02,2863.38,2261600,2909.882,2892.878,2740.356,51.866,47.173,61.978,-14.805,2892.878,2970.491,2815.266
2024-03-18,2865.31,2979.15,2861.45,2963.72,2567600,2911.04,2896.834,2755.677,60.24,49.0,59.383,-10.382,2896.834,2980.5,2813.168
2024-03-19,2929.47,3012.92,2927.06,3012.92,1328800,2923.872,2906.867,2770.032,63.585,53.798,58.266,-4.467,2906.867,2995.789,2817.946
2024-03-21,3081.42,3081.42,2977.22,2982.53,2411000,2946.158,2914.248,2783.346,60.215,54.52,57.517,-2.997,2914.248,3002.526,2825.97
2024-03-22,2983.49,3099.75,2970.47,3081.42,3011600,2980.794,2924.137,2796.582,66.447,62.353,58.484,3.869,2924.137,3038.45,2809.824
2024-03-25,3092.03,3099.75,2899.08,2904.38,3726600,2988.994,2925.656,2803.693,51.035,53.656,57.518,-3.862,2925.656,3037.953,2813.36
2024-03-26,2816.59,2877.37,2798.26,2860.97,2633600,2968.444,2925.198,2809.327,48.089,42.768,54.568,-11.8,2925.198,3038.519,2811.877
2024-03-27,2816.11,2885.57,2803.09,2858.56,2448800,2937.572,2923.148,2813.803,47.924,33.558,50.366,-16.808,2923.148,3039.855,2806.441
2024-03-28,2868.28,2875.56,2739.51,2746.32,2167300,2890.33,2915.39,2815.63,40.874,17.006,43.694,-26.688,2915.39,3056.283,2774.496
2024-03-29,2734.65,2746.8,2688.01,2704.04,1453500,2814.854,2905.179,2817.855,38.573,0.472,35.05,-34.578,2905.179,3074.901,2735.458
2024-04-01,2750.2,2755.06,2688.01,2721.05,1667500,2778.188,2895.313,2820.922,40.036,-11.131,25.813,-36.945,2895.313,3083.719,2706.908
2024-04-02,2692.87,2700.15,2596.17,2652.54,2743900,2736.502,2883.903,2822.127,36.287,-25.56,15.539,-41.099,2883.903,3101.416,2666.39
2024-04-03,2650.11,2784.22,2649.62,2682.18,4316500,2701.226,2874.216,2823.018,38.95,-34.209,5.589,-39.798,2874.216,3109.737,2638.695
2024-04-04,2725.91,2742.43,2650.59,2655.94,1753300,2683.15,2863.12,2821.86,37.457,-42.689,-4.067,-38.622,2863.12,3118.031,2608.21
2024-04-05,2654.48,2674.4,2624.35,2645.25,1510400,2671.392,2846.618,2820.372,36.838,-49.699,-13.193,-36.506,2846.618,3113.409,2579.828
2024-04-08,2672.46,2674.89,2641.36,2657.4,1184600,2658.662,2833.931,2819.986,38.091,-53.655,-21.285,-32.37,2833.931,3111.709,2556.154
2024-04-09,2625.81,2641.85,2606.37,2627.75,1877700,2653.704,2817.422,2818.776,36.204,-58.509,-28.73,-29.779,2817.422,3103.299,2531.546
2024-04-10,2623.87,2623.87,2573.33,2588.88,1628500,2635.044,2799.428,2817.444,33.836,-64.746,-35.933,-28.812,2799.428,3095.616,2503.241
2024-04-11,2544.18,2585.97,2544.18,2578.68,1968200,2619.592,2784.808,2815.638,33.222,-69.708,-42.688,-27.02,2784.808,3094.653,2474.962
2024-04-12,2571.39,2632.61,2563.13,2600.54,2169000,2610.65,2769.422,2813.979,35.906,-71.057,-48.362,-22.695,2769.422,3083.983,2454.862
2024-04-15,2575.76,2588.88,2536.89,2566.05,2073800,2592.38,2754.556,2810.84,33.611,-74.056,-53.501,-20.555,2754.556,3078.388,2430.724
2024-04-16,2524.74,2583.54,2512.6,2567.99,1565500,2580.428,2734.77,2808.984,33.867,-75.407,-57.882,-17.525,2734.77,3053.102,2416.437
2024-04-17,2563.13,2563.13,2498.5,2524.74,1562400,2567.6,2710.36,2803.948,30.996,-79.056,-62.117,-16.939,2710.36,3013.389,2407.332
2024-04-18,2549.04,2571.39,2526.69,2542.24,1380400,2560.312,2688.346,2799.976,33.454,-79.618,-65.617,-14.001,2688.346,2971.438,2405.254
2024-04-19,2494.13,2502.39,2387.23,2417.36,3960900,2523.676,2655.143,2793.236,26.265,-89.113,-70.316,-18.797,2655.143,2896.868,2413.418
2024-04-22,2433.39,2458.66,2417.36,2438.74,1706900,2498.214,2631.861,2787.657,29.075,-93.831,-75.019,-18.812,2631.861,2861.926,2401.796
2024-04-23,2439.23,2452.83,2403.27,2414.44,1562500,2467.504,2609.534,2781.157,27.779,-98.397,-79.695,-18.702,2609.534,2832.542,2386.527
2024-04-24,2439.22,2512.6,2419.79,2490.24,1868000,2460.604,2591.118,2776.521,37.184,-94.806,-82.717,-12.089,2591.118,2786.681,2395.556
2024-04-25,2537.86,2604.92,2528.63,2548.55,3473700,2461.866,2581.23,2772.144,43.301,-86.26,-83.426,-2.835,2581.23,2763.284,2399.176
2024-04-26,2553.9,2581.11,2522.8,2545.64,2204200,2487.522,2573.31,2766.281,43.076,-78.814,-82.503,3.689,2573.31,2746.431,2400.189
2024-04-30,2576.25,2588.4,2516.97,2547.58,1897300,2509.29,2564.636,2759.724,43.288,-71.928,-80.388,8.461,2564.636,2723.376,2405.897
2024-05-01,2525.72,2542.72,2497.53,2531.55,1494400,2532.712,2558.587,2752.663,41.899,-66.991,-77.709,10.718,2558.587,2712.366,2404.808
2024-05-02,2523.29,2526.2,2478.58,2520.86,1151200,2538.836,2550.521,2746.835,40.956,-63.213,-74.81,11.597,2550.521,2693.552,2407.49
2024-05-07,2546.12,2602.0,2527.66,2594.23,2009100,2547.972,2547.436,2742.021,49.38,-53.679,-70.584,16.904,2547.436,2683.378,2411.493
2024-05-08,2565.56,2582.57,2521.83,2521.83,1310500,2543.21,2541.264,2734.785,42.879,-51.374,-66.742,15.368,2541.264,2669.498,2413.031
2024-05-09,2546.61,2583.54,2537.86,2570.9,1763500,2547.874,2536.94,2728.723,47.887,-45.068,-62.407,17.339,2536.94,2654.031,2419.848
2024-05-10,2561.67,2668.57,2508.22,2594.23,3661900,2560.41,2535.264,2723.205,50.126,-37.752,-57.476,19.724,2535.264,2647.751,2422.776
2024-05-13,2610.26,2633.1,2577.22,2583.54,1761000,2572.946,2534.996,2716.885,49.085,-32.444,-52.469,20.026,2534.996,2646.973,2423.02
2024-05-14,2619.01,2679.26,2612.69,2653.99,1885600,2584.898,2538.762,2711.935,55.624,-22.294,-46.434,24.14,2538.762,2661.474,2416.05
2024-05-15,2655.45,2665.17,2579.16,2599.57,1303800,2600.446,2538.714,2705.761,50.255,-18.43,-40.834,22.404,2538.714,2661.323,2416.104
2024-05-16,2627.75,2687.03,2603.95,2679.26,1886300,2622.118,2544.374,2700.979,56.826,-8.835,-34.434,25.599,2544.374,2681.849,2406.899
2024-05-17,2687.03,2711.33,2651.56,2662.25,1722900,2635.722,2549.087,2696.609,55.151,-2.574,-28.062,25.488,2549.087,2696.103,2402.071
2024-05-20,2642.33,2666.63,2620.47,2652.54,1021700,2649.522,2555.477,2692.142,54.17,1.586,-22.132,23.718,2555.477,2709.003,2401.951
2024-05-21,2672.46,2676.34,2606.38,2611.23,1070200,2640.97,2558.926,2686.809,50.087,1.532,-17.4,18.931,2558.926,2714.289,2403.564
2024-05-22,2591.31,2594.71,2559.73,2577.22,1228800,2636.5,2566.92,2678.848,46.949,-1.241,-14.168,12.927,2566.92,2707.347,2426.492
2024-05-23,2625.81,2630.18,2586.45,2614.64,1261500,2623.576,2575.714,2672.918,50.615,-0.415,-11.417,11.003,2575.714,2703.834,2447.595
2024-05-24,2633.59,2637.96,2608.32,2621.92,1104900,2615.51,2586.088,2666.198,51.319,0.819,-8.97,9.789,2586.088,2690.66,2481.517
2024-05-27,2619.01,2642.82,2612.69,2639.9,1275200,2612.982,2593.572,2660.02,53.1,3.21,-6.534,9.744,2593.572,2690.396,2496.747
2024-05-28,2623.87,2642.82,2600.54,2607.35,1025600,2612.206,2596.511,2654.745,49.566,2.45,-4.737,7.187,2596.511,2691.126,2501.897
2024-05-29,2612.21,2665.66,2612.21,2653.02,1627800,2627.366,2601.88,2649.641,54.174,5.47,-2.696,8.166,2601.88,2696.527,2507.234
2024-05-30,2681.2,2725.91,2665.17,2711.82,2388100,2646.802,2610.092,2646.61,59.327,12.464,0.336,12.128,2610.092,2713.038,2507.147
2024-05-31,2745.34,2823.09,2739.51,2818.23,4551500,2686.064,2624.426,2643.7,66.638,26.291,5.527,20.764,2624.426,2756.919,2491.934
2024-06-03,2829.89,2891.11,2824.55,2888.2,2706300,2735.724,2642.794,2641.206,70.405,42.406,12.903,29.503,2642.794,2811.682,2473.905
2024-06-04,2890.14,2969.83,2885.77,2935.82,2806100,2801.418,2659.873,2640.271,72.667,58.347,21.992,36.355,2659.873,2871.711,2448.035
2024-06-05,2949.42,2973.72,2931.93,2973.72,2510700,2865.558,2682.468,2638.117,74.348,73.194,32.232,40.962,2682.468,2926.293,2438.642
2024-06-06,2964.97,2965.94,2892.57,2925.13,1997800,2908.22,2700.179,2638.532,68.53,80.117,41.809,38.308,2700.179,2960.768,2439.59
2024-06-07,2915.41,2928.04,2893.06,2915.41,1220900,2927.656,2716.238,2639.621,67.394,83.852,50.218,33.635,2716.238,2988.653,2443.823
2024-06-10,2881.88,2905.2,2849.33,2892.57,1527900,2928.53,2731.689,2640.301,64.681,84.001,56.974,27.027,2731.689,3007.449,2455.93
2024-06-11,2876.05,2881.88,2799.76,2832.81,2101000,2907.928,2740.63,2642.031,58.091,78.394,61.258,17.135,2740.63,3017.377,2463.884
2024-06-12,2809.0,2811.91,2750.2,2752.63,2261000,2863.71,2748.284,2643.003,50.636,66.71,62.349,4.362,2748.284,3016.953,2479.614
2024-06-13,2789.07,2802.68,2762.84,2764.78,1685500,2831.64,2752.56,2643.878,51.649,57.766,61.432,-3.666,2752.56,3019.319,2485.8
2024-06-14,2737.08,2795.88,2721.53,2795.39,2076600,2807.636,2759.216,2646.735,54.198,52.542,59.654,-7.112,2759.216,3023.116,2495.317
2024-06-17,2769.64,2790.05,2757.0,2776.93,987400,2784.508,2765.436,2648.63,52.404,46.378,56.999,-10.621,2765.436,3024.57,2506.302
2024-06-18,2803.65,2843.01,2797.33,2812.88,1248300,2780.522,2775.518,2651.768,55.494,43.887,54.376,-10.489,2775.518,3024.898,2526.139
2024-06-19,2854.18,2860.99,2804.62,2825.03,1025800,2795.002,2787.909,2655.364,56.521,42.405,51.982,-9.577,2787.909,3019.817,2556.001
2024-06-20,2825.03,2873.14,2825.03,2847.38,1436900,2811.522,2799.546,2659.164,58.422,42.544,50.095,-7.551,2799.546,3017.801,2581.291
2024-06-21,2849.33,2870.71,2805.11,2832.81,1767600,2819.006,2810.091,2663.265,56.682,41.005,48.277,-7.272,2810.091,3011.976,2608.205
2024-06-24,2818.23,2864.39,2809.0,2858.56,1156200,2835.332,2821.024,2668.658,59.006,41.386,46.899,-5.512,2821.024,3007.172,2634.875
2024-06-25,2926.1,2956.22,2917.35,2943.59,1880400,2861.474,2837.836,2675.957,65.574,47.997,47.118,0.878,2837.836,3002.189,2673.482
2024-06-26,2955.25,2968.86,2919.3,2968.86,2096200,2890.24,2853.627,2683.323,67.253,54.644,48.623,6.021,2853.627,3003.245,2704.01
2024-06-27,2927.07,2956.22,2917.35,2950.39,1382600,2910.842,2865.556,2691.01,64.767,57.757,50.45,7.307,2865.556,3005.284,2725.828
2024-06-28,2992.18,3005.79,2927.07,2947.48,1455000,2933.776,2872.018,2698.6,64.363,59.305,52.221,7.084,2872.018,3014.459,2729.578
2024-07-01,2973.72,2978.58,2930.96,2946.51,799300,2951.366,2874.934,2707.035,64.219,59.764,53.73,6.035,2874.934,3021.107,2728.761
2024-07-02,2954.28,3015.5,2953.31,3010.65,1345500,2964.778,2878.676,2716.403,69.128,64.56,55.896,8.664,2878.676,3034.896,2722.455
2024-07-03,3002.87,3040.77,2998.01,3007.73,989700,2972.552,2880.376,2728.211,68.666,67.349,58.186,9.162,2880.376,3041.613,2719.139
2024-07-04,3012.59,3023.28,2978.58,2994.12,767900,2981.298,2883.826,2739.318,66.438,67.68,60.085,7.595,2883.826,3051.901,2715.75
2024-07-05,2994.12,3098.11,2974.69,3020.36,2008600,2995.874,2889.073,2751.437,68.557,69.262,61.92,7.341,2889.073,3067.533,2710.613
2024-07-08,3014.53,3070.9,2993.15,3052.43,1283700,3017.058,2897.066,2762.68,70.968,72.27,63.99,8.28,2897.066,3089.924,2704.208
2024-07-09,3089.36,3143.78,3062.15,3136.98,1361000,3042.324,2912.274,2774.449,76.16,80.548,67.302,13.246,2912.274,3130.148,2694.401
2024-07-10,3116.57,3127.26,3082.56,3127.26,1440000,3066.23,2931.006,2786.081,74.511,85.341,70.91,14.431,2931.006,3155.408,2706.604
2024-07-11,3119.49,3204.03,3113.66,3204.03,1587800,3108.212,2952.968,2799.21,78.476,94.247,75.577,18.67,2952.968,3194.218,2711.719
2024-07-12,3137.95,3197.23,3110.74,3183.63,1267800,3140.866,2972.38,2812.252,75.131,98.523,80.166,18.357,2972.38,3222.556,2722.205
2024-07-16,3223.47,3245.82,3198.2,3211.81,1437700,3172.742,2994.125,2826.071,76.614,102.999,84.733,18.266,2994.125,3248.336,2739.913
2024-07-17,3207.92,3221.53,3162.25,3191.4,1339100,3183.626,3013.051,2838.014,73.209,103.703,88.527,15.177,3013.051,3266.808,2759.293
2024-07-18,3146.7,3177.8,3114.63,3115.6,1141100,3181.294,3027.579,2849.89,62.16,97.027,90.227,6.8,3027.579,3268.983,2786.175
2024-07-19,3108.8,3154.47,3047.57,3084.5,1453300,3157.388,3039.435,2860.162,58.274,88.21,89.823,-1.614,3039.435,3266.437,2812.433
2024-07-22,3085.47,3096.16,3001.9,3026.19,1280100,3125.9,3049.104,2868.801,51.743,75.645,86.988,-11.343,3049.104,3254.494,2843.714
2024-07-23,3022.31,3029.11,2988.29,3027.17,1009600,3088.972,3057.534,2877.674,51.84,65.016,82.593,-17.577,3057.534,3242.854,2872.215
2024-07-24,3020.36,3041.74,2990.24,3020.36,1149500,3054.764,3061.373,2885.001,51.067,55.405,77.156,-21.751,3061.373,3239.808,2882.938
2024-07-25,2977.6,2977.6,2886.25,2905.69,2092600,3012.782,3058.214,2891.123,40.19,38.096,69.344,-31.248,3058.214,3245.558,2870.871
2024-07-26,2913.95,2928.04,2869.73,2884.31,1434300,2972.744,3054.911,2895.224,38.542,22.395,59.954,-37.559,3054.911,3252.321,2857.5
2024-07-29,2924.16,3054.38,2922.21,3043.69,2057700,2976.244,3059.721,2902.853,53.765,22.553,52.474,-29.921,3059.721,3250.693,2868.749
2024-07-30,3013.56,3076.73,2964.0,3063.12,3631700,2983.434,3065.552,2911.065,55.221,23.969,46.773,-22.804,3065.552,3248.94,2882.163
2024-07-31,3033.0,3114.63,2974.69,3111.71,1928500,3001.704,3070.605,2921.074,58.722,28.682,43.155,-14.473,3070.605,3253.191,2888.018
2024-08-01,3048.55,3063.12,2942.62,2962.05,1344300,3012.976,3068.321,2928.771,46.629,20.109,38.546,-18.437,3068.321,3255.309,2881.332
2024-08-02,2847.38,2864.87,2758.95,2768.18,1811800,2989.75,3057.024,2931.842,36.222,-2.303,30.376,-32.679,3057.024,3285.569,2828.478
2024-08-05,2590.34,2593.26,2282.28,2289.57,2793800,2838.926,3020.484,2925.195,22.733,-58.015,12.698,-70.713,3020.484,3433.189,2607.779
2024-08-06,2429.51,2721.05,2429.51,2711.33,4279300,2768.568,3003.429,2926.623,42.909,-67.358,-3.313,-64.045,3003.429,3438.179,2568.679
2024-08-07,2614.15,2825.52,2596.66,2756.52,2211400,2697.53,2984.406,2929.607,44.579,-70.306,-16.712,-53.594,2984.406,3427.76,2541.052
2024-08-08,2720.56,2811.43,2667.11,2727.85,1520200,2650.69,2964.436,2931.103,43.706,-74.102,-28.19,-45.912,2964.436,3416.591,2512.28
2024-08-09,2745.83,2853.7,2740.97,2818.23,1751600,2660.7,2945.146,2933.232,47.217,-69.021,-36.356,-32.665,2945.146,3387.065,2503.226
2024-08-13,2813.86,2875.08,2800.25,2872.65,1243000,2777.316,2929.596,2934.32,49.268,-59.913,-41.067,-18.845,2929.596,3357.858,2501.335
2024-08-14,2846.41,2936.79,2833.29,2897.92,1142100,2814.634,2913.902,2934.514,50.236,-50.078,-42.87,-7.208,2913.902,3321.105,2506.699
2024-08-15,2895.49,2951.37,2879.45,2898.4,1290000,2843.01,2899.252,2933.766,50.255,-41.764,-42.648,0.885,2899.252,3284.933,2513.571
2024-08-16,2975.66,2987.32,2916.38,2966.91,981400,2890.822,2891.818,2933.63,53.067,-29.309,-39.98,10.672,2891.818,3265.484,2518.151
2024-08-19,3005.79,3067.01,2973.72,2993.15,1745500,2925.806,2887.25,2934.99,54.137,-17.123,-35.409,18.286,2887.25,3253.152,2521.348
2024-08-20,3032.02,3085.47,3009.67,3036.88,1359800,2958.652,2887.784,2937.42,55.939,-3.892,-29.106,25.213,2887.784,3254.571,2520.998
2024-08-21,3002.87,3099.08,2983.43,3078.67,888700,2994.802,2890.359,2941.142,57.652,9.852,-21.314,31.166,2890.359,3261.958,2518.761
2024-08-22,3048.55,3128.23,3044.66,3091.3,848100,3033.382,2893.906,2946.311,58.181,21.515,-12.748,34.263,2893.906,3272.027,2515.786
2024-08-23,3061.18,3089.36,2807.05,2982.46,2704900,3036.492,2897.745,2950.908,52.136,21.725,-5.854,27.579,2897.745,3277.922,2517.568
2024-08-26,2954.28,2976.63,2870.22,2976.63,2247300,3033.188,2902.361,2955.145,51.826,21.177,-0.447,21.625,2902.361,3284.09,2520.632
2024-08-27,2959.14,2991.21,2938.73,2977.6,1197800,3021.332,2899.056,2958.789,51.877,20.584,3.759,16.825,2899.056,3276.757,2521.356
2024-08-28,2967.89,3063.12,2944.56,3052.43,1219600,3016.084,2898.522,2964.299,55.793,25.854,8.178,17.676,2898.522,3275.274,2521.77
2024-08-29,3013.56,3040.77,2990.24,3015.5,917100,3000.924,2893.712,2968.352,53.48,26.742,11.891,14.852,2893.712,3261.349,2526.074
2024-08-30,3047.57,3095.19,3025.22,3083.53,1650300,3021.138,2899.786,2973.522,57.015,32.56,16.025,16.536,2899.786,3276.089,2523.482
2024-09-02,3122.4,3128.23,3087.42,3113.66,1137400,3048.544,2917.06,2978.847,58.519,39.151,20.65,18.501,2917.06,3299.593,2534.526
2024-09-03,3121.43,3181.68,3120.46,3181.68,986600,3089.36,2961.665,2985.825,61.77,49.295,26.379,22.916,2961.665,3225.867,2697.463
2024-09-04,3045.63,3107.83,3032.02,3076.73,1463400,3094.22,2979.935,2990.188,54.653,48.308,30.765,17.544,2979.935,3220.749,2739.121
2024-09-05,3023.28,3116.57,3012.59,3090.33,1326700,3109.186,2996.626,2993.123,55.37,48.07,34.226,13.844,2996.626,3217.705,2775.546
2024-09-06,3174.88,3225.41,3116.57,3151.56,1729500,3122.792,3017.811,2996.777,58.551,52.22,37.825,14.395,3017.811,3209.726,2825.896
2024-09-09,3083.53,3167.11,3079.64,3139.9,1095200,3128.04,3033.894,3000.567,57.707,53.946,41.049,12.897,3033.894,3208.521,2859.268
2024-09-10,3197.23,3250.68,3164.19,3225.41,1575200,3136.786,3051.533,3006.126,62.027,61.504,45.14,16.364,3051.533,3228.825,2874.24
2024-09-11,3204.03,3265.26,3107.83,3124.35,1690400,3146.31,3062.854,3009.682,54.891,58.664,47.845,10.819,3062.854,3227.297,2898.411
2024-09-12,3227.36,3271.09,3209.86,3248.74,1473400,3177.992,3080.371,3014.444,60.86,65.693,51.414,14.278,3080.371,3245.69,2915.052
2024-09-13,3215.7,3228.33,3092.28,3130.18,1662200,3173.716,3088.534,3016.893,53.583,60.993,53.33,7.663,3088.534,3246.211,2930.858
2024-09-17,3134.06,3154.47,3072.84,3135.04,1270600,3172.744,3095.629,3019.712,53.826,57.004,54.065,2.939,3095.629,3247.911,2943.347
2024-09-18,3134.06,3160.3,3098.11,3115.6,1096400,3150.782,3099.565,3021.616,52.636,51.678,53.588,-1.91,3099.565,3249.504,2949.626
2024-09-19,3160.3,3195.29,3152.53,3176.82,1069100,3161.276,3104.473,3024.104,55.941,51.8,53.23,-1.43,3104.473,3257.916,2951.029
2024-09-20,3221.53,3238.05,3179.74,3207.92,2006700,3153.112,3110.304,3025.523,57.561,53.786,53.341,0.445,3110.304,3270.36,2950.247
2024-09-24,3211.81,3299.27,3184.6,3256.51,1416300,3178.378,3124.006,3028.108,60.034,58.605,54.394,4.211,3124.006,3284.901,2963.111
2024-09-25,3268.17,3287.61,3191.4,3208.89,1652800,3193.148,3135.619,3028.205,56.556,57.915,55.098,2.816,3135.619,3284.829,2986.409
2024-09-26,3301.21,3372.16,3274.0,3324.54,2054100,3234.936,3152.966,3031.023,62.272,65.939,57.266,8.673,3152.966,3305.458,3000.474
2024-09-27,3340.17,3383.15,3334.31,3375.34,1599100,3274.64,3169.112,3034.294,64.483,75.527,60.919,14.608,3169.112,3343.579,2994.644
2024-09-30,3207.3,3272.76,3200.47,3251.27,2204300,3283.31,3180.9,3035.491,55.872,72.281,63.191,9.09,3180.9,3343.094,3018.706
2024-10-01,3285.46,3315.75,3247.36,3270.81,1271400,3286.17,3190.264,3038.596,56.849,70.473,64.647,5.825,3190.264,3350.4,3030.128
2024-10-02,3214.14,3238.57,3157.48,3183.86,1411800,3281.164,3193.774,3040.583,51.395,61.317,63.981,-2.665,3193.774,3349.867,3037.681
2024-10-03,3280.57,3284.48,3207.3,3258.11,1063800,3267.878,3197.596,3045.221,55.336,59.367,63.058,-3.691,3197.596,3356.165,3039.026
2024-10-04,3269.83,3325.51,3191.67,3209.26,1367500,3234.662,3204.222,3048.863,52.329,53.267,61.1,-7.833,3204.222,3352.251,3056.193
2024-10-07,3271.78,3282.53,3211.21,3272.76,1690500,3238.96,3213.344,3053.911,55.699,52.946,59.469,-6.524,3213.344,3354.128,3072.559
2024-10-08,3204.37,3239.54,3152.6,3176.04,2509000,3220.006,3214.568,3059.318,49.912,44.375,56.45,-12.075,3214.568,3353.504,3075.631
2024-10-09,3223.91,3223.91,3128.17,3147.71,1765400,3212.776,3214.958,3064.586,48.328,34.895,52.139,-17.245,3214.958,3353.052,3076.864
2024-10-10,3145.76,3159.43,3117.43,3124.26,1211900,3186.006,3209.9,3066.197,46.999,25.199,46.751,-21.552,3209.9,3353.675,3066.126
2024-10-11,3143.8,3158.46,3124.26,3143.8,1176700,3172.914,3210.873,3067.811,48.276,18.874,41.176,-22.302,3210.873,3352.457,3069.289
2024-10-15,3178.0,3200.47,3158.46,3179.95,1082900,3154.352,3207.434,3069.176,50.645,16.587,36.258,-19.671,3207.434,3348.486,3066.381
2024-10-16,3132.08,3169.2,3113.52,3142.83,1051900,3147.71,3208.066,3072.791,48.203,11.645,31.335,-19.69,3208.066,3347.767,3068.365
2024-10-17,3161.39,3183.86,3128.17,3175.07,1115900,3153.182,3210.068,3080.929,50.438,10.212,27.111,-16.898,3210.068,3346.471,3073.664
2024-10-18,3174.09,3207.3,3160.41,3163.34,693400,3160.998,3212.454,3098.405,49.599,8.038,23.296,-15.258,3212.454,3343.461,3081.448
2024-10-21,3176.04,3208.28,3158.46,3202.42,679900,3172.722,3213.734,3108.226,52.436,9.36,20.509,-11.149,3213.734,3343.772,3083.697
2024-10-22,3209.26,3216.1,3148.69,3167.25,892700,3170.182,3211.701,3116.441,49.724,7.484,17.904,-10.42,3211.701,3343.383,3080.019
2024-10-23,3159.43,3170.18,3128.17,3134.03,726800,3168.422,3205.577,3124.565,47.238,3.278,14.979,-11.701,3205.577,3339.851,3071.303
2024-10-24,3124.26,3165.3,3096.91,3160.41,884200,3165.49,3203.153,3131.408,49.401,2.05,12.393,-10.343,3203.153,3338.918,3067.388
2024-10-25,3158.46,3159.43,3102.77,3119.38,770000,3156.698,3192.895,3136.343,46.227,-2.208,9.473,-11.681,3192.895,3320.818,3064.972
2024-10-28,3132.08,3271.78,3122.31,3248.34,1637000,3165.882,3186.545,3143.351,55.833,4.768,8.532,-3.764,3186.545,3285.712,3087.378
2024-10-29,3234.66,3301.09,3211.21,3245.41,2310300,3181.514,3186.252,3150.291,55.59,9.946,8.815,1.131,3186.252,3284.646,3087.858
2024-10-30,3177.02,3232.7,3033.41,3068.58,8896500,3168.424,3176.14,3152.325,43.333,-0.217,7.008,-7.225,3176.14,3279.391,3072.89
2024-10-31,3038.29,3072.49,2961.11,2991.4,4156800,3134.622,3166.518,3152.29,39.264,-14.334,2.74,-17.074,3166.518,3298.591,3034.444
2024-11-01,2943.53,3006.05,2940.6,2968.93,2152200,3104.532,3152.058,3150.931,38.141,-27.023,-3.213,-23.81,3152.058,3303.769,3000.348
2024-11-05,2971.86,3040.25,2945.48,3040.25,1945500,3062.914,3143.608,3150.162,43.65,-30.967,-8.763,-22.204,3143.608,3300.638,2986.578
2024-11-06,3024.62,3121.33,3008.98,3084.21,2495100,3030.674,3134.18,3150.021,46.795,-30.198,-13.05,-17.148,3134.18,3280.861,2987.5
2024-11-07,3067.6,3082.26,3014.85,3030.48,1674000,3023.054,3126.902,3150.981,43.592,-33.537,-17.148,-16.389,3126.902,3279.176,2974.629
2024-11-08,3093.0,3179.95,3067.6,3162.36,1995200,3057.246,3127.635,3154.696,52.234,-25.251,-18.768,-6.483,3127.635,3280.47,2974.8
2024-11-11,3178.0,3235.64,3135.99,3230.75,1646900,3109.61,3132.96,3159.759,55.998,-13.015,-17.618,4.602,3132.96,3292.569,2973.35
2024-11-12,3269.83,3271.78,3154.55,3166.27,1446700,3134.814,3134.083,3162.035,51.849,-8.425,-15.779,7.355,3134.083,3294.329,2973.837
2024-11-13,3155.53,3374.36,3141.85,3360.68,3189300,3190.108,3143.12,3168.939,61.186,10.777,-10.468,21.245,3143.12,3332.069,2954.17
2024-11-14,3354.82,3467.17,3347.01,3462.29,2698800,3276.47,3159.092,3176.514,65.006,33.803,-1.614,35.417,3159.092,3395.891,2922.294
2024-11-15,3516.02,3564.87,3484.76,3495.5,3083000,3343.098,3175.114,3184.151,66.178,54.108,9.531,44.577,3175.114,3455.764,2894.464
2024-11-18,3491.59,3508.2,3381.2,3388.04,2006000,3374.556,3186.349,3188.278,59.264,60.827,19.79,41.037,3186.349,3482.573,2890.125
2024-11-19,3427.12,3431.02,3238.57,3255.17,3759000,3392.336,3188.986,3191.847,52.026,54.799,26.792,28.008,3188.986,3486.748,2891.225
2024-11-20,3321.61,3333.33,3281.55,3304.02,1996000,3381.004,3195.825,3196.121,54.239,53.349,32.103,21.246,3195.825,3497.738,2893.912
2024-11-21,3274.71,3347.98,3273.74,3323.56,1811200,3353.258,3205.302,3199.561,55.13,53.163,36.315,16.848,3205.302,3510.923,2899.68
2024-11-22,3311.84,3357.75,3289.37,3328.45,1029300,3319.848,3213.704,3203.332,55.365,52.802,39.613,13.189,3213.704,3523.341,2904.066
2024-11-25,3349.94,3386.08,3321.61,3359.71,1920700,3314.182,3225.72,3206.018,56.914,54.411,42.572,11.839,3225.72,3538.582,2912.858
2024-11-26,3330.4,3368.5,3282.53,3331.38,1467200,3329.424,3229.872,3210.158,55.049,52.792,44.616,8.175,3229.872,3546.183,2913.561
2024-11-27,3348.96,3408.55,3343.1,3392.92,1105300,3347.204,3237.248,3213.042,58.249,55.83,46.859,8.971,3237.248,3561.854,2912.641
2024-11-28,3378.27,3452.52,3346.03,3437.86,752700,3370.064,3255.712,3219.196,60.463,61.16,49.719,11.441,3255.712,3581.929,2929.494
2024-11-29,3436.89,3442.75,3386.09,3425.16,849200,3389.406,3277.4,3224.998,59.503,63.625,52.501,11.125,3277.4,3586.874,2967.925
2024-12-02,3432.0,3445.68,3394.88,3429.07,874400,3403.278,3300.406,3231.267,59.715,65.144,55.029,10.115,3300.406,3580.328,3020.485
2024-12-03,3417.35,3471.08,3411.49,3436.89,1012100,3424.38,3320.239,3236.469,60.164,66.215,57.266,8.949,3320.239,3577.868,3062.609
2024-12-04,3427.12,3524.81,3395.85,3466.19,1092500,3439.034,3339.338,3241.634,61.88,68.637,59.54,9.096,3339.338,3579.324,3099.351
2024-12-05,3483.78,3518.95,3428.09,3469.12,1610200,3445.286,3361.27,3245.886,62.056,69.986,61.63,8.356,3361.27,3558.834,3163.705
2024-12-06,3433.96,3466.19,3365.57,3409.53,1143800,3442.16,3373.628,3249.899,56.357,65.492,62.402,3.09,3373.628,3548.412,3198.844
2024-12-09,3448.61,3457.4,3400.74,3418.32,993100,3440.01,3383.007,3251.775,56.985,61.926,62.307,-0.381,3383.007,3545.185,3220.828
2024-12-10,3405.62,3463.26,3309.88,3453.49,2000500,3443.33,3397.368,3253.338,59.494,61.231,62.092,-0.86,3397.368,3526.169,3268.566
2024-12-11,3427.12,3463.26,3398.79,3457.4,1078300,3441.572,3402.204,3257.46,59.775,60.302,61.734,-1.432,3402.204,3532.46,3271.947
2024-12-12,3517.0,3527.74,3463.26,3495.5,1188800,3446.848,3403.864,3261.954,62.505,61.925,61.772,0.153,3403.864,3538.131,3269.597
2024-12-13,3437.86,3485.73,3342.12,3364.59,2469400,3437.86,3397.318,3265.569,49.961,52.049,59.827,-7.779,3397.318,3525.397,3269.24
2024-12-16,3341.15,3371.43,3287.41,3358.73,1702200,3425.942,3395.853,3267.581,49.482,43.25,56.512,-13.262,3395.853,3525.044,3266.662
2024-12-17,3427.12,3471.08,3399.76,3436.89,1486700,3422.622,3404.939,3272.134,55.594,42.099,53.629,-11.531,3404.939,3516.879,3292.999
2024-12-18,3454.47,3466.19,3353.85,3353.85,1589500,3401.912,3407.43,3273.756,48.834,34.092,49.722,-15.629,3407.43,3511.881,3302.98
2024-12-19,3318.68,3384.13,3312.81,3357.75,1130000,3374.362,3409.14,3277.39,49.147,27.742,45.326,-17.584,3409.14,3508.821,3309.459
2024-12-20,3367.52,3387.06,3316.72,3322.58,1307000,3365.96,3408.847,3280.887,46.393,19.646,40.19,-20.544,3408.847,3509.557,3308.136
2024-12-23,3331.38,3371.43,3325.51,3336.26,738100,3361.466,3407.674,3285.127,47.622,14.169,34.986,-20.816,3407.674,3511.297,3304.051
2024-12-24,3361.66,3365.57,3314.77,3351.89,556700,3344.466,3408.7,3289.289,49.06,10.964,30.181,-19.217,3408.7,3509.511,3307.888
2024-12-25,3347.98,3351.89,3294.25,3325.51,655800,3338.798,3405.329,3292.2,46.729,6.224,25.39,-19.166,3405.329,3512.659,3297.999
2024-12-26,3328.45,3350.91,3318.68,3341.15,721000,3335.478,3400.493,3296.167,48.297,3.686,21.049,-17.363,3400.493,3510.337,3290.65
2024-12-27,3370.45,3414.42,3355.8,3406.6,886300,3352.282,3399.565,3300.797,54.354,6.877,18.215,-11.337,3399.565,3508.844,3290.287
2024-12-30,3419.3,3434.93,3392.92,3393.9,971800,3363.81,3397.807,3305.408,53.055,8.286,16.229,-7.943,3397.807,3506.215,3289.399
2025-01-06,3393.9,3400.74,3274.71,3293.28,1334700,3352.088,3390.626,3307.226,44.07,1.269,13.237,-11.968,3390.626,3506.875,3274.378
2025-01-07,3333.33,3358.73,3301.09,3319.65,870000,3350.916,3383.3,3310.274,46.622,-2.14,10.162,-12.302,3383.3,3497.956,3268.643
2025-01-08,3293.28,3335.28,3230.75,3300.11,1292700,3342.708,3374.849,3313.595,44.984,-6.345,6.86,-13.205,3374.849,3487.773,3261.925
2025-01-09,3303.04,3326.49,3234.66,3290.34,1054400,3319.456,3368.89,3316.194,44.149,-10.347,3.419,-13.766,3368.89,3486.587,3251.192
2025-01-10,3267.87,3279.6,3235.64,3260.06,751200,3292.688,3360.976,3319.007,41.574,-15.78,-0.421,-15.359,3360.976,3485.748,3236.205
2025-01-14,3272.76,3277.64,3202.42,3216.1,1190200,3277.252,3349.107,3318.363,38.099,-23.363,-5.009,-18.354,3349.107,3481.741,3216.473
2025-01-15,3242.47,3327.47,3234.66,3279.6,1288200,3269.242,3340.217,3319.046,45.221,-23.973,-8.802,-15.171,3340.217,3465.944,3214.49
2025-01-16,3338.21,3338.21,3268.85,3268.85,978000,3262.99,3328.884,3323.052,44.292,-25.035,-12.049,-12.986,3328.884,3435.009,3222.76
2025-01-17,3243.45,3251.27,3151.62,3204.37,1364900,3245.796,3320.874,3327.311,39.102,-30.725,-15.784,-14.941,3320.874,3439.143,3202.604
2025-01-20,3259.08,3260.06,3207.3,3207.3,763000,3235.244,3313.302,3332.079,39.45,-34.6,-19.547,-15.053,3313.302,3440.425,3186.179
2025-01-21,3267.87,3277.64,3194.6,3230.75,1059700,3238.174,3302.995,3335.889,42.286,-35.37,-22.712,-12.659,3302.995,3421.029,3184.961
2025-01-22,3232.7,3251.27,3207.3,3214.14,1203000,3225.082,3296.01,3338.487,40.827,-36.896,-25.549,-11.347,3296.01,3417.846,3174.173
2025-01-23,3255.17,3294.25,3231.73,3231.73,1546700,3217.658,3289.708,3342.512,43.067,-36.268,-27.692,-8.575,3289.708,3411.135,3168.282
2025-01-24,3296.21,3344.08,3295.23,3328.45,1850500,3242.474,3290.002,3345.834,53.491,-27.647,-27.683,0.037,3290.002,3411.791,3168.213
2025-01-27,3337.24,3351.89,3280.58,3282.53,1379300,3257.52,3287.315,3346.87,48.912,-24.24,-26.995,2.754,3287.315,3407.163,3167.468
2025-01-28,3227.82,3427.12,3224.89,3400.74,1860000,3291.518,3289.758,3351.559,58.711,-11.865,-23.969,12.104,3289.758,3416.915,3162.601
2025-01-29,3401.72,3427.12,3353.85,3353.85,1806000,3319.46,3291.175,3351.422,54.265,-5.775,-20.33,14.555,3291.175,3420.62,3161.73
2025-01-30,3487.69,3545.33,3365.57,3507.23,3984400,3374.56,3299.479,3352.321,63.896,11.298,-14.004,25.302,3299.479,3460.001,3138.957
2025-01-31,3507.23,3550.21,3456.42,3474.99,1765000,3403.868,3302.899,3351.911,60.989,21.973,-6.809,28.782,3302.899,3475.489,3130.308
2025-02-03,3418.32,3535.56,3389.99,3486.71,2191500,3444.704,3307.539,3353.884,61.671,31.022,0.757,30.264,3307.539,3494.799,3120.279
2025-02-04,3544.35,3596.13,3514.06,3546.3,1975200,3473.816,3320.19,3359.707,65.023,42.511,9.108,33.403,3320.19,3535.483,3104.897
2025-02-05,3586.36,3672.33,3582.45,3653.77,2467000,3533.8,3336.896,3366.702,70.101,59.601,19.207,40.395,3336.896,3598.816,3074.976
2025-02-06,3700.66,3832.55,3683.08,3806.17,2855400,3593.588,3362.199,3376.354,75.527,84.469,32.259,52.21,3362.199,3696.838,3027.56
2025-02-07,3761.23,3766.12,3673.31,3696.75,2489800,3637.94,3382.52,3383.72,66.233,94.261,44.66,49.602,3382.52,3746.828,3018.211
2025-02-10,3705.55,3756.35,3683.08,3730.95,1480600,3686.788,3406.064,3391.145,67.576,103.587,56.445,47.142,3406.064,3796.945,3015.183
2025-02-12,3735.83,3747.55,3642.04,3747.55,1960700,3727.038,3432.636,3399.468,68.237,111.038,67.364,43.674,3432.636,3841.009,3024.264
2025-02-13,3745.6,3789.56,3716.29,3727.04,1862200,3741.692,3455.008,3406.151,66.436,113.973,76.686,37.288,3455.008,3876.882,3033.135
2025-02-14,3728.02,3756.35,3710.43,3736.81,1222900,3727.82,3478.406,3412.13,66.885,115.754,84.499,31.255,3478.406,3908.633,3048.18
2025-02-17,3736.81,3768.07,3723.13,3733.88,1226400,3735.246,3504.882,3418.304,66.597,115.596,90.719,24.877,3504.882,3929.233,3080.531
2025-02-18,3741.69,3816.92,3725.08,3802.26,1852500,3749.508,3534.63,3425.768,69.851,119.61,96.497,23.113,3534.63,3954.537,3114.723
2025-02-19,3816.92,3847.2,3782.72,3822.78,1734800,3764.554,3564.231,3433.486,70.772,123.028,101.803,21.225,3564.231,3977.356,3151.107
2025-02-20,3800.31,3845.25,3749.51,3792.49,1610300,3777.644,3593.149,3440.012,67.497,121.888,105.82,16.068,3593.149,3983.427,3202.871
2025-02-21,3829.62,4005.47,3820.82,3986.91,3880100,3827.664,3630.908,3450.368,75.374,135.115,111.679,23.436,3630.908,4020.081,3241.735
2025-02-25,3957.6,3960.53,3863.81,3876.51,3717600,3856.19,3658.311,3459.707,65.645,135.132,116.37,18.762,3658.311,4034.787,3281.835
2025-02-26,3855.99,3855.99,3624.46,3637.16,4503400,3823.17,3676.043,3464.084,50.443,114.511,115.998,-1.487,3676.043,4008.872,3343.213
2025-02-27,3653.77,3711.41,3609.81,3645.95,2610600,3787.804,3688.303,3467.933,50.893,97.752,112.349,-14.597,3688.303,3995.512,3381.094
2025-02-28,3577.57,3658.65,3542.4,3615.67,3898700,3752.44,3701.394,3471.099,49.235,81.092,106.097,-25.006,3701.394,3968.259,3434.529
2025-03-03,3721.18,3721.18,3560.96,3714.34,5091100,3697.926,3711.749,3475.475,54.443,74.986,99.875,-24.889,3711.749,3962.477,3461.022
2025-03-04,3645.95,3700.66,3575.61,3678.19,3340100,3658.262,3721.91,3481.747,52.325,66.464,93.193,-26.729,3721.91,3947.443,3496.376
2025-03-05,3639.11,3645.95,3463.26,3565.84,6136500,3643.998,3725.866,3485.89,46.298,50.068,84.568,-34.5,3725.866,3936.298,3515.434
2025-03-06,3539.47,3624.46,3519.93,3607.85,3273100,3636.378,3728.944,3489.309,48.678,40.002,75.655,-35.653,3728.944,3929.905,3527.982
2025-03-07,3482.8,3544.35,3430.05,3438.84,3200400,3601.012,3718.197,3491.009,40.835,18.177,64.159,-45.982,3718.197,3955.742,3480.652
2025-03-10,3438.84,3438.84,3317.7,3356.78,3745400,3529.5,3695.727,3490.989,37.662,-5.675,50.192,-55.867,3695.727,3978.874,3412.581
2025-03-11,3247.36,3348.96,3201.44,3332.35,3846400,3460.332,3677.507,3491.185,36.747,-26.246,34.905,-61.151,3677.507,4003.962,3351.053
2025-03-12,3360.68,3414.42,3354.82,3355.8,2301200,3418.324,3658.75,3491.575,38.297,-40.194,19.885,-60.079,3658.75,4014.106,3303.394
2025-03-13,3424.19,3445.68,3349.94,3362.64,1981700,3369.282,3639.504,3491.79,38.769,-50.118,5.884,-56.002,3639.504,4015.693,3263.316
2025-03-14,3334.31,3440.79,3311.84,3396.83,1978800,3360.88,3622.994,3493.217,41.188,-54.595,-6.211,-48.383,3622.994,4011.781,3234.207
2025-03-17,3437.86,3455.45,3399.76,3409.53,1272400,3371.43,3606.63,3494.584,42.102,-56.467,-16.263,-40.204,3606.63,4002.728,3210.532
2025-03-18,3422.23,3453.49,3400.74,3424.19,1518800,3389.798,3591.146,3494.936,43.201,-56.121,-24.234,-31.886,3591.146,3990.498,3191.793
2025-03-19,3492.57,3524.81,3463.26,3464.24,2147100,3411.486,3574.244,3496.343,46.204,-52.015,-29.79,-22.225,3574.244,3964.484,3184.005
2025-03-21,3482.8,3605.9,3469.12,3581.47,3253800,3455.252,3562.179,3502.107,53.888,-38.854,-31.603,-7.251,3562.179,3934.578,3189.78
2025-03-24,3619.57,3692.84,3596.13,3619.57,2214400,3499.8,3553.533,3508.105,56.083,-25.06,-30.294,5.234,3553.533,3911.153,3195.913
2025-03-25,3686.01,3709.45,3633.25,3677.21,1852100,3553.336,3538.048,3515.647,59.245,-9.37,-26.109,16.74,3538.048,3838.985,3237.111
2025-03-26,3701.64,3793.47,3679.17,3741.69,2468600,3616.836,3531.307,3524.674,62.498,8.174,-19.253,27.427,3531.307,3805.141,3257.473
2025-03-27,3681.12,3786.63,3668.42,3782.72,2259600,3680.532,3538.585,3535.127,64.442,25.099,-10.382,35.481,3538.585,3831.348,3245.822
2025-03-28,3798.44,3828.9,3751.28,3771.92,2205600,3718.622,3544.884,3546.244,63.509,37.212,-0.864,38.075,3544.884,3852.419,3237.348
2025-03-31,3617.66,3690.37,3599.97,3599.97,2217700,3714.702,3544.098,3552.651,50.873,32.561,5.821,26.74,3544.098,3850.953,3237.244
2025-04-01,3634.36,3679.56,3576.39,3592.11,2040000,3697.682,3537.987,3559.116,50.38,27.919,10.241,17.678,3537.987,3835.285,3240.689
2025-04-02,3614.71,3651.07,3581.31,3630.43,1346100,3675.43,3535.599,3567.638,52.784,27.021,13.597,13.424,3535.599,3828.896,3242.302
2025-04-03,3458.49,3618.64,3455.54,3586.22,2055400,3636.13,3536.618,3575.216,49.787,22.482,15.374,7.109,3536.618,3830.498,3242.738
2025-04-04,3537.09,3605.87,3508.6,3581.31,2262300,3598.008,3535.291,3582.227,49.451,18.279,15.955,2.324,3535.291,3828.054,3242.528
2025-04-07,3360.24,3455.54,3234.47,3344.52,2879800,3546.918,3530.575,3584.835,36.62,-4.112,11.941,-16.054,3530.575,3832.767,3228.383
2025-04-08,3550.85,3598.99,3482.07,3527.27,2374500,3533.95,3539.1,3590.746,47.864,-7.03,8.147,-15.177,3539.1,3830.059,3248.14
2025-04-09,3487.97,3512.53,3394.63,3458.49,2223200,3499.562,3545.406,3593.346,44.653,-14.722,3.573,-18.295,3545.406,3822.641,3268.172
2025-04-10,3642.22,3777.81,3607.83,3766.02,2390800,3535.522,3565.917,3603.016,58.165,3.951,3.649,0.302,3565.917,3844.782,3287.053
2025-04-11,3607.83,3682.51,3541.02,3671.7,2011100,3553.6,3581.37,3608.435,53.825,11.012,5.122,5.891,3581.37,3846.732,3316.009
2025-04-14,3733.6,3784.69,3722.79,3756.2,1207400,3635.936,3599.339,3616.482,56.926,23.159,8.729,14.43,3599.339,3860.724,3337.954
2025-04-15,3791.57,3831.85,3765.04,3774.86,1411200,3685.454,3617.606,3621.835,57.603,33.901,13.764,20.138,3617.606,3874.157,3361.054
2025-04-16,3802.37,3821.04,3755.21,3782.72,1212100,3750.3,3635.532,3627.99,57.903,42.558,19.522,23.035,3635.532,3885.19,3385.874
2025-04-17,3787.64,3869.19,3768.97,3853.47,1203300,3767.79,3654.993,3635.325,60.607,54.499,26.518,27.981,3654.993,3909.074,3400.913
2025-04-18,3853.47,3910.45,3803.36,3910.45,1387300,3815.54,3671.442,3642.608,62.686,67.779,34.77,33.009,3671.442,3947.156,3395.729
2025-04-21,3867.22,3879.01,3804.34,3827.92,1078600,3829.884,3681.86,3646.091,57.919,70.827,41.981,28.846,3681.86,3964.967,3398.753
2025-04-22,3827.92,3858.38,3774.86,3793.53,1201800,3833.618,3687.676,3645.838,56.007,69.665,47.518,22.147,3687.676,3975.126,3400.226
2025-04-23,3862.31,3875.08,3813.18,3826.94,1283300,3842.462,3691.938,3648.442,57.475,70.626,52.14,18.486,3691.938,3985.23,3398.647
2025-04-24,3867.22,3907.5,3773.88,3799.43,1574800,3831.654,3692.774,3649.811,55.823,68.379,55.388,12.992,3692.774,3987.248,3398.3
2025-04-25,3733.6,3808.27,3696.26,3781.74,2299000,3805.912,3693.265,3650.495,54.734,64.429,57.196,7.233,3693.265,3988.326,3398.204
2025-04-28,3807.29,3899.64,3796.48,3863.29,1441700,3812.986,3706.431,3653.22,58.732,67.105,59.178,7.927,3706.431,4007.404,3405.458
2025-04-30,3889.82,4066.67,3856.41,4066.67,3014600,3867.614,3730.159,3659.817,66.645,84.661,64.274,20.386,3730.159,4065.991,3394.327
2025-05-01,4031.3,4107.94,4028.36,4094.18,1837300,3921.062,3753.347,3667.023,67.552,99.645,71.348,28.297,3753.347,4122.566,3384.127
2025-05-02,4094.18,4140.36,4063.73,4094.18,1533100,3980.012,3778.744,3672.862,67.552,110.249,79.129,31.121,3778.744,4168.851,3388.638
2025-05-07,4126.61,4142.33,4064.71,4096.15,1559700,4042.894,3804.486,3678.329,67.625,117.458,86.794,30.664,3804.486,4207.47,3401.503
2025-05-08,4081.41,4100.08,4030.32,4069.62,1595100,4084.16,3840.742,3683.872,65.486,119.651,93.366,26.286,3840.742,4197.28,3484.203
2025-05-09,4029.34,4085.34,3975.3,4058.81,2006400,4082.588,3867.318,3685.31,64.59,119.144,98.521,20.622,3867.318,4204.171,3530.466
2025-05-12,4058.81,4072.57,3912.42,3964.49,1887500,4056.65,3892.618,3687.069,57.23,109.864,100.79,9.074,3892.618,4171.142,3614.095
2025-05-13,4013.62,4015.58,3869.19,3916.35,2622300,4021.084,3900.135,3692.653,53.857,97.502,100.132,-2.631,3900.135,4172.314,3627.956
2025-05-14,3898.66,4008.7,3706.09,3746.37,4470200,3951.128,3903.868,3694.662,43.996,73.145,94.735,-21.59,3903.868,4164.665,3643.072
2025-05-15,3741.46,3917.33,3713.95,3890.8,3428300,3915.364,3910.598,3700.164,52.033,64.75,88.738,-23.988,3910.598,4162.132,3659.065
2025-05-16,3910.45,4060.78,3891.78,4051.94,2865700,3913.99,3924.452,3706.916,59.087,70.29,85.048,-14.759,3924.452,4175.028,3673.877
2025-05-19,3996.91,4102.04,3903.57,4089.27,2574000,3938.946,3939.78,3715.138,60.534,76.807,83.4,-6.593,3939.78,4191.352,3688.208
2025-05-20,4148.22,4168.86,4010.67,4095.17,2258000,3974.71,3951.865,3725.724,60.771,81.508,83.022,-1.514,3951.865,4209.137,3694.593
2025-05-21,4112.85,4120.71,3997.9,4014.6,1620300,4028.356,3957.072,3733.859,55.853,77.835,81.984,-4.149,3957.072,4215.03,3699.115
2025-05-22,4048.01,4076.5,3990.04,4029.34,1508600,4056.064,3967.143,3745.669,56.545,75.246,80.637,-5.39,3967.143,4219.538,3714.749
2025-05-23,4053.9,4097.13,4012.63,4081.41,1595900,4061.958,3981.538,3760.162,58.994,76.514,79.812,-3.298,3981.538,4224.917,3738.158
2025-05-26,4106.96,4156.08,4074.53,4153.14,1080700,4074.732,3997.848,3776.578,62.157,82.358,80.321,2.036,3997.848,4241.325,3754.37
2025-05-27,4179.66,4217.0,4145.28,4210.12,1317600,4097.722,4018.382,3793.664,64.5,90.543,82.366,8.177,4018.382,4260.671,3776.093
2025-05-28,4224.86,4276.93,4210.12,4224.86,1591800,4139.774,4040.538,3810.909,65.101,97.1,85.312,11.787,4040.538,4272.536,3808.54
2025-05-29,4293.64,4356.52,4254.34,4300.51,1963200,4194.008,4062.399,3828.982,68.091,107.165,89.683,17.482,4062.399,4306.172,3818.626
2025-05-30,4231.74,4265.14,4168.86,4224.86,3003500,4222.698,4070.308,3845.289,62.34,107.795,93.305,14.49,4070.308,4324.699,3815.918
2025-06-02,4241.56,4312.3,4217.98,4268.09,1499300,4245.688,4079.004,3862.167,64.201,110.509,96.746,13.763,4079.004,4348.283,3809.725
2025-06-03,4301.5,4302.48,4172.79,4195.38,1184400,4242.74,4084.064,3876.79,58.926,105.575,98.512,7.063,4084.064,4358.302,3809.826
2025-06-04,4220.93,4298.55,4187.52,4283.81,1442100,4254.53,4093.447,3890.836,62.917,107.561,100.322,7.239,4093.447,4381.899,3804.995
2025-06-05,4298.55,4328.03,4221.91,4237.63,1417000,4241.954,4101.848,3903.198,59.657,104.207,101.099,3.108,4101.848,4397.084,3806.611
2025-06-06,4279.88,4298.55,4200.3,4223.88,1261000,4241.758,4110.101,3914.131,58.682,99.295,100.738,-1.443,4110.101,4409.472,3810.73
2025-06-09,4227.81,4358.48,4224.86,4350.62,1785000,4258.264,4129.407,3926.31,64.449,104.426,101.476,2.95,4129.407,4438.873,3819.942
2025-06-10,4407.61,4431.19,4327.04,4384.03,1993500,4295.994,4152.792,3938.336,65.804,109.92,103.164,6.756,4152.792,4465.135,3840.448
2025-06-11,4372.24,4412.52,4320.17,4329.01,1910100,4305.034,4181.924,3949.478,61.638,108.583,104.248,4.335,4181.924,4438.338,3925.509
2025-06-12,4289.71,4395.82,4286.76,4383.05,1605400,4334.118,4206.536,3965.139,64.045,110.609,105.52,5.089,4206.536,4438.638,3974.434
2025-06-13,4431.19,4610.01,4422.35,4521.58,3133400,4393.658,4230.018,3983.729,69.355,121.987,108.814,13.173,4230.018,4489.659,3970.377
2025-06-16,4539.27,4593.31,4485.23,4544.18,1571400,4432.37,4252.764,4002.004,70.13,131.314,113.314,18.0,4252.764,4538.845,3966.682
2025-06-17,4530.43,4599.2,4496.04,4581.52,1487200,4471.868,4277.081,4021.91,71.416,140.104,118.672,21.432,4277.081,4588.334,3965.828
2025-06-18,4598.22,4667.98,4588.39,4626.71,1696300,4531.408,4307.686,4042.818,72.935,148.998,124.737,24.261,4307.686,4630.432,3984.941
2025-06-19,4663.07,4709.25,4617.87,4686.65,1446700,4592.128,4340.552,4069.66,74.844,159.051,131.6,27.451,4340.552,4677.509,4003.595
2025-06-20,4668.96,4700.4,4601.17,4629.66,2216600,4613.744,4367.964,4091.708,69.802,160.568,137.393,23.174,4367.964,4705.359,4030.57
2025-06-23,4601.17,4684.68,4574.64,4670.93,1084900,4639.094,4393.854,4115.957,71.31,163.219,142.558,20.66,4393.854,4741.159,4046.549
2025-06-24,4698.44,4704.33,4606.08,4670.93,1151900,4656.976,4416.894,4134.055,71.31,163.435,146.734,16.702,4416.894,4773.883,4059.906
2025-06-25,4724.97,4764.27,4642.43,4721.04,1867900,4675.842,4441.704,4155.042,73.194,165.74,150.535,15.205,4441.704,4811.244,4072.163
2025-06-26,4785.88,4824.2,4724.97,4755.42,1455000,4689.596,4464.449,4175.026,74.434,168.4,154.108,14.292,4464.449,4852.914,4075.984
2025-06-27,4755.42,4796.69,4711.21,4795.71,1393000,4722.806,4492.992,4195.443,75.845,171.778,157.642,14.136,4492.992,4891.101,4094.882
2025-06-30,4785.88,4910.66,4779.99,4846.8,1713100,4757.98,4521.927,4216.725,77.538,176.543,161.422,15.121,4521.927,4935.051,4108.803
2025-07-01,4912.63,4927.37,4819.29,4819.29,1516900,4787.652,4553.122,4236.041,74.51,176.07,164.352,11.718,4553.122,4956.534,4149.711
2025-07-02,4750.51,4757.39,4530.43,4530.43,2608900,4749.53,4565.454,4248.441,51.686,150.65,161.612,-10.961,4565.454,4948.78,4182.127
2025-07-03,4505.86,4518.64,4357.5,4366.34,3562600,4671.714,4571.889,4259.209,43.529,115.927,152.475,-36.547,4571.889,4935.876,4207.902
2025-07-04,4431.19,4460.67,4373.22,4402.7,1574400,4593.112,4580.83,4271.393,45.579,90.302,140.04,-49.738,4580.83,4916.508,4245.152
2025-07-07,4358.48,4399.75,4334.9,4372.24,1525400,4498.2,4581.911,4282.299,44.134,66.767,125.386,-58.619,4581.911,4914.593,4249.229
2025-07-08,4364.38,4371.26,4311.32,4353.57,1619900,4405.056,4580.388,4293.381,43.229,46.077,109.524,-63.447,4580.388,4917.139,4243.637
2025-07-09,4329.99,4362.41,4213.07,4301.5,2420700,4359.27,4579.012,4303.777,40.722,25.189,92.657,-67.468,4579.012,4920.281,4237.744
2025-07-10,4274.97,4280.86,4160.01,4258.27,2968600,4337.656,4572.774,4311.676,38.714,5.087,75.143,-70.056,4572.774,4933.153,4212.394
2025-07-11,4218.97,4329.99,4181.63,4193.42,2149700,4295.8,4556.366,4314.211,35.859,-15.893,56.936,-72.829,4556.366,4954.467,4158.264
2025-07-14,4165.91,4185.56,4115.8,4172.79,1545000,4255.91,4537.796,4315.783,34.975,-33.795,38.79,-72.585,4537.796,4971.359,4104.233
2025-07-15,4241.56,4264.16,4166.89,4185.56,1468900,4222.308,4517.998,4317.611,36.026,-46.417,21.748,-68.165,4517.998,4978.48,4057.516
2025-07-16,4228.79,4229.77,4163.94,4216.02,1230600,4205.212,4497.464,4320.008,38.577,-53.347,6.729,-60.076,4497.464,4973.886,4021.041
2025-07-17,4247.46,4329.01,4223.88,4270.06,1875400,4207.57,4476.634,4324.017,42.924,-53.858,-5.388,-48.47,4476.634,4954.654,3998.614
2025-07-18,4338.83,4447.89,4323.11,4388.94,3349700,4246.674,4464.598,4330.62,51.121,-44.161,-13.143,-31.018,4464.598,4938.499,3990.697
2025-07-22,4398.77,4450.84,4266.13,4320.17,2304600,4276.15,4447.06,4337.733,46.923,-41.547,-18.824,-22.723,4447.06,4914.731,3979.389
2025-07-23,4309.36,4337.85,4254.34,4321.15,2507300,4303.268,4429.571,4345.829,46.99,-38.946,-22.848,-16.098,4429.571,4888.063,3971.079
2025-07-24,4372.24,4462.63,4345.71,4447.89,1967800,4349.642,4415.914,4359.86,54.897,-26.355,-23.55,-2.806,4415.914,4853.652,3978.175
2025-07-25,4466.56,4550.08,4229.77,4239.6,3452400,4343.55,4390.122,4366.836,43.431,-32.806,-25.401,-7.405,4390.122,4803.756,3976.489
2025-07-28,4269.07,4283.81,4202.26,4210.12,1726000,4307.786,4360.843,4369.999,42.091,-39.837,-28.288,-11.549,4360.843,4734.57,3987.116
2025-07-29,4278.9,4278.9,4159.03,4239.6,1883000,4291.672,4330.483,4373.006,43.954,-42.541,-31.139,-11.402,4330.483,4629.095,4031.871
2025-07-30,4234.69,4260.23,4196.37,4208.16,1375800,4269.074,4299.926,4375.266,42.388,-46.682,-34.247,-12.435,4299.926,4495.084,4104.769
2025-07-31,3892.77,4025.41,3806.3,3808.27,9087800,4141.15,4263.818,4371.139,28.489,-81.295,-43.657,-37.638,4263.818,4532.707,3994.93
2025-08-01,3819.08,3938.95,3788.62,3901.61,6325500,4073.552,4240.582,4368.585,33.935,-100.04,-54.933,-45.107,4240.582,4549.507,3931.657
2025-08-04,3851.5,3933.05,3822.02,3886.87,2776400,4008.902,4214.79,4364.694,33.501,-114.763,-66.899,-47.864,4214.79,4551.599,3877.982
2025-08-05,3914.38,3968.42,3876.06,3889.82,2251100,3938.946,4190.67,4359.427,33.684,-124.755,-78.47,-46.284,4190.67,4548.446,3832.893
2025-08-06,3833.82,3914.38,3822.02,3854.45,2295300,3868.204,4165.714,4352.314,32.529,-133.983,-89.573,-44.41,4165.714,4544.651,3786.776
2025-08-07,3851.5,3908.49,3824.97,3894.73,2031900,3885.496,4145.375,4345.711,35.25,-136.473,-98.953,-37.52,4145.375,4537.076,3753.674
2025-08-08,3867.22,3964.49,3864.27,3889.82,2150500,3883.138,4126.953,4337.498,35.065,-137.26,-106.614,-30.646,4126.953,4530.768,3723.137
2025-08-12,3910.45,3998.88,3901.61,3986.11,2485900,3902.986,4116.587,4332.723,41.564,-128.631,-111.018,-17.614,4116.587,4523.847,3709.327
2025-08-13,4022.46,4131.52,3993.97,4058.81,2900400,3936.784,4110.888,4328.537,45.961,-114.606,-111.735,-2.87,4110.888,4518.026,3703.75
2025-08-14,4058.81,4082.39,3939.93,3992.98,1889300,3964.49,4101.259,4324.489,42.819,-107.562,-110.901,3.339,4101.259,4510.067,3692.451
2025-08-15,4047.02,4151.17,4030.32,4135.45,2984500,4012.634,4097.23,4321.522,50.678,-89.453,-106.611,17.158,4097.23,4502.852,3691.609
2025-08-18,4164.93,4286.76,4148.22,4211.1,2836000,4076.89,4094.283,4320.991,54.272,-68.21,-98.931,30.72,4094.283,4495.448,3693.117
2025-08-19,4224.86,4252.37,4122.68,4188.51,2448700,4117.37,4084.261,4320.284,53.03,-52.592,-89.663,37.071,4084.261,4463.868,3704.654
2025-08-20,4126.61,4164.93,3988.07,4016.56,2798000,4108.92,4069.08,4313.603,44.649,-53.473,-82.425,28.952,4069.08,4432.921,3705.24
2025-08-21,4030.32,4038.18,3957.61,3972.35,1681600,4104.794,4051.64,4305.369,42.778,-57.081,-77.356,20.275,4051.64,4397.606,3705.675
2025-08-22,3984.14,4032.29,3962.53,3993.97,1532400,4076.498,4028.944,4298.668,44.014,-57.532,-73.392,15.859,4028.944,4320.78,3737.109
2025-08-25,3998.88,4023.44,3940.91,3964.49,1766500,4027.176,4015.189,4290.297,42.66,-59.582,-70.63,11.048,4015.189,4290.695,3739.683
2025-08-26,3940.91,3984.14,3920.28,3942.88,1829100,3978.05,4001.827,4278.723,41.65,-62.233,-68.95,6.718,4001.827,4263.08,3740.574
2025-08-27,3923.22,3959.58,3892.77,3934.03,1626800,3961.544,3986.548,4266.52,41.219,-64.306,-68.021,3.715,3986.548,4223.9,3749.197
2025-08-28,3920.28,3962.53,3897.68,3905.54,1537200,3948.182,3971.418,4253.0,39.792,-67.471,-67.911,0.441,3971.418,4186.856,3755.979
2025-08-29,3927.15,3966.46,3908.49,3935.02,1748200,3936.392,3977.755,4239.167,42.028,-66.829,-67.695,0.866,3977.755,4180.042,3775.468
2025-09-01,3955.65,4007.72,3898.66,3936.0,2090100,3930.694,3979.474,4224.154,42.105,-65.487,-67.253,1.766,3979.474,4179.61,3779.339
2025-09-02,3944.84,4020.49,3944.84,3983.16,2436900,3938.75,3984.289,4211.224,45.833,-59.927,-65.788,5.861,3984.289,4179.619,3788.959
2025-09-03,3971.37,3975.3,3886.87,3887.85,2296700,3929.514,3984.191,4195.562,40.2,-62.491,-65.129,2.637,3984.191,4179.723,3788.658
2025-09-04,3861.33,3918.31,3833.82,3911.43,2045000,3930.692,3987.04,4180.372,42.096,-61.907,-64.484,2.577,3987.04,4176.168,3797.911
2025-09-05,3867.22,3965.47,3861.33,3930.1,2133600,3929.708,3988.808,4164.553,43.62,-59.254,-63.438,4.184,3988.808,4174.94,3802.676
2025-09-08,3959.58,4006.74,3937.96,3940.91,1513500,3930.69,3991.362,4148.263,44.531,-55.638,-61.878,6.24,3991.362,4173.126,3809.599
2025-09-09,3973.33,4000.84,3918.31,3958.6,1618100,3925.778,3989.987,4131.521,46.066,-50.76,-59.655,8.894,3989.987,4172.333,3807.641
2025-09-10,3902.59,3939.93,3883.92,3910.45,1734600,3930.298,3982.569,4112.794,42.609,-50.201,-57.764,7.563,3982.569,4165.197,3799.941
2025-09-11,3949.75,3983.16,3901.61,3967.44,1548200,3941.5,3981.292,4095.757,47.619,-44.644,-55.14,10.496,3981.292,4163.971,3798.613
2025-09-12,3951.72,3961.54,3915.36,3946.81,1383500,3944.842,3971.86,4084.084,46.052,-41.428,-52.398,10.97,3971.86,4139.92,3803.8
2025-09-16,3955.65,4002.81,3914.38,3976.28,1452300,3951.916,3960.119,4076.283,48.651,-36.085,-49.135,13.05,3960.119,4085.092,3835.146
2025-09-17,4044.08,4105.97,4023.44,4059.8,2723100,3972.156,3953.684,4069.425,55.235,-24.825,-44.273,19.448,3953.684,4034.641,3872.726
2025-09-18,4115.8,4139.38,4073.55,4073.55,1740300,4004.776,3956.533,4063.451,56.23,-14.623,-38.343,23.72,3956.533,4049.874,3863.192
2025-09-19,4110.89,4124.64,3979.23,4011.65,3143500,4013.618,3958.498,4056.613,50.76,-11.402,-32.955,21.553,3958.498,4054.847,3862.149
2025-09-22,4080.43,4087.31,3986.11,3988.07,1681500,4021.87,3958.203,4050.344,48.812,-10.629,-28.49,17.861,3958.203,4054.13,3862.276
2025-09-24,4010.67,4011.65,3916.35,3929.12,2216700,4012.438,3956.435,4043.761,44.241,-14.605,-25.713,11.108,3956.435,4053.174,3859.695
2025-09-25,3926.17,3934.03,3872.13,3907.5,2142500,3981.978,3954.666,4038.043,42.664,-19.278,-24.426,5.148,3954.666,4053.715,3855.616
2025-09-26,3976.28,4036.22,3931.09,3936.0,2351600,3954.468,3954.764,4033.307,45.427,-20.446,-23.63,3.184,3954.764,4053.731,3855.797
2025-09-29,3946.86,3983.4,3844.16,3869.84,2281200,3926.106,3952.979,4026.993,40.542,-26.406,-24.185,-2.221,3952.979,4056.85,3849.108
2025-09-30,3904.4,3997.22,3876.75,3972.53,2334600,3922.998,3954.854,4022.123,49.601,-22.583,-23.865,1.282,3954.854,4058.715,3850.994
2025-10-01,3980.43,4117.69,3980.43,4068.32,2802100,3950.838,3961.471,4018.088,56.29,-11.689,-21.43,9.741,3961.471,4076.528,3846.413
2025-10-02,4060.42,4078.19,3969.57,4043.63,2146200,3978.064,3964.494,4011.182,54.29,-4.99,-18.142,13.152,3964.494,4085.001,3843.987
2025-10-03,4228.28,4280.62,4167.06,4212.49,3091400,4033.362,3980.726,4009.028,63.772,13.786,-11.756,25.542,3980.726,4139.23,3822.222
2025-10-06,4325.06,4339.87,4188.79,4256.92,2808200,4110.778,3998.0,4007.744,65.783,31.883,-3.028,34.911,3998.0,4195.271,3800.73
2025-10-07,4293.46,4299.38,4205.57,4256.92,1312000,4167.656,4014.342,4003.924,65.783,45.699,6.717,38.982,4014.342,4240.028,3788.655
2025-10-08,4315.18,4408.0,4291.48,4300.37,1705000,4214.066,4032.315,4005.14,67.81,59.468,17.267,42.201,4032.315,4288.562,3776.067
2025-10-09,4382.33,4399.11,4168.05,4229.27,1448700,4251.194,4045.848,4005.523,61.4,63.907,26.595,37.311,4045.848,4314.016,3777.68
2025-10-10,4245.07,4258.9,4187.8,4221.37,1733100,4252.97,4061.394,4005.158,60.714,66.026,34.481,31.544,4061.394,4332.545,3790.243
2025-10-14,4083.13,4164.1,4046.59,4071.28,2223000,4215.842,4066.586,4002.421,49.408,54.96,38.577,16.383,4066.586,4334.115,3799.057
2025-10-15,4075.23,4155.21,4074.24,4120.65,1244800,4188.588,4075.278,4008.668,52.539,49.603,40.782,8.821,4075.278,4337.668,3812.888
2025-10-16,4149.29,4180.89,4088.07,4088.07,1218900,4146.128,4080.868,4012.397,50.326,42.242,41.074,1.167,4080.868,4339.108,3822.627
2025-10-17,4092.02,4097.94,4010.06,4073.25,1197600,4114.924,4081.54,4016.125,49.308,34.81,39.821,-5.011,4081.54,4339.62,3823.46
2025-10-20,4105.84,4153.24,4093.0,4120.65,1125600,4094.78,4083.895,4020.742,52.609,32.373,38.332,-5.959,4083.895,4342.527,3825.263
2025-10-21,4151.26,4264.82,4137.44,4264.82,1471500,4133.488,4096.554,4028.949,60.939,41.595,38.984,2.61,4096.554,4364.897,3828.21
2025-10-22,4254.95,4313.21,4214.46,4214.46,1667100,4152.25,4107.873,4035.344,57.159,44.328,40.053,4.275,4107.873,4376.048,3839.698
2025-10-23,4248.03,4272.72,4195.7,4221.37,1137000,4178.91,4122.486,4041.975,57.548,46.516,41.346,5.171,4122.486,4381.336,3863.635
2025-10-24,4231.25,4274.7,4213.47,4228.28,1143800,4209.916,4138.525,4046.818,57.959,48.252,42.727,5.525,4138.525,4380.489,3896.56
2025-10-27,4254.95,4292.47,4240.13,4286.54,1010200,4243.094,4156.051,4051.373,61.358,53.709,44.923,8.786,4156.051,4386.769,3925.334
2025-10-28,4308.27,4321.11,4269.76,4276.67,1625500,4245.464,4176.393,4057.046,60.466,56.585,47.256,9.329,4176.393,4369.54,3983.246
2025-10-29,4251.0,4327.03,4208.54,4270.75,2050400,4256.722,4191.304,4059.752,59.904,57.721,49.349,8.373,4191.304,4363.043,4019.565
2025-10-30,3949.82,3992.28,3846.14,3949.82,7383600,4202.412,4185.379,4054.527,38.824,32.353,45.95,-13.597,4185.379,4381.438,3989.32
2025-10-31,4000.18,4112.75,3981.42,3983.4,3560900,4153.436,4182.367,4050.425,41.157,14.787,39.717,-24.93,4182.367,4389.151,3975.584
2025-11-04,3952.78,3989.32,3894.52,3926.12,2517900,4081.352,4168.049,4048.616,38.463,-3.713,31.031,-34.744,4168.049,4403.694,3932.404
2025-11-05,3886.63,3960.68,3857.0,3911.31,2547800,4008.28,4150.768,4047.395,37.774,-19.347,20.955,-40.302,4150.768,4408.616,3892.921
2025-11-06,3950.81,4018.94,3895.51,3907.36,2907600,3935.602,4133.29,4045.663,37.581,-31.69,10.426,-42.116,4133.29,4407.699,3858.882
2025-11-07,3921.19,4020.92,3910.32,4019.93,1977400,3949.624,4119.268,4046.772,46.052,-32.019,1.937,-33.957,4119.268,4386.291,3852.246
2025-11-10,4005.12,4034.74,3947.85,3992.28,2243900,3951.4,4107.419,4047.76,44.456,-34.118,-5.274,-28.844,4107.419,4374.921,3839.917
2025-11-11,4031.78,4031.78,3858.98,3888.6,2243300,3943.896,4090.78,4046.851,38.998,-43.645,-12.948,-30.697,4090.78,4369.596,3811.965
2025-11-12,3860.95,3895.51,3803.68,3853.05,2289900,3932.244,4079.869,4045.801,37.307,-53.447,-21.048,-32.399,4079.869,4378.29,3781.448
2025-11-13,3856.01,3888.6,3811.58,3811.58,1938400,3913.088,4064.416,4043.332,35.38,-63.826,-29.603,-34.222,4064.416,4385.122,3743.709
2025-11-14,3793.8,3831.33,3774.05,3809.6,1689200,3871.022,4050.492,4040.804,35.286,-71.388,-37.96,-33.428,4050.492,4390.475,3710.509
2025-11-17,3779.98,3817.5,3763.19,3807.63,1347200,3834.092,4037.211,4037.294,35.186,-76.657,-45.7,-30.957,4037.211,4393.797,3680.625
2025-11-18,3789.85,3821.45,3754.31,3764.18,1803600,3809.208,4019.388,4034.82,32.969,-83.377,-53.235,-30.142,4019.388,4393.613,3645.162
2025-11-19,3746.41,3776.03,3712.83,3725.67,2674300,3783.732,3992.43,4031.105,31.099,-90.764,-60.741,-30.023,3992.43,4369.876,3614.984
2025-11-20,3750.36,3805.65,3741.47,3759.24,1748000,3773.264,3969.669,4027.688,34.583,-92.839,-67.16,-25.678,3969.669,4345.639,3593.699
2025-11-21,3754.31,3888.6,3747.39,3884.65,3215300,3788.274,3952.833,4026.563,45.64,-83.403,-70.409,-12.994,3952.833,4311.085,3594.581
2025-11-25,3852.06,3860.95,3719.75,3729.62,2504800,3772.672,3927.9,4021.983,37.256,-87.426,-73.812,-13.614,3927.9,4274.661,3581.139
2025-11-26,3728.63,3772.08,3708.88,3745.42,1840800,3768.92,3900.844,4018.683,38.496,-88.322,-76.714,-11.607,3900.844,4212.441,3589.247
2025-11-27,3753.32,3792.82,3741.47,3767.14,949700,3777.214,3875.368,4014.677,40.245,-86.284,-78.628,-7.656,3875.368,4136.878,3613.857
2025-11-28,3752.33,3784.92,3746.41,3775.04,1003000,3780.374,3850.582,4011.241,40.903,-83.074,-79.517,-3.557,3850.582,4037.689,3663.475
2025-12-01,3753.32,3762.21,3671.36,3685.18,1473700,3740.48,3837.35,4005.419,36.041,-86.781,-80.97,-5.811,3837.35,4032.178,3642.522
2025-12-02,3696.05,3702.96,3621.0,3654.57,1392400,3725.47,3820.908,3997.315,34.535,-91.138,-83.004,-8.134,3820.908,4019.309,3622.508
2025-12-03,3622.97,3629.89,3556.81,3569.65,2144500,3690.316,3803.085,3987.237,30.703,-100.287,-86.46,-13.827,3803.085,4024.411,3581.759
2025-12-04,3591.38,3658.52,3575.58,3638.77,1094700,3664.642,3789.458,3979.779,36.846,-100.799,-89.328,-11.471,3789.458,4016.221,3562.695
2025-12-05,3629.89,3647.66,3605.2,3626.92,1677700,3635.018,3775.436,3972.556,36.253,-100.996,-91.662,-9.334,3775.436,4006.15,3544.722
2025-12-08,3611.12,3689.13,3603.23,3681.23,1492400,3634.228,3758.501,3967.598,40.946,-95.668,-92.463,-3.205,3758.501,3961.738,3555.264
2025-12-09,3674.32,3681.23,3608.16,3638.77,1394900,3631.068,3740.826,3962.224,38.556,-93.789,-92.728,-1.061,3740.826,3918.313,3563.338
2025-12-10,3633.84,3703.95,3627.91,3690.12,2075800,3655.162,3730.902,3957.306,42.897,-87.153,-91.613,4.46,3730.902,3895.313,3566.49
2025-12-11,3653.59,3781.95,3617.05,3727.64,2634300,3672.936,3724.631,3954.462,45.905,-77.967,-88.884,10.917,3724.631,3878.666,3570.596
2025-12-12,3721.72,3721.72,3561.75,3569.65,2988200,3661.482,3712.534,3946.404,37.055,-82.485,-87.604,5.119,3712.534,3875.555,3549.514
2025-12-15,3631.86,3657.54,3551.88,3555.83,2241300,3636.402,3699.846,3936.155,36.394,-86.187,-87.321,1.134,3699.846,3870.387,3529.305
2025-12-16,3535.09,3549.9,3475.84,3475.84,1653600,3603.816,3683.256,3924.799,32.752,-94.486,-88.754,-5.732,3683.256,3873.108,3493.405
2025-12-17,3455.11,3494.61,3407.71,3461.03,1561400,3557.998,3668.099,3909.77,32.112,-101.093,-91.222,-9.871,3668.099,3878.085,3458.113
2025-12-18,3465.97,3509.42,3450.17,3474.86,1445700,3507.442,3655.558,3894.128,33.421,-104.014,-93.78,-10.234,3655.558,3880.493,3430.624
2025-12-19,3478.81,3493.62,3439.31,3439.31,1879200,3481.374,3639.562,3877.776,31.727,-107.953,-96.615,-11.339,3639.562,3878.518,3400.606
2025-12-22,3456.09,3478.81,3402.77,3419.56,1599800,3454.12,3616.308,3860.16,30.793,-111.385,-99.569,-11.816,3616.308,3845.145,3387.47
2025-12-23,3504.48,3635.81,3504.48,3567.68,2489000,3472.488,3608.21,3846.928,44.087,-100.988,-99.853,-1.135,3608.21,3831.561,3384.86
2025-12-24,3576.56,3587.43,3549.9,3554.84,1312800,3491.25,3598.682,3833.598,43.31,-92.716,-98.425,5.709,3598.682,3813.482,3383.881
2025-12-25,3575.58,3601.25,3528.18,3601.25,1043000,3516.528,3590.387,3824.197,46.948,-81.476,-95.035,13.559,3590.387,3790.078,3390.696
2025-12-26,3626.92,3672.35,3611.12,3627.91,1418300,3554.248,3583.03,3814.342,48.974,-69.615,-89.951,20.337,3583.03,3764.047,3402.014
2025-12-29,3629.89,3653.59,3606.19,3653.59,1428700,3601.054,3581.451,3805.653,50.918,-57.48,-83.457,25.977,3581.451,3759.237,3403.665
2025-12-30,3689.13,3702.96,3605.2,3605.2,1608000,3608.558,3578.983,3796.292,47.264,-51.177,-77.001,25.824,3578.983,3753.841,3404.124
2026-01-05,3633.84,3658.52,3594.34,3621.0,2060100,3621.79,3581.55,3786.299,48.562,-44.396,-70.48,26.084,3581.55,3757.337,3405.763
2026-01-06,3626.92,3688.15,3622.97,3687.16,1665900,3638.972,3583.97,3774.745,53.701,-33.299,-63.044,29.745,3583.97,3764.344,3403.595
2026-01-07,3664.45,3664.45,3523.24,3551.88,2836800,3623.766,3580.217,3761.494,44.017,-35.017,-57.439,22.421,3580.217,3759.951,3400.484
2026-01-08,3548.92,3586.44,3511.39,3556.81,2191800,3604.41,3573.996,3748.203,44.411,-35.571,-53.065,17.494,3573.996,3747.515,3400.478
2026-01-09,3505.47,3725.67,3504.48,3604.21,4505900,3604.212,3572.268,3735.721,48.181,-31.819,-48.816,16.997,3572.268,3743.747,3400.79
2026-01-13,3591.38,3660.5,3563.73,3579.53,2132100,3595.918,3566.739,3721.581,46.416,-30.485,-45.15,14.665,3566.739,3729.107,3404.371
2026-01-14,3595.33,3678.27,3589.4,3647.66,1743700,3588.018,3562.74,3709.001,51.679,-23.657,-40.851,17.194,3562.74,3711.818,3413.662
2026-01-15,3693.08,3725.67,3670.37,3724.68,2169800,3622.578,3570.492,3698.079,56.84,-11.894,-35.06,23.165,3570.492,3736.269,3404.714
2026-01-16,3721.72,3750.36,3579.53,3623.96,2310000,3636.008,3573.898,3691.562,49.408,-10.578,-30.163,19.586,3573.898,3741.2,3406.596
2026-01-19,3663.46,3678.27,3578.54,3579.53,1783200,3631.072,3579.083,3683.485,46.519,-12.97,-26.725,13.755,3579.083,3739.89,3418.275
2026-01-20,3569.65,3582.49,3519.29,3571.63,1982300,3629.492,3584.612,3676.395,46.004,-15.326,-24.445,9.119,3584.612,3735.636,3433.589
2026-01-21,3619.02,3626.92,3477.82,3505.47,1964400,3601.054,3586.143,3668.278,41.826,-22.276,-24.011,1.735,3586.143,3733.047,3439.239
2026-01-22,3517.32,3517.32,3418.57,3418.57,1735700,3539.832,3585.106,3658.502,37.065,-34.399,-26.089,-8.31,3585.106,3736.596,3433.616
2026-01-23,3480.78,3592.36,3469.92,3497.57,2511700,3514.554,3589.006,3648.055,43.375,-37.203,-28.311,-8.891,3589.006,3725.859,3452.154
2026-01-26,3563.73,3628.9,3535.09,3598.29,2738600,3518.306,3590.537,3640.175,50.227,-30.941,-28.837,-2.104,3590.537,3727.07,3454.004
2026-01-27,3542.0,3551.88,3483.74,3510.4,2862100,3506.06,3588.315,3632.611,45.099,-32.694,-29.609,-3.085,3588.315,3728.686,3447.944
2026-01-28,3856.01,3936.0,3759.24,3855.03,7040100,3575.972,3601.004,3632.651,61.639,-6.202,-24.927,18.725,3601.004,3785.306,3416.702
2026-01-29,3785.9,3825.4,3694.07,3710.86,3345600,3634.43,3605.152,3630.637,54.273,3.123,-19.317,22.44,3605.152,3795.632,3414.671
2026-01-30,3681.23,3948.83,3671.36,3886.62,3888500,3712.24,3616.803,3632.177,60.474,24.414,-10.571,34.985,3616.803,3844.611,3388.995
2026-02-02,3702.96,3742.46,3595.33,3599.28,4690700,3712.438,3616.507,3628.01,48.818,17.895,-4.878,22.773,3616.507,3844.393,3388.621
2026-02-03,3564.71,3611.12,3494.61,3494.61,4023300,3709.28,3610.188,3622.619,45.386,4.234,-3.055,7.29,3610.188,3844.469,3375.906
2026-02-04,3361.3,3396.85,3146.03,3149.98,6846700,3568.27,3583.329,3611.105,36.33,-34.009,-9.246,-24.763,3583.329,3891.858,3274.799
2026-02-05,3100.61,3133.2,3066.05,3078.89,4927800,3441.876,3559.679,3597.498,34.788,-69.255,-21.248,-48.007,3559.679,3942.037,3177.321
2026-02-06,2972.24,3024.58,2950.52,3005.81,5379400,3265.714,3532.129,3579.921,33.227,-101.91,-37.38,-64.53,3532.129,3987.742,3076.516
2026-02-09,3005.81,3086.79,2984.09,3066.05,3780700,3159.068,3505.221,3566.65,35.785,-121.527,-54.21,-67.318,3505.221,4004.394,3006.048
2026-02-10,3156.9,3254.65,3145.05,3242.8,4043000,3108.706,3488.384,3556.597,42.72,-121.413,-67.65,-53.762,3488.384,3999.575,2977.194
2026-02-12,3173.68,3284.28,3160.85,3230.95,4249100,3124.9,3467.549,3545.873,42.389,-120.884,-78.297,-42.587,3467.549,3985.332,2949.766
2026-02-13,3195.41,3229.97,3015.69,3018.65,4379900,3112.852,3432.248,3530.746,36.884,-136.028,-89.843,-46.185,3432.248,3972.021,2892.474
2026-02-16,3068.02,3122.33,3036.43,3100.61,2212500,3131.812,3406.08,3519.054,40.117,-139.805,-99.836,-39.969,3406.08,3957.342,2854.818
2026-02-17,3100.61,3115.42,3061.11,3080.86,1919700,3134.774,3381.146,3507.58,39.591,-142.746,-108.418,-34.329,3381.146,3944.356,2817.937
2026-02-18,3075.92,3150.97,3073.95,3127.27,2615400,3111.668,3358.929,3498.732,41.532,-139.722,-114.679,-25.043,3358.929,3925.547,2792.31
2026-02-19,3166.77,3191.46,3069.01,3107.52,2055100,3086.982,3339.031,3488.107,40.929,-137.335,-119.21,-18.125,3339.031,3911.897,2766.165
2026-02-20,3164.79,3168.74,3069.01,3108.51,2783000,3104.954,3323.528,3477.739,40.976,-133.822,-122.132,-11.689,3323.528,3904.062,2742.994
2026-02-24,3074.94,3150.97,3047.29,3075.92,3829700,3100.016,3302.446,3465.633,39.869,-132.144,-124.135,-8.009,3302.446,3886.978,2717.913
2026-02-25,3145.05,3248.73,3100.61,3211.21,3365500,3126.086,3283.092,3457.082,46.347,-118.53,-123.014,4.483,3283.092,3851.798,2714.385
2026-02-26,3257.62,3356.36,3219.11,3322.79,3871900,3165.19,3273.711,3449.735,51.032,-97.613,-117.934,20.321,3273.711,3832.738,2714.684
2026-02-27,3456.09,3547.93,3419.56,3547.93,5711500,3253.272,3258.356,3446.141,58.842,-62.153,-106.777,44.625,3258.356,3764.523,2752.189
2026-03-02,3566.69,3609.15,3484.73,3590.39,5486100,3349.648,3252.332,3446.556,60.133,-30.275,-91.477,61.202,3252.332,3738.29,2766.375
2026-03-03,3548.92,3635.81,3504.48,3539.04,3811100,3442.272,3234.954,3446.22,57.772,-9.051,-74.992,65.941,3234.954,3644.209,2825.698
2026-03-04,3547.93,3584.46,3442.27,3517.32,4733900,3503.494,3230.856,3447.05,56.757,5.949,-58.804,64.752,3230.856,3626.153,2835.558
2026-03-05,3619.02,3619.02,3219.1,3260.58,7305300,3491.052,3219.154,3443.041,46.384,-2.848,-47.613,44.764,3219.154,3594.952,2843.356
2026-03-06,3278.35,3343.52,3175.66,3340.56,3361300,3449.578,3228.683,3440.355,49.481,-3.328,-38.756,35.428,3228.683,3606.754,2850.612
2026-03-09,3280.33,3348.46,3256.63,3335.62,3206500,3398.624,3241.52,3438.281,49.292,-4.06,-31.817,27.757,3241.52,3615.589,2867.45
2026-03-10,3335.62,3398.82,3327.72,3398.82,2378400,3370.58,3261.17,3437.866,51.832,0.455,-25.362,25.817,3261.17,3624.232,2898.108
2026-03-11,3329.7,3410.67,3317.85,3363.27,2656100,3339.77,3276.031,3433.778,50.306,1.15,-20.06,21.21,3276.031,3629.675,2922.387
2026-03-12,3325.75,3436.35,3320.81,3413.63,2670400,3370.38,3284.572,3430.954,52.443,5.7,-14.908,20.608,3284.572,3643.056,2926.089
2026-03-13,3394.87,3535.09,3389.94,3500.53,3140000,3402.374,3298.052,3428.939,55.962,16.131,-8.7,24.831,3298.052,3668.13,2927.973
2026-03-16,3533.12,3552.87,3463.99,3517.32,2403800,3438.714,3322.985,3426.727,56.63,25.46,-1.868,27.328,3322.985,3680.795,2965.175
2026-03-17,3569.65,3621.99,3505.47,3533.12,2673800,3465.574,3344.61,3424.318,57.286,33.739,5.253,28.485,3344.61,3698.085,2991.136
2026-03-18,3505.47,3565.7,3464.98,3539.04,2617300,3500.728,3367.52,3422.995,57.546,40.313,12.265,28.048,3367.52,3708.177,3026.862
2026-03-19,3469.92,3542.99,3463.99,3492.63,2519700,3516.528,3385.788,3420.427,54.74,41.302,18.073,23.229,3385.788,3711.036,3060.539
2026-03-23,3423.51,3477.82,3388.95,3420.55,2359900,3500.532,3401.439,3415.095,50.613,35.856,21.629,14.227,3401.439,3699.277,3103.601
2026-03-24,3469.92,3479.79,3344.51,3420.55,2758900,3481.178,3417.041,3412.469,50.613,31.181,23.539,7.641,3417.041,3681.039,3153.043
2026-03-25,3386.97,3446.22,3321.8,3321.8,2943000,3438.914,3429.335,3407.768,45.199,19.285,22.689,-3.404,3429.335,3644.905,3213.765
2026-03-26,3256.63,3264.53,3195.41,3263.54,2837900,3383.814,3431.952,3400.955,42.323,5.098,19.17,-14.073,3431.952,3637.408,3226.495
2026-03-27,3357.35,3387.96,3334.64,3364.26,2763800,3358.14,3434.025,3396.65,48.433,1.959,15.728,-13.769,3434.025,3635.644,3232.406
2026-03-30,3367.25,3399.08,3225.0,3294.63,3407100,3332.956,3421.36,3389.589,44.892,-6.077,11.367,-17.444,3421.36,3624.668,3218.052
2026-03-31,3343.37,3403.06,3310.54,3330.44,2517400,3314.934,3408.362,3381.704,47.036,-9.448,7.204,-16.652,3408.362,3599.014,3217.711
2026-04-01,3387.14,3463.74,3369.23,3458.76,1933800,3342.326,3404.348,3378.4,53.951,-1.744,5.414,-7.158,3404.348,3586.612,3222.085
2026-04-02,3434.89,3457.77,3340.39,3375.2,2456500,3364.658,3397.242,3374.314,49.426,-2.354,3.861,-6.215,3397.242,3571.883,3222.602
2026-04-03,3407.04,3431.9,3353.32,3353.32,921700,3362.47,3401.88,3369.947,48.284,-4.551,2.178,-6.729,3401.88,3565.84,3237.919
2026-04-06,3370.23,3382.17,3303.58,3322.48,1140000,3368.04,3400.975,3366.288,46.648,-8.681,0.006,-8.687,3400.975,3566.551,3235.4
2026-04-07,3415.99,3472.69,3378.19,3431.9,1956000,3388.332,3405.79,3366.554,52.764,-3.088,-0.612,-2.476,3405.79,3568.945,3242.634
2026-04-08,3495.57,3530.38,3382.17,3400.07,2735400,3376.594,3405.852,3364.604,50.934,-1.211,-0.732,-0.479,3405.852,3568.997,3242.707
2026-04-09,3392.11,3407.04,3277.72,3310.54,2187500,3363.662,3403.216,3358.849,46.094,-6.868,-1.959,-4.909,3403.216,3570.899,3235.532
2026-04-10,3240.91,3319.5,3238.92,3301.59,1822900,3353.316,3397.614,3354.673,45.628,-11.936,-3.955,-7.981,3397.614,3571.214,3224.013
2026-04-13,3281.7,3388.14,3272.74,3388.14,1750500,3366.448,3391.994,3345.335,50.815,-8.866,-4.937,-3.929,3391.994,3558.707,3225.281
2026-04-14,3500.54,3572.16,3470.7,3541.33,2756800,3388.334,3393.194,3341.945,58.383,5.86,-2.778,8.638,3393.194,3564.003,3222.386
2026-04-15,3560.23,3678.6,3510.49,3614.94,2826400,3431.308,3397.286,3336.511,61.452,23.203,2.418,20.784,3397.286,3585.261,3209.31
2026-04-16,3728.34,3786.04,3681.59,3681.59,3207700,3505.518,3404.413,3338.157,64.038,41.843,10.303,31.54,3404.413,3623.29,3185.536
2026-04-17,3670.65,3709.44,3607.98,3649.76,2371700,3575.152,3412.27,3341.26,61.902,53.431,18.929,34.502,3412.27,3654.512,3170.027
2026-04-20,3674.62,3784.05,3664.68,3726.35,3789900,3642.794,3427.56,3352.788,64.933,68.011,28.745,39.266,3427.56,3707.65,3147.469
2026-04-21,3630.86,3718.39,3526.41,3526.41,3780800,3639.81,3432.852,3361.738,53.065,62.709,35.538,27.171,3432.852,3716.365,3149.34
2026-04-22,3581.12,3584.1,3435.88,3480.65,3413200,3612.952,3440.795,3371.235,50.778,54.191,39.269,14.922,3440.795,3720.077,3161.513
2026-04-23,3479.65,3527.4,3419.97,3459.76,2431500,3568.586,3450.606,3379.109,49.724,45.232,40.461,4.771,3450.606,3717.166,3184.046
2026-04-24,3457.77,3458.76,3377.19,3404.05,1916100,3519.444,3452.596,3382.334,46.927,33.254,39.02,-5.766,3452.596,3717.027,3188.164
2026-04-27,3438.87,3495.57,3418.97,3446.83,2134300,3463.54,3460.206,3386.652,49.286,26.903,36.597,-9.693,3460.206,3714.044,3206.367
2026-04-28,3509.5,3555.25,3454.78,3471.69,2533400,3452.596,3467.268,3395.712,50.658,23.604,33.998,-10.394,3467.268,3713.655,3220.881
2026-04-30,3402.06,3440.86,3247.87,3285.68,3150400,3413.602,3458.614,3399.414,41.589,5.912,28.381,-22.469,3458.614,3718.071,3199.157
2026-05-01,3341.38,3349.34,3285.68,3333.42,1767000,3388.334,3456.525,3404.465,44.343,-4.209,21.863,-26.072,3456.525,3719.46,3193.59
2026-05-07,3339.39,3377.19,3289.65,3330.44,3625400,3373.612,3455.381,3408.528,44.203,-12.328,15.025,-27.352,3455.381,3720.397,3190.365
2026-05-08,3441.85,3490.59,3394.1,3432.9,2792000,3370.826,3460.902,3415.036,50.047,-10.375,9.945,-20.32,3460.902,3718.765,3203.039
2026-05-11,3445.83,3528.4,3423.95,3482.64,2479200,3373.016,3463.439,3422.519,52.64,-4.759,7.004,-11.763,3463.439,3721.099,3205.779
2026-05-12,3413.0,3456.77,3386.15,3413.0,1823400,3398.48,3464.085,3429.26,48.819,-5.86,4.431,-10.291,3464.085,3721.14,3207.031
2026-05-13,3419.97,3447.82,3271.75,3278.71,3252200,3387.538,3462.494,3430.61,42.423,-17.368,0.072,-17.439,3462.494,3723.908,3201.08
2026-05-14,3248.87,3261.8,3017.09,3033.01,7481300,3328.052,3449.065,3424.815,33.72,-45.787,-9.1,-36.686,3449.065,3766.808,3131.322
2026-05-15,3044.94,3150.39,3000.18,3048.92,3872800,3251.256,3432.104,3414.834,34.654,-66.261,-20.532,-45.729,3432.104,3796.352,3067.856
2026-05-18,3068.82,3107.61,2911.65,3026.04,4014700,3159.936,3406.339,3403.547,33.914,-83.372,-33.1,-50.272,3406.339,3808.935,3003.744
2026-05-19,3097.67,3211.07,3075.78,3194.16,3820300,3116.168,3385.301,3396.65,43.476,-82.417,-42.964,-39.453,3385.301,3785.97,2984.631
2026-05-20,3205.1,3215.05,3092.69,3133.48,2588900,3087.122,3357.895,3388.973,41.161,-85.57,-51.485,-34.085,3357.895,3748.078,2967.712
2026-05-21,3154.37,3220.02,3123.53,3188.19,2218200,3118.158,3334.816,3387.525,44.053,-82.701,-57.728,-24.973,3334.816,3706.474,2963.159
2026-05-22,3168.29,3188.19,3101.65,3165.31,1903300,3141.436,3306.764,3384.02,43.099,-81.336,-62.45,-18.886,3306.764,3636.297,2977.232
2026-05-25,3133.48,3172.27,3067.82,3172.27,2298900,3170.682,3289.058,3380.753,43.5,-78.784,-65.716,-13.067,3289.058,3606.741,2971.374
2026-05-26,3217.04,3225.99,3082.75,3118.56,2039300,3155.562,3270.953,3375.148,41.094,-80.171,-68.607,-11.564,3270.953,3583.898,2958.008
2026-05-27,3127.51,3250.86,3081.75,3188.19,2990000,3166.504,3257.374,3371.646,45.317,-74.79,-69.844,-4.946,3257.374,3559.195,2955.554
2026-05-28,3170.28,3170.28,3052.9,3073.79,2248600,3143.624,3240.862,3364.85,40.216,-78.848,-71.645,-7.203,3240.862,3545.022,2936.701
2026-05-29,3058.87,3085.73,2990.23,3000.18,11970400,3110.598,3218.529,3354.843,37.306,-87.001,-74.716,-12.285,3218.529,3524.598,2912.46
2026-06-01,3039.97,3068.82,3003.16,3052.9,3157500,3086.724,3197.59,3345.554,40.62,-88.191,-77.411,-10.78,3197.59,3487.614,2907.565
2026-06-02,3032.01,3061.86,2986.25,3003.16,2901600,3063.644,3183.464,3334.955,38.549,-92.086,-80.346,-11.74,3183.464,3482.795,2884.132
2026-06-03,2942.48,2975.31,2875.34,2937.51,3390900,3013.508,3163.668,3322.924,35.945,-99.326,-84.142,-15.184,3163.668,3473.427,2853.909
2026-06-04,2835.05,2846.99,2793.77,2802.72,3252400,2959.294,3137.282,3309.126,31.274,-114.618,-90.237,-24.381,3137.282,3475.796,2798.768
2026-06-05,2824.11,2915.13,2824.11,2869.87,2268800,2933.232,3109.13,3298.113,35.753,-119.937,-96.177,-23.76,3109.13,3437.629,2780.632
2026-06-08,2904.68,3015.1,2884.79,2900.21,3465800,2902.694,3080.009,3287.706,37.728,-120.317,-101.005,-19.312,3080.009,3370.111,2789.907
2026-06-09,2874.84,2917.62,2826.1,2855.44,2934900,2873.15,3052.131,3278.379,35.971,-122.815,-105.367,-17.448,3052.131,3313.206,2791.056
2026-06-10,2815.16,2855.44,2781.83,2853.95,2167100,2856.438,3030.893,3270.187,35.911,-123.491,-108.992,-14.499,3030.893,3283.325,2778.461
2026-06-11,2861.91,2867.88,2801.23,2823.11,2365000,2860.516,3020.398,3259.364,34.625,-125.074,-112.208,-12.865,3020.398,3289.37,2751.426
2026-06-12,2820.63,2822.12,2768.4,2772.38,3247200,2841.018,3006.571,3248.919,32.559,-128.935,-115.553,-13.382,3006.571,3296.95,2716.192
2026-06-15,2735.58,2798.25,2721.65,2781.33,2642100,2817.242,2994.336,3237.937,33.315,-129.777,-118.398,-11.379,2994.336,3301.403,2687.268
2026-06-16,2798.25,2823.61,2750.0,2809.19,2128200,2807.992,2975.087,3224.945,35.73,-126.735,-120.066,-6.67,2975.087,3277.644,2672.53
2026-06-17,2915.63,2982.77,2873.35,2944.47,3140400,2826.096,2965.636,3216.331,45.963,-112.117,-118.476,6.359,2965.636,3259.031,2672.242
2026-06-18,2917.12,2945.97,2795.76,2823.61,2789600,2826.196,2947.408,3205.736,39.857,-109.027,-116.586,7.559,2947.408,3227.587,2667.228
2026-06-19,2823.61,2824.11,2754.97,2795.26,4815600,2830.772,2928.905,3195.192,38.563,-107.625,-114.794,7.169,2928.905,3197.115,2660.695
2026-06-22,2823.11,2891.75,2805.21,2853.45,2216400,2845.196,2912.964,3183.623,42.677,-100.658,-111.967,11.309,2912.964,3157.088,2668.84
2026-06-23,2888.27,2916.62,2828.09,2891.25,2226800,2861.608,2901.598,3173.447,45.242,-91.037,-107.781,16.743,2901.598,3125.77,2677.427
2026-06-24,2912.64,2951.93,2830.08,2848.98,2247000,2842.51,2884.638,3164.215,42.929,-85.834,-103.391,17.557,2884.638,3064.452,2704.824
2026-06-25,2827.09,2915.63,2800.23,2873.85,2296300,2852.558,2874.641,3155.661,44.72,-78.796,-98.472,19.677,2874.641,3030.86,2718.422
2026-06-26,2868.38,2943.48,2840.52,2932.04,2755000,2879.914,2871.234,3146.539,48.771,-67.741,-92.326,24.585,2871.234,3018.649,2723.819
2026-06-29,2949.45,3073.79,2941.49,3033.01,2907300,2915.826,2870.24,3136.372,54.941,-50.254,-83.911,33.658,2870.24,3012.679,2727.8
2026-06-30,3034.0,3056.88,2984.26,2996.2,2026500,2936.816,2869.892,3123.997,52.46,-38.916,-74.912,35.996,2869.892,3010.991,2728.792
2026-07-01,2977.3,3024.05,2955.91,3003.16,1531800,2967.652,2873.174,3110.429,52.893,-29.035,-65.737,36.702,2873.174,3023.641,2722.707
2026-07-02,3138.45,3254.84,3097.67,3199.13,2743000,3032.708,2892.994,3101.416,63.09,-5.33,-53.655,48.326,2892.994,3098.686,2687.303
2026-07-03,3262.8,3285.68,3189.18,3235.94,2195000,3093.488,2911.298,3091.608,64.638,16.24,-39.676,55.917,2911.298,3167.318,2655.278
2026-07-06,3193.16,3283.69,3179.24,3281.7,1555400,3143.226,2930.372,3086.714,66.518,36.605,-24.42,61.025,2930.372,3235.122,2625.623
2026-07-07,3293.63,3384.16,3282.69,3307.56,2489000,3205.498,2952.978,3083.252,67.568,54.206,-8.695,62.901,2952.978,3298.652,2607.305
2026-07-08,3341.38,3409.02,3299.6,3321.49,2558800,3269.164,2976.356,3080.487,68.147,68.49,6.742,61.747,2976.356,3355.452,2597.259
2026-07-09,3299.6,3335.41,3268.76,3313.53,1943500,3292.044,3000.876,3078.676,67.406,78.265,21.047,57.218,3000.876,3401.092,2600.661
2026-07-10,3315.52,3320.49,3271.75,3289.65,1773700,3302.786,3026.74,3075.533,65.119,83.127,33.463,49.664,3026.74,3431.61,2621.87
2026-07-13,3276.72,3320.49,3250.86,3318.5,1272200,3310.146,3053.598,3072.469,66.594,88.29,44.428,43.862,3053.598,3461.182,2646.015
2026-07-14,3374.21,3380.18,3269.76,3296.62,1399800,3307.958,3077.97,3072.688,64.371,89.584,53.459,36.124,3077.97,3482.298,2673.642
2026-07-15,3256.83,3267.77,3209.08,3228.97,1718200,3289.454,3092.195,3070.599,57.933,84.18,59.603,24.576,3092.195,3496.765,2687.625
2026-07-16,3252.85,3307.56,3222.01,3261.8,1656400,3279.108,3114.105,3069.226,60.022,81.605,64.004,17.602,3114.105,3504.649,2723.56
2026-07-17,3388.13,3479.65,3372.22,3394.1,3105400,3299.998,3144.046,3068.45,67.112,89.212,69.045,20.167,3144.046,3523.325,2764.768
2026-07-21,3394.1,3442.85,3354.31,3392.11,2983200,3314.72,3170.98,3066.639,66.92,93.997,74.036,19.961,3170.98,3539.727,2802.232
2026-07-22,3332.43,3377.19,3308.55,3344.37,3122800,3324.27,3193.636,3065.267,62.309,92.866,77.802,15.064,3193.636,3545.302,2841.969
2026-07-23,3274.73,3343.37,3257.82,3339.39,2521000,3346.354,3218.156,3066.48,61.83,90.524,80.346,10.178,3218.156,3535.335,2900.977
2026-07-24,3272.74,3369.23,3262.8,3346.36,1941000,3363.266,3241.782,3072.747,62.267,88.214,81.92,6.294,3241.782,3518.829,2964.734
2026-07-27,3441.85,3547.3,3406.04,3500.54,2989600,3384.554,3270.206,3081.78,70.351,97.698,85.076,12.623,3270.206,3529.535,3010.878
2026-07-28,3547.3,3583.11,3460.75,3510.49,3345400,3408.23,3294.08,3091.469,70.786,104.809,89.022,15.787,3294.08,3549.349,3038.812
2026-07-29,3858.65,4206.82,3815.88,4206.82,17555400,3580.72,3354.612,3111.722,86.127,164.733,104.164,60.569,3354.612,3808.97,2900.253
2026-07-30,4162.05,4187.92,3989.96,4085.46,6612700,3729.934,3408.726,3130.761,78.4,200.124,123.356,76.768,3408.726,3938.404,2879.049
2026-07-31,3809.91,4055.62,3794.0,3943.21,5452100,3849.304,3445.93,3145.862,70.424,214.224,141.53,72.694,3445.93,4016.565,2875.296
2026-08-03,3887.5,3946.19,3780.07,3867.61,3486300,3922.718,3477.514,3159.908,66.55,216.799,156.584,60.215,3477.514,4068.762,2886.266
2026-08-04,3865.62,3891.48,3794.99,3861.64,2487900,3992.948,3506.511,3173.695,66.24,215.869,168.441,47.428,3506.511,4113.986,2899.036
2026-08-05,3862.63,3895.46,3796.98,3819.86,2339700,3915.556,3532.126,3187.721,63.993,209.348,176.622,32.726,3532.126,4147.432,2916.82
2026-08-06,3848.71,3969.07,3839.75,3921.32,2901600,3882.728,3562.117,3202.384,66.926,209.946,183.287,26.659,3562.117,4192.484,2931.751
2026-08-07,3981.01,4152.11,3944.2,4127.24,3096800,3919.534,3602.803,3223.453,71.925,224.45,191.52,32.93,3602.803,4269.599,2936.007
2026-08-10,4129.23,4259.54,4094.41,4200.85,2673800,3986.182,3648.363,3247.466,73.469,239.127,201.041,38.086,3648.363,4348.741,2947.985
2026-08-12,4204.83,4258.55,4095.41,4125.25,2434700,4038.904,3688.701,3268.913,69.257,241.87,209.207,32.663,3688.701,4401.897,2975.504
2026-08-13,4095.41,4103.36,3969.07,4006.87,2704400,4076.306,3724.213,3288.987,63.152,231.819,213.729,18.09,3724.213,4425.845,3022.581
2026-08-14,4028.76,4192.89,4008.86,4158.08,2220900,4123.658,3770.669,3313.399,67.137,233.366,217.657,15.709,3770.669,4457.105,3084.232
2026-08-17,4108.34,4203.83,4091.43,4116.3,1827200,4121.47,3813.394,3339.67,65.044,228.585,219.842,8.743,3813.394,4472.289,3154.498
2026-08-18,4052.63,4111.32,4016.82,4083.47,1832200,4097.994,3847.862,3363.942,63.372,219.615,219.797,-0.182,3847.862,4486.208,3209.516
2026-08-19,4153.1,4183.94,4063.57,4110.33,2309000,4095.01,3883.773,3388.145,64.183,212.228,218.283,-6.055,3883.773,4494.371,3273.175
2026-08-20,4231.69,4297.34,4148.13,4168.02,2646400,4127.24,3924.956,3414.396,65.928,208.623,216.351,-7.728,3924.956,4491.917,3357.994
2026-08-21,4247.6,4252.58,4108.34,4108.34,2035200,4117.292,3963.403,3439.484,62.534,198.661,212.813,-14.152,3963.403,4463.517,3463.289
2026-08-24,4108.34,4206.82,4090.43,4198.86,1820400,4133.804,4006.028,3466.999,65.44,195.813,209.413,-13.6,4006.028,4423.136,3588.92
2026-08-25,4161.06,4243.62,4148.13,4243.62,1765800,4165.834,4043.182,3496.424,66.811,194.92,206.514,-11.594,4043.182,4398.51,3687.854
2026-08-26,4292.37,4334.15,4257.55,4257.55,1998100,4195.278,4080.535,3525.948,67.247,193.111,203.834,-10.723,4080.535,4345.712,3815.358
2026-08-27,4127.24,4272.47,4099.38,4137.19,1705000,4189.112,4077.053,3552.508,59.929,179.892,199.045,-19.154,4077.053,4337.026,3817.081
2026-08-28,4182.94,4293.36,4172.0,4276.45,1771300,4222.734,4086.603,3579.148,64.714,178.594,194.955,-16.362,4086.603,4361.48,3811.726
2026-08-31,4281.42,4302.31,4215.77,4247.6,1816300,4232.482,4101.822,3607.628,63.035,173.24,190.612,-17.372,4101.822,4376.977,3826.668
2026-09-01,4267.5,4364.98,4237.66,4313.26,2613700,4246.41,4124.105,3637.988,65.245,172.309,186.951,-14.643,4124.105,4391.468,3856.742
2026-09-02,4326.19,4326.19,4180.95,4201.84,1980900,4235.268,4141.115,3664.956,58.818,160.728,181.707,-20.979,4141.115,4379.933,3902.297
2026-09-03,4172.0,4226.71,4108.34,4164.04,1532900,4240.638,4158.324,3690.411,56.775,146.807,174.727,-27.92,4158.324,4343.176,3973.472
2026-09-04,4233.68,4246.61,4190.9,4225.72,1923200,4230.492,4173.544,3717.946,59.262,139.148,167.611,-28.463,4173.544,4322.962,4024.126
2026-09-07,4424.67,4464.46,4252.58,4287.39,6250400,4238.45,4181.551,3746.217,61.638,136.481,161.385,-24.904,4181.551,4337.542,4025.561
2026-09-08,4275.46,4395.82,4233.68,4340.12,3533700,4243.822,4188.515,3774.379,63.594,137.042,156.516,-19.474,4188.515,4359.816,4017.214
2026-09-09,4337.13,4404.77,4246.61,4260.54,2992300,4255.562,4195.28,3798.929,58.728,129.572,151.128,-21.555,4195.28,4366.746,4023.813
2026-09-10,4244.62,4274.46,4087.45,4173.99,3032000,4257.552,4203.635,3822.485,53.898,115.339,143.97,-28.631,4203.635,4351.043,4056.228
2026-09-11,4104.36,4222.73,4104.36,4217.76,2097200,4255.96,4206.62,3846.777,55.874,106.364,136.449,-30.084,4206.62,4352.553,4060.686
2026-09-14,4255.56,4390.85,4242.63,4334.15,2640800,4265.312,4217.512,3869.477,60.699,107.406,130.64,-23.234,4217.512,4367.524,4067.5
2026-09-15,4466.45,4466.45,4323.2,4328.18,2038200,4262.924,4229.747,3891.322,60.335,106.521,125.816,-19.295,4229.747,4373.515,4085.98
2026-09-16,4347.08,4355.04,4280.43,4322.21,2130400,4275.258,4240.342,3912.132,59.947,104.138,121.481,-17.342,4240.342,4378.161,4102.522
2026-09-17,4321.21,4475.4,4310.27,4408.75,2573600,4322.21,4252.378,3934.156,63.598,107.988,118.782,-10.794,4252.378,4404.87,4099.886
2026-09-18,4362.0,4385.87,4264.51,4363.99,3924500,4351.456,4265.16,3955.006,60.525,106.203,116.266,-10.063,4265.16,4409.454,4120.867
2026-09-24,4366.97,4420.69,4296.35,4376.92,2666800,4360.01,4274.064,3976.274,61.11,104.626,113.938,-9.313,4274.064,4423.03,4125.097
2026-09-25,4357.03,4459.49,4357.03,4391.84,2316500,4372.742,4281.474,3998.318,61.812,103.388,111.828,-8.441,4281.474,4438.589,4124.36
2026-09-28,4386.87,4446.55,4359.02,4362.0,2722600,4380.7,4286.697,4019.188,59.497,98.859,109.234,-10.375,4286.697,4447.366,4126.028
2026-09-29,4383.0,4412.0,4345.0,4357.0,2509800,4370.35,4297.688,4040.395,59.097,93.786,106.145,-12.359,4297.688,4444.796,4150.579
2026-09-30,4366.0,4380.0,4255.0,4340.0,20728100,4365.552,4300.865,4062.616,57.679,87.386,102.393,-15.007,4300.865,4448.785,4152.945
2026-10-01,4288.0,4413.0,4260.0,4404.0,1224600,4370.968,4308.685,4085.46,61.431,86.481,99.21,-12.729,4308.685,4461.213,4156.157
