Date,Open,High,Low,Close,Volume,SMA5,SMA20,SMA50,RSI,MACD,MACD_signal,MACD_hist,BB_mid,BB_upper,BB_lower
2021-09-09,168.56,169.57,167.47,168.37,987900,,,,,0.0,0.0,0.0,,,
2021-09-10,169.01,169.01,165.82,165.9,518600,,,,,-0.197,-0.039,-0.158,,,
2021-09-13,167.02,167.46,163.8,164.42,690200,,,,,-0.467,-0.125,-0.342,,,
2021-09-14,165.24,166.23,164.42,165.98,483300,,,,,-0.549,-0.21,-0.339,,,
2021-09-15,165.86,166.55,164.2,164.87,738000,165.908,,,,-0.696,-0.307,-0.389,,,
2021-09-16,165.4,166.04,162.61,163.12,724000,164.858,,,,-0.942,-0.434,-0.508,,,
2021-09-17,161.32,162.86,159.39,159.84,1961900,163.646,,,,-1.386,-0.624,-0.762,,,
2021-09-20,159.15,162.27,158.04,160.92,645200,162.946,,,,-1.632,-0.826,-0.806,,,
2021-09-21,161.13,162.62,160.1,160.21,604700,161.792,,,,-1.863,-1.033,-0.829,,,
2021-09-22,160.7,161.13,158.29,159.55,619900,160.728,,,,-2.075,-1.242,-0.833,,,
2021-09-23,159.46,161.25,159.09,159.65,665800,160.034,,,,-2.209,-1.435,-0.774,,,
2021-09-24,159.65,160.66,158.01,158.71,470400,159.808,,,,-2.365,-1.621,-0.744,,,
2021-09-27,156.47,156.89,153.11,153.26,922400,158.276,,,,-2.894,-1.876,-1.018,,,
2021-09-28,152.72,152.8,150.81,150.99,725000,156.432,,,,-3.457,-2.192,-1.265,,,
2021-09-29,151.33,154.41,150.71,152.89,689700,155.1,,,19.963,-3.707,-2.495,-1.212,,,
2021-09-30,153.67,153.95,151.63,151.76,863900,153.522,,,18.597,-3.951,-2.786,-1.165,,,
2021-10-01,151.45,152.97,150.37,151.13,662600,152.006,,,17.863,-4.147,-3.058,-1.089,,,
2021-10-04,151.35,154.17,151.03,153.44,730500,152.042,,,28.936,-4.069,-3.261,-0.809,,,
2021-10-05,153.87,154.81,153.18,154.06,577500,152.656,,,31.601,-3.913,-3.391,-0.522,,,
2021-10-06,153.66,156.39,152.69,156.37,488000,153.352,158.772,,40.547,-3.561,-3.425,-0.136,158.772,169.837,147.707
2021-10-07,156.68,157.9,154.6,154.84,497800,153.968,158.096,,37.087,-3.367,-3.413,0.046,158.096,168.312,147.879
2021-10-08,154.67,155.67,152.35,153.36,442600,154.414,157.468,,34.06,-3.295,-3.39,0.095,157.468,167.196,147.741
2021-10-11,152.71,153.45,151.16,151.6,746000,154.046,156.828,,30.836,-3.341,-3.38,0.039,156.828,166.312,147.343
2021-10-12,151.54,152.87,150.74,152.21,499400,153.676,156.139,,33.196,-3.29,-3.362,0.072,156.139,164.789,147.489
2021-10-13,152.48,153.03,151.06,152.08,773700,152.818,155.5,,32.938,-3.223,-3.334,0.111,155.5,163.279,147.72
2021-10-14,152.54,154.17,152.54,153.68,547200,152.586,155.028,,39.2,-3.007,-3.269,0.262,155.028,161.959,148.096
2021-10-15,153.79,154.29,152.81,153.89,659200,152.692,154.73,,39.992,-2.786,-3.172,0.386,154.73,161.293,148.167
2021-10-18,153.27,153.86,152.04,152.97,531900,152.966,154.332,,37.677,-2.655,-3.069,0.414,154.332,160.248,148.417
2021-10-19,154.11,155.68,153.72,155.0,594500,153.524,154.072,,45.215,-2.36,-2.927,0.567,154.072,159.319,148.825
2021-10-20,156.26,157.67,155.55,156.18,556800,154.344,153.904,,49.071,-2.007,-2.743,0.736,153.904,158.597,149.21
2021-10-21,156.44,158.27,155.43,155.81,743000,154.77,153.712,,47.932,-1.738,-2.542,0.804,153.712,157.672,149.751
2021-10-22,156.15,158.43,156.07,157.83,537700,155.558,153.668,,54.185,-1.346,-2.303,0.957,153.668,157.408,149.927
2021-10-25,156.64,158.89,156.22,156.97,585000,156.358,153.853,,51.357,-1.092,-2.061,0.968,153.853,157.866,149.84
2021-10-26,157.05,158.6,156.63,157.06,540400,156.77,154.156,,51.642,-0.874,-1.823,0.95,154.156,158.176,150.137
2021-10-27,157.96,158.09,155.35,155.51,519900,156.636,154.288,,46.589,-0.816,-1.622,0.806,154.288,158.304,150.271
2021-10-28,155.44,157.5,155.36,157.39,472100,156.952,154.569,,52.641,-0.612,-1.42,0.808,154.569,158.629,150.509
2021-10-29,157.11,158.29,155.63,156.37,779900,156.66,154.831,,49.372,-0.526,-1.241,0.715,154.831,158.624,151.038
2021-11-01,156.47,156.96,153.51,155.93,726500,156.452,154.956,,47.988,-0.488,-1.091,0.602,154.956,158.72,151.191
2021-11-02,156.91,158.76,156.14,158.72,962000,156.784,155.188,,56.347,-0.23,-0.919,0.688,155.188,159.282,151.095
2021-11-03,154.41,156.21,149.22,150.83,1637900,155.848,154.912,,37.831,-0.655,-0.866,0.211,154.912,159.399,150.424
2021-11-04,148.73,151.87,148.73,151.51,1145800,154.672,154.745,,39.671,-0.926,-0.878,-0.048,154.745,159.484,150.006
2021-11-05,151.51,153.17,150.69,152.31,657200,153.86,154.693,,41.851,-1.064,-0.915,-0.149,154.693,159.518,149.867
2021-11-08,151.92,152.45,149.55,151.73,953000,153.02,154.699,,40.703,-1.206,-0.973,-0.233,154.699,159.507,149.891
2021-11-09,152.73,153.52,151.73,152.73,528300,151.822,154.725,,43.578,-1.224,-1.024,-0.201,154.725,159.482,149.968
2021-11-10,152.34,154.99,152.26,154.97,779200,152.65,154.87,,49.486,-1.046,-1.028,-0.018,154.87,159.461,150.278
2021-11-11,155.15,155.18,152.63,153.75,525900,153.098,154.873,,46.623,-0.991,-1.021,0.029,154.873,159.461,150.285
2021-11-12,154.14,154.14,152.32,153.83,393300,153.402,154.87,,46.84,-0.931,-1.003,0.072,154.87,159.461,150.279
2021-11-15,154.26,155.98,153.96,155.58,491700,154.172,155.0,,51.491,-0.733,-0.949,0.216,155.0,159.511,150.49
2021-11-16,155.77,155.87,153.37,153.83,636400,154.392,154.942,,47.057,-0.71,-0.901,0.191,154.942,159.483,150.401
2021-11-17,153.65,153.89,151.41,153.84,709000,154.166,154.825,156.155,47.085,-0.682,-0.857,0.175,154.825,159.352,150.298
2021-11-18,154.11,155.71,153.91,154.51,606500,154.318,154.76,155.878,49.033,-0.6,-0.806,0.206,154.76,159.265,150.255
2021-11-19,155.35,156.69,154.25,156.21,746300,154.794,154.679,155.684,53.69,-0.393,-0.723,0.331,154.679,159.006,150.352
2021-11-22,155.86,158.53,154.49,157.28,650700,155.134,154.694,155.541,56.391,-0.14,-0.607,0.466,154.694,159.059,150.33
2021-11-23,157.16,158.36,155.44,155.94,571500,155.556,154.638,155.34,52.279,-0.048,-0.495,0.447,154.638,158.902,150.375
2021-11-24,155.87,156.62,154.38,156.24,404200,156.036,154.675,155.168,53.103,0.049,-0.386,0.435,154.675,158.983,150.367
2021-11-26,155.33,157.3,153.17,153.44,399300,155.822,154.478,154.974,45.245,-0.1,-0.329,0.229,154.478,158.62,150.335
2021-11-29,154.53,156.68,153.05,156.16,623800,155.812,154.467,154.901,52.585,0.003,-0.263,0.265,154.467,158.59,150.344
2021-11-30,155.45,157.02,151.81,151.88,1561900,154.732,154.264,154.72,42.851,-0.259,-0.262,0.003,154.264,158.482,150.047
2021-12-01,151.44,154.87,150.07,151.18,937500,153.78,153.888,154.539,41.498,-0.517,-0.313,-0.204,153.888,157.762,150.013
2021-12-02,151.98,154.49,151.77,153.5,835900,153.232,154.021,154.418,47.423,-0.528,-0.356,-0.172,154.021,157.627,150.415
2021-12-03,154.58,154.8,151.04,154.63,831100,153.47,154.177,154.318,50.076,-0.44,-0.373,-0.067,154.177,157.59,150.764
2021-12-06,155.22,157.55,154.83,156.7,611200,153.578,154.396,154.278,54.595,-0.201,-0.338,0.137,154.396,157.868,150.925
2021-12-07,157.0,159.86,156.42,159.04,663900,155.01,154.762,154.393,59.101,0.175,-0.236,0.41,154.762,158.574,150.95
2021-12-08,159.37,160.47,158.13,159.26,636900,156.626,155.088,154.559,59.508,0.485,-0.092,0.576,155.088,159.269,150.908
2021-12-09,159.02,159.15,157.53,158.41,870300,157.608,155.26,154.669,57.143,0.654,0.058,0.597,155.26,159.696,150.825
2021-12-10,159.14,160.7,158.08,158.7,593800,158.422,155.508,154.808,57.759,0.803,0.207,0.596,155.508,160.136,150.88
2021-12-13,158.49,164.02,158.49,162.99,830500,159.68,155.966,155.045,65.639,1.253,0.416,0.837,155.966,161.599,150.333
2021-12-14,162.84,163.27,160.45,161.54,632400,160.18,156.264,155.207,61.466,1.475,0.628,0.847,156.264,162.418,150.11
2021-12-15,162.32,164.28,162.31,164.22,622200,161.172,156.784,155.41,65.795,1.846,0.871,0.975,156.784,163.77,149.797
2021-12-16,163.82,165.73,163.43,164.81,750900,162.452,157.332,155.579,66.682,2.163,1.13,1.033,157.332,165.031,149.633
2021-12-17,164.57,166.54,164.2,164.98,2131400,163.708,157.855,155.782,66.948,2.4,1.384,1.016,157.855,166.148,149.563
2021-12-20,163.56,165.11,161.77,164.54,715700,164.018,158.272,156.005,65.491,2.523,1.611,0.912,158.272,167.04,149.504
2021-12-21,165.41,165.88,161.43,163.32,952800,164.374,158.574,156.24,61.492,2.494,1.788,0.706,158.574,167.61,149.538
2021-12-22,162.76,165.33,162.31,165.21,457700,164.572,159.038,156.5,65.052,2.593,1.949,0.644,159.038,168.448,149.627
2021-12-23,165.37,165.55,163.8,164.05,322800,164.42,159.428,156.739,61.306,2.549,2.069,0.48,159.428,168.996,149.86
2021-12-27,165.08,166.0,163.93,165.4,428600,164.504,160.026,156.974,63.911,2.592,2.174,0.419,160.026,169.513,150.539
2021-12-28,165.54,167.72,165.14,167.71,375000,165.138,160.604,157.25,67.893,2.782,2.295,0.486,160.604,170.497,150.71
2021-12-29,168.03,169.13,166.92,168.83,373700,166.24,161.451,157.567,69.642,2.987,2.434,0.554,161.451,171.099,151.803
2021-12-30,168.59,170.04,167.82,169.41,373700,167.08,162.362,157.855,70.537,3.161,2.579,0.582,162.362,171.347,153.378
2021-12-31,169.38,170.87,168.92,170.16,382200,168.302,163.195,158.135,71.699,3.321,2.727,0.593,163.195,171.801,154.59
2022-01-03,170.26,170.51,164.16,165.9,712600,168.402,163.759,158.337,57.763,3.068,2.796,0.273,163.759,171.428,156.09
2022-01-04,165.8,166.48,161.63,161.65,1139700,167.19,164.007,158.413,47.784,2.496,2.736,-0.239,164.007,171.007,157.006
2022-01-05,159.74,162.44,159.7,160.46,1133500,165.516,164.078,158.483,45.418,1.925,2.574,-0.649,164.078,170.892,157.263
2022-01-06,160.03,161.18,157.48,157.94,1057500,163.222,164.011,158.501,40.81,1.254,2.31,-1.055,164.011,171.044,156.979
2022-01-07,155.72,157.18,154.1,156.32,1199700,160.454,163.907,158.517,38.132,0.585,1.965,-1.379,163.907,171.341,156.473
2022-01-10,155.58,155.82,150.6,153.19,1082000,157.912,163.632,158.433,33.55,-0.195,1.533,-1.728,163.632,172.2,155.063
2022-01-11,153.33,154.15,149.49,151.64,759500,155.91,163.064,158.338,31.53,-0.928,1.041,-1.969,163.064,173.176,152.952
2022-01-12,150.88,152.81,149.11,152.43,863900,154.304,162.608,158.268,33.72,-1.429,0.547,-1.975,162.608,173.775,151.442
2022-01-13,152.39,153.46,150.94,151.44,858800,153.004,161.97,158.123,32.325,-1.884,0.061,-1.944,161.97,174.163,149.776
2022-01-14,151.21,151.34,144.74,147.37,1568600,151.214,161.098,158.053,27.318,-2.543,-0.46,-2.083,161.098,174.833,147.362
2022-01-18,145.09,147.52,143.89,145.97,1166900,149.77,160.147,157.943,25.836,-3.143,-0.997,-2.146,160.147,175.308,144.986
2022-01-19,145.59,148.06,144.85,145.07,940900,148.456,159.174,157.798,24.901,-3.648,-1.527,-2.121,159.174,175.595,142.752
2022-01-20,145.56,148.39,143.73,146.59,1067300,147.288,158.337,157.695,29.54,-3.882,-1.998,-1.884,158.337,175.554,141.12
2022-01-21,147.83,148.97,145.22,145.41,910200,146.082,157.347,157.549,28.089,-4.114,-2.421,-1.693,157.347,175.167,139.527
2022-01-24,144.88,146.53,139.88,143.97,1417600,145.402,156.343,157.329,26.386,-4.365,-2.81,-1.555,156.343,174.823,137.863
2022-01-25,142.16,144.05,140.05,141.45,1147000,144.498,155.146,157.083,23.68,-4.712,-3.19,-1.522,155.146,174.248,136.043
2022-01-26,141.86,143.68,139.26,140.15,1090300,143.514,153.767,156.809,22.404,-5.034,-3.559,-1.475,153.767,173.029,134.506
2022-01-27,141.34,143.62,140.25,140.69,921300,142.334,152.36,156.511,24.231,-5.186,-3.885,-1.302,152.36,171.093,133.628
2022-01-28,140.79,142.21,138.17,142.21,903300,141.694,151.0,156.279,29.278,-5.125,-4.133,-0.992,151.0,168.425,133.576
2022-01-31,141.56,145.16,141.16,144.88,966500,141.876,149.736,156.1,37.193,-4.806,-4.267,-0.538,149.736,164.819,134.654
2022-02-01,145.06,145.45,141.07,142.99,904800,142.184,148.591,155.869,34.27,-4.651,-4.344,-0.307,148.591,161.878,135.304
2022-02-02,142.7,145.04,141.67,144.89,863100,143.132,147.753,155.643,39.425,-4.326,-4.34,0.015,147.753,159.609,135.897
2022-02-03,143.48,143.92,141.72,141.91,732500,143.376,146.825,155.335,34.813,-4.259,-4.324,0.065,146.825,157.321,136.33
2022-02-04,141.07,141.73,138.54,140.1,895600,142.954,145.933,155.019,32.339,-4.303,-4.32,0.017,145.933,155.437,136.43
2022-02-07,140.83,141.29,138.86,140.57,942400,142.092,145.146,154.705,33.657,-4.251,-4.306,0.055,145.146,153.575,136.717
2022-02-08,140.65,142.75,140.25,140.79,912000,141.652,144.526,154.452,34.303,-4.144,-4.274,0.13,144.526,152.259,136.793
2022-02-09,141.99,142.14,139.68,140.85,904800,140.844,143.986,154.146,34.49,-4.008,-4.221,0.213,143.986,151.111,136.862
2022-02-10,138.16,139.52,135.72,136.04,854100,139.67,143.167,153.829,27.681,-4.24,-4.224,-0.015,143.167,149.966,136.368
2022-02-11,136.88,137.72,134.21,135.18,950200,138.686,142.354,153.509,26.667,-4.441,-4.268,-0.174,142.354,148.87,135.838
2022-02-14,135.19,136.49,132.23,133.89,1232400,137.35,141.68,153.117,25.178,-4.652,-4.345,-0.307,141.68,148.775,134.585
2022-02-15,135.13,135.33,131.5,132.75,1849100,135.742,141.019,152.679,23.907,-4.855,-4.447,-0.408,141.019,148.855,133.183
2022-02-16,133.01,133.05,130.55,132.32,1870200,134.036,140.382,152.192,23.427,-4.992,-4.556,-0.437,140.382,148.877,131.886
2022-02-17,133.79,134.9,130.43,133.92,1407700,133.612,139.748,151.689,29.132,-4.916,-4.628,-0.288,139.748,148.183,131.313
2022-02-18,132.96,135.19,132.27,134.1,2489500,133.396,139.182,151.186,29.766,-4.785,-4.659,-0.126,139.182,147.536,130.829
2022-02-22,133.1,135.17,131.41,133.71,1098300,133.36,138.67,150.692,29.157,-4.66,-4.659,-0.0,138.67,147.045,130.294
2022-02-23,135.04,135.73,132.58,132.71,997800,133.352,138.232,150.172,27.599,-4.588,-4.645,0.057,138.232,146.904,129.561
2022-02-24,131.1,134.8,130.84,134.41,1234100,133.77,137.946,149.601,34.052,-4.344,-4.585,0.241,137.946,146.729,129.162
2022-02-25,135.22,138.18,134.69,138.1,1150000,134.606,137.816,149.132,45.422,-3.809,-4.43,0.621,137.816,146.505,129.127
2022-02-28,137.82,138.36,135.02,136.66,3606100,135.118,137.538,148.581,42.353,-3.461,-4.236,0.775,137.538,145.988,129.089
2022-03-01,136.84,138.58,134.48,136.59,1356600,135.694,137.124,148.016,42.204,-3.155,-4.02,0.865,137.124,144.838,129.41
2022-03-02,136.24,137.96,136.2,137.57,821700,136.666,136.853,147.468,45.12,-2.801,-3.776,0.975,136.853,144.064,129.642
2022-03-03,137.93,140.79,137.93,140.14,1084600,137.812,136.616,146.98,51.965,-2.286,-3.478,1.192,136.616,142.974,130.257
2022-03-04,140.23,146.02,140.14,145.66,1597000,139.324,136.803,146.627,62.72,-1.417,-3.066,1.649,136.803,143.987,129.619
2022-03-07,146.27,146.52,143.0,144.01,1244400,140.794,136.998,146.203,58.503,-0.851,-2.623,1.772,136.998,144.751,129.246
2022-03-08,142.37,144.1,138.86,139.52,1363200,141.38,136.946,145.712,48.874,-0.757,-2.25,1.493,136.946,144.61,129.282
2022-03-09,141.06,141.8,138.03,139.1,881200,141.686,136.862,145.186,48.077,-0.707,-1.941,1.234,136.862,144.383,129.34
2022-03-10,138.6,138.65,136.71,138.5,958700,141.358,136.744,144.602,46.9,-0.708,-1.695,0.986,136.744,144.074,129.414
2022-03-11,138.68,140.13,136.81,137.55,964500,139.736,136.82,143.977,45.021,-0.777,-1.511,0.734,136.82,144.15,129.489
2022-03-14,138.94,140.15,137.16,138.04,1013400,138.542,136.962,143.349,46.218,-0.783,-1.366,0.583,136.962,144.27,129.655
2022-03-15,140.16,141.4,138.65,141.05,677100,138.848,137.32,142.767,52.989,-0.538,-1.2,0.662,137.32,144.695,129.946
2022-03-16,141.15,141.96,139.41,141.23,985400,139.274,137.744,142.274,53.367,-0.326,-1.025,0.699,137.744,144.987,130.502
2022-03-17,141.21,143.58,140.89,142.39,638400,140.052,138.248,141.888,55.832,-0.064,-0.833,0.769,138.248,145.3,131.196
2022-03-18,142.88,145.4,142.46,143.56,1800700,141.254,138.73,141.55,58.231,0.236,-0.619,0.855,138.73,145.854,131.606
2022-03-21,143.0,144.66,141.44,142.01,657300,142.048,139.126,141.232,54.044,0.344,-0.427,0.771,139.126,146.043,132.208
2022-03-22,142.1,142.61,140.44,141.62,876800,142.162,139.521,140.938,53.011,0.394,-0.263,0.657,139.521,146.027,133.015
2022-03-23,141.7,142.27,140.49,140.74,760200,142.064,139.922,140.689,50.658,0.358,-0.138,0.497,139.922,145.596,134.249
2022-03-24,141.13,143.13,140.75,143.04,520800,142.194,140.354,140.517,56.137,0.51,-0.009,0.519,140.354,145.556,135.152
2022-03-25,143.42,144.38,142.75,144.31,507100,142.344,140.664,140.354,58.854,0.724,0.138,0.586,140.664,146.038,135.291
2022-03-28,145.16,146.0,144.23,146.0,512700,143.142,141.132,140.246,62.209,1.019,0.314,0.705,141.132,146.661,135.602
2022-03-29,147.92,148.82,147.15,148.73,678500,144.564,141.738,140.273,66.903,1.455,0.542,0.913,141.738,147.808,135.669
2022-03-30,148.71,150.22,147.45,150.01,715200,146.418,142.36,140.354,68.856,1.883,0.81,1.073,142.36,149.139,135.582
2022-03-31,149.94,151.47,149.71,149.72,986900,147.754,142.84,140.447,67.879,2.174,1.083,1.091,142.84,150.279,135.4
2022-04-01,149.9,152.83,148.64,152.71,590500,149.434,143.192,140.569,72.252,2.615,1.389,1.226,143.192,151.775,134.609
2022-04-04,152.24,152.43,148.9,150.37,607500,150.308,143.51,140.668,64.815,2.744,1.66,1.084,143.51,152.672,134.348
2022-04-05,150.66,152.54,150.54,151.63,871300,150.888,144.116,140.821,66.797,2.915,1.911,1.004,144.116,153.756,134.475
2022-04-06,151.54,153.25,151.16,152.85,897000,151.456,144.803,141.049,68.639,3.113,2.152,0.961,144.803,154.888,134.718
2022-04-07,153.65,155.36,151.59,154.79,822100,152.47,145.618,141.342,71.36,3.387,2.399,0.988,145.618,156.179,135.056
2022-04-08,154.71,157.26,153.4,153.64,773100,152.656,146.422,141.601,67.615,3.471,2.613,0.858,146.422,156.846,135.998
2022-04-11,153.76,154.49,151.95,153.06,873600,153.194,147.173,141.818,65.741,3.452,2.781,0.671,147.173,157.212,137.134
2022-04-12,152.86,154.77,152.19,152.45,777000,153.358,147.743,141.97,63.74,3.348,2.894,0.454,147.743,157.611,137.875
2022-04-13,152.45,152.81,150.52,151.18,825600,153.024,148.24,142.133,59.668,3.128,2.941,0.187,148.24,157.722,138.759
2022-04-14,151.79,152.57,150.21,150.29,581900,152.124,148.636,142.241,56.924,2.849,2.923,-0.074,148.636,157.741,139.53
2022-04-18,150.23,151.17,146.07,146.92,635000,150.78,148.804,142.342,47.934,2.328,2.804,-0.475,148.804,157.635,139.972
2022-04-19,147.33,148.85,146.64,148.68,582300,149.904,149.137,142.513,52.181,2.035,2.65,-0.615,149.137,157.372,140.902
2022-04-20,150.18,152.97,149.74,151.55,783800,149.724,149.634,142.733,58.173,2.01,2.522,-0.512,149.634,157.124,142.143
2022-04-21,151.92,153.0,149.4,149.52,942600,149.392,150.072,142.907,53.104,1.807,2.379,-0.572,150.072,156.289,143.856
2022-04-22,149.68,150.6,147.53,148.52,993100,149.038,150.346,143.061,50.758,1.546,2.212,-0.666,150.346,155.678,145.015
2022-04-25,149.06,149.09,143.12,145.45,820300,148.744,150.403,143.249,44.289,1.08,1.986,-0.906,150.403,155.482,145.325
2022-04-26,145.15,146.1,142.83,143.14,726300,147.636,150.26,143.408,40.143,0.518,1.692,-1.174,150.26,155.981,144.54
2022-04-27,142.36,143.85,141.12,141.32,921000,145.59,149.89,143.557,37.189,-0.073,1.339,-1.412,149.89,156.853,142.927
2022-04-28,141.44,145.92,140.89,145.33,786500,144.752,149.656,143.808,46.525,-0.216,1.028,-1.244,149.656,156.91,142.402
2022-04-29,143.97,144.62,139.05,139.36,1358600,142.92,149.138,143.949,37.571,-0.801,0.662,-1.464,149.138,157.729,140.547
2022-05-02,140.05,140.13,133.46,134.61,1349300,140.752,148.233,143.963,32.253,-1.63,0.204,-1.834,148.233,158.821,137.645
2022-05-03,134.83,138.44,134.73,135.33,1111900,139.19,147.481,143.988,33.783,-2.203,-0.277,-1.925,147.481,159.473,135.489
2022-05-04,135.66,138.18,134.72,137.93,852500,138.512,146.796,144.072,39.129,-2.419,-0.706,-1.714,146.796,159.343,134.249
2022-05-05,137.07,137.82,133.06,134.19,693300,136.284,145.863,144.102,34.779,-2.86,-1.137,-1.723,145.863,159.261,132.465
2022-05-06,132.8,135.35,132.63,134.78,1110000,135.368,144.862,144.109,35.988,-3.125,-1.534,-1.591,144.862,158.441,131.284
2022-05-09,133.8,134.4,131.67,132.45,953900,134.936,143.803,143.996,33.358,-3.483,-1.924,-1.559,143.803,157.798,129.808
2022-05-10,132.65,134.56,129.58,130.41,1065600,133.952,142.67,143.871,31.208,-3.887,-2.317,-1.57,142.67,157.168,128.173
2022-05-11,130.49,132.84,130.04,130.86,1004000,132.538,141.591,143.756,32.246,-4.123,-2.678,-1.445,141.591,156.237,126.945
2022-05-12,131.04,132.85,130.58,132.47,1255200,132.194,140.656,143.654,35.967,-4.133,-2.969,-1.164,140.656,155.111,126.2
2022-05-13,133.57,134.37,131.83,133.07,710800,131.852,139.794,143.513,37.348,-4.045,-3.184,-0.861,139.794,153.881,125.708
2022-05-16,132.95,134.52,132.36,132.61,780800,131.884,139.079,143.252,36.694,-3.967,-3.341,-0.626,139.079,153.095,125.063
2022-05-17,133.3,133.3,130.75,133.01,664300,132.404,138.296,143.032,37.715,-3.829,-3.438,-0.391,138.296,151.794,124.797
2022-05-18,133.05,134.07,130.75,131.07,676800,132.446,137.272,142.863,34.786,-3.832,-3.517,-0.315,137.272,149.592,124.951
2022-05-19,130.88,132.16,129.33,131.77,940300,132.306,136.384,142.716,36.696,-3.735,-3.561,-0.174,136.384,147.487,125.281
2022-05-20,132.48,133.24,130.12,132.25,2038000,132.142,135.57,142.591,38.036,-3.578,-3.564,-0.014,135.57,145.218,125.923
2022-05-23,133.8,135.02,132.76,134.78,972500,132.576,135.037,142.536,44.684,-3.212,-3.494,0.282,135.037,143.49,126.584
2022-05-24,134.84,135.45,130.94,134.88,1315500,132.95,134.624,142.473,44.936,-2.881,-3.371,0.49,134.624,142.169,127.079
2022-05-25,134.32,135.04,132.92,133.45,677200,133.426,134.23,142.321,41.996,-2.703,-3.237,0.535,134.23,141.095,127.366
2022-05-26,134.79,135.75,134.28,135.2,829700,134.112,133.724,142.2,46.6,-2.393,-3.068,0.676,133.724,138.23,129.218
2022-05-27,135.24,138.17,134.81,137.87,843700,135.236,133.65,142.11,52.761,-1.91,-2.837,0.927,133.65,137.798,129.501
2022-05-31,136.81,137.94,133.84,137.41,1555900,135.762,133.79,141.987,51.656,-1.546,-2.579,1.032,133.79,138.252,129.327
2022-06-01,137.86,139.63,137.45,138.02,1237900,136.39,133.924,141.907,53.061,-1.195,-2.302,1.107,133.924,138.731,129.117
2022-06-02,138.76,141.07,136.43,140.87,812900,137.874,134.071,141.892,59.049,-0.679,-1.977,1.298,134.071,139.529,128.613
2022-06-03,139.95,142.14,139.6,140.95,768700,139.024,134.409,141.896,59.206,-0.26,-1.634,1.373,134.409,140.676,128.142
2022-06-06,141.87,142.88,140.74,140.9,606300,139.63,134.715,141.853,59.053,0.066,-1.294,1.36,134.715,141.623,127.807
2022-06-07,140.5,142.82,139.51,142.49,827900,140.646,135.217,141.817,62.376,0.449,-0.945,1.394,135.217,142.853,127.581
2022-06-08,141.59,142.08,138.91,139.54,532000,140.95,135.674,141.688,53.673,0.507,-0.655,1.162,135.674,143.19,128.157
2022-06-09,139.1,140.68,136.66,136.78,704600,140.132,135.97,141.449,47.058,0.328,-0.458,0.786,135.97,143.146,128.793
2022-06-10,134.54,136.09,132.74,134.7,845000,138.882,136.081,141.143,42.779,0.017,-0.363,0.38,136.081,143.096,129.066
2022-06-13,132.47,132.52,127.32,127.79,1044500,136.26,135.817,140.704,32.278,-0.777,-0.446,-0.331,135.817,143.658,127.976
2022-06-14,127.83,127.83,120.06,121.25,1299500,132.012,135.249,140.075,25.818,-1.913,-0.739,-1.174,135.249,145.38,125.118
2022-06-15,122.36,124.76,120.27,122.66,1061900,128.636,134.731,139.521,29.112,-2.668,-1.125,-1.543,134.731,146.299,123.164
2022-06-16,120.45,121.15,118.03,118.9,1070000,125.06,134.123,138.866,25.819,-3.53,-1.606,-1.924,134.123,147.621,120.625
2022-06-17,117.79,120.54,117.6,119.77,1640400,122.074,133.523,138.204,27.853,-4.095,-2.104,-1.991,133.523,148.452,118.594
2022-06-21,120.74,122.67,120.13,122.14,953900,120.944,133.018,137.551,33.222,-4.302,-2.543,-1.758,133.018,148.789,117.246
2022-06-22,120.97,126.27,120.97,124.47,897400,121.588,132.502,136.968,38.1,-4.229,-2.881,-1.349,132.502,148.7,116.304
2022-06-23,125.35,131.52,125.14,131.35,1136400,123.326,132.325,136.534,49.767,-3.575,-3.02,-0.556,132.325,148.491,116.16
2022-06-24,132.66,135.05,131.43,134.76,1079400,126.498,132.391,136.18,54.359,-2.75,-2.966,0.215,132.391,148.586,116.196
2022-06-27,134.34,135.54,133.59,135.32,881800,129.608,132.397,135.863,55.085,-2.028,-2.778,0.75,132.397,148.597,116.197
2022-06-28,135.44,135.83,131.71,131.82,772700,131.544,132.094,135.493,49.757,-1.718,-2.566,0.848,132.094,148.088,116.101
2022-06-29,132.28,132.88,131.27,132.47,671300,133.144,131.848,135.204,50.71,-1.404,-2.334,0.93,131.848,147.647,116.048
2022-06-30,132.17,135.8,130.87,135.15,923600,133.904,131.704,134.934,54.541,-0.928,-2.052,1.125,131.704,147.319,116.089
2022-07-01,135.83,140.95,135.47,139.39,1477500,134.83,131.63,134.691,59.857,-0.206,-1.683,1.477,131.63,147.075,116.185
2022-07-05,138.77,138.91,134.21,135.95,1228900,134.956,131.38,134.419,54.308,0.088,-1.329,1.416,131.38,146.344,116.416
2022-07-06,136.63,139.49,135.72,138.31,640600,136.254,131.25,134.215,57.237,0.505,-0.962,1.467,131.25,145.909,116.592
2022-07-07,138.21,140.18,137.22,139.21,734900,137.602,131.086,134.09,58.334,0.898,-0.59,1.488,131.086,145.282,116.891
2022-07-08,138.52,139.16,136.96,137.05,437800,137.982,130.962,133.968,54.707,1.023,-0.268,1.29,130.962,144.886,117.038
2022-07-11,136.64,137.37,134.48,136.43,607200,137.39,130.944,133.871,53.675,1.06,-0.002,1.062,130.944,144.839,117.05
2022-07-12,135.71,138.03,133.88,134.48,549200,137.096,130.934,133.654,50.453,0.921,0.183,0.739,130.934,144.816,117.051
2022-07-13,133.25,135.54,132.85,134.47,599400,136.328,131.267,133.556,50.437,0.801,0.306,0.495,131.267,145.153,117.382
2022-07-14,131.7,133.35,131.51,133.13,757300,135.112,131.862,133.526,48.134,0.591,0.363,0.228,131.862,144.935,118.788
2022-07-15,134.16,135.3,132.05,134.97,766700,134.696,132.477,133.519,51.414,0.567,0.404,0.163,132.477,144.868,120.086
2022-07-18,134.49,134.49,131.65,131.79,645100,133.768,133.122,133.396,46.0,0.288,0.381,-0.093,133.122,143.755,122.488
2022-07-19,132.95,133.97,132.21,133.34,667200,133.54,133.8,133.379,48.829,0.189,0.342,-0.153,133.8,142.38,125.22
2022-07-20,133.98,133.98,130.92,131.47,825100,132.94,134.266,133.313,45.718,-0.039,0.266,-0.305,134.266,140.991,127.542
2022-07-21,131.49,132.69,130.2,132.59,942300,132.832,134.672,133.316,47.86,-0.129,0.187,-0.316,134.672,139.664,129.681
2022-07-22,133.38,135.15,133.08,134.65,676500,132.768,134.838,133.401,51.641,-0.033,0.143,-0.176,134.838,139.579,130.096
2022-07-25,134.58,136.23,133.99,136.12,467900,133.634,134.906,133.506,54.194,0.16,0.147,0.014,134.906,139.681,130.13
2022-07-26,135.7,136.95,135.22,136.78,683100,134.322,134.978,133.592,55.334,0.362,0.19,0.172,134.978,139.825,130.132
2022-07-27,136.94,137.87,135.66,137.42,733600,135.512,135.258,133.679,56.465,0.567,0.265,0.302,135.258,139.982,130.535
2022-07-28,137.92,141.3,136.38,141.28,957500,137.25,135.699,133.852,62.616,1.029,0.418,0.611,135.699,140.942,130.456
2022-07-29,141.47,142.97,140.94,141.21,777700,138.562,136.002,134.016,62.444,1.374,0.609,0.765,136.002,141.784,130.22
2022-08-01,140.58,142.37,140.45,142.29,568700,139.796,136.147,134.241,64.086,1.715,0.83,0.884,136.147,142.412,129.882
2022-08-02,143.47,143.91,141.16,141.25,670200,140.69,136.412,134.43,61.306,1.879,1.04,0.839,136.412,143.078,129.746
2022-08-03,141.39,143.6,139.56,143.22,754200,141.85,136.658,134.65,64.452,2.143,1.261,0.883,136.658,143.95,129.365
2022-08-04,143.41,144.67,141.95,144.12,690000,142.418,136.903,134.837,65.819,2.398,1.488,0.91,136.903,144.857,128.949
2022-08-05,143.85,144.03,139.89,141.39,773800,142.454,137.12,134.967,58.473,2.352,1.661,0.691,137.12,145.324,128.916
2022-08-08,142.56,143.84,140.55,141.55,565500,142.306,137.376,135.129,58.764,2.303,1.789,0.513,137.376,145.806,128.946
2022-08-09,141.84,143.42,141.47,141.75,618000,142.406,137.74,135.26,59.148,2.253,1.882,0.371,137.74,146.27,129.209
2022-08-10,143.11,143.7,141.43,143.02,687300,142.366,138.167,135.363,61.598,2.29,1.964,0.327,138.167,146.863,129.471
2022-08-11,143.32,144.34,141.47,141.59,602800,141.86,138.59,135.446,57.423,2.179,2.007,0.172,138.59,147.075,130.105
2022-08-12,142.57,144.52,142.05,144.45,484600,142.472,139.064,135.575,62.847,2.295,2.065,0.231,139.064,147.754,130.374
2022-08-15,144.45,145.8,143.73,145.28,439600,143.218,139.739,135.663,64.269,2.426,2.137,0.29,139.739,148.141,131.336
2022-08-16,144.28,145.86,143.73,145.51,495400,143.97,140.347,135.754,64.673,2.52,2.213,0.306,140.347,148.559,132.135
2022-08-17,145.15,145.92,144.31,145.0,466800,144.366,141.023,135.836,62.974,2.524,2.276,0.248,141.023,148.336,133.711
2022-08-18,145.16,145.41,143.86,144.83,481800,145.014,141.636,135.883,62.386,2.484,2.317,0.167,141.636,147.958,135.313
2022-08-19,144.62,145.48,143.64,143.97,619900,144.918,142.102,135.972,59.364,2.357,2.325,0.031,142.102,147.573,136.63
2022-08-22,142.86,143.83,141.0,141.57,499500,144.176,142.374,136.068,51.822,2.038,2.268,-0.23,142.374,147.08,137.668
2022-08-23,141.13,141.13,137.97,139.4,866200,142.954,142.505,136.162,46.116,1.592,2.133,-0.54,142.505,146.67,138.34
2022-08-24,139.67,141.05,138.91,140.98,777600,142.15,142.683,136.425,50.398,1.351,1.976,-0.625,142.683,146.185,139.181
2022-08-25,141.33,141.84,140.14,141.7,442900,141.524,142.704,136.834,52.26,1.204,1.822,-0.618,142.704,146.175,139.233
2022-08-26,142.1,142.1,137.8,137.84,587600,140.298,142.536,137.138,42.952,0.767,1.611,-0.844,142.536,146.59,138.481
2022-08-29,137.15,139.47,136.55,138.34,423900,139.652,142.338,137.527,44.335,0.456,1.38,-0.924,142.338,146.807,137.869
2022-08-30,138.63,139.55,136.82,137.29,565700,139.23,142.14,137.877,42.03,0.123,1.129,-1.005,142.14,147.132,137.148
2022-08-31,138.19,139.22,135.3,135.43,1029400,138.12,141.75,138.143,38.239,-0.287,0.845,-1.133,141.75,147.54,135.961
2022-09-01,135.43,138.22,134.79,138.2,609800,137.42,141.454,138.418,46.045,-0.385,0.599,-0.984,141.454,147.338,135.571
2022-09-02,138.43,139.67,134.37,135.13,717400,136.878,141.142,138.493,40.009,-0.701,0.339,-1.041,141.142,147.67,134.613
2022-09-06,135.3,137.59,135.03,135.41,610700,136.292,140.834,138.506,40.772,-0.919,0.088,-1.007,140.834,147.842,133.827
2022-09-07,136.26,140.25,136.08,139.89,742200,136.812,140.742,138.598,51.414,-0.722,-0.074,-0.648,140.742,147.747,133.736
2022-09-08,139.05,141.54,138.33,140.97,593000,137.92,140.639,138.781,53.579,-0.473,-0.154,-0.319,140.639,147.564,133.714
2022-09-09,141.72,142.96,140.93,141.32,641800,138.544,140.626,138.958,54.29,-0.245,-0.172,-0.073,140.626,147.544,133.707
2022-09-12,141.13,143.32,140.77,143.11,556900,140.14,140.558,139.117,57.846,0.08,-0.122,0.201,140.558,147.346,133.771
2022-09-13,141.14,141.82,138.18,138.8,832300,140.818,140.234,139.105,48.136,-0.011,-0.1,0.089,140.234,146.683,133.786
2022-09-14,138.65,141.21,138.56,140.02,756200,140.844,139.96,139.186,50.661,0.015,-0.077,0.092,139.96,145.911,134.009
2022-09-15,139.2,139.24,134.46,134.89,947800,139.628,139.454,139.118,41.51,-0.373,-0.136,-0.237,139.454,145.32,133.589
2022-09-16,134.89,136.52,134.24,135.39,1581600,138.442,138.983,139.042,42.599,-0.633,-0.235,-0.398,138.983,144.538,133.427
2022-09-19,135.02,135.63,133.01,135.52,598300,136.924,138.56,139.011,42.896,-0.82,-0.352,-0.467,138.56,143.794,133.326
2022-09-20,134.3,134.3,131.66,132.69,662300,135.702,138.116,138.936,38.249,-1.182,-0.518,-0.664,138.116,143.765,132.467
2022-09-21,133.62,135.51,131.66,131.66,598900,134.03,137.729,138.88,36.691,-1.535,-0.722,-0.813,137.729,144.03,131.428
2022-09-22,130.85,131.27,129.67,130.27,468900,133.106,137.194,138.796,34.64,-1.905,-0.958,-0.946,137.194,144.121,130.266
2022-09-23,128.93,129.44,126.73,128.55,641800,131.738,136.536,138.704,32.239,-2.31,-1.229,-1.081,136.536,144.127,128.945
2022-09-26,127.34,127.96,124.48,125.29,830600,129.692,135.908,138.511,28.243,-2.861,-1.555,-1.306,135.908,144.977,126.84
2022-09-27,126.5,126.86,121.95,122.9,691600,127.734,135.136,138.333,25.725,-3.451,-1.934,-1.517,135.136,145.818,124.455
2022-09-28,124.25,126.13,122.67,125.37,712400,126.476,134.54,138.173,32.429,-3.677,-2.283,-1.394,134.54,146.017,123.064
2022-09-29,124.22,125.05,121.37,121.52,828500,124.726,133.845,137.974,28.162,-4.119,-2.65,-1.469,133.845,146.698,120.992
2022-09-30,122.67,122.82,118.52,118.75,1380200,122.766,132.872,137.698,25.557,-4.639,-3.048,-1.591,132.872,147.197,118.548
2022-10-03,120.8,123.31,119.32,122.57,980800,122.222,132.245,137.456,34.549,-4.689,-3.376,-1.313,132.245,147.238,117.251
2022-10-04,123.31,125.51,123.11,124.55,711700,122.552,131.701,137.225,38.684,-4.517,-3.604,-0.913,131.701,146.996,116.407
2022-10-05,122.89,122.98,120.3,121.7,677800,121.818,130.792,136.923,35.234,-4.558,-3.795,-0.763,130.792,146.199,115.385
2022-10-06,121.17,121.44,119.16,119.73,1026800,121.46,129.73,136.569,33.04,-4.696,-3.975,-0.72,129.73,145.111,114.349
2022-10-07,119.02,119.32,114.89,116.27,1051800,120.964,128.478,136.069,29.559,-5.026,-4.185,-0.84,128.478,143.964,112.991
2022-10-10,116.39,117.55,115.91,116.26,759400,119.702,127.135,135.57,29.55,-5.228,-4.394,-0.834,127.135,141.92,112.35
2022-10-11,115.86,117.89,115.46,116.52,830200,118.096,126.021,135.055,30.191,-5.306,-4.576,-0.73,126.021,140.459,111.583
2022-10-12,116.54,116.54,114.07,114.96,1295900,116.748,124.768,134.529,28.515,-5.431,-4.747,-0.684,124.768,138.419,111.117
2022-10-13,112.65,118.13,112.0,117.67,1322300,116.336,123.907,134.018,35.239,-5.251,-4.848,-0.403,123.907,137.032,110.782
2022-10-14,119.05,120.18,116.45,117.18,1190300,116.518,122.996,133.479,34.606,-5.089,-4.896,-0.193,122.996,135.266,110.727
2022-10-17,118.96,120.95,118.61,119.9,1026300,117.246,122.215,133.049,40.955,-4.687,-4.854,0.167,122.215,133.03,111.401
2022-10-18,122.14,123.16,120.76,122.95,920200,118.532,121.729,132.677,47.151,-4.076,-4.699,0.623,121.729,131.371,112.086
2022-10-19,121.49,122.3,120.45,122.25,950800,119.99,121.258,132.287,45.959,-3.606,-4.48,0.874,121.258,129.704,112.812
2022-10-20,122.59,122.61,117.99,118.54,1324800,120.164,120.672,131.798,40.163,-3.493,-4.283,0.79,120.672,128.044,113.299
2022-10-21,119.18,122.03,117.71,121.12,1292500,120.952,120.3,131.388,45.327,-3.159,-4.058,0.899,120.3,126.683,113.917
2022-10-24,122.59,124.44,121.56,124.04,1014700,121.78,120.238,130.98,50.53,-2.628,-3.772,1.144,120.238,126.437,114.038
2022-10-25,124.59,127.71,124.51,127.31,971000,122.652,120.458,130.621,55.623,-1.921,-3.402,1.481,120.458,127.333,113.583
2022-10-26,127.91,128.87,126.55,127.01,721800,123.604,120.54,130.251,55.063,-1.37,-2.996,1.626,120.54,127.695,113.385
2022-10-27,128.29,130.41,127.95,129.57,1021600,125.81,120.942,129.942,58.869,-0.718,-2.54,1.822,120.942,129.157,112.728
2022-10-28,129.9,133.22,129.9,133.14,845900,128.214,121.662,129.708,63.511,0.086,-2.015,2.101,121.662,131.44,111.884
2022-10-31,133.12,133.27,131.45,132.6,956300,129.926,122.164,129.481,62.364,0.672,-1.477,2.149,122.164,133.098,111.229
2022-11-01,134.68,136.31,129.05,129.4,1791800,130.344,122.406,129.237,55.922,0.868,-1.008,1.876,122.406,133.77,111.042
2022-11-02,129.51,130.93,126.01,126.04,1523900,130.15,122.623,128.97,50.074,0.743,-0.658,1.401,122.623,134.095,111.151
2022-11-03,124.48,126.9,123.82,125.75,1029000,129.386,122.924,128.666,49.591,0.614,-0.404,1.018,122.924,134.393,111.455
2022-11-04,126.36,127.4,124.78,126.85,800700,128.128,123.453,128.369,51.499,0.594,-0.204,0.798,123.453,134.601,112.305
2022-11-07,127.0,127.1,124.3,126.53,718600,126.914,123.966,128.142,50.896,0.546,-0.054,0.6,123.966,134.656,113.277
2022-11-08,126.27,128.74,125.71,128.14,581800,126.662,124.548,127.938,53.827,0.63,0.083,0.547,124.548,134.787,114.308
2022-11-09,127.75,128.76,126.58,127.83,680900,127.02,125.191,127.749,53.168,0.664,0.199,0.465,125.191,134.465,115.917
2022-11-10,132.54,135.34,130.47,135.21,969100,128.912,126.068,127.745,64.344,1.272,0.414,0.859,126.068,135.659,116.477
2022-11-11,134.9,134.9,130.78,133.77,1403500,130.296,126.898,127.656,61.272,1.619,0.655,0.964,126.898,136.115,117.68
2022-11-14,133.83,135.27,132.68,132.68,787500,131.526,127.536,127.607,58.976,1.786,0.881,0.905,127.536,136.479,118.594
2022-11-15,133.99,134.91,132.63,133.85,708900,132.668,128.081,127.576,60.679,1.989,1.103,0.886,128.081,137.174,118.989
2022-11-16,134.05,135.59,133.68,134.79,767900,134.06,128.708,127.474,62.043,2.201,1.322,0.878,128.708,137.838,119.579
2022-11-17,133.19,134.04,130.01,130.94,773800,133.206,129.328,127.273,53.813,2.034,1.465,0.57,129.328,137.139,121.518
2022-11-18,132.56,134.84,131.99,134.48,868500,133.348,129.996,127.137,59.175,2.163,1.604,0.559,129.996,137.105,122.888
2022-11-21,135.04,137.79,134.94,135.4,739000,133.892,130.565,126.982,60.46,2.313,1.746,0.567,130.565,137.482,123.647
2022-11-22,135.85,137.33,134.76,135.86,561200,134.294,130.992,126.924,61.119,2.44,1.885,0.556,130.992,138.116,123.868
2022-11-23,135.78,138.85,135.78,138.65,743700,135.066,131.574,126.896,64.935,2.735,2.055,0.68,131.574,139.211,123.937
2022-11-25,139.3,140.58,138.88,140.15,351500,136.908,132.103,127.001,66.821,3.055,2.255,0.8,132.103,140.576,123.63
2022-11-28,138.8,139.16,136.83,137.27,704800,137.466,132.31,127.039,60.134,3.04,2.412,0.628,132.31,141.085,123.534
2022-11-29,136.32,136.47,134.14,134.87,533600,137.36,132.423,127.026,55.179,2.803,2.49,0.313,132.423,141.273,123.573
2022-11-30,134.55,139.26,134.35,139.11,1467400,138.01,132.908,127.154,61.254,2.923,2.577,0.347,132.908,142.118,123.699
2022-12-01,140.7,142.56,139.65,141.17,811800,138.514,133.665,127.345,63.819,3.149,2.691,0.458,133.665,142.984,124.346
2022-12-02,139.63,141.67,138.93,140.92,584500,138.668,134.424,127.558,63.272,3.269,2.807,0.463,134.424,143.496,125.351
2022-12-05,139.61,140.88,139.14,140.41,589400,139.296,135.102,127.795,62.101,3.286,2.903,0.383,135.102,143.81,126.393
2022-12-06,140.24,142.38,139.98,141.78,887500,140.678,135.864,128.125,64.027,3.371,2.996,0.375,135.864,144.069,127.659
2022-12-07,141.79,142.97,140.13,140.97,589600,141.05,136.505,128.486,62.02,3.334,3.064,0.27,136.505,144.155,128.856
2022-12-08,140.79,142.5,140.35,142.45,557100,141.306,137.236,128.828,64.226,3.386,3.128,0.257,137.236,144.154,130.319
2022-12-09,141.61,143.86,141.61,143.12,678900,141.746,137.632,129.26,65.211,3.441,3.191,0.25,137.632,144.955,130.309
2022-12-12,144.47,144.52,142.18,143.9,995600,142.444,138.138,129.763,66.372,3.507,3.254,0.253,138.138,145.733,130.544
2022-12-13,146.55,148.41,143.27,145.92,783300,143.272,138.8,130.23,69.235,3.68,3.339,0.341,138.8,146.694,130.907
2022-12-14,146.08,147.75,143.98,145.15,678200,144.108,139.366,130.642,66.897,3.712,3.414,0.299,139.366,147.383,131.348
2022-12-15,144.64,145.17,142.42,143.38,675700,144.294,139.795,131.075,61.736,3.554,3.442,0.112,139.795,147.7,131.89
2022-12-16,141.91,142.74,138.23,139.69,1919300,143.608,140.233,131.474,52.622,3.095,3.373,-0.277,140.233,146.954,133.511
2022-12-19,139.34,141.13,138.13,138.85,686300,142.598,140.451,131.926,50.784,2.634,3.225,-0.591,140.451,146.649,134.253
2022-12-20,138.65,139.03,137.16,137.73,991200,140.96,140.568,132.355,48.358,2.152,3.01,-0.858,140.568,146.445,134.69
2022-12-21,138.13,140.14,137.81,139.81,598700,139.892,140.765,132.821,52.861,1.917,2.792,-0.875,140.765,146.228,135.302
2022-12-22,139.05,139.69,136.66,139.26,539600,139.068,140.796,133.307,51.58,1.667,2.567,-0.9,140.796,146.215,135.376
2022-12-23,139.33,140.46,139.06,140.26,440300,139.182,140.801,133.759,53.773,1.531,2.36,-0.828,140.801,146.218,135.384
2022-12-27,139.95,141.99,139.27,141.42,392800,139.696,141.008,134.244,56.248,1.5,2.188,-0.687,141.008,146.168,135.849
2022-12-28,141.78,142.57,139.87,140.35,580600,140.22,141.282,134.653,53.408,1.374,2.025,-0.651,141.282,145.579,136.986
2022-12-29,141.21,142.57,140.82,141.88,476700,140.634,141.421,135.031,56.77,1.381,1.896,-0.515,141.421,145.6,137.242
2022-12-30,141.65,141.81,138.4,139.71,550700,140.724,141.348,135.381,51.134,1.198,1.756,-0.559,141.348,145.596,137.1
2023-01-03,140.95,142.09,139.08,141.25,640800,140.922,141.364,135.835,54.58,1.163,1.638,-0.475,141.364,145.608,137.121
2023-01-04,142.57,145.25,141.82,144.07,668700,141.452,141.548,136.294,60.125,1.348,1.58,-0.232,141.548,145.931,137.164
2023-01-05,142.88,144.14,141.07,141.78,975700,141.738,141.547,136.649,54.325,1.295,1.523,-0.228,141.547,145.931,137.164
2023-01-06,142.24,145.82,142.24,145.07,541200,142.376,141.752,137.004,60.257,1.501,1.518,-0.018,141.752,146.398,137.107
2023-01-09,144.67,147.82,144.29,145.23,789700,143.48,141.892,137.368,60.526,1.658,1.546,0.111,141.892,146.784,136.999
2023-01-10,144.95,147.68,144.34,147.37,715700,144.704,142.104,137.724,64.026,1.933,1.623,0.309,142.104,147.558,136.65
2023-01-11,147.58,148.85,146.72,147.96,854300,145.482,142.307,138.021,64.949,2.173,1.733,0.44,142.307,148.317,136.297
2023-01-12,147.78,147.8,145.8,146.13,569400,146.352,142.318,138.291,59.823,2.19,1.825,0.366,142.318,148.355,136.28
2023-01-13,145.0,146.47,144.69,145.62,537800,146.462,142.341,138.616,58.438,2.139,1.888,0.251,142.341,148.428,136.254
2023-01-17,145.58,146.05,143.47,144.13,814500,146.242,142.378,138.977,54.472,1.955,1.901,0.054,142.378,148.502,136.255
2023-01-18,144.98,145.25,139.38,139.96,786700,144.76,142.392,139.262,45.222,1.456,1.812,-0.356,142.392,148.491,136.293
2023-01-19,140.04,140.22,137.61,137.67,493600,142.702,142.333,139.478,41.095,0.866,1.623,-0.757,142.333,148.597,136.069
2023-01-20,137.41,139.01,135.81,138.91,756600,141.258,142.392,139.726,44.071,0.492,1.397,-0.904,142.392,148.494,136.29
2023-01-23,138.32,139.85,136.66,138.38,643700,139.81,142.32,139.93,43.07,0.152,1.148,-0.996,142.32,148.581,136.06
2023-01-24,137.92,141.82,137.51,141.66,656600,139.316,142.44,140.207,50.559,0.145,0.947,-0.802,142.44,148.544,136.337
2023-01-25,140.86,142.66,139.91,142.55,848000,139.834,142.555,140.354,52.39,0.209,0.799,-0.59,142.555,148.572,136.538
2023-01-26,142.17,143.35,141.43,143.18,812700,140.936,142.643,140.542,53.696,0.307,0.701,-0.394,142.643,148.641,136.645
2023-01-27,142.66,144.74,142.55,143.93,759100,141.94,142.822,140.767,55.27,0.44,0.649,-0.209,142.822,148.745,136.899
2023-01-30,143.57,145.25,142.0,142.08,813100,142.68,142.832,140.932,50.693,0.392,0.597,-0.206,142.832,148.749,136.915
2023-01-31,142.36,143.44,141.27,143.44,967400,143.036,143.018,141.105,53.727,0.458,0.57,-0.111,143.018,148.754,137.283
2023-02-01,142.97,146.19,142.26,145.4,962800,143.606,143.226,141.394,57.761,0.661,0.588,0.073,143.226,148.992,137.46
2023-02-02,146.12,149.03,144.85,147.21,925500,144.412,143.383,141.648,61.131,0.957,0.662,0.295,143.383,149.411,137.355
2023-02-03,145.7,146.61,142.17,143.55,1316800,144.336,143.472,141.811,52.082,0.886,0.707,0.179,143.472,149.452,137.491
2023-02-06,142.72,144.06,142.48,143.97,1156800,144.714,143.416,141.974,52.943,0.854,0.736,0.118,143.416,149.355,137.478
2023-02-07,143.05,143.9,141.23,143.11,1006100,144.648,143.31,142.063,50.926,0.75,0.739,0.011,143.31,149.188,137.433
2023-02-08,142.67,142.82,138.4,138.71,1652700,143.31,142.878,142.034,42.09,0.309,0.653,-0.344,142.878,148.772,136.983
2023-02-09,139.33,140.96,136.81,137.21,916000,141.31,142.34,142.033,39.569,-0.159,0.491,-0.65,142.34,148.244,136.436
2023-02-10,137.22,138.5,136.02,138.49,825600,140.298,141.958,142.105,42.721,-0.422,0.308,-0.73,141.958,147.818,136.098
2023-02-13,139.04,140.28,138.57,139.65,746100,139.434,141.66,142.116,45.496,-0.531,0.14,-0.671,141.66,147.339,135.98
2023-02-14,139.38,139.85,136.68,137.44,845800,138.3,141.325,142.041,41.383,-0.786,-0.045,-0.741,141.325,147.177,135.473
2023-02-15,136.81,137.67,136.36,137.38,689800,138.034,141.196,141.971,41.274,-0.982,-0.233,-0.75,141.196,147.284,135.108
2023-02-16,135.18,136.13,132.69,135.73,1445300,137.738,141.099,141.877,38.285,-1.256,-0.437,-0.819,141.099,147.478,134.72
2023-02-17,135.46,138.67,134.85,137.71,2711300,137.582,141.039,141.796,43.566,-1.299,-0.61,-0.689,141.039,147.527,134.551
2023-02-21,136.73,137.09,135.61,135.92,1106600,136.836,140.916,141.695,40.216,-1.46,-0.78,-0.68,140.916,147.702,134.13
2023-02-22,136.34,136.86,134.67,135.02,633000,136.352,140.584,141.546,38.608,-1.641,-0.952,-0.689,140.584,147.85,133.318
2023-02-23,135.31,135.64,132.13,132.42,1018200,135.36,140.078,141.332,34.337,-1.972,-1.156,-0.816,140.078,148.136,132.019
2023-02-24,130.74,131.13,129.18,130.3,917700,134.274,139.434,141.06,31.297,-2.378,-1.401,-0.978,139.434,148.449,130.418
2023-02-27,131.24,132.59,128.13,128.66,1159600,132.464,138.67,140.715,29.147,-2.8,-1.68,-1.12,138.67,148.62,128.72
2023-02-28,128.0,130.57,127.5,129.22,2130300,131.124,138.027,140.396,30.893,-3.054,-1.955,-1.099,138.027,148.686,127.368
2023-03-01,125.92,129.41,125.83,127.16,6564700,129.552,137.213,140.072,28.145,-3.382,-2.241,-1.142,137.213,148.594,125.832
2023-03-02,126.95,128.51,126.69,127.54,5301100,128.576,136.32,139.829,29.393,-3.571,-2.507,-1.064,136.32,147.798,124.842
2023-03-03,128.22,129.47,126.87,128.59,2557500,128.234,135.389,139.624,32.861,-3.594,-2.724,-0.87,135.389,146.146,124.632
2023-03-06,128.87,130.05,128.14,128.79,1368800,128.26,134.651,139.445,33.531,-3.555,-2.89,-0.665,134.651,145.071,124.231
2023-03-07,128.96,129.28,125.3,126.23,1136400,127.662,133.764,139.173,29.477,-3.688,-3.05,-0.639,133.764,143.859,123.669
2023-03-08,125.24,127.47,125.04,127.25,867500,127.68,132.971,138.933,32.955,-3.669,-3.174,-0.496,132.971,142.447,123.495
2023-03-09,127.2,127.51,124.47,125.07,1272900,127.186,132.289,138.629,29.596,-3.787,-3.296,-0.49,132.289,141.987,122.591
2023-03-10,125.77,126.31,122.3,123.02,1489500,126.072,131.58,138.261,26.827,-3.999,-3.437,-0.562,131.58,141.823,121.336
2023-03-13,123.09,128.63,122.59,125.53,1660700,125.42,130.932,137.965,34.863,-3.919,-3.533,-0.386,130.932,140.972,120.891
2023-03-14,127.23,127.69,124.8,126.72,1417700,125.518,130.285,137.662,38.321,-3.718,-3.57,-0.147,130.285,139.6,120.97
2023-03-15,126.46,130.05,125.3,129.45,1523400,125.958,129.886,137.456,45.474,-3.299,-3.516,0.217,129.886,138.573,121.198
2023-03-16,129.49,131.6,128.69,131.31,1414200,127.206,129.582,137.258,49.75,-2.786,-3.37,0.584,129.582,137.562,121.602
2023-03-17,130.73,130.93,128.85,130.53,2613800,128.708,129.322,136.987,48.048,-2.413,-3.179,0.765,129.322,136.781,121.863
2023-03-20,130.83,131.74,130.45,131.22,1793700,129.846,128.998,136.776,49.687,-2.039,-2.951,0.911,128.998,135.411,122.584
2023-03-21,131.08,131.39,125.93,127.82,1431600,130.066,128.593,136.431,42.561,-1.994,-2.76,0.765,128.593,134.129,123.056
2023-03-22,127.37,128.96,125.52,125.53,1058400,129.282,128.118,136.037,38.55,-2.119,-2.631,0.512,128.118,132.911,123.325
2023-03-23,125.35,127.23,124.75,125.85,1105800,128.19,127.79,135.606,39.409,-2.167,-2.539,0.371,127.79,132.229,123.35
2023-03-24,126.36,130.64,125.92,130.56,837600,128.196,127.802,135.258,50.402,-1.804,-2.392,0.587,127.802,132.274,123.331
2023-03-27,131.49,132.29,129.74,130.41,861200,128.034,127.89,134.944,50.09,-1.511,-2.216,0.704,127.89,132.499,123.281
2023-03-28,130.02,131.84,129.57,129.99,675500,128.468,127.928,134.631,49.173,-1.298,-2.032,0.734,127.928,132.597,123.26
2023-03-29,130.61,132.94,130.61,132.68,608800,129.898,128.204,134.402,54.871,-0.902,-1.806,0.904,128.204,133.313,123.096
2023-03-30,132.94,134.4,132.73,134.29,766900,131.586,128.542,134.289,57.912,-0.453,-1.535,1.083,128.542,134.315,122.769
2023-03-31,134.82,135.54,133.04,134.84,1060700,132.442,128.854,134.232,58.931,-0.052,-1.239,1.187,128.854,135.278,122.431
2023-04-03,133.52,134.86,132.56,133.87,583200,133.134,129.108,134.131,56.342,0.186,-0.954,1.14,129.108,135.912,122.305
2023-04-04,134.01,136.04,133.67,135.43,818300,134.222,129.568,134.072,59.429,0.494,-0.664,1.158,129.568,136.784,122.353
2023-04-05,136.39,138.85,135.61,138.27,905600,135.34,130.119,134.005,64.368,0.957,-0.34,1.297,130.119,138.219,122.02
2023-04-06,138.99,140.2,138.46,139.8,1059300,136.442,130.856,133.95,66.719,1.43,0.014,1.416,130.856,139.669,122.043
2023-04-10,138.9,139.85,136.64,139.81,925600,137.436,131.696,133.882,66.734,1.786,0.368,1.417,131.696,140.564,122.827
2023-04-11,139.32,140.19,138.79,139.97,664800,138.656,132.418,133.803,66.998,2.057,0.706,1.351,132.418,141.521,123.314
2023-04-12,140.73,141.23,138.69,138.83,865300,139.336,133.023,133.738,63.153,2.154,0.996,1.159,133.023,142.142,123.904
2023-04-13,138.33,139.96,137.26,139.91,972800,139.664,133.546,133.667,65.191,2.293,1.255,1.038,133.546,142.996,124.096
2023-04-14,138.23,139.41,136.65,137.8,798500,139.264,133.87,133.515,58.396,2.207,1.445,0.761,133.87,143.442,124.299
2023-04-17,138.51,138.98,136.8,137.92,661800,138.886,134.24,133.33,58.66,2.124,1.581,0.543,134.24,143.839,124.641
2023-04-18,137.91,138.34,135.66,136.32,664100,138.156,134.495,133.185,53.762,1.907,1.646,0.261,134.495,144.027,124.963
2023-04-19,136.82,138.0,136.48,137.16,552600,137.822,134.962,133.049,55.847,1.782,1.673,0.109,134.962,144.02,125.904
2023-04-20,137.22,137.74,135.93,137.72,649000,137.384,135.572,132.941,57.231,1.709,1.68,0.028,135.572,143.531,127.612
2023-04-21,138.52,139.73,137.73,138.93,837100,137.61,136.226,132.945,60.138,1.728,1.69,0.038,136.226,142.862,129.589
2023-04-24,139.03,140.29,138.22,139.46,988300,137.918,136.67,132.99,61.377,1.766,1.705,0.061,136.67,142.887,130.454
2023-04-25,140.12,140.82,139.67,140.3,825200,138.714,137.165,133.027,63.322,1.843,1.733,0.11,137.165,142.834,131.496
2023-04-26,138.7,139.95,137.03,137.2,805800,138.722,137.526,132.978,52.761,1.635,1.713,-0.078,137.526,142.082,132.969
2023-04-27,136.37,137.38,132.99,136.65,1054400,138.508,137.724,132.962,51.132,1.409,1.652,-0.243,137.724,141.7,133.748
2023-04-28,136.56,138.27,135.62,136.46,770000,138.014,137.832,132.943,50.551,1.201,1.562,-0.361,137.832,141.522,134.143
2023-05-01,136.35,136.65,134.91,134.93,607500,137.108,137.837,132.927,46.018,0.902,1.43,-0.528,137.837,141.512,134.162
2023-05-02,134.61,135.86,133.39,135.07,826700,136.062,137.897,132.875,46.491,0.669,1.278,-0.609,137.897,141.33,134.464
2023-05-03,135.97,137.26,134.64,134.84,591900,135.59,137.868,132.853,45.782,0.46,1.114,-0.654,137.868,141.399,134.336
2023-05-04,135.3,136.58,134.45,136.07,642500,135.474,137.758,132.874,50.162,0.39,0.97,-0.58,137.758,141.372,134.143
2023-05-05,135.73,137.06,135.42,136.63,548400,135.508,137.599,132.958,52.06,0.375,0.851,-0.476,137.599,141.113,134.085
2023-05-08,136.6,137.64,135.33,136.39,560000,135.8,137.428,133.08,51.161,0.34,0.748,-0.409,137.428,140.82,134.036
2023-05-09,136.45,136.84,135.59,136.77,705800,136.14,137.268,133.242,52.559,0.338,0.666,-0.328,137.268,140.45,134.086
2023-05-10,137.73,138.91,137.01,138.49,967400,136.87,137.251,133.428,58.367,0.471,0.627,-0.156,137.251,140.401,134.101
2023-05-11,138.72,138.76,136.89,138.2,753100,137.296,137.166,133.648,57.098,0.546,0.611,-0.065,137.166,140.097,134.234
2023-05-12,139.06,139.88,137.97,138.52,850200,137.674,137.202,133.868,58.179,0.624,0.614,0.011,137.202,140.183,134.22
2023-05-15,139.12,139.15,135.96,136.48,594200,137.692,137.13,134.026,49.6,0.516,0.594,-0.078,137.13,140.108,134.151
2023-05-16,136.11,136.38,133.15,133.83,789600,137.104,137.005,134.127,41.118,0.214,0.518,-0.304,137.005,140.315,133.695
2023-05-17,134.03,134.11,132.41,132.82,738400,135.97,136.788,134.258,38.421,-0.106,0.393,-0.499,136.788,140.588,132.988
2023-05-18,131.81,132.14,129.94,131.08,719700,134.546,136.456,134.335,34.254,-0.494,0.216,-0.71,136.456,141.001,131.911
2023-05-19,131.82,132.34,130.77,130.83,727400,133.008,136.051,134.45,33.688,-0.813,0.01,-0.823,136.051,141.085,131.017
2023-05-22,130.87,133.65,130.68,132.79,1180600,132.27,135.718,134.646,41.8,-0.897,-0.171,-0.725,135.718,140.684,130.751
2023-05-23,132.37,134.17,132.07,132.72,952100,132.048,135.338,134.789,41.604,-0.958,-0.329,-0.629,135.338,139.978,130.699
2023-05-24,132.81,133.67,132.04,132.42,684600,131.968,135.099,134.903,40.724,-1.019,-0.467,-0.552,135.099,139.827,130.372
2023-05-25,132.61,132.67,130.91,131.75,864100,132.102,134.854,134.949,38.752,-1.108,-0.595,-0.513,134.854,139.749,129.96
2023-05-26,132.15,132.74,131.21,132.68,879300,132.472,134.666,134.977,42.886,-1.092,-0.694,-0.397,134.666,139.591,129.74
2023-05-30,133.18,134.66,132.29,132.44,801700,132.402,134.541,135.015,42.096,-1.085,-0.773,-0.313,134.541,139.563,129.519
2023-05-31,132.56,133.74,131.19,133.6,2454100,132.578,134.468,135.063,47.16,-0.975,-0.813,-0.162,134.468,139.5,129.435
2023-06-01,133.6,133.66,131.55,132.79,1088000,132.652,134.365,135.162,44.25,-0.943,-0.839,-0.104,134.365,139.449,129.281
2023-06-02,132.1,135.2,131.66,134.84,917400,133.27,134.304,135.348,52.277,-0.743,-0.82,0.077,134.304,139.33,129.277
2023-06-05,134.47,135.89,133.76,134.95,665800,133.724,134.219,135.53,52.671,-0.569,-0.77,0.201,134.219,139.137,129.302
2023-06-06,135.62,135.62,133.89,133.91,588400,134.018,134.096,135.597,48.589,-0.509,-0.718,0.208,134.096,138.907,129.284
2023-06-07,133.42,136.15,132.23,136.03,731000,134.504,134.058,135.71,56.064,-0.288,-0.632,0.344,134.058,138.794,129.323
2023-06-08,135.18,136.38,134.7,136.07,631700,135.16,133.938,135.831,56.193,-0.108,-0.527,0.419,133.938,138.305,129.57
2023-06-09,136.44,136.68,134.44,135.64,866200,135.32,133.81,135.89,54.34,0.0,-0.421,0.422,133.81,137.784,129.835
2023-06-12,136.09,136.4,133.8,135.06,867200,135.342,133.636,135.906,51.856,0.039,-0.329,0.368,133.636,137.002,130.271
2023-06-13,134.32,135.46,133.84,135.37,672100,135.634,133.581,135.916,53.09,0.093,-0.245,0.338,133.581,136.782,130.38
2023-06-14,135.71,137.05,134.97,135.14,797800,135.456,133.646,135.942,52.025,0.116,-0.173,0.289,133.646,136.921,130.372
2023-06-15,135.66,137.56,134.03,136.97,711900,135.636,133.854,135.973,59.065,0.279,-0.082,0.361,133.854,137.421,130.287
2023-06-16,137.02,138.76,137.02,137.79,2041700,136.066,134.19,135.963,61.772,0.469,0.028,0.441,134.19,137.917,130.462
2023-06-20,137.17,137.7,135.16,136.99,930300,136.452,134.498,135.907,57.759,0.549,0.132,0.416,134.498,138.071,130.924
2023-06-21,136.7,137.5,134.76,137.48,734500,136.874,134.732,135.86,59.495,0.644,0.234,0.409,134.732,138.446,131.018
2023-06-22,137.9,137.9,136.53,137.35,744600,137.316,134.963,135.808,58.805,0.701,0.328,0.373,134.963,138.727,131.2
2023-06-23,137.62,138.22,134.41,134.81,975900,136.884,135.083,135.727,47.263,0.534,0.369,0.165,135.083,138.653,131.513
2023-06-26,133.83,134.31,129.33,129.7,2614000,135.266,134.98,135.523,33.162,-0.009,0.293,-0.303,134.98,139.038,130.923
2023-06-27,129.68,132.4,128.86,132.15,2290300,134.298,134.954,135.41,42.084,-0.24,0.187,-0.427,134.954,139.081,130.827
2023-06-28,132.05,132.05,129.48,130.39,1308600,132.88,134.852,135.26,38.145,-0.558,0.038,-0.596,134.852,139.328,130.375
2023-06-29,129.48,130.86,128.57,129.92,969500,131.394,134.668,135.132,37.145,-0.839,-0.138,-0.701,134.668,139.636,129.699
2023-06-30,130.18,132.11,129.68,132.03,1088300,130.838,134.629,135.029,44.215,-0.881,-0.286,-0.594,134.629,139.67,129.589
2023-07-03,131.81,133.24,131.0,133.16,511700,131.53,134.546,134.938,47.613,-0.813,-0.392,-0.422,134.546,139.627,129.464
2023-07-05,132.3,135.76,132.24,133.92,1228900,131.884,134.494,134.838,49.827,-0.691,-0.451,-0.239,134.494,139.579,129.409
2023-07-06,132.96,133.35,131.42,131.72,941300,132.15,134.384,134.683,44.027,-0.762,-0.513,-0.249,134.384,139.615,129.154
2023-07-07,130.72,131.58,130.14,130.47,619500,132.26,134.106,134.486,41.1,-0.909,-0.593,-0.316,134.106,139.555,128.658
2023-07-10,130.07,130.82,129.22,130.04,717600,131.862,133.805,134.343,40.112,-1.048,-0.684,-0.365,133.805,139.459,128.151
2023-07-11,130.06,131.84,129.86,131.82,717400,131.594,133.614,134.246,45.909,-1.003,-0.748,-0.256,133.614,139.265,127.963
2023-07-12,132.87,135.0,131.97,134.52,890400,131.714,133.587,134.208,53.294,-0.741,-0.746,0.005,133.587,139.215,127.959
2023-07-13,134.21,134.6,133.63,134.53,823700,132.276,133.545,134.2,53.319,-0.527,-0.702,0.176,133.545,139.129,127.961
2023-07-14,134.31,135.47,133.51,135.23,762800,133.228,133.55,134.203,55.159,-0.297,-0.621,0.324,133.55,139.139,127.96
2023-07-17,134.29,135.0,133.22,133.25,756400,133.87,133.364,134.171,49.247,-0.271,-0.551,0.28,133.364,138.716,128.011
2023-07-18,133.01,134.47,130.75,131.94,1143100,133.894,133.071,134.088,45.752,-0.353,-0.512,0.159,133.071,138.03,128.112
2023-07-19,132.77,134.53,132.6,133.17,1100900,133.624,132.88,134.019,49.384,-0.314,-0.472,0.158,132.88,137.485,128.275
2023-07-20,133.22,136.35,132.42,135.9,730500,133.898,132.801,134.009,56.366,-0.063,-0.39,0.327,132.801,137.119,128.483
2023-07-21,136.37,138.13,135.9,137.64,752300,134.38,132.816,134.027,60.14,0.274,-0.258,0.531,132.816,137.199,128.432
2023-07-24,137.73,137.81,135.62,136.62,678600,135.054,132.906,133.989,57.026,0.453,-0.115,0.568,132.906,137.531,128.281
2023-07-25,136.24,137.41,135.79,137.13,868000,136.092,133.277,133.968,58.191,0.629,0.033,0.595,133.277,138.011,128.544
2023-07-26,136.43,138.18,136.0,136.68,793100,136.794,133.504,133.931,56.729,0.723,0.171,0.552,133.504,138.44,128.568
2023-07-27,139.29,139.86,136.24,137.34,1719000,137.082,133.852,133.948,58.381,0.842,0.305,0.537,133.852,138.842,128.861
2023-07-28,138.23,138.26,135.39,135.9,1018000,136.734,134.15,133.99,53.576,0.811,0.406,0.404,134.15,138.858,129.443
2023-07-31,136.16,137.07,135.75,136.36,994200,136.682,134.367,134.061,54.854,0.813,0.488,0.325,134.367,139.062,129.672
2023-08-01,136.11,136.53,133.52,133.61,970000,135.978,134.39,134.111,46.595,0.587,0.508,0.079,134.39,139.065,129.714
2023-08-02,132.92,135.09,132.81,134.73,794800,135.588,134.43,134.189,49.903,0.492,0.505,-0.012,134.43,139.102,129.758
2023-08-03,134.09,134.37,131.45,131.45,699400,134.41,134.416,134.162,41.746,0.151,0.434,-0.283,134.416,139.123,129.71
2023-08-04,131.67,132.4,130.59,131.31,1024800,133.492,134.459,134.134,41.435,-0.13,0.321,-0.451,134.459,139.03,129.887
2023-08-07,131.57,132.83,131.57,132.1,679200,132.64,134.562,134.128,43.974,-0.285,0.2,-0.485,134.562,138.794,130.329
2023-08-08,132.7,132.7,130.67,132.06,911700,132.33,134.574,134.134,43.87,-0.407,0.078,-0.485,134.574,138.774,130.373
2023-08-09,131.65,133.01,130.44,130.55,859200,131.494,134.375,134.091,40.032,-0.618,-0.061,-0.557,134.375,138.945,129.805
2023-08-10,131.03,131.8,129.19,129.65,666200,131.134,134.131,134.036,37.904,-0.848,-0.218,-0.63,134.131,139.164,129.098
2023-08-11,129.61,130.61,129.25,130.32,461300,130.936,133.886,133.97,40.442,-0.965,-0.368,-0.597,133.886,139.166,128.605
2023-08-14,130.27,132.39,129.2,132.12,1722100,130.94,133.829,133.957,46.742,-0.902,-0.475,-0.428,133.829,139.162,128.496
2023-08-15,131.37,131.87,130.74,130.78,1115900,130.684,133.771,133.875,43.088,-0.95,-0.57,-0.38,133.771,139.214,128.328
2023-08-16,131.3,131.46,129.84,130.15,861100,130.604,133.62,133.779,41.448,-1.026,-0.661,-0.365,133.62,139.296,127.944
2023-08-17,130.51,131.38,128.44,128.46,604400,130.366,133.248,133.67,37.341,-1.209,-0.771,-0.439,133.248,139.26,127.236
2023-08-18,128.27,130.02,128.27,129.17,2192100,130.136,132.824,133.533,40.029,-1.282,-0.873,-0.409,132.824,138.726,126.923
2023-08-21,128.56,129.24,126.95,127.8,650400,129.272,132.384,133.368,36.752,-1.434,-0.985,-0.449,132.384,138.408,126.359
2023-08-22,127.76,129.06,127.16,128.65,594600,128.846,131.96,133.228,40.033,-1.469,-1.082,-0.387,131.96,137.767,126.152
2023-08-23,129.95,130.17,128.97,129.72,577600,128.76,131.612,133.121,43.972,-1.394,-1.145,-0.25,131.612,137.051,126.172
2023-08-24,129.53,130.97,128.14,128.51,587500,128.77,131.17,132.984,40.715,-1.417,-1.199,-0.218,131.17,136.057,126.283
2023-08-25,129.18,130.94,128.97,130.52,638300,129.04,130.901,132.892,47.651,-1.257,-1.211,-0.047,130.901,135.255,126.547
2023-08-28,130.94,131.32,130.17,130.25,424900,129.53,130.595,132.757,46.858,-1.14,-1.196,0.057,130.595,134.114,127.077
2023-08-29,130.19,130.44,129.19,130.2,583000,129.84,130.425,132.605,46.703,-1.039,-1.165,0.126,130.425,133.646,127.204
2023-08-30,130.41,131.78,129.52,129.7,578300,129.836,130.173,132.46,45.096,-0.988,-1.129,0.142,130.173,132.687,127.66
2023-08-31,130.25,130.65,128.87,128.96,1301400,129.926,130.049,132.289,42.752,-0.995,-1.103,0.107,130.049,132.543,127.555
2023-09-01,129.73,130.05,126.71,128.09,681600,129.44,129.888,132.104,40.112,-1.059,-1.094,0.035,129.888,132.454,127.322
2023-09-05,127.67,128.0,125.63,126.77,896900,128.744,129.622,131.943,36.436,-1.203,-1.116,-0.087,129.622,132.323,126.92
2023-09-06,127.22,127.74,125.51,126.16,801900,127.936,129.326,131.872,34.846,-1.35,-1.163,-0.188,129.326,132.191,126.462
2023-09-07,126.82,128.37,126.25,128.01,727500,127.598,129.2,131.79,42.971,-1.303,-1.191,-0.112,129.2,132.061,126.338
2023-09-08,128.09,128.31,127.26,128.02,999300,127.41,129.118,131.742,43.013,-1.25,-1.202,-0.047,129.118,132.018,126.218
2023-09-11,127.74,129.38,127.74,128.48,553800,127.488,129.026,131.713,44.99,-1.157,-1.193,0.036,129.026,131.882,126.17
2023-09-12,128.53,128.88,127.48,127.87,999600,127.708,128.814,131.63,42.866,-1.12,-1.179,0.058,128.814,131.31,126.317
2023-09-13,127.48,130.14,127.45,129.49,925600,128.374,128.749,131.557,49.662,-0.95,-1.133,0.183,128.749,131.093,126.405
2023-09-14,130.08,131.2,129.94,131.04,875300,128.98,128.794,131.499,55.157,-0.681,-1.043,0.361,128.794,131.279,126.308
2023-09-15,130.45,131.04,128.61,129.11,2180900,129.198,128.826,131.447,48.114,-0.617,-0.958,0.34,128.826,131.31,126.342
2023-09-18,129.26,129.37,128.0,128.67,782200,129.236,128.801,131.411,46.651,-0.595,-0.885,0.29,128.801,131.281,126.321
2023-09-19,128.25,128.46,127.57,127.87,941800,129.236,128.804,131.368,44.03,-0.635,-0.835,0.2,128.804,131.279,126.33
2023-09-20,128.66,129.21,127.19,127.53,711200,128.844,128.748,131.282,42.926,-0.686,-0.805,0.119,128.748,131.287,126.21
2023-09-21,126.9,127.33,124.12,124.14,1001300,127.464,128.469,131.074,33.822,-0.988,-0.842,-0.147,128.469,131.693,125.246
2023-09-22,124.09,124.24,122.78,122.93,1071900,126.228,128.19,130.842,31.273,-1.311,-0.935,-0.375,128.19,132.255,124.126
2023-09-25,122.33,123.5,122.16,123.35,897200,125.164,127.832,130.605,33.156,-1.515,-1.051,-0.463,127.832,132.278,123.386
2023-09-26,122.96,123.85,120.49,120.5,1166600,123.69,127.345,130.35,27.624,-1.885,-1.218,-0.667,127.345,132.716,121.973
2023-09-27,120.22,120.86,117.28,117.44,1426500,121.672,126.706,130.06,23.156,-2.397,-1.454,-0.943,126.706,133.495,119.918
2023-09-28,117.92,117.92,114.37,114.87,2229700,119.818,125.965,129.694,20.201,-2.976,-1.758,-1.218,125.965,134.413,117.517
2023-09-29,116.39,116.47,113.65,115.1,1962200,118.252,125.272,129.278,21.171,-3.378,-2.082,-1.296,125.272,134.88,115.664
2023-10-02,114.33,114.65,110.59,111.31,1688700,115.844,124.433,128.751,17.416,-3.956,-2.457,-1.499,124.433,135.778,113.088
2023-10-03,110.75,110.8,107.26,108.75,2451100,113.494,123.532,128.194,15.426,-4.569,-2.879,-1.689,123.532,136.796,110.268
2023-10-04,109.68,111.06,107.67,110.94,1565200,112.194,122.771,127.67,23.482,-4.822,-3.268,-1.554,122.771,137.103,108.439
2023-10-05,110.73,111.42,109.54,110.36,1105000,111.292,121.888,127.143,22.86,-5.011,-3.617,-1.395,121.888,137.014,106.763
2023-10-06,108.75,110.89,107.52,110.47,1240700,110.366,121.011,126.606,23.275,-5.094,-3.912,-1.182,121.011,136.666,105.356
2023-10-09,110.33,112.31,110.12,112.29,1089300,110.562,120.201,126.134,29.978,-4.955,-4.121,-0.835,120.201,135.905,104.498
2023-10-10,112.35,114.09,112.24,113.27,1222200,111.466,119.471,125.672,33.355,-4.712,-4.239,-0.473,119.471,135.03,103.913
2023-10-11,114.04,114.68,112.05,113.61,956000,112.0,118.678,125.272,34.534,-4.441,-4.279,-0.161,118.678,133.695,103.66
2023-10-12,112.82,113.38,109.58,109.99,1390000,111.926,117.625,124.777,28.709,-4.466,-4.317,-0.15,117.625,131.928,103.322
2023-10-13,109.99,111.95,108.69,109.72,1720100,111.776,116.656,124.343,28.325,-4.457,-4.345,-0.112,116.656,130.294,103.017
2023-10-16,110.16,111.58,108.79,111.52,1628800,111.622,115.798,123.947,34.602,-4.255,-4.327,0.072,115.798,128.371,103.225
2023-10-17,110.59,111.93,110.37,111.82,1404500,111.332,114.996,123.541,35.614,-4.025,-4.266,0.242,114.996,126.31,103.681
2023-10-18,111.63,112.0,108.25,109.81,1541100,110.572,114.11,123.096,32.037,-3.959,-4.205,0.246,114.11,123.973,104.246
2023-10-19,109.2,110.78,108.65,108.77,1376800,110.328,113.341,122.661,30.339,-3.945,-4.153,0.208,113.341,122.264,104.418
2023-10-20,108.57,109.45,107.49,107.64,1340000,109.912,112.577,122.22,28.567,-3.979,-4.118,0.139,112.577,120.617,104.536
2023-10-23,106.54,108.57,106.2,107.36,1054700,109.08,111.777,121.761,28.129,-3.983,-4.091,0.108,111.777,118.354,105.2
2023-10-24,108.61,110.16,108.07,109.47,996400,108.61,111.225,121.308,36.087,-3.772,-4.027,0.255,111.225,116.429,106.022
2023-10-25,109.02,109.02,107.52,108.29,1049000,108.306,110.768,120.858,33.831,-3.658,-3.954,0.295,110.768,115.226,106.31
2023-10-26,108.87,110.7,108.74,109.7,966500,108.492,110.51,120.449,38.758,-3.415,-3.846,0.431,110.51,114.546,106.473
2023-10-27,109.41,109.69,107.73,108.19,843900,108.602,110.164,120.044,35.693,-3.306,-3.738,0.432,110.164,113.697,106.631
2023-10-30,108.46,109.33,107.38,108.49,1178900,108.828,110.023,119.63,36.763,-3.159,-3.622,0.463,110.023,113.589,106.457
2023-10-31,108.77,109.8,108.12,109.36,1452300,108.806,110.054,119.262,39.887,-2.938,-3.485,0.547,110.054,113.584,106.523
2023-11-01,109.3,111.02,107.82,110.43,1426200,109.234,110.028,118.897,43.579,-2.646,-3.317,0.671,110.028,113.539,106.517
2023-11-02,111.77,116.34,111.77,115.72,1883600,110.438,110.296,118.617,57.481,-1.966,-3.047,1.082,110.296,114.634,105.958
2023-11-03,118.2,122.22,117.95,120.88,2506500,112.976,110.816,118.465,66.224,-0.998,-2.637,1.639,110.816,117.24,104.393
2023-11-06,120.91,122.0,118.29,118.59,1236100,114.996,111.132,118.226,60.298,-0.412,-2.192,1.781,111.132,118.419,103.844
2023-11-07,119.63,121.0,117.7,117.92,1186400,116.708,111.364,117.979,58.645,-0.001,-1.754,1.753,111.364,119.213,103.515
2023-11-08,117.63,117.63,116.51,117.25,831100,118.072,111.546,117.72,56.963,0.268,-1.35,1.617,111.546,119.774,103.318
2023-11-09,117.51,117.66,115.21,115.51,929100,118.03,111.822,117.437,52.733,0.336,-1.012,1.349,111.822,120.2,103.444
2023-11-10,116.18,116.18,114.28,114.8,981100,116.814,112.076,117.153,51.066,0.329,-0.744,1.073,112.076,120.493,103.659
2023-11-13,114.45,114.83,113.22,113.86,930600,115.868,112.193,116.869,48.864,0.245,-0.546,0.791,112.193,120.643,103.743
2023-11-14,118.23,121.46,117.72,121.29,1584200,116.542,112.666,116.759,62.593,0.769,-0.283,1.052,112.666,122.039,103.294
2023-11-15,121.39,122.99,119.53,121.96,1508500,117.484,113.274,116.675,63.543,1.224,0.018,1.206,113.274,123.411,103.137
2023-11-16,123.14,124.34,122.32,122.46,1346100,118.874,113.958,116.564,64.273,1.607,0.336,1.271,113.958,124.649,103.268
2023-11-17,122.98,123.55,122.12,123.5,1161500,120.614,114.752,116.474,65.806,1.972,0.663,1.308,114.752,125.815,103.688
2023-11-20,122.34,123.4,121.07,122.16,1465800,122.274,115.492,116.347,62.108,2.128,0.956,1.172,115.492,126.452,104.531
2023-11-21,122.44,123.17,121.66,122.31,1093100,122.478,116.134,116.236,62.363,2.238,1.212,1.025,116.134,127.113,105.154
2023-11-22,123.15,123.75,121.92,121.97,1021800,122.48,116.818,116.086,61.356,2.271,1.424,0.847,116.818,127.439,106.196
2023-11-24,121.86,123.46,121.62,123.46,595700,122.68,117.505,115.934,64.094,2.391,1.617,0.773,117.505,127.967,107.044
2023-11-27,123.08,123.63,122.1,122.24,1244900,122.428,118.208,115.797,60.325,2.36,1.766,0.594,118.208,127.894,108.522
2023-11-28,121.9,123.17,121.52,122.15,1048300,122.426,118.891,115.666,60.044,2.301,1.873,0.428,118.891,127.565,110.217
2023-11-29,122.88,123.91,121.99,122.68,960500,122.5,119.557,115.563,61.189,2.271,1.953,0.319,119.557,127.124,111.99
2023-11-30,123.18,124.26,122.37,123.26,2075600,122.758,120.199,115.477,62.456,2.268,2.016,0.253,120.199,126.592,113.805
2023-12-01,123.0,124.74,122.12,124.56,1063800,122.978,120.64,115.486,65.199,2.344,2.081,0.263,120.64,126.953,114.328
2023-12-04,123.34,125.11,123.19,124.47,801900,123.424,120.82,115.516,64.846,2.369,2.139,0.23,120.82,127.361,114.279
2023-12-05,124.21,124.35,122.09,122.83,814200,123.56,121.032,115.506,58.614,2.231,2.157,0.074,121.032,127.543,114.521
2023-12-06,123.6,124.38,123.13,124.06,720000,123.836,121.339,115.577,61.595,2.196,2.165,0.031,121.339,127.811,114.867
2023-12-07,124.38,124.76,123.18,123.92,790900,123.968,121.672,115.707,61.056,2.132,2.159,-0.027,121.672,127.942,115.403
2023-12-08,123.55,123.6,122.39,122.8,714800,123.616,122.037,115.865,56.775,1.968,2.12,-0.152,122.037,127.606,116.468
2023-12-11,121.88,122.82,121.32,122.2,1037000,123.162,122.407,116.007,54.568,1.77,2.05,-0.281,122.407,126.814,118.0
2023-12-12,122.4,122.57,121.54,122.5,1144200,123.096,122.839,116.231,55.5,1.618,1.964,-0.346,122.839,124.644,121.034
2023-12-13,122.58,126.35,121.54,126.28,1414900,123.54,123.088,116.582,65.186,1.782,1.927,-0.145,123.088,125.321,120.856
2023-12-14,127.8,128.48,125.04,125.73,1253600,123.902,123.277,116.878,63.036,1.846,1.911,-0.065,123.277,125.734,120.82
2023-12-15,124.46,125.13,121.95,123.17,2258400,123.976,123.312,117.134,54.093,1.672,1.863,-0.192,123.312,125.74,120.885
2023-12-18,123.25,123.91,121.82,122.35,1026000,124.006,123.255,117.371,51.569,1.45,1.781,-0.33,123.255,125.718,120.792
2023-12-19,122.71,124.0,122.41,123.98,938500,124.302,123.346,117.605,55.967,1.39,1.703,-0.312,123.346,125.773,120.919
2023-12-20,123.8,125.19,122.24,122.28,1054200,123.502,123.344,117.785,50.787,1.192,1.6,-0.409,123.344,125.774,120.915
2023-12-21,122.96,123.84,122.0,122.94,597700,122.944,123.393,117.972,52.62,1.075,1.495,-0.42,123.393,125.744,121.042
2023-12-22,123.57,124.29,122.56,122.99,654400,122.908,123.37,118.232,52.764,0.976,1.392,-0.416,123.37,125.727,121.012
2023-12-26,123.08,124.17,122.8,123.66,515900,123.17,123.44,118.511,54.743,0.94,1.301,-0.361,123.44,125.74,121.141
2023-12-27,123.54,124.31,123.11,123.62,571400,123.098,123.514,118.753,54.596,0.899,1.221,-0.322,123.514,125.732,121.296
2023-12-28,122.68,124.6,122.68,124.32,604400,123.506,123.596,119.003,56.784,0.911,1.159,-0.247,123.596,125.806,121.386
2023-12-29,123.84,124.43,122.85,123.4,800800,123.598,123.603,119.275,53.158,0.838,1.095,-0.257,123.603,125.809,121.397
2024-01-02,122.65,125.29,122.26,124.82,1132400,123.964,123.616,119.596,57.653,0.884,1.053,-0.169,123.616,125.849,121.383
2024-01-03,124.53,125.27,123.82,124.82,998800,124.196,123.634,119.939,57.653,0.91,1.024,-0.114,123.634,125.9,121.367
2024-01-04,124.59,124.99,122.88,123.18,816400,124.108,123.651,120.256,51.087,0.789,0.977,-0.188,123.651,125.896,121.406
2024-01-05,122.8,124.24,121.92,123.3,862100,123.904,123.613,120.532,51.522,0.695,0.92,-0.226,123.613,125.855,121.371
2024-01-08,122.92,124.47,122.22,124.38,1026400,124.1,123.636,120.854,55.369,0.699,0.876,-0.177,123.636,125.901,121.371
2024-01-09,123.69,126.06,123.18,124.1,1202000,123.956,123.701,121.142,54.169,0.672,0.835,-0.163,123.701,125.939,121.463
2024-01-10,124.43,125.56,124.13,124.92,614000,123.976,123.837,121.477,57.102,0.709,0.81,-0.101,123.837,126.021,121.653
2024-01-11,124.64,124.87,121.96,122.97,878600,123.934,123.86,121.766,49.061,0.574,0.763,-0.189,123.86,125.993,121.728
2024-01-12,123.69,124.39,123.14,123.6,673200,123.994,123.726,122.051,51.44,0.512,0.713,-0.2,123.726,125.531,121.922
2024-01-16,122.85,124.12,121.82,121.92,800800,123.502,123.536,122.281,45.357,0.324,0.635,-0.311,123.536,125.252,121.82
2024-01-17,120.56,122.37,119.15,120.06,1301200,122.694,123.38,122.368,39.752,0.024,0.513,-0.489,123.38,125.695,121.066
2024-01-18,119.66,119.77,117.24,117.64,1083300,121.238,123.145,122.303,33.885,-0.404,0.33,-0.733,123.145,126.586,119.704
2024-01-19,117.84,118.03,116.37,117.14,1301200,120.072,122.803,122.274,32.807,-0.774,0.109,-0.883,122.803,127.138,118.468
2024-01-22,117.25,119.33,117.14,118.6,1137000,119.072,122.619,122.287,38.915,-0.939,-0.101,-0.839,122.619,127.342,117.896
2024-01-23,119.15,119.68,117.47,118.04,1247800,118.296,122.374,122.303,37.507,-1.103,-0.301,-0.802,122.374,127.517,117.231
2024-01-24,118.85,119.0,113.48,114.0,1279600,117.084,121.924,122.273,29.276,-1.541,-0.549,-0.991,121.924,128.271,115.578
2024-01-25,115.03,115.92,114.27,115.91,1196300,116.738,121.537,122.295,36.384,-1.714,-0.782,-0.932,121.537,128.366,114.708
2024-01-26,116.49,116.85,114.93,115.14,749000,116.338,121.113,122.321,34.862,-1.891,-1.004,-0.887,121.113,128.433,113.793
2024-01-29,116.37,118.12,114.42,117.56,1252100,116.13,120.775,122.246,42.937,-1.815,-1.166,-0.649,120.775,128.095,113.455
2024-01-30,116.89,117.31,115.89,116.3,1056900,115.782,120.42,122.133,40.147,-1.836,-1.3,-0.536,120.42,127.891,112.949
2024-01-31,117.34,118.34,115.13,115.94,1607700,116.17,119.976,122.003,39.36,-1.86,-1.412,-0.448,119.976,127.402,112.55
2024-02-01,115.79,117.2,114.92,117.09,1148400,116.406,119.59,121.874,43.191,-1.766,-1.483,-0.283,119.59,126.754,112.425
2024-02-02,115.24,116.82,114.31,115.33,1201200,116.444,119.197,121.738,39.118,-1.812,-1.549,-0.264,119.197,126.393,112.001
2024-02-05,114.01,114.54,113.29,113.61,1205800,115.654,118.712,121.564,35.585,-1.965,-1.632,-0.333,118.712,126.049,111.376
2024-02-06,113.46,114.89,112.76,114.54,1375800,115.302,118.22,121.415,38.803,-1.988,-1.703,-0.285,118.22,125.271,111.17
2024-02-07,115.06,115.66,114.13,114.67,1372600,115.048,117.749,121.239,39.26,-1.974,-1.757,-0.216,117.749,124.393,111.105
2024-02-08,114.36,114.73,113.36,114.56,1269200,114.542,117.231,121.086,38.995,-1.948,-1.796,-0.153,117.231,123.09,111.372
2024-02-09,114.17,115.3,113.83,114.91,1231200,114.458,116.828,120.941,40.375,-1.878,-1.812,-0.066,116.828,122.105,111.551
2024-02-12,114.87,116.46,114.3,116.26,1301900,114.988,116.461,120.813,45.497,-1.695,-1.789,0.094,116.461,120.667,112.255
2024-02-13,114.46,115.05,111.88,112.63,1789700,114.606,115.996,120.6,36.434,-1.821,-1.795,-0.026,115.996,119.684,112.309
2024-02-14,112.84,113.75,112.12,113.29,1462600,114.33,115.658,120.375,38.82,-1.846,-1.805,-0.041,115.658,119.002,112.314
2024-02-15,115.02,116.92,113.41,116.84,1749500,114.786,115.618,120.222,49.748,-1.562,-1.757,0.195,115.618,118.881,112.355
2024-02-16,114.91,115.84,113.64,115.49,2007900,114.902,115.536,120.075,46.357,-1.429,-1.691,0.262,115.536,118.719,112.352
2024-02-20,114.8,115.88,113.3,113.93,2187500,114.436,115.302,119.873,42.732,-1.433,-1.639,0.206,115.302,118.212,112.392
2024-02-21,113.9,114.72,113.22,114.47,2828400,114.804,115.124,119.684,44.354,-1.377,-1.587,0.21,115.124,117.751,112.496
2024-02-22,114.18,114.42,110.78,112.54,2401400,114.654,115.051,119.478,39.994,-1.471,-1.564,0.093,115.051,117.882,112.219
2024-02-23,112.4,112.74,111.26,111.86,1672000,113.658,114.848,119.272,38.556,-1.582,-1.568,-0.015,114.848,117.984,111.712
2024-02-26,111.74,111.74,109.74,110.42,1944000,112.644,114.612,119.03,35.634,-1.766,-1.607,-0.159,114.612,118.314,110.91
2024-02-27,110.33,111.26,110.05,110.99,1464400,112.056,114.284,118.724,37.648,-1.845,-1.655,-0.19,114.284,118.05,110.517
2024-02-28,111.16,112.1,110.45,110.87,1443700,111.336,114.012,118.427,37.383,-1.895,-1.703,-0.192,114.012,117.946,110.078
2024-02-29,111.7,112.28,110.44,111.47,2159100,111.122,113.788,118.193,39.672,-1.865,-1.735,-0.13,113.788,117.769,109.808
2024-03-01,111.13,113.19,109.88,112.54,1789500,111.258,113.561,117.997,43.629,-1.735,-1.735,0.0,113.561,117.256,109.866
2024-03-04,111.81,114.61,111.74,114.44,1274000,112.062,113.516,117.806,49.911,-1.461,-1.68,0.219,113.516,117.143,109.89
2024-03-05,114.6,115.1,111.49,112.14,1479100,112.292,113.443,117.603,43.58,-1.414,-1.627,0.213,113.443,117.121,109.765
2024-03-06,112.98,113.7,112.24,113.13,1313700,112.744,113.372,117.407,46.713,-1.282,-1.558,0.276,113.372,117.016,109.729
2024-03-07,112.42,113.23,111.03,111.53,2097400,112.756,113.215,117.178,42.596,-1.291,-1.505,0.213,113.215,116.894,109.537
2024-03-08,112.77,112.84,110.81,111.37,2312700,112.522,113.056,116.932,42.195,-1.297,-1.463,0.166,113.056,116.765,109.347
2024-03-11,111.01,113.84,111.01,113.15,1574500,112.264,112.968,116.723,48.048,-1.144,-1.399,0.255,112.968,116.574,109.362
2024-03-12,112.4,113.52,111.17,112.07,1821000,112.25,112.758,116.478,45.066,-1.098,-1.339,0.241,112.758,116.031,109.486
2024-03-13,111.88,114.31,111.58,113.35,1293500,112.294,112.795,116.277,49.098,-0.947,-1.261,0.314,112.795,116.077,109.512
2024-03-14,112.95,113.45,110.45,111.41,1354800,112.27,112.7,116.008,43.846,-0.973,-1.203,0.23,112.7,116.03,109.371
2024-03-15,110.04,111.33,109.69,110.15,4764600,112.026,112.366,115.715,40.793,-1.082,-1.179,0.097,112.366,115.26,109.472
2024-03-18,110.16,111.16,109.43,110.23,1394500,111.442,112.103,115.456,41.074,-1.149,-1.173,0.024,112.103,114.747,109.459
2024-03-19,110.71,111.27,109.95,110.96,1061000,111.22,111.955,115.209,43.695,-1.131,-1.164,0.034,111.955,114.498,109.411
2024-03-20,110.73,111.11,109.74,111.04,1134200,110.758,111.783,114.942,43.989,-1.097,-1.151,0.054,111.783,114.061,109.505
2024-03-21,111.88,113.0,111.01,111.16,1026000,110.708,111.714,114.684,44.458,-1.048,-1.13,0.082,111.714,113.98,109.448
2024-03-22,111.95,111.95,110.34,110.72,906000,110.822,111.657,114.4,43.036,-1.033,-1.111,0.078,111.657,113.964,109.35
2024-03-25,110.85,111.42,110.01,110.15,1083000,110.806,111.643,114.143,41.198,-1.055,-1.1,0.045,111.643,113.984,109.303
2024-03-26,110.0,110.87,109.63,110.81,1739800,110.776,111.634,113.887,44.171,-1.007,-1.081,0.074,111.634,113.987,109.282
2024-03-27,111.47,114.46,110.93,114.25,1805100,111.418,111.804,113.734,56.513,-0.684,-1.002,0.317,111.804,114.398,109.209
2024-03-28,114.43,115.08,113.25,114.92,2004200,112.17,111.976,113.631,58.44,-0.37,-0.875,0.505,111.976,114.913,109.039
2024-04-01,115.13,115.19,112.41,113.12,913900,112.65,112.005,113.541,51.799,-0.263,-0.753,0.49,112.005,114.977,109.033
2024-04-02,112.94,114.22,111.73,112.42,1183100,113.104,111.904,113.446,49.446,-0.232,-0.649,0.417,111.904,114.657,109.151
2024-04-03,112.08,112.63,111.2,111.83,1101300,113.308,111.888,113.311,47.487,-0.252,-0.57,0.317,111.888,114.639,109.138
2024-04-04,112.93,113.74,112.14,113.2,1272600,113.098,111.892,113.214,52.219,-0.156,-0.487,0.331,111.892,114.649,109.135
2024-04-05,112.12,112.87,110.82,111.45,1109000,112.404,111.888,113.163,46.46,-0.218,-0.433,0.215,111.888,114.648,109.128
2024-04-08,111.75,113.27,111.56,112.86,1217000,112.352,111.962,113.102,51.136,-0.152,-0.377,0.225,111.962,114.744,109.181
2024-04-09,113.57,114.92,113.01,114.58,1492900,112.784,112.034,113.091,56.166,0.039,-0.294,0.332,112.034,115.01,109.058
2024-04-10,111.89,112.21,110.05,111.25,2354600,112.668,111.993,112.965,46.242,-0.078,-0.251,0.173,111.993,114.99,108.996
2024-04-11,112.1,112.46,109.92,110.79,1697300,112.186,111.865,112.855,45.058,-0.205,-0.242,0.036,111.865,114.836,108.894
2024-04-12,110.84,110.84,109.05,109.61,1072100,111.818,111.775,112.728,42.081,-0.397,-0.273,-0.124,111.775,114.909,108.641
2024-04-15,109.75,110.41,108.26,109.06,1862800,111.058,111.72,112.567,40.73,-0.586,-0.335,-0.251,111.72,115.008,108.433
2024-04-16,108.56,108.56,106.58,107.03,2331100,109.548,111.56,112.401,36.121,-0.89,-0.446,-0.443,111.56,115.416,107.705
2024-04-17,107.05,108.86,106.75,108.51,1902800,109.0,111.438,112.299,41.333,-0.999,-0.557,-0.443,111.438,115.522,107.354
2024-04-18,109.19,110.55,108.22,110.35,1399800,108.912,111.404,112.216,47.111,-0.927,-0.631,-0.296,111.404,115.514,107.293
2024-04-19,110.9,112.26,110.63,111.45,1874600,109.28,111.418,112.151,50.265,-0.772,-0.659,-0.113,111.418,115.526,107.31
2024-04-22,111.52,112.64,110.65,112.14,1247600,109.896,111.489,112.103,52.191,-0.587,-0.645,0.058,111.489,115.596,107.382
2024-04-23,112.19,113.36,111.92,112.72,1255500,111.034,111.618,112.059,53.81,-0.389,-0.593,0.205,111.618,115.709,107.526
2024-04-24,111.7,114.4,111.1,114.12,1297900,112.156,111.783,112.016,57.547,-0.118,-0.498,0.381,111.783,116.002,107.564
2024-04-25,114.13,115.07,112.77,114.3,1404200,112.946,111.786,112.05,58.017,0.111,-0.377,0.487,111.786,116.011,107.56
2024-04-26,114.43,114.92,113.55,113.57,1058500,113.37,111.718,112.055,55.34,0.23,-0.255,0.485,111.718,115.772,107.664
2024-04-29,114.47,115.26,114.41,114.98,1686000,113.938,111.811,112.018,59.251,0.433,-0.117,0.551,111.811,116.08,107.542
2024-04-30,114.26,115.75,113.77,115.02,1325100,114.398,111.941,112.009,59.36,0.591,0.024,0.567,111.941,116.441,107.441
2024-05-01,114.83,118.34,114.8,117.65,2712500,115.104,112.232,112.083,65.82,0.917,0.203,0.715,112.232,117.404,107.06
2024-05-02,116.35,118.56,115.1,118.43,2778800,115.93,112.494,112.162,67.471,1.225,0.407,0.818,112.494,118.355,106.632
2024-05-03,120.19,121.16,119.63,121.07,1735800,117.43,112.974,112.333,72.341,1.663,0.658,1.004,112.974,119.948,106.001
2024-05-06,121.88,122.61,120.56,122.48,1479500,118.93,113.456,112.545,74.535,2.099,0.947,1.153,113.456,121.621,105.29
2024-05-07,123.46,124.55,122.33,123.95,1597700,120.716,113.924,112.816,76.616,2.534,1.264,1.27,113.924,123.341,104.507
2024-05-08,123.56,125.06,123.37,124.94,1417900,122.174,114.608,113.095,77.925,2.925,1.596,1.329,114.608,125.132,104.085
2024-05-09,124.94,126.74,124.29,126.36,1308700,123.76,115.387,113.405,79.682,3.312,1.939,1.372,115.387,126.971,103.803
2024-05-10,126.78,127.61,126.39,127.41,1763600,125.028,116.277,113.723,80.893,3.661,2.284,1.377,116.277,128.697,103.857
2024-05-13,127.66,128.17,126.04,126.51,852500,125.834,117.15,114.003,76.675,3.82,2.591,1.229,117.15,129.883,104.416
2024-05-14,127.5,127.66,125.64,125.9,1060900,126.224,118.093,114.232,73.864,3.853,2.843,1.01,118.093,130.461,105.725
2024-05-15,127.43,127.77,125.85,126.48,1281700,126.532,118.992,114.519,74.809,3.881,3.051,0.83,118.992,131.034,106.949
2024-05-16,126.16,127.3,125.86,126.97,1248200,126.654,119.822,114.796,75.612,3.898,3.22,0.678,119.822,131.646,107.999
2024-05-17,126.85,126.85,125.91,126.49,924200,126.47,120.574,115.095,73.153,3.829,3.342,0.487,120.574,132.065,109.084
2024-05-20,126.53,126.7,125.27,126.31,914000,126.43,121.283,115.394,72.204,3.716,3.417,0.299,121.283,132.322,110.244
2024-05-21,126.33,127.08,125.6,127.06,716000,126.662,122.0,115.672,73.732,3.646,3.463,0.183,122.0,132.549,111.451
2024-05-22,126.82,127.28,125.92,126.48,1495400,126.662,122.618,115.96,70.504,3.503,3.471,0.032,122.618,132.659,112.577
2024-05-23,125.62,125.62,121.42,121.61,1031800,125.59,122.983,116.125,50.507,2.962,3.369,-0.407,122.983,132.252,113.715
2024-05-24,121.7,121.92,120.66,121.26,830800,124.544,123.368,116.322,49.422,2.477,3.191,-0.714,123.368,131.569,115.167
2024-05-28,121.09,121.96,119.17,119.38,1164600,123.158,123.588,116.507,43.96,1.919,2.936,-1.018,123.588,131.044,116.132
2024-05-29,118.23,118.48,116.96,117.37,987800,121.22,123.706,116.65,38.997,1.299,2.609,-1.31,123.706,130.65,116.761
2024-05-30,117.81,119.49,117.37,119.42,886800,119.808,123.794,116.819,45.727,0.962,2.279,-1.317,123.794,130.452,117.136
2024-05-31,119.98,123.82,119.75,123.66,3003100,120.218,124.056,117.071,56.432,1.026,2.029,-1.003,124.056,130.219,117.892
2024-06-03,124.0,125.04,122.95,123.66,1186000,120.698,124.185,117.321,56.432,1.064,1.836,-0.772,124.185,130.191,118.179
2024-06-04,123.66,125.92,123.16,125.6,1134800,121.942,124.341,117.619,60.56,1.236,1.716,-0.48,124.341,130.323,118.359
2024-06-05,125.41,125.41,123.99,124.52,861100,123.372,124.37,117.906,57.305,1.271,1.627,-0.356,124.37,130.349,118.39
2024-06-06,123.98,124.98,123.06,123.52,797800,124.192,124.299,118.16,54.39,1.204,1.542,-0.338,124.299,130.283,118.314
2024-06-07,122.25,122.52,121.19,121.28,1096100,123.716,124.044,118.301,48.445,0.959,1.426,-0.466,124.044,130.092,117.997
2024-06-10,121.04,121.85,120.41,121.57,1185300,123.298,123.753,118.434,49.219,0.779,1.296,-0.517,123.753,129.678,117.827
2024-06-11,120.59,121.87,120.19,120.97,1050500,122.372,123.475,118.591,47.626,0.582,1.153,-0.572,123.475,129.376,117.575
2024-06-12,123.47,123.77,121.09,121.17,846700,121.702,123.239,118.766,48.227,0.437,1.01,-0.574,123.239,129.11,117.368
2024-06-13,121.14,122.87,120.28,122.2,947200,121.438,123.025,118.973,51.327,0.4,0.888,-0.488,123.025,128.707,117.343
2024-06-14,121.43,122.64,120.51,122.27,953800,121.636,122.79,119.155,51.54,0.372,0.785,-0.413,122.79,128.166,117.414
2024-06-17,121.31,122.96,120.44,121.73,781900,121.668,122.552,119.36,49.737,0.303,0.688,-0.385,122.552,127.653,117.451
2024-06-18,121.22,123.55,121.17,123.38,1085200,122.15,122.405,119.571,54.925,0.377,0.626,-0.249,122.405,127.212,117.599
2024-06-20,123.41,123.88,122.42,123.18,1061600,122.552,122.212,119.743,54.195,0.415,0.584,-0.169,122.212,126.513,117.91
2024-06-21,123.2,124.53,122.42,123.45,1951000,122.802,122.06,119.987,55.064,0.461,0.559,-0.098,122.06,125.92,118.2
2024-06-24,123.72,126.1,123.59,125.0,802100,123.348,122.23,120.271,59.779,0.616,0.571,0.045,122.23,126.298,118.161
2024-06-25,125.11,125.16,122.2,122.34,777600,123.47,122.284,120.526,50.069,0.518,0.56,-0.042,122.284,126.326,118.241
2024-06-26,121.41,122.7,121.17,122.54,691100,123.302,122.441,120.795,50.717,0.451,0.538,-0.087,122.441,126.247,118.636
2024-06-27,122.27,122.43,121.03,122.25,662100,123.116,122.686,121.1,49.709,0.371,0.505,-0.134,122.686,125.655,119.716
2024-06-28,122.7,122.86,121.3,122.14,1201900,122.854,122.821,121.372,49.309,0.295,0.463,-0.168,122.821,125.383,120.26
2024-07-01,122.44,123.84,120.29,120.82,767300,122.018,122.68,121.582,44.662,0.126,0.396,-0.269,122.68,125.357,120.002
2024-07-02,121.12,122.75,120.86,121.48,665400,121.846,122.571,121.782,47.335,0.046,0.326,-0.28,122.571,125.258,119.883
2024-07-03,121.61,122.82,120.9,121.01,402700,121.54,122.341,121.96,45.644,-0.055,0.249,-0.305,122.341,124.703,119.979
2024-07-05,121.64,123.11,120.3,122.95,713900,121.68,122.262,122.164,53.091,0.021,0.204,-0.183,122.262,124.415,120.11
2024-07-08,123.27,123.7,122.62,122.86,874600,121.824,122.229,122.339,52.73,0.073,0.178,-0.105,122.229,124.32,120.139
2024-07-09,122.5,124.17,121.87,123.62,698200,122.384,122.347,122.525,55.482,0.174,0.177,-0.003,122.347,124.475,120.218
2024-07-10,124.11,125.25,123.75,125.04,682000,123.096,122.52,122.755,60.151,0.364,0.214,0.15,122.52,124.929,120.111
2024-07-11,126.21,129.76,126.0,128.82,1251000,124.658,122.912,123.032,69.362,0.81,0.333,0.477,122.912,126.519,119.306
2024-07-12,129.51,133.1,129.32,131.52,1207400,126.372,123.43,123.362,73.987,1.366,0.54,0.826,123.43,128.61,118.25
2024-07-15,130.74,131.03,128.83,128.92,794700,127.584,123.766,123.587,63.972,1.579,0.748,0.831,123.766,129.457,118.075
2024-07-16,129.79,131.65,129.39,131.52,670100,129.164,124.228,123.849,68.556,1.935,0.985,0.95,124.228,130.837,117.62
2024-07-17,131.99,135.66,131.52,134.78,1190600,131.112,124.881,124.123,73.166,2.452,1.278,1.173,124.881,132.881,116.881
2024-07-18,134.04,136.42,132.88,133.67,835200,132.082,125.396,124.347,69.433,2.74,1.571,1.169,125.396,134.266,116.525
2024-07-19,133.81,134.39,132.74,133.49,855900,132.476,125.911,124.538,68.82,2.92,1.841,1.08,125.911,135.415,116.407
2024-07-22,133.25,134.52,132.91,134.09,545900,133.51,126.443,124.721,69.778,3.076,2.088,0.989,126.443,136.539,116.347
2024-07-23,133.62,134.1,132.62,132.86,573600,133.778,126.836,124.851,65.345,3.065,2.283,0.782,126.836,137.301,116.371
2024-07-24,133.44,135.62,133.09,134.66,987000,133.754,127.452,124.996,68.499,3.165,2.46,0.706,127.452,138.248,116.656
2024-07-25,135.23,136.46,131.73,132.49,1009100,133.518,127.949,125.115,61.261,3.035,2.575,0.46,127.949,138.709,117.19
2024-07-26,133.42,134.61,132.74,134.01,645000,133.622,128.538,125.277,64.121,3.019,2.664,0.355,128.538,139.271,117.804
2024-07-29,134.27,134.28,132.3,133.68,748300,133.54,129.114,125.421,63.033,2.946,2.72,0.226,129.114,139.639,118.59
2024-07-30,133.74,136.1,133.74,135.86,848200,134.14,129.866,125.599,67.015,3.029,2.782,0.247,129.866,140.039,119.694
2024-07-31,133.98,135.22,133.67,134.62,1124000,134.132,130.523,125.762,62.867,2.96,2.817,0.143,130.523,140.095,120.952
2024-08-01,135.22,137.56,134.41,136.65,1109100,134.964,131.306,125.969,66.52,3.035,2.861,0.174,131.306,140.13,122.481
2024-08-02,139.09,140.11,136.2,139.34,1210500,136.03,132.125,126.214,70.642,3.274,2.943,0.33,132.125,140.724,123.526
2024-08-05,140.89,140.9,134.95,134.96,1299200,136.286,132.73,126.384,58.099,3.074,2.97,0.104,132.73,140.215,125.245
2024-08-06,136.32,137.74,135.18,135.8,1132200,136.274,133.339,126.668,59.582,2.949,2.965,-0.016,133.339,139.582,127.096
2024-08-07,136.07,138.44,135.82,135.98,797400,136.546,133.886,126.962,59.909,2.832,2.939,-0.107,133.886,138.854,128.918
2024-08-08,135.64,138.62,135.38,136.85,1188200,136.586,134.288,127.311,61.53,2.778,2.907,-0.129,134.288,138.81,129.765
2024-08-09,136.98,137.13,132.65,134.55,1057100,135.628,134.439,127.655,55.177,2.52,2.829,-0.309,134.439,138.77,130.108
2024-08-12,134.39,135.02,133.42,134.81,676700,135.598,134.734,127.963,55.734,2.31,2.725,-0.415,134.734,138.199,131.268
2024-08-13,135.45,135.69,134.26,134.43,873200,135.324,134.879,128.178,54.666,2.089,2.598,-0.509,134.879,138.004,131.754
2024-08-14,134.06,135.77,133.27,134.69,562400,135.066,134.874,128.399,55.297,1.913,2.461,-0.548,134.874,138.0,131.749
2024-08-15,134.33,135.96,133.67,135.04,883700,134.704,134.943,128.588,56.181,1.781,2.325,-0.544,134.943,138.017,131.869
2024-08-16,135.17,135.67,133.72,134.04,643700,134.602,134.971,128.778,52.957,1.577,2.175,-0.598,134.971,137.999,131.942
2024-08-19,134.22,135.07,134.12,134.6,457900,134.56,134.996,129.0,54.531,1.444,2.029,-0.585,134.996,138.002,131.99
2024-08-20,134.75,135.11,134.01,134.31,520600,134.536,135.068,129.26,53.532,1.301,1.883,-0.583,135.068,137.924,132.213
2024-08-21,134.14,134.43,133.14,133.84,632900,134.366,135.028,129.506,51.874,1.136,1.734,-0.598,135.028,137.931,132.124
2024-08-22,133.74,134.2,132.05,133.13,771800,133.984,135.06,129.749,49.385,0.937,1.575,-0.637,135.06,137.857,132.262
2024-08-23,133.51,134.2,132.68,133.51,521400,133.878,135.034,129.996,50.747,0.801,1.42,-0.619,135.034,137.88,132.189
2024-08-26,134.25,135.25,133.59,134.11,418800,133.78,135.056,130.234,52.902,0.733,1.283,-0.549,135.056,137.865,132.247
2024-08-27,133.59,134.74,132.81,133.27,553100,133.572,134.926,130.454,49.629,0.605,1.147,-0.542,134.926,137.817,132.036
2024-08-28,133.9,136.28,132.93,134.79,983100,133.762,134.935,130.715,55.049,0.618,1.041,-0.423,134.935,137.823,132.047
2024-08-29,134.87,135.4,133.8,134.84,811200,134.104,134.844,130.944,55.22,0.626,0.958,-0.332,134.844,137.617,132.072
2024-08-30,135.19,136.44,134.11,136.07,1833500,134.616,134.681,131.202,59.313,0.723,0.911,-0.188,134.681,136.588,132.774
2024-09-03,135.82,138.09,135.5,136.42,914400,135.078,134.754,131.461,60.422,0.819,0.893,-0.074,134.754,136.812,132.696
2024-09-04,136.74,138.54,135.95,137.05,832600,135.834,134.816,131.702,62.408,0.935,0.901,0.033,134.816,137.074,132.559
2024-09-05,137.94,138.23,136.87,137.39,702500,136.354,134.887,132.003,63.473,1.042,0.929,0.113,134.887,137.374,132.4
2024-09-06,137.77,138.39,136.49,136.85,871900,136.756,134.887,132.29,60.539,1.071,0.958,0.113,134.887,137.374,132.4
2024-09-09,136.96,138.87,136.55,138.82,837700,137.306,135.1,132.621,66.604,1.239,1.014,0.225,135.1,138.138,132.063
2024-09-10,139.22,141.24,138.67,140.9,958100,138.202,135.405,132.996,71.571,1.522,1.115,0.406,135.405,139.392,131.418
2024-09-11,140.47,140.69,137.62,139.8,1052700,138.752,135.674,133.376,65.981,1.639,1.22,0.419,135.674,140.085,131.262
2024-09-12,139.66,140.46,138.31,139.89,706800,139.252,135.933,133.744,66.214,1.719,1.32,0.399,135.933,140.7,131.167
2024-09-13,140.27,140.89,139.38,140.84,738100,140.05,136.224,134.141,68.65,1.838,1.423,0.414,136.224,141.445,131.002
2024-09-16,141.61,142.4,141.21,141.75,714200,140.636,136.609,134.517,70.82,1.982,1.535,0.447,136.609,142.271,130.947
2024-09-17,141.75,143.26,141.5,142.52,1028000,140.96,137.005,134.91,72.551,2.135,1.655,0.48,137.005,143.162,130.848
2024-09-18,142.12,142.77,140.82,141.61,1183200,141.322,137.37,135.27,67.457,2.157,1.755,0.402,137.37,143.717,131.023
2024-09-19,140.92,141.93,139.9,141.74,1190600,141.692,137.765,135.604,67.805,2.16,1.836,0.324,137.765,144.17,131.36
2024-09-20,141.74,141.79,138.56,139.98,3350400,141.52,138.108,135.827,58.664,1.998,1.869,0.129,138.108,144.193,132.022
2024-09-23,140.61,141.76,139.9,140.28,814900,141.226,138.446,136.002,59.662,1.872,1.869,0.003,138.446,144.199,132.693
2024-09-24,139.27,140.7,137.73,137.9,1838800,140.302,138.636,136.182,49.458,1.562,1.808,-0.246,138.636,144.026,133.245
2024-09-25,138.53,138.82,136.33,137.02,1082300,139.384,138.823,136.292,46.305,1.231,1.693,-0.461,138.823,143.66,133.986
2024-09-26,136.21,137.07,135.55,136.13,938600,138.262,138.89,136.319,43.298,0.887,1.531,-0.645,138.89,143.524,134.256
2024-09-27,137.24,138.48,137.04,137.79,796600,137.824,139.038,136.401,49.841,0.739,1.373,-0.634,139.038,143.302,134.773
2024-09-30,138.09,139.08,136.47,139.04,1791100,137.576,139.186,136.512,54.132,0.715,1.241,-0.526,139.186,143.216,135.156
2024-10-01,139.26,139.96,138.02,138.5,1003900,137.696,139.29,136.6,52.06,0.645,1.122,-0.477,139.29,143.122,135.458
2024-10-02,137.48,139.74,137.17,138.91,1324500,138.074,139.383,136.721,53.515,0.615,1.021,-0.405,139.383,143.074,135.692
2024-10-03,138.7,139.05,137.38,137.56,847400,138.36,139.392,136.779,48.315,0.478,0.912,-0.435,139.392,143.064,135.719
2024-10-04,136.28,137.04,134.73,135.55,853600,137.912,139.326,136.84,41.802,0.204,0.77,-0.567,139.326,143.227,135.426
2024-10-07,135.06,135.06,129.02,130.24,1689100,136.152,138.897,136.765,30.215,-0.437,0.529,-0.966,138.897,144.534,133.261
2024-10-08,130.95,131.61,130.43,130.62,918700,134.576,138.384,136.704,31.674,-0.903,0.243,-1.146,138.384,145.034,131.733
2024-10-09,130.15,131.01,128.83,129.47,857900,132.688,137.867,136.576,29.653,-1.35,-0.076,-1.274,137.867,145.575,130.159
2024-10-10,127.02,130.05,127.02,129.51,876300,131.078,137.348,136.474,29.821,-1.682,-0.397,-1.285,137.348,145.841,128.855
2024-10-11,130.25,132.15,129.93,132.03,689300,130.374,136.908,136.381,39.594,-1.721,-0.662,-1.059,136.908,145.55,128.265
2024-10-14,132.38,133.79,132.14,133.46,597700,131.018,136.493,136.264,44.332,-1.619,-0.853,-0.765,136.493,144.951,128.035
2024-10-15,133.49,135.65,133.41,134.25,833600,131.744,136.08,136.25,46.814,-1.457,-0.974,-0.483,136.08,144.094,128.065
2024-10-16,134.35,135.81,134.32,135.56,651600,132.962,135.777,136.245,50.736,-1.209,-1.021,-0.188,135.777,143.357,128.197
2024-10-17,135.27,135.48,133.33,133.86,585700,133.832,135.383,136.202,45.996,-1.136,-1.044,-0.092,135.383,142.461,128.305
2024-10-18,134.07,135.2,132.24,134.97,818500,134.42,135.132,136.165,49.325,-0.978,-1.031,0.053,135.132,141.872,128.393
2024-10-21,134.95,135.76,133.77,134.1,564900,134.548,134.824,136.156,46.885,-0.912,-1.007,0.095,134.824,141.121,128.526
2024-10-22,132.73,134.05,132.09,133.82,888700,134.462,134.62,136.136,46.095,-0.873,-0.98,0.107,134.62,140.76,128.479
2024-10-23,134.29,135.65,134.12,135.12,1290000,134.374,134.524,136.15,50.285,-0.728,-0.93,0.202,134.524,140.567,128.482
2024-10-24,135.38,135.93,132.86,132.92,712500,134.186,134.364,136.114,44.046,-0.782,-0.9,0.118,134.364,140.397,128.331
2024-10-25,133.35,133.35,130.8,130.88,592200,133.368,134.019,136.031,39.19,-0.978,-0.916,-0.062,134.019,140.017,128.02
2024-10-28,132.05,133.01,131.38,131.96,564800,132.94,133.664,135.99,42.786,-1.034,-0.94,-0.095,133.664,139.235,128.094
2024-10-29,130.75,131.33,129.07,129.11,1054600,131.998,133.195,135.88,36.63,-1.294,-1.011,-0.284,133.195,138.631,127.759
2024-10-30,129.54,130.17,128.86,129.01,1329800,130.776,132.7,135.774,36.432,-1.491,-1.107,-0.384,132.7,137.733,127.667
2024-10-31,131.05,133.1,128.35,131.31,1544600,130.454,132.388,135.723,43.94,-1.444,-1.174,-0.27,132.388,136.899,127.876
2024-11-01,131.54,132.05,129.27,129.3,1044400,130.138,132.075,135.647,39.545,-1.552,-1.25,-0.302,132.075,136.53,127.62
2024-11-04,129.73,129.74,127.4,128.64,1569000,129.474,131.995,135.549,38.193,-1.671,-1.334,-0.337,131.995,136.642,127.348
2024-11-05,128.98,130.38,127.92,130.36,911400,129.724,131.982,135.474,43.602,-1.608,-1.389,-0.219,131.982,136.646,127.318
2024-11-06,127.15,128.93,125.03,127.0,2141200,129.322,131.858,135.349,36.823,-1.809,-1.473,-0.336,131.858,136.917,126.8
2024-11-07,127.21,128.0,126.16,126.3,1260100,128.32,131.698,135.179,35.582,-2.001,-1.578,-0.423,131.698,137.25,126.146
2024-11-08,127.16,129.62,126.93,129.39,1076000,128.338,131.566,135.07,44.478,-1.882,-1.639,-0.243,131.566,137.209,125.923
2024-11-11,128.65,129.82,127.88,128.13,926800,128.236,131.3,134.911,41.935,-1.869,-1.685,-0.183,131.3,137.068,125.531
2024-11-12,128.0,128.0,126.44,126.63,932800,127.49,130.918,134.715,39.071,-1.956,-1.739,-0.217,130.918,136.87,124.967
2024-11-13,127.53,128.1,125.98,126.64,1260300,127.418,130.472,134.507,39.101,-2.001,-1.792,-0.21,130.472,136.295,124.65
2024-11-14,127.07,127.57,126.11,126.24,980600,127.406,130.092,134.284,38.292,-2.046,-1.843,-0.204,130.092,135.978,124.205
2024-11-15,126.44,128.49,125.98,128.35,1590400,127.198,129.761,134.114,44.778,-1.89,-1.852,-0.038,129.761,135.221,124.3
2024-11-18,127.62,130.89,127.35,130.68,1372300,127.708,129.589,133.951,50.914,-1.559,-1.793,0.234,129.589,134.68,124.499
2024-11-19,131.99,132.34,130.22,132.15,1585000,128.812,129.506,133.776,54.359,-1.166,-1.668,0.502,129.506,134.353,124.659
2024-11-20,132.56,133.07,131.57,131.85,1096500,129.854,129.342,133.617,53.533,-0.868,-1.508,0.64,129.342,133.573,125.112
2024-11-21,132.36,132.99,130.71,132.71,953000,131.148,129.332,133.474,55.615,-0.556,-1.318,0.761,129.332,133.526,125.138
2024-11-22,132.9,133.59,131.03,131.29,1207700,131.736,129.352,133.283,51.511,-0.419,-1.138,0.719,129.352,133.583,125.122
2024-11-25,132.2,133.26,130.4,130.75,4339200,131.75,129.292,133.063,50.001,-0.35,-0.98,0.631,129.292,133.398,125.186
2024-11-26,130.77,131.63,129.18,131.56,1332800,131.632,129.414,132.844,52.262,-0.227,-0.829,0.603,129.414,133.642,125.187
2024-11-27,132.3,133.38,131.88,132.25,746600,131.712,129.576,132.656,54.164,-0.073,-0.678,0.605,129.576,133.983,125.17
2024-11-29,131.69,132.51,130.78,130.94,593800,131.358,129.558,132.44,50.084,-0.056,-0.554,0.498,129.558,133.937,125.179
2024-12-02,131.43,131.5,129.11,129.66,1000000,131.032,129.576,132.234,46.406,-0.144,-0.472,0.328,129.576,133.954,125.198
2024-12-03,130.18,130.82,128.21,128.22,1455800,130.526,129.555,131.993,42.614,-0.326,-0.443,0.116,129.555,133.955,125.155
2024-12-04,128.12,128.44,124.7,125.27,1876600,129.268,129.3,131.74,36.105,-0.701,-0.494,-0.207,129.3,134.078,124.523
2024-12-05,125.46,126.74,124.48,126.31,1050100,128.08,129.266,131.526,39.607,-0.903,-0.576,-0.327,129.266,134.122,124.41
2024-12-06,126.05,126.96,125.36,126.57,1308000,127.206,129.28,131.335,40.485,-1.031,-0.667,-0.364,129.28,134.102,124.457
2024-12-09,126.19,126.99,124.82,124.99,1229400,126.272,129.059,131.079,36.967,-1.245,-0.783,-0.462,129.059,134.249,123.87
2024-12-10,124.99,126.02,123.12,125.24,838100,125.676,128.915,130.803,37.887,-1.379,-0.902,-0.477,128.915,134.367,123.463
2024-12-11,125.1,125.82,124.31,124.63,822500,125.548,128.815,130.525,36.488,-1.517,-1.025,-0.492,128.815,134.512,123.118
2024-12-12,124.68,126.04,123.93,124.83,739200,125.252,128.724,130.244,37.305,-1.591,-1.138,-0.453,128.724,134.621,122.828
2024-12-13,124.52,124.81,123.66,123.91,747800,124.72,128.608,129.971,35.07,-1.705,-1.251,-0.453,128.608,134.796,122.42
2024-12-16,123.8,125.2,123.08,123.26,856400,124.374,128.354,129.725,33.54,-1.827,-1.366,-0.46,128.354,134.989,121.718
2024-12-17,122.64,125.42,122.58,123.52,1114100,124.03,127.996,129.591,34.766,-1.88,-1.469,-0.411,127.996,134.87,121.121
2024-12-18,122.57,123.12,118.95,118.98,1750000,122.9,127.337,129.358,25.814,-2.263,-1.628,-0.635,127.337,135.013,119.661
2024-12-19,118.45,119.95,118.4,118.4,1368600,121.614,126.664,129.136,24.931,-2.583,-1.819,-0.764,126.664,135.003,118.326
2024-12-20,117.33,120.78,117.33,120.4,3327600,120.912,126.049,128.954,33.393,-2.645,-1.984,-0.661,126.049,134.326,117.772
2024-12-23,119.81,120.52,118.76,120.46,956200,120.352,125.508,128.723,33.635,-2.659,-2.119,-0.54,125.508,133.758,117.257
2024-12-24,119.74,120.71,119.26,120.22,470100,119.692,124.981,128.458,33.117,-2.659,-2.227,-0.431,124.981,133.166,116.796
2024-12-26,119.68,121.05,119.34,120.63,643700,120.022,124.434,128.186,34.959,-2.595,-2.301,-0.294,124.434,132.22,116.649
2024-12-27,120.03,121.02,119.28,119.8,703800,120.302,123.812,127.87,32.979,-2.582,-2.357,-0.225,123.812,130.929,116.695
2024-12-30,119.09,119.41,118.0,118.8,793200,119.982,123.205,127.569,30.722,-2.622,-2.41,-0.212,123.205,129.815,116.595
2024-12-31,119.07,119.66,118.42,119.04,1016000,119.698,122.674,127.251,31.926,-2.605,-2.449,-0.156,122.674,128.788,116.56
2025-01-02,120.11,120.26,118.26,118.43,719100,119.34,122.184,126.937,30.476,-2.61,-2.481,-0.129,122.184,127.989,116.38
2025-01-03,118.62,119.64,118.23,118.35,728500,118.884,121.838,126.628,30.282,-2.591,-2.503,-0.088,121.838,127.693,115.984
2025-01-06,117.55,117.65,115.45,116.63,1044300,118.25,121.354,126.258,26.387,-2.683,-2.539,-0.144,121.354,127.253,115.456
2025-01-07,116.97,117.84,115.91,116.3,759100,117.75,120.841,125.926,25.704,-2.752,-2.582,-0.17,120.841,126.615,115.067
2025-01-08,115.59,117.33,114.47,117.24,972700,117.39,120.454,125.653,31.17,-2.699,-2.605,-0.094,120.454,126.093,114.814
2025-01-10,116.42,117.45,115.62,115.81,1309000,116.866,119.982,125.33,27.817,-2.741,-2.632,-0.108,119.982,125.513,114.451
2025-01-13,116.05,116.53,113.54,115.71,1548100,116.338,119.536,125.062,27.594,-2.75,-2.656,-0.094,119.536,124.925,114.147
2025-01-14,115.84,117.36,115.74,117.15,773300,116.442,119.152,124.825,35.616,-2.612,-2.647,0.035,119.152,124.022,114.282
2025-01-15,119.14,119.55,117.29,118.12,1278900,116.806,118.862,124.561,40.406,-2.396,-2.597,0.201,118.862,123.201,114.524
2025-01-16,117.84,120.86,117.42,120.82,970600,117.522,118.74,124.391,51.273,-1.984,-2.474,0.49,118.74,122.677,114.804
2025-01-17,120.55,121.86,120.33,121.05,1003200,118.57,118.617,124.239,52.075,-1.62,-2.303,0.683,118.617,122.045,115.189
2025-01-21,121.61,122.77,120.48,120.8,1036100,119.588,118.708,124.048,51.091,-1.337,-2.11,0.773,118.708,122.27,115.146
2025-01-22,120.44,121.24,116.18,116.35,1289400,119.428,118.606,123.835,37.506,-1.455,-1.979,0.524,118.606,122.32,114.891
2025-01-23,116.36,116.56,115.35,116.47,1202000,119.098,118.409,123.639,37.985,-1.521,-1.887,0.367,118.409,122.139,114.679
2025-01-24,116.18,117.07,115.99,116.3,786300,118.194,118.201,123.377,37.546,-1.569,-1.824,0.255,118.201,121.914,114.488
2025-01-27,117.34,124.51,117.22,124.26,2271400,118.836,118.403,123.299,60.539,-0.954,-1.65,0.696,118.403,122.929,113.877
2025-01-28,122.54,123.15,120.19,120.8,1417900,118.836,118.412,123.183,51.639,-0.737,-1.467,0.73,118.412,122.956,113.867
2025-01-29,121.0,121.48,118.06,118.81,890500,119.328,118.362,123.026,47.33,-0.717,-1.317,0.6,118.362,122.864,113.86
2025-01-30,119.66,120.47,117.51,118.24,1646100,119.682,118.334,122.866,46.142,-0.739,-1.202,0.462,118.334,122.831,113.837
2025-01-31,118.24,119.49,117.93,119.18,1073000,120.258,118.341,122.683,48.44,-0.673,-1.096,0.423,118.341,122.843,113.839
2025-02-03,118.89,120.91,118.09,120.25,1112000,119.456,118.432,122.474,51.003,-0.528,-0.982,0.454,118.432,123.015,113.849
2025-02-04,119.28,119.45,117.86,118.42,1353400,118.98,118.436,122.2,46.725,-0.554,-0.897,0.342,118.436,123.018,113.853
2025-02-05,119.27,119.52,117.71,118.19,889700,118.856,118.514,121.926,46.201,-0.587,-0.835,0.248,118.514,123.019,114.008
2025-02-06,118.37,118.78,117.67,118.55,794600,118.918,118.626,121.643,47.2,-0.577,-0.783,0.206,118.626,123.01,114.242
2025-02-07,118.16,118.79,117.28,117.85,776200,118.652,118.657,121.374,45.433,-0.619,-0.75,0.131,118.657,123.008,114.305
2025-02-10,117.86,118.68,116.8,118.45,828700,118.292,118.788,121.128,47.255,-0.597,-0.72,0.123,118.788,122.931,114.646
2025-02-11,117.84,120.51,117.56,120.34,1230700,118.676,119.02,120.904,52.623,-0.422,-0.66,0.238,119.02,122.951,115.089
2025-02-12,118.98,120.57,118.31,120.28,1541100,119.094,119.176,120.665,52.44,-0.285,-0.585,0.3,119.176,123.042,115.311
2025-02-13,120.12,122.1,119.76,122.06,3304500,119.796,119.374,120.487,57.183,-0.032,-0.474,0.443,119.374,123.41,115.337
2025-02-14,122.19,122.63,120.3,120.9,1698800,120.406,119.377,120.312,53.443,0.074,-0.365,0.439,119.377,123.421,115.334
2025-02-18,120.13,122.66,119.75,122.35,1345700,121.186,119.442,120.194,57.21,0.272,-0.237,0.509,119.442,123.638,115.247
2025-02-19,121.92,123.34,121.67,123.02,1805700,121.722,119.553,120.149,58.867,0.477,-0.095,0.572,119.553,124.009,115.098
2025-02-20,125.08,126.82,121.81,123.8,1831500,122.426,119.926,120.099,60.771,0.695,0.063,0.631,119.926,124.498,115.354
2025-02-21,123.34,128.75,123.32,127.65,2116800,123.544,120.485,120.121,68.517,1.164,0.283,0.881,120.485,125.929,115.041
2025-02-24,127.82,130.07,125.62,128.53,1789000,125.07,121.096,120.192,69.976,1.589,0.545,1.045,121.096,127.261,114.932
2025-02-25,129.1,133.48,128.01,132.05,2203900,127.01,121.486,120.328,74.973,2.185,0.873,1.312,121.486,129.265,113.707
2025-02-26,131.33,132.63,128.92,129.94,1188400,128.394,121.943,120.434,67.699,2.458,1.19,1.268,121.943,130.579,113.307
2025-02-27,128.38,131.02,128.13,128.94,1179900,129.422,122.45,120.516,64.505,2.565,1.465,1.1,122.45,131.491,113.408
2025-02-28,130.9,132.35,129.46,130.82,2340000,130.056,123.078,120.654,67.6,2.769,1.726,1.043,123.078,132.623,113.534
2025-03-03,130.07,134.35,129.98,134.28,1192600,131.206,123.834,120.875,72.374,3.173,2.015,1.158,123.834,134.412,113.255
2025-03-04,134.38,136.72,133.45,133.93,2385800,131.582,124.518,121.083,71.231,3.426,2.297,1.129,124.518,135.862,113.173
2025-03-05,132.94,134.99,132.06,132.6,1468600,132.114,125.226,121.355,66.905,3.479,2.534,0.945,125.226,136.738,113.715
2025-03-06,133.03,133.68,130.13,132.95,1441600,132.916,125.964,121.646,67.465,3.509,2.729,0.78,125.964,137.469,114.46
2025-03-07,133.55,140.46,133.36,139.89,2702900,134.73,127.032,122.036,76.1,4.045,2.992,1.054,127.032,139.554,114.509
2025-03-10,140.64,146.31,140.27,143.65,3047400,136.604,128.321,122.5,79.305,4.72,3.338,1.382,128.321,142.113,114.53
2025-03-11,143.15,143.39,137.83,138.0,1772200,137.418,129.299,122.856,65.165,4.744,3.619,1.125,129.299,142.914,115.684
2025-03-12,136.03,137.32,133.66,135.52,1919300,138.002,130.058,123.153,60.1,4.511,3.797,0.714,130.058,143.257,116.859
2025-03-13,136.1,138.14,134.76,137.14,1598800,138.84,130.901,123.5,62.168,4.406,3.919,0.487,130.901,143.615,118.187
2025-03-14,136.73,139.24,136.35,138.85,1386800,138.632,131.74,123.901,64.274,4.41,4.017,0.393,131.74,144.211,119.27
2025-03-17,138.94,141.21,137.59,139.33,1645900,137.768,132.662,124.307,64.865,4.401,4.094,0.307,132.662,144.466,120.858
2025-03-18,139.29,140.14,138.02,139.27,1182200,138.022,133.508,124.724,64.721,4.339,4.143,0.196,133.508,144.604,122.412
2025-03-19,138.55,138.77,135.85,136.67,1548500,138.252,134.19,125.09,58.639,4.034,4.121,-0.087,134.19,144.196,124.185
2025-03-20,137.11,137.41,135.43,136.44,1387300,138.112,134.822,125.486,58.119,3.731,4.043,-0.313,134.822,143.584,126.061
2025-03-21,136.46,138.31,134.68,135.78,2607200,137.498,135.229,125.876,56.568,3.398,3.914,-0.516,135.229,143.318,127.14
2025-03-24,134.88,136.66,134.13,134.41,1093100,136.514,135.523,126.219,53.383,2.989,3.729,-0.74,135.523,142.99,128.056
2025-03-25,134.31,135.16,131.75,133.89,1729400,135.438,135.615,126.581,52.182,2.593,3.502,-0.909,135.615,142.946,128.284
2025-03-26,134.05,136.3,134.0,135.78,1329800,135.26,135.907,126.982,56.052,2.404,3.282,-0.878,135.907,142.734,129.08
2025-03-27,136.39,138.74,136.05,137.64,1346400,135.5,136.342,127.392,59.523,2.377,3.101,-0.724,136.342,142.361,130.323
2025-03-28,139.1,141.73,138.72,140.7,1596800,136.484,136.836,127.844,64.493,2.573,2.995,-0.423,136.836,142.562,131.11
2025-03-31,141.85,144.31,141.3,141.93,1863700,137.988,137.218,128.266,66.284,2.795,2.955,-0.16,137.218,143.24,131.197
2025-04-01,141.28,142.13,140.32,141.43,1186400,139.496,137.594,128.674,64.852,2.897,2.944,-0.046,137.594,143.686,131.501
2025-04-02,141.63,141.91,139.94,140.65,982400,140.47,137.996,129.071,62.579,2.882,2.931,-0.049,137.996,143.754,132.238
2025-04-03,143.28,148.22,143.11,146.2,2764800,142.182,138.658,129.668,70.5,3.28,3.001,0.279,138.658,144.992,132.325
2025-04-04,149.13,149.61,140.72,141.65,3275400,142.372,138.746,130.171,59.4,3.192,3.039,0.153,138.746,145.2,132.293
2025-04-07,139.57,141.95,136.59,136.97,3007700,141.38,138.412,130.585,50.579,2.713,2.974,-0.261,138.412,144.477,132.348
2025-04-08,138.92,138.92,133.93,135.53,2723900,140.2,138.289,130.81,48.206,2.192,2.818,-0.626,138.289,144.488,132.09
2025-04-09,134.25,139.82,132.21,133.74,2990700,138.818,138.2,131.069,45.359,1.616,2.577,-0.961,138.2,144.614,131.786
2025-04-10,134.02,139.11,133.24,137.73,1984500,137.124,138.23,131.447,52.145,1.464,2.355,-0.89,138.23,144.628,131.831
2025-04-11,137.81,141.23,136.68,140.56,1549000,136.906,138.315,131.894,56.292,1.555,2.195,-0.64,138.315,144.794,131.836
2025-04-14,139.82,143.78,139.82,143.19,1091100,138.15,138.508,132.374,59.779,1.818,2.119,-0.302,138.508,145.335,131.681
2025-04-15,143.99,143.99,141.16,141.32,1471300,139.308,138.61,132.795,56.337,1.854,2.066,-0.212,138.61,145.546,131.675
2025-04-16,142.6,142.89,140.62,140.86,1124600,140.732,138.82,133.244,55.491,1.824,2.018,-0.194,138.82,145.762,131.878
2025-04-17,141.02,143.89,140.5,142.78,946100,141.742,139.137,133.736,58.307,1.934,2.001,-0.067,139.137,146.199,132.075
2025-04-21,142.39,143.33,140.31,141.56,838200,141.942,139.426,134.196,55.887,1.9,1.981,-0.081,139.426,146.382,132.47
2025-04-22,142.67,144.08,141.58,143.61,1071400,142.026,139.886,134.711,58.968,2.015,1.988,0.028,139.886,146.66,133.112
2025-04-23,142.07,142.19,139.1,141.6,1510800,142.082,140.272,135.174,54.918,1.922,1.975,-0.052,140.272,146.461,134.082
2025-04-24,141.77,141.77,139.69,140.51,1209500,142.012,140.508,135.578,52.8,1.741,1.928,-0.187,140.508,146.325,134.691
2025-04-25,139.41,139.82,136.54,138.52,1342100,141.16,140.552,135.942,49.078,1.42,1.826,-0.406,140.552,146.291,134.813
2025-04-28,138.32,139.66,136.92,138.81,1409000,140.61,140.458,136.277,49.636,1.175,1.696,-0.521,140.458,146.248,134.667
2025-04-29,138.79,140.78,138.32,140.34,1205500,139.956,140.378,136.666,52.583,1.093,1.575,-0.483,140.378,146.127,134.629
2025-04-30,141.42,141.88,138.8,141.44,1421200,139.924,140.378,137.048,54.638,1.103,1.481,-0.378,140.378,146.128,134.629
2025-05-01,139.51,141.97,138.93,140.88,1255500,139.998,140.39,137.405,53.37,1.054,1.395,-0.342,140.39,146.142,134.638
2025-05-02,141.86,142.09,139.88,141.54,1115900,140.602,140.157,137.76,54.705,1.056,1.328,-0.272,140.157,145.259,135.055
2025-05-05,142.23,142.93,140.35,142.54,841800,141.348,140.202,138.058,56.725,1.125,1.287,-0.162,140.202,145.374,135.029
2025-05-06,142.71,144.81,142.54,143.55,1124200,141.99,140.531,138.358,58.728,1.248,1.279,-0.032,140.531,145.674,135.387
2025-05-07,143.41,144.6,142.44,142.47,1041100,142.196,140.878,138.567,55.757,1.243,1.272,-0.029,140.878,145.512,136.243
2025-05-08,142.1,142.71,139.63,139.89,1182400,141.998,141.185,138.766,49.335,1.019,1.221,-0.202,141.185,144.435,137.935
2025-05-09,139.9,141.51,139.0,141.37,724600,141.964,141.367,139.014,52.7,0.95,1.167,-0.217,141.367,144.18,138.554
2025-05-12,138.55,139.98,132.64,133.39,2412400,140.134,141.008,139.066,38.031,0.249,0.984,-0.734,141.008,145.551,136.466
2025-05-13,133.09,133.63,129.01,129.54,2330800,137.332,140.326,138.971,33.225,-0.61,0.665,-1.275,140.326,147.061,133.591
2025-05-14,129.83,130.04,127.42,129.53,1994400,134.744,139.736,138.883,33.214,-1.277,0.276,-1.554,139.736,147.996,131.477
2025-05-15,130.96,135.97,130.46,135.86,2529200,133.938,139.486,138.948,46.177,-1.281,-0.035,-1.246,139.486,147.904,131.069
2025-05-16,136.08,138.72,135.85,137.98,1495100,133.26,139.246,139.049,49.698,-1.099,-0.248,-0.852,139.246,147.542,130.951
2025-05-19,137.66,139.16,137.35,139.1,956600,134.402,139.123,139.033,51.503,-0.856,-0.369,-0.486,139.123,147.347,130.9
2025-05-20,138.6,139.66,137.62,139.2,1119100,136.334,138.903,138.944,51.67,-0.647,-0.425,-0.222,138.903,146.852,130.954
2025-05-21,139.12,140.01,138.17,138.88,1699300,138.204,138.767,138.961,51.065,-0.501,-0.44,-0.061,138.767,146.614,130.92
2025-05-22,138.41,138.91,136.16,137.3,1163400,138.492,138.606,138.997,48.071,-0.508,-0.454,-0.054,138.606,146.435,130.778
2025-05-23,138.8,139.29,136.86,139.0,740300,138.696,138.63,139.034,51.375,-0.371,-0.437,0.066,138.63,146.461,130.8
2025-05-27,139.02,139.53,138.18,138.55,1093000,138.586,138.618,139.028,50.46,-0.296,-0.409,0.113,138.618,146.447,130.788
2025-05-28,137.88,138.38,135.92,136.35,920000,138.016,138.418,138.969,46.134,-0.409,-0.409,-0.0,138.418,146.266,130.57
2025-05-29,135.51,137.43,135.22,137.0,1097000,137.64,138.196,138.923,47.564,-0.442,-0.416,-0.026,138.196,145.935,130.457
2025-05-30,137.67,139.07,136.3,138.38,3771600,137.856,138.071,138.957,50.565,-0.352,-0.403,0.051,138.071,145.707,130.435
2025-06-02,137.28,138.57,136.4,137.85,791400,137.626,137.886,138.986,49.396,-0.32,-0.386,0.067,137.886,145.346,130.427
2025-06-03,137.67,137.67,135.62,137.31,1097100,137.378,137.625,139.016,48.173,-0.334,-0.376,0.042,137.625,144.757,130.493
2025-06-04,137.21,137.21,134.35,134.38,1436400,136.984,137.166,139.016,42.088,-0.575,-0.415,-0.159,137.166,143.861,130.472
2025-06-05,134.72,135.91,134.08,135.53,793600,136.69,136.82,139.048,45.023,-0.665,-0.465,-0.2,136.82,143.06,130.579
2025-06-06,135.67,136.9,134.94,135.56,719100,136.126,136.603,139.044,45.101,-0.726,-0.518,-0.209,136.603,142.694,130.512
2025-06-09,134.92,135.79,132.99,135.32,894900,135.62,136.3,138.998,44.556,-0.785,-0.571,-0.214,136.3,141.982,130.619
2025-06-10,135.33,137.61,134.94,136.74,924200,135.506,136.468,138.918,48.525,-0.709,-0.599,-0.11,136.468,141.983,130.953
2025-06-11,136.8,137.53,135.69,136.1,826900,135.85,136.796,138.802,46.896,-0.692,-0.617,-0.075,136.796,141.255,132.337
2025-06-12,137.07,137.17,135.67,136.78,709600,136.1,137.158,138.709,48.861,-0.617,-0.617,0.0,137.158,140.025,134.292
2025-06-13,137.67,138.57,136.61,136.9,741200,136.368,137.21,138.634,49.218,-0.541,-0.602,0.061,137.21,140.015,134.406
2025-06-16,137.5,138.27,135.2,135.96,1126000,136.496,137.11,138.429,46.48,-0.551,-0.592,0.041,137.11,139.942,134.277
2025-06-17,135.96,136.6,133.94,136.4,1196400,136.428,136.974,138.324,47.94,-0.517,-0.577,0.06,136.974,139.662,134.287
2025-06-18,136.48,137.11,135.36,136.57,976200,136.522,136.843,138.316,48.524,-0.471,-0.556,0.085,136.843,139.321,134.365
2025-06-20,136.47,137.68,135.58,136.72,2415900,136.51,136.735,138.34,49.067,-0.418,-0.528,0.11,136.735,139.02,134.45
2025-06-23,137.47,139.47,137.44,139.37,861600,137.004,136.838,138.452,57.583,-0.16,-0.454,0.295,136.838,139.402,134.275
2025-06-24,138.3,138.86,137.27,137.62,990800,137.336,136.77,138.45,51.464,-0.095,-0.383,0.287,136.77,139.156,134.383
2025-06-25,136.67,137.17,134.81,135.56,1077900,137.168,136.62,138.35,45.354,-0.208,-0.348,0.139,136.62,138.909,134.331
2025-06-26,136.06,136.4,133.46,133.98,929900,136.65,136.502,138.166,41.303,-0.42,-0.362,-0.058,136.502,139.077,133.926
2025-06-27,133.29,134.36,132.36,133.49,1564800,136.004,136.326,138.009,40.107,-0.621,-0.414,-0.207,136.326,139.218,133.434
2025-06-30,133.61,134.72,133.02,134.65,1298100,135.06,136.14,137.885,44.225,-0.678,-0.467,-0.211,136.14,138.953,133.326
2025-07-01,134.9,138.58,134.6,137.98,1397700,135.132,136.146,137.789,54.004,-0.45,-0.463,0.014,136.146,138.977,133.315
2025-07-02,137.47,137.92,135.59,135.81,1205700,135.182,136.071,137.674,48.087,-0.439,-0.458,0.02,136.071,138.851,133.291
2025-07-03,135.96,136.77,135.12,135.56,683800,135.498,136.13,137.513,47.442,-0.445,-0.456,0.011,136.13,138.807,133.453
2025-07-07,135.52,135.98,134.45,135.47,888300,135.894,136.127,137.391,47.197,-0.452,-0.455,0.003,136.127,138.807,133.447
2025-07-08,134.16,136.66,132.6,136.49,1381900,136.262,136.174,137.31,50.332,-0.371,-0.438,0.067,136.174,138.845,133.502
2025-07-09,136.3,137.65,135.42,137.25,1413300,136.116,136.27,137.285,52.591,-0.243,-0.399,0.156,136.27,138.951,133.589
2025-07-10,135.77,139.05,135.68,138.1,922200,136.574,136.338,137.271,55.053,-0.072,-0.334,0.262,136.338,139.135,133.541
2025-07-11,137.13,138.43,136.22,137.72,948500,137.006,136.419,137.218,53.71,0.033,-0.261,0.293,136.419,139.28,133.558
2025-07-14,137.98,139.72,137.82,138.75,998600,137.662,136.518,137.164,56.787,0.196,-0.169,0.365,136.518,139.561,133.474
2025-07-15,138.08,138.45,136.19,136.31,957900,137.626,136.488,137.073,48.554,0.128,-0.11,0.237,136.488,139.527,133.449
2025-07-16,136.21,137.51,135.26,137.17,941900,137.61,136.548,136.986,51.237,0.141,-0.06,0.201,136.548,139.592,133.505
2025-07-17,136.69,138.15,135.53,137.65,1195000,137.52,136.611,136.888,52.72,0.188,-0.01,0.198,136.611,139.693,133.529
2025-07-18,137.9,140.03,137.44,138.32,1934400,137.64,136.699,136.783,54.786,0.276,0.047,0.229,136.699,139.873,133.524
2025-07-21,138.58,139.69,137.99,138.26,753100,137.542,136.776,136.699,54.556,0.338,0.105,0.232,136.776,140.026,133.525
2025-07-22,138.12,141.59,137.53,140.26,1137200,138.332,136.82,136.706,60.506,0.541,0.192,0.349,136.82,140.24,133.4
2025-07-23,139.73,140.1,135.9,137.33,1173300,138.364,136.806,136.626,50.147,0.461,0.246,0.215,136.806,140.214,133.397
2025-07-24,137.37,137.52,135.95,136.0,1188000,138.034,136.828,136.678,46.274,0.287,0.254,0.032,136.828,140.208,133.447
2025-07-25,135.69,136.53,135.2,135.82,893900,137.534,136.92,136.803,45.759,0.132,0.23,-0.097,136.92,140.065,133.774
2025-07-28,135.07,136.03,133.43,134.26,1065800,136.734,136.958,136.898,41.453,-0.114,0.161,-0.275,136.958,139.942,133.974
2025-07-29,134.17,136.47,133.48,136.43,1138000,135.968,137.047,136.909,48.687,-0.133,0.102,-0.235,137.047,139.841,134.253
2025-07-30,135.28,136.64,134.72,135.17,1109000,135.536,136.906,136.853,45.195,-0.247,0.032,-0.279,136.906,139.784,134.029
2025-07-31,134.05,136.55,133.09,135.74,2078200,135.484,136.903,136.786,47.045,-0.288,-0.032,-0.256,136.903,139.787,134.019
2025-08-01,137.91,141.71,136.19,141.04,2693100,136.528,137.177,136.823,60.425,0.106,-0.004,0.11,137.177,140.527,133.827
2025-08-04,141.04,142.91,140.86,142.28,1304000,138.132,137.518,136.891,62.793,0.513,0.099,0.413,137.518,141.468,133.567
2025-08-05,137.57,138.14,136.2,136.96,6160000,138.238,137.541,136.884,49.191,0.401,0.16,0.241,137.541,141.471,133.611
2025-08-06,137.44,138.79,136.93,137.36,2087800,138.676,137.546,136.851,50.067,0.341,0.196,0.145,137.546,141.475,133.618
2025-08-07,136.62,140.06,136.62,139.78,1771100,139.484,137.63,136.876,55.108,0.482,0.253,0.229,137.63,141.679,133.582
2025-08-08,140.18,140.97,139.93,140.69,1986700,139.414,137.779,136.963,56.872,0.661,0.335,0.326,137.779,142.053,133.505
2025-08-11,141.13,141.51,140.06,140.88,1093700,139.134,137.885,137.04,57.25,0.808,0.429,0.379,137.885,142.362,133.409
2025-08-12,140.43,141.15,136.94,138.32,1657600,139.406,137.986,137.039,50.796,0.71,0.486,0.225,137.986,142.404,133.568
2025-08-13,138.31,139.95,138.01,139.91,1174200,139.916,138.123,137.08,54.246,0.752,0.539,0.213,138.123,142.604,133.642
2025-08-14,139.98,140.41,138.99,139.6,1085300,139.88,138.22,137.126,53.459,0.752,0.581,0.17,138.22,142.743,133.698
2025-08-15,139.14,141.13,139.1,140.1,923800,139.762,138.31,137.24,54.603,0.783,0.622,0.161,138.31,142.909,133.71
2025-08-18,140.49,140.95,138.84,138.87,900100,139.36,138.34,137.307,51.265,0.7,0.637,0.063,138.34,142.946,133.734
2025-08-19,139.12,141.42,139.12,141.35,1562500,139.966,138.394,137.423,56.976,0.825,0.675,0.15,138.394,143.121,133.668
2025-08-20,142.19,143.94,141.5,141.75,1107400,140.334,138.616,137.552,57.834,0.945,0.729,0.216,138.616,143.541,133.69
2025-08-21,141.45,142.34,141.39,142.0,849100,140.814,138.916,137.657,58.393,1.049,0.793,0.256,138.916,143.901,133.93
2025-08-22,142.56,143.91,141.27,142.32,963900,141.258,139.24,137.781,59.139,1.144,0.863,0.281,139.24,144.224,134.257
2025-08-25,141.67,142.41,140.24,140.57,854900,141.598,139.556,137.857,53.489,1.065,0.904,0.162,139.556,143.979,135.133
2025-08-26,140.54,140.79,139.25,140.13,1764600,141.354,139.741,137.922,52.14,0.957,0.914,0.042,139.741,143.916,135.566
2025-08-27,140.02,141.11,139.36,140.91,1208800,141.186,140.028,138.021,54.338,0.923,0.916,0.007,140.028,143.63,136.426
2025-08-28,140.37,140.53,139.07,139.13,947800,140.612,140.198,138.075,48.827,0.744,0.881,-0.138,140.198,143.223,137.172
2025-08-29,139.28,140.7,139.14,139.7,941300,140.088,140.13,138.138,50.556,0.64,0.833,-0.193,140.13,143.137,137.124
2025-09-02,139.19,139.92,137.25,137.65,1018800,139.504,139.899,138.156,44.704,0.389,0.744,-0.356,139.899,142.921,136.877
2025-09-03,137.1,137.62,136.1,136.96,1054800,138.87,139.899,138.108,42.904,0.132,0.622,-0.49,139.899,142.921,136.877
2025-09-04,138.21,138.67,137.0,137.81,1128400,138.25,139.921,138.112,45.8,-0.003,0.497,-0.5,139.921,142.87,136.973
2025-09-05,138.22,139.79,137.82,139.79,782200,138.382,139.922,138.197,51.917,0.049,0.407,-0.358,139.922,142.87,136.974
2025-09-08,138.86,139.43,135.33,136.3,1331800,137.702,139.702,138.243,42.757,-0.188,0.288,-0.477,139.702,143.038,136.367
2025-09-09,135.82,136.87,135.05,136.37,725500,137.446,139.477,138.301,42.974,-0.367,0.157,-0.524,139.477,143.077,135.877
2025-09-10,136.49,136.75,133.88,134.82,990000,137.018,139.302,138.304,39.407,-0.627,0.0,-0.627,139.302,143.439,135.165
2025-09-11,135.07,136.05,134.01,135.92,926600,136.64,139.103,138.263,43.022,-0.735,-0.147,-0.588,139.103,143.493,134.712
2025-09-12,134.82,136.17,134.54,135.58,994600,135.798,138.902,138.258,42.184,-0.839,-0.285,-0.554,138.902,143.556,134.247
2025-09-15,135.6,135.94,133.6,133.93,1084100,135.324,138.593,138.226,38.288,-1.042,-0.436,-0.606,138.593,143.708,133.478
2025-09-16,133.75,134.63,132.56,132.63,1056000,134.576,138.281,138.169,35.505,-1.293,-0.608,-0.685,138.281,144.045,132.517
2025-09-17,133.21,134.28,132.27,132.48,1024100,134.108,137.838,138.089,35.187,-1.487,-0.784,-0.703,137.838,143.961,131.714
2025-09-18,130.57,132.18,129.76,131.79,1197400,133.282,137.34,137.979,33.693,-1.677,-0.962,-0.715,137.34,143.737,130.942
2025-09-19,131.42,132.06,130.81,131.47,2660200,132.46,136.813,137.847,32.994,-1.832,-1.136,-0.696,136.813,143.328,130.298
2025-09-22,131.48,132.62,131.21,131.46,1021500,131.966,136.27,137.722,32.971,-1.934,-1.296,-0.638,136.27,142.662,129.878
2025-09-23,131.31,133.7,130.31,133.54,1251500,132.148,135.919,137.617,42.037,-1.826,-1.402,-0.424,135.919,142.084,129.753
2025-09-24,132.8,133.46,131.69,132.79,1700500,132.21,135.552,137.547,39.939,-1.78,-1.477,-0.302,135.552,141.532,129.571
2025-09-25,134.0,134.46,131.44,131.51,1433300,132.154,135.082,137.434,36.584,-1.826,-1.547,-0.279,135.082,140.759,129.404
2025-09-26,131.69,132.89,131.62,132.74,911100,132.408,134.762,137.336,41.656,-1.743,-1.586,-0.157,134.762,140.194,129.33
2025-09-29,132.54,133.63,131.45,133.4,1200400,132.796,134.447,137.237,44.234,-1.605,-1.59,-0.015,134.447,139.381,129.513
2025-09-30,133.76,135.72,133.49,135.49,1428800,133.186,134.339,137.182,51.536,-1.312,-1.534,0.222,134.339,139.068,129.61
2025-10-01,135.7,135.91,132.42,132.46,1250200,133.12,134.114,137.026,42.788,-1.31,-1.49,0.18,134.114,138.745,129.483
2025-10-02,131.89,133.48,131.43,131.99,1114600,133.216,133.823,136.919,41.609,-1.33,-1.458,0.127,133.823,138.201,129.445
2025-10-03,131.97,134.55,131.97,134.09,967200,133.486,133.538,136.881,48.448,-1.164,-1.399,0.235,133.538,136.906,130.17
2025-10-06,134.09,135.3,133.04,135.25,1555500,133.856,133.486,136.869,51.806,-0.927,-1.305,0.377,133.486,136.702,130.269
2025-10-07,135.68,139.17,135.43,138.73,1815600,134.504,133.604,136.959,60.185,-0.454,-1.134,0.68,133.604,137.388,129.819
2025-10-08,139.7,139.7,136.48,137.28,952600,135.468,133.727,136.976,55.829,-0.194,-0.946,0.753,133.727,137.825,129.628
2025-10-09,137.69,137.99,136.48,137.3,988700,136.53,133.796,137.018,55.877,0.014,-0.754,0.768,133.796,138.091,129.5
2025-10-10,137.99,140.21,136.42,139.18,1513000,137.548,133.976,137.087,60.203,0.327,-0.538,0.865,133.976,138.849,129.102
2025-10-13,137.26,138.22,135.51,135.92,1321900,137.682,134.075,136.985,50.886,0.308,-0.369,0.677,134.075,139.025,129.125
2025-10-14,136.24,139.72,135.8,137.8,1629400,137.496,134.334,136.895,55.193,0.44,-0.207,0.647,134.334,139.501,129.166
2025-10-15,137.73,139.31,137.27,138.74,1007500,137.788,134.646,136.931,57.213,0.613,-0.043,0.656,134.646,140.092,129.201
2025-10-16,138.45,140.46,138.45,139.41,845500,138.21,135.028,136.972,58.644,0.795,0.124,0.67,135.028,140.693,129.362
2025-10-17,139.72,140.97,139.03,139.99,1306500,138.372,135.454,136.976,59.895,0.975,0.294,0.68,135.454,141.272,129.635
2025-10-20,140.17,141.74,139.22,141.57,1107200,139.502,135.959,136.994,63.163,1.231,0.482,0.749,135.959,142.066,129.852
2025-10-21,141.59,141.77,139.01,140.33,1096200,140.008,136.298,136.983,59.093,1.318,0.649,0.669,136.298,142.592,130.005
2025-10-22,139.52,141.56,139.06,139.91,828400,140.242,136.654,137.014,57.736,1.338,0.787,0.551,136.654,142.918,130.391
2025-10-23,140.41,141.03,137.89,138.79,746400,140.118,137.018,136.992,54.164,1.249,0.879,0.37,137.018,142.854,131.183
2025-10-24,139.68,139.68,137.75,137.83,966500,139.686,137.273,136.957,51.238,1.089,0.921,0.168,137.273,142.756,131.79
2025-10-27,135.34,136.77,131.8,134.33,3438800,138.238,137.32,136.841,42.272,0.671,0.871,-0.2,137.32,142.679,131.96
2025-10-28,134.24,135.88,130.74,131.23,2031400,136.418,137.106,136.688,36.225,0.09,0.715,-0.625,137.106,143.076,131.137
2025-10-29,130.31,130.89,126.51,126.61,2210700,133.758,136.814,136.394,29.462,-0.736,0.425,-1.161,136.814,144.157,129.471
2025-10-30,126.67,127.57,123.09,123.34,2298800,130.668,136.382,136.025,25.791,-1.635,0.013,-1.648,136.382,145.68,127.083
2025-10-31,122.43,125.33,120.61,125.02,2811600,128.106,135.928,135.686,30.577,-2.187,-0.427,-1.76,135.928,146.495,125.361
2025-11-03,124.87,125.01,122.16,122.62,1907400,125.764,135.296,135.292,27.817,-2.786,-0.899,-1.887,135.296,147.428,123.165
2025-11-04,124.02,126.22,123.42,124.68,2796500,124.454,134.594,134.974,33.375,-3.059,-1.331,-1.728,134.594,147.491,121.697
2025-11-05,126.57,129.06,125.96,127.49,2952400,124.63,134.104,134.721,40.146,-3.014,-1.668,-1.346,134.104,147.312,120.897
2025-11-06,127.69,128.92,125.88,126.06,1415600,125.174,133.542,134.424,38.028,-3.058,-1.946,-1.113,133.542,147.129,119.956
2025-11-07,126.73,128.1,126.27,127.37,1446400,125.644,132.952,134.189,41.094,-2.954,-2.147,-0.807,132.952,146.533,119.371
2025-11-10,126.27,126.9,124.22,125.52,1777600,126.224,132.432,133.905,38.218,-2.986,-2.315,-0.671,132.432,146.327,118.537
2025-11-11,125.95,127.32,125.53,126.56,1419700,126.6,131.87,133.684,40.729,-2.894,-2.431,-0.463,131.87,145.76,117.98
2025-11-12,126.51,126.9,125.58,126.32,1512100,126.366,131.249,133.471,40.322,-2.808,-2.506,-0.302,131.249,144.955,117.543
2025-11-13,126.0,129.54,125.4,128.79,2193900,126.912,130.718,133.29,46.276,-2.512,-2.507,-0.004,130.718,143.906,117.53
2025-11-14,129.96,131.26,128.09,128.95,2019000,127.228,130.166,133.074,46.647,-2.238,-2.454,0.215,130.166,142.624,117.708
2025-11-17,129.62,130.55,128.79,129.99,2082200,128.122,129.587,132.947,49.109,-1.916,-2.346,0.43,129.587,140.831,118.343
2025-11-18,130.2,130.6,126.88,127.27,1784100,128.264,128.934,132.765,43.46,-1.858,-2.248,0.391,128.934,139.007,118.861
2025-11-19,127.07,127.6,124.17,124.54,1955500,127.908,128.166,132.56,38.654,-2.009,-2.201,0.191,128.166,136.979,119.352
2025-11-20,124.72,125.71,123.35,125.53,2059300,127.256,127.503,132.352,41.194,-2.026,-2.166,0.14,127.503,134.818,120.187
2025-11-21,126.44,131.26,125.34,130.04,3643400,127.474,127.113,132.241,51.121,-1.656,-2.064,0.408,127.113,132.751,121.475
2025-11-24,130.04,130.15,128.35,128.84,5459700,127.244,126.838,132.139,48.763,-1.443,-1.94,0.496,126.838,131.435,122.242
2025-11-25,129.96,130.3,127.61,127.74,1493600,127.338,126.664,132.042,46.638,-1.348,-1.821,0.473,126.664,130.801,122.527
2025-11-26,128.34,129.02,127.19,127.21,1515800,127.872,126.694,131.936,45.607,-1.3,-1.717,0.417,126.694,130.838,122.55
2025-11-28,126.56,128.02,125.89,127.43,845000,128.252,126.899,131.849,46.139,-1.23,-1.62,0.39,126.899,130.738,123.059
2025-12-01,127.15,129.3,126.42,128.34,3293500,127.912,127.064,131.786,48.389,-1.089,-1.514,0.425,127.064,130.849,123.28
2025-12-02,129.06,130.66,126.85,128.1,2735200,127.764,127.339,131.719,47.822,-0.985,-1.408,0.423,127.339,130.512,124.165
2025-12-03,128.56,129.76,127.0,128.31,2182900,127.878,127.52,131.615,48.392,-0.875,-1.301,0.426,127.52,130.46,124.58
2025-12-04,128.2,128.88,125.4,126.31,2613100,127.698,127.461,131.485,43.515,-0.939,-1.229,0.29,127.461,130.45,124.472
2025-12-05,125.77,127.63,125.47,126.87,1942700,127.586,127.502,131.392,45.181,-0.934,-1.17,0.236,127.502,130.432,124.571
2025-12-08,126.51,127.36,125.05,125.85,2257300,127.088,127.425,131.254,42.71,-1.0,-1.136,0.136,127.425,130.448,124.403
2025-12-09,126.31,127.47,125.28,125.55,2182500,126.578,127.427,131.097,41.983,-1.065,-1.122,0.057,127.427,130.446,124.408
2025-12-10,125.55,126.55,124.92,126.11,2798700,126.138,127.405,130.91,43.903,-1.059,-1.109,0.05,127.405,130.457,124.352
2025-12-11,127.01,129.52,126.38,127.45,2064900,126.366,127.461,130.81,48.311,-0.935,-1.074,0.139,127.461,130.47,124.452
2025-12-12,127.88,129.52,127.77,128.88,1946500,126.768,127.465,130.747,52.592,-0.713,-1.002,0.289,127.465,130.484,124.447
2025-12-15,129.38,131.68,128.83,131.41,2187800,127.88,127.588,130.694,59.054,-0.33,-0.868,0.538,127.588,131.032,124.145
2025-12-16,131.95,132.78,129.27,130.03,2641700,128.776,127.591,130.589,54.677,-0.135,-0.721,0.586,127.591,131.04,124.141
2025-12-17,129.52,131.48,128.91,131.29,1796500,129.812,127.792,130.441,57.756,0.119,-0.553,0.672,127.792,131.611,123.972
2025-12-18,130.06,131.91,129.86,130.32,1766100,130.386,128.08,130.301,54.676,0.239,-0.395,0.634,128.08,131.735,124.426
2025-12-19,129.99,129.99,127.58,127.61,2985200,130.132,128.185,130.108,47.117,0.115,-0.293,0.408,128.185,131.647,124.722
2025-12-22,127.16,129.51,126.47,129.0,1038500,129.65,128.132,129.904,50.869,0.127,-0.209,0.336,128.132,131.508,124.757
2025-12-23,128.88,129.06,127.81,128.1,869100,129.264,128.095,129.748,48.471,0.063,-0.154,0.217,128.095,131.454,124.737
2025-12-24,128.01,128.73,127.97,128.61,368600,128.728,128.139,129.564,49.912,0.053,-0.113,0.166,128.139,131.501,124.777
2025-12-26,128.66,128.85,127.59,127.9,563400,128.244,128.174,129.347,47.904,-0.012,-0.093,0.081,128.174,131.509,124.838
2025-12-29,128.22,128.85,126.93,128.29,732200,128.38,128.216,129.125,49.115,-0.032,-0.081,0.049,128.216,131.534,124.899
2025-12-30,128.28,129.16,128.05,128.47,789400,128.274,128.223,128.894,49.696,-0.033,-0.071,0.038,128.223,131.542,124.904
2025-12-31,128.26,128.71,127.71,127.85,658900,128.224,128.21,128.62,47.676,-0.082,-0.073,-0.009,128.21,131.533,124.888
2026-01-02,127.59,128.69,126.51,127.67,864700,128.036,128.178,128.367,47.078,-0.135,-0.086,-0.049,128.178,131.51,124.847
2026-01-05,126.95,127.46,123.01,124.81,2391600,127.418,128.104,128.065,38.755,-0.402,-0.149,-0.253,128.104,131.671,124.536
2026-01-06,124.6,127.29,124.27,126.35,1662300,127.03,128.077,127.816,44.45,-0.485,-0.216,-0.269,128.077,131.69,124.465
2026-01-07,126.93,127.89,124.59,124.69,1419000,126.274,128.02,127.553,40.119,-0.676,-0.308,-0.368,128.02,131.815,124.224
2026-01-08,124.15,127.29,124.15,126.65,1742600,126.034,128.074,127.399,46.719,-0.662,-0.379,-0.283,128.074,131.749,124.4
2026-01-09,125.96,127.28,124.98,125.38,1467500,125.576,128.038,127.282,43.383,-0.744,-0.452,-0.293,128.038,131.808,124.268
2026-01-12,127.66,129.58,126.64,127.65,1691400,126.144,128.048,127.303,50.226,-0.62,-0.485,-0.134,128.048,131.813,124.283
2026-01-13,127.04,128.71,126.07,128.59,2202100,126.592,128.033,127.408,52.771,-0.44,-0.476,0.036,128.033,131.787,124.28
2026-01-14,128.8,130.17,128.19,129.76,1515600,127.606,127.951,127.503,55.801,-0.201,-0.421,0.221,127.951,131.456,124.446
2026-01-15,129.53,130.94,129.2,130.64,1682400,128.404,127.981,127.663,57.984,0.059,-0.325,0.384,127.981,131.573,124.39
2026-01-16,130.0,131.01,129.63,130.63,1532000,129.454,127.948,127.782,57.949,0.261,-0.208,0.469,127.948,131.422,124.475
2026-01-20,130.06,130.79,127.26,128.75,1455300,129.674,127.87,127.808,51.634,0.267,-0.113,0.38,127.87,131.185,124.555
2026-01-21,129.54,130.16,127.88,128.33,1334600,129.622,127.906,127.853,50.314,0.235,-0.043,0.278,127.906,131.225,124.587
2026-01-22,128.42,129.99,127.19,128.89,1205000,129.448,127.9,127.883,52.073,0.251,0.016,0.236,127.9,131.212,124.589
2026-01-23,128.89,129.2,126.65,127.08,1184600,128.736,127.849,127.915,46.362,0.117,0.036,0.081,127.849,131.179,124.52
2026-01-26,127.8,129.45,127.52,128.09,1292400,128.228,127.824,127.945,49.678,0.091,0.047,0.044,127.824,131.137,124.51
2026-01-27,127.74,128.96,126.74,127.88,1284200,128.054,127.822,127.976,49.0,0.053,0.048,0.005,127.822,131.135,124.51
2026-01-28,127.84,128.54,123.79,124.47,1489200,127.282,127.631,127.89,39.554,-0.249,-0.011,-0.238,127.631,131.257,124.006
2026-01-29,124.47,127.41,124.47,126.38,1377400,126.78,127.527,127.839,45.851,-0.331,-0.075,-0.256,127.527,131.171,123.883
2026-01-30,126.64,126.64,124.92,126.51,1039300,126.666,127.46,127.769,46.261,-0.381,-0.136,-0.245,127.46,131.128,123.792
2026-02-02,126.98,127.25,123.81,124.0,1656000,125.848,127.277,127.704,39.964,-0.616,-0.232,-0.384,127.277,131.254,123.299
2026-02-03,124.0,127.28,122.97,123.33,2644200,124.938,127.203,127.679,38.459,-0.846,-0.355,-0.491,127.203,131.421,122.984
2026-02-04,124.45,124.83,121.48,121.78,2149900,124.4,126.974,127.604,35.161,-1.141,-0.512,-0.629,126.974,131.834,122.114
2026-02-05,122.41,124.91,122.04,123.13,2051900,123.75,126.896,127.466,39.989,-1.251,-0.66,-0.591,126.896,131.956,121.836
2026-02-06,123.89,124.69,121.63,121.81,1370000,122.81,126.654,127.326,37.081,-1.429,-0.814,-0.615,126.654,132.203,121.105
2026-02-09,121.81,122.01,118.82,120.45,1828400,122.1,126.408,127.18,34.313,-1.66,-0.983,-0.677,126.408,132.596,120.219
2026-02-10,120.91,124.65,120.33,123.32,1714000,122.098,126.191,127.102,43.84,-1.593,-1.105,-0.488,126.191,132.498,119.884
2026-02-11,122.89,123.27,121.28,122.0,1649700,122.142,125.862,126.993,40.902,-1.628,-1.21,-0.418,125.862,132.327,119.396
2026-02-12,122.06,128.12,121.81,126.62,3449300,122.84,125.704,126.959,52.821,-1.268,-1.221,-0.047,125.704,131.92,119.489
2026-02-13,126.1,131.85,126.1,131.68,3176700,124.814,125.756,127.031,61.887,-0.568,-1.091,0.523,125.756,132.16,119.353
2026-02-17,132.21,133.16,130.26,131.69,2177100,127.062,125.81,127.098,61.902,-0.012,-0.875,0.863,125.81,132.398,119.221
2026-02-18,130.56,132.76,128.66,129.37,2357500,128.272,125.84,127.159,56.166,0.238,-0.652,0.89,125.84,132.492,119.189
2026-02-19,130.3,132.38,127.41,129.57,1577200,129.786,125.902,127.213,56.54,0.448,-0.432,0.88,125.902,132.674,119.131
2026-02-20,130.47,130.69,127.45,127.6,2333000,129.982,125.838,127.248,51.848,0.449,-0.256,0.705,125.838,132.514,119.162
2026-02-23,128.63,131.37,128.42,131.1,2022900,129.866,126.039,127.359,58.445,0.725,-0.06,0.785,126.039,133.103,118.975
2026-02-24,131.44,132.28,129.95,132.25,1705900,129.978,126.247,127.482,60.367,1.024,0.157,0.867,126.247,133.794,118.7
2026-02-25,131.79,132.48,129.56,132.39,1603900,130.582,126.472,127.581,60.606,1.258,0.377,0.881,126.472,134.48,118.465
2026-02-26,132.82,133.33,131.4,132.48,1616000,131.164,126.873,127.653,60.769,1.435,0.589,0.846,126.873,135.252,118.494
2026-02-27,133.41,135.84,132.63,134.17,2565100,132.478,127.262,127.708,63.81,1.691,0.809,0.882,127.262,136.247,118.278
2026-03-02,133.67,135.39,133.24,133.59,1465400,132.976,127.616,127.779,62.033,1.827,1.013,0.814,127.616,137.024,118.209
2026-03-03,132.41,134.63,129.91,133.95,2007300,133.316,128.114,127.833,62.727,1.941,1.198,0.742,128.114,137.766,118.462
2026-03-04,133.55,134.89,132.18,134.55,1782100,133.748,128.675,127.917,63.91,2.056,1.37,0.686,128.675,138.459,118.891
2026-03-05,133.52,135.02,132.63,132.79,1926800,133.81,129.226,128.021,58.084,1.982,1.492,0.49,129.226,138.607,119.844
2026-03-06,132.47,135.93,131.05,135.61,1661500,134.098,129.849,128.153,63.781,2.127,1.619,0.508,129.849,139.184,120.515
2026-03-09,135.13,136.7,133.08,135.85,2658200,134.55,130.552,128.308,64.227,2.235,1.742,0.493,130.552,139.441,121.662
2026-03-10,134.95,135.89,130.79,131.02,1636800,133.964,131.08,128.356,50.704,1.909,1.776,0.133,131.08,138.591,123.569
2026-03-11,130.63,132.8,130.24,132.5,1432400,133.554,131.539,128.448,53.907,1.75,1.77,-0.021,131.539,138.117,124.961
2026-03-12,132.69,139.28,131.22,136.36,2707100,134.268,132.257,128.61,61.019,1.913,1.799,0.114,132.257,137.438,127.076
2026-03-13,137.92,138.71,136.42,137.78,1603800,134.702,132.815,128.796,63.265,2.133,1.866,0.267,132.815,137.841,127.789
2026-03-16,138.52,138.52,135.6,137.22,1598600,134.976,133.092,128.983,61.754,2.236,1.94,0.296,133.092,138.454,127.73
2026-03-17,138.17,138.17,136.05,136.34,1662900,136.04,133.324,129.157,59.355,2.221,1.996,0.225,133.324,138.832,127.817
2026-03-18,136.11,136.67,133.69,134.88,1481200,136.516,133.6,129.358,55.503,2.067,2.01,0.057,133.6,138.818,128.382
2026-03-19,134.03,135.49,132.71,135.23,2104700,136.29,133.883,129.536,56.236,1.951,1.998,-0.047,133.883,138.785,128.981
2026-03-20,135.22,135.86,133.29,133.93,4091500,135.52,134.2,129.72,52.758,1.734,1.945,-0.211,134.2,138.111,130.288
2026-03-23,133.86,135.09,133.36,133.88,1728400,134.852,134.338,129.865,52.623,1.541,1.865,-0.324,134.338,137.974,130.703
2026-03-24,133.49,135.82,131.73,131.75,1886600,133.934,134.314,129.992,47.102,1.202,1.732,-0.53,134.314,138.016,130.611
2026-03-25,132.5,133.55,129.72,132.75,1782800,133.508,134.332,130.094,49.767,1.002,1.586,-0.584,134.332,137.998,130.665
2026-03-26,133.11,136.31,131.77,135.63,1456900,133.588,134.489,130.235,56.555,1.064,1.482,-0.418,134.489,138.091,130.887
2026-03-27,135.84,136.84,134.74,134.99,1609300,133.8,134.53,130.34,54.783,1.049,1.395,-0.346,134.53,138.135,130.925
2026-03-30,136.28,137.58,135.13,136.92,1150300,134.408,134.696,130.465,58.958,1.18,1.352,-0.172,134.696,138.424,130.969
2026-03-31,137.21,137.4,132.92,134.23,1900500,134.904,134.71,130.537,51.782,1.054,1.292,-0.238,134.71,138.429,130.992
2026-04-01,133.23,135.58,133.23,134.92,1728800,135.338,134.729,130.661,53.35,0.998,1.234,-0.235,134.729,138.447,131.011
2026-04-02,136.04,137.35,135.51,136.25,1608200,135.462,134.902,130.819,56.301,1.05,1.197,-0.147,134.902,138.562,131.242
2026-04-06,136.03,136.67,135.33,136.03,1051100,135.67,134.923,130.962,55.674,1.06,1.17,-0.109,134.923,138.605,131.241
2026-04-07,136.28,136.74,133.46,133.52,1658300,134.99,134.806,131.091,48.969,0.856,1.107,-0.251,134.806,138.512,131.101
2026-04-08,131.18,134.56,129.07,134.5,3006200,135.044,134.98,131.219,51.429,0.765,1.038,-0.274,134.98,138.237,131.724
2026-04-09,134.19,137.58,133.75,137.35,2729200,135.53,135.223,131.408,57.799,0.912,1.013,-0.101,135.223,138.424,132.022
2026-04-10,137.09,137.72,134.72,135.35,1726700,135.35,135.172,131.626,52.587,0.857,0.982,-0.125,135.172,138.329,132.016
2026-04-13,134.17,135.06,131.65,132.57,1828600,134.658,134.912,131.75,46.333,0.583,0.902,-0.319,134.912,138.022,131.802
2026-04-14,132.36,132.76,130.38,131.57,1880400,134.268,134.629,131.851,44.292,0.281,0.778,-0.497,134.629,137.881,131.378
2026-04-15,130.3,130.46,127.03,128.53,2950700,133.074,134.239,131.942,38.711,-0.201,0.582,-0.783,134.239,138.379,130.099
2026-04-16,128.53,128.95,127.05,128.91,2285500,131.386,133.94,132.053,39.733,-0.545,0.357,-0.902,133.94,138.701,129.18
2026-04-17,127.72,130.01,126.74,129.81,2097300,130.278,133.67,132.214,42.192,-0.738,0.138,-0.876,133.67,138.728,128.611
2026-04-20,130.93,133.79,130.25,131.43,1673100,130.05,133.544,132.38,46.43,-0.751,-0.04,-0.711,133.544,138.699,128.39
2026-04-21,132.1,132.29,128.93,130.25,1752700,129.786,133.363,132.549,43.905,-0.846,-0.201,-0.645,133.363,138.719,128.007
2026-04-22,130.67,132.15,128.81,129.34,1396000,129.948,133.242,132.726,42.008,-0.984,-0.358,-0.627,133.242,138.854,127.631
2026-04-23,130.61,133.68,130.1,133.13,1530500,130.792,133.262,132.923,51.423,-0.779,-0.442,-0.337,133.262,138.869,127.654
2026-04-24,132.48,133.63,130.54,130.61,1780500,130.952,133.01,133.095,46.068,-0.81,-0.516,-0.294,133.01,138.621,127.4
2026-04-27,130.57,131.44,130.06,130.16,1358000,130.698,132.769,133.166,45.163,-0.861,-0.585,-0.276,132.769,138.436,127.102
2026-04-28,131.94,132.77,129.75,130.86,1254000,130.82,132.466,133.149,46.909,-0.836,-0.635,-0.201,132.466,137.839,127.093
2026-04-29,130.03,131.63,129.73,130.17,1811600,130.986,132.263,133.119,45.375,-0.861,-0.68,-0.181,132.263,137.662,126.864
2026-04-30,133.34,134.88,124.4,126.67,3026200,129.694,131.85,133.065,38.499,-1.15,-0.774,-0.376,131.85,137.641,126.06
2026-05-01,127.71,127.71,125.21,125.64,1980800,128.7,131.32,132.986,36.735,-1.446,-0.909,-0.538,131.32,137.353,125.287
2026-05-04,125.11,125.84,123.71,125.12,1713900,127.692,130.775,132.937,35.842,-1.703,-1.067,-0.635,130.775,136.984,124.565
2026-05-05,124.61,125.26,123.14,124.33,1395400,126.386,130.315,132.801,34.471,-1.947,-1.243,-0.704,130.315,137.01,123.62
2026-05-06,123.29,125.43,122.99,123.96,1659100,125.144,129.788,132.635,33.818,-2.147,-1.424,-0.723,129.788,136.75,122.826
2026-05-07,123.15,125.19,121.86,124.48,2098600,124.706,129.144,132.477,35.661,-2.237,-1.587,-0.65,129.144,135.518,122.771
2026-05-08,124.72,125.67,123.23,123.34,1305600,124.246,128.544,132.294,33.461,-2.373,-1.744,-0.629,128.544,134.716,122.372
2026-05-11,124.1,124.5,123.28,124.29,1574100,124.08,128.13,132.097,36.952,-2.376,-1.87,-0.506,128.13,134.275,121.985
2026-05-12,124.54,127.13,124.07,126.81,2687800,124.576,127.892,131.961,45.17,-2.151,-1.926,-0.225,127.892,133.842,121.942
2026-05-13,125.42,126.83,124.63,126.53,1670200,125.09,127.792,131.813,44.476,-1.972,-1.936,-0.037,127.792,133.764,121.82
2026-05-14,126.4,126.95,125.12,125.15,1286000,125.224,127.604,131.625,41.124,-1.92,-1.933,0.012,127.604,133.664,121.544
2026-05-15,125.48,126.02,123.44,123.47,2994700,125.25,127.287,131.438,37.426,-1.991,-1.944,-0.047,127.287,133.522,121.052
2026-05-18,124.31,125.79,122.7,124.01,1913600,125.194,126.916,131.206,39.315,-1.981,-1.952,-0.03,126.916,132.994,120.838
2026-05-19,124.14,125.49,123.03,123.34,1662300,124.5,126.571,130.956,37.791,-2.004,-1.962,-0.042,126.571,132.636,120.505
2026-05-20,122.83,124.01,121.18,121.55,1851800,123.504,126.181,130.767,33.998,-2.142,-1.998,-0.144,126.181,132.493,119.869
2026-05-21,121.69,123.31,121.13,123.06,1287500,123.086,125.678,130.578,39.513,-2.105,-2.02,-0.086,125.678,131.215,120.14
2026-05-22,123.18,124.84,122.63,124.37,1121400,123.266,125.366,130.338,43.893,-1.948,-2.005,0.057,125.366,130.414,120.317
2026-05-26,124.13,124.46,122.98,123.03,1448500,123.07,125.009,130.043,40.65,-1.91,-1.986,0.077,125.009,129.62,120.398
2026-05-27,122.79,124.92,122.41,122.96,1165600,122.994,124.614,129.758,40.482,-1.863,-1.962,0.098,124.614,128.393,120.835
2026-05-28,122.9,124.34,121.47,121.54,1966500,122.992,124.182,129.462,37.125,-1.919,-1.953,0.034,124.182,127.181,121.184
2026-05-29,122.25,123.68,121.3,122.46,5523100,122.872,123.972,129.214,40.564,-1.867,-1.936,0.069,123.972,126.822,121.122
2026-06-01,122.18,122.48,119.81,120.33,1746900,122.064,123.706,128.916,35.696,-1.976,-1.944,-0.032,123.706,126.874,120.539
2026-06-02,121.14,122.88,119.77,122.86,2236600,122.03,123.593,128.694,44.253,-1.836,-1.922,0.086,123.593,126.71,120.477
2026-06-03,122.69,124.43,122.19,122.99,3166500,122.036,123.527,128.476,44.661,-1.695,-1.877,0.182,123.527,126.634,120.419
2026-06-04,124.3,125.02,121.14,121.44,1870800,122.016,123.401,128.27,40.829,-1.689,-1.839,0.15,123.401,126.635,120.166
2026-06-05,122.53,125.86,121.81,123.65,2580000,122.254,123.359,128.088,47.717,-1.489,-1.769,0.28,123.359,126.557,120.161
2026-06-08,122.74,123.88,121.46,121.68,1327900,122.524,123.276,127.809,42.92,-1.473,-1.71,0.237,123.276,126.561,119.991
2026-06-09,121.69,125.89,121.2,124.7,1586700,122.892,123.296,127.603,51.045,-1.202,-1.608,0.406,123.296,126.613,119.98
2026-06-10,126.11,127.19,124.77,125.62,1651400,123.418,123.237,127.377,53.229,-0.903,-1.467,0.565,123.237,126.323,120.151
2026-06-11,124.96,126.36,123.25,123.63,2119500,123.856,123.092,127.165,48.218,-0.817,-1.337,0.52,123.092,125.772,120.412
2026-06-12,123.92,125.7,123.37,125.48,2379700,124.222,123.108,126.977,52.678,-0.593,-1.188,0.596,123.108,125.845,120.372
2026-06-15,122.98,127.09,122.52,126.03,3111800,125.092,123.236,126.772,53.948,-0.366,-1.024,0.658,123.236,126.268,120.205
2026-06-16,126.72,127.89,126.05,127.62,2555000,125.676,123.417,126.604,57.499,-0.058,-0.831,0.773,123.417,127.019,119.815
2026-06-17,126.91,127.69,123.66,124.58,2334200,125.468,123.479,126.425,49.621,-0.058,-0.676,0.618,123.479,127.118,119.84
2026-06-18,124.87,126.71,123.71,124.24,4992200,125.59,123.614,126.22,48.815,-0.085,-0.558,0.473,123.614,127.149,120.078
2026-06-22,124.5,126.86,123.83,124.09,2456900,125.312,123.665,125.955,48.442,-0.117,-0.47,0.353,123.665,127.197,120.133
2026-06-23,125.91,126.4,124.86,125.76,1558300,125.258,123.734,125.763,52.775,-0.007,-0.377,0.37,123.734,127.378,120.091
2026-06-24,127.09,129.0,125.53,128.78,1927200,125.49,124.022,125.687,59.418,0.32,-0.238,0.557,124.022,128.286,119.758
2026-06-25,129.64,130.52,127.77,129.14,2228400,126.402,124.331,125.639,60.138,0.601,-0.07,0.671,124.331,129.133,119.529
2026-06-26,130.43,131.8,128.84,131.8,3539100,127.914,124.844,125.704,65.069,1.026,0.149,0.877,124.844,130.505,119.183
2026-06-29,130.49,132.26,129.92,131.62,2170700,129.42,125.302,125.758,64.488,1.334,0.386,0.948,125.302,131.598,119.006
2026-06-30,131.43,132.56,130.05,130.71,2817900,130.41,125.821,125.776,61.497,1.487,0.606,0.881,125.821,132.102,119.54
2026-07-01,130.73,132.55,130.12,130.92,2462200,130.838,126.224,125.766,61.935,1.606,0.806,0.8,126.224,132.736,119.712
2026-07-02,132.15,136.03,131.2,135.96,3269200,132.202,126.872,125.88,70.596,2.084,1.062,1.022,126.872,134.513,119.232
2026-07-06,134.85,135.23,131.13,132.21,3630000,132.284,127.411,125.938,59.71,2.135,1.276,0.859,127.411,134.957,119.865
2026-07-07,133.79,137.51,133.37,133.93,2098700,132.746,127.925,125.954,62.562,2.288,1.479,0.809,127.925,135.787,120.063
2026-07-08,135.06,135.06,130.88,131.01,1654300,132.806,128.392,125.962,55.394,2.149,1.613,0.536,128.392,135.786,120.997
2026-07-09,130.23,130.99,129.23,129.69,1373400,132.56,128.641,125.952,52.468,1.91,1.672,0.238,128.641,135.846,121.436
2026-07-10,129.88,130.83,128.78,129.83,1679100,131.334,128.852,125.932,52.753,1.713,1.68,0.032,128.852,135.929,121.774
2026-07-13,130.49,132.45,130.18,130.66,1236400,131.024,129.203,125.941,54.495,1.605,1.665,-0.061,129.203,135.876,122.53
2026-07-14,130.55,131.77,130.02,130.7,1172700,130.378,129.464,126.022,54.582,1.505,1.633,-0.129,129.464,135.929,122.999
2026-07-15,130.31,131.64,128.1,128.36,1510400,129.848,129.58,126.076,48.718,1.223,1.551,-0.328,129.58,135.866,123.295
2026-07-16,128.59,133.88,128.59,133.44,1846800,130.598,129.872,126.243,59.013,1.393,1.519,-0.126,129.872,136.312,123.431
2026-07-17,135.41,136.85,133.35,134.22,2390900,131.476,130.354,126.441,60.33,1.573,1.53,0.043,130.354,136.565,124.142
2026-07-20,133.64,134.86,131.53,132.77,1543400,131.898,130.78,126.617,56.684,1.58,1.54,0.04,130.78,136.364,125.196
2026-07-21,131.88,132.47,129.87,130.66,1971400,131.89,131.108,126.74,51.78,1.399,1.512,-0.113,131.108,135.724,126.493
2026-07-22,131.82,133.03,131.16,132.95,1789000,132.808,131.468,126.933,56.208,1.425,1.494,-0.07,131.468,135.399,127.537
2026-07-23,132.1,134.55,131.54,133.52,2019700,132.824,131.705,127.117,57.26,1.474,1.49,-0.017,131.705,135.524,127.886
2026-07-24,134.4,134.91,133.06,133.77,1468000,132.734,131.936,127.256,57.74,1.515,1.495,0.02,131.936,135.661,128.212
2026-07-27,132.65,135.69,132.54,133.67,2541100,132.914,132.03,127.399,57.462,1.522,1.501,0.022,132.03,135.833,128.227
2026-07-28,135.12,139.51,134.59,137.13,4666600,134.208,132.306,127.639,63.927,1.787,1.558,0.229,132.306,136.731,127.88
2026-07-29,137.68,139.37,136.16,137.18,3034900,135.054,132.629,127.913,64.012,1.978,1.642,0.336,132.629,137.488,127.77
2026-07-30,139.07,140.32,134.71,135.91,3580300,135.532,132.878,128.151,60.131,2.003,1.714,0.289,132.878,137.878,127.879
2026-07-31,135.75,136.0,133.24,133.28,3254400,135.434,132.744,128.35,52.969,1.791,1.729,0.061,132.744,137.536,127.953
2026-08-03,132.86,136.19,130.04,130.43,2497600,134.786,132.656,128.527,46.504,1.376,1.659,-0.282,132.656,137.554,127.757
2026-08-04,129.09,133.67,128.88,133.12,3673400,133.984,132.615,128.729,52.408,1.251,1.577,-0.327,132.615,137.482,127.748
2026-08-05,133.51,134.43,131.4,133.27,1963400,133.202,132.728,128.907,52.721,1.15,1.492,-0.342,132.728,137.543,127.913
2026-08-06,134.2,134.53,132.44,133.93,1471400,132.806,132.94,129.125,54.152,1.11,1.415,-0.305,132.94,137.561,128.319
2026-08-07,132.66,135.34,132.34,134.42,1200100,133.034,133.17,129.354,55.234,1.106,1.354,-0.248,133.17,137.592,128.747
2026-08-10,133.3,134.96,131.03,134.55,2478600,133.858,133.364,129.614,55.534,1.1,1.303,-0.203,133.364,137.662,129.066
2026-08-11,133.93,136.14,133.07,136.06,1729700,134.446,133.632,129.886,58.974,1.204,1.283,-0.079,133.632,137.899,129.365
2026-08-12,135.62,136.39,134.19,134.92,2902900,134.776,133.96,130.178,55.485,1.18,1.262,-0.082,133.96,137.46,130.46
2026-08-13,135.05,137.15,135.05,136.46,3409000,135.282,134.111,130.45,59.013,1.271,1.264,0.007,134.111,137.774,130.448
2026-08-14,136.5,136.99,135.08,136.2,1728100,135.638,134.21,130.714,58.174,1.307,1.273,0.034,134.21,137.99,130.43
2026-08-17,135.19,135.94,133.25,134.35,2106000,135.598,134.289,130.972,52.463,1.173,1.253,-0.08,134.289,138.008,130.57
2026-08-18,135.93,137.75,135.36,136.27,1892700,135.64,134.57,131.225,57.164,1.207,1.244,-0.036,134.57,137.968,131.171
2026-08-19,136.41,139.36,136.3,138.71,3029200,136.398,134.858,131.565,62.269,1.415,1.278,0.137,134.858,138.634,131.081
2026-08-20,137.96,139.34,137.09,137.21,1661700,136.548,135.042,131.815,57.715,1.443,1.311,0.132,135.042,138.903,131.181
2026-08-21,136.81,137.39,135.26,135.39,1942400,136.386,135.123,132.011,52.681,1.302,1.309,-0.007,135.123,138.939,131.307
2026-08-24,136.0,140.13,135.04,139.91,2406000,137.498,135.435,132.336,61.632,1.538,1.355,0.183,135.435,139.74,131.13
2026-08-25,139.0,139.8,137.1,137.6,1939600,137.764,135.459,132.579,55.82,1.521,1.388,0.133,135.459,139.807,131.11
2026-08-26,137.48,138.62,137.23,137.49,1361800,137.52,135.474,132.808,55.552,1.481,1.407,0.075,135.474,139.851,131.097
2026-08-27,136.05,138.26,135.27,136.69,2364100,137.416,135.513,132.989,53.534,1.37,1.399,-0.03,135.513,139.92,131.106
2026-08-28,137.0,138.45,136.23,138.3,1908200,137.998,135.764,133.264,56.925,1.395,1.399,-0.003,135.764,140.207,131.321
2026-08-31,136.98,138.89,136.36,138.23,2420100,137.662,136.154,133.544,56.731,1.394,1.398,-0.004,136.154,139.948,132.36
2026-09-01,139.17,139.56,136.73,137.4,1661800,137.622,136.368,133.81,54.367,1.31,1.38,-0.07,136.368,139.916,132.82
2026-09-02,137.18,142.27,136.22,139.49,2386700,138.022,136.679,134.084,59.0,1.397,1.383,0.013,136.679,140.174,133.184
2026-09-03,139.76,141.27,139.76,140.89,1835700,138.862,137.027,134.327,61.798,1.56,1.419,0.141,137.027,140.748,133.306
2026-09-04,140.0,141.28,139.43,140.7,2074100,139.342,137.341,134.558,61.188,1.655,1.466,0.189,137.341,141.193,133.489
