Date,Open,High,Low,Close,Volume,SMA5,SMA20,SMA50,RSI,MACD,MACD_signal,MACD_hist,BB_mid,BB_upper,BB_lower
2021-10-08,44.9,45.18,44.76,44.9,1320600,,,,,0.0,0.0,0.0,,,
2021-10-11,44.88,44.98,43.96,44.07,1732800,,,,,-0.066,-0.013,-0.053,,,
2021-10-12,43.97,44.17,43.5,43.63,1860100,,,,,-0.152,-0.041,-0.111,,,
2021-10-13,43.75,44.47,43.52,44.33,1389800,,,,,-0.162,-0.065,-0.097,,,
2021-10-14,44.48,44.57,44.25,44.47,1607000,44.28,,,,-0.157,-0.084,-0.073,,,
2021-10-15,44.59,45.25,44.59,45.06,2347700,44.312,,,,-0.104,-0.088,-0.016,,,
2021-10-18,44.69,45.22,44.47,44.91,1612500,44.48,,,,-0.074,-0.085,0.011,,,
2021-10-19,45.25,45.53,44.92,45.2,1587600,44.794,,,,-0.026,-0.073,0.048,,,
2021-10-20,45.39,46.35,45.35,46.32,1494100,45.192,,,,0.102,-0.038,0.14,,,
2021-10-21,46.18,46.63,46.09,46.6,1328500,45.618,,,,0.223,0.014,0.209,,,
2021-10-22,46.67,47.53,46.6,47.5,1428200,46.106,,,,0.387,0.089,0.298,,,
2021-10-25,47.52,48.22,47.33,48.01,1851400,46.726,,,,0.551,0.181,0.37,,,
2021-10-26,48.07,48.63,47.88,48.3,1574800,47.346,,,,0.697,0.284,0.413,,,
2021-10-27,48.48,48.94,48.39,48.88,1706300,47.858,,,,0.85,0.397,0.452,,,
2021-10-28,48.91,49.38,48.8,49.35,1743400,48.408,,,87.597,0.997,0.517,0.48,,,
2021-10-29,49.19,49.54,49.09,49.45,3686200,48.798,,,87.876,1.109,0.636,0.474,,,
2021-11-01,49.47,49.8,49.29,49.74,1748700,49.144,,,88.671,1.208,0.75,0.458,,,
2021-11-02,49.83,50.01,49.18,49.93,3139900,49.47,,,89.173,1.286,0.857,0.429,,,
2021-11-03,48.57,49.35,48.05,49.35,4351000,49.564,,,77.845,1.287,0.943,0.343,,,
2021-11-04,49.06,49.6,48.74,49.53,3716300,49.6,46.976,,78.747,1.287,1.012,0.275,46.976,51.47,42.483
2021-11-05,49.86,50.45,49.62,50.33,3085500,49.776,47.248,,82.214,1.336,1.077,0.259,47.248,51.867,42.629
2021-11-08,50.31,50.42,49.62,50.34,3263100,49.896,47.562,,82.253,1.36,1.133,0.227,47.562,52.123,43.0
2021-11-09,50.49,51.18,50.14,50.76,4093400,50.062,47.918,,83.854,1.397,1.186,0.211,47.918,52.297,43.539
2021-11-10,50.84,51.55,50.63,51.44,2860300,50.48,48.274,,86.047,1.464,1.242,0.223,48.274,52.58,43.967
2021-11-11,51.24,51.5,50.76,51.25,2435900,50.824,48.612,,82.668,1.485,1.29,0.195,48.612,52.721,44.504
2021-11-12,51.18,51.33,50.4,50.48,1114100,50.854,48.884,,70.571,1.423,1.317,0.106,48.884,52.711,45.056
2021-11-15,50.84,51.3,50.6,50.74,1928300,50.934,49.175,,72.058,1.379,1.329,0.05,49.175,52.594,45.756
2021-11-16,50.76,50.76,50.08,50.11,1608000,50.804,49.42,,63.664,1.279,1.319,-0.041,49.42,52.301,46.54
2021-11-17,49.91,50.73,49.65,50.65,1964300,50.646,49.637,,67.192,1.228,1.301,-0.073,49.637,52.166,47.108
2021-11-18,50.67,50.84,50.18,50.76,2190400,50.548,49.845,,67.876,1.184,1.278,-0.094,49.845,51.975,47.715
2021-11-19,50.81,51.4,50.41,51.0,1923300,50.652,50.02,,69.376,1.154,1.253,-0.098,50.02,51.899,48.141
2021-11-22,50.81,51.5,50.75,50.99,1858600,50.702,50.169,,69.231,1.118,1.226,-0.108,50.169,51.837,48.501
2021-11-23,51.07,51.64,51.0,51.48,2179300,50.976,50.328,,72.29,1.115,1.204,-0.089,50.328,51.846,48.81
2021-11-24,51.66,52.03,51.29,51.98,1746900,51.242,50.483,,75.018,1.14,1.191,-0.051,50.483,52.011,48.955
2021-11-26,51.32,51.59,50.77,51.03,965400,51.296,50.567,,62.438,1.071,1.167,-0.096,50.567,52.016,49.118
2021-11-29,51.33,52.05,51.03,51.92,2051000,51.48,50.69,,67.873,1.076,1.149,-0.073,50.69,52.159,49.222
2021-11-30,51.6,51.68,51.04,51.29,4362100,51.54,50.768,,61.13,1.017,1.122,-0.105,50.768,52.188,49.348
2021-12-01,51.76,52.19,51.27,51.56,2952400,51.556,50.85,,62.834,0.981,1.094,-0.113,50.85,52.254,49.445
2021-12-02,51.61,52.21,51.36,51.46,2975200,51.452,50.955,,61.754,0.933,1.062,-0.129,50.955,52.193,49.717
2021-12-03,51.86,52.39,51.42,52.34,2423100,51.714,51.096,,67.111,0.956,1.041,-0.085,51.096,52.289,49.902
2021-12-06,53.09,53.71,52.98,53.57,2467800,52.044,51.258,,72.838,1.061,1.045,0.016,51.258,52.832,49.683
2021-12-07,53.46,53.72,52.79,52.85,2382300,52.356,51.383,,65.634,1.073,1.05,0.023,51.383,53.048,49.718
2021-12-08,52.87,53.09,52.51,52.54,1958100,52.552,51.472,,62.755,1.046,1.049,-0.004,51.472,53.186,49.758
2021-12-09,52.37,52.8,51.95,52.26,2022600,52.712,51.513,,60.188,0.99,1.038,-0.047,51.513,53.263,49.763
2021-12-10,52.67,53.08,52.37,52.69,1484500,52.782,51.585,,62.711,0.97,1.024,-0.054,51.585,53.406,49.764
2021-12-13,52.47,52.82,52.17,52.55,1911500,52.578,51.688,,61.348,0.932,1.006,-0.074,51.688,53.48,49.897
2021-12-14,52.61,52.94,52.03,52.14,1737500,52.436,51.759,,57.412,0.858,0.976,-0.118,51.759,53.503,50.014
2021-12-15,52.28,52.92,52.18,52.88,2030600,52.504,51.897,,62.134,0.85,0.951,-0.101,51.897,53.526,50.268
2021-12-16,52.91,53.67,52.83,53.4,1672200,52.732,52.034,,65.065,0.876,0.936,-0.06,52.034,53.685,50.384
2021-12-17,53.19,53.49,52.28,52.41,4836300,52.676,52.117,49.775,56.153,0.807,0.91,-0.104,52.117,53.661,50.573
2021-12-20,52.1,52.78,51.58,52.76,3001200,52.718,52.205,49.932,58.326,0.771,0.882,-0.111,52.205,53.68,50.73
2021-12-21,53.05,53.49,52.54,52.83,1731900,52.856,52.297,50.107,58.766,0.74,0.854,-0.114,52.297,53.679,50.915
2021-12-22,52.81,53.26,52.74,53.13,1223900,52.906,52.379,50.297,60.683,0.731,0.829,-0.098,52.379,53.753,51.006
2021-12-23,52.98,53.45,52.98,53.17,879400,52.86,52.439,50.474,60.944,0.719,0.807,-0.088,52.439,53.843,51.035
2021-12-27,53.17,53.34,52.75,53.13,596100,53.004,52.544,50.647,60.512,0.699,0.786,-0.087,52.544,53.811,51.277
2021-12-28,53.05,53.64,53.05,53.59,693800,53.17,52.628,50.818,63.699,0.711,0.771,-0.06,52.628,53.941,51.314
2021-12-29,53.62,53.89,53.38,53.78,1050700,53.36,52.752,50.995,64.957,0.728,0.762,-0.034,52.752,54.002,51.502
2021-12-30,53.61,53.78,52.86,53.69,1764100,53.472,52.859,51.165,63.829,0.726,0.755,-0.029,52.859,54.042,51.675
2021-12-31,53.79,54.48,53.67,54.18,1048300,53.674,52.994,51.322,67.173,0.755,0.755,-0.0,52.994,54.126,51.863
2022-01-03,54.25,54.25,52.83,53.6,1579400,53.768,53.057,51.462,60.091,0.723,0.748,-0.026,53.057,54.175,51.94
2022-01-04,53.6,53.99,52.87,52.93,2403900,53.636,53.026,51.571,53.124,0.636,0.726,-0.09,53.026,54.118,51.933
2022-01-05,52.77,52.83,51.68,51.76,3346000,53.232,52.971,51.646,43.614,0.467,0.674,-0.207,52.971,54.2,51.742
2022-01-06,51.71,52.11,51.17,51.3,2482700,52.754,52.909,51.706,40.541,0.293,0.598,-0.305,52.909,54.339,51.479
2022-01-07,51.15,52.13,50.71,51.6,3703200,52.238,52.876,51.76,43.345,0.177,0.514,-0.337,52.876,54.396,51.356
2022-01-10,51.6,52.15,51.29,52.11,2701400,51.94,52.847,51.815,47.847,0.125,0.436,-0.311,52.847,54.404,51.29
2022-01-11,52.09,52.26,51.0,51.09,1768000,51.572,52.774,51.848,40.855,0.001,0.349,-0.348,52.774,54.516,51.032
2022-01-12,50.81,51.47,50.63,51.15,2093600,51.45,52.724,51.876,41.397,-0.091,0.261,-0.352,52.724,54.594,50.855
2022-01-13,51.05,51.38,50.74,50.86,2874800,51.362,52.624,51.895,39.511,-0.185,0.172,-0.357,52.624,54.667,50.58
2022-01-14,50.67,51.01,49.97,50.61,2617700,51.164,52.484,51.92,37.907,-0.277,0.082,-0.359,52.484,54.68,50.288
2022-01-18,50.37,51.01,49.75,50.61,2898600,50.864,52.394,51.942,37.907,-0.345,-0.003,-0.342,52.394,54.745,50.043
2022-01-19,50.57,51.16,50.4,50.41,1857000,50.728,52.276,51.943,36.531,-0.411,-0.085,-0.326,52.276,54.78,49.773
2022-01-20,50.51,51.16,50.17,50.32,1791600,50.562,52.151,51.943,35.9,-0.465,-0.161,-0.304,52.151,54.786,49.516
2022-01-21,50.56,50.56,49.87,50.0,1822400,50.39,51.994,51.928,33.672,-0.528,-0.234,-0.293,51.994,54.754,49.235
2022-01-24,49.66,49.94,48.17,49.44,2924300,50.156,51.808,51.888,30.145,-0.615,-0.311,-0.305,51.808,54.732,48.884
2022-01-25,48.81,49.4,48.55,49.04,2154100,49.842,51.604,51.843,27.898,-0.709,-0.39,-0.319,51.604,54.705,48.502
2022-01-26,49.24,49.97,48.85,49.31,1943400,49.622,51.39,51.82,31.604,-0.753,-0.463,-0.29,51.39,54.504,48.275
2022-01-27,49.72,50.01,48.62,48.82,1790300,49.322,51.142,51.782,28.719,-0.817,-0.534,-0.284,51.142,54.245,48.038
2022-01-28,48.62,49.55,48.57,49.24,2728000,49.17,50.919,51.764,34.259,-0.825,-0.592,-0.233,50.919,53.888,47.95
2022-01-31,49.01,50.03,48.82,49.85,5688600,49.252,50.702,51.748,41.385,-0.774,-0.628,-0.145,50.702,53.275,48.13
2022-02-01,49.94,50.4,48.68,48.96,3126600,49.236,50.47,51.712,35.363,-0.795,-0.662,-0.133,50.47,52.765,48.176
2022-02-02,48.9,49.32,48.85,49.15,2195800,49.204,50.282,51.675,37.455,-0.788,-0.687,-0.101,50.282,52.333,48.23
2022-02-03,49.08,49.33,48.74,48.74,1505000,49.188,50.13,51.63,34.834,-0.806,-0.711,-0.095,50.13,52.168,48.093
2022-02-04,48.33,48.94,47.92,48.55,1646400,49.05,49.993,51.572,33.659,-0.826,-0.734,-0.092,49.993,52.069,47.917
2022-02-07,48.47,48.99,48.39,48.87,1649200,48.854,49.856,51.509,37.485,-0.807,-0.748,-0.058,49.856,51.845,47.868
2022-02-08,49.15,49.28,48.67,48.86,1795400,48.834,49.694,51.466,37.412,-0.783,-0.755,-0.028,49.694,51.421,47.967
2022-02-09,49.13,49.33,48.86,49.04,1187400,48.812,49.592,51.408,39.677,-0.741,-0.752,0.011,49.592,51.21,47.973
2022-02-10,48.6,49.0,47.9,48.09,2658100,48.682,49.438,51.344,32.908,-0.776,-0.757,-0.019,49.438,51.014,47.863
2022-02-11,48.2,48.78,47.68,47.83,1473200,48.538,49.287,51.27,31.333,-0.815,-0.769,-0.046,49.287,50.87,47.704
2022-02-14,47.91,48.0,47.13,47.68,1546900,48.3,49.14,51.194,30.428,-0.849,-0.785,-0.064,49.14,50.75,47.531
2022-02-15,47.92,48.13,47.17,47.51,1916500,48.03,48.986,51.098,29.391,-0.879,-0.804,-0.075,48.986,50.596,47.375
2022-02-16,47.57,47.93,47.15,47.57,1756000,47.736,48.844,50.978,30.294,-0.887,-0.82,-0.067,48.844,50.426,47.261
2022-02-17,47.58,48.09,47.28,47.83,1872400,47.684,48.719,50.877,34.217,-0.863,-0.829,-0.034,48.719,50.201,47.237
2022-02-18,47.7,48.01,47.43,47.59,4279000,47.636,48.598,50.778,32.404,-0.854,-0.834,-0.02,48.598,50.033,47.164
2022-02-22,47.74,48.17,47.37,47.7,1874100,47.64,48.512,50.687,34.126,-0.828,-0.833,0.005,48.512,49.942,47.081
2022-02-23,47.67,47.94,46.82,46.85,1222500,47.508,48.402,50.57,28.155,-0.866,-0.839,-0.026,48.402,49.989,46.815
2022-02-24,46.66,47.01,45.93,46.97,1859400,47.388,48.285,50.459,30.017,-0.876,-0.847,-0.029,48.285,49.934,46.636
2022-02-25,47.43,49.66,47.24,49.5,2452600,47.722,48.319,50.406,55.94,-0.672,-0.812,0.139,48.319,50.041,46.597
2022-02-28,49.42,50.58,49.2,50.35,2901100,48.274,48.374,50.355,61.147,-0.437,-0.737,0.3,48.374,50.283,46.466
2022-03-01,50.33,51.06,49.92,50.53,2216200,48.84,48.408,50.298,62.166,-0.234,-0.636,0.402,48.408,50.447,46.37
2022-03-02,50.77,51.75,50.58,51.2,2394000,49.71,48.52,50.274,65.768,-0.018,-0.513,0.494,48.52,50.904,46.137
2022-03-03,51.38,51.98,51.31,51.8,2603700,50.676,48.653,50.254,68.646,0.199,-0.37,0.569,48.653,51.444,45.862
2022-03-04,51.6,52.13,51.16,52.07,2034300,51.19,48.82,50.239,69.873,0.388,-0.219,0.607,48.82,52.002,45.637
2022-03-07,52.2,52.76,51.7,52.55,1676400,51.63,49.02,50.228,71.974,0.57,-0.061,0.631,49.02,52.607,45.432
2022-03-08,52.68,52.84,51.72,51.74,1358900,51.872,49.163,50.199,63.879,0.642,0.08,0.562,49.163,52.95,45.376
2022-03-09,52.24,52.61,51.94,51.98,1601000,52.028,49.319,50.176,65.131,0.71,0.206,0.504,49.319,53.305,45.333
2022-03-10,51.71,52.35,51.71,52.21,903700,52.11,49.478,50.148,66.334,0.773,0.319,0.454,49.478,53.664,45.291
2022-03-11,52.21,52.54,51.37,51.44,1085200,51.984,49.645,50.102,58.992,0.753,0.406,0.347,49.645,53.866,45.424
2022-03-14,52.02,52.25,51.08,51.3,1301500,51.734,49.818,50.054,57.741,0.717,0.468,0.249,49.818,54.01,45.627
2022-03-15,51.82,52.55,51.55,52.5,1375000,51.886,50.06,50.02,64.661,0.776,0.53,0.247,50.06,54.288,45.831
2022-03-16,52.59,53.02,51.93,52.64,1864200,52.018,50.316,50.001,65.373,0.825,0.589,0.236,50.316,54.515,46.117
2022-03-17,52.63,53.06,52.33,52.55,1409800,52.086,50.565,49.993,64.473,0.847,0.64,0.207,50.565,54.668,46.462
2022-03-18,52.36,52.63,51.24,51.32,5133200,52.062,50.74,49.985,53.613,0.756,0.664,0.093,50.74,54.645,46.834
2022-03-21,51.53,52.02,51.34,51.95,1406000,52.192,50.958,49.998,57.556,0.727,0.676,0.051,50.958,54.601,47.314
2022-03-22,52.28,52.62,51.88,52.35,2187700,52.162,51.19,50.013,59.888,0.727,0.686,0.041,51.19,54.539,47.841
2022-03-23,52.36,52.98,52.19,52.87,2657000,52.208,51.491,50.028,62.753,0.761,0.701,0.06,51.491,54.223,48.759
2022-03-24,52.94,53.56,52.82,53.16,2875800,52.33,51.8,50.069,64.285,0.802,0.721,0.08,51.8,53.63,49.971
2022-03-25,53.38,54.71,53.17,54.61,2226500,52.988,52.056,50.138,70.76,0.94,0.765,0.175,52.056,53.958,50.154
2022-03-28,54.63,54.95,54.28,54.94,1305300,53.586,52.286,50.22,72.005,1.064,0.825,0.239,52.286,54.415,50.156
2022-03-29,55.08,55.37,54.51,55.36,1229800,54.188,52.527,50.315,73.547,1.183,0.897,0.286,52.527,54.9,50.154
2022-03-30,55.57,55.71,55.23,55.7,1265300,54.754,52.752,50.417,74.76,1.29,0.975,0.314,52.752,55.429,50.075
2022-03-31,55.45,56.45,55.29,56.22,3185000,55.366,52.973,50.533,76.532,1.4,1.06,0.34,52.973,56.023,49.923
2022-04-01,56.34,56.99,55.64,56.97,1945100,55.838,53.218,50.666,78.839,1.53,1.154,0.376,53.218,56.717,49.719
2022-04-04,56.66,56.83,55.96,56.78,1441700,56.206,53.43,50.802,76.779,1.6,1.243,0.356,53.43,57.254,49.605
2022-04-05,56.91,57.69,56.18,56.37,1626100,56.408,53.661,50.94,72.385,1.603,1.315,0.288,53.661,57.614,49.708
2022-04-06,56.45,57.39,56.17,57.37,1812900,56.742,53.931,51.107,75.994,1.667,1.386,0.282,53.931,58.128,49.733
2022-04-07,57.3,57.3,56.27,56.69,1744700,56.836,54.154,51.254,69.357,1.645,1.437,0.207,54.154,58.443,49.866
2022-04-08,57.15,57.76,56.73,57.7,2260300,56.982,54.467,51.432,73.113,1.688,1.488,0.201,54.467,58.834,50.101
2022-04-11,57.76,57.76,56.66,56.78,2246600,56.982,54.741,51.583,65.265,1.63,1.516,0.114,54.741,58.957,50.526
2022-04-12,56.82,57.76,56.59,57.64,1645100,57.236,54.998,51.739,68.653,1.635,1.54,0.095,54.998,59.265,50.732
2022-04-13,57.65,58.24,57.28,58.11,2114300,57.384,55.272,51.922,70.354,1.657,1.563,0.094,55.272,59.602,50.942
2022-04-14,58.13,58.25,57.59,57.61,1017500,57.568,55.525,52.091,66.235,1.616,1.574,0.042,55.525,59.776,51.274
2022-04-18,57.81,58.1,57.28,57.54,900200,57.536,55.836,52.267,65.656,1.559,1.571,-0.012,55.836,59.683,51.989
2022-04-19,57.65,58.0,57.5,57.59,1173100,57.698,56.118,52.448,65.885,1.501,1.557,-0.056,56.118,59.572,52.664
2022-04-20,58.16,58.6,58.04,58.34,1179200,57.838,56.418,52.637,69.21,1.499,1.545,-0.047,56.418,59.517,53.318
2022-04-21,58.19,58.8,57.96,58.31,1112100,57.878,56.689,52.826,68.921,1.477,1.532,-0.055,56.689,59.41,53.969
2022-04-22,58.23,58.29,57.37,57.43,1275400,57.842,56.903,52.994,60.88,1.373,1.5,-0.127,56.903,59.071,54.735
2022-04-25,57.63,57.74,56.12,57.15,1663800,57.764,57.03,53.175,58.54,1.254,1.451,-0.197,57.03,58.911,55.149
2022-04-26,56.85,57.47,56.26,56.32,1462600,57.51,57.099,53.345,52.141,1.08,1.376,-0.297,57.099,58.743,55.455
2022-04-27,56.5,56.99,55.99,56.46,1626300,57.134,57.154,53.52,53.073,0.942,1.29,-0.347,57.154,58.617,55.691
2022-04-28,56.77,57.26,56.24,56.78,1427900,56.828,57.208,53.706,55.219,0.849,1.202,-0.352,57.208,58.517,55.899
2022-04-29,56.62,56.66,55.08,55.16,2572000,56.374,57.155,53.858,44.199,0.638,1.089,-0.451,57.155,58.697,55.613
2022-05-02,55.53,55.83,53.94,54.46,2122100,55.836,57.03,53.99,40.443,0.409,0.953,-0.544,57.03,58.988,55.071
2022-05-03,54.96,55.9,54.59,54.87,2083100,55.546,56.934,54.136,43.473,0.257,0.814,-0.556,56.934,59.117,54.751
2022-05-04,54.74,56.61,54.74,56.42,1998700,55.538,56.936,54.31,53.172,0.259,0.703,-0.443,56.936,59.117,54.756
2022-05-05,56.33,56.68,54.71,55.19,1335000,55.22,56.828,54.477,46.372,0.16,0.594,-0.434,56.828,59.131,54.524
2022-05-06,55.04,56.51,55.04,56.38,1588100,55.464,56.812,54.665,52.678,0.175,0.51,-0.335,56.812,59.123,54.501
2022-05-09,56.18,56.78,55.45,56.18,2633100,55.808,56.736,54.799,51.58,0.169,0.442,-0.273,56.736,59.024,54.448
2022-05-10,55.62,56.67,53.59,54.12,2717300,55.658,56.603,54.874,41.897,-0.002,0.353,-0.355,56.603,59.172,54.034
2022-05-11,54.24,55.65,54.13,54.87,1696300,55.348,56.464,54.961,45.88,-0.076,0.267,-0.343,56.464,59.096,53.833
2022-05-12,52.97,53.99,51.59,52.01,4459700,54.712,56.16,54.977,35.8,-0.361,0.142,-0.503,56.16,59.344,52.975
2022-05-13,52.66,52.81,51.94,52.49,3002700,53.934,55.903,54.991,38.252,-0.542,0.005,-0.547,55.903,59.405,52.402
2022-05-16,52.87,53.75,52.56,53.4,2520700,53.378,55.696,55.018,42.719,-0.606,-0.117,-0.488,55.696,59.279,52.114
2022-05-17,53.75,53.75,52.74,53.46,2077500,53.246,55.49,55.036,43.012,-0.643,-0.222,-0.421,55.49,59.089,51.891
2022-05-18,53.54,53.76,52.67,52.79,1476000,52.83,55.212,55.057,40.521,-0.719,-0.322,-0.397,55.212,58.741,51.684
2022-05-19,52.74,52.94,51.77,52.81,2047700,52.99,54.938,55.073,40.632,-0.769,-0.411,-0.357,54.938,58.304,51.571
2022-05-20,52.7,53.02,51.97,52.81,1886700,53.054,54.706,55.085,40.632,-0.799,-0.489,-0.31,54.706,57.985,51.428
2022-05-23,53.4,53.83,52.86,53.29,1336200,53.032,54.514,55.122,43.551,-0.775,-0.546,-0.229,54.514,57.637,51.39
2022-05-24,53.37,54.62,52.97,54.6,1251600,53.26,54.428,55.188,50.678,-0.643,-0.565,-0.078,54.428,57.435,51.42
2022-05-25,54.56,54.92,54.18,54.87,1404300,53.676,54.348,55.236,52.022,-0.511,-0.554,0.044,54.348,57.209,51.487
2022-05-26,55.16,55.91,55.02,55.36,2069200,54.186,54.277,55.29,54.449,-0.362,-0.516,0.154,54.277,56.948,51.606
2022-05-27,55.18,56.63,55.17,56.18,2300600,54.86,54.328,55.363,58.255,-0.176,-0.448,0.272,54.328,57.107,51.549
2022-05-31,55.69,56.26,55.18,56.06,3662600,55.414,54.408,55.458,57.498,-0.038,-0.366,0.328,54.408,57.293,51.523
2022-06-01,56.32,56.36,55.0,55.92,2054200,55.678,54.46,55.537,56.574,0.06,-0.281,0.34,54.46,57.418,51.503
2022-06-02,56.19,56.53,54.84,56.42,1492600,55.988,54.46,55.618,59.101,0.175,-0.19,0.365,54.46,57.418,51.503
2022-06-03,56.14,56.5,55.86,55.96,1423300,56.108,54.499,55.68,55.879,0.227,-0.106,0.333,54.499,57.516,51.482
2022-06-06,55.9,56.11,55.49,55.65,1232800,56.002,54.462,55.73,53.753,0.24,-0.037,0.277,54.462,57.401,51.524
2022-06-07,55.58,56.34,55.34,56.32,1632300,56.054,54.47,55.764,57.516,0.301,0.031,0.271,54.47,57.426,51.513
2022-06-08,55.94,56.28,55.27,55.44,1202100,55.958,54.535,55.774,51.579,0.276,0.08,0.196,54.535,57.518,51.553
2022-06-09,55.77,56.31,53.45,53.52,1410400,55.378,54.468,55.737,41.512,0.099,0.084,0.016,54.468,57.479,51.457
2022-06-10,52.8,54.15,52.61,53.71,1624800,54.928,54.553,55.698,42.703,-0.025,0.062,-0.087,54.553,57.361,51.745
2022-06-13,52.71,53.1,49.76,50.02,2579300,53.802,54.43,55.574,29.942,-0.416,-0.034,-0.383,54.43,57.784,51.075
2022-06-14,50.35,50.36,48.29,48.9,1988200,52.318,54.204,55.412,27.278,-0.808,-0.189,-0.619,54.204,58.358,50.051
2022-06-15,49.28,49.82,48.31,49.02,1898000,51.034,53.982,55.257,28.017,-1.095,-0.37,-0.725,53.982,58.735,49.23
2022-06-16,48.27,48.49,47.4,48.38,2175500,50.006,53.762,55.097,26.472,-1.359,-0.568,-0.792,53.762,59.118,48.406
2022-06-17,48.61,48.81,46.99,47.25,3924200,48.714,53.484,54.895,23.959,-1.641,-0.782,-0.858,53.484,59.575,47.393
2022-06-21,47.46,48.64,47.36,48.34,1834900,48.378,53.26,54.728,30.784,-1.756,-0.977,-0.779,53.26,59.769,46.752
2022-06-22,47.93,48.71,47.76,48.21,1381300,48.24,53.006,54.538,30.433,-1.836,-1.149,-0.687,53.006,59.896,46.117
2022-06-23,48.35,48.88,48.34,48.69,1384900,48.174,52.711,54.376,33.449,-1.84,-1.287,-0.553,52.711,59.816,45.606
2022-06-24,48.9,50.49,48.8,50.35,1672000,48.568,52.485,54.23,42.7,-1.69,-1.368,-0.322,52.485,59.589,45.381
2022-06-27,50.28,50.93,50.07,50.74,1498300,49.266,52.254,54.083,44.647,-1.521,-1.398,-0.123,52.254,59.264,45.244
2022-06-28,51.05,51.34,49.96,50.03,1669400,49.604,51.946,53.931,41.859,-1.429,-1.405,-0.024,51.946,58.768,45.125
2022-06-29,50.26,50.44,49.7,50.41,1009900,50.044,51.664,53.789,43.879,-1.31,-1.386,0.076,51.664,58.232,45.096
2022-06-30,50.1,51.12,49.79,50.71,2233700,50.448,51.404,53.651,45.489,-1.178,-1.344,0.166,51.404,57.667,45.14
2022-07-01,50.88,51.77,50.71,51.7,1764900,50.718,51.168,53.518,50.533,-0.982,-1.272,0.29,51.168,56.974,45.361
2022-07-05,51.4,51.48,48.92,50.02,1842300,50.574,50.871,53.353,43.224,-0.951,-1.207,0.256,50.871,56.236,45.505
2022-07-06,50.36,51.05,49.87,50.48,1247900,50.664,50.612,53.214,45.546,-0.879,-1.142,0.262,50.612,55.483,45.741
2022-07-07,50.77,51.31,50.63,50.86,1718800,50.754,50.339,53.088,47.459,-0.783,-1.07,0.287,50.339,54.409,46.269
2022-07-08,50.97,50.99,50.33,50.66,942600,50.744,50.1,52.975,46.532,-0.715,-0.999,0.284,50.1,53.397,46.803
2022-07-11,50.45,50.98,50.08,50.68,831600,50.54,49.958,52.859,46.645,-0.651,-0.929,0.278,49.958,52.855,47.061
2022-07-12,50.33,51.17,50.24,50.5,706400,50.636,49.798,52.733,45.715,-0.608,-0.865,0.257,49.798,52.117,47.478
2022-07-13,49.95,51.04,49.81,50.44,1272400,50.628,49.818,52.639,45.391,-0.573,-0.807,0.234,49.818,52.154,47.483
2022-07-14,48.55,49.8,48.44,49.7,1907400,50.396,49.858,52.544,41.479,-0.597,-0.765,0.167,49.858,52.155,47.562
2022-07-15,50.14,50.14,49.26,49.92,1128000,50.248,49.904,52.445,43.05,-0.592,-0.73,0.138,49.904,52.166,47.641
2022-07-18,49.79,50.07,49.3,49.45,1068400,50.002,49.957,52.305,40.545,-0.619,-0.708,0.089,49.957,52.116,47.798
2022-07-19,49.81,50.4,49.55,49.98,1362900,49.898,50.094,52.201,44.469,-0.591,-0.685,0.094,50.094,51.837,48.35
2022-07-20,50.0,50.22,49.15,49.35,1765100,49.68,50.144,52.061,41.005,-0.612,-0.67,0.058,50.144,51.725,48.563
2022-07-21,49.3,49.4,48.78,49.27,1037100,49.594,50.197,51.922,40.573,-0.628,-0.662,0.034,50.197,51.561,48.833
2022-07-22,49.68,50.02,49.4,49.73,764800,49.556,50.249,51.835,44.214,-0.597,-0.649,0.052,50.249,51.44,49.058
2022-07-25,49.63,50.89,49.6,50.88,1070600,49.842,50.276,51.755,52.114,-0.474,-0.614,0.14,50.276,51.499,49.052
2022-07-26,50.94,51.41,50.92,51.27,1952200,50.1,50.302,51.74,54.468,-0.341,-0.559,0.218,50.302,51.589,49.015
2022-07-27,51.22,51.54,50.84,51.4,2118100,50.51,50.37,51.718,55.258,-0.222,-0.492,0.269,50.37,51.74,49.001
2022-07-28,51.98,53.38,51.61,53.11,1648500,51.278,50.506,51.712,64.083,0.009,-0.392,0.401,50.506,52.343,48.668
2022-07-29,54.24,55.04,53.58,54.96,3148200,52.324,50.718,51.742,70.795,0.338,-0.246,0.584,50.718,53.43,48.006
2022-08-01,54.73,54.95,53.88,54.32,1606000,53.012,50.849,51.773,66.187,0.541,-0.088,0.629,50.849,53.981,47.717
2022-08-02,54.5,56.26,54.34,55.64,2951900,53.886,51.13,51.83,70.458,0.799,0.089,0.71,51.13,54.894,47.366
2022-08-03,55.69,56.45,54.91,56.2,1866900,54.846,51.416,51.897,72.07,1.037,0.279,0.758,51.416,55.792,47.04
2022-08-04,56.17,56.29,55.76,55.91,1466800,55.406,51.668,51.95,69.942,1.188,0.461,0.728,51.668,56.471,46.866
2022-08-05,55.83,56.08,55.22,55.35,2393400,55.484,51.903,51.965,65.895,1.249,0.618,0.63,51.903,56.95,46.856
2022-08-08,55.71,56.16,54.56,54.9,1474800,55.6,52.114,51.965,62.753,1.246,0.744,0.502,52.114,57.297,46.931
2022-08-09,55.15,55.34,54.83,55.23,1591500,55.518,52.35,51.963,64.105,1.256,0.846,0.41,52.35,57.653,47.048
2022-08-10,55.6,55.66,54.8,55.23,1400400,55.324,52.59,51.944,64.105,1.249,0.927,0.322,52.59,57.962,47.218
2022-08-11,55.32,56.17,54.87,55.95,1768600,55.332,52.902,51.942,67.124,1.287,0.999,0.288,52.902,58.294,47.511
2022-08-12,56.41,57.44,56.24,57.37,1675100,55.736,53.275,51.971,72.106,1.416,1.082,0.333,53.275,58.825,47.725
2022-08-15,57.19,58.0,57.06,57.9,993900,56.336,53.698,52.0,73.708,1.542,1.174,0.368,53.698,59.308,48.087
2022-08-16,57.9,58.34,57.76,58.23,1144700,56.936,54.11,52.046,74.683,1.65,1.269,0.381,54.11,59.783,48.437
2022-08-17,57.93,58.5,57.69,58.43,1735800,57.576,54.564,52.101,75.281,1.732,1.362,0.37,54.564,60.084,49.044
2022-08-18,58.52,58.85,58.02,58.22,1410900,58.03,55.011,52.139,73.322,1.76,1.442,0.318,55.011,60.163,49.86
2022-08-19,58.15,58.27,57.7,58.01,1231100,58.158,55.426,52.191,71.323,1.745,1.502,0.242,55.426,60.099,50.752
2022-08-22,57.6,57.66,56.82,56.95,889700,57.968,55.729,52.259,62.119,1.628,1.527,0.101,55.729,59.923,51.535
2022-08-23,56.99,56.99,56.07,56.24,1188700,57.57,55.978,52.31,56.829,1.462,1.514,-0.052,55.978,59.611,52.344
2022-08-24,56.01,56.16,55.43,56.08,1054400,57.1,56.212,52.431,55.678,1.302,1.472,-0.17,56.212,59.137,53.286
2022-08-25,56.29,56.85,55.78,56.84,1191700,56.824,56.398,52.59,59.838,1.223,1.422,-0.199,56.398,58.942,53.854
2022-08-26,56.93,57.18,56.1,56.17,1046400,56.456,56.458,52.733,54.942,1.093,1.356,-0.263,56.458,58.914,54.003
2022-08-29,55.82,56.82,55.3,56.48,904600,56.362,56.567,52.895,56.707,1.004,1.286,-0.282,56.567,58.807,54.326
2022-08-30,56.43,56.59,55.47,55.81,1090300,56.276,56.575,53.066,51.969,0.869,1.203,-0.333,56.575,58.802,54.348
2022-08-31,55.74,56.25,54.93,54.96,2023000,56.052,56.513,53.198,46.644,0.686,1.099,-0.413,56.513,58.85,54.176
2022-09-01,54.95,55.59,54.36,55.36,1695100,55.756,56.486,53.341,49.278,0.566,0.993,-0.426,56.486,58.865,54.106
2022-09-02,55.6,56.16,54.96,55.11,1301100,55.544,56.474,53.47,47.694,0.446,0.883,-0.437,56.474,58.88,54.067
2022-09-06,54.46,54.74,52.9,53.41,3232200,54.93,56.399,53.531,38.603,0.212,0.749,-0.537,56.399,59.086,53.712
2022-09-07,53.54,55.27,53.54,55.17,2223800,54.802,56.396,53.62,49.364,0.166,0.632,-0.467,56.396,59.089,53.703
2022-09-08,55.06,55.69,54.78,55.57,1449500,54.924,56.413,53.73,51.446,0.16,0.538,-0.378,56.413,59.079,53.747
2022-09-09,56.02,56.39,55.25,56.03,1332400,55.058,56.417,53.843,53.8,0.19,0.468,-0.278,56.417,59.08,53.754
2022-09-12,56.1,57.74,56.1,57.67,1821800,55.57,56.432,53.982,61.049,0.342,0.443,-0.101,56.432,59.121,53.743
2022-09-13,57.05,57.28,55.49,55.87,1642500,56.062,56.33,54.065,51.498,0.314,0.417,-0.103,56.33,58.938,53.723
2022-09-14,56.09,56.61,55.91,56.35,1881900,56.298,56.236,54.192,53.583,0.327,0.399,-0.072,56.236,58.687,53.786
2022-09-15,56.15,56.22,55.25,55.39,2059200,56.262,56.084,54.29,49.042,0.256,0.371,-0.114,56.084,58.33,53.839
2022-09-16,55.48,55.51,54.31,54.75,2949800,56.006,55.911,54.368,46.229,0.147,0.326,-0.179,55.911,57.992,53.83
2022-09-19,54.57,55.54,54.34,55.44,1211300,55.56,55.783,54.464,49.586,0.115,0.284,-0.169,55.783,57.621,53.944
2022-09-20,55.06,55.22,54.29,54.91,1219100,55.368,55.681,54.548,47.151,0.046,0.236,-0.19,55.681,57.473,53.888
2022-09-21,55.25,55.45,53.68,53.69,1365900,54.836,55.553,54.612,42.033,-0.105,0.168,-0.273,55.553,57.531,53.575
2022-09-22,53.68,53.99,53.12,53.36,1509800,54.43,55.417,54.67,40.745,-0.249,0.084,-0.334,55.417,57.605,53.229
2022-09-23,52.71,52.82,51.46,52.6,1341500,54.0,55.205,54.728,37.867,-0.42,-0.016,-0.404,55.205,57.622,52.788
2022-09-26,52.51,52.64,50.7,51.23,1742100,53.158,54.958,54.755,33.3,-0.658,-0.145,-0.513,54.958,57.91,52.006
2022-09-27,51.48,51.95,49.7,49.77,2249300,52.13,54.622,54.761,29.251,-0.954,-0.307,-0.647,54.622,58.286,50.959
2022-09-28,50.4,50.54,49.52,49.72,4032000,51.336,54.318,54.756,29.121,-1.178,-0.481,-0.697,54.318,58.536,50.1
2022-09-29,49.58,49.62,47.08,47.13,2551500,50.09,53.926,54.711,23.315,-1.548,-0.694,-0.853,53.926,59.212,48.641
2022-09-30,47.43,47.58,46.39,46.41,6264700,48.852,53.479,54.654,22.002,-1.877,-0.931,-0.946,53.479,59.688,47.27
2022-10-03,47.42,48.94,47.03,48.72,3059900,48.35,53.16,54.634,34.708,-1.929,-1.13,-0.798,53.16,59.666,46.653
2022-10-04,48.68,49.99,48.58,49.9,2860700,48.376,52.984,54.614,40.078,-1.854,-1.275,-0.579,52.984,59.65,46.318
2022-10-05,49.16,49.77,48.54,49.29,2161800,48.29,52.69,54.575,38.324,-1.822,-1.385,-0.438,52.69,59.467,45.913
2022-10-06,49.18,49.22,47.78,48.11,2906100,48.486,52.317,54.509,35.12,-1.871,-1.482,-0.389,52.317,59.246,45.388
2022-10-07,48.09,48.35,47.53,48.09,2779000,48.822,51.92,54.409,35.067,-1.889,-1.563,-0.326,51.92,58.863,44.977
2022-10-10,48.29,48.83,47.44,47.45,1612600,48.568,51.409,54.258,33.318,-1.933,-1.637,-0.296,51.409,58.069,44.749
2022-10-11,47.26,47.88,46.84,47.13,1309200,48.014,50.972,54.115,32.446,-1.971,-1.704,-0.267,50.972,57.546,44.398
2022-10-12,46.88,47.11,45.53,45.57,1813500,47.27,50.433,53.913,28.529,-2.103,-1.784,-0.319,50.433,56.918,43.948
2022-10-13,45.12,46.93,44.66,46.67,1860800,46.982,49.997,53.723,34.531,-2.095,-1.846,-0.249,49.997,56.247,43.747
2022-10-14,47.12,47.34,45.07,45.14,2787000,46.392,49.516,53.507,30.673,-2.186,-1.914,-0.272,49.516,55.705,43.328
2022-10-17,45.89,46.99,45.89,46.85,1954700,46.272,49.087,53.337,38.891,-2.096,-1.951,-0.146,49.087,54.711,43.463
2022-10-18,47.44,47.72,46.64,47.1,1762100,46.266,48.696,53.181,40.011,-1.982,-1.957,-0.025,48.696,53.664,43.729
2022-10-19,46.39,46.93,46.08,46.54,1392900,46.46,48.339,53.007,38.317,-1.915,-1.949,0.033,48.339,52.797,43.881
2022-10-20,46.55,46.55,44.85,45.07,1336200,46.14,47.924,52.804,34.222,-1.958,-1.95,-0.007,47.924,51.936,43.913
2022-10-21,45.17,45.94,44.89,45.64,1365500,46.24,47.576,52.598,37.032,-1.924,-1.945,0.021,47.576,51.052,44.101
2022-10-24,45.94,46.35,45.36,45.75,1618100,46.02,47.302,52.366,37.587,-1.866,-1.929,0.063,47.302,50.409,44.196
2022-10-25,45.62,46.92,45.57,46.63,3788700,45.926,47.146,52.14,41.985,-1.729,-1.889,0.16,47.146,50.037,44.254
2022-10-26,46.97,47.21,46.36,46.66,1590100,45.95,46.992,51.909,42.135,-1.6,-1.831,0.231,46.992,49.623,44.362
2022-10-27,47.26,48.13,47.14,47.89,2317900,46.514,47.03,51.698,48.055,-1.383,-1.742,0.359,47.03,49.691,44.37
2022-10-28,48.12,49.45,48.12,49.41,1961400,47.268,47.18,51.522,54.279,-1.075,-1.608,0.533,47.18,50.026,44.335
2022-10-31,49.07,49.57,48.59,49.25,2289900,47.968,47.207,51.347,53.552,-0.835,-1.454,0.619,47.207,50.121,44.293
2022-11-01,49.87,49.87,49.0,49.63,1678600,48.568,47.194,51.2,55.091,-0.607,-1.284,0.678,47.194,50.057,44.33
2022-11-02,48.78,49.64,47.73,48.2,3324500,48.876,47.139,51.039,48.568,-0.535,-1.135,0.599,47.139,49.874,44.404
2022-11-03,47.83,48.47,47.4,47.95,1732200,48.888,47.131,50.877,47.509,-0.493,-1.006,0.513,47.131,49.855,44.407
2022-11-04,48.23,49.02,47.71,48.42,1368300,48.69,47.147,50.708,49.728,-0.417,-0.888,0.472,47.147,49.899,44.396
2022-11-07,48.22,48.33,46.48,47.37,1849200,48.314,47.144,50.532,45.137,-0.436,-0.798,0.362,47.144,49.894,44.393
2022-11-08,47.63,48.02,47.07,47.58,1511400,47.904,47.166,50.354,46.206,-0.43,-0.724,0.295,47.166,49.923,44.409
2022-11-09,47.41,47.72,46.97,47.01,1206700,47.666,47.238,50.178,43.715,-0.465,-0.672,0.207,47.238,49.893,44.583
2022-11-10,48.65,49.58,47.99,49.45,1953400,47.966,47.377,50.068,54.921,-0.293,-0.596,0.304,47.377,50.193,44.561
2022-11-11,49.53,49.6,48.58,49.11,1324100,48.104,47.576,49.943,53.328,-0.182,-0.514,0.332,47.576,50.285,44.866
2022-11-14,49.19,49.66,49.0,49.15,1871200,48.46,47.69,49.824,53.499,-0.089,-0.429,0.339,47.69,50.465,44.916
2022-11-15,49.74,50.4,49.12,49.77,2218500,48.898,47.824,49.751,56.178,0.034,-0.336,0.37,47.824,50.733,44.915
2022-11-16,49.7,50.34,49.68,50.06,1387700,49.508,48.0,49.649,57.413,0.152,-0.238,0.391,48.0,51.006,44.994
2022-11-17,49.46,49.59,48.64,49.09,1277900,49.436,48.201,49.519,52.119,0.167,-0.157,0.324,48.201,50.904,45.498
2022-11-18,49.69,50.91,49.69,50.63,1722300,49.74,48.45,49.411,58.64,0.299,-0.066,0.365,48.45,51.079,45.822
2022-11-21,50.54,51.18,50.46,50.82,1180300,50.074,48.704,49.274,59.375,0.414,0.03,0.384,48.704,51.211,46.197
2022-11-22,51.32,52.17,50.86,51.21,1079000,50.362,48.933,49.181,60.911,0.53,0.13,0.401,48.933,51.478,46.388
2022-11-23,51.12,52.29,51.12,52.28,1717600,50.806,49.214,49.1,64.838,0.701,0.244,0.457,49.214,51.937,46.491
2022-11-25,52.52,52.85,52.34,52.69,625900,51.526,49.454,49.046,66.238,0.86,0.367,0.492,49.454,52.512,46.396
2022-11-28,52.2,52.5,51.82,52.0,2610500,51.8,49.584,48.991,61.781,0.919,0.478,0.441,49.584,52.846,46.321
2022-11-29,51.79,52.26,51.33,52.1,2218000,52.056,49.726,48.924,62.178,0.963,0.575,0.388,49.726,53.171,46.281
2022-11-30,52.0,54.73,51.79,54.68,5860700,52.75,49.978,48.919,70.653,1.192,0.698,0.494,49.978,54.073,45.884
2022-12-01,54.97,55.04,53.69,53.74,2779900,53.042,50.256,48.92,64.943,1.283,0.815,0.468,50.256,54.586,45.925
2022-12-02,53.09,53.73,52.93,53.62,1658800,53.228,50.539,48.926,64.229,1.33,0.918,0.412,50.539,54.975,46.103
2022-12-05,53.12,53.67,53.06,53.42,1251300,53.512,50.789,48.942,62.987,1.336,1.002,0.334,50.789,55.285,46.293
2022-12-06,53.35,54.19,53.32,54.15,1816100,53.922,51.128,49.0,65.602,1.384,1.078,0.306,51.128,55.561,46.695
2022-12-07,54.09,54.5,53.51,53.62,1758800,53.71,51.43,49.077,62.168,1.363,1.135,0.228,51.43,55.664,47.196
2022-12-08,53.65,53.84,53.47,53.65,1807000,53.692,51.762,49.156,62.288,1.334,1.175,0.159,51.762,55.555,47.969
2022-12-09,53.64,54.69,53.56,53.97,1493500,53.762,51.988,49.293,63.618,1.321,1.204,0.117,51.988,55.739,48.237
2022-12-12,54.38,55.49,53.92,55.3,1911200,54.138,52.298,49.471,68.576,1.402,1.244,0.158,52.298,56.07,48.525
2022-12-13,56.18,56.64,54.82,55.67,1685800,54.442,52.624,49.61,69.809,1.479,1.291,0.188,52.624,56.378,48.869
2022-12-14,55.8,56.57,55.28,55.49,1670400,54.816,52.91,49.721,68.403,1.508,1.334,0.174,52.91,56.62,49.199
2022-12-15,55.09,55.18,54.14,54.74,1854200,55.034,53.144,49.83,62.734,1.454,1.358,0.096,53.144,56.683,49.604
2022-12-16,54.19,54.34,52.78,53.4,4609200,54.92,53.359,49.936,54.106,1.288,1.344,-0.056,53.359,56.341,50.377
2022-12-19,53.32,53.96,52.78,53.28,1396200,54.516,53.491,50.04,53.398,1.134,1.302,-0.168,53.491,56.184,50.799
2022-12-20,53.35,53.4,52.65,53.22,1261100,54.026,53.612,50.155,53.024,0.995,1.241,-0.245,53.612,55.999,51.224
2022-12-21,53.51,53.78,53.13,53.5,1361800,53.628,53.726,50.283,54.62,0.898,1.172,-0.274,53.726,55.832,51.62
2022-12-22,53.13,53.23,51.98,52.91,1595600,53.262,53.757,50.43,50.71,0.764,1.09,-0.326,53.757,55.79,51.725
2022-12-23,52.85,53.52,52.69,53.47,1000100,53.276,53.796,50.566,54.071,0.695,1.011,-0.316,53.796,55.772,51.821
2022-12-27,53.65,54.21,53.27,53.99,1058200,53.418,53.896,50.743,57.003,0.675,0.944,-0.269,53.896,55.682,52.11
2022-12-28,54.11,54.28,53.22,53.33,1192800,53.44,53.958,50.872,52.428,0.599,0.875,-0.276,53.958,55.558,52.357
2022-12-29,53.46,53.86,53.3,53.43,1418200,53.426,53.895,50.999,53.043,0.54,0.808,-0.268,53.895,55.474,52.316
2022-12-30,53.47,53.53,52.04,52.79,1532100,53.402,53.848,51.124,48.704,0.437,0.734,-0.297,53.848,55.502,52.193
2023-01-03,53.11,53.41,52.16,53.33,1769800,53.374,53.833,51.289,52.253,0.394,0.666,-0.272,53.833,55.501,52.165
2023-01-04,53.76,55.58,53.58,55.08,3094500,53.592,53.916,51.478,61.54,0.496,0.632,-0.136,53.916,55.66,52.172
2023-01-05,54.68,54.86,53.37,53.84,1738100,53.694,53.9,51.64,53.587,0.471,0.6,-0.129,53.9,55.642,52.159
2023-01-06,54.49,55.75,54.46,55.48,1591400,54.104,53.994,51.817,60.802,0.577,0.595,-0.018,53.994,55.865,52.122
2023-01-09,55.46,56.65,55.22,56.24,1990700,54.794,54.123,52.008,63.624,0.714,0.619,0.095,54.123,56.237,52.009
2023-01-10,55.93,56.77,55.09,56.58,2735000,55.444,54.254,52.182,64.843,0.84,0.663,0.177,54.254,56.634,51.873
2023-01-11,56.72,57.65,56.45,57.6,4205700,55.948,54.368,52.346,68.279,1.011,0.733,0.278,54.368,57.15,51.587
2023-01-12,57.66,57.91,56.78,56.79,3764700,56.538,54.424,52.497,63.013,1.069,0.8,0.269,54.424,57.357,51.492
2023-01-13,56.36,56.75,55.75,56.58,1485600,56.758,54.479,52.636,61.684,1.085,0.857,0.228,54.479,57.533,51.425
2023-01-17,57.03,57.8,56.88,57.0,3081900,56.91,54.592,52.812,63.349,1.119,0.909,0.21,54.592,57.847,51.337
2023-01-18,57.2,57.24,55.39,55.42,1893800,56.678,54.693,52.961,53.87,1.007,0.929,0.078,54.693,57.918,51.468
2023-01-19,55.14,55.31,54.13,54.49,2274000,56.056,54.753,53.082,49.203,0.833,0.91,-0.077,54.753,57.912,51.595
2023-01-20,54.49,55.42,53.87,55.37,1895300,55.772,54.861,53.242,53.324,0.758,0.879,-0.122,54.861,57.945,51.777
2023-01-23,55.35,56.57,55.29,55.61,1856300,55.578,54.966,53.403,54.41,0.709,0.845,-0.136,54.966,57.998,51.935
2023-01-24,55.46,56.49,54.94,56.27,1417700,55.432,55.134,53.588,57.349,0.716,0.819,-0.104,55.134,58.057,52.212
2023-01-25,55.73,56.2,55.53,56.03,1635300,55.554,55.262,53.72,55.937,0.694,0.794,-0.101,55.262,58.101,52.424
2023-01-26,55.92,56.83,55.9,56.73,1609300,56.002,55.4,53.872,59.101,0.724,0.78,-0.056,55.4,58.244,52.555
2023-01-27,56.66,57.16,56.5,57.03,1230000,56.334,55.584,54.03,60.412,0.764,0.777,-0.013,55.584,58.342,52.827
2023-01-30,56.73,57.22,56.5,56.54,1333000,56.52,55.74,54.165,57.186,0.747,0.771,-0.024,55.74,58.332,53.148
2023-01-31,56.94,57.18,56.16,57.17,2172100,56.7,55.959,54.307,60.134,0.776,0.772,0.004,55.959,58.22,53.698
2023-02-01,56.44,56.93,55.51,56.31,2265000,56.756,56.108,54.452,54.607,0.721,0.762,-0.041,56.108,58.003,54.213
2023-02-02,56.44,58.13,56.12,57.03,2491500,56.816,56.206,54.58,58.081,0.727,0.755,-0.028,56.206,58.078,54.333
2023-02-03,56.53,56.68,54.95,55.48,2281200,56.506,56.288,54.673,49.328,0.6,0.724,-0.124,56.288,57.84,54.735
2023-02-06,55.27,56.29,55.04,56.26,2372900,56.45,56.326,54.774,53.154,0.555,0.69,-0.135,56.326,57.832,54.821
2023-02-07,56.05,56.3,55.36,55.85,1414400,56.186,56.307,54.845,50.975,0.482,0.648,-0.167,56.307,57.828,54.786
2023-02-08,55.56,55.85,55.27,55.43,1025600,56.01,56.25,54.9,48.77,0.385,0.596,-0.211,56.25,57.813,54.686
2023-02-09,55.51,55.84,54.51,54.6,992700,55.524,56.1,54.952,44.659,0.239,0.524,-0.286,56.1,57.693,54.506
2023-02-10,54.79,55.71,54.63,55.6,1031300,55.548,56.04,55.022,50.115,0.201,0.46,-0.259,56.04,57.613,54.467
2023-02-13,55.6,56.57,55.58,56.44,1111100,55.584,56.033,55.057,54.2,0.236,0.415,-0.179,56.033,57.598,54.468
2023-02-14,56.29,56.77,55.8,56.04,1039200,55.622,55.985,55.103,52.016,0.229,0.378,-0.149,55.985,57.482,54.488
2023-02-15,55.81,56.2,55.41,56.17,1293100,55.77,56.022,55.154,52.683,0.232,0.349,-0.117,56.022,57.497,54.548
2023-02-16,55.46,56.09,54.98,55.77,918900,56.004,56.086,55.201,50.362,0.199,0.319,-0.12,56.086,57.382,54.791
2023-02-17,55.85,56.3,55.35,56.08,6172500,56.1,56.122,55.24,52.123,0.196,0.294,-0.098,56.122,57.373,54.871
2023-02-21,55.88,56.04,55.16,55.35,1700500,55.882,56.109,55.275,47.821,0.133,0.262,-0.129,56.109,57.387,54.831
2023-02-22,55.13,55.74,54.78,54.93,1702800,55.66,56.042,55.3,45.495,0.048,0.219,-0.171,56.042,57.421,54.663
2023-02-23,55.3,55.63,54.35,54.64,2142300,55.354,55.973,55.314,43.907,-0.042,0.167,-0.208,55.973,57.487,54.458
2023-02-24,55.22,57.16,55.18,56.94,3337100,55.588,55.983,55.346,56.79,0.072,0.148,-0.076,55.983,57.523,54.443
2023-02-27,57.33,57.9,56.45,56.53,1833000,55.678,55.958,55.364,54.392,0.128,0.144,-0.016,55.958,57.441,54.475
2023-02-28,56.37,56.54,54.9,54.93,3012400,55.594,55.878,55.352,46.194,0.042,0.124,-0.082,55.878,57.402,54.353
2023-03-01,54.76,54.76,53.43,53.59,2738900,55.326,55.698,55.329,40.665,-0.132,0.072,-0.205,55.698,57.413,53.984
2023-03-02,53.43,54.51,53.04,54.39,2450500,55.276,55.603,55.349,44.905,-0.204,0.017,-0.221,55.603,57.386,53.819
2023-03-03,54.49,55.87,54.23,55.84,1807400,55.056,55.543,55.4,51.648,-0.142,-0.015,-0.127,55.543,57.201,53.885
2023-03-06,55.89,56.83,55.86,56.77,2370200,55.104,55.608,55.471,55.417,-0.017,-0.015,-0.002,55.608,57.354,53.861
2023-03-07,56.9,57.01,55.63,55.91,1917500,55.3,55.59,55.52,51.425,0.012,-0.01,0.022,55.59,57.315,53.865
2023-03-08,55.88,56.77,55.71,56.66,1574600,55.914,55.63,55.595,54.503,0.094,0.011,0.083,55.63,57.419,53.842
2023-03-09,56.87,57.07,55.44,55.59,1699700,56.154,55.638,55.637,49.667,0.072,0.023,0.049,55.638,57.424,53.853
2023-03-10,55.75,55.88,54.57,54.95,1856700,55.976,55.656,55.656,46.983,0.004,0.019,-0.016,55.656,57.405,53.907
2023-03-13,54.65,56.93,54.54,55.91,1580100,55.804,55.672,55.708,51.24,0.026,0.021,0.005,55.672,57.424,53.919
2023-03-14,56.48,57.3,55.92,56.67,1512200,55.956,55.683,55.773,54.365,0.104,0.037,0.067,55.683,57.46,53.906
2023-03-15,56.2,57.17,55.77,56.52,2115600,55.928,55.707,55.847,53.635,0.152,0.06,0.092,55.707,57.517,53.897
2023-03-16,56.03,57.3,55.71,57.23,2203100,56.256,55.76,55.925,56.607,0.244,0.097,0.147,55.76,57.685,53.835
2023-03-17,57.21,57.26,55.91,56.22,4978000,56.51,55.783,55.948,51.545,0.233,0.124,0.109,55.783,57.719,53.846
2023-03-20,56.58,57.51,56.51,57.25,2204100,56.778,55.841,56.016,55.878,0.304,0.16,0.144,55.841,57.883,53.799
2023-03-21,57.41,57.62,55.77,56.26,2427100,56.696,55.886,56.032,51.144,0.278,0.184,0.094,55.886,57.923,53.85
2023-03-22,56.17,56.62,55.0,55.02,1872700,56.396,55.891,56.007,45.898,0.154,0.178,-0.023,55.891,57.919,53.863
2023-03-23,54.89,56.08,54.23,54.79,2614200,55.908,55.898,55.972,44.977,0.038,0.15,-0.112,55.898,57.908,53.889
2023-03-24,54.84,56.77,54.6,56.73,2041400,56.01,55.888,55.954,53.463,0.101,0.14,-0.039,55.888,57.877,53.899
2023-03-27,57.08,57.3,56.68,56.86,1976900,55.932,55.904,55.956,53.976,0.159,0.144,0.015,55.904,57.921,53.888
2023-03-28,56.71,57.61,56.64,57.0,1500100,56.08,56.008,55.964,54.556,0.215,0.158,0.057,56.008,58.026,53.99
2023-03-29,57.41,58.07,57.36,57.91,1872700,56.658,56.224,55.982,58.241,0.328,0.192,0.136,56.224,58.07,54.378
2023-03-30,58.09,58.73,58.09,58.7,2386100,57.44,56.439,56.048,61.183,0.476,0.249,0.227,56.439,58.387,54.492
2023-03-31,58.84,59.25,58.47,59.19,1937100,57.932,56.607,56.142,62.928,0.626,0.324,0.302,56.607,58.886,54.328
2023-04-03,58.81,59.71,58.42,59.15,2468400,58.39,56.726,56.217,62.68,0.733,0.406,0.327,56.726,59.273,54.179
2023-04-04,58.98,59.28,58.52,58.94,1527500,58.778,56.878,56.284,61.316,0.792,0.483,0.308,56.878,59.577,54.178
2023-04-05,59.19,60.75,58.96,60.59,1921100,59.314,57.074,56.37,67.333,0.96,0.579,0.382,57.074,60.238,53.91
2023-04-06,60.8,61.01,60.17,60.85,1349800,59.744,57.337,56.467,68.174,1.102,0.683,0.419,57.337,60.839,53.835
2023-04-10,60.54,61.15,60.33,61.08,1129400,60.122,57.643,56.554,68.935,1.219,0.791,0.429,57.643,61.333,53.954
2023-04-11,61.06,61.47,60.95,61.06,1206300,60.504,57.901,56.634,68.781,1.295,0.891,0.404,57.901,61.795,54.007
2023-04-12,61.34,61.48,60.9,61.27,1550600,60.97,58.131,56.729,69.55,1.357,0.985,0.372,58.131,62.255,54.007
2023-04-13,60.8,61.42,60.07,61.17,1731700,61.086,58.364,56.809,68.682,1.382,1.064,0.318,58.364,62.627,54.1
2023-04-14,60.64,60.67,59.91,60.05,1285400,60.926,58.504,56.884,59.696,1.296,1.11,0.186,58.504,62.797,54.212
2023-04-17,60.18,60.53,59.91,60.44,1398900,60.798,58.716,56.952,61.581,1.245,1.137,0.108,58.716,62.949,54.482
2023-04-18,60.46,61.08,60.33,60.47,1395800,60.68,58.876,57.052,61.729,1.194,1.149,0.045,58.876,63.121,54.632
2023-04-19,60.44,61.37,60.44,61.0,1280100,60.626,59.114,57.147,64.347,1.182,1.155,0.027,59.114,63.271,54.956
2023-04-20,61.06,61.51,60.75,61.21,1107100,60.634,59.423,57.254,65.358,1.176,1.16,0.017,59.423,63.202,55.644
2023-04-21,61.63,61.73,61.01,61.16,922900,60.856,59.741,57.368,64.886,1.154,1.159,-0.004,59.741,62.899,56.584
2023-04-24,61.27,61.78,61.01,61.78,885700,61.124,59.994,57.512,67.974,1.173,1.162,0.012,59.994,62.938,57.05
2023-04-25,61.63,62.14,61.54,61.86,881000,61.402,60.244,57.637,68.361,1.181,1.165,0.016,60.244,62.902,57.586
2023-04-26,61.49,62.0,60.78,61.21,1553500,61.444,60.455,57.733,61.83,1.122,1.157,-0.035,60.455,62.659,58.25
2023-04-27,61.43,61.81,60.8,61.69,1182200,61.54,60.643,57.846,64.525,1.101,1.146,-0.044,60.643,62.559,58.728
2023-04-28,61.47,61.94,61.39,61.72,1646700,61.652,60.794,57.957,64.693,1.075,1.132,-0.057,60.794,62.533,59.056
2023-05-01,61.83,62.82,61.65,62.01,1353500,61.698,60.935,58.081,66.35,1.065,1.118,-0.053,60.935,62.581,59.29
2023-05-02,62.01,62.15,60.96,61.45,2214500,61.616,61.05,58.189,60.45,1.001,1.095,-0.094,61.05,62.477,59.624
2023-05-03,62.4,62.4,59.9,60.1,2628900,61.394,61.109,58.284,49.113,0.831,1.042,-0.211,61.109,62.237,59.98
2023-05-04,60.64,61.46,59.47,60.79,2365200,61.214,61.119,58.401,53.874,0.744,0.982,-0.239,61.119,62.231,60.006
2023-05-05,60.28,61.83,59.59,61.68,1569700,61.206,61.16,58.542,59.18,0.738,0.933,-0.196,61.16,62.293,60.027
2023-05-08,61.48,62.03,61.18,61.54,783300,61.112,61.183,58.634,58.049,0.713,0.889,-0.176,61.183,62.327,60.039
2023-05-09,61.36,61.81,61.16,61.74,1110600,61.17,61.217,58.738,59.247,0.702,0.852,-0.15,61.217,62.386,60.048
2023-05-10,62.08,62.39,61.6,62.21,958700,61.592,61.264,58.884,61.995,0.723,0.826,-0.103,61.264,62.515,60.013
2023-05-11,62.3,62.38,61.21,61.39,2011100,61.712,61.275,59.04,55.025,0.666,0.794,-0.128,61.275,62.526,60.024
2023-05-12,61.83,62.33,61.21,61.78,1508300,61.732,61.362,59.187,57.474,0.644,0.764,-0.12,61.362,62.489,60.234
2023-05-15,62.06,62.25,60.35,60.58,1256000,61.54,61.368,59.282,48.689,0.524,0.716,-0.192,61.368,62.474,60.263
2023-05-16,60.57,60.59,58.91,58.95,1232600,60.982,61.292,59.326,39.792,0.295,0.632,-0.337,61.292,62.795,59.79
2023-05-17,59.21,59.22,58.35,58.48,1607600,60.236,61.166,59.377,37.655,0.074,0.52,-0.447,61.166,63.126,59.207
2023-05-18,58.11,58.22,57.2,57.73,1503300,59.504,60.992,59.399,34.474,-0.16,0.384,-0.544,60.992,63.482,58.503
2023-05-19,58.1,58.37,57.12,57.22,1788700,58.592,60.796,59.431,32.465,-0.382,0.231,-0.613,60.796,63.799,57.792
2023-05-22,57.46,57.61,56.51,56.75,1371600,57.826,60.544,59.467,30.691,-0.589,0.067,-0.656,60.544,64.008,57.08
2023-05-23,56.59,57.31,56.41,56.49,1007100,57.334,60.276,59.479,29.723,-0.766,-0.1,-0.666,60.276,64.121,56.43
2023-05-24,56.18,56.51,55.61,55.83,1031600,56.804,60.006,59.462,27.363,-0.948,-0.269,-0.678,60.006,64.303,55.71
2023-05-25,55.71,55.73,54.61,55.06,1471400,56.27,59.675,59.433,24.882,-1.141,-0.444,-0.697,59.675,64.424,54.926
2023-05-26,55.01,55.5,54.22,55.03,1644600,55.832,59.341,59.389,24.788,-1.282,-0.611,-0.67,59.341,64.414,54.267
2023-05-30,55.08,56.12,54.93,55.11,1456500,55.504,58.996,59.367,25.598,-1.371,-0.763,-0.608,58.996,64.241,53.75
2023-05-31,55.12,56.74,55.12,56.62,4153900,55.53,58.754,59.354,38.958,-1.305,-0.872,-0.433,58.754,63.968,53.54
2023-06-01,56.44,56.64,55.4,55.92,2042900,55.548,58.545,59.347,35.753,-1.294,-0.956,-0.338,58.545,63.866,53.224
2023-06-02,55.73,56.58,55.35,55.92,1877300,55.72,58.302,59.365,35.753,-1.271,-1.019,-0.252,58.302,63.635,52.968
2023-06-05,56.01,57.02,55.78,56.02,879600,55.918,58.018,59.39,36.617,-1.23,-1.061,-0.169,58.018,63.196,52.841
2023-06-06,56.49,56.72,55.93,55.94,1055300,56.084,57.738,59.374,36.198,-1.191,-1.087,-0.104,57.738,62.716,52.761
2023-06-07,56.23,57.68,55.65,57.61,1555300,56.282,57.532,59.389,49.262,-1.013,-1.072,0.059,57.532,62.139,52.925
2023-06-08,57.53,57.77,56.8,57.5,1409600,56.598,57.296,59.399,48.556,-0.871,-1.032,0.161,57.296,61.345,53.248
2023-06-09,57.5,57.64,56.31,56.79,2002700,56.772,57.066,59.377,44.162,-0.806,-0.987,0.18,57.066,60.629,53.504
2023-06-12,56.94,57.16,56.39,56.73,1132300,56.914,56.814,59.337,43.801,-0.751,-0.94,0.188,56.814,59.601,54.027
2023-06-13,56.36,57.15,56.29,56.92,1185200,57.11,56.631,59.292,45.324,-0.685,-0.889,0.204,56.631,58.786,54.476
2023-06-14,57.12,57.59,56.93,57.16,1997600,57.02,56.542,59.252,47.269,-0.605,-0.832,0.227,56.542,58.423,54.66
2023-06-15,57.47,57.94,57.01,57.69,1114000,57.058,56.502,59.227,51.38,-0.494,-0.765,0.27,56.502,58.239,54.765
2023-06-16,58.02,59.26,57.9,58.85,3758000,57.47,56.558,59.192,58.929,-0.309,-0.673,0.365,56.558,58.52,54.596
2023-06-20,58.89,58.91,57.57,57.67,1393200,57.658,56.58,59.129,50.363,-0.254,-0.59,0.335,56.58,58.584,54.577
2023-06-21,57.6,58.67,57.33,58.47,1245400,57.968,56.666,59.076,55.126,-0.145,-0.501,0.356,56.666,58.841,54.492
2023-06-22,58.7,58.88,57.82,57.94,1056300,58.124,56.739,59.014,51.594,-0.099,-0.42,0.321,56.739,58.984,54.494
2023-06-23,57.83,57.99,56.75,56.82,1590200,57.95,56.788,58.925,45.028,-0.152,-0.367,0.214,56.788,58.993,54.584
2023-06-26,57.14,57.9,56.95,57.69,1205400,57.718,56.92,58.855,50.317,-0.123,-0.318,0.195,56.92,59.0,54.84
2023-06-27,57.89,58.25,57.71,58.2,1330300,57.824,57.078,58.818,53.162,-0.057,-0.266,0.209,57.078,59.032,55.125
2023-06-28,58.1,58.1,57.13,57.33,1426700,57.596,57.189,58.756,48.102,-0.075,-0.228,0.153,57.189,58.91,55.469
2023-06-29,56.75,57.92,56.64,57.5,1539500,57.508,57.234,58.697,49.121,-0.074,-0.197,0.123,57.234,58.938,55.529
2023-06-30,57.79,58.37,57.72,58.24,1766100,57.792,57.35,58.642,53.41,-0.014,-0.16,0.147,57.35,58.992,55.707
2023-07-03,58.04,58.85,57.91,58.56,736200,57.966,57.482,58.589,55.169,0.059,-0.116,0.176,57.482,59.064,55.899
2023-07-05,58.35,60.01,58.16,59.52,1989000,58.23,57.656,58.556,60.045,0.193,-0.054,0.247,57.656,59.33,55.983
2023-07-06,58.94,59.12,58.48,58.85,1526500,58.534,57.802,58.497,55.508,0.241,0.005,0.237,57.802,59.348,56.256
2023-07-07,58.06,58.94,57.8,58.36,1139600,58.706,57.84,58.427,52.39,0.237,0.051,0.186,57.84,59.402,56.277
2023-07-10,58.14,58.41,57.34,57.9,990700,58.638,57.86,58.361,49.574,0.195,0.08,0.115,57.86,59.414,56.305
2023-07-11,58.02,58.82,57.91,58.8,729700,58.686,57.96,58.303,54.703,0.232,0.11,0.121,57.96,59.483,56.437
2023-07-12,59.05,59.82,58.9,59.72,897800,58.726,58.11,58.263,59.264,0.331,0.154,0.176,58.11,59.709,56.51
2023-07-13,59.53,60.14,59.37,60.13,1037700,58.982,58.27,58.226,61.142,0.438,0.211,0.227,58.27,60.005,56.535
2023-07-14,59.99,60.18,59.42,59.73,876700,59.256,58.398,58.191,58.318,0.484,0.266,0.219,58.398,60.168,56.629
2023-07-17,59.39,59.79,59.03,59.24,895200,59.524,58.476,58.174,54.968,0.476,0.308,0.168,58.476,60.251,56.701
2023-07-18,59.2,59.75,58.04,58.8,1027900,59.524,58.474,58.134,52.075,0.429,0.332,0.097,58.474,60.246,56.701
2023-07-19,58.93,60.18,58.93,59.87,1143300,59.554,58.584,58.098,57.88,0.473,0.36,0.113,58.584,60.418,56.749
2023-07-20,59.97,61.33,59.58,61.15,1543200,59.758,58.718,58.09,63.565,0.604,0.409,0.195,58.718,60.88,56.555
2023-07-21,61.4,61.81,61.0,61.36,1360900,60.084,58.888,58.083,64.414,0.717,0.471,0.246,58.888,61.316,56.461
2023-07-24,61.36,61.73,61.03,61.48,1037700,60.532,59.122,58.068,64.917,0.806,0.538,0.269,59.122,61.607,56.636
2023-07-25,61.48,61.69,61.05,61.36,1581000,61.044,59.305,58.067,63.944,0.858,0.602,0.256,59.305,61.886,56.724
2023-07-26,61.36,62.18,60.8,61.11,1679700,61.292,59.45,58.054,61.863,0.868,0.655,0.213,59.45,62.096,56.805
2023-07-27,60.83,61.47,59.93,60.06,1463000,61.074,59.587,58.044,53.927,0.783,0.681,0.102,59.587,62.047,57.127
2023-07-28,61.75,62.91,60.95,61.84,2498700,61.17,59.804,58.101,62.67,0.849,0.714,0.135,59.804,62.255,57.353
2023-07-31,61.71,61.71,60.51,60.99,2855200,61.072,59.942,58.152,57.098,0.824,0.736,0.087,59.942,62.331,57.552
2023-08-01,60.97,61.47,60.14,60.21,1391600,60.842,60.024,58.201,52.486,0.732,0.735,-0.004,60.024,62.325,57.723
2023-08-02,60.08,61.08,59.64,60.63,1283400,60.746,60.08,58.269,54.612,0.685,0.725,-0.04,60.08,62.382,57.777
2023-08-03,60.42,60.42,59.37,59.62,1103600,60.658,60.118,58.327,48.941,0.56,0.692,-0.132,60.118,62.359,57.877
2023-08-04,59.82,60.05,58.48,58.69,1633400,60.028,60.134,58.371,44.372,0.382,0.63,-0.248,60.134,62.326,57.943
2023-08-07,59.33,59.47,58.95,59.15,980400,59.66,60.197,58.437,47.007,0.274,0.559,-0.285,60.197,62.181,58.213
2023-08-08,59.02,59.79,58.5,59.75,1097000,59.568,60.244,58.531,50.314,0.235,0.494,-0.259,60.244,62.131,58.358
2023-08-09,59.53,60.1,59.15,59.57,1332600,59.356,60.237,58.622,49.319,0.187,0.433,-0.246,60.237,62.134,58.34
2023-08-10,59.74,60.19,59.04,59.29,1472300,59.29,60.195,58.705,47.739,0.125,0.371,-0.246,60.195,62.138,58.252
2023-08-11,59.48,59.88,59.19,59.78,814500,59.508,60.198,58.769,50.715,0.114,0.32,-0.206,60.198,62.138,58.257
2023-08-14,59.5,59.52,58.64,59.13,1574100,59.504,60.192,58.833,46.9,0.052,0.266,-0.214,60.192,62.145,58.239
2023-08-15,58.85,58.94,58.31,58.33,1430600,59.22,60.168,58.881,42.647,-0.061,0.201,-0.261,60.168,62.202,58.135
2023-08-16,58.57,58.85,58.33,58.62,1052600,59.03,60.106,58.933,44.608,-0.125,0.136,-0.261,60.106,62.251,57.961
2023-08-17,58.74,59.41,58.13,58.14,1897000,58.8,59.955,58.977,42.046,-0.213,0.066,-0.279,59.955,62.212,57.699
2023-08-18,57.97,58.65,57.79,58.52,1612800,58.548,59.814,58.995,44.751,-0.248,0.003,-0.251,59.814,62.055,57.572
2023-08-21,58.35,58.74,57.57,58.49,1380000,58.42,59.664,59.015,44.574,-0.276,-0.053,-0.223,59.664,61.835,57.493
2023-08-22,58.59,59.19,58.47,58.94,1296800,58.542,59.543,59.058,47.902,-0.258,-0.094,-0.165,59.543,61.582,57.504
2023-08-23,59.19,59.33,58.67,59.26,1479100,58.67,59.45,59.109,50.191,-0.216,-0.118,-0.098,59.45,61.354,57.547
2023-08-24,59.3,60.04,58.96,58.96,1277800,58.834,59.396,59.149,48.059,-0.205,-0.136,-0.069,59.396,61.288,57.503
2023-08-25,59.21,59.58,58.82,59.27,970900,58.984,59.267,59.192,50.404,-0.169,-0.142,-0.026,59.267,60.77,57.764
2023-08-28,59.42,59.81,59.09,59.09,940900,59.104,59.172,59.22,49.02,-0.153,-0.144,-0.008,59.172,60.437,57.907
2023-08-29,59.1,59.58,58.93,59.47,816000,59.21,59.135,59.232,52.015,-0.108,-0.137,0.029,59.135,60.313,57.957
2023-08-30,59.35,59.79,58.93,59.27,764600,59.212,59.067,59.264,50.339,-0.088,-0.127,0.039,59.067,60.016,58.118
2023-08-31,59.42,59.69,58.34,58.35,2533000,59.09,59.004,59.262,43.409,-0.145,-0.131,-0.014,59.004,59.967,58.04
2023-09-01,58.74,58.91,57.5,57.98,1349100,58.832,58.968,59.262,40.966,-0.217,-0.148,-0.069,58.968,60.028,57.908
2023-09-05,57.79,58.01,56.6,56.98,1454900,58.41,58.859,59.266,35.201,-0.351,-0.189,-0.162,58.859,60.237,57.482
2023-09-06,57.07,57.58,56.82,57.41,1760500,57.998,58.742,59.26,39.165,-0.418,-0.234,-0.183,58.742,60.197,57.288
2023-09-07,57.85,58.74,57.41,58.21,1690000,57.786,58.674,59.26,45.808,-0.401,-0.268,-0.133,58.674,60.093,57.256
2023-09-08,58.38,59.3,58.24,59.16,1108200,57.948,58.668,59.297,52.449,-0.308,-0.276,-0.032,58.668,60.076,57.26
2023-09-11,59.33,59.83,59.12,59.22,1170200,58.196,58.64,59.331,52.842,-0.227,-0.266,0.039,58.64,59.975,57.305
2023-09-12,59.34,59.75,59.09,59.58,1725900,58.716,58.662,59.358,55.233,-0.132,-0.239,0.108,58.662,60.047,57.278
2023-09-13,59.69,60.24,59.48,59.96,2195500,59.226,58.744,59.386,57.672,-0.025,-0.196,0.171,58.744,60.234,57.254
2023-09-14,60.58,60.87,60.3,60.62,1542800,59.708,58.844,59.408,61.588,0.111,-0.135,0.246,58.844,60.551,57.137
2023-09-15,60.36,61.13,60.31,60.65,2876700,60.006,58.97,59.444,61.761,0.219,-0.064,0.283,58.97,60.822,57.117
2023-09-18,60.85,60.97,60.05,60.36,1521600,60.234,59.062,59.484,58.993,0.278,0.004,0.273,59.062,61.0,57.123
2023-09-19,60.42,60.59,59.45,59.49,1725000,60.216,59.112,59.516,51.531,0.251,0.054,0.198,59.112,61.04,57.183
2023-09-20,59.58,59.79,58.8,59.12,2850100,60.048,59.12,59.522,48.709,0.198,0.082,0.116,59.12,61.047,57.194
2023-09-21,58.85,59.33,58.35,58.4,2550400,59.604,59.078,59.496,43.694,0.097,0.085,0.011,59.078,61.029,57.126
2023-09-22,58.24,58.24,57.62,57.69,2006800,59.012,59.014,59.447,39.388,-0.04,0.06,-0.101,59.014,61.062,56.966
2023-09-25,57.36,57.67,57.07,57.33,1767800,58.406,58.917,59.399,37.377,-0.176,0.013,-0.189,58.917,61.094,56.74
2023-09-26,57.0,57.15,55.44,55.77,2599600,57.662,58.751,59.33,30.184,-0.405,-0.071,-0.334,58.751,61.34,56.162
2023-09-27,55.67,55.95,55.12,55.35,2922800,56.908,58.545,59.261,28.589,-0.613,-0.179,-0.434,58.545,61.52,55.57
2023-09-28,55.72,55.95,54.43,54.51,2044900,56.13,58.307,59.153,25.667,-0.836,-0.311,-0.526,58.307,61.761,54.853
2023-09-29,54.92,55.14,53.35,54.26,2901500,55.444,58.102,59.016,24.853,-1.021,-0.453,-0.569,58.102,62.001,54.204
2023-10-02,54.08,54.2,51.98,52.33,3059700,54.444,57.82,58.835,19.667,-1.309,-0.624,-0.685,57.82,62.497,53.143
2023-10-03,51.85,52.76,51.08,52.49,2692800,53.788,57.596,58.655,21.137,-1.506,-0.8,-0.706,57.596,62.839,52.352
2023-10-04,52.62,52.86,51.61,52.49,2271900,53.216,57.35,58.478,21.137,-1.644,-0.969,-0.675,57.35,63.07,51.629
2023-10-05,52.45,52.88,51.66,52.03,2423100,52.72,57.04,58.296,19.922,-1.769,-1.129,-0.64,57.04,63.215,50.866
2023-10-06,51.33,53.49,50.42,53.2,2281800,52.508,56.743,58.159,30.814,-1.754,-1.254,-0.5,56.743,63.06,50.425
2023-10-09,53.05,53.62,52.7,53.6,1666700,52.762,56.462,57.994,34.113,-1.691,-1.341,-0.349,56.462,62.814,50.109
2023-10-10,53.83,54.47,53.63,54.24,2058500,53.112,56.194,57.859,39.116,-1.571,-1.387,-0.183,56.194,62.444,49.945
2023-10-11,54.7,55.76,54.45,55.66,1958000,53.746,55.979,57.768,48.466,-1.345,-1.379,0.034,55.979,61.974,49.985
2023-10-12,55.55,56.12,54.8,55.63,2237300,54.466,55.73,57.668,48.298,-1.156,-1.334,0.178,55.73,61.312,50.148
2023-10-13,56.08,56.71,55.78,56.31,1710200,55.088,55.513,57.602,52.348,-0.94,-1.255,0.315,55.513,60.606,50.42
2023-10-16,56.74,56.78,55.76,56.71,1534800,55.71,55.33,57.562,54.601,-0.728,-1.15,0.422,55.33,59.93,50.731
2023-10-17,56.29,57.0,56.14,56.9,1895600,56.242,55.201,57.517,55.673,-0.539,-1.028,0.489,55.201,59.439,50.963
2023-10-18,56.81,57.06,56.12,56.24,2416000,56.358,55.057,57.447,51.154,-0.437,-0.91,0.473,55.057,58.913,51.201
2023-10-19,56.17,56.46,54.68,54.86,2490200,56.204,54.88,57.353,43.249,-0.462,-0.82,0.358,54.88,58.4,51.36
2023-10-20,54.94,55.41,53.72,53.76,3260500,55.694,54.684,57.242,38.184,-0.565,-0.769,0.204,54.684,57.974,51.393
2023-10-23,53.49,54.08,52.89,53.01,2574100,54.954,54.468,57.107,35.161,-0.698,-0.755,0.057,54.468,57.589,51.346
2023-10-24,53.8,55.16,53.56,54.92,2087600,54.558,54.425,57.023,46.729,-0.642,-0.732,0.09,54.425,57.495,51.355
2023-10-25,54.39,54.86,54.19,54.26,1560300,54.162,54.37,56.941,43.82,-0.644,-0.715,0.071,54.37,57.41,51.331
2023-10-26,54.38,55.37,54.38,54.6,1738400,54.11,54.375,56.861,45.696,-0.611,-0.694,0.083,54.375,57.416,51.334
2023-10-27,54.34,54.7,52.84,53.1,2139800,53.978,54.317,56.76,39.439,-0.698,-0.695,-0.003,54.317,57.411,51.223
2023-10-30,53.58,54.02,53.23,53.75,1513200,54.126,54.388,56.665,43.076,-0.706,-0.697,-0.009,54.388,57.352,51.424
2023-10-31,53.89,54.37,53.49,54.06,2168200,53.954,54.466,56.576,44.78,-0.68,-0.694,0.014,54.466,57.299,51.634
2023-11-01,54.41,55.23,53.71,54.84,2084700,54.07,54.584,56.494,48.921,-0.589,-0.673,0.084,54.584,57.262,51.906
2023-11-02,54.89,55.94,53.99,54.55,4449500,54.06,54.71,56.4,47.495,-0.534,-0.645,0.111,54.71,57.104,52.316
2023-11-03,55.14,55.72,54.56,54.91,2642100,54.422,54.795,56.319,49.464,-0.457,-0.607,0.151,54.795,57.083,52.508
2023-11-06,54.78,55.04,54.4,54.76,2686700,54.624,54.854,56.229,48.646,-0.403,-0.566,0.164,54.854,57.071,52.636
2023-11-07,54.92,54.92,54.18,54.45,1347100,54.702,54.864,56.136,46.917,-0.381,-0.529,0.149,54.864,57.071,52.657
2023-11-08,54.13,54.14,53.34,53.94,1915500,54.522,54.778,56.025,44.138,-0.4,-0.503,0.104,54.778,56.988,52.568
2023-11-09,54.08,54.86,54.03,54.15,2433800,54.442,54.704,55.923,45.568,-0.393,-0.481,0.088,54.704,56.893,52.515
2023-11-10,54.46,54.69,53.9,54.62,1886200,54.384,54.619,55.848,48.73,-0.346,-0.454,0.108,54.619,56.674,52.565
2023-11-13,54.44,54.77,53.33,53.36,1902000,54.104,54.452,55.756,41.731,-0.406,-0.445,0.039,54.452,56.327,52.577
2023-11-14,54.73,56.44,54.73,56.33,2602100,54.48,54.424,55.743,57.3,-0.211,-0.398,0.187,54.424,56.154,52.693
2023-11-15,56.11,56.69,55.74,55.95,2893400,54.882,54.409,55.714,55.265,-0.086,-0.336,0.249,54.409,56.079,52.739
2023-11-16,56.41,56.84,56.17,56.57,1717000,55.366,54.494,55.681,57.893,0.062,-0.256,0.318,54.494,56.418,52.571
2023-11-17,56.93,56.93,56.29,56.52,1463700,55.746,54.633,55.628,57.599,0.173,-0.17,0.343,54.633,56.723,52.542
2023-11-20,56.2,56.66,55.42,56.31,1525900,56.336,54.797,55.57,56.306,0.242,-0.088,0.329,54.797,56.869,52.726
2023-11-21,56.36,56.42,55.61,56.18,935100,56.306,54.86,55.502,55.477,0.282,-0.014,0.296,54.86,57.023,52.698
2023-11-22,56.26,56.56,55.68,56.49,1247900,56.414,54.972,55.433,57.1,0.336,0.056,0.279,54.972,57.232,52.712
2023-11-24,56.41,56.48,56.08,56.45,419200,56.39,55.064,55.349,56.812,0.37,0.119,0.251,55.064,57.41,52.719
2023-11-27,56.66,56.91,56.15,56.81,4282200,56.448,55.25,55.272,58.824,0.422,0.179,0.242,55.25,57.527,52.973
2023-11-28,56.81,57.39,56.48,57.0,2463800,56.586,55.412,55.205,59.887,0.473,0.238,0.235,55.412,57.703,53.122
2023-11-29,57.14,57.32,56.2,56.39,1915900,56.628,55.529,55.143,54.982,0.459,0.282,0.176,55.529,57.766,53.292
2023-11-30,56.61,57.5,56.34,57.43,3981500,56.816,55.658,55.109,60.867,0.525,0.331,0.194,55.658,58.024,53.293
2023-12-01,57.44,57.86,57.22,57.85,2615000,57.096,55.824,55.098,62.971,0.605,0.386,0.219,55.824,58.32,53.327
2023-12-04,57.49,58.08,57.14,57.75,1752400,57.284,55.966,55.1,62.115,0.653,0.439,0.213,55.966,58.564,53.367
2023-12-05,57.68,57.86,56.84,57.2,1851400,57.324,56.088,55.097,57.483,0.638,0.479,0.16,56.088,58.677,53.498
2023-12-06,57.42,57.66,57.14,57.57,2427200,57.56,56.244,55.133,59.662,0.65,0.513,0.137,56.244,58.793,53.694
2023-12-07,57.76,58.1,57.24,57.7,1799000,57.614,56.432,55.18,60.43,0.662,0.543,0.119,56.432,58.815,54.048
2023-12-08,57.65,57.93,57.1,57.82,2275800,57.608,56.615,55.246,61.164,0.673,0.569,0.104,56.615,58.817,54.413
2023-12-11,57.61,58.4,57.33,58.32,2652800,57.722,56.8,55.327,64.15,0.714,0.598,0.116,56.8,58.916,54.684
2023-12-12,58.24,58.24,57.63,57.97,2433500,57.876,57.03,55.44,60.636,0.71,0.62,0.09,57.03,58.463,55.598
2023-12-13,57.91,60.73,57.59,60.68,2310800,58.498,57.248,55.604,72.979,0.915,0.679,0.236,57.248,59.382,55.114
2023-12-14,61.16,61.54,59.89,60.28,2902800,59.014,57.464,55.76,69.514,1.033,0.75,0.283,57.464,59.901,55.028
2023-12-15,59.51,60.32,59.3,60.05,5245500,59.46,57.638,55.92,67.529,1.096,0.819,0.277,57.638,60.293,54.984
2023-12-18,60.08,60.46,59.62,59.8,2122400,59.756,57.802,56.052,65.344,1.112,0.878,0.235,57.802,60.569,55.036
2023-12-19,60.02,60.3,59.81,60.02,2166200,60.166,57.988,56.181,66.375,1.13,0.928,0.202,57.988,60.83,55.146
2023-12-20,60.09,60.2,58.91,58.95,2321400,59.82,58.126,56.275,57.428,1.046,0.952,0.094,58.126,60.866,55.387
2023-12-21,59.04,59.59,58.6,59.04,1204100,59.572,58.254,56.342,57.941,0.975,0.957,0.019,58.254,60.908,55.6
2023-12-22,59.44,60.08,59.31,59.56,1448000,59.474,58.41,56.421,60.878,0.95,0.955,-0.005,58.41,60.982,55.837
2023-12-26,59.56,61.53,59.45,61.41,2816500,59.796,58.64,56.523,69.134,1.067,0.978,0.09,58.64,61.424,55.855
2023-12-27,61.28,61.72,60.92,61.65,1608900,60.122,58.872,56.622,70.018,1.166,1.015,0.151,58.872,61.85,55.894
2023-12-28,61.03,62.07,61.03,62.05,1114100,60.742,59.155,56.725,71.484,1.262,1.065,0.197,59.155,62.214,56.096
2023-12-29,61.97,62.04,61.54,61.96,1414000,61.326,59.382,56.839,70.647,1.316,1.115,0.201,59.382,62.571,56.192
2024-01-02,61.75,62.8,61.5,62.69,1626800,61.952,59.624,56.996,73.371,1.401,1.172,0.229,59.624,63.049,56.198
2024-01-03,62.51,62.83,61.48,62.04,2702500,62.078,59.838,57.161,67.376,1.4,1.218,0.182,59.838,63.307,56.369
2024-01-04,62.24,62.84,61.84,62.65,2264500,62.278,60.11,57.354,69.865,1.432,1.261,0.171,60.11,63.563,56.658
2024-01-05,62.63,63.14,62.28,62.89,1900900,62.446,60.376,57.514,70.808,1.46,1.3,0.159,60.376,63.825,56.928
2024-01-08,62.85,63.48,62.59,63.41,1213000,62.736,60.662,57.697,72.795,1.506,1.342,0.165,60.662,64.123,57.201
2024-01-09,62.91,63.41,62.66,63.28,1090400,62.854,60.935,57.87,71.485,1.515,1.376,0.139,60.935,64.312,57.558
2024-01-10,63.21,63.24,62.63,62.69,1371800,62.984,61.153,58.062,65.705,1.458,1.393,0.065,61.153,64.38,57.927
2024-01-11,62.45,62.47,61.32,61.68,1678200,62.79,61.339,58.221,57.182,1.316,1.377,-0.061,61.339,64.201,58.477
2024-01-12,62.12,62.24,61.68,61.84,1584600,62.58,61.397,58.376,58.109,1.203,1.342,-0.14,61.397,64.25,58.544
2024-01-16,61.9,61.91,60.76,60.81,2748800,62.06,61.424,58.496,50.525,1.018,1.277,-0.26,61.424,64.243,58.604
2024-01-17,60.53,61.3,59.68,60.06,1620400,61.416,61.424,58.606,45.834,0.801,1.182,-0.381,61.424,64.242,58.606
2024-01-18,59.84,60.02,59.21,59.45,1774700,60.768,61.407,58.697,42.387,0.574,1.061,-0.486,61.407,64.271,58.542
2024-01-19,59.87,59.87,58.83,59.18,1807800,60.268,61.365,58.785,40.92,0.368,0.922,-0.554,61.365,64.337,58.392
2024-01-22,59.18,59.36,58.28,58.63,2985600,59.626,61.348,58.869,38.033,0.159,0.769,-0.611,61.348,64.379,58.318
2024-01-23,58.56,58.83,57.42,58.07,2694900,59.078,61.3,58.951,35.302,-0.052,0.605,-0.657,61.3,64.511,58.089
2024-01-24,58.36,58.36,56.3,56.49,4461100,58.364,61.146,58.998,28.978,-0.343,0.416,-0.758,61.146,64.947,57.346
2024-01-25,57.32,58.5,57.07,58.1,5967200,58.094,60.981,59.068,40.645,-0.438,0.245,-0.683,60.981,65.015,56.947
2024-01-26,58.34,58.75,58.06,58.5,2284700,57.958,60.824,59.17,43.144,-0.475,0.101,-0.576,60.824,64.991,56.656
2024-01-29,58.45,58.93,58.3,58.67,2155800,57.966,60.654,59.217,44.219,-0.486,-0.017,-0.47,60.654,64.886,56.423
2024-01-30,58.53,58.87,58.04,58.33,2186700,58.018,60.473,59.265,42.489,-0.516,-0.116,-0.4,60.473,64.78,56.166
2024-01-31,58.85,58.93,57.7,58.48,15490300,58.416,60.262,59.303,43.539,-0.522,-0.197,-0.324,60.262,64.524,56.001
2024-02-01,58.26,59.26,57.25,59.18,2821300,58.632,60.119,59.356,48.282,-0.464,-0.251,-0.213,60.119,64.322,55.917
2024-02-02,58.72,58.76,57.34,57.95,2000600,58.522,59.884,59.389,41.659,-0.512,-0.303,-0.209,59.884,64.016,55.753
2024-02-05,57.33,57.42,56.75,56.82,2401400,58.152,59.581,59.402,36.681,-0.634,-0.369,-0.265,59.581,63.674,55.488
2024-02-06,56.72,56.82,56.38,56.45,2395000,57.776,59.233,59.401,35.198,-0.751,-0.446,-0.306,59.233,63.135,55.331
2024-02-07,56.56,56.88,56.0,56.71,2106600,57.422,58.904,59.406,37.122,-0.814,-0.519,-0.295,58.904,62.463,55.346
2024-02-08,56.39,56.66,55.15,56.09,2574200,56.804,58.575,59.392,34.492,-0.904,-0.596,-0.308,58.575,61.869,55.28
2024-02-09,55.86,56.3,55.76,56.07,1761100,56.428,58.294,59.373,34.407,-0.965,-0.67,-0.295,58.294,61.426,55.162
2024-02-12,56.15,56.71,55.95,56.66,1659000,56.396,58.035,59.379,39.153,-0.955,-0.727,-0.228,58.035,60.764,55.306
2024-02-13,56.38,56.71,54.73,55.82,1679000,56.27,57.786,59.346,35.243,-1.004,-0.782,-0.221,57.786,60.353,55.218
2024-02-14,55.93,56.44,55.67,56.36,2308800,56.2,57.6,59.317,39.431,-0.987,-0.823,-0.164,57.6,60.007,55.194
2024-02-15,56.67,57.62,56.59,57.6,1813000,56.502,57.508,59.314,47.78,-0.864,-0.831,-0.032,57.508,59.751,55.265
2024-02-16,57.32,57.72,56.79,57.47,2538000,56.782,57.422,59.319,47.048,-0.768,-0.819,0.051,57.422,59.523,55.322
2024-02-20,57.37,58.2,57.22,57.67,1922900,56.984,57.374,59.321,48.359,-0.668,-0.788,0.121,57.374,59.402,55.347
2024-02-21,58.02,58.94,57.79,58.89,2136100,57.598,57.416,59.345,55.585,-0.485,-0.728,0.243,57.416,59.533,55.298
2024-02-22,58.5,59.11,58.11,58.43,4509600,58.012,57.512,59.357,52.597,-0.372,-0.657,0.284,57.512,59.629,55.396
2024-02-23,59.08,60.09,58.57,59.16,3213600,58.324,57.566,59.374,56.585,-0.222,-0.57,0.348,57.566,59.794,55.337
2024-02-26,58.98,59.03,57.66,57.68,2288000,58.366,57.524,59.368,47.803,-0.219,-0.5,0.28,57.524,59.711,55.338
2024-02-27,57.86,58.76,57.78,58.68,1774600,58.568,57.525,59.328,53.1,-0.135,-0.427,0.292,57.525,59.712,55.338
2024-02-28,58.59,58.91,58.15,58.8,2113700,58.55,57.549,59.298,53.707,-0.058,-0.353,0.295,57.549,59.782,55.315
2024-02-29,58.98,59.73,58.64,58.95,4416000,58.654,57.572,59.276,54.5,0.015,-0.279,0.294,57.572,59.856,55.288
2024-03-01,58.74,58.79,57.52,57.68,2057300,58.358,57.497,59.234,47.139,-0.029,-0.229,0.2,57.497,59.654,55.34
2024-03-04,57.48,58.56,57.42,58.46,1353300,58.514,57.522,59.203,51.474,-0.002,-0.184,0.182,57.522,59.714,55.331
2024-03-05,58.69,59.5,57.91,58.16,1361800,58.41,57.59,59.187,49.783,-0.004,-0.148,0.144,57.59,59.772,55.407
2024-03-06,58.72,59.42,58.45,59.15,1292900,58.48,57.724,59.189,55.033,0.074,-0.103,0.177,57.724,59.944,55.505
2024-03-07,59.72,59.97,59.4,59.76,1193500,58.642,57.877,59.193,57.95,0.182,-0.046,0.229,57.877,60.219,55.535
2024-03-08,59.82,60.22,59.51,60.03,920300,59.112,58.074,59.166,59.211,0.287,0.02,0.266,58.074,60.445,55.703
2024-03-11,59.89,60.54,59.8,60.14,1273500,59.448,58.277,59.135,59.741,0.374,0.091,0.283,58.277,60.623,55.932
2024-03-12,59.77,60.25,59.55,60.2,1387600,59.856,58.455,59.098,60.046,0.443,0.161,0.282,58.455,60.821,56.088
2024-03-13,60.43,60.93,60.13,60.36,1607600,60.098,58.681,59.066,60.896,0.505,0.23,0.275,58.681,60.846,56.517
2024-03-14,60.06,60.39,58.92,59.32,1784500,60.01,58.83,58.999,53.0,0.464,0.277,0.187,58.83,60.712,56.947
2024-03-15,59.05,59.96,59.05,59.63,4035600,59.93,58.931,58.951,54.878,0.452,0.312,0.14,58.931,60.752,57.11
2024-03-18,59.68,60.08,59.33,59.76,1282800,59.854,59.046,58.893,55.678,0.448,0.339,0.109,59.046,60.765,57.326
2024-03-19,59.88,60.35,59.58,60.23,1225500,59.86,59.174,58.84,58.539,0.477,0.367,0.11,59.174,60.842,57.505
2024-03-20,60.13,60.61,59.62,60.23,1637700,59.834,59.24,58.776,58.539,0.494,0.392,0.102,59.24,60.968,57.513
2024-03-21,60.29,61.61,60.25,60.81,1823400,60.132,59.36,58.727,62.046,0.548,0.423,0.125,59.36,61.177,57.542
2024-03-22,61.18,61.18,60.12,60.28,1401400,60.262,59.415,58.679,57.279,0.542,0.447,0.095,59.415,61.276,57.555
2024-03-25,60.51,60.6,59.83,60.0,1161200,60.31,59.531,58.645,54.879,0.509,0.459,0.049,59.531,61.217,57.846
2024-03-26,60.01,60.09,59.1,59.13,1813400,60.09,59.554,58.591,48.133,0.408,0.449,-0.041,59.554,61.204,57.904
2024-03-27,59.61,60.89,59.56,60.84,1639000,60.212,59.656,58.591,58.843,0.46,0.451,0.009,59.656,61.361,57.951
2024-03-28,60.91,62.1,60.83,62.01,1898500,60.452,59.809,58.63,64.278,0.589,0.479,0.11,59.809,61.776,57.842
2024-04-01,61.88,61.88,60.9,61.75,1306600,60.746,60.012,58.676,62.308,0.663,0.516,0.147,60.012,61.892,58.133
2024-04-02,61.56,62.08,61.33,61.48,1327000,61.042,60.164,58.722,60.244,0.692,0.551,0.141,60.164,62.003,58.324
2024-04-03,61.56,61.8,61.24,61.28,1302800,61.472,60.319,58.775,58.694,0.69,0.579,0.112,60.319,61.962,58.677
2024-04-04,61.95,61.99,60.65,61.24,1375500,61.552,60.424,58.839,58.37,0.678,0.599,0.08,60.424,62.019,58.829
2024-04-05,60.87,62.47,60.68,62.09,2881400,61.568,60.541,58.951,63.035,0.729,0.625,0.104,60.541,62.266,58.815
2024-04-08,62.11,62.53,61.62,61.96,1898600,61.61,60.637,59.028,61.892,0.75,0.65,0.1,60.637,62.456,58.818
2024-04-09,62.23,62.43,61.84,62.15,1552100,61.744,60.738,59.101,62.949,0.773,0.674,0.098,60.738,62.66,58.815
2024-04-10,60.83,60.83,59.99,60.42,1642200,61.572,60.748,59.136,49.491,0.644,0.668,-0.024,60.748,62.66,58.837
2024-04-11,60.72,60.87,60.0,60.35,1517700,61.394,60.748,59.176,49.034,0.53,0.641,-0.11,60.748,62.66,58.836
2024-04-12,60.36,60.81,59.74,60.17,1311200,61.01,60.79,59.21,47.812,0.421,0.597,-0.176,60.79,62.604,58.977
2024-04-15,60.63,60.68,59.2,59.51,1158200,60.52,60.784,59.217,43.529,0.277,0.533,-0.255,60.784,62.615,58.954
2024-04-16,59.4,59.44,58.35,58.57,1425900,59.804,60.725,59.229,38.27,0.087,0.444,-0.357,60.725,62.762,58.688
2024-04-17,59.06,59.72,58.74,59.65,1719100,59.65,60.696,59.286,46.298,0.023,0.359,-0.337,60.696,62.778,58.614
2024-04-18,59.94,60.07,59.38,59.73,1359800,59.526,60.671,59.351,46.849,-0.021,0.283,-0.304,60.671,62.789,58.553
2024-04-19,59.86,61.45,59.86,61.31,1342500,59.754,60.696,59.443,56.376,0.071,0.241,-0.17,60.696,62.832,58.56
2024-04-22,61.32,62.42,61.03,61.95,1438500,60.242,60.78,59.561,59.54,0.193,0.231,-0.038,60.78,62.977,58.582
2024-04-23,61.98,62.67,61.79,62.11,1713500,60.95,60.885,59.681,60.314,0.299,0.245,0.054,60.885,63.127,58.643
2024-04-24,61.53,62.38,61.22,62.09,3702500,61.438,61.033,59.79,60.159,0.377,0.271,0.106,61.033,63.176,58.89
2024-04-25,61.98,62.48,61.16,62.36,2164400,61.964,61.109,59.921,61.595,0.456,0.308,0.148,61.109,63.329,58.889
2024-04-26,62.38,62.71,61.37,61.49,2625000,62.0,61.083,60.023,54.749,0.443,0.335,0.108,61.083,63.271,58.895
2024-04-29,61.79,62.54,61.75,62.53,2448500,62.116,61.122,60.122,60.413,0.51,0.37,0.14,61.122,63.387,58.857
2024-04-30,62.24,62.97,61.48,62.3,3091400,62.154,61.163,60.219,58.664,0.539,0.404,0.135,61.163,63.484,58.842
2024-05-01,61.86,63.03,60.76,62.49,2646500,62.234,61.224,60.315,59.702,0.571,0.437,0.134,61.224,63.619,58.828
2024-05-02,62.57,63.19,62.36,63.09,2007200,62.38,61.316,60.399,62.872,0.637,0.477,0.16,61.316,63.853,58.779
2024-05-03,63.56,63.72,62.92,63.42,1476200,62.766,61.382,60.499,64.525,0.708,0.523,0.185,61.382,64.07,58.695
2024-05-06,63.65,64.03,63.24,64.01,1289900,63.062,61.485,60.596,67.326,0.803,0.579,0.223,61.485,64.411,58.559
2024-05-07,64.44,64.87,64.0,64.78,1687300,63.558,61.616,60.738,70.59,0.929,0.649,0.28,61.616,64.885,58.348
2024-05-08,64.64,64.85,64.3,64.74,1579900,64.008,61.832,60.859,70.198,1.014,0.722,0.292,61.832,65.331,58.334
2024-05-09,64.71,65.65,64.54,65.54,2207000,64.498,62.092,60.994,73.383,1.133,0.804,0.329,62.092,65.885,58.299
2024-05-10,65.75,65.83,64.94,65.65,2189200,64.944,62.366,61.128,73.798,1.222,0.888,0.334,62.366,66.361,58.371
2024-05-13,65.71,66.05,65.15,65.26,1262500,65.194,62.653,61.279,69.654,1.247,0.96,0.287,62.653,66.61,58.697
2024-05-14,66.19,66.33,65.4,65.68,1339800,65.374,63.009,61.424,71.509,1.286,1.025,0.261,63.009,66.689,59.329
2024-05-15,66.52,66.62,65.88,66.38,1896700,65.702,63.345,61.588,74.327,1.357,1.091,0.266,63.345,66.962,59.729
2024-05-16,66.46,66.93,66.42,66.5,1334100,65.894,63.684,61.735,74.787,1.407,1.155,0.253,63.684,67.14,60.228
2024-05-17,66.77,66.97,66.36,66.89,1294300,66.142,63.963,61.878,76.276,1.462,1.216,0.246,63.963,67.511,60.415
2024-05-20,66.98,67.05,66.48,66.72,1128500,66.434,64.201,62.012,74.219,1.474,1.268,0.206,64.201,67.821,60.582
2024-05-21,66.74,67.35,66.52,67.3,1321800,66.758,64.461,62.155,76.543,1.513,1.317,0.196,64.461,68.191,60.731
2024-05-22,67.01,67.14,66.08,66.23,1202400,66.728,64.668,62.275,64.915,1.441,1.342,0.1,64.668,68.303,61.033
2024-05-23,65.93,65.93,65.02,65.09,1884300,66.446,64.804,62.37,55.28,1.278,1.329,-0.051,64.804,68.276,61.333
2024-05-24,65.3,65.66,65.12,65.37,1496300,66.142,64.999,62.491,56.969,1.157,1.294,-0.137,64.999,68.104,61.893
2024-05-28,65.31,65.87,64.94,65.0,2086300,65.798,65.122,62.598,54.063,1.02,1.24,-0.22,65.122,68.002,62.242
2024-05-29,64.45,64.77,64.12,64.3,2244800,65.198,65.222,62.689,48.972,0.845,1.161,-0.316,65.222,67.814,62.63
2024-05-30,64.53,65.49,64.51,65.46,1598300,65.044,65.371,62.794,56.313,0.791,1.087,-0.296,65.371,67.622,63.119
2024-05-31,65.72,67.52,65.52,67.37,5116600,65.5,65.584,62.937,65.192,0.892,1.048,-0.156,65.584,67.734,63.435
2024-06-03,67.14,67.54,66.59,66.87,2351700,65.8,65.757,63.058,61.659,0.921,1.022,-0.101,65.757,67.721,63.793
2024-06-04,66.61,67.34,66.28,67.08,1619300,66.216,65.91,63.194,62.577,0.95,1.008,-0.058,65.91,67.777,64.044
2024-06-05,66.99,67.05,65.89,66.13,1307200,66.582,65.978,63.316,56.044,0.886,0.984,-0.097,65.978,67.769,64.187
2024-06-06,65.86,66.6,65.16,65.31,1278400,66.552,66.006,63.44,51.087,0.761,0.939,-0.178,66.006,67.731,64.282
2024-06-07,64.85,65.41,64.48,64.86,1386900,66.05,65.972,63.52,48.549,0.618,0.875,-0.257,65.972,67.762,64.183
2024-06-10,64.92,65.49,64.63,64.74,1649400,65.624,65.927,63.575,47.866,0.489,0.798,-0.309,65.927,67.795,64.059
2024-06-11,64.21,64.84,63.87,64.53,2303200,65.114,65.89,63.631,46.63,0.366,0.711,-0.345,65.89,67.84,63.941
2024-06-12,65.32,65.49,64.28,64.48,2007500,64.784,65.83,63.691,46.323,0.261,0.621,-0.36,65.83,67.879,63.782
2024-06-13,64.54,65.36,63.75,64.39,1150100,64.6,65.731,63.753,45.74,0.169,0.531,-0.362,65.731,67.859,63.603
2024-06-14,64.02,64.29,63.54,64.18,1336100,64.464,65.615,63.812,44.337,0.078,0.44,-0.362,65.615,67.818,63.412
2024-06-17,63.66,63.66,62.67,62.71,1982500,64.058,65.406,63.824,36.011,-0.111,0.33,-0.441,65.406,67.877,62.935
2024-06-18,62.5,62.94,62.39,62.66,1365700,63.684,65.203,63.838,35.765,-0.262,0.212,-0.474,65.203,67.878,62.528
2024-06-20,62.59,63.29,62.48,63.02,1751600,63.392,64.989,63.855,38.996,-0.349,0.1,-0.448,64.989,67.642,62.336
2024-06-21,63.13,63.82,62.68,62.81,3311100,63.076,64.818,63.903,37.802,-0.429,-0.006,-0.423,64.818,67.573,62.063
2024-06-24,62.83,63.95,62.62,63.79,1515100,62.998,64.753,63.972,46.1,-0.409,-0.087,-0.323,64.753,67.542,61.964
2024-06-25,63.73,63.73,62.77,63.0,1171400,63.056,64.634,64.029,41.315,-0.452,-0.16,-0.292,64.634,67.513,61.756
2024-06-26,62.64,63.09,62.23,62.99,1202900,63.122,64.534,64.098,41.257,-0.481,-0.224,-0.257,64.534,67.498,61.57
2024-06-27,63.01,63.18,62.71,63.16,1039800,63.15,64.477,64.19,42.738,-0.485,-0.276,-0.209,64.477,67.503,61.451
2024-06-28,63.37,63.52,62.45,62.95,2647100,63.178,64.352,64.256,41.351,-0.499,-0.321,-0.178,64.352,67.414,61.289
2024-07-01,63.47,63.47,62.17,62.41,1554600,62.902,64.104,64.31,37.941,-0.548,-0.366,-0.182,64.104,66.931,61.276
2024-07-02,62.54,63.42,62.39,62.8,2484200,62.862,63.9,64.339,41.681,-0.549,-0.403,-0.146,63.9,66.463,61.337
2024-07-03,62.9,63.7,62.81,62.96,875300,62.856,63.694,64.36,43.194,-0.53,-0.428,-0.102,63.694,65.803,61.585
2024-07-05,63.09,63.77,62.88,63.47,2022300,62.918,63.561,64.387,47.839,-0.469,-0.436,-0.032,63.561,65.331,61.791
2024-07-08,63.44,63.86,63.21,63.43,2380400,63.014,63.467,64.414,47.511,-0.419,-0.433,0.014,63.467,65.034,61.9
2024-07-09,63.41,63.81,63.2,63.39,1498800,63.21,63.394,64.434,47.162,-0.378,-0.422,0.044,63.394,64.817,61.97
2024-07-10,63.73,64.22,63.4,64.15,1038700,63.48,63.364,64.487,54.055,-0.281,-0.394,0.113,63.364,64.691,62.037
2024-07-11,64.55,65.89,64.46,65.83,1182600,64.054,63.429,64.553,64.943,-0.068,-0.328,0.261,63.429,65.083,61.775
2024-07-12,66.08,66.87,66.02,66.32,1478200,64.624,63.521,64.634,67.371,0.139,-0.235,0.374,63.521,65.577,61.465
2024-07-15,65.74,65.74,64.62,64.74,1541200,64.886,63.538,64.679,54.307,0.174,-0.153,0.327,63.538,65.632,61.445
2024-07-16,65.33,65.78,64.88,65.51,1861500,65.31,63.605,64.727,58.528,0.26,-0.071,0.331,63.605,65.862,61.348
2024-07-17,65.78,67.41,65.78,66.78,2916900,65.836,63.808,64.794,64.373,0.426,0.029,0.397,63.808,66.43,61.187
2024-07-18,66.49,67.73,66.43,66.55,2459800,65.98,64.003,64.845,62.651,0.533,0.13,0.403,64.003,66.835,61.171
2024-07-19,66.78,66.84,66.08,66.41,1325200,65.998,64.172,64.878,61.571,0.599,0.224,0.376,64.172,67.158,61.187
2024-07-22,66.31,66.79,66.07,66.64,1165000,66.378,64.364,64.916,62.708,0.663,0.311,0.352,64.364,67.471,61.257
2024-07-23,66.57,66.86,66.4,66.56,1131400,66.588,64.502,64.936,62.021,0.699,0.389,0.31,64.502,67.745,61.26
2024-07-24,67.26,67.8,66.74,67.39,1378900,66.71,64.722,64.971,66.165,0.785,0.468,0.317,64.722,68.127,61.317
2024-07-25,67.78,68.76,67.54,67.73,1998000,66.946,64.959,65.02,67.719,0.871,0.549,0.322,64.959,68.513,61.405
2024-07-26,68.19,70.46,67.62,69.58,2775700,67.58,65.28,65.098,74.564,1.076,0.654,0.422,65.28,69.281,61.279
2024-07-29,69.68,70.02,68.79,69.3,2030800,68.112,65.598,65.157,72.073,1.202,0.764,0.438,65.598,69.822,61.373
2024-07-30,69.21,70.45,69.17,70.35,1922400,68.87,65.994,65.234,75.393,1.371,0.885,0.486,65.994,70.444,61.545
2024-07-31,70.68,71.36,70.06,70.91,4308300,69.574,66.4,65.314,76.966,1.532,1.015,0.517,66.4,71.095,61.705
2024-08-01,71.34,72.56,71.06,72.32,1834000,70.492,66.868,65.426,80.368,1.753,1.162,0.591,66.868,71.968,61.768
2024-08-02,73.18,73.6,71.55,72.91,2263900,71.158,67.34,65.538,81.594,1.954,1.321,0.633,67.34,72.847,61.833
2024-08-05,72.97,73.23,70.61,71.39,2419300,71.576,67.738,65.642,69.551,1.968,1.45,0.517,67.738,73.205,62.271
2024-08-06,71.49,73.19,71.17,72.25,2139000,71.956,68.181,65.785,72.063,2.024,1.565,0.459,68.181,73.601,62.761
2024-08-07,72.78,73.21,71.97,72.35,1484800,72.244,68.591,65.924,72.349,2.054,1.663,0.391,68.591,73.967,63.215
2024-08-08,72.05,73.03,71.59,72.43,2280200,72.266,68.921,66.073,72.59,2.06,1.742,0.318,68.921,74.393,63.449
2024-08-09,72.63,72.74,71.31,72.65,2467900,72.214,69.238,66.24,73.282,2.059,1.805,0.253,69.238,74.807,63.668
2024-08-12,72.68,73.06,72.21,73.03,1495400,72.542,69.652,66.391,74.478,2.065,1.857,0.207,69.652,75.044,64.26
2024-08-13,73.11,73.54,72.89,73.48,2365800,72.788,70.05,66.514,75.858,2.082,1.902,0.179,70.05,75.33,64.771
2024-08-14,73.55,74.27,72.98,73.68,2120500,73.054,70.396,66.65,76.466,2.087,1.939,0.148,70.396,75.677,65.114
2024-08-15,73.33,74.08,72.76,73.7,1858500,73.308,70.753,66.782,76.53,2.069,1.965,0.104,70.753,75.905,65.601
2024-08-16,74.05,74.13,73.51,73.92,1325900,73.562,71.128,66.938,77.26,2.049,1.982,0.067,71.128,76.036,66.221
2024-08-19,74.04,74.43,73.74,74.35,1145200,73.826,71.514,67.119,78.656,2.045,1.994,0.05,71.514,76.141,66.887
2024-08-20,74.44,74.56,73.88,74.19,1603600,73.968,71.896,67.305,76.767,2.005,1.997,0.008,71.896,76.035,67.756
2024-08-21,74.21,74.81,74.18,74.6,1091000,74.152,72.256,67.503,78.211,1.983,1.994,-0.01,72.256,75.978,68.534
2024-08-22,74.58,74.89,74.43,74.77,1347300,74.366,72.608,67.707,78.8,1.958,1.987,-0.029,72.608,75.825,69.391
2024-08-23,75.1,75.33,74.78,75.12,785100,74.606,72.885,67.92,79.997,1.943,1.978,-0.035,72.885,75.955,69.815
2024-08-26,75.33,76.18,75.17,75.69,785500,74.874,73.204,68.146,81.801,1.955,1.973,-0.018,73.204,76.023,70.386
2024-08-27,75.5,75.74,75.02,75.13,881600,75.062,73.444,68.365,74.678,1.898,1.958,-0.061,73.444,76.045,70.842
2024-08-28,75.34,75.63,74.96,75.33,1530600,75.208,73.664,68.618,75.498,1.847,1.936,-0.089,73.664,76.106,71.223
2024-08-29,76.26,77.23,75.77,76.66,2018500,75.586,73.882,68.898,80.113,1.892,1.927,-0.035,73.882,76.578,71.185
2024-08-30,76.85,77.54,75.94,77.13,3560000,75.988,74.092,69.18,81.444,1.943,1.93,0.013,74.092,77.11,71.075
2024-09-03,77.09,77.89,76.6,77.39,1769800,76.328,74.393,69.471,82.155,1.982,1.941,0.041,74.393,77.472,71.313
2024-09-04,77.7,78.67,77.35,77.74,1889000,76.85,74.667,69.75,83.094,2.018,1.956,0.062,74.667,77.916,71.418
2024-09-05,78.33,78.59,77.37,77.67,1579800,77.318,74.933,70.044,82.163,2.017,1.968,0.049,74.933,78.254,71.612
2024-09-06,77.86,78.09,76.77,76.79,1564500,77.344,75.151,70.32,71.337,1.924,1.959,-0.036,75.151,78.35,71.952
2024-09-09,76.87,76.87,75.29,76.29,3105600,77.176,75.333,70.582,66.015,1.789,1.925,-0.137,75.333,78.341,72.325
2024-09-10,76.38,77.07,73.82,74.99,4348200,76.696,75.431,70.823,54.608,1.559,1.852,-0.293,75.431,78.245,72.617
2024-09-11,74.91,74.91,73.6,74.66,3121400,76.08,75.49,71.068,52.145,1.334,1.748,-0.414,75.49,78.178,72.802
2024-09-12,74.68,75.19,74.51,75.0,1920500,75.546,75.556,71.312,54.426,1.171,1.633,-0.462,75.556,78.119,72.993
2024-09-13,75.27,75.76,74.94,75.7,1349900,75.328,75.656,71.567,58.781,1.085,1.523,-0.439,75.656,78.066,73.246
2024-09-16,76.2,76.78,76.11,76.44,2668700,75.358,75.782,71.826,62.826,1.064,1.431,-0.367,75.782,78.07,73.494
2024-09-17,76.41,76.53,76.1,76.27,1281100,75.614,75.878,72.083,61.337,1.022,1.35,-0.327,75.878,78.072,73.684
2024-09-18,76.06,76.33,75.25,75.59,1404900,75.8,75.948,72.327,55.655,0.924,1.264,-0.341,75.948,78.0,73.896
2024-09-19,75.34,75.72,74.55,74.61,1863300,75.722,75.948,72.536,48.658,0.758,1.163,-0.405,75.948,77.999,73.898
2024-09-20,74.56,75.87,74.06,75.71,4678900,75.724,75.996,72.734,55.431,0.707,1.072,-0.365,75.996,77.974,74.017
2024-09-23,76.04,76.48,75.75,76.3,1028700,75.696,76.054,72.934,58.586,0.706,0.999,-0.293,76.054,77.993,74.116
2024-09-24,75.98,76.98,75.67,76.16,1736800,75.674,76.078,73.162,57.545,0.686,0.936,-0.25,76.078,78.01,74.146
2024-09-25,76.6,76.73,75.59,75.77,1907600,75.71,76.11,73.367,54.633,0.631,0.875,-0.244,76.11,77.996,74.224
2024-09-26,75.72,76.8,75.66,76.43,3126900,76.074,76.165,73.56,58.464,0.634,0.827,-0.193,76.165,78.019,74.311
2024-09-27,76.72,77.19,76.48,76.93,1092600,76.318,76.178,73.768,61.142,0.669,0.795,-0.126,76.178,78.052,74.305
2024-09-30,77.18,77.27,76.22,77.18,1994500,76.494,76.181,73.983,62.445,0.709,0.778,-0.069,76.181,78.06,74.302
2024-10-01,77.19,77.95,76.76,77.75,1704100,76.812,76.199,74.205,65.303,0.777,0.778,-0.001,76.199,78.133,74.265
2024-10-02,77.22,78.05,77.21,77.53,1945200,77.164,76.188,74.425,63.301,0.804,0.783,0.021,76.188,78.089,74.288
2024-10-03,77.85,77.85,76.43,76.79,1472900,77.236,76.145,74.613,56.973,0.757,0.778,-0.021,76.145,77.938,74.351
2024-10-04,76.26,76.48,75.8,76.37,1464800,77.124,76.124,74.786,53.692,0.678,0.758,-0.08,76.124,77.895,74.352
2024-10-07,76.35,76.44,75.44,75.71,1669200,76.83,76.094,74.908,48.925,0.556,0.718,-0.161,76.094,77.874,74.315
2024-10-08,75.89,76.41,75.57,75.92,1233100,76.464,76.141,75.041,50.433,0.471,0.668,-0.197,76.141,77.846,74.436
2024-10-09,75.74,76.21,75.12,75.53,2227900,76.064,76.184,75.144,47.621,0.368,0.608,-0.241,76.184,77.77,74.599
2024-10-10,75.42,75.98,74.19,74.24,1826800,75.554,76.146,75.211,39.729,0.18,0.522,-0.343,76.146,77.881,74.412
2024-10-11,74.58,74.98,74.41,74.77,1645400,75.234,76.1,75.26,43.846,0.072,0.432,-0.36,76.1,77.932,74.268
2024-10-14,74.9,75.75,74.8,75.61,1167900,75.214,76.058,75.314,49.71,0.055,0.357,-0.302,76.058,77.896,74.221
2024-10-15,75.83,76.59,75.64,76.08,2384200,75.246,76.049,75.408,52.687,0.078,0.301,-0.223,76.049,77.884,74.214
2024-10-16,76.35,77.16,75.96,76.88,1762200,75.516,76.114,75.5,57.319,0.159,0.273,-0.114,76.114,77.971,74.256
2024-10-17,76.93,77.12,75.42,75.7,2310300,75.808,76.168,75.567,49.605,0.126,0.243,-0.117,76.168,77.899,74.437
2024-10-18,75.8,76.46,75.23,76.4,1641300,76.134,76.203,75.647,53.595,0.155,0.226,-0.071,76.203,77.923,74.482
2024-10-21,76.61,76.72,75.4,75.67,1915200,76.146,76.171,75.707,49.219,0.118,0.204,-0.086,76.171,77.907,74.435
2024-10-22,75.46,76.94,75.26,76.76,1906600,76.282,76.201,75.782,55.112,0.174,0.198,-0.024,76.201,77.957,74.445
2024-10-23,76.65,77.25,76.52,76.91,2332400,76.288,76.258,75.85,55.871,0.228,0.204,0.024,76.258,78.029,74.487
2024-10-24,77.13,77.19,76.37,76.57,1066600,76.462,76.265,75.908,53.657,0.241,0.211,0.029,76.265,78.04,74.49
2024-10-25,77.15,77.27,74.93,75.04,1720500,76.19,76.17,75.935,45.01,0.126,0.194,-0.068,76.17,77.997,74.344
2024-10-28,75.23,75.86,75.15,75.55,1589000,76.166,76.089,75.967,48.017,0.075,0.171,-0.095,76.089,77.87,74.308
2024-10-29,74.77,75.19,73.86,74.35,2405400,75.684,75.919,75.967,42.174,-0.061,0.124,-0.185,75.919,77.682,74.156
2024-10-30,73.5,75.48,73.16,74.44,2473300,75.19,75.764,75.972,42.737,-0.16,0.067,-0.227,75.764,77.474,74.055
2024-10-31,74.35,74.94,73.43,73.69,3176400,74.614,75.61,75.954,39.303,-0.296,-0.005,-0.29,75.61,77.482,73.737
2024-11-01,73.89,74.07,72.48,72.56,2142600,74.118,75.419,75.91,34.771,-0.488,-0.102,-0.387,75.419,77.697,73.141
2024-11-04,72.38,72.74,71.72,72.44,2914500,73.496,75.256,75.856,34.318,-0.644,-0.21,-0.433,75.256,77.887,72.624
2024-11-05,72.44,73.31,72.01,73.31,1891900,73.288,75.125,75.809,40.378,-0.688,-0.306,-0.383,75.125,77.874,72.376
2024-11-06,73.24,73.78,72.48,72.59,3571000,72.918,74.978,75.758,37.31,-0.773,-0.399,-0.374,74.978,77.942,72.014
2024-11-07,72.57,73.44,72.14,72.84,2593800,72.748,74.908,75.708,39.042,-0.811,-0.482,-0.329,74.908,78.008,71.808
2024-11-08,73.16,74.61,72.77,74.32,2050700,73.1,74.886,75.661,48.17,-0.713,-0.528,-0.185,74.886,77.997,71.774
2024-11-11,74.22,75.18,74.17,74.75,2211200,73.562,74.842,75.614,50.49,-0.594,-0.541,-0.053,74.842,77.935,71.75
2024-11-12,74.76,74.97,73.9,74.0,1969900,73.7,74.738,75.546,46.574,-0.554,-0.544,-0.01,74.738,77.796,71.681
2024-11-13,74.38,74.44,73.11,73.5,1892600,73.882,74.57,75.461,44.118,-0.556,-0.546,-0.01,74.57,77.499,71.64
2024-11-14,73.56,74.12,73.33,73.45,1867200,74.004,74.457,75.377,43.869,-0.555,-0.548,-0.007,74.457,77.377,71.537
2024-11-15,73.36,74.9,73.36,74.84,4902600,74.108,74.379,75.338,51.987,-0.437,-0.526,0.088,74.379,77.16,71.598
2024-11-18,74.37,75.35,74.24,75.19,2438600,74.196,74.355,75.316,53.799,-0.312,-0.483,0.171,74.355,77.097,71.613
2024-11-19,74.73,76.68,74.73,76.59,2619700,74.714,74.346,75.348,60.259,-0.099,-0.406,0.307,74.346,77.058,71.635
2024-11-20,76.67,77.06,76.47,77.02,1757100,75.418,74.352,75.395,62.016,0.104,-0.304,0.408,74.352,77.086,71.618
2024-11-21,77.12,77.89,76.76,77.89,2094700,76.306,74.418,75.453,65.353,0.331,-0.177,0.508,74.418,77.427,71.409
2024-11-22,78.29,78.68,77.26,77.34,2774500,76.806,74.533,75.486,61.665,0.461,-0.05,0.51,74.533,77.807,71.259
2024-11-25,77.72,78.36,77.22,78.35,3433900,77.438,74.673,75.524,65.514,0.638,0.088,0.55,74.673,78.345,71.001
2024-11-26,78.55,78.76,78.01,78.47,2052200,77.814,74.879,75.568,65.951,0.779,0.226,0.553,74.879,78.919,70.839
2024-11-27,78.7,79.28,78.49,79.02,1589300,78.214,75.108,75.636,67.958,0.925,0.366,0.559,75.108,79.543,70.673
2024-11-29,79.04,79.25,78.39,78.48,1244000,78.332,75.348,75.714,63.972,0.985,0.49,0.496,75.348,79.973,70.722
2024-12-02,78.66,78.7,76.32,76.71,2492200,78.206,75.555,75.734,53.0,0.88,0.568,0.312,75.555,80.024,71.086
2024-12-03,77.13,77.34,75.7,75.78,1390100,77.692,75.722,75.723,48.312,0.714,0.597,0.117,75.722,79.943,71.501
2024-12-04,75.66,76.37,75.11,75.43,2256600,77.084,75.828,75.709,46.64,0.547,0.587,-0.04,75.828,79.898,71.758
2024-12-05,75.69,76.84,75.46,75.95,2527300,76.47,75.996,75.712,49.44,0.452,0.56,-0.108,75.996,79.77,72.222
2024-12-06,75.96,76.15,74.43,75.08,2041200,75.79,76.108,75.685,45.169,0.303,0.509,-0.206,76.108,79.611,72.605
2024-12-09,74.91,75.31,74.24,74.25,1718700,75.298,76.104,75.632,41.487,0.116,0.43,-0.314,76.104,79.615,72.594
2024-12-10,74.23,74.29,72.58,74.03,2430000,74.948,76.068,75.569,40.544,-0.049,0.334,-0.383,76.068,79.652,72.485
2024-12-11,74.0,74.27,72.84,72.96,1798500,74.454,76.016,75.473,36.229,-0.263,0.215,-0.478,76.016,79.753,72.28
2024-12-12,73.34,73.36,72.52,72.99,1443400,73.862,75.991,75.382,36.433,-0.425,0.087,-0.512,75.991,79.806,72.176
2024-12-13,73.35,73.75,72.93,73.24,1197200,73.494,75.98,75.311,38.209,-0.527,-0.036,-0.492,75.98,79.826,72.135
2024-12-16,73.64,73.76,72.56,72.59,1301700,73.162,75.868,75.236,35.437,-0.654,-0.159,-0.494,75.868,79.976,71.76
2024-12-17,72.26,72.62,71.6,71.99,2004900,72.754,75.708,75.161,33.053,-0.793,-0.286,-0.507,75.708,80.162,71.254
2024-12-18,71.81,71.95,69.93,69.99,1919400,72.16,75.378,75.043,26.623,-1.052,-0.439,-0.613,75.378,80.487,70.269
2024-12-19,69.71,70.48,69.24,69.69,2636700,71.5,75.012,74.926,25.812,-1.268,-0.605,-0.663,75.012,80.649,69.374
2024-12-20,69.64,71.24,69.57,71.12,5974300,71.076,74.673,74.863,35.845,-1.308,-0.746,-0.562,74.673,80.395,68.951
2024-12-23,71.12,71.3,70.17,71.3,1959100,70.818,74.371,74.794,37.0,-1.31,-0.858,-0.452,74.371,80.138,68.604
2024-12-24,71.46,71.81,71.03,71.78,997100,70.776,74.042,74.717,40.097,-1.258,-0.938,-0.32,74.042,79.6,68.485
2024-12-26,71.41,71.75,71.14,71.55,1000200,71.088,73.696,74.627,39.105,-1.222,-0.995,-0.227,73.696,78.946,68.447
2024-12-27,71.05,71.84,71.01,71.36,985500,71.422,73.314,74.516,38.263,-1.195,-1.035,-0.16,73.314,78.017,68.61
2024-12-30,71.18,71.45,70.36,71.26,2780700,71.45,72.953,74.428,37.802,-1.168,-1.062,-0.106,72.953,77.056,68.849
2024-12-31,71.18,71.74,70.82,71.4,1553900,71.47,72.687,74.328,38.913,-1.122,-1.074,-0.049,72.687,76.439,68.935
2025-01-02,72.23,72.46,71.23,71.55,1375900,71.424,72.476,74.245,40.146,-1.062,-1.071,0.01,72.476,75.961,68.99
2025-01-03,71.8,72.36,71.03,71.37,2118200,71.388,72.273,74.137,39.125,-1.017,-1.06,0.044,72.273,75.497,69.048
2025-01-06,71.37,71.46,70.03,70.15,2250500,71.146,71.982,74.002,33.0,-1.067,-1.062,-0.005,71.982,74.836,69.129
2025-01-07,70.15,70.83,69.82,69.94,2143500,70.882,71.726,73.87,32.07,-1.111,-1.072,-0.039,71.726,74.319,69.132
2025-01-08,68.48,68.48,60.29,62.82,12055000,69.166,71.154,73.625,15.801,-1.701,-1.197,-0.503,71.154,75.704,66.604
2025-01-10,62.5,63.72,57.96,58.75,13048600,66.606,70.39,73.289,12.041,-2.468,-1.452,-1.017,70.39,77.383,63.397
2025-01-13,58.03,58.15,49.96,51.76,17350700,62.684,69.33,72.837,8.361,-3.599,-1.881,-1.718,69.33,80.093,58.567
2025-01-14,51.87,53.86,51.01,52.81,10563600,59.216,68.321,72.405,12.678,-4.36,-2.377,-1.983,68.321,81.213,55.429
2025-01-15,55.81,57.76,54.85,55.41,10967400,56.31,67.429,72.039,22.424,-4.699,-2.841,-1.858,67.429,81.316,53.543
2025-01-16,55.89,56.42,53.96,55.28,7409700,54.802,66.564,71.694,22.29,-4.922,-3.258,-1.664,66.564,81.232,51.896
2025-01-17,55.11,57.82,54.86,56.67,5677200,54.386,65.798,71.378,27.291,-4.929,-3.592,-1.337,65.798,80.868,50.728
2025-01-21,56.35,56.77,55.34,56.25,5987400,55.284,65.111,71.037,26.732,-4.913,-3.856,-1.057,65.111,80.622,49.6
2025-01-22,55.91,55.92,52.46,52.69,7132800,55.26,64.261,70.639,22.516,-5.127,-4.11,-1.017,64.261,80.559,47.963
2025-01-23,52.76,53.59,51.5,51.77,6590600,54.532,63.293,70.218,21.569,-5.311,-4.35,-0.96,63.293,80.165,46.422
2025-01-24,51.86,53.35,51.79,53.21,4892400,54.118,62.389,69.795,26.76,-5.279,-4.536,-0.743,62.389,79.392,45.386
2025-01-27,51.64,53.19,50.92,52.19,8062200,53.222,61.41,69.344,25.474,-5.275,-4.684,-0.591,61.41,78.392,44.427
2025-01-28,52.28,52.86,50.25,50.72,4838600,52.116,60.368,68.879,23.706,-5.329,-4.813,-0.516,60.368,77.286,43.45
2025-01-29,50.81,50.92,50.24,50.44,4849800,51.666,59.322,68.417,23.373,-5.333,-4.917,-0.416,59.322,75.963,42.681
2025-01-30,50.92,50.92,48.37,48.86,7986900,51.084,58.202,67.926,21.535,-5.402,-5.014,-0.388,58.202,74.471,41.933
2025-01-31,49.24,50.32,48.14,48.81,12046700,50.204,57.073,67.405,21.478,-5.398,-5.091,-0.307,57.073,72.604,41.541
2025-02-03,48.12,48.35,46.68,47.4,6874500,49.246,55.865,66.849,19.866,-5.446,-5.162,-0.284,55.865,70.379,41.351
2025-02-04,47.45,47.81,46.62,46.75,4422300,48.452,54.634,66.252,19.152,-5.473,-5.224,-0.249,54.634,67.717,41.551
2025-02-05,47.26,47.97,46.67,47.4,4372300,47.844,53.497,65.66,22.163,-5.38,-5.255,-0.125,53.497,64.723,42.27
2025-02-06,47.68,47.84,46.08,46.23,5684900,47.318,52.311,65.027,20.671,-5.34,-5.272,-0.067,52.311,60.931,43.691
2025-02-07,46.1,46.55,45.12,45.27,5562500,46.61,51.434,64.385,19.51,-5.323,-5.282,-0.041,51.434,59.066,43.801
2025-02-10,45.14,45.63,44.34,45.35,6735900,46.2,50.764,63.725,19.914,-5.244,-5.275,0.031,50.764,58.036,43.491
2025-02-11,44.98,45.97,44.64,45.93,4593200,46.036,50.472,63.075,22.931,-5.075,-5.235,0.16,50.472,58.038,42.906
2025-02-12,45.42,47.76,45.27,47.62,5683900,46.08,50.212,62.447,31.079,-4.751,-5.138,0.387,50.212,57.797,42.628
2025-02-13,47.72,47.83,46.14,46.57,3783500,46.148,49.77,61.808,29.026,-4.526,-5.016,0.49,49.77,57.105,42.436
2025-02-14,45.83,47.13,45.23,45.25,4675800,46.144,49.269,61.179,26.643,-4.404,-4.893,0.49,49.269,56.386,42.152
2025-02-18,45.56,46.47,45.09,46.37,5189700,46.348,48.754,60.591,31.762,-4.168,-4.748,0.58,48.754,55.061,42.447
2025-02-19,46.28,47.74,46.23,47.38,4284300,46.638,48.311,60.03,36.093,-3.856,-4.57,0.714,48.311,53.556,43.065
2025-02-20,47.34,47.62,46.53,46.91,3676400,46.496,48.021,59.449,34.981,-3.604,-4.377,0.772,48.021,52.873,43.17
2025-02-21,47.0,47.19,46.31,47.15,6204000,46.612,47.79,58.891,36.064,-3.347,-4.171,0.823,47.79,52.32,43.261
2025-02-24,47.68,47.68,46.43,47.21,5246400,47.004,47.49,58.35,36.35,-3.103,-3.957,0.854,47.49,51.235,43.746
2025-02-25,47.32,47.53,46.24,47.15,6783000,47.16,47.238,57.812,36.176,-2.881,-3.742,0.861,47.238,50.26,44.217
2025-02-26,47.29,47.73,46.8,47.55,5605800,47.194,47.08,57.304,38.297,-2.642,-3.522,0.88,47.08,49.628,44.532
2025-02-27,47.17,47.34,45.84,46.4,4440500,47.092,46.878,56.772,34.724,-2.517,-3.321,0.804,46.878,48.889,44.867
2025-02-28,46.73,50.06,46.55,49.21,12161700,47.504,46.896,56.292,47.592,-2.166,-3.09,0.924,46.896,48.984,44.807
2025-03-03,49.4,50.92,49.22,49.96,5295500,48.054,46.953,55.839,50.402,-1.806,-2.833,1.027,46.953,49.309,44.597
2025-03-04,50.1,50.71,49.33,49.55,3917600,48.534,47.061,55.39,48.86,-1.537,-2.574,1.037,47.061,49.684,44.437
2025-03-05,49.74,50.16,48.69,49.88,5457900,49.0,47.217,54.988,50.181,-1.282,-2.315,1.034,47.217,50.121,44.313
2025-03-06,49.44,49.99,48.64,49.78,2958700,49.676,47.336,54.59,49.761,-1.075,-2.067,0.992,47.336,50.458,44.214
2025-03-07,49.78,51.39,49.66,50.98,3749500,50.03,47.574,54.187,54.661,-0.805,-1.815,1.01,47.574,51.044,44.103
2025-03-10,51.14,52.58,50.71,51.51,5143600,50.34,47.886,53.791,56.671,-0.543,-1.56,1.018,47.886,51.598,44.173
2025-03-11,51.51,51.71,49.86,50.67,4606800,50.564,48.152,53.369,52.685,-0.398,-1.328,0.93,48.152,51.861,44.442
2025-03-12,50.96,51.16,49.48,50.15,2861900,50.618,48.362,52.941,50.325,-0.321,-1.126,0.806,48.362,52.02,44.705
2025-03-13,50.15,50.96,49.95,50.46,3505100,50.754,48.504,52.523,51.713,-0.232,-0.948,0.715,48.504,52.26,44.749
2025-03-14,50.63,51.65,50.25,51.52,3615600,50.862,48.752,52.128,56.22,-0.076,-0.773,0.697,48.752,52.621,44.883
2025-03-17,51.73,54.09,51.5,53.29,5365400,51.218,49.154,51.766,62.512,0.189,-0.581,0.77,49.154,53.16,45.148
2025-03-18,52.69,53.88,52.55,53.06,3911200,51.696,49.488,51.396,61.279,0.376,-0.39,0.765,49.488,53.63,45.347
2025-03-19,52.92,53.28,52.28,52.88,2738900,52.242,49.764,51.026,60.278,0.504,-0.211,0.714,49.764,54.044,45.483
2025-03-20,52.75,53.33,52.42,53.26,3042600,52.802,50.081,50.689,61.701,0.628,-0.043,0.671,50.081,54.412,45.75
2025-03-21,52.95,53.45,52.51,52.58,11828500,53.014,50.353,50.341,57.716,0.665,0.098,0.566,50.353,54.59,46.115
2025-03-24,52.49,53.41,52.29,52.96,2732000,52.948,50.64,50.144,59.298,0.716,0.222,0.494,50.64,54.758,46.522
2025-03-25,52.84,52.88,51.32,51.75,3200000,52.686,50.87,50.004,52.555,0.651,0.308,0.343,50.87,54.669,47.071
2025-03-26,51.79,52.47,51.49,52.22,3243600,52.554,51.104,50.013,54.71,0.631,0.372,0.258,51.104,54.605,47.602
2025-03-27,52.25,52.29,51.66,51.78,3746000,52.258,51.372,49.993,52.315,0.572,0.412,0.16,51.372,54.092,48.653
2025-03-28,52.57,52.98,51.65,52.59,4991900,52.26,51.542,49.936,56.123,0.585,0.447,0.138,51.542,54.111,48.972
2025-03-31,52.71,53.63,52.69,53.26,5783500,52.32,51.707,49.896,59.036,0.641,0.486,0.155,51.707,54.273,49.14
2025-04-01,53.36,53.45,52.62,53.1,3512700,52.59,51.884,49.825,58.045,0.665,0.521,0.144,51.884,54.309,49.459
2025-04-02,53.02,54.48,52.81,54.16,3611000,52.978,52.098,49.783,62.534,0.761,0.569,0.192,52.098,54.534,49.662
2025-04-03,54.67,54.67,52.6,52.77,3828900,53.176,52.248,49.784,54.326,0.717,0.599,0.118,52.248,54.439,50.056
2025-04-04,52.88,52.92,48.88,49.49,4531900,52.556,52.173,49.739,40.738,0.412,0.562,-0.149,52.173,54.631,49.715
2025-04-07,48.64,50.13,47.04,49.21,4915500,51.746,52.058,49.659,39.822,0.146,0.478,-0.332,52.058,54.841,49.275
2025-04-08,49.82,50.38,47.57,48.18,4271700,50.762,51.934,49.579,36.566,-0.146,0.354,-0.499,51.934,55.164,48.703
2025-04-09,47.61,51.59,46.8,51.45,4720200,50.22,51.998,49.593,50.425,-0.112,0.261,-0.372,51.998,55.129,48.868
2025-04-10,50.75,51.4,49.38,50.84,2895700,49.834,52.018,49.601,48.305,-0.133,0.182,-0.315,52.018,55.113,48.922
2025-04-11,50.86,51.83,49.74,51.49,2085500,50.234,52.016,49.654,50.684,-0.096,0.126,-0.222,52.016,55.113,48.919
2025-04-14,52.04,52.73,51.39,52.51,1821800,50.894,51.977,49.728,54.243,0.016,0.104,-0.089,51.977,55.025,48.929
2025-04-15,52.72,53.14,52.16,52.22,2077600,51.702,51.935,49.824,53.071,0.08,0.099,-0.02,51.935,54.943,48.927
2025-04-16,52.31,52.68,51.39,51.7,1757200,51.752,51.876,49.923,50.944,0.087,0.097,-0.01,51.876,54.853,48.899
2025-04-17,52.02,53.39,51.91,52.67,2010300,52.118,51.847,50.029,54.599,0.17,0.111,0.058,51.847,54.777,48.916
2025-04-21,52.2,52.43,50.72,51.22,1946600,52.064,51.778,50.128,48.751,0.117,0.112,0.004,51.778,54.7,48.857
2025-04-22,52.32,53.27,51.87,53.06,3591400,52.174,51.784,50.284,55.294,0.221,0.134,0.087,51.784,54.714,48.853
2025-04-23,53.17,53.94,52.81,53.38,3144500,52.406,51.865,50.445,56.338,0.325,0.172,0.153,51.865,54.881,48.849
2025-04-24,53.56,53.81,53.12,53.41,2184300,52.748,51.924,50.594,56.441,0.406,0.219,0.187,51.924,55.016,48.833
2025-04-25,53.56,53.56,52.73,53.19,2966200,52.852,51.995,50.706,55.412,0.446,0.264,0.182,51.995,55.136,48.854
2025-04-28,53.13,53.61,52.37,53.55,2154700,53.318,52.043,50.845,56.8,0.502,0.312,0.19,52.043,55.251,48.835
2025-04-29,53.23,54.11,53.19,53.9,2726000,53.486,52.075,51.018,58.164,0.568,0.363,0.205,52.075,55.347,48.803
2025-04-30,53.23,53.64,48.47,49.11,11267500,52.632,51.876,51.073,39.693,0.231,0.337,-0.106,51.876,55.363,48.388
2025-05-01,49.33,50.68,49.25,50.07,3783300,51.964,51.671,51.127,43.562,0.041,0.278,-0.237,51.671,55.073,48.269
2025-05-02,50.28,51.16,49.75,50.37,3165300,51.4,51.551,51.196,44.754,-0.085,0.205,-0.29,51.551,54.96,48.142
2025-05-05,50.34,50.82,50.06,50.41,2561600,50.772,51.597,51.261,44.921,-0.179,0.128,-0.307,51.597,54.912,48.282
2025-05-06,50.07,50.89,50.03,50.32,2084900,50.056,51.652,51.324,44.594,-0.258,0.051,-0.309,51.652,54.834,48.471
2025-05-07,50.15,51.66,50.15,51.16,2761300,50.466,51.802,51.404,48.371,-0.25,-0.009,-0.241,51.802,54.547,49.056
2025-05-08,51.4,52.26,51.17,51.51,2359800,50.754,51.804,51.483,49.903,-0.212,-0.05,-0.163,51.804,54.549,49.06
2025-05-09,51.69,52.17,51.46,51.57,2318700,50.994,51.841,51.586,50.176,-0.176,-0.075,-0.101,51.841,54.55,49.132
2025-05-12,52.41,52.55,51.4,51.91,2615300,51.294,51.862,51.64,51.779,-0.119,-0.084,-0.035,51.862,54.566,49.158
2025-05-13,51.9,52.35,51.15,51.56,2722200,51.542,51.814,51.672,49.995,-0.1,-0.087,-0.013,51.814,54.504,49.125
2025-05-14,51.45,51.96,50.39,51.74,2330200,51.658,51.79,51.716,50.931,-0.07,-0.084,0.014,51.79,54.474,49.107
2025-05-15,52.05,53.04,51.8,52.86,2069000,51.928,51.848,51.776,56.401,0.044,-0.058,0.102,51.848,54.573,49.124
2025-05-16,53.11,53.81,52.94,53.81,2320700,52.376,51.906,51.856,60.43,0.208,-0.005,0.213,51.906,54.748,49.063
2025-05-19,53.15,53.51,53.08,53.23,1915600,52.64,52.006,51.901,56.968,0.288,0.054,0.234,52.006,54.888,49.124
2025-05-20,53.23,53.69,53.23,53.51,1698400,53.03,52.028,51.941,58.213,0.37,0.117,0.253,52.028,54.952,49.105
2025-05-21,53.39,53.39,52.18,52.26,2807100,53.134,51.973,51.973,51.108,0.33,0.16,0.171,51.973,54.829,49.116
2025-05-22,51.71,51.92,50.77,51.6,2227800,52.882,51.882,52.002,47.791,0.243,0.176,0.066,51.882,54.661,49.103
2025-05-23,51.73,52.14,50.99,51.98,1568200,52.516,51.822,52.033,49.81,0.201,0.181,0.02,51.822,54.532,49.111
2025-05-27,52.62,52.76,51.52,52.4,2237900,52.35,51.764,52.05,52.02,0.2,0.185,0.015,51.764,54.367,49.161
2025-05-28,52.43,52.74,50.37,50.58,2378100,51.764,51.598,51.996,43.155,0.052,0.158,-0.106,51.598,54.046,49.15
2025-05-29,50.67,51.29,50.37,51.28,2274800,51.568,51.707,51.96,46.903,-0.009,0.125,-0.134,51.707,53.865,49.548
2025-05-30,51.03,51.23,50.55,51.07,6137600,51.462,51.756,51.924,45.925,-0.073,0.085,-0.159,51.756,53.799,49.714
2025-06-02,50.86,50.93,50.05,50.87,3051300,51.24,51.781,51.876,44.963,-0.139,0.041,-0.179,51.781,53.764,49.799
2025-06-03,51.07,51.7,50.38,51.39,3218000,51.038,51.83,51.853,48.011,-0.147,0.003,-0.15,51.83,53.716,49.945
2025-06-04,51.38,51.44,49.42,49.89,4311600,50.9,51.809,51.791,40.963,-0.271,-0.052,-0.22,51.809,53.775,49.843
2025-06-05,50.02,50.15,49.12,49.23,3289300,50.49,51.712,51.741,38.298,-0.418,-0.125,-0.293,51.712,53.979,49.446
2025-06-06,49.55,49.9,48.97,49.34,2778500,50.144,51.604,51.683,39.01,-0.52,-0.204,-0.316,51.604,54.107,49.101
2025-06-09,48.73,48.91,44.4,45.35,10213000,49.04,51.293,51.555,26.889,-0.912,-0.346,-0.566,51.293,55.047,47.539
2025-06-10,45.74,46.48,44.9,46.29,5469600,48.02,51.012,51.429,32.232,-1.134,-0.503,-0.631,51.012,55.365,46.659
2025-06-11,46.5,46.68,45.31,45.53,6758400,47.148,50.71,51.274,30.304,-1.355,-0.674,-0.682,50.71,55.694,45.727
2025-06-12,45.52,46.32,45.35,46.23,5216800,46.548,50.435,51.137,34.207,-1.458,-0.831,-0.627,50.435,55.775,45.095
2025-06-13,45.7,45.97,43.92,44.35,6045000,45.55,50.009,50.94,29.438,-1.671,-0.999,-0.672,50.009,55.867,44.152
2025-06-16,44.76,45.3,44.06,44.37,5192300,45.354,49.537,50.772,29.551,-1.818,-1.162,-0.655,49.537,55.622,43.453
2025-06-17,44.1,45.28,43.8,45.15,4216000,45.126,49.134,50.686,33.973,-1.85,-1.3,-0.55,49.134,55.259,43.008
2025-06-18,45.06,46.43,44.9,46.31,4644100,45.282,48.774,50.628,40.005,-1.761,-1.392,-0.369,48.774,54.657,42.89
2025-06-20,46.47,46.92,45.48,45.57,5842000,45.15,48.439,50.575,37.642,-1.731,-1.46,-0.271,48.439,54.249,42.629
2025-06-23,45.57,46.52,45.23,46.03,3501300,45.486,48.16,50.467,40.014,-1.65,-1.498,-0.152,48.16,53.865,42.456
2025-06-24,46.3,47.31,46.14,47.16,3135300,46.044,47.92,50.393,45.497,-1.478,-1.494,0.016,47.92,53.345,42.494
2025-06-25,46.77,47.09,46.26,46.26,2551900,46.266,47.612,50.289,42.189,-1.399,-1.475,0.076,47.612,52.652,42.573
2025-06-26,46.64,46.97,46.22,46.63,2880800,46.33,47.415,50.171,43.992,-1.291,-1.438,0.147,47.415,52.271,42.559
2025-06-27,46.77,46.85,46.25,46.78,5877300,46.572,47.19,50.062,44.744,-1.18,-1.386,0.207,47.19,51.696,42.684
2025-06-30,46.76,47.37,46.46,47.36,4750700,46.838,47.004,49.976,47.671,-1.033,-1.316,0.283,47.004,51.127,42.882
2025-07-01,47.57,48.96,47.57,48.53,5557100,47.112,46.888,49.893,53.071,-0.813,-1.215,0.402,46.888,50.667,43.108
2025-07-02,48.57,48.62,48.06,48.24,4431400,47.508,46.73,49.833,51.648,-0.654,-1.103,0.449,46.73,49.939,43.521
2025-07-03,48.73,48.86,47.78,48.23,2920100,47.828,46.647,49.737,51.597,-0.523,-0.987,0.464,46.647,49.586,43.708
2025-07-07,47.87,48.02,46.68,47.1,3998300,47.892,46.54,49.611,46.027,-0.505,-0.89,0.386,46.54,49.23,43.851
2025-07-08,46.7,47.37,45.82,47.31,4476500,47.882,46.439,49.489,47.168,-0.468,-0.806,0.338,46.439,48.819,44.059
2025-07-09,47.31,47.38,46.51,47.21,7340600,47.618,46.532,49.369,46.662,-0.442,-0.733,0.292,46.532,48.877,44.187
2025-07-10,47.16,48.17,46.85,47.82,3849600,47.534,46.608,49.255,50.174,-0.367,-0.66,0.293,46.608,49.02,44.197
2025-07-11,47.64,47.93,46.77,47.61,2947900,47.41,46.712,49.129,48.978,-0.322,-0.592,0.271,46.712,49.107,44.318
2025-07-14,47.49,47.77,46.98,47.52,2555800,47.494,46.777,49.097,48.446,-0.289,-0.532,0.242,46.777,49.186,44.368
2025-07-15,47.74,47.86,46.8,47.01,2784300,47.434,46.91,49.036,45.43,-0.302,-0.486,0.184,46.91,49.032,44.788
2025-07-16,47.06,47.81,47.04,47.5,4141600,47.492,47.067,48.979,48.732,-0.268,-0.442,0.174,47.067,48.831,45.302
2025-07-17,47.16,48.0,47.16,47.86,3603300,47.5,47.202,48.928,51.075,-0.211,-0.396,0.185,47.202,48.75,45.654
2025-07-18,48.02,48.3,47.47,47.68,2995600,47.514,47.27,48.875,49.848,-0.178,-0.352,0.175,47.27,48.773,45.768
2025-07-21,47.9,48.02,47.42,47.48,2129100,47.506,47.366,48.801,48.456,-0.166,-0.315,0.149,47.366,48.638,46.094
2025-07-22,47.83,48.51,47.69,48.51,2372300,47.806,47.49,48.741,55.37,-0.072,-0.266,0.194,47.49,48.696,46.284
2025-07-23,48.82,49.0,48.37,48.77,2928700,48.06,47.57,48.685,56.94,0.023,-0.209,0.231,47.57,48.893,46.248
2025-07-24,48.78,48.9,47.7,47.95,2986900,48.078,47.655,48.606,50.862,0.031,-0.161,0.192,47.655,48.833,46.477
2025-07-25,47.92,49.49,47.76,49.37,4216100,48.416,47.792,48.562,59.019,0.151,-0.098,0.249,47.792,49.098,46.486
2025-07-28,49.21,49.58,48.63,48.74,3801500,48.668,47.89,48.502,54.682,0.193,-0.04,0.233,47.89,49.17,46.61
2025-07-29,48.9,49.06,48.45,48.91,2861400,48.748,47.968,48.423,55.63,0.237,0.015,0.222,47.968,49.299,46.636
2025-07-30,48.93,49.48,47.92,48.2,4453700,48.634,47.951,48.311,50.848,0.212,0.055,0.157,47.951,49.262,46.64
2025-07-31,48.06,48.75,47.56,48.6,7372800,48.764,47.969,48.218,53.284,0.222,0.088,0.134,47.969,49.306,46.632
2025-08-01,48.67,49.86,47.93,49.54,5102700,48.798,48.034,48.139,58.491,0.303,0.131,0.171,48.034,49.543,46.526
2025-08-04,49.1,51.57,49.1,51.49,5145100,49.348,48.254,48.124,66.767,0.518,0.208,0.309,48.254,50.352,46.156
2025-08-05,51.73,52.24,51.01,51.54,5054400,49.874,48.466,48.122,66.949,0.684,0.304,0.381,48.466,50.975,45.956
2025-08-06,51.76,52.06,51.11,51.2,4279300,50.474,48.665,48.107,64.368,0.78,0.399,0.381,48.665,51.38,45.95
2025-08-07,51.28,51.66,49.91,51.23,4312700,51.0,48.836,48.083,64.498,0.848,0.489,0.36,48.836,51.749,45.922
2025-08-08,51.28,51.38,49.06,50.14,4797600,51.12,48.962,48.075,56.438,0.805,0.552,0.253,48.962,51.871,46.053
2025-08-11,50.35,51.72,50.35,51.52,3622600,51.126,49.162,48.079,62.78,0.872,0.616,0.256,49.162,52.2,46.124
2025-08-12,51.81,52.3,51.58,52.18,3450200,51.254,49.42,48.102,65.376,0.968,0.686,0.281,49.42,52.566,46.275
2025-08-13,52.25,52.52,51.86,52.48,2248100,51.51,49.67,48.134,66.519,1.055,0.76,0.295,49.67,52.96,46.379
2025-08-14,52.07,52.51,51.52,52.23,1879400,51.71,49.888,48.151,64.605,1.092,0.827,0.265,49.888,53.252,46.524
2025-08-15,52.44,52.58,51.73,51.75,2147100,52.032,50.092,48.188,60.977,1.07,0.875,0.195,50.092,53.385,46.798
2025-08-18,51.95,52.36,51.62,51.87,1856900,52.102,50.311,48.241,61.558,1.05,0.91,0.14,50.311,53.453,47.169
2025-08-19,52.06,53.17,51.92,52.54,2076400,52.174,50.512,48.305,64.718,1.076,0.943,0.133,50.512,53.685,47.34
2025-08-20,52.69,53.39,52.08,52.18,2100000,52.114,50.683,48.441,61.779,1.055,0.966,0.09,50.683,53.828,47.538
2025-08-21,52.34,52.36,49.78,50.17,3356700,51.702,50.794,48.519,48.53,0.867,0.946,-0.079,50.794,53.678,47.91
2025-08-22,50.67,51.96,50.54,51.84,2685800,51.72,50.918,48.645,56.817,0.842,0.925,-0.083,50.918,53.756,48.079
2025-08-25,51.46,51.7,50.71,50.82,2043600,51.51,51.021,48.737,51.376,0.732,0.887,-0.154,51.021,53.67,48.373
2025-08-26,50.88,51.37,50.71,51.21,3221300,51.244,51.136,48.874,53.221,0.669,0.843,-0.174,51.136,53.592,48.681
2025-08-27,51.21,51.95,51.17,51.64,2150500,51.136,51.308,49.019,55.237,0.646,0.804,-0.158,51.308,53.344,49.273
2025-08-28,51.57,51.76,50.87,51.02,1836300,51.306,51.43,49.137,51.772,0.571,0.757,-0.186,51.43,53.028,49.831
2025-08-29,51.11,53.73,51.11,52.34,3528000,51.406,51.57,49.257,57.836,0.611,0.728,-0.117,51.57,52.946,50.193
2025-09-02,51.76,52.68,51.19,52.02,2950800,51.646,51.596,49.386,55.998,0.61,0.704,-0.094,51.596,52.987,50.205
2025-09-03,52.27,52.62,51.31,51.61,3353400,51.726,51.6,49.498,53.645,0.57,0.677,-0.108,51.6,52.99,50.209
2025-09-04,51.95,52.15,49.81,50.98,3641800,51.594,51.588,49.574,50.158,0.481,0.638,-0.157,51.588,52.996,50.181
2025-09-05,51.0,51.24,50.47,50.77,2054300,51.544,51.566,49.665,49.015,0.39,0.588,-0.199,51.566,53.012,50.119
2025-09-08,50.77,51.42,49.42,49.7,3615100,51.016,51.543,49.726,43.564,0.228,0.516,-0.288,51.543,53.091,49.996
2025-09-09,49.74,51.32,49.38,51.07,3772000,50.826,51.521,49.812,51.067,0.208,0.455,-0.247,51.521,53.083,49.959
2025-09-10,50.88,52.61,50.11,51.82,8179300,50.868,51.503,49.901,54.624,0.25,0.414,-0.164,51.503,53.041,49.965
2025-09-11,51.53,53.48,51.51,52.42,5188300,51.156,51.5,49.979,57.298,0.328,0.397,-0.069,51.5,53.03,49.97
2025-09-12,52.29,52.94,52.14,52.4,2204300,51.482,51.509,50.062,57.177,0.384,0.394,-0.01,51.509,53.058,49.959
2025-09-15,52.87,53.15,51.98,52.09,2946400,51.96,51.526,50.139,55.231,0.398,0.395,0.003,51.526,53.093,49.958
2025-09-16,52.22,52.42,51.17,51.45,3241100,52.036,51.504,50.226,51.345,0.354,0.387,-0.033,51.504,53.064,49.945
2025-09-17,51.84,52.79,51.75,51.81,2417600,52.034,51.468,50.316,53.334,0.344,0.378,-0.034,51.468,52.958,49.978
2025-09-18,51.85,52.05,51.14,51.82,2097500,51.914,51.45,50.408,53.391,0.333,0.369,-0.036,51.45,52.912,49.988
2025-09-19,52.09,52.68,51.63,51.88,5572000,51.81,51.536,50.49,53.756,0.325,0.36,-0.035,51.536,52.878,50.193
2025-09-22,51.72,51.72,50.12,50.59,4017200,51.51,51.473,50.549,45.506,0.213,0.331,-0.118,51.473,52.871,50.075
2025-09-23,50.71,52.31,50.68,51.6,2674900,51.54,51.512,50.631,51.75,0.203,0.305,-0.102,51.512,52.876,50.148
2025-09-24,51.62,51.69,50.99,51.32,2522900,51.442,51.518,50.717,50.038,0.17,0.278,-0.108,51.518,52.877,50.158
2025-09-25,51.12,51.33,50.25,50.4,3070900,51.158,51.456,50.775,44.796,0.069,0.236,-0.167,51.456,52.902,50.009
2025-09-26,50.7,51.3,50.5,51.29,2428500,51.04,51.469,50.844,50.228,0.061,0.201,-0.141,51.469,52.903,50.035
2025-09-29,51.45,51.77,50.95,51.5,3351900,51.222,51.427,50.92,51.442,0.07,0.175,-0.105,51.427,52.802,50.052
2025-09-30,51.43,52.01,51.05,51.54,2660300,51.21,51.403,51.001,51.684,0.079,0.156,-0.076,51.403,52.751,50.055
2025-10-01,51.72,52.7,51.58,52.48,3234200,51.442,51.446,51.081,57.091,0.161,0.157,0.004,51.446,52.876,50.017
2025-10-02,51.34,52.03,49.88,50.81,5766700,51.524,51.438,51.121,47.023,0.09,0.144,-0.054,51.438,52.881,49.995
2025-10-03,51.09,51.98,50.89,51.55,2735600,51.576,51.477,51.193,51.135,0.092,0.133,-0.041,51.477,52.886,50.068
2025-10-06,51.56,51.56,50.39,51.1,3895300,51.496,51.547,51.228,48.661,0.057,0.118,-0.061,51.547,52.7,50.394
2025-10-07,51.56,51.57,49.75,50.83,3937500,51.354,51.535,51.27,47.186,0.007,0.096,-0.089,51.535,52.714,50.356
2025-10-08,50.89,51.25,49.78,50.62,5802900,50.982,51.475,51.304,46.018,-0.048,0.067,-0.115,51.475,52.713,50.237
2025-10-09,50.99,51.05,49.57,50.24,3068700,50.868,51.366,51.345,43.9,-0.122,0.029,-0.151,51.366,52.638,50.094
2025-10-10,50.72,50.77,49.34,49.34,3055200,50.426,51.213,51.36,39.287,-0.25,-0.027,-0.223,51.213,52.682,49.744
2025-10-13,49.38,51.03,49.23,50.79,2696200,50.364,51.148,51.385,48.649,-0.232,-0.068,-0.164,51.148,52.568,49.728
2025-10-14,50.83,53.23,50.74,53.08,3669600,50.814,51.229,51.416,59.317,-0.032,-0.06,0.028,51.229,52.889,49.57
2025-10-15,53.49,54.22,53.17,53.72,2604000,51.434,51.325,51.46,61.712,0.176,-0.013,0.189,51.325,53.313,49.337
2025-10-16,54.27,54.98,53.49,53.7,2359000,52.126,51.419,51.51,61.59,0.335,0.056,0.279,51.419,53.666,49.172
2025-10-17,53.67,54.04,53.23,53.64,2060900,52.986,51.507,51.558,61.199,0.451,0.135,0.316,51.507,53.959,49.055
2025-10-20,54.13,54.68,53.7,54.58,2705300,53.744,51.706,51.647,64.951,0.612,0.231,0.381,51.706,54.473,48.94
2025-10-21,54.92,55.68,54.55,55.25,2193600,54.178,51.889,51.722,67.373,0.784,0.341,0.443,51.889,55.076,48.702
2025-10-22,55.19,55.44,54.7,54.99,2043200,54.432,52.073,51.778,65.482,0.89,0.451,0.439,52.073,55.532,48.613
2025-10-23,55.59,55.6,54.0,54.22,2636400,54.536,52.264,51.813,60.102,0.901,0.541,0.36,52.264,55.756,48.771
2025-10-24,54.43,54.84,54.24,54.73,1722200,54.754,52.436,51.863,62.311,0.94,0.621,0.319,52.436,56.062,48.809
2025-10-27,54.0,54.71,53.53,53.88,3375800,54.614,52.554,51.905,56.679,0.892,0.675,0.217,52.554,56.208,48.901
2025-10-28,53.61,53.62,52.75,53.06,3445600,54.176,52.63,51.929,51.813,0.779,0.696,0.083,52.63,56.259,49.002
2025-10-29,52.07,53.06,51.31,52.44,3813800,53.666,52.628,51.927,48.428,0.632,0.683,-0.051,52.628,56.257,49.0
2025-10-30,52.14,52.85,51.85,52.68,2973900,53.358,52.722,51.937,49.796,0.529,0.652,-0.123,52.722,56.248,49.196
2025-10-31,52.5,52.65,51.69,52.43,4322500,52.898,52.766,51.982,48.357,0.422,0.606,-0.184,52.766,56.252,49.28
2025-11-03,52.22,52.22,50.71,51.49,4114900,52.42,52.786,51.975,43.294,0.259,0.537,-0.278,52.786,56.237,49.334
2025-11-04,51.7,52.8,51.43,52.73,2748800,52.354,52.88,52.013,50.637,0.226,0.475,-0.248,52.88,56.207,49.554
2025-11-05,53.21,54.14,53.02,53.76,4493100,52.618,53.038,52.064,55.761,0.281,0.436,-0.155,53.038,56.208,49.867
2025-11-06,53.76,54.25,53.34,53.55,2194500,52.792,53.203,52.103,54.518,0.304,0.409,-0.106,53.203,56.092,50.314
2025-11-07,53.37,54.07,53.22,54.0,2242700,53.106,53.436,52.162,56.743,0.354,0.398,-0.045,53.436,55.696,51.176
2025-11-10,54.11,54.59,53.71,54.29,2247200,53.666,53.611,52.201,58.163,0.412,0.401,0.011,53.611,55.524,51.698
2025-11-11,54.68,55.17,54.61,54.79,2617600,54.078,53.696,52.257,60.567,0.493,0.42,0.074,53.696,55.661,51.732
2025-11-12,54.79,55.92,54.68,55.63,2179200,54.452,53.792,52.337,64.28,0.618,0.459,0.159,53.792,55.939,51.645
2025-11-13,55.28,56.18,55.28,55.93,2283700,54.928,53.903,52.436,65.529,0.733,0.514,0.219,53.903,56.252,51.555
2025-11-14,55.89,56.09,55.42,55.58,1930200,55.244,54.0,52.532,62.772,0.786,0.568,0.218,54.0,56.461,51.54
2025-11-17,54.97,55.56,53.83,54.68,3328300,55.322,54.006,52.632,56.223,0.748,0.604,0.143,54.006,56.471,51.54
2025-11-18,54.85,55.84,54.58,55.31,2230800,55.426,54.009,52.717,59.415,0.759,0.635,0.124,54.009,56.481,51.536
2025-11-19,55.48,55.98,54.09,54.44,3040600,55.188,53.981,52.769,53.602,0.69,0.646,0.044,53.981,56.419,51.543
2025-11-20,54.94,56.55,54.75,54.99,4550300,55.0,54.019,52.82,56.5,0.672,0.651,0.02,54.019,56.498,51.541
2025-11-21,55.59,56.59,55.19,55.46,5169600,54.976,54.056,52.882,58.864,0.687,0.658,0.029,54.056,56.599,51.513
2025-11-24,55.86,56.2,54.9,56.03,6443400,55.246,54.164,52.96,61.59,0.737,0.674,0.063,54.164,56.853,51.474
2025-11-25,56.28,56.61,55.32,55.38,2580700,55.26,54.28,53.039,56.954,0.716,0.682,0.033,54.28,56.969,51.59
2025-11-26,55.94,56.62,55.67,55.96,2506500,55.564,54.456,53.122,59.858,0.737,0.693,0.044,54.456,57.098,51.813
2025-11-28,56.13,56.3,55.64,55.75,1203100,55.716,54.609,53.201,58.324,0.729,0.701,0.029,54.609,57.173,52.045
2025-12-01,55.72,55.99,54.86,55.03,2805400,55.63,54.739,53.264,53.283,0.657,0.692,-0.035,54.739,57.093,52.385
2025-12-02,55.36,55.42,54.08,54.1,3498400,55.244,54.869,53.334,47.564,0.519,0.657,-0.139,54.869,56.695,53.044
2025-12-03,54.3,54.87,53.71,54.25,2661300,55.018,54.946,53.387,48.523,0.416,0.609,-0.193,54.946,56.502,53.389
2025-12-04,54.3,55.22,53.91,54.48,2451900,54.722,54.982,53.45,50.033,0.35,0.557,-0.207,54.982,56.454,53.509
2025-12-05,54.52,55.19,54.44,55.0,2855500,54.572,55.054,53.542,53.364,0.335,0.513,-0.178,55.054,56.363,53.745
2025-12-08,55.2,55.2,52.87,53.05,4162500,54.176,55.006,53.577,42.045,0.164,0.443,-0.279,55.006,56.529,53.484
2025-12-09,53.25,53.9,53.25,53.61,2216500,54.078,54.973,53.619,45.613,0.073,0.369,-0.296,54.973,56.589,53.356
2025-12-10,53.58,54.67,53.55,54.43,3577000,54.114,54.954,53.677,50.426,0.066,0.309,-0.242,54.954,56.588,53.321
2025-12-11,54.64,55.58,54.44,54.84,3374900,54.186,54.915,53.724,52.68,0.093,0.265,-0.172,54.915,56.518,53.312
2025-12-12,55.5,56.05,54.92,55.2,2976400,54.226,54.879,53.812,54.631,0.142,0.241,-0.099,54.879,56.416,53.341
2025-12-15,55.72,56.25,55.28,55.94,2965300,54.804,54.896,53.9,58.426,0.237,0.24,-0.003,54.896,56.476,53.317
2025-12-16,56.1,56.23,54.83,55.21,2914400,55.124,54.923,53.982,53.658,0.251,0.242,0.009,54.923,56.505,53.341
2025-12-17,55.29,56.79,55.27,56.37,3618300,55.512,54.976,54.093,59.337,0.352,0.264,0.087,54.976,56.679,53.273
2025-12-18,56.46,57.0,56.4,56.97,3127600,55.938,55.103,54.22,61.935,0.474,0.306,0.168,55.103,57.002,53.203
2025-12-19,56.84,57.29,56.72,56.9,8650700,56.278,55.198,54.353,61.442,0.559,0.357,0.202,55.198,57.259,53.137
2025-12-22,56.9,57.42,56.33,57.4,2866500,56.57,55.295,54.514,63.667,0.659,0.417,0.242,55.295,57.579,53.011
2025-12-23,57.11,57.47,56.78,56.86,2305200,56.9,55.336,54.636,59.662,0.687,0.471,0.216,55.336,57.705,52.968
2025-12-24,57.11,57.18,56.69,56.9,1380400,57.006,55.412,54.712,59.863,0.704,0.518,0.187,55.412,57.882,52.943
2025-12-26,56.97,56.99,56.04,56.34,1136100,56.88,55.431,54.765,55.672,0.665,0.547,0.118,55.431,57.925,52.938
2025-12-29,56.43,57.25,56.36,56.9,3454000,56.88,55.489,54.829,58.78,0.672,0.572,0.099,55.489,58.065,52.913
2025-12-30,57.05,57.3,56.93,57.14,2555700,56.828,55.594,54.899,60.072,0.688,0.595,0.093,55.594,58.262,52.927
2025-12-31,57.14,57.43,56.8,56.82,3306500,56.82,55.731,54.943,57.485,0.668,0.61,0.058,55.731,58.355,53.106
2026-01-02,57.15,58.12,56.39,57.68,2681100,56.976,55.902,54.992,62.197,0.713,0.63,0.082,55.902,58.567,53.237
2026-01-05,57.59,57.61,55.88,57.39,4281400,57.186,56.048,55.04,59.79,0.717,0.648,0.069,56.048,58.703,53.392
2026-01-06,57.2,57.49,56.48,57.29,4495500,57.264,56.162,55.101,58.943,0.704,0.659,0.045,56.162,58.825,53.499
2026-01-07,57.39,57.76,56.14,56.16,2993200,57.068,56.318,55.13,50.276,0.595,0.646,-0.051,56.318,58.542,54.093
2026-01-08,55.93,57.39,55.92,57.27,3305100,57.158,56.5,55.198,56.97,0.592,0.635,-0.043,56.5,58.36,54.641
2026-01-09,57.61,58.9,57.56,58.59,2581000,57.34,56.708,55.308,63.297,0.688,0.646,0.042,56.708,58.523,54.894
2026-01-12,58.34,58.86,57.45,57.63,2547500,57.388,56.848,55.412,56.76,0.679,0.652,0.027,56.848,58.477,55.219
2026-01-13,57.64,58.39,57.33,58.29,1899200,57.588,57.002,55.524,59.831,0.717,0.665,0.051,57.002,58.558,55.447
2026-01-14,58.32,59.72,58.32,59.2,2970700,58.196,57.166,55.66,63.664,0.811,0.694,0.116,57.166,58.922,55.409
2026-01-15,59.18,59.62,58.93,59.1,3473500,58.562,57.36,55.812,62.953,0.867,0.729,0.138,57.36,59.066,55.654
2026-01-16,58.84,60.16,58.69,59.94,2833200,58.832,57.538,55.956,66.351,0.969,0.777,0.192,57.538,59.531,55.546
2026-01-20,58.76,59.36,57.47,57.55,4614900,58.816,57.568,56.032,51.793,0.846,0.791,0.055,57.568,59.542,55.593
2026-01-21,58.35,58.51,57.21,58.04,3446100,58.766,57.624,56.122,54.021,0.78,0.789,-0.009,57.624,59.584,55.665
2026-01-22,58.55,59.12,57.78,58.35,2844200,58.596,57.672,56.209,55.424,0.744,0.78,-0.036,57.672,59.654,55.69
2026-01-23,58.6,58.84,57.79,58.38,2869000,58.452,57.748,56.291,55.565,0.709,0.766,-0.056,57.748,59.716,55.78
2026-01-26,58.91,59.73,58.86,59.22,2418700,58.308,57.864,56.379,59.443,0.741,0.761,-0.019,57.864,59.894,55.834
2026-01-27,59.23,60.22,59.22,60.17,2010400,58.832,58.056,56.47,63.339,0.834,0.775,0.058,58.056,60.199,55.912
2026-01-28,60.03,60.7,59.62,59.8,1986300,59.184,58.2,56.547,60.886,0.867,0.794,0.073,58.2,60.407,55.994
2026-01-29,60.35,60.52,59.23,59.73,2426000,59.46,58.33,56.63,60.409,0.878,0.81,0.067,58.33,60.578,56.082
2026-01-30,59.72,59.97,58.69,59.83,4507000,59.75,58.48,56.733,60.88,0.884,0.825,0.059,58.48,60.705,56.256
2026-02-02,59.69,59.81,58.14,58.36,4681000,59.578,58.514,56.794,51.227,0.762,0.812,-0.051,58.514,60.708,56.321
2026-02-03,58.37,59.48,58.36,59.06,3091900,59.356,58.598,56.887,54.895,0.713,0.793,-0.08,58.598,60.738,56.458
2026-02-04,59.57,61.48,59.38,60.96,3228300,59.588,58.782,57.006,63.023,0.818,0.798,0.021,58.782,61.073,56.49
2026-02-05,61.13,61.46,60.41,61.2,2850700,59.882,59.033,57.121,63.907,0.91,0.82,0.09,59.033,61.218,56.849
2026-02-06,61.69,62.14,60.7,61.49,2367600,60.214,59.244,57.23,64.997,0.996,0.855,0.14,59.244,61.524,56.965
2026-02-09,61.2,61.61,60.65,61.28,2185100,60.798,59.379,57.348,63.502,1.034,0.891,0.143,59.379,61.809,56.949
2026-02-10,61.48,63.23,61.39,62.89,2449800,61.564,59.642,57.487,69.328,1.181,0.949,0.232,59.642,62.392,56.892
2026-02-11,63.15,64.57,62.82,64.42,2479500,62.256,59.948,57.66,73.635,1.405,1.04,0.364,59.948,63.353,56.544
2026-02-12,64.61,66.89,64.61,66.36,6170600,63.288,60.306,57.887,77.877,1.719,1.176,0.543,60.306,64.732,55.881
2026-02-13,65.6,68.79,65.42,68.65,4737900,64.72,60.784,58.178,81.633,2.128,1.366,0.761,60.784,66.526,55.042
2026-02-17,69.5,69.82,68.46,68.61,4139800,66.186,61.217,58.465,81.373,2.421,1.577,0.844,61.217,67.92,54.515
2026-02-18,68.81,69.02,66.82,66.96,4722800,67.0,61.688,58.715,71.29,2.491,1.76,0.731,61.688,68.624,54.752
2026-02-19,68.21,70.33,67.45,69.8,5179000,68.076,62.276,59.011,76.653,2.744,1.957,0.788,62.276,69.872,54.68
2026-02-20,70.16,70.99,69.33,70.84,3322800,68.972,62.901,59.366,78.255,2.995,2.164,0.83,62.901,71.162,54.639
2026-02-23,70.79,71.87,70.33,71.71,2506000,69.584,63.567,59.728,79.52,3.226,2.377,0.849,63.567,72.423,54.711
2026-02-24,71.76,72.53,71.14,72.28,3602000,70.318,64.22,60.085,80.328,3.416,2.585,0.831,64.22,73.634,54.806
2026-02-25,72.12,72.52,70.66,72.24,2714000,71.374,64.823,60.433,80.09,3.522,2.772,0.75,64.823,74.682,54.965
2026-02-26,71.97,72.48,71.06,71.45,2867000,71.704,65.406,60.758,75.327,3.503,2.918,0.585,65.406,75.39,55.422
2026-02-27,71.68,72.37,71.29,71.8,4914200,71.896,66.009,61.076,76.008,3.476,3.03,0.446,66.009,76.008,56.011
2026-03-02,71.61,71.8,70.79,71.49,3297400,71.852,66.592,61.401,74.059,3.39,3.102,0.288,66.592,76.433,56.752
2026-03-03,70.16,71.4,69.07,70.96,3387100,71.588,67.222,61.693,70.72,3.242,3.13,0.112,67.222,76.437,58.008
2026-03-04,71.31,71.7,70.72,70.98,3701900,71.336,67.818,61.973,70.774,3.09,3.122,-0.032,67.818,76.325,59.312
2026-03-05,69.77,69.79,67.59,68.42,4865700,70.73,68.191,62.204,56.525,2.732,3.044,-0.312,68.191,76.062,60.321
2026-03-06,68.03,69.74,67.62,68.94,4037400,70.158,68.578,62.434,58.359,2.462,2.928,-0.465,68.578,75.73,61.427
2026-03-09,68.57,68.68,66.07,67.95,5732200,69.45,68.902,62.656,53.713,2.143,2.771,-0.627,68.902,75.243,62.56
2026-03-10,67.76,69.3,67.3,68.28,3110700,68.914,69.252,62.884,54.999,1.896,2.596,-0.7,69.252,74.5,64.003
2026-03-11,68.28,69.37,68.18,68.72,4775900,68.462,69.543,63.131,56.725,1.715,2.42,-0.705,69.543,73.871,65.215
2026-03-12,68.2,69.15,67.83,68.17,3102900,68.412,69.73,63.357,53.94,1.51,2.238,-0.728,69.73,73.398,66.063
2026-03-13,69.22,69.58,68.57,68.91,2687500,68.406,69.858,63.592,56.999,1.391,2.068,-0.677,69.858,73.195,66.521
2026-03-16,69.65,70.17,68.72,70.1,3059400,68.836,69.93,63.858,61.436,1.377,1.93,-0.553,69.93,73.219,66.642
2026-03-17,70.99,71.0,69.68,70.05,3373300,69.19,70.002,64.105,61.15,1.347,1.813,-0.467,70.002,73.232,66.773
2026-03-18,69.44,70.11,69.25,69.8,2897800,69.406,70.144,64.353,59.658,1.287,1.708,-0.421,70.144,73.044,67.245
2026-03-19,69.53,69.92,68.5,69.06,3800700,69.584,70.108,64.589,55.351,1.167,1.6,-0.433,70.108,73.044,67.171
2026-03-20,69.36,69.53,66.17,67.01,8379300,69.204,69.916,64.806,45.542,0.896,1.459,-0.563,69.916,73.137,66.695
2026-03-23,68.81,68.81,67.22,67.89,2526100,68.762,69.725,65.018,49.666,0.744,1.316,-0.572,69.725,72.951,66.499
2026-03-24,67.47,69.03,67.29,68.48,2272700,68.448,69.535,65.216,52.275,0.663,1.186,-0.522,69.535,72.569,66.501
2026-03-25,69.08,69.28,68.36,68.39,1703300,68.166,69.342,65.431,51.834,0.585,1.066,-0.48,69.342,72.133,66.552
2026-03-26,67.76,68.92,67.72,67.99,2636000,67.952,69.17,65.625,49.82,0.486,0.95,-0.464,69.17,71.836,66.503
2026-03-27,68.04,68.64,67.2,67.54,3166400,68.058,68.956,65.792,47.581,0.366,0.833,-0.467,68.956,71.41,66.503
2026-03-30,68.69,69.84,68.03,69.01,3392100,68.282,68.833,65.99,54.738,0.385,0.743,-0.358,68.833,70.979,66.686
2026-03-31,69.78,70.41,68.81,70.3,4839200,68.646,68.8,66.197,59.91,0.499,0.694,-0.195,68.8,70.825,66.774
2026-04-01,70.32,70.99,69.81,70.69,3711400,69.106,68.785,66.46,61.348,0.614,0.678,-0.065,68.785,70.748,66.822
2026-04-02,70.59,71.28,70.13,70.57,2532700,69.622,68.892,66.711,60.628,0.687,0.68,0.007,68.892,71.001,66.784
2026-04-06,69.91,70.72,69.85,70.7,2400200,70.254,68.98,66.958,61.16,0.747,0.693,0.053,68.98,71.239,66.722
2026-04-07,70.2,70.78,69.71,70.6,2499000,70.572,69.113,67.202,60.483,0.777,0.71,0.067,69.113,71.427,66.799
2026-04-08,70.95,72.34,70.44,72.29,3529400,70.97,69.314,67.464,67.112,0.927,0.754,0.173,69.314,71.99,66.637
2026-04-09,72.13,74.11,71.81,73.72,2922100,71.576,69.564,67.735,71.473,1.148,0.832,0.315,69.564,72.867,66.26
2026-04-10,73.71,74.05,73.41,73.62,1833000,72.186,69.836,68.011,70.767,1.3,0.926,0.374,69.836,73.532,66.14
2026-04-13,73.36,73.43,69.57,70.38,3882200,72.122,69.91,68.224,52.615,1.146,0.97,0.176,69.91,73.586,66.233
2026-04-14,70.06,70.63,69.26,70.36,2314900,72.074,69.922,68.435,52.525,1.01,0.978,0.032,69.922,73.604,66.241
2026-04-15,70.4,70.4,68.91,69.37,2432800,71.49,69.888,68.655,48.155,0.814,0.945,-0.131,69.888,73.577,66.2
2026-04-16,69.49,70.07,68.82,69.61,2238100,70.668,69.879,68.866,49.257,0.669,0.89,-0.221,69.879,73.57,66.188
2026-04-17,69.07,69.52,67.97,68.79,3105700,69.702,69.866,69.022,45.684,0.483,0.809,-0.325,69.866,73.571,66.16
2026-04-20,68.03,69.51,67.99,68.62,1969100,69.35,69.946,69.171,44.956,0.319,0.711,-0.392,69.946,73.455,66.437
2026-04-21,68.82,69.25,67.62,67.8,2265600,68.838,69.942,69.297,41.519,0.12,0.593,-0.472,69.942,73.462,66.421
2026-04-22,68.76,69.24,67.35,67.46,1906000,68.456,69.89,69.421,40.148,-0.063,0.461,-0.525,69.89,73.528,66.253
2026-04-23,68.38,69.04,68.01,68.39,2400400,68.212,69.89,69.531,45.453,-0.132,0.343,-0.475,69.89,73.528,66.253
2026-04-24,67.85,68.2,66.9,66.95,3171800,67.844,69.838,69.581,39.6,-0.3,0.214,-0.514,69.838,73.617,66.06
2026-04-27,67.28,67.86,66.26,66.67,2862900,67.454,69.795,69.587,38.56,-0.45,0.081,-0.531,69.795,73.703,65.887
2026-04-28,67.33,67.45,65.95,66.06,2574800,67.106,69.648,69.536,36.323,-0.611,-0.057,-0.554,69.648,73.888,65.407
2026-04-29,64.72,66.73,64.46,66.06,3358600,66.826,69.436,69.485,36.323,-0.73,-0.192,-0.539,69.436,73.954,64.917
2026-04-30,66.25,68.08,66.02,67.56,4123800,66.66,69.279,69.497,45.364,-0.696,-0.293,-0.403,69.279,73.831,64.727
2026-05-01,67.58,68.27,67.13,67.94,4180000,66.858,69.148,69.459,47.402,-0.631,-0.36,-0.27,69.148,73.695,64.6
2026-05-04,67.41,68.39,66.38,67.09,2673300,66.942,68.967,69.384,43.494,-0.64,-0.416,-0.224,68.967,73.541,64.393
2026-05-05,67.17,67.92,66.69,66.96,1794200,67.122,68.785,69.289,42.912,-0.651,-0.463,-0.187,68.785,73.375,64.195
2026-05-06,67.42,67.63,66.4,66.89,2052200,67.288,68.515,69.182,42.581,-0.657,-0.502,-0.155,68.515,72.866,64.164
2026-05-07,66.44,67.23,65.73,66.67,3172000,67.11,68.162,69.07,41.498,-0.672,-0.536,-0.136,68.162,71.826,64.499
2026-05-08,67.43,67.65,66.79,67.04,1871900,66.93,67.834,68.982,44.074,-0.647,-0.558,-0.089,67.834,70.472,65.195
2026-05-11,67.69,68.94,67.46,68.62,2570000,67.236,67.746,68.918,53.489,-0.493,-0.545,0.052,67.746,70.132,65.359
2026-05-12,68.83,69.83,68.31,69.29,2694700,67.702,67.692,68.874,56.81,-0.314,-0.499,0.185,67.692,69.87,65.514
2026-05-13,69.24,69.24,68.2,68.66,1996500,68.056,67.657,68.828,52.98,-0.221,-0.443,0.223,67.657,69.741,65.572
2026-05-14,68.96,69.01,68.07,68.77,1956800,68.476,67.614,68.784,53.568,-0.136,-0.382,0.246,67.614,69.563,65.666
2026-05-15,68.39,68.39,66.67,67.24,2681200,68.516,67.537,68.761,45.109,-0.19,-0.343,0.153,67.537,69.41,65.664
2026-05-18,67.47,68.14,63.22,66.54,6183800,68.1,67.433,68.713,41.853,-0.286,-0.332,0.046,67.433,69.284,65.582
2026-05-19,66.35,68.77,65.86,68.72,3432000,67.986,67.479,68.728,53.187,-0.184,-0.302,0.118,67.479,69.412,65.546
2026-05-20,69.25,69.26,67.72,67.81,2574800,67.816,67.496,68.719,48.902,-0.175,-0.277,0.102,67.496,69.435,65.558
2026-05-21,67.77,68.8,67.18,68.37,2836400,67.736,67.496,68.712,51.492,-0.121,-0.246,0.125,67.496,69.432,65.559
2026-05-22,68.86,69.51,68.19,69.21,1767600,68.13,67.608,68.732,55.163,-0.01,-0.199,0.188,67.608,69.671,65.546
2026-05-26,69.64,69.99,68.83,69.26,1908700,68.674,67.738,68.739,55.379,0.081,-0.143,0.223,67.738,69.876,65.6
2026-05-27,69.23,69.96,68.72,69.67,1792100,68.864,67.918,68.731,57.204,0.184,-0.077,0.261,67.918,70.07,65.767
2026-05-28,69.67,69.75,68.26,68.33,2235100,68.968,68.032,68.696,50.007,0.155,-0.031,0.186,68.032,70.002,66.062
2026-05-29,68.57,68.58,67.02,68.0,5071400,68.894,68.054,68.66,48.392,0.105,-0.004,0.109,68.054,70.012,66.096
2026-06-01,67.09,67.94,66.94,67.17,2182500,68.486,68.016,68.623,44.5,-0.002,-0.003,0.001,68.016,70.013,66.018
2026-06-02,67.63,69.22,67.42,68.95,2045500,68.424,68.108,68.661,53.194,0.056,0.009,0.048,68.108,70.097,66.12
2026-06-03,69.0,70.6,68.79,68.9,3381400,68.27,68.206,68.682,52.943,0.097,0.026,0.071,68.206,70.147,66.264
2026-06-04,69.38,70.09,69.1,69.82,2603400,68.568,68.352,68.708,56.965,0.202,0.061,0.14,68.352,70.318,66.386
2026-06-05,70.0,71.78,69.97,71.3,2517600,69.228,68.584,68.767,62.516,0.4,0.129,0.27,68.584,70.791,66.376
2026-06-08,71.3,71.54,68.86,68.88,2249800,69.57,68.676,68.784,50.945,0.357,0.175,0.182,68.676,70.762,66.589
2026-06-09,69.32,69.65,68.72,69.28,1934000,69.636,68.708,68.819,52.51,0.351,0.21,0.141,68.708,70.812,66.605
2026-06-10,69.9,70.02,69.14,69.52,1890500,69.76,68.72,68.829,53.469,0.362,0.24,0.121,68.72,70.839,66.601
2026-06-11,70.0,70.94,69.53,70.33,1911400,69.862,68.804,68.83,56.65,0.431,0.278,0.152,68.804,71.041,66.566
2026-06-12,70.54,71.28,70.18,70.93,1618300,69.788,68.912,68.835,58.892,0.528,0.328,0.199,68.912,71.343,66.48
2026-06-15,70.19,70.71,69.76,70.14,1886400,70.04,69.056,68.826,54.868,0.534,0.369,0.165,69.056,71.413,66.7
2026-06-16,70.17,71.24,70.0,70.06,1910700,70.196,69.232,68.813,54.463,0.527,0.401,0.126,69.232,71.306,67.159
2026-06-17,69.81,70.25,68.58,68.93,2885600,70.078,69.243,68.78,48.955,0.426,0.406,0.02,69.243,71.308,67.178
2026-06-18,68.91,70.53,68.91,69.9,5227600,69.992,69.348,68.732,53.319,0.419,0.408,0.01,69.348,71.316,67.379
2026-06-22,69.83,70.53,69.65,70.2,2674800,69.846,69.439,68.662,54.611,0.432,0.413,0.019,69.439,71.386,67.492
2026-06-23,69.89,71.15,69.63,70.92,2562700,70.002,69.524,68.608,57.643,0.495,0.43,0.066,69.524,71.577,67.472
2026-06-24,71.06,72.2,71.06,72.16,2260300,70.422,69.67,68.643,62.311,0.638,0.471,0.167,69.67,72.03,67.309
2026-06-25,72.55,73.24,72.06,72.68,2205800,71.172,69.82,68.69,64.098,0.784,0.534,0.25,69.82,72.537,67.103
2026-06-26,73.05,73.64,72.61,73.57,3584700,71.906,70.082,68.774,66.983,0.961,0.619,0.341,70.082,73.178,66.986
2026-06-29,73.53,73.8,73.09,73.37,1284600,72.54,70.35,68.849,65.705,1.072,0.71,0.362,70.35,73.614,67.087
2026-06-30,73.08,73.6,72.06,72.39,2217600,72.834,70.612,68.921,59.695,1.069,0.782,0.287,70.612,73.629,67.594
2026-07-01,72.05,72.34,71.16,71.46,1970900,72.694,70.737,68.978,54.592,0.98,0.821,0.159,70.737,73.672,67.802
2026-07-02,72.34,73.69,71.95,73.56,2571100,72.87,70.97,69.093,62.407,1.067,0.87,0.196,70.97,74.028,67.912
2026-07-06,73.6,74.08,72.08,72.76,2617000,72.708,71.117,69.199,58.291,1.059,0.908,0.151,71.117,74.224,68.01
2026-07-07,72.76,75.15,72.76,74.51,3089200,72.936,71.278,69.321,63.9,1.18,0.962,0.218,71.278,74.736,67.819
2026-07-08,74.75,74.85,73.43,73.57,1907800,73.172,71.512,69.454,59.288,1.187,1.007,0.179,71.512,74.922,68.102
2026-07-09,73.87,74.28,73.1,73.43,1624300,73.566,71.72,69.589,58.61,1.167,1.039,0.128,71.72,75.062,68.377
2026-07-10,73.89,74.21,73.3,73.98,1277400,73.65,71.942,69.747,60.521,1.182,1.068,0.114,71.942,75.262,68.623
2026-07-13,74.18,75.77,73.83,74.74,2394200,74.046,72.163,69.921,63.06,1.241,1.103,0.139,72.163,75.615,68.711
2026-07-14,75.82,76.69,74.81,75.34,2088900,74.212,72.384,70.077,64.974,1.321,1.146,0.175,72.384,76.06,68.707
2026-07-15,75.05,75.96,74.66,75.44,1959600,74.586,72.649,70.227,65.297,1.377,1.192,0.185,72.649,76.407,68.89
2026-07-16,75.22,77.01,75.22,76.79,2578900,75.258,72.985,70.421,69.398,1.513,1.256,0.256,72.985,76.966,69.004
2026-07-17,77.93,78.59,75.94,76.37,2483700,75.736,73.357,70.609,66.755,1.568,1.319,0.249,73.357,77.128,69.586
2026-07-20,76.58,77.25,75.95,76.0,1851900,75.988,73.662,70.791,64.427,1.564,1.368,0.196,73.662,77.237,70.087
2026-07-21,76.02,76.98,75.12,76.9,2508700,76.3,73.997,70.996,67.405,1.615,1.417,0.198,73.997,77.46,70.534
2026-07-22,77.73,79.59,77.33,79.08,2656400,77.028,74.405,71.236,73.247,1.81,1.496,0.315,74.405,78.244,70.566
2026-07-23,78.31,79.42,77.56,78.35,3298300,77.34,74.714,71.431,68.8,1.885,1.574,0.311,74.714,78.783,70.646
2026-07-24,78.67,79.45,78.08,78.46,1801200,77.758,75.004,71.614,69.104,1.93,1.645,0.285,75.004,79.279,70.728
2026-07-27,77.95,78.49,76.97,77.37,2065100,78.032,75.194,71.789,62.589,1.857,1.687,0.169,75.194,79.538,70.849
2026-07-28,77.84,80.3,77.5,78.5,2505600,78.352,75.45,71.983,66.152,1.868,1.724,0.145,75.45,79.944,70.956
2026-07-29,78.98,78.99,77.08,77.36,1998400,78.008,75.698,72.186,59.949,1.765,1.732,0.033,75.698,80.027,71.37
2026-07-30,77.23,78.83,75.85,77.46,2874500,77.83,75.998,72.404,60.3,1.672,1.72,-0.048,75.998,79.901,72.096
2026-07-31,74.71,75.59,71.97,72.18,6187600,76.574,75.93,72.473,40.22,1.159,1.608,-0.449,75.93,80.056,71.803
2026-08-03,72.59,72.78,69.98,70.3,3824000,75.16,75.806,72.523,35.666,0.594,1.405,-0.811,75.806,80.445,71.168
2026-08-04,69.93,71.33,69.45,69.55,6084000,73.37,75.558,72.547,34.011,0.084,1.141,-1.056,75.558,80.957,70.16
2026-08-05,68.14,68.26,65.5,67.21,4922200,71.34,75.24,72.507,29.425,-0.502,0.812,-1.315,75.24,81.765,68.716
2026-08-06,67.98,68.25,65.76,66.14,4514200,69.076,74.876,72.444,27.592,-1.042,0.441,-1.483,74.876,82.541,67.211
2026-08-07,66.2,67.8,65.96,67.51,3440900,68.142,74.553,72.401,33.318,-1.343,0.084,-1.428,74.553,82.893,66.212
2026-08-10,66.98,67.26,66.41,66.73,3237300,67.428,74.152,72.369,31.777,-1.626,-0.258,-1.369,74.152,83.194,65.11
2026-08-11,66.73,69.15,66.71,68.76,3905100,67.27,73.823,72.384,39.605,-1.667,-0.54,-1.128,73.823,83.157,64.489
2026-08-12,68.49,69.21,67.49,68.28,2438300,67.484,73.465,72.406,38.481,-1.719,-0.775,-0.944,73.465,83.083,63.847
2026-08-13,68.65,70.24,67.98,69.54,2672600,68.164,73.102,72.418,43.051,-1.639,-0.948,-0.691,73.102,82.739,63.466
2026-08-14,69.38,70.4,69.36,70.25,1479900,68.712,72.797,72.445,45.507,-1.502,-1.059,-0.443,72.797,82.385,63.208
2026-08-17,69.94,71.12,69.23,70.15,6692100,69.396,72.504,72.452,45.211,-1.385,-1.124,-0.261,72.504,82.038,62.97
2026-08-18,71.33,73.03,71.21,72.5,3226200,70.144,72.284,72.476,52.951,-1.09,-1.117,0.027,72.284,81.591,62.977
2026-08-19,73.12,73.86,71.73,72.25,2134700,70.938,71.943,72.543,52.108,-0.866,-1.067,0.201,71.943,80.684,63.201
2026-08-20,71.92,74.67,71.33,73.45,3661000,71.72,71.697,72.627,55.751,-0.585,-0.971,0.385,71.697,79.943,63.452
2026-08-21,73.41,73.97,69.97,70.43,3946100,71.756,71.296,72.645,46.222,-0.6,-0.897,0.297,71.296,78.913,63.679
2026-08-24,70.58,72.87,70.45,72.77,1803400,72.28,71.066,72.694,52.934,-0.417,-0.801,0.383,71.066,78.172,63.96
2026-08-25,72.7,73.81,72.46,73.57,1809500,72.494,70.819,72.746,55.002,-0.206,-0.682,0.476,70.819,77.138,64.501
2026-08-26,72.31,73.83,71.47,73.3,3432500,72.704,70.616,72.81,54.138,-0.06,-0.557,0.498,70.616,76.277,64.956
2026-08-27,72.37,72.94,71.48,72.49,3375700,72.512,70.368,72.858,51.521,-0.009,-0.448,0.439,70.368,75.128,65.608
2026-08-28,73.43,74.08,67.82,69.03,7395200,72.232,70.21,72.86,42.15,-0.245,-0.407,0.162,70.21,74.926,65.495
2026-08-31,54.81,56.3,52.25,53.11,24759600,68.3,69.351,72.524,22.17,-1.697,-0.665,-1.032,69.351,78.334,60.368
2026-09-01,53.14,58.84,51.65,57.85,24605100,65.156,68.766,72.277,32.439,-2.437,-1.019,-1.418,68.766,79.114,58.418
2026-09-02,55.86,56.24,52.92,54.3,12347100,61.356,68.12,71.945,29.319,-3.273,-1.47,-1.803,68.12,80.322,55.919
2026-09-03,54.52,55.91,54.11,55.39,8450400,57.936,67.583,71.61,31.497,-3.803,-1.937,-1.866,67.583,81.035,54.131
2026-09-04,54.89,55.85,54.64,55.85,4693400,55.3,67.0,71.273,32.444,-4.138,-2.377,-1.761,67.0,81.44,52.56
2026-09-08,55.62,58.79,55.62,58.37,6484000,56.352,66.582,70.969,37.535,-4.153,-2.732,-1.421,66.582,81.53,51.634
2026-09-09,58.53,58.99,56.46,56.51,4953200,56.084,65.97,70.632,35.414,-4.266,-3.039,-1.227,65.97,81.533,50.406
2026-09-10,56.8,57.79,55.44,55.83,5410900,56.39,65.347,70.301,34.643,-4.359,-3.303,-1.056,65.347,81.506,49.188
2026-09-11,56.37,56.74,54.82,55.09,4126300,56.33,64.624,69.973,33.781,-4.442,-3.531,-0.911,64.624,81.278,47.971
2026-09-14,55.58,56.64,55.04,55.22,3955900,56.204,63.873,69.606,34.091,-4.446,-3.714,-0.732,63.873,80.812,46.934
2026-09-15,55.93,56.03,53.6,53.68,4911000,55.266,63.049,69.225,32.169,-4.521,-3.875,-0.646,63.049,80.302,45.797
2026-09-16,54.36,54.67,53.68,53.92,4413000,54.748,62.12,68.813,32.805,-4.51,-4.002,-0.507,62.12,79.231,45.01
2026-09-17,54.29,55.45,53.83,54.6,6002900,54.502,61.238,68.434,34.673,-4.395,-4.081,-0.314,61.238,77.965,44.511
2026-09-18,54.14,54.65,53.94,54.41,9135000,54.366,60.286,68.053,34.386,-4.27,-4.118,-0.151,60.286,76.236,44.336
2026-09-21,54.16,54.84,53.79,54.06,3839800,54.134,59.467,67.655,33.829,-4.151,-4.125,-0.026,59.467,74.897,44.038
2026-09-22,54.19,54.92,53.91,54.16,2961300,54.23,58.537,67.243,34.157,-4.003,-4.101,0.098,58.537,72.788,44.286
2026-09-23,53.89,54.12,52.6,52.64,3713000,53.974,57.491,66.789,31.592,-3.963,-4.073,0.11,57.491,70.069,44.912
2026-09-24,53.13,53.14,51.56,51.69,4096600,53.392,56.41,66.314,30.073,-3.961,-4.051,0.089,56.41,66.792,46.028
2026-09-25,51.98,52.06,51.45,51.8,3727400,52.87,55.376,65.814,30.49,-3.907,-4.022,0.115,55.376,62.677,48.074
2026-09-28,52.01,52.1,50.5,50.64,5535600,52.186,54.456,65.3,28.556,-3.912,-4.0,0.088,54.456,58.358,50.554
2026-09-29,50.67,52.83,50.27,52.69,7943300,51.892,54.435,64.834,36.251,-3.708,-3.941,0.234,54.435,58.371,50.499
2026-09-30,53.21,53.57,52.5,52.86,7136300,51.936,54.185,64.353,36.858,-3.492,-3.852,0.36,54.185,57.832,50.539
2026-10-01,52.45,53.25,51.87,52.93,4474500,52.184,54.117,63.83,37.123,-3.278,-3.737,0.459,54.117,57.806,50.428
2026-10-02,52.06,53.73,52.06,53.02,5851600,52.428,53.998,63.323,37.488,-3.065,-3.602,0.537,53.998,57.668,50.329
2026-10-05,53.13,53.45,52.16,53.36,4789700,52.972,53.874,62.821,38.926,-2.837,-3.449,0.613,53.874,57.446,50.302
2026-10-06,53.6,53.82,52.73,53.37,5141100,53.108,53.624,62.341,38.971,-2.624,-3.284,0.66,53.624,56.504,50.744
2026-10-07,53.24,54.63,53.24,54.41,4419600,53.418,53.519,61.859,43.575,-2.345,-3.096,0.751,53.519,56.093,50.945
