Date,Open,High,Low,Close,Volume,SMA5,SMA20,SMA50,RSI,MACD,MACD_signal,MACD_hist,BB_mid,BB_upper,BB_lower
2021-10-06,187.96,189.07,184.88,188.62,1088200,,,,,0.0,0.0,0.0,,,
2021-10-07,190.49,191.88,189.52,191.16,795200,,,,,0.203,0.041,0.162,,,
2021-10-08,190.71,193.06,189.41,192.18,871500,,,,,0.44,0.121,0.32,,,
2021-10-11,192.0,193.51,189.9,189.93,771800,,,,,0.442,0.185,0.257,,,
2021-10-12,189.94,191.5,188.93,189.69,871600,190.316,,,,0.419,0.232,0.188,,,
2021-10-13,190.3,192.5,189.33,190.74,969500,190.74,,,,0.481,0.282,0.199,,,
2021-10-14,191.91,196.95,191.91,196.64,1087100,191.836,,,,0.994,0.424,0.57,,,
2021-10-15,197.61,199.39,197.07,198.45,956900,193.09,,,,1.529,0.645,0.884,,,
2021-10-18,197.06,198.64,196.11,196.96,711700,194.496,,,,1.812,0.878,0.933,,,
2021-10-19,198.19,199.03,197.38,198.25,542400,196.208,,,,2.116,1.126,0.99,,,
2021-10-20,198.46,199.74,198.16,198.63,663400,197.786,,,,2.36,1.373,0.987,,,
2021-10-21,198.47,199.43,196.37,199.4,521700,198.338,,,,2.586,1.615,0.971,,,
2021-10-22,200.28,201.19,199.31,199.43,520400,198.534,,,,2.736,1.839,0.896,,,
2021-10-25,199.0,201.0,197.98,200.27,605800,199.196,,,,2.889,2.049,0.84,,,
2021-10-26,200.59,201.29,198.53,198.73,913600,199.292,,,71.081,2.853,2.21,0.643,,,
2021-10-27,198.79,199.24,197.21,197.33,759800,199.032,,,63.412,2.681,2.304,0.377,,,
2021-10-28,196.71,201.71,194.23,201.18,1122100,199.388,,,72.271,2.823,2.408,0.415,,,
2021-10-29,200.57,203.45,200.29,202.36,1480000,199.974,,,74.324,2.996,2.526,0.47,,,
2021-11-01,202.66,204.26,200.19,203.22,1122300,200.564,,,75.733,3.166,2.654,0.512,,,
2021-11-02,203.81,204.8,201.8,204.4,961800,201.698,196.878,,77.554,3.357,2.794,0.563,196.878,206.519,187.238
2021-11-03,204.03,204.18,200.64,203.61,882900,202.954,197.628,,73.574,3.406,2.917,0.489,197.628,206.888,188.368
2021-11-04,204.15,207.81,204.15,206.58,1183000,204.034,198.399,,78.12,3.642,3.062,0.58,198.399,207.955,188.843
2021-11-05,208.35,209.17,207.19,207.87,841100,205.136,199.184,,79.75,3.888,3.227,0.661,199.184,209.157,189.21
2021-11-08,209.26,209.93,206.45,207.32,683900,205.956,200.053,,77.113,3.993,3.38,0.613,200.053,209.655,190.451
2021-11-09,206.82,209.24,205.83,208.53,679200,206.782,200.995,,78.776,4.126,3.53,0.597,200.995,209.993,191.997
2021-11-10,208.14,209.96,208.14,208.44,645200,207.748,201.88,,78.32,4.177,3.659,0.518,201.88,210.078,193.682
2021-11-11,207.94,208.13,206.42,207.58,523000,207.948,202.427,,73.919,4.1,3.747,0.353,202.427,210.613,194.241
2021-11-12,208.58,212.02,207.26,211.88,1078500,208.75,203.098,,79.977,4.336,3.865,0.471,203.098,212.076,194.121
2021-11-15,212.24,214.56,211.52,212.26,756500,209.738,203.864,,80.41,4.502,3.992,0.509,203.864,213.237,194.49
2021-11-16,213.18,215.85,213.01,214.97,872600,211.026,204.7,,83.201,4.796,4.153,0.643,204.7,214.91,194.489
2021-11-17,214.91,216.04,213.3,215.48,957800,212.434,205.542,,83.672,5.013,4.325,0.688,205.542,216.404,194.68
2021-11-18,215.36,216.46,213.26,214.0,852400,213.718,206.272,,76.926,5.008,4.462,0.546,206.272,217.356,195.188
2021-11-19,214.85,215.87,213.67,214.86,1047800,214.314,207.044,,78.035,5.016,4.572,0.443,207.044,218.269,195.818
2021-11-22,215.28,216.95,214.11,215.01,801300,214.864,207.781,,78.231,4.976,4.653,0.323,207.781,219.069,196.492
2021-11-23,215.73,217.09,214.77,216.73,802700,215.216,208.681,,80.395,5.026,4.728,0.298,208.681,219.8,197.561
2021-11-24,216.01,216.73,213.69,214.7,888000,215.06,209.549,,71.375,4.846,4.751,0.094,209.549,219.597,199.501
2021-11-26,210.94,214.25,207.95,208.47,1061700,213.954,209.913,,52.067,4.152,4.632,-0.479,209.913,219.182,200.645
2021-11-29,210.16,212.19,208.89,211.46,846400,213.274,210.368,,57.947,3.8,4.465,-0.665,210.368,218.943,201.794
2021-11-30,210.12,210.22,205.59,206.16,2850700,211.504,210.516,,46.953,3.058,4.184,-1.126,210.516,218.665,202.366
2021-12-01,209.21,211.07,204.94,204.97,1095100,209.152,210.544,,44.893,2.347,3.816,-1.469,210.544,218.607,202.481
2021-12-02,205.96,209.67,205.58,208.8,989500,207.972,210.804,,52.166,2.069,3.467,-1.398,210.804,218.236,203.371
2021-12-03,209.24,210.12,206.78,209.51,939100,208.18,210.95,,53.394,1.884,3.15,-1.267,210.95,218.143,203.757
2021-12-06,211.56,214.78,210.99,212.49,969300,208.386,211.181,,58.239,1.955,2.911,-0.956,211.181,218.254,204.108
2021-12-07,213.67,215.04,212.1,213.12,1090800,209.778,211.471,,59.205,2.039,2.737,-0.698,211.471,218.35,204.592
2021-12-08,213.91,214.08,209.99,213.64,974300,211.512,211.726,,60.026,2.123,2.614,-0.491,211.726,218.525,204.928
2021-12-09,213.51,216.35,212.44,214.56,662600,212.664,212.032,,61.504,2.238,2.539,-0.301,212.032,218.759,205.306
2021-12-10,215.59,216.47,213.93,215.59,721600,213.88,212.433,,63.146,2.384,2.508,-0.123,212.433,218.995,205.871
2021-12-13,216.3,217.34,215.01,216.18,1114300,214.618,212.648,,64.091,2.519,2.51,0.009,212.648,219.412,205.884
2021-12-14,215.56,216.52,212.98,214.64,860200,214.922,212.767,,59.782,2.473,2.503,-0.029,212.767,219.586,205.948
2021-12-15,215.85,218.25,214.32,217.62,985800,215.718,212.9,205.692,64.724,2.647,2.532,0.115,212.9,219.996,205.803
2021-12-16,217.62,219.01,216.57,217.92,1097100,216.39,213.022,206.278,65.188,2.777,2.581,0.196,213.022,220.384,205.659
2021-12-17,217.71,218.23,211.07,211.52,1982100,215.576,212.897,206.685,50.066,2.336,2.532,-0.196,212.897,220.274,205.521
2021-12-20,209.78,210.12,206.35,209.19,1128500,214.178,212.614,207.025,45.892,1.779,2.381,-0.603,212.614,220.108,205.12
2021-12-21,211.12,211.66,209.18,210.2,889200,213.29,212.374,207.431,47.919,1.402,2.185,-0.783,212.374,219.852,204.895
2021-12-22,210.49,211.46,209.71,211.13,601700,211.992,212.094,207.86,49.784,1.165,1.981,-0.816,212.094,219.3,204.887
2021-12-23,211.57,214.43,211.28,213.58,614800,211.124,212.038,208.316,54.416,1.162,1.817,-0.656,212.038,219.175,204.9
2021-12-27,214.85,216.56,213.61,216.45,664300,212.11,212.436,208.713,59.167,1.375,1.729,-0.354,212.436,219.627,205.246
2021-12-28,215.95,218.36,215.95,218.21,635800,213.914,212.774,209.108,61.797,1.666,1.716,-0.05,212.774,220.392,205.156
2021-12-29,218.46,220.34,217.49,219.41,1038500,215.756,213.436,209.557,63.522,1.972,1.767,0.204,213.436,220.936,205.937
2021-12-30,219.9,220.42,218.65,219.02,555200,217.334,214.139,209.972,62.534,2.157,1.845,0.312,214.139,220.895,207.383
2021-12-31,219.3,220.97,218.72,220.26,533900,218.67,214.712,210.405,64.429,2.377,1.952,0.425,214.712,221.505,207.919
2022-01-03,220.71,220.98,214.54,217.3,839700,218.84,215.102,210.763,57.016,2.286,2.019,0.267,215.102,221.522,208.681
2022-01-04,218.65,221.99,217.94,220.96,797700,219.39,215.525,211.193,62.726,2.48,2.111,0.37,215.525,222.326,208.724
2022-01-05,221.35,222.95,219.97,220.11,1120900,219.53,215.874,211.59,60.709,2.537,2.196,0.341,215.874,222.871,208.878
2022-01-06,220.56,221.56,218.54,220.08,732600,219.742,216.196,212.017,60.635,2.55,2.267,0.283,216.196,223.351,209.042
2022-01-07,219.46,220.77,219.06,219.66,695500,219.622,216.452,212.464,59.539,2.497,2.313,0.184,216.452,223.723,209.18
2022-01-10,219.06,219.06,215.79,217.62,815300,219.686,216.553,212.793,54.396,2.265,2.303,-0.038,216.553,223.83,209.276
2022-01-11,218.48,218.48,214.42,217.88,696200,219.07,216.638,213.103,54.931,2.078,2.258,-0.18,216.638,223.937,209.339
2022-01-12,218.62,220.54,217.96,219.76,783700,219.0,216.894,213.434,58.699,2.058,2.218,-0.161,216.894,224.257,209.531
2022-01-13,220.35,221.47,219.32,220.45,702400,219.074,217.036,213.755,60.02,2.073,2.189,-0.116,217.036,224.564,209.507
2022-01-14,219.08,219.08,216.16,217.62,1078300,218.666,217.02,214.035,52.589,1.836,2.118,-0.282,217.02,224.543,209.498
2022-01-18,215.83,217.92,213.29,217.81,1107400,218.704,217.335,214.26,53.01,1.645,2.024,-0.379,217.335,224.401,210.269
2022-01-19,218.41,220.07,215.84,216.18,1159000,218.364,217.684,214.426,48.994,1.346,1.888,-0.542,217.684,223.662,211.707
2022-01-20,217.38,217.66,211.61,212.11,1136100,216.834,217.78,214.522,40.703,0.772,1.665,-0.893,217.78,223.297,212.263
2022-01-21,212.76,214.62,211.1,211.92,1572000,215.128,217.819,214.589,40.359,0.298,1.391,-1.094,217.819,223.144,212.495
2022-01-24,209.73,212.73,205.42,212.33,1363600,214.07,217.757,214.667,41.506,-0.044,1.104,-1.148,217.757,223.315,212.199
2022-01-25,209.12,211.53,205.36,208.77,1150200,212.262,217.373,214.691,35.181,-0.595,0.764,-1.36,217.373,224.223,210.523
2022-01-26,209.83,211.84,205.58,207.96,1064300,210.618,216.86,214.613,33.914,-1.085,0.395,-1.48,216.86,224.88,208.841
2022-01-27,209.57,209.95,203.95,205.78,1068600,209.352,216.179,214.483,30.71,-1.63,-0.01,-1.62,216.179,225.498,206.86
2022-01-28,204.89,206.97,200.98,206.83,1200900,208.334,215.569,214.32,33.947,-1.955,-0.399,-1.556,215.569,225.668,205.471
2022-01-31,205.49,209.05,204.48,208.77,1271800,207.622,214.995,214.186,39.565,-2.033,-0.726,-1.307,214.995,225.276,204.714
2022-02-01,209.54,209.93,205.59,207.98,1113200,207.464,214.529,214.066,38.142,-2.133,-1.007,-1.126,214.529,225.207,203.851
2022-02-02,207.1,211.02,206.57,210.6,1839500,207.992,214.011,213.98,45.182,-1.979,-1.202,-0.777,214.011,224.376,203.646
2022-02-03,211.41,220.44,211.41,215.49,1555600,209.934,213.78,213.99,55.387,-1.445,-1.25,-0.195,213.78,223.772,203.788
2022-02-04,213.82,215.16,204.27,204.3,1726000,209.428,212.991,213.741,37.968,-1.903,-1.381,-0.522,212.991,223.373,202.609
2022-02-07,204.44,205.46,200.23,200.64,904500,207.802,212.04,213.46,34.182,-2.532,-1.611,-0.921,212.04,223.297,200.783
2022-02-08,200.65,203.03,200.19,201.22,1140000,206.45,211.22,213.315,35.283,-2.95,-1.879,-1.071,211.22,223.136,199.304
2022-02-09,201.98,203.49,201.64,202.37,1255600,204.804,210.444,213.133,37.516,-3.152,-2.134,-1.018,210.444,222.552,198.337
2022-02-10,199.68,200.71,194.8,196.19,1483200,200.944,209.266,212.934,31.272,-3.767,-2.46,-1.307,209.266,222.121,196.411
2022-02-11,196.05,197.65,193.47,194.31,1304100,198.946,207.959,212.721,29.655,-4.356,-2.84,-1.517,207.959,221.332,194.586
2022-02-14,195.33,197.1,193.52,195.6,1394700,197.938,206.858,212.457,32.244,-4.665,-3.205,-1.461,206.858,220.505,193.211
2022-02-15,197.52,198.81,195.48,196.11,958300,196.916,205.773,212.189,33.289,-4.814,-3.527,-1.287,205.773,219.202,192.344
2022-02-16,195.45,197.4,194.08,196.41,778700,195.724,204.784,211.867,33.935,-4.851,-3.791,-1.06,204.784,217.895,191.674
2022-02-17,194.65,196.48,193.35,193.81,815500,195.248,203.87,211.481,31.123,-5.032,-4.04,-0.993,203.87,217.376,190.363
2022-02-18,193.18,194.91,191.9,192.6,933100,194.906,202.903,211.06,29.883,-5.214,-4.274,-0.939,202.903,216.745,189.062
2022-02-22,193.09,193.61,190.53,191.8,1276400,194.146,201.877,210.605,29.058,-5.36,-4.492,-0.869,201.877,215.819,187.935
2022-02-23,192.18,193.82,190.05,190.53,1466000,193.03,200.965,210.104,27.748,-5.515,-4.696,-0.819,200.965,215.387,186.543
2022-02-24,188.66,191.98,186.79,191.11,1936500,191.97,200.122,209.602,29.315,-5.527,-4.863,-0.665,200.122,214.79,185.455
2022-02-25,191.76,195.57,191.41,194.94,1160600,192.196,199.58,209.208,38.758,-5.169,-4.924,-0.245,199.58,214.169,184.992
2022-02-28,192.47,194.47,190.86,193.08,1876300,192.292,198.893,208.718,36.227,-4.977,-4.934,-0.042,198.893,213.338,184.448
2022-03-01,193.29,194.09,187.13,188.19,1439800,191.57,197.864,208.123,30.574,-5.16,-4.979,-0.181,197.864,212.279,183.449
2022-03-02,189.69,192.42,189.52,191.14,1202500,191.692,197.022,207.715,36.964,-5.009,-4.985,-0.024,197.022,210.907,183.137
2022-03-03,192.83,193.9,190.58,192.17,1079600,191.904,196.1,207.375,39.073,-4.752,-4.939,0.187,196.1,208.564,183.637
2022-03-04,189.35,190.73,187.02,189.32,1353400,190.78,194.792,206.957,35.531,-4.724,-4.896,0.172,194.792,203.662,185.922
2022-03-07,189.0,189.1,184.25,184.32,1442800,189.028,193.793,206.421,30.336,-5.047,-4.926,-0.121,193.793,202.654,184.932
2022-03-08,185.45,187.57,180.99,181.64,1547000,187.718,192.843,205.782,27.975,-5.456,-5.032,-0.424,192.843,202.638,183.048
2022-03-09,185.48,188.41,185.12,185.43,950400,186.576,192.054,205.162,35.608,-5.412,-5.108,-0.304,192.054,201.546,182.561
2022-03-10,182.81,185.05,181.79,184.03,790000,184.948,191.136,204.478,34.167,-5.427,-5.172,-0.256,191.136,199.953,182.32
2022-03-11,185.31,186.01,181.8,181.94,886400,183.472,190.424,203.729,32.081,-5.545,-5.246,-0.298,190.424,199.806,181.042
2022-03-14,183.46,185.68,182.96,183.98,1080200,183.404,189.907,203.028,36.177,-5.41,-5.279,-0.131,189.907,199.523,180.292
2022-03-15,185.24,186.47,183.87,186.03,663100,184.282,189.429,202.344,40.088,-5.08,-5.239,0.159,189.429,198.801,180.057
2022-03-16,186.95,188.7,184.99,187.41,1019900,184.678,188.994,201.746,42.636,-4.653,-5.122,0.469,188.994,197.854,180.134
2022-03-17,186.39,189.3,186.19,188.65,850600,185.602,188.606,201.1,44.904,-4.167,-4.931,0.764,188.606,196.749,180.463
2022-03-18,189.51,190.65,186.82,189.5,1710600,187.114,188.39,200.487,46.466,-3.671,-4.679,1.008,188.39,196.174,180.607
2022-03-21,189.65,190.61,188.07,189.19,1059200,188.156,188.22,199.87,45.954,-3.265,-4.396,1.131,188.22,195.761,180.679
2022-03-22,190.32,190.93,189.31,189.65,750900,188.88,188.112,199.269,46.889,-2.873,-4.091,1.219,188.112,195.498,180.727
2022-03-23,189.02,189.96,186.82,186.84,727600,188.766,187.928,198.654,42.099,-2.757,-3.825,1.067,187.928,195.243,180.613
2022-03-24,187.45,188.19,186.81,188.03,945600,188.642,187.774,198.057,44.677,-2.54,-3.568,1.028,187.774,194.935,180.613
2022-03-25,188.82,190.07,188.06,188.98,609400,188.538,187.476,197.441,46.716,-2.265,-3.307,1.042,187.476,193.833,181.119
2022-03-28,191.3,191.39,188.58,191.26,960900,188.952,187.385,196.857,51.351,-1.842,-3.014,1.172,187.385,193.449,181.321
2022-03-29,193.34,196.61,192.92,195.07,843500,190.036,187.729,196.406,57.935,-1.186,-2.649,1.462,187.729,194.698,180.76
2022-03-30,194.36,195.52,191.69,192.65,865900,191.198,187.805,195.903,53.026,-0.852,-2.289,1.438,187.805,194.96,180.649
2022-03-31,191.62,192.82,187.9,187.93,1507900,191.178,187.592,195.338,45.014,-0.956,-2.023,1.066,187.592,194.448,180.737
2022-04-01,189.1,189.33,185.66,188.6,1015100,191.102,187.556,194.868,46.256,-0.974,-1.813,0.839,187.556,194.381,180.732
2022-04-04,187.2,187.99,184.51,187.53,795000,190.356,187.717,194.38,44.527,-1.062,-1.663,0.601,187.717,194.37,181.064
2022-04-05,186.86,188.25,184.77,185.27,712400,188.396,187.898,193.839,41.038,-1.299,-1.59,0.291,187.898,194.031,181.766
2022-04-06,182.8,185.25,181.9,184.11,1086000,186.688,187.832,193.346,39.334,-1.563,-1.584,0.022,187.832,194.104,181.561
2022-04-07,182.66,184.75,181.16,183.92,1066100,185.886,187.827,192.865,39.048,-1.766,-1.621,-0.146,187.827,194.113,181.541
2022-04-08,184.05,184.69,182.12,182.77,821700,184.72,187.868,192.405,37.282,-1.998,-1.696,-0.302,187.868,194.0,181.737
2022-04-11,182.32,183.63,179.89,180.22,760900,183.258,187.68,191.873,33.647,-2.36,-1.829,-0.531,187.68,194.505,180.856
2022-04-12,180.72,183.04,178.41,179.32,1009500,182.068,187.345,191.284,32.444,-2.688,-2.001,-0.687,187.345,195.107,179.583
2022-04-13,179.05,179.5,178.29,178.9,1021400,181.026,186.92,190.702,31.872,-2.948,-2.19,-0.758,186.92,195.551,178.288
2022-04-14,179.05,179.15,175.91,176.15,1540800,179.472,186.295,190.013,28.346,-3.338,-2.42,-0.918,186.295,196.125,176.464
2022-04-18,175.87,177.99,175.23,176.47,968800,178.212,185.643,189.233,29.326,-3.58,-2.652,-0.928,185.643,196.274,175.012
2022-04-19,177.99,182.7,177.4,182.54,956900,178.676,185.31,188.797,44.757,-3.244,-2.77,-0.474,185.31,195.89,174.731
2022-04-20,184.56,187.25,184.17,185.36,876700,179.884,185.096,188.492,50.198,-2.719,-2.76,0.041,185.096,195.477,174.715
2022-04-21,187.25,189.0,185.97,186.94,1093000,181.492,185.101,188.206,52.991,-2.151,-2.638,0.487,185.101,195.486,174.716
2022-04-22,185.51,186.31,182.32,182.5,906400,182.762,184.824,187.809,45.302,-2.035,-2.518,0.482,184.824,195.175,174.474
2022-04-25,182.35,183.76,178.89,183.19,957900,184.106,184.535,187.549,46.598,-1.866,-2.387,0.521,184.535,194.719,174.351
2022-04-26,181.53,183.09,178.17,178.24,1046700,183.246,183.884,187.227,39.384,-2.108,-2.331,0.224,183.884,193.921,173.847
2022-04-27,178.24,181.03,177.49,177.98,1163700,181.77,183.03,186.875,39.042,-2.294,-2.324,0.03,183.03,191.899,174.16
2022-04-28,179.6,183.12,178.08,181.94,1113000,180.77,182.494,186.592,46.64,-2.097,-2.279,0.181,182.494,190.124,174.864
2022-04-29,180.92,182.67,176.29,176.9,1922900,179.65,181.943,186.201,39.835,-2.321,-2.287,-0.034,181.943,189.513,174.372
2022-05-02,176.96,180.99,175.72,179.5,1881900,178.912,181.488,185.915,44.346,-2.263,-2.282,0.019,181.488,188.442,174.533
2022-05-03,188.38,191.92,179.37,183.26,1916700,179.916,181.274,185.728,50.166,-1.892,-2.204,0.312,181.274,187.689,174.859
2022-05-04,183.9,191.81,182.92,191.17,1786000,182.554,181.569,185.716,59.711,-0.949,-1.953,1.005,181.569,189.187,173.951
2022-05-05,189.45,190.86,185.66,186.83,1955300,183.532,181.705,185.642,53.64,-0.545,-1.671,1.127,181.705,189.606,173.804
2022-05-06,185.75,188.72,183.24,187.82,1612600,185.716,181.9,185.576,54.77,-0.143,-1.366,1.223,181.9,190.213,173.587
2022-05-09,185.86,190.2,185.13,187.97,1634100,187.41,182.16,185.437,54.949,0.185,-1.056,1.241,182.16,190.902,173.418
2022-05-10,189.86,190.19,182.26,182.69,1554500,187.296,182.284,185.229,47.777,0.019,-0.841,0.86,182.284,190.979,173.588
2022-05-11,182.59,185.29,181.31,182.93,1040100,185.648,182.464,185.124,48.108,-0.092,-0.691,0.599,182.464,191.05,173.878
2022-05-12,182.52,186.53,181.98,186.31,1590800,185.544,182.834,185.027,52.666,0.091,-0.535,0.626,182.834,191.413,174.256
2022-05-13,187.18,187.79,183.49,186.35,1492000,185.25,183.344,184.911,52.719,0.237,-0.38,0.617,183.344,191.449,175.24
2022-05-16,184.24,186.66,181.1,185.84,921600,184.824,183.813,184.841,51.922,0.308,-0.243,0.551,183.813,191.304,176.322
2022-05-17,188.24,190.67,186.75,190.48,958500,186.382,184.21,184.964,58.126,0.73,-0.048,0.778,184.21,192.24,176.18
2022-05-18,188.27,188.68,182.04,182.54,1208800,186.304,184.069,184.982,46.959,0.419,0.045,0.374,184.069,192.113,176.025
2022-05-19,180.49,182.77,178.52,180.21,1603500,185.084,183.732,184.878,44.271,-0.015,0.033,-0.048,183.732,191.833,175.632
2022-05-20,180.8,181.37,177.55,181.08,1179300,184.03,183.662,184.819,45.525,-0.286,-0.03,-0.255,183.662,191.832,175.491
2022-05-23,183.26,183.34,180.78,181.73,1007400,183.208,183.588,184.815,46.494,-0.443,-0.113,-0.33,183.588,191.803,175.374
2022-05-24,181.11,183.36,178.38,182.39,1169800,181.59,183.796,184.783,47.514,-0.508,-0.192,-0.316,183.796,191.643,175.949
2022-05-25,181.5,182.35,178.97,181.23,870200,181.328,183.959,184.687,45.859,-0.646,-0.283,-0.363,183.959,191.424,176.493
2022-05-26,182.78,184.3,182.17,183.38,835400,181.962,184.03,184.606,49.379,-0.575,-0.341,-0.234,184.03,191.441,176.62
2022-05-27,184.67,185.63,183.19,185.54,792400,182.854,184.462,184.544,52.706,-0.34,-0.341,0.0,184.462,191.089,177.836
2022-05-31,183.4,187.64,181.81,186.74,2172200,183.856,184.824,184.489,54.495,-0.057,-0.284,0.227,184.824,191.091,178.558
2022-06-01,187.95,188.18,182.72,184.86,817800,184.35,184.904,184.402,51.225,0.015,-0.224,0.24,184.904,191.128,178.681
2022-06-02,186.24,187.99,183.83,187.81,483500,185.666,184.736,184.365,55.716,0.307,-0.118,0.425,184.736,190.404,179.069
2022-06-03,186.29,186.96,185.4,186.52,514300,186.294,184.721,184.359,53.401,0.43,-0.008,0.438,184.721,190.366,179.076
2022-06-06,186.98,187.99,186.27,186.83,458400,186.552,184.671,184.335,53.896,0.545,0.102,0.443,184.671,190.219,179.124
2022-06-07,186.2,188.85,183.37,188.6,922600,186.924,184.703,184.327,56.727,0.771,0.236,0.535,184.703,190.335,179.071
2022-06-08,186.94,187.69,184.69,185.19,677800,186.99,184.828,184.206,50.317,0.667,0.322,0.345,184.828,190.383,179.273
2022-06-09,184.62,186.88,182.33,182.51,810600,185.93,184.807,183.955,45.925,0.364,0.331,0.034,184.807,190.395,179.219
2022-06-10,179.35,179.76,176.54,176.6,1173500,183.946,184.322,183.634,38.039,-0.349,0.195,-0.544,184.322,190.95,177.693
2022-06-13,173.13,174.42,168.24,169.28,1297400,180.436,183.468,183.261,30.95,-1.487,-0.142,-1.346,183.468,192.829,174.107
2022-06-14,169.27,170.36,165.54,166.87,1206600,176.09,182.52,182.826,29.032,-2.555,-0.624,-1.93,182.52,194.38,170.659
2022-06-15,167.94,169.69,165.44,167.3,1304300,172.512,181.36,182.422,29.867,-3.327,-1.165,-2.162,181.36,194.415,168.306
2022-06-16,164.39,164.39,159.81,160.8,1324000,168.17,180.274,181.932,25.065,-4.413,-1.815,-2.599,180.274,196.216,164.331
2022-06-17,160.33,161.96,159.15,159.98,2128600,164.846,179.262,181.45,24.529,-5.279,-2.508,-2.772,179.262,197.607,160.917
2022-06-21,161.65,163.57,160.3,162.69,1029300,163.528,178.342,181.025,29.865,-5.682,-3.142,-2.539,178.342,198.094,158.591
2022-06-22,160.36,163.97,160.18,162.78,1019900,162.71,177.395,180.625,30.042,-5.925,-3.699,-2.226,177.395,198.249,156.541
2022-06-23,162.47,164.22,159.89,161.64,695000,161.578,176.358,180.254,29.043,-6.139,-4.187,-1.952,176.358,198.206,154.509
2022-06-24,162.83,168.66,162.43,168.65,1507200,163.148,175.728,180.04,41.851,-5.677,-4.485,-1.192,175.728,197.711,153.746
2022-06-27,169.52,169.97,166.77,168.1,1381100,164.772,174.965,179.824,41.223,-5.295,-4.647,-0.648,174.965,196.889,153.04
2022-06-28,168.91,170.13,163.9,164.23,979300,165.08,173.899,179.586,37.009,-5.243,-4.766,-0.477,173.899,195.731,152.067
2022-06-29,164.57,164.6,161.6,163.34,749500,165.192,172.729,179.323,36.096,-5.215,-4.856,-0.359,172.729,194.168,151.29
2022-06-30,161.71,164.8,160.62,164.66,1486900,165.796,171.719,178.966,38.52,-5.027,-4.89,-0.137,171.719,192.648,150.79
2022-07-01,165.3,167.37,162.87,165.24,779400,165.114,170.59,178.563,39.604,-4.777,-4.867,0.091,170.59,190.263,150.918
2022-07-05,162.6,165.41,159.95,165.03,1428400,164.5,169.516,178.125,39.334,-4.543,-4.803,0.26,169.516,187.825,151.207
2022-07-06,165.55,165.99,163.16,164.64,937800,164.582,168.406,177.768,38.804,-4.339,-4.71,0.371,168.406,184.897,151.916
2022-07-07,165.33,168.05,163.7,167.73,1220900,165.46,167.363,177.459,45.114,-3.883,-4.545,0.661,167.363,180.839,153.887
2022-07-08,166.24,167.36,164.4,164.68,1149200,165.464,166.338,177.187,40.658,-3.725,-4.381,0.655,166.338,176.911,155.764
2022-07-11,164.05,166.0,163.79,165.29,1127500,165.474,165.476,176.934,41.894,-3.511,-4.207,0.696,165.476,172.814,158.139
2022-07-12,165.04,168.64,164.58,165.21,800700,165.51,164.907,176.599,41.771,-3.309,-4.027,0.718,164.907,170.049,159.765
2022-07-13,162.37,163.15,160.99,161.09,1154100,164.8,164.498,176.283,35.926,-3.441,-3.91,0.469,164.498,169.475,159.52
2022-07-14,158.45,159.23,156.78,158.99,1271300,163.052,164.104,175.873,33.363,-3.674,-3.863,0.189,164.104,169.519,158.688
2022-07-15,161.6,163.69,159.98,163.19,858000,162.754,163.898,175.471,42.238,-3.479,-3.786,0.307,163.898,169.111,158.685
2022-07-18,163.64,164.65,162.33,162.89,863900,162.274,164.002,174.906,41.809,-3.31,-3.691,0.38,164.002,169.034,158.971
2022-07-19,164.86,169.61,164.36,169.37,1152100,163.106,164.472,174.556,52.916,-2.624,-3.477,0.854,164.472,169.673,159.271
2022-07-20,169.29,170.64,168.19,170.15,765700,164.918,164.845,174.203,54.053,-1.994,-3.181,1.187,164.845,170.553,159.137
2022-07-21,169.91,172.34,168.76,172.29,619200,167.578,165.32,173.889,57.112,-1.307,-2.806,1.499,165.32,171.832,158.809
2022-07-22,172.6,174.17,172.17,173.07,743700,169.554,165.892,173.697,58.205,-0.691,-2.383,1.692,165.892,173.021,158.763
2022-07-25,172.53,173.33,171.73,173.02,581300,171.58,166.11,173.499,58.103,-0.205,-1.947,1.742,166.11,173.838,158.383
2022-07-26,172.41,175.37,171.95,175.06,894800,172.718,166.458,173.274,61.103,0.341,-1.49,1.83,166.458,175.132,157.785
2022-07-27,175.28,179.72,174.17,178.73,850500,174.434,167.183,173.121,65.841,1.057,-0.98,2.038,167.183,177.366,157.001
2022-07-28,179.55,184.19,179.55,183.86,1035200,176.748,168.21,173.082,71.135,2.016,-0.381,2.397,168.21,180.647,155.772
2022-07-29,184.78,188.28,184.19,187.71,1275900,179.676,169.362,173.026,74.348,3.051,0.305,2.746,169.362,184.412,154.312
2022-08-01,186.19,188.16,186.14,187.34,1087000,182.54,170.467,173.122,73.501,3.798,1.004,2.794,170.467,187.373,153.561
2022-08-02,183.41,192.64,182.62,185.13,2000300,184.554,171.472,173.221,68.484,4.163,1.636,2.528,171.472,189.377,153.567
2022-08-03,185.64,189.32,184.81,188.42,1276200,186.492,172.661,173.368,71.593,4.665,2.242,2.423,172.661,191.774,153.548
2022-08-04,188.52,190.14,187.55,189.21,1097000,187.562,173.735,173.517,72.299,5.067,2.807,2.261,173.735,194.057,153.413
2022-08-05,187.58,190.52,186.74,190.42,1058700,188.104,175.022,173.678,73.391,5.422,3.33,2.092,175.022,196.173,153.871
2022-08-08,192.17,192.85,188.43,189.12,707500,188.46,176.214,173.836,70.19,5.534,3.771,1.763,176.214,197.737,154.69
2022-08-09,188.84,189.92,188.09,188.85,902300,189.204,177.396,173.945,69.512,5.537,4.124,1.413,177.396,198.971,155.82
2022-08-10,192.27,193.16,191.36,192.85,725800,190.09,178.984,174.091,73.583,5.795,4.458,1.337,178.984,200.178,157.789
2022-08-11,194.6,195.3,192.24,192.6,649800,190.768,180.664,174.208,72.928,5.912,4.749,1.163,180.664,200.468,160.86
2022-08-12,193.63,196.6,192.46,196.48,595300,191.98,182.329,174.441,76.436,6.245,5.048,1.197,182.329,201.536,163.121
2022-08-15,192.9,194.93,192.02,193.34,2414900,192.824,183.851,174.551,68.679,6.185,5.276,0.909,183.851,201.319,166.383
2022-08-16,192.81,196.88,192.08,196.11,818600,194.276,185.188,174.743,71.434,6.288,5.478,0.81,185.188,202.073,168.303
2022-08-17,194.3,195.92,192.92,195.13,652200,194.732,186.437,174.909,69.118,6.219,5.626,0.593,186.437,202.303,170.571
2022-08-18,195.84,195.86,194.28,195.7,453300,195.352,187.608,175.051,69.732,6.14,5.729,0.411,187.608,202.503,172.712
2022-08-19,194.93,195.18,192.38,193.08,1030800,194.672,188.608,175.209,63.479,5.798,5.743,0.056,188.608,202.005,175.211
2022-08-22,190.43,190.44,185.85,186.51,1138900,193.306,189.282,175.289,51.103,4.941,5.582,-0.642,189.282,200.567,177.998
2022-08-23,185.61,187.74,185.11,185.58,742600,191.2,189.808,175.469,49.628,4.138,5.294,-1.155,189.808,199.108,180.509
2022-08-24,186.0,186.18,184.83,185.78,654000,189.33,190.161,175.799,49.963,3.479,4.931,-1.452,190.161,198.132,182.19
2022-08-25,186.35,187.77,185.7,187.77,618200,187.744,190.356,176.217,53.287,3.081,4.561,-1.48,190.356,197.854,182.859
2022-08-26,188.51,188.51,179.98,180.22,860900,185.172,189.982,176.475,41.912,2.132,4.075,-1.943,189.982,198.687,181.277
2022-08-29,179.15,179.38,177.14,177.57,1297700,183.384,189.493,176.81,38.783,1.152,3.49,-2.338,189.493,199.777,179.21
2022-08-30,178.08,178.4,175.25,177.23,1466000,181.714,189.098,177.155,38.387,0.345,2.861,-2.516,189.098,200.62,177.577
2022-08-31,178.41,178.41,175.38,176.03,1321500,179.764,188.479,177.422,36.953,-0.387,2.212,-2.599,188.479,201.401,175.557
2022-09-01,175.29,178.41,174.43,178.21,1159200,177.852,187.929,177.731,41.247,-0.783,1.613,-2.396,187.929,201.633,174.225
2022-09-02,179.15,180.59,175.35,176.54,1303000,177.116,187.235,178.029,39.052,-1.217,1.047,-2.264,187.235,201.787,172.683
2022-09-06,176.66,178.7,174.77,178.49,1786900,177.3,186.704,178.226,42.874,-1.388,0.56,-1.948,186.704,201.735,171.672
2022-09-07,178.72,183.55,178.07,183.22,1417300,178.498,186.422,178.528,50.915,-1.128,0.222,-1.35,186.422,201.495,171.349
2022-09-08,182.38,184.81,180.74,184.28,1160400,180.148,185.993,178.929,52.527,-0.828,0.012,-0.84,185.993,200.781,171.206
2022-09-09,184.8,187.49,184.76,186.58,1026500,181.822,185.692,179.394,55.912,-0.399,-0.07,-0.329,185.692,200.156,171.229
2022-09-12,187.12,189.13,186.13,187.55,1270600,184.024,185.246,179.852,57.295,0.019,-0.052,0.071,185.246,198.832,171.66
2022-09-13,183.47,185.21,180.27,181.09,1064800,184.544,184.634,180.169,46.773,-0.17,-0.076,-0.094,184.634,197.78,171.487
2022-09-14,181.19,181.73,177.5,179.46,1632000,183.792,183.801,180.457,44.55,-0.446,-0.15,-0.296,183.801,195.959,171.643
2022-09-15,179.99,180.86,175.6,175.99,1103200,182.134,182.844,180.684,40.173,-0.933,-0.306,-0.627,182.844,194.236,171.452
2022-09-16,174.62,176.44,172.75,175.33,2016700,179.884,181.826,180.836,39.38,-1.357,-0.517,-0.841,181.826,191.95,171.701
2022-09-19,174.01,178.51,173.91,178.4,727400,178.054,181.092,181.111,44.832,-1.429,-0.699,-0.73,181.092,189.812,172.371
2022-09-20,176.69,176.69,174.13,176.04,891200,177.044,180.568,181.326,41.725,-1.658,-0.891,-0.767,180.568,189.175,171.961
2022-09-21,177.79,179.84,174.06,174.12,1078200,175.976,179.995,181.504,39.337,-1.971,-1.107,-0.864,179.995,188.722,171.268
2022-09-22,173.97,174.14,170.2,170.66,815900,174.91,179.239,181.695,35.404,-2.47,-1.379,-1.09,179.239,188.462,170.016
2022-09-23,169.43,170.04,166.86,169.61,1092700,173.766,178.331,181.908,34.284,-2.916,-1.687,-1.229,178.331,187.593,169.069
2022-09-26,169.12,171.58,168.31,169.17,1499600,171.92,177.778,182.027,33.801,-3.268,-2.003,-1.265,177.778,187.849,167.708
2022-09-27,170.29,171.18,164.47,165.8,1317600,169.872,177.19,182.085,30.285,-3.775,-2.357,-1.418,177.19,188.599,165.781
2022-09-28,167.34,171.6,166.29,170.28,1153000,169.104,176.842,182.104,39.322,-3.772,-2.64,-1.132,176.842,188.662,165.023
2022-09-29,168.06,169.48,165.82,167.3,1297500,168.432,176.406,182.047,35.981,-3.964,-2.905,-1.059,176.406,188.973,163.839
2022-09-30,168.06,168.81,164.01,164.36,1450800,167.382,175.714,181.888,33.001,-4.304,-3.185,-1.119,175.714,189.343,162.084
2022-10-03,166.09,171.43,165.01,170.09,977400,167.566,175.391,181.828,42.922,-4.064,-3.361,-0.704,175.391,189.242,161.54
2022-10-04,172.56,175.96,172.19,175.81,773700,169.568,175.257,181.884,50.76,-3.374,-3.363,-0.011,175.257,189.033,161.481
2022-10-05,173.79,176.96,173.0,175.42,906900,170.596,174.867,181.891,50.253,-2.826,-3.256,0.43,174.867,188.126,161.608
2022-10-06,175.82,176.56,173.8,174.6,1478900,172.056,174.383,181.809,49.142,-2.429,-3.091,0.661,174.383,186.88,161.886
2022-10-07,173.1,173.21,169.66,170.51,815800,173.286,173.58,181.542,43.927,-2.417,-2.956,0.539,173.58,184.773,162.386
2022-10-10,172.18,172.18,167.89,169.35,1092700,173.138,172.67,181.175,42.548,-2.473,-2.859,0.386,172.67,181.861,163.478
2022-10-11,168.6,171.29,167.71,169.25,1029000,171.826,172.078,180.813,42.424,-2.496,-2.787,0.29,172.078,180.477,163.678
2022-10-12,169.26,171.27,167.74,168.45,1038400,170.432,171.527,180.479,41.388,-2.55,-2.739,0.189,171.527,179.31,163.744
2022-10-13,164.19,174.37,164.19,173.59,1601900,170.23,171.407,180.183,49.862,-2.153,-2.622,0.469,171.407,178.971,163.843
2022-10-14,174.69,174.99,168.76,169.32,987000,169.992,171.106,179.785,44.151,-2.158,-2.529,0.371,171.106,178.49,163.723
2022-10-17,171.96,174.59,171.93,173.75,1263300,170.872,170.874,179.451,50.487,-1.784,-2.38,0.596,170.874,177.549,164.199
2022-10-18,178.23,178.33,172.89,175.93,1174500,172.208,170.868,179.188,53.295,-1.297,-2.164,0.867,170.868,177.526,164.211
2022-10-19,174.74,176.23,172.44,174.64,929300,173.446,170.894,178.903,51.436,-1.003,-1.932,0.928,170.894,177.609,164.18
2022-10-20,174.55,175.46,171.08,171.94,1197700,173.116,170.959,178.485,47.687,-0.977,-1.741,0.764,170.959,177.688,164.229
2022-10-21,172.42,179.23,171.83,177.98,3526100,174.848,171.377,178.193,55.501,-0.464,-1.485,1.022,171.377,178.762,163.992
2022-10-24,179.52,183.42,179.02,182.67,1617000,176.632,172.052,177.917,60.442,0.318,-1.125,1.443,172.052,180.909,163.195
2022-10-25,182.93,187.62,179.15,187.31,2157800,178.908,173.128,177.796,64.627,1.297,-0.64,1.937,173.128,183.821,162.434
2022-10-26,189.27,193.06,187.45,188.84,1821700,181.748,174.056,177.651,65.908,2.171,-0.078,2.249,174.056,186.744,161.367
2022-10-27,189.8,191.24,187.92,188.21,951000,185.002,175.101,177.512,64.866,2.781,0.494,2.287,175.101,188.848,161.354
2022-10-28,189.01,195.37,188.41,194.75,938600,188.356,176.62,177.493,70.141,3.749,1.145,2.604,176.62,191.991,161.25
2022-10-31,193.32,195.4,192.87,194.27,1294100,190.676,177.83,177.517,69.319,4.426,1.801,2.625,177.83,194.761,160.898
2022-11-01,195.61,196.26,192.34,194.06,818500,192.026,178.742,177.668,68.938,4.89,2.419,2.471,178.742,197.121,160.363
2022-11-02,192.85,197.06,190.45,190.67,984100,192.392,179.504,177.77,62.926,4.927,2.921,2.006,179.504,198.556,160.453
2022-11-03,188.02,195.01,187.46,191.97,1281000,193.144,180.373,177.894,64.215,5.003,3.337,1.666,180.373,200.056,160.69
2022-11-04,194.96,196.21,192.21,195.75,774600,193.344,181.635,178.053,67.728,5.308,3.731,1.577,181.635,201.884,161.386
2022-11-07,196.43,196.64,194.54,196.27,1083800,193.744,182.981,178.374,68.19,5.527,4.09,1.437,182.981,203.37,162.592
2022-11-08,197.21,197.27,192.97,195.32,986800,193.996,184.284,178.729,66.32,5.561,4.384,1.176,184.284,204.308,164.261
2022-11-09,194.37,195.29,191.85,192.54,972100,194.37,185.489,179.035,61.044,5.301,4.568,0.734,185.489,204.367,166.611
2022-11-10,199.51,204.35,198.21,204.03,1432800,196.782,187.011,179.595,71.231,5.955,4.845,1.109,187.011,206.739,167.283
2022-11-11,204.03,206.95,203.49,206.01,841100,198.834,188.846,180.151,72.563,6.556,5.187,1.369,188.846,208.47,169.221
2022-11-14,205.51,209.62,204.98,205.36,1269500,200.652,190.426,180.728,71.395,6.901,5.53,1.371,190.426,210.023,170.829
2022-11-15,207.16,209.33,205.63,207.31,1023200,203.05,191.995,181.304,72.809,7.249,5.874,1.375,191.995,211.73,172.26
2022-11-16,207.18,208.16,205.79,207.12,714600,205.966,193.619,181.782,72.433,7.423,6.184,1.239,193.619,212.674,174.564
2022-11-17,204.92,206.12,201.28,206.03,883900,206.366,195.324,182.217,70.195,7.388,6.425,0.963,195.324,212.187,178.46
2022-11-18,208.54,208.54,204.99,206.42,914900,206.448,196.746,182.614,70.545,7.307,6.601,0.706,196.746,212.187,181.304
2022-11-21,206.21,208.26,205.19,205.63,969900,206.502,197.894,182.976,68.78,7.098,6.7,0.397,197.894,212.309,183.478
2022-11-22,207.62,208.74,206.66,208.12,998800,206.664,198.934,183.516,71.224,7.052,6.771,0.281,198.934,213.135,184.733
2022-11-23,208.23,209.95,207.74,208.06,694800,206.852,199.895,184.088,71.08,6.93,6.803,0.128,199.895,213.819,185.971
2022-11-25,208.8,209.19,207.51,208.32,417300,207.31,200.9,184.735,71.351,6.777,6.797,-0.021,200.9,214.16,187.641
2022-11-28,206.57,207.89,202.97,203.95,1127100,206.816,201.36,185.307,61.001,6.231,6.684,-0.453,201.36,214.357,188.364
2022-11-29,204.15,204.64,201.94,204.14,1117600,206.518,201.854,185.822,61.264,5.747,6.497,-0.75,201.854,214.461,189.247
2022-11-30,203.98,207.16,202.08,206.96,2640400,206.286,202.499,186.44,65.034,5.528,6.303,-0.775,202.499,214.742,190.256
2022-12-01,209.03,209.59,205.37,206.92,1306200,206.058,203.312,187.096,64.938,5.29,6.1,-0.811,203.312,214.346,192.277
2022-12-02,205.04,208.7,202.82,207.7,850500,205.934,204.098,187.837,65.998,5.105,5.901,-0.796,204.098,213.903,194.293
2022-12-05,205.21,205.54,202.68,203.97,1410200,205.938,204.509,188.524,57.106,4.605,5.642,-1.037,204.509,213.495,195.523
2022-12-06,203.98,205.06,200.07,201.61,1058400,205.432,204.776,189.173,52.304,3.972,5.308,-1.336,204.776,213.018,196.534
2022-12-07,201.07,202.46,199.83,200.25,1435200,204.09,205.022,189.862,49.71,3.322,4.911,-1.588,205.022,212.314,197.731
2022-12-08,200.8,203.5,200.57,201.36,865200,202.978,205.463,190.484,51.811,2.864,4.501,-1.637,205.463,210.193,200.734
2022-12-09,201.81,202.54,199.65,199.94,916900,201.426,205.259,191.137,48.992,2.359,4.073,-1.714,205.259,210.568,199.95
2022-12-12,200.73,204.38,199.4,204.03,1027900,201.438,205.16,191.93,56.358,2.263,3.711,-1.448,205.16,210.483,199.837
2022-12-13,210.09,210.8,203.78,205.32,825000,202.18,205.158,192.635,58.398,2.265,3.422,-1.157,205.158,210.481,199.835
2022-12-14,205.07,207.93,203.36,204.0,881000,202.93,204.992,193.198,55.537,2.135,3.164,-1.029,204.992,210.239,199.746
2022-12-15,201.17,201.97,196.81,198.34,1138400,202.326,204.554,193.657,45.289,1.558,2.843,-1.285,204.554,210.476,198.631
2022-12-16,196.02,197.69,195.3,197.24,1922300,201.786,204.114,194.11,43.605,1.0,2.474,-1.475,204.114,210.827,197.401
2022-12-19,197.41,199.71,196.64,197.7,732000,200.52,203.678,194.653,44.534,0.588,2.097,-1.509,203.678,210.876,196.48
2022-12-20,197.42,199.39,196.93,198.42,771700,199.14,203.318,195.235,46.032,0.316,1.741,-1.425,203.318,210.82,195.815
2022-12-21,200.0,202.31,199.74,202.26,735100,198.792,203.024,195.895,53.28,0.406,1.474,-1.068,203.024,210.187,195.862
2022-12-22,201.0,201.0,196.91,200.33,880200,199.19,202.638,196.533,49.67,0.317,1.242,-0.925,202.638,209.484,195.792
2022-12-23,199.81,202.56,199.41,201.95,627400,200.132,202.32,197.1,52.575,0.374,1.069,-0.695,202.32,208.623,196.016
2022-12-27,201.96,204.13,201.23,203.56,766900,201.304,202.3,197.785,55.334,0.542,0.963,-0.421,202.3,208.585,196.015
2022-12-28,204.26,205.45,200.22,200.55,952100,201.73,202.12,198.321,49.532,0.428,0.856,-0.429,202.12,208.389,195.852
2022-12-29,202.27,203.9,201.54,203.16,712000,201.91,201.93,198.865,54.033,0.541,0.793,-0.252,201.93,207.799,196.062
2022-12-30,202.38,202.38,199.68,201.63,635300,202.17,201.666,199.405,51.153,0.502,0.735,-0.233,201.666,207.044,196.288
2023-01-03,201.95,202.89,199.39,201.65,746000,202.11,201.364,199.999,51.189,0.467,0.682,-0.214,201.364,205.932,196.795
2023-01-04,203.0,204.3,199.96,202.11,929900,201.82,201.271,200.482,52.079,0.472,0.64,-0.168,201.271,205.689,196.852
2023-01-05,200.96,201.98,199.53,200.33,871500,201.776,201.206,200.835,48.402,0.327,0.577,-0.25,201.206,205.641,196.772
2023-01-06,203.1,208.4,202.72,207.72,824800,202.688,201.58,201.243,60.784,0.8,0.622,0.179,201.58,206.855,196.305
2023-01-09,208.01,210.49,206.99,207.73,1228400,203.908,201.898,201.621,60.798,1.162,0.73,0.433,201.898,207.844,195.953
2023-01-10,207.59,209.46,207.49,208.2,803900,205.218,202.312,202.021,61.479,1.47,0.878,0.592,202.312,208.806,195.817
2023-01-11,209.51,211.32,208.94,211.14,789600,207.024,202.667,202.349,65.518,1.93,1.088,0.841,202.667,210.246,195.088
2023-01-12,211.71,213.93,209.79,212.63,843000,209.484,203.032,202.716,67.384,2.386,1.348,1.038,203.032,211.767,194.298
2023-01-13,211.39,214.11,210.65,213.48,701800,210.636,203.507,203.104,68.434,2.784,1.635,1.149,203.507,213.412,193.601
2023-01-17,214.11,215.22,212.07,212.62,992300,211.614,204.22,203.543,66.115,2.996,1.907,1.089,204.22,214.605,193.836
2023-01-18,213.17,214.51,207.87,208.5,974500,211.674,204.784,203.874,56.279,2.799,2.086,0.713,204.784,214.789,194.778
2023-01-19,208.14,208.14,201.72,202.26,1651900,209.898,205.011,204.004,45.289,2.115,2.092,0.024,205.011,214.533,195.49
2023-01-20,203.05,207.24,201.31,207.11,1084700,208.794,205.446,204.221,52.975,1.942,2.062,-0.12,205.446,214.482,196.41
2023-01-23,207.13,210.83,206.12,209.6,666300,208.018,205.813,204.506,56.365,1.983,2.046,-0.063,205.813,214.9,196.726
2023-01-24,209.86,212.34,207.34,209.92,1129800,207.478,206.293,204.854,56.796,2.018,2.04,-0.022,206.293,215.171,197.414
2023-01-25,207.3,209.64,205.13,209.03,668800,207.584,206.646,204.954,55.164,1.951,2.023,-0.071,206.646,215.359,197.934
2023-01-26,210.03,210.3,207.22,209.29,651000,208.99,206.933,205.02,55.565,1.898,1.998,-0.1,206.933,215.595,198.271
2023-01-27,207.68,211.99,207.68,211.12,656500,209.792,207.462,205.135,58.391,1.98,1.994,-0.014,207.462,215.766,199.157
2023-01-30,210.04,212.28,209.56,210.46,850000,209.964,207.827,205.198,56.984,1.969,1.989,-0.02,207.827,215.975,199.678
2023-01-31,211.19,216.34,210.33,216.04,1723900,211.188,208.547,205.376,64.725,2.384,2.068,0.316,208.547,216.934,200.16
2023-02-01,216.0,221.48,214.85,219.25,1861600,213.232,209.427,205.641,68.263,2.937,2.242,0.695,209.427,218.437,200.417
2023-02-02,227.38,231.9,224.12,229.31,2288900,217.236,210.787,206.098,76.29,4.14,2.621,1.518,210.787,222.843,198.731
2023-02-03,228.07,229.16,223.99,225.82,1864200,220.176,212.061,206.502,69.703,4.756,3.048,1.708,212.061,224.831,199.292
2023-02-06,224.7,226.05,221.35,221.65,1153200,222.414,212.758,206.773,62.734,4.853,3.409,1.443,212.758,226.04,199.476
2023-02-07,220.46,221.17,216.59,218.99,1639600,223.004,213.321,206.991,58.703,4.661,3.66,1.001,213.321,226.66,199.982
2023-02-08,217.65,219.24,215.68,216.68,1186500,222.49,213.745,207.159,55.374,4.273,3.782,0.491,213.745,226.937,200.553
2023-02-09,218.78,219.55,214.39,215.1,744600,219.648,213.943,207.382,53.154,3.794,3.785,0.01,213.943,227.089,200.797
2023-02-10,214.74,216.1,213.38,215.56,840800,217.596,214.09,207.61,53.736,3.413,3.71,-0.298,214.09,227.239,200.94
2023-02-13,216.46,219.26,215.57,219.18,987400,217.102,214.374,207.854,58.14,3.364,3.641,-0.277,214.374,227.714,201.035
2023-02-14,218.29,219.76,215.97,217.88,831000,216.88,214.638,208.074,56.075,3.183,3.549,-0.366,214.638,228.039,201.236
2023-02-15,217.13,219.9,216.61,219.71,910100,217.486,215.198,208.314,58.319,3.152,3.47,-0.318,215.198,228.456,201.94
2023-02-16,216.72,219.13,215.72,217.36,708600,217.938,215.953,208.582,54.471,2.903,3.357,-0.453,215.953,227.747,204.159
2023-02-17,217.23,220.33,216.3,219.97,902000,218.82,216.596,208.949,57.801,2.884,3.262,-0.378,216.596,227.745,205.447
2023-02-21,217.91,218.45,213.36,213.62,1148700,217.708,216.797,209.216,48.506,2.329,3.076,-0.746,216.797,227.553,206.041
2023-02-22,214.38,215.48,212.45,213.76,816900,216.884,216.989,209.464,48.702,1.88,2.836,-0.957,216.989,227.358,206.62
2023-02-23,214.79,215.63,211.32,214.07,1253700,215.756,217.241,209.747,49.163,1.53,2.575,-1.045,217.241,227.024,207.458
2023-02-24,211.65,213.47,210.56,212.98,742400,214.88,217.426,209.926,47.545,1.153,2.291,-1.138,217.426,226.704,208.147
2023-02-27,215.04,215.79,212.66,213.07,598500,213.5,217.523,210.081,47.698,0.85,2.003,-1.152,217.523,226.56,208.486
2023-02-28,213.26,215.52,212.85,213.4,1178600,213.456,217.67,210.269,48.294,0.63,1.728,-1.098,217.67,226.31,209.03
2023-03-01,212.63,213.96,211.25,212.62,1168500,213.228,217.499,210.554,46.932,0.389,1.46,-1.072,217.499,226.406,208.592
2023-03-02,211.55,216.82,210.97,215.96,939700,213.606,217.335,210.929,53.036,0.461,1.26,-0.799,217.335,226.227,208.442
2023-03-03,217.28,218.94,215.78,218.68,677000,214.746,216.803,211.348,57.339,0.73,1.154,-0.425,216.803,223.737,209.869
2023-03-06,218.64,220.47,218.37,218.48,622600,215.828,216.436,211.75,56.926,0.916,1.107,-0.191,216.436,222.002,210.87
2023-03-07,218.53,218.53,216.16,216.45,650400,216.438,216.176,212.033,52.771,0.889,1.063,-0.174,216.176,221.174,211.178
2023-03-08,216.45,217.73,215.95,217.04,574800,217.322,216.078,212.368,53.826,0.906,1.032,-0.126,216.078,220.919,211.238
2023-03-09,218.29,219.28,214.63,214.89,667600,217.108,215.989,212.626,49.488,0.736,0.973,-0.236,215.989,220.848,211.13
2023-03-10,215.67,216.19,210.31,210.76,1231300,215.524,215.772,212.77,42.417,0.266,0.831,-0.565,215.772,221.158,210.386
2023-03-13,208.74,212.52,207.4,210.75,1189500,213.978,215.532,212.974,42.401,-0.106,0.644,-0.75,215.532,221.368,209.695
2023-03-14,213.4,215.53,211.25,214.3,1322700,213.548,215.288,213.197,49.58,-0.114,0.492,-0.606,215.288,220.885,209.69
2023-03-15,210.63,211.01,204.91,209.18,2232200,211.976,214.853,213.348,41.539,-0.527,0.288,-0.815,214.853,220.933,208.772
2023-03-16,207.37,211.93,206.49,210.82,1332300,211.162,214.408,213.532,44.636,-0.713,0.088,-0.801,214.408,220.29,208.526
2023-03-17,212.32,212.32,207.36,210.34,3897900,211.078,214.057,213.696,43.903,-0.89,-0.107,-0.782,214.057,220.034,208.08
2023-03-20,211.6,214.26,210.93,214.07,1292200,211.742,213.762,213.971,50.683,-0.72,-0.23,-0.49,213.762,219.053,208.471
2023-03-21,216.17,217.06,213.17,215.23,1392200,211.928,213.843,214.121,52.601,-0.487,-0.281,-0.205,213.843,219.174,208.511
2023-03-22,214.99,216.55,211.34,211.54,1172400,212.4,213.732,214.197,46.415,-0.593,-0.344,-0.249,213.732,219.161,208.302
2023-03-23,211.93,214.46,209.75,211.68,1148900,212.572,213.612,214.267,46.672,-0.658,-0.406,-0.251,213.612,219.115,208.109
2023-03-24,210.05,212.28,208.46,211.99,1049600,212.902,213.562,214.284,47.273,-0.676,-0.46,-0.216,213.562,219.107,208.018
2023-03-27,213.79,214.38,211.93,212.94,723000,212.676,213.556,214.29,49.164,-0.607,-0.49,-0.118,213.556,219.103,208.009
2023-03-28,213.18,215.13,212.79,214.27,1243300,212.484,213.599,214.306,51.773,-0.44,-0.48,0.039,213.599,219.155,208.044
2023-03-29,216.5,219.18,215.54,219.15,1427700,214.006,213.926,214.437,59.902,0.085,-0.367,0.452,213.926,219.984,207.868
2023-03-30,220.14,222.87,219.88,220.76,991100,215.822,214.166,214.682,62.168,0.623,-0.169,0.792,214.166,220.906,207.426
2023-03-31,222.05,224.31,221.44,224.05,1043100,218.234,214.434,215.118,66.353,1.301,0.125,1.176,214.434,222.27,206.599
2023-04-03,222.8,225.54,222.0,224.9,1111600,220.626,214.756,215.473,67.357,1.885,0.477,1.408,214.756,223.732,205.779
2023-04-04,225.03,225.1,214.8,215.8,1240000,220.932,214.723,215.597,50.109,1.595,0.701,0.894,214.723,223.678,205.768
2023-04-05,214.35,214.88,210.5,211.13,1105800,219.328,214.428,215.622,43.897,0.977,0.756,0.221,214.428,223.451,205.404
2023-04-06,210.25,210.54,208.37,209.55,1061400,217.086,214.16,215.632,42.0,0.356,0.676,-0.32,214.16,223.438,204.883
2023-04-10,208.4,210.91,207.5,210.5,963700,214.376,214.147,215.656,43.579,-0.059,0.529,-0.588,214.147,223.446,204.849
2023-04-11,211.48,213.55,210.8,212.18,864800,211.832,214.219,215.677,46.36,-0.25,0.373,-0.623,214.219,223.429,205.009
2023-04-12,212.41,214.89,212.13,213.83,1033100,211.438,214.195,215.745,49.018,-0.265,0.246,-0.51,214.195,223.407,204.984
2023-04-13,212.78,213.32,208.47,212.8,1105800,211.772,214.376,215.68,47.438,-0.355,0.125,-0.481,214.376,223.311,205.442
2023-04-14,212.43,215.92,212.05,212.88,838200,212.438,214.48,215.553,47.579,-0.416,0.017,-0.433,214.48,223.288,205.671
2023-04-17,212.67,214.72,211.92,214.25,796400,213.188,214.675,215.251,50.056,-0.349,-0.056,-0.293,214.675,223.268,206.082
2023-04-18,214.99,217.17,214.09,216.56,992000,214.064,214.8,215.066,54.002,-0.109,-0.067,-0.042,214.8,223.428,206.171
2023-04-19,215.98,215.98,213.92,214.59,635300,214.216,214.768,214.925,50.348,-0.077,-0.069,-0.008,214.768,223.394,206.141
2023-04-20,213.67,217.52,213.22,216.88,857700,215.032,215.035,214.883,54.226,0.132,-0.029,0.161,215.035,223.57,206.499
2023-04-21,217.6,218.06,215.34,217.37,562700,215.93,215.319,214.897,55.035,0.334,0.044,0.29,215.319,223.763,206.875
2023-04-24,217.37,219.43,217.37,218.75,843100,216.83,215.657,214.97,57.323,0.598,0.155,0.443,215.657,224.081,207.233
2023-04-25,217.84,219.2,216.26,216.3,612400,216.778,215.825,214.984,52.241,0.602,0.244,0.358,215.825,224.154,207.496
2023-04-26,215.35,216.26,212.77,212.93,868100,216.446,215.758,214.859,46.176,0.33,0.261,0.069,215.758,224.161,207.355
2023-04-27,214.83,221.74,214.37,221.39,1058500,217.348,215.87,214.93,59.033,0.788,0.367,0.421,215.87,224.519,207.221
2023-04-28,221.7,223.5,221.52,222.66,1444300,218.406,215.965,214.989,60.556,1.239,0.541,0.698,215.965,224.878,207.052
2023-05-01,223.57,227.4,223.09,226.22,1728800,219.9,216.074,215.166,64.537,1.862,0.805,1.057,216.074,225.442,206.705
2023-05-02,218.1,219.45,211.45,215.71,2445500,219.782,215.614,215.081,48.86,1.491,0.942,0.549,215.614,224.011,207.217
2023-05-03,215.26,217.17,212.63,213.69,1731300,219.934,215.508,215.082,46.521,1.022,0.958,0.064,215.508,223.949,207.068
2023-05-04,214.04,214.04,208.95,209.08,1334800,217.472,215.406,214.988,41.624,0.275,0.822,-0.547,215.406,224.116,206.696
2023-05-05,211.28,212.8,209.59,211.95,1079500,215.33,215.526,214.946,45.472,-0.084,0.641,-0.725,215.526,223.958,207.094
2023-05-08,212.53,214.19,209.63,210.41,821700,212.168,215.522,214.895,43.804,-0.488,0.415,-0.903,215.522,223.965,207.078
2023-05-09,209.08,210.71,208.27,210.06,732500,211.038,215.415,214.834,43.414,-0.826,0.167,-0.993,215.415,224.085,206.746
2023-05-10,211.54,212.22,207.11,210.52,1164400,210.404,215.25,214.777,44.118,-1.045,-0.076,-0.969,215.25,224.17,206.33
2023-05-11,208.98,209.84,207.59,209.74,905600,210.536,215.097,214.719,43.138,-1.267,-0.314,-0.953,215.097,224.295,205.899
2023-05-12,211.06,211.64,207.84,210.31,858100,210.208,214.968,214.606,44.115,-1.381,-0.527,-0.854,214.968,224.366,205.571
2023-05-15,211.02,212.19,209.64,211.0,800700,210.326,214.806,214.453,45.339,-1.4,-0.702,-0.698,214.806,224.367,205.245
2023-05-16,210.05,210.05,207.53,207.99,875500,209.912,214.378,214.243,41.108,-1.638,-0.889,-0.749,214.378,224.366,204.389
2023-05-17,209.43,211.43,208.41,211.07,937000,210.022,214.201,214.135,46.6,-1.561,-1.023,-0.537,214.201,224.298,204.105
2023-05-18,210.37,212.72,205.82,209.52,1484700,209.978,213.834,213.985,44.358,-1.606,-1.14,-0.466,213.834,224.054,203.613
2023-05-19,211.21,211.67,208.13,209.87,1971300,209.89,213.459,213.884,45.001,-1.595,-1.231,-0.364,213.459,223.684,203.233
2023-05-22,209.54,210.52,205.76,209.21,1054600,209.532,212.982,213.853,43.969,-1.621,-1.309,-0.312,212.982,223.056,202.907
2023-05-23,207.25,208.62,205.28,205.28,1090800,208.99,212.431,213.744,38.329,-1.937,-1.435,-0.502,212.431,222.937,201.924
2023-05-24,205.53,205.82,203.55,204.29,1086300,207.634,211.998,213.544,37.041,-2.241,-1.596,-0.645,211.998,223.112,200.885
2023-05-25,205.08,206.29,203.07,204.21,925300,206.572,211.14,213.444,36.933,-2.46,-1.769,-0.691,211.14,221.844,200.435
2023-05-26,204.77,207.41,204.56,207.13,894300,206.024,210.363,213.371,43.421,-2.37,-1.889,-0.481,210.363,219.717,201.009
2023-05-30,206.99,207.85,204.22,205.59,1001000,205.3,209.332,213.276,41.024,-2.396,-1.99,-0.406,209.332,215.238,203.425
2023-05-31,204.45,205.39,200.06,201.3,2594500,204.504,208.611,213.02,35.195,-2.731,-2.139,-0.593,208.611,214.752,202.47
2023-06-01,201.56,204.32,199.76,204.29,1136800,204.504,208.141,212.801,41.44,-2.724,-2.256,-0.469,208.141,214.081,202.201
2023-06-02,206.62,211.07,205.93,210.91,941600,205.844,208.232,212.789,52.382,-2.16,-2.237,0.077,208.232,214.288,202.177
2023-06-05,210.29,210.29,207.27,207.62,899500,205.942,208.016,212.708,47.62,-1.955,-2.18,0.225,208.016,213.816,202.216
2023-06-06,206.61,210.94,205.73,210.73,827700,206.97,208.032,212.682,52.057,-1.524,-2.049,0.525,208.032,213.862,202.202
2023-06-07,211.36,218.17,210.09,217.6,1597300,210.23,208.409,212.776,60.098,-0.622,-1.764,1.142,208.409,215.606,201.212
2023-06-08,216.93,218.4,215.79,218.12,906900,212.996,208.789,212.853,60.636,0.134,-1.384,1.518,208.789,217.162,200.416
2023-06-09,218.76,218.83,215.46,218.58,913100,214.53,209.231,212.841,61.136,0.762,-0.955,1.717,209.231,218.679,199.783
2023-06-12,219.34,220.75,217.82,220.66,692700,217.138,209.748,212.839,63.397,1.41,-0.482,1.892,209.748,220.491,199.006
2023-06-13,221.47,225.22,220.82,225.11,944500,220.014,210.454,212.86,67.724,2.258,0.066,2.192,210.454,223.208,197.7
2023-06-14,226.69,227.02,223.33,224.98,971500,221.49,211.304,212.862,67.473,2.885,0.63,2.255,211.304,225.543,197.064
2023-06-15,223.71,227.46,223.71,227.13,1085600,223.292,212.106,213.089,69.486,3.516,1.207,2.309,212.106,228.005,196.208
2023-06-16,229.57,230.51,226.42,228.23,2187600,225.222,213.042,213.431,70.493,4.057,1.777,2.28,213.042,230.432,195.652
2023-06-20,226.78,227.53,223.97,224.61,1159000,226.012,213.779,213.732,63.115,4.147,2.251,1.896,213.779,231.839,195.719
2023-06-21,223.39,226.78,222.22,225.41,968900,226.072,214.589,214.03,64.011,4.233,2.647,1.586,214.589,233.23,195.948
2023-06-22,226.12,226.12,222.17,222.69,892000,225.614,215.46,214.24,58.781,4.036,2.925,1.111,215.46,233.895,197.024
2023-06-23,220.88,223.49,219.62,222.94,1361600,224.776,216.392,214.422,59.111,3.855,3.111,0.744,216.392,234.329,198.455
2023-06-26,223.18,226.57,223.18,225.72,860800,224.274,217.468,214.681,62.696,3.891,3.267,0.624,217.468,234.901,200.034
2023-06-27,227.3,230.5,226.54,229.73,1048500,225.298,218.598,215.018,67.167,4.195,3.453,0.742,218.598,236.139,201.056
2023-06-28,229.6,230.2,227.83,228.3,728100,225.876,219.733,215.299,64.211,4.271,3.616,0.655,219.733,236.659,202.807
2023-06-29,227.9,230.27,225.39,229.92,847200,227.322,221.164,215.566,66.035,4.412,3.776,0.636,221.164,236.27,206.058
2023-06-30,232.0,232.58,230.56,231.44,878700,229.022,222.521,215.903,67.697,4.593,3.939,0.654,222.521,236.038,209.005
2023-07-03,230.09,232.19,228.43,232.13,512800,230.304,223.582,216.208,68.453,4.737,4.099,0.638,223.582,236.583,210.582
2023-07-05,229.33,230.11,227.51,227.69,725400,229.896,224.586,216.414,58.91,4.442,4.167,0.275,224.586,235.295,213.877
2023-07-06,225.95,226.8,223.52,224.35,1109300,229.106,225.267,216.526,52.932,3.894,4.113,-0.219,225.267,233.772,216.762
2023-07-07,223.42,228.65,223.05,225.57,986300,228.236,225.666,216.712,54.739,3.517,3.994,-0.476,225.666,233.366,217.965
2023-07-10,225.64,230.38,225.64,229.77,826800,227.902,226.248,217.049,60.377,3.517,3.898,-0.381,226.248,233.279,219.217
2023-07-11,230.64,233.14,230.1,232.4,892500,227.956,226.939,217.269,63.448,3.687,3.856,-0.169,226.939,233.498,220.38
2023-07-12,234.91,235.22,232.32,232.57,839200,228.932,227.535,217.467,63.644,3.791,3.843,-0.052,227.535,233.851,221.218
2023-07-13,232.42,232.44,230.19,230.49,880300,230.16,227.804,217.552,59.442,3.664,3.807,-0.143,227.804,234.143,221.464
2023-07-14,230.29,230.94,228.01,230.9,925100,231.226,228.099,217.856,60.002,3.555,3.757,-0.202,228.099,234.437,221.762
2023-07-17,230.7,232.78,229.95,232.38,910600,231.748,228.362,218.23,62.042,3.548,3.715,-0.167,228.362,234.96,221.764
2023-07-18,232.18,235.61,231.74,235.42,910400,232.352,228.721,218.757,65.89,3.744,3.721,0.023,228.721,236.034,221.409
2023-07-19,235.07,236.52,233.2,235.89,931300,233.016,229.286,219.236,66.456,3.892,3.755,0.137,229.286,236.992,221.579
2023-07-20,235.54,237.41,234.02,236.39,879100,234.196,229.834,219.755,67.082,4.004,3.805,0.199,229.834,237.933,221.736
2023-07-21,236.99,237.37,235.42,236.45,2819300,235.306,230.522,220.283,67.162,4.051,3.854,0.197,230.522,238.401,222.644
2023-07-24,236.75,238.51,235.27,235.31,675900,235.892,231.141,220.779,64.01,3.95,3.873,0.077,231.141,238.433,223.849
2023-07-25,234.48,237.45,232.99,236.83,701800,236.174,231.696,221.321,66.282,3.948,3.888,0.06,231.696,238.942,224.451
2023-07-26,235.88,238.08,234.71,236.29,835100,236.254,232.024,221.84,64.719,3.858,3.882,-0.024,232.024,239.486,224.563
2023-07-27,236.97,238.18,235.39,236.49,908600,236.274,232.434,222.35,65.048,3.759,3.858,-0.098,232.434,239.934,224.934
2023-07-28,237.89,240.69,237.34,240.56,1294700,237.096,232.966,223.001,70.974,3.964,3.879,0.085,232.966,241.19,224.742
2023-07-31,241.45,244.42,240.6,243.62,2141200,238.758,233.575,223.652,74.478,4.323,3.968,0.356,233.575,243.034,224.116
2023-08-01,236.36,237.27,228.8,233.01,2058300,237.994,233.619,224.122,51.337,3.709,3.916,-0.207,233.619,243.058,224.18
2023-08-02,231.77,236.36,229.77,231.31,1883600,236.998,233.8,224.551,48.725,3.05,3.743,-0.693,233.8,242.893,224.707
2023-08-03,229.95,234.2,229.95,231.51,1107600,236.002,234.158,224.997,49.053,2.515,3.497,-0.982,234.158,242.185,226.131
2023-08-04,231.29,231.54,227.82,228.19,1219300,233.528,234.289,225.455,44.013,1.802,3.158,-1.356,234.289,241.795,226.783
2023-08-07,229.39,232.14,229.35,231.05,1074300,231.014,234.353,225.99,48.886,1.451,2.817,-1.366,234.353,241.717,226.989
2023-08-08,229.4,230.73,226.18,230.13,887600,230.438,234.24,226.509,47.455,1.086,2.471,-1.384,234.24,241.798,226.681
2023-08-09,230.75,230.93,227.96,228.43,724800,229.862,234.032,226.935,44.843,0.653,2.107,-1.455,234.032,241.999,226.066
2023-08-10,228.2,230.29,223.51,223.71,1621500,228.302,233.694,227.297,38.507,-0.071,1.671,-1.743,233.694,242.791,224.596
2023-08-11,222.97,223.64,219.22,219.67,1889700,226.598,233.132,227.665,34.07,-0.96,1.145,-2.105,233.132,244.141,222.123
2023-08-14,219.67,221.13,218.23,221.07,1166600,224.602,232.566,228.0,36.788,-1.533,0.609,-2.143,232.566,244.829,220.304
2023-08-15,219.39,220.34,218.49,219.69,626200,222.514,231.78,228.176,35.245,-2.075,0.072,-2.148,231.78,245.232,218.328
2023-08-16,220.01,222.04,218.84,219.29,630400,220.686,230.95,228.409,34.79,-2.508,-0.444,-2.065,230.95,245.349,216.551
2023-08-17,219.7,220.5,218.33,219.15,843700,219.774,230.088,228.578,34.621,-2.83,-0.921,-1.909,230.088,245.164,215.012
2023-08-18,218.15,220.58,217.79,218.14,885800,219.468,229.172,228.588,33.365,-3.13,-1.363,-1.768,229.172,244.835,213.51
2023-08-21,218.34,218.79,216.6,218.11,659700,218.876,228.312,228.588,33.327,-3.333,-1.757,-1.576,228.312,244.438,212.187
2023-08-22,219.44,220.17,217.59,218.33,573600,218.604,227.388,228.583,33.931,-3.435,-2.092,-1.343,227.388,243.578,211.197
2023-08-23,218.55,223.03,218.35,222.76,628500,219.298,226.711,228.625,44.794,-3.123,-2.299,-0.825,226.711,242.46,210.962
2023-08-24,222.13,225.15,219.86,219.89,669500,219.446,225.881,228.521,40.184,-3.072,-2.453,-0.619,225.881,241.204,210.558
2023-08-25,221.81,223.32,219.94,222.57,667600,220.332,224.982,228.473,45.794,-2.783,-2.519,-0.264,224.982,238.704,211.259
2023-08-28,222.97,225.64,222.86,224.29,525900,221.568,224.015,228.416,49.093,-2.388,-2.493,0.105,224.015,234.567,213.463
2023-08-29,223.74,228.21,223.74,227.25,758000,223.352,223.727,228.396,54.254,-1.815,-2.358,0.542,223.727,233.534,213.92
2023-08-30,227.74,229.96,226.95,229.7,1014200,224.74,223.646,228.498,58.045,-1.15,-2.116,0.966,223.646,233.215,214.078
2023-08-31,229.91,231.47,228.84,228.84,1043400,226.53,223.513,228.567,56.282,-0.685,-1.83,1.145,223.513,232.685,214.341
2023-09-01,230.27,230.96,227.74,228.86,631300,227.788,223.546,228.69,56.315,-0.31,-1.526,1.215,223.546,232.795,214.298
2023-09-05,228.14,228.59,223.92,224.22,995400,227.774,223.205,228.716,47.326,-0.384,-1.297,0.914,223.205,231.766,214.644
2023-09-06,223.66,226.38,223.66,225.93,871200,227.51,222.995,228.72,50.464,-0.301,-1.098,0.797,222.995,231.031,214.959
2023-09-07,224.7,225.65,218.45,220.56,1246000,225.682,222.602,228.536,42.002,-0.66,-1.011,0.35,222.602,230.28,214.923
2023-09-08,219.95,221.1,219.2,220.61,1031800,224.036,222.446,228.383,42.099,-0.931,-0.995,0.064,222.446,230.155,214.738
2023-09-11,221.61,222.06,218.67,220.23,1065200,222.31,222.474,228.189,41.529,-1.162,-1.028,-0.134,222.474,230.145,214.804
2023-09-12,219.19,221.8,219.13,219.74,1011800,221.414,222.408,227.955,40.762,-1.369,-1.096,-0.273,222.408,230.152,214.664
2023-09-13,219.89,221.84,218.44,220.11,1152700,220.25,222.429,227.714,41.638,-1.487,-1.174,-0.312,222.429,230.145,214.713
2023-09-14,222.16,223.95,220.44,221.74,986300,220.486,222.551,227.595,45.467,-1.432,-1.226,-0.206,222.551,230.134,214.969
2023-09-15,221.13,222.29,219.1,220.48,1541500,220.46,222.618,227.518,43.113,-1.473,-1.275,-0.197,222.618,230.097,215.139
2023-09-18,220.87,221.6,219.46,219.93,1003900,220.4,222.707,227.405,42.088,-1.532,-1.327,-0.205,222.707,230.002,215.413
2023-09-19,219.36,220.48,218.08,219.75,958900,220.402,222.79,227.205,41.738,-1.575,-1.376,-0.199,222.79,229.901,215.678
2023-09-20,221.27,223.1,218.24,218.53,766900,220.086,222.8,226.927,39.352,-1.688,-1.439,-0.25,222.8,229.885,215.714
2023-09-21,217.64,217.64,214.56,214.74,1028400,218.686,222.398,226.571,33.035,-2.06,-1.563,-0.497,222.398,230.348,214.449
2023-09-22,214.72,217.56,214.67,216.04,994900,217.798,222.206,226.282,36.784,-2.224,-1.695,-0.529,222.206,230.586,213.826
2023-09-25,215.32,217.56,215.32,216.93,577100,217.198,221.924,226.002,39.289,-2.257,-1.808,-0.449,221.924,230.626,213.222
2023-09-26,215.54,216.55,212.88,212.88,837000,215.824,221.354,225.612,32.899,-2.579,-1.962,-0.617,221.354,230.861,211.846
2023-09-27,214.17,215.43,212.79,215.01,801700,215.12,220.742,225.204,38.559,-2.633,-2.096,-0.537,220.742,230.227,211.256
2023-09-28,213.7,217.78,211.29,215.99,1078900,215.37,220.056,224.806,41.024,-2.567,-2.19,-0.376,220.056,228.765,211.347
2023-09-29,217.52,218.21,212.92,214.37,827100,215.036,219.333,224.366,38.289,-2.615,-2.275,-0.34,219.333,227.346,211.319
2023-10-02,213.91,215.27,212.59,214.16,1187800,214.482,218.598,223.92,37.936,-2.639,-2.348,-0.291,218.598,225.559,211.636
2023-10-03,213.36,215.13,212.99,214.46,1072600,214.798,218.11,223.503,38.804,-2.604,-2.399,-0.205,218.11,224.773,211.446
2023-10-04,214.61,216.77,213.23,216.01,969300,214.998,217.614,223.087,43.223,-2.424,-2.404,-0.02,217.614,223.219,212.008
2023-10-05,215.64,218.44,214.65,216.72,1066200,215.144,217.422,222.695,45.176,-2.198,-2.363,0.165,217.422,222.863,211.98
2023-10-06,215.89,220.1,215.53,218.78,1132000,216.026,217.33,222.341,50.496,-1.832,-2.257,0.425,217.33,222.605,212.055
2023-10-09,217.66,218.79,215.36,218.25,917700,216.844,217.231,221.895,49.173,-1.566,-2.119,0.552,217.231,222.348,212.114
2023-10-10,219.42,221.13,218.21,218.72,953700,217.696,217.18,221.397,50.413,-1.303,-1.956,0.652,217.18,222.212,212.148
2023-10-11,219.18,220.56,218.66,220.23,820500,218.54,217.186,221.141,54.273,-0.961,-1.757,0.795,217.186,222.233,212.139
2023-10-12,219.67,219.67,216.33,217.55,1087300,218.706,216.976,220.866,47.244,-0.897,-1.585,0.688,216.976,221.553,212.4
2023-10-13,217.81,218.61,214.67,215.48,1098200,218.046,216.726,220.545,42.65,-1.001,-1.468,0.467,216.726,221.036,212.417
2023-10-16,217.4,219.27,215.53,217.44,1047300,217.884,216.602,220.33,47.824,-0.915,-1.357,0.443,216.602,220.658,212.546
2023-10-17,216.28,219.6,215.65,219.02,801700,217.944,216.566,220.09,51.613,-0.711,-1.228,0.517,216.566,220.514,212.617
2023-10-18,217.04,217.04,209.6,209.81,1145200,215.86,216.129,219.683,35.451,-1.277,-1.238,-0.04,216.129,220.986,211.273
2023-10-19,209.25,212.91,208.5,209.34,1309000,214.218,215.859,219.302,34.851,-1.744,-1.339,-0.405,215.859,221.567,210.152
2023-10-20,209.64,211.05,207.23,208.09,2513300,212.74,215.462,218.989,33.24,-2.19,-1.509,-0.681,215.462,222.141,208.783
2023-10-23,209.89,210.25,206.93,207.05,1586600,210.662,214.968,218.737,31.918,-2.597,-1.727,-0.87,214.968,222.586,207.35
2023-10-24,209.9,210.36,202.45,207.62,2174500,208.382,214.705,218.468,33.479,-2.841,-1.95,-0.891,214.705,222.963,206.447
2023-10-25,206.36,211.2,203.85,210.33,2168900,208.486,214.471,218.281,40.469,-2.784,-2.117,-0.667,214.471,222.954,205.988
2023-10-26,211.15,213.61,207.81,208.65,1304400,208.348,214.104,218.068,37.816,-2.841,-2.261,-0.58,214.104,222.938,205.27
2023-10-27,208.65,211.33,206.83,207.81,1118800,208.292,213.776,217.841,36.527,-2.921,-2.393,-0.527,213.776,223.045,204.507
2023-10-30,208.6,210.94,207.13,208.11,921400,208.504,213.474,217.64,37.349,-2.926,-2.5,-0.426,213.474,223.079,203.868
2023-10-31,207.85,209.2,206.47,208.61,1767500,208.702,213.181,217.45,38.771,-2.857,-2.571,-0.285,213.181,223.013,203.349
2023-11-01,209.42,209.84,206.49,209.0,931800,208.436,212.83,217.264,39.917,-2.739,-2.605,-0.134,212.83,222.738,202.923
2023-11-02,211.45,216.02,210.25,215.67,1282000,209.84,212.778,217.122,55.318,-2.083,-2.5,0.417,212.778,222.609,202.947
2023-11-03,218.17,221.13,215.92,216.98,1098400,211.674,212.688,217.064,57.616,-1.441,-2.288,0.847,212.688,222.319,203.057
2023-11-06,216.87,217.76,214.59,215.15,1043600,213.082,212.533,216.915,53.479,-1.068,-2.044,0.977,212.533,221.883,203.183
2023-11-07,214.77,215.34,213.23,213.98,1093600,214.156,212.296,216.709,50.959,-0.856,-1.807,0.95,212.296,221.216,203.376
2023-11-08,214.08,214.99,212.18,213.16,1204200,214.988,211.943,216.427,49.209,-0.746,-1.595,0.848,211.943,220.063,203.822
2023-11-09,213.62,214.25,211.9,212.69,1121200,214.392,211.7,216.087,48.188,-0.689,-1.413,0.724,211.7,219.393,204.006
2023-11-10,213.58,216.53,212.63,216.4,1178300,214.276,211.746,215.838,55.959,-0.341,-1.199,0.858,211.746,219.544,203.947
2023-11-13,215.49,216.78,215.21,216.05,747600,214.456,211.676,215.582,55.119,-0.091,-0.977,0.886,211.676,219.284,204.068
2023-11-14,219.67,221.97,218.89,220.07,1021200,215.674,211.728,215.499,62.147,0.425,-0.697,1.122,211.728,219.561,203.896
2023-11-15,220.7,223.42,220.7,221.08,878900,217.258,212.292,215.402,63.685,0.906,-0.376,1.282,212.292,221.104,203.48
2023-11-16,221.28,223.7,221.28,222.48,792500,219.216,212.949,215.441,65.762,1.384,-0.024,1.408,212.949,222.739,203.159
2023-11-17,223.53,223.96,222.23,223.32,1251700,220.6,213.71,215.495,66.983,1.81,0.343,1.467,213.71,224.25,203.171
2023-11-20,223.03,223.97,221.16,223.04,942800,221.998,214.51,215.551,66.137,2.1,0.694,1.406,214.51,225.344,203.676
2023-11-21,223.11,225.29,222.65,225.07,1052600,222.998,215.382,215.658,69.177,2.466,1.048,1.417,215.382,226.68,204.085
2023-11-22,225.63,225.92,223.22,224.04,931500,223.59,216.068,215.736,65.942,2.642,1.367,1.275,216.068,227.733,204.403
2023-11-24,224.14,225.11,223.63,225.11,284800,224.116,216.891,215.804,67.635,2.835,1.661,1.175,216.891,228.674,205.108
2023-11-27,224.02,225.5,222.17,225.07,777800,224.466,217.754,215.895,67.5,2.951,1.919,1.032,217.754,229.262,206.246
2023-11-28,225.25,225.85,223.63,224.55,971100,224.768,218.576,215.988,65.664,2.967,2.129,0.839,218.576,229.518,207.634
2023-11-29,226.33,226.86,223.86,224.16,698500,224.586,219.354,216.076,64.252,2.915,2.286,0.629,219.354,229.495,209.212
2023-11-30,225.06,225.82,222.44,225.45,2014400,224.868,220.176,216.214,66.795,2.943,2.417,0.526,220.176,229.409,210.943
2023-12-01,225.0,228.57,223.76,228.27,774300,225.5,220.806,216.485,71.558,3.157,2.565,0.592,220.806,230.455,211.157
2023-12-04,226.74,230.65,226.26,230.44,807200,226.574,221.479,216.773,74.58,3.461,2.744,0.717,221.479,231.854,211.104
2023-12-05,229.68,230.45,227.39,227.69,686600,227.202,222.106,216.988,65.135,3.441,2.884,0.557,222.106,232.386,211.826
2023-12-06,228.83,231.75,228.83,229.8,1040400,228.33,222.897,217.327,68.438,3.554,3.018,0.537,222.897,232.977,212.817
2023-12-07,230.86,231.43,229.74,230.44,582200,229.328,223.761,217.635,69.385,3.654,3.145,0.509,223.761,233.273,214.249
2023-12-08,230.84,233.21,230.31,232.34,1781200,230.142,224.743,217.962,72.066,3.841,3.284,0.557,224.743,233.468,216.019
2023-12-11,232.72,233.97,232.32,233.07,1115400,230.668,225.577,218.336,73.043,4.003,3.428,0.575,225.577,234.128,217.026
2023-12-12,234.41,235.41,233.22,234.33,982100,231.996,226.491,218.74,74.688,4.184,3.579,0.605,226.491,234.654,218.328
2023-12-13,234.56,236.02,231.91,235.11,913000,233.058,227.243,219.153,75.677,4.341,3.732,0.609,227.243,235.681,218.805
2023-12-14,237.35,241.88,236.72,241.35,1019400,235.24,228.257,219.659,81.805,4.912,3.968,0.944,228.257,238.296,218.217
2023-12-15,239.6,241.98,237.64,240.46,2269700,236.864,229.156,220.134,78.757,5.233,4.221,1.012,229.156,240.188,218.123
2023-12-18,241.18,241.18,238.87,239.83,639800,238.216,229.981,220.555,76.582,5.374,4.451,0.922,229.981,241.628,218.334
2023-12-19,240.84,241.28,239.41,240.69,831500,239.488,230.864,221.004,77.496,5.492,4.659,0.832,230.864,242.962,218.765
2023-12-20,240.2,242.67,238.88,238.93,955900,240.252,231.556,221.408,71.36,5.381,4.804,0.577,231.556,243.844,219.269
2023-12-21,240.78,242.61,240.04,242.46,855600,240.474,232.478,221.853,75.543,5.515,4.946,0.569,232.478,245.148,219.807
2023-12-22,243.13,245.01,242.96,243.78,496900,241.138,233.411,222.377,76.901,5.662,5.089,0.573,233.411,246.539,220.283
2023-12-26,243.86,246.46,243.86,245.48,924500,242.268,234.432,222.977,78.553,5.848,5.241,0.607,234.432,247.996,220.867
2023-12-27,245.47,246.66,244.8,245.42,626200,243.214,235.475,223.537,78.34,5.923,5.378,0.546,235.475,249.049,221.901
2023-12-28,245.18,245.81,244.29,245.06,764900,244.44,236.52,224.058,76.992,5.885,5.479,0.406,236.52,249.637,223.403
2023-12-29,244.74,245.94,244.2,245.11,634200,244.97,237.503,224.764,77.051,5.793,5.542,0.251,237.503,250.062,224.944
2024-01-02,243.38,245.25,242.14,243.85,755700,244.984,238.282,225.454,72.029,5.553,5.544,0.009,238.282,250.353,226.211
2024-01-03,242.64,242.72,240.59,241.71,876900,244.23,238.846,226.126,64.358,5.132,5.462,-0.33,238.846,250.416,227.275
2024-01-04,242.93,244.91,242.33,242.72,926200,243.69,239.597,226.84,66.188,4.824,5.334,-0.51,239.597,250.012,229.182
2024-01-05,242.7,243.81,240.49,241.39,723400,242.956,240.176,227.515,61.696,4.422,5.152,-0.73,240.176,249.532,230.821
2024-01-08,241.29,241.51,238.47,240.7,1155500,242.074,240.69,228.123,59.441,4.001,4.922,-0.921,240.69,248.845,232.534
2024-01-09,239.71,240.32,238.19,239.94,772500,241.292,241.069,228.748,56.972,3.565,4.65,-1.085,241.069,248.236,233.903
2024-01-10,236.6,239.2,236.6,237.66,1095000,240.482,241.299,229.345,50.231,3.001,4.32,-1.319,241.299,247.632,234.966
2024-01-11,237.98,238.24,235.44,237.66,1065800,239.47,241.466,229.936,50.231,2.525,3.961,-1.436,241.466,247.171,235.76
2024-01-12,239.58,240.45,236.78,237.34,974000,238.66,241.577,230.511,49.282,2.098,3.589,-1.491,241.577,246.829,236.325
2024-01-16,236.34,237.71,234.74,237.4,726500,238.0,241.38,231.079,49.474,1.744,3.22,-1.476,241.38,246.954,235.805
2024-01-17,236.07,237.6,234.0,234.15,1177000,236.842,241.064,231.449,40.495,1.188,2.813,-1.626,241.064,247.505,234.623
2024-01-18,234.3,237.24,233.96,236.54,1047600,236.618,240.9,231.84,47.973,0.929,2.436,-1.508,240.9,247.634,234.165
2024-01-19,236.96,239.1,234.75,239.1,895900,236.906,240.82,232.319,54.56,0.92,2.133,-1.213,240.82,247.603,234.037
2024-01-22,239.56,241.8,239.41,241.14,623400,237.666,240.931,232.862,59.014,1.065,1.919,-0.855,240.931,247.655,234.206
2024-01-23,241.74,244.29,241.16,244.15,1078300,239.016,241.015,233.482,64.536,1.406,1.817,-0.41,241.015,247.862,234.168
2024-01-24,245.48,245.74,241.93,241.99,1132800,240.584,240.925,234.068,58.45,1.486,1.751,-0.265,240.925,247.666,234.185
2024-01-25,244.18,245.82,242.85,245.34,1322100,242.344,240.918,234.647,64.104,1.798,1.76,0.038,240.918,247.64,234.197
2024-01-26,245.8,247.22,244.84,245.55,1071900,243.634,240.925,235.237,64.431,2.039,1.816,0.223,240.925,247.665,234.185
2024-01-29,245.12,247.21,244.6,247.21,1174000,244.848,241.032,235.779,66.989,2.337,1.92,0.417,241.032,248.11,233.955
2024-01-30,246.25,249.25,246.13,248.73,1072400,245.764,241.213,236.332,69.175,2.665,2.069,0.596,241.213,248.89,233.537
2024-01-31,249.96,249.96,244.06,244.14,2665600,246.194,241.228,236.766,56.917,2.526,2.161,0.365,241.228,248.926,233.53
2024-02-01,237.68,239.76,233.23,239.13,2916000,244.952,241.099,237.082,47.106,1.988,2.126,-0.138,241.099,248.85,233.348
2024-02-02,238.45,240.01,236.46,239.61,1391800,243.764,240.944,237.413,48.03,1.583,2.017,-0.435,240.944,248.682,233.205
2024-02-05,237.37,238.74,236.35,237.88,1195700,241.898,240.768,237.669,44.979,1.109,1.836,-0.727,240.768,248.622,232.914
2024-02-06,236.29,239.29,235.36,239.26,1258300,240.004,240.696,237.974,47.826,0.835,1.636,-0.801,240.696,248.579,232.813
2024-02-07,239.95,241.1,237.21,237.77,1134500,238.73,240.588,238.227,45.112,0.492,1.407,-0.915,240.588,248.574,232.601
2024-02-08,237.42,238.39,235.18,238.16,732400,238.536,240.612,238.489,45.976,0.249,1.175,-0.926,240.612,248.563,232.662
2024-02-09,238.07,239.34,237.34,239.32,685200,238.478,240.695,238.784,48.57,0.148,0.97,-0.822,240.695,248.55,232.841
2024-02-12,239.11,240.71,238.11,239.95,786600,238.892,240.826,239.1,49.975,0.118,0.799,-0.682,240.826,248.531,233.121
2024-02-13,238.1,238.33,233.56,235.55,1026800,238.15,240.734,239.302,41.457,-0.258,0.588,-0.846,240.734,248.654,232.813
2024-02-14,236.75,237.89,235.59,237.8,904200,238.156,240.916,239.493,46.481,-0.371,0.396,-0.767,240.916,248.351,233.481
2024-02-15,237.93,240.47,237.36,240.33,903500,238.59,241.106,239.69,51.518,-0.253,0.266,-0.519,241.106,248.258,233.953
2024-02-16,240.02,240.58,236.72,237.61,1202800,238.248,241.031,239.889,46.455,-0.374,0.138,-0.512,241.031,248.302,233.76
2024-02-20,237.68,240.26,237.53,239.18,1095000,238.094,240.933,240.076,49.538,-0.34,0.043,-0.383,240.933,248.25,233.616
2024-02-21,240.06,241.5,238.56,241.47,822100,239.278,240.799,240.297,53.723,-0.127,0.009,-0.135,240.799,247.965,233.633
2024-02-22,241.47,242.67,240.64,242.05,1398300,240.128,240.802,240.491,54.746,0.088,0.025,0.064,240.802,247.97,233.634
2024-02-23,242.12,244.22,242.12,243.42,990600,240.746,240.706,240.698,57.157,0.365,0.093,0.272,240.706,247.667,233.745
2024-02-26,242.58,244.06,242.09,243.06,907200,241.836,240.582,240.873,56.308,0.549,0.184,0.365,240.582,247.261,233.902
2024-02-27,244.07,244.95,242.02,244.71,1012300,242.942,240.456,241.065,59.292,0.818,0.311,0.507,240.456,246.692,234.221
2024-02-28,245.23,246.73,244.94,245.8,844300,243.808,240.31,241.154,61.178,1.107,0.47,0.637,240.31,245.823,234.797
2024-02-29,246.69,246.69,244.59,245.31,1370400,244.46,240.368,241.251,59.836,1.281,0.632,0.649,240.368,246.074,234.663
2024-03-01,244.93,245.17,241.67,243.48,1139800,244.472,240.586,241.324,54.984,1.258,0.757,0.5,240.586,246.423,234.749
2024-03-04,237.74,243.7,237.69,242.43,1652400,244.346,240.727,241.359,52.361,1.141,0.834,0.307,240.727,246.601,234.853
2024-03-05,242.47,244.14,240.71,241.31,1383700,243.666,240.898,241.406,49.64,0.947,0.857,0.09,240.898,246.621,235.176
2024-03-06,242.21,244.91,241.87,243.54,1107300,243.214,241.112,241.428,54.688,0.962,0.878,0.084,241.112,246.897,235.328
2024-03-07,245.78,246.4,243.81,244.68,1160100,243.088,241.458,241.446,57.058,1.054,0.913,0.141,241.458,247.227,235.689
2024-03-08,245.15,246.07,244.02,244.4,912900,243.272,241.77,241.424,56.28,1.092,0.949,0.143,241.77,247.462,236.078
2024-03-11,244.9,245.09,242.76,244.96,1200400,243.778,242.052,241.415,57.528,1.153,0.99,0.164,242.052,247.792,236.312
2024-03-12,245.48,246.62,243.57,245.99,1053000,244.714,242.354,241.434,59.801,1.271,1.046,0.225,242.354,248.261,236.447
2024-03-13,246.67,247.2,245.15,245.8,1588300,245.166,242.866,241.447,59.172,1.333,1.103,0.23,242.866,248.019,237.714
2024-03-14,248.18,249.67,245.77,247.9,2400300,245.81,243.372,241.528,63.716,1.534,1.19,0.345,243.372,248.411,238.332
2024-03-15,245.93,249.8,245.93,249.77,11556400,246.884,243.844,241.69,67.215,1.824,1.316,0.507,243.844,249.423,238.264
2024-03-18,251.72,251.94,247.66,247.85,970600,247.462,244.356,241.792,60.739,1.876,1.428,0.448,244.356,249.378,239.333
2024-03-19,246.87,249.92,246.87,249.22,1117500,248.108,244.858,241.949,63.445,2.006,1.544,0.462,244.858,249.706,240.009
2024-03-20,249.65,251.59,247.96,251.49,818600,249.246,245.358,242.165,67.449,2.265,1.688,0.577,245.358,250.771,239.946
2024-03-21,251.6,253.16,251.12,252.96,1164700,250.258,245.904,242.425,69.76,2.56,1.862,0.697,245.904,252.061,239.747
2024-03-22,253.44,253.73,251.11,251.4,1046200,250.584,246.303,242.7,64.526,2.637,2.017,0.62,246.303,252.807,239.799
2024-03-25,250.74,251.9,248.62,248.78,969600,250.77,246.589,242.922,56.816,2.459,2.106,0.353,246.589,252.994,240.184
2024-03-26,248.87,249.96,248.24,248.44,978400,250.614,246.776,243.144,55.883,2.264,2.137,0.126,246.776,253.168,240.383
2024-03-27,250.02,252.38,249.82,252.31,887000,250.778,247.101,243.442,63.276,2.394,2.188,0.205,247.101,253.932,240.27
2024-03-28,253.07,253.7,251.52,252.42,1132500,250.67,247.456,243.808,63.464,2.477,2.246,0.231,247.456,254.627,240.286
2024-04-01,252.24,252.67,249.43,249.51,919900,250.292,247.758,244.067,55.408,2.282,2.253,0.029,247.758,254.729,240.787
2024-04-02,250.33,250.76,247.96,248.28,906700,250.192,248.05,244.251,52.381,2.005,2.204,-0.198,248.05,254.555,241.546
2024-04-03,247.92,249.18,247.72,248.55,856700,250.214,248.412,244.399,52.988,1.787,2.12,-0.333,248.412,254.091,242.734
2024-04-04,250.81,252.15,246.05,246.26,1064100,249.004,248.549,244.441,47.461,1.413,1.979,-0.566,248.549,253.854,243.243
2024-04-05,247.52,248.6,246.5,247.35,908500,247.99,248.682,244.548,50.128,1.191,1.821,-0.63,248.682,253.704,243.66
2024-04-08,248.14,249.02,246.28,246.51,771800,247.39,248.788,244.572,48.102,0.936,1.644,-0.708,248.788,253.511,244.064
2024-04-09,246.97,248.74,244.48,247.01,917200,247.136,248.89,244.601,49.412,0.766,1.469,-0.703,248.89,253.345,244.435
2024-04-10,244.98,245.81,242.43,243.92,761800,246.21,248.787,244.535,42.302,0.377,1.25,-0.873,248.787,253.606,243.967
2024-04-11,243.61,245.29,241.99,242.41,1104300,245.44,248.617,244.409,39.324,-0.052,0.99,-1.042,248.617,254.075,243.159
2024-04-12,240.54,241.12,237.01,238.48,1132400,243.666,248.146,244.296,32.844,-0.701,0.652,-1.353,248.146,255.244,241.048
2024-04-15,241.28,242.31,238.37,238.78,2036400,242.12,247.597,244.289,33.742,-1.178,0.286,-1.464,247.597,255.783,239.41
2024-04-16,238.81,239.24,235.94,236.32,1032100,239.982,247.02,244.223,30.18,-1.734,-0.118,-1.616,247.02,256.631,237.409
2024-04-17,237.76,237.86,234.27,234.75,845300,238.148,246.296,244.16,28.138,-2.276,-0.55,-1.726,246.296,257.29,235.303
2024-04-18,235.68,235.95,233.37,234.08,810800,236.482,245.426,244.057,27.289,-2.727,-0.985,-1.742,245.426,257.401,233.451
2024-04-19,234.63,236.05,233.75,235.61,2118600,235.908,244.558,244.013,32.309,-2.928,-1.374,-1.554,244.558,256.747,232.37
2024-04-22,236.22,237.73,234.6,235.14,1004400,235.18,243.746,243.953,31.588,-3.089,-1.717,-1.372,243.746,256.18,231.311
2024-04-23,235.81,237.51,235.3,235.78,891200,235.072,243.096,243.882,33.757,-3.13,-1.999,-1.13,243.096,255.778,230.413
2024-04-24,235.34,237.01,234.45,236.84,1252500,235.49,242.515,243.82,37.302,-3.041,-2.208,-0.833,242.515,255.23,229.801
2024-04-25,235.41,237.04,232.5,233.45,1144700,235.364,241.572,243.778,31.496,-3.207,-2.408,-0.799,241.572,254.023,229.122
2024-04-26,233.1,235.27,233.1,233.56,947200,234.954,240.63,243.693,31.867,-3.292,-2.584,-0.708,240.63,252.462,228.797
2024-04-29,233.33,236.06,233.33,234.47,1629700,234.82,239.878,243.576,34.999,-3.248,-2.717,-0.531,239.878,251.236,228.519
2024-04-30,235.58,236.83,228.25,229.64,2423700,233.592,238.945,243.417,27.715,-3.563,-2.886,-0.676,238.945,250.459,227.432
2024-05-01,230.37,231.27,227.6,227.91,1304300,231.806,237.913,243.191,25.656,-3.906,-3.09,-0.816,237.913,249.502,226.325
2024-05-02,228.32,228.88,225.27,227.69,1325900,230.654,236.985,242.916,25.397,-4.148,-3.302,-0.846,236.985,248.733,225.237
2024-05-03,228.75,230.03,226.94,229.46,929900,229.834,236.091,242.664,31.387,-4.15,-3.471,-0.678,236.091,247.223,224.958
2024-05-06,230.51,231.6,229.09,230.66,758700,229.072,235.298,242.409,35.186,-4.008,-3.579,-0.429,235.298,245.528,225.068
2024-05-07,232.25,233.3,231.57,232.49,728800,229.642,234.572,242.197,40.588,-3.705,-3.604,-0.101,234.572,243.245,225.899
2024-05-08,232.07,233.16,231.35,232.73,621400,230.606,234.012,241.958,41.279,-3.406,-3.564,0.158,234.012,241.51,226.515
2024-05-09,232.81,235.0,232.81,234.93,574700,232.054,233.638,241.74,47.329,-2.958,-3.443,0.485,233.638,240.038,227.239
2024-05-10,235.87,236.16,234.24,235.49,585400,233.26,233.489,241.544,48.776,-2.528,-3.26,0.732,233.489,239.543,227.435
2024-05-13,236.2,237.01,234.92,235.45,628500,234.218,233.322,241.383,48.673,-2.166,-3.041,0.875,233.322,238.93,227.715
2024-05-14,236.81,237.39,234.52,234.6,781000,234.64,233.236,241.227,46.433,-1.925,-2.818,0.893,233.236,238.702,227.771
2024-05-15,235.58,236.78,233.74,234.32,1045200,234.958,233.215,241.087,45.687,-1.737,-2.602,0.865,233.215,238.658,227.772
2024-05-16,233.7,235.39,231.98,234.96,1113200,234.964,233.259,240.915,47.753,-1.519,-2.385,0.866,233.259,238.746,227.772
2024-05-17,235.39,235.85,233.74,235.74,961800,235.014,233.266,240.736,50.238,-1.268,-2.162,0.894,233.266,238.764,227.767
2024-05-20,235.76,236.26,234.28,235.74,701400,235.072,233.296,240.563,50.238,-1.057,-1.941,0.883,233.296,238.844,227.747
2024-05-21,235.51,235.78,233.82,234.03,901200,234.958,233.208,240.345,44.819,-1.017,-1.756,0.739,233.208,238.645,227.771
2024-05-22,233.26,235.16,232.87,234.0,975000,234.894,233.066,240.105,44.727,-0.975,-1.6,0.624,233.066,238.246,227.886
2024-05-23,231.09,231.09,226.03,227.14,1621100,233.33,232.751,239.732,29.801,-1.479,-1.576,0.096,232.751,238.562,226.939
2024-05-24,227.62,228.15,224.68,225.84,997900,231.35,232.364,239.29,27.901,-1.961,-1.653,-0.308,232.364,238.927,225.802
2024-05-28,225.63,226.85,222.8,223.34,1224800,228.87,231.808,238.762,24.646,-2.515,-1.825,-0.69,231.808,239.422,224.194
2024-05-29,221.6,222.74,220.69,221.08,1075400,226.28,231.38,238.226,22.132,-3.101,-2.081,-1.021,231.38,240.349,222.411
2024-05-30,221.08,223.87,220.94,223.7,1053400,224.22,231.17,237.716,30.927,-3.316,-2.328,-0.989,231.17,240.664,221.675
2024-05-31,223.74,228.64,223.39,228.36,2501400,224.464,231.203,237.253,43.212,-3.075,-2.477,-0.598,231.203,240.65,221.756
2024-06-03,228.49,229.08,223.89,225.65,1022200,224.426,231.012,236.707,38.881,-3.067,-2.595,-0.472,231.012,240.757,221.268
2024-06-04,224.66,227.78,224.66,226.4,1260100,225.038,230.8,236.207,40.654,-2.966,-2.669,-0.297,230.8,240.76,220.839
2024-06-05,226.87,227.77,225.24,227.09,582100,226.24,230.53,235.773,42.312,-2.798,-2.695,-0.103,230.53,240.589,220.47
2024-06-06,226.43,227.63,225.27,226.69,730200,226.838,230.228,235.338,41.587,-2.667,-2.689,0.023,230.228,240.371,220.084
2024-06-07,226.55,227.76,225.43,226.17,670900,226.4,229.79,234.816,40.612,-2.575,-2.666,0.092,229.79,239.834,219.745
2024-06-10,225.47,226.03,224.53,225.18,655200,226.306,229.274,234.271,38.75,-2.552,-2.644,0.091,229.274,239.144,219.404
2024-06-11,224.23,224.34,222.49,224.12,845100,225.85,228.707,233.763,36.805,-2.59,-2.633,0.043,228.707,238.383,219.032
2024-06-12,226.24,227.98,224.68,225.59,788400,225.55,228.257,233.309,41.213,-2.473,-2.601,0.128,228.257,237.611,218.903
2024-06-13,224.66,226.51,222.97,226.34,842800,225.48,227.858,232.865,43.383,-2.293,-2.539,0.246,227.858,236.795,218.921
2024-06-14,224.27,225.24,219.17,221.23,1019500,224.492,227.171,232.364,34.137,-2.534,-2.538,0.004,227.171,235.919,218.424
2024-06-17,221.6,225.38,221.26,224.79,1170200,224.414,226.624,231.913,43.216,-2.41,-2.513,0.103,226.624,234.434,218.814
2024-06-18,225.34,227.44,225.11,226.23,823400,224.836,226.148,231.508,46.433,-2.17,-2.444,0.274,226.148,232.674,219.623
2024-06-20,225.91,229.39,225.21,228.91,1193100,225.5,225.892,231.146,51.895,-1.744,-2.304,0.56,225.892,231.445,220.34
2024-06-21,228.94,229.45,225.61,226.15,1795800,225.462,225.5,230.79,46.623,-1.61,-2.165,0.555,225.5,229.544,221.456
2024-06-24,227.06,229.75,225.77,228.21,1296100,226.858,225.554,230.506,50.652,-1.322,-1.997,0.674,225.554,229.716,221.391
2024-06-25,227.2,227.46,223.03,223.84,793800,226.668,225.454,230.213,43.201,-1.431,-1.883,0.453,225.454,229.682,221.225
2024-06-26,222.68,225.12,221.07,224.72,855800,226.366,225.522,229.932,44.957,-1.429,-1.793,0.363,225.522,229.65,221.395
2024-06-27,224.47,225.06,221.87,223.32,1158300,225.248,225.634,229.672,42.696,-1.523,-1.739,0.215,225.634,229.356,221.913
2024-06-28,224.03,225.9,222.71,224.24,3403600,224.866,225.662,229.462,44.666,-1.506,-1.692,0.186,225.662,229.331,221.992
2024-07-01,225.68,226.01,220.27,220.88,913000,223.4,225.288,229.198,39.346,-1.744,-1.703,-0.041,225.288,229.307,221.268
2024-07-02,220.81,223.02,220.81,222.86,949400,223.204,225.148,228.943,43.608,-1.752,-1.712,-0.04,225.148,229.306,220.99
2024-07-03,223.9,224.73,222.4,223.32,475400,222.924,224.994,228.707,44.583,-1.702,-1.71,0.008,224.994,229.185,220.803
2024-07-05,223.33,223.33,220.3,220.62,1312100,222.384,224.67,228.403,40.193,-1.859,-1.74,-0.119,224.67,229.168,220.173
2024-07-08,221.23,222.59,220.31,221.35,992800,221.806,224.403,228.094,41.86,-1.902,-1.772,-0.13,224.403,229.028,219.779
2024-07-09,220.46,222.77,220.46,221.49,804500,221.928,224.169,227.854,42.193,-1.903,-1.799,-0.105,224.169,228.891,219.448
2024-07-10,220.74,223.27,220.65,223.24,859200,222.004,224.072,227.648,46.327,-1.743,-1.787,0.045,224.072,228.786,219.359
2024-07-11,224.13,228.66,223.34,227.29,909300,222.798,224.231,227.504,54.448,-1.274,-1.685,0.411,224.231,229.159,219.303
2024-07-12,229.37,233.76,228.61,232.72,1072300,225.218,224.588,227.566,62.615,-0.459,-1.44,0.98,224.588,230.795,218.38
2024-07-15,232.71,234.68,231.76,233.48,890800,227.644,224.944,227.677,63.599,0.245,-1.103,1.348,224.944,232.293,217.596
2024-07-16,234.49,239.97,234.49,239.88,983600,231.322,225.877,227.921,70.612,1.305,-0.621,1.926,225.877,235.593,216.161
2024-07-17,239.68,241.31,239.05,240.26,782200,234.726,226.65,228.137,70.969,2.15,-0.067,2.217,226.65,238.277,215.024
2024-07-18,237.54,241.25,235.67,235.9,1202700,236.448,227.134,228.242,61.693,2.44,0.435,2.006,227.134,239.47,214.798
2024-07-19,236.64,236.84,228.83,229.59,2575400,235.822,227.168,228.184,51.252,2.136,0.775,1.362,227.168,239.528,214.808
2024-07-22,231.0,232.54,227.56,232.21,763300,235.568,227.471,228.174,54.681,2.083,1.037,1.047,227.471,240.022,214.92
2024-07-23,231.48,232.55,229.71,230.01,642900,233.594,227.561,228.075,51.411,1.842,1.198,0.644,227.561,240.16,214.962
2024-07-24,228.83,231.1,225.78,226.45,893000,230.832,227.692,227.894,46.558,1.348,1.228,0.12,227.692,240.181,215.202
2024-07-25,226.35,233.64,225.69,230.74,970500,229.8,227.992,227.8,52.39,1.288,1.24,0.048,227.992,240.471,215.514
2024-07-26,232.3,235.43,230.6,234.2,882200,230.722,228.537,227.792,56.512,1.502,1.292,0.21,228.537,241.106,215.967
2024-07-29,234.4,236.5,233.34,234.7,1312400,231.22,229.06,227.8,57.09,1.693,1.372,0.321,229.06,241.746,216.373
2024-07-30,241.72,242.56,227.13,235.95,1814600,232.408,229.813,227.82,58.573,1.923,1.483,0.44,229.813,242.241,217.385
2024-07-31,235.86,236.8,232.58,234.0,1813600,233.918,230.37,227.785,55.359,1.925,1.571,0.354,230.37,242.481,218.259
2024-08-01,234.24,235.61,227.98,229.25,1217100,233.62,230.666,227.655,48.393,1.527,1.562,-0.036,230.666,242.333,219.0
2024-08-02,227.65,230.96,225.14,230.76,1281600,232.932,231.174,227.59,50.525,1.317,1.513,-0.196,231.174,241.84,220.507
2024-08-05,228.96,229.71,224.79,226.51,1190100,231.294,231.432,227.44,44.904,0.799,1.37,-0.571,231.432,241.319,221.544
2024-08-06,226.96,229.11,224.8,225.57,1059600,229.218,231.636,227.408,43.744,0.309,1.158,-0.849,231.636,240.801,222.47
2024-08-07,227.3,230.55,223.72,224.14,838300,227.246,231.681,227.374,41.969,-0.193,0.888,-1.081,231.681,240.68,222.681
2024-08-08,225.22,227.25,224.3,226.89,800500,226.774,231.66,227.445,46.468,-0.364,0.638,-1.001,231.66,240.702,222.619
2024-08-09,226.31,227.31,223.6,226.36,652500,225.894,231.343,227.551,45.732,-0.536,0.403,-0.939,231.343,240.67,222.015
2024-08-12,226.36,227.11,223.66,223.91,870800,225.374,230.864,227.555,42.391,-0.861,0.15,-1.011,230.864,240.698,221.03
2024-08-13,224.63,226.61,222.84,225.94,598800,225.448,230.167,227.507,45.917,-0.943,-0.069,-0.875,230.167,239.259,221.075
2024-08-14,225.8,227.62,225.18,225.84,554600,225.788,229.446,227.511,45.768,-1.005,-0.256,-0.749,229.446,237.381,221.511
2024-08-15,228.21,229.76,226.64,227.36,970000,225.882,229.019,227.53,48.497,-0.921,-0.389,-0.532,229.019,236.391,221.647
2024-08-16,226.68,229.68,226.68,228.95,895100,226.4,228.987,227.567,51.26,-0.717,-0.454,-0.263,228.987,236.354,221.62
2024-08-19,229.54,230.05,228.11,229.63,571600,227.544,228.858,227.626,52.435,-0.496,-0.463,-0.033,228.858,236.076,221.64
2024-08-20,229.55,230.83,228.86,230.31,569800,228.418,228.873,227.709,53.639,-0.262,-0.423,0.161,228.873,236.103,221.643
2024-08-21,231.3,233.52,230.37,233.39,668600,229.928,229.22,227.873,58.733,0.17,-0.304,0.474,229.22,236.624,221.816
2024-08-22,233.39,233.79,231.44,232.64,595400,230.984,229.315,228.043,57.088,0.446,-0.154,0.6,229.315,236.849,221.781
2024-08-23,233.6,235.53,232.45,233.73,494800,231.94,229.291,228.206,58.89,0.745,0.026,0.719,229.291,236.764,221.819
2024-08-26,234.53,236.77,233.97,235.25,620700,233.064,229.319,228.384,61.329,1.091,0.239,0.853,229.319,236.879,221.759
2024-08-27,235.34,236.32,234.6,235.88,763300,234.178,229.316,228.677,62.326,1.401,0.471,0.93,229.316,236.862,221.769
2024-08-28,236.04,237.25,234.45,235.21,725100,234.542,229.376,228.886,60.538,1.574,0.692,0.882,229.376,237.098,221.654
2024-08-29,236.72,238.41,235.41,236.99,585600,235.412,229.763,229.101,63.532,1.833,0.92,0.913,229.763,238.201,221.325
2024-08-30,237.24,240.12,236.13,239.58,822600,236.582,230.204,229.314,67.407,2.222,1.181,1.042,230.204,239.715,220.693
2024-09-03,238.94,239.4,235.07,236.37,959100,236.806,230.697,229.519,59.034,2.246,1.394,0.852,230.697,240.422,220.972
2024-09-04,236.15,236.58,229.71,231.59,1052300,235.948,230.998,229.586,49.228,1.857,1.486,0.371,230.998,240.423,221.573
2024-09-05,231.7,231.7,228.24,230.01,866000,234.908,231.291,229.71,46.48,1.406,1.47,-0.064,231.291,240.167,222.416
2024-09-06,229.94,232.63,229.33,230.52,754300,233.614,231.473,229.826,47.499,1.077,1.392,-0.315,231.473,240.114,222.832
2024-09-09,232.0,234.05,231.27,233.49,971500,232.396,231.83,230.029,53.099,1.043,1.322,-0.279,231.83,240.166,223.493
2024-09-10,233.74,234.87,231.8,234.28,811400,231.978,232.348,230.23,54.489,1.068,1.271,-0.203,232.348,239.859,224.837
2024-09-11,234.37,234.78,228.5,233.76,1027000,232.412,232.739,230.487,53.367,1.034,1.224,-0.189,232.739,239.635,225.843
2024-09-12,234.24,235.11,231.31,234.87,629000,233.384,233.19,230.728,55.474,1.085,1.196,-0.111,233.19,239.325,227.056
2024-09-13,235.48,238.75,234.75,238.23,669600,234.926,233.734,231.026,61.19,1.38,1.233,0.147,233.734,239.614,227.854
2024-09-16,239.8,241.69,238.67,241.43,690100,236.514,234.358,231.442,65.705,1.85,1.356,0.494,234.358,240.729,227.987
2024-09-17,241.92,244.51,240.42,241.04,812900,237.866,234.928,231.836,64.717,2.167,1.518,0.648,234.928,241.555,228.302
2024-09-18,241.28,242.87,239.05,239.39,826300,238.992,235.382,232.194,60.567,2.258,1.666,0.592,235.382,241.92,228.845
2024-09-19,242.76,245.12,241.27,244.11,727600,240.84,235.918,232.611,67.072,2.681,1.869,0.812,235.918,243.451,228.386
2024-09-20,242.81,242.81,239.76,240.66,1773000,241.326,236.32,232.879,59.363,2.706,2.037,0.67,236.32,243.97,228.669
2024-09-23,240.84,243.13,239.44,242.87,716200,241.614,236.776,233.082,62.349,2.872,2.204,0.668,236.776,244.855,228.698
2024-09-24,244.34,245.76,242.91,244.64,709900,242.334,237.246,233.305,64.592,3.11,2.385,0.725,237.246,246.013,228.479
2024-09-25,245.15,245.84,243.69,244.2,1150200,243.296,237.662,233.391,63.578,3.226,2.553,0.673,237.662,246.932,228.392
2024-09-26,246.04,249.1,245.23,247.93,730600,244.06,238.298,233.545,68.144,3.577,2.758,0.819,238.298,248.552,228.044
2024-09-27,248.88,253.33,248.7,249.8,1066400,245.888,238.938,233.823,70.164,3.961,2.998,0.963,238.938,250.38,227.497
2024-09-30,249.49,250.33,246.81,249.41,876500,247.196,239.43,234.219,69.179,4.186,3.236,0.95,239.43,251.795,227.065
2024-10-01,249.37,249.51,246.14,248.73,754500,248.014,240.048,234.549,67.402,4.26,3.441,0.819,240.048,252.991,227.105
2024-10-02,247.8,249.73,247.44,249.24,776200,249.022,240.93,234.934,68.065,4.31,3.614,0.695,240.93,253.852,228.009
2024-10-03,247.82,249.41,245.16,247.44,827700,248.924,241.802,235.354,63.184,4.156,3.723,0.433,241.802,253.951,229.653
2024-10-04,248.36,248.79,244.1,245.93,624300,248.15,242.572,235.658,59.339,3.868,3.752,0.116,242.572,253.613,231.532
2024-10-07,244.03,245.66,242.81,243.68,521000,247.004,243.082,235.847,54.061,3.419,3.685,-0.266,243.082,253.264,232.9
2024-10-08,243.92,244.6,240.9,243.37,529800,245.932,243.536,236.021,53.357,3.003,3.549,-0.546,243.536,252.838,234.235
2024-10-09,243.27,246.77,242.06,245.52,717400,245.188,244.124,236.212,57.493,2.815,3.402,-0.587,244.124,252.234,236.015
2024-10-10,244.95,245.38,242.93,244.43,582200,244.586,244.602,236.421,54.838,2.548,3.231,-0.683,244.602,251.443,237.762
2024-10-11,244.96,248.32,244.96,248.01,664200,245.002,245.092,236.796,61.178,2.596,3.104,-0.508,245.092,251.391,238.792
2024-10-14,247.29,249.25,246.44,248.87,513500,246.04,245.463,237.158,62.539,2.672,3.018,-0.346,245.463,251.731,239.196
2024-10-15,250.03,251.98,248.67,248.73,729600,247.112,245.848,237.602,62.157,2.69,2.952,-0.262,245.848,251.913,239.783
2024-10-16,248.39,250.53,246.82,248.23,682200,247.654,246.29,238.056,60.731,2.634,2.889,-0.255,246.29,251.617,240.963
2024-10-17,249.29,249.54,246.45,248.07,684100,248.382,246.488,238.534,60.254,2.547,2.82,-0.273,246.488,251.768,241.208
2024-10-18,249.22,249.3,247.09,248.42,699700,248.464,246.876,238.965,60.975,2.478,2.752,-0.274,246.876,251.446,242.306
2024-10-21,247.73,248.42,245.29,245.89,559200,247.868,247.027,239.355,53.427,2.194,2.64,-0.446,247.027,251.224,242.83
2024-10-22,245.51,246.77,241.97,244.57,852500,247.036,247.023,239.769,49.953,1.841,2.48,-0.64,247.023,251.229,242.818
2024-10-23,244.08,245.53,243.21,243.94,860800,246.178,247.01,240.129,48.337,1.493,2.283,-0.79,247.01,251.254,242.767
2024-10-24,243.78,244.74,241.79,243.19,666000,245.202,246.773,240.476,46.413,1.144,2.055,-0.911,246.773,251.32,242.227
2024-10-25,244.72,244.74,241.57,241.81,730700,243.88,246.374,240.765,43.019,0.747,1.793,-1.047,246.374,251.196,241.552
2024-10-28,243.37,246.04,243.37,244.47,753800,243.596,246.127,241.075,50.528,0.64,1.563,-0.923,246.127,250.798,241.456
2024-10-29,243.11,245.11,240.78,243.68,1304900,243.418,245.874,241.356,48.485,0.485,1.347,-0.862,245.874,250.499,241.25
2024-10-30,250.3,251.97,241.22,251.57,1655900,244.944,245.991,241.781,64.101,0.988,1.275,-0.287,245.991,251.068,240.914
2024-10-31,251.86,252.57,248.22,248.52,1267500,246.01,246.045,242.084,56.918,1.128,1.246,-0.118,246.045,251.209,240.881
2024-11-01,249.33,251.52,248.15,250.38,882600,247.724,246.268,242.439,59.872,1.373,1.271,0.101,246.268,251.782,240.753
2024-11-04,250.89,252.63,249.35,251.14,737100,249.058,246.641,242.787,61.047,1.609,1.339,0.271,246.641,252.421,240.86
2024-11-05,250.64,254.07,249.47,253.56,794700,251.034,247.15,243.153,64.601,1.97,1.465,0.505,247.15,253.486,240.814
2024-11-06,259.77,264.18,258.9,262.17,1151600,253.154,247.982,243.679,73.771,2.916,1.755,1.161,247.982,257.157,238.808
2024-11-07,262.37,262.63,258.19,259.73,833500,255.396,248.748,244.169,68.366,3.43,2.09,1.34,248.748,259.144,238.351
2024-11-08,259.45,262.42,258.69,258.82,833600,257.084,249.288,244.606,66.412,3.721,2.416,1.305,249.288,260.607,237.969
2024-11-11,259.39,262.22,259.39,261.03,791900,259.062,249.896,245.035,68.748,4.083,2.75,1.333,249.896,262.368,237.424
2024-11-12,260.06,261.11,257.93,258.1,758100,259.97,250.364,245.469,62.537,4.086,3.017,1.069,250.364,263.345,237.384
2024-11-13,256.87,260.16,255.91,259.78,1305700,259.492,250.942,246.033,64.517,4.176,3.249,0.927,250.942,264.536,237.348
2024-11-14,259.33,260.39,256.6,256.84,805200,258.914,251.38,246.57,58.674,3.964,3.392,0.572,251.38,265.149,237.612
2024-11-15,256.4,259.64,256.34,257.55,911500,258.66,251.837,247.11,59.625,3.81,3.475,0.334,251.837,265.797,237.877
2024-11-18,257.04,259.15,256.38,257.02,711300,257.858,252.394,247.581,58.542,3.603,3.501,0.102,252.394,266.242,238.545
2024-11-19,254.96,255.8,253.26,253.59,615300,256.956,252.844,247.967,51.964,3.127,3.426,-0.299,252.844,266.199,239.49
2024-11-20,254.12,254.5,251.55,253.52,856900,255.704,253.324,248.362,51.836,2.712,3.283,-0.571,253.324,266.003,240.644
2024-11-21,253.52,258.09,252.64,256.82,764000,255.7,254.005,248.801,57.19,2.619,3.15,-0.531,254.005,265.828,242.182
2024-11-22,257.74,261.09,256.55,260.72,950500,256.334,254.95,249.251,62.496,2.828,3.086,-0.258,254.95,265.637,244.264
2024-11-25,261.62,264.52,260.8,263.02,1392100,257.534,255.878,249.683,65.233,3.143,3.097,0.046,255.878,265.936,245.82
2024-11-26,262.32,263.41,259.94,263.16,828400,259.448,256.852,250.125,65.398,3.365,3.151,0.214,256.852,265.627,248.077
2024-11-27,263.28,265.65,262.33,262.71,796000,261.286,257.409,250.592,64.338,3.465,3.214,0.251,257.409,266.187,248.631
2024-11-29,262.0,265.31,261.29,264.12,570800,262.746,258.189,250.992,66.188,3.616,3.294,0.322,258.189,266.395,249.983
2024-12-02,264.68,265.39,262.42,265.05,913800,263.612,258.922,251.48,67.389,3.767,3.389,0.378,258.922,266.805,251.04
2024-12-03,264.59,265.51,261.22,262.66,723500,263.54,259.498,251.876,61.355,3.652,3.442,0.211,259.498,266.635,252.362
2024-12-04,262.14,263.99,261.52,262.58,903100,263.424,259.95,252.234,61.158,3.514,3.456,0.058,259.95,266.631,253.268
2024-12-05,263.69,264.78,261.23,261.98,716900,263.278,259.94,252.59,59.609,3.318,3.428,-0.11,259.94,266.609,253.271
2024-12-06,263.11,263.85,260.1,260.32,536500,262.518,259.969,252.838,55.426,2.994,3.342,-0.347,259.969,266.64,253.299
2024-12-09,260.72,262.9,260.13,260.84,817000,261.676,260.07,253.059,56.457,2.748,3.223,-0.475,260.07,266.729,253.412
2024-12-10,260.62,261.89,256.93,260.53,830800,261.25,260.046,253.281,55.631,2.499,3.078,-0.579,260.046,266.692,253.399
2024-12-11,261.54,263.07,259.35,259.78,707400,260.69,260.13,253.502,53.589,2.215,2.905,-0.69,260.13,266.715,253.544
2024-12-12,260.43,261.12,258.51,259.93,555300,260.28,260.137,253.716,53.953,1.98,2.72,-0.74,260.137,266.721,253.553
2024-12-13,259.68,260.07,257.59,258.97,536800,260.01,260.243,253.946,51.185,1.696,2.516,-0.819,260.243,266.67,253.817
2024-12-16,258.97,259.2,256.14,256.64,822600,259.17,260.198,254.161,45.133,1.269,2.266,-0.997,260.198,266.717,253.679
2024-12-17,255.55,258.06,254.12,254.94,889900,258.052,260.094,254.386,41.297,0.784,1.97,-1.186,260.094,266.887,253.301
2024-12-18,254.52,256.96,248.43,248.62,854200,255.82,259.846,254.491,30.811,-0.109,1.554,-1.663,259.846,267.889,251.802
2024-12-19,249.76,251.13,245.42,245.65,1464600,252.964,259.452,254.493,27.303,-1.044,1.034,-2.079,259.452,269.354,249.55
2024-12-20,245.27,249.68,244.84,246.32,2692500,250.434,258.927,254.531,29.259,-1.712,0.485,-2.197,258.927,270.405,247.449
2024-12-23,245.47,246.67,243.84,245.2,684500,248.146,258.151,254.475,27.907,-2.304,-0.073,-2.232,258.151,271.12,245.182
2024-12-24,245.34,246.65,244.09,246.65,356900,246.488,257.332,254.431,32.272,-2.627,-0.584,-2.043,257.332,271.052,243.613
2024-12-26,245.66,246.81,244.97,246.27,423200,246.018,256.488,254.381,31.73,-2.88,-1.043,-1.837,256.488,270.765,242.211
2024-12-27,244.51,246.73,242.96,244.16,489000,245.72,255.56,254.3,28.833,-3.214,-1.477,-1.737,255.56,270.529,240.592
2024-12-30,242.83,243.36,240.22,242.52,1292000,244.96,254.481,254.189,26.786,-3.569,-1.895,-1.674,254.481,269.957,239.004
2024-12-31,242.96,244.26,241.94,242.74,694400,244.468,253.365,254.075,27.53,-3.79,-2.274,-1.515,253.365,268.85,237.88
2025-01-02,243.95,245.03,239.23,239.37,748100,243.012,252.2,253.945,23.581,-4.188,-2.657,-1.531,252.2,268.236,236.165
2025-01-03,239.7,242.24,238.02,241.53,866800,242.064,251.148,253.884,30.465,-4.28,-2.982,-1.299,251.148,267.077,235.219
2025-01-06,241.56,243.72,239.13,239.68,790900,241.168,250.033,253.799,28.128,-4.451,-3.276,-1.176,250.033,265.892,234.174
2025-01-07,239.82,241.68,237.38,237.99,685400,240.262,248.916,253.695,26.154,-4.669,-3.554,-1.115,248.916,264.87,232.963
2025-01-08,236.71,238.0,236.14,237.05,1081900,239.124,247.727,253.6,25.099,-4.862,-3.816,-1.046,247.727,263.483,231.971
2025-01-10,234.65,236.9,232.34,234.45,1152600,238.14,246.423,253.399,22.407,-5.165,-4.086,-1.079,246.423,262.034,230.812
2025-01-13,233.57,239.18,233.33,239.05,1182600,237.644,245.386,253.307,35.574,-4.976,-4.264,-0.712,245.386,259.983,230.79
2025-01-14,239.74,242.53,239.74,242.18,792300,238.144,244.499,253.119,42.7,-4.522,-4.315,-0.207,244.499,257.437,231.561
2025-01-15,245.44,245.72,242.91,242.97,712600,239.14,243.699,253.008,44.372,-4.052,-4.263,0.211,243.699,254.703,232.695
2025-01-16,243.09,245.42,242.27,245.01,876500,240.732,243.117,252.901,48.548,-3.474,-4.105,0.631,243.117,252.325,233.91
2025-01-17,246.52,247.0,245.25,245.44,844800,242.93,242.642,252.787,49.41,-2.948,-3.874,0.926,242.642,250.095,235.19
2025-01-21,247.4,251.18,247.4,250.24,718400,245.168,242.724,252.72,57.892,-2.119,-3.523,1.403,242.724,250.479,234.968
2025-01-22,249.48,250.05,247.36,248.09,899500,246.35,242.846,252.439,53.56,-1.617,-3.142,1.524,242.846,250.867,234.824
2025-01-23,248.59,249.05,246.98,248.81,610800,247.518,242.97,252.22,54.78,-1.148,-2.743,1.595,242.97,251.29,234.65
2025-01-24,248.45,249.38,247.47,248.81,828400,248.278,243.151,252.02,54.78,-0.767,-2.348,1.58,243.151,251.823,234.478
2025-01-27,249.13,253.81,249.13,253.14,1011400,249.818,243.475,251.862,61.784,-0.115,-1.901,1.786,243.475,253.129,233.821
2025-01-28,251.39,252.32,247.57,247.67,905300,249.304,243.545,251.654,51.032,-0.039,-1.529,1.49,243.545,253.304,233.786
2025-01-29,247.0,248.52,245.14,245.44,815200,248.774,243.609,251.367,47.409,-0.157,-1.254,1.098,243.609,253.402,233.816
2025-01-30,246.49,249.15,245.96,249.03,1166300,248.818,243.934,251.211,53.172,0.039,-0.996,1.035,243.934,254.004,233.865
2025-01-31,248.34,250.73,247.54,248.11,1253900,248.678,244.203,251.022,51.611,0.119,-0.773,0.892,244.203,254.424,233.982
2025-02-03,244.6,246.47,241.24,244.54,1300500,246.958,244.462,250.772,45.972,-0.105,-0.639,0.534,244.462,254.426,234.497
2025-02-04,244.6,245.58,243.23,243.82,1331600,246.188,244.576,250.577,44.906,-0.337,-0.579,0.242,244.576,254.451,234.701
2025-02-05,237.42,243.6,234.25,243.4,2104300,245.78,244.762,250.374,44.262,-0.548,-0.573,0.025,244.762,254.385,235.139
2025-02-06,244.42,244.42,237.87,244.21,1231200,244.816,245.073,250.122,45.875,-0.642,-0.586,-0.056,245.073,254.162,235.984
2025-02-07,244.98,244.98,242.02,244.66,1053700,244.126,245.454,249.801,46.797,-0.673,-0.604,-0.069,245.454,253.729,237.178
2025-02-10,245.84,247.35,244.78,246.62,781200,244.542,246.062,249.473,50.731,-0.533,-0.59,0.056,246.062,252.521,239.603
2025-02-11,246.36,247.71,244.91,247.65,744300,245.308,246.492,249.163,52.71,-0.335,-0.539,0.203,246.492,252.071,240.913
2025-02-12,245.86,245.87,241.59,245.13,946200,245.654,246.64,248.811,47.665,-0.378,-0.507,0.129,246.64,251.884,241.395
2025-02-13,246.0,249.56,245.99,249.0,939500,246.612,246.941,248.509,54.817,-0.098,-0.425,0.327,246.941,251.987,241.895
2025-02-14,249.34,250.08,246.68,247.1,1013800,247.1,247.046,248.15,51.123,-0.029,-0.346,0.317,247.046,252.009,242.082
2025-02-18,247.0,251.11,246.66,251.06,817600,247.988,247.326,247.918,57.545,0.341,-0.208,0.55,247.326,252.537,242.116
2025-02-19,250.83,253.09,250.12,252.83,818300,249.024,247.456,247.723,60.07,0.769,-0.013,0.782,247.456,253.084,241.828
2025-02-20,252.01,254.5,251.62,254.21,878400,250.84,247.762,247.567,61.969,1.205,0.231,0.974,247.762,254.149,241.375
2025-02-21,254.53,254.53,251.52,253.01,918400,251.642,247.972,247.421,59.327,1.437,0.472,0.965,247.972,254.768,241.176
2025-02-24,253.1,255.28,249.95,250.44,1166800,252.31,248.054,247.213,54.014,1.398,0.657,0.741,248.054,254.93,241.177
2025-02-25,251.58,255.59,250.79,253.25,1283600,252.748,248.059,247.068,58.4,1.575,0.841,0.734,248.059,254.953,241.165
2025-02-26,252.95,253.11,249.42,250.26,1086800,252.234,248.189,246.877,52.646,1.458,0.964,0.493,248.189,255.148,241.229
2025-02-27,250.15,252.6,248.94,250.01,808100,251.394,248.417,246.679,52.183,1.329,1.037,0.292,248.417,255.297,241.537
2025-02-28,251.47,252.94,248.64,252.72,1437800,251.336,248.602,246.554,56.635,1.429,1.115,0.314,248.602,255.743,241.46
2025-03-03,254.67,256.02,249.5,251.04,1094600,251.456,248.748,246.442,53.321,1.357,1.164,0.194,248.748,255.967,241.529
2025-03-04,250.25,250.7,243.6,244.43,1495600,249.692,248.742,246.232,42.727,0.758,1.083,-0.324,248.742,255.975,241.51
2025-03-05,245.33,250.65,244.22,249.92,1351900,249.624,249.047,246.258,51.369,0.718,1.01,-0.291,249.047,255.911,242.184
2025-03-06,249.19,254.38,247.45,253.8,1525900,250.382,249.568,246.421,56.379,0.988,1.006,-0.017,249.568,256.202,242.933
2025-03-07,253.88,263.58,253.09,262.77,2321000,252.392,250.496,246.75,65.283,1.904,1.185,0.719,250.496,258.924,242.067
2025-03-10,261.59,266.27,255.67,256.25,1829900,253.434,251.075,246.971,56.289,2.08,1.364,0.716,251.075,259.407,242.743
2025-03-11,255.98,256.41,243.74,243.95,1757500,253.338,250.942,246.917,43.979,1.213,1.334,-0.121,250.942,259.651,242.232
2025-03-12,243.92,244.71,238.02,240.58,1717400,251.47,250.588,246.803,41.313,0.251,1.117,-0.867,250.588,260.369,240.807
2025-03-13,239.5,245.12,238.23,239.69,1097300,248.648,250.316,246.713,40.613,-0.577,0.778,-1.355,250.316,260.997,239.635
2025-03-14,240.64,244.25,240.41,243.61,860600,244.816,250.046,246.735,45.032,-0.906,0.442,-1.348,250.046,261.131,238.962
2025-03-17,242.79,246.72,241.43,245.2,908400,242.606,249.952,246.784,46.762,-1.027,0.148,-1.175,249.952,261.174,238.729
2025-03-18,244.82,246.16,242.21,243.78,845200,242.572,249.588,246.873,45.388,-1.223,-0.126,-1.097,249.588,261.127,238.048
2025-03-19,243.78,246.32,243.33,245.31,883500,243.518,249.211,246.948,47.189,-1.241,-0.349,-0.892,249.211,260.796,237.627
2025-03-20,243.41,245.06,241.39,242.55,842500,244.09,248.628,247.006,44.348,-1.461,-0.571,-0.889,248.628,260.327,236.93
2025-03-21,240.72,241.14,237.57,240.62,1565900,243.492,248.009,247.058,42.425,-1.77,-0.811,-0.959,248.009,260.038,235.98
2025-03-24,242.14,245.21,242.14,244.74,683800,243.4,247.724,247.212,47.645,-1.664,-0.982,-0.682,247.724,259.781,235.667
2025-03-25,245.72,246.42,242.38,244.11,786000,243.466,247.267,247.405,46.944,-1.612,-1.108,-0.504,247.267,259.133,235.401
2025-03-26,244.33,246.51,242.91,244.98,891000,243.4,247.003,247.524,48.08,-1.483,-1.183,-0.301,247.003,258.823,235.183
2025-03-27,245.4,245.86,239.4,241.21,1491800,243.132,246.563,247.504,43.712,-1.667,-1.28,-0.387,246.563,258.566,234.56
2025-03-28,241.61,241.69,235.66,235.95,939500,242.198,245.725,247.364,38.463,-2.211,-1.466,-0.745,245.725,258.248,233.201
2025-03-31,235.06,240.14,233.55,238.89,1546400,241.028,245.117,247.242,42.611,-2.377,-1.648,-0.729,245.117,257.733,232.501
2025-04-01,238.16,240.65,237.27,239.55,1010600,240.116,244.873,247.124,43.532,-2.428,-1.804,-0.624,244.873,257.732,232.014
2025-04-02,237.68,243.91,237.68,243.14,980200,239.748,244.534,246.982,48.381,-2.154,-1.874,-0.28,244.534,257.188,231.88
2025-04-03,237.58,240.41,230.25,230.63,1492500,237.632,243.376,246.633,36.59,-2.912,-2.082,-0.831,243.376,256.684,230.067
2025-04-04,224.9,226.98,216.66,217.27,2022700,233.896,241.1,246.002,28.579,-4.539,-2.573,-1.966,241.1,255.919,226.282
2025-04-07,211.44,221.46,207.53,213.59,2341900,228.836,238.968,245.297,26.836,-6.056,-3.27,-2.786,238.968,256.616,221.319
2025-04-08,219.61,220.44,206.76,210.37,1840000,223.0,237.288,244.442,25.378,-7.432,-4.102,-3.329,237.288,258.888,215.689
2025-04-09,208.26,226.76,207.93,226.23,2113200,219.618,236.571,244.013,42.075,-7.16,-4.714,-2.446,236.571,258.658,214.484
2025-04-10,221.06,223.14,211.76,218.47,1805300,217.186,235.51,243.474,37.637,-7.484,-5.268,-2.216,235.51,258.962,212.058
2025-04-11,217.9,225.18,215.46,223.77,1451500,218.486,234.518,242.969,42.127,-7.23,-5.66,-1.57,234.518,258.205,210.831
2025-04-14,226.35,227.34,224.12,224.96,1129900,220.76,233.506,242.506,43.117,-6.854,-5.899,-0.955,233.506,257.0,210.012
2025-04-15,223.95,226.27,222.76,222.98,669300,223.282,232.466,242.074,41.834,-6.639,-6.047,-0.592,232.466,255.887,209.045
2025-04-16,222.34,224.85,219.32,221.35,1345900,222.306,231.268,241.625,40.759,-6.525,-6.143,-0.382,231.268,254.371,208.165
2025-04-17,222.35,225.32,222.01,222.35,889300,223.082,230.258,241.204,41.748,-6.282,-6.17,-0.111,230.258,253.049,207.467
2025-04-21,220.37,221.38,216.63,219.24,939100,222.176,229.189,240.705,39.538,-6.267,-6.19,-0.078,229.189,251.939,206.439
2025-04-22,221.25,228.08,221.25,227.56,1295400,222.696,228.33,240.363,47.54,-5.521,-6.056,0.535,228.33,249.873,206.787
2025-04-23,232.13,235.28,227.22,227.99,1072500,223.698,227.524,239.99,47.923,-4.839,-5.813,0.974,227.524,247.747,207.301
2025-04-24,229.27,233.56,227.85,233.16,957700,226.06,226.933,239.7,52.428,-3.837,-5.418,1.58,226.933,245.642,208.224
2025-04-25,232.86,233.13,229.46,230.69,1285800,227.728,226.407,239.411,50.194,-3.206,-4.975,1.77,226.407,243.983,208.831
2025-04-28,231.65,234.5,229.84,231.29,972700,230.138,226.174,239.057,50.743,-2.626,-4.505,1.879,226.174,243.336,209.012
2025-04-29,230.95,234.1,230.04,232.86,1472500,231.198,225.873,238.772,52.227,-2.017,-4.008,1.99,225.873,242.29,209.455
2025-04-30,231.05,231.8,220.34,231.08,3721900,231.816,225.449,238.373,50.374,-1.659,-3.538,1.879,225.449,240.782,210.116
2025-05-01,232.14,235.02,229.57,230.44,1818200,231.272,224.814,237.925,49.691,-1.411,-3.113,1.702,224.814,237.958,211.67
2025-05-02,234.0,234.47,231.85,233.4,1543300,231.814,224.952,237.509,52.872,-0.964,-2.683,1.719,224.952,238.409,211.496
2025-05-05,231.8,233.9,230.58,232.01,942700,231.958,225.69,237.089,51.234,-0.714,-2.289,1.575,225.69,238.988,212.391
2025-05-06,230.64,232.29,229.8,231.04,1029700,231.594,226.562,236.701,50.068,-0.587,-1.949,1.362,226.562,238.763,214.361
2025-05-07,228.28,233.06,227.97,231.47,1552400,231.672,227.617,236.265,50.605,-0.447,-1.648,1.202,227.617,237.315,217.919
2025-05-08,233.79,236.97,232.75,234.15,1237900,232.414,228.013,235.943,53.928,-0.118,-1.342,1.224,228.013,238.111,217.915
2025-05-09,234.56,235.54,233.18,233.58,809900,232.45,228.768,235.614,53.11,0.096,-1.055,1.15,228.768,238.091,219.446
2025-05-12,240.77,243.45,240.11,241.1,1142500,234.268,229.635,235.382,61.427,0.862,-0.671,1.533,229.635,240.147,219.123
2025-05-13,241.77,243.09,239.95,239.97,1184100,236.054,230.386,235.161,59.713,1.362,-0.265,1.627,230.386,241.611,219.16
2025-05-14,239.41,239.41,235.63,236.12,1252300,236.984,231.043,234.994,54.167,1.431,0.074,1.357,231.043,241.978,220.107
2025-05-15,236.21,239.4,235.21,238.85,926600,237.924,231.918,234.773,57.202,1.687,0.397,1.29,231.918,242.377,221.458
2025-05-16,238.88,242.34,238.03,242.09,1179500,239.626,232.904,234.539,60.542,2.127,0.743,1.384,232.904,243.288,222.521
2025-05-19,239.69,243.18,239.69,242.45,739300,239.896,234.065,234.132,60.907,2.475,1.089,1.386,234.065,243.122,225.008
2025-05-20,242.25,242.84,239.75,240.74,954400,240.05,234.724,233.822,58.155,2.584,1.388,1.196,234.724,243.705,225.743
2025-05-21,237.96,239.15,235.14,235.65,772900,239.956,235.107,233.656,50.797,2.234,1.557,0.676,235.107,243.514,226.7
2025-05-22,234.92,237.19,234.12,235.71,831400,239.328,235.234,233.559,50.876,1.939,1.634,0.305,235.234,243.595,226.874
2025-05-23,232.63,233.91,232.04,232.94,752500,237.498,235.347,233.424,47.12,1.464,1.6,-0.135,235.347,243.508,227.186
2025-05-27,235.68,238.07,234.18,237.61,789600,236.53,235.663,233.304,53.371,1.449,1.57,-0.121,235.663,243.65,227.676
2025-05-28,237.88,238.47,234.55,234.86,661500,235.354,235.763,233.097,49.649,1.201,1.496,-0.295,235.763,243.652,227.874
2025-05-29,236.67,236.69,234.1,236.69,713500,235.562,236.044,232.955,52.045,1.138,1.424,-0.286,236.044,243.624,228.463
2025-05-30,236.17,237.17,234.44,236.06,2390400,235.632,236.324,232.77,51.143,1.026,1.345,-0.318,236.324,243.432,229.217
2025-06-02,234.98,236.08,231.65,233.72,977600,235.788,236.341,232.594,47.826,0.74,1.224,-0.484,236.341,243.422,229.259
2025-06-03,233.37,236.53,232.95,236.24,792800,235.514,236.552,232.506,51.476,0.709,1.121,-0.412,236.552,243.335,229.769
2025-06-04,236.85,238.97,235.98,237.44,998900,236.03,236.872,232.36,53.157,0.772,1.051,-0.279,236.872,243.145,230.599
2025-06-05,237.99,239.0,236.3,237.06,1090900,236.104,237.152,232.219,52.536,0.782,0.997,-0.215,237.152,242.886,231.417
2025-06-06,239.36,240.6,237.47,238.45,604800,236.582,237.366,232.088,54.623,0.892,0.976,-0.084,237.366,242.948,231.785
2025-06-09,238.87,239.7,237.14,238.18,718700,237.474,237.597,232.028,54.125,0.946,0.97,-0.024,237.597,242.893,232.3
2025-06-10,238.89,240.72,237.47,239.84,632300,238.194,237.534,232.106,56.736,1.111,0.998,0.112,237.534,242.682,232.385
2025-06-11,240.25,240.25,236.97,237.55,727700,238.216,237.412,232.079,52.313,1.044,1.007,0.037,237.412,242.432,232.393
2025-06-12,236.39,237.81,235.29,236.96,651000,238.196,237.454,232.027,51.206,0.933,0.993,-0.06,237.454,242.443,232.466
2025-06-13,234.83,235.98,232.15,232.6,801600,237.026,237.142,231.816,43.822,0.487,0.892,-0.404,237.142,242.529,231.755
2025-06-16,235.25,236.13,233.68,235.46,671700,236.482,236.81,231.913,49.016,0.361,0.785,-0.424,236.81,241.71,231.911
2025-06-17,234.4,235.51,231.91,232.31,678700,234.976,236.304,232.214,44.172,0.006,0.63,-0.623,236.304,240.83,231.777
2025-06-18,232.21,234.14,231.95,232.43,673300,233.952,235.888,232.59,44.398,-0.262,0.451,-0.713,235.888,240.221,231.555
2025-06-20,233.75,234.33,230.79,231.77,1504300,232.914,235.694,233.018,43.361,-0.522,0.257,-0.778,235.694,240.403,230.985
2025-06-23,232.06,235.41,230.75,235.22,668200,233.438,235.67,233.198,49.942,-0.444,0.117,-0.561,235.67,240.383,230.956
2025-06-24,236.34,237.32,233.99,236.76,1031400,233.698,235.86,233.564,52.59,-0.255,0.042,-0.298,235.86,240.415,231.306
2025-06-25,236.76,237.87,235.22,236.65,1165600,234.566,235.812,233.822,52.377,-0.113,0.011,-0.124,235.812,240.31,231.315
2025-06-26,237.06,238.39,236.27,237.67,867600,235.614,235.953,234.076,54.23,0.081,0.025,0.056,235.953,240.5,231.406
2025-06-27,238.56,240.46,237.56,238.93,971400,237.046,236.065,234.395,56.482,0.332,0.086,0.246,236.065,240.795,231.335
2025-06-30,238.58,239.76,237.61,239.6,930800,237.922,236.242,234.76,57.674,0.579,0.185,0.394,236.242,241.229,231.255
2025-07-01,238.46,249.66,237.6,247.3,1317800,240.03,236.921,235.259,68.394,1.38,0.424,0.956,236.921,243.801,230.041
2025-07-02,247.04,248.59,245.29,248.52,1121900,242.404,237.535,235.844,69.703,2.089,0.757,1.332,237.535,246.136,228.934
2025-07-03,248.08,250.69,247.73,250.5,759500,244.97,238.188,236.303,71.748,2.779,1.161,1.617,238.188,248.559,227.817
2025-07-07,249.93,251.72,246.04,246.78,974800,246.54,238.674,236.679,63.126,2.991,1.527,1.463,238.674,249.712,227.636
2025-07-08,246.88,251.24,246.61,249.92,1572400,248.604,239.248,237.014,66.757,3.373,1.896,1.477,239.248,251.375,227.12
2025-07-09,250.73,252.2,248.85,251.72,866300,249.488,239.924,237.435,68.663,3.778,2.273,1.505,239.924,253.253,226.596
2025-07-10,252.5,256.42,251.85,254.01,1097700,250.586,240.633,237.889,70.944,4.235,2.665,1.57,240.633,255.374,225.892
2025-07-11,251.88,252.72,250.63,251.67,745900,250.82,241.339,238.265,65.682,4.358,3.004,1.354,241.339,256.794,225.884
2025-07-14,250.44,250.97,247.83,249.65,664100,251.394,241.974,238.637,61.444,4.243,3.251,0.992,241.974,257.711,226.236
2025-07-15,250.98,251.52,248.37,248.44,718200,251.098,242.766,238.997,58.989,4.009,3.403,0.606,242.766,258.106,227.425
2025-07-16,249.12,249.5,245.42,248.88,772800,250.53,243.437,239.306,59.621,3.814,3.485,0.329,243.437,258.605,228.268
2025-07-17,248.88,250.83,248.43,249.73,806500,249.674,244.307,239.661,60.875,3.686,3.525,0.161,244.307,258.77,229.845
2025-07-18,250.11,250.36,245.45,247.26,1029400,248.792,245.049,239.985,55.483,3.347,3.49,-0.143,245.049,258.427,231.671
2025-07-21,248.27,249.68,246.69,246.76,754800,248.214,245.799,240.291,54.432,3.003,3.392,-0.389,245.799,257.635,233.962
2025-07-22,247.37,252.71,247.09,252.08,765300,248.942,246.642,240.65,62.559,3.124,3.339,-0.215,246.642,257.68,235.603
2025-07-23,252.71,255.6,252.63,255.1,930000,250.186,247.558,241.08,66.24,3.424,3.356,0.068,247.558,258.18,236.937
2025-07-24,254.12,255.64,252.5,253.73,794200,250.986,248.412,241.333,63.204,3.511,3.387,0.124,248.412,258.041,238.784
2025-07-25,254.92,255.5,252.66,253.6,1093000,252.254,249.209,241.605,62.91,3.528,3.415,0.113,249.209,257.66,240.758
2025-07-28,253.31,254.06,251.4,251.97,754800,253.296,249.861,241.922,59.185,3.372,3.406,-0.035,249.861,256.86,242.862
2025-07-29,252.72,252.98,248.73,251.47,1847100,253.174,250.454,242.175,58.049,3.171,3.359,-0.188,250.454,255.542,245.367
2025-07-30,249.82,249.82,243.58,245.82,1985400,251.318,250.38,242.249,47.061,2.526,3.193,-0.666,250.38,255.699,245.062
2025-07-31,243.47,249.47,243.47,248.05,1676700,250.182,250.357,242.361,51.003,2.171,2.988,-0.817,250.357,255.714,245.0
2025-08-01,245.64,246.05,241.95,244.51,1236400,248.364,250.057,242.437,45.244,1.585,2.708,-1.123,250.057,256.017,244.098
2025-08-04,244.51,247.5,244.06,245.74,910000,247.118,250.005,242.638,47.464,1.206,2.407,-1.201,250.005,256.102,243.909
2025-08-05,247.35,248.95,244.87,248.12,819400,246.448,249.915,242.887,51.556,1.085,2.143,-1.058,249.915,256.07,243.761
2025-08-06,248.7,251.2,247.37,249.54,1162600,247.192,249.806,243.219,53.866,1.092,1.933,-0.841,249.806,255.903,243.71
2025-08-07,251.23,251.74,248.3,248.84,1021300,247.35,249.548,243.443,52.536,1.028,1.752,-0.723,249.548,255.324,243.772
2025-08-08,248.84,250.95,248.65,249.04,541100,248.256,249.416,243.727,52.894,0.983,1.598,-0.615,249.416,255.109,243.724
2025-08-11,249.62,250.48,248.19,248.94,622700,248.896,249.381,243.972,52.68,0.928,1.464,-0.536,249.381,255.076,243.686
2025-08-12,250.36,252.93,249.61,252.42,637800,249.756,249.58,244.299,58.905,1.152,1.402,-0.249,249.58,255.413,243.747
2025-08-13,253.36,259.17,252.52,259.05,1131200,251.658,250.088,244.806,67.639,1.844,1.49,0.354,250.088,257.28,242.897
2025-08-14,255.12,256.46,253.33,254.37,1173400,252.764,250.32,245.168,58.231,1.991,1.59,0.401,250.32,257.758,242.883
2025-08-15,254.86,255.74,250.28,250.64,1115100,253.084,250.49,245.432,52.02,1.786,1.629,0.157,250.49,257.787,243.192
2025-08-18,250.67,252.26,248.5,251.2,638200,253.536,250.711,245.715,52.834,1.65,1.634,0.016,250.711,257.798,243.625
2025-08-19,251.83,256.31,251.67,255.78,1002500,254.208,250.896,246.062,58.961,1.89,1.685,0.205,250.896,258.319,243.474
2025-08-20,255.73,257.33,253.79,253.92,943100,253.182,250.837,246.376,55.791,1.908,1.729,0.178,250.837,258.137,243.538
2025-08-21,252.96,254.81,252.92,252.93,1030200,252.894,250.797,246.638,54.123,1.821,1.748,0.074,250.797,258.038,243.557
2025-08-22,253.9,261.47,253.9,261.08,1069400,254.982,251.171,247.109,63.735,2.383,1.875,0.508,251.171,259.683,242.66
2025-08-25,261.14,262.37,258.23,258.49,691400,256.44,251.498,247.539,59.471,2.589,2.018,0.571,251.498,260.616,242.379
2025-08-26,258.45,260.1,257.36,258.0,1393400,256.884,251.824,248.047,58.671,2.682,2.151,0.531,251.824,261.394,242.254
2025-08-27,257.36,259.95,257.36,258.58,659400,257.816,252.462,248.51,59.368,2.771,2.275,0.496,252.462,262.048,242.876
2025-08-28,259.23,259.71,255.5,257.53,725300,258.736,252.936,249.014,57.479,2.725,2.365,0.36,252.936,262.541,243.331
2025-08-29,257.84,258.89,255.87,256.46,963400,257.812,253.534,249.495,55.54,2.572,2.406,0.166,253.534,262.389,244.678
2025-09-02,255.13,255.13,252.68,254.15,898300,256.944,253.954,249.942,51.501,2.239,2.373,-0.134,253.954,262.015,245.893
2025-09-03,253.85,254.31,251.93,253.17,719100,255.978,254.206,250.301,49.844,1.875,2.273,-0.399,254.206,261.801,246.612
2025-09-04,253.74,257.54,252.53,257.45,639300,255.752,254.602,250.715,56.434,1.909,2.2,-0.291,254.602,261.994,247.21
2025-09-05,258.44,260.37,256.34,258.0,583100,255.846,255.06,251.142,57.212,1.958,2.152,-0.194,255.06,262.074,248.046
2025-09-08,257.3,258.65,255.47,258.43,799200,256.24,255.53,251.557,57.846,2.009,2.123,-0.115,255.53,262.09,248.969
2025-09-09,256.92,257.38,253.27,254.07,630900,256.224,255.786,251.86,49.792,1.677,2.034,-0.357,255.786,261.623,249.949
2025-09-10,253.24,256.39,253.09,254.43,817300,256.476,255.886,252.157,50.406,1.427,1.913,-0.485,255.886,261.545,250.228
2025-09-11,254.16,258.67,253.55,258.13,1040300,256.612,255.841,252.373,56.318,1.511,1.832,-0.322,255.841,261.405,250.276
2025-09-12,257.07,257.74,254.8,255.21,668400,256.054,255.883,252.507,51.137,1.326,1.731,-0.405,255.883,261.413,250.352
2025-09-15,256.39,256.64,254.42,255.71,801000,255.51,256.136,252.611,51.952,1.205,1.626,-0.42,256.136,261.09,251.182
2025-09-16,254.86,256.28,252.98,253.74,828700,255.444,256.263,252.751,48.518,0.94,1.489,-0.548,256.263,260.796,251.73
2025-09-17,254.58,259.71,253.7,254.36,963800,255.43,256.192,252.839,49.646,0.771,1.345,-0.574,256.192,260.801,251.583
2025-09-18,254.62,257.03,254.17,255.44,698700,254.892,256.268,252.914,51.634,0.716,1.219,-0.503,256.268,260.768,251.768
2025-09-19,255.88,255.88,253.41,253.76,1915400,254.602,256.31,252.909,48.431,0.531,1.082,-0.551,256.31,260.694,251.925
2025-09-22,253.29,253.9,252.06,252.82,692300,254.024,255.896,252.932,46.686,0.305,0.926,-0.621,255.896,259.931,251.862
2025-09-23,253.4,255.16,251.97,253.14,829700,253.904,255.629,253.002,47.381,0.15,0.771,-0.621,255.629,259.649,251.609
2025-09-24,252.36,253.78,250.59,251.53,693300,253.338,255.306,253.063,44.254,-0.102,0.597,-0.698,255.306,259.557,251.054
2025-09-25,250.37,251.55,249.34,249.91,678600,252.232,254.872,253.084,41.301,-0.427,0.392,-0.819,254.872,259.471,250.273
2025-09-26,250.88,253.38,249.21,252.97,533800,252.074,254.644,253.149,48.317,-0.433,0.227,-0.66,254.644,259.139,250.149
2025-09-29,254.34,255.06,252.67,253.29,840000,252.168,254.486,253.269,49.003,-0.407,0.1,-0.507,254.486,258.934,250.037
2025-09-30,252.61,255.12,251.95,254.26,1097800,252.392,254.491,253.419,51.123,-0.305,0.019,-0.324,254.491,258.938,250.044
2025-10-01,252.86,254.08,251.57,253.44,874000,252.774,254.504,253.447,49.259,-0.287,-0.042,-0.245,254.504,258.937,250.072
2025-10-02,252.43,255.57,251.76,254.23,733200,253.638,254.344,253.429,51.108,-0.206,-0.075,-0.131,254.344,258.553,250.134
2025-10-03,253.79,256.2,253.45,253.52,740600,253.748,254.12,253.425,49.367,-0.197,-0.099,-0.098,254.12,257.972,250.267
2025-10-06,252.88,253.52,250.34,252.26,844500,253.542,253.811,253.398,46.349,-0.289,-0.137,-0.151,253.811,257.166,250.456
2025-10-07,252.89,253.14,249.05,249.38,932400,252.566,253.576,253.346,40.287,-0.587,-0.227,-0.36,253.576,257.468,249.685
2025-10-08,249.83,249.87,245.54,246.45,1525400,251.168,253.178,253.246,35.237,-1.047,-0.391,-0.656,253.178,258.179,248.176
2025-10-09,247.24,247.96,241.32,242.1,1145700,248.742,252.376,253.172,29.354,-1.743,-0.662,-1.082,252.376,258.932,245.82
2025-10-10,242.72,243.71,238.14,238.82,1271300,245.802,251.556,252.987,25.85,-2.53,-1.035,-1.495,251.556,260.34,242.773
2025-10-13,240.39,241.18,237.43,238.37,1071800,243.024,250.69,252.864,25.402,-3.154,-1.459,-1.695,250.69,261.031,240.348
2025-10-14,236.7,243.31,236.48,241.91,1114900,241.53,250.098,252.788,34.953,-3.324,-1.832,-1.492,250.098,261.041,239.155
2025-10-15,242.37,243.52,239.67,241.52,720400,240.544,249.456,252.656,34.43,-3.451,-2.156,-1.295,249.456,260.844,238.068
2025-10-16,242.25,242.25,239.31,240.78,704500,240.28,248.723,252.48,33.409,-3.57,-2.439,-1.131,248.723,260.373,237.073
2025-10-17,241.19,243.3,240.65,243.05,889000,241.126,248.188,252.365,39.353,-3.441,-2.639,-0.802,248.188,259.848,236.527
2025-10-20,242.96,246.53,242.96,246.09,1001400,242.67,247.851,252.306,46.27,-3.059,-2.723,-0.336,247.851,259.335,236.367
2025-10-21,245.41,251.73,245.14,250.73,1077200,244.434,247.731,252.341,54.753,-2.354,-2.649,0.295,247.731,259.03,236.431
2025-10-22,250.39,251.99,246.61,246.65,1317000,245.46,247.486,252.226,47.632,-2.101,-2.539,0.439,247.486,258.651,236.322
2025-10-23,248.22,251.58,245.91,251.02,2046500,247.508,247.542,252.065,54.463,-1.529,-2.337,0.808,247.542,258.768,236.316
2025-10-24,242.79,244.46,236.75,239.62,3222700,246.822,246.874,251.77,39.857,-1.974,-2.265,0.291,246.874,258.327,235.422
2025-10-27,242.57,242.6,239.31,241.63,2010200,245.93,246.291,251.59,42.771,-2.139,-2.24,0.1,246.291,257.554,235.029
2025-10-28,241.51,243.36,239.58,239.74,1558000,243.732,245.566,251.361,40.77,-2.395,-2.271,-0.125,245.566,256.533,234.598
2025-10-29,238.74,240.96,235.22,236.0,1797200,241.602,244.694,250.965,37.075,-2.867,-2.39,-0.477,244.694,255.798,233.589
2025-10-30,235.45,241.19,234.67,237.57,1346800,238.912,243.86,250.638,39.552,-3.079,-2.528,-0.551,243.86,254.44,233.281
2025-10-31,235.7,238.73,235.03,237.84,1649500,238.556,243.076,250.337,39.989,-3.188,-2.66,-0.528,243.076,252.941,233.212
2025-11-03,236.85,237.62,234.52,237.07,1250100,237.644,242.317,249.856,39.12,-3.298,-2.788,-0.511,242.317,251.522,233.112
2025-11-04,236.56,239.27,235.99,238.82,1420000,237.46,241.789,249.463,42.196,-3.208,-2.872,-0.336,241.789,250.485,233.093
2025-11-05,238.5,240.3,236.97,238.95,1591100,238.05,241.414,249.082,42.429,-3.09,-2.915,-0.175,241.414,249.909,232.919
2025-11-06,238.68,240.93,237.21,238.21,915900,238.178,241.22,248.675,41.407,-3.022,-2.937,-0.085,241.22,249.825,232.614
2025-11-07,238.23,240.5,237.21,239.37,1077200,238.484,241.247,248.311,43.696,-2.841,-2.917,0.077,241.247,249.824,232.67
2025-11-10,239.08,239.81,235.69,238.18,1069100,238.706,241.238,247.946,41.888,-2.762,-2.886,0.124,241.238,249.828,232.647
2025-11-11,239.38,240.22,238.54,239.24,662700,238.79,241.104,247.648,44.107,-2.584,-2.826,0.242,241.104,249.734,232.474
2025-11-12,239.52,241.67,238.99,239.31,695200,238.862,240.994,247.37,44.258,-2.41,-2.743,0.333,240.994,249.657,232.33
2025-11-13,238.94,240.85,238.25,239.18,1060100,239.056,240.913,247.005,44.02,-2.256,-2.645,0.389,240.913,249.615,232.212
2025-11-14,238.88,239.21,236.51,237.89,978500,238.76,240.656,246.603,41.624,-2.213,-2.559,0.346,240.656,249.396,231.915
2025-11-17,237.87,238.47,234.83,235.39,989500,238.202,240.12,246.142,37.378,-2.353,-2.518,0.165,240.12,248.77,231.471
2025-11-18,234.93,237.42,232.87,235.9,1365700,237.534,239.379,245.779,38.75,-2.395,-2.493,0.098,239.379,246.628,232.13
2025-11-19,235.7,237.12,233.55,235.06,990800,236.684,238.8,245.391,37.3,-2.468,-2.488,0.02,238.8,245.428,232.171
2025-11-20,236.94,237.98,233.28,235.09,1403300,235.866,238.003,244.93,37.39,-2.495,-2.49,-0.005,238.003,241.57,234.436
2025-11-21,236.07,242.26,235.27,241.59,1548900,236.606,238.102,244.658,53.115,-1.969,-2.385,0.417,238.102,241.954,234.249
2025-11-24,241.13,242.16,236.31,236.48,2511800,236.824,237.844,244.273,43.801,-1.942,-2.297,0.355,237.844,241.378,234.31
2025-11-25,239.06,243.39,237.64,242.16,1070100,238.076,237.965,244.042,53.551,-1.446,-2.126,0.681,237.965,241.914,234.016
2025-11-26,240.96,244.28,239.89,242.78,725700,239.62,238.304,243.81,54.479,-0.991,-1.899,0.909,238.304,242.683,233.925
2025-11-28,242.09,244.13,242.09,243.07,452200,241.216,238.579,243.563,54.933,-0.6,-1.639,1.039,238.579,243.43,233.728
2025-12-01,241.16,244.05,240.97,241.32,1066900,241.162,238.753,243.314,51.591,-0.427,-1.397,0.97,238.753,243.74,233.766
2025-12-02,242.21,243.15,239.64,242.19,825200,242.304,239.009,243.101,53.118,-0.216,-1.161,0.944,239.009,244.155,233.863
2025-12-03,243.1,245.34,241.65,243.81,1062000,242.634,239.258,242.915,55.907,0.08,-0.913,0.993,239.258,244.832,233.685
2025-12-04,244.44,245.28,242.24,243.16,1021600,242.71,239.469,242.747,54.506,0.259,-0.678,0.938,239.469,245.305,233.633
2025-12-05,243.89,244.61,241.95,243.48,782700,242.792,239.732,242.619,55.103,0.422,-0.458,0.881,239.732,245.801,233.664
2025-12-08,242.56,244.19,241.55,241.95,994500,242.918,239.861,242.398,51.618,0.423,-0.282,0.705,239.861,246.007,233.716
2025-12-09,242.14,243.57,240.23,240.48,871900,242.576,239.976,242.142,48.447,0.302,-0.165,0.467,239.976,246.075,233.878
2025-12-10,241.22,247.84,240.41,247.21,1231900,243.256,240.375,242.001,60.43,0.74,0.016,0.724,240.375,247.262,233.488
2025-12-11,248.63,251.73,247.78,250.99,1041100,244.822,240.959,241.952,65.308,1.377,0.288,1.089,240.959,249.294,232.624
2025-12-12,252.37,252.81,250.41,251.59,967300,246.444,241.58,241.899,66.024,1.908,0.612,1.296,241.58,251.118,232.041
2025-12-15,252.54,253.3,251.44,252.21,1315700,248.496,242.296,241.873,66.786,2.351,0.96,1.391,242.296,252.771,231.82
2025-12-16,248.73,249.93,243.31,244.41,1735300,249.282,242.747,241.716,51.211,2.05,1.178,0.872,242.747,252.736,232.757
2025-12-17,244.29,247.39,243.15,246.11,1317400,249.062,243.257,241.651,53.743,1.926,1.328,0.598,243.257,252.807,233.707
2025-12-18,246.27,247.94,244.42,244.92,1415900,247.848,243.75,241.62,51.719,1.712,1.404,0.308,243.75,252.503,234.997
2025-12-19,244.31,244.52,242.44,243.9,3335300,246.31,244.19,241.656,49.982,1.444,1.412,0.031,244.19,251.938,236.443
2025-12-22,243.93,246.67,242.62,245.3,768300,244.928,244.376,241.786,52.348,1.328,1.396,-0.067,244.376,252.038,236.714
2025-12-23,245.58,246.69,244.97,245.55,594100,245.156,244.829,241.929,52.778,1.243,1.365,-0.122,244.829,251.538,238.121
2025-12-24,245.55,246.37,244.84,245.67,291700,245.068,245.005,242.005,52.997,1.172,1.326,-0.155,245.005,251.602,238.408
2025-12-26,245.32,246.63,245.23,246.17,412500,245.318,245.174,242.098,53.955,1.142,1.289,-0.147,245.174,251.705,238.644
2025-12-29,246.17,247.27,245.33,245.94,1169000,245.726,245.318,242.201,53.415,1.088,1.249,-0.162,245.318,251.78,238.856
2025-12-30,245.23,245.68,243.9,244.58,669100,245.582,245.481,242.231,50.218,0.924,1.184,-0.26,245.481,251.677,239.285
2025-12-31,243.79,244.86,241.7,241.71,750500,244.814,245.457,242.144,44.205,0.556,1.059,-0.502,245.457,251.71,239.204
2026-01-02,242.06,244.9,239.99,244.85,1622700,244.65,245.509,242.026,51.103,0.513,0.949,-0.437,245.509,251.722,239.296
2026-01-05,243.93,246.63,243.0,244.94,2419000,244.404,245.598,241.992,51.289,0.479,0.855,-0.376,245.598,251.719,239.477
2026-01-06,243.72,249.46,242.94,249.42,1860800,245.1,245.895,241.96,59.536,0.806,0.845,-0.04,245.895,252.158,239.632
2026-01-07,249.74,250.33,241.78,242.39,1363700,244.662,245.917,242.015,46.292,0.491,0.775,-0.284,245.917,252.125,239.709
2026-01-08,241.39,250.31,241.39,249.0,1530100,246.12,246.343,242.163,56.166,0.766,0.773,-0.007,246.343,252.135,240.551
2026-01-09,250.02,251.34,247.37,250.37,1348500,247.224,246.501,242.375,57.894,1.082,0.835,0.248,246.501,252.559,240.443
2026-01-12,249.69,250.71,247.98,249.8,1056000,248.196,246.442,242.651,56.889,1.272,0.922,0.35,246.442,252.335,240.548
2026-01-13,250.51,252.16,249.96,251.98,1340200,248.708,246.461,242.94,59.765,1.581,1.054,0.527,246.461,252.429,240.493
2026-01-14,251.98,256.11,251.86,254.07,1676100,251.044,246.554,243.264,62.358,1.971,1.237,0.733,246.554,252.942,240.166
2026-01-15,255.09,257.82,253.7,257.01,1023500,252.646,247.184,243.663,65.706,2.489,1.488,1.001,247.184,255.006,239.362
2026-01-16,256.64,259.35,255.21,258.56,1280500,254.284,247.806,244.058,67.354,2.99,1.788,1.202,247.806,257.11,238.503
2026-01-20,255.35,257.11,249.0,249.71,1316600,254.266,248.046,244.273,51.988,2.642,1.959,0.683,248.046,257.283,238.809
2026-01-21,252.0,257.2,251.56,255.1,1259400,254.89,248.606,244.611,58.237,2.77,2.121,0.649,248.606,258.138,239.074
2026-01-22,256.21,257.72,254.54,254.85,1282100,255.046,249.083,244.92,57.861,2.818,2.26,0.558,249.083,258.871,239.296
2026-01-23,255.06,255.58,252.17,253.45,1292800,254.334,249.479,245.226,55.691,2.712,2.351,0.361,249.479,259.304,239.653
2026-01-26,254.2,255.43,252.62,254.32,1126800,253.486,249.911,245.527,56.776,2.668,2.414,0.254,249.911,259.792,240.03
2026-01-27,254.63,255.87,252.95,253.87,860500,254.318,250.296,245.819,56.012,2.567,2.445,0.122,250.296,260.163,240.429
2026-01-28,253.33,255.74,252.81,253.44,1062400,253.986,250.671,246.104,55.248,2.424,2.44,-0.017,250.671,260.41,240.932
2026-01-29,255.13,258.87,253.62,257.96,1269400,254.608,251.34,246.505,61.239,2.645,2.481,0.164,251.34,261.155,241.525
2026-01-30,257.35,258.16,253.29,256.39,1438300,255.196,252.074,246.925,58.318,2.663,2.518,0.145,252.074,261.014,243.134
2026-02-02,256.41,260.06,255.22,259.29,2156100,256.19,252.796,247.393,61.93,2.878,2.59,0.288,252.796,261.611,243.981
2026-02-03,262.01,277.61,258.55,273.71,3598500,260.158,254.234,248.166,73.995,4.164,2.904,1.259,254.234,266.403,242.066
2026-02-04,276.45,288.2,275.77,283.42,3382700,266.154,255.934,249.133,78.855,5.898,3.503,2.395,255.934,273.551,238.318
2026-02-05,282.58,288.36,281.49,282.92,2641300,271.146,257.961,249.959,78.046,7.15,4.233,2.918,257.961,278.154,237.768
2026-02-06,284.26,289.3,282.14,288.1,1531400,277.488,259.916,250.992,80.3,8.463,5.079,3.384,259.916,283.706,236.126
2026-02-09,285.91,288.7,284.14,285.17,1888000,282.664,261.656,251.852,75.573,9.161,5.895,3.266,261.656,287.508,235.804
2026-02-10,286.12,289.79,283.92,288.77,1261800,285.676,263.605,252.772,77.338,9.891,6.694,3.197,263.605,291.488,235.721
2026-02-11,286.52,294.31,286.52,292.52,1404900,287.496,265.632,253.761,79.038,10.649,7.485,3.164,265.632,295.761,235.502
2026-02-12,294.32,297.51,292.32,292.95,2079900,289.502,267.576,254.793,79.23,11.156,8.219,2.937,267.576,299.526,235.625
2026-02-13,292.46,296.6,289.69,294.02,1310800,290.686,269.426,255.83,79.728,11.512,8.878,2.634,269.426,303.044,235.808
2026-02-17,293.86,295.88,290.22,291.88,1095700,292.028,271.092,256.791,75.81,11.488,9.4,2.088,271.092,305.729,236.455
2026-02-18,292.59,293.08,289.86,290.64,1082700,292.402,273.138,257.741,73.554,11.24,9.768,1.472,273.138,307.29,238.987
2026-02-19,289.56,291.41,286.93,288.35,1265700,291.568,274.801,258.638,69.445,10.735,9.961,0.773,274.801,308.489,241.113
2026-02-20,288.23,292.55,287.12,289.49,1473300,290.876,276.533,259.589,70.334,10.307,10.03,0.277,276.533,309.455,243.611
2026-02-23,289.99,292.79,287.09,287.76,1230300,289.624,278.248,260.535,67.142,9.717,9.968,-0.251,278.248,309.647,246.85
2026-02-24,288.38,290.98,288.0,289.07,1189400,289.062,279.986,261.372,68.315,9.249,9.824,-0.575,279.986,309.605,250.367
2026-02-25,289.08,291.0,282.64,284.34,1620600,287.802,281.51,262.039,59.992,8.399,9.539,-1.14,281.51,308.489,254.53
2026-02-26,285.54,286.32,281.38,284.87,1416900,287.106,283.081,262.704,60.571,7.679,9.167,-1.488,283.081,306.618,259.544
2026-02-27,283.25,286.25,282.32,285.22,3075000,286.252,284.444,263.365,60.974,7.056,8.745,-1.689,284.444,304.798,264.09
2026-03-02,282.46,286.36,279.98,285.75,1475100,285.85,285.912,264.191,61.612,6.53,8.302,-1.772,285.912,301.4,270.424
2026-03-03,281.09,283.12,277.6,280.65,1442200,284.166,286.98,264.882,52.681,5.636,7.769,-2.132,286.98,296.556,277.404
2026-03-04,281.46,282.55,279.02,281.82,808200,283.662,287.386,265.62,54.317,4.965,7.208,-2.243,287.386,295.101,279.67
2026-03-05,279.52,281.16,275.01,277.25,1284500,282.138,287.077,266.287,47.42,4.018,6.57,-2.552,287.077,295.878,278.276
2026-03-06,275.77,276.12,269.69,272.0,1382800,279.494,286.531,266.821,40.982,2.812,5.819,-3.007,286.531,297.504,275.558
2026-03-09,268.45,272.04,264.92,271.43,1248800,276.63,285.698,267.339,40.342,1.789,5.013,-3.223,285.698,298.542,272.853
2026-03-10,270.37,272.88,267.94,268.2,1187100,274.14,284.849,267.789,36.83,0.71,4.152,-3.442,284.849,299.894,269.804
2026-03-11,267.06,268.28,262.67,266.46,1164100,271.068,283.734,268.195,35.06,-0.283,3.265,-3.548,283.734,300.735,266.732
2026-03-12,264.49,266.54,260.53,260.67,1598400,267.752,282.141,268.49,29.907,-1.519,2.308,-3.827,282.141,301.483,262.799
2026-03-13,262.79,264.7,260.83,262.02,1159400,265.756,280.594,268.839,32.402,-2.363,1.374,-3.737,280.594,301.202,259.987
2026-03-16,264.19,265.08,262.49,263.64,716200,264.198,279.076,269.277,35.374,-2.867,0.526,-3.393,279.076,299.993,258.158
2026-03-17,265.95,266.48,259.46,262.75,859000,263.108,277.619,269.635,34.477,-3.301,-0.24,-3.062,277.619,298.837,256.401
2026-03-18,261.62,263.4,255.41,255.88,1224300,260.992,275.881,269.854,28.475,-4.151,-1.022,-3.13,275.881,298.27,253.492
2026-03-19,253.19,257.24,252.36,255.77,1125300,260.012,274.252,269.981,28.39,-4.779,-1.773,-3.006,274.252,297.544,250.96
2026-03-20,256.0,257.39,251.36,252.88,2353200,258.184,272.422,270.191,26.174,-5.447,-2.508,-2.939,272.422,296.415,248.428
2026-03-23,258.5,260.46,256.14,257.86,1650100,257.028,270.927,270.368,35.515,-5.511,-3.109,-2.402,270.927,294.62,247.233
2026-03-24,255.27,261.49,254.06,260.1,1046000,256.498,269.478,270.563,39.24,-5.319,-3.551,-1.769,269.478,292.015,246.941
2026-03-25,262.33,263.41,258.4,261.49,1169500,257.62,268.335,270.796,41.498,-4.998,-3.84,-1.158,268.335,290.0,246.671
2026-03-26,259.59,261.67,255.58,256.5,1503900,257.766,266.917,270.887,36.285,-5.087,-4.09,-0.998,266.917,287.721,246.113
2026-03-27,255.86,258.29,253.06,254.21,1482100,258.032,265.366,270.89,34.164,-5.282,-4.328,-0.954,265.366,285.018,245.715
2026-03-30,256.38,257.13,250.82,251.42,1071100,256.744,263.65,270.778,31.73,-5.597,-4.582,-1.015,263.65,281.74,245.56
2026-03-31,254.48,258.3,251.25,257.06,1413300,256.136,262.47,270.748,40.896,-5.33,-4.731,-0.598,262.47,278.892,246.049
2026-04-01,257.0,260.08,256.22,257.3,1227100,255.298,261.245,270.9,41.257,-5.04,-4.793,-0.247,261.245,275.034,247.455
2026-04-02,253.53,258.31,252.27,255.0,813300,254.998,260.132,270.898,38.808,-4.94,-4.823,-0.118,260.132,271.931,248.333
2026-04-06,253.8,255.5,252.49,255.27,817300,255.21,259.296,270.906,39.264,-4.783,-4.815,0.031,259.296,269.86,248.731
2026-04-07,254.89,257.22,253.13,255.82,1459900,256.09,258.515,270.953,40.24,-4.562,-4.764,0.202,258.515,267.492,249.538
2026-04-08,262.69,266.29,258.27,266.16,1270200,257.91,258.413,271.19,54.916,-3.512,-4.514,1.001,258.413,266.962,249.864
2026-04-09,264.79,271.37,263.85,269.79,1371700,260.408,258.58,271.509,58.746,-2.36,-4.083,1.723,258.58,267.885,249.274
2026-04-10,270.41,271.25,266.95,267.16,982200,262.84,258.904,271.783,55.094,-1.64,-3.595,1.954,258.904,268.94,248.868
2026-04-13,266.17,271.2,264.72,271.1,1408300,266.006,259.358,272.046,59.187,-0.743,-3.024,2.281,259.358,270.722,247.994
2026-04-14,269.93,271.14,268.18,268.87,1024800,268.616,259.62,272.295,56.072,-0.21,-2.461,2.251,259.62,271.621,247.618
2026-04-15,267.44,268.0,258.85,261.11,1390400,267.606,259.538,272.332,46.834,-0.409,-2.051,1.642,259.538,271.471,247.604
2026-04-16,260.78,264.33,259.8,262.31,983300,266.11,259.859,272.104,48.254,-0.464,-1.734,1.269,259.859,271.724,247.994
2026-04-17,264.17,270.7,263.95,268.88,1474600,266.454,260.515,271.813,55.293,0.022,-1.382,1.404,260.515,272.867,248.162
2026-04-20,268.88,269.72,267.01,269.29,1118800,266.092,261.335,271.54,55.698,0.435,-1.019,1.454,261.335,273.732,248.938
2026-04-21,268.94,270.95,266.67,267.68,816500,265.854,261.826,271.132,53.643,0.626,-0.69,1.316,261.826,274.42,249.232
2026-04-22,269.25,270.6,263.51,263.77,1088000,266.386,262.01,270.704,48.922,0.456,-0.461,0.917,262.01,274.604,249.415
2026-04-23,265.44,270.72,264.47,269.74,1350600,267.872,262.422,270.323,55.379,0.794,-0.21,1.004,262.422,275.477,249.367
2026-04-24,268.45,269.01,265.75,265.95,1168300,267.286,262.894,269.792,50.973,0.747,-0.019,0.766,262.894,275.729,250.06
2026-04-27,266.1,269.86,263.47,266.39,945500,266.706,263.504,269.261,51.456,0.737,0.133,0.605,263.504,275.746,251.261
2026-04-28,267.86,267.86,262.66,265.14,1098600,266.198,264.19,268.683,49.951,0.621,0.23,0.391,264.19,275.039,253.34
2026-04-29,265.03,266.04,261.17,262.37,1658200,265.918,264.455,268.093,46.692,0.302,0.245,0.058,264.455,274.819,254.091
2026-04-30,246.89,256.11,243.93,254.81,3486800,262.932,264.33,267.376,39.179,-0.554,0.085,-0.639,264.33,275.108,253.553
2026-05-01,257.44,258.09,250.06,252.3,2070700,260.202,264.196,266.655,37.047,-1.419,-0.216,-1.203,264.196,275.519,252.872
2026-05-04,250.76,251.62,247.35,248.52,1213900,256.628,263.858,265.836,34.043,-2.382,-0.649,-1.733,263.858,276.613,251.103
2026-05-05,249.54,252.33,248.63,251.39,1033100,253.878,263.636,265.109,38.144,-2.88,-1.095,-1.785,263.636,277.113,250.16
2026-05-06,254.78,258.89,254.44,257.28,1276500,252.86,263.192,264.473,45.617,-2.768,-1.43,-1.338,263.192,276.902,249.483
2026-05-07,257.54,258.95,252.03,252.36,1413100,252.37,262.321,263.833,41.145,-3.041,-1.752,-1.289,262.321,276.473,248.169
2026-05-08,252.92,254.09,250.82,251.6,884600,252.23,261.543,263.168,40.485,-3.281,-2.058,-1.223,261.543,276.274,246.812
2026-05-11,251.95,253.29,247.89,248.96,1201100,252.318,260.436,262.443,38.193,-3.642,-2.375,-1.267,260.436,275.468,245.404
2026-05-12,249.66,250.76,246.55,248.29,1169500,251.698,259.407,261.693,37.611,-3.937,-2.687,-1.25,259.407,274.821,243.993
2026-05-13,247.7,249.5,245.98,246.99,1137700,249.64,258.701,261.02,36.45,-4.227,-2.995,-1.232,258.701,275.051,242.351
2026-05-14,249.23,249.47,246.59,247.66,811200,248.7,257.968,260.337,37.52,-4.352,-3.266,-1.086,257.968,274.939,240.998
2026-05-15,245.72,246.79,244.35,244.6,1343700,247.3,256.754,259.684,34.65,-4.645,-3.542,-1.103,256.754,273.911,239.598
2026-05-18,245.49,247.85,243.3,246.36,1924700,246.78,255.608,259.171,37.606,-4.681,-3.77,-0.911,255.608,272.296,238.92
2026-05-19,245.07,245.59,241.33,244.3,1818400,245.982,254.439,258.629,35.578,-4.82,-3.98,-0.84,254.439,270.839,238.039
2026-05-20,244.48,247.78,242.04,247.66,1707700,246.116,253.634,258.218,41.154,-4.606,-4.105,-0.501,253.634,269.683,237.584
2026-05-21,245.68,247.67,242.55,246.83,1090100,245.95,252.488,257.825,40.228,-4.453,-4.175,-0.278,252.488,266.882,238.094
2026-05-22,248.78,249.6,246.33,249.07,874200,246.844,251.644,257.593,43.898,-4.103,-4.16,0.058,251.644,264.624,238.664
2026-05-26,250.15,251.9,246.43,247.3,1269400,247.032,250.69,257.299,41.718,-3.923,-4.113,0.19,250.69,261.773,239.606
2026-05-27,248.51,250.54,247.17,247.18,1126200,247.608,249.791,256.97,41.567,-3.747,-4.04,0.293,249.791,258.628,240.955
2026-05-28,243.95,246.63,243.26,246.54,1301800,247.384,249.0,256.645,40.722,-3.617,-3.955,0.338,249.0,255.661,242.339
2026-05-29,245.58,246.11,243.88,244.21,2995500,246.86,248.47,256.412,37.717,-3.661,-3.896,0.236,248.47,254.866,242.074
2026-06-01,242.79,243.23,239.04,242.76,1339100,245.598,247.993,256.152,35.939,-3.768,-3.871,0.102,247.993,254.605,241.381
2026-06-02,243.81,246.52,243.05,245.49,1251600,245.236,247.842,256.004,41.527,-3.592,-3.815,0.223,247.842,254.541,241.142
2026-06-03,246.98,248.92,244.24,247.15,1020800,245.23,247.63,255.79,44.687,-3.281,-3.708,0.427,247.63,254.121,241.138
2026-06-04,250.57,250.57,246.74,248.0,966300,245.522,247.166,255.548,46.287,-2.931,-3.553,0.621,247.166,251.82,242.511
2026-06-05,249.26,250.64,248.66,249.58,1582600,246.596,247.026,255.31,49.228,-2.498,-3.342,0.844,247.026,251.165,242.888
2026-06-08,250.03,251.64,247.82,249.26,1075800,247.896,246.91,255.165,48.647,-2.156,-3.105,0.949,246.91,250.613,243.206
2026-06-09,251.16,254.27,251.04,253.36,1637400,249.47,247.13,255.148,55.838,-1.536,-2.791,1.255,247.13,251.754,242.505
2026-06-10,251.4,254.26,247.0,247.06,1350000,249.452,247.068,255.061,45.333,-1.536,-2.54,1.004,247.068,251.66,242.476
2026-06-11,247.79,252.85,247.53,251.29,1201500,250.11,247.283,254.945,51.879,-1.181,-2.268,1.088,247.283,252.247,242.319
2026-06-12,253.49,254.28,250.99,254.23,817900,251.04,247.611,254.884,55.838,-0.654,-1.945,1.291,247.611,253.47,241.753
2026-06-15,256.62,260.2,256.09,259.25,1725900,253.038,248.344,254.969,61.64,0.166,-1.523,1.689,248.344,256.004,240.684
2026-06-16,261.09,263.26,260.1,262.48,1579400,254.862,249.15,255.113,64.84,1.065,-1.006,2.07,249.15,259.008,239.292
2026-06-17,262.13,265.78,257.76,258.85,1698800,257.22,249.877,255.174,58.893,1.467,-0.511,1.978,249.877,260.356,239.399
2026-06-18,261.69,266.16,260.27,260.81,2590000,259.124,250.535,255.067,60.974,1.922,-0.025,1.946,250.535,262.029,239.041
2026-06-22,260.3,263.05,258.61,262.01,1113900,260.68,251.294,254.911,62.235,2.352,0.451,1.901,251.294,263.724,238.864
2026-06-23,259.76,261.61,258.01,258.39,1330300,260.508,251.76,254.736,56.324,2.373,0.835,1.538,251.76,264.533,238.987
2026-06-24,259.23,262.25,258.52,260.4,1823300,260.092,252.415,254.522,58.671,2.523,1.173,1.35,252.415,265.563,239.267
2026-06-25,262.57,269.86,261.98,267.24,1650900,261.77,253.418,254.489,65.472,3.158,1.57,1.588,253.418,267.88,238.956
2026-06-26,266.75,266.95,263.28,264.38,1965000,262.484,254.31,254.554,60.955,3.391,1.934,1.457,254.31,269.181,239.439
2026-06-29,263.56,265.23,261.98,264.15,1121100,262.912,255.307,254.591,60.593,3.516,2.25,1.266,255.307,269.999,240.615
2026-06-30,264.07,269.78,262.15,268.73,2149600,264.98,256.606,254.588,65.045,3.94,2.588,1.352,256.606,271.219,241.992
2026-07-01,267.04,270.4,264.15,267.24,1408300,266.348,257.693,254.547,62.569,4.108,2.892,1.216,257.693,272.058,243.328
2026-07-02,269.42,271.36,265.28,271.0,1260900,267.1,258.885,254.614,66.079,4.493,3.212,1.28,258.885,273.523,244.248
2026-07-06,271.59,273.83,269.82,272.5,1044500,268.724,260.11,254.788,67.392,4.863,3.542,1.32,260.11,275.011,245.21
2026-07-07,273.17,273.19,267.48,269.34,1064300,269.762,261.098,254.78,61.95,4.845,3.803,1.042,261.098,275.676,246.521
2026-07-08,265.87,267.28,262.5,263.39,1182000,268.694,261.805,254.729,53.232,4.302,3.903,0.399,261.805,275.295,248.315
2026-07-09,265.62,266.25,261.85,263.77,1174000,268.0,262.326,254.677,53.68,3.857,3.894,-0.037,262.326,275.235,249.416
2026-07-10,264.26,269.37,263.87,267.08,1119500,267.216,263.326,254.715,57.502,3.729,3.861,-0.132,263.326,274.195,252.458
2026-07-13,269.75,272.78,268.19,269.75,1248500,266.666,264.25,254.863,60.344,3.799,3.848,-0.05,264.25,273.879,254.62
2026-07-14,272.64,273.11,269.58,270.53,1329800,266.904,265.064,255.177,61.161,3.872,3.853,0.019,265.064,273.845,256.284
2026-07-15,269.91,270.71,267.51,269.66,918500,268.158,265.585,255.525,59.684,3.817,3.846,-0.029,265.585,274.146,257.024
2026-07-16,269.88,281.65,268.93,281.15,1590800,271.634,266.518,256.177,69.992,4.646,4.006,0.64,266.518,277.408,255.629
2026-07-17,277.35,283.23,273.55,274.27,1850600,273.072,267.29,256.635,60.085,4.694,4.143,0.551,267.29,278.076,256.503
2026-07-20,275.24,275.5,268.86,269.94,2062600,273.11,267.746,256.888,54.826,4.333,4.181,0.152,267.746,278.144,257.348
2026-07-21,270.78,272.44,268.26,270.24,1593800,273.052,268.157,257.246,55.119,4.024,4.15,-0.126,268.157,278.247,258.068
2026-07-22,271.01,273.98,270.39,272.17,1204400,273.554,268.846,257.657,57.05,3.891,4.098,-0.207,268.846,277.962,259.731
2026-07-23,271.67,275.25,269.52,275.13,1491800,272.35,269.583,258.18,59.899,3.978,4.074,-0.096,269.583,278.191,260.975
2026-07-24,276.25,281.21,274.45,281.2,1349500,273.736,270.281,258.839,65.024,4.485,4.156,0.329,270.281,280.246,260.316
2026-07-27,282.18,286.09,281.85,282.99,2119000,276.346,271.212,259.559,66.388,4.974,4.32,0.654,271.212,282.272,260.151
2026-07-28,296.79,299.98,291.37,293.26,2855200,280.95,272.667,260.471,72.915,6.12,4.68,1.44,272.667,286.994,258.34
2026-07-29,296.68,296.68,287.71,290.57,1849200,284.63,273.759,261.39,69.128,6.733,5.09,1.643,273.759,290.021,257.497
2026-07-30,294.33,294.33,280.13,281.87,2297500,285.978,274.49,262.1,58.54,6.443,5.361,1.082,274.49,290.834,258.147
2026-07-31,280.69,286.14,280.05,285.1,1823500,286.758,275.196,262.916,60.933,6.4,5.569,0.831,275.196,292.111,258.28
2026-08-03,286.65,289.87,283.68,286.63,1183500,287.486,275.902,263.696,62.05,6.415,5.738,0.677,275.902,293.51,258.294
2026-08-04,283.09,294.42,282.53,293.16,1215500,287.466,277.093,264.622,66.458,6.875,5.965,0.909,277.093,296.006,258.18
2026-08-05,294.26,295.58,291.69,295.41,907800,288.434,278.694,265.549,67.844,7.336,6.24,1.097,278.694,298.137,259.251
2026-08-06,298.23,298.59,291.99,292.8,912800,290.62,280.145,266.459,64.514,7.406,6.473,0.933,280.145,299.228,261.063
2026-08-07,291.66,295.75,290.57,294.75,919000,292.55,281.529,267.41,65.862,7.532,6.685,0.847,281.529,300.635,262.423
2026-08-10,294.27,294.79,291.55,292.62,797600,293.748,282.672,268.332,63.044,7.374,6.823,0.552,282.672,301.547,263.798
2026-08-11,292.77,295.84,290.92,291.26,836000,293.368,283.709,269.273,61.243,7.059,6.87,0.189,283.709,302.045,265.373
2026-08-12,290.84,292.34,287.89,290.63,912100,292.412,284.758,270.23,60.382,6.681,6.832,-0.151,284.758,302.081,267.434
2026-08-13,292.9,293.2,286.84,289.11,683700,291.674,285.155,271.103,58.254,6.187,6.703,-0.516,285.155,302.496,267.815
2026-08-14,288.24,289.15,286.24,288.94,1403900,290.512,285.889,271.939,58.008,5.716,6.506,-0.789,285.889,302.517,269.261
2026-08-17,288.0,289.03,285.36,285.43,970400,289.074,286.664,272.687,53.026,5.002,6.205,-1.203,286.664,301.511,271.816
2026-08-18,287.01,287.58,282.74,282.83,1069700,287.388,287.293,273.352,49.625,4.178,5.8,-1.621,287.293,300.142,274.444
2026-08-19,284.7,288.01,282.01,282.42,894500,285.746,287.806,274.015,49.091,3.453,5.33,-1.878,287.806,298.798,276.813
2026-08-20,280.88,283.81,280.0,280.92,1014100,284.108,288.095,274.567,47.092,2.725,4.809,-2.084,288.095,297.925,278.265
2026-08-21,282.27,282.34,279.23,280.47,872300,282.414,288.058,275.235,46.48,2.088,4.265,-2.177,288.058,298.002,278.115
2026-08-24,282.08,284.34,280.58,282.12,809200,281.752,288.015,275.851,49.09,1.697,3.751,-2.055,288.015,298.059,277.971
2026-08-25,284.43,284.43,279.1,279.84,766800,281.154,287.344,276.364,45.769,1.189,3.239,-2.05,287.344,297.7,276.988
2026-08-26,281.19,284.42,280.42,283.67,889700,281.404,286.999,276.852,51.683,1.083,2.808,-1.725,286.999,297.363,276.635
2026-08-27,281.48,281.55,277.45,279.86,809500,281.192,286.898,277.2,46.277,0.684,2.383,-1.699,286.898,297.508,276.289
2026-08-28,281.53,282.6,276.71,278.3,837000,280.758,286.558,277.589,44.236,0.239,1.954,-1.715,286.558,297.826,275.291
2026-08-31,277.25,277.7,273.09,273.6,1251100,279.054,285.907,277.844,38.7,-0.487,1.466,-1.953,285.907,298.576,273.238
2026-09-01,273.27,274.98,267.23,268.14,1086000,276.714,284.656,277.967,33.46,-1.486,0.875,-2.362,284.656,299.123,270.189
2026-09-02,268.79,268.79,264.18,267.36,1673800,273.452,283.254,278.146,32.778,-2.314,0.238,-2.552,283.254,298.734,267.773
2026-09-03,270.11,270.83,266.09,269.9,979900,271.46,282.108,278.336,37.266,-2.734,-0.357,-2.377,282.108,297.998,266.219
2026-09-04,269.2,272.1,267.62,268.38,1044200,269.476,280.79,278.359,35.729,-3.153,-0.916,-2.237,280.79,296.639,264.941
2026-09-08,267.04,269.49,265.51,266.96,1053500,268.148,279.507,278.411,34.305,-3.559,-1.445,-2.114,279.507,295.478,263.536
2026-09-09,265.42,266.53,261.83,262.29,1385300,266.978,278.058,278.374,30.062,-4.208,-1.997,-2.211,278.058,294.779,261.338
2026-09-10,260.88,263.83,259.67,263.49,1646400,266.204,276.702,278.269,32.376,-4.574,-2.513,-2.061,276.702,293.531,259.872
2026-09-11,266.21,267.91,264.45,266.43,1019600,265.51,275.568,278.253,37.807,-4.573,-2.925,-1.649,275.568,291.926,259.209
2026-09-14,263.64,269.05,263.37,267.31,1280500,265.296,274.486,278.179,39.376,-4.451,-3.23,-1.221,274.486,289.958,259.014
2026-09-15,267.73,268.52,264.58,266.87,1034600,265.278,273.558,278.066,38.849,-4.339,-3.452,-0.887,273.558,288.483,258.633
2026-09-16,268.07,268.47,263.43,265.61,1194500,265.942,272.697,277.992,37.306,-4.303,-3.622,-0.681,272.697,287.354,258.04
2026-09-17,268.9,268.91,263.82,265.79,1027100,266.402,271.866,278.04,37.687,-4.211,-3.74,-0.471,271.866,286.081,257.65
2026-09-18,265.88,268.52,264.7,267.68,2094100,266.652,271.204,278.118,41.69,-3.94,-3.78,-0.16,271.204,284.866,257.541
2026-09-21,268.23,268.91,265.12,265.8,1637600,266.35,270.47,278.092,39.006,-3.833,-3.79,-0.042,270.47,283.602,257.338
2026-09-22,268.22,268.92,266.07,268.73,922200,266.722,269.8,278.072,44.954,-3.471,-3.727,0.255,269.8,281.743,257.858
2026-09-23,267.89,272.81,267.89,271.66,1676100,267.932,269.392,278.094,50.185,-2.915,-3.564,0.649,269.392,280.411,258.372
2026-09-24,270.84,272.37,268.64,270.25,1338000,268.824,268.72,278.106,47.829,-2.558,-3.363,0.805,268.72,277.483,259.958
2026-09-25,270.98,274.61,269.97,272.55,1007300,269.798,268.355,277.934,51.804,-2.066,-3.104,1.037,268.355,275.647,261.063
2026-09-28,271.58,273.55,270.16,272.07,813600,271.052,268.044,277.89,50.932,-1.696,-2.822,1.127,268.044,273.947,262.14
2026-09-29,270.17,272.67,264.29,265.35,2304300,270.376,267.631,277.798,40.622,-1.922,-2.642,0.72,267.631,273.031,262.231
2026-09-30,265.65,266.88,257.23,257.28,2766300,267.5,267.088,277.539,32.194,-2.721,-2.658,-0.063,267.088,274.189,259.987
2026-10-01,256.63,261.56,255.69,260.84,1574600,265.618,266.762,277.313,38.278,-3.032,-2.733,-0.299,266.762,274.389,259.135
2026-10-02,263.11,264.41,261.52,262.92,1141000,263.692,266.413,277.068,41.576,-3.075,-2.801,-0.274,266.413,274.075,258.751
2026-10-05,261.91,265.94,258.46,264.19,1176700,262.116,266.203,276.728,43.559,-2.973,-2.836,-0.137,266.203,273.868,258.539
