Date,Open,High,Low,Close,Volume,SMA5,SMA20,SMA50,RSI,MACD,MACD_signal,MACD_hist,BB_mid,BB_upper,BB_lower
2021-09-09,12.21,12.38,12.14,12.19,12913300,,,,,0.0,0.0,0.0,,,
2021-09-10,12.32,12.34,12.12,12.19,9019800,,,,,0.0,0.0,0.0,,,
2021-09-13,12.28,12.44,12.24,12.32,14852300,,,,,0.01,0.002,0.008,,,
2021-09-14,12.37,12.4,12.15,12.22,11516500,,,,,0.01,0.004,0.007,,,
2021-09-15,12.29,12.57,12.28,12.5,24200900,12.284,,,,0.033,0.01,0.023,,,
2021-09-16,12.51,12.54,12.29,12.33,12935100,12.312,,,,0.036,0.015,0.021,,,
2021-09-17,12.31,12.44,12.14,12.18,28647700,12.31,,,,0.026,0.017,0.009,,,
2021-09-20,11.95,12.07,11.8,11.96,16208400,12.238,,,,0.001,0.014,-0.013,,,
2021-09-21,12.09,12.17,11.94,12.04,12209800,12.202,,,,-0.012,0.009,-0.021,,,
2021-09-22,12.18,12.43,12.18,12.31,13006300,12.164,,,,-0.001,0.007,-0.008,,,
2021-09-23,12.36,12.66,12.32,12.58,13033400,12.214,,,,0.029,0.011,0.018,,,
2021-09-24,12.57,12.7,12.55,12.61,9884000,12.3,,,,0.055,0.02,0.035,,,
2021-09-27,12.82,13.07,12.78,12.96,15651000,12.5,,,,0.102,0.036,0.066,,,
2021-09-28,13.06,13.13,12.83,12.89,16098400,12.67,,,,0.133,0.056,0.077,,,
2021-09-29,12.96,13.02,12.84,12.91,11102700,12.79,,,70.294,0.156,0.076,0.081,,,
2021-09-30,12.96,12.97,12.76,12.77,16132100,12.828,,,63.377,0.162,0.093,0.069,,,
2021-10-01,12.8,12.95,12.73,12.9,12603100,12.886,,,66.658,0.175,0.109,0.066,,,
2021-10-04,13.0,13.16,12.86,12.93,28345800,12.88,,,67.384,0.186,0.125,0.061,,,
2021-10-05,13.06,13.08,12.8,12.91,22492000,12.884,,,66.347,0.191,0.138,0.053,,,
2021-10-06,12.8,12.9,12.61,12.77,17447500,12.856,12.524,,59.448,0.181,0.147,0.034,12.524,13.2,11.847
2021-10-07,12.82,13.01,12.8,12.93,14639500,12.888,12.561,,64.049,0.184,0.154,0.03,12.561,13.241,11.88
2021-10-08,13.03,13.38,13.03,13.33,12994400,12.974,12.618,,72.461,0.216,0.166,0.05,12.618,13.356,11.879
2021-10-11,13.55,13.73,13.45,13.54,17229500,13.096,12.679,,75.679,0.256,0.184,0.071,12.679,13.509,11.848
2021-10-12,13.51,13.78,13.47,13.69,17350900,13.252,12.752,,77.685,0.296,0.207,0.089,12.752,13.667,11.837
2021-10-13,13.57,13.78,13.41,13.71,16035500,13.44,12.812,,77.946,0.325,0.23,0.095,12.812,13.814,11.811
2021-10-14,14.02,14.05,13.86,14.02,17889600,13.658,12.897,,81.55,0.37,0.258,0.111,12.897,14.006,11.788
2021-10-15,14.07,14.2,14.03,14.09,12252900,13.81,12.992,,82.255,0.406,0.288,0.118,12.992,14.169,11.816
2021-10-18,14.16,14.31,14.0,14.09,15540100,13.92,13.099,,82.255,0.429,0.316,0.113,13.099,14.267,11.931
2021-10-19,14.16,14.2,13.99,14.08,10023700,13.998,13.201,,81.737,0.442,0.341,0.101,13.201,14.336,12.066
2021-10-20,14.01,14.25,13.94,14.23,12329300,14.102,13.297,,83.422,0.459,0.365,0.094,13.297,14.439,12.155
2021-10-21,13.94,14.0,13.21,13.38,38532600,13.974,13.337,,53.37,0.399,0.372,0.028,13.337,14.428,12.246
2021-10-22,13.42,13.51,13.27,13.48,16390100,13.852,13.381,,55.406,0.356,0.368,-0.013,13.381,14.418,12.343
2021-10-25,13.59,13.64,13.51,13.62,13196900,13.758,13.414,,58.159,0.329,0.36,-0.032,13.414,14.436,12.391
2021-10-26,13.7,13.72,13.43,13.44,12678000,13.63,13.441,,53.579,0.29,0.346,-0.057,13.441,14.434,12.448
2021-10-27,13.39,13.44,13.15,13.2,14482500,13.424,13.456,,48.135,0.237,0.324,-0.088,13.456,14.424,12.487
2021-10-28,13.16,13.27,13.12,13.24,10013000,13.396,13.479,,49.064,0.195,0.299,-0.103,13.479,14.399,12.559
2021-10-29,13.22,13.29,12.97,12.98,16240200,13.296,13.483,,43.598,0.14,0.267,-0.127,13.483,14.393,12.573
2021-11-01,13.06,13.25,12.95,13.22,14605300,13.216,13.497,,49.221,0.115,0.236,-0.122,13.497,14.379,12.616
2021-11-02,13.18,13.24,13.02,13.15,12928200,13.158,13.51,,47.727,0.088,0.207,-0.119,13.51,14.364,12.655
2021-11-03,13.03,13.15,13.01,13.06,10905200,13.13,13.524,,45.801,0.058,0.177,-0.119,13.524,14.334,12.714
2021-11-04,13.18,13.18,12.84,12.98,9417900,13.078,13.527,,44.098,0.028,0.147,-0.119,13.527,14.329,12.724
2021-11-05,13.15,13.18,13.01,13.14,10521700,13.11,13.517,,48.243,0.017,0.121,-0.104,13.517,14.334,12.7
2021-11-08,13.22,13.23,13.01,13.05,10733700,13.076,13.493,,46.169,0.001,0.097,-0.096,13.493,14.335,12.65
2021-11-09,13.06,13.09,12.88,13.04,11564500,13.054,13.46,,45.933,-0.012,0.075,-0.088,13.46,14.321,12.599
2021-11-10,13.05,13.16,12.87,12.94,13330600,13.03,13.422,,43.534,-0.031,0.054,-0.085,13.422,14.304,12.539
2021-11-11,12.98,13.03,12.91,13.01,10591900,13.036,13.371,,45.673,-0.039,0.035,-0.075,13.371,14.224,12.518
2021-11-12,12.96,13.01,12.88,12.93,8978800,12.994,13.313,,43.638,-0.052,0.018,-0.07,13.313,14.116,12.51
2021-11-15,12.97,13.18,12.89,13.07,11563200,12.998,13.262,,48.004,-0.05,0.004,-0.054,13.262,13.983,12.541
2021-11-16,13.07,13.12,12.87,12.91,11106200,12.972,13.204,,43.826,-0.06,-0.009,-0.052,13.204,13.829,12.578
2021-11-17,12.87,13.0,12.75,12.8,11004000,12.944,13.132,13.016,41.173,-0.077,-0.022,-0.055,13.132,13.558,12.706
2021-11-18,12.77,12.85,12.59,12.62,13240000,12.866,13.094,13.025,37.204,-0.103,-0.038,-0.065,13.094,13.561,12.627
2021-11-19,12.47,12.63,12.42,12.53,16180600,12.786,13.046,13.032,35.368,-0.13,-0.057,-0.073,13.046,13.54,12.553
2021-11-22,12.47,12.68,12.46,12.49,12851700,12.67,12.99,13.035,34.552,-0.153,-0.076,-0.077,12.99,13.466,12.514
2021-11-23,12.6,12.73,12.56,12.66,11974700,12.62,12.951,13.044,40.803,-0.155,-0.092,-0.063,12.951,13.398,12.504
2021-11-24,12.63,12.86,12.63,12.8,11084300,12.62,12.931,13.05,45.426,-0.144,-0.102,-0.042,12.931,13.367,12.495
2021-11-26,12.4,12.68,12.32,12.6,13436000,12.616,12.899,13.055,40.554,-0.15,-0.112,-0.038,12.899,13.334,12.464
2021-11-29,12.73,12.77,12.4,12.41,19727400,12.592,12.87,13.06,36.544,-0.167,-0.123,-0.045,12.87,13.355,12.386
2021-11-30,12.25,12.29,11.98,11.98,49730600,12.49,12.808,13.06,29.447,-0.214,-0.141,-0.073,12.808,13.408,12.209
2021-12-01,12.24,12.47,11.83,11.84,21178700,12.326,12.743,13.056,27.569,-0.259,-0.165,-0.094,12.743,13.46,12.026
2021-12-02,11.91,12.23,11.85,12.19,18447700,12.204,12.7,13.054,38.18,-0.263,-0.184,-0.079,12.7,13.441,11.958
2021-12-03,12.3,12.3,12.0,12.08,15877900,12.1,12.654,13.044,36.376,-0.273,-0.202,-0.071,12.654,13.433,11.876
2021-12-06,12.21,12.38,12.12,12.23,17140300,12.064,12.609,13.036,40.504,-0.265,-0.215,-0.05,12.609,13.374,11.844
2021-12-07,12.4,12.66,12.33,12.58,18053600,12.184,12.586,13.029,48.843,-0.228,-0.217,-0.011,12.586,13.322,11.849
2021-12-08,12.62,12.7,12.56,12.59,12641100,12.334,12.563,13.023,49.063,-0.195,-0.213,0.017,12.563,13.267,11.859
2021-12-09,12.47,12.53,12.35,12.41,12279700,12.378,12.536,13.013,45.293,-0.182,-0.207,0.025,12.536,13.221,11.852
2021-12-10,12.46,12.53,12.35,12.53,14612900,12.468,12.512,13.008,48.153,-0.16,-0.197,0.037,12.512,13.16,11.865
2021-12-13,12.51,12.56,12.25,12.35,14239200,12.492,12.484,12.997,44.403,-0.155,-0.189,0.034,12.484,13.103,11.864
2021-12-14,12.31,12.52,12.22,12.26,17463300,12.428,12.443,12.984,42.616,-0.157,-0.183,0.026,12.443,13.004,11.882
2021-12-15,12.26,12.39,12.04,12.3,14890800,12.37,12.412,12.971,43.7,-0.153,-0.177,0.023,12.412,12.932,11.893
2021-12-16,12.43,12.51,12.27,12.29,20628300,12.346,12.387,12.962,43.479,-0.15,-0.171,0.022,12.387,12.875,11.899
2021-12-17,12.29,12.3,12.0,12.09,35135200,12.258,12.36,12.945,39.204,-0.161,-0.169,0.008,12.36,12.853,11.868
2021-12-20,11.87,11.89,11.63,11.81,20204400,12.15,12.324,12.915,34.142,-0.19,-0.173,-0.017,12.324,12.868,11.781
2021-12-21,11.93,12.24,11.91,12.14,14472500,12.126,12.307,12.887,43.415,-0.185,-0.176,-0.009,12.307,12.85,11.764
2021-12-22,12.04,12.12,11.91,12.07,18393100,12.08,12.278,12.854,42.062,-0.184,-0.177,-0.007,12.278,12.804,11.751
2021-12-23,12.15,12.22,12.08,12.12,8153600,12.046,12.244,12.822,43.418,-0.177,-0.177,0.0,12.244,12.712,11.775
2021-12-27,12.08,12.27,12.01,12.26,10244100,12.08,12.226,12.787,47.149,-0.159,-0.173,0.015,12.226,12.665,11.788
2021-12-28,12.26,12.39,12.2,12.29,8981400,12.176,12.22,12.751,47.941,-0.14,-0.167,0.027,12.22,12.651,11.79
2021-12-29,12.29,12.36,12.21,12.27,8978500,12.202,12.235,12.715,47.43,-0.125,-0.158,0.033,12.235,12.651,11.819
2021-12-30,12.27,12.39,12.23,12.25,10617600,12.238,12.256,12.678,46.893,-0.114,-0.15,0.036,12.256,12.628,11.883
2021-12-31,12.21,12.35,12.21,12.29,8280900,12.272,12.26,12.639,48.158,-0.101,-0.14,0.039,12.26,12.632,11.889
2022-01-03,12.36,12.68,12.32,12.67,14468600,12.354,12.29,12.625,58.32,-0.059,-0.124,0.065,12.29,12.693,11.887
2022-01-04,12.8,13.01,12.72,12.85,16821400,12.466,12.321,12.613,62.109,-0.011,-0.101,0.09,12.321,12.794,11.848
2022-01-05,13.06,13.23,12.89,12.92,20913100,12.596,12.338,12.599,63.499,0.032,-0.074,0.107,12.338,12.871,11.805
2022-01-06,13.17,13.23,12.95,13.19,13691100,12.784,12.368,12.594,68.324,0.087,-0.042,0.129,12.368,13.016,11.72
2022-01-07,13.18,13.42,13.15,13.39,17813800,13.004,12.417,12.597,71.346,0.145,-0.005,0.15,12.417,13.21,11.624
2022-01-10,13.47,13.52,13.25,13.51,18460800,13.172,12.466,12.603,73.01,0.199,0.036,0.163,12.466,13.397,11.535
2022-01-11,13.57,13.67,13.39,13.65,16391800,13.332,12.531,12.616,74.845,0.25,0.079,0.171,12.531,13.6,11.462
2022-01-12,13.73,13.77,13.54,13.68,16120300,13.484,12.602,12.625,75.233,0.289,0.121,0.168,12.602,13.778,11.426
2022-01-13,13.68,13.83,13.56,13.62,14816500,13.57,12.668,12.635,72.811,0.312,0.159,0.153,12.668,13.919,11.417
2022-01-14,13.62,13.87,13.62,13.87,13888300,13.666,12.747,12.651,76.243,0.346,0.196,0.149,12.747,14.093,11.401
2022-01-18,13.84,13.94,13.55,13.72,21260600,13.708,12.828,12.666,70.493,0.357,0.228,0.128,12.828,14.204,11.453
2022-01-19,13.84,13.84,13.43,13.51,16247700,13.68,12.914,12.673,63.295,0.344,0.252,0.093,12.914,14.233,11.594
2022-01-20,13.69,13.88,13.48,13.51,17785400,13.646,12.982,12.682,63.295,0.331,0.267,0.063,12.982,14.274,11.69
2022-01-21,13.49,13.61,13.36,13.46,20471800,13.614,13.052,12.691,61.56,0.312,0.276,0.036,13.052,14.286,11.817
2022-01-24,13.25,13.45,12.92,13.42,24843800,13.524,13.116,12.7,60.139,0.291,0.279,0.012,13.116,14.279,11.954
2022-01-25,13.32,13.63,13.09,13.56,18664900,13.492,13.182,12.711,63.329,0.283,0.28,0.003,13.182,14.286,12.077
2022-01-26,13.72,14.11,13.44,13.58,25755700,13.506,13.246,12.724,63.775,0.274,0.279,-0.005,13.246,14.28,12.212
2022-01-27,13.84,13.86,13.35,13.55,20238700,13.514,13.31,12.734,62.546,0.262,0.275,-0.014,13.31,14.243,12.377
2022-01-28,13.54,13.59,13.27,13.54,17329900,13.53,13.375,12.747,62.116,0.249,0.27,-0.021,13.375,14.167,12.582
2022-01-31,13.49,13.71,13.38,13.67,20557400,13.58,13.444,12.764,65.44,0.246,0.265,-0.019,13.444,14.059,12.828
2022-02-01,13.6,13.79,13.55,13.71,17462200,13.61,13.495,12.786,66.416,0.244,0.261,-0.017,13.495,14.002,12.989
2022-02-02,13.67,13.81,13.62,13.71,20179100,13.636,13.539,12.809,66.416,0.24,0.257,-0.017,13.539,13.951,13.126
2022-02-03,13.75,13.75,13.5,13.6,14274000,13.646,13.572,12.832,60.927,0.225,0.25,-0.026,13.572,13.865,13.28
2022-02-04,13.69,13.78,13.54,13.66,13936000,13.67,13.596,12.852,62.736,0.215,0.243,-0.028,13.596,13.829,13.363
2022-02-07,13.71,13.88,13.62,13.75,16589600,13.686,13.614,12.871,65.329,0.213,0.237,-0.024,13.614,13.835,13.393
2022-02-08,13.75,13.78,13.54,13.61,16452300,13.666,13.619,12.891,58.508,0.197,0.229,-0.032,13.619,13.835,13.403
2022-02-09,13.65,13.88,13.62,13.67,16669200,13.658,13.62,12.916,60.416,0.187,0.221,-0.033,13.62,13.836,13.404
2022-02-10,13.63,13.82,13.47,13.54,15617000,13.646,13.613,12.947,54.563,0.167,0.21,-0.043,13.613,13.83,13.396
2022-02-11,13.58,13.83,13.56,13.81,19778700,13.676,13.622,12.987,62.655,0.171,0.202,-0.031,13.622,13.857,13.388
2022-02-14,13.78,13.81,13.46,13.53,15312600,13.632,13.606,13.013,52.26,0.15,0.192,-0.042,13.606,13.812,13.399
2022-02-15,13.51,13.52,13.33,13.39,16478300,13.588,13.589,13.04,47.975,0.12,0.178,-0.057,13.589,13.809,13.369
2022-02-16,13.45,13.61,13.42,13.49,16583700,13.552,13.588,13.065,51.062,0.104,0.163,-0.059,13.588,13.81,13.366
2022-02-17,13.46,13.52,13.12,13.19,16203900,13.482,13.572,13.077,42.848,0.066,0.143,-0.078,13.572,13.855,13.289
2022-02-18,13.19,13.24,12.96,13.07,16568100,13.334,13.552,13.087,40.071,0.026,0.12,-0.094,13.552,13.912,13.193
2022-02-22,13.3,13.33,12.6,13.02,17727600,13.232,13.533,13.099,38.938,-0.01,0.094,-0.104,13.533,13.961,13.104
2022-02-23,13.07,13.28,13.01,13.2,16006900,13.194,13.515,13.112,44.968,-0.024,0.07,-0.094,13.515,13.967,13.062
2022-02-24,13.31,13.33,12.84,13.12,20111400,13.12,13.491,13.128,42.938,-0.04,0.048,-0.089,13.491,13.976,13.007
2022-02-25,13.19,13.5,13.14,13.44,13520500,13.17,13.486,13.151,52.225,-0.027,0.033,-0.061,13.486,13.97,13.002
2022-02-28,13.32,13.74,13.28,13.7,32447200,13.296,13.494,13.179,58.181,0.004,0.027,-0.024,13.494,13.987,13.001
2022-03-01,13.75,13.86,13.64,13.85,21271300,13.462,13.503,13.21,61.187,0.04,0.03,0.01,13.503,14.016,12.99
2022-03-02,13.97,14.36,13.89,14.28,20672000,13.678,13.532,13.254,68.236,0.102,0.044,0.058,13.532,14.146,12.917
2022-03-03,14.28,14.55,14.25,14.48,21207700,13.95,13.57,13.308,70.884,0.166,0.069,0.097,13.57,14.314,12.826
2022-03-04,14.41,14.86,14.38,14.83,26274700,14.228,13.631,13.361,74.838,0.242,0.103,0.139,13.631,14.565,12.698
2022-03-07,14.88,15.08,14.63,14.74,24457400,14.436,13.686,13.415,72.126,0.291,0.141,0.15,13.686,14.743,12.628
2022-03-08,14.98,15.06,14.56,14.7,31746300,14.606,13.733,13.466,70.896,0.324,0.177,0.146,13.733,14.884,12.582
2022-03-09,14.57,14.68,14.29,14.43,20929200,14.636,13.774,13.51,63.077,0.324,0.207,0.117,13.774,14.964,12.584
2022-03-10,14.47,14.66,14.4,14.6,16266800,14.66,13.82,13.556,65.646,0.334,0.232,0.102,13.82,15.065,12.576
2022-03-11,14.51,14.7,14.25,14.25,13600400,14.544,13.856,13.596,56.873,0.31,0.248,0.062,13.856,15.107,12.605
2022-03-14,14.09,14.16,13.67,13.81,17419600,14.358,13.856,13.627,48.159,0.252,0.249,0.004,13.856,15.107,12.605
2022-03-15,13.55,13.71,13.31,13.64,18837700,14.146,13.862,13.654,45.273,0.191,0.237,-0.046,13.862,15.108,12.615
2022-03-16,13.54,13.77,13.44,13.58,16968800,13.976,13.871,13.672,44.265,0.136,0.217,-0.081,13.871,15.105,12.637
2022-03-17,13.72,13.93,13.67,13.82,15843000,13.82,13.888,13.691,49.144,0.11,0.195,-0.085,13.888,15.109,12.666
2022-03-18,13.78,13.93,13.64,13.67,36752800,13.704,13.912,13.706,46.409,0.077,0.172,-0.095,13.912,15.093,12.73
2022-03-21,13.87,14.3,13.86,14.23,21638700,13.788,13.97,13.727,56.206,0.095,0.156,-0.062,13.97,15.09,12.849
2022-03-22,14.16,14.2,13.98,14.12,16077500,13.884,14.024,13.742,54.114,0.099,0.145,-0.046,14.024,15.053,12.996
2022-03-23,14.23,14.37,14.15,14.26,11356800,14.02,14.078,13.757,56.342,0.112,0.138,-0.026,14.078,15.034,13.121
2022-03-24,14.35,14.49,14.32,14.41,11084300,14.138,14.142,13.772,58.658,0.133,0.137,-0.004,14.142,14.994,13.29
2022-03-25,14.45,15.01,14.42,15.01,25135600,14.406,14.22,13.799,66.348,0.196,0.149,0.047,14.22,15.09,13.351
2022-03-28,14.75,14.91,14.63,14.76,17476000,14.512,14.274,13.821,61.237,0.223,0.164,0.059,14.274,15.138,13.409
2022-03-29,14.58,14.9,14.47,14.87,16150300,14.662,14.324,13.841,62.602,0.25,0.181,0.069,14.324,15.204,13.445
2022-03-30,14.96,15.03,14.82,15.03,16371800,14.816,14.362,13.868,64.557,0.282,0.201,0.081,14.362,15.296,13.428
2022-03-31,14.94,15.16,14.86,14.89,24632800,14.912,14.382,13.895,61.526,0.292,0.219,0.073,14.382,15.345,13.42
2022-04-01,14.98,15.14,14.93,15.13,13050300,14.936,14.397,13.928,64.595,0.316,0.239,0.077,14.397,15.398,13.397
2022-04-04,15.19,15.23,15.02,15.19,14567600,15.022,14.42,13.962,65.34,0.336,0.258,0.078,14.42,15.472,13.368
2022-04-05,15.15,15.27,14.86,14.89,14705000,15.026,14.43,13.992,58.695,0.323,0.271,0.052,14.43,15.495,13.364
2022-04-06,14.96,15.06,14.82,14.97,11572300,15.014,14.456,14.02,59.867,0.317,0.28,0.036,14.456,15.55,13.363
2022-04-07,15.03,15.2,14.8,15.17,15725500,15.07,14.485,14.052,62.715,0.324,0.289,0.035,14.485,15.623,13.347
2022-04-08,15.23,15.42,15.17,15.34,14735600,15.112,14.539,14.087,64.99,0.339,0.299,0.04,14.539,15.733,13.346
2022-04-11,15.2,15.3,15.03,15.16,16475000,15.106,14.607,14.12,60.763,0.333,0.306,0.027,14.607,15.779,13.435
2022-04-12,15.23,15.29,15.04,15.07,13069900,15.142,14.678,14.148,58.707,0.317,0.308,0.009,14.678,15.774,13.583
2022-04-13,15.15,15.28,14.98,15.19,9946400,15.186,14.759,14.177,60.62,0.31,0.308,0.002,14.759,15.746,13.772
2022-04-14,15.18,15.37,15.13,15.25,9248700,15.202,14.83,14.208,61.579,0.307,0.308,-0.001,14.83,15.735,13.926
2022-04-18,15.3,15.47,15.23,15.39,10259500,15.212,14.916,14.244,63.793,0.311,0.309,0.003,14.916,15.671,14.162
2022-04-19,15.35,15.54,15.29,15.43,11581300,15.266,14.976,14.279,64.424,0.315,0.31,0.005,14.976,15.691,14.262
2022-04-20,15.51,15.72,15.38,15.56,15441600,15.364,15.048,14.316,66.47,0.324,0.313,0.011,15.048,15.685,14.412
2022-04-21,15.74,15.89,15.51,15.58,21326000,15.442,15.114,14.355,66.786,0.329,0.316,0.013,15.114,15.676,14.553
2022-04-22,15.48,15.52,15.07,15.08,17732600,15.408,15.148,14.383,53.258,0.29,0.311,-0.021,15.148,15.603,14.693
2022-04-25,14.82,14.84,14.2,14.65,24569900,15.26,15.13,14.405,44.845,0.221,0.293,-0.072,15.13,15.634,14.626
2022-04-26,14.71,14.86,14.5,14.52,20358100,15.078,15.118,14.42,42.651,0.155,0.265,-0.111,15.118,15.668,14.568
2022-04-27,14.52,14.63,14.37,14.49,19156000,14.864,15.099,14.439,42.139,0.098,0.232,-0.134,15.099,15.708,14.49
2022-04-28,14.65,14.89,14.43,14.81,16424200,14.71,15.088,14.467,49.154,0.079,0.201,-0.123,15.088,15.71,14.466
2022-04-29,14.73,14.86,14.46,14.5,25794000,14.594,15.068,14.487,43.635,0.037,0.168,-0.131,15.068,15.739,14.398
2022-05-02,14.46,14.65,14.26,14.53,20941500,14.57,15.039,14.514,44.287,0.007,0.136,-0.129,15.039,15.75,14.327
2022-05-03,14.54,15.05,14.54,14.93,15564300,14.652,15.026,14.551,52.222,0.015,0.112,-0.097,15.026,15.735,14.316
2022-05-04,15.09,15.46,15.0,15.41,16076100,14.836,15.051,14.599,59.649,0.06,0.102,-0.042,15.051,15.778,14.325
2022-05-05,15.42,15.44,14.9,15.06,17443400,14.886,15.056,14.636,53.16,0.066,0.094,-0.028,15.056,15.782,14.33
2022-05-06,15.19,15.45,14.9,15.42,18627700,15.07,15.068,14.682,58.197,0.099,0.095,0.004,15.068,15.811,14.326
2022-05-09,15.18,15.25,14.79,14.86,20457900,15.136,15.045,14.711,49.313,0.079,0.092,-0.013,15.045,15.781,14.308
2022-05-10,15.0,15.17,14.57,14.8,18484100,15.11,15.026,14.733,48.46,0.058,0.085,-0.028,15.026,15.769,14.284
2022-05-11,14.93,15.22,14.76,14.8,18117100,14.988,15.013,14.752,48.46,0.04,0.076,-0.036,15.013,15.762,14.264
2022-05-12,14.81,14.86,14.51,14.73,22679100,14.922,14.99,14.761,47.351,0.02,0.065,-0.045,14.99,15.744,14.236
2022-05-13,14.86,15.07,14.78,14.97,19950300,14.832,14.976,14.771,51.453,0.024,0.057,-0.033,14.976,15.72,14.232
2022-05-16,15.09,15.58,15.07,15.49,19095300,14.958,14.981,14.784,58.921,0.068,0.059,0.009,14.981,15.738,14.224
2022-05-17,15.63,15.81,15.56,15.77,18226400,15.152,14.998,14.804,62.285,0.124,0.072,0.052,14.998,15.81,14.186
2022-05-18,15.85,15.89,15.26,15.42,14126700,15.276,14.991,14.819,56.1,0.138,0.085,0.053,14.991,15.785,14.197
2022-05-19,15.16,15.37,15.09,15.2,16000100,15.37,14.972,14.834,52.567,0.131,0.094,0.036,14.972,15.724,14.22
2022-05-20,15.3,15.37,14.92,15.21,17046200,15.418,14.978,14.846,52.713,0.124,0.1,0.024,14.978,15.737,14.22
2022-05-23,15.33,15.45,15.18,15.31,12595000,15.382,15.012,14.868,54.228,0.125,0.105,0.02,15.012,15.767,14.256
2022-05-24,15.18,15.39,14.89,15.29,15348700,15.286,15.05,14.897,53.856,0.123,0.109,0.014,15.05,15.778,14.322
2022-05-25,15.41,15.53,15.31,15.49,20050900,15.3,15.1,14.934,57.028,0.136,0.114,0.022,15.1,15.803,14.397
2022-05-26,15.6,15.73,15.57,15.68,13017900,15.396,15.144,14.976,59.851,0.16,0.123,0.036,15.144,15.878,14.409
2022-05-27,15.63,16.0,15.59,15.93,14677300,15.54,15.215,15.018,63.271,0.197,0.138,0.059,15.215,15.964,14.466
2022-05-31,15.97,16.11,15.65,15.73,42883200,15.624,15.275,15.06,58.945,0.207,0.152,0.055,15.275,15.984,14.566
2022-06-01,15.81,16.09,15.71,16.0,13331900,15.766,15.328,15.095,62.657,0.235,0.168,0.066,15.328,16.088,14.569
2022-06-02,15.93,15.97,15.71,15.95,9554500,15.858,15.356,15.132,61.547,0.25,0.185,0.065,15.356,16.164,14.547
2022-06-03,15.97,16.04,15.84,15.93,8446800,15.908,15.399,15.165,61.081,0.257,0.199,0.058,15.399,16.233,14.565
2022-06-06,16.01,16.06,15.78,15.81,10090000,15.884,15.418,15.193,58.232,0.25,0.209,0.041,15.418,16.273,14.564
2022-06-07,15.8,16.12,15.73,16.09,12150700,15.956,15.48,15.215,62.614,0.264,0.22,0.044,15.48,16.342,14.618
2022-06-08,16.14,16.14,15.76,15.87,10338900,15.93,15.534,15.237,57.509,0.255,0.227,0.027,15.534,16.35,14.717
2022-06-09,15.77,15.81,15.4,15.41,14030600,15.822,15.564,15.248,48.589,0.207,0.223,-0.016,15.564,16.307,14.821
2022-06-10,15.28,15.35,15.01,15.21,16190400,15.678,15.588,15.251,45.3,0.152,0.209,-0.057,15.588,16.243,14.933
2022-06-13,14.85,14.9,14.42,14.49,17236500,15.414,15.564,15.243,35.881,0.05,0.177,-0.127,15.564,16.339,14.789
2022-06-14,14.69,14.76,14.13,14.3,17069300,15.056,15.505,15.227,33.879,-0.046,0.133,-0.179,15.505,16.464,14.545
2022-06-15,14.36,14.46,13.82,14.06,18043600,14.694,15.419,15.204,31.489,-0.14,0.078,-0.218,15.419,16.566,14.272
2022-06-16,13.79,13.82,13.29,13.34,23048600,14.28,15.315,15.173,25.645,-0.269,0.009,-0.278,15.315,16.791,13.839
2022-06-17,13.26,13.33,12.61,12.82,44410500,13.802,15.196,15.13,22.41,-0.409,-0.075,-0.334,15.196,17.047,13.345
2022-06-21,13.07,13.42,12.97,13.3,19216500,13.564,15.1,15.093,31.055,-0.475,-0.155,-0.32,15.1,17.137,13.064
2022-06-22,12.89,13.27,12.83,13.06,18468700,13.316,14.988,15.047,29.298,-0.541,-0.232,-0.309,14.988,17.215,12.761
2022-06-23,13.14,13.18,12.77,12.98,17548700,13.1,14.873,15.003,28.714,-0.593,-0.304,-0.289,14.873,17.267,12.478
2022-06-24,13.14,13.34,13.01,13.17,17932100,13.066,14.756,14.965,32.169,-0.612,-0.366,-0.246,14.756,17.248,12.265
2022-06-27,13.29,13.55,13.27,13.45,14792800,13.192,14.645,14.931,37.014,-0.597,-0.412,-0.185,14.645,17.162,12.128
2022-06-28,13.74,13.95,13.62,13.74,14883700,13.28,14.535,14.9,41.661,-0.556,-0.441,-0.115,14.535,17.007,12.064
2022-06-29,13.92,13.98,13.46,13.52,12988700,13.372,14.425,14.863,39.293,-0.534,-0.46,-0.075,14.425,16.869,11.981
2022-06-30,13.27,13.56,13.23,13.39,19907800,13.454,14.294,14.822,37.921,-0.522,-0.472,-0.05,14.294,16.662,11.927
2022-07-01,13.46,13.62,13.18,13.57,15468400,13.534,14.176,14.782,40.993,-0.492,-0.476,-0.016,14.176,16.429,11.922
2022-07-05,13.3,13.36,12.86,13.25,19376300,13.494,14.042,14.736,37.445,-0.488,-0.479,-0.01,14.042,16.171,11.912
2022-07-06,13.18,13.3,12.72,13.07,19278400,13.36,13.904,14.696,35.58,-0.494,-0.482,-0.013,13.904,15.904,11.905
2022-07-07,13.3,13.57,13.26,13.5,15654400,13.356,13.775,14.673,42.898,-0.459,-0.477,0.018,13.775,15.494,12.056
2022-07-08,13.55,13.66,13.42,13.56,13124200,13.39,13.66,14.653,43.856,-0.422,-0.466,0.045,13.66,15.068,12.251
2022-07-11,13.45,13.55,13.2,13.47,12612900,13.37,13.562,14.633,42.699,-0.394,-0.452,0.057,13.562,14.706,12.419
2022-07-12,13.19,13.38,13.14,13.3,12813300,13.38,13.467,14.603,40.523,-0.382,-0.438,0.056,13.467,14.311,12.623
2022-07-13,13.14,13.42,13.14,13.26,10917700,13.418,13.406,14.578,40.006,-0.372,-0.425,0.053,13.406,14.102,12.709
2022-07-14,12.9,13.26,12.82,13.25,15673500,13.368,13.353,14.552,39.869,-0.36,-0.412,0.052,13.353,13.91,12.796
2022-07-15,13.45,13.51,13.22,13.39,10042700,13.334,13.32,14.522,42.818,-0.335,-0.396,0.061,13.32,13.767,12.872
2022-07-18,13.55,13.7,13.5,13.53,9692100,13.346,13.329,14.484,45.687,-0.301,-0.377,0.076,13.329,13.786,12.872
2022-07-19,13.58,13.85,13.55,13.83,12958500,13.452,13.38,14.459,51.322,-0.247,-0.351,0.104,13.38,13.823,12.936
2022-07-20,13.78,13.94,13.65,13.84,14958100,13.568,13.406,14.428,51.503,-0.201,-0.321,0.12,13.406,13.893,12.92
2022-07-21,13.4,14.14,13.39,14.11,22690600,13.74,13.459,14.413,56.226,-0.141,-0.285,0.144,13.459,14.011,12.907
2022-07-22,14.17,14.27,14.02,14.1,14104900,13.882,13.515,14.399,56.008,-0.093,-0.247,0.154,13.515,14.089,12.941
2022-07-25,14.26,14.41,14.14,14.4,13155300,14.056,13.577,14.391,60.896,-0.031,-0.204,0.173,13.577,14.25,12.903
2022-07-26,14.5,14.57,14.3,14.38,13926000,14.166,13.623,14.384,60.414,0.017,-0.159,0.176,13.623,14.382,12.864
2022-07-27,14.43,14.47,14.16,14.43,13757700,14.284,13.658,14.373,61.24,0.058,-0.116,0.174,13.658,14.498,12.817
2022-07-28,14.49,14.53,14.17,14.42,14659900,14.346,13.702,14.352,60.966,0.089,-0.075,0.164,13.702,14.606,12.799
2022-07-29,14.55,14.71,14.48,14.6,18976500,14.446,13.763,14.328,64.081,0.126,-0.035,0.161,13.763,14.737,12.789
2022-08-01,14.41,14.54,14.23,14.53,14157300,14.472,13.811,14.31,62.009,0.149,0.002,0.147,13.811,14.838,12.784
2022-08-02,14.54,14.61,14.31,14.47,22289100,14.49,13.872,14.296,60.211,0.16,0.033,0.126,13.872,14.904,12.84
2022-08-03,14.6,14.65,14.34,14.45,16431600,14.494,13.941,14.281,59.591,0.165,0.06,0.105,13.941,14.931,12.951
2022-08-04,14.41,14.42,14.02,14.04,14776100,14.418,13.968,14.255,48.553,0.134,0.075,0.06,13.968,14.936,13.0
2022-08-05,13.88,14.19,13.85,14.18,12123200,14.334,13.999,14.233,51.834,0.12,0.084,0.036,13.999,14.952,13.046
2022-08-08,14.19,14.44,14.19,14.35,12894300,14.298,14.043,14.21,55.541,0.121,0.091,0.03,14.043,14.974,13.112
2022-08-09,14.49,14.68,14.44,14.64,11684400,14.332,14.11,14.189,61.05,0.144,0.102,0.042,14.11,15.008,13.212
2022-08-10,14.74,14.81,14.59,14.72,10458200,14.386,14.183,14.165,62.432,0.166,0.114,0.051,14.183,15.026,13.34
2022-08-11,14.93,15.22,14.86,15.09,15805500,14.596,14.275,14.152,68.077,0.211,0.134,0.077,14.275,15.091,13.459
2022-08-12,15.08,15.18,15.0,15.17,11364000,14.794,14.364,14.136,69.156,0.251,0.157,0.093,14.364,15.161,13.567
2022-08-15,14.85,15.1,14.73,15.07,10788700,14.938,14.441,14.118,66.146,0.271,0.18,0.091,14.441,15.195,13.687
2022-08-16,15.15,15.26,15.1,15.14,10989900,15.038,14.506,14.102,67.222,0.289,0.202,0.087,14.506,15.265,13.748
2022-08-17,15.08,15.18,14.97,15.07,9371500,15.108,14.568,14.088,64.998,0.294,0.22,0.074,14.568,15.298,13.838
2022-08-18,15.18,15.38,15.17,15.36,12742000,15.162,14.631,14.073,69.499,0.318,0.24,0.078,14.631,15.408,13.853
2022-08-19,15.27,15.34,15.12,15.19,14168900,15.166,14.685,14.059,64.281,0.32,0.256,0.064,14.685,15.459,13.911
2022-08-22,15.15,15.21,14.96,15.06,13827700,15.164,14.718,14.052,60.537,0.307,0.266,0.041,14.718,15.497,13.939
2022-08-23,15.24,15.41,15.2,15.33,13019000,15.202,14.766,14.055,65.085,0.315,0.276,0.039,14.766,15.573,13.958
2022-08-24,15.34,15.61,15.29,15.58,13856100,15.304,14.823,14.077,68.684,0.338,0.288,0.05,14.823,15.691,13.955
2022-08-25,15.65,15.67,15.49,15.63,11863600,15.358,14.883,14.103,69.364,0.356,0.302,0.054,14.883,15.801,13.966
2022-08-26,15.69,15.69,15.36,15.41,13542000,15.402,14.924,14.13,62.892,0.348,0.311,0.037,14.924,15.86,13.988
2022-08-29,15.38,15.53,15.28,15.37,9039400,15.464,14.966,14.171,61.763,0.335,0.316,0.019,14.966,15.903,14.029
2022-08-30,15.21,15.21,14.95,15.0,13155600,15.398,14.993,14.214,52.398,0.291,0.311,-0.02,14.993,15.9,14.085
2022-08-31,14.78,15.05,14.65,14.87,17611000,15.256,15.014,14.246,49.554,0.243,0.297,-0.054,15.014,15.887,14.14
2022-09-01,14.75,14.83,14.51,14.75,15924300,15.08,15.049,14.28,47.018,0.194,0.277,-0.083,15.049,15.805,14.293
2022-09-02,15.01,15.05,14.7,14.79,15079400,14.956,15.08,14.316,47.974,0.156,0.252,-0.097,15.08,15.73,14.429
2022-09-06,14.95,15.01,14.41,14.42,19182200,14.766,15.083,14.341,40.666,0.094,0.221,-0.126,15.083,15.718,14.448
2022-09-07,14.24,14.51,14.17,14.49,13548500,14.664,15.076,14.362,42.452,0.051,0.187,-0.136,15.076,15.735,14.416
2022-09-08,14.61,14.64,14.41,14.63,18534600,14.616,15.071,14.379,45.956,0.028,0.155,-0.127,15.071,15.742,14.4
2022-09-09,14.79,14.92,14.74,14.86,13597000,14.638,15.06,14.406,51.212,0.027,0.13,-0.102,15.06,15.737,14.382
2022-09-12,15.01,15.23,14.97,15.21,15168100,14.722,15.062,14.443,57.919,0.055,0.115,-0.06,15.062,15.741,14.382
2022-09-13,15.01,15.14,14.67,14.75,20629200,14.788,15.046,14.466,48.485,0.039,0.099,-0.061,15.046,15.739,14.352
2022-09-14,14.85,15.12,14.83,15.04,19093600,14.898,15.04,14.502,53.614,0.049,0.089,-0.04,15.04,15.732,14.349
2022-09-15,14.88,15.07,14.8,14.88,17174000,14.948,15.031,14.538,50.62,0.044,0.08,-0.036,15.031,15.726,14.336
2022-09-16,14.79,14.79,14.36,14.49,34294100,14.874,14.988,14.558,44.147,0.008,0.066,-0.058,14.988,15.705,14.27
2022-09-19,14.2,14.66,14.2,14.65,16852300,14.762,14.96,14.58,47.133,-0.007,0.051,-0.058,14.96,15.686,14.235
2022-09-20,14.56,14.6,14.39,14.53,16565900,14.718,14.934,14.601,45.182,-0.029,0.035,-0.064,14.934,15.683,14.185
2022-09-21,14.71,14.75,14.21,14.22,20654000,14.554,14.878,14.619,40.515,-0.07,0.014,-0.084,14.878,15.667,14.09
2022-09-22,14.39,14.39,14.06,14.06,18220700,14.39,14.802,14.635,38.315,-0.114,-0.011,-0.103,14.802,15.599,14.006
2022-09-23,13.8,13.83,13.26,13.42,25533100,14.176,14.692,14.639,31.053,-0.199,-0.049,-0.15,14.692,15.61,13.774
2022-09-26,13.33,13.38,13.03,13.06,28333900,13.858,14.574,14.632,27.854,-0.291,-0.097,-0.194,14.574,15.686,13.463
2022-09-27,13.26,13.55,13.16,13.25,25387700,13.602,14.468,14.627,31.844,-0.345,-0.147,-0.198,14.468,15.662,13.275
2022-09-28,13.32,13.76,13.27,13.67,25192000,13.492,14.402,14.623,39.773,-0.35,-0.188,-0.163,14.402,15.619,13.185
2022-09-29,13.55,13.63,13.32,13.57,27649200,13.394,14.337,14.618,38.621,-0.358,-0.222,-0.136,14.337,15.587,13.087
2022-09-30,13.48,13.68,13.39,13.5,30537100,13.41,14.274,14.606,37.796,-0.366,-0.251,-0.115,14.274,15.562,12.987
2022-10-03,13.88,14.02,13.76,13.88,24702700,13.574,14.229,14.601,44.704,-0.337,-0.268,-0.069,14.229,15.504,12.954
2022-10-04,14.06,14.35,14.0,14.34,23806600,13.792,14.225,14.6,51.697,-0.275,-0.269,-0.005,14.225,15.498,12.952
2022-10-05,14.23,14.45,14.05,14.36,19590500,13.93,14.218,14.6,51.981,-0.221,-0.26,0.039,14.218,15.487,12.95
2022-10-06,14.28,14.45,14.09,14.11,19299100,14.038,14.192,14.593,48.165,-0.196,-0.247,0.051,14.192,15.447,12.938
2022-10-07,14.1,14.19,13.87,13.99,16677200,14.136,14.149,14.585,46.403,-0.184,-0.234,0.051,14.149,15.366,12.932
2022-10-10,14.04,14.27,13.83,13.85,16323800,14.13,14.081,14.57,44.365,-0.183,-0.224,0.041,14.081,15.196,12.966
2022-10-11,13.75,14.09,13.67,13.93,17703500,14.048,14.04,14.558,45.829,-0.174,-0.214,0.04,14.04,15.111,12.969
2022-10-12,13.82,13.94,13.69,13.84,14500800,13.944,13.98,14.545,44.413,-0.173,-0.206,0.033,13.98,14.944,13.016
2022-10-13,13.72,14.36,13.68,14.32,18393500,13.986,13.952,14.543,52.792,-0.131,-0.191,0.06,13.952,14.835,13.069
2022-10-14,14.26,14.41,13.93,13.95,17037800,13.978,13.925,14.541,46.921,-0.126,-0.178,0.051,13.925,14.771,13.079
2022-10-17,14.12,14.32,14.04,14.2,15066100,14.048,13.902,14.541,50.895,-0.102,-0.163,0.061,13.902,14.689,13.116
2022-10-18,14.37,14.57,14.2,14.42,19538400,14.146,13.897,14.543,54.148,-0.063,-0.143,0.08,13.897,14.666,13.128
2022-10-19,14.4,14.68,14.31,14.6,19257700,14.298,13.916,14.542,56.677,-0.018,-0.118,0.1,13.916,14.736,13.096
2022-10-20,14.07,14.35,13.76,13.89,40244300,14.212,13.907,14.525,45.919,-0.039,-0.102,0.063,13.907,14.725,13.09
2022-10-21,14.0,14.25,13.89,14.22,19630400,14.266,13.948,14.508,50.611,-0.029,-0.088,0.058,13.948,14.742,13.153
2022-10-24,14.27,14.36,13.97,14.02,21518200,14.23,13.995,14.485,47.899,-0.037,-0.077,0.041,13.995,14.672,13.319
2022-10-25,13.96,14.24,13.9,14.21,20557600,14.188,14.044,14.468,50.607,-0.027,-0.067,0.04,14.044,14.627,13.46
2022-10-26,14.3,14.49,14.03,14.39,22666000,14.146,14.08,14.453,53.095,-0.005,-0.055,0.05,14.08,14.655,13.504
2022-10-27,14.59,14.74,14.54,14.6,22928200,14.288,14.131,14.443,55.886,0.029,-0.038,0.067,14.131,14.699,13.563
2022-10-28,14.7,14.75,14.43,14.65,18455400,14.374,14.189,14.429,56.549,0.06,-0.018,0.078,14.189,14.719,13.658
2022-10-31,14.62,15.08,14.57,14.94,27183400,14.558,14.241,14.424,60.278,0.106,0.006,0.1,14.241,14.848,13.635
2022-11-01,15.04,15.12,14.93,15.04,18614800,14.724,14.276,14.424,61.505,0.149,0.035,0.114,14.276,14.98,13.573
2022-11-02,14.99,15.16,14.75,14.76,20188100,14.798,14.296,14.412,56.265,0.159,0.06,0.099,14.296,15.032,13.561
2022-11-03,14.63,14.94,14.6,14.87,16256700,14.852,14.334,14.398,57.786,0.173,0.082,0.091,14.334,15.107,13.562
2022-11-04,15.09,15.23,14.8,14.98,17824500,14.918,14.384,14.385,59.311,0.192,0.104,0.087,14.384,15.19,13.578
2022-11-07,15.04,15.16,14.95,15.04,14594400,14.938,14.444,14.378,60.156,0.208,0.125,0.083,14.444,15.259,13.628
2022-11-08,15.07,15.18,14.94,15.09,15520100,14.948,14.501,14.372,60.885,0.223,0.145,0.079,14.501,15.328,13.675
2022-11-09,14.99,15.04,14.48,14.49,15194200,14.894,14.534,14.362,49.24,0.184,0.153,0.032,14.534,15.3,13.768
2022-11-10,14.8,15.03,14.71,15.0,18505700,14.92,14.568,14.364,56.803,0.193,0.161,0.032,14.568,15.354,13.782
2022-11-11,15.18,15.49,15.09,15.41,17923100,15.006,14.641,14.378,61.739,0.23,0.174,0.055,14.641,15.456,13.826
2022-11-14,15.38,15.63,15.27,15.27,15362000,15.052,14.694,14.387,59.249,0.245,0.189,0.056,14.694,15.528,13.861
2022-11-15,15.45,15.51,15.29,15.38,14480900,15.11,14.743,14.406,60.594,0.263,0.203,0.059,14.743,15.619,13.866
2022-11-16,15.28,15.33,15.08,15.18,14532000,15.248,14.772,14.42,56.917,0.258,0.214,0.043,14.772,15.666,13.877
2022-11-17,15.0,15.09,14.84,15.08,12014500,15.264,14.831,14.429,55.116,0.243,0.22,0.023,14.831,15.632,14.03
2022-11-18,14.99,15.22,14.94,15.18,17351100,15.218,14.879,14.436,56.595,0.236,0.223,0.013,14.879,15.64,14.118
2022-11-21,15.04,15.08,14.71,15.07,12895400,15.178,14.932,14.433,54.469,0.22,0.223,-0.003,14.932,15.58,14.283
2022-11-22,15.27,15.55,15.18,15.43,14890700,15.188,14.992,14.446,59.793,0.233,0.225,0.009,14.992,15.582,14.403
2022-11-23,15.28,15.44,15.22,15.37,9669600,15.226,15.042,14.453,58.563,0.236,0.227,0.009,15.042,15.581,14.502
2022-11-25,15.41,15.48,15.32,15.36,5981400,15.282,15.08,14.463,58.348,0.235,0.229,0.006,15.08,15.594,14.565
2022-11-28,15.04,15.32,15.02,15.22,16709800,15.29,15.108,14.477,55.284,0.22,0.227,-0.007,15.108,15.584,14.632
2022-11-29,15.33,15.62,15.27,15.56,16437200,15.388,15.139,14.495,60.684,0.233,0.228,0.005,15.139,15.649,14.629
2022-11-30,15.65,15.78,15.47,15.76,41252500,15.454,15.175,14.52,63.478,0.257,0.234,0.023,15.175,15.753,14.597
2022-12-01,15.85,15.96,15.72,15.79,12570200,15.538,15.226,14.551,63.892,0.275,0.242,0.033,15.226,15.831,14.622
2022-12-02,15.66,15.75,15.57,15.66,9641200,15.598,15.266,14.583,60.679,0.275,0.249,0.027,15.266,15.876,14.656
2022-12-05,15.75,15.77,15.18,15.3,12111100,15.614,15.282,14.621,52.764,0.244,0.248,-0.004,15.282,15.877,14.687
2022-12-06,15.25,15.37,14.84,14.92,15801200,15.486,15.276,14.658,45.951,0.186,0.235,-0.049,15.276,15.884,14.668
2022-12-07,14.94,15.04,14.78,14.87,11408200,15.308,15.265,14.691,45.125,0.135,0.215,-0.081,15.265,15.894,14.636
2022-12-08,14.94,15.05,14.46,14.65,17701000,15.08,15.273,14.71,41.585,0.075,0.187,-0.112,15.273,15.864,14.682
2022-12-09,14.6,14.71,14.35,14.38,19193100,14.824,15.242,14.726,37.678,0.007,0.151,-0.145,15.242,15.947,14.537
2022-12-12,14.43,14.7,14.33,14.69,13062200,14.702,15.206,14.75,44.164,-0.023,0.116,-0.139,15.206,15.948,14.464
2022-12-13,14.91,15.08,14.83,15.01,16966700,14.72,15.193,14.773,49.955,-0.02,0.089,-0.109,15.193,15.939,14.447
2022-12-14,15.01,15.13,14.84,14.93,13930600,14.732,15.17,14.785,48.598,-0.024,0.067,-0.09,15.17,15.92,14.421
2022-12-15,14.8,14.88,14.57,14.8,11533300,14.762,15.151,14.793,46.393,-0.037,0.046,-0.083,15.151,15.919,14.384
2022-12-16,14.57,14.66,14.35,14.58,21209900,14.802,15.127,14.803,42.849,-0.064,0.024,-0.088,15.127,15.935,14.318
2022-12-19,14.64,14.71,14.33,14.43,13387100,14.75,15.089,14.812,40.573,-0.097,-0.0,-0.097,15.089,15.955,14.223
2022-12-20,14.46,14.6,14.39,14.52,11481900,14.652,15.062,14.825,42.545,-0.115,-0.023,-0.091,15.062,15.964,14.159
2022-12-21,14.7,14.83,14.61,14.74,10626000,14.614,15.027,14.841,47.16,-0.109,-0.04,-0.069,15.027,15.923,14.131
2022-12-22,14.68,14.72,14.34,14.62,13844700,14.578,14.99,14.857,45.035,-0.114,-0.055,-0.058,14.99,15.888,14.091
2022-12-23,14.71,14.95,14.7,14.95,9304100,14.652,14.969,14.869,51.506,-0.089,-0.062,-0.027,14.969,15.85,14.088
2022-12-27,15.01,15.12,14.91,15.05,8233000,14.776,14.961,14.891,53.3,-0.061,-0.062,0.001,14.961,15.835,14.086
2022-12-28,15.01,15.08,14.72,14.78,7938000,14.828,14.922,14.903,48.123,-0.06,-0.061,0.001,14.922,15.752,14.091
2022-12-29,14.77,15.04,14.74,14.96,7431000,14.872,14.881,14.914,51.505,-0.044,-0.058,0.014,14.881,15.613,14.15
2022-12-30,14.9,15.0,14.8,14.9,7385700,14.928,14.837,14.92,50.327,-0.036,-0.054,0.018,14.837,15.431,14.243
2023-01-03,14.84,14.99,14.72,14.85,10454000,14.908,14.796,14.939,49.315,-0.033,-0.049,0.016,14.796,15.247,14.346
2023-01-04,14.72,15.15,14.71,15.03,12069700,14.904,14.783,14.955,52.981,-0.016,-0.043,0.027,14.783,15.183,14.383
2023-01-05,14.94,15.04,14.85,15.01,8489500,14.95,14.788,14.975,52.526,-0.004,-0.035,0.031,14.788,15.196,14.379
2023-01-06,15.14,15.41,15.08,15.32,9086200,15.022,14.81,14.997,58.473,0.03,-0.022,0.052,14.81,15.283,14.337
2023-01-09,15.46,15.5,15.33,15.42,17355100,15.126,14.849,15.018,60.205,0.064,-0.005,0.069,14.849,15.387,14.31
2023-01-10,15.46,15.51,15.26,15.45,9544500,15.246,14.902,15.035,60.734,0.093,0.015,0.078,14.902,15.457,14.347
2023-01-11,15.56,15.58,15.32,15.48,13289300,15.336,14.942,15.051,61.288,0.116,0.035,0.081,14.942,15.543,14.34
2023-01-12,15.56,15.71,15.47,15.57,11067900,15.448,14.97,15.064,62.976,0.141,0.056,0.085,14.97,15.634,14.305
2023-01-13,15.56,15.6,15.41,15.54,8616900,15.492,15.0,15.074,62.006,0.156,0.076,0.08,15.0,15.711,14.289
2023-01-17,15.6,15.74,15.41,15.51,12372300,15.51,15.036,15.089,60.993,0.164,0.094,0.07,15.036,15.775,14.296
2023-01-18,15.55,15.6,15.08,15.13,19528200,15.446,15.063,15.094,49.882,0.138,0.102,0.035,15.063,15.771,14.355
2023-01-19,15.26,15.6,15.17,15.46,17379000,15.442,15.114,15.104,57.178,0.142,0.11,0.032,15.114,15.777,14.452
2023-01-20,15.51,15.54,15.33,15.37,15423700,15.402,15.157,15.11,54.833,0.136,0.116,0.021,15.157,15.766,14.548
2023-01-23,15.45,15.54,15.34,15.46,11451100,15.386,15.193,15.118,56.743,0.138,0.12,0.018,15.193,15.783,14.603
2023-01-24,15.46,15.58,15.15,15.31,13090100,15.346,15.227,15.134,52.74,0.125,0.121,0.004,15.227,15.754,14.701
2023-01-25,15.21,15.27,15.1,15.21,19135100,15.362,15.24,15.138,50.198,0.106,0.118,-0.012,15.24,15.75,14.731
2023-01-26,15.31,15.35,15.13,15.34,14299200,15.338,15.255,15.137,53.347,0.1,0.115,-0.014,15.255,15.758,14.752
2023-01-27,15.33,15.47,15.27,15.38,13120100,15.34,15.285,15.139,54.304,0.098,0.111,-0.013,15.285,15.738,14.832
2023-01-30,15.27,15.35,15.09,15.1,13284100,15.268,15.292,15.134,47.029,0.072,0.103,-0.031,15.292,15.728,14.856
2023-01-31,15.12,15.32,15.02,15.31,15757300,15.268,15.312,15.136,52.201,0.068,0.096,-0.028,15.312,15.708,14.917
2023-02-01,15.27,15.49,15.22,15.37,20314700,15.3,15.338,15.142,53.595,0.069,0.091,-0.022,15.338,15.669,15.008
2023-02-02,15.37,15.5,15.26,15.44,13324600,15.32,15.359,15.147,55.235,0.075,0.088,-0.013,15.359,15.658,15.06
2023-02-03,15.46,15.6,15.25,15.3,13963600,15.304,15.374,15.152,51.328,0.067,0.083,-0.017,15.374,15.626,15.121
2023-02-06,15.23,15.3,15.05,15.2,11850000,15.324,15.368,15.147,48.678,0.052,0.077,-0.025,15.368,15.631,15.104
2023-02-07,15.22,15.32,15.11,15.3,10086300,15.322,15.362,15.146,51.381,0.048,0.071,-0.023,15.362,15.625,15.098
2023-02-08,15.29,15.4,15.18,15.25,11770300,15.298,15.352,15.144,49.964,0.04,0.065,-0.025,15.352,15.616,15.087
2023-02-09,15.29,15.31,15.03,15.05,9447500,15.22,15.33,15.14,44.66,0.017,0.056,-0.038,15.33,15.619,15.041
2023-02-10,15.17,15.37,15.11,15.36,12983900,15.232,15.32,15.136,52.99,0.024,0.049,-0.025,15.32,15.586,15.053
2023-02-13,15.32,15.49,15.3,15.39,9579500,15.27,15.312,15.129,53.717,0.032,0.046,-0.014,15.312,15.561,15.063
2023-02-14,15.31,15.47,15.25,15.32,9409200,15.274,15.302,15.119,51.709,0.032,0.043,-0.011,15.302,15.533,15.072
2023-02-15,15.25,15.25,15.08,15.22,12341700,15.268,15.307,15.111,48.899,0.023,0.039,-0.016,15.307,15.527,15.087
2023-02-16,15.09,15.25,14.99,15.14,10909100,15.286,15.291,15.107,46.711,0.01,0.033,-0.023,15.291,15.51,15.072
2023-02-17,15.01,15.04,14.79,14.84,21545200,15.182,15.265,15.106,39.563,-0.024,0.022,-0.046,15.265,15.559,14.97
2023-02-21,14.75,14.81,14.5,14.52,15301700,15.008,15.218,15.099,33.649,-0.076,0.002,-0.079,15.218,15.649,14.786
2023-02-22,14.48,14.67,14.44,14.49,10744900,14.842,15.176,15.096,33.148,-0.119,-0.022,-0.097,15.176,15.714,14.639
2023-02-23,14.66,14.69,14.5,14.63,11145100,14.724,15.147,15.101,37.797,-0.14,-0.046,-0.094,15.147,15.737,14.558
2023-02-24,14.49,14.61,14.45,14.59,11470100,14.614,15.11,15.099,37.005,-0.157,-0.068,-0.089,15.11,15.742,14.478
2023-02-27,14.68,14.72,14.47,14.53,8310300,14.552,15.068,15.089,35.794,-0.174,-0.089,-0.085,15.068,15.736,14.399
2023-02-28,14.58,14.58,14.28,14.28,11657700,14.504,15.026,15.076,31.21,-0.206,-0.113,-0.093,15.026,15.782,14.271
2023-03-01,14.41,14.62,14.34,14.44,10063300,14.494,14.983,15.069,36.789,-0.215,-0.133,-0.082,14.983,15.769,14.197
2023-03-02,14.42,14.64,14.4,14.61,8145600,14.49,14.945,15.069,42.157,-0.206,-0.148,-0.059,14.945,15.726,14.164
2023-03-03,14.6,14.81,14.53,14.77,8335300,14.526,14.912,15.076,46.741,-0.184,-0.155,-0.029,14.912,15.66,14.163
2023-03-06,14.74,14.86,14.69,14.74,10178700,14.568,14.883,15.081,46.005,-0.168,-0.158,-0.01,14.883,15.612,14.155
2023-03-07,14.69,14.69,14.48,14.52,14383100,14.616,14.85,15.076,40.915,-0.17,-0.16,-0.01,14.85,15.579,14.12
2023-03-08,14.5,14.64,14.38,14.49,9859400,14.626,14.809,15.074,40.261,-0.172,-0.163,-0.01,14.809,15.523,14.095
2023-03-09,14.58,14.64,14.31,14.34,9756800,14.572,14.763,15.061,37.07,-0.184,-0.167,-0.017,14.763,15.476,14.051
2023-03-10,14.32,14.41,14.01,14.03,15625100,14.424,14.712,15.041,31.512,-0.216,-0.177,-0.039,14.712,15.482,13.943
2023-03-13,13.81,14.27,13.7,14.1,20167000,14.296,14.65,15.027,33.921,-0.233,-0.188,-0.045,14.65,15.402,13.897
2023-03-14,14.18,14.48,14.0,14.17,14742100,14.226,14.589,15.012,36.333,-0.238,-0.198,-0.04,14.589,15.284,13.893
2023-03-15,13.92,14.12,13.71,13.87,24330400,14.102,14.516,14.991,31.095,-0.263,-0.211,-0.052,14.516,15.192,13.84
2023-03-16,13.74,13.85,13.54,13.85,25117000,14.004,14.448,14.971,30.776,-0.282,-0.225,-0.056,14.448,15.101,13.794
2023-03-17,13.76,13.81,13.54,13.62,27041900,13.922,14.372,14.943,27.311,-0.311,-0.242,-0.069,14.372,15.039,13.704
2023-03-20,13.66,13.93,13.65,13.83,12594700,13.868,14.321,14.919,34.556,-0.314,-0.257,-0.057,14.321,14.992,13.65
2023-03-21,13.99,14.09,13.87,14.07,12745400,13.848,14.298,14.894,41.708,-0.293,-0.264,-0.029,14.298,14.972,13.625
2023-03-22,14.1,14.24,13.9,13.91,12427600,13.856,14.269,14.864,38.674,-0.287,-0.269,-0.018,14.269,14.958,13.581
2023-03-23,13.95,14.06,13.63,13.71,12620100,13.828,14.224,14.829,35.224,-0.294,-0.274,-0.021,14.224,14.933,13.514
2023-03-24,13.53,14.08,13.51,14.05,15748300,13.914,14.196,14.801,44.317,-0.27,-0.273,0.003,14.196,14.888,13.505
2023-03-27,14.12,14.28,14.07,14.13,12059600,13.974,14.176,14.772,46.23,-0.241,-0.266,0.026,14.176,14.85,13.503
2023-03-28,14.02,14.31,14.0,14.28,7302800,14.016,14.176,14.747,49.717,-0.204,-0.254,0.05,14.176,14.85,13.503
2023-03-29,14.43,14.47,14.33,14.43,7911400,14.12,14.176,14.725,53.0,-0.16,-0.235,0.075,14.176,14.849,13.503
2023-03-30,14.53,14.58,14.42,14.48,6667300,14.274,14.17,14.712,54.076,-0.12,-0.212,0.092,14.17,14.827,13.512
2023-03-31,14.53,14.68,14.47,14.65,12085600,14.394,14.164,14.696,57.629,-0.074,-0.185,0.11,14.164,14.8,13.527
2023-04-03,14.87,14.93,14.69,14.78,15414100,14.524,14.166,14.684,60.167,-0.027,-0.153,0.126,14.166,14.81,13.521
2023-04-04,14.74,14.84,14.51,14.63,9712800,14.594,14.171,14.667,55.999,-0.001,-0.123,0.121,14.171,14.83,13.512
2023-04-05,14.69,14.83,14.58,14.82,11269700,14.672,14.188,14.658,59.798,0.034,-0.091,0.125,14.188,14.895,13.48
2023-04-06,14.84,14.89,14.75,14.82,7980400,14.74,14.212,14.65,59.798,0.061,-0.061,0.122,14.212,14.971,13.452
2023-04-10,14.82,14.94,14.78,14.85,9053300,14.78,14.253,14.64,60.424,0.084,-0.032,0.116,14.253,15.058,13.447
2023-04-11,14.92,15.03,14.84,14.97,9646700,14.818,14.296,14.632,62.91,0.111,-0.003,0.114,14.296,15.159,13.433
2023-04-12,15.04,15.05,14.88,14.91,10631400,14.874,14.333,14.628,60.851,0.125,0.022,0.103,14.333,15.236,13.43
2023-04-13,14.87,14.89,14.78,14.87,11208000,14.884,14.383,14.619,59.455,0.132,0.044,0.088,14.383,15.288,13.478
2023-04-14,14.91,14.98,14.81,14.9,8376000,14.9,14.436,14.61,60.193,0.139,0.063,0.075,14.436,15.332,13.539
2023-04-17,14.9,14.94,14.77,14.88,10173900,14.906,14.499,14.599,59.416,0.14,0.079,0.062,14.499,15.329,13.668
2023-04-18,14.79,14.87,14.74,14.81,11651500,14.874,14.548,14.589,56.661,0.135,0.09,0.045,14.548,15.326,13.769
2023-04-19,14.7,14.78,14.58,14.73,13759500,14.838,14.58,14.579,53.602,0.122,0.096,0.026,14.58,15.329,13.832
2023-04-20,14.72,14.83,14.3,14.52,15950900,14.768,14.611,14.564,46.504,0.094,0.096,-0.002,14.611,15.291,13.931
2023-04-21,14.56,14.57,14.35,14.53,10200800,14.694,14.652,14.549,46.865,0.072,0.091,-0.019,14.652,15.186,14.118
2023-04-24,14.53,14.79,14.51,14.74,8681400,14.666,14.686,14.543,53.897,0.071,0.087,-0.016,14.686,15.14,14.233
2023-04-25,14.66,14.73,14.56,14.57,9515500,14.618,14.708,14.527,48.322,0.055,0.081,-0.025,14.708,15.085,14.332
2023-04-26,14.52,14.61,14.3,14.4,12783800,14.552,14.715,14.508,43.479,0.029,0.07,-0.041,14.715,15.065,14.364
2023-04-27,14.41,14.52,14.28,14.49,14547400,14.546,14.717,14.491,46.534,0.015,0.059,-0.044,14.717,15.059,14.376
2023-04-28,14.5,14.67,14.47,14.59,14690700,14.558,14.723,14.478,49.782,0.012,0.05,-0.038,14.723,15.051,14.395
2023-05-01,14.5,14.66,14.47,14.55,14578000,14.52,14.718,14.467,48.513,0.007,0.041,-0.035,14.718,15.054,14.382
2023-05-02,14.43,14.46,13.99,14.19,15626600,14.444,14.689,14.454,38.898,-0.027,0.028,-0.054,14.689,15.097,14.28
2023-05-03,14.05,14.31,14.04,14.09,11851600,14.382,14.662,14.445,36.72,-0.06,0.01,-0.07,14.662,15.15,14.173
2023-05-04,14.05,14.24,13.94,14.16,16214700,14.316,14.628,14.438,39.282,-0.08,-0.008,-0.072,14.628,15.159,14.098
2023-05-05,14.42,14.57,14.37,14.5,12838700,14.298,14.612,14.436,49.893,-0.068,-0.02,-0.048,14.612,15.138,14.087
2023-05-08,14.55,14.61,14.32,14.38,9769300,14.264,14.589,14.432,46.786,-0.067,-0.03,-0.038,14.589,15.112,14.066
2023-05-09,14.27,14.43,14.24,14.33,7623300,14.292,14.557,14.428,45.514,-0.07,-0.038,-0.032,14.557,15.06,14.054
2023-05-10,14.44,14.45,14.19,14.28,10278300,14.33,14.526,14.428,44.219,-0.075,-0.045,-0.03,14.526,15.014,14.037
2023-05-11,14.17,14.28,14.12,14.21,11477100,14.34,14.493,14.423,42.4,-0.084,-0.053,-0.031,14.493,14.972,14.013
2023-05-12,14.29,14.33,14.19,14.29,9109800,14.298,14.462,14.417,45.175,-0.084,-0.059,-0.025,14.462,14.909,14.015
2023-05-15,14.35,14.38,14.06,14.21,23096800,14.264,14.428,14.405,42.947,-0.089,-0.065,-0.024,14.428,14.843,14.014
2023-05-16,14.13,14.18,13.82,13.87,15905300,14.172,14.381,14.388,35.037,-0.119,-0.076,-0.043,14.381,14.826,13.937
2023-05-17,13.95,14.08,13.81,13.99,13790000,14.114,14.345,14.377,39.287,-0.131,-0.087,-0.045,14.345,14.79,13.899
2023-05-18,13.93,14.07,13.83,14.05,12066500,14.082,14.321,14.369,41.353,-0.135,-0.097,-0.039,14.321,14.777,13.865
2023-05-19,14.15,14.19,13.99,14.05,9834100,14.034,14.297,14.363,41.353,-0.136,-0.104,-0.032,14.297,14.757,13.837
2023-05-22,14.02,14.17,13.97,14.06,11296600,14.004,14.263,14.363,41.737,-0.135,-0.111,-0.024,14.263,14.684,13.842
2023-05-23,14.08,14.19,14.03,14.07,12580700,14.044,14.238,14.363,42.144,-0.132,-0.115,-0.017,14.238,14.641,13.835
2023-05-24,14.1,14.12,13.94,14.04,10700800,14.054,14.22,14.36,41.213,-0.13,-0.118,-0.012,14.22,14.625,13.815
2023-05-25,13.92,13.94,13.7,13.8,15836000,14.004,14.186,14.359,34.627,-0.146,-0.124,-0.023,14.186,14.611,13.76
2023-05-26,13.81,13.89,13.74,13.79,12815200,13.952,14.145,14.358,34.38,-0.158,-0.13,-0.028,14.145,14.561,13.73
2023-05-30,13.7,13.8,13.64,13.74,13975600,13.888,14.105,14.36,33.11,-0.17,-0.138,-0.031,14.105,14.512,13.698
2023-05-31,13.7,13.75,13.61,13.7,21102000,13.814,14.08,14.357,32.09,-0.18,-0.147,-0.033,14.08,14.523,13.638
2023-06-01,13.73,13.91,13.68,13.83,13491700,13.772,14.068,14.353,38.704,-0.176,-0.152,-0.023,14.068,14.524,13.611
2023-06-02,13.96,14.31,13.91,14.25,18617700,13.862,14.072,14.359,54.218,-0.137,-0.149,0.013,14.072,14.534,13.61
2023-06-05,14.38,14.4,14.21,14.26,11816200,13.956,14.06,14.37,54.514,-0.104,-0.14,0.036,14.06,14.487,13.633
2023-06-06,14.17,14.38,14.16,14.33,10788800,14.074,14.058,14.376,56.622,-0.071,-0.126,0.055,14.058,14.477,13.638
2023-06-07,14.42,14.68,14.37,14.66,12369900,14.266,14.074,14.387,64.886,-0.019,-0.105,0.086,14.074,14.559,13.589
2023-06-08,14.69,14.74,14.48,14.73,9077100,14.446,14.096,14.396,66.35,0.028,-0.078,0.107,14.096,14.658,13.535
2023-06-09,14.76,14.78,14.44,14.49,9858600,14.494,14.11,14.397,57.497,0.046,-0.053,0.099,14.11,14.697,13.524
2023-06-12,14.34,14.44,14.3,14.37,14267000,14.516,14.114,14.395,53.642,0.049,-0.033,0.082,14.114,14.707,13.522
2023-06-13,14.42,14.68,14.4,14.49,12497900,14.548,14.128,14.391,56.764,0.061,-0.014,0.075,14.128,14.744,13.513
2023-06-14,14.59,14.63,14.37,14.38,14409400,14.492,14.154,14.383,53.226,0.061,0.001,0.06,14.154,14.766,13.542
2023-06-15,14.39,14.55,14.37,14.47,11464200,14.44,14.178,14.38,55.661,0.067,0.014,0.053,14.178,14.801,13.555
2023-06-16,14.47,14.53,14.41,14.5,24028000,14.442,14.2,14.374,56.474,0.074,0.026,0.048,14.2,14.836,13.565
2023-06-20,14.47,14.48,14.16,14.17,14034000,14.402,14.206,14.361,46.393,0.052,0.031,0.02,14.206,14.838,13.575
2023-06-21,14.13,14.29,14.09,14.16,12429300,14.336,14.212,14.347,46.124,0.033,0.031,0.001,14.212,14.84,13.583
2023-06-22,14.13,14.14,14.01,14.03,10884500,14.266,14.21,14.328,42.664,0.008,0.027,-0.019,14.21,14.84,13.579
2023-06-23,13.93,14.07,13.87,13.88,14613800,14.148,14.202,14.308,39.027,-0.024,0.017,-0.041,14.202,14.845,13.558
2023-06-26,13.9,14.16,13.89,14.07,18220500,14.062,14.215,14.292,45.379,-0.034,0.006,-0.04,14.215,14.834,13.596
2023-06-27,14.07,14.31,14.04,14.29,16257500,14.086,14.24,14.279,51.659,-0.023,0.0,-0.024,14.24,14.826,13.654
2023-06-28,14.36,14.49,14.21,14.47,16801000,14.148,14.277,14.271,56.106,-0.001,0.0,-0.001,14.277,14.821,13.732
2023-06-29,14.54,14.68,14.51,14.63,13491300,14.268,14.323,14.268,59.658,0.03,0.006,0.024,14.323,14.817,13.829
2023-06-30,14.72,14.75,14.58,14.65,11340300,14.422,14.364,14.266,60.093,0.055,0.016,0.039,14.364,14.82,13.908
2023-07-03,14.65,14.79,14.62,14.67,8557600,14.542,14.385,14.269,60.551,0.076,0.028,0.048,14.385,14.858,13.912
2023-07-05,14.73,14.73,14.46,14.53,12979400,14.59,14.399,14.269,55.731,0.08,0.038,0.042,14.399,14.871,13.926
2023-07-06,14.45,14.47,14.28,14.34,9881400,14.564,14.399,14.261,49.923,0.067,0.044,0.023,14.399,14.872,13.926
2023-07-07,14.26,14.51,14.26,14.39,24357400,14.516,14.385,14.257,51.359,0.061,0.048,0.013,14.385,14.842,13.929
2023-07-10,14.28,14.5,14.28,14.42,10596700,14.47,14.37,14.258,52.245,0.057,0.049,0.008,14.37,14.797,13.943
2023-07-11,14.44,14.72,14.44,14.67,14478700,14.47,14.379,14.261,58.949,0.074,0.054,0.019,14.379,14.824,13.934
2023-07-12,14.81,14.96,14.79,14.92,15123000,14.548,14.406,14.268,64.341,0.106,0.065,0.041,14.406,14.913,13.9
2023-07-13,14.94,15.02,14.91,14.97,8721800,14.674,14.43,14.276,65.322,0.133,0.078,0.055,14.43,14.996,13.865
2023-07-14,14.87,14.9,14.61,14.64,11250300,14.724,14.444,14.285,54.638,0.127,0.088,0.039,14.444,15.016,13.871
2023-07-17,14.67,14.67,14.55,14.57,11884900,14.754,14.448,14.295,52.67,0.116,0.094,0.022,14.448,15.024,13.873
2023-07-18,14.53,14.8,14.52,14.7,10052800,14.76,14.458,14.306,55.851,0.115,0.098,0.017,14.458,15.044,13.873
2023-07-19,14.7,14.81,14.67,14.71,12294100,14.718,14.486,14.31,56.095,0.115,0.101,0.013,14.486,15.065,13.906
2023-07-20,14.92,15.03,14.78,15.01,16299700,14.726,14.528,14.323,62.756,0.137,0.108,0.028,14.528,15.131,13.925
2023-07-21,15.08,15.24,14.98,15.14,16858900,14.826,14.584,14.339,65.218,0.163,0.119,0.044,14.584,15.198,13.969
2023-07-24,15.19,15.57,15.18,15.41,23654100,14.994,14.66,14.361,69.699,0.203,0.136,0.067,14.66,15.286,14.034
2023-07-25,15.37,15.47,15.31,15.36,14098200,15.126,14.724,14.384,67.953,0.228,0.155,0.074,14.724,15.361,14.088
2023-07-26,15.31,15.41,15.22,15.27,12260900,15.238,14.774,14.404,64.806,0.238,0.171,0.067,14.774,15.42,14.127
2023-07-27,15.35,15.36,15.11,15.14,12299700,15.264,14.807,14.423,60.452,0.233,0.184,0.049,14.807,15.456,14.158
2023-07-28,15.15,15.26,15.06,15.19,9147000,15.274,14.835,14.449,61.523,0.23,0.193,0.037,14.835,15.5,14.17
2023-07-31,15.24,15.34,15.22,15.31,11292000,15.254,14.868,14.475,64.039,0.235,0.201,0.034,14.868,15.56,14.176
2023-08-01,15.33,15.37,15.02,15.18,11198900,15.218,14.894,14.498,59.499,0.226,0.206,0.019,14.894,15.592,14.195
2023-08-02,15.06,15.07,14.89,15.01,10625800,15.166,14.918,14.517,54.098,0.202,0.205,-0.003,14.918,15.596,14.239
2023-08-03,15.08,15.24,14.99,15.09,10592200,15.156,14.955,14.538,56.117,0.188,0.202,-0.014,14.955,15.58,14.33
2023-08-04,15.14,15.31,15.0,15.01,11431300,15.12,14.986,14.557,53.579,0.168,0.195,-0.027,14.986,15.552,14.42
2023-08-07,15.05,15.19,14.99,15.02,7215300,15.062,15.016,14.576,53.86,0.152,0.186,-0.035,15.016,15.515,14.517
2023-08-08,14.86,15.11,14.78,15.11,9324700,15.048,15.038,14.602,56.416,0.144,0.178,-0.034,15.038,15.511,14.565
2023-08-09,15.18,15.33,15.15,15.17,11368200,15.08,15.05,14.63,58.083,0.141,0.171,-0.029,15.05,15.523,14.578
2023-08-10,15.22,15.32,15.07,15.16,12724800,15.094,15.06,14.658,57.687,0.137,0.164,-0.027,15.06,15.534,14.586
2023-08-11,15.16,15.48,15.16,15.37,13074700,15.166,15.096,14.692,63.34,0.148,0.161,-0.012,15.096,15.546,14.647
2023-08-14,15.4,15.44,15.2,15.27,10775200,15.216,15.131,14.721,59.279,0.148,0.158,-0.01,15.131,15.512,14.751
2023-08-15,15.24,15.28,14.96,15.01,13509100,15.196,15.147,14.736,50.255,0.125,0.152,-0.027,15.147,15.475,14.819
2023-08-16,14.99,15.06,14.86,14.88,11428500,15.138,15.156,14.748,46.448,0.095,0.14,-0.045,15.156,15.442,14.869
2023-08-17,14.98,15.18,14.98,14.99,9514700,15.104,15.154,14.761,49.906,0.08,0.128,-0.049,15.154,15.443,14.866
2023-08-18,14.89,15.08,14.88,15.07,19621400,15.044,15.151,14.77,52.318,0.073,0.117,-0.044,15.151,15.442,14.86
2023-08-21,15.12,15.12,14.9,15.01,9743900,14.992,15.131,14.775,50.36,0.062,0.106,-0.044,15.131,15.402,14.86
2023-08-22,15.11,15.11,14.91,14.91,9087100,14.972,15.108,14.784,47.19,0.045,0.094,-0.049,15.108,15.374,14.843
2023-08-23,14.82,14.93,14.67,14.92,9330200,14.98,15.091,14.795,47.545,0.032,0.081,-0.05,15.091,15.358,14.824
2023-08-24,14.89,15.03,14.82,14.89,8286300,14.96,15.078,14.803,46.533,0.018,0.069,-0.05,15.078,15.359,14.798
2023-08-25,14.95,15.09,14.89,14.99,9150200,14.944,15.068,14.815,50.329,0.016,0.058,-0.042,15.068,15.346,14.791
2023-08-28,15.05,15.14,14.95,15.01,8576500,14.944,15.054,14.826,51.077,0.015,0.05,-0.034,15.054,15.308,14.799
2023-08-29,15.01,15.09,14.99,15.08,8043400,14.978,15.048,14.837,53.706,0.02,0.044,-0.023,15.048,15.296,14.801
2023-08-30,15.12,15.14,15.04,15.08,6643500,15.01,15.052,14.855,53.706,0.024,0.04,-0.016,15.052,15.299,14.805
2023-08-31,15.09,15.1,14.86,14.89,14961400,15.01,15.042,14.87,45.937,0.012,0.034,-0.023,15.042,15.299,14.785
2023-09-01,15.03,15.04,14.75,14.82,14537800,14.976,15.032,14.886,43.444,-0.004,0.027,-0.031,15.032,15.308,14.757
2023-09-05,14.8,14.89,14.75,14.76,11637500,14.926,15.019,14.903,41.371,-0.021,0.017,-0.038,15.019,15.32,14.719
2023-09-06,14.71,14.71,14.34,14.38,17046800,14.786,14.983,14.91,31.213,-0.064,0.001,-0.065,14.983,15.394,14.572
2023-09-07,14.43,14.5,14.32,14.34,18928600,14.638,14.942,14.911,30.368,-0.101,-0.02,-0.081,14.942,15.433,14.45
2023-09-08,14.41,14.58,14.37,14.52,14738400,14.564,14.91,14.912,38.446,-0.114,-0.038,-0.075,14.91,15.424,14.395
2023-09-11,14.59,14.62,14.36,14.41,11932600,14.482,14.862,14.907,35.719,-0.131,-0.057,-0.074,14.862,15.374,14.349
2023-09-12,14.49,14.82,14.44,14.81,12424300,14.492,14.839,14.91,49.693,-0.112,-0.068,-0.044,14.839,15.314,14.363
2023-09-13,14.84,14.89,14.76,14.83,10211200,14.582,14.83,14.914,50.275,-0.094,-0.073,-0.021,14.83,15.298,14.361
2023-09-14,14.99,15.03,14.9,14.96,12161700,14.706,14.833,14.922,54.0,-0.068,-0.072,0.004,14.833,15.305,14.362
2023-09-15,14.87,15.04,14.74,14.76,28400500,14.754,14.822,14.931,48.037,-0.063,-0.07,0.007,14.822,15.289,14.355
2023-09-18,14.76,14.82,14.62,14.71,13265000,14.814,14.804,14.937,46.65,-0.062,-0.069,0.006,14.804,15.258,14.35
2023-09-19,14.81,14.81,14.55,14.63,13821500,14.778,14.785,14.941,44.44,-0.068,-0.068,0.001,14.785,15.235,14.335
2023-09-20,14.61,14.75,14.57,14.57,8536200,14.726,14.768,14.939,42.801,-0.076,-0.07,-0.006,14.768,15.224,14.312
2023-09-21,14.57,14.6,14.31,14.31,12831500,14.596,14.738,14.927,36.519,-0.102,-0.076,-0.026,14.738,15.23,14.245
2023-09-22,14.32,14.47,14.29,14.35,11579400,14.514,14.711,14.915,38.026,-0.118,-0.085,-0.033,14.711,15.227,14.194
2023-09-25,14.31,14.53,14.3,14.48,11773100,14.468,14.685,14.911,42.781,-0.119,-0.092,-0.028,14.685,15.193,14.177
2023-09-26,14.38,14.46,14.19,14.24,12834900,14.39,14.646,14.905,37.119,-0.138,-0.101,-0.037,14.646,15.168,14.125
2023-09-27,14.31,14.49,14.3,14.4,12839700,14.356,14.613,14.899,42.575,-0.138,-0.108,-0.03,14.613,15.103,14.122
2023-09-28,14.38,14.51,14.34,14.41,9576200,14.376,14.579,14.893,42.909,-0.136,-0.114,-0.022,14.579,15.024,14.134
2023-09-29,14.41,14.49,14.29,14.33,14575300,14.372,14.551,14.879,40.864,-0.139,-0.119,-0.02,14.551,14.984,14.118
2023-10-02,14.35,14.37,13.92,13.97,16619200,14.27,14.509,14.856,33.199,-0.168,-0.129,-0.04,14.509,14.994,14.023
2023-10-03,13.89,13.98,13.81,13.92,16607900,14.206,14.467,14.826,32.293,-0.193,-0.142,-0.052,14.467,15.003,13.93
2023-10-04,13.8,13.98,13.74,13.86,17504300,14.098,14.44,14.796,31.193,-0.216,-0.156,-0.059,14.44,15.041,13.84
2023-10-05,13.74,14.03,13.74,13.97,17520000,14.01,14.422,14.77,35.529,-0.222,-0.17,-0.053,14.422,15.057,13.787
2023-10-06,13.95,14.17,13.84,14.06,13027200,13.956,14.399,14.748,38.921,-0.217,-0.179,-0.038,14.399,15.053,13.745
2023-10-09,14.29,14.5,14.25,14.49,18370500,14.06,14.403,14.734,51.932,-0.177,-0.179,0.002,14.403,15.058,13.748
2023-10-10,14.48,14.58,14.44,14.54,11827200,14.184,14.389,14.719,53.181,-0.139,-0.171,0.032,14.389,15.02,13.759
2023-10-11,14.44,14.57,14.39,14.57,11583400,14.326,14.376,14.707,53.954,-0.105,-0.158,0.052,14.376,14.979,13.774
2023-10-12,14.62,14.68,14.5,14.62,13902000,14.456,14.36,14.699,55.279,-0.074,-0.141,0.067,14.36,14.909,13.81
2023-10-13,14.78,14.85,14.73,14.79,14080900,14.602,14.361,14.693,59.543,-0.035,-0.12,0.085,14.361,14.915,13.807
2023-10-16,14.87,14.98,14.76,14.94,11369600,14.692,14.372,14.692,62.904,0.008,-0.094,0.102,14.372,14.966,13.779
2023-10-17,14.93,15.08,14.9,14.98,15252800,14.78,14.39,14.691,63.768,0.045,-0.066,0.111,14.39,15.034,13.746
2023-10-18,14.99,15.04,14.79,14.82,14680000,14.83,14.402,14.685,57.952,0.06,-0.041,0.101,14.402,15.07,13.735
2023-10-19,14.93,14.96,14.56,14.7,17788800,14.846,14.422,14.676,53.975,0.062,-0.02,0.083,14.422,15.101,13.743
2023-10-20,14.73,14.78,14.6,14.69,16349700,14.826,14.439,14.666,53.645,0.062,-0.004,0.066,14.439,15.127,13.751
2023-10-23,14.6,14.71,14.54,14.68,12852400,14.774,14.449,14.652,53.293,0.061,0.009,0.052,14.449,15.145,13.753
2023-10-24,14.7,14.76,14.54,14.57,12964000,14.692,14.466,14.638,49.457,0.05,0.017,0.033,14.466,15.157,13.774
2023-10-25,14.57,14.65,14.5,14.51,11215600,14.63,14.471,14.628,47.451,0.036,0.021,0.015,14.471,15.162,13.78
2023-10-26,14.44,14.5,14.31,14.44,11306900,14.578,14.472,14.62,45.149,0.02,0.021,-0.001,14.472,15.163,13.782
2023-10-27,14.44,14.44,14.09,14.15,14657000,14.47,14.464,14.603,37.118,-0.017,0.013,-0.03,14.464,15.166,13.761
2023-10-30,14.2,14.33,13.99,14.19,16123200,14.372,14.474,14.585,38.737,-0.042,0.002,-0.044,14.474,15.151,13.798
2023-10-31,14.17,14.29,14.13,14.25,13132600,14.308,14.491,14.57,41.183,-0.056,-0.01,-0.047,14.491,15.125,13.857
2023-11-01,14.3,14.47,14.16,14.38,15920600,14.282,14.517,14.559,46.195,-0.057,-0.019,-0.038,14.517,15.081,13.953
2023-11-02,14.39,14.88,14.33,14.87,18524900,14.368,14.562,14.558,60.024,-0.017,-0.019,0.001,14.562,15.085,14.039
2023-11-03,14.87,14.95,14.8,14.84,12819300,14.506,14.601,14.557,59.024,0.011,-0.013,0.024,14.601,15.081,14.121
2023-11-06,14.9,14.9,14.65,14.66,11851700,14.6,14.61,14.551,53.286,0.019,-0.006,0.026,14.61,15.087,14.132
2023-11-07,14.54,14.63,14.43,14.56,18310000,14.662,14.611,14.542,50.357,0.018,-0.001,0.019,14.611,15.087,14.134
2023-11-08,14.49,14.52,14.35,14.37,10910500,14.66,14.6,14.528,45.267,0.001,-0.001,0.002,14.6,15.089,14.112
2023-11-09,14.44,14.46,14.22,14.26,15076600,14.538,14.583,14.511,42.583,-0.021,-0.005,-0.016,14.583,15.094,14.071
2023-11-10,14.36,14.5,14.27,14.46,12669800,14.462,14.566,14.503,48.555,-0.022,-0.009,-0.014,14.566,15.071,14.061
2023-11-13,14.46,14.63,14.37,14.53,9358600,14.436,14.546,14.497,50.496,-0.017,-0.01,-0.007,14.546,15.018,14.073
2023-11-14,14.63,14.84,14.59,14.78,12593100,14.48,14.535,14.497,56.769,0.007,-0.007,0.014,14.535,14.977,14.094
2023-11-15,14.82,15.02,14.8,14.88,16813600,14.582,14.538,14.507,59.007,0.034,0.001,0.032,14.538,14.989,14.088
2023-11-16,14.82,14.95,14.62,14.8,14554100,14.69,14.544,14.516,56.488,0.048,0.011,0.037,14.544,15.004,14.083
2023-11-17,14.9,15.0,14.84,14.92,13708200,14.782,14.555,14.524,59.295,0.068,0.022,0.046,14.555,15.041,14.069
2023-11-20,14.92,15.03,14.87,14.9,10062100,14.856,14.566,14.534,58.616,0.081,0.034,0.047,14.566,15.074,14.058
2023-11-21,14.92,15.08,14.87,15.06,11961200,14.912,14.59,14.539,62.331,0.104,0.048,0.056,14.59,15.144,14.037
2023-11-22,14.9,15.22,14.87,15.21,13233400,14.978,14.625,14.547,65.461,0.132,0.065,0.067,14.625,15.243,14.008
2023-11-24,15.22,15.36,15.2,15.26,5988100,15.07,14.667,14.553,66.462,0.157,0.083,0.074,14.667,15.338,13.995
2023-11-27,15.22,15.26,15.17,15.23,10947000,15.132,14.72,14.562,65.241,0.172,0.101,0.071,14.72,15.391,14.05
2023-11-28,15.26,15.33,15.18,15.21,10998500,15.194,14.772,14.572,64.391,0.18,0.117,0.063,14.772,15.427,14.116
2023-11-29,15.27,15.37,15.13,15.24,13975800,15.23,14.821,14.584,65.125,0.187,0.131,0.056,14.821,15.46,14.182
2023-11-30,15.28,15.47,15.27,15.45,23071200,15.278,14.875,14.602,69.812,0.207,0.146,0.061,14.875,15.537,14.212
2023-12-01,15.43,15.66,15.4,15.61,12718900,15.348,14.911,14.628,72.81,0.233,0.163,0.07,14.911,15.651,14.172
2023-12-04,15.56,15.75,15.53,15.7,11708000,15.442,14.955,14.655,74.354,0.258,0.182,0.076,14.955,15.773,14.136
2023-12-05,15.7,15.74,15.38,15.39,17516700,15.478,14.991,14.673,61.423,0.25,0.196,0.054,14.991,15.819,14.163
2023-12-06,15.37,15.55,15.31,15.42,17064500,15.514,15.034,14.697,62.11,0.243,0.205,0.038,15.034,15.857,14.211
2023-12-07,15.5,15.53,15.35,15.39,16544800,15.502,15.085,14.717,60.941,0.232,0.211,0.022,15.085,15.86,14.31
2023-12-08,15.44,15.58,15.4,15.57,11790000,15.494,15.15,14.74,65.174,0.236,0.216,0.02,15.15,15.849,14.452
2023-12-11,15.54,15.57,15.42,15.45,11457400,15.444,15.2,14.762,60.469,0.226,0.218,0.009,15.2,15.83,14.57
2023-12-12,15.4,15.45,15.08,15.15,16091500,15.396,15.231,14.786,50.629,0.192,0.213,-0.02,15.231,15.777,14.685
2023-12-13,15.14,15.43,15.05,15.38,17197900,15.388,15.261,14.815,56.477,0.182,0.207,-0.025,15.261,15.767,14.755
2023-12-14,15.49,15.73,15.48,15.56,17957600,15.422,15.295,14.849,60.427,0.186,0.203,-0.016,15.295,15.785,14.805
2023-12-15,15.48,15.5,15.29,15.38,33040900,15.384,15.324,14.877,55.046,0.173,0.197,-0.024,15.324,15.755,14.893
2023-12-18,15.61,15.69,15.44,15.45,13959700,15.384,15.35,14.905,56.663,0.166,0.19,-0.024,15.35,15.741,14.96
2023-12-19,15.47,15.59,15.43,15.52,11375700,15.458,15.381,14.926,58.278,0.164,0.185,-0.021,15.381,15.715,15.048
2023-12-20,15.52,15.6,15.39,15.39,16159200,15.46,15.398,14.943,54.235,0.151,0.178,-0.028,15.398,15.696,15.1
2023-12-21,15.4,15.53,14.95,15.52,11332100,15.452,15.414,14.962,57.416,0.149,0.172,-0.024,15.414,15.702,15.125
2023-12-22,15.57,15.69,15.54,15.59,7534200,15.494,15.43,14.981,59.066,0.151,0.168,-0.017,15.43,15.719,15.141
2023-12-26,15.66,15.74,15.59,15.7,7636700,15.544,15.454,14.999,61.586,0.16,0.167,-0.006,15.454,15.751,15.156
2023-12-27,15.69,15.72,15.53,15.63,7920400,15.566,15.474,15.013,59.093,0.16,0.165,-0.005,15.474,15.758,15.191
2023-12-28,15.58,15.66,15.5,15.56,7769900,15.6,15.49,15.025,56.626,0.152,0.163,-0.011,15.49,15.754,15.227
2023-12-29,15.57,15.57,15.45,15.52,9811300,15.6,15.494,15.039,55.207,0.141,0.158,-0.017,15.494,15.757,15.231
2024-01-02,15.57,15.75,15.54,15.68,13141200,15.618,15.498,15.058,59.57,0.144,0.155,-0.012,15.498,15.769,15.226
2024-01-03,15.67,15.95,15.62,15.88,14367100,15.654,15.506,15.082,64.257,0.16,0.156,0.004,15.506,15.815,15.198
2024-01-04,15.97,16.04,15.75,15.79,10839200,15.686,15.526,15.104,60.839,0.164,0.158,0.006,15.526,15.855,15.198
2024-01-05,15.85,15.93,15.72,15.85,12288800,15.744,15.548,15.13,62.28,0.17,0.16,0.009,15.548,15.902,15.194
2024-01-08,15.74,15.93,15.65,15.93,12962200,15.826,15.575,15.158,64.172,0.179,0.164,0.015,15.575,15.96,15.19
2024-01-09,15.92,15.97,15.79,15.88,15386300,15.866,15.59,15.187,62.076,0.18,0.167,0.013,15.59,15.998,15.183
2024-01-10,15.85,15.89,15.75,15.79,14113000,15.848,15.608,15.22,58.379,0.171,0.168,0.003,15.608,16.019,15.196
2024-01-11,15.81,15.82,15.57,15.69,16028800,15.828,15.634,15.25,54.496,0.155,0.165,-0.01,15.634,15.986,15.283
2024-01-12,15.88,15.97,15.74,15.81,10319000,15.82,15.656,15.281,58.098,0.15,0.162,-0.012,15.656,15.995,15.317
2024-01-16,15.76,15.82,15.66,15.67,12903300,15.768,15.661,15.307,52.843,0.133,0.156,-0.023,15.661,15.997,15.326
2024-01-17,15.6,15.7,15.39,15.45,13926400,15.682,15.665,15.318,45.827,0.1,0.145,-0.045,15.665,15.99,15.34
2024-01-18,15.24,15.4,15.04,15.23,31605600,15.57,15.654,15.326,40.095,0.056,0.127,-0.071,15.654,16.021,15.287
2024-01-19,15.29,15.29,15.04,15.13,19018000,15.458,15.634,15.336,37.782,0.013,0.105,-0.091,15.634,16.067,15.202
2024-01-22,15.14,15.21,15.03,15.09,13142400,15.314,15.62,15.346,36.865,-0.024,0.079,-0.103,15.62,16.106,15.133
2024-01-23,15.09,15.15,14.99,15.02,14416900,15.184,15.594,15.359,35.254,-0.058,0.052,-0.11,15.594,16.149,15.04
2024-01-24,15.08,15.09,14.82,14.86,25500500,15.066,15.558,15.371,31.83,-0.097,0.022,-0.119,15.558,16.202,14.914
2024-01-25,14.97,15.25,14.91,15.24,23723800,15.068,15.535,15.387,45.396,-0.096,-0.002,-0.094,15.535,16.191,14.879
2024-01-26,15.24,15.37,15.22,15.34,14265400,15.11,15.521,15.403,48.311,-0.087,-0.019,-0.068,15.521,16.18,14.861
2024-01-29,15.34,15.38,15.17,15.28,13665900,15.148,15.506,15.413,46.7,-0.083,-0.032,-0.051,15.506,16.174,14.839
2024-01-30,15.25,15.41,15.21,15.39,12446200,15.222,15.5,15.423,49.992,-0.07,-0.039,-0.031,15.5,16.17,14.83
2024-01-31,15.4,15.42,15.11,15.13,16870600,15.276,15.472,15.43,43.2,-0.08,-0.047,-0.033,15.472,16.156,14.789
2024-02-01,15.13,15.37,15.08,15.23,16474000,15.274,15.44,15.436,46.226,-0.079,-0.054,-0.025,15.44,16.104,14.776
2024-02-02,15.19,15.25,14.97,15.17,20964500,15.24,15.409,15.441,44.688,-0.082,-0.059,-0.023,15.409,16.062,14.756
2024-02-05,15.07,15.07,14.86,14.91,14058000,15.166,15.362,15.438,38.68,-0.104,-0.068,-0.036,15.362,16.016,14.708
2024-02-06,14.93,14.96,14.84,14.92,12700400,15.072,15.312,15.433,39.02,-0.12,-0.079,-0.041,15.312,15.937,14.686
2024-02-07,14.97,15.0,14.77,14.89,16670800,15.024,15.262,15.425,38.334,-0.133,-0.089,-0.043,15.262,15.853,14.671
2024-02-08,14.87,14.96,14.82,14.87,17004000,14.952,15.216,15.418,37.856,-0.143,-0.1,-0.043,15.216,15.777,14.655
2024-02-09,14.87,14.95,14.78,14.85,9323400,14.888,15.174,15.411,37.355,-0.151,-0.11,-0.041,15.174,15.711,14.637
2024-02-12,14.86,15.06,14.82,15.0,11205600,14.906,15.133,15.406,43.408,-0.144,-0.117,-0.027,15.133,15.583,14.684
2024-02-13,14.97,15.1,14.73,14.82,15183300,14.886,15.091,15.393,38.589,-0.151,-0.124,-0.027,15.091,15.485,14.697
2024-02-14,14.86,14.89,14.75,14.82,14250200,14.872,15.06,15.378,38.589,-0.154,-0.13,-0.025,15.06,15.432,14.687
2024-02-15,14.78,15.24,14.76,15.17,18223200,14.932,15.056,15.367,50.884,-0.128,-0.129,0.002,15.056,15.424,14.689
2024-02-16,15.17,15.36,15.12,15.3,17603900,15.022,15.065,15.365,54.526,-0.095,-0.123,0.028,15.065,15.448,14.682
2024-02-20,15.31,15.4,15.2,15.25,13300600,15.072,15.073,15.362,52.901,-0.072,-0.112,0.04,15.073,15.464,14.682
2024-02-21,15.33,15.59,15.28,15.58,10843800,15.224,15.101,15.366,61.133,-0.027,-0.095,0.068,15.101,15.552,14.65
2024-02-22,15.42,15.5,15.32,15.43,13092600,15.346,15.129,15.363,56.315,-0.004,-0.077,0.073,15.129,15.588,14.671
2024-02-23,15.38,15.52,15.35,15.42,9892600,15.396,15.138,15.362,55.998,0.014,-0.059,0.073,15.138,15.613,14.664
2024-02-26,15.38,15.49,15.28,15.32,8172200,15.4,15.138,15.366,52.799,0.02,-0.043,0.063,15.138,15.611,14.664
2024-02-27,15.39,15.41,15.25,15.35,12062800,15.42,15.141,15.365,53.654,0.027,-0.029,0.056,15.141,15.62,14.662
2024-02-28,15.37,15.43,15.22,15.34,11414800,15.372,15.138,15.361,53.307,0.031,-0.017,0.048,15.138,15.612,14.665
2024-02-29,15.42,15.59,15.36,15.55,15578700,15.396,15.16,15.364,59.262,0.05,-0.004,0.054,15.16,15.668,14.651
2024-03-01,15.54,15.65,15.51,15.61,10955500,15.434,15.178,15.367,60.8,0.07,0.011,0.059,15.178,15.725,14.632
2024-03-04,15.6,15.75,15.58,15.71,10815600,15.512,15.206,15.371,63.288,0.093,0.027,0.065,15.206,15.801,14.61
2024-03-05,15.73,15.96,15.71,15.85,11811700,15.612,15.253,15.38,66.495,0.12,0.046,0.074,15.253,15.896,14.609
2024-03-06,15.89,16.02,15.87,15.93,10856500,15.73,15.303,15.388,68.204,0.147,0.066,0.081,15.303,15.994,14.612
2024-03-07,15.98,16.05,15.93,15.98,10734900,15.816,15.357,15.396,69.259,0.17,0.087,0.083,15.357,16.082,14.633
2024-03-08,15.96,16.03,15.86,15.94,11290600,15.882,15.411,15.401,67.334,0.183,0.106,0.077,15.411,16.142,14.68
2024-03-11,15.94,16.08,15.88,16.07,11397500,15.954,15.472,15.41,70.23,0.202,0.125,0.077,15.472,16.21,14.734
2024-03-12,16.03,16.11,16.0,16.04,8024700,15.992,15.524,15.419,68.716,0.212,0.143,0.069,15.524,16.268,14.78
2024-03-13,16.12,16.19,15.97,16.0,18206700,16.006,15.583,15.429,66.652,0.214,0.157,0.057,15.583,16.277,14.889
2024-03-14,15.93,15.98,15.6,15.7,20940800,15.95,15.627,15.429,53.641,0.189,0.163,0.026,15.627,16.222,15.032
2024-03-15,15.65,15.91,15.63,15.74,30086900,15.91,15.656,15.427,54.905,0.171,0.165,0.006,15.656,16.212,15.099
2024-03-18,15.77,15.8,15.67,15.77,16906600,15.85,15.679,15.426,55.877,0.157,0.163,-0.006,15.679,16.212,15.146
2024-03-19,15.81,16.04,15.79,16.03,18142800,15.848,15.718,15.43,63.265,0.165,0.164,0.001,15.718,16.232,15.204
2024-03-20,15.97,16.2,15.94,16.12,11145300,15.872,15.745,15.434,65.423,0.177,0.166,0.01,15.745,16.285,15.205
2024-03-21,16.14,16.37,16.1,16.19,13742500,15.97,15.783,15.44,67.045,0.189,0.171,0.018,15.783,16.336,15.23
2024-03-22,16.23,16.29,16.14,16.15,10169100,16.052,15.82,15.447,65.164,0.194,0.175,0.018,15.82,16.368,15.271
2024-03-25,16.13,16.22,16.0,16.07,16549700,16.112,15.857,15.455,61.451,0.189,0.178,0.011,15.857,16.363,15.351
2024-03-26,16.1,16.11,16.01,16.01,9156000,16.108,15.89,15.459,58.747,0.178,0.178,-0.0,15.89,16.339,15.441
2024-03-27,16.06,16.25,16.0,16.23,8699000,16.13,15.934,15.47,64.853,0.185,0.179,0.006,15.934,16.327,15.542
2024-03-28,16.31,16.48,16.23,16.4,15939400,16.172,15.977,15.489,68.708,0.202,0.184,0.018,15.977,16.379,15.575
2024-04-01,16.43,16.52,16.25,16.46,10873300,16.234,16.02,15.513,69.96,0.218,0.191,0.027,16.02,16.437,15.602
2024-04-02,16.5,16.56,16.36,16.47,10157800,16.314,16.057,15.54,70.174,0.228,0.198,0.03,16.057,16.494,15.621
2024-04-03,16.51,16.61,16.48,16.59,11384700,16.43,16.094,15.57,72.691,0.244,0.207,0.036,16.094,16.58,15.609
2024-04-04,16.64,16.74,16.42,16.48,8949600,16.48,16.122,15.599,67.101,0.244,0.215,0.029,16.122,16.63,15.614
2024-04-05,16.48,16.54,16.29,16.51,9872600,16.502,16.149,15.632,67.828,0.244,0.221,0.024,16.149,16.68,15.617
2024-04-08,16.52,16.65,16.41,16.42,11639600,16.494,16.173,15.656,63.311,0.234,0.223,0.011,16.173,16.708,15.637
2024-04-09,16.46,16.54,16.43,16.52,8290600,16.504,16.195,15.68,66.019,0.232,0.225,0.007,16.195,16.75,15.64
2024-04-10,16.41,16.44,16.27,16.34,10675600,16.454,16.21,15.701,57.755,0.213,0.222,-0.01,16.21,16.763,15.657
2024-04-11,16.36,16.43,16.2,16.41,12520500,16.44,16.23,15.721,59.86,0.201,0.218,-0.017,16.23,16.781,15.68
2024-04-12,16.44,16.58,16.16,16.21,15506300,16.38,16.256,15.743,51.905,0.174,0.209,-0.036,16.256,16.747,15.765
2024-04-15,16.31,16.4,16.02,16.07,10026000,16.31,16.272,15.76,47.178,0.139,0.195,-0.056,16.272,16.71,15.835
2024-04-16,16.07,16.13,15.75,15.82,16201600,16.17,16.275,15.773,40.148,0.09,0.174,-0.084,16.275,16.701,15.849
2024-04-17,15.89,16.03,15.79,15.88,13072600,16.078,16.268,15.792,42.368,0.056,0.151,-0.095,16.268,16.716,15.819
2024-04-18,16.1,16.42,16.05,16.28,26119500,16.052,16.276,15.819,54.486,0.06,0.132,-0.072,16.276,16.719,15.832
2024-04-19,16.37,16.9,16.33,16.85,25698400,16.18,16.309,15.858,65.59,0.108,0.128,-0.019,16.309,16.818,15.799
2024-04-22,16.8,16.92,16.61,16.83,16188200,16.332,16.343,15.898,64.991,0.143,0.131,0.013,16.343,16.897,15.788
2024-04-23,16.84,16.89,16.71,16.77,12914100,16.522,16.378,15.936,63.128,0.164,0.138,0.027,16.378,16.947,15.808
2024-04-24,16.65,16.85,16.56,16.82,12485500,16.71,16.418,15.972,64.053,0.183,0.147,0.036,16.418,16.993,15.843
2024-04-25,16.82,16.89,16.66,16.81,17447500,16.816,16.447,16.012,63.709,0.194,0.156,0.038,16.447,17.04,15.854
2024-04-26,16.79,16.79,16.66,16.7,9415500,16.786,16.462,16.05,59.896,0.193,0.163,0.029,16.462,17.065,15.859
2024-04-29,16.71,16.9,16.71,16.89,10293500,16.798,16.484,16.084,63.913,0.204,0.172,0.033,16.484,17.117,15.85
2024-04-30,16.85,16.86,16.58,16.6,16059200,16.764,16.49,16.11,54.878,0.188,0.175,0.013,16.49,17.125,15.855
2024-05-01,16.65,16.72,16.47,16.56,18135000,16.712,16.488,16.136,53.75,0.169,0.174,-0.004,16.488,17.123,15.854
2024-05-02,16.67,16.87,16.51,16.77,14689700,16.704,16.503,16.16,58.567,0.17,0.173,-0.003,16.503,17.15,15.856
2024-05-03,16.83,16.87,16.69,16.87,12409400,16.738,16.521,16.189,60.668,0.176,0.174,0.003,16.521,17.188,15.854
2024-05-06,16.89,17.05,16.79,16.9,11963200,16.74,16.545,16.219,61.302,0.182,0.175,0.007,16.545,17.231,15.859
2024-05-07,16.98,17.16,16.96,17.05,11863800,16.83,16.572,16.253,64.393,0.196,0.179,0.017,16.572,17.294,15.849
2024-05-08,16.98,17.16,16.94,17.08,11640600,16.934,16.608,16.288,64.995,0.207,0.185,0.022,16.608,17.356,15.861
2024-05-09,17.09,17.28,17.08,17.26,8029000,17.032,16.651,16.326,68.443,0.228,0.194,0.034,16.651,17.446,15.856
2024-05-10,17.4,17.42,17.21,17.33,8141300,17.124,16.707,16.362,69.693,0.247,0.204,0.043,16.707,17.529,15.885
2024-05-13,17.36,17.47,17.3,17.39,12389000,17.222,16.773,16.397,70.763,0.264,0.216,0.048,16.773,17.591,15.955
2024-05-14,17.38,17.66,17.38,17.63,14640500,17.338,16.864,16.436,74.62,0.294,0.232,0.062,16.864,17.637,16.09
2024-05-15,17.63,17.83,17.59,17.75,13622700,17.472,16.957,16.474,76.303,0.323,0.25,0.073,16.957,17.681,16.233
2024-05-16,17.72,17.91,17.71,17.8,11482900,17.58,17.033,16.511,76.988,0.347,0.269,0.077,17.033,17.776,16.29
2024-05-17,17.83,17.97,17.73,17.89,12152800,17.692,17.085,16.549,78.209,0.368,0.289,0.079,17.085,17.915,16.255
2024-05-20,17.9,18.06,17.89,18.02,10286300,17.818,17.144,16.591,79.87,0.391,0.31,0.082,17.144,18.063,16.226
2024-05-21,18.03,18.1,17.91,17.93,10302900,17.878,17.202,16.628,75.575,0.398,0.327,0.07,17.202,18.167,16.238
2024-05-22,17.86,17.86,17.51,17.61,11120000,17.85,17.242,16.66,62.669,0.372,0.336,0.036,17.242,18.205,16.279
2024-05-23,17.62,17.65,17.3,17.33,11921500,17.756,17.268,16.686,53.982,0.326,0.334,-0.008,17.268,18.21,16.326
2024-05-24,17.42,17.45,17.27,17.32,9615000,17.642,17.299,16.719,53.696,0.286,0.324,-0.039,17.299,18.202,16.396
2024-05-28,17.36,17.43,17.26,17.32,11884800,17.502,17.32,16.75,53.696,0.25,0.31,-0.059,17.32,18.203,16.438
2024-05-29,17.26,17.29,17.1,17.17,9005800,17.35,17.349,16.778,49.161,0.208,0.289,-0.081,17.349,18.168,16.53
2024-05-30,17.2,17.27,17.15,17.26,9664400,17.28,17.384,16.803,51.792,0.18,0.267,-0.088,17.384,18.116,16.652
2024-05-31,17.31,17.72,17.25,17.7,19745200,17.354,17.43,16.834,62.114,0.19,0.252,-0.062,17.43,18.115,16.746
2024-06-03,17.69,17.73,17.59,17.71,14348500,17.432,17.472,16.865,62.312,0.198,0.241,-0.044,17.472,18.114,16.831
2024-06-04,17.62,17.9,17.52,17.86,13990700,17.54,17.521,16.899,65.239,0.213,0.235,-0.023,17.521,18.124,16.917
2024-06-05,17.9,17.99,17.73,17.97,14730800,17.7,17.566,16.937,67.248,0.231,0.235,-0.003,17.566,18.159,16.974
2024-06-06,17.92,18.02,17.86,17.99,11409500,17.846,17.612,16.977,67.615,0.244,0.237,0.008,17.612,18.187,17.037
2024-06-07,17.94,17.95,17.78,17.82,9188900,17.87,17.64,17.008,61.332,0.239,0.237,0.002,17.64,18.197,17.083
2024-06-10,17.84,18.05,17.82,17.98,11566500,17.924,17.673,17.04,64.661,0.244,0.238,0.006,17.673,18.229,17.116
2024-06-11,17.9,18.05,17.86,17.97,9229800,17.946,17.702,17.07,64.288,0.245,0.24,0.005,17.702,18.257,17.146
2024-06-12,18.09,18.23,18.03,18.05,10083700,17.962,17.722,17.102,65.976,0.249,0.241,0.007,17.722,18.298,17.147
2024-06-13,18.02,18.08,17.89,17.95,7979400,17.954,17.732,17.129,62.029,0.241,0.241,-0.0,17.732,18.317,17.148
2024-06-14,17.86,17.95,17.76,17.79,8446700,17.948,17.732,17.155,56.231,0.22,0.237,-0.017,17.732,18.316,17.148
2024-06-17,17.77,18.01,17.76,17.86,11724300,17.924,17.73,17.182,58.077,0.206,0.231,-0.025,17.73,18.313,17.148
2024-06-18,17.9,18.04,17.86,17.93,8880500,17.916,17.726,17.212,59.899,0.198,0.224,-0.026,17.726,18.3,17.152
2024-06-20,17.89,18.11,17.84,17.98,10930000,17.902,17.728,17.242,61.196,0.194,0.218,-0.024,17.728,18.307,17.15
2024-06-21,18.05,18.11,17.83,17.9,28989500,17.892,17.743,17.273,57.966,0.182,0.211,-0.029,17.743,18.324,17.162
2024-06-24,17.93,18.34,17.93,18.26,11998500,17.986,17.79,17.31,66.528,0.2,0.209,-0.009,17.79,18.38,17.199
2024-06-25,18.23,18.31,18.17,18.25,9937300,18.064,17.836,17.351,66.125,0.21,0.209,0.001,17.836,18.417,17.255
2024-06-26,18.25,18.29,17.9,17.93,13503400,18.064,17.867,17.388,54.707,0.191,0.205,-0.015,17.867,18.395,17.338
2024-06-27,17.98,18.06,17.82,17.95,10532000,18.058,17.906,17.43,55.227,0.175,0.199,-0.025,17.906,18.321,17.49
2024-06-28,18.04,18.09,17.93,18.05,42524200,18.088,17.945,17.474,57.835,0.168,0.193,-0.025,17.945,18.232,17.658
2024-07-01,18.15,18.17,17.87,17.97,10789700,18.03,17.958,17.508,55.071,0.155,0.185,-0.031,17.958,18.222,17.695
2024-07-02,18.08,18.08,17.68,17.91,12815400,17.962,17.968,17.529,53.024,0.138,0.176,-0.038,17.968,18.206,17.731
2024-07-03,18.01,18.24,17.95,18.13,11016100,18.002,17.982,17.555,59.036,0.14,0.169,-0.028,17.982,18.224,17.74
2024-07-05,18.09,18.15,17.95,18.06,11916500,18.024,17.986,17.581,56.556,0.135,0.162,-0.027,17.986,18.231,17.742
2024-07-08,18.06,18.16,17.98,18.08,9640500,18.03,17.991,17.606,57.111,0.131,0.156,-0.025,17.991,18.239,17.743
2024-07-09,18.03,18.29,18.02,18.15,13993100,18.066,18.008,17.633,59.079,0.132,0.151,-0.019,18.008,18.251,17.764
2024-07-10,18.16,18.26,18.07,18.25,9648500,18.134,18.021,17.664,61.778,0.139,0.149,-0.009,18.021,18.287,17.755
2024-07-11,18.27,18.35,18.17,18.31,15623300,18.17,18.038,17.692,63.34,0.148,0.149,-0.0,18.038,18.333,17.743
2024-07-12,18.39,18.45,18.25,18.34,18489400,18.226,18.053,17.727,64.129,0.156,0.15,0.006,18.053,18.377,17.728
2024-07-15,18.42,18.51,18.3,18.32,13844400,18.274,18.071,17.762,63.153,0.158,0.152,0.007,18.071,18.412,17.73
2024-07-16,18.66,18.66,18.19,18.38,14691300,18.32,18.1,17.794,64.881,0.163,0.154,0.009,18.1,18.441,17.76
2024-07-17,18.44,18.68,18.41,18.65,23408500,18.4,18.14,17.83,71.383,0.187,0.161,0.026,18.14,18.541,17.739
2024-07-18,18.62,19.48,18.56,19.12,42322400,18.562,18.2,17.874,78.756,0.241,0.177,0.064,18.2,18.782,17.617
2024-07-19,19.22,19.79,19.16,19.52,26891100,18.798,18.276,17.924,82.814,0.312,0.204,0.108,18.276,19.096,17.457
2024-07-22,19.55,19.85,19.53,19.84,15594800,19.102,18.374,17.979,85.243,0.39,0.241,0.149,18.374,19.43,17.317
2024-07-23,19.81,19.81,19.58,19.64,20814900,19.354,18.442,18.026,77.839,0.431,0.279,0.152,18.442,19.639,17.246
2024-07-24,19.65,19.67,19.12,19.12,20630700,19.448,18.486,18.062,62.611,0.416,0.307,0.11,18.486,19.716,17.256
2024-07-25,19.13,19.34,19.08,19.14,20800200,19.452,18.546,18.097,62.912,0.402,0.326,0.076,18.546,19.78,17.313
2024-07-26,19.22,19.46,19.2,19.41,12587900,19.43,18.62,18.133,66.792,0.407,0.342,0.065,18.62,19.877,17.362
2024-07-29,19.44,19.49,19.2,19.34,13805100,19.33,18.684,18.165,64.897,0.401,0.354,0.048,18.684,19.951,17.417
2024-07-30,19.34,19.8,19.33,19.73,16671800,19.348,18.772,18.203,70.005,0.423,0.368,0.056,18.772,20.074,17.47
2024-07-31,19.82,19.91,19.43,19.45,15294600,19.414,18.849,18.234,62.925,0.413,0.377,0.037,18.849,20.118,17.58
2024-08-01,19.46,19.52,19.26,19.39,12092600,19.464,18.912,18.262,61.49,0.396,0.381,0.015,18.912,20.156,17.668
2024-08-02,19.31,19.39,18.88,19.03,18941200,19.388,18.96,18.284,53.592,0.349,0.374,-0.025,18.96,20.138,17.783
2024-08-05,18.35,18.56,18.11,18.48,18837000,19.216,18.98,18.301,44.243,0.265,0.352,-0.088,18.98,20.108,17.853
2024-08-06,18.6,19.19,18.47,19.02,19934600,19.074,19.024,18.335,52.926,0.239,0.33,-0.091,19.024,20.081,17.967
2024-08-07,19.22,19.6,19.14,19.14,15593700,19.012,19.068,18.371,54.617,0.225,0.309,-0.084,19.068,20.061,18.076
2024-08-08,19.14,19.49,19.14,19.39,10592500,19.012,19.122,18.413,58.003,0.232,0.293,-0.062,19.122,20.058,18.187
2024-08-09,19.42,19.42,19.14,19.35,13464700,19.076,19.173,18.456,57.267,0.231,0.281,-0.05,19.173,20.037,18.309
2024-08-12,19.38,19.42,19.16,19.25,7603400,19.23,19.22,18.496,55.375,0.22,0.269,-0.049,19.22,19.984,18.455
2024-08-13,19.23,19.33,19.02,19.25,9484600,19.276,19.263,18.527,55.375,0.209,0.257,-0.048,19.263,19.918,18.608
2024-08-14,19.25,19.37,19.18,19.29,7947500,19.306,19.295,18.559,56.048,0.201,0.246,-0.045,19.295,19.883,18.707
2024-08-15,19.44,19.51,19.25,19.43,12283100,19.314,19.31,18.59,58.415,0.203,0.237,-0.034,19.31,19.895,18.726
2024-08-16,19.43,19.46,19.32,19.4,8170500,19.324,19.304,18.619,57.698,0.201,0.23,-0.029,19.304,19.882,18.727
2024-08-19,19.4,19.67,19.35,19.66,10010000,19.406,19.295,18.652,62.045,0.217,0.227,-0.01,19.295,19.843,18.748
2024-08-20,19.63,19.7,19.28,19.36,9770700,19.428,19.282,18.683,55.019,0.204,0.223,-0.019,19.282,19.806,18.757
2024-08-21,19.42,19.47,19.18,19.3,11349000,19.43,19.29,18.709,53.709,0.186,0.215,-0.029,19.29,19.809,18.772
2024-08-22,19.3,19.42,19.23,19.33,7767200,19.41,19.3,18.737,54.295,0.172,0.207,-0.034,19.3,19.814,18.786
2024-08-23,19.39,19.69,19.31,19.59,11384000,19.448,19.309,18.767,59.124,0.18,0.201,-0.021,19.309,19.837,18.781
2024-08-26,19.71,19.79,19.63,19.71,10758300,19.458,19.328,18.803,61.164,0.194,0.2,-0.006,19.328,19.885,18.77
2024-08-27,19.72,19.82,19.6,19.69,10979400,19.524,19.325,18.841,60.621,0.201,0.2,0.001,19.325,19.878,18.773
2024-08-28,19.66,19.71,19.52,19.63,8327400,19.59,19.334,18.876,58.931,0.2,0.2,-0.0,19.334,19.901,18.768
2024-08-29,19.71,19.77,19.53,19.71,8562900,19.666,19.351,18.912,60.512,0.203,0.201,0.002,19.351,19.941,18.76
2024-08-30,19.65,19.87,19.61,19.85,26383300,19.718,19.392,18.949,63.182,0.214,0.203,0.01,19.392,20.002,18.781
2024-09-03,19.74,19.93,19.53,19.84,11945000,19.744,19.46,18.988,62.855,0.219,0.206,0.013,19.46,19.929,18.99
2024-09-04,19.8,19.91,19.6,19.71,14875000,19.748,19.494,19.017,58.609,0.211,0.207,0.003,19.494,19.928,19.06
2024-09-05,19.83,19.86,19.68,19.77,9093000,19.776,19.526,19.047,59.953,0.206,0.207,-0.001,19.526,19.942,19.109
2024-09-06,19.77,19.87,19.37,19.45,11478500,19.724,19.528,19.078,50.525,0.175,0.201,-0.026,19.528,19.942,19.115
2024-09-09,19.48,19.6,19.37,19.44,11855300,19.642,19.533,19.107,50.259,0.148,0.19,-0.042,19.533,19.94,19.126
2024-09-10,19.51,19.55,19.29,19.44,9044100,19.562,19.542,19.135,50.259,0.125,0.177,-0.052,19.542,19.93,19.155
2024-09-11,19.32,19.4,18.92,19.17,10563100,19.454,19.538,19.159,43.147,0.084,0.158,-0.075,19.538,19.94,19.137
2024-09-12,19.2,19.35,19.07,19.27,9023000,19.354,19.538,19.186,46.184,0.059,0.138,-0.08,19.538,19.942,19.133
2024-09-13,19.34,19.48,19.3,19.46,10036900,19.356,19.539,19.213,51.488,0.053,0.121,-0.068,19.539,19.942,19.136
2024-09-16,19.65,19.83,19.6,19.76,11136600,19.42,19.557,19.247,58.451,0.073,0.112,-0.039,19.557,19.966,19.148
2024-09-17,19.8,20.01,19.73,19.84,10256300,19.5,19.566,19.282,60.096,0.093,0.108,-0.015,19.566,19.992,19.14
2024-09-18,19.89,20.09,19.87,19.89,10153100,19.644,19.592,19.317,61.131,0.112,0.109,0.004,19.592,20.03,19.155
2024-09-19,20.06,20.1,19.83,19.87,11860800,19.764,19.621,19.349,60.455,0.124,0.112,0.012,19.621,20.053,19.189
2024-09-20,19.8,20.14,19.75,20.06,21988200,19.884,19.658,19.384,64.474,0.148,0.119,0.029,19.658,20.109,19.206
2024-09-23,20.1,20.43,20.08,20.41,11610100,20.014,19.698,19.426,70.434,0.192,0.134,0.058,19.698,20.26,19.137
2024-09-24,20.53,20.56,20.3,20.45,11105200,20.136,19.736,19.468,71.032,0.228,0.153,0.075,19.736,20.39,19.081
2024-09-25,20.46,20.5,20.29,20.33,12086200,20.224,19.768,19.507,66.674,0.244,0.171,0.073,19.768,20.473,19.062
2024-09-26,20.13,20.31,19.9,19.95,14574600,20.24,19.784,19.533,55.138,0.223,0.181,0.042,19.784,20.49,19.077
2024-09-27,19.99,20.14,19.89,20.06,12662100,20.24,19.801,19.552,57.434,0.213,0.188,0.026,19.801,20.517,19.085
2024-09-30,20.08,20.37,19.93,20.33,10362100,20.224,19.825,19.568,62.506,0.224,0.195,0.029,19.825,20.579,19.071
2024-10-01,20.28,20.83,20.26,20.79,15698100,20.292,19.872,19.587,69.233,0.267,0.209,0.058,19.872,20.742,19.003
2024-10-02,20.85,21.16,20.8,21.11,15220900,20.448,19.943,19.617,72.878,0.324,0.232,0.091,19.943,20.968,18.917
2024-10-03,21.14,21.56,20.98,21.49,17220600,20.756,20.028,19.664,76.447,0.394,0.265,0.13,20.028,21.261,18.796
2024-10-04,21.56,21.77,21.45,21.74,11021000,21.092,20.143,19.716,78.456,0.465,0.305,0.16,20.143,21.561,18.725
2024-10-07,21.76,21.94,21.69,21.7,12242600,21.366,20.256,19.762,77.319,0.512,0.346,0.166,20.256,21.793,18.719
2024-10-08,21.53,21.67,21.22,21.46,10575800,21.5,20.357,19.804,70.704,0.524,0.382,0.142,20.357,21.933,18.781
2024-10-09,21.35,21.67,21.34,21.61,6730500,21.6,20.479,19.842,72.299,0.539,0.413,0.126,20.479,22.046,18.912
2024-10-10,21.67,21.93,21.5,21.83,20257800,21.668,20.607,19.89,74.493,0.562,0.443,0.119,20.607,22.176,19.038
2024-10-11,22.07,22.73,21.96,22.73,21490000,21.866,20.77,19.956,81.091,0.646,0.484,0.162,20.77,22.509,19.032
2024-10-14,22.59,23.03,22.56,22.9,16198800,22.106,20.928,20.034,82.036,0.718,0.531,0.187,20.928,22.84,19.015
2024-10-15,22.76,22.98,22.56,22.79,19919500,22.372,21.075,20.12,79.275,0.757,0.576,0.181,21.075,23.087,19.063
2024-10-16,22.87,23.07,22.73,22.95,17604000,22.64,21.228,20.199,80.313,0.792,0.619,0.173,21.228,23.324,19.132
2024-10-17,22.78,23.41,22.55,22.84,24172200,22.842,21.376,20.273,77.441,0.802,0.656,0.146,21.376,23.488,19.265
2024-10-18,22.89,22.99,22.7,22.96,13670600,22.888,21.521,20.344,78.35,0.81,0.686,0.123,21.521,23.651,19.392
2024-10-21,23.01,23.02,22.69,22.77,9920100,22.862,21.64,20.412,73.311,0.791,0.707,0.084,21.64,23.771,19.508
2024-10-22,22.81,22.98,22.61,22.83,7976700,22.87,21.758,20.484,73.882,0.773,0.721,0.052,21.758,23.876,19.641
2024-10-23,22.78,22.88,22.64,22.8,9856500,22.84,21.882,20.555,73.04,0.747,0.726,0.021,21.882,23.936,19.828
2024-10-24,22.92,23.08,22.8,23.0,15834200,22.872,22.034,20.629,75.079,0.735,0.728,0.007,22.034,23.932,20.137
2024-10-25,23.09,23.19,22.93,22.96,16549400,22.872,22.179,20.7,73.876,0.713,0.725,-0.012,22.179,23.874,20.485
2024-10-28,22.72,22.95,22.7,22.83,10034800,22.884,22.304,20.768,69.952,0.678,0.715,-0.038,22.304,23.779,20.83
2024-10-29,22.88,22.88,22.56,22.67,10089800,22.852,22.398,20.829,65.351,0.63,0.698,-0.069,22.398,23.695,21.102
2024-10-30,22.75,23.1,22.69,22.86,14117300,22.864,22.486,20.899,68.039,0.6,0.678,-0.079,22.486,23.645,21.327
2024-10-31,22.94,22.99,22.67,22.82,12806100,22.828,22.553,20.969,66.863,0.566,0.656,-0.09,22.553,23.62,21.485
2024-11-01,22.87,22.97,22.48,22.52,13274500,22.74,22.592,21.033,58.672,0.51,0.627,-0.117,22.592,23.589,21.594
2024-11-04,22.6,22.81,22.32,22.8,13273400,22.734,22.646,21.097,63.203,0.482,0.598,-0.116,22.646,23.554,21.739
2024-11-05,22.9,23.24,22.85,23.01,18874200,22.802,22.724,21.163,66.196,0.472,0.573,-0.101,22.724,23.452,21.996
2024-11-06,23.63,24.76,23.63,24.54,27282700,23.138,22.87,21.26,79.367,0.58,0.574,0.006,22.87,23.805,21.936
2024-11-07,24.59,24.69,24.39,24.59,13260500,23.492,23.008,21.359,79.646,0.663,0.592,0.071,23.008,24.098,21.919
2024-11-08,24.47,25.14,24.47,25.03,17402000,23.994,23.124,21.466,81.958,0.755,0.624,0.13,23.124,24.529,21.718
2024-11-11,25.03,25.45,25.03,25.39,15876100,24.512,23.248,21.576,83.6,0.847,0.669,0.178,23.248,24.975,21.521
2024-11-12,25.41,25.69,25.25,25.31,14748800,24.972,23.374,21.686,81.818,0.903,0.716,0.187,23.374,25.314,21.434
2024-11-13,25.42,25.45,24.92,24.96,11759400,25.056,23.474,21.791,74.352,0.909,0.754,0.155,23.474,25.527,21.422
2024-11-14,24.91,25.11,24.81,24.92,9870200,25.122,23.578,21.894,73.526,0.9,0.783,0.116,23.578,25.705,21.452
2024-11-15,24.82,25.44,24.82,25.39,12426300,25.194,23.7,22.013,76.788,0.92,0.811,0.109,23.7,25.952,21.448
2024-11-18,25.47,25.92,25.47,25.87,15941000,25.29,23.855,22.141,79.559,0.964,0.841,0.122,23.855,26.259,21.451
2024-11-19,25.69,26.21,25.69,26.15,16420700,25.458,24.021,22.275,80.984,1.009,0.875,0.134,24.021,26.581,21.461
2024-11-20,26.17,26.33,25.86,26.07,11950200,25.68,24.184,22.413,79.283,1.027,0.905,0.122,24.184,26.832,21.537
2024-11-21,26.1,26.7,26.05,26.58,14618000,26.012,24.364,22.56,81.894,1.07,0.938,0.132,24.364,27.154,21.573
2024-11-22,26.58,26.83,26.52,26.53,12382200,26.24,24.542,22.701,80.819,1.088,0.968,0.119,24.542,27.41,21.674
2024-11-25,26.62,26.74,25.75,25.93,26211100,26.252,24.697,22.824,69.091,1.041,0.983,0.058,24.697,27.51,21.884
2024-11-26,25.94,26.3,25.94,26.16,11272800,26.254,24.872,22.951,70.838,1.011,0.988,0.023,24.872,27.586,22.157
2024-11-27,26.16,26.3,26.04,26.14,8127100,26.268,25.036,23.076,70.465,0.974,0.986,-0.011,25.036,27.633,22.438
2024-11-29,26.23,26.4,26.15,26.32,6268200,26.216,25.211,23.205,71.899,0.949,0.978,-0.029,25.211,27.646,22.775
2024-12-02,26.28,26.32,25.46,25.55,9652400,26.02,25.362,23.315,58.757,0.857,0.954,-0.097,25.362,27.444,23.28
2024-12-03,25.58,25.65,25.33,25.53,12491100,25.94,25.498,23.417,58.458,0.773,0.918,-0.145,25.498,27.195,23.802
2024-12-04,25.48,25.53,25.25,25.51,9852600,25.81,25.624,23.518,58.14,0.697,0.874,-0.176,25.624,26.852,24.395
2024-12-05,25.63,26.28,25.59,26.05,13451600,25.792,25.699,23.633,63.864,0.673,0.834,-0.161,25.699,26.829,24.569
2024-12-06,26.01,26.2,25.73,25.86,11530400,25.7,25.762,23.751,60.718,0.631,0.793,-0.162,25.762,26.766,24.759
2024-12-09,25.93,25.96,25.16,25.24,12138700,25.638,25.773,23.854,51.757,0.542,0.743,-0.201,25.773,26.748,24.798
2024-12-10,25.44,25.52,24.95,25.04,15516800,25.54,25.756,23.949,49.233,0.449,0.684,-0.235,25.756,26.771,24.74
2024-12-11,25.16,25.39,25.03,25.1,15058600,25.458,25.745,24.035,50.021,0.377,0.623,-0.246,25.745,26.784,24.706
2024-12-12,25.1,25.33,24.96,25.05,10795700,25.258,25.75,24.114,49.334,0.312,0.56,-0.249,25.75,26.775,24.724
2024-12-13,25.02,25.13,24.86,25.03,8284800,25.092,25.755,24.184,49.044,0.255,0.499,-0.244,25.755,26.763,24.747
2024-12-16,24.86,24.91,24.6,24.73,11582300,24.99,25.722,24.244,44.79,0.185,0.436,-0.252,25.722,26.819,24.625
2024-12-17,24.58,24.87,24.31,24.78,14320000,24.938,25.668,24.306,45.636,0.131,0.375,-0.244,25.668,26.84,24.495
2024-12-18,24.76,24.88,24.01,24.05,12764500,24.728,25.562,24.358,36.773,0.029,0.306,-0.277,25.562,26.915,24.21
2024-12-19,24.32,24.69,24.06,24.43,20249900,24.604,25.48,24.414,42.981,-0.021,0.241,-0.261,25.48,26.901,24.06
2024-12-20,24.43,25.13,24.34,25.0,28504400,24.598,25.402,24.477,50.787,-0.014,0.19,-0.204,25.402,26.737,24.066
2024-12-23,25.0,25.24,24.72,25.19,10863300,24.69,25.334,24.527,53.092,0.007,0.153,-0.146,25.334,26.562,24.107
2024-12-24,25.24,25.51,25.13,25.45,4702800,24.824,25.31,24.578,56.121,0.044,0.131,-0.088,25.31,26.507,24.114
2024-12-26,25.36,25.41,25.24,25.37,8172100,25.088,25.271,24.629,54.945,0.066,0.118,-0.053,25.271,26.4,24.142
2024-12-27,25.33,25.48,25.19,25.31,6755600,25.264,25.23,24.676,54.031,0.077,0.11,-0.033,25.23,26.283,24.176
2024-12-30,25.29,25.65,25.08,25.48,7953900,25.36,25.188,24.729,56.252,0.099,0.108,-0.009,25.188,26.117,24.258
2024-12-31,25.53,25.83,25.47,25.51,7862400,25.424,25.186,24.78,56.65,0.117,0.11,0.008,25.186,26.112,24.259
2025-01-02,25.72,26.27,25.62,26.18,13891800,25.57,25.218,24.848,64.433,0.184,0.125,0.059,25.218,26.237,24.199
2025-01-03,26.31,26.57,26.2,26.32,9877300,25.76,25.258,24.918,65.814,0.245,0.149,0.096,25.258,26.385,24.132
2025-01-06,26.35,26.44,25.82,25.92,14420800,25.882,25.252,24.981,58.79,0.258,0.171,0.088,25.252,26.36,24.144
2025-01-07,26.01,26.16,25.78,25.9,9703900,25.966,25.254,25.039,58.454,0.264,0.189,0.075,25.254,26.367,24.141
2025-01-08,25.83,26.36,25.78,26.34,11149000,26.132,25.309,25.106,63.408,0.301,0.212,0.089,25.309,26.523,24.095
2025-01-10,26.53,26.84,26.09,26.22,11912500,26.14,25.368,25.174,61.262,0.316,0.233,0.084,25.368,26.64,24.096
2025-01-13,26.31,26.69,26.24,26.56,12019000,26.188,25.441,25.252,64.887,0.352,0.256,0.096,25.441,26.812,24.07
2025-01-14,26.61,27.27,26.52,27.12,14599900,26.428,25.544,25.337,69.886,0.421,0.289,0.132,25.544,27.093,23.996
2025-01-15,27.37,27.54,27.24,27.41,12104200,26.73,25.664,25.429,72.101,0.493,0.33,0.163,25.664,27.4,23.927
2025-01-16,27.41,28.0,27.32,27.99,21219100,27.06,25.826,25.538,75.917,0.59,0.382,0.208,25.826,27.791,23.862
2025-01-17,27.91,28.41,27.82,28.22,16062400,27.46,25.998,25.647,77.246,0.678,0.441,0.237,25.998,28.169,23.828
2025-01-21,28.48,29.31,28.45,29.07,22826600,27.962,26.25,25.768,81.343,0.807,0.515,0.293,26.25,28.622,23.877
2025-01-22,29.29,29.3,28.55,28.66,20361200,28.27,26.461,25.85,74.385,0.866,0.585,0.281,26.461,28.904,24.018
2025-01-23,29.15,29.15,28.02,28.38,22002800,28.464,26.63,25.926,69.982,0.88,0.644,0.236,26.63,29.115,24.145
2025-01-24,28.38,28.46,28.09,28.19,12773500,28.504,26.78,25.989,67.081,0.866,0.688,0.178,26.78,29.261,24.299
2025-01-27,27.04,27.2,25.41,25.57,37477200,27.974,26.786,25.993,41.519,0.636,0.678,-0.042,26.786,29.254,24.318
2025-01-28,25.65,25.7,25.1,25.57,23941400,27.274,26.796,25.998,41.519,0.449,0.632,-0.183,26.796,29.241,24.351
2025-01-29,25.64,26.05,25.26,25.42,14620600,26.626,26.801,26.007,40.495,0.285,0.562,-0.278,26.801,29.233,24.37
2025-01-30,25.67,26.27,25.61,26.17,16858900,26.184,26.836,26.032,47.474,0.213,0.493,-0.28,26.836,29.208,24.464
2025-01-31,26.29,26.32,25.53,25.59,21419100,25.664,26.84,26.036,43.249,0.108,0.416,-0.308,26.84,29.203,24.477
2025-02-03,25.26,26.15,25.14,25.95,12768300,25.74,26.828,26.038,46.436,0.053,0.343,-0.29,26.828,29.207,24.45
2025-02-04,25.74,26.11,25.72,25.88,12009200,25.802,26.806,26.032,45.896,0.004,0.275,-0.271,26.806,29.213,24.4
2025-02-05,26.05,26.24,25.87,26.01,12067800,25.92,26.811,26.031,47.125,-0.024,0.215,-0.24,26.811,29.21,24.412
2025-02-06,26.08,26.08,24.98,25.2,15741100,25.726,26.776,26.004,40.893,-0.111,0.15,-0.261,26.776,29.251,24.301
2025-02-07,25.28,25.62,25.01,25.45,12992700,25.698,26.732,25.982,43.382,-0.157,0.089,-0.246,26.732,29.27,24.193
2025-02-10,25.6,25.68,25.16,25.47,16680600,25.602,26.694,25.973,43.586,-0.19,0.033,-0.223,26.694,29.286,24.102
2025-02-11,25.4,25.4,24.83,25.21,16879100,25.468,26.626,25.954,41.487,-0.235,-0.021,-0.214,26.626,29.302,23.951
2025-02-12,24.89,25.27,24.59,24.73,15357000,25.212,26.507,25.926,37.861,-0.305,-0.077,-0.228,26.507,29.301,23.713
2025-02-13,24.81,25.17,24.64,24.99,14668500,25.17,26.386,25.899,40.875,-0.336,-0.129,-0.207,26.386,29.224,23.548
2025-02-14,25.08,25.37,24.98,24.98,12565400,25.076,26.236,25.888,40.793,-0.357,-0.175,-0.182,26.236,29.035,23.436
2025-02-18,25.03,25.36,24.99,25.17,12601900,25.016,26.083,25.88,43.127,-0.355,-0.211,-0.144,26.083,28.757,23.409
2025-02-19,25.17,25.6,25.08,25.3,12193400,25.034,25.894,25.876,44.732,-0.338,-0.236,-0.102,25.894,28.186,23.603
2025-02-20,25.07,25.14,24.67,25.02,12513600,25.092,25.712,25.856,41.984,-0.344,-0.258,-0.086,25.712,27.626,23.799
2025-02-21,24.98,25.23,24.65,24.85,21468900,25.064,25.536,25.835,40.362,-0.358,-0.278,-0.08,25.536,27.015,24.057
2025-02-24,24.97,25.25,24.64,24.91,15017200,25.05,25.372,25.829,41.225,-0.36,-0.294,-0.066,25.372,26.193,24.551
2025-02-25,24.89,24.94,23.93,24.56,15350000,24.928,25.322,25.819,37.791,-0.385,-0.312,-0.073,25.322,26.213,24.43
2025-02-26,24.57,24.76,24.4,24.63,12330800,24.794,25.274,25.81,38.887,-0.395,-0.329,-0.066,25.274,26.209,24.34
2025-02-27,24.72,24.98,24.36,24.67,15315700,24.724,25.237,25.802,39.543,-0.396,-0.342,-0.053,25.237,26.206,24.268
2025-02-28,24.65,25.52,24.64,25.5,16400200,24.854,25.204,25.812,51.236,-0.325,-0.339,0.014,25.204,26.079,24.328
2025-03-03,25.88,26.25,25.35,25.54,16312200,24.98,25.201,25.828,51.721,-0.263,-0.324,0.061,25.201,26.072,24.33
2025-03-04,25.32,25.93,25.05,25.4,16430300,25.148,25.173,25.84,49.853,-0.222,-0.303,0.081,25.173,25.977,24.37
2025-03-05,25.22,25.36,24.67,25.15,12418200,25.252,25.137,25.862,46.616,-0.208,-0.284,0.076,25.137,25.868,24.406
2025-03-06,24.85,24.96,24.34,24.76,13530000,25.27,25.074,25.869,42.032,-0.225,-0.272,0.047,25.074,25.697,24.452
2025-03-07,24.81,24.94,24.03,24.6,12813600,25.09,25.045,25.861,40.281,-0.249,-0.268,0.019,25.045,25.699,24.39
2025-03-10,24.5,24.85,24.26,24.6,14227400,24.902,25.002,25.849,40.281,-0.265,-0.267,0.002,25.002,25.656,24.348
2025-03-11,24.61,25.22,24.56,24.85,14035700,24.792,24.971,25.837,44.472,-0.254,-0.265,0.01,24.971,25.589,24.353
2025-03-12,25.09,25.3,24.78,24.96,11236200,24.754,24.958,25.829,46.258,-0.235,-0.259,0.024,24.958,25.566,24.351
2025-03-13,25.03,25.2,24.79,24.98,10448800,24.798,24.971,25.822,46.595,-0.215,-0.25,0.035,24.971,25.569,24.373
2025-03-14,25.24,25.6,25.07,25.5,8635000,24.978,24.996,25.823,54.561,-0.155,-0.231,0.076,24.996,25.64,24.353
2025-03-17,25.45,26.24,25.38,26.15,10623700,25.288,25.055,25.835,62.16,-0.055,-0.196,0.141,25.055,25.879,24.231
2025-03-18,26.16,26.27,25.84,25.9,12056500,25.498,25.092,25.83,58.133,0.004,-0.156,0.16,25.092,25.998,24.185
2025-03-19,26.01,26.29,25.84,26.21,11478000,25.748,25.137,25.828,61.466,0.075,-0.11,0.185,25.137,26.17,24.104
2025-03-20,26.13,26.51,26.09,26.41,8205300,26.034,25.207,25.837,63.486,0.146,-0.058,0.205,25.207,26.383,24.03
2025-03-21,26.34,26.42,26.12,26.28,19506400,26.19,25.278,25.845,61.239,0.19,-0.009,0.198,25.278,26.535,24.021
2025-03-24,26.42,27.09,26.41,27.02,12508500,26.364,25.383,25.859,68.15,0.28,0.049,0.231,25.383,26.847,23.92
2025-03-25,27.13,27.41,26.96,27.13,11393900,26.61,25.512,25.877,69.033,0.357,0.111,0.247,25.512,27.116,23.908
2025-03-26,27.32,27.38,26.68,26.8,11898800,26.728,25.62,25.882,63.354,0.387,0.166,0.221,25.62,27.266,23.975
2025-03-27,26.81,26.88,26.42,26.57,8885200,26.76,25.716,25.871,59.669,0.388,0.21,0.177,25.716,27.35,24.081
2025-03-28,26.39,26.77,26.33,26.7,8357100,26.844,25.776,25.856,61.048,0.394,0.247,0.147,25.776,27.463,24.088
2025-03-31,26.45,26.99,26.43,26.85,13867500,26.81,25.841,25.834,62.636,0.406,0.279,0.128,25.841,27.591,24.091
2025-04-01,26.7,26.97,26.43,26.94,8692100,26.772,25.918,25.808,63.594,0.419,0.307,0.112,25.918,27.721,24.115
2025-04-02,26.71,27.23,26.69,27.22,8662500,26.856,26.021,25.771,66.476,0.446,0.335,0.111,26.021,27.876,24.167
2025-04-03,26.22,26.96,26.0,26.09,16704000,26.76,26.088,25.72,49.46,0.372,0.342,0.03,26.088,27.845,24.331
2025-04-04,25.14,25.49,23.63,23.8,29083900,26.18,26.048,25.628,31.732,0.127,0.299,-0.172,26.048,27.975,24.121
2025-04-07,22.94,24.64,22.53,23.87,23814400,25.584,26.012,25.542,32.528,-0.06,0.227,-0.288,26.012,28.077,23.946
2025-04-08,24.72,24.97,23.36,23.72,16547000,24.94,25.955,25.505,31.676,-0.219,0.138,-0.357,25.955,28.208,23.702
2025-04-09,23.23,25.07,22.95,24.7,26281200,24.436,25.942,25.487,42.312,-0.262,0.058,-0.32,25.942,28.222,23.662
2025-04-10,24.37,24.8,23.63,24.27,17628500,24.072,25.906,25.464,39.413,-0.327,-0.019,-0.308,25.906,28.27,23.543
2025-04-11,24.39,25.01,23.92,24.91,15769100,24.294,25.877,25.439,45.409,-0.324,-0.08,-0.244,25.877,28.276,23.478
2025-04-14,25.41,25.46,25.04,25.22,11119600,24.564,25.83,25.432,48.089,-0.292,-0.122,-0.17,25.83,28.243,23.418
2025-04-15,25.33,25.98,25.3,25.62,12974800,24.944,25.816,25.425,51.403,-0.233,-0.145,-0.088,25.816,28.231,23.402
2025-04-16,25.49,25.84,25.24,25.36,11724200,25.076,25.774,25.415,49.204,-0.204,-0.156,-0.048,25.774,28.189,23.359
2025-04-17,25.19,26.05,25.14,25.5,22873900,25.322,25.728,25.404,50.434,-0.168,-0.159,-0.009,25.728,28.128,23.329
2025-04-21,25.28,25.42,23.93,24.27,19053200,25.194,25.628,25.386,41.034,-0.236,-0.174,-0.062,25.628,28.097,23.159
2025-04-22,24.73,25.21,24.49,25.03,18212100,25.156,25.528,25.377,47.54,-0.226,-0.185,-0.041,25.528,27.921,23.136
2025-04-23,25.27,25.53,24.85,25.03,19540400,25.038,25.424,25.369,47.54,-0.216,-0.191,-0.025,25.424,27.701,23.146
2025-04-24,25.13,25.44,24.93,25.29,10988200,25.024,25.348,25.37,49.74,-0.184,-0.189,0.005,25.348,27.532,23.164
2025-04-25,25.14,25.31,25.02,25.27,9267300,24.978,25.283,25.381,49.568,-0.159,-0.183,0.024,25.283,27.39,23.176
2025-04-28,25.25,25.54,24.99,25.47,11939300,25.218,25.222,25.391,51.381,-0.122,-0.171,0.049,25.222,27.223,23.22
2025-04-29,25.29,25.72,25.26,25.61,10927000,25.334,25.16,25.403,52.664,-0.08,-0.153,0.073,25.16,27.021,23.298
2025-04-30,25.23,25.37,24.69,25.02,15398200,25.332,25.063,25.4,47.032,-0.093,-0.141,0.048,25.063,26.725,23.402
2025-05-01,24.82,25.57,24.75,25.02,13555100,25.278,24.954,25.395,47.032,-0.103,-0.133,0.031,24.954,26.27,23.637
2025-05-02,25.33,25.58,25.16,25.52,10497900,25.328,24.925,25.405,52.07,-0.069,-0.12,0.051,24.925,26.16,23.69
2025-05-05,25.27,25.69,24.99,25.56,17724100,25.346,25.013,25.419,52.459,-0.038,-0.104,0.065,25.013,26.158,23.868
2025-05-06,25.54,26.05,25.43,25.88,19004700,25.4,25.114,25.438,55.57,0.011,-0.081,0.092,25.114,26.186,24.041
2025-05-07,25.95,26.42,25.9,26.27,13832600,25.65,25.241,25.472,59.084,0.081,-0.048,0.13,25.241,26.218,24.264
2025-05-08,26.49,26.51,25.7,25.72,14765200,25.79,25.292,25.494,52.748,0.091,-0.021,0.112,25.292,26.257,24.327
2025-05-09,25.98,26.09,25.65,25.98,8832500,25.882,25.378,25.52,55.194,0.119,0.007,0.111,25.378,26.261,24.494
2025-05-12,26.48,26.49,25.59,25.98,13049900,25.966,25.431,25.53,55.194,0.139,0.034,0.105,25.431,26.325,24.537
2025-05-13,26.07,26.38,26.0,26.16,13914000,26.022,25.478,25.542,56.982,0.168,0.06,0.107,25.478,26.422,24.534
2025-05-14,26.04,26.15,25.91,26.12,10651700,25.992,25.503,25.557,56.443,0.185,0.085,0.1,25.503,26.489,24.517
2025-05-15,25.88,26.66,25.88,26.64,11996400,26.176,25.567,25.587,61.537,0.238,0.116,0.122,25.567,26.673,24.461
2025-05-16,26.66,26.86,26.47,26.72,12400000,26.324,25.628,25.626,62.268,0.283,0.149,0.134,25.628,26.847,24.409
2025-05-19,26.52,26.67,26.3,26.64,7841500,26.456,25.746,25.667,61.019,0.309,0.181,0.128,25.746,26.866,24.627
2025-05-20,26.64,26.81,26.59,26.62,7644500,26.548,25.826,25.707,60.691,0.324,0.21,0.114,25.826,26.957,24.695
2025-05-21,26.51,26.6,26.12,26.13,11807700,26.55,25.881,25.733,53.157,0.293,0.226,0.067,25.881,26.955,24.807
2025-05-22,26.06,26.2,25.75,26.01,10493200,26.424,25.917,25.754,51.472,0.256,0.232,0.024,25.917,26.955,24.879
2025-05-23,25.93,26.54,25.88,26.5,12400600,26.38,25.978,25.784,57.409,0.263,0.238,0.024,25.978,27.001,24.956
2025-05-27,26.71,26.9,26.66,26.82,15941700,26.416,26.046,25.81,60.784,0.291,0.249,0.042,26.046,27.105,24.987
2025-05-28,26.92,26.97,26.52,26.59,10609600,26.41,26.095,25.819,57.272,0.291,0.257,0.034,26.095,27.159,25.031
2025-05-29,26.57,26.62,26.27,26.56,12942400,26.496,26.172,25.832,56.811,0.286,0.263,0.023,26.172,27.126,25.218
2025-05-30,26.44,26.86,26.44,26.67,15718400,26.628,26.254,25.842,58.141,0.287,0.268,0.019,26.254,27.063,25.446
2025-06-02,26.87,27.29,26.47,27.25,16709000,26.778,26.341,25.858,64.374,0.331,0.28,0.05,26.341,27.188,25.494
2025-06-03,27.26,27.3,27.06,27.17,11723700,26.848,26.422,25.876,62.981,0.355,0.295,0.06,26.422,27.262,25.581
2025-06-04,27.14,27.27,26.56,26.66,11909100,26.862,26.461,25.869,54.835,0.33,0.302,0.027,26.461,27.267,25.654
2025-06-05,26.76,26.99,26.56,26.86,10590000,26.922,26.49,25.864,57.174,0.322,0.306,0.015,26.49,27.31,25.67
2025-06-06,26.88,27.05,26.57,26.77,11892300,26.942,26.542,25.863,55.774,0.305,0.306,-0.001,26.542,27.286,25.799
2025-06-09,26.73,26.76,26.08,26.19,12884300,26.73,26.553,25.855,47.672,0.241,0.293,-0.051,26.553,27.269,25.837
2025-06-10,26.36,26.52,25.88,26.05,13945600,26.506,26.556,25.842,45.937,0.178,0.27,-0.092,26.556,27.261,25.852
2025-06-11,26.17,26.31,26.04,26.18,13379100,26.41,26.557,25.829,47.836,0.137,0.243,-0.107,26.557,27.259,25.856
2025-06-12,26.31,26.38,26.05,26.31,9233700,26.3,26.567,25.816,49.736,0.113,0.217,-0.104,26.567,27.249,25.885
2025-06-13,26.53,26.66,26.02,26.29,13027300,26.204,26.55,25.798,49.438,0.092,0.192,-0.1,26.55,27.241,25.858
2025-06-16,26.27,26.66,26.21,26.31,11844500,26.228,26.529,25.802,49.762,0.076,0.169,-0.093,26.529,27.224,25.834
2025-06-17,26.47,26.56,26.09,26.13,12722000,26.244,26.503,25.849,46.847,0.048,0.145,-0.097,26.503,27.218,25.789
2025-06-18,26.27,26.39,25.95,26.23,10601800,26.254,26.484,25.896,48.647,0.033,0.122,-0.089,26.484,27.207,25.761
2025-06-20,26.28,26.79,26.19,26.65,17087700,26.322,26.51,25.955,55.467,0.055,0.109,-0.054,26.51,27.216,25.804
2025-06-23,26.85,27.16,26.44,26.72,13397200,26.408,26.545,25.995,56.504,0.077,0.103,-0.025,26.545,27.217,25.874
2025-06-24,26.58,27.25,26.53,27.15,13252100,26.576,26.578,26.053,62.31,0.128,0.108,0.02,26.578,27.301,25.855
2025-06-25,27.28,27.3,26.8,26.93,13100700,26.736,26.583,26.093,58.041,0.149,0.116,0.033,26.583,27.316,25.851
2025-06-26,26.96,27.49,26.88,27.48,12445200,26.986,26.628,26.138,64.575,0.207,0.134,0.073,26.628,27.463,25.793
2025-06-27,27.53,27.74,27.36,27.57,17106100,27.17,26.679,26.177,65.521,0.258,0.159,0.099,26.679,27.612,25.745
2025-06-30,27.66,28.14,27.51,27.97,14239900,27.42,26.744,26.229,69.429,0.326,0.192,0.134,26.744,27.841,25.646
2025-07-01,27.93,28.0,26.74,26.95,18914800,27.38,26.729,26.258,52.948,0.295,0.213,0.082,26.729,27.805,25.652
2025-07-02,26.95,27.17,26.52,27.11,15597500,27.416,26.726,26.315,54.762,0.28,0.226,0.054,26.726,27.797,25.654
2025-07-03,27.05,27.18,26.82,27.03,5100600,27.326,26.744,26.355,53.649,0.258,0.233,0.026,26.744,27.824,25.664
2025-07-07,27.02,27.15,26.81,26.95,9336100,27.202,26.748,26.394,52.499,0.232,0.233,-0.0,26.748,27.831,25.666
2025-07-08,26.77,26.86,26.36,26.76,14131100,26.96,26.748,26.423,49.771,0.194,0.225,-0.031,26.748,27.831,25.665
2025-07-09,26.84,26.88,26.27,26.45,13026100,26.86,26.761,26.447,45.606,0.137,0.207,-0.07,26.761,27.821,25.701
2025-07-10,26.35,26.47,25.99,26.44,11760300,26.726,26.78,26.466,45.474,0.09,0.184,-0.094,26.78,27.799,25.762
2025-07-11,26.41,26.57,26.29,26.48,11281000,26.616,26.795,26.483,46.146,0.055,0.158,-0.103,26.795,27.786,25.805
2025-07-14,26.47,26.98,26.4,26.94,14618900,26.614,26.827,26.522,53.281,0.064,0.139,-0.075,26.827,27.792,25.862
2025-07-15,26.9,26.97,26.42,26.58,16441400,26.578,26.842,26.553,47.929,0.042,0.12,-0.078,26.842,27.781,25.902
2025-07-16,26.62,26.74,26.41,26.55,16290600,26.598,26.853,26.574,47.501,0.021,0.1,-0.079,26.853,27.77,25.937
2025-07-17,25.88,26.33,25.58,26.15,24725400,26.54,26.854,26.585,42.101,-0.027,0.075,-0.102,26.854,27.768,25.941
2025-07-18,26.28,26.64,26.2,26.52,18793100,26.548,26.869,26.598,47.991,-0.035,0.053,-0.088,26.869,27.749,25.989
2025-07-21,26.41,26.47,25.69,25.79,19410000,26.318,26.826,26.589,39.461,-0.099,0.023,-0.121,26.826,27.827,25.825
2025-07-22,25.85,26.0,25.64,25.66,13201700,26.134,26.773,26.587,38.16,-0.158,-0.014,-0.145,26.773,27.902,25.644
2025-07-23,25.56,25.68,25.19,25.5,22335900,25.924,26.69,26.578,36.563,-0.216,-0.054,-0.162,26.69,27.938,25.443
2025-07-24,25.53,26.14,25.44,26.08,19086900,25.91,26.648,26.58,45.474,-0.212,-0.086,-0.126,26.648,27.919,25.377
2025-07-25,26.19,26.35,25.93,26.06,15215800,25.818,26.577,26.578,45.238,-0.208,-0.11,-0.098,26.577,27.81,25.344
2025-07-28,26.24,26.29,25.81,25.88,13866600,25.836,26.492,26.573,43.071,-0.217,-0.132,-0.086,26.492,27.67,25.315
2025-07-29,26.07,26.59,25.95,26.52,15308200,26.008,26.42,26.571,51.893,-0.171,-0.139,-0.032,26.42,27.371,25.469
2025-07-30,26.5,26.84,26.45,26.65,18126200,26.238,26.405,26.569,53.47,-0.122,-0.136,0.014,26.405,27.33,25.48
2025-07-31,26.54,27.03,26.53,26.98,14893100,26.418,26.399,26.576,57.297,-0.056,-0.12,0.064,26.399,27.304,25.493
2025-08-01,26.71,27.14,26.44,27.01,16329100,26.608,26.398,26.584,57.638,-0.002,-0.096,0.095,26.398,27.3,25.495
2025-08-04,27.02,27.36,26.94,27.19,16654700,26.87,26.409,26.605,59.717,0.055,-0.066,0.121,26.409,27.349,25.47
2025-08-05,27.18,27.24,26.36,26.96,17996200,26.958,26.42,26.624,55.939,0.081,-0.037,0.118,26.42,27.378,25.461
2025-08-06,26.06,26.32,25.64,25.72,38849100,26.772,26.383,26.608,40.911,0.002,-0.029,0.031,26.383,27.391,25.375
2025-08-07,25.85,26.13,25.72,25.73,17708300,26.522,26.348,26.587,41.049,-0.06,-0.035,-0.025,26.348,27.397,25.298
2025-08-08,25.88,26.02,25.64,25.85,15120900,26.29,26.316,26.572,42.77,-0.098,-0.048,-0.05,26.316,27.386,25.246
2025-08-11,25.86,26.04,25.73,25.85,12205000,26.022,26.262,26.558,42.77,-0.127,-0.064,-0.063,26.262,27.308,25.215
2025-08-12,25.86,25.88,25.25,25.53,15164400,25.736,26.209,26.535,39.227,-0.173,-0.085,-0.088,26.209,27.293,25.125
2025-08-13,25.62,25.83,25.25,25.83,14462100,25.758,26.173,26.506,43.918,-0.184,-0.105,-0.079,26.173,27.257,25.089
2025-08-14,25.77,26.05,25.66,25.81,14969600,25.774,26.156,26.479,43.676,-0.192,-0.122,-0.069,26.156,27.253,25.059
2025-08-15,25.87,25.96,25.61,25.64,13657300,25.732,26.112,26.459,41.578,-0.209,-0.14,-0.069,26.112,27.218,25.006
2025-08-18,25.52,25.52,25.17,25.22,10558400,25.606,26.083,26.426,36.868,-0.254,-0.163,-0.091,26.083,27.252,24.915
2025-08-19,25.09,25.38,25.01,25.38,12432600,25.576,26.069,26.398,39.672,-0.273,-0.185,-0.089,26.069,27.265,24.874
2025-08-20,25.39,25.7,25.29,25.54,16175500,25.518,26.071,26.385,42.426,-0.273,-0.202,-0.07,26.071,27.264,24.879
2025-08-21,25.49,25.87,25.47,25.78,11632800,25.512,26.056,26.38,46.379,-0.25,-0.212,-0.038,26.056,27.256,24.857
2025-08-22,25.85,25.95,25.6,25.67,13030200,25.518,26.037,26.37,44.859,-0.238,-0.217,-0.021,26.037,27.248,24.826
2025-08-25,25.67,25.78,25.42,25.46,11144700,25.566,26.016,26.353,42.026,-0.243,-0.222,-0.021,26.016,27.253,24.779
2025-08-26,25.51,25.64,25.13,25.59,13705500,25.608,25.97,26.339,44.368,-0.233,-0.224,-0.009,25.97,27.197,24.742
2025-08-27,25.59,25.88,25.54,25.79,14137500,25.658,25.926,26.328,47.858,-0.207,-0.221,0.014,25.926,27.113,24.74
2025-08-28,25.83,26.0,25.7,25.97,11852800,25.696,25.876,26.325,50.847,-0.17,-0.211,0.041,25.876,26.955,24.797
2025-08-29,25.96,26.04,25.8,25.94,14034500,25.75,25.822,26.319,50.329,-0.142,-0.197,0.055,25.822,26.762,24.883
2025-09-02,25.7,25.94,25.52,25.71,10941300,25.8,25.748,26.3,46.426,-0.136,-0.185,0.049,25.748,26.433,25.064
2025-09-03,25.71,25.84,25.53,25.7,10270700,25.822,25.686,26.28,46.258,-0.131,-0.174,0.043,25.686,26.063,25.308
2025-09-04,25.83,26.1,25.58,25.68,13220800,25.8,25.684,26.251,45.9,-0.127,-0.164,0.038,25.684,26.061,25.306
2025-09-05,25.73,25.81,25.21,25.56,11509200,25.718,25.675,26.223,43.716,-0.132,-0.158,0.026,25.675,26.056,25.294
2025-09-08,25.72,26.04,25.27,25.46,14652100,25.622,25.656,26.183,41.925,-0.142,-0.155,0.013,25.656,26.038,25.273
2025-09-09,25.6,25.86,25.58,25.61,10998900,25.602,25.644,26.144,45.529,-0.137,-0.151,0.014,25.644,26.016,25.271
2025-09-10,25.59,26.4,25.59,26.32,12037000,25.726,25.683,26.111,58.619,-0.074,-0.136,0.062,25.683,26.158,25.208
2025-09-11,26.24,26.51,26.16,26.5,11016200,25.89,25.717,26.102,61.167,-0.01,-0.111,0.101,25.717,26.314,25.119
2025-09-12,26.53,26.74,26.43,26.51,8665000,26.08,25.752,26.09,61.309,0.041,-0.08,0.121,25.752,26.446,25.057
2025-09-15,26.6,26.68,26.27,26.3,9551400,26.248,25.784,26.075,56.611,0.064,-0.051,0.115,25.784,26.518,25.051
2025-09-16,26.35,26.35,26.02,26.16,12100000,26.358,25.832,26.059,53.658,0.07,-0.027,0.097,25.832,26.533,25.13
2025-09-17,26.24,26.59,26.22,26.5,9974300,26.394,25.888,26.054,59.221,0.101,-0.002,0.103,25.888,26.615,25.16
2025-09-18,26.5,26.8,26.43,26.6,10169900,26.414,25.94,26.057,60.714,0.132,0.025,0.107,25.94,26.715,25.166
2025-09-19,26.63,26.65,26.23,26.36,20820600,26.384,25.97,26.055,55.464,0.136,0.047,0.089,25.97,26.762,25.177
2025-09-22,26.28,26.4,26.13,26.13,9891400,26.35,25.992,26.048,50.919,0.119,0.062,0.057,25.992,26.775,25.21
2025-09-23,26.15,26.66,26.09,26.41,11122200,26.4,26.04,26.038,55.68,0.127,0.075,0.052,26.04,26.801,25.279
2025-09-24,26.56,26.95,26.54,26.74,14020800,26.448,26.097,26.041,60.539,0.158,0.091,0.066,26.097,26.889,25.306
2025-09-25,26.76,27.11,26.68,26.85,13493300,26.498,26.15,26.047,62.033,0.189,0.111,0.078,26.15,26.995,25.306
2025-09-26,27.09,27.41,26.95,27.12,13771800,26.65,26.208,26.066,65.487,0.233,0.135,0.097,26.208,27.152,25.264
2025-09-29,27.21,27.27,26.93,27.27,13675800,26.878,26.274,26.081,67.268,0.276,0.163,0.113,26.274,27.32,25.229
2025-09-30,27.19,27.38,27.11,27.22,16456300,27.04,26.35,26.11,66.045,0.303,0.191,0.112,26.35,27.441,25.259
2025-10-01,27.14,27.3,26.92,27.21,13920000,27.134,26.426,26.141,65.787,0.32,0.217,0.103,26.426,27.536,25.315
2025-10-02,27.15,27.79,27.06,27.13,11822000,27.19,26.498,26.174,63.646,0.323,0.238,0.085,26.498,27.593,25.403
2025-10-03,27.14,27.62,26.95,27.36,12537800,27.238,26.588,26.199,66.973,0.341,0.259,0.082,26.588,27.654,25.522
2025-10-06,27.49,27.51,26.85,26.85,10716800,27.154,26.658,26.215,54.962,0.31,0.269,0.041,26.658,27.586,25.729
2025-10-07,26.93,26.99,26.65,26.93,9690600,27.096,26.724,26.236,56.287,0.288,0.273,0.015,26.724,27.517,25.93
2025-10-08,26.76,27.1,26.54,27.05,16501400,27.064,26.76,26.247,58.269,0.278,0.274,0.004,26.76,27.542,25.978
2025-10-09,27.01,27.24,26.4,26.46,14633900,26.93,26.758,26.243,46.987,0.219,0.263,-0.044,26.758,27.543,25.973
2025-10-10,26.44,26.73,26.04,26.05,13835200,26.668,26.735,26.224,41.041,0.138,0.238,-0.1,26.735,27.576,25.894
2025-10-13,26.05,26.31,25.97,26.28,11761700,26.554,26.734,26.21,45.228,0.091,0.209,-0.117,26.734,27.577,25.891
2025-10-14,26.04,26.32,25.96,26.25,9975100,26.418,26.738,26.191,44.782,0.051,0.177,-0.126,26.738,27.569,25.908
2025-10-15,26.41,26.75,26.28,26.54,9641900,26.316,26.741,26.182,49.931,0.042,0.15,-0.108,26.741,27.569,25.912
2025-10-16,26.55,26.67,25.96,26.16,13166400,26.256,26.718,26.191,44.124,0.005,0.121,-0.116,26.718,27.585,25.852
2025-10-17,26.05,26.34,25.98,26.32,13970300,26.31,26.717,26.203,46.923,-0.012,0.094,-0.107,26.717,27.587,25.846
2025-10-20,26.58,26.79,26.29,26.46,19745500,26.346,26.733,26.215,49.315,-0.014,0.073,-0.087,26.733,27.568,25.898
2025-10-21,26.55,26.56,26.3,26.44,11439500,26.384,26.735,26.227,48.976,-0.017,0.055,-0.072,26.735,27.568,25.901
2025-10-22,26.49,26.6,26.08,26.49,13323300,26.374,26.722,26.246,49.904,-0.015,0.041,-0.056,26.722,27.562,25.882
2025-10-23,26.92,27.04,25.23,25.24,29594400,26.19,26.641,26.234,33.492,-0.113,0.01,-0.123,26.641,27.708,25.575
2025-10-24,25.46,25.46,24.76,24.86,19250100,25.898,26.528,26.215,30.236,-0.219,-0.036,-0.183,26.528,27.834,25.223
2025-10-27,24.9,25.18,24.81,25.14,16550200,25.634,26.422,26.205,35.232,-0.277,-0.084,-0.193,26.422,27.817,25.027
2025-10-28,25.17,25.17,24.82,25.07,16978500,25.36,26.314,26.202,34.565,-0.325,-0.132,-0.193,26.314,27.78,24.849
2025-10-29,25.15,25.38,24.86,24.9,18370800,25.042,26.199,26.193,32.936,-0.372,-0.18,-0.192,26.199,27.73,24.668
2025-10-30,24.94,25.31,24.74,25.07,15228400,25.008,26.096,26.183,36.176,-0.392,-0.222,-0.169,26.096,27.641,24.551
2025-10-31,25.09,25.26,24.96,25.18,14287400,25.072,25.987,26.171,38.255,-0.394,-0.257,-0.137,25.987,27.462,24.512
2025-11-03,25.26,25.37,24.89,25.36,15600600,25.116,25.912,26.165,41.606,-0.376,-0.281,-0.096,25.912,27.354,24.471
2025-11-04,25.24,25.36,25.03,25.12,16101600,25.126,25.822,26.158,38.598,-0.378,-0.3,-0.078,25.822,27.221,24.423
2025-11-05,25.08,25.49,24.95,25.2,18891700,25.186,25.73,26.151,40.151,-0.368,-0.314,-0.054,25.73,27.028,24.431
2025-11-06,25.28,25.63,25.2,25.39,12929300,25.25,25.676,26.143,43.789,-0.341,-0.319,-0.022,25.676,26.935,24.417
2025-11-07,25.39,25.87,25.32,25.81,11602400,25.376,25.664,26.139,50.893,-0.282,-0.312,0.029,25.664,26.913,24.415
2025-11-10,25.81,26.38,25.66,26.31,12878400,25.566,25.666,26.147,57.741,-0.193,-0.288,0.095,25.666,26.918,24.413
2025-11-11,26.39,26.44,26.05,26.19,12348200,25.78,25.662,26.156,55.732,-0.131,-0.257,0.126,25.662,26.909,24.416
2025-11-12,26.22,26.58,26.16,26.26,10557700,25.992,25.649,26.168,56.679,-0.075,-0.22,0.145,25.649,26.859,24.438
2025-11-13,26.33,26.44,26.08,26.14,15289400,26.142,25.647,26.177,54.526,-0.04,-0.184,0.144,25.647,26.857,24.438
2025-11-14,26.1,26.73,25.94,26.66,17510700,26.312,25.664,26.199,61.373,0.029,-0.142,0.171,25.664,26.922,24.407
2025-11-17,26.67,26.78,26.37,26.39,14176300,26.328,25.661,26.217,56.607,0.062,-0.101,0.163,25.661,26.909,24.413
2025-11-18,26.32,26.56,26.17,26.34,16210400,26.358,25.656,26.232,55.744,0.083,-0.064,0.147,25.656,26.892,24.42
2025-11-19,25.96,26.15,25.62,26.08,15595200,26.322,25.636,26.227,51.358,0.077,-0.036,0.113,25.636,26.826,24.445
2025-11-20,26.23,26.61,25.96,25.98,19024600,26.29,25.673,26.217,49.737,0.064,-0.016,0.08,25.673,26.857,24.488
2025-11-21,26.06,26.32,25.8,26.23,14887300,26.204,25.741,26.211,53.673,0.073,0.002,0.071,25.741,26.886,24.596
2025-11-24,26.27,26.28,25.82,26.08,23465300,26.142,25.788,26.207,51.088,0.067,0.015,0.052,25.788,26.906,24.67
2025-11-25,25.95,26.05,25.59,25.78,15378100,26.03,25.824,26.199,46.286,0.038,0.02,0.018,25.824,26.889,24.758
2025-11-26,25.91,26.33,25.84,26.2,10980200,26.054,25.888,26.193,52.953,0.048,0.025,0.023,25.888,26.872,24.905
2025-11-28,26.21,26.6,26.11,26.56,5815700,26.17,25.963,26.192,57.79,0.084,0.037,0.047,25.963,26.911,25.015
2025-12-01,26.45,26.68,26.42,26.53,13036700,26.23,26.03,26.196,57.261,0.109,0.052,0.058,26.03,26.935,25.126
2025-12-02,26.56,26.56,26.04,26.1,11198000,26.234,26.068,26.195,50.181,0.093,0.06,0.033,26.068,26.915,25.22
2025-12-03,26.23,26.61,26.14,26.42,10768100,26.362,26.132,26.195,54.673,0.105,0.069,0.036,26.132,26.866,25.399
2025-12-04,26.38,27.09,26.31,27.07,11907400,26.536,26.226,26.202,62.14,0.165,0.088,0.077,26.226,26.935,25.517
2025-12-05,27.1,27.22,26.92,27.0,14290800,26.624,26.306,26.205,60.975,0.205,0.112,0.093,26.306,26.981,25.632
2025-12-08,26.95,26.95,26.49,26.53,12518300,26.624,26.342,26.193,53.696,0.196,0.128,0.068,26.342,26.981,25.704
2025-12-09,26.58,27.05,26.51,26.56,13651700,26.716,26.355,26.179,54.073,0.189,0.141,0.049,26.355,27.001,25.709
2025-12-10,26.58,26.59,25.79,25.85,15477000,26.602,26.338,26.152,44.783,0.125,0.137,-0.012,26.338,27.019,25.657
2025-12-11,25.76,26.08,25.72,26.08,11034100,26.404,26.329,26.129,47.905,0.092,0.128,-0.037,26.329,27.019,25.639
2025-12-12,26.21,26.34,25.84,25.99,10579500,26.202,26.321,26.106,46.79,0.057,0.114,-0.057,26.321,27.023,25.62
2025-12-15,26.03,26.07,25.71,25.98,12074000,26.092,26.288,26.079,46.66,0.029,0.097,-0.068,26.288,26.986,25.589
2025-12-16,25.92,25.92,25.51,25.6,12300300,25.9,26.248,26.054,41.898,-0.024,0.073,-0.097,26.248,27.009,25.487
2025-12-17,25.67,26.0,25.62,25.91,12229600,25.912,26.226,26.033,46.679,-0.04,0.05,-0.09,26.226,27.001,25.452
2025-12-18,25.97,26.11,25.59,25.61,12326900,25.818,26.203,26.004,42.992,-0.076,0.025,-0.101,26.203,27.023,25.383
2025-12-19,25.59,25.99,25.58,25.75,17976200,25.77,26.192,25.99,45.169,-0.093,0.001,-0.094,26.192,27.031,25.352
2025-12-22,25.86,26.19,25.81,26.14,9417500,25.802,26.187,25.992,50.803,-0.074,-0.014,-0.06,26.187,27.026,25.348
2025-12-23,26.09,26.53,26.09,26.52,8517900,25.986,26.209,25.997,55.592,-0.027,-0.016,-0.011,26.209,27.06,25.358
2025-12-24,26.51,26.6,26.43,26.43,3905000,26.09,26.242,26.0,54.245,0.002,-0.013,0.015,26.242,27.073,25.41
2025-12-26,26.49,26.58,26.33,26.43,5094000,26.254,26.253,25.998,54.245,0.025,-0.005,0.03,26.253,27.088,25.418
2025-12-29,26.54,26.76,26.46,26.62,7968700,26.428,26.256,26.007,56.807,0.058,0.008,0.05,26.256,27.096,25.416
2025-12-30,26.73,26.88,26.66,26.81,8074100,26.562,26.27,26.017,59.263,0.098,0.026,0.073,26.27,27.138,25.402
2025-12-31,26.78,26.81,26.6,26.73,9434300,26.604,26.301,26.023,57.774,0.122,0.045,0.077,26.301,27.189,25.414
2026-01-02,26.73,27.13,26.43,26.94,10257300,26.706,26.328,26.033,60.575,0.156,0.067,0.089,26.328,27.259,25.396
2026-01-05,27.18,27.18,26.38,27.13,17778500,26.846,26.33,26.045,62.969,0.197,0.093,0.103,26.33,27.273,25.388
2026-01-06,27.22,27.22,25.85,26.08,19691800,26.738,26.284,26.062,46.254,0.142,0.103,0.039,26.284,27.178,25.391
2026-01-07,26.14,26.42,26.08,26.25,11123800,26.626,26.27,26.09,48.631,0.111,0.105,0.007,26.27,27.156,25.385
2026-01-08,26.25,26.71,26.25,26.51,12654900,26.582,26.268,26.117,52.12,0.107,0.105,0.002,26.268,27.15,25.386
2026-01-09,26.64,26.73,26.18,26.37,13382600,26.468,26.294,26.143,50.145,0.091,0.102,-0.012,26.294,27.155,25.433
2026-01-12,26.39,26.49,25.96,26.17,13562600,26.276,26.298,26.169,47.383,0.061,0.094,-0.033,26.298,27.156,25.441
2026-01-13,26.36,26.75,26.32,26.62,11440600,26.384,26.33,26.2,53.579,0.073,0.09,-0.017,26.33,27.186,25.474
2026-01-14,26.55,27.03,26.55,26.77,13634500,26.488,26.37,26.232,55.461,0.094,0.091,0.003,26.37,27.23,25.509
2026-01-15,26.73,26.95,26.56,26.65,11802100,26.516,26.422,26.257,53.589,0.099,0.092,0.007,26.422,27.21,25.634
2026-01-16,26.78,27.2,26.63,27.18,14289600,26.678,26.485,26.299,60.01,0.145,0.103,0.042,26.485,27.304,25.667
2026-01-20,27.36,27.55,26.97,27.18,17090000,26.88,26.564,26.338,60.01,0.179,0.118,0.061,26.564,27.328,25.8
2026-01-21,27.54,27.86,27.46,27.79,17547800,27.114,26.666,26.386,66.244,0.252,0.145,0.107,26.666,27.513,25.819
2026-01-22,28.32,29.34,28.13,28.87,29210800,27.534,26.802,26.447,73.979,0.393,0.194,0.198,26.802,28.069,25.536
2026-01-23,29.15,29.17,28.66,28.75,17249000,27.954,26.914,26.496,72.005,0.489,0.253,0.235,26.914,28.441,25.387
2026-01-26,28.97,29.01,28.18,28.53,15781500,28.224,27.019,26.543,68.401,0.541,0.311,0.23,27.019,28.688,25.35
2026-01-27,28.42,28.79,28.35,28.77,14938700,28.542,27.136,26.593,70.156,0.595,0.368,0.227,27.136,28.953,25.319
2026-01-28,28.91,29.47,28.75,29.23,17467300,28.83,27.266,26.655,73.225,0.667,0.427,0.24,27.266,29.29,25.243
2026-01-29,29.65,29.72,29.18,29.4,18864600,28.936,27.396,26.71,74.278,0.729,0.488,0.242,27.396,29.619,25.173
2026-01-30,29.52,29.7,29.07,29.64,18926700,29.114,27.541,26.775,75.729,0.789,0.548,0.241,27.541,29.954,25.129
2026-02-02,29.33,29.35,28.91,29.07,15785600,29.222,27.648,26.829,66.18,0.782,0.595,0.187,27.648,30.135,25.161
2026-02-03,29.18,29.83,29.12,29.76,17139000,29.42,27.78,26.903,70.955,0.822,0.64,0.182,27.78,30.424,25.135
2026-02-04,29.84,30.0,29.0,29.51,18763700,29.476,27.951,26.974,67.25,0.824,0.677,0.147,27.951,30.577,25.325
2026-02-05,29.41,29.83,29.16,29.77,11523200,29.55,28.127,27.044,69.059,0.837,0.709,0.128,28.127,30.744,25.51
2026-02-06,29.85,30.03,29.69,29.94,11765900,29.61,28.298,27.122,70.218,0.851,0.737,0.114,28.298,30.919,25.678
2026-02-09,29.92,30.55,29.9,30.42,11713100,29.88,28.501,27.214,73.262,0.891,0.768,0.123,28.501,31.12,25.882
2026-02-10,30.65,30.96,30.33,30.44,12322200,30.016,28.715,27.299,73.384,0.914,0.797,0.116,28.715,31.228,26.201
2026-02-11,30.9,31.09,30.64,30.87,13391000,30.288,28.927,27.385,75.929,0.955,0.829,0.126,28.927,31.413,26.441
2026-02-12,30.93,31.4,30.84,31.11,15378200,30.556,29.144,27.477,77.237,0.996,0.862,0.134,29.144,31.595,26.693
2026-02-13,31.13,31.75,31.09,31.73,14026700,30.914,29.398,27.59,80.226,1.066,0.903,0.163,29.398,31.813,26.983
2026-02-17,31.74,31.98,31.23,31.54,12213900,31.138,29.616,27.692,76.893,1.094,0.941,0.153,29.616,31.975,27.257
2026-02-18,31.9,31.96,31.55,31.7,11952700,31.39,29.842,27.785,77.732,1.116,0.976,0.14,29.842,32.081,27.603
2026-02-19,31.9,32.17,31.79,31.94,14436600,31.604,30.05,27.883,78.966,1.139,1.009,0.131,30.05,32.257,27.842
2026-02-20,32.0,32.17,31.58,32.13,15816400,31.808,30.212,27.995,79.915,1.16,1.039,0.121,30.212,32.532,27.893
2026-02-23,32.14,32.63,32.03,32.1,10040900,31.882,30.38,28.106,79.306,1.161,1.063,0.097,30.38,32.738,28.022
2026-02-24,32.03,32.12,31.55,32.09,11971400,31.992,30.558,28.231,79.09,1.147,1.08,0.067,30.558,32.865,28.251
2026-02-25,32.07,32.2,31.62,32.17,9971900,32.086,30.728,28.353,79.57,1.13,1.09,0.04,30.728,32.981,28.475
2026-02-26,32.1,32.63,31.97,32.45,12412300,32.188,30.889,28.482,81.195,1.126,1.097,0.029,30.889,33.151,28.627
2026-02-27,32.52,32.74,32.35,32.66,16322300,32.294,31.052,28.616,82.331,1.126,1.103,0.023,31.052,33.332,28.772
2026-03-02,33.13,33.5,32.46,33.27,15539700,32.528,31.234,28.769,85.138,1.163,1.115,0.048,31.234,33.616,28.851
2026-03-03,33.38,33.61,32.89,33.34,15675600,32.778,31.447,28.918,85.424,1.183,1.129,0.055,31.447,33.778,29.116
2026-03-04,33.12,33.39,32.86,33.3,11345600,33.004,31.624,29.071,84.424,1.183,1.139,0.044,31.624,33.953,29.295
2026-03-05,33.27,33.46,32.67,32.78,16913400,33.07,31.788,29.212,72.532,1.128,1.137,-0.009,31.788,33.944,29.631
2026-03-06,32.93,33.05,32.63,32.96,12941600,33.13,31.947,29.348,73.902,1.086,1.127,-0.041,31.947,33.941,29.953
2026-03-09,33.04,33.04,32.54,32.69,12552800,33.014,32.084,29.472,68.39,1.019,1.105,-0.086,32.084,33.864,30.305
2026-03-10,32.59,32.78,32.33,32.36,13108500,32.818,32.182,29.59,62.276,0.929,1.07,-0.141,32.182,33.781,30.582
2026-03-11,32.23,32.69,32.07,32.47,12546900,32.652,32.283,29.711,63.449,0.857,1.028,-0.171,32.283,33.66,30.906
2026-03-12,32.77,33.29,32.42,32.75,14180700,32.646,32.377,29.834,66.32,0.813,0.985,-0.172,32.377,33.595,31.159
2026-03-13,32.93,32.94,32.63,32.78,10512200,32.61,32.461,29.953,66.622,0.771,0.942,-0.171,32.461,33.533,31.388
2026-03-16,32.79,32.84,32.45,32.7,10930800,32.612,32.509,30.073,64.947,0.724,0.898,-0.175,32.509,33.529,31.489
2026-03-17,32.91,33.26,32.62,32.66,11722600,32.672,32.565,30.187,64.08,0.675,0.854,-0.179,32.565,33.478,31.652
2026-03-18,32.63,32.66,32.01,32.01,13858800,32.58,32.58,30.285,51.939,0.577,0.798,-0.221,32.58,33.441,31.72
2026-03-19,32.19,33.1,31.9,32.83,14364300,32.596,32.625,30.42,61.778,0.559,0.75,-0.191,32.625,33.437,31.813
2026-03-20,32.88,33.11,32.23,32.24,26372000,32.488,32.63,30.539,53.32,0.492,0.699,-0.207,32.63,33.43,31.831
2026-03-23,32.21,33.2,31.85,33.09,22314900,32.566,32.68,30.671,61.498,0.501,0.659,-0.158,32.68,33.463,31.897
2026-03-24,33.0,33.6,32.99,33.31,13247400,32.696,32.741,30.81,63.291,0.52,0.631,-0.111,32.741,33.521,31.961
2026-03-25,33.14,33.63,33.05,33.36,15095400,32.966,32.8,30.954,63.704,0.534,0.612,-0.078,32.8,33.578,32.023
2026-03-26,33.32,33.77,33.15,33.45,11080000,33.09,32.85,31.09,64.48,0.545,0.599,-0.054,32.85,33.661,32.04
2026-03-27,33.38,34.09,33.21,33.41,18007000,33.324,32.888,31.223,63.827,0.545,0.588,-0.043,32.888,33.731,32.045
2026-03-30,33.65,33.73,32.91,33.03,10328000,33.312,32.876,31.351,57.835,0.508,0.572,-0.064,32.876,33.702,32.05
2026-03-31,33.19,33.27,32.42,32.92,18488800,33.234,32.855,31.465,56.191,0.464,0.55,-0.086,32.855,33.652,32.058
2026-04-01,32.54,32.7,31.92,32.28,15741700,33.018,32.804,31.567,47.694,0.374,0.515,-0.141,32.804,33.612,31.996
2026-04-02,32.89,32.89,32.23,32.37,9473600,32.802,32.784,31.659,48.865,0.306,0.473,-0.167,32.784,33.615,31.952
2026-04-06,32.28,32.61,32.21,32.58,8052900,32.636,32.764,31.733,51.588,0.266,0.432,-0.166,32.764,33.596,31.933
2026-04-07,32.61,33.18,32.61,32.69,9359300,32.568,32.765,31.812,53.0,0.24,0.393,-0.153,32.765,33.596,31.933
2026-04-08,31.53,32.45,31.44,32.36,15180800,32.456,32.764,31.889,48.436,0.191,0.353,-0.162,32.764,33.596,31.933
2026-04-09,32.27,33.15,32.16,32.37,11465900,32.474,32.759,31.961,48.58,0.151,0.313,-0.161,32.759,33.6,31.919
2026-04-10,32.2,32.34,31.86,32.08,10813200,32.416,32.726,32.018,44.67,0.095,0.269,-0.174,32.726,33.619,31.833
2026-04-13,32.19,32.25,31.14,31.48,10601600,32.196,32.661,32.059,37.878,0.002,0.216,-0.213,32.661,33.713,31.609
2026-04-14,31.32,31.41,30.78,31.07,15796400,31.872,32.579,32.088,34.066,-0.103,0.152,-0.255,32.579,33.849,31.31
2026-04-15,30.87,31.27,30.82,31.12,11561200,31.624,32.502,32.129,34.926,-0.181,0.086,-0.266,32.502,33.928,31.077
2026-04-16,31.08,31.48,30.99,31.21,11962400,31.392,32.462,32.158,36.531,-0.232,0.022,-0.254,32.462,33.988,30.937
2026-04-17,30.58,31.5,30.35,31.43,14356000,31.262,32.392,32.196,40.4,-0.252,-0.033,-0.219,32.392,33.974,30.811
2026-04-20,31.17,31.83,31.13,31.35,10838400,31.236,32.348,32.228,39.458,-0.271,-0.081,-0.191,32.348,33.997,30.699
2026-04-21,31.36,31.59,30.58,30.99,9964700,31.22,32.243,32.249,35.452,-0.312,-0.127,-0.185,32.243,33.959,30.527
2026-04-22,31.26,31.43,31.15,31.23,13776900,31.242,32.139,32.265,39.838,-0.321,-0.166,-0.156,32.139,33.835,30.443
2026-04-23,31.68,31.81,30.5,31.15,19406000,31.23,32.028,32.279,38.889,-0.331,-0.199,-0.132,32.028,33.676,30.381
2026-04-24,31.15,31.26,30.6,31.16,11311500,31.176,31.914,32.285,39.084,-0.335,-0.226,-0.109,31.914,33.461,30.367
2026-04-27,31.1,31.39,30.17,30.38,14889400,30.982,31.762,32.27,30.815,-0.395,-0.26,-0.136,31.762,33.286,30.239
2026-04-28,30.78,31.29,30.71,31.21,11603900,31.026,31.672,32.26,44.316,-0.372,-0.282,-0.09,31.672,33.09,30.253
2026-04-29,31.27,31.36,31.01,31.26,10096000,31.032,31.588,32.254,45.012,-0.346,-0.295,-0.051,31.588,32.889,30.288
2026-04-30,31.21,32.3,31.08,32.27,14938700,31.256,31.588,32.266,56.769,-0.241,-0.284,0.043,31.588,32.887,30.289
2026-05-01,32.22,32.32,31.79,31.93,10091400,31.41,31.566,32.266,52.685,-0.183,-0.264,0.081,31.566,32.824,30.308
2026-05-04,32.06,32.22,31.84,32.17,13543900,31.768,31.545,32.266,55.139,-0.117,-0.235,0.118,31.545,32.746,30.345
2026-05-05,32.14,32.27,31.79,31.99,9289400,31.924,31.51,32.264,52.922,-0.077,-0.203,0.126,31.51,32.607,30.414
2026-05-06,31.71,31.83,31.04,31.29,12802200,31.93,31.457,32.248,45.297,-0.102,-0.183,0.081,31.457,32.48,30.434
2026-05-07,30.84,31.26,30.59,31.23,12182100,31.722,31.4,32.229,44.703,-0.124,-0.171,0.047,31.4,32.332,30.468
2026-05-08,31.25,31.5,30.94,31.12,8886400,31.56,31.352,32.203,43.573,-0.149,-0.167,0.017,31.352,32.234,30.47
2026-05-11,31.37,32.05,31.22,31.95,9001400,31.516,31.376,32.189,53.183,-0.101,-0.154,0.053,31.376,32.296,30.455
2026-05-12,32.24,32.4,31.92,32.15,9276500,31.548,31.43,32.166,55.164,-0.046,-0.132,0.086,31.43,32.4,30.459
2026-05-13,32.21,32.57,31.88,32.51,8680000,31.792,31.499,32.15,58.564,0.026,-0.101,0.127,31.499,32.57,30.428
2026-05-14,32.54,33.17,32.49,33.09,9252700,32.164,31.593,32.145,63.381,0.129,-0.055,0.183,31.593,32.868,30.318
2026-05-15,33.2,33.51,32.97,33.32,11542200,32.604,31.688,32.156,65.113,0.226,0.001,0.224,31.688,33.174,30.201
2026-05-18,33.38,33.52,33.03,33.47,8033900,32.908,31.794,32.166,66.235,0.311,0.063,0.248,31.794,33.469,30.118
2026-05-19,33.6,34.49,33.25,33.99,15848100,33.276,31.944,32.192,69.854,0.416,0.134,0.282,31.944,33.839,30.048
2026-05-20,33.99,34.32,33.26,33.28,8681300,33.43,32.046,32.211,60.344,0.437,0.195,0.243,32.046,34.0,30.092
2026-05-21,33.37,33.52,33.07,33.19,10482900,33.45,32.148,32.225,59.243,0.442,0.244,0.197,32.148,34.118,30.178
2026-05-22,33.21,33.58,33.04,33.48,6676500,33.482,32.264,32.24,61.67,0.463,0.288,0.175,32.264,34.262,30.266
2026-05-26,33.32,33.38,32.55,32.57,8509300,33.302,32.373,32.236,51.34,0.402,0.311,0.091,32.373,34.166,30.581
2026-05-27,32.28,32.39,31.82,31.92,8857200,32.888,32.409,32.22,45.48,0.297,0.308,-0.011,32.409,34.131,30.687
2026-05-28,32.1,32.14,31.56,31.61,7505700,32.554,32.427,32.199,42.961,0.188,0.284,-0.096,32.427,34.106,30.747
2026-05-29,31.47,31.5,30.77,30.79,20880100,32.074,32.352,32.175,37.107,0.034,0.234,-0.2,32.352,34.185,30.52
2026-06-01,30.77,31.06,30.53,30.56,7738100,31.49,32.284,32.129,35.64,-0.105,0.166,-0.271,32.284,34.278,30.29
2026-06-02,30.56,31.22,30.55,31.15,6298300,31.206,32.233,32.107,41.977,-0.166,0.1,-0.266,32.233,34.291,30.175
2026-06-03,31.21,31.63,31.05,31.08,8996900,31.038,32.188,32.067,41.455,-0.217,0.036,-0.253,32.188,34.307,30.068
2026-06-04,31.23,31.47,31.08,31.41,7273600,30.998,32.194,32.029,44.929,-0.228,-0.017,-0.212,32.194,34.303,30.084
2026-06-05,31.37,31.63,31.26,31.39,6904300,31.118,32.202,31.99,44.756,-0.236,-0.06,-0.176,32.202,34.297,30.106
2026-06-08,31.28,31.54,30.96,31.0,9407100,31.206,32.196,31.941,41.402,-0.271,-0.103,-0.168,32.196,34.304,30.087
2026-06-09,31.06,31.36,30.74,31.05,10396000,31.186,32.15,31.894,42.002,-0.291,-0.14,-0.151,32.15,34.319,29.982
2026-06-10,31.25,31.72,31.14,31.55,6742600,31.28,32.121,31.864,47.763,-0.263,-0.165,-0.099,32.121,34.306,29.935
2026-06-11,31.85,31.85,31.05,31.07,6976400,31.212,32.049,31.827,43.315,-0.277,-0.187,-0.09,32.049,34.274,29.823
2026-06-12,31.07,31.94,30.96,31.64,8396900,31.262,31.976,31.814,49.347,-0.239,-0.198,-0.042,31.976,34.153,29.799
2026-06-15,30.81,31.43,30.71,31.17,13116300,31.296,31.868,31.79,45.086,-0.244,-0.207,-0.037,31.868,33.977,29.76
2026-06-16,30.97,31.41,30.85,31.15,10212000,31.316,31.753,31.762,44.909,-0.247,-0.215,-0.032,31.753,33.742,29.763
2026-06-17,31.06,31.26,30.83,31.04,10481000,31.214,31.605,31.729,43.884,-0.255,-0.223,-0.032,31.605,33.314,29.896
2026-06-18,30.8,31.38,30.6,31.3,18944300,31.26,31.506,31.707,46.964,-0.238,-0.226,-0.012,31.506,33.025,29.987
2026-06-22,31.29,32.0,31.28,31.95,9174900,31.322,31.444,31.699,53.791,-0.17,-0.215,0.045,31.444,32.761,30.127
2026-06-23,31.81,32.27,31.33,32.24,11621300,31.536,31.382,31.702,56.483,-0.092,-0.19,0.099,31.382,32.372,30.392
2026-06-24,32.2,32.37,31.86,32.29,7952100,31.764,31.368,31.718,56.948,-0.025,-0.157,0.132,31.368,32.293,30.443
2026-06-25,32.13,32.96,32.03,32.7,9846000,32.096,31.407,31.751,60.665,0.06,-0.114,0.174,31.407,32.483,30.331
2026-06-26,32.85,33.03,32.67,32.88,15126700,32.412,31.47,31.786,62.207,0.14,-0.063,0.203,31.47,32.731,30.21
2026-06-29,32.82,32.99,31.89,31.97,13111400,32.416,31.53,31.801,51.263,0.129,-0.025,0.154,31.53,32.766,30.293
2026-06-30,32.14,32.38,31.62,31.67,20576400,32.302,31.585,31.806,48.249,0.095,-0.001,0.095,31.585,32.735,30.435
2026-07-01,31.56,31.73,31.22,31.43,8380400,32.13,31.599,31.808,45.923,0.048,0.009,0.039,31.599,32.734,30.464
2026-07-02,31.71,31.82,31.34,31.76,9482900,31.942,31.633,31.823,49.526,0.037,0.015,0.022,31.633,32.743,30.523
2026-07-06,31.72,31.99,31.36,31.4,7181000,31.646,31.632,31.827,45.931,-0.001,0.011,-0.013,31.632,32.743,30.522
2026-07-07,31.69,32.4,31.64,32.19,6858300,31.69,31.672,31.847,53.848,0.032,0.016,0.017,31.672,32.803,30.542
2026-07-08,32.25,32.47,31.91,32.18,7284500,31.792,31.732,31.868,53.741,0.057,0.024,0.033,31.732,32.837,30.626
2026-07-09,32.13,32.49,32.05,32.1,7008700,31.926,31.784,31.902,52.834,0.07,0.033,0.037,31.784,32.853,30.715
2026-07-10,32.07,32.19,31.48,31.82,5991200,31.938,31.798,31.914,49.675,0.057,0.038,0.019,31.798,32.861,30.734
2026-07-13,32.2,32.24,31.56,31.94,7533700,32.046,31.841,31.928,51.026,0.055,0.041,0.014,31.841,32.849,30.833
2026-07-14,31.91,32.3,31.87,32.24,7359400,32.056,31.871,31.927,54.329,0.077,0.048,0.029,31.871,32.889,30.853
2026-07-15,32.2,32.35,31.76,31.9,8509700,32.0,31.908,31.927,50.197,0.067,0.052,0.014,31.908,32.871,30.944
2026-07-16,31.95,32.48,31.81,32.24,6410000,32.028,31.962,31.928,53.967,0.085,0.059,0.026,31.962,32.866,31.058
2026-07-17,32.62,32.66,31.83,32.0,8516600,32.064,32.01,31.928,51.031,0.079,0.063,0.016,32.01,32.803,31.217
2026-07-20,32.2,32.76,31.95,32.28,8654500,32.132,32.059,31.948,54.164,0.095,0.069,0.026,32.059,32.786,31.332
2026-07-21,32.62,32.62,31.75,32.08,9633500,32.1,32.066,31.965,51.623,0.091,0.074,0.018,32.066,32.791,31.34
2026-07-22,32.39,32.44,32.0,32.19,9855400,32.158,32.063,31.987,52.931,0.096,0.078,0.018,32.063,32.786,31.34
2026-07-23,32.69,32.95,31.72,32.47,20251500,32.204,32.072,31.997,56.179,0.121,0.087,0.034,32.072,32.811,31.333
2026-07-24,32.62,32.95,32.3,32.56,9358800,32.316,32.065,32.005,57.201,0.146,0.099,0.048,32.065,32.781,31.349
2026-07-27,31.97,32.07,31.38,31.46,13868800,32.152,31.994,31.984,43.764,0.077,0.094,-0.018,31.994,32.649,31.339
2026-07-28,31.65,31.9,31.26,31.32,13190700,32.0,31.962,31.949,42.399,0.01,0.077,-0.067,31.962,32.683,31.24
2026-07-29,31.8,31.98,31.34,31.56,10375100,31.874,31.956,31.914,45.535,-0.023,0.057,-0.08,31.956,32.688,31.224
2026-07-30,31.38,31.65,30.96,31.37,12699800,31.654,31.953,31.872,43.515,-0.064,0.033,-0.097,31.953,32.695,31.211
2026-07-31,31.26,31.98,31.26,31.88,9837100,31.518,31.959,31.829,49.936,-0.054,0.016,-0.07,31.959,32.696,31.222
2026-08-03,31.64,31.73,31.27,31.4,9056000,31.506,31.959,31.792,44.777,-0.085,-0.005,-0.08,31.959,32.696,31.222
2026-08-04,30.99,31.61,30.68,31.38,12125600,31.518,31.918,31.756,44.57,-0.109,-0.025,-0.084,31.918,32.69,31.147
2026-08-05,31.32,31.49,30.91,31.12,8290600,31.43,31.865,31.708,41.866,-0.148,-0.05,-0.098,31.865,32.704,31.027
2026-08-06,31.5,31.64,31.06,31.28,8097600,31.412,31.824,31.683,44.113,-0.163,-0.073,-0.091,31.824,32.695,30.954
2026-08-07,31.06,31.21,30.77,30.85,8187400,31.206,31.776,31.661,39.674,-0.208,-0.1,-0.109,31.776,32.749,30.803
2026-08-10,31.08,31.41,30.94,31.39,6653500,31.204,31.748,31.657,46.9,-0.198,-0.119,-0.079,31.748,32.733,30.764
2026-08-11,31.44,31.69,31.32,31.48,7111400,31.224,31.71,31.671,48.018,-0.18,-0.132,-0.049,31.71,32.674,30.747
2026-08-12,31.37,31.81,31.36,31.73,7046200,31.346,31.702,31.694,51.097,-0.145,-0.134,-0.01,31.702,32.661,30.743
2026-08-13,31.64,32.39,31.58,32.08,16354300,31.506,31.694,31.713,55.107,-0.087,-0.125,0.038,31.694,32.637,30.751
2026-08-14,32.23,32.84,32.13,32.82,8663100,31.9,31.735,31.747,62.169,0.018,-0.096,0.114,31.735,32.798,30.672
2026-08-17,32.83,32.98,32.29,32.33,9506000,32.088,31.738,31.766,55.898,0.061,-0.065,0.126,31.738,32.806,30.669
2026-08-18,32.75,33.06,32.6,32.87,11671200,32.366,31.777,31.795,60.613,0.137,-0.024,0.162,31.777,32.952,30.602
2026-08-19,33.0,33.06,31.77,32.08,11129800,32.436,31.772,31.817,51.876,0.132,0.007,0.125,31.772,32.939,30.604
2026-08-20,32.16,32.29,31.13,31.61,13721600,32.342,31.728,31.828,47.489,0.089,0.023,0.066,31.728,32.85,30.607
2026-08-21,31.74,31.86,30.84,30.98,11726400,31.974,31.65,31.817,42.324,0.005,0.02,-0.015,31.65,32.747,30.552
2026-08-24,30.86,31.14,30.51,31.0,13128100,31.708,31.626,31.815,42.537,-0.06,0.004,-0.064,31.626,32.759,30.494
2026-08-25,30.71,31.36,30.62,30.94,12119000,31.322,31.607,31.801,42.034,-0.115,-0.02,-0.095,31.607,32.774,30.441
2026-08-26,30.88,32.26,30.8,32.02,15311800,31.31,31.63,31.818,52.846,-0.071,-0.03,-0.041,31.63,32.811,30.45
2026-08-27,32.0,32.01,31.18,31.54,8202700,31.296,31.639,31.826,48.515,-0.074,-0.039,-0.035,31.639,32.814,30.464
2026-08-28,31.67,31.73,31.42,31.56,5500700,31.412,31.623,31.837,48.704,-0.073,-0.046,-0.028,31.623,32.793,30.453
2026-08-31,31.8,32.39,31.64,32.24,17125600,31.66,31.665,31.855,54.772,-0.018,-0.04,0.022,31.665,32.862,30.468
2026-09-01,32.51,32.7,31.89,32.1,9053800,31.892,31.701,31.858,53.372,0.014,-0.029,0.044,31.701,32.905,30.497
2026-09-02,32.04,32.14,31.54,31.97,8114000,31.882,31.744,31.853,52.042,0.029,-0.018,0.047,31.744,32.921,30.566
2026-09-03,32.02,32.09,31.58,31.6,8549800,31.894,31.759,31.839,48.349,0.011,-0.012,0.023,31.759,32.919,30.6
2026-09-04,31.44,31.58,31.07,31.4,7728100,31.862,31.787,31.813,46.431,-0.019,-0.013,-0.006,31.787,32.879,30.695
