Date,Open,High,Low,Close,Volume,SMA5,SMA20,SMA50,RSI,MACD,MACD_signal,MACD_hist,BB_mid,BB_upper,BB_lower
2021-09-13,211.2,211.58,204.14,206.84,1107600,,,,,0.0,0.0,0.0,,,
2021-09-14,208.02,208.02,204.2,205.44,1274800,,,,,-0.112,-0.022,-0.089,,,
2021-09-15,205.73,208.83,205.7,207.0,1730100,,,,,-0.073,-0.033,-0.041,,,
2021-09-16,207.47,207.47,199.08,200.06,1433200,,,,,-0.596,-0.145,-0.451,,,
2021-09-17,200.03,202.4,199.73,201.35,2383800,204.138,,,,-0.896,-0.295,-0.601,,,
2021-09-20,199.24,202.24,198.56,200.97,1182100,202.964,,,,-1.151,-0.467,-0.685,,,
2021-09-21,202.01,202.74,198.78,199.12,916200,201.7,,,,-1.486,-0.67,-0.815,,,
2021-09-22,200.29,202.16,199.55,201.6,817000,200.62,,,,-1.533,-0.843,-0.69,,,
2021-09-23,196.64,201.91,196.43,200.25,1141600,200.658,,,,-1.66,-1.006,-0.654,,,
2021-09-24,200.58,202.84,199.95,202.29,796300,200.846,,,,-1.578,-1.121,-0.457,,,
2021-09-27,203.36,204.56,201.35,202.01,778800,201.054,,,,-1.518,-1.2,-0.318,,,
2021-09-28,201.56,203.06,198.81,200.83,991100,201.396,,,,-1.548,-1.27,-0.278,,,
2021-09-29,201.66,203.51,200.18,201.87,635900,201.45,,,,-1.471,-1.31,-0.161,,,
2021-09-30,201.61,202.92,199.26,199.34,852600,201.268,,,,-1.595,-1.367,-0.228,,,
2021-10-01,200.35,200.88,196.53,198.66,894700,200.542,,,33.789,-1.729,-1.439,-0.29,,,
2021-10-04,198.27,199.73,195.85,197.72,1276500,199.684,,,31.64,-1.889,-1.529,-0.36,,,
2021-10-05,200.14,202.74,198.49,201.24,1241800,199.766,,,45.592,-1.712,-1.566,-0.146,,,
2021-10-06,200.22,205.51,199.47,205.35,1134100,200.462,,,56.703,-1.226,-1.498,0.272,,,
2021-10-07,206.04,209.29,206.04,208.76,873300,202.346,,,63.384,-0.559,-1.31,0.751,,,
2021-10-08,209.04,212.12,208.46,211.05,1021000,204.824,202.588,,67.06,0.152,-1.018,1.17,202.588,209.806,195.369
2021-10-11,211.44,214.28,210.83,213.04,958300,207.888,202.897,,69.89,0.867,-0.641,1.507,202.897,211.318,194.477
2021-10-12,213.03,215.78,212.5,214.62,1284300,210.564,203.356,,71.949,1.542,-0.204,1.747,203.356,213.235,193.478
2021-10-13,213.94,214.03,210.41,212.32,1436600,211.958,203.622,,64.98,1.871,0.211,1.66,203.622,214.177,193.068
2021-10-14,213.51,215.31,212.52,214.22,918200,213.05,204.33,,67.759,2.259,0.62,1.638,204.33,215.744,192.917
2021-10-15,215.5,218.08,215.13,216.39,1014000,214.118,205.082,,70.625,2.71,1.038,1.671,205.082,217.598,192.567
2021-10-18,215.15,216.65,214.2,216.13,865800,214.736,205.841,,69.824,3.011,1.433,1.579,205.841,219.12,192.561
2021-10-19,217.03,219.34,216.4,218.98,848500,215.608,206.834,,73.387,3.441,1.834,1.606,206.834,220.941,192.726
2021-10-20,218.88,221.82,218.58,220.1,994100,217.164,207.758,,74.654,3.827,2.233,1.594,207.758,222.816,192.701
2021-10-21,219.66,220.71,217.45,218.81,740600,218.082,208.686,,70.492,3.984,2.583,1.401,208.686,224.079,193.294
2021-10-22,219.74,222.73,218.35,221.51,769800,219.106,209.647,,73.786,4.276,2.922,1.354,209.647,225.743,193.552
2021-10-25,221.43,222.41,220.88,221.09,969800,220.098,210.602,,72.431,4.423,3.222,1.201,210.602,227.049,194.154
2021-10-26,214.52,217.6,210.33,211.25,1678100,218.552,211.122,,49.505,3.703,3.318,0.385,211.122,226.913,195.332
2021-10-27,211.19,211.53,206.61,206.81,1320600,215.894,211.369,,42.906,2.742,3.203,-0.461,211.369,226.699,196.04
2021-10-28,206.64,207.01,200.44,202.77,2145600,212.686,211.541,,37.949,1.636,2.89,-1.254,211.541,226.372,196.71
2021-10-29,203.82,209.41,202.68,208.67,1982200,210.118,212.041,,47.49,1.221,2.556,-1.335,212.041,225.669,198.414
2021-11-01,208.11,208.66,200.08,200.35,1418100,205.97,212.173,,38.5,0.219,2.089,-1.87,212.173,225.259,199.087
2021-11-02,201.32,201.54,195.9,197.7,2639300,203.26,211.996,,36.152,-0.78,1.515,-2.295,211.996,225.782,198.21
2021-11-03,197.07,200.59,196.56,200.12,1674700,201.922,211.734,,39.764,-1.361,0.94,-2.301,211.734,226.231,197.238
2021-11-04,199.34,201.38,198.59,201.06,1216000,201.58,211.349,,41.157,-1.726,0.406,-2.133,211.349,226.57,196.129
2021-11-05,203.17,204.14,201.65,202.72,1084000,200.39,210.933,,43.635,-1.86,-0.047,-1.813,210.933,226.636,195.23
2021-11-08,201.49,203.05,199.69,202.6,969000,200.84,210.411,,43.492,-1.953,-0.428,-1.525,210.411,226.508,194.314
2021-11-09,202.69,204.01,201.55,203.4,508900,201.98,209.85,,44.788,-1.94,-0.73,-1.209,209.85,226.111,193.589
2021-11-10,202.87,204.39,202.1,202.26,663900,202.408,209.347,,43.266,-1.998,-0.984,-1.014,209.347,225.906,192.788
2021-11-11,201.87,202.01,198.08,198.2,838400,201.836,208.546,,38.277,-2.345,-1.256,-1.089,208.546,225.653,191.439
2021-11-12,197.96,199.91,197.51,199.4,1813900,201.172,207.696,,40.462,-2.495,-1.504,-0.991,207.696,224.851,190.542
2021-11-15,200.05,200.62,198.99,200.24,1024100,200.7,206.902,,42.01,-2.516,-1.706,-0.81,206.902,223.882,189.922
2021-11-16,201.03,202.1,198.73,199.13,1261900,199.846,205.91,,40.511,-2.593,-1.884,-0.709,205.91,222.225,189.594
2021-11-17,198.83,201.31,198.38,200.2,840000,199.434,204.914,,42.635,-2.538,-2.015,-0.524,204.914,219.964,189.865
2021-11-18,200.06,200.8,198.23,200.05,1321600,199.804,203.976,,42.407,-2.478,-2.107,-0.371,203.976,217.656,190.297
2021-11-19,200.5,200.82,198.87,200.05,1028900,199.934,202.904,205.519,42.407,-2.403,-2.167,-0.237,202.904,213.894,191.913
2021-11-22,200.1,203.99,200.1,201.99,989200,200.284,201.948,205.422,46.694,-2.162,-2.166,0.003,201.948,208.841,195.056
2021-11-23,202.21,204.06,201.0,201.42,640000,200.742,201.457,205.341,45.62,-1.994,-2.131,0.137,201.457,206.78,196.134
2021-11-24,201.1,201.7,198.24,198.9,732000,200.482,201.062,205.179,41.115,-2.041,-2.113,0.072,201.062,205.859,196.264
2021-11-26,195.5,197.57,193.68,195.61,833600,199.594,200.704,205.09,36.102,-2.317,-2.154,-0.163,200.704,206.006,195.401
2021-11-29,197.1,197.58,194.43,195.21,1035800,198.626,200.031,204.968,35.535,-2.538,-2.231,-0.307,200.031,204.413,195.648
2021-11-30,194.04,194.62,189.83,190.12,1896300,196.252,199.519,204.751,29.239,-3.089,-2.402,-0.687,199.519,205.745,193.293
2021-12-01,191.98,193.06,188.52,188.52,962200,193.672,199.06,204.539,27.585,-3.613,-2.645,-0.968,199.06,206.975,191.145
2021-12-02,189.67,193.1,189.18,192.0,983200,192.292,198.654,204.347,36.059,-3.705,-2.857,-0.848,198.654,207.151,190.157
2021-12-03,191.9,194.4,191.22,192.78,1094400,191.726,198.24,204.197,37.816,-3.672,-3.02,-0.652,198.24,207.045,189.435
2021-12-06,194.34,197.19,193.79,195.78,730000,191.84,197.893,204.067,44.168,-3.365,-3.089,-0.276,197.893,206.5,189.286
2021-12-07,195.78,197.32,193.99,195.21,1008700,192.858,197.524,203.931,43.264,-3.132,-3.097,-0.035,197.524,205.911,189.136
2021-12-08,195.45,197.29,194.58,196.99,969900,194.552,197.203,203.854,46.919,-2.772,-3.032,0.261,197.203,205.122,189.284
2021-12-09,196.91,197.14,195.29,196.89,764600,195.53,196.934,203.755,46.737,-2.466,-2.919,0.453,196.934,204.487,189.382
2021-12-10,198.17,198.17,195.78,197.14,990800,196.402,196.882,203.711,47.288,-2.178,-2.771,0.593,196.882,204.411,189.352
2021-12-13,196.69,199.61,196.18,198.18,946600,196.882,196.82,203.701,49.623,-1.845,-2.586,0.741,196.82,204.284,189.357
2021-12-14,193.22,196.05,193.01,193.68,1684600,196.576,196.492,203.62,41.133,-1.922,-2.453,0.531,196.492,203.9,189.085
2021-12-15,194.91,194.91,191.62,193.68,1157800,195.914,196.22,203.469,41.133,-1.96,-2.354,0.394,196.22,203.619,188.821
2021-12-16,194.31,195.19,190.08,191.65,2180000,194.866,195.792,203.195,37.754,-2.13,-2.309,0.18,195.792,203.212,188.373
2021-12-17,191.64,192.53,188.75,189.07,3256300,193.252,195.243,202.801,33.938,-2.444,-2.336,-0.108,195.243,202.955,187.532
2021-12-20,187.82,187.82,182.51,183.7,1813200,190.356,194.426,202.254,27.669,-3.091,-2.487,-0.604,194.426,203.362,185.49
2021-12-21,185.15,189.65,184.61,188.35,1889400,189.29,193.744,201.76,38.297,-3.192,-2.628,-0.564,193.744,202.324,185.164
2021-12-22,187.91,189.08,186.92,188.0,1153900,188.154,193.073,201.228,37.847,-3.262,-2.755,-0.507,193.073,201.213,184.933
2021-12-23,188.66,190.61,188.09,189.37,1001300,187.698,192.596,200.769,40.785,-3.171,-2.838,-0.333,192.596,200.41,184.783
2021-12-27,190.17,191.64,189.39,191.26,592000,188.136,192.379,200.31,44.671,-2.912,-2.853,-0.059,192.379,200.08,184.678
2021-12-28,190.91,193.58,189.71,192.92,537100,189.98,192.264,199.84,47.904,-2.544,-2.791,0.247,192.264,199.856,184.673
2021-12-29,191.9,193.28,191.9,193.11,900800,190.932,192.414,199.38,48.277,-2.212,-2.675,0.464,192.414,199.945,184.883
2021-12-30,192.65,194.53,192.56,193.63,573200,192.058,192.67,198.873,49.345,-1.884,-2.517,0.633,192.67,199.988,185.351
2021-12-31,193.72,194.63,192.94,193.9,587100,192.964,192.764,198.349,49.923,-1.585,-2.331,0.746,192.764,200.096,185.433
2022-01-03,194.11,194.57,190.96,192.38,1031700,193.188,192.745,197.82,46.692,-1.454,-2.155,0.702,192.745,200.078,185.411
2022-01-04,193.62,198.17,193.32,194.6,1443700,193.524,192.686,197.282,51.617,-1.157,-1.956,0.799,192.686,199.935,185.436
2022-01-05,194.97,196.22,190.32,190.39,2238100,192.98,192.444,196.668,43.424,-1.247,-1.814,0.567,192.444,199.661,185.228
2022-01-06,191.01,197.89,190.31,197.82,1750200,193.818,192.486,196.4,56.536,-0.711,-1.593,0.882,192.486,199.821,185.151
2022-01-07,198.57,200.58,198.19,199.84,1797100,195.006,192.633,196.26,59.298,-0.122,-1.299,1.177,192.633,200.444,184.823
2022-01-10,200.96,204.04,200.96,203.18,2102400,197.166,192.936,196.268,63.435,0.608,-0.918,1.525,192.936,201.867,184.004
2022-01-11,204.6,205.05,201.57,201.89,1477100,198.624,193.121,196.133,60.862,1.069,-0.52,1.59,193.121,202.645,183.597
2022-01-12,201.81,202.9,199.42,200.13,874000,200.572,193.444,196.128,57.439,1.279,-0.161,1.439,193.444,203.471,183.416
2022-01-13,200.46,203.0,199.94,202.41,1281300,201.49,193.88,196.223,60.535,1.61,0.194,1.416,193.88,204.681,183.079
2022-01-14,201.76,207.27,201.7,207.2,1685500,202.962,194.657,196.364,66.114,2.233,0.601,1.632,194.657,206.922,182.393
2022-01-18,207.23,208.3,204.0,208.19,1913500,203.964,195.614,196.507,67.147,2.775,1.036,1.739,195.614,208.976,182.251
2022-01-19,207.01,211.09,206.43,207.02,1658700,204.99,196.779,196.593,64.638,3.074,1.444,1.631,196.779,209.831,183.728
2022-01-20,206.61,208.27,203.92,204.11,1008500,205.786,197.568,196.623,58.757,3.042,1.763,1.279,197.568,210.377,184.758
2022-01-21,204.66,204.92,200.12,200.73,1480400,205.45,198.204,196.57,52.753,2.712,1.953,0.759,198.204,210.254,186.154
2022-01-24,198.44,205.31,193.98,204.64,2552600,204.938,198.968,196.617,58.088,2.735,2.11,0.625,198.968,210.588,187.347
2022-01-25,202.98,205.89,199.81,204.1,1933500,204.12,199.61,196.735,57.129,2.678,2.223,0.455,199.61,210.85,188.369
2022-01-26,205.1,206.9,201.57,202.44,2220800,203.204,200.085,196.796,54.167,2.471,2.273,0.198,200.085,210.933,189.238
2022-01-27,202.43,203.81,194.43,196.66,2272400,201.714,200.263,196.724,45.35,1.82,2.182,-0.363,200.263,210.739,189.787
2022-01-28,197.28,198.85,194.79,198.84,2106500,201.336,200.523,196.719,48.739,1.462,2.038,-0.576,200.523,210.555,190.492
2022-01-31,191.44,192.61,188.96,190.31,4447100,198.47,200.344,196.521,38.641,0.485,1.728,-1.242,200.344,210.985,189.703
2022-02-01,188.59,191.52,187.36,190.88,2809000,195.826,200.269,196.337,39.543,-0.24,1.334,-1.574,200.269,211.164,189.374
2022-02-02,190.22,193.18,188.92,192.54,2152400,193.846,200.166,196.187,42.205,-0.674,0.932,-1.606,200.166,211.323,189.009
2022-02-03,191.67,195.15,191.15,194.2,1213800,193.354,200.356,196.031,44.822,-0.873,0.571,-1.444,200.356,210.925,189.788
2022-02-04,193.58,195.49,192.42,193.9,1056700,192.366,200.16,195.881,44.431,-1.043,0.248,-1.292,200.16,211.067,189.254
2022-02-07,195.08,198.24,193.87,197.74,1353700,193.852,200.056,195.858,50.404,-0.858,0.027,-0.885,200.056,211.015,189.096
2022-02-08,198.5,199.74,196.44,199.09,881200,195.494,199.851,195.927,52.343,-0.596,-0.098,-0.499,199.851,210.717,188.985
2022-02-09,199.8,201.64,199.5,200.56,807700,197.098,199.784,196.034,54.432,-0.267,-0.131,-0.135,199.784,210.615,188.954
2022-02-10,199.16,200.91,194.97,195.7,1134900,197.398,199.563,196.146,47.083,-0.393,-0.184,-0.209,199.563,210.544,188.582
2022-02-11,195.7,203.1,195.08,202.75,1576100,199.168,199.58,196.431,56.3,0.075,-0.132,0.207,199.58,210.58,188.58
2022-02-14,202.0,203.28,197.94,199.89,1239400,199.598,199.214,196.588,52.319,0.212,-0.063,0.275,199.214,209.618,188.811
2022-02-15,200.04,201.07,196.7,197.36,1494800,199.252,198.673,196.68,49.017,0.116,-0.027,0.143,198.673,208.2,189.146
2022-02-16,196.55,202.11,196.55,201.52,938700,199.444,198.398,196.795,54.142,0.371,0.052,0.318,198.398,207.201,189.595
2022-02-17,200.28,203.08,199.82,200.96,760500,200.496,198.24,196.91,53.364,0.522,0.146,0.375,198.24,206.72,189.761
2022-02-18,200.35,202.0,197.41,197.89,2082300,199.524,198.098,196.928,49.192,0.389,0.195,0.194,198.098,206.497,189.7
2022-02-22,199.88,200.85,197.32,199.1,1276700,199.366,197.822,196.972,50.824,0.377,0.231,0.146,197.822,205.658,189.985
2022-02-23,200.6,201.41,196.38,196.68,1100500,199.23,197.45,196.963,47.536,0.17,0.219,-0.049,197.45,204.717,190.184
2022-02-24,200.05,207.95,197.5,207.75,2560900,200.476,197.716,197.154,60.216,0.89,0.353,0.537,197.716,206.059,189.373
2022-02-25,207.32,212.67,206.12,212.33,1222200,202.75,198.499,197.527,64.084,1.808,0.644,1.164,198.499,209.07,187.929
2022-02-28,215.5,229.47,214.6,229.43,3524800,209.058,200.029,198.242,74.178,3.872,1.29,2.582,200.029,217.444,182.614
2022-03-01,229.7,238.22,229.7,231.95,3016200,215.628,202.111,199.048,75.28,5.645,2.161,3.484,202.111,224.012,180.21
2022-03-02,228.74,231.42,221.88,230.58,2227900,222.408,204.096,199.878,73.444,6.861,3.101,3.76,204.096,228.736,179.456
2022-03-03,230.97,232.81,228.45,232.31,1422100,227.32,206.085,200.851,74.297,7.873,4.055,3.818,206.085,233.102,179.067
2022-03-04,234.46,245.15,233.07,242.68,1685600,233.39,208.508,201.937,78.709,9.404,5.125,4.279,208.508,239.451,177.566
2022-03-07,245.47,254.34,244.37,246.19,2261500,236.742,211.123,203.101,79.963,10.776,6.255,4.521,211.123,245.513,176.733
2022-03-08,245.42,245.74,237.46,238.11,2303200,237.974,213.142,204.076,69.776,11.084,7.221,3.863,213.142,248.934,177.349
2022-03-09,235.09,237.97,229.32,232.36,2131900,238.33,214.805,204.898,63.57,10.74,7.925,2.815,214.805,250.939,178.671
2022-03-10,232.41,237.65,230.35,231.98,1550000,238.264,216.376,205.679,63.171,10.318,8.403,1.914,216.376,252.634,180.118
2022-03-11,232.89,234.72,228.15,228.33,2112900,235.394,218.008,206.383,59.311,9.578,8.638,0.94,218.008,253.271,182.744
2022-03-14,229.94,231.47,224.99,228.43,1904000,231.842,219.291,207.079,59.384,8.898,8.69,0.207,219.291,254.083,184.5
2022-03-15,229.33,236.19,226.4,235.74,1719000,231.368,221.084,207.916,64.424,8.846,8.721,0.125,221.084,255.357,186.811
2022-03-16,232.58,235.43,220.84,222.33,2349800,229.362,222.333,208.515,51.741,7.635,8.504,-0.869,222.333,254.735,189.93
2022-03-17,224.8,228.61,222.72,227.22,1199100,228.41,223.617,209.168,55.204,6.99,8.201,-1.212,223.617,254.549,192.686
2022-03-18,228.07,229.33,222.1,225.09,1974400,227.762,224.824,209.862,53.407,6.234,7.808,-1.574,224.824,253.859,195.789
2022-03-21,227.97,233.57,226.71,231.86,981700,228.448,226.523,210.542,58.079,6.111,7.468,-1.357,226.523,252.763,200.282
2022-03-22,230.91,231.33,225.54,230.15,1674800,227.33,228.075,211.149,56.537,5.809,7.137,-1.328,228.075,250.942,205.208
2022-03-23,232.37,233.84,229.96,233.13,1055600,229.49,229.897,211.748,58.6,5.744,6.858,-1.114,229.897,247.413,212.382
2022-03-24,233.33,236.55,231.57,234.61,1263800,230.968,231.24,212.402,59.625,5.745,6.635,-0.89,231.24,245.404,217.077
2022-03-25,234.6,236.52,233.84,235.5,739400,233.05,232.399,213.109,60.263,5.752,6.459,-0.707,232.399,243.511,221.287
2022-03-28,233.97,234.16,226.98,227.83,1230400,232.244,232.319,213.618,52.563,5.08,6.183,-1.103,232.319,243.543,221.095
2022-03-29,224.5,226.13,219.27,225.22,2131400,231.258,231.983,213.978,50.212,4.287,5.804,-1.517,231.983,243.648,220.317
2022-03-30,226.89,231.58,226.89,229.98,1246300,230.628,231.952,214.414,54.233,3.997,5.442,-1.446,231.952,243.637,220.268
2022-03-31,228.7,231.96,226.93,226.93,851400,229.092,231.684,214.812,51.37,3.48,5.05,-1.569,231.684,243.579,219.788
2022-04-01,227.57,231.33,227.17,231.23,855000,228.238,231.111,215.355,54.978,3.379,4.716,-1.336,231.111,241.821,220.401
2022-04-04,231.8,231.8,229.41,230.74,960100,228.82,230.338,215.955,54.482,3.222,4.417,-1.195,230.338,238.36,222.317
2022-04-05,230.87,236.11,230.87,234.21,1300000,230.618,230.144,216.546,57.413,3.34,4.202,-0.862,230.144,237.535,222.752
2022-04-06,233.28,238.45,232.79,235.55,1151300,231.732,230.303,217.175,58.523,3.5,4.061,-0.561,230.303,238.026,222.58
2022-04-07,234.18,238.47,232.13,238.19,992500,233.984,230.614,217.89,60.697,3.797,4.009,-0.212,230.614,239.083,222.144
2022-04-08,238.6,241.16,234.56,235.66,882600,234.87,230.98,218.67,57.582,3.784,3.964,-0.179,230.98,239.666,222.294
2022-04-11,237.01,239.68,233.23,234.33,768400,235.588,231.275,219.38,55.956,3.625,3.896,-0.271,231.275,239.997,222.553
2022-04-12,234.56,236.96,233.71,234.91,876700,235.728,231.234,220.272,56.532,3.505,3.818,-0.312,231.234,239.873,222.594
2022-04-13,236.02,237.99,231.57,232.21,892700,235.06,231.727,221.099,53.052,3.156,3.686,-0.529,231.727,239.286,224.169
2022-04-14,233.81,236.02,233.56,235.1,1048900,234.442,232.122,221.95,56.163,3.077,3.564,-0.487,232.122,239.51,224.733
2022-04-18,235.19,238.82,233.44,237.22,907800,234.754,232.728,222.81,58.344,3.149,3.481,-0.332,232.728,239.664,225.792
2022-04-19,236.47,241.76,234.17,235.39,986500,234.966,232.904,223.64,55.765,3.024,3.39,-0.366,232.904,239.926,225.883
2022-04-20,235.31,238.04,233.11,235.47,621100,235.078,233.17,224.395,55.857,2.898,3.291,-0.393,233.17,240.156,226.185
2022-04-21,235.77,235.77,223.89,224.76,1251800,233.588,232.752,224.908,42.986,1.911,3.015,-1.104,232.752,240.686,224.818
2022-04-22,225.39,229.18,224.48,226.39,854800,231.846,232.341,225.425,45.061,1.247,2.662,-1.415,232.341,240.71,223.972
2022-04-25,225.41,226.0,216.51,221.86,1297600,228.774,231.659,225.948,40.635,0.351,2.199,-1.849,231.659,241.098,222.22
2022-04-26,223.12,224.89,219.48,219.52,1014800,225.6,231.243,226.283,38.53,-0.542,1.651,-2.193,231.243,242.028,220.459
2022-04-27,219.53,223.22,217.98,220.16,843200,222.538,230.991,226.689,39.454,-1.184,1.084,-2.268,230.991,242.578,219.403
2022-04-28,220.05,220.05,215.31,218.37,1248200,221.26,230.41,227.109,37.745,-1.817,0.504,-2.321,230.41,243.3,217.52
2022-04-29,229.15,231.86,211.36,212.13,1613700,218.408,229.67,227.321,32.466,-2.789,-0.155,-2.635,229.67,244.89,214.45
2022-05-02,210.46,218.16,210.42,214.82,1307300,217.0,228.849,227.598,36.584,-3.305,-0.785,-2.52,228.849,245.425,212.274
2022-05-03,216.24,219.16,215.7,216.94,1004800,216.484,228.159,227.979,39.704,-3.502,-1.328,-2.174,228.159,245.533,210.786
2022-05-04,218.56,222.56,218.02,220.84,1248800,216.62,227.491,228.414,45.059,-3.306,-1.724,-1.582,227.491,244.913,210.069
2022-05-05,221.31,221.91,217.55,220.55,1599200,217.056,226.741,228.891,44.741,-3.137,-2.007,-1.131,226.741,243.993,209.489
2022-05-06,219.55,223.19,219.21,222.69,1265300,219.168,225.966,229.19,47.677,-2.799,-2.165,-0.634,225.966,242.427,209.505
2022-05-09,221.58,223.08,217.93,218.51,1429900,219.906,225.108,229.314,42.884,-2.835,-2.299,-0.536,225.108,241.226,208.991
2022-05-10,218.77,220.79,216.05,217.08,1212100,219.934,224.246,229.067,41.352,-2.945,-2.428,-0.517,224.246,240.131,208.361
2022-05-11,215.83,221.52,215.29,217.81,811900,219.328,223.391,228.784,42.482,-2.94,-2.531,-0.409,223.391,238.689,208.093
2022-05-12,217.81,219.22,213.24,215.14,1432400,218.246,222.538,228.475,39.486,-3.115,-2.648,-0.468,222.538,237.667,207.408
2022-05-13,215.38,216.38,212.58,215.71,1046900,216.85,221.568,228.143,40.452,-3.172,-2.752,-0.419,221.568,235.765,207.371
2022-05-16,215.84,219.63,214.83,218.25,850100,216.798,220.619,227.655,44.686,-2.977,-2.797,-0.18,220.619,232.805,208.434
2022-05-17,219.11,221.93,217.29,220.67,824600,217.516,219.884,227.144,48.447,-2.598,-2.757,0.16,219.884,229.898,209.869
2022-05-18,220.11,221.03,216.12,217.23,971700,217.4,218.972,226.727,43.88,-2.545,-2.715,0.17,218.972,225.836,212.107
2022-05-19,217.23,218.23,209.81,212.57,1246300,216.886,218.362,226.331,38.574,-2.847,-2.741,-0.105,218.362,225.227,211.497
2022-05-20,212.82,213.31,207.68,209.52,1913900,215.648,217.518,225.882,35.545,-3.294,-2.852,-0.442,217.518,224.376,210.661
2022-05-23,211.43,214.08,210.06,213.56,821900,214.71,217.104,225.586,42.038,-3.284,-2.938,-0.346,217.104,223.859,210.348
2022-05-24,213.38,217.55,212.79,217.06,669100,213.988,216.981,225.359,47.018,-2.96,-2.943,-0.018,216.981,223.639,210.322
2022-05-25,217.95,218.27,215.4,216.14,724100,213.77,216.779,224.967,45.901,-2.746,-2.903,0.157,216.779,223.275,210.284
2022-05-26,217.56,218.89,215.69,216.26,584100,214.508,216.674,224.845,46.081,-2.537,-2.83,0.293,216.674,223.129,210.219
2022-05-27,217.21,220.06,215.35,220.04,668000,216.612,217.069,224.702,51.545,-2.043,-2.673,0.629,217.069,223.318,210.821
2022-05-31,218.02,220.78,216.47,220.02,1338000,217.904,217.33,224.6,51.515,-1.635,-2.465,0.831,217.33,223.617,211.042
2022-06-01,221.27,221.33,218.78,220.56,901500,218.604,217.51,224.374,52.315,-1.253,-2.223,0.97,217.51,223.957,211.064
2022-06-02,220.81,221.81,216.7,220.85,1045600,219.546,217.511,224.188,52.766,-0.916,-1.961,1.045,217.511,223.959,211.063
2022-06-03,220.01,223.85,219.11,223.1,587100,220.914,217.638,223.988,56.224,-0.462,-1.662,1.199,217.638,224.431,210.846
2022-06-06,223.55,224.74,220.91,221.23,575500,221.152,217.566,223.72,52.766,-0.251,-1.379,1.129,217.566,224.158,210.973
2022-06-07,220.05,226.95,219.21,226.08,630000,222.364,217.944,223.532,59.69,0.305,-1.043,1.347,217.944,225.555,210.333
2022-06-08,225.23,226.48,223.85,224.31,935500,223.114,218.306,223.461,56.439,0.595,-0.715,1.31,218.306,226.414,210.197
2022-06-09,223.89,225.37,220.66,220.76,766600,223.096,218.453,223.372,50.497,0.533,-0.466,0.998,218.453,226.631,210.275
2022-06-10,219.9,221.79,217.65,220.61,897900,222.598,218.727,223.185,50.257,0.466,-0.279,0.745,218.727,226.803,210.65
2022-06-13,217.54,217.63,212.88,214.02,1014100,221.156,218.642,222.927,41.007,-0.117,-0.247,0.129,218.642,226.885,210.399
2022-06-14,213.32,213.91,206.59,208.22,941200,217.584,218.141,222.466,34.916,-1.036,-0.405,-0.631,218.141,227.613,208.668
2022-06-15,209.09,210.14,204.16,208.01,858400,214.324,217.508,222.012,34.715,-1.76,-0.676,-1.085,217.508,227.914,207.101
2022-06-16,206.44,207.62,203.06,203.78,863000,210.928,216.835,221.403,30.86,-2.645,-1.07,-1.576,216.835,228.92,204.75
2022-06-17,203.95,205.33,199.83,203.31,1925800,207.468,216.372,220.758,30.456,-3.346,-1.525,-1.821,216.372,229.782,202.962
2022-06-21,205.67,211.3,204.95,210.68,809500,206.8,216.43,220.208,43.063,-3.269,-1.874,-1.395,216.43,229.725,203.135
2022-06-22,207.67,213.16,207.4,210.71,843300,207.298,216.288,219.709,43.109,-3.169,-2.133,-1.036,216.288,229.771,202.804
2022-06-23,211.01,212.79,207.48,209.56,464100,207.608,215.912,219.214,41.74,-3.146,-2.336,-0.811,215.912,229.719,202.106
2022-06-24,211.19,214.69,209.67,214.3,827300,209.712,215.821,218.802,48.935,-2.715,-2.411,-0.303,215.821,229.645,201.996
2022-06-27,214.7,218.83,213.81,217.29,608000,212.508,215.872,218.503,52.887,-2.107,-2.35,0.244,215.872,229.711,202.033
2022-06-28,217.64,220.84,215.88,216.38,780700,213.648,215.689,218.129,51.579,-1.679,-2.216,0.537,215.689,229.393,201.985
2022-06-29,217.92,218.38,215.39,218.21,558300,215.148,215.598,217.749,54.041,-1.179,-2.009,0.83,215.598,229.205,201.992
2022-06-30,217.26,221.96,216.05,221.78,1053400,217.592,215.659,217.476,58.477,-0.489,-1.705,1.216,215.659,229.37,201.949
2022-07-01,222.18,224.48,218.89,223.19,564100,219.37,215.776,217.231,60.115,0.17,-1.33,1.5,215.776,229.712,201.841
2022-07-05,220.08,221.04,208.54,211.92,911300,218.296,215.218,216.974,44.88,-0.215,-1.107,0.892,215.218,228.809,201.626
2022-07-06,212.97,220.22,212.97,219.85,1052500,218.99,215.148,216.843,53.76,0.118,-0.862,0.98,215.148,228.625,201.672
2022-07-07,219.69,224.15,217.79,218.91,622100,219.13,214.79,216.784,52.677,0.303,-0.629,0.932,214.79,227.395,202.185
2022-07-08,219.4,220.69,218.01,218.54,471700,218.482,214.502,216.765,52.23,0.415,-0.42,0.835,214.502,226.435,202.568
2022-07-11,217.35,219.7,215.97,218.9,558400,217.624,214.408,216.739,52.651,0.527,-0.231,0.758,214.408,226.165,202.652
2022-07-12,216.96,217.47,212.46,213.05,1008900,217.85,214.031,216.633,45.627,0.142,-0.156,0.298,214.031,225.428,202.633
2022-07-13,210.32,214.0,208.26,208.31,927600,215.542,213.745,216.557,40.869,-0.54,-0.233,-0.307,213.745,225.426,202.064
2022-07-14,205.01,205.84,201.05,203.62,1118600,212.484,213.515,216.333,36.782,-1.442,-0.475,-0.967,213.515,225.819,201.211
2022-07-15,206.67,207.23,203.41,205.39,1106200,209.854,213.384,216.102,39.251,-1.991,-0.778,-1.213,213.384,225.987,200.781
2022-07-18,206.4,207.22,201.8,201.98,1293500,206.47,213.294,215.724,36.309,-2.67,-1.156,-1.514,213.294,226.207,200.381
2022-07-19,201.05,207.96,200.56,207.04,1810400,205.268,213.48,215.454,43.122,-2.769,-1.479,-1.29,213.48,225.884,201.077
2022-07-20,207.52,208.34,205.27,205.88,1448100,204.782,213.24,215.118,42.013,-2.907,-1.764,-1.142,213.24,226.051,200.43
2022-07-21,205.21,206.63,203.0,205.62,1067600,205.182,212.986,214.86,41.753,-3.002,-2.012,-0.99,212.986,226.204,199.768
2022-07-22,206.89,210.14,205.81,206.57,720700,205.418,212.836,214.65,43.134,-2.967,-2.203,-0.764,212.836,226.284,199.389
2022-07-25,206.66,209.44,206.35,207.65,552900,206.552,212.504,214.447,44.739,-2.82,-2.326,-0.493,212.504,226.127,198.881
2022-07-26,207.65,208.84,204.76,205.31,718500,206.206,211.905,214.25,41.976,-2.859,-2.433,-0.426,211.905,225.694,198.116
2022-07-27,205.24,206.8,202.66,205.45,1049000,206.12,211.358,214.045,42.206,-2.846,-2.515,-0.33,211.358,225.267,197.45
2022-07-28,206.5,212.95,204.68,212.68,1253900,207.532,211.082,213.934,52.644,-2.226,-2.458,0.231,211.082,224.632,197.532
2022-07-29,210.28,221.24,209.29,220.19,1759300,210.256,211.002,213.924,60.604,-1.116,-2.189,1.073,211.002,224.304,197.701
2022-08-01,220.69,223.82,218.75,221.14,1138800,212.954,210.9,214.002,61.485,-0.158,-1.783,1.625,210.9,223.833,197.967
2022-08-02,222.67,228.04,220.19,223.86,1049300,216.664,211.497,214.228,63.972,0.811,-1.264,2.075,211.497,225.671,197.323
2022-08-03,223.24,223.52,215.63,221.47,984800,219.868,211.578,214.467,60.289,1.371,-0.737,2.108,211.578,225.97,197.186
2022-08-04,222.03,222.96,218.09,218.25,944200,220.982,211.545,214.561,55.64,1.536,-0.283,1.819,211.545,225.869,197.221
2022-08-05,217.02,218.3,213.72,215.24,1355000,219.992,211.38,214.524,51.633,1.409,0.056,1.353,211.38,225.438,197.322
2022-08-08,215.92,216.91,209.96,212.65,1046200,218.294,211.067,214.455,48.402,1.086,0.262,0.824,211.067,224.693,197.442
2022-08-09,213.61,215.15,212.0,214.25,1200200,216.372,211.128,214.414,50.464,0.949,0.399,0.55,211.128,224.8,197.455
2022-08-10,215.43,215.79,213.43,215.34,725500,215.146,211.479,214.32,51.875,0.917,0.503,0.414,211.479,225.208,197.75
2022-08-11,215.4,216.51,211.36,212.23,1051800,213.942,211.909,214.165,47.701,0.634,0.529,0.105,211.909,225.132,198.687
2022-08-12,212.76,217.24,211.68,217.23,1024200,214.34,212.502,214.098,54.096,0.803,0.584,0.22,212.502,225.554,199.449
2022-08-15,216.52,221.7,216.06,220.25,663900,215.86,213.415,214.086,57.479,1.168,0.701,0.467,213.415,225.912,200.918
2022-08-16,220.11,221.07,218.44,219.6,450600,216.93,214.043,214.016,56.514,1.389,0.838,0.55,214.043,226.453,201.633
2022-08-17,217.99,222.38,217.47,220.11,614800,217.884,214.754,213.994,57.122,1.586,0.988,0.598,214.754,226.821,202.688
2022-08-18,221.7,222.91,218.48,218.73,545100,219.184,215.41,213.847,54.884,1.613,1.113,0.5,215.41,226.793,204.027
2022-08-19,218.34,219.81,217.88,218.78,607900,219.494,216.02,213.736,54.953,1.62,1.214,0.405,216.02,226.694,205.347
2022-08-22,217.79,218.77,211.48,212.14,1108900,217.872,216.245,213.564,45.108,1.077,1.187,-0.11,216.245,226.351,206.139
2022-08-23,213.11,215.5,211.68,213.01,1515600,216.554,216.63,213.412,46.461,0.708,1.091,-0.383,216.63,225.493,207.767
2022-08-24,213.57,215.34,212.79,213.87,896900,215.306,217.051,213.409,47.831,0.48,0.969,-0.489,217.051,224.337,209.765
2022-08-25,214.53,218.91,214.21,218.79,838000,215.318,217.356,213.62,54.932,0.689,0.913,-0.224,217.356,224.379,210.334
2022-08-26,219.67,220.76,214.63,214.77,705700,214.516,217.086,213.755,49.056,0.523,0.835,-0.312,217.086,224.065,210.106
2022-08-29,212.9,216.1,211.79,214.05,684500,214.898,216.731,213.961,48.065,0.33,0.734,-0.404,216.731,223.562,209.9
2022-08-30,215.26,215.48,211.44,212.18,637400,214.732,216.147,214.138,45.492,0.026,0.592,-0.566,216.147,222.383,209.911
2022-08-31,212.24,214.25,208.91,209.38,1412300,213.834,215.543,214.112,41.879,-0.436,0.387,-0.822,215.543,221.948,209.137
2022-09-01,208.61,210.99,208.44,209.77,834700,212.03,215.118,214.093,42.563,-0.761,0.157,-0.919,215.118,221.882,208.355
2022-09-02,210.81,213.05,208.11,209.5,1092600,210.976,214.832,214.092,42.193,-1.03,-0.08,-0.949,214.832,222.045,207.618
2022-09-06,209.49,213.48,209.08,211.87,1258700,210.54,214.792,214.043,46.587,-1.039,-0.272,-0.767,214.792,222.064,207.521
2022-09-07,210.86,215.56,210.39,214.99,928300,211.102,214.83,213.997,51.783,-0.785,-0.375,-0.411,214.83,222.097,207.562
2022-09-08,214.93,216.24,213.01,215.51,767500,212.328,214.838,213.98,52.611,-0.536,-0.407,-0.129,214.838,222.109,207.567
2022-09-09,215.85,218.83,215.53,217.74,847800,213.922,215.114,213.971,56.091,-0.157,-0.357,0.2,215.114,222.386,207.841
2022-09-12,217.75,217.84,215.91,216.46,752500,215.314,215.075,213.864,53.655,0.039,-0.278,0.317,215.075,222.308,207.842
2022-09-13,214.29,217.39,207.82,208.7,1484300,214.68,214.498,213.574,41.803,-0.426,-0.307,-0.119,214.498,221.834,207.161
2022-09-14,209.54,215.85,209.2,215.73,1004500,214.828,214.304,213.651,52.121,-0.225,-0.291,0.066,214.304,221.269,207.339
2022-09-15,214.85,215.29,209.08,210.64,944000,213.854,213.83,213.466,45.791,-0.471,-0.327,-0.144,213.83,220.41,207.251
2022-09-16,208.74,212.4,207.94,212.09,1706800,212.724,213.498,213.33,47.738,-0.543,-0.37,-0.173,213.498,219.696,207.301
2022-09-19,211.3,214.11,208.18,212.15,853300,211.862,213.167,213.202,47.822,-0.588,-0.414,-0.174,213.167,218.865,207.469
2022-09-20,211.76,211.76,207.63,210.67,682100,212.256,213.094,213.038,45.874,-0.734,-0.478,-0.257,213.094,218.884,207.303
2022-09-21,215.39,218.65,210.87,210.9,961300,211.29,212.988,212.995,46.241,-0.823,-0.547,-0.276,212.988,218.861,207.115
2022-09-22,210.36,210.39,206.54,208.4,906900,210.842,212.714,212.996,42.845,-1.082,-0.654,-0.428,212.714,218.915,206.514
2022-09-23,206.6,207.04,200.58,203.22,859500,209.068,211.936,212.988,36.814,-1.686,-0.86,-0.826,211.936,218.799,205.073
2022-09-26,202.36,203.57,198.49,198.87,799600,206.412,211.141,212.858,32.656,-2.487,-1.186,-1.301,211.141,220.012,202.27
2022-09-27,200.05,201.39,195.76,196.0,645500,203.478,210.238,212.738,30.231,-3.315,-1.611,-1.704,210.238,221.272,199.205
2022-09-28,194.19,199.27,191.21,197.86,970300,200.87,209.522,212.555,33.669,-3.778,-2.045,-1.733,209.522,221.813,197.232
2022-09-29,197.38,198.43,191.72,193.04,703600,197.798,208.705,212.298,29.598,-4.482,-2.532,-1.95,208.705,223.038,194.373
2022-09-30,190.98,194.27,190.77,191.64,1070300,195.482,207.799,212.018,28.519,-5.094,-3.044,-2.049,207.799,224.018,191.58
2022-10-03,194.04,202.43,193.64,200.46,1063100,195.8,207.347,211.896,42.69,-4.812,-3.398,-1.414,207.347,223.867,190.827
2022-10-04,202.58,206.91,201.67,206.66,1071500,197.932,207.086,211.876,50.169,-4.041,-3.527,-0.515,207.086,223.47,190.703
2022-10-05,204.84,206.11,203.32,203.64,710500,199.088,206.519,211.843,46.955,-3.633,-3.548,-0.085,206.519,222.532,190.506
2022-10-06,202.86,205.16,202.79,203.32,990600,201.144,205.909,211.8,46.614,-3.297,-3.498,0.201,205.909,221.401,190.418
2022-10-07,202.67,207.02,202.3,206.85,1270400,204.186,205.365,211.684,50.851,-2.714,-3.341,0.627,205.365,219.838,190.892
2022-10-10,208.89,213.64,208.04,212.49,1695900,206.592,205.166,211.53,56.757,-1.777,-3.028,1.251,205.166,219.097,191.236
2022-10-11,211.23,216.79,211.23,213.47,1593300,207.954,205.405,211.376,57.708,-0.944,-2.611,1.667,205.405,219.748,191.062
2022-10-12,212.54,213.9,206.33,206.71,1061600,208.568,204.954,211.033,49.605,-0.82,-2.253,1.433,204.954,218.473,191.435
2022-10-13,205.44,210.53,204.84,209.81,1135300,209.866,204.912,210.8,52.873,-0.467,-1.896,1.429,204.912,218.363,191.462
2022-10-14,209.42,210.4,201.07,201.49,1401100,208.794,204.382,210.465,44.527,-0.848,-1.686,0.838,204.382,217.473,191.292
2022-10-17,202.86,208.58,202.78,206.14,812700,207.524,204.082,210.283,49.34,-0.766,-1.502,0.736,204.082,216.689,191.475
2022-10-18,209.85,218.75,208.82,218.15,1442500,208.46,204.456,210.393,59.189,0.265,-1.149,1.414,204.456,218.271,190.641
2022-10-19,218.48,222.1,216.91,219.1,932900,210.938,204.866,210.49,59.854,1.146,-0.69,1.835,204.866,219.918,189.814
2022-10-20,219.2,220.71,217.84,220.38,1444000,213.052,205.465,210.591,60.781,1.924,-0.167,2.091,205.465,221.991,188.939
2022-10-21,221.3,229.36,221.03,227.94,1711700,218.342,206.701,210.905,65.804,3.116,0.49,2.626,206.701,225.987,187.415
2022-10-24,229.84,230.82,227.32,228.78,1296200,222.87,208.196,211.136,66.32,4.081,1.208,2.873,208.196,229.462,186.931
2022-10-25,227.66,229.7,225.64,228.89,1058700,225.018,209.841,211.309,66.392,4.799,1.926,2.873,209.841,232.195,187.487
2022-10-26,230.51,233.01,228.68,230.52,1214300,227.302,211.474,211.527,67.494,5.437,2.628,2.809,211.474,234.889,188.059
2022-10-27,231.22,235.23,230.64,233.11,1169300,229.848,213.478,211.787,69.22,6.082,3.319,2.763,213.478,237.108,189.847
2022-10-28,223.15,231.33,215.07,229.36,2513000,230.132,215.364,212.0,63.925,6.218,3.899,2.319,215.364,237.637,193.09
2022-10-31,226.12,230.56,223.53,227.27,1274200,229.83,216.704,212.17,61.119,6.088,4.337,1.751,216.704,238.421,194.987
2022-11-01,227.88,229.69,222.07,222.36,1128800,228.524,217.489,212.374,55.01,5.524,4.574,0.95,217.489,238.809,196.169
2022-11-02,221.8,224.46,220.13,220.21,1259800,226.462,218.317,212.518,52.534,4.848,4.629,0.219,218.317,238.636,197.999
2022-11-03,217.15,219.15,216.14,216.68,1321900,223.176,218.986,212.574,48.661,3.982,4.5,-0.518,218.986,238.068,199.903
2022-11-04,216.68,216.68,207.72,211.47,1548500,219.598,219.217,212.428,43.557,2.842,4.168,-1.326,219.217,237.786,200.647
2022-11-07,211.7,213.84,210.73,212.62,1277100,216.668,219.223,212.385,44.93,2.009,3.736,-1.728,219.223,237.782,200.664
2022-11-08,211.51,217.95,210.92,217.7,1420600,215.736,219.434,212.458,50.642,1.738,3.337,-1.599,219.434,237.813,201.056
2022-11-09,217.74,220.52,215.33,219.16,1594100,215.526,220.057,212.597,52.177,1.622,2.994,-1.371,220.057,237.438,202.676
2022-11-10,221.96,223.7,216.02,220.7,1425100,216.33,220.602,212.824,53.809,1.636,2.722,-1.086,220.602,237.299,203.904
2022-11-11,211.63,214.28,203.58,207.24,3025400,215.484,220.889,212.773,40.727,0.555,2.289,-1.734,220.889,236.354,205.424
2022-11-14,208.44,209.88,200.41,200.83,2243200,213.126,220.624,212.6,36.211,-0.81,1.669,-2.479,220.624,237.29,203.957
2022-11-15,202.03,207.47,198.25,204.01,2251700,210.388,219.916,212.443,39.779,-1.617,1.012,-2.629,219.916,238.151,201.682
2022-11-16,204.37,206.01,202.17,204.25,1034300,207.406,219.174,212.228,40.051,-2.211,0.367,-2.578,219.174,238.711,199.637
2022-11-17,202.97,206.89,202.45,205.28,1243600,204.322,218.419,212.023,41.279,-2.569,-0.22,-2.349,218.419,238.904,197.934
2022-11-18,206.46,208.68,204.54,207.6,797500,204.394,217.402,211.82,44.058,-2.636,-0.703,-1.932,217.402,237.916,196.888
2022-11-21,207.2,210.21,206.91,208.85,865900,205.998,216.406,211.668,45.554,-2.558,-1.074,-1.484,216.406,236.525,196.286
2022-11-22,209.91,211.28,208.24,208.82,660000,206.96,215.402,211.671,45.522,-2.47,-1.353,-1.117,215.402,234.892,195.912
2022-11-23,208.72,211.55,207.76,209.85,795900,208.08,214.368,211.553,46.878,-2.291,-1.541,-0.75,214.368,232.637,196.1
2022-11-25,211.29,212.2,210.25,211.94,232300,209.412,213.31,211.579,49.619,-1.958,-1.624,-0.334,213.31,229.32,197.3
2022-11-28,211.22,212.33,208.29,209.32,621200,209.756,212.308,211.524,46.388,-1.884,-1.676,-0.208,212.308,226.493,198.123
2022-11-29,209.54,211.01,208.68,209.09,531600,209.804,211.399,211.462,46.104,-1.823,-1.706,-0.117,211.399,223.759,199.039
2022-11-30,208.7,210.49,205.49,210.45,2026100,210.13,210.804,211.458,48.125,-1.645,-1.694,0.048,210.804,222.036,199.571
2022-12-01,211.63,212.36,206.9,208.89,1181600,209.938,210.238,211.418,45.995,-1.612,-1.677,0.065,210.238,220.58,199.895
2022-12-02,207.91,213.84,207.57,213.16,999900,210.182,210.061,211.513,52.228,-1.227,-1.587,0.36,210.061,220.057,200.066
2022-12-05,210.61,211.22,207.97,208.26,597700,209.97,209.901,211.614,45.708,-1.302,-1.53,0.228,209.901,219.904,199.898
2022-12-06,209.45,209.45,202.61,202.74,697700,208.7,209.407,211.691,39.696,-1.787,-1.582,-0.205,209.407,219.812,199.002
2022-12-07,202.6,204.93,200.36,201.96,1075200,207.002,208.62,211.81,38.917,-2.208,-1.707,-0.501,208.62,218.762,198.478
2022-12-08,203.7,203.98,201.24,201.86,1111700,205.596,207.755,211.89,38.812,-2.521,-1.87,-0.651,207.755,217.025,198.485
2022-12-09,200.72,203.16,199.37,199.75,786700,202.914,206.707,212.025,36.567,-2.906,-2.077,-0.829,206.707,214.423,198.992
2022-12-12,200.65,202.18,199.73,201.66,884400,201.594,206.428,212.225,39.953,-3.022,-2.266,-0.756,206.428,214.46,198.397
2022-12-13,204.1,204.28,199.3,200.33,1442000,201.112,206.403,212.222,38.415,-3.184,-2.45,-0.735,206.403,214.511,198.296
2022-12-14,201.0,203.99,200.2,202.08,775600,201.136,206.307,212.131,41.6,-3.136,-2.587,-0.549,206.307,214.579,198.035
2022-12-15,204.17,204.85,197.97,200.63,1034200,200.89,206.126,212.071,39.765,-3.178,-2.705,-0.473,206.126,214.739,197.513
2022-12-16,198.54,199.98,195.1,197.66,2182700,200.472,205.745,211.957,36.239,-3.411,-2.846,-0.565,205.745,215.153,196.337
2022-12-19,192.03,193.36,188.91,190.5,3032900,198.24,204.89,211.63,29.457,-4.127,-3.102,-1.024,204.89,216.45,193.33
2022-12-20,188.11,192.08,188.11,190.55,1741500,196.284,203.975,211.192,29.556,-4.636,-3.409,-1.227,203.975,217.017,190.933
2022-12-21,191.39,192.38,189.4,191.83,1797800,194.234,203.126,210.759,32.184,-4.88,-3.703,-1.177,203.126,217.024,189.227
2022-12-22,191.18,192.03,187.5,189.82,1112200,192.072,202.124,210.421,30.274,-5.176,-3.998,-1.178,202.124,216.845,187.403
2022-12-23,189.83,191.43,189.06,191.14,731000,190.768,201.084,210.048,33.082,-5.244,-4.247,-0.997,201.084,215.824,186.344
2022-12-27,191.84,193.98,191.29,191.34,637900,190.936,200.185,209.845,33.519,-5.221,-4.442,-0.779,200.185,215.003,185.367
2022-12-28,191.98,192.76,189.28,189.58,764600,190.742,199.21,209.513,31.566,-5.284,-4.61,-0.674,199.21,214.127,184.292
2022-12-29,189.69,192.86,189.68,191.53,898200,190.682,198.264,208.981,36.015,-5.118,-4.712,-0.406,198.264,212.567,183.96
2022-12-30,191.68,193.47,190.36,192.97,716600,191.312,197.468,208.458,39.16,-4.814,-4.732,-0.082,197.468,211.034,183.901
2023-01-03,192.39,193.73,190.57,191.78,949200,191.44,196.398,207.886,37.519,-4.617,-4.709,0.093,196.398,207.983,184.814
2023-01-04,191.1,194.05,189.53,191.78,925100,191.528,195.574,207.163,37.519,-4.409,-4.649,0.24,195.574,205.881,185.268
2023-01-05,191.25,191.72,188.74,191.04,886300,191.82,194.99,206.408,36.418,-4.255,-4.57,0.315,194.99,204.904,185.075
2023-01-06,192.61,195.49,188.53,191.08,1031200,191.73,194.445,205.652,36.526,-4.083,-4.473,0.39,194.445,203.934,184.957
2023-01-09,191.13,191.13,184.9,186.35,1604600,190.406,193.67,204.769,30.01,-4.279,-4.434,0.155,193.67,203.143,184.197
2023-01-10,187.04,188.16,185.24,187.16,1084600,189.482,193.04,203.85,32.239,-4.319,-4.411,0.092,193.04,202.485,183.596
2023-01-11,187.16,187.68,184.59,185.27,1854300,188.18,192.221,202.968,29.85,-4.452,-4.419,-0.033,192.221,201.356,183.086
2023-01-12,184.96,187.17,182.6,185.13,2112500,186.998,191.461,202.125,29.675,-4.517,-4.439,-0.078,191.461,200.279,182.643
2023-01-13,182.42,184.9,179.68,182.73,1778800,185.328,190.493,201.333,26.77,-4.707,-4.492,-0.215,190.493,198.625,182.362
2023-01-17,183.78,183.96,179.92,180.4,2297800,184.138,189.482,200.536,24.285,-4.989,-4.592,-0.397,189.482,197.333,181.631
2023-01-18,180.24,181.1,177.33,178.84,2283600,182.474,188.541,199.78,22.762,-5.277,-4.729,-0.548,188.541,196.767,180.315
2023-01-19,179.18,180.89,177.24,177.43,2182400,180.906,187.888,199.099,21.452,-5.555,-4.894,-0.661,187.888,197.43,178.345
2023-01-20,178.28,178.94,175.84,178.42,1546900,179.564,187.281,198.415,24.727,-5.631,-5.041,-0.589,187.281,197.619,176.943
2023-01-23,179.05,181.05,177.74,180.03,1612800,179.024,186.691,197.661,29.851,-5.497,-5.133,-0.365,186.691,197.28,176.102
2023-01-24,180.21,181.59,178.08,180.46,1481900,179.036,186.223,196.887,31.198,-5.296,-5.165,-0.131,186.223,197.054,175.392
2023-01-25,179.75,183.46,178.68,183.21,1296700,179.91,185.826,196.138,39.233,-4.858,-5.104,0.245,185.826,196.479,175.174
2023-01-26,183.7,185.52,181.83,182.15,1790000,180.854,185.367,195.636,37.419,-4.545,-4.992,0.447,185.367,195.809,174.925
2023-01-27,189.99,198.84,189.46,196.57,3106000,184.484,185.716,195.551,62.693,-3.097,-4.613,1.516,185.716,197.171,174.262
2023-01-30,196.77,198.71,195.09,196.4,1913600,187.758,185.96,195.398,62.373,-1.941,-4.079,2.138,185.96,198.12,173.8
2023-01-31,197.38,199.09,196.06,199.09,1922800,191.484,186.266,195.295,65.382,-0.798,-3.423,2.624,186.266,199.435,173.097
2023-02-01,197.87,201.39,197.23,200.05,1193300,194.852,186.68,195.191,66.414,0.182,-2.702,2.884,186.68,201.043,172.316
2023-02-02,199.38,200.09,195.12,196.52,2008000,197.726,186.916,194.969,59.4,0.667,-2.028,2.695,186.916,201.782,172.051
2023-02-03,196.41,197.52,194.96,195.51,921500,197.514,187.14,194.702,57.528,0.959,-1.431,2.389,187.14,202.396,171.884
2023-02-06,195.54,198.04,194.33,196.78,1599600,197.59,187.425,194.461,59.266,1.277,-0.889,2.166,187.425,203.195,171.655
2023-02-07,196.09,197.36,192.86,196.88,865900,197.148,187.952,194.202,59.407,1.521,-0.407,1.928,187.952,204.264,171.639
2023-02-08,195.53,196.94,194.85,196.42,1108100,196.422,188.414,193.892,58.406,1.657,0.006,1.651,188.414,205.152,171.677
2023-02-09,195.78,197.21,193.83,194.96,1197300,196.11,188.899,193.604,55.226,1.629,0.33,1.298,188.899,205.814,171.984
2023-02-10,196.02,200.23,195.05,199.87,976100,196.982,189.636,193.42,62.601,1.98,0.66,1.319,189.636,207.134,172.138
2023-02-13,201.44,203.25,197.41,198.78,1050200,197.382,190.438,193.187,60.229,2.145,0.957,1.188,190.438,208.074,172.803
2023-02-14,198.81,198.81,196.7,197.29,887000,197.464,191.283,192.955,57.048,2.131,1.192,0.939,191.283,208.508,174.058
2023-02-15,197.06,197.89,195.07,197.66,1155800,197.712,192.224,192.645,57.646,2.126,1.379,0.747,192.224,208.623,175.825
2023-02-16,196.34,197.99,194.86,195.97,927200,197.914,193.151,192.399,53.949,1.963,1.496,0.467,193.151,208.057,178.245
2023-02-17,195.97,198.76,195.18,198.35,754400,197.61,194.147,192.311,58.031,2.002,1.597,0.405,194.147,207.489,180.806
2023-02-21,199.84,200.19,196.8,196.88,1259000,197.23,194.99,192.209,54.8,1.893,1.656,0.237,194.99,206.593,183.387
2023-02-22,196.56,198.44,195.92,196.53,832400,197.078,195.794,192.103,54.029,1.758,1.676,0.081,195.794,205.173,186.414
2023-02-23,196.6,198.0,193.4,194.21,904300,196.388,196.344,191.992,49.096,1.447,1.631,-0.184,196.344,203.684,189.003
2023-02-24,194.51,195.35,193.14,194.76,1034800,196.146,196.974,191.854,50.256,1.231,1.551,-0.32,196.974,200.188,193.76
2023-02-27,195.52,195.73,194.39,195.27,877800,195.53,196.909,191.753,51.362,1.088,1.458,-0.37,196.909,200.209,193.609
2023-02-28,194.82,196.15,194.39,195.73,1432600,195.3,196.876,191.626,52.391,1.001,1.367,-0.366,196.876,200.21,193.541
2023-03-01,194.03,195.25,193.61,194.7,1216500,194.934,196.656,191.507,49.849,0.838,1.261,-0.423,196.656,199.955,193.357
2023-03-02,194.16,196.84,194.16,196.65,953800,195.422,196.486,191.487,54.363,0.857,1.18,-0.323,196.486,199.373,193.599
2023-03-03,197.03,198.83,196.71,198.48,1399500,196.166,196.584,191.647,58.169,1.009,1.146,-0.137,196.584,199.606,193.562
2023-03-06,198.24,200.64,197.42,198.25,847500,196.762,196.721,191.801,57.519,1.097,1.136,-0.039,196.721,199.786,193.656
2023-03-07,197.71,199.75,196.15,196.33,1000400,196.882,196.698,191.891,52.274,1.001,1.109,-0.108,196.698,199.768,193.629
2023-03-08,196.63,197.16,191.26,192.71,1009900,196.484,196.49,191.948,44.108,0.625,1.012,-0.387,196.49,200.037,192.943
2023-03-09,193.54,194.66,190.27,190.47,1073600,195.248,196.192,191.935,39.949,0.145,0.839,-0.694,196.192,200.646,191.739
2023-03-10,189.98,191.77,189.12,189.52,869300,193.456,195.92,191.899,38.3,-0.309,0.609,-0.918,195.92,201.267,190.574
2023-03-13,187.28,189.37,186.53,187.64,1293600,191.334,195.309,191.86,35.202,-0.81,0.325,-1.136,195.309,201.486,189.132
2023-03-14,189.39,190.95,187.73,188.79,1204800,189.826,194.81,191.805,38.48,-1.103,0.04,-1.142,194.81,201.406,188.213
2023-03-15,186.83,187.23,183.67,187.11,1152500,188.706,194.3,191.688,35.644,-1.453,-0.259,-1.194,194.3,201.622,186.979
2023-03-16,186.75,190.13,185.85,188.49,929800,188.31,193.842,191.622,39.583,-1.601,-0.527,-1.074,193.842,201.422,186.262
2023-03-17,187.67,187.67,181.01,181.95,1946700,186.796,193.141,191.425,30.161,-2.22,-0.866,-1.354,193.141,202.317,183.965
2023-03-20,183.16,184.94,182.11,183.62,1000200,185.992,192.404,191.277,34.451,-2.547,-1.202,-1.345,192.404,202.166,182.643
2023-03-21,185.38,185.53,183.17,184.33,1129800,185.1,191.777,191.142,36.245,-2.717,-1.505,-1.212,191.777,201.933,181.621
2023-03-22,184.2,184.2,178.98,179.1,1294600,183.498,190.906,190.997,29.781,-3.237,-1.851,-1.385,190.906,202.264,179.547
2023-03-23,179.22,180.21,177.36,177.79,1484300,181.358,190.084,190.81,28.414,-3.712,-2.223,-1.488,190.084,202.738,177.431
2023-03-24,177.8,180.03,176.93,179.98,1513100,180.964,189.346,190.704,33.878,-3.867,-2.552,-1.315,189.346,202.563,176.128
2023-03-27,181.81,182.55,179.36,181.29,1178200,180.498,188.646,190.627,36.977,-3.839,-2.81,-1.03,188.646,202.022,175.271
2023-03-28,180.95,181.73,178.37,178.88,1358000,179.408,187.804,190.55,33.835,-3.967,-3.041,-0.926,187.804,201.422,174.186
2023-03-29,179.86,181.44,179.26,181.38,1014800,179.864,187.138,190.57,39.571,-3.822,-3.197,-0.625,187.138,200.638,173.638
2023-03-30,181.77,182.69,180.58,181.46,832200,180.598,186.378,190.622,39.751,-3.658,-3.289,-0.369,186.378,199.323,173.434
2023-03-31,182.74,183.08,181.3,182.88,977000,181.178,185.598,190.731,42.996,-3.375,-3.307,-0.069,185.598,197.292,173.905
2023-04-03,183.47,186.51,182.76,185.4,827700,182.0,184.956,190.871,48.317,-2.914,-3.228,0.314,184.956,195.022,174.89
2023-04-04,185.03,185.68,182.57,183.68,984100,182.96,184.324,190.944,45.215,-2.656,-3.114,0.457,184.324,192.852,175.795
2023-04-05,183.44,184.94,183.29,183.96,813500,183.476,183.886,191.014,45.824,-2.402,-2.971,0.569,183.886,191.446,176.326
2023-04-06,184.72,186.05,182.44,183.59,954500,183.902,183.542,191.021,45.11,-2.205,-2.818,0.613,183.542,190.437,176.647
2023-04-10,183.27,186.15,183.1,185.65,569100,184.456,183.348,191.091,49.803,-1.861,-2.627,0.765,183.348,189.736,176.961
2023-04-11,185.87,187.08,184.24,185.36,837400,184.448,183.234,190.867,49.165,-1.594,-2.42,0.826,183.234,189.376,177.093
2023-04-12,185.38,186.83,184.73,186.03,485800,184.918,183.097,190.66,50.734,-1.313,-2.199,0.886,183.097,188.823,177.37
2023-04-13,185.33,188.19,185.33,187.77,681700,185.68,183.13,190.433,54.647,-0.939,-1.947,1.008,183.13,188.96,177.299
2023-04-14,187.31,187.63,185.31,186.85,744500,186.332,183.048,190.169,52.283,-0.708,-1.699,0.991,183.048,188.6,177.495
2023-04-17,187.51,188.74,187.08,188.71,832300,186.944,183.386,190.013,56.391,-0.371,-1.433,1.062,183.386,189.455,177.316
2023-04-18,189.41,192.32,189.25,190.51,1134400,187.974,183.73,189.913,59.983,0.041,-1.139,1.179,183.73,190.587,176.873
2023-04-19,190.48,190.76,189.29,189.68,564500,188.704,183.998,189.771,57.626,0.297,-0.852,1.148,183.998,191.352,176.643
2023-04-20,189.63,189.63,187.17,189.05,674100,188.96,184.495,189.614,55.833,0.443,-0.593,1.036,184.495,191.801,177.189
2023-04-21,189.96,189.96,187.35,188.27,715900,189.244,185.019,189.451,53.609,0.491,-0.376,0.867,185.019,191.783,178.255
2023-04-24,188.36,188.96,186.85,188.37,593900,189.176,185.439,189.32,53.863,0.531,-0.194,0.726,185.439,191.922,178.955
2023-04-25,187.32,187.76,185.37,185.75,786400,188.224,185.662,189.037,46.662,0.347,-0.086,0.433,185.662,191.844,179.479
2023-04-26,184.1,184.74,180.82,181.29,1211100,186.546,185.782,188.687,37.476,-0.157,-0.1,-0.056,185.782,191.483,180.081
2023-04-27,181.02,184.53,180.73,184.52,1645400,185.64,185.939,188.432,45.798,-0.292,-0.139,-0.153,185.939,191.292,180.586
2023-04-28,187.42,188.43,181.41,181.86,1923500,184.358,185.959,188.116,40.963,-0.607,-0.232,-0.374,185.959,191.244,180.674
2023-05-01,181.86,183.98,181.08,181.45,1120100,182.974,185.888,187.826,40.257,-0.879,-0.362,-0.518,185.888,191.382,180.393
2023-05-02,180.8,181.28,176.2,176.66,1433800,181.156,185.45,187.392,33.087,-1.465,-0.582,-0.882,185.45,192.326,178.575
2023-05-03,177.2,178.08,173.85,173.99,1062400,179.696,184.966,186.934,29.892,-2.12,-0.89,-1.23,184.966,193.526,176.406
2023-05-04,173.46,174.44,170.73,173.08,1525800,177.408,184.422,186.465,28.868,-2.681,-1.248,-1.433,184.422,194.499,174.345
2023-05-05,173.6,175.49,172.43,174.94,1280300,176.024,183.99,186.08,33.853,-2.942,-1.587,-1.356,183.99,194.923,173.056
2023-05-08,175.74,176.66,174.26,174.51,880300,174.636,183.432,185.675,33.273,-3.148,-1.899,-1.249,183.432,195.119,171.746
2023-05-09,175.35,176.12,173.83,176.01,838500,174.506,182.965,185.289,37.311,-3.153,-2.15,-1.003,182.965,195.068,170.862
2023-05-10,177.0,177.0,174.44,176.15,875700,174.938,182.471,184.898,37.69,-3.11,-2.342,-0.768,182.471,194.85,170.092
2023-05-11,174.93,176.04,173.18,174.14,850100,175.15,181.79,184.487,34.468,-3.202,-2.514,-0.688,181.79,194.438,169.141
2023-05-12,175.15,175.79,173.23,174.03,722700,174.968,181.148,184.034,34.295,-3.245,-2.66,-0.585,181.148,194.015,168.282
2023-05-15,174.28,175.15,173.85,174.14,630000,174.894,180.42,183.547,34.648,-3.234,-2.775,-0.459,180.42,193.133,167.707
2023-05-16,173.98,174.14,171.31,171.44,936200,173.98,179.466,183.011,30.341,-3.403,-2.901,-0.503,179.466,191.849,167.084
2023-05-17,172.71,174.52,171.47,173.17,1505500,173.384,178.641,182.548,35.844,-3.36,-2.992,-0.367,178.641,190.339,166.943
2023-05-18,172.88,173.41,171.15,173.18,1895200,173.192,177.848,182.157,35.875,-3.286,-3.051,-0.235,177.848,188.695,167.0
2023-05-19,174.49,174.96,171.53,171.84,1049600,172.754,177.026,181.785,33.499,-3.298,-3.1,-0.197,177.026,187.004,167.048
2023-05-22,171.89,173.54,171.0,173.52,1202600,172.63,176.283,181.465,38.958,-3.136,-3.108,-0.028,176.283,184.811,167.756
2023-05-23,173.13,173.27,171.44,172.11,1044500,172.764,175.602,181.154,36.267,-3.085,-3.103,0.018,175.602,183.056,168.147
2023-05-24,172.65,172.65,170.25,170.26,1347800,172.182,175.05,180.784,33.043,-3.158,-3.114,-0.044,175.05,182.363,167.737
2023-05-25,169.08,169.34,163.56,164.38,1630400,170.422,174.043,180.329,25.333,-3.648,-3.221,-0.427,174.043,181.412,166.674
2023-05-26,163.8,166.9,163.57,166.59,990000,169.372,173.28,179.891,31.776,-3.814,-3.34,-0.475,173.28,180.398,166.161
2023-05-30,165.62,166.56,164.28,164.33,817200,167.534,172.424,179.539,29.018,-4.081,-3.488,-0.593,172.424,179.523,165.324
2023-05-31,163.75,165.13,162.66,163.94,1983100,165.9,171.788,179.145,28.558,-4.275,-3.645,-0.63,171.788,179.538,164.037
2023-06-01,164.19,166.88,163.91,165.94,1845000,165.036,171.385,178.777,34.316,-4.219,-3.76,-0.459,171.385,179.482,163.288
2023-06-02,167.18,171.56,166.9,170.92,1001700,166.344,171.277,178.614,45.988,-3.729,-3.754,0.025,171.277,179.336,163.218
2023-06-05,171.81,172.79,170.69,171.2,819200,167.266,171.09,178.482,46.563,-3.281,-3.659,0.378,171.09,178.963,163.217
2023-06-06,171.75,173.53,171.01,173.08,640200,169.016,171.018,178.344,50.383,-2.742,-3.476,0.734,171.018,178.786,163.251
2023-06-07,173.38,175.79,171.94,175.53,872200,171.334,170.994,178.229,54.906,-2.094,-3.199,1.106,170.994,178.7,163.289
2023-06-08,175.46,178.65,175.43,177.51,1108100,173.648,171.062,178.201,58.221,-1.403,-2.84,1.437,171.062,178.98,163.145
2023-06-09,177.87,178.34,175.7,176.89,651700,174.842,171.2,178.111,56.813,-0.896,-2.451,1.555,171.2,179.432,162.968
2023-06-12,176.89,178.25,176.37,177.39,912500,176.08,171.368,178.03,57.701,-0.449,-2.051,1.602,171.368,179.972,162.764
2023-06-13,177.38,177.96,175.0,177.38,734100,176.94,171.53,177.92,57.676,-0.094,-1.66,1.566,171.53,180.469,162.591
2023-06-14,177.16,179.71,176.79,179.09,1040000,177.652,171.912,177.794,60.868,0.322,-1.263,1.585,171.912,181.469,162.356
2023-06-15,179.57,182.73,179.23,181.39,1275200,178.428,172.324,177.748,64.722,0.827,-0.845,1.672,172.324,182.773,161.874
2023-06-16,181.81,184.48,181.81,183.44,1773000,179.738,172.836,177.738,67.769,1.377,-0.401,1.778,172.836,184.41,161.263
2023-06-20,183.09,184.32,181.75,183.19,1090000,180.898,173.404,177.73,67.009,1.772,0.034,1.739,173.404,185.852,160.956
2023-06-21,183.2,185.65,182.45,184.2,673900,182.262,173.938,177.701,68.544,2.142,0.456,1.687,173.938,187.29,160.586
2023-06-22,183.55,183.55,180.9,182.06,689500,182.856,174.436,177.635,61.965,2.237,0.812,1.425,174.436,188.235,160.636
2023-06-23,181.78,181.89,178.75,180.0,1011000,182.578,174.922,177.514,56.358,2.122,1.074,1.048,174.922,188.789,161.056
2023-06-26,178.06,180.03,174.51,179.83,881000,181.856,175.695,177.355,55.908,1.993,1.258,0.736,175.695,188.788,162.602
2023-06-27,179.82,182.09,179.16,181.64,743000,181.546,176.448,177.251,59.604,2.015,1.409,0.606,176.448,189.058,163.837
2023-06-28,182.17,182.17,177.92,179.85,735000,180.676,177.224,177.074,54.719,1.866,1.5,0.365,177.224,188.538,165.909
2023-06-29,179.93,184.28,179.58,183.36,843400,180.936,178.194,176.931,61.399,2.007,1.602,0.406,178.194,187.933,168.456
2023-06-30,183.49,184.45,181.59,183.63,989600,181.662,179.079,176.81,61.865,2.117,1.705,0.412,179.079,187.212,170.946
2023-07-03,183.36,185.72,182.57,185.48,342700,182.792,179.807,176.738,64.985,2.327,1.829,0.497,179.807,187.457,172.157
2023-07-05,184.6,185.78,183.23,184.95,682500,183.454,180.494,176.672,63.385,2.422,1.948,0.474,180.494,187.314,173.675
2023-07-06,184.55,185.28,182.63,182.67,712700,184.018,180.974,176.558,56.896,2.287,2.016,0.272,180.974,186.887,175.061
2023-07-07,182.04,184.53,181.19,182.59,834400,183.864,181.327,176.495,56.677,2.149,2.042,0.107,181.327,186.689,175.965
2023-07-10,182.3,183.83,182.13,182.58,688500,183.654,181.58,176.521,56.648,2.016,2.037,-0.021,181.58,186.654,176.507
2023-07-11,182.71,185.36,181.92,185.14,1022200,183.586,181.993,176.533,62.069,2.092,2.048,0.044,181.993,186.795,177.191
2023-07-12,186.22,186.46,183.76,183.79,1067000,183.354,182.313,176.572,57.953,2.021,2.043,-0.022,182.313,186.655,177.971
2023-07-13,183.17,186.38,182.69,186.15,972900,184.05,182.752,176.666,62.62,2.13,2.06,0.07,182.752,186.754,178.749
2023-07-14,185.82,186.65,183.09,183.55,850400,184.242,182.974,176.803,55.334,1.984,2.045,-0.061,182.974,186.597,179.352
2023-07-17,183.89,186.62,183.16,185.69,784900,184.864,183.19,177.037,59.51,2.018,2.04,-0.022,183.19,186.924,179.455
2023-07-18,186.37,188.96,182.91,184.13,1115200,184.662,183.224,177.258,55.441,1.897,2.011,-0.114,183.224,186.981,179.467
2023-07-19,184.77,186.54,183.99,186.5,1064100,185.204,183.39,177.49,59.924,1.969,2.003,-0.033,183.39,187.422,179.357
2023-07-20,188.23,189.52,186.69,187.52,1101400,185.478,183.556,177.75,61.71,2.085,2.019,0.066,183.556,187.982,179.129
2023-07-21,187.67,188.93,185.79,187.57,698200,186.282,183.831,177.981,61.799,2.156,2.047,0.11,183.831,188.543,179.119
2023-07-24,187.59,188.83,187.29,188.22,654500,186.788,184.242,178.222,63.015,2.239,2.085,0.154,184.242,188.981,179.503
2023-07-25,185.89,189.53,183.56,189.05,1055800,187.772,184.703,178.521,64.564,2.345,2.137,0.208,184.703,189.428,179.978
2023-07-26,189.26,191.54,188.55,190.0,1049300,188.472,185.121,178.84,66.305,2.476,2.205,0.272,185.121,190.173,180.069
2023-07-27,182.83,187.05,174.01,177.99,3877900,186.566,185.028,178.917,39.734,1.593,2.083,-0.489,185.028,190.537,179.519
2023-07-28,179.43,181.26,178.34,180.33,1434200,185.118,184.877,179.095,44.408,1.07,1.88,-0.81,184.877,190.734,179.019
2023-07-31,180.91,181.39,176.95,177.74,2059200,183.022,184.582,179.186,40.65,0.441,1.592,-1.151,184.582,191.241,177.923
2023-08-01,177.91,178.27,175.37,176.08,1400600,180.428,184.112,179.244,38.407,-0.189,1.236,-1.425,184.112,191.758,176.466
2023-08-02,175.49,176.92,174.34,174.39,1319900,177.306,183.584,179.295,36.215,-0.815,0.826,-1.641,183.584,192.361,174.807
2023-08-03,174.03,174.37,171.04,173.69,1506600,176.446,183.135,179.299,35.316,-1.352,0.39,-1.743,183.135,192.964,173.306
2023-08-04,174.45,175.87,173.83,174.89,1121500,175.358,182.75,179.354,38.15,-1.662,-0.02,-1.642,182.75,193.25,172.25
2023-08-07,175.47,178.07,175.47,176.26,1311200,175.062,182.434,179.474,41.312,-1.777,-0.372,-1.405,182.434,193.328,171.54
2023-08-08,175.71,175.8,173.53,174.07,786700,174.66,181.88,179.668,37.971,-2.021,-0.701,-1.319,181.88,193.308,170.453
2023-08-09,174.1,176.45,174.1,175.55,729800,174.892,181.468,179.847,41.419,-2.071,-0.975,-1.096,181.468,193.196,169.741
2023-08-10,175.37,176.81,174.21,174.85,669200,175.124,180.904,180.058,40.278,-2.143,-1.209,-0.934,180.904,192.769,169.038
2023-08-11,175.57,176.44,174.55,176.29,529000,175.404,180.54,180.305,43.712,-2.059,-1.379,-0.68,180.54,192.509,168.572
2023-08-14,176.31,177.53,174.48,174.89,718900,175.13,180.0,180.484,41.23,-2.082,-1.52,-0.563,180.0,191.965,168.036
2023-08-15,173.87,174.3,171.05,171.06,570600,174.528,179.347,180.486,35.322,-2.382,-1.692,-0.69,179.347,191.781,166.913
2023-08-16,170.85,172.54,170.81,171.24,702600,173.666,178.584,180.487,35.787,-2.576,-1.869,-0.707,178.584,191.042,166.126
2023-08-17,171.54,172.33,170.36,170.48,643000,172.792,177.732,180.435,34.653,-2.758,-2.047,-0.712,177.732,189.946,165.518
2023-08-18,169.65,172.67,169.65,170.22,631200,171.578,176.864,180.329,34.253,-2.891,-2.216,-0.675,176.864,188.591,165.138
2023-08-21,169.78,170.2,168.95,169.7,916900,170.54,175.938,180.173,33.422,-3.003,-2.373,-0.63,175.938,186.781,165.096
2023-08-22,169.9,170.51,168.59,169.03,741800,170.134,174.938,180.016,32.333,-3.111,-2.521,-0.59,174.938,184.275,165.6
2023-08-23,169.47,169.54,166.79,167.21,1175000,169.328,173.798,179.812,29.52,-3.304,-2.677,-0.627,173.798,180.62,166.976
2023-08-24,167.05,167.98,165.87,166.82,1128500,168.596,173.24,179.601,28.939,-3.45,-2.832,-0.618,173.24,180.435,166.044
2023-08-25,167.5,167.83,165.79,167.39,837100,168.03,172.592,179.367,31.074,-3.479,-2.961,-0.517,172.592,179.421,165.764
2023-08-28,166.34,167.17,165.21,167.04,1121900,167.498,172.058,179.08,30.469,-3.49,-3.067,-0.423,172.058,178.865,165.25
2023-08-29,167.13,167.32,165.36,166.26,1342400,166.944,171.566,178.736,29.108,-3.521,-3.158,-0.363,171.566,178.566,164.567
2023-08-30,166.72,168.5,165.94,166.77,1745200,166.856,171.186,178.408,31.27,-3.464,-3.219,-0.245,171.186,178.365,164.006
2023-08-31,167.36,168.8,166.97,167.04,1206100,166.9,170.853,178.065,32.444,-3.359,-3.247,-0.112,170.853,178.159,163.547
2023-09-01,168.13,168.44,166.29,167.34,919200,166.89,170.475,177.77,33.798,-3.214,-3.241,0.026,170.475,177.683,163.268
2023-09-05,167.05,167.09,162.61,162.8,1473500,166.042,169.802,177.426,25.478,-3.427,-3.278,-0.149,169.802,177.245,162.36
2023-09-06,162.81,162.87,160.51,160.66,1384200,164.922,169.132,177.043,22.648,-3.725,-3.367,-0.357,169.132,177.334,160.93
2023-09-07,160.87,161.49,158.6,159.15,1388500,163.398,168.312,176.593,20.885,-4.036,-3.501,-0.535,168.312,177.072,159.552
2023-09-08,159.06,159.94,157.78,158.54,1135100,161.698,167.496,176.167,20.201,-4.283,-3.657,-0.625,167.496,176.718,158.275
2023-09-11,159.44,160.05,158.51,159.43,1083400,160.116,166.653,175.688,24.107,-4.356,-3.797,-0.559,166.653,175.568,157.739
2023-09-12,159.07,160.26,158.63,159.63,930200,159.482,165.89,175.208,24.995,-4.348,-3.907,-0.441,165.89,174.442,157.339
2023-09-13,160.4,161.49,159.27,159.68,1180900,159.286,165.322,174.692,25.231,-4.288,-3.983,-0.305,165.322,173.939,156.704
2023-09-14,160.1,162.03,159.89,161.96,1157100,159.848,164.858,174.232,35.225,-4.01,-3.989,-0.022,164.858,173.125,156.59
2023-09-15,161.76,163.77,161.76,163.05,1685900,160.75,164.486,173.84,39.395,-3.66,-3.923,0.263,164.486,172.347,156.625
2023-09-18,165.19,166.77,163.81,165.33,980000,161.93,164.242,173.495,47.072,-3.162,-3.771,0.609,164.242,171.643,156.84
2023-09-19,165.41,166.9,164.81,166.28,1227900,163.26,164.07,173.169,49.919,-2.66,-3.549,0.888,164.07,171.089,157.052
2023-09-20,167.06,167.3,164.43,164.87,959300,164.298,163.862,172.763,45.967,-2.349,-3.309,0.96,163.862,170.498,157.227
2023-09-21,164.54,165.65,163.5,164.2,1438600,164.746,163.712,172.372,44.178,-2.132,-3.074,0.941,163.712,170.162,157.262
2023-09-22,164.2,165.67,163.59,163.85,1355400,164.906,163.564,171.926,43.231,-1.966,-2.852,0.886,163.564,169.847,157.28
2023-09-25,163.25,164.85,162.43,164.41,810200,164.722,163.414,171.543,45.253,-1.768,-2.635,0.867,163.414,169.452,157.377
2023-09-26,163.82,164.52,162.73,163.77,1166100,164.22,163.251,171.104,43.352,-1.644,-2.437,0.793,163.251,169.048,157.454
2023-09-27,164.32,165.49,163.62,165.39,1065200,164.324,163.208,170.73,49.171,-1.4,-2.23,0.83,163.208,168.922,157.493
2023-09-28,164.51,165.61,162.13,162.69,1952800,164.022,163.003,170.253,41.517,-1.407,-2.065,0.658,163.003,168.468,157.539
2023-09-29,163.68,164.84,162.47,164.37,1084900,164.126,162.87,169.79,47.041,-1.263,-1.905,0.642,162.87,168.042,157.698
2023-10-02,163.96,164.89,160.69,161.96,1102700,163.636,162.601,169.278,41.051,-1.328,-1.789,0.462,162.601,167.335,157.867
2023-10-03,160.87,161.29,159.06,159.8,1330700,162.842,162.451,168.71,36.558,-1.536,-1.739,0.203,162.451,167.346,157.556
2023-10-04,158.69,159.1,153.73,154.61,2109600,160.686,162.148,168.021,28.489,-2.095,-1.81,-0.285,162.148,168.135,156.162
2023-10-05,154.37,154.93,151.94,152.25,1506200,158.598,161.804,167.266,25.71,-2.698,-1.988,-0.71,161.804,169.157,154.45
2023-10-06,151.37,155.69,151.28,154.72,1104100,156.668,161.612,166.801,33.069,-2.942,-2.178,-0.764,161.612,169.502,153.723
2023-10-09,163.63,170.46,163.38,170.12,2746000,158.3,162.147,166.596,59.802,-1.872,-2.117,0.245,162.147,170.823,153.471
2023-10-10,170.87,171.41,166.87,167.63,1280000,159.866,162.547,166.394,55.914,-1.211,-1.936,0.725,162.547,171.469,153.625
2023-10-11,167.79,168.57,166.27,166.92,918600,162.328,162.909,166.211,54.819,-0.735,-1.696,0.961,162.909,171.928,153.89
2023-10-12,167.42,167.42,162.53,164.07,1249900,164.692,163.014,166.005,50.542,-0.582,-1.473,0.891,163.014,172.036,153.993
2023-10-13,166.04,168.04,165.07,167.32,1555100,167.212,163.228,165.877,54.866,-0.196,-1.217,1.022,163.228,172.453,154.003
2023-10-16,168.04,169.68,166.35,168.98,1335200,166.984,163.41,165.759,56.938,0.242,-0.926,1.167,163.41,172.949,153.872
2023-10-17,167.66,171.13,166.69,168.32,1161000,167.122,163.512,165.6,55.84,0.529,-0.635,1.163,163.512,173.223,153.802
2023-10-18,168.46,170.43,167.56,169.5,1303600,167.638,163.744,165.509,57.42,0.842,-0.339,1.181,163.744,173.805,153.683
2023-10-19,169.61,170.4,167.53,167.94,1022600,168.412,163.931,165.357,54.637,0.953,-0.081,1.034,163.931,174.165,153.697
2023-10-20,168.59,169.44,166.2,166.24,1515600,168.196,164.05,165.184,51.697,0.894,0.114,0.78,164.05,174.336,153.765
2023-10-23,166.23,169.33,165.47,166.97,1392500,167.794,164.178,164.998,52.87,0.895,0.27,0.625,164.178,174.547,153.81
2023-10-24,168.32,169.11,163.28,163.33,1259000,166.796,164.156,164.767,46.771,0.596,0.335,0.261,164.156,174.53,153.783
2023-10-25,165.15,166.8,163.54,165.9,1150300,166.076,164.182,164.664,51.063,0.56,0.38,0.179,164.182,174.571,153.793
2023-10-26,165.81,167.42,164.97,165.4,1859000,165.568,164.318,164.547,50.215,0.485,0.401,0.084,164.318,174.695,153.94
2023-10-27,166.3,167.02,160.06,161.36,2383600,164.592,164.167,164.364,43.872,0.099,0.341,-0.242,164.167,174.628,153.706
2023-10-30,163.56,166.42,162.66,164.6,2121800,164.118,164.299,164.252,49.393,0.053,0.283,-0.23,164.299,174.71,153.888
2023-10-31,166.75,170.05,166.29,169.37,2436400,165.326,164.778,164.245,56.22,0.398,0.306,0.092,164.778,175.197,154.358
2023-11-01,170.24,170.45,167.66,168.71,1457800,165.888,165.483,164.239,55.112,0.61,0.367,0.243,165.483,174.862,156.103
2023-11-02,169.03,173.62,168.98,172.81,1953900,167.37,166.51,164.351,60.341,1.097,0.513,0.584,166.51,174.124,158.897
2023-11-03,173.28,176.34,172.86,175.28,2183800,170.154,167.538,164.52,63.127,1.663,0.743,0.92,167.538,173.897,161.18
2023-11-06,175.12,175.29,171.21,171.58,1963600,171.55,167.611,164.604,56.701,1.792,0.953,0.839,167.611,174.127,161.096
2023-11-07,171.23,173.34,170.95,172.65,1102200,172.206,167.862,164.716,58.031,1.958,1.154,0.804,167.862,174.756,160.969
2023-11-08,172.12,172.84,169.89,171.33,966200,172.73,168.083,164.818,55.755,1.961,1.315,0.646,168.083,175.13,161.036
2023-11-09,172.37,172.41,169.51,170.64,1022100,172.296,168.412,164.895,54.55,1.885,1.429,0.456,168.412,175.282,161.541
2023-11-10,171.26,172.36,170.05,171.97,799000,171.634,168.644,164.994,56.501,1.911,1.526,0.385,168.644,175.672,161.616
2023-11-13,173.08,174.82,171.82,173.56,887800,172.03,168.873,165.118,58.779,2.036,1.628,0.408,168.873,176.237,161.509
2023-11-14,173.94,177.24,172.97,177.11,1277000,172.922,169.312,165.404,63.389,2.394,1.781,0.613,169.312,177.537,161.088
2023-11-15,177.07,178.19,176.21,176.95,1246500,174.046,169.685,165.73,63.047,2.634,1.952,0.683,169.685,178.591,160.779
2023-11-16,177.54,178.68,176.44,176.91,1431700,175.3,170.134,166.085,62.955,2.79,2.119,0.67,170.134,179.558,160.709
2023-11-17,178.56,178.56,175.6,176.37,889600,176.18,170.64,166.442,61.654,2.836,2.263,0.574,170.64,180.27,161.01
2023-11-20,176.83,178.04,175.09,177.12,733100,176.892,171.147,166.796,62.804,2.9,2.39,0.51,171.147,181.03,161.265
2023-11-21,177.31,179.36,176.93,179.09,794700,177.288,171.936,167.185,65.712,3.075,2.527,0.548,171.936,181.706,162.165
2023-11-22,177.7,178.75,176.64,178.4,797000,177.578,172.56,167.559,63.83,3.121,2.646,0.475,172.56,182.305,162.816
2023-11-24,178.95,181.42,178.61,181.42,482300,178.48,173.362,167.948,68.132,3.363,2.789,0.574,173.362,183.26,163.463
2023-11-27,181.28,181.28,177.96,178.49,676200,178.904,174.218,168.257,60.6,3.28,2.888,0.393,174.218,182.591,165.845
2023-11-28,179.52,180.21,178.26,179.61,726600,179.402,174.968,168.543,62.315,3.268,2.964,0.304,174.968,182.342,167.595
2023-11-29,179.59,180.25,178.62,179.19,661800,179.422,175.46,168.801,61.239,3.187,3.008,0.179,175.46,182.567,168.352
2023-11-30,180.08,181.33,179.46,181.23,1363400,179.988,176.086,169.128,64.451,3.25,3.057,0.193,176.086,182.889,169.282
2023-12-01,181.29,185.14,180.62,184.92,1110000,180.688,176.691,169.543,69.392,3.557,3.157,0.4,176.691,184.366,169.016
2023-12-04,184.17,189.43,183.26,189.27,1863700,182.844,177.391,170.051,73.983,4.104,3.346,0.758,177.391,186.864,167.917
2023-12-05,189.01,189.6,187.88,188.07,1354600,184.536,178.215,170.524,70.827,4.39,3.555,0.835,178.215,188.402,168.028
2023-12-06,188.53,190.05,187.95,188.96,990500,186.49,179.031,171.028,71.788,4.635,3.771,0.864,179.031,189.929,168.132
2023-12-07,189.88,190.23,186.52,186.81,909600,187.606,179.804,171.456,66.12,4.602,3.937,0.665,179.804,190.598,169.011
2023-12-08,187.12,187.29,183.63,185.98,1273600,187.818,180.572,171.922,64.019,4.458,4.041,0.417,180.572,190.788,170.355
2023-12-11,186.56,192.81,186.56,190.98,2206400,188.16,181.522,172.454,70.169,4.693,4.172,0.522,181.522,191.905,171.139
2023-12-12,190.64,190.64,188.27,190.25,1734400,188.596,182.356,173.02,68.333,4.766,4.291,0.475,182.356,192.728,171.985
2023-12-13,190.91,197.98,190.42,197.63,2985700,190.33,183.382,173.777,75.355,5.357,4.504,0.853,183.382,195.484,171.281
2023-12-14,197.03,198.51,195.13,196.23,2482600,192.214,184.347,174.609,72.089,5.648,4.733,0.915,184.347,197.33,171.363
2023-12-15,196.13,198.11,196.13,197.91,3294500,194.6,185.396,175.522,73.57,5.945,4.975,0.97,185.396,199.217,171.576
2023-12-18,197.81,200.06,197.73,199.27,1963900,196.258,186.541,176.413,74.738,6.219,5.224,0.995,186.541,200.994,172.089
2023-12-19,199.27,200.54,198.83,199.57,1758000,198.122,187.664,177.002,75.0,6.386,5.456,0.93,187.664,202.517,172.811
2023-12-20,199.43,201.35,196.16,196.21,920300,197.838,188.52,177.574,66.648,6.176,5.6,0.576,188.52,203.265,173.775
2023-12-21,197.35,198.8,196.04,197.12,811500,198.016,189.456,178.178,67.697,6.014,5.683,0.331,189.456,203.869,175.043
2023-12-22,198.09,199.15,197.41,198.02,741800,198.038,190.286,178.857,68.745,5.891,5.725,0.166,190.286,204.663,175.909
2023-12-26,197.45,199.36,197.14,199.19,561900,198.022,191.321,179.494,70.102,5.82,5.744,0.076,191.321,205.09,177.552
2023-12-27,198.81,199.61,198.62,199.35,499800,197.978,192.308,180.102,70.292,5.711,5.737,-0.026,192.308,205.353,179.263
2023-12-28,198.85,200.9,198.85,200.33,789800,198.802,193.365,180.742,71.487,5.639,5.718,-0.079,193.365,205.314,181.416
2023-12-29,200.1,200.77,199.48,200.05,628800,199.388,194.306,181.353,70.613,5.496,5.673,-0.178,194.306,205.144,183.468
2024-01-02,199.93,202.43,198.79,199.25,1275500,199.634,195.022,181.979,68.053,5.257,5.59,-0.333,195.022,205.117,184.928
2024-01-03,199.34,201.48,197.94,199.29,1379200,199.654,195.524,182.64,68.115,5.013,5.475,-0.461,195.524,205.408,185.639
2024-01-04,200.69,201.07,197.06,197.11,1131100,199.206,195.976,183.243,61.126,4.591,5.298,-0.707,195.976,205.232,186.719
2024-01-05,197.05,197.05,193.87,194.91,949700,198.122,196.273,183.875,54.993,4.033,5.045,-1.012,196.273,204.944,187.602
2024-01-08,194.42,196.34,193.4,196.04,1113000,197.32,196.734,184.477,57.359,3.64,4.764,-1.124,196.734,204.181,189.288
2024-01-09,195.23,195.38,193.24,193.28,995000,196.126,197.1,185.035,50.39,3.07,4.425,-1.355,197.1,202.849,191.35
2024-01-10,192.94,193.65,191.99,193.25,1087600,194.918,197.213,185.673,50.319,2.586,4.057,-1.471,197.213,202.527,191.899
2024-01-11,195.71,195.71,190.95,192.73,1414300,194.042,197.337,186.235,49.019,2.136,3.673,-1.537,197.337,202.048,192.626
2024-01-12,194.7,197.6,194.15,197.37,1049400,194.534,197.324,186.795,59.156,2.129,3.364,-1.235,197.324,202.033,192.615
2024-01-16,197.32,197.53,193.89,194.79,826100,194.284,197.252,187.317,52.862,1.894,3.07,-1.176,197.252,202.074,192.43
2024-01-17,193.91,198.15,193.7,194.27,761700,194.482,197.07,187.746,51.669,1.646,2.785,-1.139,197.07,202.06,192.08
2024-01-18,194.19,195.71,192.81,195.4,676100,194.912,196.877,188.149,54.094,1.524,2.533,-1.009,196.877,201.807,191.946
2024-01-19,195.85,195.85,193.54,194.54,959200,195.274,196.625,188.608,51.957,1.342,2.295,-0.953,196.625,201.49,191.76
2024-01-22,194.71,197.09,193.31,196.44,1184200,195.088,196.636,189.084,56.084,1.336,2.103,-0.767,196.636,201.498,191.775
2024-01-23,196.61,198.44,194.59,195.74,1306200,195.278,196.568,189.572,54.236,1.26,1.934,-0.675,196.568,201.439,191.696
2024-01-24,195.85,196.96,193.8,194.0,875700,195.224,196.366,190.039,49.838,1.047,1.757,-0.71,196.366,201.317,191.416
2024-01-25,194.8,195.68,192.78,194.37,2304700,195.018,196.126,190.487,50.753,0.898,1.585,-0.687,196.126,200.965,191.286
2024-01-26,198.98,200.8,195.46,198.71,2267600,195.852,196.094,190.99,59.97,1.117,1.491,-0.374,196.094,200.851,191.336
2024-01-29,199.74,201.09,198.51,199.69,1480000,196.502,196.062,191.442,61.713,1.354,1.464,-0.11,196.062,200.707,191.416
2024-01-30,199.78,201.09,199.13,200.14,1302500,197.382,196.066,191.905,62.519,1.561,1.483,0.077,196.066,200.728,191.404
2024-01-31,200.21,200.79,197.65,197.96,2297900,198.174,196.002,192.326,56.327,1.53,1.493,0.038,196.002,200.511,191.492
2024-02-01,198.51,199.63,196.72,198.96,1333800,199.092,195.985,192.778,58.364,1.569,1.508,0.061,195.985,200.446,191.524
2024-02-02,197.81,198.23,195.85,196.61,1098600,198.672,195.96,193.168,52.201,1.394,1.485,-0.091,195.96,200.4,191.52
2024-02-05,195.66,197.26,193.3,196.74,933600,198.082,196.052,193.521,52.5,1.252,1.439,-0.187,196.052,200.476,191.627
2024-02-06,196.6,197.33,194.92,197.28,1068600,197.51,196.114,193.899,53.792,1.169,1.385,-0.216,196.114,200.572,191.655
2024-02-07,197.99,199.35,196.8,199.04,749200,197.726,196.402,194.251,57.82,1.231,1.354,-0.123,196.402,200.833,191.97
2024-02-08,198.76,199.29,196.12,198.79,905400,197.692,196.678,194.657,57.059,1.246,1.332,-0.087,196.678,200.971,192.386
2024-02-09,199.3,199.56,197.43,199.3,543700,198.23,197.007,195.051,58.265,1.284,1.322,-0.039,197.007,201.024,192.99
2024-02-12,199.3,201.61,199.13,200.65,857900,199.012,197.171,195.48,61.36,1.406,1.339,0.067,197.171,201.505,192.837
2024-02-13,200.65,201.94,195.4,197.54,799100,199.064,197.308,195.806,51.826,1.239,1.319,-0.081,197.308,201.497,193.12
2024-02-14,198.5,199.67,197.64,199.63,758700,199.182,197.576,196.1,56.696,1.26,1.307,-0.048,197.576,201.63,193.523
2024-02-15,200.05,201.85,199.47,200.67,591900,199.558,197.84,196.328,58.921,1.345,1.315,0.03,197.84,201.982,193.698
2024-02-16,200.45,201.36,199.42,201.34,760000,199.966,198.18,196.594,60.335,1.45,1.342,0.108,198.18,202.298,194.062
2024-02-20,201.97,204.53,200.68,201.19,1128200,200.074,198.418,196.838,59.838,1.503,1.374,0.129,198.418,202.659,194.176
2024-02-21,201.36,203.11,200.75,203.07,758400,201.18,198.784,197.164,63.854,1.678,1.435,0.243,198.784,203.308,194.26
2024-02-22,202.52,202.93,200.6,202.71,817700,201.796,199.22,197.498,62.564,1.767,1.501,0.266,199.22,203.474,194.965
2024-02-23,203.26,205.32,202.54,203.68,1120000,202.398,199.685,197.752,64.637,1.894,1.58,0.314,199.685,203.738,195.632
2024-02-26,203.68,203.94,200.74,201.11,854600,202.352,199.805,197.969,55.817,1.767,1.617,0.15,199.805,203.878,195.732
2024-02-27,200.85,201.62,199.07,201.11,849400,202.336,199.876,198.039,55.817,1.648,1.623,0.024,199.876,203.99,195.762
2024-02-28,200.95,203.38,200.03,202.49,836900,202.22,199.994,198.164,59.278,1.645,1.628,0.017,199.994,204.27,195.717
2024-02-29,202.7,202.7,199.93,201.03,3256200,201.884,200.147,198.227,54.422,1.508,1.604,-0.096,200.147,204.336,195.958
2024-03-01,200.62,200.74,198.52,199.28,1008300,201.004,200.163,198.227,49.217,1.244,1.532,-0.288,200.163,204.335,195.991
2024-03-04,199.88,206.23,199.58,205.12,1357200,201.806,200.588,198.338,62.207,1.489,1.523,-0.035,200.588,204.966,196.211
2024-03-05,205.72,207.38,202.88,203.09,858000,202.202,200.906,198.475,56.771,1.501,1.519,-0.017,200.906,205.021,196.791
2024-03-06,202.92,205.54,202.35,204.78,683300,202.66,201.281,198.629,59.911,1.629,1.541,0.088,201.281,205.372,197.19
2024-03-07,205.88,206.83,203.38,203.42,956400,203.138,201.5,198.737,56.363,1.602,1.553,0.049,201.5,205.555,197.445
2024-03-08,203.41,205.33,202.37,204.93,870800,204.268,201.807,198.851,59.249,1.683,1.579,0.104,201.807,205.927,197.687
2024-03-11,204.43,206.49,204.17,204.94,672200,204.232,202.089,198.963,59.268,1.728,1.609,0.119,202.089,206.258,197.92
2024-03-12,203.73,205.02,202.61,203.97,926000,204.408,202.255,199.036,56.486,1.667,1.62,0.046,202.255,206.447,198.063
2024-03-13,204.25,206.36,204.25,206.0,1406900,204.652,202.678,199.155,60.649,1.761,1.649,0.113,202.678,206.563,198.793
2024-03-14,206.08,206.43,201.32,203.74,1618900,204.716,202.884,199.245,54.408,1.635,1.646,-0.011,202.884,206.516,199.251
2024-03-15,201.62,204.85,201.62,203.27,1872500,204.384,203.014,199.324,53.183,1.48,1.613,-0.133,203.014,206.496,199.531
2024-03-18,203.27,203.61,201.01,201.42,1441200,203.68,203.017,199.411,48.547,1.194,1.529,-0.335,203.017,206.492,199.543
2024-03-19,201.78,202.71,201.31,201.89,1755900,203.264,203.052,199.55,49.745,0.994,1.422,-0.428,203.052,206.463,199.642
2024-03-20,201.61,204.23,201.49,202.68,967000,202.6,203.033,199.683,51.778,0.889,1.315,-0.427,203.033,206.447,199.619
2024-03-21,203.23,204.56,202.87,203.54,1242900,202.56,203.074,199.888,53.962,0.865,1.225,-0.36,203.074,206.493,199.656
2024-03-22,204.18,204.18,202.33,202.39,837500,202.384,203.01,200.071,50.659,0.745,1.129,-0.384,203.01,206.429,199.591
2024-03-25,203.7,203.7,202.07,202.15,744800,202.53,203.062,200.259,49.971,0.623,1.028,-0.405,203.062,206.389,199.735
2024-03-26,202.36,202.85,201.54,201.61,583300,202.474,203.087,200.344,48.38,0.477,0.918,-0.441,203.087,206.36,199.814
2024-03-27,202.73,203.67,202.38,202.92,1215800,202.522,203.108,200.507,52.344,0.462,0.827,-0.365,203.108,206.37,199.847
2024-03-28,203.4,204.62,202.81,203.5,1193900,202.514,203.232,200.691,54.027,0.491,0.759,-0.268,203.232,206.346,200.118
2024-04-01,203.39,203.57,198.47,199.16,1228600,201.868,203.226,200.767,42.056,0.162,0.64,-0.478,203.226,206.372,200.08
2024-04-02,198.63,199.21,195.81,195.95,1336000,200.628,202.767,200.795,35.748,-0.353,0.441,-0.795,202.767,207.173,198.362
2024-04-03,195.76,196.33,193.88,195.06,1375300,199.318,202.366,200.767,34.215,-0.824,0.188,-1.013,202.366,207.953,196.779
2024-04-04,196.58,200.56,195.36,200.14,2023000,198.762,202.134,200.855,47.935,-0.779,-0.005,-0.773,202.134,207.684,196.584
2024-04-05,199.46,200.2,197.02,199.54,1167600,197.97,201.94,200.966,46.697,-0.782,-0.16,-0.621,201.94,207.571,196.309
2024-04-08,200.1,200.54,198.75,199.1,706200,197.958,201.648,201.061,45.763,-0.811,-0.29,-0.52,201.648,207.231,196.066
2024-04-09,198.04,199.02,195.91,196.86,977000,198.14,201.244,201.024,41.24,-1.002,-0.433,-0.57,201.244,206.992,195.497
2024-04-10,195.32,196.95,191.95,196.23,1118300,198.374,200.858,200.954,40.042,-1.192,-0.585,-0.607,200.858,206.868,194.847
2024-04-11,196.03,196.52,192.86,193.27,979300,197.0,200.221,200.817,34.909,-1.563,-0.78,-0.782,200.221,206.622,193.82
2024-04-12,194.28,196.22,192.44,193.49,931100,195.79,199.709,200.728,35.57,-1.818,-0.988,-0.83,199.709,206.55,192.867
2024-04-15,195.74,196.33,193.35,194.06,1009300,194.782,199.248,200.63,37.345,-1.951,-1.18,-0.771,199.248,206.316,192.18
2024-04-16,193.68,194.14,191.16,191.31,915200,193.672,198.742,200.524,32.668,-2.253,-1.395,-0.858,198.742,206.562,190.923
2024-04-17,193.37,193.37,191.5,192.32,895800,192.89,198.264,200.435,35.846,-2.384,-1.593,-0.791,198.264,206.436,190.092
2024-04-18,192.31,194.77,192.31,192.97,683600,192.83,197.778,200.349,37.878,-2.407,-1.756,-0.651,197.778,206.0,189.557
2024-04-19,194.18,196.32,193.5,196.19,898600,193.37,197.411,200.292,46.859,-2.14,-1.832,-0.308,197.411,205.193,189.629
2024-04-22,197.28,200.35,196.57,198.76,934200,194.31,197.23,200.291,52.732,-1.702,-1.806,0.104,197.23,204.685,189.774
2024-04-23,200.5,201.23,198.16,198.32,850700,195.712,197.038,200.272,51.679,-1.375,-1.72,0.345,197.038,204.15,189.926
2024-04-24,197.03,198.92,195.74,198.35,1002100,196.918,196.875,200.226,51.75,-1.1,-1.596,0.496,196.875,203.689,190.061
2024-04-25,198.15,198.72,196.04,198.01,1173500,197.926,196.629,200.235,50.841,-0.9,-1.457,0.557,196.629,202.855,190.404
2024-04-26,202.49,207.21,201.72,204.87,2133500,199.662,196.698,200.34,64.417,-0.185,-1.203,1.017,196.698,203.263,190.133
2024-04-29,205.42,207.79,204.43,207.28,1256300,201.366,197.104,200.472,67.783,0.569,-0.848,1.417,197.104,205.148,189.06
2024-04-30,206.26,206.92,204.16,204.4,1262000,202.582,197.526,200.533,60.426,0.924,-0.494,1.418,197.526,206.18,188.873
2024-05-01,204.73,205.61,201.87,202.21,910000,203.354,197.884,200.554,55.494,1.017,-0.192,1.208,197.884,206.697,189.071
2024-05-02,202.47,204.05,200.44,201.82,946200,204.116,197.968,200.529,54.639,1.046,0.056,0.991,197.968,206.903,189.033
2024-05-03,202.92,203.71,200.69,202.67,790900,203.676,198.124,200.528,56.223,1.126,0.27,0.856,198.124,207.282,188.967
2024-05-06,203.54,205.34,203.15,205.07,801100,203.234,198.423,200.556,60.424,1.367,0.489,0.877,198.423,208.09,188.756
2024-05-07,205.57,206.96,205.3,206.18,922800,203.59,198.889,200.657,62.229,1.628,0.717,0.911,198.889,209.121,188.657
2024-05-08,206.27,206.62,205.6,206.08,994000,204.364,199.382,200.757,61.955,1.807,0.935,0.872,199.382,210.015,188.748
2024-05-09,206.08,209.97,206.08,209.6,825400,205.92,200.198,200.899,67.4,2.207,1.189,1.017,200.198,211.35,189.046
2024-05-10,209.52,210.0,208.7,209.7,623800,207.326,201.008,201.072,67.543,2.503,1.452,1.051,201.008,212.46,189.557
2024-05-13,210.09,211.91,209.84,210.64,670000,208.44,201.838,201.299,68.914,2.781,1.718,1.064,201.838,213.568,190.107
2024-05-14,211.8,212.54,210.41,211.16,581200,209.436,202.83,201.42,69.678,3.009,1.976,1.033,202.83,214.163,191.497
2024-05-15,211.43,213.26,211.43,212.08,773400,210.636,203.818,201.6,71.034,3.227,2.226,1.001,203.818,214.73,192.906
2024-05-16,212.14,213.5,211.54,212.08,735400,211.132,204.773,201.746,71.034,3.361,2.453,0.908,204.773,215.012,194.535
2024-05-17,212.69,213.69,211.37,213.49,489600,211.89,205.639,201.947,73.166,3.54,2.671,0.869,205.639,215.746,195.531
2024-05-20,214.09,214.23,213.1,213.54,539000,212.47,206.378,202.12,73.241,3.644,2.865,0.779,206.378,216.529,196.226
2024-05-21,213.76,215.72,213.76,215.1,657500,213.258,207.216,202.323,75.545,3.808,3.054,0.754,207.216,217.338,197.095
2024-05-22,213.91,215.6,213.91,215.17,691500,213.876,208.057,202.547,75.646,3.899,3.223,0.676,208.057,217.867,198.248
2024-05-23,214.87,214.87,212.43,213.05,1098300,214.07,208.81,202.688,66.642,3.757,3.33,0.427,208.81,217.632,199.987
2024-05-24,213.74,214.07,212.25,213.19,426800,214.01,209.226,202.877,66.922,3.614,3.386,0.227,209.226,218.051,200.4
2024-05-28,212.52,212.7,208.72,209.01,646300,213.104,209.312,202.992,52.698,3.127,3.335,-0.208,209.312,218.091,200.533
2024-05-29,207.6,207.97,205.46,205.54,875600,211.192,209.369,203.074,44.283,2.433,3.154,-0.721,209.369,218.027,200.711
2024-05-30,206.49,209.47,206.38,209.29,906100,210.016,209.723,203.222,53.015,2.161,2.956,-0.795,209.723,217.701,201.745
2024-05-31,209.06,215.25,208.22,214.7,1461200,210.346,210.367,203.462,62.214,2.355,2.835,-0.481,210.367,217.713,203.021
2024-06-03,215.17,216.54,213.26,216.44,877300,210.996,211.056,203.72,64.614,2.618,2.792,-0.174,211.056,217.93,204.181
2024-06-04,216.43,217.88,215.01,217.59,790900,212.712,211.682,204.024,66.145,2.887,2.811,0.076,211.682,218.542,204.821
2024-06-05,217.64,217.64,214.17,215.15,709300,214.634,212.13,204.284,60.196,2.87,2.823,0.047,212.13,218.64,205.62
2024-06-06,214.58,216.05,212.99,213.12,865300,215.4,212.482,204.515,55.707,2.662,2.791,-0.129,212.482,218.343,206.621
2024-06-07,212.62,214.95,212.38,212.99,567900,215.058,212.652,204.716,55.422,2.458,2.724,-0.266,212.652,218.356,206.947
2024-06-10,212.89,213.1,211.81,212.53,572900,214.276,212.793,204.897,54.362,2.234,2.626,-0.392,212.793,218.327,207.259
2024-06-11,211.42,212.29,210.01,211.38,595800,213.034,212.83,205.141,51.7,1.941,2.489,-0.548,212.83,218.313,207.347
2024-06-12,211.76,212.03,209.75,210.18,537900,212.04,212.781,205.426,49.004,1.593,2.31,-0.716,212.781,218.344,207.218
2024-06-13,209.8,210.67,208.25,210.4,512400,211.496,212.697,205.732,49.523,1.321,2.112,-0.791,212.697,218.354,207.04
2024-06-14,208.6,209.76,206.72,208.74,434600,210.646,212.53,205.904,45.735,0.959,1.881,-0.922,212.53,218.455,206.605
2024-06-17,208.03,212.29,207.99,211.83,557400,210.506,212.447,206.15,52.95,0.912,1.687,-0.776,212.447,218.362,206.532
2024-06-18,211.85,213.8,211.11,213.52,585800,210.934,212.446,206.439,56.367,0.999,1.55,-0.551,212.446,218.36,206.532
2024-06-20,213.08,215.5,213.08,215.1,553900,211.918,212.446,206.803,59.339,1.182,1.476,-0.294,212.446,218.36,206.532
2024-06-21,215.75,216.7,213.49,216.45,796500,213.128,212.51,207.208,61.738,1.42,1.465,-0.045,212.51,218.574,206.446
2024-06-24,216.9,218.97,215.93,216.44,572500,214.668,212.68,207.671,61.709,1.589,1.49,0.099,212.68,218.991,206.368
2024-06-25,216.07,216.88,213.72,215.49,583000,215.4,212.795,208.111,58.876,1.628,1.517,0.11,212.795,219.228,206.361
2024-06-26,214.79,214.94,212.62,214.51,598000,215.598,213.069,208.52,56.018,1.561,1.526,0.035,213.069,219.289,206.85
2024-06-27,215.49,215.49,213.48,214.22,825300,215.422,213.503,208.978,55.165,1.468,1.515,-0.046,213.503,218.625,208.382
2024-06-28,215.44,217.16,214.53,215.56,3463300,215.244,213.817,209.443,58.324,1.486,1.509,-0.023,213.817,218.609,209.025
2024-07-01,216.53,217.4,212.97,213.05,613200,214.566,213.735,209.845,51.066,1.282,1.463,-0.181,213.735,218.52,208.949
2024-07-02,213.07,214.72,212.86,214.62,496300,214.392,213.644,210.213,54.851,1.233,1.417,-0.184,213.644,218.279,209.008
2024-07-03,214.56,216.35,213.67,215.56,422200,214.602,213.542,210.549,56.995,1.256,1.385,-0.129,213.542,217.894,209.19
2024-07-05,215.09,215.14,212.86,215.07,483200,214.772,213.538,210.884,55.515,1.22,1.352,-0.132,213.538,217.884,209.192
2024-07-08,216.18,217.45,215.92,216.92,645400,215.044,213.728,211.256,59.764,1.326,1.347,-0.021,213.728,218.322,209.134
2024-07-09,216.98,217.73,215.77,216.89,579300,215.812,213.923,211.633,59.664,1.391,1.356,0.035,213.923,218.712,209.134
2024-07-10,216.89,218.56,216.89,218.14,612500,216.516,214.204,211.899,62.469,1.526,1.39,0.136,214.204,219.296,209.111
2024-07-11,218.74,222.29,218.25,221.09,835200,217.622,214.689,212.175,68.105,1.85,1.482,0.368,214.689,220.455,208.923
2024-07-12,222.53,224.46,221.15,221.76,793400,218.96,215.268,212.522,69.235,2.136,1.613,0.523,215.268,221.439,209.097
2024-07-15,222.88,225.89,222.34,225.12,800200,220.6,216.004,212.98,74.176,2.604,1.811,0.793,216.004,223.163,208.845
2024-07-16,225.83,230.94,225.1,230.77,924700,223.376,217.105,213.559,79.994,3.391,2.127,1.264,217.105,226.102,208.109
2024-07-17,230.77,233.11,228.66,228.68,1138600,225.484,217.948,214.08,73.406,3.803,2.462,1.341,217.948,227.963,207.933
2024-07-18,227.53,230.24,227.19,228.21,806400,226.908,218.682,214.542,71.97,4.045,2.779,1.266,218.682,229.456,207.909
2024-07-19,229.54,229.54,224.76,225.34,643100,227.624,219.194,214.926,63.769,3.959,3.015,0.944,219.194,230.221,208.168
2024-07-22,225.5,228.69,225.09,228.58,683400,228.316,219.801,215.376,68.178,4.105,3.233,0.872,219.801,231.506,208.096
2024-07-23,229.56,231.5,228.16,230.38,719700,228.238,220.498,215.791,70.337,4.317,3.45,0.867,220.498,232.993,208.003
2024-07-24,230.38,231.52,227.39,227.63,1030000,228.028,221.105,216.15,63.273,4.214,3.602,0.611,221.105,233.755,208.455
2024-07-25,229.42,235.74,229.42,233.5,1632100,229.086,222.055,216.607,70.162,4.553,3.793,0.761,222.055,235.449,208.66
2024-07-26,229.8,230.62,217.99,220.2,2302100,228.058,222.354,216.788,48.132,3.706,3.775,-0.069,222.354,235.27,209.437
2024-07-29,220.38,220.59,215.29,215.75,1452100,225.492,222.363,216.861,43.24,2.646,3.549,-0.904,222.363,235.258,209.468
2024-07-30,216.81,220.04,214.41,218.59,1558500,223.134,222.64,216.991,46.946,2.011,3.242,-1.231,222.64,234.916,210.364
2024-07-31,218.75,219.75,215.55,217.78,1437100,221.164,222.798,217.077,46.023,1.426,2.879,-1.452,222.798,234.716,210.88
2024-08-01,218.39,220.76,216.21,220.02,1014700,218.468,223.021,217.207,49.009,1.131,2.529,-1.398,223.021,234.528,211.514
2024-08-02,220.02,223.8,217.26,220.95,1080700,218.618,223.315,217.324,50.24,0.96,2.215,-1.255,223.315,234.253,212.377
2024-08-05,220.18,222.2,215.34,217.98,1126500,219.064,223.368,217.38,46.389,0.579,1.888,-1.309,223.368,234.186,212.55
2024-08-06,218.36,220.61,216.69,216.89,829100,218.724,223.368,217.457,45.025,0.187,1.548,-1.361,223.368,234.186,212.55
2024-08-07,217.64,220.99,217.24,217.72,730200,218.712,223.347,217.547,46.32,-0.057,1.227,-1.284,223.347,234.209,212.485
2024-08-08,217.56,221.51,217.49,221.36,765500,218.98,223.36,217.794,51.691,0.044,0.99,-0.947,223.36,234.211,212.51
2024-08-09,221.25,221.68,217.82,219.16,505700,218.622,223.23,218.067,48.53,-0.054,0.781,-0.835,223.23,234.223,212.238
2024-08-12,219.5,221.05,218.17,219.64,532100,218.954,222.956,218.274,49.259,-0.091,0.607,-0.698,222.956,234.024,211.889
2024-08-13,219.92,220.47,217.21,218.73,837700,219.322,222.354,218.354,47.875,-0.192,0.447,-0.639,222.354,232.931,211.778
2024-08-14,217.37,219.13,216.48,216.98,860200,219.174,221.77,218.365,45.241,-0.408,0.276,-0.684,221.77,232.166,211.373
2024-08-15,217.41,217.89,216.02,217.4,693500,218.382,221.229,218.361,46.009,-0.54,0.113,-0.653,221.229,231.336,211.122
2024-08-16,217.95,219.55,216.85,219.32,642100,218.414,220.928,218.445,49.494,-0.483,-0.006,-0.477,220.928,230.876,210.98
2024-08-19,218.9,221.32,218.9,221.22,413400,218.73,220.56,218.607,52.745,-0.282,-0.061,-0.221,220.56,229.839,211.281
2024-08-20,221.12,221.12,219.54,220.42,396500,219.068,220.062,218.755,51.249,-0.185,-0.086,-0.099,220.062,228.109,212.015
2024-08-21,221.02,221.25,218.92,220.81,372900,219.834,219.721,218.921,51.965,-0.076,-0.084,0.008,219.721,226.954,212.488
2024-08-22,221.1,222.29,219.75,221.93,564500,220.74,219.142,219.132,54.049,0.1,-0.047,0.147,219.142,222.602,215.683
2024-08-23,222.22,224.1,220.19,221.42,662400,221.16,219.204,219.357,52.923,0.196,0.001,0.195,219.204,222.783,215.624
2024-08-26,221.97,222.59,219.18,219.76,607100,220.868,219.404,219.544,49.32,0.137,0.028,0.108,219.404,222.597,216.211
2024-08-27,219.57,221.19,217.14,220.82,597600,220.948,219.515,219.786,51.587,0.173,0.057,0.116,219.515,222.744,216.287
2024-08-28,221.29,223.94,221.12,222.64,551200,221.314,219.758,220.002,55.284,0.345,0.115,0.23,219.758,223.164,216.353
2024-08-29,223.68,225.9,220.76,224.3,602900,221.788,219.972,220.217,58.405,0.608,0.213,0.394,219.972,223.939,216.006
2024-08-30,224.36,227.43,223.85,227.17,698400,222.938,220.284,220.459,63.188,1.036,0.378,0.658,220.284,225.386,215.181
2024-09-03,227.18,228.27,224.47,225.83,754100,224.152,220.676,220.646,59.734,1.252,0.553,0.7,220.676,226.22,215.132
2024-09-04,226.34,228.67,226.34,227.0,718900,225.388,221.182,220.858,61.702,1.501,0.742,0.759,221.182,227.103,215.26
2024-09-05,227.79,227.79,221.1,223.18,684400,225.496,221.454,221.011,52.652,1.374,0.869,0.506,221.454,227.205,215.704
2024-09-06,222.94,224.73,218.3,219.2,640300,224.476,221.347,221.105,45.212,0.942,0.883,0.058,221.347,227.185,215.508
2024-09-09,220.09,221.67,219.59,221.17,818700,223.276,221.447,221.244,49.05,0.749,0.857,-0.107,221.447,227.196,215.698
2024-09-10,221.87,222.35,218.5,219.84,570300,222.078,221.457,221.33,46.673,0.484,0.782,-0.298,221.457,227.193,215.721
2024-09-11,218.54,219.28,214.17,218.99,727700,220.476,221.47,221.449,45.166,0.203,0.666,-0.464,221.47,227.181,215.759
2024-09-12,218.33,220.62,217.65,220.11,780300,219.862,221.626,221.558,47.568,0.069,0.547,-0.478,221.626,226.98,216.273
2024-09-13,220.37,222.86,219.74,221.65,652600,220.352,221.839,221.68,50.761,0.087,0.455,-0.368,221.839,226.81,216.868
2024-09-16,223.79,226.0,221.49,223.52,503200,220.822,222.049,221.849,54.393,0.249,0.414,-0.165,222.049,226.926,217.172
2024-09-17,221.81,222.65,219.39,221.59,544500,221.172,222.068,221.943,50.272,0.219,0.375,-0.156,222.068,226.934,217.201
2024-09-18,222.32,223.83,220.38,221.59,563100,221.692,222.126,222.037,50.272,0.193,0.338,-0.145,222.126,226.937,217.315
2024-09-19,223.11,223.55,220.79,222.31,689700,222.132,222.201,222.12,51.85,0.228,0.316,-0.088,222.201,226.972,217.43
2024-09-20,221.63,225.31,221.13,224.97,1265900,222.796,222.353,222.198,57.25,0.465,0.346,0.119,222.353,227.279,217.427
2024-09-23,225.17,229.66,224.93,229.33,687400,223.958,222.748,222.349,64.314,0.993,0.475,0.518,222.748,228.551,216.946
2024-09-24,228.97,229.23,225.49,226.44,752400,224.928,223.082,222.375,57.528,1.165,0.613,0.552,223.082,228.93,217.235
2024-09-25,227.2,227.31,224.28,225.07,754600,225.624,223.295,222.261,54.588,1.177,0.726,0.451,223.295,229.105,217.485
2024-09-26,224.14,226.63,223.2,223.38,565800,225.838,223.332,222.155,51.117,1.038,0.789,0.25,223.332,229.134,217.53
2024-09-27,223.84,227.04,223.32,226.68,777500,226.18,223.451,222.125,56.882,1.181,0.867,0.314,223.451,229.431,217.471
2024-09-30,227.66,230.06,225.86,229.46,879500,226.206,223.566,222.207,61.049,1.501,0.994,0.507,223.566,229.921,217.21
2024-10-01,229.08,238.59,227.41,236.62,1250300,228.242,224.105,222.368,69.284,2.306,1.256,1.05,224.105,232.706,215.504
2024-10-02,236.62,238.04,235.47,236.01,686300,230.43,224.556,222.481,67.966,2.862,1.577,1.284,224.556,234.615,214.496
2024-10-03,236.03,237.25,234.05,234.52,691900,232.658,225.123,222.618,64.726,3.146,1.891,1.255,225.123,236.092,214.153
2024-10-04,234.16,235.16,232.81,235.05,372700,234.332,225.915,222.649,65.358,3.375,2.188,1.187,225.915,237.363,214.467
2024-10-07,235.45,235.51,232.6,233.22,412100,235.084,226.518,222.91,61.273,3.369,2.424,0.945,226.518,238.18,214.855
2024-10-08,234.41,235.04,231.11,232.75,462100,234.31,227.163,223.25,60.232,3.289,2.597,0.692,227.163,238.698,215.628
2024-10-09,232.38,234.79,232.38,233.66,378800,233.84,227.896,223.551,61.593,3.262,2.73,0.532,227.896,239.105,216.688
2024-10-10,237.19,237.19,232.49,233.78,651900,233.692,228.58,223.871,61.778,3.213,2.827,0.386,228.58,239.451,217.709
2024-10-11,234.53,237.63,234.08,237.34,692200,234.15,229.364,224.218,66.894,3.422,2.946,0.476,229.364,240.393,218.336
2024-10-14,238.08,239.67,236.58,239.46,461600,235.398,230.162,224.588,69.511,3.715,3.1,0.616,230.162,241.704,218.619
2024-10-15,240.2,240.2,235.62,236.63,573600,236.174,230.913,224.961,62.418,3.678,3.215,0.462,230.913,242.057,219.77
2024-10-16,236.17,239.58,236.17,239.37,491500,237.316,231.802,225.41,66.032,3.824,3.337,0.487,231.802,242.647,220.958
2024-10-17,239.82,240.18,238.03,239.51,699300,238.462,232.662,225.846,66.211,3.907,3.451,0.456,232.662,243.056,222.269
2024-10-18,240.2,240.35,238.23,239.99,481900,238.992,233.413,226.219,66.855,3.966,3.554,0.412,233.413,243.636,223.191
2024-10-21,241.16,242.01,238.71,239.38,703300,238.976,233.916,226.623,65.155,3.918,3.627,0.291,233.916,244.28,223.552
2024-10-22,239.09,239.09,234.16,236.27,534700,238.904,234.408,226.956,57.173,3.587,3.619,-0.031,234.408,244.195,224.62
2024-10-23,238.05,239.04,236.06,237.13,459900,238.456,235.01,227.324,58.68,3.356,3.566,-0.21,235.01,243.813,226.208
2024-10-24,237.31,237.78,234.8,235.54,845300,237.662,235.618,227.695,54.837,3.01,3.455,-0.445,235.618,242.511,228.726
2024-10-25,248.7,249.74,243.09,243.87,1622100,238.438,236.478,228.224,67.023,3.369,3.438,-0.069,236.478,242.952,230.004
2024-10-28,244.21,244.49,239.2,239.26,1033400,238.414,236.968,228.623,57.738,3.244,3.399,-0.155,236.968,242.639,231.297
2024-10-29,240.63,241.12,236.41,236.41,689400,238.442,236.958,228.927,52.862,2.882,3.296,-0.414,236.958,242.632,231.283
2024-10-30,236.36,238.33,236.08,236.74,714200,238.364,236.994,229.253,53.353,2.592,3.155,-0.563,236.994,242.652,231.336
2024-10-31,237.51,240.46,236.29,238.72,1254000,239.0,237.204,229.612,56.296,2.493,3.023,-0.53,237.204,242.787,231.621
2024-11-01,239.78,242.82,238.54,238.73,852200,237.972,237.388,229.948,56.311,2.388,2.896,-0.508,237.388,242.914,231.862
2024-11-04,239.17,239.82,236.22,238.34,791400,237.788,237.644,230.286,55.511,2.247,2.766,-0.519,237.644,242.82,232.468
2024-11-05,238.67,242.33,238.34,242.08,593100,238.922,238.11,230.732,61.202,2.41,2.695,-0.285,238.11,243.108,233.113
2024-11-06,250.81,250.81,244.55,247.39,893500,241.052,238.797,231.264,67.548,2.933,2.742,0.191,238.797,244.876,232.718
2024-11-07,247.94,248.24,245.14,245.8,649300,242.468,239.398,231.727,64.163,3.183,2.83,0.352,239.398,245.758,233.038
2024-11-08,246.95,252.5,246.53,251.39,868500,245.0,240.1,232.269,69.878,3.788,3.022,0.766,240.1,248.332,231.869
2024-11-11,253.55,256.35,253.04,254.88,694800,248.308,240.872,232.823,72.794,4.498,3.317,1.181,240.872,251.415,230.328
2024-11-12,255.63,256.26,251.78,252.47,949500,250.386,241.664,233.356,67.905,4.81,3.616,1.194,241.664,253.198,230.129
2024-11-13,253.29,256.22,251.95,252.4,610300,251.388,242.315,233.864,67.762,4.995,3.891,1.103,242.315,254.742,229.888
2024-11-14,251.97,252.52,238.53,239.39,1299800,250.106,242.309,234.188,47.731,4.044,3.922,0.122,242.309,254.742,229.876
2024-11-15,238.77,241.44,236.82,238.27,1910700,247.482,242.223,234.569,46.458,3.164,3.77,-0.606,242.223,254.747,229.699
2024-11-18,238.88,239.93,236.33,236.75,741600,243.856,242.092,234.881,44.715,2.317,3.48,-1.162,242.092,254.795,229.388
2024-11-19,238.52,239.0,235.11,236.08,784100,240.578,242.082,235.206,43.932,1.574,3.099,-1.525,242.082,254.804,229.36
2024-11-20,235.07,236.91,233.68,236.84,806600,237.466,242.067,235.563,45.106,1.035,2.686,-1.651,242.067,254.814,229.321
2024-11-21,236.88,240.82,236.01,239.01,858800,237.39,242.241,235.941,48.425,0.773,2.303,-1.53,242.241,254.704,229.778
2024-11-22,239.55,240.91,238.86,240.52,655800,237.84,242.074,236.318,50.661,0.68,1.979,-1.299,242.074,254.535,229.612
2024-11-25,240.17,240.78,232.05,233.19,1268400,237.128,241.77,236.512,41.301,0.014,1.586,-1.571,241.77,254.802,228.738
2024-11-26,235.78,238.5,234.08,238.02,765800,237.516,241.85,236.84,48.105,-0.122,1.244,-1.366,241.85,254.763,228.938
2024-11-27,238.7,239.86,237.38,237.78,551500,237.704,241.902,237.164,47.808,-0.246,0.946,-1.193,241.902,254.736,229.069
2024-11-29,239.68,240.18,237.39,238.67,442000,237.636,241.9,237.491,49.062,-0.27,0.703,-0.973,241.9,254.736,229.064
2024-12-02,238.67,238.67,234.06,235.34,970800,236.6,241.731,237.699,44.732,-0.551,0.452,-1.003,241.731,254.83,228.631
2024-12-03,235.85,235.85,232.31,232.47,731000,236.456,241.437,237.761,41.345,-0.994,0.163,-1.157,241.437,255.107,227.767
2024-12-04,231.72,234.78,231.11,233.08,928500,235.468,240.987,237.894,42.344,-1.281,-0.126,-1.155,240.987,255.151,226.823
2024-12-05,232.14,232.32,229.0,230.81,901100,234.074,240.158,238.009,39.638,-1.673,-0.435,-1.237,240.158,254.681,225.635
2024-12-06,230.95,231.74,226.89,227.42,1470100,231.824,239.239,238.09,35.943,-2.231,-0.795,-1.436,239.239,254.563,223.915
2024-12-09,226.55,226.84,221.8,222.69,1260800,229.294,237.804,238.01,31.528,-3.02,-1.24,-1.78,237.804,253.701,221.907
2024-12-10,222.51,225.42,220.36,223.58,911800,227.516,236.239,237.892,33.191,-3.533,-1.698,-1.834,236.239,251.193,221.285
2024-12-11,223.97,224.7,221.12,221.82,666800,225.264,234.706,237.596,31.559,-4.035,-2.165,-1.869,234.706,248.92,220.493
2024-12-12,220.6,221.73,216.44,217.44,1421200,222.59,232.959,237.225,27.883,-4.731,-2.679,-2.053,232.959,246.597,219.32
2024-12-13,216.96,217.92,215.17,216.29,967700,220.364,231.804,236.86,26.994,-5.315,-3.206,-2.109,231.804,246.975,216.632
2024-12-16,216.73,218.37,214.59,215.2,1420700,218.866,230.65,236.463,26.144,-5.799,-3.724,-2.074,230.65,247.198,214.102
2024-12-17,214.17,215.07,211.1,211.72,2286600,216.494,229.398,236.033,23.588,-6.389,-4.257,-2.132,229.398,247.697,211.1
2024-12-18,211.98,212.94,206.65,206.85,1146600,213.5,227.937,235.515,20.559,-7.167,-4.839,-2.328,227.937,248.516,207.358
2024-12-19,205.77,209.44,203.78,204.15,1016800,210.842,226.302,234.925,19.095,-7.911,-5.454,-2.457,226.302,248.989,203.616
2024-12-20,204.15,208.59,203.38,206.97,1664800,208.978,224.7,234.389,25.094,-8.178,-5.999,-2.18,224.7,248.122,201.279
2024-12-23,207.07,207.43,205.03,206.47,861200,207.232,222.998,233.772,24.744,-8.334,-6.466,-1.869,222.998,246.527,199.469
2024-12-24,205.67,206.85,205.13,206.75,324800,206.238,221.676,233.117,25.372,-8.339,-6.84,-1.499,221.676,245.759,197.593
2024-12-26,206.52,207.65,205.71,207.01,720300,206.27,220.125,232.525,25.99,-8.228,-7.118,-1.11,220.125,243.767,196.484
2024-12-27,205.47,207.61,204.2,205.83,655500,206.606,218.528,231.854,24.979,-8.14,-7.322,-0.818,218.528,241.453,195.603
2024-12-30,203.59,204.72,201.93,202.51,811700,205.714,216.72,231.114,22.346,-8.244,-7.507,-0.737,216.72,238.638,194.802
2024-12-31,203.17,204.29,201.95,203.81,840300,205.182,215.144,230.391,25.651,-8.128,-7.631,-0.497,215.144,235.929,194.358
2025-01-02,203.78,204.29,200.8,200.98,969700,204.028,213.569,229.623,23.324,-8.17,-7.739,-0.431,213.569,233.585,193.553
2025-01-03,200.63,203.68,200.63,203.29,902200,203.284,212.08,228.963,28.988,-7.925,-7.776,-0.149,212.08,230.338,193.821
2025-01-06,202.28,202.87,197.14,198.0,1369600,201.718,210.439,228.18,24.521,-8.065,-7.834,-0.231,210.439,227.466,193.412
2025-01-07,198.51,200.24,196.52,196.75,1414100,200.566,208.906,227.405,23.595,-8.183,-7.904,-0.279,208.906,224.992,192.819
2025-01-08,198.8,201.05,197.57,200.77,1413600,199.958,207.81,226.543,32.427,-7.861,-7.895,0.034,207.81,222.897,192.722
2025-01-10,201.19,202.37,198.88,201.87,1745200,200.136,206.724,225.795,34.653,-7.431,-7.802,0.371,206.724,220.056,193.392
2025-01-13,201.32,207.79,201.32,207.33,1150500,200.944,205.999,225.213,44.436,-6.575,-7.557,0.982,205.999,217.297,194.702
2025-01-14,208.41,209.34,206.68,208.27,953100,202.998,205.541,224.644,45.937,-5.754,-7.196,1.443,205.541,215.555,195.527
2025-01-15,209.34,209.48,206.55,207.55,981400,205.158,205.104,224.02,44.936,-5.102,-6.777,1.675,205.104,213.822,196.386
2025-01-16,207.02,211.79,207.0,211.75,1057900,207.354,204.932,223.481,51.567,-4.199,-6.262,2.063,204.932,212.914,196.949
2025-01-17,211.99,212.62,210.35,211.44,778300,209.268,204.918,222.943,51.078,-3.468,-5.703,2.235,204.918,212.851,196.984
2025-01-21,212.79,217.39,212.79,216.0,1280000,211.002,205.375,222.421,57.466,-2.491,-5.061,2.569,205.375,214.709,196.041
2025-01-22,214.76,214.76,211.48,213.28,1178000,212.004,205.832,221.739,53.019,-1.915,-4.431,2.516,205.832,215.786,195.877
2025-01-23,215.0,215.96,210.67,213.02,1278500,213.098,206.134,221.083,52.6,-1.463,-3.838,2.375,206.134,216.589,195.679
2025-01-24,212.37,213.4,211.36,211.92,847700,213.132,206.406,220.294,50.771,-1.179,-3.306,2.127,206.406,217.178,195.635
2025-01-27,214.19,217.1,213.05,215.45,1227500,213.934,206.842,219.505,56.051,-0.662,-2.777,2.115,206.842,218.349,195.334
2025-01-28,215.12,216.91,206.26,206.73,1543400,212.08,206.828,218.591,43.609,-0.945,-2.411,1.466,206.828,218.335,195.32
2025-01-29,207.32,209.27,204.91,205.42,1540400,210.508,206.807,217.651,42.098,-1.261,-2.181,0.92,206.807,218.323,195.291
2025-01-30,201.01,206.69,199.69,205.53,2189700,209.01,206.958,216.974,42.279,-1.485,-2.042,0.557,206.958,218.315,195.601
2025-01-31,204.07,206.93,202.69,205.48,1266300,207.722,207.041,216.318,42.214,-1.647,-1.963,0.316,207.041,218.325,195.758
2025-02-03,204.62,207.51,202.48,206.23,1433000,205.878,207.304,215.708,43.605,-1.696,-1.909,0.213,207.304,218.233,196.375
2025-02-04,206.35,207.17,204.14,204.22,1077100,205.376,207.35,215.07,40.772,-1.875,-1.903,0.027,207.35,218.215,196.486
2025-02-05,205.96,205.96,202.39,202.54,911100,204.8,207.578,214.384,38.519,-2.128,-1.948,-0.181,207.578,217.79,197.365
2025-02-06,202.05,202.89,197.57,200.3,2077400,203.754,207.755,213.61,35.687,-2.481,-2.054,-0.427,207.755,217.275,198.235
2025-02-07,201.0,202.47,198.95,199.78,1082000,202.614,207.706,212.795,35.043,-2.77,-2.198,-0.573,207.706,217.387,198.024
2025-02-10,199.66,203.42,198.95,202.01,1201900,201.77,207.712,212.172,40.041,-2.788,-2.316,-0.472,207.712,217.376,198.049
2025-02-11,202.82,202.82,199.82,200.38,1480500,201.002,207.365,211.419,37.754,-2.9,-2.432,-0.467,207.365,217.571,197.159
2025-02-12,198.67,198.67,193.42,194.43,1694500,199.38,206.673,210.552,30.833,-3.429,-2.632,-0.797,206.673,218.387,194.959
2025-02-13,195.79,198.22,192.32,193.84,2142400,198.088,205.988,209.655,30.241,-3.852,-2.876,-0.976,205.988,219.016,192.959
2025-02-14,193.84,194.98,190.61,191.53,1565400,196.438,204.976,208.779,27.976,-4.323,-3.165,-1.158,204.976,219.205,190.748
2025-02-18,193.84,193.84,188.77,189.67,1696000,193.97,203.888,207.923,26.27,-4.792,-3.491,-1.301,203.888,219.315,188.461
2025-02-19,190.51,193.88,188.27,188.66,1510100,191.626,202.521,207.035,25.366,-5.185,-3.829,-1.355,202.521,218.271,186.771
2025-02-20,187.27,191.66,187.14,191.16,1528800,190.972,201.415,206.242,31.64,-5.234,-4.11,-1.124,201.415,217.09,185.74
2025-02-21,190.85,194.02,190.65,192.89,1656500,190.782,200.408,205.551,35.671,-5.075,-4.303,-0.772,200.408,215.521,185.296
2025-02-24,194.15,195.61,193.42,193.7,1412800,191.216,199.498,204.971,37.528,-4.828,-4.408,-0.42,199.498,213.867,185.128
2025-02-25,193.78,198.18,193.51,197.69,1436200,192.82,198.61,204.454,45.825,-4.261,-4.379,0.117,198.61,210.868,186.351
2025-02-26,195.96,197.45,195.27,196.1,1185100,194.308,198.078,203.939,43.354,-3.896,-4.282,0.387,198.078,209.762,186.394
2025-02-27,196.34,199.21,196.12,198.59,1276500,195.794,197.736,203.562,48.076,-3.366,-4.099,0.733,197.736,208.905,186.568
2025-02-28,199.57,200.82,197.24,199.76,1245200,197.168,197.448,203.232,50.177,-2.819,-3.843,1.024,197.448,208.053,186.843
2025-03-03,201.21,203.0,198.96,201.3,1378000,198.688,197.239,202.954,52.881,-2.236,-3.522,1.286,197.239,207.329,187.149
2025-03-04,200.96,205.96,200.1,200.7,2093300,199.29,196.962,202.733,51.704,-1.801,-3.178,1.376,196.962,206.29,187.635
2025-03-05,199.76,204.98,199.41,204.05,1248200,200.88,196.954,202.677,57.405,-1.173,-2.777,1.604,196.954,206.254,187.654
2025-03-06,204.97,207.39,202.16,207.21,1506700,202.604,197.188,202.738,61.965,-0.416,-2.305,1.889,197.188,207.278,187.097
2025-03-07,205.27,214.41,205.27,213.32,1868300,205.316,197.838,202.865,68.899,0.67,-1.71,2.38,197.838,210.2,185.477
2025-03-10,213.38,221.58,211.92,212.3,1844400,207.516,198.464,202.982,66.713,1.432,-1.081,2.513,198.464,212.407,184.522
2025-03-11,210.91,213.09,206.38,206.92,1317100,208.76,198.71,202.985,56.524,1.583,-0.548,2.132,198.71,213.081,184.339
2025-03-12,205.78,205.78,199.58,203.63,1031200,208.676,198.872,202.918,51.358,1.421,-0.155,1.576,198.872,213.396,184.349
2025-03-13,203.2,207.13,202.42,205.8,1340000,208.394,199.441,202.917,54.323,1.451,0.167,1.284,199.441,214.121,184.761
2025-03-14,205.46,208.2,203.77,205.68,960700,206.866,200.033,202.981,54.127,1.449,0.423,1.026,200.033,214.717,185.349
2025-03-17,205.34,208.95,205.03,207.55,1042200,205.916,200.834,203.055,56.752,1.579,0.654,0.925,200.834,215.312,186.356
2025-03-18,207.38,208.46,205.04,207.02,973900,205.936,201.701,203.176,55.778,1.621,0.848,0.774,201.701,215.422,187.981
2025-03-19,207.32,210.23,205.59,207.61,840800,206.732,202.649,203.263,56.669,1.683,1.015,0.668,202.649,215.14,190.158
2025-03-20,206.5,207.19,204.25,204.54,1188800,206.48,203.318,203.393,50.916,1.467,1.105,0.362,203.318,214.592,192.044
2025-03-21,204.74,205.4,201.84,202.68,1931900,205.88,203.807,203.512,47.752,1.133,1.111,0.022,203.807,213.97,193.645
2025-03-24,203.81,205.69,202.73,205.34,863200,205.438,204.39,203.603,52.315,1.07,1.103,-0.032,204.39,213.381,195.398
2025-03-25,206.16,207.69,204.02,207.14,1102600,205.462,204.862,203.709,55.168,1.153,1.113,0.04,204.862,213.35,196.374
2025-03-26,207.58,208.56,205.39,206.53,1026200,205.246,205.384,203.693,53.989,1.155,1.121,0.034,205.384,212.821,197.946
2025-03-27,207.34,209.86,206.59,207.28,762300,205.794,205.818,203.673,55.255,1.204,1.138,0.066,205.818,212.568,199.068
2025-03-28,206.3,207.23,202.04,202.46,1179000,205.75,205.953,203.571,46.416,0.844,1.079,-0.235,205.953,212.288,199.618
2025-03-31,202.83,205.96,202.29,203.98,1112000,205.478,206.087,203.416,49.177,0.674,0.998,-0.324,206.087,212.114,200.06
2025-04-01,204.15,207.25,202.78,204.41,964000,204.932,206.272,203.275,49.962,0.567,0.912,-0.345,206.272,211.81,200.735
2025-04-02,202.76,207.97,202.76,206.5,986200,204.926,206.395,203.085,53.708,0.643,0.858,-0.215,206.395,211.833,200.957
2025-04-03,205.36,210.25,204.0,204.59,1321800,204.388,206.264,202.911,50.023,0.544,0.795,-0.252,206.264,211.745,200.783
2025-04-04,202.43,206.84,196.8,196.91,3081600,203.278,205.444,202.589,38.565,-0.153,0.605,-0.759,205.444,211.372,199.515
2025-04-07,193.44,199.47,190.73,195.11,1931900,201.504,204.584,202.253,36.457,-0.841,0.316,-1.157,204.584,211.264,197.904
2025-04-08,201.1,202.14,193.47,195.64,1933100,199.75,204.02,201.857,37.54,-1.328,-0.013,-1.316,204.02,211.699,196.341
2025-04-09,192.63,212.18,191.0,208.89,3827100,200.228,204.283,201.9,57.179,-0.638,-0.138,-0.5,204.283,212.261,196.305
2025-04-10,207.1,212.65,203.09,208.07,2745700,200.924,204.396,201.953,56.005,-0.155,-0.141,-0.014,204.396,212.528,196.265
2025-04-11,214.39,217.53,209.59,216.37,2245300,204.816,204.931,202.17,64.049,0.887,0.064,0.823,204.931,214.665,195.197
2025-04-14,215.99,218.4,213.45,217.02,1266400,209.198,205.404,202.401,64.595,1.745,0.401,1.345,205.404,216.501,194.308
2025-04-15,217.43,218.48,215.01,215.32,1262000,213.134,205.82,202.582,61.946,2.262,0.773,1.489,205.82,217.759,193.88
2025-04-16,216.61,217.21,212.91,213.3,1165300,214.016,206.104,202.764,58.856,2.48,1.114,1.366,206.104,218.486,193.722
2025-04-17,210.42,214.43,209.17,212.66,1411600,214.934,206.51,202.966,57.872,2.572,1.406,1.166,206.51,219.205,193.815
2025-04-21,211.62,212.32,205.99,208.66,1583500,213.392,206.809,203.134,52.014,2.295,1.584,0.711,206.809,219.405,194.213
2025-04-22,208.74,211.69,206.02,209.6,1750900,211.908,207.022,203.33,53.213,2.127,1.692,0.435,207.022,219.658,194.386
2025-04-23,210.32,213.23,209.17,210.8,1813700,211.004,207.205,203.506,54.766,2.067,1.767,0.3,207.205,219.954,194.456
2025-04-24,210.56,213.87,202.81,210.76,1946700,210.496,207.416,203.713,54.701,1.993,1.813,0.181,207.416,220.258,194.575
2025-04-25,212.17,212.59,208.89,210.57,1637000,210.078,207.581,204.036,54.37,1.898,1.83,0.068,207.581,220.499,194.663
2025-04-28,212.57,214.39,211.13,213.19,1256000,210.984,208.117,204.423,58.132,2.01,1.866,0.144,208.117,221.031,195.204
2025-04-29,212.55,216.63,211.95,215.59,1273400,212.182,208.698,204.904,61.282,2.267,1.946,0.321,208.698,221.87,195.526
2025-04-30,215.86,216.1,212.35,214.41,1060400,212.904,209.198,205.399,58.934,2.348,2.026,0.321,209.198,222.444,195.952
2025-05-01,214.12,215.4,211.96,214.31,882400,213.614,209.588,205.912,58.729,2.376,2.096,0.28,209.588,222.959,196.218
2025-05-02,217.63,221.01,208.95,214.15,2282300,214.33,210.066,206.372,58.379,2.359,2.149,0.21,210.066,223.368,196.765
2025-05-05,214.39,215.13,212.52,213.05,827700,214.302,210.874,206.775,55.909,2.231,2.165,0.066,210.874,222.69,199.057
2025-05-06,211.17,212.4,208.89,210.68,1227500,213.32,211.652,207.115,50.911,1.916,2.115,-0.199,211.652,220.859,202.445
2025-05-07,209.9,214.31,209.05,212.45,1527100,212.928,212.492,207.41,54.203,1.789,2.05,-0.261,212.492,217.779,207.206
2025-05-08,214.44,215.33,211.15,212.83,1059700,212.632,212.69,207.745,54.903,1.699,1.98,-0.281,212.69,217.697,207.682
2025-05-09,213.71,214.51,211.06,213.8,983100,212.562,212.976,208.049,56.72,1.686,1.921,-0.235,212.976,217.504,208.448
2025-05-12,216.06,216.3,209.69,213.38,1209800,212.628,212.826,208.321,55.674,1.624,1.862,-0.238,212.826,217.071,208.582
2025-05-13,213.23,214.13,211.88,212.81,1075700,213.054,212.616,208.551,54.213,1.511,1.792,-0.28,212.616,216.375,208.857
2025-05-14,213.03,214.5,208.65,214.05,1674300,213.374,212.552,208.818,56.865,1.504,1.734,-0.23,212.552,216.159,208.946
2025-05-15,216.23,221.35,215.24,221.08,1626100,215.024,212.942,209.159,68.134,2.043,1.796,0.247,212.942,218.191,207.692
2025-05-16,222.3,224.6,220.7,224.33,1577000,217.13,213.525,209.501,71.802,2.701,1.977,0.724,213.525,220.833,206.217
2025-05-19,224.29,225.89,223.68,225.09,1286400,219.472,214.347,209.737,72.596,3.246,2.231,1.015,214.347,222.934,205.759
2025-05-20,224.16,226.09,223.26,224.94,1046700,221.898,215.114,209.99,72.164,3.624,2.509,1.115,215.114,224.608,205.619
2025-05-21,235.54,235.54,225.46,226.66,2701800,224.42,215.906,210.384,74.07,4.016,2.811,1.206,215.906,226.473,205.34
2025-05-22,227.06,234.73,226.8,233.1,3696600,226.824,217.023,210.974,79.679,4.791,3.207,1.585,217.023,229.793,204.254
2025-05-23,230.96,232.38,229.71,231.44,2359800,228.246,218.067,211.487,75.165,5.212,3.608,1.604,218.067,231.976,204.158
2025-05-27,233.98,242.14,232.1,241.58,2773300,231.544,219.487,212.205,81.908,6.291,4.144,2.146,219.487,236.702,202.271
2025-05-28,242.39,242.78,236.37,238.14,2804800,234.184,220.614,212.816,74.517,6.79,4.673,2.116,220.614,239.616,201.612
2025-05-29,236.02,237.71,234.97,237.22,2080200,236.296,221.754,213.42,72.629,7.03,5.145,1.885,221.754,241.893,201.616
2025-05-30,238.48,238.86,235.61,238.11,2784700,237.298,222.944,214.03,73.333,7.209,5.558,1.652,222.944,244.021,201.868
2025-06-02,238.59,238.59,234.71,236.96,1339400,238.402,224.085,214.679,70.8,7.176,5.881,1.294,224.085,245.622,202.548
2025-06-03,237.0,238.57,235.54,238.17,1212500,237.72,225.341,215.389,71.899,7.164,6.138,1.026,225.341,247.097,203.585
2025-06-04,238.96,239.5,236.98,237.31,804000,237.554,226.672,216.028,69.885,7.005,6.311,0.694,226.672,247.903,205.442
2025-06-05,238.26,238.46,235.66,237.06,1136200,237.522,227.903,216.626,69.277,6.78,6.405,0.375,227.903,248.507,207.299
2025-06-06,237.98,239.33,236.82,239.23,795700,237.746,229.223,217.28,71.587,6.7,6.464,0.236,229.223,249.132,209.314
2025-06-09,239.57,240.92,237.33,240.34,1067300,238.422,230.55,217.942,72.717,6.65,6.501,0.148,230.55,249.652,211.448
2025-06-10,241.05,241.15,238.51,239.74,927000,238.736,231.868,218.687,71.071,6.486,6.498,-0.012,231.868,249.568,214.168
2025-06-11,238.54,241.96,232.66,241.58,1560400,239.59,233.306,219.439,73.083,6.431,6.485,-0.054,233.306,249.053,217.56
2025-06-12,241.16,245.25,239.98,245.22,1336200,241.222,234.865,220.255,76.555,6.605,6.509,0.096,234.865,248.633,221.097
2025-06-13,247.68,252.47,246.86,251.68,3051100,243.712,236.395,221.159,81.193,7.182,6.644,0.538,236.395,250.509,222.281
2025-06-16,250.71,251.07,241.7,242.65,1832400,244.174,237.311,221.92,62.564,6.831,6.681,0.15,237.311,250.474,224.148
2025-06-17,244.12,246.31,241.94,245.68,1371300,245.362,238.341,222.896,65.43,6.72,6.689,0.031,238.341,250.674,226.007
2025-06-18,245.82,248.66,243.26,243.69,1280000,245.784,239.278,223.867,62.069,6.398,6.631,-0.233,239.278,250.077,228.479
2025-06-20,245.14,246.68,241.11,244.52,1636500,245.644,240.171,224.845,62.924,6.139,6.532,-0.393,240.171,249.42,230.922
2025-06-23,246.32,249.63,244.52,245.93,1193700,244.494,240.812,225.586,64.393,5.978,6.422,-0.443,240.812,249.771,231.854
2025-06-24,243.86,244.59,238.81,241.56,1188700,244.276,241.318,226.255,56.871,5.436,6.224,-0.789,241.318,249.116,233.521
2025-06-25,242.64,243.47,240.45,242.75,963700,243.69,241.377,226.783,58.3,5.044,5.988,-0.944,241.377,249.201,233.553
2025-06-26,242.88,244.45,241.02,241.7,1956600,243.292,241.555,227.277,56.521,4.595,5.71,-1.114,241.555,249.229,233.881
2025-06-27,240.45,242.98,240.06,241.88,2158900,242.764,241.788,227.808,56.765,4.206,5.409,-1.203,241.788,249.186,234.39
2025-06-30,242.52,246.09,241.9,245.66,1110900,242.71,242.165,228.455,61.626,4.155,5.158,-1.003,242.165,249.544,234.787
2025-07-01,245.57,247.7,243.87,246.97,958500,243.792,242.666,229.141,63.171,4.172,4.961,-0.789,242.666,249.914,235.418
2025-07-02,245.54,248.47,243.97,248.33,883900,244.908,243.174,229.935,64.758,4.246,4.818,-0.572,243.174,250.519,235.829
2025-07-03,248.6,251.27,248.53,250.45,575400,246.658,243.831,230.752,67.135,4.425,4.739,-0.315,243.831,251.317,236.345
2025-07-07,251.06,252.68,244.86,251.14,1263200,248.51,244.535,231.558,67.894,4.569,4.705,-0.136,244.535,251.988,237.082
2025-07-08,249.44,252.29,248.87,251.78,1233500,249.734,245.162,232.379,68.618,4.682,4.701,-0.019,245.162,252.845,237.48
2025-07-09,252.81,254.09,250.72,253.7,936100,251.08,245.83,233.241,70.749,4.87,4.734,0.135,245.83,254.051,237.61
2025-07-10,252.7,255.48,251.21,254.73,1157800,252.36,246.58,234.072,71.854,5.043,4.796,0.247,246.58,255.187,237.973
2025-07-11,255.75,255.75,252.75,254.19,954600,253.108,247.21,234.844,70.354,5.079,4.853,0.226,247.21,256.118,238.303
2025-07-14,253.89,257.41,252.04,256.89,963000,254.258,247.794,235.694,73.349,5.265,4.935,0.329,247.794,257.632,237.956
2025-07-15,256.63,257.21,254.69,255.78,1012900,255.058,247.999,236.523,70.209,5.261,5.0,0.261,247.999,258.337,237.661
2025-07-16,256.15,258.66,255.39,258.22,1109800,255.962,248.778,237.405,72.95,5.393,5.079,0.314,248.778,259.745,237.81
2025-07-17,258.52,261.31,258.07,260.03,1469900,257.022,249.495,238.344,74.803,5.58,5.179,0.401,249.495,261.443,237.547
2025-07-18,260.5,262.05,257.73,259.3,1441900,258.044,250.276,239.317,72.642,5.604,5.264,0.34,250.276,262.658,237.893
2025-07-21,259.59,260.59,257.06,257.66,942800,258.198,250.932,240.221,67.897,5.428,5.297,0.131,250.932,263.423,238.442
2025-07-22,255.99,259.49,254.85,258.96,1599700,258.834,251.584,241.143,69.593,5.333,5.304,0.029,251.584,264.333,238.835
2025-07-23,258.72,264.57,258.24,264.03,2155500,259.996,252.707,242.148,75.113,5.601,5.364,0.238,252.707,265.695,239.72
2025-07-24,269.81,274.25,267.09,267.58,3422500,261.506,253.949,243.232,78.11,6.031,5.497,0.534,253.949,267.656,240.242
2025-07-25,264.43,266.08,257.55,263.72,1965300,262.39,255.05,244.25,68.457,5.991,5.596,0.395,255.05,268.138,241.962
2025-07-28,265.01,265.3,262.22,263.91,1216500,263.64,256.152,245.247,68.663,5.907,5.658,0.249,256.152,268.242,244.061
2025-07-29,265.63,266.73,264.27,266.69,931000,265.186,257.203,246.16,71.577,5.995,5.725,0.27,257.203,269.109,245.297
2025-07-30,268.3,270.03,266.0,268.46,954600,266.072,258.278,247.042,73.281,6.137,5.808,0.329,258.278,270.173,246.382
2025-07-31,268.69,270.03,267.71,269.15,1308300,266.386,259.318,247.923,73.937,6.234,5.893,0.341,259.318,271.193,247.444
2025-08-01,269.32,273.19,265.41,272.52,1413800,268.146,260.422,248.875,76.918,6.507,6.016,0.491,260.422,272.912,247.932
2025-08-04,272.49,274.69,271.03,272.32,1097200,269.828,261.481,249.788,76.36,6.631,6.139,0.492,261.481,274.246,248.716
2025-08-05,271.43,274.73,270.9,272.48,791500,270.986,262.516,250.576,76.506,6.665,6.244,0.421,262.516,275.326,249.706
2025-08-06,272.71,274.68,270.96,271.16,1294800,271.526,263.389,251.37,72.505,6.511,6.298,0.214,263.389,276.048,250.73
2025-08-07,268.66,270.22,265.26,268.16,2100600,271.328,264.06,251.902,64.276,6.077,6.253,-0.177,264.06,276.2,251.921
2025-08-08,268.08,269.7,263.58,264.15,1639200,269.654,264.558,252.422,55.249,5.347,6.072,-0.725,264.558,275.775,253.342
2025-08-11,264.2,265.03,261.73,264.74,996500,268.138,264.951,252.972,56.223,4.762,5.81,-1.048,264.951,275.571,254.331
2025-08-12,262.51,265.41,262.51,264.63,1023100,266.568,265.394,253.503,55.979,4.24,5.496,-1.256,265.394,275.103,255.684
2025-08-13,265.53,267.05,263.0,264.64,1502400,265.264,265.714,254.056,55.997,3.784,5.154,-1.37,265.714,274.832,256.597
2025-08-14,265.34,267.46,264.35,265.45,984700,264.722,265.986,254.602,57.573,3.448,4.812,-1.365,265.986,274.705,257.266
2025-08-15,265.1,266.12,263.65,264.96,1178000,264.884,266.268,255.155,56.261,3.106,4.471,-1.365,266.268,274.424,258.113
2025-08-18,265.76,267.57,265.26,266.31,1118200,265.198,266.701,255.74,59.032,2.911,4.159,-1.248,266.701,273.781,259.621
2025-08-19,265.77,268.02,265.22,266.61,990600,265.594,267.084,256.288,59.644,2.749,3.877,-1.128,267.084,273.157,261.01
2025-08-20,267.66,271.17,266.48,270.45,851300,266.756,267.404,256.89,66.535,2.896,3.681,-0.784,267.404,273.478,261.331
2025-08-21,270.15,271.04,269.17,270.41,908500,267.748,267.546,257.503,66.408,2.976,3.54,-0.564,267.546,273.766,261.326
2025-08-22,271.82,273.39,269.27,270.08,754900,268.772,267.864,258.073,65.298,2.978,3.428,-0.449,267.864,273.909,261.819
2025-08-25,270.53,272.16,269.68,270.47,704800,269.604,268.192,258.578,66.021,2.977,3.338,-0.36,268.192,274.042,262.342
2025-08-26,271.4,272.51,269.32,271.93,1543000,270.668,268.454,258.983,68.651,3.059,3.282,-0.223,268.454,274.487,262.421
2025-08-27,272.24,273.26,269.79,271.05,741300,270.788,268.584,259.551,65.367,3.018,3.229,-0.211,268.584,274.727,262.44
2025-08-28,270.55,271.56,269.36,271.32,759300,270.97,268.692,260.064,65.906,2.973,3.178,-0.205,268.692,274.954,262.43
2025-08-29,271.96,272.64,269.85,271.89,1266200,271.332,268.66,260.628,67.071,2.949,3.132,-0.183,268.66,274.847,262.474
2025-09-02,271.84,272.21,269.14,269.44,1529600,271.126,268.516,261.126,57.91,2.701,3.046,-0.344,268.516,274.474,262.559
2025-09-03,269.57,270.01,266.03,267.47,1119700,270.234,268.266,261.557,51.785,2.319,2.901,-0.581,268.266,273.936,262.596
2025-09-04,267.72,268.59,266.69,267.35,1084600,269.494,268.076,262.073,51.428,1.984,2.717,-0.733,268.076,273.59,262.561
2025-09-05,267.86,268.65,264.63,267.94,1072000,268.818,268.064,262.577,53.138,1.746,2.523,-0.777,268.064,273.579,262.55
2025-09-08,267.28,270.22,264.87,269.42,1194500,268.324,268.328,263.131,57.207,1.657,2.35,-0.692,268.328,273.551,263.105
2025-09-09,268.5,268.86,264.22,266.29,1092200,267.694,268.406,263.619,47.761,1.32,2.144,-0.824,268.406,273.447,263.364
2025-09-10,266.22,271.17,265.46,271.14,951800,268.428,268.731,264.129,59.045,1.427,2.0,-0.574,268.731,273.584,263.878
2025-09-11,271.32,276.11,269.86,276.05,948500,270.168,269.302,264.711,66.852,1.886,1.978,-0.091,269.302,274.773,263.83
2025-09-12,276.13,277.08,273.81,274.64,800800,271.508,269.761,265.237,63.13,2.112,2.004,0.108,269.761,275.411,264.111
2025-09-15,274.26,277.61,273.92,277.29,783400,273.082,270.378,265.774,66.864,2.476,2.099,0.378,270.378,276.493,264.262
2025-09-16,279.0,282.13,277.65,279.63,1332700,275.75,271.044,266.343,69.774,2.92,2.263,0.657,271.044,278.12,263.967
2025-09-17,279.52,281.34,276.72,277.26,732500,276.974,271.576,266.853,63.674,3.046,2.42,0.626,271.576,278.848,264.304
2025-09-18,275.23,278.66,273.93,278.12,664700,277.388,271.96,267.341,64.874,3.178,2.571,0.607,271.96,279.77,264.149
2025-09-19,279.1,279.82,277.15,279.31,1316000,278.322,272.404,267.833,66.522,3.34,2.725,0.615,272.404,280.833,263.976
2025-09-22,279.36,280.38,276.9,279.68,785400,278.8,272.884,268.343,67.04,3.459,2.872,0.587,272.884,281.833,263.936
2025-09-23,280.68,283.32,279.53,281.52,760300,279.178,273.437,268.835,69.562,3.659,3.029,0.63,273.437,283.094,263.78
2025-09-24,283.08,283.53,279.2,279.36,965200,279.598,273.808,269.307,63.427,3.602,3.144,0.458,273.808,283.788,263.829
2025-09-25,281.91,286.15,281.33,284.52,1198900,280.878,274.482,269.833,70.19,3.928,3.301,0.627,274.482,285.447,263.517
2025-09-26,286.09,289.14,284.95,288.77,1147000,282.77,275.355,270.408,74.391,4.477,3.536,0.941,275.355,287.92,262.789
2025-09-29,292.97,293.53,289.96,292.1,1230300,285.254,276.365,271.064,77.112,5.122,3.853,1.269,276.365,290.86,261.87
2025-09-30,292.7,300.95,292.7,300.43,1332600,289.036,277.914,271.919,82.206,6.234,4.329,1.905,277.914,295.573,260.256
2025-10-01,298.89,299.34,293.31,295.57,1423800,292.278,279.319,272.651,72.121,6.646,4.793,1.854,279.319,297.925,260.714
2025-10-02,295.05,296.38,290.8,291.27,1099100,293.628,280.516,273.196,64.573,6.55,5.144,1.406,280.516,298.956,262.075
2025-10-03,292.24,294.89,290.63,292.54,643300,294.382,281.746,273.695,65.714,6.502,5.416,1.086,281.746,299.934,263.557
2025-10-06,292.44,298.18,291.76,298.06,819200,295.574,283.178,274.382,70.207,6.83,5.699,1.132,283.178,301.785,264.57
2025-10-07,298.37,299.09,293.87,296.51,866600,294.79,284.688,275.034,67.531,6.886,5.936,0.95,284.688,302.409,266.968
2025-10-08,298.05,301.82,297.02,301.75,1097000,296.026,286.219,275.735,71.487,7.269,6.203,1.066,286.219,304.296,268.142
2025-10-09,301.99,303.09,292.08,293.33,1607600,296.438,287.083,276.233,59.038,6.815,6.325,0.49,287.083,304.761,269.405
2025-10-10,293.88,294.6,287.37,287.57,1341200,295.444,287.73,276.601,52.325,5.922,6.245,-0.323,287.73,304.409,271.05
2025-10-13,286.62,289.64,285.97,288.63,801300,293.558,288.297,276.923,53.376,5.239,6.044,-0.804,288.297,304.237,272.356
2025-10-14,288.04,295.71,287.72,295.09,841700,293.274,289.069,277.379,59.267,5.16,5.867,-0.707,289.069,304.737,273.402
2025-10-15,295.27,297.06,279.01,284.99,1464300,289.922,289.456,277.629,48.87,4.234,5.54,-1.307,289.456,304.254,274.658
2025-10-16,285.55,286.23,279.45,279.65,1220500,287.186,289.532,277.799,44.431,3.033,5.039,-2.005,289.532,304.098,274.967
2025-10-17,279.56,280.45,277.66,279.24,887200,285.52,289.529,278.02,44.1,2.026,4.436,-2.41,289.529,304.105,274.953
2025-10-20,281.59,286.89,281.3,285.82,723600,284.958,289.836,278.454,50.479,1.738,3.897,-2.158,289.836,303.784,275.888
2025-10-21,285.66,289.02,283.84,287.53,982200,283.446,290.136,278.91,52.012,1.629,3.443,-1.814,290.136,303.58,276.693
2025-10-22,287.53,288.71,284.01,284.25,1099100,283.298,290.381,279.302,48.887,1.264,3.007,-1.743,290.381,303.16,277.602
2025-10-23,285.41,289.4,285.41,288.49,643800,285.066,290.58,279.779,52.832,1.302,2.666,-1.365,290.58,303.096,278.063
2025-10-24,290.85,291.46,287.79,288.41,803800,286.9,290.561,280.238,52.75,1.31,2.395,-1.085,290.561,303.09,278.033
2025-10-27,288.77,290.13,285.57,286.39,1057100,287.014,290.276,280.667,50.595,1.14,2.144,-1.004,290.276,302.917,277.635
2025-10-28,285.95,287.18,282.38,282.69,970900,286.046,289.389,280.994,46.822,0.699,1.855,-1.156,289.389,301.509,277.269
2025-10-29,282.61,284.84,280.78,282.19,1026700,285.634,288.72,281.306,46.32,0.306,1.545,-1.239,288.72,300.88,276.56
2025-10-30,279.44,300.18,277.78,291.07,2546600,286.15,288.71,281.718,55.464,0.702,1.377,-0.674,288.71,300.862,276.558
2025-10-31,289.19,289.93,283.23,284.38,2165600,285.344,288.302,281.998,48.729,0.471,1.196,-0.724,288.302,300.46,276.144
2025-11-03,284.87,285.17,281.28,283.88,1007800,284.842,287.593,282.274,48.258,0.245,1.006,-0.76,287.593,298.985,276.201
2025-11-04,283.13,287.12,281.12,286.37,1098900,285.578,287.086,282.592,50.811,0.264,0.857,-0.593,287.086,297.682,276.49
2025-11-05,284.06,287.14,282.34,282.41,898300,285.622,286.119,282.801,46.851,-0.04,0.678,-0.718,286.119,294.345,277.893
2025-11-06,282.48,283.58,280.15,280.37,631800,283.482,285.471,282.988,44.91,-0.441,0.454,-0.895,285.471,293.339,277.603
2025-11-07,281.6,287.74,279.6,285.92,928600,283.79,285.388,283.28,50.874,-0.307,0.302,-0.609,285.388,293.198,277.579
2025-11-10,285.61,293.0,285.56,292.15,1462000,285.444,285.564,283.685,56.56,0.298,0.301,-0.003,285.564,293.828,277.301
2025-11-11,292.05,297.62,291.17,296.76,1511900,287.522,285.648,284.231,60.228,1.137,0.468,0.669,285.648,294.339,276.957
2025-11-12,296.24,298.0,293.34,295.34,1604100,290.108,286.165,284.789,58.587,1.668,0.708,0.96,286.165,295.866,276.465
2025-11-13,296.14,296.8,282.82,283.66,1512800,290.766,286.366,285.115,47.196,1.133,0.793,0.34,286.366,295.656,277.076
2025-11-14,280.12,285.11,278.6,284.67,1239000,290.516,286.638,285.45,48.135,0.781,0.791,-0.009,286.638,295.35,277.925
2025-11-17,286.46,287.94,283.72,284.17,829600,288.92,286.555,285.745,47.683,0.457,0.724,-0.267,286.555,295.331,277.779
2025-11-18,284.47,285.11,280.99,281.95,908000,285.958,286.276,286.058,45.633,0.021,0.583,-0.562,286.276,295.274,277.278
2025-11-19,280.7,283.25,279.05,281.76,965700,283.242,286.152,286.27,45.453,-0.336,0.399,-0.736,286.152,295.334,276.969
2025-11-20,285.16,287.49,279.12,280.75,1026500,282.66,285.764,286.364,44.449,-0.693,0.181,-0.874,285.764,295.182,276.347
2025-11-21,281.07,281.07,273.7,274.38,1694900,280.602,285.063,286.359,38.65,-1.472,-0.15,-1.323,285.063,295.666,274.46
2025-11-24,272.63,273.4,269.7,272.03,2080900,278.174,284.345,286.254,36.746,-2.254,-0.571,-1.683,284.345,296.413,272.277
2025-11-25,272.3,273.82,270.58,272.95,1602100,276.374,283.858,286.12,38.033,-2.767,-1.01,-1.757,283.858,296.95,270.766
2025-11-26,273.57,274.53,272.19,272.76,856900,274.574,283.386,286.03,37.862,-3.153,-1.438,-1.714,283.386,297.38,269.393
2025-11-28,272.88,275.61,272.48,275.28,477100,273.48,282.597,285.973,41.619,-3.218,-1.794,-1.424,282.597,296.547,268.647
2025-12-01,272.76,273.97,268.81,268.99,1137600,272.402,281.828,285.767,35.8,-3.734,-2.182,-1.552,281.828,297.007,266.648
2025-12-02,270.24,272.91,269.6,270.62,1062300,272.12,281.164,285.586,38.211,-3.966,-2.539,-1.427,281.164,297.105,265.224
2025-12-03,270.82,274.4,268.9,274.34,916300,272.398,280.563,285.442,43.432,-3.806,-2.792,-1.013,280.563,296.585,264.541
2025-12-04,274.75,280.18,274.22,277.08,1222900,273.262,280.297,285.397,46.986,-3.418,-2.918,-0.501,280.297,296.366,264.227
2025-12-05,275.9,276.79,271.91,275.1,710600,273.226,280.033,285.208,44.796,-3.234,-2.981,-0.253,280.033,296.269,263.797
2025-12-08,275.72,278.31,273.71,278.21,1196300,275.07,279.648,284.997,48.83,-2.804,-2.945,0.141,279.648,295.66,263.635
2025-12-09,278.67,281.71,273.8,273.98,1009600,275.742,278.739,284.635,44.109,-2.773,-2.911,0.138,278.739,293.798,263.68
2025-12-10,273.73,285.9,272.73,282.44,1368600,277.362,278.023,284.275,53.742,-2.042,-2.737,0.695,278.023,290.638,265.408
2025-12-11,283.43,288.88,282.85,286.32,1106700,279.21,277.572,284.09,57.371,-1.137,-2.417,1.28,277.572,288.043,267.101
2025-12-12,289.03,289.31,283.09,283.44,1317600,280.878,277.561,283.933,53.986,-0.644,-2.063,1.418,277.561,288.005,267.117
2025-12-15,283.94,285.83,283.35,285.0,902400,282.236,277.578,283.782,55.517,-0.126,-1.675,1.549,277.578,288.07,267.085
2025-12-16,286.96,287.09,278.12,279.39,1149600,283.318,277.338,283.409,49.179,-0.167,-1.374,1.207,277.338,287.408,267.269
2025-12-17,275.64,279.34,274.18,275.31,1262800,281.892,277.006,282.985,45.143,-0.522,-1.203,0.681,277.006,286.872,267.141
2025-12-18,276.76,280.92,276.75,279.26,1124800,280.48,276.882,282.535,49.467,-0.48,-1.059,0.579,276.882,286.554,267.209
2025-12-19,280.33,286.17,280.08,283.94,1487700,280.58,277.041,282.347,54.085,-0.067,-0.86,0.793,277.041,287.081,267.001
2025-12-22,284.63,291.6,283.94,291.49,919100,281.878,277.896,282.426,60.376,0.859,-0.517,1.375,277.896,289.736,266.057
2025-12-23,291.87,295.13,290.84,294.19,1051500,284.838,279.004,282.537,62.362,1.79,-0.055,1.845,279.004,292.556,265.453
2025-12-24,294.18,296.16,294.18,294.5,363300,288.676,280.082,282.525,62.594,2.524,0.461,2.063,280.082,294.968,265.196
2025-12-26,294.17,295.32,291.71,293.14,466300,291.452,281.101,282.688,60.824,2.961,0.961,2.001,281.101,296.652,265.55
2025-12-29,293.14,294.4,291.76,292.31,417200,293.126,281.952,282.941,59.714,3.204,1.409,1.795,281.952,298.018,265.887
2025-12-30,292.68,292.94,291.39,291.86,416200,293.2,283.096,283.194,59.085,3.322,1.792,1.53,283.096,298.519,267.673
2025-12-31,291.82,292.81,289.92,289.98,522900,292.358,284.064,283.277,56.409,3.227,2.079,1.148,284.064,298.595,269.533
2026-01-02,290.41,300.83,287.45,300.76,934600,293.61,285.385,283.542,65.934,3.975,2.458,1.517,285.385,300.96,269.81
2026-01-05,303.63,311.21,303.4,307.57,1294100,296.496,286.91,284.008,70.343,5.06,2.979,2.081,286.91,304.851,268.968
2026-01-06,307.87,312.99,307.85,310.63,1105300,300.16,288.686,284.451,72.091,6.096,3.602,2.494,288.686,308.628,268.744
2026-01-07,314.11,317.59,305.11,305.97,2215100,302.982,290.074,284.802,65.737,6.466,4.175,2.291,290.074,310.795,269.353
2026-01-08,328.86,332.53,319.0,321.76,3545100,309.338,292.463,285.509,74.075,7.942,4.928,3.014,292.463,316.173,268.753
2026-01-09,323.5,334.1,323.25,331.67,1894900,315.52,294.924,286.489,77.737,9.799,5.902,3.896,294.924,323.892,265.957
2026-01-12,334.79,337.64,333.87,336.52,1443200,321.31,297.434,287.576,79.279,11.529,7.028,4.501,297.434,331.512,263.357
2026-01-13,357.17,357.17,331.1,337.07,4739000,326.598,300.116,288.496,79.453,12.796,8.181,4.615,300.116,337.805,262.427
2026-01-14,335.36,340.6,330.32,338.66,2153300,333.136,302.799,289.581,79.976,13.771,9.299,4.471,302.799,343.479,262.119
2026-01-15,336.86,338.61,328.81,336.26,2111300,336.036,305.642,290.629,76.798,14.185,10.276,3.909,305.642,347.37,263.915
2026-01-16,336.81,343.36,335.11,342.22,1535200,338.146,308.988,291.746,79.027,14.824,11.186,3.638,308.988,351.202,266.774
2026-01-20,340.89,346.19,336.12,338.14,1857200,338.47,311.932,292.86,73.8,14.83,11.915,2.916,311.932,353.626,270.238
2026-01-21,339.66,344.93,338.86,343.56,2255400,339.768,314.913,294.124,76.065,15.099,12.552,2.547,314.913,356.705,273.121
2026-01-22,343.98,351.98,342.42,351.4,1356600,342.316,317.908,295.434,78.905,15.762,13.194,2.568,317.908,361.193,274.624
2026-01-23,352.44,356.27,349.17,350.39,1473300,345.142,320.718,296.599,77.627,16.022,13.759,2.262,320.718,364.809,276.628
2026-01-26,349.87,352.02,347.18,349.87,1216900,346.672,323.487,297.661,76.936,16.001,14.208,1.793,323.487,367.6,279.374
2026-01-27,350.14,357.99,348.86,356.13,1289800,350.27,326.636,298.877,79.322,16.302,14.627,1.675,326.636,370.621,282.652
2026-01-28,352.85,357.41,350.7,355.9,1482600,352.738,329.816,300.321,78.999,16.333,14.968,1.366,329.816,372.527,287.105
2026-01-29,355.6,365.07,347.7,351.67,2109900,352.792,332.806,301.661,73.097,15.835,15.141,0.693,332.806,372.604,293.009
2026-01-30,346.63,348.89,335.46,338.66,2253900,350.446,335.24,302.751,58.596,14.225,14.958,-0.733,335.24,369.592,300.889
2026-02-02,333.87,338.46,331.53,336.08,1486600,347.688,337.006,303.834,56.215,12.597,14.486,-1.889,337.006,367.284,306.729
2026-02-03,339.87,347.44,338.41,347.27,1437200,345.916,338.992,305.144,63.201,12.07,14.003,-1.933,338.992,366.192,311.791
2026-02-04,347.87,351.64,332.44,334.92,1817400,341.72,340.206,306.227,53.126,10.534,13.309,-2.775,340.206,364.035,316.377
2026-02-05,334.71,345.72,333.56,338.04,1354900,338.994,341.809,307.501,55.075,9.46,12.539,-3.079,341.809,359.451,324.168
2026-02-06,342.66,345.51,339.44,345.39,975800,340.34,342.991,308.968,59.36,9.097,11.851,-2.754,342.991,357.938,328.044
2026-02-09,345.39,347.7,343.25,346.31,811300,342.386,343.723,310.435,59.876,8.782,11.237,-2.455,343.723,357.741,329.705
2026-02-10,346.98,346.98,337.22,340.86,920100,341.104,343.94,311.797,55.39,8.001,10.59,-2.589,343.94,357.619,330.261
2026-02-11,340.91,341.66,333.14,336.13,1143700,341.346,343.893,313.014,51.765,6.92,9.856,-2.936,343.893,357.677,330.109
2026-02-12,337.34,340.91,333.73,335.74,1490500,340.886,343.747,314.349,51.466,5.963,9.077,-3.114,343.747,357.823,329.671
2026-02-13,335.69,345.13,335.46,341.28,1029400,340.064,343.998,315.762,55.407,5.588,8.379,-2.792,343.998,357.686,330.31
2026-02-17,341.64,345.58,338.85,342.35,1284100,339.272,344.004,317.122,56.148,5.315,7.767,-2.451,344.004,357.689,330.32
2026-02-18,346.37,349.1,344.73,347.82,1042100,340.664,344.488,318.537,59.822,5.477,7.309,-1.831,344.488,357.983,330.994
2026-02-19,347.29,356.93,347.29,354.31,964400,344.3,345.026,320.121,63.707,6.06,7.059,-0.999,345.026,359.204,330.848
2026-02-20,355.5,357.81,349.6,351.79,1045400,347.51,345.046,321.593,61.231,6.246,6.896,-0.65,345.046,359.261,330.83
2026-02-23,350.9,355.13,349.87,350.8,1099700,349.414,345.066,323.129,60.241,6.242,6.765,-0.524,345.066,359.315,330.817
2026-02-24,349.46,351.94,344.63,349.94,810800,350.932,345.07,324.479,59.343,6.099,6.632,-0.533,345.07,359.324,330.815
2026-02-25,349.92,349.92,325.25,336.88,1770400,348.744,344.107,325.491,47.71,4.875,6.281,-1.405,344.107,357.805,330.409
2026-02-26,337.28,351.81,336.39,350.82,1553000,348.046,343.853,326.838,57.326,4.973,6.019,-1.046,343.853,356.798,330.908
2026-02-27,353.05,361.26,351.42,360.08,1963500,349.704,344.274,328.34,62.287,5.732,5.962,-0.23,344.274,358.744,329.803
2026-03-02,365.79,374.59,362.0,373.85,2965100,354.314,346.033,330.229,68.206,7.36,6.241,1.118,346.033,365.37,326.696
2026-03-03,368.24,372.98,362.02,363.5,1495900,357.026,347.404,331.993,60.518,7.725,6.538,1.187,347.404,367.637,327.171
2026-03-04,364.35,364.62,356.87,364.24,967800,362.498,348.252,333.692,60.857,7.983,6.827,1.156,348.252,369.84,326.665
2026-03-05,360.75,363.96,353.19,355.7,1134500,363.474,349.292,335.128,54.978,7.412,6.944,0.468,349.292,370.165,328.418
2026-03-06,356.84,364.15,352.15,363.39,1692500,364.136,350.559,336.566,58.834,7.494,7.054,0.44,350.559,371.634,329.484
2026-03-09,362.78,369.84,360.19,368.0,2254900,362.966,351.69,338.042,60.992,7.841,7.211,0.629,351.69,373.987,329.392
2026-03-10,362.35,363.55,357.37,358.54,1285400,361.974,352.301,339.323,54.661,7.268,7.223,0.046,352.301,374.648,329.954
2026-03-11,355.84,363.56,355.4,361.06,1107000,361.338,353.311,340.681,55.972,6.938,7.166,-0.228,353.311,375.304,331.318
2026-03-12,358.7,362.22,353.84,354.74,1547500,361.146,354.242,341.93,51.918,6.096,6.952,-0.856,354.242,374.695,333.788
2026-03-13,357.03,360.8,352.36,355.81,1135600,359.63,355.245,343.209,52.545,5.452,6.652,-1.2,355.245,373.753,336.737
2026-03-16,356.86,365.33,356.86,362.99,1382800,358.628,356.33,344.669,56.63,5.459,6.413,-0.955,356.33,373.913,338.748
2026-03-17,363.0,366.31,359.22,365.62,1353300,360.044,357.494,345.966,58.054,5.611,6.253,-0.642,357.494,374.241,340.747
2026-03-18,366.25,371.08,364.57,365.14,1249900,360.86,358.36,347.117,57.682,5.628,6.128,-0.5,358.36,374.789,341.931
2026-03-19,361.13,363.57,353.28,360.51,1114400,362.014,358.67,348.115,54.079,5.208,5.944,-0.736,358.67,375.011,342.329
2026-03-20,359.98,363.08,347.86,349.75,2473800,360.802,358.568,348.991,46.768,3.961,5.547,-1.586,358.568,375.114,342.022
2026-03-23,352.28,354.21,341.97,342.45,2244800,356.694,358.15,349.404,42.563,2.357,4.909,-2.552,358.15,375.9,340.401
2026-03-24,339.41,348.62,338.06,348.33,1303600,353.236,358.07,349.738,46.718,1.542,4.236,-2.694,358.07,375.99,340.15
2026-03-25,349.81,353.59,347.12,348.93,1468600,349.994,358.672,349.986,47.138,0.934,3.576,-2.641,358.672,374.249,343.096
2026-03-26,345.92,350.83,344.59,346.27,916600,347.146,358.445,350.17,45.428,0.235,2.908,-2.672,358.445,374.626,342.264
2026-03-27,344.86,346.72,339.75,339.99,1097200,345.194,357.441,350.196,41.591,-0.816,2.163,-2.979,357.441,375.571,339.31
2026-03-30,345.08,347.38,334.06,336.94,1418700,344.092,355.595,350.21,39.831,-1.874,1.355,-3.23,355.595,374.201,336.989
2026-03-31,340.84,346.66,337.01,342.12,1279200,342.85,354.526,350.208,44.153,-2.268,0.631,-2.899,354.526,373.668,335.384
2026-04-01,345.78,352.42,344.06,350.8,1305000,343.224,353.854,350.461,50.561,-1.859,0.133,-1.992,353.854,372.498,335.21
2026-04-02,349.44,357.63,347.92,352.87,1009400,344.544,353.712,350.647,51.976,-1.352,-0.164,-1.188,353.712,372.34,335.085
2026-04-06,353.4,356.84,350.41,355.58,1014000,347.662,353.322,350.731,53.839,-0.723,-0.276,-0.447,353.322,371.415,335.229
2026-04-07,351.88,354.26,349.3,350.89,748200,350.452,352.466,350.741,50.209,-0.596,-0.34,-0.256,352.466,369.205,335.728
2026-04-08,349.08,359.28,348.83,358.79,1384300,353.786,352.479,350.919,55.635,0.14,-0.244,0.384,352.479,369.237,335.721
2026-04-09,358.19,361.07,354.74,354.83,1136800,354.592,352.168,350.893,52.544,0.4,-0.115,0.515,352.168,368.479,335.856
2026-04-10,352.95,354.52,341.87,350.48,1250600,354.114,351.954,350.785,49.303,0.251,-0.042,0.293,351.954,368.236,335.673
2026-04-13,352.12,356.98,351.39,354.81,1082300,353.96,351.904,350.848,52.447,0.478,0.062,0.416,351.904,368.142,335.667
2026-04-14,355.18,356.49,348.98,352.44,947900,354.27,351.377,351.123,50.598,0.461,0.142,0.319,351.377,366.761,335.993
2026-04-15,351.88,355.25,350.59,352.79,1036500,353.07,350.736,351.458,50.873,0.47,0.207,0.262,350.736,364.616,336.855
2026-04-16,354.45,355.78,348.62,350.31,1029300,352.166,349.994,351.518,48.797,0.274,0.221,0.053,349.994,362.106,337.882
2026-04-17,347.98,353.34,346.08,347.27,1267600,351.524,349.332,351.765,46.301,-0.125,0.152,-0.277,349.332,360.429,338.235
2026-04-20,348.09,350.49,344.41,345.51,838700,349.664,349.12,351.915,44.871,-0.577,0.006,-0.583,349.12,360.344,337.896
2026-04-21,343.56,344.3,333.51,337.31,1581800,346.638,348.863,351.753,38.849,-1.578,-0.311,-1.267,348.863,360.934,336.792
2026-04-22,340.31,341.18,326.98,328.75,2156800,341.83,347.884,351.402,33.756,-3.028,-0.854,-2.174,347.884,362.943,332.825
2026-04-23,330.18,331.81,322.99,327.32,2172200,337.232,346.804,351.131,32.978,-4.243,-1.532,-2.711,346.804,364.429,329.178
2026-04-24,325.93,325.93,311.99,314.72,2350900,330.722,345.226,350.703,27.061,-6.152,-2.456,-3.696,345.226,367.96,322.492
2026-04-27,315.63,321.82,315.47,317.64,1256300,325.148,344.108,350.341,30.187,-7.344,-3.434,-3.911,344.108,369.915,318.302
2026-04-28,320.91,323.27,319.03,322.03,1561300,322.092,343.363,349.956,34.717,-7.845,-4.316,-3.529,343.363,370.849,315.877
2026-04-29,322.62,323.89,316.8,318.58,1591200,320.058,342.186,349.481,32.91,-8.423,-5.137,-3.285,342.186,371.827,312.545
2026-04-30,318.77,322.62,310.26,317.73,2659900,318.14,340.532,348.879,32.461,-8.847,-5.879,-2.968,340.532,371.796,309.269
2026-05-01,319.17,319.82,309.76,310.62,1419700,317.32,338.42,348.005,28.913,-9.646,-6.633,-3.014,338.42,371.811,305.029
2026-05-04,309.31,312.86,305.51,305.91,1442200,314.974,335.936,347.087,26.821,-10.538,-7.414,-3.124,335.936,371.284,300.589
2026-05-05,307.72,308.51,297.43,299.99,2079500,310.566,333.392,346.071,24.429,-11.589,-8.249,-3.34,333.392,371.433,295.35
2026-05-06,299.05,301.71,296.39,299.55,2282300,306.76,330.43,345.063,24.256,-12.315,-9.062,-3.253,330.43,369.359,291.5
2026-05-07,300.39,302.31,296.47,298.53,1674100,302.92,327.614,344.296,23.834,-12.825,-9.815,-3.011,327.614,367.251,287.978
2026-05-08,298.2,300.31,295.05,297.01,1189800,300.198,324.941,343.22,23.187,-13.2,-10.492,-2.708,324.941,365.29,284.592
2026-05-11,295.38,301.24,294.06,299.69,1298600,298.954,322.185,342.012,26.953,-13.129,-11.019,-2.11,322.185,361.459,282.911
2026-05-12,299.69,307.53,299.37,306.75,1367100,300.306,319.9,340.67,35.871,-12.361,-11.288,-1.074,319.9,357.021,282.78
2026-05-13,303.88,304.89,295.42,302.25,842800,300.846,317.374,339.445,33.097,-11.978,-11.426,-0.552,317.374,351.854,282.893
2026-05-14,303.09,307.78,301.72,304.92,979900,302.124,315.104,338.259,36.247,-11.328,-11.406,0.079,315.104,346.273,283.935
2026-05-15,304.29,307.14,300.52,300.72,1273000,302.866,312.776,337.159,33.57,-11.024,-11.33,0.306,312.776,340.605,284.948
2026-05-18,301.32,308.58,300.46,308.43,1135500,304.614,310.922,336.06,42.034,-10.046,-11.073,1.027,310.922,334.125,287.72
2026-05-19,309.05,309.14,302.27,305.44,1202600,304.352,309.329,334.809,39.911,-9.403,-10.739,1.336,309.329,329.012,289.646
2026-05-20,306.29,308.37,300.92,306.43,1583200,305.188,308.213,333.767,40.974,-8.714,-10.334,1.62,308.213,325.664,290.762
2026-05-21,306.14,306.54,302.32,303.64,883300,304.932,307.029,332.618,38.885,-8.297,-9.926,1.63,307.029,322.068,291.99
2026-05-22,306.32,309.52,303.64,309.24,944800,306.636,306.755,331.708,44.951,-7.429,-9.427,1.998,306.755,321.398,292.112
2026-05-26,311.08,311.73,306.48,310.72,912400,307.094,306.409,330.807,46.463,-6.546,-8.851,2.305,306.409,320.276,292.542
2026-05-27,308.3,309.99,305.44,306.34,966000,307.274,305.624,329.674,42.723,-6.129,-8.306,2.177,305.624,317.386,293.863
2026-05-28,307.66,312.62,307.66,312.01,1679800,308.39,305.296,328.601,48.502,-5.281,-7.701,2.421,305.296,315.838,294.754
2026-05-29,311.84,312.52,306.03,312.41,1759700,310.144,305.03,327.547,48.894,-4.524,-7.066,2.542,305.03,314.46,295.6
2026-06-01,309.64,310.28,304.83,306.87,1060400,309.67,304.842,326.474,43.911,-4.321,-6.517,2.196,304.842,313.949,295.736
2026-06-02,305.41,307.76,304.47,305.41,804400,308.608,304.818,325.587,42.677,-4.229,-6.059,1.83,304.818,313.914,295.721
2026-06-03,302.85,306.32,298.84,300.78,934400,307.496,304.857,324.754,38.939,-4.479,-5.743,1.265,304.857,313.872,295.842
2026-06-04,305.57,307.25,303.62,307.06,887100,306.506,305.232,323.928,45.865,-4.122,-5.419,1.297,305.232,313.937,296.528
2026-06-05,308.5,309.97,304.99,306.36,793300,305.296,305.624,323.077,45.249,-3.851,-5.105,1.254,305.624,313.744,297.504
2026-06-08,305.06,307.24,297.96,300.66,1006000,304.054,305.806,322.165,40.48,-4.05,-4.894,0.844,305.806,313.247,298.366
2026-06-09,301.91,306.73,300.8,306.7,956900,304.312,306.157,321.499,46.87,-3.678,-4.651,0.973,306.157,313.022,299.292
2026-06-10,307.92,308.52,301.44,301.56,794500,304.468,305.898,320.791,42.672,-3.755,-4.472,0.717,305.898,313.054,298.741
2026-06-11,302.71,314.21,302.36,310.68,1148700,305.192,306.319,320.163,51.05,-3.044,-4.186,1.142,306.319,313.564,299.074
2026-06-12,311.44,311.81,304.54,306.32,878300,305.184,306.389,319.273,47.478,-2.801,-3.909,1.108,306.389,313.604,299.174
2026-06-15,306.03,307.1,298.93,302.72,1405400,305.596,306.489,318.27,44.696,-2.865,-3.7,0.835,306.489,313.423,299.555
2026-06-16,302.65,309.62,301.27,308.97,1372500,306.05,306.516,317.338,50.155,-2.385,-3.437,1.053,306.516,313.486,299.546
2026-06-17,307.19,317.0,307.07,311.68,1514900,308.074,306.828,316.554,52.352,-1.765,-3.103,1.338,306.828,314.145,299.511
2026-06-18,313.62,316.06,290.27,293.41,2711400,304.62,306.177,315.246,39.663,-2.716,-3.025,0.309,306.177,315.644,296.71
2026-06-22,290.61,291.15,281.06,284.47,2554400,300.25,305.219,313.839,35.171,-4.144,-3.249,-0.895,305.219,318.768,291.669
2026-06-23,287.2,292.88,285.29,292.37,2396200,298.18,304.375,312.677,41.479,-4.585,-3.516,-1.069,304.375,318.934,289.816
2026-06-24,293.49,294.68,285.74,285.9,2442900,293.566,303.134,311.298,38.201,-5.395,-3.892,-1.503,303.134,319.531,286.737
2026-06-25,287.28,292.72,285.13,287.14,1431500,288.658,302.174,309.992,39.192,-5.869,-4.287,-1.581,302.174,319.969,284.379
2026-06-26,288.78,295.21,287.32,289.86,2156400,287.948,301.066,308.734,41.414,-5.956,-4.621,-1.335,301.066,319.04,283.093
2026-06-29,289.48,291.73,285.87,288.0,1316400,288.654,299.846,307.488,40.329,-6.105,-4.918,-1.187,299.846,317.891,281.801
2026-06-30,289.2,290.37,286.63,289.2,2210200,288.02,298.962,306.326,41.395,-6.056,-5.146,-0.911,298.962,317.288,280.637
2026-07-01,292.59,294.94,290.54,290.84,1911100,289.008,298.234,305.233,42.898,-5.819,-5.28,-0.538,298.234,316.639,279.829
2026-07-02,295.81,301.65,295.02,300.63,1424300,291.706,298.226,304.499,50.977,-4.785,-5.181,0.396,298.226,316.627,279.826
2026-07-06,300.37,301.38,296.35,299.83,900900,293.7,297.865,303.921,50.35,-3.984,-4.942,0.957,297.865,315.813,279.917
2026-07-07,302.15,303.05,292.98,293.99,1245500,294.898,297.246,303.254,45.911,-3.778,-4.709,0.931,297.246,314.81,279.683
2026-07-08,291.97,293.13,289.33,292.04,1246900,295.466,296.816,302.801,44.501,-3.728,-4.513,0.785,296.816,314.45,279.181
2026-07-09,290.88,293.52,286.81,288.49,910400,294.996,295.905,302.218,41.972,-3.93,-4.396,0.466,295.905,313.269,278.541
2026-07-10,289.26,289.98,286.75,289.38,626500,292.746,295.296,301.565,42.849,-3.972,-4.311,0.339,295.296,312.679,277.913
2026-07-13,290.69,292.05,286.96,287.31,722000,290.242,294.128,300.939,41.286,-4.126,-4.274,0.149,294.128,310.253,278.002
2026-07-14,288.52,293.32,287.62,288.63,1034100,289.17,293.243,300.357,42.721,-4.093,-4.238,0.145,293.243,308.468,278.018
2026-07-15,290.29,291.58,284.67,285.45,983000,287.852,292.38,299.854,40.175,-4.275,-4.245,-0.029,292.38,307.297,277.462
2026-07-16,285.57,286.63,281.11,283.07,1035500,286.768,291.085,299.397,38.333,-4.558,-4.308,-0.25,291.085,304.342,277.827
2026-07-17,285.73,288.82,280.17,280.67,1138500,285.026,289.534,299.011,36.516,-4.92,-4.43,-0.49,289.534,299.493,279.575
2026-07-20,282.36,283.37,279.1,279.21,1399200,283.406,288.824,298.604,35.416,-5.264,-4.597,-0.667,288.824,299.61,278.038
2026-07-21,273.85,279.87,269.03,276.39,1742000,280.958,288.42,298.161,33.327,-5.698,-4.817,-0.881,288.42,300.428,276.412
2026-07-22,280.66,284.52,278.18,283.8,1166900,280.628,287.992,297.897,42.862,-5.382,-4.93,-0.452,287.992,300.018,275.965
2026-07-23,288.12,302.49,288.12,298.24,2029200,283.662,288.608,297.868,56.052,-3.921,-4.728,0.807,288.608,301.424,275.793
2026-07-24,299.4,304.96,297.82,298.78,1017800,287.284,289.19,297.708,56.457,-2.689,-4.321,1.631,289.19,302.76,275.621
2026-07-27,299.56,304.85,299.56,302.03,1196400,291.848,289.799,297.704,58.91,-1.434,-3.743,2.309,289.799,304.536,275.062
2026-07-28,305.26,307.42,301.09,303.74,1628200,297.318,290.586,297.68,60.181,-0.298,-3.054,2.756,290.586,306.549,274.623
2026-07-29,305.66,306.86,293.59,296.11,1277900,299.78,290.932,297.588,52.393,-0.013,-2.446,2.433,290.932,307.066,274.797
2026-07-30,276.69,280.66,261.43,270.6,4208700,294.252,289.92,296.832,35.74,-1.824,-2.322,0.497,289.92,308.441,271.398
2026-07-31,271.69,278.2,268.88,275.74,2283100,289.644,288.675,296.238,39.886,-2.813,-2.42,-0.393,288.675,307.508,269.842
2026-08-03,275.68,280.16,273.4,276.54,3416900,284.546,287.51,295.64,40.529,-3.492,-2.634,-0.857,287.51,306.32,268.701
2026-08-04,278.36,285.0,275.45,283.94,1634100,280.586,287.008,295.246,46.257,-3.393,-2.786,-0.607,287.008,305.624,268.392
2026-08-05,285.43,289.1,283.03,284.76,1281400,278.316,286.644,294.756,46.867,-3.212,-2.871,-0.341,286.644,305.13,268.158
2026-08-06,288.07,289.99,285.5,288.15,1018000,281.826,286.627,294.305,49.426,-2.763,-2.849,0.087,286.627,305.107,268.147
2026-08-07,287.23,287.79,282.78,285.3,1094100,283.738,286.423,293.884,47.361,-2.607,-2.801,0.194,286.423,304.865,267.981
2026-08-10,287.48,292.74,286.85,288.34,1120700,286.098,286.474,293.411,49.771,-2.213,-2.683,0.471,286.474,304.933,268.016
2026-08-11,287.62,289.43,284.31,284.66,1072000,286.242,286.276,292.856,46.968,-2.172,-2.581,0.409,286.276,304.722,267.83
2026-08-12,283.37,289.39,280.66,289.35,1840900,287.16,286.471,292.505,50.774,-1.741,-2.413,0.672,286.471,304.962,267.98
2026-08-13,289.68,290.41,284.92,287.08,1101800,286.946,286.672,292.139,48.943,-1.565,-2.243,0.678,286.672,305.095,268.248
2026-08-14,290.17,291.6,287.41,290.43,1012100,287.972,287.16,291.932,51.71,-1.142,-2.023,0.881,287.16,305.43,268.889
2026-08-17,281.65,284.59,276.45,277.05,2981400,285.714,287.052,291.331,41.934,-1.865,-1.991,0.127,287.052,305.544,268.559
2026-08-18,278.66,282.65,278.01,278.21,1811800,284.424,287.143,290.768,42.941,-2.317,-2.057,-0.261,287.143,305.431,268.854
2026-08-19,279.66,279.66,275.03,275.79,1076800,281.712,286.742,290.271,41.33,-2.838,-2.213,-0.625,286.742,305.678,267.806
2026-08-20,274.38,275.3,268.3,269.15,1729200,278.126,285.288,289.52,37.207,-3.744,-2.519,-1.225,285.288,304.959,265.616
2026-08-21,269.88,270.45,265.16,265.46,1970100,273.132,283.622,288.798,35.11,-4.705,-2.956,-1.749,283.622,304.109,263.134
2026-08-24,264.42,264.51,260.3,261.58,1576000,270.038,281.599,287.816,33.004,-5.714,-3.508,-2.206,281.599,302.418,260.78
2026-08-25,261.98,262.56,259.71,260.92,1748700,266.58,279.458,286.908,32.646,-6.492,-4.105,-2.388,279.458,299.482,259.434
2026-08-26,258.74,263.59,257.31,261.71,1394800,263.764,277.738,286.088,33.576,-6.965,-4.677,-2.288,277.738,297.649,257.827
2026-08-27,260.9,262.2,258.36,260.73,1684600,262.08,277.244,285.123,32.968,-7.334,-5.208,-2.126,277.244,298.353,256.136
2026-08-28,263.07,263.88,260.2,261.57,1615000,261.302,276.536,284.121,34.071,-7.473,-5.661,-1.811,276.536,298.778,254.294
2026-08-31,261.8,266.57,260.1,264.98,2587300,261.982,275.958,283.552,38.495,-7.224,-5.974,-1.25,275.958,298.793,253.123
2026-09-01,265.23,268.21,260.93,262.3,1340400,262.258,274.876,283.109,36.426,-7.161,-6.211,-0.95,274.876,298.165,251.587
2026-09-02,263.24,265.23,258.88,260.06,1411800,261.928,273.641,282.463,34.745,-7.208,-6.411,-0.798,273.641,297.339,249.943
2026-09-03,262.98,263.74,257.9,260.89,1413700,261.96,272.278,281.962,35.925,-7.097,-6.548,-0.549,272.278,295.595,248.961
2026-09-04,259.52,259.78,256.05,256.45,1210600,260.936,270.835,281.349,32.536,-7.283,-6.695,-0.588,270.835,294.329,247.342
2026-09-08,253.6,257.06,253.3,255.74,1479700,259.088,269.206,280.666,32.016,-7.403,-6.837,-0.566,269.206,292.102,246.309
2026-09-09,256.32,258.04,250.28,250.41,1251300,256.71,267.493,279.914,28.352,-7.837,-7.037,-0.801,267.493,290.644,244.342
2026-09-10,250.81,252.21,246.51,248.37,1674300,254.372,265.444,279.098,27.075,-8.251,-7.28,-0.972,265.444,287.686,243.202
