Date,Open,High,Low,Close,Volume,SMA5,SMA20,SMA50,RSI,MACD,MACD_signal,MACD_hist,BB_mid,BB_upper,BB_lower
2021-09-07,186.71,188.11,186.0,186.21,2591900,,,,,0.0,0.0,0.0,,,
2021-09-08,185.49,185.55,182.9,185.25,3344800,,,,,-0.077,-0.015,-0.061,,,
2021-09-09,185.6,185.82,183.8,184.27,2566100,,,,,-0.214,-0.055,-0.159,,,
2021-09-10,185.88,187.51,185.32,185.47,2505600,,,,,-0.223,-0.089,-0.135,,,
2021-09-13,186.73,188.11,185.85,187.03,3159000,185.646,,,,-0.104,-0.092,-0.012,,,
2021-09-14,187.49,188.27,185.1,185.32,2488600,185.468,,,,-0.145,-0.102,-0.043,,,
2021-09-15,185.32,187.18,182.88,186.63,2956600,185.744,,,,-0.072,-0.096,0.025,,,
2021-09-16,186.68,190.01,186.68,189.24,3365500,186.738,,,,0.195,-0.038,0.233,,,
2021-09-17,188.22,192.41,188.22,189.74,5835200,187.592,,,,0.442,0.058,0.384,,,
2021-09-20,187.46,189.22,184.29,186.32,3640400,187.45,,,,0.357,0.118,0.239,,,
2021-09-21,187.58,189.01,186.4,187.23,2681200,187.832,,,,0.359,0.166,0.193,,,
2021-09-22,188.85,190.87,187.65,189.61,3169000,188.428,,,,0.547,0.242,0.305,,,
2021-09-23,190.62,192.11,188.61,188.78,3128800,188.336,,,,0.621,0.318,0.303,,,
2021-09-24,188.86,189.53,187.79,188.68,2275800,188.124,,,,0.665,0.387,0.277,,,
2021-09-27,188.47,192.66,188.35,191.19,2886100,189.098,,,65.052,0.891,0.488,0.403,,,
2021-09-28,189.8,190.13,185.8,186.47,4030200,188.946,,,47.523,0.682,0.527,0.155,,,
2021-09-29,187.13,189.12,186.91,187.98,2678300,188.62,,,51.981,0.631,0.548,0.083,,,
2021-09-30,187.83,188.31,183.6,184.14,3828600,187.692,,,42.17,0.277,0.494,-0.216,,,
2021-10-01,184.93,186.45,183.2,184.9,3016400,186.936,,,44.407,0.058,0.406,-0.349,,,
2021-10-04,184.12,185.71,182.97,185.63,5195600,185.824,187.004,,46.545,-0.057,0.314,-0.371,187.004,190.993,183.016
2021-10-05,186.87,188.57,185.32,185.42,3482800,185.614,186.965,,45.997,-0.163,0.218,-0.381,186.965,191.002,182.928
2021-10-06,184.17,186.25,183.27,185.17,3079600,185.052,186.961,,45.313,-0.264,0.122,-0.386,186.961,191.005,182.917
2021-10-07,186.91,190.26,186.64,188.71,3001100,185.966,187.183,,55.423,-0.057,0.086,-0.144,187.183,191.09,183.276
2021-10-08,186.61,188.58,185.58,187.13,3042000,186.412,187.266,,50.9,-0.021,0.065,-0.086,187.266,191.089,183.443
2021-10-11,188.9,192.2,188.66,189.57,3267900,187.2,187.393,,56.767,0.202,0.092,0.11,187.393,191.35,183.436
2021-10-12,190.48,192.19,190.37,190.44,2793600,188.204,187.649,,58.664,0.444,0.163,0.282,187.649,191.702,183.596
2021-10-13,191.19,193.91,191.16,192.54,3275600,189.678,187.944,,62.896,0.796,0.289,0.507,187.944,192.514,183.375
2021-10-14,194.56,196.57,193.74,196.47,3177100,191.23,188.306,,69.242,1.377,0.507,0.87,188.306,194.246,182.366
2021-10-15,198.57,199.68,197.32,198.93,2930500,193.59,188.766,,72.422,2.012,0.808,1.204,188.766,196.363,181.168
2021-10-18,198.24,202.15,198.12,201.27,2786000,195.93,189.513,,75.062,2.673,1.181,1.492,189.513,198.842,180.184
2021-10-19,202.1,203.85,201.79,203.07,2976300,198.456,190.305,,76.895,3.304,1.606,1.699,190.305,201.349,179.261
2021-10-20,204.06,205.24,202.87,204.98,2293700,200.944,191.074,,78.685,3.914,2.067,1.847,191.074,203.908,178.239
2021-10-21,204.89,207.39,204.53,207.18,2883100,203.086,191.993,,80.554,4.522,2.558,1.964,191.993,206.645,177.342
2021-10-22,207.23,209.4,207.23,208.41,2207500,204.982,192.98,,81.529,5.045,3.056,1.99,192.98,209.259,176.701
2021-10-25,208.21,211.51,207.8,211.18,3018500,206.964,193.979,,83.532,5.619,3.568,2.05,193.979,212.141,175.818
2021-10-26,212.36,212.87,209.98,210.5,2801000,208.45,195.181,,81.204,5.95,4.044,1.905,195.181,214.4,175.962
2021-10-27,211.0,214.05,211.0,211.14,2801700,209.682,196.339,,81.721,6.192,4.474,1.718,196.339,216.499,176.179
2021-10-28,212.22,213.79,210.67,211.13,2421700,210.472,197.688,,81.683,6.311,4.841,1.469,197.688,218.023,177.354
2021-10-29,210.24,213.84,209.98,213.01,3316300,211.392,199.094,,83.25,6.482,5.169,1.312,199.094,219.592,178.596
2021-11-01,214.08,214.9,209.72,211.12,3861500,211.38,200.368,,76.194,6.391,5.414,0.977,200.368,220.508,180.229
2021-11-02,211.64,213.3,210.7,212.29,2167300,211.738,201.712,,77.467,6.341,5.599,0.741,201.712,221.228,182.196
2021-11-03,212.16,213.79,211.42,213.44,2629100,212.198,203.126,,78.674,6.32,5.743,0.577,203.126,221.668,184.583
2021-11-04,214.08,217.66,214.03,216.61,2508800,213.294,204.52,,81.601,6.486,5.892,0.594,204.52,222.69,186.351
2021-11-05,217.73,217.97,214.13,214.57,2356500,213.606,205.892,,74.514,6.378,5.989,0.389,205.892,222.62,189.165
2021-11-08,215.49,216.89,212.41,213.89,2797200,214.16,207.108,,72.261,6.167,6.025,0.143,207.108,222.306,191.911
2021-11-09,214.14,216.15,212.3,213.09,2307500,214.32,208.241,,69.596,5.868,5.993,-0.125,208.241,221.455,195.027
2021-11-10,211.91,214.79,210.72,211.85,2402900,214.002,209.206,,65.559,5.468,5.888,-0.421,209.206,220.23,198.183
2021-11-11,213.46,213.84,210.71,211.64,1921300,213.008,209.965,,64.872,5.075,5.726,-0.651,209.965,219.249,200.681
2021-11-12,213.56,215.65,211.4,215.28,2462900,213.15,210.783,,70.615,5.0,5.58,-0.581,210.783,218.763,202.802
2021-11-15,215.08,216.04,213.47,214.01,2219900,213.174,211.42,197.683,66.528,4.782,5.421,-0.638,211.42,218.137,204.702
2021-11-16,219.18,224.76,218.08,222.99,5223200,215.154,212.416,198.418,76.766,5.274,5.391,-0.117,212.416,219.795,205.036
2021-11-17,227.76,232.5,223.42,223.86,6823900,217.556,213.359,199.19,77.485,5.669,5.447,0.222,213.359,221.523,205.196
2021-11-18,224.51,227.75,223.4,225.36,3468600,220.3,214.268,200.012,78.707,6.033,5.564,0.469,214.268,223.512,205.025
2021-11-19,225.71,228.42,223.87,227.31,3685000,222.706,215.213,200.849,80.212,6.405,5.732,0.673,215.213,225.714,204.713
2021-11-22,227.98,233.57,227.61,229.89,4460500,225.882,216.149,201.706,82.022,6.829,5.952,0.878,216.149,228.335,203.963
2021-11-23,228.78,230.18,226.47,229.49,2550600,227.182,217.098,202.59,80.788,7.052,6.172,0.88,217.098,230.344,203.853
2021-11-24,227.22,230.85,226.84,230.14,1952500,228.438,218.048,203.46,81.281,7.198,6.377,0.821,218.048,232.19,203.907
2021-11-26,227.4,229.67,225.15,225.64,1891000,228.494,218.774,204.188,68.233,6.871,6.476,0.396,218.774,232.91,204.638
2021-11-29,228.03,230.01,226.27,226.45,3209100,228.322,219.446,204.922,69.192,6.602,6.501,0.101,219.446,233.705,205.187
2021-11-30,225.71,228.15,222.75,222.82,6235900,226.908,220.031,205.652,60.396,6.026,6.406,-0.38,220.031,233.804,206.258
2021-12-01,226.2,229.91,223.39,223.5,4018600,225.71,220.592,206.377,61.386,5.56,6.237,-0.677,220.592,233.944,207.239
2021-12-02,225.02,229.28,223.96,228.1,3706700,225.302,221.324,207.147,67.336,5.499,6.089,-0.59,221.324,234.633,208.016
2021-12-03,230.04,231.25,225.08,226.55,3972000,225.484,221.822,207.903,63.77,5.265,5.924,-0.66,221.822,235.132,208.511
2021-12-06,230.01,231.69,228.13,228.82,3008500,225.958,222.534,208.705,66.563,5.202,5.78,-0.578,222.534,235.735,209.333
2021-12-07,230.94,234.62,229.93,234.04,3405400,228.202,223.541,209.562,71.923,5.51,5.726,-0.216,223.541,237.037,210.046
2021-12-08,233.75,235.61,231.89,233.89,3820700,230.28,224.582,210.511,71.568,5.677,5.716,-0.039,224.582,237.89,211.273
2021-12-09,233.0,237.6,232.17,235.17,3812700,231.694,225.748,211.455,72.801,5.845,5.742,0.103,225.748,238.431,213.064
2021-12-10,235.41,238.2,234.78,238.11,2547700,234.006,227.071,212.534,75.438,6.144,5.822,0.322,227.071,239.062,215.08
2021-12-13,239.45,239.87,233.48,234.34,3915300,235.11,228.024,213.523,66.532,6.008,5.86,0.149,228.024,239.061,216.987
2021-12-14,233.14,233.96,228.21,229.99,5100500,234.3,228.823,214.41,58.021,5.486,5.785,-0.299,228.823,237.688,219.958
2021-12-15,227.38,235.34,227.06,234.62,4939300,234.446,229.404,215.394,63.389,5.384,5.705,-0.321,229.404,238.184,220.625
2021-12-16,236.15,236.4,230.57,230.7,4457200,233.552,229.747,216.305,56.77,4.93,5.55,-0.62,229.747,238.141,221.352
2021-12-17,229.88,230.74,225.42,226.01,10173200,231.132,229.779,217.051,50.038,4.144,5.269,-1.125,229.779,238.107,221.451
2021-12-20,223.39,224.05,220.73,223.76,3900900,229.016,229.602,217.783,47.149,3.301,4.875,-1.574,229.602,238.294,220.909
2021-12-21,225.66,226.3,221.9,225.0,2963800,228.018,229.357,218.492,48.9,2.702,4.44,-1.738,229.357,238.287,220.427
2021-12-22,225.11,227.7,224.22,227.47,1771900,226.588,229.256,219.232,52.29,2.399,4.032,-1.633,229.256,238.226,220.286
2021-12-23,227.96,229.3,226.87,227.83,2060300,226.014,229.141,219.938,52.782,2.163,3.658,-1.495,229.141,238.122,220.159
2021-12-27,228.78,231.19,228.78,231.12,1590200,227.036,229.414,220.631,57.131,2.216,3.37,-1.154,229.414,238.28,220.549
2021-12-28,231.39,232.2,230.32,231.41,1531500,228.566,229.662,221.281,57.502,2.255,3.147,-0.892,229.662,238.456,220.869
2021-12-29,232.31,235.53,232.26,234.64,1617500,230.494,230.254,221.948,61.504,2.518,3.021,-0.503,230.254,238.692,221.815
2021-12-30,235.35,236.17,233.27,233.57,1488100,231.714,230.757,222.558,59.505,2.61,2.939,-0.329,230.757,238.685,222.829
2021-12-31,233.35,236.65,233.08,235.47,1774200,233.242,231.126,223.168,61.875,2.804,2.912,-0.108,231.126,239.217,223.034
2022-01-03,236.13,237.04,230.54,232.77,5302100,233.572,231.436,223.68,56.789,2.708,2.871,-0.163,231.436,239.261,223.612
2022-01-04,232.88,237.61,232.85,236.68,3638200,234.626,231.83,224.245,61.699,2.915,2.88,0.035,231.83,239.887,223.772
2022-01-05,235.68,236.35,232.05,232.07,3808600,234.112,231.731,224.663,53.92,2.675,2.839,-0.164,231.731,239.723,223.739
2022-01-06,234.71,235.44,232.3,234.84,3616300,234.366,231.778,225.15,57.396,2.678,2.807,-0.129,231.778,239.835,223.722
2022-01-07,232.94,234.47,228.39,228.74,4945500,233.02,231.457,225.502,48.687,2.163,2.678,-0.515,231.457,239.457,223.457
2022-01-10,225.82,226.02,219.16,225.64,6292400,231.594,230.834,225.792,44.953,1.488,2.44,-0.952,230.834,238.59,223.077
2022-01-11,225.84,227.7,222.9,227.29,3415000,229.716,230.481,226.078,47.271,1.073,2.167,-1.093,230.481,238.207,222.755
2022-01-12,228.83,232.04,227.69,228.4,2825500,228.982,230.402,226.423,48.832,0.825,1.898,-1.073,230.402,238.182,222.621
2022-01-13,230.55,231.16,227.83,228.38,2243400,227.69,230.09,226.745,48.804,0.619,1.643,-1.023,230.09,237.655,222.524
2022-01-14,225.29,226.56,219.98,221.73,3258500,226.288,229.641,226.911,40.483,-0.079,1.298,-1.377,229.641,238.068,221.214
2022-01-18,218.63,218.99,214.12,217.9,4612500,224.74,229.236,226.937,36.611,-0.931,0.852,-1.784,229.236,239.063,219.408
2022-01-19,219.02,220.42,214.12,214.51,4146800,222.184,228.773,226.935,33.553,-1.858,0.31,-2.169,228.773,240.393,217.153
2022-01-20,215.95,217.15,204.13,204.67,5946600,217.438,227.757,226.751,26.605,-3.349,-0.422,-2.927,227.757,243.567,211.946
2022-01-21,203.72,210.08,202.45,205.67,5724400,212.896,226.666,226.603,28.231,-4.398,-1.217,-3.181,226.666,245.312,208.021
2022-01-24,201.56,212.69,201.26,212.37,4911600,211.024,225.894,226.613,38.125,-4.636,-1.901,-2.735,225.894,245.588,206.199
2022-01-25,207.93,211.99,205.2,210.23,4099200,209.49,224.849,226.585,36.399,-4.94,-2.509,-2.432,224.849,245.566,204.132
2022-01-26,212.56,214.79,206.32,208.48,4349200,208.284,223.703,226.449,35.003,-5.262,-3.059,-2.203,223.703,245.405,202.0
2022-01-27,210.82,213.11,204.69,206.5,3425800,208.65,222.296,226.299,33.441,-5.612,-3.57,-2.042,222.296,244.651,199.94
2022-01-28,208.38,214.92,205.17,214.78,3215500,210.472,221.356,226.134,44.58,-5.162,-3.888,-1.273,221.356,243.292,199.42
2022-01-31,213.86,217.17,212.65,216.94,4485900,211.386,220.43,225.996,47.069,-4.578,-4.026,-0.552,220.43,241.4,199.459
2022-02-01,217.94,218.88,213.71,217.85,2723800,212.91,219.684,225.846,48.126,-3.996,-4.02,0.024,219.684,239.851,199.516
2022-02-02,218.09,220.01,216.11,218.54,2442900,214.922,218.776,225.67,48.958,-3.439,-3.904,0.465,218.776,237.29,200.263
2022-02-03,215.7,218.89,213.7,213.97,2512000,216.416,217.872,225.352,43.931,-3.328,-3.789,0.461,217.872,235.391,200.352
2022-02-04,214.01,214.01,205.8,209.37,3456700,215.334,216.598,224.95,39.531,-3.57,-3.745,0.175,216.598,232.558,200.638
2022-02-07,210.69,211.11,205.22,207.49,2990100,213.444,215.536,224.497,37.862,-3.869,-3.77,-0.099,215.536,230.911,200.16
2022-02-08,207.66,212.61,206.43,211.83,2572400,212.24,214.845,224.22,43.765,-3.713,-3.759,0.045,214.845,229.534,200.156
2022-02-09,214.35,216.14,212.81,213.56,2115100,211.244,214.158,223.963,45.968,-3.411,-3.689,0.278,214.158,227.632,200.685
2022-02-10,210.85,212.83,206.37,207.84,3053800,210.018,213.13,223.663,40.34,-3.591,-3.669,0.078,213.13,225.08,201.181
2022-02-11,207.95,209.96,205.43,206.48,2192800,209.44,212.036,223.323,39.114,-3.8,-3.696,-0.104,212.036,221.94,202.131
2022-02-14,204.52,207.49,203.93,206.52,2025700,209.246,211.275,222.891,39.173,-3.917,-3.74,-0.177,211.275,220.346,202.204
2022-02-15,208.67,210.27,207.46,208.48,1843600,208.576,210.804,222.53,42.111,-3.808,-3.753,-0.054,210.804,219.392,202.216
2022-02-16,207.04,208.54,204.29,207.48,2461300,207.36,210.453,222.103,41.022,-3.759,-3.755,-0.004,210.453,218.977,201.928
2022-02-17,206.5,207.68,204.05,204.54,2482200,206.7,210.446,221.513,37.918,-3.912,-3.786,-0.126,210.446,218.989,201.903
2022-02-18,203.77,206.31,201.46,203.54,4241500,206.112,210.34,220.906,36.896,-4.067,-3.842,-0.225,210.34,219.181,201.498
2022-02-22,199.51,202.4,192.63,196.13,7641100,204.034,209.528,220.125,30.361,-4.733,-4.02,-0.713,209.528,220.346,198.709
2022-02-23,202.91,208.16,195.71,196.59,8936900,201.656,208.846,219.295,31.176,-5.165,-4.249,-0.916,208.846,221.102,196.589
2022-02-24,191.65,195.83,188.5,195.05,5749300,199.17,208.174,218.509,29.914,-5.567,-4.513,-1.054,208.174,221.898,194.45
2022-02-25,195.84,200.79,192.13,200.33,4613300,198.328,207.865,217.916,39.027,-5.397,-4.69,-0.707,207.865,222.019,193.712
2022-02-28,198.57,202.27,197.26,202.05,5440400,198.03,207.229,217.264,41.687,-5.066,-4.765,-0.301,207.229,221.217,193.241
2022-03-01,202.34,205.14,201.29,202.45,3953200,199.294,206.504,216.699,42.317,-4.716,-4.755,0.039,206.504,219.862,193.147
2022-03-02,201.63,210.23,201.18,208.99,4513700,201.774,206.062,216.359,51.539,-3.867,-4.577,0.711,206.062,218.382,193.741
2022-03-03,209.41,210.88,205.7,206.82,3180700,204.128,205.476,216.02,48.754,-3.331,-4.328,0.998,205.476,216.324,194.627
2022-03-04,205.26,207.19,202.68,204.8,3144400,205.022,205.017,215.616,46.249,-3.033,-4.069,1.036,205.017,215.102,194.932
2022-03-07,204.76,208.37,202.98,203.14,4022700,205.24,204.706,215.129,44.237,-2.899,-3.835,0.936,204.706,214.607,194.804
2022-03-08,203.14,209.87,202.98,204.06,3725900,205.562,204.534,214.654,45.648,-2.687,-3.605,0.919,204.534,214.351,194.717
2022-03-09,208.37,210.47,206.19,206.45,3428500,205.054,204.265,214.161,49.242,-2.299,-3.344,1.045,204.265,213.519,195.011
2022-03-10,203.82,205.09,200.25,204.89,3318700,204.668,203.832,213.63,47.055,-2.094,-3.094,1.0,203.832,212.001,195.662
2022-03-11,204.64,207.99,202.9,203.1,2616300,204.328,203.594,212.999,44.607,-2.052,-2.886,0.834,203.594,211.546,195.643
2022-03-14,204.72,208.12,202.06,207.03,3607700,205.106,203.622,212.469,50.674,-1.682,-2.645,0.963,203.622,211.62,195.624
2022-03-15,208.21,212.37,207.94,211.2,3413600,206.534,203.856,211.983,56.161,-1.041,-2.324,1.283,203.856,212.461,195.251
2022-03-16,213.08,214.27,207.28,211.43,3497400,207.53,204.004,211.556,56.449,-0.508,-1.961,1.453,204.004,213.033,194.974
2022-03-17,210.22,214.25,208.68,214.22,3323900,209.396,204.341,211.107,59.889,0.138,-1.541,1.679,204.341,214.365,194.316
2022-03-18,211.73,215.94,210.15,215.4,9149800,211.856,204.884,210.774,61.282,0.736,-1.086,1.822,204.884,216.063,193.704
2022-03-21,216.16,217.87,206.28,208.02,4349200,212.054,205.108,210.237,49.666,0.608,-0.747,1.355,205.108,216.353,193.862
2022-03-22,208.07,210.1,205.98,208.82,3248800,211.578,205.742,209.839,50.756,0.565,-0.485,1.049,205.742,216.264,195.22
2022-03-23,207.48,208.34,200.92,201.92,3728100,209.676,206.008,209.365,42.258,-0.026,-0.393,0.367,206.008,215.799,196.218
2022-03-24,201.84,202.87,199.21,200.32,3399200,206.896,206.272,208.825,40.562,-0.617,-0.438,-0.179,206.272,215.052,197.492
2022-03-25,201.74,201.96,193.21,194.61,6831700,202.738,205.986,208.149,35.142,-1.528,-0.656,-0.872,205.986,215.883,196.089
2022-03-28,193.2,195.5,189.58,195.39,6579600,200.212,205.653,207.49,36.393,-2.162,-0.957,-1.205,205.653,216.509,194.797
2022-03-29,199.03,202.3,197.92,200.68,4993600,198.584,205.564,207.069,44.243,-2.212,-1.208,-1.004,205.564,216.558,194.571
2022-03-30,197.19,198.47,190.96,191.47,7090900,196.494,204.688,206.54,35.929,-2.961,-1.558,-1.402,204.688,217.218,192.159
2022-03-31,189.06,190.79,184.62,184.8,7318500,193.39,203.588,205.946,31.336,-4.046,-2.056,-1.99,203.588,218.891,188.284
2022-04-01,186.55,186.6,184.08,184.99,4827200,191.466,202.597,205.552,31.604,-4.835,-2.612,-2.223,202.597,219.992,185.202
2022-04-04,184.21,186.69,182.59,186.56,5426100,189.7,201.768,205.17,33.902,-5.272,-3.144,-2.128,201.768,220.577,182.959
2022-04-05,185.73,190.24,184.32,187.25,4707100,187.014,200.928,204.668,34.936,-5.5,-3.615,-1.885,200.928,220.778,181.077
2022-04-06,183.89,185.4,179.73,183.39,6356100,185.398,199.775,204.131,31.926,-5.924,-4.077,-1.847,199.775,220.912,178.637
2022-04-07,181.98,186.64,180.56,185.21,4411600,185.48,198.79,203.665,34.78,-6.043,-4.47,-1.573,198.79,220.742,176.839
2022-04-08,183.74,189.85,183.29,188.89,5065500,186.26,198.08,203.313,40.235,-5.774,-4.731,-1.043,198.08,220.361,175.799
2022-04-11,187.06,190.52,185.86,186.99,3576200,186.346,197.078,202.757,38.447,-5.649,-4.914,-0.735,197.078,219.467,174.689
2022-04-12,191.03,192.48,185.91,186.58,4354700,186.212,195.847,202.15,38.054,-5.519,-5.035,-0.484,195.847,217.667,174.027
2022-04-13,186.12,189.06,185.74,187.83,2803400,187.1,194.667,201.55,40.065,-5.255,-5.079,-0.176,194.667,215.467,173.867
2022-04-14,188.49,189.47,183.74,183.97,4001400,186.852,193.154,200.858,36.16,-5.296,-5.123,-0.174,193.154,212.302,174.007
2022-04-18,183.36,184.63,180.36,181.45,3800400,185.364,191.457,200.208,33.842,-5.469,-5.192,-0.277,191.457,208.164,174.75
2022-04-19,181.86,186.76,181.43,186.33,3392900,185.232,190.372,199.747,41.646,-5.153,-5.184,0.031,190.372,205.271,175.474
2022-04-20,188.9,192.77,188.3,191.56,3906100,186.228,189.51,199.429,48.638,-4.429,-5.033,0.604,189.51,201.654,177.365
2022-04-21,193.1,193.49,187.47,188.15,3797600,186.292,188.821,198.955,44.863,-4.084,-4.843,0.759,188.821,199.472,178.17
2022-04-22,187.32,187.49,179.96,180.84,4216300,185.666,187.847,198.301,38.047,-4.35,-4.745,0.395,187.847,197.595,178.099
2022-04-25,180.83,184.22,178.65,183.89,3895900,186.154,187.311,197.822,42.006,-4.265,-4.649,0.383,187.311,196.664,177.958
2022-04-26,182.54,187.55,181.92,183.16,3959100,185.52,186.7,197.355,41.325,-4.209,-4.561,0.352,186.7,195.406,177.993
2022-04-27,182.85,186.71,182.59,183.14,3028100,183.836,185.822,196.888,41.306,-4.118,-4.472,0.354,185.822,191.66,179.985
2022-04-28,185.02,190.1,183.56,188.25,3250400,183.856,185.662,196.483,48.127,-3.593,-4.296,0.704,185.662,191.0,180.323
2022-04-29,186.74,188.29,180.86,181.45,4217600,183.978,185.494,195.962,41.256,-3.682,-4.174,0.491,185.494,191.147,179.841
2022-05-02,181.81,187.8,181.45,186.42,3697800,184.484,185.566,195.6,47.19,-3.314,-4.002,0.688,185.566,191.228,179.903
2022-05-03,185.8,188.06,183.73,185.03,3002600,184.858,185.489,195.23,45.797,-3.099,-3.821,0.722,185.489,191.136,179.842
2022-05-04,184.21,190.84,181.93,190.11,4452400,186.252,185.632,195.109,51.441,-2.49,-3.555,1.065,185.632,191.602,179.662
2022-05-05,187.13,187.77,177.59,179.79,4262900,184.56,185.452,194.773,41.897,-2.807,-3.405,0.598,185.452,191.905,178.999
2022-05-06,178.19,179.36,174.05,176.46,3910700,183.562,185.014,194.402,39.359,-3.289,-3.382,0.093,185.014,192.62,177.409
2022-05-09,173.98,182.13,172.75,179.93,3998300,182.264,184.566,193.994,43.219,-3.353,-3.376,0.023,184.566,192.265,176.868
2022-05-10,181.8,182.66,174.59,176.32,3638700,180.522,184.033,193.479,40.342,-3.653,-3.432,-0.221,184.033,192.468,175.598
2022-05-11,176.97,179.12,171.88,172.31,4598000,176.962,183.32,192.876,37.367,-4.166,-3.578,-0.587,183.32,193.147,173.492
2022-05-12,172.31,178.8,171.82,175.92,4292900,176.188,182.724,192.215,41.546,-4.232,-3.709,-0.523,182.724,192.84,172.608
2022-05-13,175.53,181.16,174.68,178.03,2911900,176.502,182.427,191.639,43.902,-4.068,-3.781,-0.287,182.427,192.736,172.118
2022-05-16,176.72,180.07,173.9,178.7,4405300,176.256,182.29,191.117,44.665,-3.839,-3.793,-0.047,182.29,192.726,171.853
2022-05-17,182.55,183.05,172.41,178.06,8210000,176.604,181.876,190.615,44.049,-3.667,-3.768,0.1,181.876,192.293,171.459
2022-05-18,172.07,175.7,164.96,168.69,7847600,175.88,180.733,189.908,36.18,-4.238,-3.862,-0.377,180.733,191.681,169.784
2022-05-19,167.64,176.02,167.64,172.4,5132100,175.176,179.945,189.227,40.697,-4.342,-3.958,-0.384,179.945,190.913,168.977
2022-05-20,173.38,173.68,164.47,169.49,5722600,173.468,179.378,188.519,38.402,-4.605,-4.087,-0.518,179.378,191.285,167.47
2022-05-23,171.15,171.45,166.46,170.92,3546700,171.912,178.729,187.875,40.187,-4.645,-4.199,-0.446,178.729,191.009,166.449
2022-05-24,169.75,172.34,167.38,169.42,4486500,170.184,178.042,187.123,38.913,-4.743,-4.308,-0.435,178.042,190.806,165.278
2022-05-25,167.57,174.26,167.26,173.03,3986300,171.052,177.536,186.36,43.552,-4.478,-4.342,-0.136,177.536,190.251,164.822
2022-05-26,174.88,180.83,174.62,179.44,3337900,172.46,177.096,185.72,50.71,-3.707,-4.215,0.507,177.096,188.819,165.373
2022-05-27,180.53,183.23,179.75,183.2,2779200,175.202,177.183,185.1,54.365,-2.762,-3.924,1.162,177.183,189.069,165.298
2022-05-31,181.34,182.39,178.39,179.22,4733900,176.862,176.824,184.376,50.128,-2.307,-3.601,1.294,176.824,187.942,165.705
2022-06-01,180.22,180.91,175.87,175.94,3290200,178.166,176.369,183.734,46.884,-2.186,-3.318,1.132,176.369,186.797,165.941
2022-06-02,176.71,180.07,175.97,179.99,3359200,179.558,175.863,183.158,51.092,-1.743,-3.003,1.26,175.863,184.27,167.456
2022-06-03,178.0,181.66,177.34,179.36,2262700,179.542,175.842,182.707,50.423,-1.427,-2.688,1.261,175.842,184.208,167.475
2022-06-06,179.87,182.42,178.21,180.57,2691600,179.016,176.047,182.312,51.731,-1.066,-2.363,1.297,176.047,184.675,167.419
2022-06-07,174.68,180.05,173.45,179.55,3269700,179.082,176.028,182.01,50.521,-0.852,-2.061,1.209,176.028,184.622,167.434
2022-06-08,177.94,178.68,175.63,176.61,2775700,179.216,176.042,181.635,47.102,-0.91,-1.831,0.921,176.042,184.639,167.446
2022-06-09,176.3,182.38,176.1,178.29,2999500,178.876,176.342,181.187,49.217,-0.811,-1.627,0.816,176.342,184.807,167.876
2022-06-10,173.72,176.42,170.83,170.99,3564600,177.202,176.095,180.777,41.46,-1.306,-1.563,0.257,176.095,184.893,167.297
2022-06-13,167.32,169.31,165.28,166.34,3899300,174.356,175.51,180.408,37.415,-2.05,-1.66,-0.39,175.51,185.268,165.753
2022-06-14,165.95,167.81,161.91,163.29,4037200,171.104,174.74,179.974,35.002,-2.853,-1.899,-0.954,174.74,185.785,163.695
2022-06-15,164.63,166.12,161.79,164.28,4164200,168.638,174.051,179.529,36.435,-3.371,-2.193,-1.178,174.051,185.913,162.189
2022-06-16,160.14,160.53,156.45,157.48,5536300,164.476,173.49,178.933,31.327,-4.28,-2.611,-1.67,173.49,187.316,159.665
2022-06-17,156.87,160.85,156.14,158.27,8499000,161.932,172.784,178.431,32.511,-4.881,-3.065,-1.816,172.784,188.197,157.371
2022-06-21,161.6,161.9,157.28,158.19,4753300,160.302,172.219,177.89,32.45,-5.303,-3.512,-1.79,172.219,188.916,155.522
2022-06-22,157.24,160.93,156.12,159.31,4434100,159.506,171.638,177.299,34.308,-5.483,-3.906,-1.577,171.638,189.305,153.972
2022-06-23,160.15,161.92,159.31,161.82,3611500,159.014,171.258,176.795,38.398,-5.362,-4.197,-1.164,171.258,189.445,153.072
2022-06-24,163.13,167.88,162.55,167.79,5346100,161.076,170.997,176.42,46.871,-4.729,-4.304,-0.425,170.997,189.226,152.767
2022-06-27,167.94,170.07,167.14,169.06,2829200,163.234,170.478,176.044,48.494,-4.079,-4.259,0.18,170.478,188.281,152.674
2022-06-28,169.29,170.33,160.2,160.34,4980300,163.664,169.334,175.572,39.559,-4.218,-4.251,0.033,169.334,186.627,152.042
2022-06-29,160.57,162.79,159.82,161.6,2802600,164.122,168.454,175.175,41.243,-4.179,-4.236,0.058,168.454,185.418,151.489
2022-06-30,157.88,161.59,156.7,160.29,4415400,163.816,167.671,174.654,39.995,-4.205,-4.23,0.025,167.671,184.625,150.717
2022-07-01,161.36,163.89,160.26,162.76,3095500,162.81,166.81,174.078,43.469,-3.98,-4.18,0.2,166.81,182.854,150.765
2022-07-05,160.64,165.13,160.12,165.07,3226300,162.012,166.095,173.616,46.584,-3.574,-4.059,0.484,166.095,181.02,151.17
2022-07-06,165.9,167.89,162.83,164.32,2177600,162.808,165.282,173.286,45.703,-3.276,-3.902,0.626,165.282,178.569,151.996
2022-07-07,165.06,167.09,164.11,166.62,2935600,163.812,164.636,172.94,48.893,-2.821,-3.686,0.865,164.636,176.138,153.134
2022-07-08,166.01,167.9,164.65,166.68,2024700,165.09,164.14,172.611,48.977,-2.428,-3.434,1.007,164.14,174.237,154.042
2022-07-11,166.3,167.94,164.87,165.28,2285100,165.594,163.489,172.254,47.03,-2.204,-3.188,0.985,163.489,171.124,155.854
2022-07-12,167.01,170.14,165.28,166.1,3184700,165.8,163.245,171.811,48.326,-1.937,-2.938,1.001,163.245,170.146,156.343
2022-07-13,164.05,168.64,162.94,167.36,2935400,166.408,163.296,171.529,50.337,-1.606,-2.672,1.065,163.296,170.308,156.283
2022-07-14,164.64,167.89,163.98,167.62,3261900,166.608,163.512,171.153,50.762,-1.308,-2.399,1.091,163.512,170.786,156.238
2022-07-15,170.42,170.82,168.82,169.77,2901400,167.226,163.786,170.848,54.255,-0.888,-2.097,1.209,163.786,171.578,155.995
2022-07-18,171.25,173.52,169.95,170.5,2965800,168.27,164.438,170.455,55.411,-0.49,-1.775,1.285,164.438,172.186,156.689
2022-07-19,172.19,174.95,170.57,174.23,2683900,169.896,165.236,170.344,60.856,0.124,-1.395,1.52,165.236,173.575,156.896
2022-07-20,173.87,176.68,173.5,176.3,2427300,171.684,166.141,170.341,63.519,0.77,-0.962,1.732,166.141,175.164,157.118
2022-07-21,176.5,178.84,174.82,178.64,3266100,173.888,167.108,170.315,66.309,1.453,-0.479,1.932,167.108,177.135,157.08
2022-07-22,179.8,183.77,179.26,180.5,3329500,176.034,168.042,170.399,68.379,2.12,0.041,2.08,168.042,179.388,156.695
2022-07-25,180.61,180.75,178.28,179.78,2492200,177.89,168.641,170.548,66.671,2.562,0.545,2.017,168.641,181.14,156.142
2022-07-26,173.67,176.25,173.15,174.06,3647200,177.856,168.891,170.511,54.934,2.422,0.92,1.502,168.891,181.623,156.159
2022-07-27,174.15,176.17,169.54,175.28,3713900,177.652,169.638,170.456,56.685,2.382,1.213,1.169,169.638,182.006,157.27
2022-07-28,173.04,176.94,169.57,176.09,6034600,177.142,170.362,170.404,57.856,2.388,1.448,0.941,170.362,182.442,158.283
2022-07-29,175.18,177.65,174.17,176.76,4507100,176.394,171.186,170.378,58.848,2.419,1.642,0.777,171.186,182.602,159.77
2022-08-01,176.78,180.21,176.53,179.13,3349500,176.264,172.004,170.587,62.231,2.605,1.835,0.771,172.004,183.222,160.787
2022-08-02,178.37,178.49,173.39,173.46,3401800,176.144,172.424,170.608,51.353,2.269,1.922,0.347,172.424,183.167,161.681
2022-08-03,175.01,180.87,175.01,180.35,3292700,177.158,173.226,170.825,60.41,2.529,2.043,0.486,173.226,183.814,162.637
2022-08-04,180.67,183.7,180.35,181.96,3534100,178.332,173.992,171.046,62.181,2.833,2.201,0.632,173.992,184.786,163.199
2022-08-05,180.79,183.87,180.27,183.73,2409700,179.726,174.845,171.332,64.084,3.179,2.397,0.783,174.845,185.897,163.793
2022-08-08,184.58,188.56,184.38,186.28,3040800,181.156,175.895,171.597,66.685,3.618,2.641,0.977,175.895,187.11,164.68
2022-08-09,185.27,185.27,178.78,180.15,3914500,182.494,176.598,171.611,56.157,3.432,2.799,0.633,176.598,186.957,166.238
2022-08-10,183.91,186.11,183.29,185.9,4094400,183.604,177.525,171.665,62.188,3.705,2.98,0.725,177.525,187.72,167.329
2022-08-11,184.67,188.54,184.65,186.59,3337200,184.53,178.473,171.813,62.848,3.932,3.171,0.762,178.473,188.312,168.634
2022-08-12,187.67,190.67,186.18,190.55,3014100,185.894,179.512,172.105,66.468,4.381,3.413,0.969,179.512,189.857,169.167
2022-08-15,190.12,192.91,189.1,192.0,4075500,187.038,180.587,172.345,67.708,4.799,3.69,1.109,180.587,191.445,169.729
2022-08-16,190.73,200.63,190.58,197.61,5892200,190.53,181.756,172.71,72.021,5.519,4.056,1.463,181.756,194.587,168.925
2022-08-17,195.66,204.14,195.19,198.77,8082100,193.104,182.88,173.074,72.829,6.113,4.467,1.645,182.88,197.508,168.251
2022-08-18,198.53,201.28,198.03,199.78,3011800,195.742,183.936,173.479,73.546,6.589,4.892,1.697,183.936,200.235,167.638
2022-08-19,198.89,199.2,193.67,195.06,3347300,196.644,184.664,173.848,64.929,6.51,5.215,1.295,184.664,201.605,167.724
2022-08-22,193.08,196.19,192.41,193.8,4136600,197.004,185.366,174.158,62.814,6.274,5.427,0.847,185.366,202.612,168.119
2022-08-23,193.81,195.06,191.3,191.47,2533900,195.776,186.236,174.567,58.986,5.831,5.508,0.323,186.236,202.825,169.647
2022-08-24,190.87,194.32,189.92,192.34,2634300,194.49,187.089,175.087,59.967,5.488,5.504,-0.016,187.089,203.049,171.129
2022-08-25,192.51,194.89,191.92,194.7,2634700,193.474,188.02,175.716,62.581,5.344,5.472,-0.128,188.02,203.44,172.599
2022-08-26,195.41,196.24,185.45,185.49,3720500,191.56,188.456,176.14,49.104,4.436,5.265,-0.829,188.456,203.004,173.908
2022-08-29,184.69,187.91,183.73,185.57,3273800,189.914,188.778,176.702,49.207,3.68,4.948,-1.268,188.778,202.73,174.826
2022-08-30,186.85,187.63,181.27,182.01,3906900,188.022,189.205,177.176,44.883,2.762,4.511,-1.748,189.205,201.62,176.791
2022-08-31,181.9,182.21,179.04,179.17,5145100,185.388,189.146,177.596,41.732,1.785,3.966,-2.18,189.146,201.748,176.545
2022-09-01,178.85,180.84,177.76,180.67,3462200,182.582,189.082,178.023,43.969,1.119,3.396,-2.277,189.082,201.851,176.313
2022-09-02,182.18,183.69,179.31,180.44,3165900,181.572,188.918,178.396,43.692,0.566,2.83,-2.264,188.918,202.056,175.779
2022-09-06,181.05,181.64,176.51,178.08,3128800,180.074,188.508,178.601,40.848,-0.062,2.252,-2.314,188.508,202.478,174.537
2022-09-07,178.78,186.37,178.66,185.78,4086500,180.828,188.789,178.936,51.858,0.06,1.813,-1.753,188.789,202.269,175.309
2022-09-08,185.18,188.74,183.41,188.62,3564200,182.718,188.925,179.501,55.172,0.383,1.527,-1.145,188.925,202.337,175.513
2022-09-09,188.25,190.61,187.64,189.8,3176400,184.544,189.086,180.065,56.512,0.725,1.367,-0.642,189.086,202.456,175.715
2022-09-12,190.12,193.27,189.66,190.49,3218700,186.554,189.082,180.669,57.315,1.04,1.301,-0.262,189.082,202.452,175.713
2022-09-13,185.74,187.25,178.07,178.7,4441400,186.678,188.418,180.988,42.776,0.334,1.108,-0.774,188.418,202.481,174.354
2022-09-14,179.55,180.17,175.55,177.56,3963700,185.034,187.415,181.238,41.675,-0.314,0.823,-1.137,187.415,201.578,173.252
2022-09-15,178.42,179.5,175.36,176.31,3309700,182.572,186.292,181.478,40.446,-0.917,0.475,-1.393,186.292,200.223,172.361
2022-09-16,174.43,178.18,174.2,177.02,10187800,180.016,185.154,181.686,41.502,-1.323,0.116,-1.439,185.154,198.132,172.176
2022-09-19,176.19,180.8,175.97,180.06,3351900,177.93,184.404,181.953,45.92,-1.383,-0.184,-1.199,184.404,196.687,172.121
2022-09-20,177.77,179.21,174.13,175.73,3650200,177.336,183.501,182.162,41.152,-1.76,-0.499,-1.261,183.501,195.529,171.472
2022-09-21,177.11,179.79,173.8,173.84,2925700,176.592,182.619,182.317,39.237,-2.186,-0.837,-1.35,182.619,194.772,170.466
2022-09-22,173.51,175.15,172.13,173.62,2864500,176.054,181.683,182.442,39.01,-2.513,-1.172,-1.341,181.683,193.564,169.802
2022-09-23,172.35,174.58,171.25,173.63,3382500,175.376,180.63,182.563,39.027,-2.739,-1.485,-1.254,180.63,191.328,169.931
2022-09-26,173.56,175.35,171.37,171.68,2938700,173.7,179.939,182.601,36.831,-3.041,-1.796,-1.244,179.939,191.09,168.788
2022-09-27,173.45,176.15,171.85,173.2,3866500,173.194,179.32,182.655,39.68,-3.121,-2.061,-1.06,179.32,190.528,168.113
2022-09-28,177.61,180.4,175.48,179.53,5384900,174.332,179.196,182.761,49.826,-2.644,-2.178,-0.466,179.196,190.334,168.059
2022-09-29,177.2,177.59,174.25,175.78,3622800,174.764,179.027,182.75,44.997,-2.538,-2.25,-0.289,179.027,190.269,167.785
2022-09-30,174.83,176.36,171.62,173.33,6049000,174.704,178.66,182.644,42.125,-2.623,-2.324,-0.298,178.66,190.152,167.168
2022-10-03,176.84,180.7,176.3,178.97,4346500,176.162,178.586,182.614,50.033,-2.209,-2.301,0.093,178.586,190.05,167.123
2022-10-04,181.78,184.27,181.19,182.2,4139100,177.962,178.792,182.662,53.916,-1.602,-2.161,0.56,178.792,190.365,167.22
2022-10-05,180.26,184.88,179.04,183.69,3196100,178.794,178.688,182.855,55.629,-0.989,-1.927,0.938,178.688,190.03,167.346
2022-10-06,183.15,186.69,183.03,184.56,3304900,180.55,178.485,183.04,56.643,-0.428,-1.627,1.199,178.485,189.207,167.763
2022-10-07,182.75,183.21,180.28,182.01,3466800,182.286,178.096,183.159,52.833,-0.187,-1.339,1.152,178.096,187.582,168.609
2022-10-10,180.84,181.78,177.85,179.87,2449700,182.466,177.564,183.221,49.806,-0.167,-1.105,0.938,177.564,185.122,170.007
2022-10-11,179.91,183.08,179.02,181.29,2766000,182.284,177.694,183.264,51.781,-0.036,-0.891,0.855,177.694,185.421,169.967
2022-10-12,182.54,183.09,178.84,178.92,2353900,181.33,177.762,183.373,48.362,-0.122,-0.737,0.615,177.762,185.508,170.016
2022-10-13,175.19,179.9,171.18,178.27,4851100,180.072,177.86,183.332,47.436,-0.24,-0.638,0.398,177.86,185.578,170.142
2022-10-14,179.82,181.78,174.18,174.39,4142800,178.548,177.728,183.18,42.242,-0.64,-0.638,-0.001,177.728,185.595,169.862
2022-10-17,177.43,180.17,177.28,179.13,3504800,178.4,177.682,183.088,49.515,-0.567,-0.624,0.057,177.682,185.501,169.863
2022-10-18,182.06,184.26,178.68,179.27,3804300,177.996,177.859,182.948,49.717,-0.492,-0.598,0.105,177.859,185.652,170.066
2022-10-19,173.78,174.89,167.23,170.68,5362300,176.348,177.701,182.759,39.345,-1.113,-0.701,-0.413,177.701,185.952,169.45
2022-10-20,170.17,172.04,164.68,165.45,4095600,173.784,177.292,182.35,34.61,-2.005,-0.962,-1.043,177.292,187.063,167.522
2022-10-21,165.3,169.5,163.78,169.23,3583600,172.752,177.072,182.002,40.21,-2.379,-1.245,-1.134,177.072,187.374,166.771
2022-10-24,170.35,174.92,170.35,174.09,3704900,171.744,177.193,181.673,46.548,-2.257,-1.447,-0.809,177.193,187.283,167.103
2022-10-25,176.21,181.02,175.28,179.88,3245700,171.866,177.527,181.431,52.948,-1.674,-1.493,-0.181,177.527,187.502,167.552
2022-10-26,180.23,181.51,177.49,179.6,2567200,173.65,177.53,181.071,52.619,-1.22,-1.438,0.218,177.53,187.509,167.552
2022-10-27,181.17,182.32,178.65,179.7,2457600,176.5,177.727,180.689,52.732,-0.843,-1.319,0.476,177.727,187.714,167.739
2022-10-28,179.55,185.34,178.95,184.41,3292200,179.536,178.28,180.382,57.819,-0.162,-1.088,0.926,178.28,188.468,168.093
2022-10-31,182.79,183.7,180.35,180.9,3550200,180.898,178.377,180.099,53.222,0.093,-0.851,0.945,178.377,188.629,168.125
2022-11-01,183.73,185.34,178.42,179.6,3260100,180.842,178.247,179.815,51.586,0.189,-0.643,0.832,178.247,188.36,168.134
2022-11-02,179.27,180.65,172.16,172.32,4539400,179.386,177.678,179.432,43.52,-0.32,-0.579,0.259,177.678,187.781,167.576
2022-11-03,167.81,169.68,165.83,166.86,4187500,176.818,176.794,178.922,38.639,-1.15,-0.693,-0.457,176.794,187.444,166.143
2022-11-04,169.61,174.31,165.45,169.02,4623400,173.74,176.144,178.408,41.437,-1.615,-0.877,-0.737,176.144,187.037,165.251
2022-11-07,170.34,174.26,167.99,173.11,2715300,172.182,175.806,178.161,46.419,-1.634,-1.029,-0.606,175.806,186.631,164.981
2022-11-08,174.51,176.31,172.39,174.78,2880800,171.218,175.48,177.945,48.351,-1.498,-1.122,-0.375,175.48,185.999,164.962
2022-11-09,173.81,177.48,172.88,173.18,3007200,171.39,175.194,177.768,46.617,-1.501,-1.198,-0.303,175.194,185.629,164.758
2022-11-10,181.23,189.98,181.22,189.59,4837200,175.936,175.76,177.977,61.765,-0.178,-0.994,0.816,175.76,187.974,163.545
2022-11-11,190.31,196.03,189.77,193.95,4272500,180.922,176.738,178.242,64.636,1.208,-0.554,1.762,176.738,191.381,162.094
2022-11-14,193.41,195.3,189.51,189.91,4165000,184.282,177.276,178.432,60.13,1.959,-0.051,2.01,177.276,193.042,161.511
2022-11-15,191.85,196.02,189.13,193.79,5127800,188.084,178.002,178.746,62.812,2.834,0.526,2.308,178.002,195.406,160.599
2022-11-16,196.8,205.46,196.35,199.62,8173100,193.372,179.45,179.023,66.462,3.952,1.211,2.741,179.45,198.973,159.926
2022-11-17,197.18,197.64,190.57,193.38,3507800,194.13,180.846,179.118,59.707,4.286,1.826,2.46,180.846,200.148,161.544
2022-11-18,196.55,196.57,191.53,194.8,2912500,194.3,182.124,179.218,60.686,4.611,2.383,2.228,182.124,201.573,162.676
2022-11-21,194.98,195.62,193.22,195.11,2326400,195.34,183.176,179.31,60.91,4.839,2.874,1.964,183.176,203.063,163.288
2022-11-22,196.39,200.0,195.86,199.01,2845700,196.384,184.132,179.717,63.703,5.273,3.354,1.919,184.132,205.16,163.104
2022-11-23,199.72,200.15,194.88,195.81,2593800,195.622,184.942,180.082,59.919,5.297,3.743,1.555,184.942,206.478,163.407
2022-11-25,196.13,196.56,194.87,195.76,975700,196.098,185.746,180.471,59.859,5.252,4.045,1.208,185.746,207.653,163.838
2022-11-28,195.23,196.23,193.49,193.97,2202300,195.932,186.224,180.81,57.641,5.014,4.239,0.776,186.224,208.423,164.024
2022-11-29,193.01,193.61,191.73,192.52,1980900,195.414,186.805,181.059,55.835,4.655,4.322,0.333,186.805,209.026,164.583
2022-11-30,191.25,197.62,188.6,197.23,4701600,195.058,187.686,181.489,60.197,4.697,4.397,0.3,187.686,210.102,165.27
2022-12-01,199.31,201.1,197.38,199.95,2735100,195.886,189.068,182.011,62.5,4.892,4.496,0.396,189.068,210.894,167.241
2022-12-02,197.09,200.99,196.26,199.36,3242300,196.606,190.692,182.526,61.666,4.943,4.585,0.358,190.692,210.282,171.103
2022-12-05,195.71,196.36,190.6,191.32,3308400,196.076,191.807,182.88,51.572,4.285,4.525,-0.24,191.807,208.532,175.083
2022-12-06,190.42,190.88,184.66,187.36,3627500,195.044,192.52,183.193,47.452,3.404,4.301,-0.897,192.52,206.947,178.093
2022-12-07,188.15,194.85,187.68,191.98,3999300,193.994,193.38,183.569,52.246,3.045,4.05,-1.005,193.38,205.163,181.597
2022-12-08,190.22,191.53,187.87,188.89,3150200,191.782,194.166,183.756,49.025,2.481,3.736,-1.255,194.166,201.553,186.778
2022-12-09,186.51,189.86,185.77,187.23,3226900,189.356,194.047,183.985,47.336,1.879,3.365,-1.485,194.047,201.808,186.287
2022-12-12,187.71,190.32,186.55,190.3,2719800,189.152,193.865,184.324,50.717,1.631,3.018,-1.387,193.865,201.805,185.925
2022-12-13,201.09,202.13,193.86,196.0,4168600,190.88,194.17,184.665,56.322,1.873,2.789,-0.916,194.17,201.936,186.403
2022-12-14,195.75,201.02,194.92,196.82,3727700,191.848,194.321,184.957,57.079,2.106,2.652,-0.546,194.321,202.174,186.468
2022-12-15,193.57,194.6,190.68,193.03,3373900,192.676,193.992,185.144,52.549,1.963,2.515,-0.552,193.992,201.452,186.531
2022-12-16,191.49,192.41,188.67,191.28,9543500,193.486,193.886,185.279,50.554,1.689,2.349,-0.661,193.886,201.442,186.331
2022-12-19,190.55,191.1,187.43,188.53,2442400,193.132,193.573,185.409,47.503,1.235,2.126,-0.892,193.573,201.481,185.665
2022-12-20,186.69,187.56,183.44,186.38,2372200,191.208,193.136,185.539,45.205,0.694,1.84,-1.146,193.136,201.629,184.644
2022-12-21,188.3,188.94,185.84,187.84,2345400,189.412,192.578,185.67,47.077,0.379,1.548,-1.169,192.578,200.912,184.244
2022-12-22,184.21,185.8,181.2,184.8,2414800,187.766,192.027,185.788,43.727,-0.115,1.215,-1.33,192.027,200.9,183.155
2022-12-23,184.12,187.74,182.82,187.33,1469200,186.976,191.606,185.969,47.101,-0.299,0.912,-1.211,191.606,200.532,182.68
2022-12-27,187.15,189.29,186.8,187.17,2076600,186.704,191.266,186.225,46.909,-0.452,0.639,-1.092,191.266,200.33,182.202
2022-12-28,187.4,188.83,185.24,185.64,1419900,186.556,190.922,186.355,45.024,-0.689,0.374,-1.063,190.922,200.302,181.542
2022-12-29,187.14,188.48,186.79,187.68,1270900,186.524,190.444,186.523,48.024,-0.704,0.158,-0.862,190.444,199.437,181.452
2022-12-30,185.61,186.05,183.0,184.88,2154600,186.54,189.691,186.807,44.44,-0.931,-0.06,-0.872,189.691,197.813,181.569
2023-01-03,186.97,187.72,182.93,184.69,2602000,186.012,188.958,187.192,44.198,-1.114,-0.271,-0.843,188.958,195.978,181.937
2023-01-04,186.91,187.77,183.27,186.87,2507400,185.952,188.735,187.545,47.704,-1.07,-0.431,-0.64,188.735,195.723,181.747
2023-01-05,184.94,186.92,183.25,186.3,1942300,186.084,188.682,187.789,46.874,-1.07,-0.558,-0.511,188.682,195.729,181.635
2023-01-06,186.26,187.25,180.43,186.48,3121400,185.844,188.407,187.921,47.187,-1.042,-0.655,-0.387,188.407,195.341,181.473
2023-01-09,187.83,189.42,184.97,185.06,2748500,185.88,188.216,188.03,44.943,-1.122,-0.749,-0.374,188.216,195.303,181.128
2023-01-10,185.51,187.13,184.23,186.88,2200800,186.318,188.198,188.174,48.334,-1.027,-0.804,-0.223,188.198,195.297,181.099
2023-01-11,187.59,193.68,187.58,193.56,2781000,187.656,188.361,188.357,58.448,-0.408,-0.725,0.317,188.361,195.805,180.917
2023-01-12,195.11,196.32,191.7,195.11,2690200,189.418,188.316,188.641,60.386,0.206,-0.539,0.744,188.316,195.576,181.057
2023-01-13,192.83,198.17,192.83,196.87,3875900,191.496,188.319,188.986,62.524,0.824,-0.266,1.09,188.319,195.591,181.047
2023-01-17,196.88,199.48,194.17,194.42,2943800,193.368,188.388,189.428,57.845,1.104,0.008,1.096,188.388,195.874,180.903
2023-01-18,195.53,198.74,193.11,193.47,3575000,194.686,188.498,189.96,56.092,1.235,0.253,0.982,188.498,196.222,180.774
2023-01-19,192.55,192.92,186.69,187.56,3508800,193.486,188.45,190.331,46.627,0.852,0.373,0.479,188.45,196.185,180.714
2023-01-20,186.85,190.21,184.35,189.79,3517600,192.422,188.62,190.665,50.052,0.72,0.442,0.278,188.62,196.313,180.927
2023-01-23,188.85,192.0,187.25,190.33,3473500,191.114,188.744,190.976,50.874,0.652,0.484,0.167,188.744,196.465,181.024
2023-01-24,188.97,192.68,188.97,192.52,2862500,190.734,189.13,191.363,54.168,0.765,0.541,0.225,189.13,196.792,181.469
2023-01-25,190.76,192.41,188.26,192.24,2283400,190.488,189.376,191.416,53.673,0.823,0.597,0.226,189.376,197.109,181.643
2023-01-26,190.6,194.72,188.07,188.23,3426100,190.622,189.429,191.301,47.035,0.54,0.586,-0.046,189.429,197.113,181.745
2023-01-27,187.89,189.73,186.95,188.86,2907900,190.436,189.59,191.28,48.121,0.361,0.541,-0.179,189.59,197.072,182.108
2023-01-30,188.38,190.79,187.61,188.32,2786300,190.034,189.622,191.171,47.228,0.174,0.467,-0.293,189.622,197.075,182.169
2023-01-31,189.57,194.31,188.87,194.23,3415800,190.376,190.09,191.063,56.702,0.497,0.473,0.024,190.09,197.463,182.716
2023-02-01,193.5,200.66,190.63,199.19,3363900,191.766,190.814,191.179,62.747,1.141,0.607,0.534,190.814,198.78,182.849
2023-02-02,201.51,208.28,201.44,206.65,4156800,195.45,191.804,191.416,69.618,2.227,0.931,1.296,191.804,202.237,181.37
2023-02-03,202.53,203.69,200.36,201.43,3047900,197.964,192.56,191.543,61.123,2.636,1.272,1.364,192.56,203.495,181.625
2023-02-06,199.83,202.25,199.65,201.34,2380600,200.568,193.303,191.589,60.985,2.919,1.601,1.318,193.303,204.514,182.092
2023-02-07,198.56,201.06,196.26,200.28,2552300,201.778,194.064,191.679,59.285,3.023,1.886,1.137,194.064,204.982,183.146
2023-02-08,199.79,199.79,196.86,198.44,2421100,201.628,194.642,191.732,56.349,2.923,2.093,0.83,194.642,205.176,184.108
2023-02-09,200.32,200.75,193.96,194.6,2386700,199.218,194.694,191.745,50.705,2.506,2.176,0.33,194.694,205.215,184.173
2023-02-10,193.5,194.87,192.44,194.73,1836300,197.878,194.675,191.789,50.885,2.16,2.172,-0.012,194.675,205.195,184.155
2023-02-13,195.21,199.88,193.47,199.73,2364000,197.556,194.818,191.839,57.317,2.264,2.191,0.073,194.818,205.539,184.097
2023-02-14,197.76,200.64,196.93,199.37,2316600,197.374,195.066,191.827,56.741,2.29,2.211,0.08,195.066,205.975,184.156
2023-02-15,198.06,201.0,197.05,200.56,1849900,197.798,195.42,191.851,58.235,2.38,2.245,0.136,195.42,206.569,184.271
2023-02-16,196.05,201.53,195.51,199.61,2479000,198.8,196.022,192.017,56.555,2.347,2.265,0.082,196.022,206.674,185.371
2023-02-17,198.89,199.33,194.84,198.43,3462000,199.54,196.454,192.239,54.454,2.201,2.252,-0.051,196.454,206.737,186.172
2023-02-21,191.45,192.98,187.68,188.27,3942900,197.248,196.352,192.164,40.502,1.251,2.052,-0.801,196.352,206.929,185.774
2023-02-22,187.67,190.68,186.6,188.99,2667400,195.172,196.175,192.166,41.643,0.549,1.751,-1.202,196.175,207.133,185.217
2023-02-23,188.93,190.04,185.73,188.6,2332200,192.78,195.993,192.194,41.182,-0.038,1.394,-1.431,195.993,207.34,184.646
2023-02-24,186.34,188.96,185.1,187.98,2163500,190.454,195.98,192.147,40.416,-0.546,1.006,-1.552,195.98,207.364,184.597
2023-02-27,190.58,192.59,189.75,190.49,2764800,188.866,196.062,192.037,44.884,-0.739,0.657,-1.395,196.062,207.252,184.872
2023-02-28,190.25,194.26,189.62,191.9,4391400,189.592,196.241,191.939,47.275,-0.768,0.372,-1.14,196.241,207.017,185.465
2023-03-01,191.61,191.8,178.4,181.23,9814300,188.04,195.591,191.703,34.926,-1.634,-0.029,-1.605,195.591,208.277,182.905
2023-03-02,179.69,182.3,179.11,181.97,4096900,186.714,194.73,191.517,36.171,-2.235,-0.47,-1.764,194.73,208.663,180.797
2023-03-03,182.6,187.05,181.93,186.29,3483200,186.376,193.712,191.472,43.026,-2.335,-0.843,-1.492,193.712,206.935,180.489
2023-03-06,186.82,190.0,186.6,188.0,3160900,185.878,193.04,191.504,45.52,-2.251,-1.125,-1.126,193.04,205.974,180.107
2023-03-07,188.86,188.86,183.98,184.12,3320200,184.322,192.18,191.43,41.121,-2.469,-1.394,-1.075,192.18,205.08,179.279
2023-03-08,184.88,188.48,184.38,187.6,2670400,185.596,191.546,191.486,46.147,-2.333,-1.582,-0.752,191.546,204.008,179.083
2023-03-09,188.49,190.32,185.18,185.65,2440300,186.332,190.906,191.452,43.887,-2.357,-1.737,-0.62,190.906,203.191,178.621
2023-03-10,185.72,188.12,182.89,183.42,2986800,185.758,190.347,191.377,41.389,-2.526,-1.894,-0.631,190.347,202.938,177.756
2023-03-13,182.57,187.84,181.62,184.25,3116300,185.008,189.823,191.349,42.696,-2.563,-2.028,-0.535,189.823,202.517,177.129
2023-03-14,185.98,186.62,180.78,183.58,3909000,184.9,189.016,191.267,41.884,-2.617,-2.146,-0.471,189.016,201.096,176.935
2023-03-15,182.66,186.96,181.51,185.22,3794100,184.424,188.308,191.274,44.659,-2.498,-2.216,-0.282,188.308,199.457,177.159
2023-03-16,184.27,186.61,183.22,186.23,3153900,184.54,187.592,191.305,46.357,-2.296,-2.232,-0.064,187.592,197.154,178.029
2023-03-17,186.34,187.75,182.61,184.08,7271200,184.672,186.815,191.249,43.31,-2.283,-2.243,-0.041,186.815,194.631,178.999
2023-03-20,183.75,184.57,182.26,183.55,2405100,184.532,186.071,191.194,42.567,-2.29,-2.252,-0.038,186.071,191.781,180.361
2023-03-21,185.14,185.39,182.04,183.55,2940400,184.526,185.835,191.136,42.567,-2.268,-2.255,-0.013,185.835,191.552,180.118
2023-03-22,183.64,184.2,178.48,178.68,3275700,183.218,185.32,191.008,35.99,-2.614,-2.327,-0.287,185.32,191.664,178.975
2023-03-23,179.75,180.1,175.41,176.92,3346400,181.356,184.736,190.809,33.948,-2.996,-2.461,-0.535,184.736,191.905,177.566
2023-03-24,176.05,177.46,174.82,176.71,2692400,179.882,184.172,190.472,33.703,-3.278,-2.624,-0.653,184.172,192.008,176.336
2023-03-27,177.28,179.02,176.19,177.71,2488400,178.714,183.533,190.124,36.075,-3.381,-2.776,-0.606,183.533,191.284,175.782
2023-03-28,177.64,179.49,176.86,177.35,1872300,177.474,182.806,189.733,35.581,-3.452,-2.911,-0.541,182.806,189.958,175.653
2023-03-29,178.1,179.07,177.21,179.02,2436300,177.542,182.695,189.425,39.703,-3.336,-2.996,-0.34,182.695,190.016,175.374
2023-03-30,181.02,182.06,179.36,179.68,2157000,178.094,182.58,189.15,41.301,-3.154,-3.027,-0.126,182.58,190.02,175.141
2023-03-31,181.03,186.75,180.62,186.51,3151600,180.054,182.592,189.129,54.688,-2.43,-2.908,0.478,182.592,190.055,175.128
2023-04-03,187.54,190.48,187.44,190.26,3471100,182.564,182.704,189.138,60.072,-1.536,-2.634,1.097,182.704,190.57,174.839
2023-04-04,189.8,190.53,187.24,189.34,2500100,184.962,182.966,189.118,58.244,-0.892,-2.285,1.393,182.966,191.358,174.573
2023-04-05,189.35,189.66,185.28,186.01,2417800,186.36,182.886,188.988,52.066,-0.643,-1.957,1.314,182.886,191.122,174.65
2023-04-06,184.79,186.05,182.34,185.21,2403300,187.466,182.864,188.847,50.675,-0.504,-1.666,1.162,182.864,191.071,174.657
2023-04-10,184.3,187.63,183.0,186.33,2387500,187.43,183.01,188.809,52.585,-0.3,-1.393,1.093,183.01,191.36,174.659
2023-04-11,187.46,189.28,187.25,187.79,2459000,186.936,183.186,188.788,55.029,-0.021,-1.119,1.098,183.186,191.794,174.579
2023-04-12,189.71,190.93,185.99,186.33,2665400,186.334,183.324,188.748,52.135,0.082,-0.878,0.961,183.324,192.045,174.603
2023-04-13,186.33,188.26,183.03,187.91,2778700,186.714,183.459,188.622,54.899,0.288,-0.645,0.933,183.459,192.383,174.534
2023-04-14,187.96,190.16,187.57,188.57,2028300,187.386,183.575,188.409,56.041,0.498,-0.416,0.915,183.575,192.712,174.439
2023-04-17,188.87,191.23,188.79,191.2,2420000,188.36,183.932,188.1,60.349,0.867,-0.16,1.027,183.932,193.685,174.178
2023-04-18,192.4,194.59,191.9,194.09,2685200,189.62,184.459,187.954,64.47,1.377,0.148,1.23,184.459,195.213,173.704
2023-04-19,193.23,194.98,192.38,194.78,2488700,191.31,185.02,187.822,65.395,1.816,0.481,1.335,185.02,196.707,173.333
2023-04-20,194.45,198.08,194.42,195.64,2948800,192.856,185.868,187.73,66.563,2.208,0.827,1.381,185.868,198.068,173.668
2023-04-21,197.12,198.2,195.88,196.84,2864000,194.51,186.864,187.698,68.177,2.585,1.178,1.407,186.864,199.239,174.489
2023-04-24,196.15,197.76,195.95,196.84,2758700,195.638,187.87,187.742,68.177,2.851,1.513,1.338,187.87,200.041,175.7
2023-04-25,197.77,198.01,192.89,192.98,2723700,195.416,188.634,187.707,57.773,2.719,1.754,0.965,188.634,200.011,177.257
2023-04-26,192.62,192.82,187.57,188.22,3409000,194.104,189.178,187.477,48.037,2.206,1.844,0.361,189.178,199.248,179.107
2023-04-27,188.06,192.0,188.06,191.72,2498900,193.32,189.812,187.324,54.155,2.057,1.887,0.17,189.812,198.721,180.904
2023-04-28,191.78,194.86,191.54,194.81,2451900,192.914,190.569,187.209,58.77,2.164,1.942,0.221,190.569,198.354,182.784
2023-05-01,194.81,195.83,194.17,195.18,2282100,192.582,191.002,187.121,59.298,2.252,2.004,0.248,191.002,198.801,183.204
2023-05-02,195.44,195.44,190.51,193.07,2201800,192.6,191.143,187.013,54.972,2.127,2.029,0.098,191.143,198.986,183.3
2023-05-03,193.45,197.15,192.3,192.45,2386600,193.446,191.299,187.097,53.731,1.956,2.014,-0.058,191.299,199.115,183.482
2023-05-04,192.38,193.69,188.66,190.1,2375800,193.122,191.503,187.119,49.2,1.612,1.934,-0.322,191.503,198.941,184.065
2023-05-05,191.27,193.58,190.57,192.92,2495600,192.744,191.888,187.206,54.192,1.549,1.857,-0.308,191.888,198.729,185.048
2023-05-08,192.72,193.21,190.31,191.27,1586500,191.962,192.136,187.271,51.032,1.35,1.755,-0.405,192.136,198.469,185.802
2023-05-09,191.32,194.2,190.51,194.15,2249900,192.178,192.454,187.345,55.87,1.409,1.686,-0.277,192.454,198.5,186.407
2023-05-10,194.92,195.68,189.33,191.52,2715600,191.992,192.713,187.337,50.922,1.229,1.595,-0.366,192.713,198.058,187.368
2023-05-11,191.22,191.63,189.2,190.57,3015600,192.086,192.846,187.524,49.227,0.998,1.475,-0.477,192.846,197.806,187.886
2023-05-12,190.58,191.69,188.65,190.53,2261700,191.608,192.944,187.695,49.152,0.803,1.341,-0.538,192.944,197.617,188.271
2023-05-15,189.77,190.24,186.86,188.93,2971500,191.14,192.83,187.748,46.155,0.513,1.175,-0.662,192.83,197.784,187.877
2023-05-16,184.16,187.44,181.46,186.74,4683500,189.658,192.463,187.723,42.348,0.106,0.961,-0.856,192.463,198.071,186.855
2023-05-17,186.88,194.44,186.3,194.22,3755900,190.198,192.435,187.925,55.767,0.382,0.846,-0.464,192.435,197.999,186.871
2023-05-18,194.5,196.15,192.63,196.06,2275300,191.296,192.456,188.094,58.336,0.741,0.825,-0.084,192.456,198.074,186.838
2023-05-19,195.29,195.47,192.1,193.35,2768400,191.86,192.282,188.248,53.416,0.797,0.819,-0.022,192.282,197.531,187.032
2023-05-22,193.75,195.32,190.2,190.42,3537000,192.158,191.96,188.388,48.639,0.598,0.775,-0.176,191.96,196.806,187.115
2023-05-23,190.13,196.61,189.76,193.71,6507500,193.552,191.997,188.577,53.651,0.699,0.76,-0.061,191.997,196.886,187.108
2023-05-24,193.8,195.83,189.44,190.87,2829800,192.882,192.13,188.723,49.188,0.542,0.716,-0.174,192.13,196.722,187.537
2023-05-25,190.28,191.23,188.32,188.45,3030400,191.36,191.966,188.787,45.7,0.221,0.617,-0.396,191.966,196.844,187.088
2023-05-26,189.4,193.83,188.62,193.58,3072700,191.406,191.904,188.934,53.266,0.376,0.569,-0.193,191.904,196.661,187.148
2023-05-30,194.03,194.45,191.02,192.82,2534100,191.886,191.786,189.109,52.108,0.432,0.541,-0.109,191.786,196.312,187.261
2023-05-31,191.33,191.33,187.0,188.53,3894600,190.85,191.56,189.209,46.024,0.129,0.459,-0.33,191.56,196.266,186.853
2023-06-01,188.37,191.92,185.11,191.15,2764800,190.906,191.494,189.361,49.873,0.099,0.387,-0.288,191.494,196.185,186.804
2023-06-02,192.63,197.13,192.63,196.67,2834600,192.55,191.823,189.721,56.855,0.515,0.413,0.102,191.823,196.997,186.649
2023-06-05,195.25,195.53,193.35,193.83,2345700,192.6,191.868,190.059,52.781,0.608,0.452,0.157,191.868,197.099,186.638
2023-06-06,193.6,195.44,192.75,194.18,2804900,192.872,192.014,190.408,53.226,0.703,0.502,0.201,192.014,197.336,186.692
2023-06-07,194.97,198.58,194.97,197.98,3334600,194.762,192.205,190.814,57.866,1.071,0.616,0.456,192.205,198.096,186.315
2023-06-08,198.58,200.4,197.09,197.28,2409700,195.988,192.493,191.212,56.749,1.292,0.751,0.541,192.493,198.792,186.195
2023-06-09,198.03,198.24,195.69,196.02,2092700,195.858,192.766,191.552,54.703,1.35,0.871,0.479,192.766,199.185,186.347
2023-06-12,197.03,200.45,196.1,200.0,2465100,197.092,193.24,191.959,59.652,1.698,1.036,0.661,193.24,200.326,186.153
2023-06-13,201.53,203.86,200.68,203.74,3056100,199.004,193.98,192.303,63.67,2.249,1.279,0.97,193.98,202.178,185.782
2023-06-14,203.21,204.61,200.36,201.4,3080300,199.688,194.713,192.526,59.667,2.468,1.517,0.952,194.713,202.807,186.619
2023-06-15,202.28,205.84,202.27,205.22,3187000,201.276,195.263,192.844,63.681,2.917,1.797,1.12,195.263,204.613,185.913
2023-06-16,205.6,205.74,203.27,203.48,6874300,202.768,195.634,193.193,60.717,3.097,2.057,1.04,195.634,205.68,185.588
2023-06-20,202.31,203.17,200.99,201.96,3058300,203.16,196.064,193.528,58.169,3.081,2.262,0.819,196.064,206.431,185.698
2023-06-21,202.13,202.29,200.46,200.83,3364400,202.578,196.585,193.818,56.279,2.943,2.398,0.545,196.585,206.803,186.367
2023-06-22,200.4,201.88,198.36,201.36,2780900,202.57,196.968,194.089,56.985,2.844,2.487,0.357,196.968,207.304,186.631
2023-06-23,200.52,202.85,199.75,201.74,3997300,201.874,197.511,194.398,57.515,2.764,2.542,0.222,197.511,207.639,187.383
2023-06-26,202.43,205.31,202.06,204.31,2498900,202.04,198.304,194.726,61.012,2.875,2.609,0.266,198.304,207.915,188.693
2023-06-27,205.27,209.96,205.27,209.56,4223500,203.56,199.103,195.145,66.99,3.348,2.757,0.591,199.103,209.67,188.536
2023-06-28,208.33,210.11,207.67,208.58,3372600,205.11,199.891,195.493,64.987,3.602,2.926,0.676,199.891,210.829,188.953
2023-06-29,209.25,209.79,207.93,208.86,3058200,206.61,200.908,195.788,65.306,3.783,3.097,0.685,200.908,211.157,190.658
2023-06-30,210.06,212.3,209.58,211.56,3633300,208.574,201.928,196.124,68.307,4.096,3.297,0.799,201.928,212.151,191.705
2023-07-03,210.55,211.89,209.49,210.52,1498400,209.816,202.62,196.422,65.941,4.212,3.48,0.732,202.62,213.214,192.027
2023-07-05,210.35,212.73,210.08,211.37,2876400,210.178,203.498,196.712,66.949,4.323,3.649,0.675,203.498,213.929,193.066
2023-07-06,208.84,209.56,207.42,207.55,3011500,209.972,204.166,196.926,58.564,4.056,3.73,0.326,204.166,213.764,194.568
2023-07-07,207.2,209.88,206.9,208.04,2345400,209.808,204.669,197.228,59.269,3.84,3.752,0.088,204.669,213.951,195.387
2023-07-10,209.14,214.81,208.92,214.77,2536100,210.45,205.544,197.759,67.455,4.163,3.834,0.329,205.544,215.183,195.904
2023-07-11,216.78,216.78,214.52,215.06,2219700,211.358,206.496,198.225,67.756,4.392,3.946,0.446,206.496,215.934,197.057
2023-07-12,217.23,220.35,216.62,217.57,2256000,212.598,207.374,198.681,70.313,4.722,4.101,0.621,207.374,217.512,197.236
2023-07-13,218.0,218.65,214.13,215.16,1882800,214.12,207.945,199.08,64.984,4.734,4.228,0.506,207.945,218.499,197.391
2023-07-14,215.55,216.4,214.18,214.41,1535900,215.394,208.596,199.507,63.375,4.63,4.308,0.322,208.596,219.054,198.137
2023-07-17,214.38,215.69,213.02,213.69,1951500,215.178,209.019,199.932,61.792,4.438,4.334,0.104,209.019,219.587,198.451
2023-07-18,213.48,216.64,212.36,215.51,1858100,215.268,209.62,200.44,64.224,4.382,4.344,0.039,209.62,220.231,199.01
2023-07-19,215.22,217.68,215.11,216.43,1649600,215.04,210.344,200.91,65.422,4.362,4.348,0.015,210.344,220.726,199.962
2023-07-20,216.89,216.89,214.11,216.52,1959700,215.312,211.128,201.415,65.544,4.304,4.339,-0.035,211.128,220.832,201.425
2023-07-21,217.89,220.3,217.21,219.14,3348400,216.258,212.017,201.915,68.964,4.418,4.355,0.064,212.017,221.197,202.838
2023-07-24,219.53,221.04,218.95,219.34,2019000,217.388,212.897,202.471,69.215,4.473,4.378,0.095,212.897,221.267,204.528
2023-07-25,218.85,220.75,217.73,220.32,1547800,218.35,213.698,203.066,70.476,4.544,4.411,0.132,213.698,221.662,205.734
2023-07-26,220.1,221.47,219.28,220.44,1720100,219.152,214.242,203.665,70.635,4.557,4.441,0.116,214.242,222.497,205.987
2023-07-27,222.34,223.4,220.76,221.23,1972800,220.094,214.874,204.311,71.712,4.578,4.468,0.11,214.874,223.241,206.508
2023-07-28,223.17,223.39,220.8,221.41,1767300,220.548,215.502,205.004,71.965,4.557,4.486,0.071,215.502,223.851,207.153
2023-07-31,221.4,222.21,219.18,220.63,2614800,220.806,215.955,205.532,69.088,4.426,4.474,-0.048,215.955,224.388,207.523
2023-08-01,219.38,221.29,218.6,218.82,2029300,220.506,216.37,205.987,62.812,4.129,4.405,-0.276,216.37,224.488,208.253
2023-08-02,216.39,218.45,215.93,216.13,2298100,219.644,216.608,206.443,54.84,3.634,4.251,-0.616,216.608,224.38,208.837
2023-08-03,215.55,215.86,213.36,213.52,2436000,218.102,216.907,206.905,48.418,2.997,4.0,-1.003,216.907,223.597,210.217
2023-08-04,210.96,213.04,209.47,210.13,2549600,215.846,217.012,207.233,41.604,2.193,3.639,-1.445,217.012,223.162,210.861
2023-08-07,211.15,211.94,209.65,210.3,1902500,213.78,216.788,207.622,42.045,1.552,3.221,-1.669,216.788,223.574,210.002
2023-08-08,207.19,208.5,204.76,208.05,2152100,211.626,216.438,208.014,37.963,0.853,2.748,-1.895,216.438,224.246,208.629
2023-08-09,207.74,208.29,205.78,206.85,2061300,209.77,215.902,208.279,35.958,0.199,2.238,-2.039,215.902,224.781,207.022
2023-08-10,208.58,210.25,206.45,208.0,1815500,208.666,215.544,208.583,39.268,-0.223,1.746,-1.969,215.544,225.1,205.987
2023-08-11,208.15,212.09,207.74,210.67,2356300,208.774,215.356,209.026,46.219,-0.339,1.329,-1.668,215.356,225.15,205.563
2023-08-14,211.31,213.29,210.63,212.74,2927400,209.262,215.309,209.458,50.91,-0.26,1.011,-1.271,215.309,225.146,205.472
2023-08-15,210.52,213.56,210.26,210.81,2079000,209.814,215.074,209.74,46.81,-0.35,0.739,-1.089,215.074,225.113,205.035
2023-08-16,211.7,213.65,209.18,209.22,1403500,210.288,214.713,210.048,43.689,-0.543,0.483,-1.025,214.713,225.061,204.366
2023-08-17,210.24,210.84,205.05,205.45,1791100,209.778,214.16,210.274,37.333,-0.988,0.188,-1.177,214.16,225.257,203.063
2023-08-18,204.8,207.15,203.98,206.58,2250500,208.96,213.532,210.446,40.144,-1.236,-0.097,-1.14,213.532,224.862,202.202
2023-08-21,205.89,207.78,203.66,204.92,2804800,207.396,212.811,210.598,37.484,-1.549,-0.387,-1.162,212.811,224.417,201.205
2023-08-22,209.13,214.06,208.35,212.6,4083500,207.754,212.425,210.93,53.0,-1.163,-0.542,-0.621,212.425,223.479,201.371
2023-08-23,212.81,214.26,211.75,213.96,2390700,208.702,212.101,211.209,55.124,-0.74,-0.582,-0.158,212.101,222.528,201.674
2023-08-24,213.59,215.61,209.98,209.99,1994800,209.61,211.539,211.334,48.267,-0.716,-0.609,-0.107,211.539,221.068,202.01
2023-08-25,210.78,212.99,208.84,210.08,1805000,210.31,210.972,211.508,48.423,-0.682,-0.623,-0.059,210.972,219.302,202.643
2023-08-28,210.95,212.45,208.51,209.76,1726100,211.278,210.429,211.599,47.869,-0.673,-0.633,-0.04,210.429,217.415,203.443
2023-08-29,209.77,213.49,209.71,213.23,1800600,211.404,210.15,211.794,54.022,-0.382,-0.583,0.201,210.15,216.092,204.207
2023-08-30,214.26,217.41,213.96,216.9,2839600,211.992,210.188,212.092,59.471,0.144,-0.438,0.581,210.188,216.301,204.075
2023-08-31,217.41,218.33,216.92,217.06,3433100,213.406,210.365,212.417,59.696,0.567,-0.237,0.803,210.365,217.061,203.669
2023-09-01,218.78,220.35,218.48,218.98,2562000,215.186,210.808,212.769,62.385,1.044,0.02,1.025,210.808,218.529,203.086
2023-09-05,219.95,220.04,216.55,217.02,2569200,216.638,211.144,213.075,58.121,1.251,0.266,0.985,211.144,219.343,202.944
2023-09-06,216.84,217.73,215.46,216.24,2123900,217.24,211.553,213.314,56.467,1.336,0.48,0.856,211.553,219.918,203.188
2023-09-07,216.75,220.73,216.75,220.01,2576600,217.862,212.211,213.523,62.084,1.688,0.721,0.967,212.211,221.074,203.348
2023-09-08,219.18,219.67,217.25,217.83,2166300,218.016,212.703,213.708,57.467,1.771,0.931,0.839,212.703,221.672,203.733
2023-09-11,219.14,220.02,217.91,218.41,1657900,217.902,213.09,213.899,58.354,1.862,1.117,0.744,213.09,222.352,203.827
2023-09-12,218.29,220.24,216.97,217.03,2192600,217.904,213.304,214.008,55.393,1.802,1.254,0.547,213.304,222.73,203.878
2023-09-13,216.15,217.5,214.86,215.5,2769400,217.756,213.539,214.108,52.228,1.612,1.326,0.286,213.539,222.937,204.14
2023-09-14,216.71,217.77,215.2,217.43,2621700,217.24,213.949,214.229,55.669,1.599,1.38,0.219,213.949,223.27,204.628
2023-09-15,215.07,215.07,206.83,207.21,9188500,215.116,214.037,214.222,39.461,0.755,1.255,-0.5,214.037,223.048,205.026
2023-09-18,207.28,208.89,204.57,205.05,3447200,212.444,213.96,214.162,37.009,-0.087,0.987,-1.074,213.96,223.26,204.661
2023-09-19,203.83,205.3,201.74,204.84,3449600,210.006,213.956,213.964,36.769,-0.762,0.637,-1.399,213.956,223.272,204.641
2023-09-20,205.62,206.48,201.9,202.4,2490000,207.386,213.446,213.71,34.018,-1.477,0.214,-1.691,213.446,224.096,202.797
2023-09-21,200.61,201.24,197.95,198.35,2959600,203.57,212.666,213.326,30.004,-2.344,-0.297,-2.046,212.666,225.266,200.066
2023-09-22,197.34,198.93,197.05,198.24,2940100,201.776,212.078,212.988,29.901,-3.005,-0.839,-2.166,212.078,226.207,197.95
2023-09-25,198.12,200.47,197.79,200.13,3971600,200.792,211.581,212.702,34.095,-3.337,-1.338,-1.999,211.581,226.674,196.488
2023-09-26,198.62,199.39,196.04,196.4,2782400,199.104,210.913,212.356,30.248,-3.858,-1.842,-2.015,210.913,227.458,194.368
2023-09-27,196.91,198.02,194.26,194.91,2860000,197.606,209.997,211.944,28.848,-4.34,-2.342,-1.998,209.997,227.969,192.025
2023-09-28,194.79,198.14,194.29,195.68,2379000,197.072,208.936,211.529,30.635,-4.607,-2.795,-1.812,208.936,227.681,190.191
2023-09-29,196.64,198.13,195.23,195.74,2304800,196.572,207.87,211.114,30.781,-4.759,-3.188,-1.572,207.87,227.089,188.651
2023-10-02,195.31,196.34,192.93,193.76,2264900,195.298,206.609,210.606,28.64,-4.982,-3.547,-1.435,206.609,226.066,187.152
2023-10-03,192.96,193.08,187.14,188.51,3532500,193.72,205.184,209.989,23.895,-5.519,-3.941,-1.578,205.184,225.584,184.783
2023-10-04,188.67,189.44,186.92,187.97,2569500,192.332,203.77,209.342,23.465,-5.919,-4.337,-1.583,203.77,224.851,182.689
2023-10-05,187.27,188.4,186.03,188.17,2233600,190.83,202.178,208.697,24.011,-6.15,-4.699,-1.45,202.178,222.901,181.455
2023-10-06,186.48,190.28,186.06,187.92,2250800,189.266,200.682,208.031,23.783,-6.28,-5.016,-1.265,200.682,220.962,180.403
2023-10-09,186.12,189.27,185.02,189.05,1649600,188.324,199.214,207.384,27.156,-6.221,-5.257,-0.964,199.214,218.306,180.123
2023-10-10,189.54,191.95,188.61,190.95,2209700,188.812,197.91,206.79,32.562,-5.952,-5.396,-0.556,197.91,215.372,180.449
2023-10-11,191.93,192.25,189.24,191.46,2178900,189.51,196.709,206.243,33.978,-5.632,-5.443,-0.189,196.709,212.279,181.138
2023-10-12,191.47,191.65,185.32,185.44,2488500,188.964,195.109,205.629,26.819,-5.798,-5.514,-0.284,195.109,208.071,182.147
2023-10-13,185.55,186.43,183.43,184.36,2220300,188.252,193.966,205.046,25.77,-5.948,-5.601,-0.347,193.966,206.457,181.476
2023-10-16,185.91,187.65,184.81,186.71,2139900,187.784,193.05,204.577,32.003,-5.81,-5.643,-0.168,193.05,204.784,181.315
2023-10-17,185.98,187.29,185.5,186.62,1698900,186.918,192.138,204.104,31.892,-5.643,-5.643,-0.001,192.138,202.798,181.479
2023-10-18,184.94,184.94,182.13,182.2,2694700,185.066,191.128,203.587,26.969,-5.801,-5.674,-0.126,191.128,201.519,180.738
2023-10-19,182.28,182.56,178.77,179.37,2944200,183.852,190.18,203.037,24.375,-6.084,-5.756,-0.328,190.18,201.238,179.121
2023-10-20,179.12,180.6,177.71,179.41,2776100,182.862,189.238,202.465,24.486,-6.233,-5.852,-0.381,189.238,200.609,177.867
2023-10-23,179.33,180.44,176.99,177.41,2322100,181.002,188.102,201.8,22.699,-6.439,-5.969,-0.47,188.102,199.431,176.773
2023-10-24,178.25,179.21,175.28,176.43,2107500,178.964,187.104,201.074,21.857,-6.604,-6.096,-0.508,187.104,198.865,175.342
2023-10-25,175.78,177.4,174.93,176.29,2406200,177.782,186.172,200.384,21.733,-6.67,-6.211,-0.459,186.172,198.275,174.07
2023-10-26,177.1,178.58,174.78,175.0,2855500,176.908,185.138,199.699,20.575,-6.749,-6.318,-0.43,185.138,197.354,172.923
2023-10-27,175.12,175.68,172.27,173.95,2371400,175.816,184.049,199.069,19.657,-6.817,-6.418,-0.399,184.049,196.17,171.928
2023-10-30,175.06,178.46,174.11,177.83,2683200,175.9,183.252,198.494,31.774,-6.483,-6.431,-0.052,183.252,194.765,171.74
2023-10-31,178.54,181.01,177.88,180.53,3181200,176.72,182.854,198.006,38.702,-5.932,-6.331,0.399,182.854,194.15,171.557
2023-11-01,181.11,182.07,178.76,181.21,3070100,177.704,182.516,197.379,40.345,-5.379,-6.141,0.762,182.516,193.569,171.462
2023-11-02,183.52,186.3,183.22,184.08,2220100,179.52,182.311,196.781,46.823,-4.655,-5.844,1.188,182.311,193.072,171.55
2023-11-03,184.62,186.83,183.67,184.67,2755300,181.664,182.148,196.275,48.072,-3.988,-5.473,1.485,182.148,192.647,171.65
2023-11-06,184.3,185.49,183.1,184.0,1920400,182.898,181.896,195.753,46.73,-3.474,-5.073,1.599,181.896,191.929,171.863
2023-11-07,184.03,184.92,183.23,184.33,2150300,183.658,181.565,195.244,47.507,-3.004,-4.659,1.655,181.565,190.74,172.39
2023-11-08,184.58,186.5,182.72,184.42,3077500,184.3,181.213,194.668,47.731,-2.595,-4.246,1.651,181.213,189.261,173.165
2023-11-09,182.17,184.62,180.36,180.46,3271000,183.576,180.964,193.939,39.704,-2.561,-3.909,1.348,180.964,188.765,173.163
2023-11-10,180.87,184.58,179.09,184.35,2381500,183.512,180.964,193.285,48.811,-2.195,-3.566,1.372,180.964,188.764,173.163
2023-11-13,182.83,184.19,181.98,183.63,3155700,183.438,180.81,192.578,47.384,-1.94,-3.241,1.301,180.81,188.245,173.374
2023-11-14,192.73,194.0,188.73,191.59,4237600,184.89,181.058,192.07,60.966,-1.084,-2.81,1.726,181.058,189.566,172.55
2023-11-15,191.78,195.39,191.77,194.06,2848500,186.818,181.651,191.626,64.066,-0.204,-2.289,2.085,181.651,191.958,171.344
2023-11-16,193.19,194.85,190.27,191.62,2705700,189.05,182.264,191.058,59.075,0.294,-1.772,2.066,182.264,193.42,171.107
2023-11-17,192.58,193.41,191.6,192.97,2216300,190.774,182.942,190.561,60.891,0.788,-1.26,2.048,182.942,194.981,170.902
2023-11-20,192.78,194.2,192.39,193.67,3159700,192.782,183.754,190.066,61.836,1.222,-0.764,1.986,183.754,196.402,171.107
2023-11-21,187.11,191.11,186.26,187.63,5880600,191.99,184.314,189.478,50.495,1.066,-0.398,1.464,184.314,196.583,172.046
2023-11-22,188.03,189.18,186.35,188.02,3232400,190.782,184.901,188.929,51.118,0.963,-0.125,1.089,184.901,196.665,173.137
2023-11-24,187.57,188.91,185.89,188.58,1322200,190.174,185.58,188.352,52.052,0.916,0.083,0.833,185.58,196.473,174.687
2023-11-27,187.93,190.35,187.43,189.29,2345700,189.438,186.347,187.993,53.271,0.926,0.251,0.674,186.347,195.866,176.828
2023-11-28,189.03,190.42,187.55,189.51,2651100,188.606,186.931,187.682,53.664,0.94,0.389,0.551,186.931,195.649,178.213
2023-11-29,190.48,191.05,189.14,189.39,2119000,188.958,187.374,187.373,53.4,0.931,0.497,0.433,187.374,195.61,179.138
2023-11-30,189.63,189.67,185.98,188.36,3812100,189.026,187.731,187.093,51.079,0.831,0.564,0.267,187.731,195.445,180.018
2023-12-01,188.71,193.59,188.06,193.18,2965600,189.946,188.186,186.989,59.869,1.128,0.677,0.451,188.186,196.065,180.308
2023-12-04,193.02,197.77,192.99,196.62,3429700,191.412,188.784,186.957,64.739,1.622,0.866,0.756,188.784,197.324,180.244
2023-12-05,194.87,195.96,193.11,195.07,2552100,192.524,189.338,186.856,61.139,1.867,1.066,0.801,189.338,198.006,180.669
2023-12-06,196.1,198.71,196.1,197.71,2595400,194.188,190.007,186.882,64.736,2.248,1.302,0.946,190.007,199.103,180.91
2023-12-07,197.96,198.15,196.47,197.33,3069300,195.982,190.652,186.93,63.82,2.491,1.54,0.951,190.652,199.91,181.394
2023-12-08,197.1,197.48,195.32,196.88,2210400,196.722,191.473,186.954,62.69,2.617,1.755,0.861,191.473,199.79,183.156
2023-12-11,197.25,198.15,195.44,195.47,3390100,196.492,192.029,186.949,59.153,2.573,1.919,0.654,192.029,199.81,184.248
2023-12-12,195.92,197.86,195.0,197.71,3552100,197.02,192.733,187.028,62.748,2.688,2.073,0.615,192.733,199.833,185.633
2023-12-13,197.77,204.2,195.22,204.1,5170100,198.298,193.358,187.34,70.678,3.258,2.31,0.948,193.358,202.058,184.659
2023-12-14,208.81,214.04,208.45,213.66,7636600,201.564,194.338,187.853,78.166,4.429,2.734,1.696,194.338,206.92,181.757
2023-12-15,213.45,215.04,211.98,213.71,9581200,204.93,195.443,188.364,78.197,5.301,3.247,2.054,195.443,210.629,180.257
2023-12-18,214.27,215.04,211.74,212.26,3132400,208.288,196.408,188.851,74.84,5.807,3.759,2.048,196.408,213.288,179.527
2023-12-19,212.8,214.41,212.68,213.54,3101100,211.454,197.401,189.341,75.827,6.24,4.255,1.985,197.401,215.867,178.935
2023-12-20,210.76,212.89,209.59,210.31,3727300,212.696,198.535,189.728,68.525,6.25,4.654,1.596,198.535,217.259,179.811
2023-12-21,212.0,212.62,210.52,211.77,2640200,212.318,199.722,190.134,69.934,6.304,4.984,1.32,199.722,218.65,180.795
2023-12-22,212.24,213.22,210.3,211.25,2368800,211.826,200.856,190.65,68.753,6.232,5.234,0.998,200.856,219.689,182.023
2023-12-26,211.16,211.92,210.9,211.08,1656400,211.59,201.945,191.185,68.347,6.092,5.405,0.686,201.945,220.48,183.411
2023-12-27,210.8,211.59,210.04,211.15,1449300,211.112,203.028,191.674,68.43,5.918,5.508,0.41,203.028,221.024,185.031
2023-12-28,211.64,211.65,210.28,211.16,1543400,211.282,204.116,192.164,68.442,5.715,5.549,0.165,204.116,221.252,186.98
2023-12-29,211.2,212.18,209.3,210.83,2631400,211.094,205.24,192.737,67.478,5.464,5.532,-0.068,205.24,220.91,189.569
2024-01-02,208.65,210.87,206.95,207.13,3277800,210.27,205.937,193.292,57.671,4.911,5.408,-0.497,205.937,220.554,191.32
2024-01-03,204.97,205.47,200.96,201.09,3285400,208.272,206.16,193.726,45.935,3.939,5.114,-1.175,206.16,220.306,192.015
2024-01-04,200.74,202.09,199.97,200.09,2487000,206.06,206.412,194.179,44.326,3.053,4.702,-1.649,206.412,219.891,192.932
2024-01-05,199.52,203.04,199.34,201.32,2577900,204.092,206.592,194.677,46.794,2.422,4.246,-1.824,206.592,219.672,193.512
2024-01-08,201.91,205.97,201.44,205.7,2462700,203.066,207.01,195.265,54.524,2.25,3.847,-1.597,207.01,219.358,194.663
2024-01-09,204.04,206.07,203.99,205.58,2025000,202.756,207.445,195.877,54.291,2.08,3.493,-1.414,207.445,218.868,196.023
2024-01-10,206.28,208.94,206.18,208.61,2311300,204.26,208.103,196.57,59.045,2.164,3.228,-1.063,208.103,218.04,198.165
2024-01-11,208.52,209.23,206.65,208.56,1864800,205.954,208.645,197.185,58.936,2.202,3.023,-0.82,208.645,217.295,199.995
2024-01-12,208.66,209.41,206.59,207.38,1603900,207.166,208.809,197.722,56.297,2.112,2.841,-0.728,208.809,217.217,200.401
2024-01-16,207.52,208.98,206.23,208.82,2594400,207.79,208.567,198.274,58.726,2.133,2.699,-0.566,208.567,216.66,200.474
2024-01-17,207.44,209.36,205.08,206.56,2824000,207.986,208.21,198.724,53.682,1.944,2.548,-0.604,208.21,215.971,200.448
2024-01-18,207.46,208.62,204.46,206.73,3121900,207.61,207.933,199.165,54.002,1.788,2.396,-0.608,207.933,215.478,200.388
2024-01-19,207.07,209.89,205.44,208.42,2851900,207.582,207.677,199.653,57.17,1.78,2.273,-0.493,207.677,214.754,200.6
2024-01-22,206.34,208.76,204.88,208.28,2540800,207.762,207.576,200.132,56.821,1.742,2.167,-0.424,207.576,214.551,200.6
2024-01-23,208.28,208.28,203.59,204.19,2375900,206.836,207.196,200.528,47.664,1.367,2.007,-0.64,207.196,214.034,200.359
2024-01-24,204.85,204.98,200.32,200.46,3514800,205.616,206.657,200.928,41.151,0.759,1.757,-0.998,206.657,213.842,199.472
2024-01-25,201.43,202.53,199.51,201.92,2892100,204.654,206.199,201.279,44.356,0.391,1.484,-1.093,206.199,213.365,199.033
2024-01-26,202.15,202.8,200.68,201.82,1912600,203.334,205.732,201.643,44.178,0.09,1.205,-1.115,205.732,212.755,198.71
2024-01-29,201.63,202.51,199.76,201.69,2194700,202.016,205.259,201.845,43.932,-0.157,0.933,-1.09,205.259,212.012,198.506
2024-01-30,200.77,206.0,200.03,204.24,2742500,202.026,204.93,202.048,49.835,-0.145,0.717,-0.862,204.93,211.161,198.698
2024-01-31,204.8,206.2,202.52,202.64,3429300,202.462,204.705,202.269,46.525,-0.262,0.521,-0.783,204.705,210.926,198.484
2024-02-01,202.81,209.99,202.19,209.68,3265400,204.014,205.134,202.603,59.326,0.211,0.459,-0.248,205.134,211.489,198.78
2024-02-02,207.12,210.35,202.33,208.97,3304900,205.444,205.578,202.909,57.823,0.522,0.472,0.051,205.578,211.685,199.472
2024-02-05,206.92,207.87,204.58,207.56,2303700,206.618,205.891,203.308,54.85,0.648,0.507,0.141,205.891,211.712,200.069
2024-02-06,207.36,209.38,205.86,207.67,2147500,207.304,205.989,203.701,55.045,0.748,0.555,0.193,205.989,211.864,200.114
2024-02-07,208.81,211.7,208.39,211.07,3303000,208.99,206.263,204.15,60.674,1.089,0.662,0.427,206.263,212.556,199.971
2024-02-08,211.36,212.88,208.74,209.83,1909700,209.02,206.324,204.561,57.83,1.245,0.778,0.466,206.324,212.735,199.914
2024-02-09,210.23,211.66,208.67,211.61,1359100,209.548,206.477,205.003,60.679,1.494,0.922,0.573,206.477,213.247,199.707
2024-02-12,215.52,219.87,215.06,218.85,3258400,211.806,207.05,205.592,69.66,2.251,1.187,1.063,207.05,215.797,198.304
2024-02-13,214.15,216.89,212.93,214.63,3388600,213.198,207.341,206.118,60.925,2.481,1.446,1.035,207.341,216.7,197.982
2024-02-14,215.17,216.28,212.19,216.06,2002100,214.196,207.816,206.575,62.635,2.747,1.706,1.041,207.816,217.941,197.691
2024-02-15,216.84,217.66,215.54,217.39,1925100,215.708,208.349,206.991,64.204,3.03,1.971,1.059,208.349,219.32,197.378
2024-02-16,216.38,217.97,214.57,215.98,2388400,216.582,208.727,207.409,61.267,3.105,2.198,0.907,208.727,220.217,197.237
2024-02-20,212.31,215.58,211.14,214.7,2580100,215.752,209.048,207.749,58.645,3.027,2.364,0.663,209.048,220.84,197.256
2024-02-21,214.89,217.17,214.25,216.88,1700000,216.202,209.683,208.14,61.655,3.104,2.512,0.593,209.683,221.737,197.628
2024-02-22,217.38,220.21,216.72,219.46,2115700,216.882,210.633,208.591,64.911,3.336,2.677,0.659,210.633,222.621,198.644
2024-02-23,220.36,221.92,220.08,221.42,2112600,217.688,211.608,209.11,67.19,3.635,2.868,0.767,211.608,223.783,199.432
2024-02-26,221.82,223.01,219.91,220.24,2928000,218.54,212.528,209.561,64.475,3.734,3.042,0.693,212.528,224.369,200.688
2024-02-27,221.29,228.01,219.0,224.11,5076700,220.422,213.65,209.961,68.911,4.078,3.249,0.829,213.65,225.414,201.885
2024-02-28,226.6,229.87,225.98,227.36,3288600,222.518,214.806,210.235,72.067,4.56,3.511,1.049,214.806,227.204,202.407
2024-02-29,227.52,229.82,227.12,229.14,3107400,224.454,216.13,210.544,73.644,5.028,3.815,1.214,216.13,228.717,203.544
2024-03-01,228.76,233.35,228.27,232.97,2712300,226.764,217.295,210.958,76.694,5.643,4.18,1.463,217.295,231.566,203.024
2024-03-04,232.52,233.54,230.43,230.5,2321500,228.816,218.372,211.297,70.989,5.863,4.517,1.346,218.372,233.234,203.509
2024-03-05,230.18,231.38,228.6,229.28,2514600,229.85,219.457,211.677,68.286,5.872,4.788,1.084,219.457,234.167,204.748
2024-03-06,229.77,230.85,228.37,229.57,2367600,230.292,220.552,212.033,68.592,5.835,4.997,0.837,220.552,234.821,206.284
2024-03-07,230.53,232.45,229.85,230.14,1792900,230.492,221.506,212.41,69.221,5.784,5.155,0.63,221.506,235.655,207.357
2024-03-08,230.03,232.3,229.94,230.36,1502900,229.97,222.532,212.796,69.475,5.697,5.263,0.434,222.532,236.081,208.984
2024-03-11,229.76,230.56,227.47,229.41,2058900,229.752,223.423,213.161,66.908,5.487,5.308,0.179,223.423,236.27,210.575
2024-03-12,230.11,232.76,229.56,231.6,2095300,230.216,224.06,213.57,69.689,5.436,5.333,0.102,224.06,237.214,210.906
2024-03-13,232.54,236.64,232.54,235.56,2238000,231.414,225.106,214.065,73.951,5.649,5.397,0.252,225.106,238.431,211.782
2024-03-14,234.84,235.93,230.87,232.91,2492700,231.968,225.949,214.58,67.146,5.54,5.425,0.115,225.949,238.993,212.905
2024-03-15,232.53,235.4,231.94,233.0,5692800,232.496,226.73,215.218,67.256,5.399,5.42,-0.021,226.73,239.482,213.977
2024-03-18,233.93,234.53,231.37,231.81,2480900,232.976,227.521,215.853,64.19,5.132,5.362,-0.23,227.521,239.399,215.643
2024-03-19,232.78,236.31,232.76,236.14,2408400,233.884,228.593,216.549,69.618,5.21,5.332,-0.122,228.593,239.423,217.763
2024-03-20,236.63,240.32,235.56,239.89,1882600,234.75,229.743,217.233,73.381,5.511,5.368,0.143,229.743,240.217,219.27
2024-03-21,240.84,248.82,240.83,248.49,3418500,237.866,231.195,218.091,79.616,6.369,5.568,0.801,231.195,243.546,218.844
2024-03-22,248.62,249.91,245.99,246.11,2493200,240.488,232.43,218.841,74.421,6.78,5.81,0.969,232.43,245.577,219.282
2024-03-25,246.32,247.03,241.57,241.83,2024600,242.492,233.509,219.507,66.071,6.683,5.985,0.698,233.509,245.969,221.049
2024-03-26,241.32,242.82,239.24,239.37,3048900,243.138,234.272,220.146,61.78,6.334,6.055,0.279,234.272,246.165,222.379
2024-03-27,240.28,241.22,239.2,241.19,2351900,243.398,234.964,220.794,63.661,6.134,6.071,0.064,234.964,246.772,223.155
2024-03-28,240.7,243.06,238.95,242.52,2631200,242.204,235.632,221.513,65.015,6.014,6.059,-0.046,235.632,247.568,223.697
2024-04-01,241.21,243.09,236.61,237.34,2363000,240.45,235.851,222.125,56.225,5.437,5.935,-0.497,235.851,247.741,223.961
2024-04-02,234.48,235.18,231.81,232.74,2819700,238.632,235.963,222.612,49.788,4.557,5.659,-1.102,235.963,247.682,224.244
2024-04-03,229.51,232.44,228.97,229.17,3144500,236.592,235.957,223.029,45.44,3.531,5.234,-1.703,235.957,247.689,224.226
2024-04-04,231.89,233.59,226.42,226.61,2343600,233.676,235.81,223.478,42.569,2.482,4.683,-2.201,235.81,247.948,223.671
2024-04-05,226.6,228.91,226.43,227.85,1680700,230.742,235.695,224.026,44.402,1.731,4.093,-2.362,235.695,248.099,223.291
2024-04-08,226.84,231.09,226.57,230.97,2389200,229.468,235.726,224.607,48.826,1.372,3.549,-2.177,235.726,248.077,223.374
2024-04-09,232.11,233.08,229.34,232.68,2126100,229.456,235.889,225.224,51.121,1.211,3.081,-1.87,235.889,247.973,223.805
2024-04-10,226.73,227.82,223.81,225.8,2955100,228.782,235.599,225.706,42.802,0.523,2.569,-2.047,235.599,248.375,222.823
2024-04-11,227.55,228.78,222.02,224.16,2494600,228.292,235.029,226.104,41.085,-0.154,2.025,-2.178,235.029,248.791,221.267
2024-04-12,222.19,222.71,219.68,220.93,2117400,226.908,234.43,226.47,37.865,-0.939,1.432,-2.371,234.43,249.556,219.304
2024-04-15,223.51,223.6,218.19,218.99,1933100,224.512,233.73,226.656,36.037,-1.699,0.806,-2.505,233.73,250.357,217.102
2024-04-16,217.96,218.84,216.43,217.41,2201000,221.458,233.01,226.825,34.574,-2.401,0.165,-2.565,233.01,251.164,214.855
2024-04-17,219.21,219.83,216.35,217.89,1982300,219.876,232.097,227.032,35.432,-2.885,-0.445,-2.44,232.097,251.388,212.806
2024-04-18,218.86,221.16,216.65,217.83,1993100,218.61,230.994,227.235,35.369,-3.236,-1.004,-2.233,230.994,250.921,211.067
2024-04-19,218.49,220.99,217.92,219.21,2112200,218.266,229.53,227.398,38.072,-3.364,-1.476,-1.889,229.53,248.314,210.746
2024-04-22,220.63,221.87,218.56,220.15,1872800,218.498,228.232,227.604,39.915,-3.352,-1.851,-1.501,228.232,245.737,210.727
2024-04-23,221.2,224.05,220.24,223.43,2189900,219.702,227.312,227.841,45.959,-3.042,-2.089,-0.953,227.312,243.706,210.918
2024-04-24,222.13,222.29,218.91,220.3,1485100,220.184,226.358,227.87,41.653,-3.014,-2.274,-0.74,226.358,242.001,210.716
2024-04-25,217.89,220.65,214.94,219.99,1996800,220.616,225.299,227.977,41.241,-2.983,-2.416,-0.567,225.299,239.518,211.079
2024-04-26,220.0,223.13,219.76,219.9,2001200,220.754,224.168,228.054,41.114,-2.931,-2.519,-0.412,224.168,236.021,212.314
2024-04-29,220.04,221.8,219.87,220.93,1527300,220.91,223.347,228.124,43.27,-2.775,-2.57,-0.205,223.347,233.513,213.181
2024-04-30,220.03,221.25,217.82,218.1,2435200,219.844,222.615,228.167,39.04,-2.847,-2.626,-0.222,222.615,232.012,213.218
2024-05-01,217.51,220.97,215.69,217.65,1713900,219.314,222.039,228.226,38.397,-2.907,-2.682,-0.225,222.039,231.152,212.926
2024-05-02,220.15,220.25,216.56,219.62,1672800,219.24,221.69,228.281,42.834,-2.764,-2.698,-0.066,221.69,230.599,212.78
2024-05-03,223.47,227.82,221.92,222.06,1834700,219.672,221.4,228.333,47.845,-2.425,-2.644,0.218,221.4,229.83,212.97
2024-05-06,224.65,224.76,221.16,221.65,1714000,219.816,220.934,228.337,47.098,-2.165,-2.548,0.383,220.934,228.067,213.801
2024-05-07,222.38,224.65,221.19,221.42,1912500,220.48,220.371,228.361,46.658,-1.955,-2.429,0.474,220.371,224.904,215.838
2024-05-08,219.62,222.91,219.07,222.01,1689200,221.352,220.182,228.319,48.0,-1.721,-2.288,0.567,220.182,224.022,216.341
2024-05-09,222.02,226.68,222.02,225.89,1652700,222.606,220.268,228.289,55.866,-1.209,-2.072,0.863,220.268,224.54,215.996
2024-05-10,225.55,227.05,224.26,224.84,1336700,223.162,220.463,228.203,53.507,-0.877,-1.833,0.956,220.463,225.196,215.731
2024-05-13,226.05,226.61,221.64,222.88,1983700,223.408,220.658,228.002,49.321,-0.764,-1.619,0.855,220.658,225.455,215.861
2024-05-14,222.76,224.95,219.89,221.54,2763200,223.432,220.864,227.822,46.635,-0.773,-1.45,0.677,220.864,225.422,216.307
2024-05-15,224.89,227.03,224.65,225.84,2103600,224.198,221.262,227.754,55.088,-0.429,-1.246,0.817,221.262,226.105,216.419
2024-05-16,224.2,224.79,221.67,222.19,1847300,223.458,221.48,227.606,48.12,-0.445,-1.086,0.64,221.48,226.058,216.902
2024-05-17,222.58,222.94,220.17,221.09,1968800,222.708,221.574,227.425,46.223,-0.541,-0.977,0.436,221.574,226.031,217.117
2024-05-20,220.23,221.06,218.34,219.23,2684400,221.978,221.528,227.202,43.126,-0.758,-0.933,0.175,221.528,226.066,216.99
2024-05-21,221.75,221.75,211.81,215.11,5397700,220.692,221.112,226.916,37.183,-1.248,-0.996,-0.252,221.112,226.382,215.842
2024-05-22,214.44,215.65,210.66,211.54,2769800,217.832,220.674,226.515,32.947,-1.902,-1.177,-0.725,220.674,227.465,213.883
2024-05-23,212.14,212.23,207.42,208.05,2636600,215.004,220.077,225.965,29.418,-2.672,-1.476,-1.196,220.077,228.912,211.242
2024-05-24,208.3,208.8,205.44,205.88,2632200,211.962,219.376,225.424,27.45,-3.417,-1.864,-1.553,219.376,230.258,208.494
2024-05-28,205.47,207.4,204.69,206.03,3072400,209.322,218.631,224.885,27.809,-3.951,-2.282,-1.669,218.631,231.003,206.259
2024-05-29,204.37,205.31,203.55,204.98,2359800,207.296,217.975,224.348,26.808,-4.407,-2.707,-1.7,217.975,231.775,204.175
2024-05-30,205.97,207.35,204.17,206.12,2778100,206.212,217.398,223.748,29.766,-4.624,-3.09,-1.534,217.398,232.184,202.613
2024-05-31,207.11,211.82,206.66,211.69,4598400,206.94,217.002,223.184,42.082,-4.296,-3.331,-0.965,217.002,231.961,202.043
2024-06-03,210.16,211.44,206.63,207.33,2480500,207.23,216.265,222.361,36.662,-4.339,-3.533,-0.806,216.265,231.621,200.91
2024-06-04,205.96,208.86,205.78,207.14,2291200,207.452,215.54,221.581,36.442,-4.337,-3.694,-0.644,215.54,231.192,199.888
2024-06-05,207.39,210.12,206.4,209.95,1727900,208.446,214.966,220.944,41.992,-4.063,-3.768,-0.295,214.966,230.552,199.381
2024-06-06,209.72,210.65,208.54,208.98,2033900,209.018,214.315,220.336,40.672,-3.879,-3.79,-0.089,214.315,229.75,198.88
2024-06-07,206.91,208.77,205.44,207.27,1602400,208.134,213.384,219.658,38.381,-3.827,-3.797,-0.03,213.384,228.109,198.659
2024-06-10,207.06,208.92,206.73,208.64,1851500,208.396,212.574,218.98,41.237,-3.634,-3.765,0.131,212.574,226.4,198.748
2024-06-11,208.39,209.05,205.69,208.88,1910100,208.744,211.874,218.411,41.746,-3.421,-3.696,0.275,211.874,224.898,198.85
2024-06-12,212.2,217.15,212.2,215.26,3609500,209.806,211.56,218.061,53.329,-2.707,-3.498,0.791,211.56,223.886,199.234
2024-06-13,216.17,217.54,213.69,217.02,2116600,211.414,211.119,217.818,55.932,-1.976,-3.194,1.217,211.119,221.818,200.42
2024-06-14,215.06,215.96,211.82,213.66,1936600,212.692,210.692,217.559,50.178,-1.649,-2.885,1.236,210.692,220.14,201.245
2024-06-17,212.72,217.38,212.0,216.94,1700800,214.352,210.485,217.341,55.04,-1.113,-2.53,1.418,210.485,219.118,201.852
2024-06-18,217.64,219.26,217.11,217.89,2072900,216.154,210.418,217.079,56.368,-0.604,-2.145,1.541,210.418,218.782,202.054
2024-06-20,216.96,218.47,215.34,217.66,2377800,216.634,210.546,216.779,55.937,-0.216,-1.759,1.543,210.546,219.28,201.811
2024-06-21,217.81,220.12,216.73,218.68,3627300,216.966,210.902,216.637,57.489,0.171,-1.373,1.544,210.902,220.362,201.443
2024-06-24,218.84,220.04,217.87,218.49,3463000,217.932,211.424,216.523,57.086,0.457,-1.007,1.464,211.424,221.361,201.488
2024-06-25,216.96,217.21,207.57,207.83,3892000,216.11,211.522,216.261,40.092,-0.174,-0.841,0.666,211.522,221.266,201.778
2024-06-26,207.07,209.66,206.51,209.29,2601200,214.39,211.685,216.067,42.612,-0.55,-0.782,0.232,211.685,221.147,202.223
2024-06-27,210.03,210.77,208.62,210.27,2654600,212.912,211.95,215.924,44.305,-0.76,-0.778,0.018,211.95,220.905,202.994
2024-06-28,210.62,211.95,208.9,210.9,12630400,211.356,212.189,215.785,45.42,-0.866,-0.796,-0.071,212.189,220.735,203.642
2024-07-01,209.92,210.94,204.22,204.3,2569200,208.518,211.819,215.514,37.052,-1.466,-0.93,-0.536,211.819,221.066,202.572
2024-07-02,203.47,205.53,202.62,204.43,2173700,207.838,211.674,215.218,37.297,-1.908,-1.125,-0.783,211.674,221.301,202.047
2024-07-03,206.47,207.59,203.81,204.05,1423500,206.79,211.52,214.896,36.845,-2.264,-1.353,-0.911,211.52,221.544,201.495
2024-07-05,203.47,205.52,203.31,204.61,1907400,205.658,211.252,214.52,38.036,-2.472,-1.577,-0.895,211.252,221.727,200.778
2024-07-08,205.68,208.83,205.48,207.73,2947500,205.024,211.19,214.269,44.332,-2.358,-1.733,-0.625,211.19,221.736,200.644
2024-07-09,206.6,207.77,205.88,206.95,2571700,205.554,211.174,214.008,43.152,-2.303,-1.847,-0.456,211.174,221.746,200.602
2024-07-10,208.14,211.33,207.48,211.17,2007000,206.902,211.3,213.833,50.787,-1.898,-1.857,-0.041,211.3,221.805,200.796
2024-07-11,215.83,220.01,213.85,219.79,3006900,210.05,211.846,213.81,62.012,-0.871,-1.66,0.789,211.846,222.938,200.754
2024-07-12,221.1,227.74,220.35,223.93,3180600,213.914,212.28,213.927,66.02,0.273,-1.273,1.547,212.28,224.549,200.01
2024-07-15,223.85,224.9,220.63,222.1,2074600,216.788,212.534,214.016,62.862,1.021,-0.815,1.835,212.534,225.411,199.656
2024-07-16,222.72,230.56,222.03,230.52,2356500,221.502,213.376,214.234,69.977,2.267,-0.198,2.465,213.376,228.565,198.188
2024-07-17,229.07,234.98,227.43,232.5,3958800,225.768,214.154,214.443,71.367,3.375,0.516,2.859,214.154,231.546,196.763
2024-07-18,231.46,236.26,227.59,228.99,2606700,227.608,214.71,214.59,65.574,3.925,1.198,2.727,214.71,233.272,196.147
2024-07-19,229.02,230.58,227.54,228.18,2739300,228.458,215.236,214.725,64.277,4.246,1.808,2.439,215.236,234.723,195.748
2024-07-22,229.07,230.93,226.31,229.85,2308500,230.008,215.794,214.882,65.78,4.583,2.363,2.22,215.794,236.31,195.278
2024-07-23,230.64,231.49,227.22,227.98,2211000,229.5,216.268,214.923,62.605,4.645,2.819,1.826,216.268,237.475,195.062
2024-07-24,227.33,229.83,222.49,222.7,2756800,227.54,217.012,214.881,54.592,4.22,3.099,1.121,217.012,238.014,196.01
2024-07-25,222.84,229.44,222.09,225.68,2142600,226.878,217.832,214.937,57.87,4.076,3.295,0.782,217.832,238.844,196.819
2024-07-26,227.1,233.13,226.93,229.62,1942500,227.166,218.799,215.098,61.796,4.232,3.482,0.75,218.799,240.125,197.473
2024-07-29,229.04,231.65,228.14,230.51,2082300,227.298,219.78,215.192,62.643,4.376,3.661,0.715,219.78,241.378,198.181
2024-07-30,230.89,232.99,229.07,232.05,1782500,228.112,221.167,215.389,64.125,4.562,3.841,0.721,221.167,242.135,200.199
2024-07-31,233.24,239.35,231.9,236.0,3054700,230.772,222.746,215.687,67.667,4.971,4.067,0.904,222.746,243.154,202.337
2024-08-01,237.27,238.66,229.76,232.01,2022800,232.038,224.144,215.943,61.103,4.917,4.237,0.68,224.144,242.925,205.362
2024-08-02,229.04,231.21,226.09,231.11,2258800,232.336,225.468,216.263,59.697,4.746,4.339,0.407,225.468,242.059,208.878
2024-08-05,227.18,231.66,223.73,227.84,3058000,231.802,226.474,216.589,54.763,4.298,4.331,-0.033,226.474,240.824,212.124
2024-08-06,226.54,234.75,226.54,231.33,2319500,231.658,227.693,217.054,58.687,4.176,4.3,-0.124,227.693,238.846,216.54
2024-08-07,232.34,233.92,222.15,222.62,3355400,228.982,228.266,217.389,47.592,3.338,4.107,-0.77,228.266,236.689,219.842
2024-08-08,223.2,227.64,222.05,227.18,2084300,228.016,228.635,217.812,52.64,3.007,3.887,-0.88,228.635,236.085,221.185
2024-08-09,226.65,228.54,225.23,226.7,1675500,227.134,228.774,218.246,52.072,2.675,3.645,-0.97,228.774,235.953,221.594
2024-08-12,225.66,225.66,220.5,222.12,2592300,225.99,228.774,218.566,46.87,2.019,3.32,-1.3,228.774,235.95,221.599
2024-08-13,219.94,227.62,218.81,227.04,2860800,225.132,228.6,218.873,52.374,1.875,3.031,-1.156,228.6,235.767,221.434
2024-08-14,226.7,230.37,226.67,228.44,2098500,226.296,228.397,219.296,53.839,1.852,2.795,-0.943,228.397,235.325,221.47
2024-08-15,232.9,233.53,229.03,230.76,3029400,227.012,228.486,219.768,56.242,1.999,2.636,-0.637,228.486,235.49,221.482
2024-08-16,231.12,232.78,229.88,231.81,1725700,228.034,228.668,220.205,57.325,2.174,2.543,-0.369,228.668,235.825,221.51
2024-08-19,232.88,234.11,230.85,233.79,2708600,230.368,228.864,220.701,59.367,2.445,2.524,-0.079,228.864,236.367,221.362
2024-08-20,230.71,236.35,229.41,231.02,3910400,231.164,229.016,221.176,55.375,2.408,2.501,-0.093,229.016,236.567,221.466
2024-08-21,232.15,233.3,230.56,232.98,2676500,232.072,229.531,221.663,57.55,2.508,2.502,0.006,229.531,236.658,222.403
2024-08-22,233.59,233.9,230.41,231.0,1979900,232.12,229.796,222.106,54.652,2.4,2.482,-0.082,229.796,236.713,222.88
2024-08-23,232.29,241.5,231.51,240.39,2685400,233.836,230.335,222.608,63.929,3.037,2.593,0.444,230.335,238.716,221.954
2024-08-26,242.13,243.39,240.43,240.8,2790500,235.238,230.849,223.084,64.272,3.534,2.781,0.753,230.849,240.45,221.249
2024-08-27,240.18,240.25,238.04,238.94,1772500,236.822,231.194,223.589,61.414,3.735,2.972,0.763,231.194,241.448,220.94
2024-08-28,238.86,240.73,237.36,239.3,1372000,238.086,231.359,224.037,61.768,3.878,3.153,0.725,231.359,242.036,220.682
2024-08-29,240.32,241.04,236.85,237.21,1612900,239.328,231.619,224.423,58.414,3.78,3.278,0.502,231.619,242.612,220.626
2024-08-30,238.25,239.41,235.9,238.88,2586900,239.026,232.008,224.847,60.27,3.793,3.381,0.412,232.008,243.464,220.551
2024-09-03,237.63,239.78,234.19,235.95,2460200,238.056,232.413,225.193,55.582,3.526,3.41,0.116,232.413,243.822,221.004
2024-09-04,235.38,236.32,232.72,235.94,2094700,237.456,232.644,225.542,55.566,3.276,3.384,-0.107,232.644,244.146,221.141
2024-09-05,236.81,236.81,232.23,234.66,2083100,236.528,233.246,226.078,53.459,2.941,3.295,-0.354,233.246,243.757,222.734
2024-09-06,235.37,237.88,233.72,234.37,1889700,235.96,233.605,226.58,52.969,2.622,3.16,-0.539,233.605,243.728,223.482
2024-09-09,235.75,236.22,232.96,235.25,1823000,235.234,234.032,227.08,54.337,2.412,3.011,-0.599,234.032,243.636,224.429
2024-09-10,235.0,238.76,233.21,237.8,2112900,235.604,234.816,227.618,58.136,2.423,2.893,-0.47,234.816,242.739,226.894
2024-09-11,235.57,238.24,230.71,237.8,1841500,235.976,235.354,228.288,58.136,2.405,2.795,-0.391,235.354,242.474,228.235
2024-09-12,238.96,242.43,237.93,242.29,2222400,237.502,236.047,229.045,64.215,2.721,2.781,-0.06,236.047,243.027,229.067
2024-09-13,243.19,247.44,242.83,245.52,2118100,239.732,236.785,229.874,67.834,3.195,2.863,0.332,236.785,244.495,229.075
2024-09-16,247.1,248.13,244.37,246.7,1591300,242.022,237.53,230.716,69.065,3.625,3.016,0.609,237.53,246.05,229.009
2024-09-17,246.46,249.44,246.09,246.78,1343500,243.818,238.179,231.497,69.151,3.926,3.198,0.728,238.179,247.446,228.912
2024-09-18,247.17,251.82,245.65,246.69,1625200,245.596,238.962,232.292,68.919,4.11,3.38,0.73,238.962,248.331,229.594
2024-09-19,250.79,252.12,249.5,250.89,2261300,247.316,239.858,233.086,73.413,4.543,3.613,0.93,239.858,250.192,229.524
2024-09-20,249.24,251.42,247.96,250.07,4470300,248.226,240.811,233.692,71.247,4.765,3.843,0.922,240.811,251.223,230.4
2024-09-23,250.7,252.3,248.28,252.13,2131000,249.312,241.398,234.256,73.373,5.048,4.084,0.964,241.398,252.97,229.827
2024-09-24,255.05,257.71,253.25,255.74,3414100,251.104,242.146,234.929,76.633,5.501,4.368,1.134,242.146,255.365,228.926
2024-09-25,255.84,256.28,253.7,254.71,1815500,252.708,242.934,235.412,73.854,5.711,4.636,1.075,242.934,257.19,228.678
2024-09-26,255.83,256.4,249.25,255.32,2254500,253.594,243.735,235.869,74.445,5.859,4.881,0.978,243.735,258.902,228.568
2024-09-27,257.38,258.3,255.45,256.79,1852300,254.938,244.714,236.425,75.861,6.026,5.11,0.916,244.714,260.617,228.811
2024-09-30,258.03,260.76,256.73,260.36,2032800,256.584,245.788,237.068,78.916,6.372,5.362,1.01,245.788,262.889,228.687
2024-10-01,259.55,263.54,257.83,262.08,2552400,257.852,247.094,237.713,80.216,6.708,5.631,1.077,247.094,265.004,229.185
2024-10-02,261.25,262.33,260.26,261.33,2244200,259.176,248.364,238.38,77.96,6.835,5.872,0.963,248.364,266.542,230.186
2024-10-03,260.97,261.75,258.22,259.75,1634600,260.062,249.618,239.121,73.284,6.731,6.044,0.687,249.618,267.27,231.967
2024-10-04,259.54,259.99,252.97,257.39,2245600,260.182,250.77,239.755,66.836,6.384,6.112,0.272,250.77,267.193,234.346
2024-10-07,254.88,259.46,253.38,258.14,2302100,259.738,251.914,240.326,67.805,6.099,6.109,-0.01,251.914,266.913,236.915
2024-10-08,260.01,263.64,259.36,262.69,1947900,259.86,253.158,240.969,72.968,6.17,6.122,0.048,253.158,267.334,238.983
2024-10-09,267.33,267.33,262.7,266.45,2431000,260.884,254.591,241.657,76.344,6.455,6.188,0.267,254.591,268.002,241.18
2024-10-10,262.25,264.4,260.5,262.63,1714400,261.46,255.608,242.19,67.166,6.3,6.21,0.089,255.608,268.147,243.069
2024-10-11,263.4,266.01,263.4,265.08,1303600,262.998,256.586,242.851,69.683,6.302,6.229,0.073,256.586,268.861,244.311
2024-10-14,265.01,270.5,264.84,269.86,1760300,265.342,257.744,243.626,73.89,6.613,6.306,0.307,257.744,270.454,245.034
2024-10-15,271.0,275.9,270.47,270.92,2369100,266.988,258.951,244.488,74.727,6.866,6.418,0.448,258.951,271.86,246.042
2024-10-16,270.2,273.39,269.94,273.05,1754900,268.308,260.269,245.322,76.367,7.156,6.565,0.591,260.269,273.29,247.248
2024-10-17,273.0,274.19,270.13,270.42,1574200,269.866,261.246,246.278,70.3,7.092,6.671,0.421,261.246,274.234,248.257
2024-10-18,270.89,271.44,268.28,270.73,2031100,270.996,262.278,247.149,70.597,6.985,6.733,0.252,262.278,274.803,249.754
2024-10-21,269.71,271.75,264.99,266.12,2438300,270.248,262.978,247.938,60.866,6.454,6.678,-0.223,262.978,274.649,251.307
2024-10-22,261.49,262.83,257.78,261.68,3102500,268.4,263.275,248.729,53.252,5.611,6.464,-0.853,263.275,274.463,252.087
2024-10-23,261.28,263.16,259.91,260.75,2109400,265.94,263.577,249.403,51.791,4.812,6.134,-1.322,263.577,274.098,253.056
2024-10-24,261.32,262.94,260.44,261.96,2025900,264.248,263.909,250.073,53.576,4.227,5.753,-1.525,263.909,273.728,254.09
2024-10-25,261.1,261.78,257.03,258.37,1788000,261.776,263.988,250.626,47.908,3.435,5.289,-1.854,263.988,273.589,254.387
2024-10-28,260.84,261.79,258.33,258.69,2140300,260.29,263.904,251.163,48.432,2.801,4.791,-1.991,263.904,273.666,254.143
2024-10-29,254.08,255.89,251.49,253.86,2311100,258.726,263.494,251.565,41.629,1.886,4.21,-2.324,263.494,274.223,252.764
2024-10-30,253.43,256.24,251.19,252.33,2356300,257.042,263.044,251.991,39.726,1.027,3.574,-2.547,263.044,274.855,251.232
2024-10-31,252.34,254.41,251.92,252.76,2950700,255.202,262.694,252.386,40.549,0.375,2.934,-2.559,262.694,275.303,250.085
2024-11-01,256.35,257.53,252.51,252.86,2262400,254.1,262.468,252.824,40.751,-0.131,2.321,-2.452,262.468,275.628,249.307
2024-11-04,253.32,258.3,253.29,255.8,1741700,253.522,262.35,253.132,46.52,-0.292,1.798,-2.09,262.35,275.713,248.988
2024-11-05,254.91,259.94,254.91,259.85,1562500,254.72,262.208,253.513,53.27,-0.091,1.421,-1.512,262.208,275.616,248.801
2024-11-06,256.93,256.93,248.34,252.66,4439300,254.786,261.519,253.787,42.914,-0.507,1.035,-1.542,261.519,275.418,247.62
2024-11-07,253.68,257.88,253.4,257.07,1972500,255.648,261.241,254.143,49.41,-0.475,0.733,-1.208,261.241,275.268,247.214
2024-11-08,259.66,262.48,258.63,261.71,2102400,257.418,261.072,254.633,55.188,-0.074,0.572,-0.646,261.072,274.986,247.159
2024-11-11,264.06,266.73,262.86,265.0,2252100,259.258,260.83,255.155,58.783,0.503,0.558,-0.055,260.83,274.258,247.401
2024-11-12,266.2,267.18,260.1,260.55,2634600,259.398,260.311,255.647,52.633,0.595,0.565,0.029,260.311,272.872,247.75
2024-11-13,263.27,264.8,261.44,262.88,1819900,261.442,259.802,256.186,55.272,0.846,0.621,0.224,259.802,270.934,248.671
2024-11-14,263.21,263.92,260.46,260.98,2324000,262.224,259.331,256.712,52.694,0.881,0.673,0.208,259.331,269.307,249.354
2024-11-15,260.55,262.53,259.16,260.07,2264000,261.896,258.798,257.226,51.456,0.826,0.704,0.122,258.798,267.229,250.366
2024-11-18,259.13,264.14,258.07,262.35,2600600,261.366,258.609,257.768,54.35,0.955,0.754,0.201,258.609,266.502,250.716
2024-11-19,253.97,255.81,249.5,250.28,4214000,259.312,258.039,258.018,40.565,0.083,0.62,-0.537,258.039,266.616,249.462
2024-11-20,250.32,254.52,249.98,253.92,2864200,257.52,257.698,258.34,45.088,-0.311,0.434,-0.745,257.698,266.363,249.032
2024-11-21,254.91,256.48,253.17,256.03,1844800,256.53,257.401,258.615,47.579,-0.448,0.257,-0.705,257.401,265.856,248.946
2024-11-22,256.89,257.66,253.81,255.51,2410900,255.618,257.258,258.815,47.013,-0.592,0.088,-0.679,257.258,265.74,248.776
2024-11-25,259.62,266.07,259.19,265.78,3691700,256.304,257.612,259.196,57.711,0.122,0.094,0.027,257.612,266.901,248.324
2024-11-26,265.11,265.26,261.58,264.96,2422300,259.24,258.168,259.56,56.726,0.614,0.198,0.416,258.168,267.831,248.504
2024-11-27,265.62,266.81,263.12,263.72,2263800,261.2,258.737,259.901,55.192,0.894,0.337,0.556,258.737,268.294,249.18
2024-11-29,263.26,264.67,262.51,262.99,1526400,262.592,259.249,260.143,54.262,1.045,0.479,0.566,259.249,268.55,249.947
2024-12-02,263.97,264.31,260.11,262.62,2202700,264.014,259.737,260.394,53.767,1.121,0.607,0.514,259.737,268.643,250.83
2024-12-03,263.46,265.89,260.59,264.88,2459100,263.834,260.191,260.649,56.383,1.349,0.756,0.593,260.191,269.177,251.204
2024-12-04,262.98,264.62,260.9,262.84,2081000,263.41,260.34,260.791,53.444,1.349,0.874,0.475,260.34,269.402,251.278
2024-12-05,262.22,263.38,260.2,260.71,1959800,262.808,260.742,260.911,50.485,1.164,0.932,0.232,260.742,269.052,252.433
2024-12-06,262.47,267.33,261.74,263.96,1745700,263.002,261.087,261.083,54.614,1.265,0.999,0.266,261.087,269.326,252.848
2024-12-09,264.51,270.92,263.26,264.65,2647000,263.408,261.234,261.241,55.463,1.385,1.076,0.309,261.234,269.624,252.844
2024-12-10,263.04,263.47,259.28,260.75,2214700,262.582,261.022,261.248,49.793,1.151,1.091,0.06,261.022,269.223,252.82
2024-12-11,261.96,263.88,257.98,258.62,3297100,261.738,260.925,261.179,46.968,0.786,1.03,-0.244,260.925,269.195,252.655
2024-12-12,259.02,259.09,253.94,254.37,2391600,260.47,260.5,261.04,41.866,0.151,0.854,-0.703,260.5,269.21,251.789
2024-12-13,254.01,255.58,252.99,253.3,1999300,258.338,260.116,260.911,40.668,-0.433,0.597,-1.03,260.116,269.395,250.836
2024-12-16,253.67,254.86,250.94,251.09,1964600,255.626,259.666,260.785,38.234,-1.062,0.265,-1.327,259.666,269.786,249.547
2024-12-17,249.49,250.96,247.44,248.82,2402100,253.24,258.99,260.599,35.861,-1.724,-0.133,-1.591,258.99,270.114,247.866
2024-12-18,248.49,250.64,240.99,241.15,3084400,249.746,258.534,260.168,29.253,-2.834,-0.673,-2.161,258.534,271.72,245.347
2024-12-19,240.37,241.95,235.68,236.05,4159000,246.082,257.64,259.56,25.843,-4.079,-1.354,-2.725,257.64,274.147,241.133
2024-12-20,236.07,240.58,235.55,239.14,5693100,243.25,256.796,259.09,31.085,-4.762,-2.036,-2.726,256.796,275.261,238.33
2024-12-23,237.72,239.33,236.73,238.8,2079000,240.792,255.96,258.564,30.826,-5.269,-2.682,-2.587,255.96,276.106,235.814
2024-12-24,239.39,241.55,238.63,241.55,992100,239.338,254.748,257.998,35.493,-5.387,-3.223,-2.164,254.748,275.318,234.179
2024-12-26,239.64,241.47,239.23,240.79,1435200,239.266,253.54,257.396,34.795,-5.479,-3.674,-1.804,253.54,274.421,232.659
2024-12-27,239.75,241.42,238.73,239.74,1581100,240.004,252.341,256.729,33.805,-5.572,-4.054,-1.518,252.341,273.513,231.169
2024-12-30,239.31,239.34,236.06,238.18,1622800,239.812,251.1,256.085,32.333,-5.706,-4.384,-1.322,251.1,272.55,229.651
2024-12-31,238.68,239.6,237.27,238.25,1397900,239.702,249.882,255.435,32.475,-5.74,-4.656,-1.085,249.882,271.345,228.419
2025-01-02,239.67,241.21,236.74,238.42,2741000,239.076,248.559,254.881,32.844,-5.688,-4.862,-0.826,248.559,269.382,227.736
2025-01-03,239.52,240.15,237.4,239.87,1889200,238.892,247.41,254.445,36.052,-5.467,-4.983,-0.484,247.41,267.436,227.385
2025-01-06,240.12,243.94,238.72,241.09,2573400,239.162,246.429,254.052,38.705,-5.134,-5.013,-0.121,246.429,265.616,227.243
2025-01-07,241.46,242.94,237.6,238.03,1803500,239.132,245.133,253.573,34.804,-5.059,-5.022,-0.036,245.133,262.774,227.492
2025-01-08,236.94,238.67,234.54,238.34,2364900,239.15,243.818,253.172,35.513,-4.917,-5.001,0.084,243.818,259.097,228.538
2025-01-10,238.44,241.34,236.03,239.31,2537800,239.328,242.746,252.785,37.793,-4.673,-4.936,0.263,242.746,255.88,229.611
2025-01-13,239.48,242.46,238.19,240.04,2689700,239.362,241.816,252.508,39.526,-4.37,-4.823,0.452,241.816,252.651,230.982
2025-01-14,241.35,243.63,240.64,242.49,2055100,239.642,241.222,252.312,45.057,-3.888,-4.636,0.748,241.222,250.323,232.122
2025-01-15,248.9,250.75,247.18,247.83,2880600,241.602,240.949,252.213,54.768,-3.04,-4.317,1.277,240.949,248.758,233.14
2025-01-16,247.9,250.54,247.04,249.81,1882300,243.896,240.885,252.152,57.75,-2.182,-3.89,1.707,240.885,248.358,233.412
2025-01-17,250.95,252.94,249.44,252.01,2758500,246.436,241.045,252.076,60.839,-1.31,-3.374,2.063,241.045,249.323,232.766
2025-01-21,253.89,257.59,253.59,255.19,2804400,249.466,241.746,251.983,64.84,-0.359,-2.771,2.412,241.746,252.167,231.326
2025-01-22,254.56,254.56,249.9,250.15,2074100,250.998,242.452,251.933,55.211,-0.011,-2.219,2.208,242.452,253.153,231.75
2025-01-23,249.96,253.54,249.96,253.37,2614300,252.106,243.163,251.859,59.363,0.518,-1.671,2.19,243.163,254.79,231.536
2025-01-24,252.96,254.98,251.49,254.22,2021600,252.988,243.934,251.709,60.407,0.995,-1.138,2.133,243.934,256.36,231.508
2025-01-27,255.12,261.0,255.0,260.25,2178700,254.636,244.869,251.614,66.9,1.838,-0.543,2.381,244.869,259.207,230.531
2025-01-28,258.15,258.83,255.59,256.36,1459100,254.87,245.647,251.53,60.057,2.168,-0.001,2.168,245.647,260.725,230.57
2025-01-29,257.13,258.49,253.46,253.77,2092400,255.594,246.349,251.348,55.954,2.194,0.438,1.756,246.349,261.574,231.124
2025-01-30,255.63,258.45,254.46,255.97,1630400,256.114,247.238,251.248,58.545,2.366,0.824,1.542,247.238,262.532,231.945
2025-01-31,254.3,256.14,251.71,252.13,1735100,255.696,247.932,251.089,52.716,2.167,1.092,1.074,247.932,262.762,233.103
2025-02-03,248.25,250.81,244.7,248.69,1862000,253.384,248.446,250.816,48.096,1.712,1.216,0.496,248.446,262.583,234.309
2025-02-04,248.16,250.37,247.36,249.4,1976300,251.992,248.922,250.798,49.087,1.392,1.252,0.141,248.922,262.473,235.372
2025-02-05,251.03,251.55,247.11,250.6,1693300,251.358,249.398,250.732,50.799,1.222,1.246,-0.024,249.398,262.449,236.347
2025-02-06,252.19,252.68,247.93,249.13,2397400,249.99,249.953,250.594,48.642,0.957,1.188,-0.231,249.953,261.863,238.043
2025-02-07,249.0,249.52,243.7,244.27,2163600,248.418,250.249,250.369,42.255,0.352,1.021,-0.669,250.249,261.199,239.3
2025-02-10,247.55,249.04,244.87,248.64,1980600,248.408,250.716,250.026,48.769,0.221,0.861,-0.639,250.716,260.428,241.004
2025-02-11,248.21,250.08,247.82,249.21,1549900,248.37,251.174,249.711,49.568,0.162,0.721,-0.559,251.174,259.536,242.813
2025-02-12,243.12,243.36,239.01,242.64,2634000,246.778,251.182,249.29,41.527,-0.41,0.495,-0.905,251.182,259.511,242.853
2025-02-13,243.98,245.6,242.53,244.97,1832100,245.946,251.039,248.929,44.938,-0.668,0.262,-0.93,251.039,259.702,242.376
2025-02-14,246.76,248.62,243.6,244.13,1805900,245.918,250.755,248.559,43.943,-0.929,0.024,-0.953,250.755,259.944,241.566
2025-02-18,242.85,243.71,240.83,243.08,1989400,244.806,250.308,248.123,42.671,-1.207,-0.222,-0.985,250.308,260.09,240.527
2025-02-19,239.73,241.31,237.66,239.17,2513300,242.798,249.508,247.65,38.232,-1.723,-0.522,-1.201,249.508,260.188,238.827
2025-02-20,238.69,239.17,236.68,238.92,2025700,242.054,248.946,247.214,37.96,-2.127,-0.843,-1.284,248.946,260.619,237.273
2025-02-21,239.85,240.2,231.48,231.89,3165000,239.438,247.872,246.573,31.233,-2.981,-1.271,-1.71,247.872,261.602,234.142
2025-02-24,231.57,232.17,228.75,229.87,4871400,236.586,246.654,245.877,29.609,-3.777,-1.772,-2.005,246.654,262.212,231.097
2025-02-25,230.76,237.0,230.76,235.01,4380900,234.972,245.392,245.362,38.387,-3.947,-2.207,-1.74,245.392,260.391,230.394
2025-02-26,244.26,245.25,233.73,239.55,4664300,235.048,244.552,244.981,44.92,-3.674,-2.5,-1.173,244.552,258.829,230.275
2025-02-27,239.56,240.89,237.48,238.03,2702100,234.87,243.765,244.654,43.266,-3.539,-2.708,-0.831,243.765,257.632,229.898
2025-02-28,240.62,242.11,236.87,241.07,3011000,236.706,243.02,244.41,47.435,-3.15,-2.796,-0.354,243.02,255.674,230.366
2025-03-03,241.11,242.08,236.38,238.67,2740900,238.466,242.347,244.161,44.645,-3.001,-2.837,-0.164,242.347,254.378,230.316
2025-03-04,237.17,237.22,231.8,232.55,2791800,237.974,241.54,243.836,38.438,-3.338,-2.938,-0.401,241.54,253.939,229.141
2025-03-05,230.76,235.61,230.56,235.57,3175800,237.178,240.848,243.724,42.674,-3.324,-3.015,-0.309,240.848,252.94,228.757
2025-03-06,234.46,237.85,232.74,236.09,2596500,236.79,240.123,243.725,43.396,-3.233,-3.058,-0.175,240.123,251.47,228.776
2025-03-07,234.69,235.65,231.11,235.28,2570600,235.632,239.431,243.648,42.498,-3.19,-3.085,-0.105,239.431,250.135,228.726
2025-03-10,235.12,239.12,233.73,235.0,2497500,234.898,238.967,243.572,42.173,-3.142,-3.096,-0.046,238.967,249.592,228.342
2025-03-11,234.46,234.66,224.54,225.59,3294600,233.506,237.814,243.253,33.033,-3.819,-3.241,-0.578,237.814,249.007,226.622
2025-03-12,225.92,227.61,219.51,221.38,2825500,230.668,236.423,242.864,29.91,-4.642,-3.521,-1.121,236.423,248.532,224.314
2025-03-13,220.8,221.41,213.47,215.88,3193600,226.626,235.085,242.387,26.398,-5.672,-3.951,-1.721,235.085,249.911,220.259
2025-03-14,217.51,217.92,214.29,217.61,2672300,223.092,233.717,241.976,29.214,-6.277,-4.416,-1.861,233.717,249.706,217.728
2025-03-17,218.15,219.73,216.6,218.98,2821300,219.888,232.46,241.59,31.45,-6.57,-4.847,-1.723,232.46,248.948,215.971
2025-03-18,218.03,218.72,215.8,216.17,1811800,218.004,231.114,241.145,29.398,-6.949,-5.267,-1.682,231.114,248.329,213.899
2025-03-19,216.99,219.02,215.65,218.65,1944100,217.458,230.088,240.721,33.52,-6.969,-5.608,-1.361,230.088,247.723,212.453
2025-03-20,218.68,222.57,217.19,219.37,1924200,218.156,229.11,240.287,34.711,-6.847,-5.856,-0.992,229.11,246.851,211.37
2025-03-21,217.51,220.28,214.27,220.16,6353400,218.666,228.524,239.929,36.065,-6.611,-6.007,-0.605,228.524,246.649,210.399
2025-03-24,221.43,226.04,221.43,225.8,2485100,220.03,228.32,239.678,44.858,-5.901,-5.986,0.085,228.32,246.473,210.168
2025-03-25,225.24,226.06,221.13,223.67,2476800,221.53,227.753,239.366,42.482,-5.447,-5.878,0.431,227.753,245.734,209.773
2025-03-26,223.78,226.46,223.64,224.99,1790500,222.798,227.026,239.065,44.446,-4.924,-5.687,0.763,227.026,244.154,209.897
2025-03-27,225.66,226.76,223.83,225.1,2425000,223.944,226.379,238.717,44.615,-4.45,-5.44,0.99,226.379,242.716,210.042
2025-03-28,225.42,225.55,220.52,221.47,2118300,224.206,225.399,238.19,40.246,-4.317,-5.215,0.898,225.399,240.315,210.483
2025-03-31,219.84,227.83,219.84,226.13,3465700,224.272,224.772,237.716,47.372,-3.792,-4.931,1.139,224.772,238.332,211.212
2025-04-01,225.33,227.37,223.47,226.89,2212800,224.916,224.489,237.214,48.451,-3.276,-4.6,1.323,224.489,237.594,211.384
2025-04-02,225.08,228.93,225.08,228.12,2534400,225.542,224.116,236.672,50.231,-2.737,-4.227,1.49,224.116,236.286,211.947
2025-04-03,216.01,219.29,213.9,215.75,4475000,223.672,223.1,235.984,36.561,-3.271,-4.036,0.765,223.1,234.426,211.773
2025-04-04,213.94,222.84,212.37,216.5,4829800,222.678,222.16,235.247,37.669,-3.591,-3.947,0.356,222.16,232.285,212.036
2025-04-07,211.41,218.78,205.26,210.34,4478000,219.52,220.927,234.369,32.63,-4.293,-4.016,-0.277,220.927,230.457,211.398
2025-04-08,213.32,217.07,201.26,205.25,3294400,215.192,219.91,233.269,29.159,-5.2,-4.253,-0.947,219.91,231.47,208.351
2025-04-09,202.45,217.48,200.11,216.41,4106200,212.85,219.662,232.47,43.38,-4.961,-4.394,-0.566,219.662,231.302,208.022
2025-04-10,214.24,216.6,206.87,214.47,3482500,212.594,219.592,231.684,41.809,-4.872,-4.49,-0.382,219.592,231.345,207.838
2025-04-11,212.68,214.44,207.32,213.64,2904000,212.022,219.393,230.838,41.123,-4.813,-4.554,-0.258,219.393,231.418,207.368
2025-04-14,216.14,218.73,213.79,217.32,2766100,213.418,219.31,230.141,45.402,-4.418,-4.527,0.109,219.31,231.37,207.25
2025-04-15,217.18,218.18,212.14,213.8,2805200,215.128,219.192,229.444,42.239,-4.339,-4.49,0.15,219.192,231.427,206.956
2025-04-16,212.68,214.61,206.81,207.89,1916400,213.424,218.654,228.613,37.515,-4.699,-4.532,-0.168,218.654,231.894,205.413
2025-04-17,210.42,213.97,209.21,212.34,2166900,212.998,218.302,227.848,42.711,-4.573,-4.54,-0.033,218.302,231.832,204.772
2025-04-21,211.05,211.53,204.01,206.3,2769700,211.53,217.609,226.992,38.082,-4.904,-4.613,-0.291,217.609,232.123,203.095
2025-04-22,208.26,213.84,208.04,212.4,2224000,210.546,216.939,226.354,44.611,-4.621,-4.614,-0.006,216.939,231.093,202.785
2025-04-23,216.51,219.95,211.65,212.25,2382500,210.236,216.368,225.626,44.487,-4.358,-4.563,0.205,216.368,230.299,202.437
2025-04-24,212.25,217.3,210.81,216.43,2243200,211.944,215.94,224.971,48.768,-3.769,-4.404,0.635,215.94,229.268,202.612
2025-04-25,216.59,216.71,213.22,215.32,1493700,212.54,215.451,224.424,47.716,-3.353,-4.194,0.841,215.451,228.063,202.839
2025-04-28,214.92,217.88,213.75,215.55,2046700,214.39,215.155,223.836,47.966,-2.971,-3.949,0.978,215.155,227.446,202.864
2025-04-29,213.76,218.21,213.76,217.62,1603900,215.434,214.73,223.306,50.276,-2.472,-3.654,1.182,214.73,225.964,203.495
2025-04-30,216.31,218.33,212.67,217.9,3455500,216.564,214.28,222.802,50.595,-2.031,-3.329,1.298,214.28,224.096,204.464
2025-05-01,217.83,219.83,215.59,216.69,2067800,216.616,213.709,222.353,49.126,-1.759,-3.015,1.256,213.709,221.183,206.234
2025-05-02,218.84,221.97,218.27,221.44,2318800,217.84,213.993,222.003,54.687,-1.147,-2.642,1.495,213.993,222.193,205.793
2025-05-05,220.29,221.36,218.42,219.49,1878300,218.628,214.142,221.755,52.166,-0.81,-2.275,1.466,214.142,222.639,205.646
2025-05-06,217.5,218.99,216.34,217.36,2175700,218.576,214.493,221.505,49.483,-0.706,-1.961,1.255,214.493,222.908,206.079
2025-05-07,217.31,219.36,216.09,217.85,2924000,218.566,215.124,221.162,50.119,-0.578,-1.685,1.107,215.124,222.439,207.808
2025-05-08,218.89,220.89,216.81,218.8,2405700,218.988,215.243,220.747,51.396,-0.395,-1.427,1.032,215.243,222.723,207.763
2025-05-09,218.02,219.48,215.78,216.63,2053800,218.026,215.351,220.319,48.351,-0.42,-1.226,0.805,215.351,222.846,207.856
2025-05-12,225.15,227.84,224.44,226.89,3496600,219.506,216.013,220.035,60.32,0.383,-0.904,1.287,216.013,225.055,206.972
2025-05-13,229.19,229.39,223.77,224.93,2963100,221.02,216.394,219.76,57.575,0.852,-0.553,1.404,216.394,226.269,206.519
2025-05-14,223.69,225.32,222.27,222.73,2291000,221.996,216.841,219.564,54.573,1.034,-0.235,1.269,216.841,227.024,206.657
2025-05-15,221.44,226.76,221.22,226.57,2489200,223.55,217.774,219.384,58.628,1.471,0.106,1.365,217.774,227.928,207.621
2025-05-16,226.71,228.36,226.03,228.3,1818200,225.884,218.572,219.228,60.345,1.935,0.472,1.463,218.572,229.413,207.732
2025-05-19,224.53,230.03,224.14,228.5,3387000,226.206,219.683,219.092,60.549,2.292,0.836,1.456,219.683,229.751,209.614
2025-05-20,231.0,231.53,224.32,225.4,3459500,226.3,220.332,218.9,55.764,2.298,1.128,1.17,220.332,230.095,210.57
2025-05-21,226.81,227.24,219.48,221.61,4541600,226.076,220.8,218.821,50.508,1.975,1.297,0.677,220.8,229.8,211.801
2025-05-22,220.36,221.69,217.33,218.09,3116700,224.38,220.884,218.755,46.156,1.418,1.322,0.097,220.884,229.742,212.025
2025-05-23,215.32,217.33,214.68,215.47,2958400,221.814,220.891,218.747,43.175,0.757,1.209,-0.452,220.891,229.73,212.052
2025-05-27,217.65,220.1,216.38,220.09,3418200,220.132,221.118,218.796,49.384,0.599,1.087,-0.488,221.118,229.606,212.63
2025-05-28,219.3,221.02,218.68,218.84,2214500,218.82,221.179,218.794,47.86,0.368,0.943,-0.575,221.179,229.578,212.78
2025-05-29,219.83,220.28,216.05,219.24,2739400,218.346,221.246,218.855,48.409,0.215,0.797,-0.582,221.246,229.556,212.936
2025-05-30,218.24,220.54,216.78,220.02,4127300,218.732,221.412,218.882,49.524,0.155,0.669,-0.514,221.412,229.468,213.357
2025-06-02,218.42,220.17,215.73,219.81,3890400,219.6,221.331,218.891,49.215,0.09,0.553,-0.463,221.331,229.418,213.244
2025-06-03,220.18,223.52,219.53,223.01,2456200,220.184,221.507,218.948,53.925,0.293,0.501,-0.208,221.507,229.578,213.436
2025-06-04,222.88,224.28,222.08,222.61,2301100,220.938,221.769,218.884,53.26,0.416,0.484,-0.068,221.769,229.611,213.928
2025-06-05,223.13,223.99,221.29,221.83,1985100,221.456,221.968,218.848,51.916,0.446,0.476,-0.03,221.968,229.59,214.347
2025-06-06,223.02,223.33,219.08,219.57,2216900,221.366,222.007,218.739,48.126,0.284,0.438,-0.154,222.007,229.569,214.445
2025-06-09,219.98,219.98,217.48,217.95,2523400,220.994,222.073,218.596,45.558,0.025,0.355,-0.33,222.073,229.458,214.688
2025-06-10,218.38,220.21,216.52,219.2,2174400,220.232,221.689,218.551,47.869,-0.079,0.269,-0.347,221.689,228.814,214.563
2025-06-11,220.9,220.9,215.07,215.99,2378000,218.908,221.242,218.348,42.84,-0.415,0.132,-0.547,221.242,228.628,213.855
2025-06-12,215.99,218.65,214.19,217.84,2485900,218.11,220.997,218.167,46.339,-0.526,0.0,-0.527,220.997,228.499,213.495
2025-06-13,215.65,217.6,210.85,211.77,2425900,216.55,220.257,217.84,38.099,-1.092,-0.218,-0.874,220.257,228.341,212.173
2025-06-16,212.83,213.08,209.37,210.61,2392500,215.082,219.372,217.737,36.753,-1.615,-0.498,-1.117,219.372,227.621,211.124
2025-06-17,209.61,210.32,205.78,206.56,2518600,212.554,218.276,217.538,32.446,-2.329,-0.864,-1.465,218.276,227.219,209.332
2025-06-18,207.18,208.28,205.08,205.49,2528400,210.454,217.28,217.441,31.399,-2.948,-1.281,-1.667,217.28,227.257,207.303
2025-06-20,206.3,207.54,205.01,207.36,6148400,208.358,216.567,217.484,35.327,-3.25,-1.675,-1.575,216.567,227.253,205.882
2025-06-23,207.4,213.25,206.43,213.04,2639500,208.612,216.315,217.416,45.529,-2.996,-1.939,-1.057,216.315,227.087,205.543
2025-06-24,213.46,214.83,212.2,214.41,2210000,209.372,216.262,217.415,47.673,-2.654,-2.082,-0.572,216.262,227.062,205.462
2025-06-25,213.94,216.0,212.67,215.11,2082900,211.082,216.013,217.444,48.782,-2.3,-2.126,-0.174,216.013,226.67,205.356
2025-06-26,215.65,217.17,214.48,215.63,2254700,213.11,215.853,217.411,49.636,-1.955,-2.091,0.137,215.853,226.427,205.278
2025-06-27,215.81,219.52,215.67,217.97,3256700,215.232,215.789,217.494,53.402,-1.475,-1.968,0.493,215.789,226.293,205.285
2025-06-30,218.4,219.15,214.09,216.25,2735300,215.874,215.6,217.661,50.418,-1.22,-1.819,0.598,215.6,225.918,205.283
2025-07-01,213.96,226.29,213.59,222.85,3974500,217.562,215.752,217.871,59.72,-0.48,-1.551,1.071,215.752,226.415,205.09
2025-07-02,223.33,223.58,219.85,221.2,2174300,218.78,215.662,218.169,56.848,-0.026,-1.246,1.22,215.662,226.093,205.231
2025-07-03,221.23,222.75,218.37,222.53,1777900,220.16,215.658,218.372,58.577,0.436,-0.91,1.345,215.658,226.078,205.238
2025-07-07,221.98,222.49,217.01,219.29,2740500,220.424,215.531,218.513,53.006,0.534,-0.621,1.155,215.531,225.693,205.369
2025-07-08,218.38,221.09,217.74,218.01,2672000,220.776,215.453,218.544,50.944,0.503,-0.396,0.899,215.453,225.508,205.398
2025-07-09,218.52,219.95,216.49,219.86,2339400,220.178,215.549,218.635,53.744,0.621,-0.193,0.814,215.549,225.739,205.358
2025-07-10,219.07,224.53,218.82,222.14,2417100,220.366,215.695,218.767,57.002,0.888,0.024,0.864,215.695,226.188,205.203
2025-07-11,219.87,220.97,217.78,218.46,1840100,219.552,215.819,218.784,50.785,0.793,0.178,0.616,215.819,226.384,205.254
2025-07-14,217.62,218.51,214.24,216.77,2767000,219.048,215.766,218.761,48.186,0.575,0.257,0.318,215.766,226.298,205.233
2025-07-15,217.36,217.41,209.47,209.57,2947200,217.36,215.656,218.619,39.023,-0.176,0.17,-0.347,215.656,226.407,204.904
2025-07-16,210.04,211.17,207.18,211.12,3604400,215.612,215.681,218.412,41.598,-0.64,0.008,-0.648,215.681,226.385,204.977
2025-07-17,210.87,213.49,210.39,213.05,2474000,213.794,216.005,218.284,44.728,-0.841,-0.162,-0.68,216.005,225.909,206.102
2025-07-18,213.76,214.28,212.05,213.61,2399100,212.824,216.412,218.209,45.638,-0.945,-0.318,-0.627,216.412,225.089,207.734
2025-07-21,214.46,217.1,214.06,215.32,2904400,212.534,216.81,218.158,48.431,-0.879,-0.43,-0.449,216.81,224.402,209.217
2025-07-22,217.01,221.49,215.89,221.09,2880000,214.838,217.212,218.204,56.543,-0.357,-0.416,0.059,217.212,224.816,209.608
2025-07-23,222.12,224.38,221.23,224.01,2337000,217.416,217.692,218.351,59.975,0.289,-0.275,0.564,217.692,225.75,209.634
2025-07-24,223.47,224.86,220.97,221.02,2083500,219.01,217.988,218.234,55.171,0.553,-0.109,0.662,217.988,226.08,209.895
2025-07-25,221.94,222.75,220.56,222.23,2053500,220.734,218.317,218.18,56.683,0.85,0.083,0.768,218.317,226.543,210.092
2025-07-28,222.19,227.18,220.96,225.36,3302200,222.742,218.687,218.233,60.404,1.323,0.331,0.992,218.687,227.49,209.884
2025-07-29,225.69,226.19,223.56,225.41,1852900,223.606,219.145,218.209,60.462,1.682,0.601,1.081,219.145,228.358,209.932
2025-07-30,225.62,226.48,220.98,222.85,2047400,223.374,219.145,218.1,55.913,1.741,0.829,0.912,219.145,228.358,209.932
2025-07-31,221.35,223.72,218.49,219.07,2778400,222.984,219.039,217.912,49.938,1.465,0.956,0.509,219.039,228.2,209.877
2025-08-01,219.01,223.56,217.3,221.84,3400900,222.906,219.004,217.841,53.832,1.453,1.056,0.398,219.004,228.116,209.892
2025-08-04,221.85,229.83,221.72,229.1,3871300,223.654,219.495,217.99,62.142,2.006,1.246,0.761,219.495,229.666,209.323
2025-08-05,229.67,233.49,229.42,232.68,3107000,225.108,220.228,218.282,65.445,2.703,1.537,1.166,220.228,231.946,208.51
2025-08-06,232.78,234.88,231.81,233.49,2448700,227.236,220.909,218.643,66.164,3.282,1.886,1.396,220.909,234.038,207.781
2025-08-07,235.17,236.4,231.85,233.76,1948300,230.174,221.491,218.916,66.415,3.72,2.253,1.467,221.491,235.822,207.159
2025-08-08,234.29,237.27,233.5,236.3,2746100,233.066,222.383,219.265,68.762,4.223,2.647,1.576,222.383,238.076,206.689
2025-08-11,236.69,238.27,233.02,235.02,2689500,234.25,223.295,219.581,66.249,4.468,3.011,1.456,223.295,239.72,206.87
2025-08-12,237.07,240.42,236.09,239.94,2973200,235.702,224.814,219.979,70.684,5.0,3.409,1.591,224.814,241.509,208.118
2025-08-13,242.52,253.3,241.76,251.17,6030300,239.238,226.816,220.606,77.841,6.257,3.979,2.278,226.816,246.015,207.617
2025-08-14,246.94,248.67,246.51,247.96,3635000,242.078,228.561,221.105,72.4,6.914,4.566,2.348,228.561,248.81,208.313
2025-08-15,249.05,249.05,244.41,246.99,3026800,244.216,230.231,221.593,70.79,7.272,5.107,2.165,230.231,250.79,209.671
2025-08-18,246.63,247.91,245.43,245.84,2977000,246.38,231.757,222.073,68.835,7.379,5.561,1.817,231.757,252.187,211.326
2025-08-19,249.63,253.18,249.63,251.2,4702600,248.632,233.262,222.706,72.629,7.805,6.01,1.795,233.262,254.791,211.733
2025-08-20,260.06,262.13,251.29,251.96,5226000,248.79,234.66,223.386,73.128,8.111,6.43,1.681,234.66,257.262,212.057
2025-08-21,250.93,253.46,249.2,250.5,2697300,249.298,236.134,224.012,70.468,8.142,6.773,1.37,236.134,258.835,213.432
2025-08-22,252.17,260.16,249.51,258.42,3796400,251.584,237.943,224.861,75.644,8.705,7.159,1.546,237.943,261.722,214.164
2025-08-25,256.78,257.36,253.54,253.66,2336700,253.148,239.358,225.577,67.937,8.668,7.461,1.207,239.358,263.352,215.364
2025-08-26,253.27,253.55,250.98,253.13,2865300,253.534,240.744,226.404,67.117,8.497,7.668,0.829,240.744,264.547,216.941
2025-08-27,253.63,255.39,252.88,253.46,2148700,253.834,242.275,227.261,67.381,8.293,7.793,0.5,242.275,265.151,219.398
2025-08-28,253.98,254.22,250.54,252.36,1779100,254.206,243.939,228.177,65.494,7.951,7.825,0.126,243.939,264.426,223.452
2025-08-29,252.58,253.6,250.81,252.87,2177600,253.096,245.49,229.125,65.97,7.633,7.786,-0.154,245.49,263.479,227.502
2025-09-02,251.29,253.8,250.46,253.53,1783700,253.07,246.712,230.048,66.611,7.349,7.699,-0.35,246.712,263.275,230.149
2025-09-03,252.27,256.13,251.83,255.43,2002400,253.53,247.849,230.896,68.456,7.195,7.598,-0.403,247.849,263.452,232.247
2025-09-04,257.75,259.38,256.21,259.24,2258700,254.686,249.137,231.793,71.818,7.296,7.538,-0.242,249.137,263.982,234.292
2025-09-05,261.99,265.23,259.89,264.54,4488200,257.122,250.676,232.781,75.698,7.715,7.573,0.142,250.676,265.187,236.165
2025-09-08,263.79,267.72,263.27,267.52,4464800,260.052,252.237,233.819,77.568,8.193,7.697,0.496,252.237,266.952,237.522
2025-09-09,266.8,266.8,262.21,263.61,3120500,262.068,253.666,234.732,69.961,8.162,7.79,0.372,253.666,266.81,240.523
2025-09-10,263.01,263.59,259.74,261.18,1918300,263.218,254.728,235.63,65.652,7.851,7.802,0.049,254.728,266.57,242.887
2025-09-11,262.45,267.91,261.83,266.92,2253400,264.754,255.516,236.512,70.305,7.976,7.837,0.139,255.516,268.409,242.623
2025-09-12,264.62,267.11,264.1,266.36,2906300,265.118,256.436,237.415,69.318,7.938,7.857,0.081,256.436,269.68,243.192
2025-09-15,266.02,267.16,263.68,266.61,2648100,264.936,257.417,238.297,69.524,7.838,7.853,-0.016,257.417,270.622,244.212
2025-09-16,267.44,267.77,263.99,265.07,1940700,265.228,258.378,239.212,66.564,7.547,7.792,-0.245,258.378,270.812,245.945
2025-09-17,267.11,269.44,261.49,262.56,2854600,265.504,258.946,240.103,61.937,7.033,7.64,-0.607,258.946,271.032,246.861
2025-09-18,263.65,265.12,262.11,262.18,2301700,264.556,259.457,240.95,61.243,6.52,7.416,-0.896,259.457,271.157,247.758
2025-09-19,262.14,262.24,259.77,259.86,4079000,263.256,259.926,241.704,57.04,5.859,7.105,-1.246,259.926,270.839,249.012
2025-09-22,259.67,260.07,255.12,255.15,3435300,260.964,259.762,242.438,49.598,4.898,6.663,-1.765,259.762,270.867,248.657
2025-09-23,254.34,255.53,252.07,254.58,2972900,258.866,259.808,243.194,48.769,4.044,6.139,-2.095,259.808,270.813,248.803
2025-09-24,253.09,254.29,251.18,252.15,3156000,256.784,259.759,244.046,45.292,3.135,5.539,-2.404,259.759,270.897,248.621
2025-09-25,249.79,252.25,249.05,250.39,2877900,254.426,259.606,244.831,42.906,2.247,4.88,-2.633,259.606,271.185,248.026
2025-09-26,250.46,252.5,249.08,251.94,1923600,252.842,259.585,245.609,45.623,1.649,4.234,-2.585,259.585,271.221,247.948
2025-09-29,251.95,252.15,245.68,248.22,3282100,251.456,259.352,246.301,40.627,0.865,3.56,-2.695,259.352,271.716,246.988
2025-09-30,247.72,248.5,244.6,246.25,3114400,249.79,258.988,246.92,38.239,0.084,2.865,-2.781,258.988,272.454,245.522
2025-10-01,246.06,246.2,241.5,243.0,3106500,247.96,258.366,247.358,34.623,-0.789,2.134,-2.923,258.366,273.56,243.173
2025-10-02,241.67,243.99,241.39,242.35,1951900,246.352,257.522,247.725,33.932,-1.515,1.404,-2.919,257.522,274.306,240.738
2025-10-03,241.6,242.74,240.59,241.39,2023600,244.242,256.365,248.132,32.887,-2.143,0.695,-2.838,256.365,274.266,238.463
2025-10-06,241.17,241.53,235.69,236.81,3307700,241.96,254.829,248.424,28.398,-2.977,-0.04,-2.937,254.829,273.93,235.728
2025-10-07,236.26,236.48,233.16,235.06,2597400,239.722,253.402,248.618,26.887,-3.735,-0.779,-2.956,253.402,273.952,232.851
2025-10-08,234.59,234.59,232.46,232.81,1995600,237.684,251.983,248.766,25.043,-4.466,-1.516,-2.95,251.983,274.127,229.839
2025-10-09,232.82,233.17,229.76,229.95,2284800,235.204,250.134,248.908,22.894,-5.216,-2.256,-2.96,250.134,273.182,227.087
2025-10-10,230.61,231.38,226.95,227.55,2158600,232.436,248.194,249.077,21.246,-5.936,-2.992,-2.944,248.194,272.012,224.376
2025-10-13,228.31,231.23,227.96,229.76,3072000,231.026,246.352,249.236,26.493,-6.256,-3.645,-2.611,246.352,269.871,222.832
2025-10-14,229.21,236.87,228.54,235.9,3130200,231.194,244.893,249.372,38.711,-5.946,-4.105,-1.84,244.893,267.106,222.68
2025-10-15,236.65,241.13,235.68,236.67,2569500,231.966,243.598,249.451,40.057,-5.573,-4.399,-1.174,243.598,264.453,222.744
2025-10-16,237.46,238.3,235.6,238.21,2258700,233.618,242.4,249.546,42.764,-5.095,-4.538,-0.557,242.4,261.433,223.367
2025-10-17,238.31,240.28,238.31,239.77,2549600,236.062,241.396,249.666,45.451,-4.538,-4.538,0.0,241.396,258.58,224.211
2025-10-20,240.05,241.15,237.38,237.39,2110500,237.588,240.508,249.688,42.196,-4.24,-4.478,0.239,240.508,256.493,224.522
2025-10-21,237.01,242.03,236.15,240.33,2056200,238.474,239.795,249.794,47.224,-3.723,-4.327,0.604,239.795,254.345,225.245
2025-10-22,240.54,242.37,238.81,239.8,2508200,239.1,239.177,249.791,46.439,-3.318,-4.125,0.807,239.177,252.518,225.837
2025-10-23,238.4,241.03,236.32,240.14,2234800,239.486,238.665,249.571,47.047,-2.936,-3.888,0.952,238.665,250.936,226.394
2025-10-24,241.58,242.26,238.99,238.99,1804000,239.33,238.017,249.391,45.18,-2.695,-3.649,0.954,238.017,248.588,227.447
2025-10-27,239.72,240.73,238.04,239.92,1939300,239.836,237.603,249.25,47.011,-2.401,-3.399,0.998,237.603,247.082,228.123
2025-10-28,238.55,242.85,238.38,240.33,1612900,239.836,237.306,249.14,47.838,-2.111,-3.142,1.031,237.306,245.985,228.628
2025-10-29,238.79,239.84,233.24,234.84,3121400,238.844,236.898,248.812,39.049,-2.297,-2.973,0.676,236.898,245.21,228.587
2025-10-30,234.42,239.59,233.38,236.15,2076700,238.046,236.588,248.496,41.797,-2.313,-2.841,0.528,236.588,244.496,228.681
2025-10-31,234.43,235.68,232.83,234.48,2404700,237.144,236.243,248.176,39.361,-2.432,-2.759,0.327,236.243,243.866,228.62
2025-11-03,232.79,233.69,229.41,232.03,2333700,235.566,236.004,247.648,36.042,-2.693,-2.746,0.053,236.004,243.849,228.159
2025-11-04,231.91,234.37,229.9,234.12,2632600,234.324,235.957,247.257,40.64,-2.7,-2.736,0.037,235.957,243.837,228.077
2025-11-05,232.93,234.48,228.07,230.76,2749600,233.508,235.854,246.81,36.141,-2.942,-2.778,-0.165,235.854,243.957,227.752
2025-11-06,229.51,231.37,227.58,227.81,3272700,231.84,235.748,246.297,32.717,-3.334,-2.889,-0.445,235.748,244.226,227.269
2025-11-07,228.29,230.59,227.58,229.59,3053800,230.862,235.849,245.841,36.619,-3.461,-3.003,-0.458,235.849,243.953,227.746
2025-11-10,229.05,230.53,225.67,229.46,2588000,230.348,235.834,245.373,36.453,-3.532,-3.109,-0.423,235.834,243.987,227.682
2025-11-11,230.17,233.23,230.1,231.74,1968100,229.872,235.627,244.937,41.473,-3.365,-3.16,-0.205,235.627,243.982,227.271
2025-11-12,230.8,233.09,229.31,231.11,2587500,229.942,235.348,244.451,40.52,-3.246,-3.178,-0.069,235.348,243.924,226.773
2025-11-13,230.86,233.03,227.37,227.93,3109000,229.966,234.835,243.825,36.023,-3.37,-3.216,-0.154,234.835,243.906,225.763
2025-11-14,226.74,228.59,223.49,224.36,2691900,228.92,234.064,243.021,31.761,-3.713,-3.315,-0.398,234.064,243.952,224.176
2025-11-17,223.72,225.27,221.52,221.55,4411500,227.338,233.272,242.102,28.866,-4.164,-3.485,-0.679,233.272,244.487,222.057
2025-11-18,215.7,220.29,215.45,216.21,6260400,224.232,232.066,241.154,24.329,-4.895,-3.767,-1.128,232.066,245.121,219.011
2025-11-19,226.49,229.4,220.83,224.91,7728900,222.992,231.322,240.428,40.688,-4.719,-3.958,-0.761,231.322,244.217,218.426
2025-11-20,224.59,226.92,222.32,224.93,4769200,222.392,230.561,239.589,40.72,-4.525,-4.071,-0.454,230.561,243.055,218.067
2025-11-21,227.01,232.94,225.45,230.7,6090000,223.66,230.146,238.875,49.168,-3.862,-4.029,0.168,230.146,241.996,218.297
2025-11-24,230.42,230.87,225.23,225.26,4212600,224.402,229.414,238.048,42.953,-3.732,-3.97,0.238,229.414,240.507,218.32
2025-11-25,227.19,235.25,226.76,234.45,3330300,228.05,229.12,237.436,53.619,-2.854,-3.747,0.892,229.12,239.266,218.973
2025-11-26,233.86,239.33,233.03,237.91,2303300,230.65,229.273,236.943,56.888,-1.858,-3.369,1.511,229.273,239.867,218.679
2025-11-28,237.89,239.31,237.11,238.77,1289900,233.418,229.404,236.475,57.686,-0.988,-2.893,1.905,229.404,240.413,218.395
2025-12-01,238.29,245.62,237.57,242.62,4083100,235.802,229.811,236.13,61.153,0.012,-2.312,2.324,229.811,242.133,217.489
2025-12-02,242.54,243.43,238.89,239.45,3886100,238.64,230.182,235.816,57.011,0.543,-1.741,2.283,230.182,243.212,217.152
2025-12-03,239.46,244.19,239.46,243.16,3275600,240.382,230.634,235.588,60.392,1.248,-1.143,2.391,230.634,244.816,216.452
2025-12-04,242.82,244.36,241.25,242.4,4092800,241.28,231.216,235.393,59.362,1.726,-0.569,2.295,231.216,246.343,216.089
2025-12-05,242.38,244.87,241.9,244.67,2642100,242.46,232.059,235.278,61.476,2.262,-0.003,2.265,232.059,248.23,215.888
2025-12-08,243.33,244.3,241.07,241.07,3935000,242.15,232.633,235.061,56.46,2.369,0.471,1.897,232.633,249.244,216.022
2025-12-09,240.08,242.21,237.2,238.95,2865500,242.05,233.108,234.875,53.683,2.256,0.828,1.428,233.108,249.878,216.337
2025-12-10,239.09,244.64,238.67,242.43,4778900,241.904,233.642,234.799,57.388,2.42,1.147,1.273,233.642,250.904,216.38
2025-12-11,244.82,248.03,243.72,244.28,2832100,242.28,234.3,234.825,59.255,2.668,1.451,1.217,234.3,252.15,216.451
2025-12-12,245.33,246.89,242.16,243.5,2046900,242.046,235.079,234.848,58.099,2.77,1.715,1.055,235.079,253.116,217.042
2025-12-15,243.95,245.62,240.13,244.97,3108400,242.826,236.11,234.919,59.694,2.936,1.959,0.977,236.11,253.922,218.297
2025-12-16,246.38,247.13,242.27,242.7,2692000,243.576,237.167,235.037,56.14,2.851,2.137,0.714,237.167,253.813,220.521
2025-12-17,242.23,245.79,241.33,244.16,2030600,243.922,238.564,235.219,57.877,2.869,2.284,0.585,238.564,252.228,224.901
2025-12-18,246.92,250.15,243.67,243.92,2553400,243.85,239.515,235.441,57.474,2.83,2.393,0.437,239.515,251.749,227.281
2025-12-19,243.26,243.35,236.65,236.76,5458200,242.502,240.106,235.577,46.968,2.197,2.354,-0.157,240.106,250.354,229.859
2025-12-22,236.9,239.03,235.96,238.36,1776600,241.18,240.49,235.794,49.203,1.804,2.244,-0.44,240.49,249.785,231.194
2025-12-23,237.8,238.5,235.87,238.44,1863800,240.328,241.148,235.967,49.318,1.481,2.091,-0.61,241.148,247.201,235.096
2025-12-24,238.05,240.24,237.64,239.28,787900,239.352,241.39,236.035,50.583,1.278,1.929,-0.65,241.39,246.651,236.129
2025-12-26,239.01,240.96,238.59,240.75,1179700,238.718,241.532,236.116,52.803,1.222,1.787,-0.565,241.532,246.545,236.519
2025-12-29,241.36,241.6,238.91,240.1,1597100,239.386,241.598,236.154,51.697,1.113,1.653,-0.54,241.598,246.491,236.706
2025-12-30,238.92,239.91,237.35,239.46,1371400,239.606,241.44,236.148,50.574,0.963,1.515,-0.551,241.44,246.398,236.483
2025-12-31,238.7,239.66,237.34,237.47,1615200,239.412,241.342,236.15,47.144,0.676,1.347,-0.671,241.342,246.54,236.143
2026-01-02,237.8,243.44,236.3,243.11,2595000,240.178,241.339,236.205,56.209,0.894,1.256,-0.363,241.339,246.534,236.144
2026-01-05,241.33,244.04,240.21,241.0,2835800,240.228,241.269,236.229,52.576,0.885,1.182,-0.297,241.269,246.441,236.097
2026-01-06,237.79,244.5,236.34,242.72,2573200,240.752,241.172,236.281,55.122,1.006,1.147,-0.141,241.172,246.143,236.2
2026-01-07,248.02,252.87,243.32,243.34,2423300,241.528,241.285,236.368,56.038,1.139,1.145,-0.007,241.285,246.35,236.22
2026-01-08,241.38,253.87,240.18,252.29,3163400,244.492,241.952,236.615,66.63,1.943,1.305,0.639,241.952,248.889,235.015
2026-01-09,255.97,263.95,255.16,263.12,4092100,248.494,242.986,237.071,74.603,3.416,1.727,1.689,242.986,254.73,231.243
2026-01-12,262.41,267.37,259.57,266.74,3269500,253.642,244.109,237.709,76.615,4.819,2.346,2.474,244.109,259.953,228.266
2026-01-13,268.96,270.53,266.21,270.05,2946600,259.108,245.437,238.387,78.307,6.128,3.102,3.026,245.437,265.063,225.811
2026-01-14,268.03,273.84,268.03,270.74,3207600,264.588,246.725,239.112,78.653,7.138,3.909,3.229,246.725,269.374,224.077
2026-01-15,270.94,273.95,269.25,272.77,2620700,268.684,248.229,239.927,79.682,8.011,4.73,3.281,248.229,273.583,222.875
2026-01-16,272.09,274.18,269.87,273.3,2915700,270.72,249.686,240.711,79.954,8.645,5.513,3.132,249.686,277.303,222.069
2026-01-20,268.03,271.03,263.67,264.29,3956200,270.23,250.704,241.381,64.232,8.325,6.075,2.25,250.704,278.923,222.486
2026-01-21,264.53,275.3,264.1,274.09,4022100,271.038,252.571,242.307,70.928,8.761,6.612,2.149,252.571,281.825,223.317
2026-01-22,274.35,278.3,271.89,271.96,2883500,271.282,254.251,243.154,67.95,8.833,7.056,1.776,254.251,283.925,224.577
2026-01-23,272.01,274.27,271.0,273.72,2204000,271.472,256.015,244.039,69.105,8.929,7.431,1.498,256.015,285.925,226.105
2026-01-26,275.79,276.46,272.62,274.88,2021900,271.788,257.795,244.902,69.875,8.995,7.744,1.251,257.795,287.749,227.841
2026-01-27,273.99,273.99,269.35,270.96,2492900,273.122,259.306,245.699,64.064,8.631,7.921,0.71,259.306,288.681,229.93
2026-01-28,270.74,271.02,265.14,266.49,2952400,271.602,260.625,246.47,58.128,7.892,7.915,-0.024,260.625,288.711,232.539
2026-01-29,265.78,268.03,262.82,263.74,3264700,269.958,261.839,247.258,54.766,7.003,7.733,-0.73,261.839,288.114,235.564
2026-01-30,263.16,264.65,259.81,264.15,3199300,268.044,263.173,248.11,55.182,6.259,7.438,-1.179,263.173,286.815,239.531
2026-02-02,263.76,267.39,259.83,266.13,2763400,266.294,264.324,249.108,57.229,5.763,7.103,-1.34,264.324,286.015,242.633
2026-02-03,265.02,277.46,264.7,271.86,3450200,266.474,265.867,250.047,62.558,5.766,6.836,-1.07,265.867,284.785,246.949
2026-02-04,273.31,277.12,270.31,272.85,2774000,267.746,267.374,251.006,63.406,5.782,6.625,-0.843,267.374,283.051,251.696
2026-02-05,272.64,274.06,269.28,271.9,2683500,269.378,268.802,251.83,61.955,5.652,6.43,-0.778,268.802,279.752,257.851
2026-02-06,273.57,276.62,272.02,275.35,2211800,271.618,269.954,252.832,65.08,5.762,6.297,-0.535,269.954,278.076,261.833
2026-02-09,275.3,275.96,271.46,273.87,2471100,273.166,270.492,253.62,62.701,5.664,6.17,-0.506,270.492,278.117,262.867
2026-02-10,275.96,282.62,274.36,281.57,2820200,275.108,271.234,254.493,69.042,6.136,6.163,-0.027,271.234,280.104,262.363
2026-02-11,279.31,284.21,277.72,283.91,2945200,277.32,271.926,255.396,70.673,6.624,6.255,0.368,271.926,282.424,261.429
2026-02-12,286.24,289.87,281.97,282.42,3659400,279.424,272.51,256.192,68.208,6.811,6.367,0.445,272.51,283.985,261.036
2026-02-13,282.31,286.71,279.08,284.26,2241800,281.206,273.085,257.088,69.617,7.027,6.499,0.528,273.085,285.707,260.463
2026-02-17,283.9,286.7,275.22,278.1,2305000,282.052,273.325,257.787,60.024,6.625,6.524,0.101,273.325,286.145,260.505
2026-02-18,277.37,280.78,274.97,279.06,2018700,281.55,274.064,258.52,60.928,6.311,6.481,-0.171,274.064,286.384,261.743
2026-02-19,278.38,279.04,273.72,275.15,1997000,279.798,274.117,259.13,55.432,5.681,6.321,-0.64,274.117,286.447,261.786
2026-02-20,274.65,280.72,273.85,277.31,2810000,278.776,274.384,259.855,57.702,5.295,6.116,-0.821,274.384,286.749,262.019
2026-02-23,277.7,278.91,269.37,271.37,3058100,276.198,274.266,260.503,50.139,4.458,5.784,-1.326,274.266,286.703,261.83
2026-02-24,275.08,278.11,274.07,275.56,3284700,275.69,274.3,261.166,54.654,4.086,5.445,-1.358,274.3,286.748,261.853
2026-02-25,263.35,271.2,259.7,260.16,5565700,271.91,273.76,261.483,40.234,2.52,4.86,-2.34,273.76,287.669,259.852
2026-02-26,260.47,263.25,259.09,261.51,3428200,269.182,273.512,261.843,41.686,1.371,4.162,-2.791,273.512,288.129,258.894
2026-02-27,258.84,262.61,257.27,261.69,3252500,266.058,273.409,262.178,41.889,0.47,3.424,-2.953,273.409,288.34,258.478
2026-03-02,257.17,258.6,253.4,254.37,3023800,262.658,272.92,262.411,36.353,-0.825,2.574,-3.399,272.92,289.659,256.181
2026-03-03,250.72,256.16,248.56,254.89,2758300,258.524,272.358,262.626,36.99,-1.789,1.702,-3.49,272.358,290.732,253.984
2026-03-04,255.2,256.09,252.71,255.8,2174900,257.652,271.555,262.863,38.156,-2.451,0.871,-3.322,271.555,291.368,251.742
2026-03-05,253.61,254.22,249.88,251.94,2270400,255.738,270.51,263.167,35.181,-3.25,0.047,-3.297,270.51,292.156,248.863
2026-03-06,247.83,250.23,245.41,249.15,3126800,253.23,269.372,263.383,33.167,-4.061,-0.775,-3.286,269.372,293.011,245.733
2026-03-09,247.4,248.71,240.94,247.5,2896300,251.856,267.98,263.564,32.001,-4.782,-1.576,-3.206,267.98,293.353,242.606
2026-03-10,246.21,251.84,244.63,248.38,2092000,250.554,266.705,263.746,33.347,-5.222,-2.305,-2.917,266.705,293.361,240.049
2026-03-11,247.35,248.62,243.58,244.19,1895800,248.232,264.836,263.815,30.274,-5.842,-3.013,-2.829,264.836,292.332,237.34
2026-03-12,241.58,243.19,236.22,236.84,3008800,245.212,262.482,263.75,25.785,-6.847,-3.779,-3.068,262.482,291.138,233.827
2026-03-13,238.23,239.19,234.41,235.0,2755000,242.382,260.112,263.66,24.793,-7.703,-4.564,-3.139,260.112,289.654,230.569
2026-03-16,238.09,241.29,236.78,239.47,2315300,240.776,257.872,263.7,31.666,-7.93,-5.237,-2.692,257.872,286.483,229.261
2026-03-17,239.8,241.34,236.91,237.1,1969000,238.52,255.822,263.58,30.096,-8.206,-5.831,-2.375,255.822,284.205,227.439
2026-03-18,234.5,236.18,227.84,228.57,2742800,235.396,253.297,263.332,25.244,-9.009,-6.467,-2.543,253.297,281.958,224.637
2026-03-19,227.95,228.26,223.71,227.21,4129000,233.47,250.9,263.021,24.564,-9.645,-7.102,-2.542,250.9,279.883,221.918
2026-03-20,226.74,227.36,221.71,222.18,3644000,230.906,248.144,262.598,22.184,-10.434,-7.769,-2.665,248.144,277.037,219.251
2026-03-23,229.04,234.17,227.65,231.7,3830500,229.352,246.16,262.186,35.017,-10.173,-8.25,-1.924,246.16,273.757,218.564
2026-03-24,227.85,232.61,225.96,231.88,2133400,228.308,243.976,261.562,35.235,-9.839,-8.568,-1.272,243.976,268.522,219.431
2026-03-25,234.76,236.19,230.84,233.61,2322800,229.316,242.649,260.899,37.403,-9.327,-8.719,-0.608,242.649,266.367,218.931
2026-03-26,231.62,235.93,231.32,233.46,2113600,230.566,241.247,260.167,37.286,-8.832,-8.742,-0.09,241.247,263.543,218.95
2026-03-27,232.73,233.31,226.79,227.8,2999800,231.69,239.552,259.308,33.095,-8.795,-8.753,-0.042,239.552,260.412,218.692
2026-03-30,230.21,231.67,228.6,230.05,2905400,231.36,238.336,258.454,36.167,-8.486,-8.699,0.213,238.336,258.378,218.294
2026-03-31,233.99,236.18,229.91,233.71,2636400,231.726,237.277,257.662,40.919,-7.855,-8.53,0.675,237.277,255.818,218.736
2026-04-01,234.18,235.86,232.5,233.41,2378500,231.686,236.157,257.045,40.652,-7.295,-8.283,0.988,236.157,252.571,219.744
2026-04-02,228.61,232.95,225.52,228.51,2760200,230.696,234.986,256.133,36.464,-7.165,-8.06,0.895,234.986,249.936,220.036
2026-04-06,227.3,233.19,226.39,232.64,1949800,231.664,234.16,255.347,41.897,-6.651,-7.778,1.127,234.16,247.561,220.76
2026-04-07,230.25,231.3,226.82,229.09,2522400,231.472,233.24,254.454,38.824,-6.456,-7.514,1.057,233.24,245.238,221.242
2026-04-08,241.7,244.31,239.97,241.01,2539900,232.932,232.871,253.777,51.648,-5.279,-7.067,1.788,232.871,243.256,222.487
2026-04-09,238.38,246.28,235.59,245.11,2283300,235.272,232.918,253.26,55.132,-3.969,-6.447,2.478,232.918,243.519,222.316
2026-04-10,245.75,246.54,240.99,241.56,1840200,237.882,233.153,252.761,51.661,-3.181,-5.794,2.613,233.153,244.318,221.989
2026-04-13,241.18,244.59,238.6,244.39,2484100,240.232,233.623,252.374,54.139,-2.302,-5.096,2.794,233.623,245.853,221.393
2026-04-14,244.19,245.97,241.9,245.73,1959500,243.56,233.936,252.006,55.308,-1.48,-4.372,2.893,233.936,247.082,220.79
2026-04-15,245.1,245.73,240.23,241.33,1757500,243.624,234.147,251.51,50.736,-1.17,-3.732,2.562,234.147,247.64,220.655
2026-04-16,241.17,243.12,239.13,239.78,2374300,242.558,234.708,250.868,49.194,-1.037,-3.193,2.156,234.708,248.156,221.26
2026-04-17,243.61,252.74,243.61,248.98,3773400,244.042,235.796,250.391,57.461,-0.188,-2.592,2.404,235.796,250.181,221.412
2026-04-20,248.07,251.88,245.31,250.53,3852000,245.27,237.214,249.963,58.681,0.604,-1.953,2.557,237.214,251.536,222.892
2026-04-21,251.4,254.3,247.94,248.45,2493200,245.814,238.052,249.425,56.346,1.051,-1.352,2.403,238.052,252.962,223.141
2026-04-22,250.47,250.47,242.26,243.68,2256000,246.284,238.642,248.821,51.304,1.009,-0.88,1.889,238.642,253.458,223.825
2026-04-23,243.36,246.1,242.52,245.03,1775800,247.334,239.212,248.091,52.597,1.072,-0.489,1.562,239.212,254.092,224.333
2026-04-24,243.62,245.75,241.64,242.95,2098400,246.128,239.687,247.271,50.377,0.944,-0.203,1.146,239.687,254.399,224.975
2026-04-27,241.86,245.36,240.61,241.06,2854400,244.234,240.35,246.444,48.38,0.681,-0.026,0.707,240.35,253.96,226.74
2026-04-28,242.55,243.99,237.52,238.84,1701000,242.312,240.79,245.536,46.069,0.291,0.037,0.254,240.79,253.539,228.04
2026-04-29,236.42,236.97,229.85,232.07,3205400,239.99,240.707,244.615,39.823,-0.558,-0.082,-0.477,240.707,253.669,227.746
2026-04-30,233.04,237.8,232.46,237.32,2958900,238.448,240.903,243.78,45.944,-0.798,-0.225,-0.573,240.903,253.514,228.292
2026-05-01,236.89,237.7,231.64,231.9,1879500,236.238,241.072,242.915,41.276,-1.41,-0.462,-0.948,241.072,253.058,229.087
2026-05-04,230.21,231.06,222.23,222.35,3578500,232.496,240.558,241.816,34.605,-2.635,-0.897,-1.738,240.558,254.748,226.368
2026-05-05,223.12,226.47,221.63,223.85,2745000,229.498,240.296,240.866,36.345,-3.445,-1.406,-2.038,240.296,255.532,225.06
2026-05-06,229.09,232.59,227.53,231.94,3095200,229.472,239.843,239.993,44.867,-3.395,-1.804,-1.591,239.843,255.523,224.162
2026-05-07,231.79,234.15,229.09,229.46,2174900,227.9,239.06,239.379,42.968,-3.514,-2.146,-1.368,239.06,255.189,222.931
2026-05-08,231.53,231.53,226.75,227.79,1746300,227.078,238.372,238.705,41.688,-3.702,-2.457,-1.244,238.372,255.211,221.532
2026-05-11,226.6,227.59,223.12,224.67,1948600,227.542,237.386,237.965,39.331,-4.055,-2.777,-1.278,237.386,255.031,219.74
2026-05-12,227.55,227.69,222.75,223.14,3269900,227.4,236.256,237.34,38.191,-4.408,-3.103,-1.305,236.256,254.534,217.978
2026-05-13,221.63,221.81,216.75,219.1,3080200,224.832,235.145,236.624,35.283,-4.956,-3.473,-1.482,235.145,254.776,215.513
2026-05-14,221.41,222.84,219.87,222.24,2142200,223.388,234.267,235.953,39.161,-5.079,-3.794,-1.284,234.267,254.583,213.952
2026-05-15,220.94,221.15,216.88,217.08,3019300,221.246,232.672,235.256,35.406,-5.528,-4.141,-1.387,232.672,253.133,212.212
2026-05-18,217.08,221.28,216.0,216.68,3713800,219.648,230.98,234.606,35.125,-5.85,-4.483,-1.367,230.98,250.811,211.149
2026-05-19,214.68,218.7,212.19,217.03,3343900,218.426,229.409,233.997,35.607,-6.007,-4.788,-1.219,229.409,248.372,210.446
2026-05-20,212.67,220.18,206.72,219.69,6111600,218.544,228.21,233.423,39.297,-5.849,-5.0,-0.849,228.21,246.39,210.029
2026-05-21,216.41,218.09,213.25,216.07,3267000,217.31,226.761,232.861,36.252,-5.948,-5.19,-0.758,226.761,243.884,209.639
2026-05-22,215.89,215.89,212.26,213.71,2801300,216.636,225.3,232.398,34.382,-6.146,-5.381,-0.765,225.3,241.574,209.025
2026-05-26,214.65,215.98,209.75,210.78,3714400,215.456,223.786,231.914,32.164,-6.465,-5.598,-0.867,223.786,239.511,208.06
2026-05-27,213.75,218.99,213.31,215.51,3051400,215.152,222.619,231.435,39.006,-6.263,-5.731,-0.533,222.619,237.051,208.187
2026-05-28,215.67,217.17,213.18,216.58,2127200,214.53,221.844,231.024,40.469,-5.949,-5.774,-0.174,221.844,235.795,207.894
2026-05-29,215.7,217.72,212.83,213.04,3623300,213.924,220.63,230.714,37.283,-5.917,-5.803,-0.114,220.63,233.053,208.208
2026-06-01,211.69,212.64,206.28,206.42,3304600,212.466,219.356,230.298,32.181,-6.353,-5.913,-0.44,219.356,232.134,206.579
2026-06-02,206.78,207.22,203.25,205.37,2959900,211.384,218.508,229.962,31.446,-6.706,-6.072,-0.634,218.508,232.633,204.382
2026-06-03,202.32,206.57,202.15,206.37,3873500,209.556,217.634,229.455,33.015,-6.826,-6.222,-0.603,217.634,232.51,202.757
2026-06-04,210.93,211.82,205.62,206.26,3173700,207.492,216.349,228.943,32.926,-6.851,-6.348,-0.503,216.349,230.439,202.26
2026-06-05,206.72,210.56,206.18,209.45,2423900,206.774,215.349,228.459,38.149,-6.538,-6.386,-0.152,215.349,228.316,202.382
2026-06-08,207.49,211.1,206.63,206.69,2342900,206.828,214.294,227.924,35.568,-6.439,-6.397,-0.042,214.294,226.404,202.184
2026-06-09,207.97,216.06,207.42,216.03,3779800,208.96,213.862,227.689,48.312,-5.542,-6.226,0.683,213.862,224.99,202.734
2026-06-10,216.55,217.16,213.46,214.86,2656200,210.658,213.448,227.385,47.057,-4.87,-5.955,1.084,213.448,223.705,203.191
2026-06-11,215.18,220.29,214.38,219.69,2705300,213.344,213.478,227.104,52.54,-3.903,-5.544,1.641,213.478,223.806,203.149
2026-06-12,221.4,222.19,217.93,219.42,2434300,215.338,213.337,226.825,52.215,-3.122,-5.06,1.938,213.337,223.229,203.444
2026-06-15,223.62,224.81,218.64,218.84,2860900,217.768,213.424,226.631,51.477,-2.521,-4.552,2.031,213.424,223.487,203.362
2026-06-16,220.54,224.08,220.2,222.64,2156500,219.09,213.722,226.431,55.877,-1.718,-3.985,2.267,213.722,224.517,202.928
2026-06-17,221.6,225.92,215.13,215.94,3888800,219.306,213.668,226.168,47.669,-1.604,-3.509,1.905,213.668,224.403,202.933
2026-06-18,218.14,223.44,218.14,220.84,6813300,219.536,213.726,225.765,53.095,-1.106,-3.028,1.923,213.726,224.608,202.843
2026-06-22,216.16,217.73,212.59,213.08,3169200,218.268,213.576,225.124,45.117,-1.321,-2.687,1.366,213.576,224.405,202.747
2026-06-23,212.54,215.17,210.84,212.23,2766400,216.946,213.502,224.538,44.331,-1.543,-2.458,0.915,213.502,224.347,202.657
2026-06-24,214.45,221.53,214.02,220.09,3183200,216.436,213.968,224.052,52.559,-1.072,-2.181,1.109,213.968,225.116,202.819
2026-06-25,220.21,224.94,218.76,220.57,3063700,217.362,214.22,223.548,53.016,-0.653,-1.875,1.222,214.22,225.74,202.701
2026-06-26,221.17,222.88,219.62,221.11,3337700,217.416,214.447,223.144,53.558,-0.274,-1.555,1.281,214.447,226.334,202.56
2026-06-29,219.86,220.43,217.7,218.3,2372900,218.46,214.71,222.714,50.308,-0.198,-1.284,1.086,214.71,226.698,202.722
2026-06-30,218.34,219.64,215.27,219.14,3015900,219.842,215.346,222.118,51.26,-0.069,-1.041,0.972,215.346,226.821,203.871
2026-07-01,221.39,225.1,219.34,220.56,2864300,219.936,216.105,221.518,52.903,0.146,-0.804,0.949,216.105,226.783,205.428
2026-07-02,222.15,226.1,219.82,226.1,2332500,221.042,217.092,221.071,58.746,0.754,-0.492,1.246,217.092,227.627,206.557
2026-07-06,226.6,227.4,217.22,222.41,2479400,221.302,217.9,220.646,53.945,0.928,-0.208,1.136,217.9,227.36,208.439
2026-07-07,225.19,225.2,218.0,219.54,2074500,221.55,218.404,220.136,50.489,0.825,-0.001,0.826,218.404,227.004,209.804
2026-07-08,215.75,215.75,211.04,211.54,2994700,220.03,218.646,219.508,42.346,0.097,0.018,0.078,218.646,226.046,211.247
2026-07-09,212.01,213.85,210.78,211.69,1704300,218.256,218.43,218.92,42.533,-0.463,-0.078,-0.385,218.43,226.385,210.474
2026-07-10,211.81,213.5,210.11,210.33,2166100,215.102,218.203,218.35,41.226,-1.005,-0.263,-0.742,218.203,226.817,209.589
2026-07-13,211.68,212.35,205.49,206.42,4265100,211.904,217.54,217.837,37.645,-1.73,-0.557,-1.173,217.54,227.595,207.484
2026-07-14,208.02,209.51,206.28,206.4,3032700,209.276,216.888,217.219,37.627,-2.28,-0.901,-1.379,216.888,228.056,205.721
2026-07-15,206.49,210.86,206.27,208.37,2993400,208.642,216.365,216.748,40.639,-2.528,-1.227,-1.301,216.365,228.114,204.616
2026-07-16,208.31,214.9,208.31,214.83,4230600,209.27,215.974,216.598,49.286,-2.178,-1.417,-0.761,215.974,227.359,204.59
2026-07-17,216.61,219.14,207.14,207.45,3475900,208.694,215.55,216.27,41.795,-2.467,-1.627,-0.84,215.55,227.556,203.544
2026-07-20,208.27,208.71,202.37,203.45,3266000,208.1,214.68,215.7,38.39,-2.985,-1.899,-1.087,214.68,227.56,201.801
2026-07-21,202.67,203.73,200.64,202.26,3390000,207.272,214.14,215.156,37.413,-3.452,-2.209,-1.243,214.14,228.161,200.118
2026-07-22,203.5,205.07,202.21,204.35,3248100,206.468,213.746,214.687,40.287,-3.611,-2.49,-1.122,213.746,228.42,199.071
2026-07-23,201.75,203.0,199.4,201.92,4132200,203.886,212.837,214.232,38.097,-3.889,-2.77,-1.12,212.837,228.096,197.578
2026-07-24,202.6,207.83,201.96,207.64,3427800,203.924,212.19,213.922,45.594,-3.606,-2.937,-0.669,212.19,227.163,197.218
2026-07-27,211.3,213.14,209.31,211.55,2982000,205.544,211.712,213.771,50.047,-3.031,-2.956,-0.076,211.712,226.084,197.341
2026-07-28,216.16,220.15,215.72,218.24,3969100,208.74,211.71,213.691,56.594,-2.013,-2.767,0.754,211.71,226.076,197.343
2026-07-29,215.95,220.29,213.74,215.68,2419100,211.006,211.536,213.663,53.694,-1.396,-2.493,1.097,211.536,225.606,197.467
2026-07-30,214.35,214.88,208.53,210.08,2755900,212.638,211.012,213.531,47.911,-1.344,-2.263,0.919,211.012,224.433,197.592
2026-07-31,207.75,210.09,206.02,207.81,3977000,212.672,210.098,213.347,45.759,-1.468,-2.104,0.636,210.098,221.536,198.66
2026-08-03,212.0,214.9,207.66,212.06,2270800,212.774,209.581,213.194,50.263,-1.21,-1.925,0.715,209.581,219.51,199.651
2026-08-04,211.75,218.79,211.03,218.08,2852500,212.742,209.508,213.234,55.854,-0.514,-1.643,1.129,209.508,219.146,199.869
2026-08-05,218.04,220.13,217.08,219.94,2360000,213.594,209.928,213.359,57.446,0.186,-1.277,1.463,209.928,220.614,199.241
2026-08-06,220.0,220.06,216.26,218.4,2137900,215.258,210.263,213.511,55.657,0.609,-0.9,1.509,210.263,221.584,198.942
2026-08-07,218.82,223.58,218.32,223.35,2360400,218.366,210.914,213.668,59.973,1.328,-0.454,1.783,210.914,223.659,198.169
2026-08-10,220.25,221.23,217.0,218.88,2116900,219.73,211.537,213.714,54.787,1.52,-0.06,1.58,211.537,224.572,198.502
2026-08-11,219.0,223.91,218.94,221.25,2138600,220.364,212.28,213.878,56.914,1.842,0.321,1.522,212.28,225.767,198.792
2026-08-12,219.55,220.91,214.2,215.97,2136700,219.57,212.66,214.069,51.141,1.653,0.587,1.065,212.66,226.111,199.208
2026-08-13,218.29,218.66,215.36,218.22,2754800,219.534,212.829,214.326,53.314,1.665,0.803,0.862,212.829,226.48,199.178
2026-08-14,218.52,218.7,215.84,218.47,1737000,218.558,213.38,214.568,53.561,1.675,0.977,0.698,213.38,227.006,199.754
2026-08-17,215.75,216.35,213.56,215.81,2955800,217.944,213.998,214.759,50.498,1.452,1.072,0.38,213.998,226.826,201.17
2026-08-18,219.26,220.5,214.62,215.64,3128000,216.822,214.667,214.883,50.3,1.247,1.107,0.14,214.667,226.253,203.081
2026-08-19,217.0,225.79,212.38,220.0,4957500,217.628,215.45,215.149,55.156,1.42,1.17,0.25,215.45,226.184,204.715
2026-08-20,215.96,220.31,212.38,217.34,5891800,217.452,216.22,215.176,51.829,1.327,1.201,0.126,216.22,224.877,207.564
2026-08-21,218.72,218.72,215.13,216.09,2928700,216.976,216.643,215.2,50.294,1.139,1.189,-0.049,216.643,224.304,208.982
2026-08-24,217.33,219.82,215.45,216.98,2552900,217.21,216.914,215.146,51.398,1.051,1.161,-0.111,216.914,224.191,209.638
2026-08-25,216.99,217.63,213.27,214.6,1989900,217.002,216.732,215.05,48.308,0.779,1.085,-0.306,216.732,224.051,209.414
2026-08-26,215.09,215.39,210.21,210.36,3777100,215.074,216.466,214.88,43.312,0.219,0.912,-0.692,216.466,224.314,208.619
2026-08-27,208.53,208.94,205.78,206.74,3083600,212.954,216.3,214.562,39.551,-0.511,0.627,-1.138,216.3,224.831,207.768
2026-08-28,207.99,208.7,205.7,208.05,2791600,211.346,216.311,214.404,41.53,-0.972,0.307,-1.279,216.311,224.794,207.829
2026-08-31,206.0,207.13,204.6,204.7,4340700,208.89,215.944,214.081,38.096,-1.59,-0.072,-1.518,215.944,225.739,206.148
2026-09-01,203.75,204.39,199.39,200.05,3506700,205.98,215.042,213.821,33.905,-2.427,-0.543,-1.884,215.042,227.073,203.011
2026-09-02,201.0,202.18,199.34,199.84,2787900,203.876,214.037,213.573,33.725,-3.072,-1.049,-2.023,214.037,227.605,200.469
2026-09-03,201.0,203.37,199.35,201.9,3396600,202.908,213.212,213.209,37.252,-3.377,-1.515,-1.863,213.212,227.643,198.781
