Date,Open,High,Low,Close,Volume,SMA5,SMA20,SMA50,RSI,MACD,MACD_signal,MACD_hist,BB_mid,BB_upper,BB_lower
2021-09-07,55.07,55.23,53.73,53.74,1929900,,,,,0.0,0.0,0.0,,,
2021-09-08,53.45,53.62,52.76,52.98,2706000,,,,,-0.061,-0.012,-0.049,,,
2021-09-09,53.25,54.97,53.2,54.13,3050600,,,,,-0.016,-0.013,-0.003,,,
2021-09-10,54.31,54.66,54.04,54.22,1918800,,,,,0.027,-0.005,0.032,,,
2021-09-13,54.84,55.28,54.36,54.51,1924200,53.916,,,,0.083,0.013,0.07,,,
2021-09-14,54.36,54.48,53.66,53.69,2003000,53.906,,,,0.061,0.022,0.038,,,
2021-09-15,53.61,53.98,53.21,53.25,1769400,53.96,,,,0.007,0.019,-0.012,,,
2021-09-16,53.16,53.57,52.93,52.95,1967900,53.724,,,,-0.058,0.004,-0.062,,,
2021-09-17,52.44,52.72,51.94,52.12,4128100,53.304,,,,-0.175,-0.032,-0.143,,,
2021-09-20,51.61,51.86,51.08,51.73,2172000,52.748,,,,-0.296,-0.085,-0.211,,,
2021-09-21,51.8,51.95,51.08,51.2,1946000,52.25,,,,-0.43,-0.154,-0.276,,,
2021-09-22,51.46,52.01,51.4,51.46,1424400,51.892,,,,-0.509,-0.225,-0.284,,,
2021-09-23,51.46,52.14,51.42,51.61,1842400,51.624,,,,-0.553,-0.291,-0.263,,,
2021-09-24,51.48,51.73,51.03,51.07,1294100,51.414,,,,-0.624,-0.357,-0.267,,,
2021-09-27,50.9,51.62,50.82,51.1,1416000,51.288,,,26.462,-0.671,-0.42,-0.251,,,
2021-09-28,50.84,51.17,49.82,50.13,1602000,51.074,,,20.811,-0.777,-0.491,-0.286,,,
2021-09-29,50.12,51.35,49.9,50.71,2121900,50.924,,,30.384,-0.805,-0.554,-0.251,,,
2021-09-30,50.81,51.43,50.13,50.59,6076300,50.72,,,29.587,-0.827,-0.609,-0.219,,,
2021-10-01,50.9,51.14,50.44,50.89,2979500,50.684,,,34.231,-0.811,-0.649,-0.162,,,
2021-10-04,50.65,51.9,50.6,50.99,2606300,50.662,52.153,,35.752,-0.782,-0.676,-0.106,52.153,54.939,49.368
2021-10-05,50.92,51.24,50.51,50.88,1908800,50.812,52.01,,34.798,-0.758,-0.692,-0.066,52.01,54.746,49.275
2021-10-06,50.54,51.33,50.37,51.12,1770400,50.894,51.918,,38.643,-0.712,-0.696,-0.016,51.918,54.641,49.194
2021-10-07,51.43,52.66,51.43,52.02,1721800,51.18,51.812,,50.443,-0.596,-0.676,0.08,51.812,54.33,49.294
2021-10-08,52.08,52.13,51.4,51.79,1505900,51.36,51.69,,47.908,-0.517,-0.644,0.127,51.69,53.94,49.441
2021-10-11,51.76,52.05,51.53,51.68,1152100,51.498,51.549,,46.698,-0.458,-0.607,0.149,51.549,53.366,49.732
2021-10-12,51.87,52.3,51.44,51.59,1122700,51.64,51.444,,45.683,-0.413,-0.568,0.155,51.444,52.957,49.931
2021-10-13,51.78,51.96,51.34,51.73,1206600,51.762,51.368,,47.592,-0.362,-0.527,0.165,51.368,52.631,50.105
2021-10-14,52.11,53.35,52.0,53.33,1406400,52.024,51.387,,63.422,-0.191,-0.46,0.269,51.387,52.757,50.017
2021-10-15,53.69,54.14,53.24,53.97,1582500,52.46,51.479,,67.633,-0.003,-0.369,0.365,51.479,53.249,49.71
2021-10-18,53.67,54.94,53.5,54.73,1873600,53.07,51.629,,71.787,0.204,-0.254,0.458,51.629,53.921,49.338
2021-10-19,55.03,55.24,54.44,54.5,1351100,53.652,51.795,,68.905,0.346,-0.134,0.48,51.795,54.408,49.181
2021-10-20,54.67,55.59,54.67,55.19,1268900,54.344,51.981,,72.475,0.509,-0.005,0.514,51.981,54.996,48.966
2021-10-21,55.2,55.81,54.96,55.68,1473600,54.814,52.184,,74.697,0.669,0.13,0.54,52.184,55.615,48.754
2021-10-22,55.9,56.49,55.54,55.56,2261600,55.132,52.409,,73.14,0.778,0.259,0.519,52.409,56.109,48.709
2021-10-25,55.4,56.52,55.1,56.01,1913100,55.388,52.654,,75.225,0.89,0.385,0.505,52.654,56.63,48.679
2021-10-26,56.15,56.33,55.38,55.62,3289900,55.612,52.929,,70.142,0.936,0.496,0.441,52.929,56.929,48.929
2021-10-27,57.14,60.2,57.14,58.52,4043000,56.278,53.319,,80.626,1.194,0.635,0.558,53.319,57.891,48.748
2021-10-28,58.84,59.86,58.75,59.65,2062700,57.072,53.772,,83.114,1.472,0.802,0.669,53.772,58.959,48.586
2021-10-29,59.26,60.23,59.2,59.69,2262400,57.898,54.212,,83.196,1.676,0.977,0.699,54.212,59.844,48.581
2021-11-01,59.82,60.04,58.65,58.87,1386300,58.47,54.607,,75.117,1.751,1.132,0.619,54.607,60.389,48.824
2021-11-02,59.26,59.39,58.26,58.36,1715700,59.018,54.98,,70.53,1.75,1.256,0.494,54.98,60.716,49.245
2021-11-03,58.31,58.81,58.03,58.43,1383800,59.0,55.346,,70.794,1.734,1.351,0.383,55.346,60.976,49.716
2021-11-04,58.49,59.34,58.43,58.89,1283500,58.848,55.689,,72.533,1.739,1.429,0.31,55.689,61.303,50.076
2021-11-05,59.17,59.65,58.33,58.44,1721400,58.598,56.022,,68.251,1.687,1.48,0.207,56.022,61.448,50.596
2021-11-08,59.08,59.19,57.92,58.33,2121600,58.49,56.355,,67.207,1.618,1.508,0.11,56.355,61.466,51.243
2021-11-09,58.56,59.86,58.34,59.85,1176600,58.788,56.768,,73.289,1.667,1.54,0.127,56.768,61.585,51.95
2021-11-10,59.67,60.0,58.7,58.89,1345700,58.88,57.126,,65.08,1.61,1.554,0.056,57.126,61.4,52.851
2021-11-11,58.92,59.24,58.76,59.02,697800,58.906,57.41,,65.641,1.557,1.555,0.003,57.41,61.366,53.454
2021-11-12,59.29,61.24,59.03,60.97,1917600,59.412,57.76,,72.723,1.654,1.574,0.079,57.76,61.673,53.847
2021-11-15,60.78,61.97,60.46,61.45,1580300,60.036,58.096,54.557,74.136,1.749,1.609,0.139,58.096,62.067,54.125
2021-11-16,61.65,62.96,61.45,62.59,2727900,60.584,58.5,54.734,77.162,1.894,1.666,0.228,58.5,62.576,54.425
2021-11-17,62.66,62.7,61.86,62.23,1567500,61.252,58.853,54.919,74.209,1.958,1.725,0.233,58.853,62.94,54.765
2021-11-18,62.38,62.38,61.59,61.92,1280500,61.832,59.164,55.074,71.666,1.961,1.772,0.189,59.164,63.185,55.144
2021-11-19,62.1,62.53,61.74,61.78,1352700,61.994,59.476,55.226,70.491,1.929,1.803,0.126,59.476,63.278,55.673
2021-11-22,62.14,63.09,62.01,62.4,1538500,62.184,59.795,55.383,72.631,1.932,1.829,0.103,59.795,63.442,56.148
2021-11-23,62.31,62.71,61.87,62.35,1251800,62.136,60.131,55.557,72.177,1.909,1.845,0.064,60.131,63.377,56.886
2021-11-24,62.27,62.72,62.01,62.49,1016000,62.188,60.33,55.741,72.692,1.879,1.852,0.028,60.33,63.645,57.015
2021-11-26,61.75,62.03,60.9,61.31,856100,62.066,60.413,55.909,62.229,1.741,1.83,-0.089,60.413,63.74,57.086
2021-11-29,61.84,61.84,60.92,61.54,1285200,62.018,60.506,56.097,63.337,1.631,1.79,-0.159,60.506,63.85,57.161
2021-11-30,61.11,61.54,60.04,60.23,3170900,61.584,60.574,56.267,53.68,1.422,1.716,-0.294,60.574,63.832,57.315
2021-12-01,61.06,61.73,59.99,60.02,1402400,61.118,60.657,56.443,52.303,1.225,1.618,-0.393,60.657,63.759,57.554
2021-12-02,60.34,62.06,60.34,61.73,1691300,60.966,60.822,56.649,61.061,1.193,1.533,-0.34,60.822,63.773,57.87
2021-12-03,62.02,63.21,61.98,62.84,2775400,61.272,61.019,56.873,65.49,1.243,1.475,-0.232,61.019,63.955,58.083
2021-12-06,63.45,63.67,62.48,62.6,1252800,61.484,61.227,57.104,63.8,1.249,1.43,-0.181,61.227,63.977,58.477
2021-12-07,63.12,63.48,62.6,62.7,1454900,61.978,61.445,57.336,64.214,1.248,1.394,-0.146,61.445,63.905,58.986
2021-12-08,62.97,63.14,62.53,62.92,1131300,62.558,61.599,57.592,65.159,1.25,1.365,-0.115,61.599,64.022,59.176
2021-12-09,62.88,63.15,62.1,62.55,1033300,62.722,61.782,57.829,62.186,1.207,1.333,-0.126,61.782,63.874,59.69
2021-12-10,62.79,63.18,62.33,62.8,1296500,62.714,61.971,58.073,63.401,1.181,1.303,-0.122,61.971,63.656,60.286
2021-12-13,62.5,62.75,61.79,62.41,2324900,62.676,62.043,58.303,60.153,1.115,1.265,-0.15,62.043,63.67,60.416
2021-12-14,62.17,62.5,61.7,62.28,1552700,62.592,62.085,58.529,59.067,1.041,1.22,-0.18,62.085,63.69,60.479
2021-12-15,63.06,63.37,62.17,63.34,1981800,62.676,62.122,58.778,64.669,1.055,1.187,-0.132,62.122,63.81,60.434
2021-12-16,63.25,63.63,62.4,62.83,2361200,62.732,62.152,59.012,60.387,1.013,1.152,-0.139,62.152,63.869,60.435
2021-12-17,62.44,62.8,60.68,60.75,6380800,62.322,62.094,59.187,46.781,0.803,1.083,-0.279,62.094,63.92,60.267
2021-12-20,60.26,60.26,58.77,59.17,1999400,61.674,61.963,59.335,39.5,0.504,0.967,-0.463,61.963,64.209,59.717
2021-12-21,59.62,60.79,59.4,60.67,1708300,61.352,61.876,59.514,47.805,0.383,0.85,-0.467,61.876,64.184,59.569
2021-12-22,60.64,61.85,60.47,61.64,1614200,61.012,61.841,59.715,52.36,0.361,0.752,-0.391,61.841,64.139,59.543
2021-12-23,61.89,62.7,61.89,62.15,840600,60.876,61.824,59.924,54.603,0.381,0.678,-0.297,61.824,64.107,59.541
2021-12-27,62.44,63.26,62.22,63.26,886400,61.378,61.921,60.122,59.114,0.48,0.638,-0.158,61.921,64.278,59.565
2021-12-28,63.19,63.69,63.19,63.58,632200,62.26,62.024,60.315,60.338,0.578,0.626,-0.048,62.024,64.484,59.563
2021-12-29,63.52,64.33,63.52,64.19,705600,62.964,62.221,60.504,62.634,0.697,0.641,0.057,62.221,64.712,59.731
2021-12-30,64.36,64.72,63.56,63.68,1041600,63.372,62.404,60.687,59.531,0.742,0.661,0.081,62.404,64.747,60.062
2021-12-31,63.68,64.48,63.4,64.18,838300,63.778,62.527,60.867,61.543,0.808,0.69,0.118,62.527,64.975,60.079
2022-01-03,64.16,64.16,62.43,63.45,2827700,63.816,62.558,61.023,57.082,0.793,0.711,0.082,62.558,65.037,60.078
2022-01-04,63.81,64.94,63.55,64.17,1843900,63.934,62.636,61.195,60.15,0.829,0.734,0.094,62.636,65.218,60.054
2022-01-05,63.8,64.15,61.31,62.44,3987900,63.584,62.623,61.323,50.76,0.71,0.729,-0.02,62.623,65.207,60.039
2022-01-06,62.53,63.33,62.09,62.74,2386300,63.396,62.614,61.466,52.155,0.632,0.71,-0.078,62.614,65.195,60.033
2022-01-07,62.68,62.69,61.1,61.3,1944800,62.82,62.552,61.521,45.493,0.45,0.658,-0.208,62.552,65.198,59.905
2022-01-10,60.59,61.15,60.11,60.88,2252500,62.306,62.456,61.546,43.739,0.268,0.58,-0.312,62.456,65.202,59.709
2022-01-11,61.25,61.69,60.44,61.67,1674100,61.806,62.418,61.586,47.816,0.185,0.501,-0.316,62.418,65.187,59.65
2022-01-12,62.09,62.77,61.98,62.44,2186100,61.806,62.426,61.657,51.505,0.18,0.437,-0.257,62.426,65.194,59.659
2022-01-13,62.58,63.41,62.06,62.28,1914300,61.714,62.374,61.735,50.703,0.161,0.382,-0.221,62.374,65.108,59.639
2022-01-14,61.36,62.11,60.71,61.49,2712000,61.752,62.306,61.797,46.825,0.081,0.322,-0.24,62.306,65.06,59.553
2022-01-18,61.1,61.8,59.73,60.23,2675000,61.622,62.28,61.823,41.389,-0.082,0.241,-0.323,62.28,65.105,59.456
2022-01-19,60.5,61.29,59.82,59.94,4209200,61.276,62.319,61.853,40.231,-0.233,0.146,-0.379,62.319,64.981,59.657
2022-01-20,60.62,61.23,59.45,59.53,2299200,60.694,62.262,61.877,38.588,-0.381,0.041,-0.422,62.262,65.114,59.41
2022-01-21,59.35,59.94,58.5,58.73,2379400,59.984,62.116,61.855,35.537,-0.557,-0.079,-0.478,62.116,65.371,58.862
2022-01-24,57.73,59.51,57.27,59.41,2723500,59.568,61.98,61.865,39.887,-0.633,-0.19,-0.444,61.98,65.452,58.507
2022-01-25,58.37,58.54,57.28,57.98,1796000,59.118,61.716,61.845,34.6,-0.801,-0.312,-0.489,61.716,65.561,57.87
2022-01-26,58.66,59.01,56.58,56.97,2360000,58.524,61.385,61.765,31.43,-1.003,-0.45,-0.553,61.385,65.667,57.103
2022-01-27,57.51,58.1,55.99,56.26,2277800,57.87,60.988,61.661,29.392,-1.207,-0.601,-0.605,60.988,65.63,56.347
2022-01-28,56.29,57.25,55.48,57.21,2396600,57.566,60.665,61.553,35.426,-1.277,-0.737,-0.54,60.665,65.417,55.913
2022-01-31,57.31,58.14,56.92,57.88,2813200,57.26,60.35,61.466,39.362,-1.264,-0.842,-0.422,60.35,64.954,55.746
2022-02-01,58.18,58.4,56.85,57.91,1308400,57.246,60.073,61.386,39.539,-1.237,-0.921,-0.316,60.073,64.557,55.589
2022-02-02,57.9,58.42,57.48,58.16,2020900,57.484,59.772,61.314,41.089,-1.181,-0.973,-0.208,59.772,63.891,55.654
2022-02-03,57.64,58.05,57.15,57.24,1604300,57.68,59.512,61.21,37.301,-1.198,-1.018,-0.18,59.512,63.578,55.447
2022-02-04,56.98,57.11,55.59,56.17,2227900,57.472,59.184,61.087,33.44,-1.283,-1.071,-0.212,59.184,63.213,55.155
2022-02-07,56.21,56.33,54.84,55.13,4915600,56.922,58.876,60.94,30.171,-1.418,-1.14,-0.277,58.876,63.159,54.592
2022-02-08,54.16,54.86,52.97,54.06,4026600,56.152,58.534,60.795,27.222,-1.592,-1.231,-0.362,58.534,63.214,53.855
2022-02-09,55.04,55.84,54.78,55.36,2762600,55.592,58.219,60.671,35.473,-1.607,-1.306,-0.301,58.219,62.859,53.579
2022-02-10,54.34,54.96,52.99,53.25,2687400,54.794,57.76,60.531,29.606,-1.769,-1.399,-0.371,57.76,62.459,53.06
2022-02-11,53.36,53.64,52.55,52.76,2425300,54.112,57.284,60.386,28.43,-1.915,-1.502,-0.413,57.284,61.984,52.583
2022-02-14,52.57,52.87,51.83,52.32,1910400,53.55,56.825,60.198,27.379,-2.042,-1.61,-0.432,56.825,61.586,52.064
2022-02-15,53.06,53.38,52.77,53.04,2470500,53.346,56.466,60.002,31.823,-2.062,-1.7,-0.361,56.466,61.23,51.701
2022-02-16,53.04,53.79,52.69,53.63,2166200,53.0,56.15,59.823,35.316,-2.006,-1.761,-0.244,56.15,60.78,51.52
2022-02-17,53.31,53.72,52.73,52.78,1673500,52.906,55.812,59.624,32.715,-2.007,-1.811,-0.197,55.812,60.389,51.236
2022-02-18,52.87,53.25,52.24,52.61,2174300,52.876,55.506,59.418,32.204,-1.999,-1.848,-0.151,55.506,60.08,50.933
2022-02-22,52.53,52.77,50.66,51.1,2305000,52.632,55.091,59.189,28.02,-2.09,-1.897,-0.194,55.091,59.681,50.501
2022-02-23,51.36,51.36,50.23,50.34,2241400,52.092,54.709,58.94,26.176,-2.199,-1.957,-0.242,54.709,59.551,49.867
2022-02-24,49.57,50.9,49.24,50.84,2098100,51.534,54.403,58.708,29.464,-2.219,-2.009,-0.209,54.403,59.415,49.39
2022-02-25,50.87,52.06,50.53,52.02,1774200,51.382,54.191,58.503,36.637,-2.115,-2.031,-0.084,54.191,59.231,49.15
2022-02-28,51.31,51.56,50.86,51.48,2938600,51.156,53.904,58.266,34.889,-2.052,-2.035,-0.018,53.904,58.873,48.935
2022-03-01,51.39,51.99,49.71,50.14,3087000,50.964,53.517,58.012,30.942,-2.087,-2.045,-0.042,53.517,58.386,48.648
2022-03-02,50.16,51.89,50.12,51.63,2668400,51.222,53.203,57.83,39.18,-1.972,-2.031,0.059,53.203,57.673,48.733
2022-03-03,52.02,52.26,51.02,51.2,1909500,51.294,52.855,57.67,37.78,-1.893,-2.003,0.11,52.855,56.747,48.963
2022-03-04,50.68,50.99,49.77,50.37,1972600,50.964,52.512,57.464,35.166,-1.876,-1.978,0.102,52.512,55.961,49.062
2022-03-07,50.45,50.45,47.67,47.7,1911000,50.208,52.088,57.186,28.368,-2.054,-1.993,-0.061,52.088,55.721,48.455
2022-03-08,47.96,49.34,47.39,48.21,2445000,49.822,51.742,56.907,31.108,-2.13,-2.02,-0.11,51.742,55.472,48.012
2022-03-09,48.96,50.71,48.96,49.71,3091600,49.438,51.524,56.636,38.551,-2.045,-2.025,-0.02,51.524,55.192,47.857
2022-03-10,49.03,49.48,48.13,49.47,4177100,49.092,51.23,56.354,37.847,-1.975,-2.015,0.041,51.23,54.528,47.932
2022-03-11,49.82,50.39,49.32,49.36,2441600,48.89,51.036,56.057,37.508,-1.906,-1.993,0.088,51.036,54.291,47.78
2022-03-14,50.12,50.5,49.48,49.71,1936900,49.292,50.883,55.778,39.366,-1.802,-1.955,0.153,50.883,54.084,47.682
2022-03-15,50.11,51.27,49.94,51.12,2840400,49.874,50.823,55.516,46.292,-1.588,-1.882,0.294,50.823,53.954,47.692
2022-03-16,51.57,52.76,50.41,51.55,3013600,50.242,50.748,55.278,48.234,-1.367,-1.779,0.411,50.748,53.725,47.772
2022-03-17,51.12,52.35,51.0,52.3,1991900,50.808,50.682,55.041,51.527,-1.119,-1.647,0.527,50.682,53.439,47.925
2022-03-18,52.12,53.12,51.63,52.73,5318200,51.482,50.68,54.847,53.358,-0.878,-1.493,0.615,50.68,53.428,47.931
2022-03-21,52.1,52.34,50.8,51.33,2275000,51.806,50.616,54.619,47.116,-0.791,-1.353,0.562,50.616,53.231,48.0
2022-03-22,51.44,51.76,50.05,50.71,2667500,51.724,50.596,54.407,44.626,-0.763,-1.235,0.472,50.596,53.202,47.99
2022-03-23,50.36,50.36,48.98,49.02,1813200,51.218,50.53,54.17,38.633,-0.867,-1.161,0.294,50.53,53.229,47.831
2022-03-24,49.08,49.13,48.35,48.61,2720300,50.48,50.418,53.908,37.324,-0.971,-1.123,0.152,50.418,53.245,47.592
2022-03-25,48.88,49.16,47.6,48.04,3510700,49.542,50.22,53.62,35.521,-1.087,-1.116,0.028,50.22,53.13,47.309
2022-03-28,48.05,48.64,47.94,48.6,1788700,48.996,50.076,53.347,38.656,-1.121,-1.117,-0.004,50.076,53.008,47.143
2022-03-29,49.26,50.79,49.2,50.43,2342000,48.94,50.09,53.126,47.618,-0.989,-1.092,0.102,50.09,53.027,47.153
2022-03-30,50.17,50.43,48.86,49.01,1785800,48.938,49.959,52.901,42.437,-0.988,-1.071,0.083,49.959,52.84,47.078
2022-03-31,48.84,49.0,46.84,46.85,2527200,48.586,49.742,52.639,36.017,-1.148,-1.086,-0.062,49.742,52.874,46.609
2022-04-01,47.34,47.49,46.36,47.35,2806400,48.448,49.591,52.396,38.343,-1.22,-1.113,-0.107,49.591,52.882,46.299
2022-04-04,47.44,47.94,47.13,47.73,1414500,48.274,49.592,52.176,40.124,-1.232,-1.137,-0.096,49.592,52.88,46.304
2022-04-05,46.96,47.27,46.4,46.65,1995800,47.518,49.514,51.921,36.864,-1.314,-1.172,-0.142,49.514,53.008,46.02
2022-04-06,46.04,46.78,45.73,46.63,2360600,47.042,49.36,51.694,36.805,-1.365,-1.211,-0.154,49.36,53.082,45.638
2022-04-07,46.32,46.81,46.04,46.54,2877800,46.98,49.213,51.485,36.519,-1.396,-1.248,-0.148,49.213,53.142,45.285
2022-04-08,46.53,47.36,46.1,46.55,1968600,46.82,49.073,51.291,36.578,-1.404,-1.279,-0.125,49.073,53.176,44.97
2022-04-11,45.47,46.76,45.37,46.06,2232800,46.486,48.89,51.068,34.867,-1.433,-1.31,-0.123,48.89,53.194,44.587
2022-04-12,46.44,47.2,45.42,45.63,1891600,46.282,48.616,50.823,33.391,-1.474,-1.343,-0.131,48.616,53.02,44.212
2022-04-13,45.77,46.43,45.61,46.34,1563900,46.224,48.356,50.591,38.053,-1.433,-1.361,-0.072,48.356,52.644,44.067
2022-04-14,46.48,46.71,45.34,45.37,1693500,45.99,48.009,50.336,34.501,-1.462,-1.381,-0.081,48.009,52.069,43.949
2022-04-18,45.25,45.84,44.81,45.17,1261400,45.714,47.631,50.094,33.8,-1.483,-1.401,-0.082,47.631,51.221,44.041
2022-04-19,45.38,47.04,45.1,46.87,1760100,45.876,47.408,49.908,44.178,-1.348,-1.391,0.043,47.408,50.558,44.258
2022-04-20,47.28,47.98,47.17,47.64,1941300,46.278,47.254,49.758,48.143,-1.165,-1.346,0.181,47.254,50.0,44.509
2022-04-21,48.38,48.92,47.68,47.91,1741000,46.592,47.199,49.635,49.498,-0.987,-1.274,0.287,47.199,49.837,44.561
2022-04-22,47.76,47.76,46.74,46.78,1849600,46.874,47.108,49.464,44.284,-0.926,-1.204,0.278,47.108,49.665,44.55
2022-04-25,46.6,48.11,45.9,47.97,2529100,47.434,47.104,49.358,50.23,-0.773,-1.118,0.345,47.104,49.656,44.552
2022-04-26,47.57,49.6,47.54,48.44,4278200,47.748,47.096,49.272,52.391,-0.607,-1.016,0.409,47.096,49.63,44.562
2022-04-27,49.8,51.58,49.18,50.43,5787200,48.306,47.096,49.234,60.259,-0.311,-0.875,0.564,47.096,49.63,44.562
2022-04-28,50.89,51.0,49.32,50.58,3423300,48.84,47.174,49.185,60.785,-0.064,-0.713,0.649,47.174,50.034,44.315
2022-04-29,50.3,50.97,48.21,48.4,2918400,49.164,47.252,49.08,50.353,-0.043,-0.579,0.536,47.252,50.158,44.346
2022-05-02,48.61,49.15,47.42,48.61,2717000,49.292,47.315,48.997,51.221,-0.01,-0.465,0.455,47.315,50.284,44.346
2022-05-03,48.6,49.66,48.49,49.5,2458600,49.504,47.404,48.935,54.828,0.088,-0.354,0.442,47.404,50.526,44.281
2022-05-04,49.61,51.44,49.31,51.27,1986100,49.672,47.634,48.938,61.003,0.304,-0.223,0.527,47.634,51.178,44.091
2022-05-05,50.66,50.84,49.03,49.64,2184500,49.484,47.785,48.924,53.72,0.34,-0.11,0.45,47.785,51.404,44.166
2022-05-06,49.28,49.57,47.94,48.74,1861800,49.552,47.895,48.882,50.159,0.293,-0.03,0.322,47.895,51.488,44.302
2022-05-09,48.22,49.88,48.16,49.38,1935100,49.706,48.037,48.829,52.567,0.303,0.037,0.266,48.037,51.629,44.444
2022-05-10,50.64,50.98,48.65,48.85,3401400,49.576,48.176,48.777,50.395,0.266,0.083,0.183,48.176,51.661,44.691
2022-05-11,48.74,49.36,47.74,48.1,2534700,48.942,48.3,48.736,47.411,0.174,0.101,0.073,48.3,51.573,45.026
2022-05-12,47.94,50.13,47.94,50.12,3155100,49.038,48.488,48.706,55.12,0.26,0.133,0.128,48.488,51.722,45.255
2022-05-13,50.39,51.38,50.35,50.86,2108100,49.462,48.763,48.699,57.574,0.385,0.183,0.201,48.763,51.808,45.718
2022-05-16,50.51,51.25,49.22,50.8,2223600,49.746,49.044,48.707,57.3,0.473,0.241,0.232,49.044,51.708,46.381
2022-05-17,51.52,51.99,50.75,51.63,1925700,50.302,49.282,48.786,60.123,0.603,0.313,0.289,49.282,51.979,46.586
2022-05-18,50.64,50.83,49.71,49.9,3204600,50.662,49.396,48.82,52.355,0.559,0.363,0.197,49.396,51.989,46.802
2022-05-19,49.6,50.65,49.48,49.59,2647100,50.556,49.48,48.817,51.081,0.495,0.389,0.106,49.48,51.978,46.981
2022-05-20,50.0,50.53,48.68,49.87,2000200,50.358,49.634,48.825,52.212,0.46,0.403,0.057,49.634,51.788,47.48
2022-05-23,50.41,50.93,49.82,50.31,2126400,50.26,49.751,48.844,54.011,0.463,0.415,0.048,49.751,51.774,47.728
2022-05-24,50.2,50.55,49.06,50.11,1864700,49.956,49.834,48.852,53.033,0.445,0.421,0.024,49.834,51.766,47.903
2022-05-25,50.0,51.45,49.81,51.21,1965600,50.218,49.874,48.854,57.58,0.513,0.439,0.073,49.874,51.885,47.862
2022-05-26,51.85,52.97,51.64,52.73,1537900,50.846,49.981,48.878,62.921,0.681,0.488,0.193,49.981,52.35,47.612
2022-05-27,53.32,53.71,52.97,53.4,1440700,51.552,50.231,48.9,65.012,0.859,0.562,0.297,50.231,52.93,47.532
2022-05-31,52.58,52.98,51.73,52.34,3010500,51.958,50.418,48.892,59.313,0.904,0.63,0.274,50.418,53.16,47.675
2022-06-01,52.4,52.62,51.17,51.4,2333200,52.216,50.512,48.893,54.731,0.854,0.675,0.179,50.512,53.252,47.773
2022-06-02,51.87,52.52,51.53,52.49,1958500,52.472,50.574,48.929,58.714,0.892,0.719,0.173,50.574,53.436,47.711
2022-06-03,51.98,52.74,51.82,52.01,1615300,52.328,50.692,48.989,56.362,0.873,0.749,0.124,50.692,53.588,47.796
2022-06-06,52.26,52.95,51.88,52.62,2458800,52.172,50.886,49.069,58.63,0.897,0.779,0.118,50.886,53.751,48.021
2022-06-07,51.9,52.87,51.57,52.74,1677100,52.252,51.054,49.163,59.08,0.916,0.806,0.109,51.054,53.941,48.167
2022-06-08,52.32,52.45,51.83,52.04,1522500,52.38,51.213,49.232,55.297,0.864,0.818,0.046,51.213,53.936,48.491
2022-06-09,52.22,52.83,51.74,52.35,1392800,52.352,51.426,49.27,56.622,0.838,0.822,0.016,51.426,53.761,49.091
2022-06-10,51.3,51.55,50.44,50.52,2038500,52.054,51.446,49.3,47.646,0.662,0.79,-0.128,51.446,53.74,49.152
2022-06-13,49.45,50.3,48.0,48.27,3133500,51.184,51.316,49.329,39.38,0.337,0.699,-0.362,51.316,54.008,48.625
2022-06-14,48.39,48.73,46.89,47.28,2517100,50.092,51.14,49.327,36.389,-0.0,0.559,-0.56,51.14,54.379,47.902
2022-06-15,47.49,47.78,46.36,47.04,2628700,49.092,50.911,49.314,35.681,-0.283,0.391,-0.674,50.911,54.62,47.202
2022-06-16,45.85,45.94,43.69,44.05,3447900,47.432,50.618,49.262,28.298,-0.741,0.165,-0.905,50.618,55.424,45.813
2022-06-17,43.83,44.74,43.2,43.96,6118900,46.12,50.337,49.208,28.11,-1.098,-0.088,-1.01,50.337,55.982,44.692
2022-06-21,44.36,44.75,43.54,43.63,2220300,45.192,50.025,49.15,27.389,-1.391,-0.349,-1.043,50.025,56.419,43.631
2022-06-22,42.76,44.08,42.72,43.7,2191100,44.476,49.695,49.093,27.812,-1.6,-0.599,-1.001,49.695,56.682,42.707
2022-06-23,43.6,45.76,43.6,45.73,2806100,44.214,49.476,49.086,38.918,-1.583,-0.796,-0.787,49.476,56.68,42.271
2022-06-24,46.19,47.95,46.16,47.82,4187900,44.968,49.306,49.13,47.819,-1.385,-0.914,-0.472,49.306,56.498,42.114
2022-06-27,47.82,48.29,47.54,47.72,2123600,45.72,49.056,49.158,47.462,-1.222,-0.975,-0.247,49.056,56.092,42.019
2022-06-28,47.86,48.29,47.17,47.31,2082400,46.456,48.751,49.197,45.95,-1.113,-1.003,-0.111,48.751,55.518,41.984
2022-06-29,47.07,47.69,46.04,46.58,2310000,47.032,48.463,49.225,43.305,-1.074,-1.017,-0.057,48.463,55.076,41.85
2022-06-30,46.12,47.02,45.58,46.72,2690400,47.23,48.229,49.222,43.971,-1.019,-1.018,-0.002,48.229,54.734,41.724
2022-07-01,46.92,48.13,46.89,47.65,2048900,47.196,47.987,49.222,48.316,-0.891,-0.992,0.101,47.987,54.177,41.797
2022-07-05,47.03,48.71,46.96,48.62,2776700,47.376,47.818,49.236,52.457,-0.702,-0.934,0.232,47.818,53.723,41.912
2022-07-06,48.96,49.43,47.81,48.39,1945500,47.592,47.606,49.268,51.405,-0.565,-0.86,0.295,47.606,53.074,42.138
2022-07-07,48.37,48.77,47.76,48.42,1344000,47.96,47.39,49.277,51.541,-0.449,-0.778,0.329,47.39,52.319,42.461
2022-07-08,48.57,48.74,47.97,48.53,1320700,48.322,47.214,49.279,52.073,-0.344,-0.691,0.347,47.214,51.674,42.755
2022-07-11,48.31,49.01,48.22,48.66,1022800,48.524,47.03,49.244,52.733,-0.248,-0.603,0.355,47.03,50.855,43.205
2022-07-12,48.71,49.81,48.41,48.76,1339300,48.552,46.942,49.207,53.266,-0.161,-0.514,0.353,46.942,50.501,43.383
2022-07-13,47.94,49.24,47.39,49.1,1662000,48.694,46.984,49.221,55.119,-0.064,-0.424,0.36,46.984,50.626,43.341
2022-07-14,48.03,49.27,47.92,49.0,2132300,48.81,47.07,49.229,54.435,0.004,-0.339,0.343,47.07,50.821,43.318
2022-07-15,49.71,49.82,48.65,49.49,1641800,49.002,47.192,49.229,57.234,0.097,-0.252,0.348,47.192,51.096,43.288
2022-07-18,49.51,49.84,48.78,48.99,1250500,49.068,47.439,49.183,53.615,0.128,-0.176,0.304,47.439,51.125,43.753
2022-07-19,49.5,50.25,49.13,50.15,1455500,49.346,47.748,49.194,59.943,0.244,-0.092,0.336,47.748,51.239,44.258
2022-07-20,50.28,50.69,50.08,50.59,1226600,49.644,48.096,49.231,62.058,0.367,0.0,0.367,48.096,51.228,44.965
2022-07-21,50.52,52.0,50.22,51.98,1628200,50.24,48.51,49.283,67.835,0.571,0.114,0.456,48.51,51.372,45.649
2022-07-22,52.37,52.86,51.47,51.99,1690400,50.74,48.824,49.345,67.873,0.724,0.236,0.488,48.824,51.773,45.874
2022-07-25,51.82,52.14,50.83,51.16,1699000,51.174,48.99,49.407,61.406,0.77,0.343,0.427,48.99,52.075,45.906
2022-07-26,50.83,51.1,50.22,50.88,1524400,51.32,49.148,49.422,59.351,0.774,0.429,0.345,49.148,52.283,46.014
2022-07-27,50.36,50.41,48.8,49.78,3480200,51.158,49.272,49.4,51.992,0.682,0.48,0.202,49.272,52.294,46.25
2022-07-28,49.98,51.65,49.41,51.04,3504600,50.97,49.495,49.405,58.361,0.702,0.524,0.178,49.495,52.333,46.657
2022-07-29,51.26,51.51,50.59,51.13,1704900,50.798,49.716,49.395,58.782,0.716,0.563,0.154,49.716,52.322,47.109
2022-08-01,50.64,51.24,50.22,50.81,1133100,50.728,49.874,49.413,56.592,0.694,0.589,0.105,49.874,52.331,47.416
2022-08-02,50.59,50.77,49.06,49.14,1387500,50.38,49.9,49.404,46.798,0.536,0.578,-0.042,49.9,52.312,47.487
2022-08-03,49.35,49.45,48.1,48.22,1944700,50.068,49.891,49.371,42.44,0.332,0.529,-0.197,49.891,52.327,47.455
2022-08-04,47.89,49.02,47.66,48.83,2240100,49.626,49.912,49.342,46.029,0.218,0.467,-0.249,49.912,52.302,47.521
2022-08-05,48.26,48.71,47.53,48.67,1175300,49.134,49.919,49.313,45.232,0.113,0.396,-0.283,49.919,52.293,47.544
2022-08-08,49.12,49.57,48.67,48.91,1369300,48.754,49.931,49.267,46.722,0.048,0.326,-0.278,49.931,52.28,47.582
2022-08-09,48.54,48.54,46.97,47.27,1855200,48.38,49.856,49.158,38.93,-0.134,0.234,-0.368,49.856,52.444,47.269
2022-08-10,48.38,49.75,48.38,49.53,1648600,48.642,49.878,49.08,51.046,-0.094,0.169,-0.263,49.878,52.446,47.31
2022-08-11,49.89,51.77,49.84,50.82,2479800,49.04,49.969,49.05,56.367,0.04,0.143,-0.103,49.969,52.535,47.403
2022-08-12,51.05,51.62,50.91,51.58,1512300,49.622,50.073,49.053,59.181,0.206,0.156,0.051,50.073,52.726,47.421
2022-08-15,51.5,51.69,50.92,51.45,973800,50.13,50.196,49.033,58.486,0.323,0.189,0.134,50.196,52.866,47.527
2022-08-16,50.92,52.24,50.82,52.01,1409200,51.078,50.29,49.033,60.631,0.456,0.243,0.214,50.29,53.079,47.5
2022-08-17,51.54,52.35,51.03,52.24,2228800,51.62,50.372,49.025,61.511,0.573,0.309,0.265,50.372,53.293,47.451
2022-08-18,52.32,52.51,51.86,52.24,1255600,51.904,50.385,49.015,61.511,0.659,0.379,0.28,50.385,53.338,47.432
2022-08-19,52.0,52.33,51.25,51.4,1539100,51.868,50.356,49.002,56.193,0.651,0.433,0.218,50.356,53.253,47.458
2022-08-22,50.62,50.65,49.12,49.18,1121800,51.414,50.256,48.939,45.097,0.46,0.439,0.022,50.256,53.173,47.34
2022-08-23,49.2,49.45,48.46,48.59,983000,50.73,50.142,48.9,42.684,0.259,0.403,-0.144,50.142,53.134,47.15
2022-08-24,48.54,49.08,48.24,48.75,697700,50.032,50.09,48.91,43.566,0.111,0.344,-0.234,50.09,53.144,47.037
2022-08-25,49.01,49.57,48.66,49.46,1042100,49.476,50.012,48.953,47.43,0.05,0.285,-0.235,50.012,53.043,46.98
2022-08-26,49.44,49.58,47.3,47.34,1244200,48.664,49.822,48.959,38.871,-0.167,0.195,-0.362,49.822,53.028,46.616
2022-08-29,46.99,47.56,46.7,47.14,1556600,48.256,49.638,49.021,38.171,-0.352,0.086,-0.437,49.638,53.022,46.255
2022-08-30,47.4,48.11,47.19,47.39,2199400,48.016,49.551,49.09,39.634,-0.472,-0.026,-0.446,49.551,53.076,46.026
2022-08-31,47.44,47.86,46.83,47.21,2745600,47.708,49.5,49.161,38.92,-0.575,-0.136,-0.439,49.5,53.133,45.868
2022-09-01,46.98,47.23,46.42,47.12,1904300,47.24,49.415,49.23,38.546,-0.657,-0.24,-0.417,49.415,53.192,45.638
2022-09-02,47.72,47.72,46.05,46.27,1745900,47.026,49.295,49.241,35.115,-0.781,-0.348,-0.433,49.295,53.316,45.274
2022-09-06,46.35,46.43,45.1,45.72,1796300,46.742,49.136,49.199,33.064,-0.913,-0.461,-0.452,49.136,53.462,44.809
2022-09-07,45.84,47.25,45.39,47.19,1723600,46.702,49.132,49.188,42.698,-0.889,-0.547,-0.342,49.132,53.466,44.797
2022-09-08,47.0,47.52,46.31,47.5,1338300,46.76,49.03,49.192,44.511,-0.836,-0.605,-0.231,49.03,53.42,44.64
2022-09-09,47.55,48.62,47.55,48.52,1171100,47.04,48.915,49.231,50.107,-0.703,-0.624,-0.078,48.915,53.227,44.603
2022-09-12,48.85,49.74,48.58,48.91,1348800,47.568,48.782,49.274,52.097,-0.559,-0.611,0.052,48.782,52.907,44.656
2022-09-13,47.39,47.47,45.84,45.87,1996900,47.598,48.502,49.239,39.033,-0.683,-0.626,-0.058,48.502,52.623,44.382
2022-09-14,45.99,46.04,44.46,45.14,1946200,47.188,48.159,49.169,36.656,-0.831,-0.667,-0.164,48.159,52.193,44.125
2022-09-15,45.08,46.26,44.95,45.47,1697900,46.782,47.82,49.111,38.48,-0.911,-0.715,-0.195,47.82,51.536,44.105
2022-09-16,45.0,45.95,44.76,45.26,5875700,46.13,47.472,49.048,37.735,-0.979,-0.768,-0.211,47.472,50.722,44.221
2022-09-19,45.07,46.13,44.92,45.85,1433100,45.518,47.194,48.994,41.179,-0.975,-0.81,-0.166,47.194,49.941,44.447
2022-09-20,45.33,45.56,44.63,44.85,1868800,45.314,46.978,48.918,37.403,-1.041,-0.856,-0.185,46.978,49.747,44.208
2022-09-21,45.23,45.81,44.19,44.19,1338500,45.124,46.758,48.826,35.114,-1.132,-0.911,-0.221,46.758,49.683,43.832
2022-09-22,43.84,43.85,43.06,43.25,1364100,44.68,46.482,48.709,32.101,-1.267,-0.982,-0.284,46.482,49.644,43.321
2022-09-23,43.0,43.44,42.56,43.39,1593300,44.306,46.179,48.597,33.023,-1.346,-1.055,-0.291,46.179,49.302,43.056
2022-09-26,43.28,43.64,42.31,42.32,2068100,43.6,45.928,48.454,29.704,-1.478,-1.14,-0.339,45.928,49.441,42.415
2022-09-27,42.79,43.27,42.01,42.59,1797000,43.148,45.7,48.326,31.573,-1.544,-1.22,-0.323,45.7,49.463,41.938
2022-09-28,43.04,45.6,42.91,45.35,4130500,43.38,45.598,48.23,47.065,-1.357,-1.248,-0.109,45.598,49.278,41.919
2022-09-29,44.69,44.89,43.58,43.88,2267600,43.506,45.432,48.096,41.656,-1.313,-1.261,-0.052,45.432,49.106,41.758
2022-09-30,44.02,44.2,43.24,43.33,2564600,43.494,45.242,47.923,39.812,-1.307,-1.27,-0.037,45.242,48.94,41.545
2022-10-03,43.94,45.25,43.85,45.04,1779300,44.038,45.181,47.784,47.58,-1.151,-1.246,0.095,45.181,48.848,41.514
2022-10-04,45.8,47.08,45.8,46.69,2208500,44.858,45.229,47.694,53.779,-0.884,-1.174,0.29,45.229,48.952,41.507
2022-10-05,45.98,46.87,45.87,46.32,1018800,45.052,45.186,47.603,52.286,-0.694,-1.078,0.384,45.186,48.831,41.541
2022-10-06,46.22,47.16,46.22,46.94,1361600,45.664,45.158,47.546,54.563,-0.488,-0.96,0.472,45.158,48.736,41.58
2022-10-07,46.23,46.23,44.91,45.12,1957700,46.022,44.988,47.428,47.411,-0.467,-0.861,0.395,44.988,48.198,41.778
2022-10-10,45.39,45.58,44.69,45.43,1463700,46.1,44.814,47.314,48.646,-0.419,-0.773,0.353,44.814,47.456,42.172
2022-10-11,45.44,45.98,44.95,45.27,1194300,45.816,44.784,47.203,48.019,-0.391,-0.696,0.306,44.784,47.389,42.179
2022-10-12,45.37,45.49,44.8,44.94,1227100,45.54,44.774,47.119,46.684,-0.39,-0.635,0.245,44.774,47.374,42.174
2022-10-13,43.93,45.49,43.02,45.1,1381700,45.172,44.756,47.057,47.447,-0.372,-0.582,0.21,44.756,47.34,42.171
2022-10-14,45.28,45.47,43.38,43.52,1325200,44.852,44.668,46.95,41.178,-0.48,-0.562,0.082,44.668,47.298,42.039
2022-10-17,44.51,44.93,43.77,44.37,1721600,44.64,44.594,46.864,45.36,-0.491,-0.548,0.057,44.594,47.167,42.022
2022-10-18,44.78,45.54,44.33,45.16,1833900,44.618,44.61,46.789,48.991,-0.431,-0.524,0.093,44.61,47.193,42.027
2022-10-19,44.65,44.71,42.59,43.02,2122800,44.234,44.552,46.704,41.037,-0.55,-0.53,-0.021,44.552,47.226,41.877
2022-10-20,42.59,43.29,41.29,41.46,2037000,43.506,44.462,46.543,36.398,-0.761,-0.576,-0.186,44.462,47.424,41.5
2022-10-21,41.46,43.15,41.36,43.05,1884200,43.412,44.445,46.388,43.419,-0.792,-0.619,-0.172,44.445,47.437,41.453
2022-10-24,43.53,43.97,42.98,43.69,1472600,43.276,44.514,46.23,46.002,-0.755,-0.646,-0.109,44.514,47.359,41.668
2022-10-25,44.16,45.19,43.97,44.86,2332700,43.216,44.627,46.098,50.457,-0.624,-0.642,0.017,44.627,47.327,41.927
2022-10-26,39.29,43.99,39.29,42.29,3941000,43.07,44.474,45.904,42.218,-0.72,-0.658,-0.063,44.474,47.343,41.605
2022-10-27,42.1,43.62,42.0,42.71,3506800,43.32,44.415,45.713,43.832,-0.753,-0.677,-0.077,44.415,47.382,41.449
2022-10-28,42.5,43.79,42.26,43.71,1637000,43.452,44.434,45.542,47.586,-0.691,-0.68,-0.011,44.434,47.376,41.493
2022-10-31,43.43,43.75,42.87,42.94,2584600,43.302,44.329,45.373,45.088,-0.696,-0.683,-0.013,44.329,47.33,41.329
2022-11-01,43.4,43.79,42.12,42.38,2237400,42.806,44.114,45.237,43.307,-0.736,-0.693,-0.043,44.114,47.018,41.21
2022-11-02,42.34,42.97,40.91,40.95,1905300,42.538,43.846,45.084,39.063,-0.873,-0.729,-0.144,43.846,46.881,40.81
2022-11-03,40.31,40.45,39.54,39.82,3019300,41.96,43.49,44.906,36.056,-1.061,-0.796,-0.265,43.49,46.663,40.316
2022-11-04,40.63,40.71,39.7,40.42,2613800,41.302,43.254,44.725,38.752,-1.148,-0.866,-0.282,43.254,46.611,39.898
2022-11-07,40.79,41.4,40.22,41.36,1827200,40.986,43.051,44.605,42.819,-1.129,-0.919,-0.21,43.051,46.345,39.757
2022-11-08,41.76,42.83,41.35,42.26,1600500,40.962,42.9,44.508,46.483,-1.029,-0.941,-0.088,42.9,46.039,39.762
2022-11-09,41.9,42.59,41.67,42.07,2355900,41.186,42.757,44.401,45.816,-0.954,-0.943,-0.01,42.757,45.762,39.752
2022-11-10,44.85,47.0,44.58,46.86,3467500,42.594,42.845,44.394,61.015,-0.502,-0.855,0.353,42.845,46.22,39.47
2022-11-11,46.75,48.04,46.64,47.72,2718400,44.054,43.055,44.406,63.02,-0.074,-0.699,0.625,43.055,47.069,39.041
2022-11-14,47.22,47.47,46.33,46.43,1758000,45.068,43.158,44.41,58.185,0.16,-0.527,0.687,43.158,47.412,38.904
2022-11-15,47.36,47.89,46.96,47.57,1896700,46.13,43.278,44.447,61.03,0.432,-0.335,0.767,43.278,47.893,38.664
2022-11-16,47.33,47.76,46.4,47.01,1904900,47.118,43.478,44.443,58.91,0.596,-0.149,0.745,43.478,48.381,38.575
2022-11-17,45.99,46.07,44.75,45.82,1209700,46.91,43.696,44.409,54.57,0.622,0.005,0.617,43.696,48.609,38.783
2022-11-18,46.78,46.93,45.81,46.63,1381300,46.692,43.875,44.372,56.898,0.7,0.144,0.556,43.875,48.947,38.803
2022-11-21,46.55,46.72,46.07,46.3,1146600,46.666,44.006,44.319,55.647,0.727,0.261,0.466,44.006,49.191,38.82
2022-11-22,46.69,46.97,46.08,46.93,1228700,46.538,44.109,44.341,57.565,0.79,0.367,0.424,44.109,49.447,38.771
2022-11-23,46.95,47.82,46.95,47.33,855300,46.602,44.361,44.384,58.783,0.863,0.466,0.397,44.361,49.812,38.91
2022-11-25,47.2,47.61,46.99,47.56,444000,46.95,44.604,44.426,59.504,0.928,0.558,0.37,44.604,50.175,39.032
2022-11-28,47.1,47.35,46.25,46.49,1194700,46.922,44.742,44.451,54.714,0.883,0.623,0.26,44.742,50.359,39.126
2022-11-29,46.22,46.77,45.93,46.57,1347700,46.976,44.924,44.465,55.006,0.844,0.667,0.177,44.924,50.53,39.318
2022-11-30,46.32,47.54,45.55,47.42,3728000,47.074,45.176,44.517,58.093,0.872,0.708,0.164,45.176,50.753,39.599
2022-12-01,48.04,48.43,47.56,48.33,2064200,47.274,45.545,44.599,61.166,0.956,0.758,0.198,45.545,50.918,40.172
2022-12-02,47.36,47.94,46.92,47.55,1794900,47.272,45.932,44.685,57.289,0.949,0.796,0.153,45.932,50.641,41.222
2022-12-05,46.76,46.78,45.93,46.14,1536900,47.202,46.218,44.74,50.996,0.821,0.801,0.02,46.218,50.149,42.286
2022-12-06,46.24,46.3,44.52,45.22,1437300,46.932,46.41,44.798,47.341,0.637,0.768,-0.131,46.41,49.657,43.164
2022-12-07,45.27,46.08,45.09,45.68,1139700,46.584,46.582,44.86,49.298,0.522,0.719,-0.197,46.582,49.208,43.955
2022-12-08,45.65,46.58,45.44,46.36,1234300,46.19,46.796,44.88,52.129,0.481,0.671,-0.19,46.796,48.356,45.236
2022-12-09,46.19,46.67,45.87,46.06,987900,45.892,46.756,44.924,50.782,0.419,0.621,-0.202,46.756,48.349,45.163
2022-12-12,46.21,46.47,45.73,46.37,1082600,45.938,46.688,44.985,52.158,0.391,0.575,-0.184,46.688,48.223,45.154
2022-12-13,48.89,48.89,47.51,48.02,2317900,46.498,46.768,45.044,58.765,0.496,0.559,-0.063,46.768,48.408,45.128
2022-12-14,47.78,48.08,46.46,46.82,2255800,46.726,46.73,45.047,53.029,0.476,0.543,-0.066,46.73,48.327,45.134
2022-12-15,45.88,46.12,45.1,45.33,3276000,46.52,46.646,45.027,46.906,0.337,0.502,-0.164,46.646,48.354,44.939
2022-12-16,44.96,45.18,43.54,44.28,3750200,46.164,46.57,44.974,43.128,0.14,0.429,-0.289,46.57,48.551,44.588
2022-12-19,44.06,44.28,43.53,43.85,1515900,45.66,46.43,44.949,41.648,-0.05,0.333,-0.383,46.43,48.754,44.107
2022-12-20,43.46,43.68,43.12,43.45,2233000,44.746,46.288,44.909,40.264,-0.23,0.221,-0.451,46.288,48.968,43.608
2022-12-21,43.79,44.18,43.54,44.0,1427600,44.182,46.141,44.884,43.065,-0.325,0.112,-0.436,46.141,48.988,43.295
2022-12-22,43.34,43.95,42.71,43.82,1202600,43.88,45.966,44.861,42.365,-0.41,0.007,-0.417,45.966,48.935,42.997
2022-12-23,43.74,44.04,43.38,44.01,777400,43.826,45.788,44.839,43.411,-0.456,-0.085,-0.371,45.788,48.78,42.797
2022-12-27,43.86,44.17,43.61,44.13,896500,43.882,45.67,44.852,44.101,-0.478,-0.164,-0.314,45.67,48.731,42.61
2022-12-28,44.2,44.4,43.04,43.09,1335600,43.81,45.497,44.826,39.595,-0.573,-0.246,-0.327,45.497,48.733,42.26
2022-12-29,43.43,44.36,43.24,44.1,974900,43.83,45.33,44.805,45.427,-0.56,-0.308,-0.251,45.33,48.491,42.17
2022-12-30,43.54,43.86,43.04,43.58,1233800,43.782,45.093,44.816,43.119,-0.585,-0.364,-0.221,45.093,48.009,42.177
2023-01-03,44.26,44.67,43.91,44.28,1332100,43.836,44.93,44.872,47.021,-0.542,-0.399,-0.142,44.93,47.623,42.236
2023-01-04,45.13,45.69,44.73,45.51,1196700,44.112,44.898,44.922,53.109,-0.404,-0.4,-0.004,44.898,47.547,42.249
2023-01-05,44.92,45.24,44.2,44.95,1753100,44.484,44.884,44.947,50.276,-0.336,-0.387,0.052,44.884,47.529,42.24
2023-01-06,45.37,46.65,45.19,46.37,1391000,44.938,44.919,44.977,56.598,-0.165,-0.343,0.178,44.919,47.624,42.214
2023-01-09,46.95,47.94,46.78,47.03,1820600,45.628,44.952,45.072,59.194,0.023,-0.27,0.292,44.952,47.748,42.157
2023-01-10,46.66,47.46,46.49,47.45,1446400,46.262,45.022,45.167,60.801,0.203,-0.175,0.378,45.022,47.997,42.047
2023-01-11,47.04,48.33,46.99,48.27,1431900,46.814,45.117,45.258,63.799,0.408,-0.059,0.466,45.117,48.38,41.854
2023-01-12,48.82,48.82,47.2,48.44,1306300,47.512,45.138,45.368,64.407,0.577,0.069,0.508,45.138,48.484,41.792
2023-01-13,47.96,48.74,47.67,48.56,1445100,47.95,45.225,45.491,64.855,0.713,0.197,0.515,45.225,48.836,41.614
2023-01-17,48.0,48.61,47.5,47.56,1656800,48.056,45.336,45.624,58.266,0.731,0.304,0.427,45.336,49.095,41.578
2023-01-18,48.19,48.34,47.0,47.06,2144200,47.978,45.476,45.768,55.244,0.697,0.383,0.314,45.476,49.275,41.676
2023-01-19,46.52,46.58,44.99,45.05,2012100,47.334,45.536,45.861,45.114,0.502,0.407,0.096,45.536,49.265,41.806
2023-01-20,45.33,46.92,44.87,46.82,1797400,47.01,45.704,45.97,53.245,0.485,0.422,0.063,45.704,49.34,42.068
2023-01-23,47.04,47.8,46.84,47.75,1590300,46.848,45.892,46.08,56.861,0.54,0.446,0.094,45.892,49.544,42.239
2023-01-24,47.26,48.38,47.25,47.74,1299100,46.884,46.088,46.193,56.81,0.577,0.472,0.105,46.088,49.692,42.483
2023-01-25,47.15,47.99,46.84,47.92,1060300,47.056,46.283,46.215,57.546,0.613,0.5,0.113,46.283,49.837,42.729
2023-01-26,47.06,47.52,46.29,47.23,2225100,47.492,46.438,46.205,53.762,0.579,0.516,0.063,46.438,49.865,43.011
2023-01-27,47.12,47.91,46.86,47.66,1007400,47.66,46.666,46.229,55.716,0.58,0.529,0.052,46.666,49.745,43.588
2023-01-30,47.22,47.83,47.05,47.06,1064200,47.522,46.814,46.219,52.389,0.527,0.528,-0.001,46.814,49.649,43.98
2023-01-31,47.5,49.69,47.41,49.68,1773900,47.91,47.12,46.273,62.828,0.688,0.56,0.128,47.12,49.796,44.443
2023-02-01,49.49,51.35,49.43,50.75,3233700,48.476,47.443,46.371,66.097,0.892,0.627,0.265,47.443,50.236,44.65
2023-02-02,51.54,53.35,51.32,52.94,2739200,49.618,47.814,46.497,71.602,1.216,0.745,0.472,47.814,51.392,44.237
2023-02-03,51.77,52.56,51.32,51.72,1947000,50.43,48.153,46.606,65.246,1.359,0.867,0.491,48.153,51.868,44.438
2023-02-06,51.05,51.18,50.41,50.73,1338800,51.164,48.371,46.682,60.549,1.376,0.969,0.407,48.371,52.156,44.586
2023-02-07,50.18,51.12,49.74,50.9,1648200,51.408,48.564,46.753,61.068,1.388,1.053,0.335,48.564,52.455,44.674
2023-02-08,50.66,50.89,49.9,50.54,3156800,51.366,48.719,46.813,59.291,1.352,1.113,0.24,48.719,52.668,44.77
2023-02-09,49.03,52.88,48.73,50.43,4451200,50.864,48.827,46.892,58.729,1.3,1.15,0.15,48.827,52.842,44.812
2023-02-10,50.92,52.11,50.28,51.42,4489200,50.804,48.976,46.989,62.202,1.324,1.185,0.139,48.976,53.149,44.803
2023-02-13,51.72,52.84,51.5,52.82,2856000,51.222,49.189,47.097,66.497,1.439,1.236,0.203,49.189,53.694,44.684
2023-02-14,52.64,52.82,51.53,51.76,1688300,51.394,49.399,47.165,60.859,1.428,1.274,0.154,49.399,53.975,44.823
2023-02-15,51.28,52.66,51.28,52.45,1526500,51.776,49.668,47.263,63.055,1.458,1.311,0.147,49.668,54.299,45.038
2023-02-16,51.43,52.61,51.11,52.12,1114200,52.114,50.022,47.383,61.284,1.439,1.337,0.102,50.022,54.228,45.816
2023-02-17,51.86,51.86,50.73,51.39,1351900,52.108,50.25,47.506,57.441,1.349,1.339,0.01,50.25,54.214,46.287
2023-02-21,50.7,50.77,49.03,49.33,1984300,51.41,50.33,47.579,48.247,1.099,1.291,-0.192,50.33,54.143,46.516
2023-02-22,49.66,50.13,49.24,49.81,1196600,51.02,50.433,47.648,50.245,0.929,1.219,-0.29,50.433,54.059,46.807
2023-02-23,50.11,50.31,49.06,50.02,1733700,50.534,50.538,47.727,51.134,0.802,1.135,-0.333,50.538,53.974,47.102
2023-02-24,49.14,49.48,48.85,49.27,1543800,49.964,50.64,47.785,47.846,0.633,1.035,-0.402,50.64,53.77,47.51
2023-02-27,49.39,50.08,48.9,49.24,1480900,49.534,50.719,47.81,47.714,0.492,0.926,-0.435,50.719,53.602,47.836
2023-02-28,49.14,49.71,49.04,49.23,1862700,49.514,50.828,47.858,47.667,0.374,0.816,-0.442,50.828,53.259,48.396
2023-03-01,49.04,49.39,48.34,48.46,1642000,49.244,50.766,47.921,44.048,0.217,0.696,-0.479,50.766,53.374,48.159
2023-03-02,47.9,49.07,47.7,48.9,1464100,49.02,50.674,48.013,46.545,0.126,0.582,-0.456,50.674,53.412,47.936
2023-03-03,49.33,49.87,48.74,49.67,1032900,49.1,50.51,48.129,50.693,0.114,0.488,-0.374,50.51,53.063,47.958
2023-03-06,49.76,49.91,48.7,48.77,1834700,49.006,50.363,48.236,46.183,0.033,0.397,-0.365,50.363,52.961,47.765
2023-03-07,48.84,49.09,47.97,48.01,1215200,48.762,50.227,48.316,42.726,-0.093,0.299,-0.392,50.227,53.022,47.432
2023-03-08,48.16,48.34,47.7,48.21,2085500,48.712,50.092,48.404,43.915,-0.174,0.205,-0.378,50.092,53.007,47.178
2023-03-09,48.42,49.23,47.86,47.93,2351700,48.518,49.962,48.482,42.582,-0.257,0.112,-0.37,49.962,53.023,46.901
2023-03-10,48.09,48.17,46.45,47.04,2672200,47.992,49.793,48.54,38.572,-0.391,0.012,-0.403,49.793,53.109,46.476
2023-03-13,46.56,47.6,46.16,47.18,2669200,47.674,49.58,48.622,39.537,-0.48,-0.087,-0.394,49.58,52.999,46.162
2023-03-14,48.08,48.4,47.03,47.57,2581400,47.586,49.318,48.692,42.257,-0.514,-0.172,-0.341,49.318,52.486,46.15
2023-03-15,46.82,47.45,46.38,47.09,2139600,47.362,49.085,48.762,39.879,-0.572,-0.252,-0.32,49.085,52.183,45.986
2023-03-16,46.79,47.63,46.39,47.36,1583900,47.248,48.83,48.823,41.861,-0.59,-0.32,-0.27,48.83,51.581,46.079
2023-03-17,47.39,47.39,46.01,46.31,3064100,47.102,48.54,48.839,36.783,-0.681,-0.392,-0.289,48.54,51.044,46.035
2023-03-20,46.58,47.23,46.32,47.07,1677500,47.08,48.324,48.882,42.244,-0.684,-0.45,-0.233,48.324,50.519,46.128
2023-03-21,47.58,48.49,47.53,48.16,2212000,47.198,48.265,48.918,49.043,-0.591,-0.479,-0.113,48.265,50.409,46.121
2023-03-22,47.69,47.86,46.17,46.17,2325400,47.014,48.083,48.9,39.825,-0.671,-0.517,-0.154,48.083,50.292,45.874
2023-03-23,46.16,46.76,44.91,45.44,2275100,46.63,47.854,48.86,37.073,-0.784,-0.57,-0.213,47.854,50.164,45.544
2023-03-24,44.99,45.31,44.26,45.12,1900200,46.392,47.646,48.797,35.901,-0.889,-0.634,-0.255,47.646,50.158,45.135
2023-03-27,45.3,45.57,44.49,44.83,2099600,45.944,47.426,48.725,34.827,-0.984,-0.704,-0.28,47.426,50.117,44.735
2023-03-28,44.87,45.49,44.6,45.09,1488400,45.33,47.219,48.656,36.657,-1.027,-0.769,-0.258,47.219,49.962,44.476
2023-03-29,45.7,45.82,45.15,45.78,1149700,45.252,47.085,48.62,41.362,-0.994,-0.814,-0.18,47.085,49.834,44.336
2023-03-30,46.29,46.35,45.29,45.47,1141200,45.258,46.914,48.588,39.927,-0.981,-0.847,-0.134,46.914,49.614,44.213
2023-03-31,45.86,46.76,45.55,46.68,1957900,45.57,46.764,48.621,47.572,-0.863,-0.85,-0.013,46.764,49.132,44.396
2023-04-03,46.66,46.98,46.47,46.86,1750300,45.976,46.668,48.622,48.619,-0.747,-0.83,0.083,46.668,48.842,44.495
2023-04-04,46.82,47.02,44.81,45.57,2179700,46.072,46.546,48.578,42.124,-0.75,-0.814,0.064,46.546,48.676,44.417
2023-04-05,45.27,45.39,44.29,44.48,2166700,45.812,46.36,48.513,37.557,-0.831,-0.817,-0.014,46.36,48.529,44.191
2023-04-06,44.38,44.48,43.84,44.17,1716800,45.552,46.172,48.438,36.351,-0.91,-0.836,-0.074,46.172,48.419,43.925
2023-04-10,44.03,45.0,43.91,44.61,2653000,45.138,46.05,48.385,39.331,-0.926,-0.854,-0.072,46.05,48.362,43.739
2023-04-11,45.17,45.86,44.94,45.53,3247000,44.872,45.968,48.343,45.116,-0.855,-0.854,-0.001,45.968,48.227,43.709
2023-04-12,46.05,46.2,45.19,45.43,1705400,44.844,45.861,48.31,44.618,-0.797,-0.843,0.046,45.861,48.0,43.722
2023-04-13,45.5,45.96,44.94,45.79,1448900,45.106,45.796,48.232,46.891,-0.714,-0.817,0.103,45.796,47.855,43.737
2023-04-14,45.68,46.23,45.34,45.67,1230500,45.406,45.712,48.131,46.21,-0.651,-0.784,0.133,45.712,47.634,43.789
2023-04-17,45.77,46.38,45.59,46.37,1321100,45.758,45.714,47.999,50.707,-0.538,-0.734,0.197,45.714,47.641,43.788
2023-04-18,46.59,47.12,46.37,47.0,1787000,46.052,45.711,47.905,54.401,-0.393,-0.666,0.273,45.711,47.628,43.794
2023-04-19,46.69,47.24,46.36,47.2,2638500,46.406,45.663,47.834,55.54,-0.259,-0.585,0.326,45.663,47.357,43.969
2023-04-20,47.28,48.52,47.03,47.88,2880400,46.824,45.748,47.774,59.266,-0.096,-0.487,0.39,45.748,47.703,43.794
2023-04-21,48.12,48.6,47.4,47.69,1445300,47.228,45.861,47.717,57.809,0.017,-0.386,0.403,45.861,47.991,43.731
2023-04-24,47.91,48.06,47.39,47.91,1837100,47.536,46.0,47.667,59.064,0.122,-0.285,0.407,46.0,48.286,43.715
2023-04-25,47.87,48.16,47.17,47.17,2639600,47.57,46.117,47.582,53.317,0.145,-0.199,0.344,46.117,48.391,43.844
2023-04-26,49.5,51.53,47.51,47.74,6257400,47.678,46.25,47.48,56.803,0.206,-0.118,0.324,46.25,48.579,43.921
2023-04-27,48.71,49.7,48.56,49.66,2416700,48.034,46.444,47.438,66.012,0.405,-0.013,0.418,46.444,49.213,43.675
2023-04-28,50.61,50.73,49.74,50.24,1979700,48.544,46.683,47.394,68.217,0.603,0.11,0.493,46.683,49.886,43.479
2023-05-01,50.16,50.7,49.76,50.1,1558200,48.982,46.854,47.353,67.086,0.74,0.236,0.504,46.854,50.403,43.304
2023-05-02,50.16,50.24,49.24,50.07,2294300,49.562,47.014,47.327,66.83,0.836,0.356,0.48,47.014,50.844,43.184
2023-05-03,50.34,51.18,50.22,50.47,1416300,50.108,47.259,47.35,68.551,0.934,0.472,0.462,47.259,51.32,43.198
2023-05-04,50.45,50.52,49.26,49.51,1615100,50.078,47.51,47.344,60.445,0.923,0.562,0.361,47.51,51.468,43.553
2023-05-05,49.96,50.4,49.7,50.18,1440100,50.066,47.811,47.347,63.673,0.958,0.641,0.317,47.811,51.61,44.012
2023-05-08,50.38,50.71,49.86,50.61,1247000,50.168,48.111,47.374,65.613,1.008,0.715,0.294,48.111,51.792,44.43
2023-05-09,50.51,50.7,50.21,50.47,962500,50.248,48.358,47.398,64.407,1.025,0.777,0.249,48.358,51.972,44.744
2023-05-10,50.77,51.08,49.38,49.99,993700,50.152,48.586,47.414,60.314,0.989,0.819,0.17,48.586,51.992,45.18
2023-05-11,49.68,49.79,49.12,49.37,1284600,50.124,48.765,47.432,55.415,0.899,0.835,0.064,48.765,51.919,45.611
2023-05-12,49.42,49.7,48.2,48.82,1641800,49.852,48.922,47.43,51.425,0.775,0.823,-0.048,48.922,51.72,46.125
2023-05-15,48.74,49.44,48.41,49.17,1163800,49.564,49.062,47.42,53.709,0.697,0.798,-0.101,49.062,51.589,46.536
2023-05-16,48.62,48.62,47.25,48.3,2048900,49.13,49.128,47.411,47.704,0.558,0.75,-0.192,49.128,51.493,46.762
2023-05-17,48.48,49.71,48.31,49.62,1331100,49.056,49.248,47.443,55.782,0.548,0.71,-0.161,49.248,51.44,47.057
2023-05-18,49.55,50.41,49.31,50.32,1181400,49.246,49.371,47.485,59.367,0.59,0.686,-0.095,49.371,51.512,47.229
2023-05-19,50.77,50.77,49.19,49.34,1044000,49.35,49.453,47.513,52.901,0.538,0.656,-0.118,49.453,51.444,47.462
2023-05-22,49.26,49.49,48.81,48.87,890900,49.29,49.501,47.55,50.084,0.454,0.616,-0.162,49.501,51.378,47.624
2023-05-23,48.41,48.62,47.88,48.0,1058800,49.23,49.543,47.566,45.277,0.313,0.555,-0.242,49.543,51.23,47.855
2023-05-24,48.12,48.28,47.11,47.21,2233700,48.748,49.516,47.559,41.392,0.136,0.472,-0.335,49.516,51.334,47.698
2023-05-25,47.45,47.68,46.96,47.43,2138100,48.17,49.404,47.566,42.862,0.014,0.38,-0.366,49.404,51.445,47.364
2023-05-26,47.5,47.95,47.01,47.94,1175500,47.89,49.29,47.578,46.23,-0.042,0.296,-0.337,49.29,51.39,47.189
2023-05-30,48.01,48.22,47.03,47.2,871800,47.556,49.144,47.595,42.331,-0.144,0.208,-0.351,49.144,51.404,46.885
2023-05-31,47.06,47.16,45.56,45.63,3193300,47.082,48.922,47.567,35.493,-0.347,0.097,-0.444,48.922,51.628,46.217
2023-06-01,45.85,46.37,45.31,46.32,1454800,46.904,48.715,47.53,40.075,-0.448,-0.012,-0.436,48.715,51.554,45.876
2023-06-02,46.9,48.66,46.83,48.6,1804800,47.138,48.67,47.578,52.165,-0.339,-0.077,-0.262,48.67,51.484,45.855
2023-06-05,48.35,48.44,47.87,48.05,1102400,47.16,48.563,47.631,49.567,-0.294,-0.121,-0.174,48.563,51.297,45.829
2023-06-06,48.08,50.18,48.08,50.09,2378200,47.738,48.537,47.73,57.936,-0.093,-0.115,0.022,48.537,51.198,45.876
2023-06-07,50.19,52.11,50.19,51.79,4018800,48.97,48.603,47.869,63.388,0.201,-0.052,0.253,48.603,51.519,45.687
2023-06-08,51.78,52.09,51.35,51.6,2020900,50.026,48.683,47.999,62.414,0.414,0.041,0.373,48.683,51.839,45.528
2023-06-09,51.44,51.61,50.72,50.95,1652500,50.496,48.762,48.103,59.071,0.525,0.138,0.387,48.762,52.066,45.459
2023-06-12,51.05,52.41,50.89,52.07,1800300,51.3,48.925,48.235,62.771,0.694,0.249,0.445,48.925,52.545,45.305
2023-06-13,52.03,53.02,52.03,52.81,1371400,51.844,49.107,48.357,65.021,0.879,0.375,0.504,49.107,53.124,45.09
2023-06-14,52.97,53.36,51.67,52.21,1793600,51.928,49.302,48.464,61.762,0.965,0.493,0.472,49.302,53.529,45.076
2023-06-15,52.28,53.06,52.22,52.9,1168100,52.188,49.466,48.611,63.997,1.077,0.61,0.467,49.466,53.989,44.944
2023-06-16,52.92,53.1,52.12,52.41,3488000,52.48,49.571,48.77,61.259,1.113,0.711,0.403,49.571,54.27,44.872
2023-06-20,52.14,53.23,52.01,52.89,1846600,52.644,49.748,48.944,62.932,1.167,0.802,0.365,49.748,54.673,44.824
2023-06-21,52.73,53.25,52.47,53.04,1318400,52.69,49.957,49.113,63.463,1.208,0.883,0.325,49.957,55.074,44.84
2023-06-22,52.95,52.95,52.05,52.3,1417400,52.708,50.172,49.248,58.974,1.167,0.94,0.227,50.172,55.304,45.04
2023-06-23,51.88,52.43,51.65,52.18,1625800,52.564,50.42,49.383,58.254,1.113,0.974,0.138,50.42,55.429,45.412
2023-06-26,52.37,52.94,51.97,52.37,1876000,52.556,50.668,49.515,59.105,1.072,0.994,0.078,50.668,55.54,45.795
2023-06-27,52.68,54.23,52.65,53.82,2239900,52.742,50.962,49.678,64.973,1.144,1.024,0.12,50.962,55.851,46.072
2023-06-28,53.78,54.16,53.41,53.62,2088400,52.858,51.283,49.823,63.617,1.171,1.053,0.118,51.283,55.971,46.594
2023-06-29,53.44,54.19,53.22,54.14,1441600,53.226,51.708,49.965,65.625,1.221,1.087,0.134,51.708,55.734,47.682
2023-06-30,54.7,54.7,54.02,54.18,2099000,53.626,52.101,50.105,65.782,1.249,1.119,0.129,52.101,55.378,48.824
2023-07-03,53.73,54.0,53.5,53.68,909600,53.888,52.355,50.221,61.983,1.217,1.139,0.078,52.355,55.255,49.455
2023-07-05,53.31,53.59,52.91,53.02,1960100,53.728,52.604,50.328,57.282,1.125,1.136,-0.011,52.604,54.687,50.52
2023-07-06,52.49,52.54,51.73,52.12,1860400,53.428,52.705,50.412,51.54,0.968,1.102,-0.134,52.705,54.442,50.968
2023-07-07,52.1,53.01,52.02,52.13,2348700,53.026,52.722,50.511,51.598,0.836,1.049,-0.213,52.722,54.427,51.017
2023-07-10,51.98,53.73,51.9,53.68,1686400,52.926,52.826,50.63,59.664,0.846,1.008,-0.163,52.826,54.497,51.155
2023-07-11,54.05,54.91,53.76,54.55,1965400,53.1,53.006,50.728,63.355,0.913,0.989,-0.076,53.006,54.6,51.412
2023-07-12,55.54,56.13,54.92,55.72,2439700,53.64,53.188,50.837,67.643,1.049,1.001,0.048,53.188,55.129,51.248
2023-07-13,56.02,56.8,55.85,56.71,2071700,54.558,53.384,50.969,70.761,1.223,1.046,0.177,53.384,55.871,50.896
2023-07-14,56.82,56.82,56.02,56.64,1722800,55.46,53.605,51.101,70.246,1.339,1.104,0.235,53.605,56.42,50.79
2023-07-17,56.54,57.34,56.16,57.1,1410500,56.144,53.815,51.233,71.704,1.452,1.174,0.278,53.815,57.009,50.621
2023-07-18,56.95,57.85,56.95,57.39,1546500,56.712,54.064,51.391,72.616,1.547,1.248,0.298,54.064,57.559,50.569
2023-07-19,57.33,57.57,56.77,57.19,1439200,57.006,54.279,51.531,70.919,1.587,1.316,0.271,54.279,57.992,50.566
2023-07-20,57.18,57.22,56.11,56.39,1699200,56.942,54.446,51.647,64.434,1.537,1.36,0.177,54.446,58.226,50.667
2023-07-21,56.57,56.66,55.73,55.94,1799600,56.802,54.628,51.756,61.052,1.445,1.377,0.068,54.628,58.323,50.934
2023-07-24,56.43,56.93,55.83,56.07,2209100,56.596,54.823,51.878,61.678,1.366,1.375,-0.009,54.823,58.382,51.264
2023-07-25,55.85,57.49,55.85,57.18,2480000,56.554,55.064,52.034,66.611,1.378,1.376,0.002,55.064,58.574,51.553
2023-07-26,57.06,58.28,57.0,58.17,3187600,56.75,55.281,52.221,70.285,1.45,1.39,0.059,55.281,59.0,51.562
2023-07-27,58.99,60.3,58.25,58.55,4783700,57.182,55.527,52.409,71.577,1.52,1.416,0.104,55.527,59.432,51.623
2023-07-28,59.63,59.77,57.47,57.83,2189900,57.56,55.712,52.599,65.742,1.5,1.433,0.067,55.712,59.688,51.736
2023-07-31,58.06,58.2,56.8,57.3,1891700,57.806,55.868,52.753,61.751,1.426,1.432,-0.006,55.868,59.836,51.9
2023-08-01,57.16,58.04,57.08,58.02,1153100,57.974,56.085,52.907,64.871,1.408,1.427,-0.019,56.085,60.024,52.146
2023-08-02,57.36,57.49,56.81,57.16,1553800,57.772,56.292,53.063,58.71,1.31,1.404,-0.094,56.292,59.98,52.604
2023-08-03,57.03,57.07,55.69,56.01,2328000,57.264,56.486,53.206,51.647,1.126,1.348,-0.222,56.486,59.616,53.357
2023-08-04,56.3,56.81,55.87,56.07,1231000,56.912,56.684,53.367,51.972,0.974,1.273,-0.299,56.684,59.064,54.303
2023-08-07,56.19,56.82,56.19,56.77,967400,56.806,56.838,53.559,55.708,0.9,1.199,-0.299,56.838,58.754,54.922
2023-08-08,56.1,56.51,55.29,56.48,965000,56.498,56.934,53.74,53.84,0.808,1.121,-0.312,56.934,58.533,55.336
2023-08-09,56.4,56.57,55.88,56.02,930900,56.27,56.95,53.901,50.922,0.691,1.035,-0.344,56.95,58.505,55.394
2023-08-10,56.15,56.7,55.39,55.8,1933900,56.228,56.904,54.073,49.539,0.573,0.942,-0.369,56.904,58.541,55.267
2023-08-11,55.78,56.16,55.52,55.62,944900,56.138,56.853,54.273,48.381,0.46,0.846,-0.386,56.853,58.585,55.121
2023-08-14,55.78,56.23,55.45,56.21,959100,56.026,56.808,54.471,52.315,0.413,0.759,-0.346,56.808,58.559,55.058
2023-08-15,56.07,56.39,55.78,55.99,1014600,55.928,56.738,54.619,50.761,0.354,0.678,-0.324,56.738,58.503,54.974
2023-08-16,56.15,56.41,54.98,55.02,1225500,55.728,56.63,54.758,44.489,0.227,0.588,-0.361,56.63,58.539,54.721
2023-08-17,55.12,55.32,53.46,53.56,1600400,55.28,56.488,54.827,37.066,0.008,0.472,-0.464,56.488,58.84,54.137
2023-08-18,53.36,54.38,53.36,53.88,2016900,54.932,56.386,54.869,39.45,-0.138,0.35,-0.488,56.386,59.004,53.767
2023-08-21,53.94,54.2,52.87,53.26,1010900,54.342,56.245,54.902,36.56,-0.301,0.22,-0.52,56.245,59.213,53.277
2023-08-22,53.61,54.06,53.16,53.24,1467700,53.792,56.048,54.948,36.467,-0.426,0.091,-0.517,56.048,59.267,52.829
2023-08-23,53.68,54.2,53.48,54.12,936700,53.612,55.845,54.989,43.29,-0.449,-0.017,-0.432,55.845,59.012,52.679
2023-08-24,53.8,54.26,53.54,53.64,886600,53.628,55.6,55.006,40.721,-0.5,-0.114,-0.387,55.6,58.642,52.558
2023-08-25,53.86,54.05,52.62,53.76,1325100,53.604,55.396,55.037,41.653,-0.525,-0.196,-0.329,55.396,58.354,52.439
2023-08-28,53.94,54.34,53.47,53.89,1156800,53.73,55.226,55.057,42.704,-0.529,-0.263,-0.266,55.226,58.114,52.338
2023-08-29,53.82,55.38,53.64,55.36,1454300,54.154,55.093,55.116,53.012,-0.408,-0.292,-0.116,55.093,57.667,52.519
2023-08-30,55.37,56.08,55.37,55.81,1196900,54.492,55.026,55.174,55.643,-0.273,-0.288,0.015,55.026,57.437,52.614
2023-08-31,55.95,56.49,55.82,55.99,1693000,54.962,55.024,55.233,56.688,-0.149,-0.26,0.111,55.024,57.434,52.615
2023-09-01,56.36,56.93,56.36,56.66,1211900,55.542,55.054,55.32,60.424,0.003,-0.208,0.21,55.054,57.531,52.577
2023-09-05,56.34,56.34,54.33,54.35,2092900,55.634,54.933,55.364,45.766,-0.063,-0.179,0.116,54.933,57.291,52.575
2023-09-06,54.2,55.2,54.03,54.73,2104800,55.508,54.845,55.411,48.001,-0.083,-0.16,0.077,54.845,57.088,52.603
2023-09-07,54.51,54.69,53.45,53.82,1841900,55.11,54.735,55.411,43.39,-0.17,-0.162,-0.009,54.735,56.952,52.519
2023-09-08,53.73,54.23,53.27,53.35,1698900,54.582,54.613,55.405,41.189,-0.275,-0.184,-0.09,54.613,56.852,52.374
2023-09-11,54.03,54.45,53.64,53.74,1718800,53.998,54.519,55.397,43.739,-0.322,-0.212,-0.11,54.519,56.738,52.3
2023-09-12,53.62,53.7,52.72,52.98,1437200,53.724,54.358,55.373,40.091,-0.416,-0.253,-0.163,54.358,56.528,52.187
2023-09-13,52.97,53.23,52.15,52.64,1560100,53.306,54.19,55.353,38.542,-0.512,-0.304,-0.207,54.19,56.347,52.033
2023-09-14,52.96,53.4,52.65,53.02,1363400,53.146,54.09,55.353,41.273,-0.551,-0.354,-0.197,54.09,56.27,51.91
2023-09-15,52.55,52.58,51.69,51.87,3303600,52.85,54.006,55.348,36.052,-0.667,-0.416,-0.251,54.006,56.393,51.618
2023-09-18,51.98,52.48,51.69,52.2,1362300,52.542,53.922,55.349,38.458,-0.724,-0.478,-0.246,53.922,56.442,51.401
2023-09-19,51.99,52.72,51.81,52.62,1867300,52.47,53.89,55.328,41.475,-0.727,-0.528,-0.199,53.89,56.461,51.318
2023-09-20,52.9,53.41,51.74,51.78,1560900,52.298,53.816,55.272,37.514,-0.788,-0.58,-0.208,53.816,56.544,51.089
2023-09-21,51.28,51.42,50.8,50.85,1933200,51.864,53.653,55.175,33.678,-0.901,-0.644,-0.257,53.653,56.68,50.626
2023-09-22,51.08,51.31,50.1,50.37,1238900,51.564,53.49,55.048,31.867,-1.018,-0.719,-0.299,53.49,56.854,50.125
2023-09-25,50.01,50.85,50.01,50.55,1130400,51.234,53.329,54.926,33.315,-1.083,-0.792,-0.291,53.329,56.936,49.722
2023-09-26,49.87,50.73,49.87,49.94,1177500,50.698,53.132,54.783,30.917,-1.171,-0.867,-0.303,53.132,57.03,49.233
2023-09-27,50.5,51.05,50.08,50.49,1270200,50.44,52.888,54.645,35.43,-1.182,-0.93,-0.252,52.888,56.809,48.967
2023-09-28,50.56,51.88,50.42,51.54,1619600,50.578,52.674,54.532,43.076,-1.094,-0.963,-0.131,52.674,56.385,48.964
2023-09-29,51.75,51.96,50.56,50.71,1610000,50.646,52.41,54.419,39.132,-1.078,-0.986,-0.092,52.41,55.87,48.951
2023-10-02,50.31,50.83,49.76,49.89,1803300,50.514,52.072,54.298,35.658,-1.119,-1.013,-0.107,52.072,55.076,49.068
2023-10-03,49.71,49.82,48.68,49.01,1618100,50.328,51.805,54.156,32.339,-1.209,-1.052,-0.157,51.805,54.904,48.706
2023-10-04,49.21,49.7,48.67,49.61,1864800,50.152,51.549,54.005,36.667,-1.217,-1.085,-0.132,51.549,54.472,48.626
2023-10-05,49.51,50.08,49.24,49.55,1511000,49.754,51.336,53.833,36.416,-1.215,-1.111,-0.104,51.336,54.183,48.488
2023-10-06,48.8,50.24,48.8,49.53,2058300,49.518,51.144,53.652,36.327,-1.201,-1.129,-0.072,51.144,53.935,48.354
2023-10-09,49.2,49.9,48.56,49.54,1617100,49.448,50.934,53.486,36.411,-1.175,-1.138,-0.037,50.934,53.527,48.342
2023-10-10,49.53,50.65,49.32,49.94,1559300,49.634,50.783,53.339,39.825,-1.11,-1.133,0.023,50.783,53.222,48.343
2023-10-11,50.02,51.03,49.94,50.88,1486300,49.888,50.694,53.196,47.025,-0.971,-1.1,0.129,50.694,52.974,48.415
2023-10-12,50.0,50.2,47.95,48.98,1827000,49.774,50.492,53.033,37.309,-1.003,-1.081,0.078,50.492,52.615,48.37
2023-10-13,48.96,49.22,48.17,48.5,1117000,49.568,50.324,52.883,35.323,-1.055,-1.076,0.021,50.324,52.52,48.128
2023-10-16,49.32,49.92,48.67,49.83,1275600,49.626,50.206,52.758,44.187,-0.977,-1.056,0.079,50.206,52.224,48.187
2023-10-17,49.4,50.58,49.4,49.86,1412300,49.61,50.068,52.62,44.372,-0.903,-1.025,0.122,50.068,51.738,48.397
2023-10-18,48.75,49.01,48.18,48.19,1981600,49.072,49.888,52.454,37.01,-0.967,-1.014,0.046,49.888,51.555,48.221
2023-10-19,47.93,48.49,47.45,47.55,1806200,48.786,49.723,52.284,34.638,-1.058,-1.023,-0.036,49.723,51.626,47.82
2023-10-20,47.6,47.93,47.26,47.33,1483700,48.552,49.571,52.115,33.836,-1.135,-1.045,-0.09,49.571,51.725,47.417
2023-10-23,46.63,47.7,46.52,47.23,1400900,48.032,49.405,51.947,33.456,-1.19,-1.074,-0.116,49.405,51.745,47.065
2023-10-24,47.69,47.88,46.59,46.62,2016400,47.384,49.239,51.755,31.16,-1.268,-1.113,-0.155,49.239,51.872,46.606
2023-10-25,45.99,46.16,45.22,45.86,3873900,46.918,49.008,51.553,28.533,-1.375,-1.165,-0.21,49.008,51.971,46.044
2023-10-26,49.3,50.44,46.72,48.89,4388300,47.186,48.875,51.43,47.528,-1.202,-1.173,-0.03,48.875,51.588,46.162
2023-10-27,49.21,49.22,47.73,48.43,2745900,47.406,48.761,51.328,45.549,-1.09,-1.156,0.066,48.761,51.338,46.184
2023-10-30,48.88,49.58,48.37,49.18,2214500,47.796,48.726,51.234,49.259,-0.929,-1.111,0.182,48.726,51.256,46.195
2023-10-31,49.34,49.56,49.08,49.42,1984400,48.356,48.746,51.157,50.424,-0.774,-1.043,0.27,48.746,51.293,46.199
2023-11-01,49.4,50.06,49.07,50.01,2248500,49.186,48.766,51.092,53.262,-0.596,-0.954,0.358,48.766,51.347,46.185
2023-11-02,50.7,51.62,50.7,51.11,1912100,49.63,48.844,51.032,58.082,-0.362,-0.835,0.473,48.844,51.612,46.076
2023-11-03,52.08,53.12,52.01,52.27,2564500,50.398,48.981,51.005,62.476,-0.082,-0.685,0.603,48.981,52.136,45.826
2023-11-06,51.99,52.28,51.76,51.84,1432900,50.93,49.096,50.966,59.967,0.104,-0.527,0.631,49.096,52.495,45.697
2023-11-07,51.93,52.53,51.88,52.36,1580300,51.518,49.217,50.936,61.957,0.29,-0.364,0.653,49.217,52.903,45.531
2023-11-08,52.27,53.59,52.27,53.53,2637500,52.222,49.35,50.899,66.047,0.525,-0.186,0.711,49.35,53.454,45.245
2023-11-09,53.83,53.83,52.57,52.92,2677500,52.584,49.546,50.841,62.287,0.655,-0.018,0.673,49.546,53.944,45.149
2023-11-10,53.34,53.62,52.82,53.56,1486000,52.842,49.8,50.793,64.566,0.801,0.146,0.655,49.8,54.514,45.085
2023-11-13,53.22,53.39,52.86,53.04,1457000,53.082,49.96,50.72,61.323,0.864,0.29,0.574,49.96,54.893,45.027
2023-11-14,54.72,56.69,54.53,56.35,2853500,53.88,50.284,50.76,71.229,1.168,0.465,0.703,50.284,55.984,44.585
2023-11-15,56.46,57.33,56.37,56.49,1692900,54.472,50.699,50.795,71.56,1.404,0.653,0.751,50.699,56.94,44.459
2023-11-16,56.62,57.13,56.44,56.62,1558700,55.212,51.153,50.851,71.885,1.583,0.839,0.744,51.153,57.738,44.568
2023-11-17,56.95,57.33,56.91,57.32,1382100,55.964,51.652,50.931,73.628,1.761,1.023,0.738,51.652,58.526,44.779
2023-11-20,57.21,57.49,56.79,57.38,1222800,56.832,52.16,51.004,73.778,1.886,1.196,0.69,52.16,59.156,45.164
2023-11-21,56.9,57.1,56.17,56.3,2019600,56.822,52.644,51.07,66.448,1.875,1.332,0.544,52.644,59.36,45.928
2023-11-22,56.8,57.02,56.16,56.53,1047600,56.83,53.177,51.148,67.195,1.864,1.438,0.426,53.177,59.293,47.062
2023-11-24,56.27,56.68,56.27,56.44,377600,56.794,53.555,51.216,66.57,1.827,1.516,0.311,53.555,59.486,47.624
2023-11-27,56.34,57.27,56.26,57.01,1898600,56.732,53.984,51.319,68.564,1.823,1.577,0.245,53.984,59.586,48.382
2023-11-28,56.78,57.1,56.18,56.73,1284900,56.602,54.362,51.41,66.467,1.776,1.617,0.159,54.362,59.607,49.116
2023-11-29,57.48,58.06,57.3,57.57,1176100,56.856,54.769,51.509,69.483,1.787,1.651,0.135,54.769,59.651,49.887
2023-11-30,57.58,58.08,56.95,57.74,2847800,57.098,55.156,51.628,70.07,1.788,1.678,0.109,55.156,59.661,50.65
2023-12-01,57.73,59.32,57.65,59.28,1402900,57.666,55.564,51.796,74.797,1.891,1.721,0.17,55.564,60.006,51.122
2023-12-04,59.11,59.93,58.95,59.54,1687700,58.172,55.927,51.98,75.501,1.972,1.771,0.2,55.927,60.424,51.431
2023-12-05,59.35,59.69,59.04,59.39,1228200,58.704,56.305,52.157,74.214,2.0,1.817,0.183,56.305,60.621,51.989
2023-12-06,59.87,60.79,59.87,60.49,1294200,59.288,56.712,52.368,77.274,2.087,1.871,0.216,56.712,60.994,52.429
2023-12-07,60.48,60.6,60.03,60.45,1185800,59.83,57.057,52.567,76.916,2.129,1.922,0.206,57.057,61.376,52.739
2023-12-08,60.58,61.2,60.51,61.03,1094300,60.18,57.463,52.757,78.471,2.183,1.975,0.208,57.463,61.667,53.259
2023-12-11,61.15,61.37,60.86,61.01,1232900,60.474,57.836,52.963,78.275,2.199,2.019,0.18,57.836,61.902,53.769
2023-12-12,61.37,61.67,61.16,61.36,1171000,60.868,58.252,53.192,79.251,2.215,2.059,0.156,58.252,61.936,54.567
2023-12-13,61.36,63.58,61.09,63.23,2018700,61.416,58.596,53.476,83.512,2.351,2.117,0.234,58.596,62.783,54.408
2023-12-14,64.22,66.35,64.13,66.1,3012200,62.546,59.076,53.806,87.69,2.66,2.226,0.434,59.076,64.319,53.833
2023-12-15,65.72,66.43,65.07,65.46,4637500,63.432,59.518,54.124,82.66,2.82,2.344,0.476,59.518,65.347,53.689
2023-12-18,65.84,65.84,64.45,64.8,1770500,64.19,59.892,54.43,77.709,2.861,2.448,0.413,59.892,66.076,53.708
2023-12-19,65.27,65.33,64.69,64.94,1558200,64.906,60.27,54.738,78.01,2.872,2.533,0.339,60.27,66.726,53.814
2023-12-20,64.89,65.43,63.89,63.93,1675500,65.046,60.652,55.018,70.606,2.767,2.579,0.187,60.652,67.021,54.282
2023-12-21,64.6,64.9,63.44,64.25,1683500,64.676,61.038,55.285,71.528,2.679,2.599,0.079,61.038,67.29,54.785
2023-12-22,64.55,64.55,63.97,64.1,1147000,64.404,61.42,55.587,70.413,2.567,2.593,-0.026,61.42,67.42,55.421
2023-12-26,64.09,64.26,63.84,64.15,1055900,64.274,61.777,55.9,70.578,2.454,2.565,-0.111,61.777,67.516,56.039
2023-12-27,64.23,64.46,63.99,64.16,883500,64.118,62.149,56.187,70.613,2.339,2.52,-0.181,62.149,67.458,56.84
2023-12-28,64.23,64.31,63.69,64.05,995100,64.142,62.473,56.471,69.626,2.213,2.459,-0.246,62.473,67.381,57.565
2023-12-29,63.82,64.28,63.68,63.87,1079000,64.066,62.78,56.784,67.951,2.075,2.382,-0.307,62.78,67.183,58.376
2024-01-02,63.25,64.13,62.6,63.48,1879200,63.942,62.99,57.103,64.341,1.912,2.288,-0.376,62.99,67.079,58.9
2024-01-03,62.53,62.76,61.21,61.29,3261800,63.37,63.077,57.382,48.695,1.588,2.148,-0.56,63.077,66.924,59.23
2024-01-04,60.65,61.89,60.65,61.25,2584100,62.788,63.17,57.663,48.464,1.312,1.981,-0.668,63.17,66.72,59.62
2024-01-05,61.05,62.34,60.9,62.01,1529500,62.38,63.246,57.97,53.038,1.142,1.813,-0.671,63.246,66.615,59.877
2024-01-08,62.3,63.78,62.18,63.71,2031500,62.348,63.409,58.327,61.31,1.132,1.677,-0.545,63.409,66.513,60.305
2024-01-09,63.06,64.2,62.87,64.1,1359200,62.472,63.562,58.632,62.924,1.142,1.57,-0.428,63.562,66.469,60.656
2024-01-10,64.21,65.07,64.12,65.02,1477700,63.218,63.763,58.963,66.475,1.21,1.498,-0.288,63.763,66.474,61.052
2024-01-11,64.82,65.14,64.02,64.96,1176100,63.96,63.943,59.279,66.031,1.244,1.447,-0.203,63.943,66.453,61.433
2024-01-12,65.42,65.42,63.64,64.16,1227400,64.39,63.99,59.574,60.249,1.194,1.396,-0.203,63.99,66.478,61.501
2024-01-16,63.5,64.36,63.1,64.33,1524600,64.514,63.901,59.86,61.03,1.154,1.348,-0.194,63.901,66.192,61.61
2024-01-17,63.81,64.39,63.53,64.18,1395800,64.53,63.837,60.122,59.912,1.098,1.298,-0.2,63.837,66.013,61.661
2024-01-18,64.52,65.09,64.04,65.04,1128000,64.534,63.849,60.377,63.987,1.11,1.26,-0.151,63.849,66.05,61.648
2024-01-19,65.27,65.27,64.32,64.9,1935200,64.522,63.847,60.638,62.866,1.095,1.227,-0.132,63.847,66.044,61.65
2024-01-22,65.48,66.23,65.48,65.84,932700,64.858,63.942,60.908,67.039,1.146,1.211,-0.065,63.942,66.314,61.571
2024-01-23,65.42,65.71,63.53,63.92,1830700,64.776,63.926,61.116,53.753,1.02,1.173,-0.153,63.926,66.293,61.559
2024-01-24,64.31,64.35,62.37,62.43,1948200,64.426,63.843,61.306,46.115,0.791,1.097,-0.305,63.843,66.3,61.385
2024-01-25,63.25,64.08,62.88,64.06,1614700,64.23,63.838,61.516,53.842,0.732,1.024,-0.291,63.838,66.293,61.383
2024-01-26,64.08,64.42,63.7,64.13,1050400,64.076,63.836,61.738,54.146,0.684,0.956,-0.272,63.836,66.291,61.382
2024-01-29,64.05,65.22,64.05,65.22,1430800,63.952,63.895,61.915,58.708,0.725,0.91,-0.185,63.895,66.425,61.365
2024-01-30,64.86,65.88,64.86,65.33,1243800,64.234,63.968,62.092,59.15,0.757,0.879,-0.122,63.968,66.578,61.358
2024-01-31,65.15,65.48,63.93,64.17,2066700,64.582,64.002,62.243,52.742,0.682,0.84,-0.158,64.002,66.604,61.401
2024-02-01,64.71,65.94,64.03,65.91,1411100,64.952,64.234,62.415,59.78,0.754,0.822,-0.069,64.234,66.633,61.834
2024-02-02,64.79,65.85,64.34,65.48,1324100,65.222,64.445,62.577,57.501,0.767,0.811,-0.044,64.445,66.451,62.439
2024-02-05,64.62,65.3,64.26,64.84,1750300,65.146,64.586,62.747,54.19,0.718,0.793,-0.075,64.586,66.237,62.936
2024-02-06,64.8,65.61,64.7,65.59,1458600,65.198,64.68,62.929,57.294,0.731,0.78,-0.05,64.68,66.335,63.026
2024-02-07,66.29,67.53,66.2,67.17,3561200,65.798,64.834,63.143,62.983,0.859,0.796,0.063,64.834,66.802,62.866
2024-02-08,70.8,72.88,69.66,69.92,6106700,66.6,65.079,63.401,70.38,1.168,0.87,0.298,65.079,68.089,62.069
2024-02-09,70.32,70.76,68.82,69.24,3772900,67.352,65.293,63.652,66.824,1.344,0.965,0.379,65.293,68.83,61.756
2024-02-12,69.44,69.89,68.57,69.85,3095500,68.354,65.578,63.897,68.368,1.514,1.075,0.439,65.578,69.611,61.544
2024-02-13,67.88,70.02,67.61,69.11,3184900,69.058,65.816,64.125,64.45,1.571,1.174,0.397,65.816,70.098,61.535
2024-02-14,69.9,70.17,69.12,70.06,1963600,69.636,66.11,64.34,67.06,1.674,1.274,0.4,66.11,70.714,61.507
2024-02-15,70.68,70.68,69.9,70.07,1549800,69.666,66.362,64.551,67.087,1.737,1.367,0.37,66.362,71.259,61.465
2024-02-16,69.33,70.37,68.91,69.77,1830700,69.772,66.605,64.758,65.332,1.742,1.442,0.3,66.605,71.678,61.533
2024-02-20,69.39,70.64,69.17,70.54,1933300,69.91,66.84,64.959,67.67,1.787,1.511,0.276,66.84,72.191,61.49
2024-02-21,70.62,70.88,70.03,70.45,1247200,70.178,67.167,65.159,67.1,1.795,1.568,0.228,67.167,72.564,61.77
2024-02-22,70.99,71.7,70.91,71.16,1545200,70.398,67.604,65.362,69.296,1.838,1.622,0.216,67.604,72.796,62.411
2024-02-23,71.34,72.13,71.19,71.75,1472800,70.734,67.988,65.577,71.027,1.897,1.677,0.22,67.988,73.214,62.762
2024-02-26,71.68,72.18,71.47,72.1,1360500,71.2,68.386,65.792,72.034,1.95,1.732,0.219,68.386,73.59,63.183
2024-02-27,72.51,73.46,72.26,73.36,1821400,71.764,68.794,65.994,75.355,2.07,1.799,0.271,68.794,74.222,63.365
2024-02-28,73.24,74.03,72.99,73.43,2032100,72.36,69.198,66.141,75.528,2.146,1.869,0.277,69.198,74.747,63.65
2024-02-29,73.69,73.77,72.72,73.49,2080000,72.826,69.664,66.301,75.687,2.185,1.932,0.254,69.664,74.996,64.333
2024-03-01,73.19,74.33,73.06,74.29,1480500,73.334,70.083,66.491,77.753,2.255,1.997,0.259,70.083,75.489,64.678
2024-03-04,74.08,74.95,74.0,74.56,1750800,73.826,70.538,66.684,78.42,2.306,2.059,0.248,70.538,75.839,65.236
2024-03-05,74.2,74.63,72.97,73.33,2053600,73.82,70.962,66.872,68.368,2.222,2.091,0.13,70.962,75.669,66.255
2024-03-06,73.7,73.99,71.98,73.16,3796700,73.766,71.34,67.05,67.088,2.116,2.096,0.02,71.34,75.402,67.279
2024-03-07,73.7,74.64,73.51,73.85,2005200,73.838,71.674,67.245,69.578,2.065,2.09,-0.025,71.674,75.374,67.975
2024-03-08,74.19,74.93,73.43,73.6,1336600,73.7,71.858,67.434,67.583,1.981,2.068,-0.087,71.858,75.557,68.16
2024-03-11,73.09,73.39,71.75,71.96,2674600,73.18,71.994,67.59,56.201,1.762,2.007,-0.245,71.994,75.482,68.507
2024-03-12,72.05,72.99,71.62,72.34,2326900,72.982,72.119,67.756,57.967,1.6,1.926,-0.325,72.119,75.458,68.78
2024-03-13,72.24,72.4,71.6,71.89,2555400,72.728,72.258,67.916,55.132,1.42,1.824,-0.405,72.258,75.287,69.229
2024-03-14,71.57,71.95,70.17,70.77,2575900,72.112,72.294,68.062,48.741,1.173,1.694,-0.521,72.294,75.229,69.358
2024-03-15,69.86,71.37,69.51,71.0,8228800,71.592,72.34,68.256,50.022,0.984,1.552,-0.568,72.34,75.154,69.526
2024-03-18,71.29,71.39,70.48,70.73,2147900,71.346,72.388,68.446,48.49,0.804,1.402,-0.599,72.388,75.046,69.73
2024-03-19,70.72,72.22,70.72,72.15,2817000,71.308,72.468,68.648,56.105,0.767,1.275,-0.509,72.468,74.985,69.952
2024-03-20,72.22,73.05,71.97,72.98,2401500,71.526,72.595,68.834,59.842,0.795,1.179,-0.384,72.595,74.932,70.258
2024-03-21,74.0,75.49,73.38,74.85,3504800,72.342,72.78,69.049,66.718,0.957,1.135,-0.178,72.78,75.22,70.339
2024-03-22,74.83,75.01,73.63,73.81,1627600,72.904,72.882,69.225,60.513,0.99,1.106,-0.116,72.882,75.314,70.451
2024-03-25,73.87,73.97,72.74,72.77,1996400,73.312,72.916,69.381,55.003,0.922,1.069,-0.147,72.916,75.32,70.512
2024-03-26,72.79,73.76,72.72,73.32,1582900,73.546,72.914,69.564,57.222,0.902,1.036,-0.134,72.914,75.317,70.511
2024-03-27,73.83,74.68,73.62,74.53,1715300,73.856,72.969,69.768,61.695,0.973,1.023,-0.051,72.969,75.47,70.468
2024-03-28,74.56,75.57,74.46,75.52,1709400,73.99,73.071,69.995,64.927,1.096,1.038,0.058,73.071,75.813,70.328
2024-04-01,75.44,75.54,74.09,74.38,1508200,74.104,73.075,70.182,58.777,1.089,1.048,0.041,73.075,75.827,70.323
2024-04-02,73.62,73.94,72.65,73.89,1406600,74.328,73.042,70.361,56.309,1.032,1.045,-0.013,73.042,75.733,70.35
2024-04-03,73.79,75.18,73.6,74.58,1252200,74.58,73.104,70.536,58.925,1.031,1.042,-0.011,73.104,75.88,70.328
2024-04-04,75.4,75.56,73.1,73.32,1735500,74.338,73.112,70.724,52.717,0.917,1.017,-0.1,73.112,75.89,70.334
2024-04-05,73.56,73.96,73.03,73.62,1396400,73.958,73.1,70.948,53.961,0.842,0.982,-0.14,73.1,75.867,70.334
2024-04-08,73.94,74.23,73.68,73.83,1147200,73.848,73.112,71.143,54.856,0.79,0.944,-0.153,73.112,75.889,70.335
2024-04-09,74.03,74.03,72.08,73.46,1181100,73.762,73.187,71.33,52.904,0.711,0.897,-0.186,73.187,75.914,70.46
2024-04-10,71.4,72.12,70.55,70.84,2693300,73.014,73.112,71.442,41.614,0.432,0.804,-0.372,73.112,76.014,70.21
2024-04-11,71.19,71.22,70.35,70.35,1666400,72.42,73.035,71.543,39.899,0.169,0.677,-0.508,73.035,76.148,69.922
2024-04-12,69.72,70.43,69.69,70.41,1888900,71.778,73.017,71.668,40.223,-0.034,0.535,-0.569,73.017,76.188,69.846
2024-04-15,71.27,71.39,69.3,69.95,1944800,71.002,72.964,71.748,38.505,-0.229,0.382,-0.611,72.964,76.307,69.622
2024-04-16,69.51,69.64,68.58,69.47,1944000,70.204,72.902,71.828,36.741,-0.418,0.222,-0.64,72.902,76.461,69.342
2024-04-17,70.14,70.14,68.76,69.28,1661700,69.892,72.758,71.917,36.038,-0.576,0.063,-0.638,72.758,76.66,68.856
2024-04-18,69.95,70.62,69.06,69.14,1890500,69.65,72.566,71.988,35.498,-0.705,-0.091,-0.614,72.566,76.787,68.345
2024-04-19,69.24,69.78,68.57,68.84,1809300,69.336,72.266,72.021,34.313,-0.821,-0.237,-0.584,72.266,76.654,67.877
2024-04-22,69.31,69.88,68.55,68.95,2073800,69.136,72.023,72.002,35.167,-0.894,-0.368,-0.526,72.023,76.586,67.459
2024-04-23,69.15,70.08,68.63,69.9,2540600,69.222,71.879,72.015,42.168,-0.866,-0.468,-0.398,71.879,76.523,67.235
2024-04-24,67.06,68.45,65.64,66.77,4613800,68.72,71.552,71.954,30.487,-1.083,-0.591,-0.492,71.552,76.668,66.435
2024-04-25,65.38,67.32,64.9,66.89,2810600,68.27,71.17,71.909,31.273,-1.232,-0.719,-0.513,71.17,76.486,65.853
2024-04-26,66.85,67.31,66.33,66.87,1921800,67.876,70.737,71.845,31.21,-1.336,-0.842,-0.493,70.737,75.97,65.504
2024-04-29,67.0,67.41,66.76,67.08,2201800,67.502,70.372,71.786,32.75,-1.385,-0.951,-0.434,70.372,75.554,65.19
2024-04-30,66.56,67.03,65.44,65.53,2154100,66.628,69.954,71.701,27.802,-1.532,-1.067,-0.464,69.954,75.287,64.621
2024-05-01,65.59,67.09,65.04,65.66,1561400,66.406,69.508,71.603,28.774,-1.619,-1.177,-0.441,69.508,74.702,64.314
2024-05-02,66.28,66.4,65.17,66.04,1797000,66.236,69.144,71.515,31.67,-1.638,-1.269,-0.368,69.144,74.233,64.055
2024-05-03,67.49,68.26,66.56,66.59,1392200,66.18,68.792,71.424,35.742,-1.591,-1.334,-0.257,68.792,73.539,64.046
2024-05-06,67.29,67.64,66.84,67.24,979500,66.212,68.463,71.333,40.272,-1.484,-1.364,-0.12,68.463,72.615,64.311
2024-05-07,67.36,67.81,67.32,67.67,1724700,66.64,68.174,71.245,43.129,-1.348,-1.361,0.012,68.174,71.603,64.744
2024-05-08,67.63,67.71,67.08,67.66,1106900,67.04,68.015,71.131,43.077,-1.228,-1.334,0.106,68.015,71.211,64.818
2024-05-09,67.73,69.09,67.67,68.97,1293800,67.626,67.946,71.042,51.297,-1.015,-1.27,0.255,67.946,70.985,64.906
2024-05-10,68.93,69.33,68.62,69.23,938300,68.154,67.886,70.956,52.755,-0.816,-1.179,0.363,67.886,70.766,65.007
2024-05-13,69.61,69.7,67.73,67.77,1373000,68.26,67.778,70.826,44.668,-0.767,-1.097,0.33,67.778,70.488,65.067
2024-05-14,68.33,68.42,67.7,68.07,1764400,68.34,67.708,70.696,46.483,-0.696,-1.017,0.32,67.708,70.304,65.111
2024-05-15,68.83,69.57,68.65,69.12,1193300,68.632,67.7,70.612,52.373,-0.549,-0.923,0.374,67.7,70.277,65.122
2024-05-16,68.79,69.07,67.29,67.34,1576700,68.306,67.61,70.496,43.61,-0.57,-0.853,0.283,67.61,70.099,65.12
2024-05-17,67.48,67.55,66.99,67.17,962400,67.894,67.526,70.362,42.873,-0.593,-0.801,0.208,67.526,69.953,65.099
2024-05-20,67.09,67.54,66.51,66.57,1077800,67.654,67.407,70.221,40.283,-0.652,-0.771,0.119,67.407,69.773,65.041
2024-05-21,66.36,67.03,66.06,66.92,1255900,67.424,67.258,70.121,42.466,-0.663,-0.749,0.086,67.258,69.319,65.197
2024-05-22,66.5,66.77,65.77,66.3,1422200,66.86,67.234,70.0,39.697,-0.713,-0.742,0.029,67.234,69.329,65.14
2024-05-23,66.35,66.46,65.42,66.09,1784400,66.61,67.194,69.884,38.775,-0.761,-0.746,-0.016,67.194,69.346,65.043
2024-05-24,66.46,66.83,66.13,66.43,1034700,66.462,67.172,69.797,41.158,-0.763,-0.749,-0.014,67.172,69.347,64.998
2024-05-28,66.38,66.91,64.76,64.87,1391700,66.122,67.062,69.674,34.518,-0.881,-0.776,-0.105,67.062,69.469,64.655
2024-05-29,64.13,64.81,64.0,64.73,1311000,65.684,67.022,69.554,33.988,-0.974,-0.815,-0.158,67.022,69.559,64.485
2024-05-30,65.02,65.97,64.87,65.74,1804200,65.572,67.026,69.426,41.023,-0.955,-0.843,-0.112,67.026,69.554,64.498
2024-05-31,65.92,67.23,65.66,67.22,4175400,65.798,67.085,69.311,49.513,-0.811,-0.837,0.026,67.085,69.571,64.599
2024-06-03,67.47,67.72,65.64,66.05,1460000,65.722,67.058,69.135,44.108,-0.783,-0.826,0.043,67.058,69.578,64.538
2024-06-04,65.56,66.13,64.33,64.64,1840200,65.676,66.928,68.952,38.633,-0.864,-0.834,-0.03,66.928,69.667,64.189
2024-06-05,64.78,65.28,63.94,65.14,1311600,65.758,66.802,68.799,41.41,-0.878,-0.843,-0.035,66.802,69.629,63.974
2024-06-06,64.87,65.62,64.3,64.53,1115000,65.516,66.645,68.623,39.086,-0.928,-0.86,-0.068,66.645,69.615,63.675
2024-06-07,63.67,63.85,63.04,63.48,1884800,64.768,66.37,68.402,35.403,-1.04,-0.896,-0.144,66.37,69.449,63.292
2024-06-10,63.13,64.63,63.13,64.55,1492900,64.468,66.136,68.183,41.457,-1.03,-0.922,-0.108,66.136,69.004,63.269
2024-06-11,64.46,64.62,63.47,64.61,1152600,64.462,65.979,67.987,41.787,-1.006,-0.939,-0.067,65.979,68.815,63.142
2024-06-12,66.43,67.28,65.82,66.32,2391400,64.698,65.891,67.836,50.36,-0.84,-0.919,0.08,65.891,68.559,63.223
2024-06-13,65.97,67.85,65.72,67.73,1706300,65.338,65.822,67.699,56.101,-0.587,-0.853,0.266,65.822,68.191,63.452
2024-06-14,66.85,67.34,65.85,66.47,1289500,65.936,65.778,67.562,50.483,-0.483,-0.779,0.296,65.778,68.06,63.496
2024-06-17,66.11,66.91,65.91,66.84,1039600,66.394,65.762,67.426,52.003,-0.366,-0.696,0.33,65.762,68.006,63.517
2024-06-18,66.69,67.29,66.61,66.71,924900,66.814,65.768,67.284,51.406,-0.281,-0.613,0.332,65.768,68.024,63.513
2024-06-20,66.35,66.66,65.32,65.61,1394100,66.672,65.703,67.127,46.536,-0.299,-0.551,0.251,65.703,67.893,63.513
2024-06-21,65.54,65.74,64.18,65.22,3531900,66.17,65.649,67.015,44.912,-0.341,-0.509,0.168,65.649,67.83,63.468
2024-06-24,65.45,66.14,64.94,65.46,2499100,65.968,65.617,66.917,46.157,-0.35,-0.477,0.127,65.617,67.79,63.445
2024-06-25,65.02,65.86,62.06,62.95,2761100,65.19,65.444,66.768,36.789,-0.554,-0.492,-0.062,65.444,67.883,63.004
2024-06-26,62.73,63.85,62.63,63.76,1528500,64.6,65.388,66.644,40.954,-0.643,-0.523,-0.12,65.388,67.931,62.845
2024-06-27,63.74,63.89,63.21,63.84,1387500,64.246,65.343,66.531,41.365,-0.699,-0.558,-0.141,65.343,67.965,62.722
2024-06-28,63.45,64.8,63.37,64.1,2824600,64.022,65.262,66.428,42.759,-0.714,-0.589,-0.125,65.262,67.933,62.59
2024-07-01,64.26,64.81,62.12,62.21,1726900,63.372,65.011,66.289,36.049,-0.868,-0.645,-0.223,65.011,67.844,62.178
2024-07-02,62.02,62.58,62.02,62.25,2415700,63.232,64.821,66.157,36.277,-0.976,-0.711,-0.265,64.821,67.862,61.78
2024-07-03,62.29,62.95,62.04,62.28,1264100,62.936,64.703,66.024,36.459,-1.047,-0.778,-0.269,64.703,67.95,61.456
2024-07-05,61.96,62.4,61.35,62.2,1861700,62.608,64.556,65.87,36.161,-1.097,-0.842,-0.255,64.556,67.981,61.131
2024-07-08,62.67,63.42,62.63,63.25,1347400,62.438,64.492,65.799,42.775,-1.04,-0.882,-0.158,64.492,67.967,61.017
2024-07-09,63.05,63.64,63.02,63.09,1364400,62.614,64.472,65.723,42.06,-0.996,-0.905,-0.092,64.472,67.975,60.97
2024-07-10,63.15,64.17,62.59,63.6,2814500,62.884,64.425,65.658,45.204,-0.91,-0.906,-0.004,64.425,67.949,60.901
2024-07-11,65.28,66.93,64.69,66.55,3497100,63.738,64.522,65.647,59.047,-0.597,-0.844,0.247,64.522,68.172,60.872
2024-07-12,66.96,68.39,66.87,68.0,2278600,64.898,64.606,65.697,63.878,-0.229,-0.721,0.492,64.606,68.499,60.713
2024-07-15,68.38,68.68,67.58,67.86,1103000,65.82,64.612,65.741,63.104,0.051,-0.566,0.617,64.612,68.528,60.697
2024-07-16,68.61,71.46,68.36,71.43,2595800,67.488,64.86,65.849,72.315,0.554,-0.342,0.897,64.86,69.773,59.948
2024-07-17,70.83,71.39,70.34,70.35,1829800,68.838,65.036,65.924,66.876,0.856,-0.103,0.959,65.036,70.469,59.603
2024-07-18,70.48,72.77,70.11,70.6,1409900,69.648,65.23,65.991,67.486,1.103,0.139,0.964,65.23,71.171,59.29
2024-07-19,70.78,71.09,69.77,69.92,4060200,70.032,65.446,66.036,64.033,1.229,0.357,0.873,65.446,71.746,59.146
2024-07-22,69.85,70.43,68.84,70.03,1434000,70.466,65.686,66.083,64.351,1.323,0.55,0.773,65.686,72.309,59.064
2024-07-23,69.1,69.58,68.23,68.52,3242300,69.884,65.84,66.074,56.918,1.261,0.692,0.569,65.84,72.581,59.098
2024-07-24,68.35,69.1,67.57,67.86,2540600,69.386,66.085,66.047,53.983,1.146,0.783,0.363,66.085,72.74,59.43
2024-07-25,69.19,73.86,68.98,72.91,3677200,69.848,66.542,66.15,67.705,1.445,0.915,0.53,66.542,73.759,59.326
2024-07-26,73.07,74.78,72.91,74.46,3007900,70.756,67.074,66.278,70.603,1.787,1.09,0.697,67.074,74.983,59.164
2024-07-29,74.43,74.86,73.41,74.69,1708200,71.688,67.603,66.389,71.018,2.052,1.282,0.77,67.603,76.072,59.134
2024-07-30,75.16,75.91,74.72,75.3,1839400,73.044,68.258,66.548,72.143,2.286,1.483,0.803,68.258,76.991,59.524
2024-07-31,75.48,76.47,74.16,74.84,1980100,74.44,68.887,66.702,69.939,2.406,1.667,0.738,68.887,77.612,60.162
2024-08-01,75.06,75.82,72.75,73.27,1759900,74.512,69.436,66.836,62.878,2.347,1.803,0.544,69.436,77.786,61.087
2024-08-02,71.83,72.57,71.11,72.35,1888600,74.09,69.944,66.944,59.112,2.201,1.883,0.318,69.944,77.65,62.238
2024-08-05,70.58,71.88,69.53,70.86,2528500,73.324,70.324,67.035,53.521,1.943,1.895,0.048,70.324,77.361,63.288
2024-08-06,70.37,72.58,69.79,71.32,2847400,72.528,70.736,67.14,54.938,1.755,1.867,-0.112,70.736,76.9,64.572
2024-08-07,71.6,72.53,69.3,69.63,1666200,71.486,71.038,67.204,49.024,1.453,1.784,-0.331,71.038,76.248,65.827
2024-08-08,70.18,70.64,69.59,70.31,1058000,70.894,71.225,67.313,51.296,1.254,1.678,-0.424,71.225,76.008,66.443
2024-08-09,70.4,70.65,69.66,69.91,1203900,70.406,71.321,67.416,49.888,1.052,1.553,-0.501,71.321,75.905,66.737
2024-08-12,69.87,70.56,69.39,69.67,1533100,70.168,71.412,67.495,49.018,0.863,1.415,-0.552,71.412,75.773,67.05
2024-08-13,70.15,72.16,70.04,71.63,1725800,70.23,71.422,67.583,55.795,0.861,1.304,-0.443,71.422,75.785,67.058
2024-08-14,72.07,73.36,71.68,72.85,1860300,70.874,71.547,67.719,59.412,0.947,1.233,-0.286,71.547,75.924,67.169
2024-08-15,73.48,74.11,72.71,73.87,1720300,71.586,71.71,67.904,62.196,1.085,1.203,-0.118,71.71,76.181,67.239
2024-08-16,73.61,74.28,73.09,73.41,1196000,72.286,71.884,68.069,60.191,1.144,1.191,-0.047,71.884,76.334,67.435
2024-08-19,73.79,74.52,73.53,74.09,1315100,73.17,72.088,68.26,62.135,1.231,1.199,0.032,72.088,76.551,67.624
2024-08-20,74.16,74.55,73.38,73.79,986500,73.602,72.351,68.467,60.726,1.262,1.212,0.05,72.351,76.542,68.16
2024-08-21,74.19,75.91,74.19,75.58,1251400,74.148,72.737,68.687,65.72,1.414,1.252,0.162,72.737,76.595,68.879
2024-08-22,75.66,75.79,74.78,75.02,1116200,74.378,72.842,68.895,63.02,1.473,1.296,0.176,72.842,76.834,68.851
2024-08-23,75.53,77.92,75.39,77.86,1340700,75.268,73.012,69.126,69.797,1.728,1.383,0.346,73.012,77.547,68.478
2024-08-26,78.41,79.05,77.68,77.79,1371300,76.008,73.167,69.327,69.459,1.903,1.487,0.417,73.167,78.134,68.201
2024-08-27,77.12,77.69,75.98,76.29,1424900,76.508,73.217,69.524,62.479,1.899,1.569,0.33,73.217,78.292,68.142
2024-08-28,76.27,76.8,75.89,76.06,1142900,76.604,73.278,69.708,61.46,1.856,1.627,0.229,73.278,78.463,68.093
2024-08-29,76.26,77.0,75.36,76.11,879000,76.822,73.42,69.896,61.606,1.805,1.662,0.143,73.42,78.758,68.082
2024-08-30,76.59,77.21,75.7,76.78,1285500,76.606,73.642,70.12,63.606,1.798,1.689,0.108,73.642,79.157,68.126
2024-09-03,76.43,77.43,75.1,75.57,1712900,76.162,73.877,70.327,57.756,1.675,1.687,-0.011,73.877,79.294,68.46
2024-09-04,75.29,75.55,74.45,75.41,1209600,75.986,74.081,70.526,57.01,1.547,1.659,-0.111,74.081,79.4,68.763
2024-09-05,75.36,75.75,74.04,74.54,920400,75.682,74.327,70.757,52.998,1.36,1.599,-0.239,74.327,79.216,69.438
2024-09-06,74.5,76.2,74.05,74.52,1446700,75.364,74.538,70.973,52.906,1.196,1.518,-0.322,74.538,79.046,70.029
2024-09-09,74.7,75.28,74.39,74.62,1409900,74.932,74.773,71.188,53.343,1.062,1.427,-0.365,74.773,78.721,70.825
2024-09-10,75.19,75.91,74.26,75.59,1979400,74.936,75.069,71.418,57.465,1.022,1.346,-0.324,75.069,78.211,71.927
2024-09-11,75.04,75.39,73.4,75.28,1469300,74.91,75.252,71.679,55.769,0.955,1.268,-0.313,75.252,77.945,72.558
2024-09-12,74.98,76.37,74.92,76.16,1428000,75.234,75.417,71.958,59.429,0.961,1.207,-0.245,75.417,77.886,72.948
2024-09-13,76.8,77.68,76.66,77.41,951400,75.812,75.594,72.26,63.988,1.055,1.176,-0.121,75.594,78.103,73.085
2024-09-16,77.86,78.45,77.22,78.21,793700,76.53,75.834,72.58,66.576,1.181,1.177,0.003,75.834,78.382,73.286
2024-09-17,78.47,79.49,78.13,78.41,1157400,77.094,76.05,72.884,67.211,1.281,1.198,0.083,76.05,78.705,73.395
2024-09-18,78.68,80.57,77.94,78.84,1802300,77.806,76.302,73.199,68.591,1.38,1.234,0.145,76.302,79.013,73.592
2024-09-19,80.0,80.64,78.89,80.33,1508300,78.64,76.54,73.533,72.856,1.56,1.299,0.261,76.54,79.767,73.313
2024-09-20,79.82,80.02,79.0,79.24,3544500,79.006,76.751,73.787,65.816,1.597,1.359,0.238,76.751,80.109,73.393
2024-09-23,79.79,80.46,79.04,79.64,1359900,79.292,76.84,74.02,67.073,1.639,1.415,0.224,76.84,80.409,73.271
2024-09-24,79.69,80.18,79.42,80.15,983300,79.64,76.958,74.266,68.656,1.694,1.471,0.223,76.958,80.805,73.111
2024-09-25,80.11,80.25,79.16,79.43,861200,79.758,77.115,74.426,63.979,1.661,1.509,0.152,77.115,81.101,73.129
2024-09-26,79.93,80.71,79.71,80.25,1748100,79.742,77.324,74.624,66.757,1.681,1.543,0.138,77.324,81.512,73.137
2024-09-27,80.79,81.42,80.21,80.65,1138200,80.024,77.552,74.825,68.051,1.71,1.577,0.133,77.552,81.949,73.154
2024-09-30,80.36,81.11,79.79,81.01,1301100,80.298,77.763,75.046,69.213,1.741,1.609,0.132,77.763,82.404,73.122
2024-10-01,81.26,81.73,79.94,80.89,1068300,80.446,78.029,75.264,68.321,1.737,1.635,0.102,78.029,82.75,73.308
2024-10-02,80.12,80.86,79.95,80.35,1012700,80.63,78.276,75.5,64.306,1.67,1.642,0.028,78.276,82.937,73.615
2024-10-03,80.18,80.56,79.24,80.25,1254600,80.63,78.562,75.748,63.561,1.591,1.632,-0.041,78.562,82.95,74.173
2024-10-04,80.61,80.63,78.59,79.49,1075500,80.398,78.81,75.88,58.056,1.45,1.595,-0.145,78.81,82.778,74.842
2024-10-07,78.81,80.01,78.17,79.94,1011900,80.184,79.076,75.989,60.251,1.359,1.548,-0.189,79.076,82.543,75.609
2024-10-08,80.37,80.68,79.11,80.3,1015200,80.066,79.312,76.101,61.966,1.301,1.499,-0.197,79.312,82.401,76.222
2024-10-09,80.7,81.21,80.52,81.05,726800,80.206,79.6,76.216,65.323,1.301,1.459,-0.158,79.6,82.131,77.069
2024-10-10,80.24,81.03,79.91,80.2,1012600,80.196,79.802,76.324,58.971,1.218,1.411,-0.193,79.802,81.756,77.848
2024-10-11,80.06,80.96,79.99,80.57,823000,80.412,79.96,76.47,60.759,1.169,1.363,-0.194,79.96,81.583,78.337
2024-10-14,80.77,82.09,80.45,81.85,1041000,80.794,80.142,76.66,66.242,1.219,1.334,-0.115,80.142,81.755,78.529
2024-10-15,82.28,83.67,82.05,82.16,1264800,81.166,80.33,76.886,67.429,1.269,1.321,-0.052,80.33,81.967,78.692
2024-10-16,82.31,82.94,82.2,82.57,936100,81.47,80.516,77.111,68.983,1.326,1.322,0.004,80.516,82.283,78.749
2024-10-17,82.03,82.87,82.03,82.47,1554200,81.924,80.623,77.367,68.129,1.348,1.327,0.021,80.623,82.591,78.655
2024-10-18,82.61,83.19,82.11,82.72,1592600,82.354,80.797,77.616,69.157,1.37,1.336,0.034,80.797,82.863,78.731
2024-10-21,82.85,82.89,81.03,81.25,1306100,82.234,80.878,77.842,57.433,1.254,1.32,-0.065,80.878,82.878,78.877
2024-10-22,80.36,80.53,79.0,79.33,1824900,81.668,80.836,78.036,46.375,0.996,1.255,-0.259,80.836,82.931,78.742
2024-10-23,79.25,80.02,78.81,79.09,1268900,80.972,80.819,78.185,45.203,0.763,1.157,-0.393,80.819,82.967,78.672
2024-10-24,79.14,80.2,78.72,79.98,1123200,80.474,80.806,78.327,50.225,0.643,1.054,-0.411,80.806,82.972,78.64
2024-10-25,79.99,79.99,78.34,78.42,1578400,79.614,80.694,78.418,42.818,0.417,0.927,-0.509,80.694,83.109,78.28
2024-10-28,78.39,79.81,77.99,78.83,2641900,79.13,80.586,78.527,45.109,0.268,0.795,-0.527,80.586,83.134,78.037
2024-10-29,77.98,79.55,76.63,78.46,3676000,78.956,80.464,78.614,43.418,0.119,0.66,-0.541,80.464,83.177,77.751
2024-10-30,77.69,78.28,77.44,77.54,2825600,78.646,80.324,78.689,39.458,-0.073,0.513,-0.586,80.324,83.336,77.311
2024-10-31,77.21,78.19,76.86,77.12,1441700,78.074,80.167,78.72,37.764,-0.256,0.36,-0.615,80.167,83.504,76.83
2024-11-01,77.85,78.39,77.19,77.38,984100,77.866,80.062,78.767,39.496,-0.375,0.213,-0.588,80.062,83.615,76.508
2024-11-04,77.65,78.77,77.38,77.97,1221700,77.694,79.963,78.769,43.347,-0.418,0.087,-0.504,79.963,83.637,76.289
2024-11-05,77.34,78.93,77.26,78.92,891600,77.786,79.894,78.792,48.978,-0.37,-0.005,-0.365,79.894,83.593,76.195
2024-11-06,78.4,78.55,75.29,77.41,2492400,77.76,79.712,78.814,41.856,-0.449,-0.094,-0.356,79.712,83.528,75.896
2024-11-07,77.48,78.12,76.84,77.44,1444900,77.824,79.574,78.842,42.037,-0.504,-0.176,-0.328,79.574,83.514,75.634
2024-11-08,77.53,79.46,77.5,78.41,1476200,78.03,79.466,78.888,47.687,-0.464,-0.233,-0.23,79.466,83.409,75.523
2024-11-11,78.76,79.26,78.16,78.23,1566600,78.082,79.285,78.917,46.775,-0.441,-0.275,-0.166,79.285,83.098,75.472
2024-11-12,77.99,78.3,76.51,76.54,1655400,77.606,79.004,78.936,39.202,-0.553,-0.33,-0.223,79.004,82.752,75.256
2024-11-13,77.3,77.4,76.47,76.76,1389100,77.476,78.714,78.963,40.551,-0.617,-0.388,-0.229,78.714,82.189,75.238
2024-11-14,76.34,77.08,76.12,76.7,2155700,77.328,78.425,79.007,40.289,-0.665,-0.443,-0.222,78.425,81.525,75.325
2024-11-15,76.21,76.96,75.65,75.95,1181100,76.836,78.086,79.035,37.058,-0.755,-0.505,-0.249,78.086,80.642,75.531
2024-11-18,75.34,75.78,74.36,74.66,2355600,76.122,77.757,79.036,32.265,-0.919,-0.588,-0.331,77.757,80.295,75.219
2024-11-19,74.14,74.46,73.42,73.78,2039200,75.57,77.48,79.0,29.466,-1.108,-0.692,-0.416,77.48,80.467,74.492
2024-11-20,74.22,74.76,73.9,74.59,1369500,75.136,77.254,78.986,35.052,-1.179,-0.789,-0.389,77.254,80.405,74.104
2024-11-21,74.48,76.02,74.3,75.87,1740700,74.97,77.049,78.98,42.766,-1.118,-0.855,-0.263,77.049,79.979,74.119
2024-11-22,76.32,76.93,75.95,76.53,1260600,75.086,76.954,78.963,46.307,-1.006,-0.885,-0.12,76.954,79.82,74.089
2024-11-25,77.68,80.45,77.49,79.59,2001500,76.072,76.992,78.99,58.979,-0.662,-0.841,0.179,76.992,79.98,74.005
2024-11-26,78.46,79.18,77.35,78.17,1437100,76.95,76.978,78.985,52.757,-0.498,-0.772,0.274,76.978,79.938,74.018
2024-11-27,78.44,78.92,77.86,77.89,759600,77.61,76.996,78.966,51.601,-0.387,-0.695,0.308,76.996,79.974,74.017
2024-11-29,78.24,78.65,77.82,78.03,684500,78.042,77.041,78.92,52.165,-0.284,-0.613,0.329,77.041,80.055,74.027
2024-12-02,77.7,78.36,77.21,77.97,1410200,78.33,77.071,78.895,51.886,-0.205,-0.531,0.326,77.071,80.11,74.031
2024-12-03,78.34,78.62,77.65,78.22,1156000,78.056,77.083,78.867,53.014,-0.121,-0.449,0.329,77.083,80.14,74.026
2024-12-04,77.85,78.1,77.0,77.83,1071700,77.988,77.028,78.82,51.004,-0.084,-0.376,0.292,77.028,79.985,74.072
2024-12-05,77.85,78.38,77.69,77.86,1245000,77.982,77.051,78.789,51.158,-0.053,-0.311,0.259,77.051,80.026,74.076
2024-12-06,78.73,79.14,78.08,78.46,1325000,78.068,77.102,78.753,54.244,0.021,-0.245,0.266,77.102,80.139,74.065
2024-12-09,78.56,79.44,78.21,78.69,1799800,78.212,77.116,78.714,55.407,0.096,-0.177,0.273,77.116,80.181,74.051
2024-12-10,78.05,78.64,76.23,76.86,1341600,77.94,77.048,78.631,45.497,0.009,-0.14,0.148,77.048,80.069,74.026
2024-12-11,77.58,77.68,76.39,76.86,1543300,77.746,77.064,78.55,45.497,-0.06,-0.124,0.063,77.064,80.077,74.05
2024-12-12,76.74,77.12,76.17,76.74,1065600,77.522,77.062,78.478,44.887,-0.123,-0.124,0.0,77.062,80.076,74.049
2024-12-13,76.31,76.88,75.9,76.28,834700,77.086,77.042,78.399,42.531,-0.208,-0.141,-0.067,77.042,80.072,74.011
2024-12-16,75.58,76.38,75.28,75.34,1083800,76.416,77.011,78.316,38.127,-0.347,-0.182,-0.165,77.011,80.099,73.923
2024-12-17,74.58,75.59,73.88,74.17,1403100,75.878,76.986,78.2,33.48,-0.545,-0.254,-0.291,76.986,80.16,73.813
2024-12-18,74.18,74.78,71.59,71.64,1657600,74.834,76.88,78.027,26.078,-0.896,-0.383,-0.513,76.88,80.605,73.154
2024-12-19,71.08,72.05,70.35,70.41,1712500,73.568,76.67,77.814,23.373,-1.259,-0.558,-0.701,76.67,81.296,72.045
2024-12-20,70.36,72.22,70.33,72.05,4408100,72.722,76.48,77.651,33.307,-1.398,-0.726,-0.672,76.48,81.54,71.419
2024-12-23,71.59,72.09,71.33,71.56,1227500,71.966,76.231,77.471,31.974,-1.53,-0.887,-0.643,76.231,81.748,70.714
2024-12-24,71.42,71.8,71.06,71.8,300400,71.492,75.842,77.27,33.381,-1.597,-1.029,-0.568,75.842,81.459,70.224
2024-12-26,71.19,71.65,70.8,71.49,688400,71.462,75.508,77.057,32.447,-1.656,-1.154,-0.502,75.508,81.333,69.682
2024-12-27,71.08,71.78,70.43,70.92,747800,71.564,75.159,76.824,30.744,-1.729,-1.269,-0.46,75.159,81.214,69.104
2024-12-30,70.67,70.67,69.5,70.24,821800,71.202,74.77,76.579,28.802,-1.82,-1.379,-0.441,74.77,81.045,68.494
2024-12-31,70.62,70.72,69.98,70.29,710500,70.948,74.386,76.33,29.157,-1.867,-1.477,-0.39,74.386,80.775,67.996
2025-01-02,70.71,71.18,69.18,69.37,893700,70.462,73.943,76.093,26.54,-1.956,-1.573,-0.383,73.943,80.439,67.447
2025-01-03,69.61,70.1,69.08,69.93,838600,70.15,73.548,75.905,30.622,-1.959,-1.65,-0.309,73.548,80.01,67.086
2025-01-06,70.08,71.52,70.08,70.8,1339800,70.126,73.195,75.739,36.524,-1.869,-1.694,-0.176,73.195,79.432,66.958
2025-01-07,70.59,71.18,69.17,69.45,1284300,69.968,72.744,75.528,31.978,-1.886,-1.732,-0.153,72.744,78.675,66.814
2025-01-08,69.4,70.22,68.79,70.2,1078100,69.95,72.32,75.364,36.692,-1.817,-1.749,-0.068,72.32,77.643,66.997
2025-01-10,70.33,70.33,69.36,69.86,1629100,70.048,71.97,75.185,35.491,-1.77,-1.753,-0.016,71.97,76.945,66.995
2025-01-13,69.69,71.28,69.55,71.25,1130400,70.312,71.69,75.04,43.615,-1.601,-1.723,0.121,71.69,76.105,67.274
2025-01-14,71.97,73.49,71.67,73.48,1649700,70.848,71.526,74.959,53.692,-1.274,-1.633,0.359,71.526,75.359,67.694
2025-01-15,75.57,76.03,74.42,74.67,1707200,71.892,71.446,74.91,58.005,-0.907,-1.488,0.581,71.446,74.907,67.985
2025-01-16,74.21,75.17,73.7,75.11,1437000,72.874,71.434,74.865,59.506,-0.575,-1.305,0.73,71.434,74.843,68.026
2025-01-17,75.75,76.14,75.28,75.74,1659200,74.05,71.513,74.82,61.622,-0.257,-1.096,0.838,71.513,75.244,67.782
2025-01-21,76.4,77.25,75.72,76.2,1376800,75.04,71.741,74.766,63.137,0.031,-0.87,0.901,71.741,76.021,67.461
2025-01-22,75.81,76.22,75.5,76.12,1183600,75.568,72.026,74.74,62.674,0.25,-0.646,0.896,72.026,76.678,67.375
2025-01-23,76.44,77.03,76.08,76.94,1446500,76.022,72.271,74.73,65.471,0.484,-0.42,0.904,72.271,77.416,67.126
2025-01-24,76.93,77.61,76.57,76.76,1205300,76.352,72.531,74.697,64.331,0.648,-0.207,0.854,72.531,78.038,67.024
2025-01-27,77.06,79.6,76.89,79.28,1372700,77.06,72.905,74.718,71.746,0.969,0.029,0.941,72.905,79.167,66.643
2025-01-28,78.95,79.21,77.56,77.87,1490600,77.394,73.224,74.745,63.76,1.098,0.242,0.856,73.224,79.823,66.625
2025-01-29,77.94,78.56,77.08,77.18,1280100,77.606,73.537,74.753,60.227,1.131,0.42,0.711,73.537,80.269,66.805
2025-01-30,77.68,78.89,77.33,78.55,1152500,77.928,73.953,74.79,64.44,1.254,0.587,0.667,73.953,80.851,67.054
2025-01-31,78.04,78.17,76.72,76.79,1330700,77.934,74.278,74.807,56.203,1.195,0.709,0.486,74.278,81.061,67.494
2025-02-03,75.17,75.92,73.66,75.2,1797900,77.118,74.569,74.818,49.987,1.008,0.768,0.24,74.569,80.954,68.184
2025-02-04,74.97,75.88,74.77,74.86,1392000,76.516,74.816,74.839,48.745,0.824,0.78,0.044,74.816,80.815,68.816
2025-02-05,75.61,75.61,74.39,75.33,1606800,76.146,75.042,74.854,50.573,0.707,0.765,-0.058,75.042,80.738,69.346
2025-02-06,75.65,75.95,74.93,75.02,1677800,75.44,75.32,74.837,49.323,0.583,0.729,-0.146,75.32,80.374,70.267
2025-02-07,74.79,75.28,74.06,74.82,1828800,75.046,75.552,74.803,48.491,0.463,0.675,-0.212,75.552,80.006,71.097
2025-02-10,75.39,76.02,74.84,75.14,2726200,75.034,75.816,74.714,49.946,0.389,0.618,-0.229,75.816,79.388,72.243
2025-02-11,75.59,76.46,74.74,76.18,2377000,75.298,76.062,74.674,54.451,0.41,0.577,-0.166,76.062,78.917,73.207
2025-02-12,73.25,74.65,73.16,74.31,2026900,75.094,76.104,74.602,46.371,0.273,0.516,-0.243,76.104,78.821,73.386
2025-02-13,74.92,75.31,74.36,75.18,1426000,75.126,76.129,74.545,50.082,0.231,0.459,-0.228,76.129,78.799,73.459
2025-02-14,75.48,76.67,75.48,75.93,1292900,75.348,76.17,74.505,53.095,0.256,0.418,-0.162,76.17,78.799,73.541
2025-02-18,76.23,76.23,74.72,74.87,1070500,75.294,76.126,74.438,48.627,0.188,0.372,-0.184,76.126,78.813,73.44
2025-02-19,73.98,74.99,73.37,74.25,1451100,74.908,76.029,74.366,46.179,0.083,0.314,-0.232,76.029,78.843,73.215
2025-02-20,73.94,74.4,73.57,73.88,997700,74.822,75.917,74.286,44.732,-0.03,0.245,-0.275,75.917,78.89,72.944
2025-02-21,74.17,74.34,72.43,72.77,1196900,74.34,75.708,74.173,40.62,-0.206,0.155,-0.362,75.708,78.952,72.465
2025-02-24,72.76,73.12,71.96,72.01,1689200,73.556,75.471,74.039,38.041,-0.403,0.043,-0.446,75.471,79.067,71.875
2025-02-25,72.57,74.6,72.18,74.0,1497300,73.382,75.207,73.982,47.449,-0.394,-0.044,-0.35,75.207,78.375,72.039
2025-02-26,74.11,74.6,73.76,73.94,1505500,73.32,75.011,73.923,47.216,-0.387,-0.112,-0.274,75.011,77.963,72.058
2025-02-27,73.51,74.26,72.58,72.66,1159500,73.076,74.785,73.842,42.433,-0.479,-0.186,-0.293,74.785,77.73,71.839
2025-02-28,72.95,73.51,72.04,73.11,1811700,73.144,74.512,73.778,44.559,-0.51,-0.251,-0.259,74.512,76.956,72.069
2025-03-03,73.55,74.12,71.63,71.91,1977300,73.124,74.268,73.71,40.286,-0.624,-0.325,-0.299,74.268,76.729,71.808
2025-03-04,71.01,72.05,69.96,70.51,2259900,72.426,74.034,73.637,35.954,-0.818,-0.424,-0.394,74.034,76.969,71.099
2025-03-05,70.91,73.09,70.68,71.56,1361600,71.95,73.869,73.635,41.072,-0.877,-0.514,-0.362,73.869,76.974,70.764
2025-03-06,71.42,72.51,70.62,72.11,1884800,71.84,73.708,73.669,43.614,-0.869,-0.585,-0.284,73.708,76.828,70.588
2025-03-07,72.01,73.64,71.77,73.13,2928800,71.844,73.614,73.691,48.086,-0.772,-0.623,-0.149,73.614,76.68,70.547
2025-03-10,72.94,74.26,71.74,71.88,1975800,71.838,73.466,73.697,43.53,-0.786,-0.655,-0.131,73.466,76.572,70.361
2025-03-11,71.66,72.46,69.32,69.43,2105000,71.622,73.181,73.65,36.275,-0.984,-0.721,-0.263,73.181,76.665,69.697
2025-03-12,69.47,70.05,68.52,69.18,1581200,71.146,72.831,73.603,35.622,-1.148,-0.807,-0.342,72.831,76.45,69.212
2025-03-13,69.17,69.42,67.17,67.31,1583800,70.186,72.481,73.531,31.114,-1.413,-0.928,-0.485,72.481,76.787,68.175
2025-03-14,68.22,68.48,67.32,68.38,2231600,69.236,72.141,73.494,36.097,-1.518,-1.046,-0.472,72.141,76.62,67.662
2025-03-17,68.54,69.39,68.17,69.14,2520100,68.688,71.802,73.471,39.448,-1.523,-1.141,-0.382,71.802,76.097,67.506
2025-03-18,68.92,69.46,68.43,68.74,2017100,68.55,71.495,73.458,38.309,-1.542,-1.221,-0.32,71.495,75.743,67.247
2025-03-19,68.71,69.78,68.38,69.64,2160300,68.642,71.264,73.453,42.342,-1.467,-1.27,-0.196,71.264,75.381,67.148
2025-03-20,69.05,69.7,68.41,68.47,2666600,68.874,70.994,73.406,38.792,-1.485,-1.313,-0.171,70.994,75.098,66.89
2025-03-21,67.56,67.81,66.64,67.69,6155200,68.736,70.74,73.371,36.59,-1.544,-1.359,-0.185,70.74,75.007,66.473
2025-03-24,68.44,69.27,68.01,68.83,2182000,68.674,70.581,73.343,41.791,-1.482,-1.384,-0.098,70.581,74.885,66.277
2025-03-25,68.58,69.27,68.03,68.46,2049100,68.618,70.304,73.315,40.626,-1.446,-1.396,-0.05,70.304,74.389,66.219
2025-03-26,68.41,69.21,67.97,68.47,1612000,68.384,70.03,73.26,40.674,-1.4,-1.397,-0.003,70.03,73.812,66.249
2025-03-27,68.81,68.83,68.05,68.52,1984300,68.394,69.824,73.161,40.932,-1.345,-1.387,0.042,69.824,73.449,66.198
2025-03-28,68.94,68.94,66.59,66.78,1142700,68.212,69.507,73.003,35.199,-1.425,-1.394,-0.03,69.507,73.028,65.986
2025-03-31,66.42,68.03,65.98,67.63,1896400,67.972,69.293,72.853,39.646,-1.403,-1.396,-0.007,69.293,72.718,65.868
2025-04-01,67.68,68.07,66.7,67.92,1530400,67.864,69.164,72.697,41.131,-1.347,-1.386,0.039,69.164,72.591,65.736
2025-04-02,67.28,69.27,66.92,69.11,1197600,67.992,69.041,72.555,46.902,-1.193,-1.348,0.154,69.041,72.278,65.804
2025-04-03,65.95,65.99,61.39,62.39,4439000,66.766,68.555,72.28,29.384,-1.595,-1.397,-0.198,68.555,72.655,64.455
2025-04-04,60.43,62.91,58.63,61.19,4248600,65.648,67.958,71.965,27.415,-1.987,-1.515,-0.472,67.958,72.683,63.233
2025-04-07,59.52,62.28,58.19,59.28,3316200,63.978,67.328,71.616,24.59,-2.425,-1.697,-0.727,67.328,73.096,61.56
2025-04-08,60.3,60.3,56.22,57.12,2732500,61.818,66.712,71.173,21.849,-2.912,-1.94,-0.972,66.712,73.971,59.454
2025-04-09,56.41,62.62,55.7,62.02,4300200,60.4,66.354,70.856,38.578,-2.869,-2.126,-0.743,66.354,73.804,58.905
2025-04-10,60.45,60.74,57.66,60.0,2713100,59.922,65.989,70.512,35.23,-2.964,-2.294,-0.671,65.989,73.941,58.037
2025-04-11,59.66,60.82,58.03,60.24,2489900,59.732,65.582,70.146,35.942,-2.986,-2.432,-0.554,65.582,73.846,57.318
2025-04-14,61.31,61.31,59.77,60.69,1761900,60.014,65.16,69.824,37.331,-2.933,-2.532,-0.401,65.16,73.521,56.798
2025-04-15,60.67,61.47,59.98,60.17,2527300,60.624,64.731,69.523,36.35,-2.9,-2.606,-0.294,64.731,73.198,56.264
2025-04-16,60.1,60.59,58.73,59.21,2054000,60.062,64.21,69.21,34.544,-2.917,-2.668,-0.249,64.21,72.688,55.731
2025-04-17,59.59,60.33,59.27,59.89,1742400,60.04,63.78,68.901,36.934,-2.843,-2.703,-0.14,63.78,72.22,55.341
2025-04-21,59.0,59.39,57.87,58.4,3023500,59.672,63.316,68.569,34.005,-2.872,-2.737,-0.135,63.316,71.871,54.761
2025-04-22,58.97,59.96,58.84,59.74,4445100,59.482,62.862,68.267,38.712,-2.754,-2.74,-0.014,62.862,71.145,54.578
2025-04-23,57.37,63.66,55.0,57.69,5723000,58.986,62.323,67.918,34.641,-2.795,-2.751,-0.044,62.323,70.473,54.173
2025-04-24,58.41,58.78,57.3,58.64,3216100,58.872,61.832,67.568,37.9,-2.719,-2.745,0.026,61.832,69.597,54.066
2025-04-25,58.41,59.16,58.14,58.76,2892900,58.646,61.344,67.257,38.319,-2.619,-2.719,0.101,61.344,68.545,54.142
2025-04-28,58.87,59.98,58.45,58.82,2343400,58.73,60.946,66.929,38.542,-2.505,-2.677,0.171,60.946,67.751,54.14
2025-04-29,58.54,59.58,58.29,58.8,2910300,58.542,60.504,66.587,38.492,-2.39,-2.619,0.229,60.504,66.592,54.416
2025-04-30,58.32,59.0,57.43,58.94,3164700,58.792,60.055,66.268,39.087,-2.261,-2.548,0.287,60.055,65.07,55.04
2025-05-01,58.91,59.62,58.35,58.64,1896200,58.792,59.531,65.956,38.233,-2.158,-2.47,0.312,59.531,62.206,56.857
2025-05-02,59.38,60.96,59.17,60.56,2613100,59.152,59.44,65.69,46.315,-1.9,-2.356,0.456,59.44,61.811,57.069
2025-05-05,60.18,60.78,59.7,60.06,2093300,59.4,59.384,65.435,44.675,-1.716,-2.228,0.512,59.384,61.63,57.137
2025-05-06,59.45,59.98,58.87,58.9,1245500,59.42,59.364,65.173,41.046,-1.644,-2.111,0.467,59.364,61.621,57.108
2025-05-07,58.99,59.09,58.31,58.76,2513600,59.384,59.446,64.868,40.617,-1.581,-2.005,0.424,59.446,61.466,57.427
2025-05-08,59.46,60.54,58.92,60.01,2203500,59.658,59.346,64.59,46.039,-1.413,-1.887,0.473,59.346,60.992,57.7
2025-05-09,60.37,60.86,60.11,60.39,2510900,59.624,59.366,64.344,47.605,-1.236,-1.756,0.521,59.366,61.053,57.678
2025-05-12,64.75,67.55,64.59,67.26,5885500,61.064,59.716,64.227,66.522,-0.535,-1.512,0.978,59.716,63.626,55.807
2025-05-13,67.67,68.0,65.92,66.2,2881700,62.524,59.992,64.113,62.757,-0.064,-1.222,1.159,59.992,64.852,55.132
2025-05-14,65.93,66.11,64.66,64.81,2669000,63.734,60.224,63.999,58.112,0.195,-0.939,1.134,60.224,65.541,54.907
2025-05-15,64.64,65.58,63.87,65.37,1915600,64.806,60.532,63.875,59.416,0.44,-0.663,1.103,60.532,66.297,54.767
2025-05-16,65.37,65.85,64.96,65.8,1678700,65.888,60.828,63.749,60.434,0.662,-0.398,1.06,60.828,67.042,54.613
2025-05-19,64.13,65.05,64.13,64.9,1296700,65.416,61.153,63.585,57.2,0.756,-0.167,0.923,61.153,67.511,54.794
2025-05-20,64.68,64.83,63.91,64.09,1326100,64.994,61.37,63.429,54.379,0.757,0.018,0.739,61.37,67.822,54.918
2025-05-21,63.13,63.22,61.08,61.28,2382000,64.288,61.55,63.266,45.92,0.524,0.119,0.405,61.55,67.765,55.334
2025-05-22,60.93,61.32,60.45,60.96,2185100,63.406,61.665,63.101,45.061,0.311,0.157,0.153,61.665,67.738,55.593
2025-05-23,59.94,60.63,59.77,60.39,1678100,62.324,61.747,62.963,43.499,0.094,0.145,-0.05,61.747,67.698,55.796
2025-05-27,61.15,62.13,60.54,62.05,2047900,61.754,61.908,62.836,49.039,0.056,0.127,-0.071,61.908,67.698,56.119
2025-05-28,62.71,62.78,61.07,61.17,1494200,61.17,62.027,62.677,46.439,-0.045,0.093,-0.137,62.027,67.643,56.411
2025-05-29,61.86,62.12,60.95,62.01,1754500,61.316,62.18,62.542,49.207,-0.056,0.063,-0.119,62.18,67.606,56.755
2025-05-30,61.51,61.51,60.66,61.01,3116200,61.326,62.299,62.37,46.15,-0.144,0.022,-0.166,62.299,67.497,57.101
2025-06-02,60.38,60.38,58.77,59.94,2342700,61.236,62.268,62.199,43.066,-0.297,-0.042,-0.255,62.268,67.517,57.019
2025-06-03,60.2,61.33,59.81,61.16,1686000,61.058,62.323,62.069,47.383,-0.316,-0.097,-0.219,62.323,67.497,57.149
2025-06-04,61.43,62.31,61.37,61.92,1280000,61.208,62.474,61.93,49.93,-0.266,-0.131,-0.136,62.474,67.398,57.55
2025-06-05,61.97,62.15,61.36,61.89,1931000,61.184,62.63,61.799,49.828,-0.227,-0.15,-0.077,62.63,67.247,58.014
2025-06-06,62.37,62.9,61.5,61.76,1509400,61.334,62.718,61.665,49.355,-0.204,-0.161,-0.043,62.718,67.189,58.247
2025-06-09,62.63,62.63,61.61,62.28,1965800,61.802,62.812,61.54,51.344,-0.142,-0.157,0.015,62.812,67.154,58.471
2025-06-10,62.77,63.99,62.41,63.83,2067500,62.336,62.641,61.481,56.793,0.032,-0.119,0.151,62.641,66.486,58.796
2025-06-11,64.48,64.78,62.37,62.41,1578100,62.434,62.451,61.377,51.142,0.054,-0.085,0.139,62.451,65.912,58.991
2025-06-12,62.25,62.8,61.33,62.38,1668600,62.532,62.33,61.266,51.027,0.069,-0.054,0.123,62.33,65.608,59.052
2025-06-13,61.05,61.66,60.18,60.48,1762700,62.276,62.086,61.093,44.216,-0.072,-0.058,-0.015,62.086,65.129,59.042
2025-06-16,61.2,61.28,60.2,61.07,1908500,62.034,61.849,61.067,46.6,-0.135,-0.073,-0.062,61.849,64.367,59.331
2025-06-17,60.32,61.15,59.46,59.74,2779800,61.216,61.591,61.038,42.22,-0.288,-0.116,-0.172,61.591,63.836,59.346
2025-06-18,59.77,60.47,59.35,59.52,2520500,60.638,61.362,61.043,41.525,-0.423,-0.177,-0.245,61.362,63.462,59.263
2025-06-20,59.85,60.46,59.75,59.8,5148300,60.122,61.288,61.096,42.815,-0.501,-0.242,-0.259,61.288,63.501,59.076
2025-06-23,59.38,61.68,59.3,61.52,3147000,60.33,61.316,61.086,50.101,-0.419,-0.278,-0.142,61.316,63.526,59.107
2025-06-24,62.01,62.5,61.73,62.34,2584200,60.584,61.414,61.133,53.165,-0.285,-0.279,-0.006,61.414,63.623,59.205
2025-06-25,62.23,62.34,61.48,61.76,1452400,60.988,61.4,61.163,50.789,-0.223,-0.268,0.045,61.4,63.595,59.204
2025-06-26,62.27,62.49,61.74,62.3,2263600,61.544,61.456,61.196,52.899,-0.129,-0.24,0.111,61.456,63.685,59.227
2025-06-27,62.57,63.27,62.16,62.72,2796100,62.128,61.492,61.247,54.532,-0.02,-0.196,0.176,61.492,63.779,59.204
2025-06-30,63.03,63.06,62.33,62.9,1910800,62.404,61.586,61.32,55.248,0.08,-0.141,0.221,61.586,63.945,59.227
2025-07-01,62.36,66.99,62.25,65.58,3292600,63.052,61.868,61.434,64.27,0.371,-0.039,0.409,61.868,64.7,59.036
2025-07-02,65.81,65.97,64.95,65.76,2320800,63.852,62.098,61.581,64.784,0.609,0.091,0.518,62.098,65.396,58.8
2025-07-03,65.64,66.05,64.68,64.88,1335800,64.368,62.246,61.684,60.227,0.718,0.216,0.502,62.246,65.769,58.723
2025-07-07,64.62,65.04,63.35,63.82,1436000,64.588,62.342,61.807,55.19,0.711,0.315,0.396,62.342,65.929,58.756
2025-07-08,63.89,65.13,63.69,64.07,2001700,64.822,62.458,61.915,56.122,0.718,0.396,0.322,62.458,66.114,58.802
2025-07-09,64.5,65.59,63.88,65.38,1599400,64.782,62.613,62.048,60.731,0.819,0.481,0.339,62.613,66.493,58.733
2025-07-10,65.48,66.94,65.43,65.97,1402100,64.824,62.72,62.191,62.635,0.936,0.572,0.365,62.72,66.851,58.589
2025-07-11,65.02,65.11,64.05,64.36,1808000,64.72,62.817,62.302,54.824,0.889,0.635,0.254,62.817,67.01,58.625
2025-07-14,64.12,64.57,63.41,64.42,1724600,64.84,62.919,62.412,55.049,0.846,0.677,0.169,62.919,67.166,58.673
2025-07-15,65.2,66.17,62.93,62.98,2078100,64.622,63.044,62.498,48.772,0.689,0.68,0.009,63.044,67.133,58.956
2025-07-16,63.13,63.81,62.4,63.51,1418400,64.248,63.166,62.557,50.987,0.6,0.664,-0.064,63.166,67.151,59.182
2025-07-17,63.68,64.54,63.63,64.39,1216200,63.932,63.399,62.644,54.505,0.593,0.65,-0.056,63.399,67.072,59.726
2025-07-18,64.83,64.83,63.69,64.08,1654000,63.876,63.627,62.748,53.06,0.556,0.631,-0.074,63.627,66.821,60.433
2025-07-21,64.42,64.51,63.57,63.65,1678200,63.722,63.82,62.845,51.039,0.487,0.602,-0.115,63.82,66.458,61.181
2025-07-22,62.85,65.38,62.77,65.2,2262500,64.166,64.004,62.949,57.346,0.551,0.592,-0.041,64.004,66.475,61.532
2025-07-23,66.02,66.79,65.39,66.32,3402100,64.728,64.203,63.068,61.232,0.684,0.61,0.074,64.203,66.75,61.655
2025-07-24,66.31,66.36,65.15,65.9,3028100,65.03,64.409,63.041,59.059,0.747,0.638,0.109,64.409,66.788,62.031
2025-07-25,66.41,66.5,65.7,66.22,1590500,65.458,64.605,63.041,60.217,0.813,0.673,0.14,64.605,66.897,62.314
2025-07-28,66.1,66.81,65.53,65.97,1866500,65.922,64.768,63.064,58.817,0.836,0.705,0.131,64.768,66.955,62.581
2025-07-29,65.97,66.32,64.69,65.14,3194100,65.91,64.88,63.06,54.303,0.778,0.72,0.058,64.88,66.886,62.874
2025-07-30,65.06,65.2,63.71,64.24,4454400,65.494,64.813,63.028,49.837,0.652,0.706,-0.054,64.813,66.81,62.816
2025-07-31,70.04,71.04,66.3,66.59,5236400,65.632,64.854,63.062,59.259,0.733,0.712,0.022,64.854,66.966,62.743
2025-08-01,66.31,67.48,65.48,67.27,4104900,65.842,64.974,63.126,61.512,0.843,0.738,0.105,64.974,67.346,62.602
2025-08-04,67.6,68.22,66.92,67.89,3214800,66.226,65.178,63.258,63.494,0.969,0.784,0.185,65.178,67.816,62.539
2025-08-05,67.78,69.15,67.73,68.38,2334900,66.874,65.393,63.406,65.027,1.095,0.846,0.249,65.393,68.337,62.449
2025-08-06,68.56,68.83,67.49,67.76,2437800,67.578,65.512,63.554,61.508,1.132,0.904,0.229,65.512,68.64,62.384
2025-08-07,68.47,69.01,67.55,67.78,2663600,67.816,65.602,63.668,61.58,1.15,0.953,0.197,65.602,68.887,62.318
2025-08-08,68.01,68.43,67.75,68.02,1435700,67.966,65.786,63.805,62.49,1.17,0.996,0.174,65.786,69.185,62.386
2025-08-11,68.29,68.66,67.06,67.64,2155400,67.916,65.946,63.918,60.065,1.142,1.026,0.117,65.946,69.378,62.515
2025-08-12,68.22,70.09,68.0,69.91,3031400,68.222,66.293,64.096,68.043,1.288,1.078,0.21,66.293,69.86,62.726
2025-08-13,70.25,73.38,70.03,73.28,2584300,69.326,66.782,64.363,75.779,1.657,1.194,0.463,66.782,71.295,62.268
2025-08-14,72.2,72.34,71.55,72.23,2144400,70.216,67.173,64.584,70.086,1.843,1.324,0.519,67.173,72.15,62.197
2025-08-15,72.33,72.85,71.64,72.18,2377000,71.048,67.578,64.789,69.817,1.964,1.452,0.512,67.578,72.807,62.35
2025-08-18,72.17,72.4,71.72,71.72,1612600,71.864,67.982,64.986,67.26,2.0,1.561,0.438,67.982,73.179,62.785
2025-08-19,72.29,74.03,72.04,73.12,1928300,72.506,68.378,65.213,70.769,2.117,1.672,0.444,68.378,73.881,62.875
2025-08-20,72.68,73.36,71.68,71.69,2418600,72.188,68.646,65.401,63.305,2.07,1.752,0.318,68.646,74.25,63.043
2025-08-21,71.05,71.3,70.49,71.0,1424000,71.942,68.902,65.545,60.016,1.955,1.792,0.162,68.902,74.442,63.361
2025-08-22,71.44,75.01,71.0,74.2,2447900,72.346,69.3,65.781,68.254,2.097,1.853,0.244,69.3,75.168,63.433
2025-08-25,73.57,73.93,72.93,73.14,1776500,72.63,69.659,65.996,63.581,2.101,1.903,0.198,69.659,75.546,63.772
2025-08-26,73.05,73.66,72.83,72.9,2713500,72.586,70.047,66.244,62.537,2.06,1.934,0.126,70.047,75.698,64.396
2025-08-27,72.62,73.53,72.57,73.18,2237200,72.884,70.494,66.486,63.294,2.027,1.953,0.074,70.494,75.599,65.389
2025-08-28,73.37,73.48,71.7,72.21,1498200,73.126,70.775,66.736,58.855,1.901,1.943,-0.041,70.775,75.585,65.965
2025-08-29,72.3,72.61,71.7,72.05,1098500,72.696,71.014,66.986,58.131,1.768,1.908,-0.14,71.014,75.558,66.47
2025-09-02,70.84,71.28,70.22,71.06,2277400,72.28,71.172,67.212,53.727,1.564,1.839,-0.275,71.172,75.473,66.872
2025-09-03,70.79,71.17,70.34,71.01,1149100,71.902,71.304,67.401,53.506,1.383,1.748,-0.365,71.304,75.401,67.207
2025-09-04,71.57,72.66,71.14,72.63,1760800,71.792,71.548,67.607,59.33,1.355,1.669,-0.315,71.548,75.324,67.771
2025-09-05,73.72,74.89,73.56,74.68,2806500,72.286,71.893,67.866,65.261,1.48,1.631,-0.151,71.893,75.475,68.31
2025-09-08,74.49,74.71,72.9,74.42,2319800,72.76,72.212,68.108,63.986,1.541,1.613,-0.072,72.212,75.467,68.958
2025-09-09,73.8,74.08,71.67,72.11,3140500,72.97,72.436,68.296,53.913,1.387,1.568,-0.181,72.436,74.882,69.99
2025-09-10,72.15,72.56,71.7,71.83,1975100,73.134,72.532,68.474,52.827,1.228,1.5,-0.272,72.532,74.695,70.369
2025-09-11,72.13,74.04,71.83,73.85,1694800,73.378,72.56,68.64,59.209,1.251,1.45,-0.199,72.56,74.779,70.342
2025-09-12,73.3,73.66,72.2,72.29,1639600,72.9,72.564,68.77,53.221,1.13,1.386,-0.256,72.564,74.78,70.347
2025-09-15,72.77,72.85,71.74,72.12,1487400,72.44,72.56,68.915,52.597,1.009,1.311,-0.302,72.56,74.78,70.341
2025-09-16,72.45,72.72,71.74,71.96,2082500,72.41,72.572,69.078,51.979,0.889,1.226,-0.337,72.572,74.775,70.37
2025-09-17,72.36,74.16,70.47,71.15,2772000,72.274,72.474,69.22,48.85,0.721,1.125,-0.404,72.474,74.749,70.199
2025-09-18,71.53,71.95,71.11,71.66,2902700,71.836,72.472,69.345,50.856,0.622,1.025,-0.403,72.472,74.749,70.196
2025-09-19,71.76,71.76,70.71,70.92,4819600,71.562,72.468,69.444,47.919,0.478,0.915,-0.437,72.468,74.757,70.18
2025-09-22,70.7,71.18,69.73,69.73,3003500,71.084,72.245,69.552,43.563,0.265,0.785,-0.52,72.245,74.689,69.801
2025-09-23,69.94,70.32,69.43,70.27,3548700,70.746,72.102,69.669,45.964,0.138,0.656,-0.518,72.102,74.658,69.545
2025-09-24,69.8,70.66,69.67,70.27,2548900,70.57,71.97,69.814,45.964,0.037,0.532,-0.495,71.97,74.623,69.317
2025-09-25,69.6,70.44,68.98,69.19,1868800,70.076,71.77,69.928,41.836,-0.129,0.4,-0.529,71.77,74.632,68.909
2025-09-26,69.42,69.55,68.46,69.15,1720900,69.722,71.617,70.023,41.687,-0.26,0.268,-0.528,71.617,74.699,68.536
2025-09-29,69.71,69.8,67.92,68.76,2302600,69.528,71.453,70.117,40.181,-0.392,0.136,-0.527,71.453,74.779,68.127
2025-09-30,68.93,69.26,68.27,69.1,1821100,69.294,71.355,70.226,42.143,-0.463,0.016,-0.479,71.355,74.841,67.869
2025-10-01,68.56,69.46,68.43,68.94,1597200,69.028,71.252,70.301,41.454,-0.526,-0.092,-0.434,71.252,74.9,67.603
2025-10-02,68.91,69.76,68.56,69.7,1761300,69.13,71.105,70.368,45.973,-0.509,-0.176,-0.333,71.105,74.756,67.454
2025-10-03,69.73,70.35,69.06,69.09,1502200,69.118,70.826,70.432,43.097,-0.539,-0.248,-0.29,70.826,74.167,67.484
2025-10-06,69.23,69.43,67.32,67.53,1852600,68.872,70.481,70.458,36.764,-0.68,-0.335,-0.345,70.481,73.679,67.283
2025-10-07,67.42,67.79,67.08,67.28,1895600,68.508,70.239,70.484,35.855,-0.803,-0.428,-0.375,70.239,73.643,66.836
2025-10-08,67.37,67.73,66.7,67.55,1269100,68.23,70.026,70.533,37.649,-0.869,-0.516,-0.352,70.026,73.544,66.507
2025-10-09,67.55,67.56,65.87,66.17,1484100,67.524,69.642,70.571,32.627,-1.02,-0.617,-0.403,69.642,73.078,66.205
2025-10-10,66.6,66.93,63.78,63.9,2261800,66.486,69.222,70.517,26.391,-1.309,-0.755,-0.553,69.222,73.288,65.156
2025-10-13,64.77,64.98,64.25,64.79,2105300,65.938,68.856,70.468,31.888,-1.448,-0.894,-0.554,68.856,73.137,64.574
2025-10-14,64.37,67.19,64.22,66.89,1968400,65.86,68.602,70.448,42.751,-1.374,-0.99,-0.384,68.602,72.706,64.498
2025-10-15,67.03,67.66,65.93,66.28,1547000,65.606,68.358,70.406,40.719,-1.349,-1.062,-0.287,68.358,72.404,64.313
2025-10-16,66.59,66.88,65.94,66.79,1748100,65.73,68.115,70.386,43.151,-1.273,-1.104,-0.169,68.115,71.902,64.328
2025-10-17,66.85,67.16,66.1,66.63,1802400,66.276,67.9,70.363,42.561,-1.212,-1.126,-0.086,67.9,71.499,64.302
2025-10-20,66.92,67.69,66.64,67.46,1472300,66.81,67.787,70.352,46.637,-1.084,-1.117,0.033,67.787,71.285,64.289
2025-10-21,66.94,69.22,66.76,68.9,1437900,67.212,67.718,70.377,52.884,-0.856,-1.065,0.209,67.718,71.062,64.375
2025-10-22,68.58,69.1,67.68,67.72,1413000,67.5,67.591,70.334,47.933,-0.762,-1.005,0.242,67.591,70.712,64.47
2025-10-23,67.82,68.38,67.14,68.22,1306200,67.786,67.542,70.232,50.066,-0.64,-0.932,0.291,67.542,70.588,64.497
2025-10-24,68.83,69.16,66.78,66.9,2203000,67.84,67.43,70.126,44.842,-0.643,-0.874,0.231,67.43,70.39,64.47
2025-10-27,67.0,68.04,66.84,67.07,1976400,67.762,67.346,70.024,45.629,-0.624,-0.824,0.2,67.346,70.242,64.449
2025-10-28,67.08,68.01,66.56,67.18,4224900,67.418,67.25,69.933,46.164,-0.593,-0.778,0.185,67.25,70.026,64.473
2025-10-29,63.32,66.76,62.81,64.03,4483800,66.68,67.004,69.751,35.414,-0.813,-0.785,-0.028,67.004,70.01,63.998
2025-10-30,63.82,65.37,63.52,63.8,3033500,65.796,66.709,69.593,34.777,-0.995,-0.827,-0.168,66.709,69.758,63.66
2025-10-31,63.38,63.99,63.14,63.58,2536900,65.132,66.434,69.445,34.145,-1.144,-0.89,-0.253,66.434,69.571,63.296
2025-11-03,63.17,63.42,61.93,62.54,3485700,64.226,66.184,69.212,31.252,-1.33,-0.978,-0.352,66.184,69.723,62.645
2025-11-04,61.67,62.54,61.38,61.85,2795400,63.16,65.912,68.986,29.468,-1.516,-1.086,-0.43,65.912,69.902,61.923
2025-11-05,61.01,63.3,60.39,62.25,4508600,62.804,65.648,68.773,31.895,-1.612,-1.191,-0.421,65.648,69.876,61.419
2025-11-06,62.29,62.57,60.89,60.97,2838400,62.238,65.388,68.529,28.513,-1.772,-1.307,-0.464,65.388,70.093,60.682
2025-11-07,60.77,61.65,60.58,61.16,3024500,61.754,65.251,68.308,29.705,-1.861,-1.418,-0.443,65.251,70.286,60.215
2025-11-10,61.25,61.42,60.2,60.65,2322300,61.376,65.043,68.08,28.339,-1.951,-1.524,-0.426,65.043,70.483,59.604
2025-11-11,61.17,61.4,60.6,61.1,1787700,61.226,64.754,67.88,31.338,-1.963,-1.612,-0.351,64.754,70.393,59.115
2025-11-12,61.17,61.9,61.03,61.69,1673400,61.114,64.524,67.694,35.169,-1.903,-1.67,-0.232,64.524,70.274,58.775
2025-11-13,61.36,62.21,60.78,60.98,1743700,61.116,64.234,67.461,32.797,-1.891,-1.714,-0.176,64.234,70.088,58.38
2025-11-14,60.7,61.22,59.83,59.94,2373800,60.872,63.9,67.166,29.644,-1.943,-1.76,-0.183,63.9,69.938,57.861
2025-11-17,59.86,60.06,58.44,58.57,2465800,60.456,63.455,66.849,26.087,-2.071,-1.822,-0.248,63.455,69.696,57.214
2025-11-18,58.2,58.81,57.51,58.3,2655600,59.896,62.925,66.573,25.439,-2.169,-1.891,-0.277,62.925,69.017,56.833
2025-11-19,58.5,59.1,57.93,58.65,2516500,59.288,62.472,66.309,27.938,-2.193,-1.952,-0.241,62.472,68.409,56.534
2025-11-20,59.15,59.81,58.81,59.3,2817300,58.952,62.026,66.018,32.464,-2.135,-1.988,-0.147,62.026,67.464,56.587
2025-11-21,59.78,62.45,59.59,61.41,3104400,59.246,61.751,65.801,44.625,-1.897,-1.97,0.073,61.751,66.685,56.817
2025-11-24,61.21,61.83,60.89,60.92,3310700,59.716,61.443,65.577,42.702,-1.728,-1.922,0.194,61.443,65.702,57.185
2025-11-25,61.66,62.86,61.12,62.5,4157700,60.556,61.209,65.388,50.159,-1.45,-1.827,0.377,61.209,64.558,57.861
2025-11-26,62.13,64.02,62.04,63.56,2880400,61.538,61.186,65.236,54.443,-1.131,-1.688,0.557,61.186,64.456,57.916
2025-11-28,63.89,64.19,63.3,64.0,829500,62.478,61.196,65.083,56.129,-0.833,-1.517,0.684,61.196,64.501,57.891
2025-12-01,63.14,64.56,62.66,63.91,1870500,62.978,61.212,64.942,55.675,-0.597,-1.333,0.736,61.212,64.571,57.854
2025-12-02,63.86,63.88,62.82,63.41,2652000,63.476,61.256,64.816,53.106,-0.446,-1.156,0.71,61.256,64.708,57.804
2025-12-03,63.53,64.51,63.27,63.76,1643000,63.728,61.352,64.686,54.683,-0.294,-0.983,0.689,61.352,64.974,57.729
2025-12-04,63.87,64.57,63.36,63.54,2775300,63.724,61.416,64.551,53.466,-0.189,-0.825,0.635,61.416,65.15,57.682
2025-12-05,62.85,64.2,61.8,62.36,4281700,63.396,61.486,64.415,47.378,-0.199,-0.699,0.5,61.486,65.236,57.735
2025-12-08,61.43,61.71,60.82,61.63,2969800,62.94,61.509,64.264,44.037,-0.263,-0.612,0.349,61.509,65.257,57.761
2025-12-09,61.21,61.92,60.21,60.3,2500400,62.318,61.491,64.095,38.685,-0.416,-0.573,0.157,61.491,65.26,57.723
2025-12-10,60.74,62.94,60.54,62.59,3002700,62.084,61.566,63.965,49.962,-0.349,-0.528,0.18,61.566,65.36,57.772
2025-12-11,62.92,64.13,62.92,63.83,2706100,62.142,61.673,63.863,54.808,-0.193,-0.461,0.268,61.673,65.6,57.746
2025-12-12,63.87,64.3,62.82,63.09,1744900,62.288,61.778,63.73,51.597,-0.128,-0.394,0.267,61.778,65.741,57.816
2025-12-15,64.1,64.13,61.9,64.05,2989500,62.772,61.984,63.63,55.26,0.002,-0.315,0.317,61.984,65.971,57.997
2025-12-16,64.02,64.48,63.34,63.91,2414500,63.494,62.251,63.557,54.61,0.092,-0.234,0.325,62.251,65.982,58.52
2025-12-17,63.27,64.77,63.15,64.24,2700900,63.824,62.548,63.496,55.925,0.187,-0.15,0.337,62.548,65.879,59.217
2025-12-18,64.98,65.35,64.02,64.24,2467800,63.906,62.828,63.43,55.925,0.26,-0.068,0.328,62.828,65.686,59.969
2025-12-19,63.83,64.29,63.04,63.26,5390700,63.94,63.026,63.372,50.854,0.236,-0.007,0.243,63.026,65.355,60.696
2025-12-22,63.46,63.77,62.76,63.4,2733400,63.81,63.125,63.362,51.53,0.226,0.04,0.186,63.125,65.331,60.919
2025-12-23,63.45,63.77,62.32,63.22,1808600,63.672,63.24,63.331,50.567,0.201,0.072,0.129,63.24,65.187,61.293
2025-12-24,63.37,64.19,63.16,63.89,1073200,63.602,63.31,63.271,54.013,0.232,0.104,0.128,63.31,65.244,61.375
2025-12-26,63.69,64.21,63.52,63.88,1014900,63.53,63.326,63.223,53.952,0.254,0.134,0.12,63.326,65.274,61.377
2025-12-29,64.1,64.16,63.11,63.74,1850500,63.626,63.312,63.162,53.057,0.256,0.158,0.098,63.312,65.246,61.379
2025-12-30,63.42,64.13,63.32,63.34,1018000,63.614,63.284,63.096,50.479,0.224,0.171,0.052,63.284,65.197,61.371
2025-12-31,63.04,63.27,62.51,62.61,968200,63.492,63.244,62.999,46.08,0.137,0.165,-0.028,63.244,65.179,61.309
2026-01-02,62.81,64.01,62.16,63.61,1364800,63.436,63.236,62.893,52.223,0.147,0.161,-0.014,63.236,65.164,61.309
2026-01-05,63.11,64.77,62.87,62.94,2346600,63.248,63.207,62.797,48.256,0.101,0.149,-0.048,63.207,65.133,61.28
2026-01-06,62.3,65.36,62.27,65.15,2513000,63.53,63.346,62.736,59.251,0.239,0.167,0.072,63.346,65.413,61.279
2026-01-07,65.48,65.48,62.85,63.44,2689300,63.55,63.436,62.667,50.338,0.208,0.175,0.033,63.436,65.339,61.534
2026-01-08,62.89,67.17,62.86,66.32,3209900,64.292,63.738,62.652,60.983,0.412,0.223,0.189,63.738,65.446,62.029
2026-01-09,67.06,68.58,65.73,68.4,3013100,65.25,64.028,62.676,66.559,0.732,0.324,0.408,64.028,66.648,61.408
2026-01-12,68.02,68.97,67.61,68.62,1980800,66.386,64.268,62.768,67.094,0.992,0.458,0.534,64.268,67.592,60.943
2026-01-13,68.7,69.28,68.29,68.92,1750600,67.14,64.559,62.87,67.85,1.209,0.608,0.601,64.559,68.427,60.691
2026-01-14,68.8,70.23,68.17,69.14,1801500,68.28,64.814,62.982,68.424,1.382,0.763,0.619,64.814,69.178,60.449
2026-01-15,69.63,70.45,69.16,70.26,1622300,69.068,65.131,63.136,71.235,1.592,0.929,0.663,65.131,70.101,60.161
2026-01-16,70.16,70.63,69.51,69.53,3345800,69.294,65.396,63.29,67.045,1.68,1.079,0.601,65.396,70.716,60.075
2026-01-20,68.32,69.2,67.23,67.25,2555800,69.02,65.546,63.39,55.973,1.547,1.173,0.375,65.546,70.899,60.193
2026-01-21,67.76,70.11,67.62,69.24,2249600,69.084,65.845,63.555,61.889,1.585,1.255,0.33,65.845,71.327,60.363
2026-01-22,69.63,70.01,68.39,68.97,2050900,69.05,66.124,63.711,60.697,1.575,1.319,0.256,66.124,71.649,60.598
2026-01-23,68.92,69.02,67.47,67.81,1590500,68.56,66.353,63.854,55.732,1.456,1.346,0.11,66.353,71.75,60.956
2026-01-26,67.66,67.91,66.87,67.68,1830100,68.19,66.542,63.986,55.187,1.336,1.344,-0.008,66.542,71.841,61.244
2026-01-27,67.15,67.46,66.17,66.27,1625200,67.994,66.662,64.078,49.531,1.115,1.299,-0.184,66.662,71.813,61.511
2026-01-28,66.33,66.85,65.19,65.59,2931800,67.264,66.754,64.17,47.028,0.874,1.214,-0.339,66.754,71.749,61.76
2026-01-29,65.98,66.17,64.55,65.4,2791600,66.55,66.858,64.279,46.323,0.661,1.103,-0.442,66.858,71.636,62.079
2026-01-30,64.73,65.28,64.23,65.21,1903700,66.03,66.988,64.412,45.588,0.471,0.977,-0.506,66.988,71.407,62.568
2026-02-02,65.42,66.22,65.11,65.68,2452300,65.63,67.091,64.559,47.796,0.354,0.852,-0.498,67.091,71.268,62.914
2026-02-03,65.21,68.33,65.11,67.14,2824100,65.804,67.301,64.729,54.035,0.375,0.757,-0.382,67.301,70.993,63.609
2026-02-04,67.75,70.66,67.68,70.46,3090900,66.778,67.566,64.952,64.442,0.652,0.736,-0.084,67.566,71.369,63.764
2026-02-05,70.0,70.87,69.34,70.16,3238700,67.73,67.902,65.127,63.053,0.838,0.756,0.081,67.902,71.34,64.465
2026-02-06,70.65,72.31,70.44,71.9,2995300,69.068,68.182,65.347,67.438,1.112,0.827,0.285,68.182,71.967,64.396
2026-02-09,71.99,72.73,70.39,70.66,4762600,70.064,68.294,65.51,61.808,1.216,0.905,0.311,68.294,72.239,64.35
2026-02-10,76.16,78.13,74.39,76.78,6919500,71.992,68.703,65.775,73.546,1.771,1.078,0.693,68.703,74.179,63.226
2026-02-11,75.85,75.97,74.32,75.46,5039600,72.992,69.03,66.004,68.645,2.081,1.279,0.802,69.03,75.286,62.773
2026-02-12,76.22,77.73,75.62,76.51,4569000,74.262,69.398,66.256,70.338,2.384,1.5,0.884,69.398,76.494,62.302
2026-02-13,74.71,75.61,73.98,75.17,2651200,74.916,69.643,66.491,65.479,2.487,1.697,0.79,69.643,77.19,62.097
2026-02-17,75.23,75.83,74.03,75.15,2067600,75.814,69.924,66.719,65.407,2.538,1.865,0.672,69.924,77.862,61.987
2026-02-18,75.41,76.81,74.88,75.7,2852200,75.598,70.347,66.962,66.507,2.593,2.011,0.582,70.347,78.579,62.115
2026-02-19,75.28,75.89,74.0,74.07,2574800,75.32,70.588,67.196,60.378,2.476,2.104,0.372,70.588,78.966,62.211
2026-02-20,74.29,76.13,73.56,74.47,3092500,74.912,70.864,67.453,61.32,2.388,2.161,0.228,70.864,79.377,62.35
2026-02-23,74.47,74.75,72.76,73.15,2110100,74.508,71.13,67.71,56.543,2.187,2.166,0.021,71.13,79.576,62.685
2026-02-24,73.5,74.71,73.11,73.21,2330300,74.12,71.407,67.922,56.708,2.009,2.135,-0.125,71.407,79.738,63.076
2026-02-25,73.09,73.32,70.2,71.21,2060200,73.222,71.654,68.07,49.902,1.688,2.045,-0.358,71.654,79.629,63.679
2026-02-26,71.8,72.11,70.27,71.74,2301200,72.756,71.962,68.243,51.561,1.459,1.928,-0.469,71.962,79.409,64.514
2026-02-27,70.82,71.63,70.18,70.97,2262700,72.056,72.24,68.381,49.021,1.201,1.783,-0.581,72.24,79.043,65.437
2026-03-02,71.57,71.57,68.69,69.16,2157500,71.258,72.438,68.486,43.586,0.841,1.594,-0.753,72.438,78.578,66.297
2026-03-03,67.19,68.26,66.31,67.41,2592300,70.098,72.524,68.55,39.075,0.41,1.358,-0.947,72.524,78.302,66.746
2026-03-04,67.6,68.0,66.59,67.82,1846000,69.42,72.558,68.621,40.625,0.101,1.106,-1.006,72.558,78.209,66.907
2026-03-05,66.97,67.9,64.38,64.71,3258600,68.014,72.27,68.65,33.634,-0.391,0.807,-1.198,72.27,78.876,65.665
2026-03-06,62.78,63.42,61.69,63.08,2378500,66.436,71.916,68.644,30.656,-0.902,0.465,-1.367,71.916,79.659,64.174
2026-03-09,61.68,63.68,60.74,63.65,3109800,65.334,71.504,68.653,32.893,-1.247,0.122,-1.369,71.504,80.084,62.924
2026-03-10,63.28,64.55,62.52,62.89,2204400,64.43,71.116,68.633,31.437,-1.563,-0.215,-1.349,71.116,80.52,61.711
2026-03-11,62.6,63.24,61.66,61.92,1595700,63.25,70.372,68.593,29.633,-1.871,-0.546,-1.325,70.372,80.23,60.515
2026-03-12,61.31,61.84,59.96,60.11,2389500,62.33,69.605,68.521,26.57,-2.235,-0.884,-1.351,69.605,80.16,59.05
2026-03-13,60.73,61.52,60.45,60.96,2191900,61.906,68.828,68.473,30.218,-2.427,-1.192,-1.234,68.828,79.531,58.124
2026-03-16,61.39,62.13,61.19,61.53,2318600,61.482,68.146,68.452,32.635,-2.504,-1.455,-1.049,68.146,78.886,57.405
2026-03-17,61.97,62.33,60.78,61.19,2061300,61.142,67.447,68.403,31.925,-2.563,-1.676,-0.887,67.447,78.085,56.81
2026-03-18,60.64,61.59,59.19,59.37,2460100,60.632,66.631,68.332,28.366,-2.725,-1.886,-0.839,66.631,77.107,56.155
2026-03-19,58.68,59.28,57.92,59.18,2925200,60.446,65.886,68.212,28.014,-2.836,-2.076,-0.76,65.886,76.252,55.521
2026-03-20,59.21,59.49,57.63,58.3,7569500,59.914,65.078,68.11,26.385,-2.961,-2.253,-0.708,65.078,75.143,55.013
2026-03-23,59.55,60.78,59.17,59.53,2685500,59.514,64.397,67.974,32.31,-2.927,-2.388,-0.539,64.397,73.995,54.799
2026-03-24,58.69,60.4,58.37,59.82,2397000,59.24,63.728,67.802,33.666,-2.844,-2.479,-0.365,63.728,72.575,54.88
2026-03-25,60.73,61.12,59.41,60.96,2014900,59.558,63.215,67.649,38.851,-2.656,-2.515,-0.141,63.215,71.401,55.029
2026-03-26,60.11,61.08,59.4,59.64,1651200,59.65,62.61,67.463,35.4,-2.583,-2.528,-0.055,62.61,69.88,55.34
2026-03-27,59.36,60.11,58.84,58.96,2041100,59.782,62.009,67.26,33.738,-2.551,-2.533,-0.018,62.009,68.288,55.731
2026-03-30,59.58,59.58,57.92,58.07,2405000,59.49,61.455,67.016,31.644,-2.568,-2.54,-0.028,61.455,66.99,55.92
2026-03-31,59.23,60.83,58.29,59.82,2377800,59.49,61.076,66.822,39.585,-2.412,-2.514,0.102,61.076,65.884,56.267
2026-04-01,60.07,60.75,59.46,60.14,2099300,59.326,60.692,66.68,40.936,-2.237,-2.459,0.222,60.692,64.313,57.07
2026-04-02,58.5,60.51,57.88,58.58,2056100,59.114,60.385,66.466,36.635,-2.199,-2.407,0.208,60.385,63.587,57.183
2026-04-06,58.33,59.24,57.99,59.15,1448800,59.152,60.188,66.27,39.151,-2.099,-2.345,0.247,60.188,63.169,57.208
2026-04-07,58.57,59.18,58.23,58.56,2601100,59.25,59.934,66.085,37.491,-2.043,-2.285,0.242,59.934,62.512,57.356
2026-04-08,61.23,62.47,60.98,61.66,2954500,59.618,59.872,65.965,49.583,-1.729,-2.174,0.445,59.872,62.2,57.545
2026-04-09,61.04,63.31,61.0,62.84,2727500,60.158,59.919,65.896,53.287,-1.369,-2.013,0.644,59.919,62.445,57.392
2026-04-10,63.03,63.19,62.09,62.4,1770200,60.922,60.033,65.832,51.76,-1.107,-1.832,0.725,60.033,62.793,57.273
2026-04-13,62.62,63.78,61.46,63.72,2807700,61.836,60.171,65.799,55.848,-0.783,-1.622,0.839,60.171,63.367,56.975
2026-04-14,63.67,64.85,63.2,64.32,2963900,62.988,60.311,65.781,57.606,-0.473,-1.392,0.919,60.311,63.967,56.654
2026-04-15,64.13,64.45,62.25,62.59,3246000,63.174,60.381,65.719,51.266,-0.362,-1.186,0.824,60.381,64.159,56.602
2026-04-16,63.02,63.8,62.67,63.15,2831600,63.236,60.569,65.639,53.067,-0.227,-0.994,0.767,60.569,64.51,56.629
2026-04-17,64.47,67.22,64.27,65.97,3074500,63.95,60.909,65.549,60.901,0.107,-0.774,0.881,60.909,65.467,56.351
2026-04-20,65.04,66.13,64.44,66.07,3906900,64.42,61.298,65.468,61.149,0.375,-0.544,0.919,61.298,66.229,56.366
2026-04-21,65.72,67.09,64.91,66.15,6209300,64.786,61.628,65.353,61.36,0.587,-0.318,0.905,61.628,66.935,56.322
2026-04-22,73.49,75.41,72.27,73.29,8456500,66.926,62.302,65.405,74.607,1.316,0.009,1.307,62.302,69.663,54.941
2026-04-23,74.18,75.37,73.67,74.71,6178400,69.238,62.99,65.364,76.344,1.986,0.404,1.581,62.99,72.167,53.812
2026-04-24,74.53,74.86,72.79,73.5,4076600,70.744,63.682,65.325,71.835,2.391,0.802,1.59,63.682,73.836,53.529
2026-04-27,73.81,74.75,73.34,73.56,2890500,72.242,64.412,65.266,71.924,2.686,1.178,1.508,64.412,75.215,53.61
2026-04-28,73.84,74.32,72.62,73.66,3454400,73.744,65.192,65.235,72.081,2.895,1.522,1.373,65.192,76.313,54.071
2026-04-29,73.3,73.53,70.44,70.61,2612600,73.208,65.732,65.145,60.862,2.782,1.774,1.008,65.732,76.802,54.661
2026-04-30,70.58,71.73,70.15,71.17,2885400,72.5,66.283,65.054,62.031,2.707,1.96,0.746,66.283,77.279,55.287
2026-05-01,71.55,72.15,70.49,70.59,1991400,71.918,66.884,64.984,60.032,2.57,2.082,0.488,66.884,77.41,56.357
2026-05-04,69.96,70.28,67.8,67.87,2266600,70.78,67.319,64.852,51.629,2.217,2.109,0.108,67.319,77.2,57.439
2026-05-05,68.32,70.12,68.32,69.77,2364200,70.002,67.88,64.785,56.237,2.067,2.101,-0.034,67.88,76.903,58.857
2026-05-06,71.18,72.29,70.82,71.29,2797200,70.138,68.362,64.746,59.556,2.047,2.09,-0.043,68.362,77.007,59.716
2026-05-07,72.61,73.67,70.94,71.27,3459400,70.158,68.783,64.748,59.493,2.006,2.073,-0.067,68.783,77.111,60.455
2026-05-08,71.56,72.03,70.42,71.09,2780800,70.258,69.218,64.735,58.88,1.937,2.046,-0.109,69.218,77.035,61.4
2026-05-11,70.95,70.95,69.75,69.95,2577300,70.674,69.529,64.714,55.015,1.77,1.991,-0.221,69.529,76.908,62.15
2026-05-12,70.25,70.88,68.51,69.16,3185000,70.552,69.771,64.714,52.446,1.556,1.904,-0.348,69.771,76.737,62.805
2026-05-13,68.35,69.59,65.95,66.87,5098700,69.668,69.985,64.703,45.774,1.188,1.761,-0.573,69.985,76.249,63.721
2026-05-14,67.72,68.19,66.93,67.64,3006700,68.942,70.21,64.7,48.162,0.947,1.598,-0.651,70.21,75.719,64.7
2026-05-15,66.68,67.06,64.37,64.55,3435700,67.634,70.138,64.697,40.461,0.502,1.379,-0.877,70.138,75.908,64.369
2026-05-18,64.95,65.92,64.73,64.93,1869400,66.63,70.081,64.734,41.696,0.177,1.138,-0.961,70.081,76.04,64.123
2026-05-19,64.38,64.49,62.67,63.88,3046500,65.574,69.968,64.738,39.272,-0.163,0.878,-1.041,69.968,76.316,63.62
2026-05-20,63.64,66.49,63.39,66.07,2197500,65.414,69.607,64.802,46.285,-0.253,0.652,-0.905,69.607,75.98,63.234
2026-05-21,65.02,66.93,64.35,66.54,2322500,65.194,69.198,64.894,47.681,-0.283,0.465,-0.748,69.198,75.233,63.164
2026-05-22,66.62,67.35,65.95,66.97,2337700,65.678,68.872,65.031,48.988,-0.269,0.318,-0.587,68.872,74.627,63.117
2026-05-26,67.22,68.72,67.08,68.6,2093600,66.412,68.624,65.184,53.707,-0.125,0.229,-0.355,68.624,73.939,63.309
2026-05-27,69.67,71.01,69.07,69.52,2019400,67.54,68.417,65.344,56.171,0.062,0.196,-0.134,68.417,73.202,63.632
2026-05-28,68.82,70.79,68.4,70.38,2478500,68.402,68.405,65.528,58.401,0.277,0.212,0.065,68.405,73.169,63.642
2026-05-29,70.12,71.23,69.8,69.94,2860900,69.082,68.344,65.739,56.809,0.408,0.251,0.156,68.344,72.988,63.7
2026-06-01,69.07,69.51,67.53,68.68,2362700,69.424,68.248,65.929,52.403,0.404,0.282,0.122,68.248,72.775,63.722
2026-06-02,68.97,69.44,67.51,68.7,2997500,69.444,68.29,66.137,52.466,0.399,0.305,0.093,68.29,72.817,63.763
2026-06-03,68.22,69.61,68.01,69.26,2050400,69.392,68.264,66.332,54.291,0.435,0.331,0.103,68.264,72.762,63.767
2026-06-04,70.14,70.34,69.27,69.6,1603000,69.236,68.18,66.527,55.41,0.485,0.362,0.123,68.18,72.498,63.862
2026-06-05,68.92,69.75,68.4,69.11,2706500,69.07,68.072,66.69,53.381,0.48,0.385,0.094,68.072,72.167,63.977
2026-06-08,68.9,69.71,68.44,68.66,2262400,69.066,67.95,66.871,51.516,0.434,0.395,0.039,67.95,71.806,64.095
2026-06-09,69.38,72.11,69.26,72.03,2982300,69.732,68.054,67.132,62.176,0.662,0.449,0.214,68.054,72.235,63.874
2026-06-10,71.7,72.53,70.33,70.56,1923700,69.992,68.124,67.382,56.355,0.716,0.502,0.214,68.124,72.428,63.821
2026-06-11,71.32,73.67,70.56,73.43,1973700,70.758,68.452,67.654,63.533,0.979,0.598,0.382,68.452,73.317,63.588
2026-06-12,74.07,74.58,73.05,73.71,1808800,71.678,68.756,67.926,64.153,1.197,0.717,0.479,68.756,74.137,63.375
2026-06-15,75.03,75.99,73.95,74.01,1973400,72.748,69.229,68.234,64.842,1.377,0.849,0.528,69.229,74.715,63.743
2026-06-16,74.47,75.5,74.11,74.47,2039100,73.236,69.706,68.541,65.923,1.54,0.987,0.552,69.706,75.277,64.135
2026-06-17,74.18,75.47,72.0,72.3,2685100,73.584,70.127,68.815,57.013,1.476,1.085,0.391,70.127,75.083,65.171
2026-06-18,73.28,75.83,73.28,74.06,4176400,73.71,70.526,69.063,61.552,1.55,1.178,0.372,70.526,75.393,65.66
2026-06-22,73.88,74.56,73.02,73.26,1865800,73.62,70.862,69.272,58.527,1.527,1.248,0.279,70.862,75.492,66.233
2026-06-23,72.97,75.88,72.86,72.89,2068500,73.396,71.158,69.482,57.128,1.461,1.291,0.171,71.158,75.487,66.83
2026-06-24,73.8,77.72,73.8,77.71,2200900,74.044,71.614,69.761,67.892,1.778,1.388,0.39,71.614,76.666,66.562
2026-06-25,78.16,80.45,78.02,79.37,2098800,75.458,72.107,70.062,70.627,2.138,1.538,0.6,72.107,78.127,66.086
2026-06-26,78.93,79.8,78.02,79.62,3007100,76.57,72.568,70.403,71.027,2.416,1.714,0.702,72.568,79.395,65.742
2026-06-29,79.49,80.19,78.45,80.15,3317500,77.948,73.079,70.743,71.901,2.648,1.901,0.748,73.079,80.572,65.586
2026-06-30,80.44,81.46,79.74,81.01,2657200,79.572,73.696,71.044,73.309,2.869,2.094,0.775,73.696,81.678,65.713
2026-07-01,80.72,82.54,80.0,81.28,2650400,80.286,74.324,71.348,73.753,3.03,2.282,0.749,74.324,82.626,66.023
2026-07-02,81.86,82.85,81.14,82.41,1660100,80.894,74.982,71.673,75.586,3.213,2.468,0.745,74.982,83.668,66.296
2026-07-06,82.41,82.41,80.32,80.69,1833000,81.108,75.536,71.821,67.824,3.182,2.611,0.571,75.536,84.192,66.881
2026-07-07,80.58,80.7,78.42,78.99,1852000,80.876,76.03,71.907,61.141,2.985,2.686,0.3,76.03,84.259,67.802
2026-07-08,77.74,77.75,75.18,75.42,3378000,79.758,76.368,71.945,49.999,2.513,2.651,-0.138,76.368,83.843,68.894
2026-07-09,75.75,77.0,75.56,76.31,2154900,78.764,76.583,72.0,52.331,2.185,2.558,-0.373,76.583,83.774,69.391
2026-07-10,76.67,78.44,76.47,77.5,1584700,77.782,76.93,72.077,55.331,1.998,2.446,-0.448,76.93,83.544,70.315
2026-07-13,77.26,77.86,75.24,75.85,1767200,76.814,77.05,72.182,50.578,1.697,2.296,-0.599,77.05,83.481,70.62
2026-07-14,75.56,77.88,75.56,77.51,2194800,76.518,77.24,72.309,54.786,1.575,2.152,-0.577,77.24,83.477,71.004
2026-07-15,77.14,78.33,76.85,77.7,2203800,76.974,77.425,72.451,55.256,1.476,2.017,-0.541,77.425,83.475,71.375
2026-07-16,77.44,80.07,77.24,79.79,2055200,77.67,77.691,72.689,60.158,1.549,1.923,-0.375,77.691,83.661,71.721
2026-07-17,79.59,81.72,78.04,78.31,2318000,77.832,77.992,72.86,55.519,1.47,1.832,-0.363,77.992,83.397,72.586
2026-07-20,78.29,78.66,76.9,77.15,1802300,78.092,78.146,72.977,52.127,1.298,1.726,-0.427,78.146,83.247,73.045
2026-07-21,76.36,77.44,76.1,76.48,1611600,77.886,78.307,73.081,50.218,1.096,1.6,-0.504,78.307,82.94,73.674
2026-07-22,77.42,78.15,76.7,77.67,1691000,77.88,78.546,73.213,53.477,1.02,1.484,-0.464,78.546,82.436,74.656
2026-07-23,76.46,77.75,75.92,77.0,1873300,77.322,78.511,73.354,51.435,0.895,1.366,-0.471,78.511,82.446,74.575
2026-07-24,77.21,79.41,76.97,78.92,1867600,77.444,78.488,73.549,56.553,0.941,1.281,-0.34,78.488,82.407,74.569
2026-07-27,79.86,81.56,79.57,80.81,3129600,78.176,78.547,73.828,60.92,1.116,1.248,-0.132,78.547,82.574,74.521
2026-07-28,82.17,83.27,80.78,81.25,6232600,79.13,78.602,74.1,61.88,1.276,1.254,0.022,78.602,82.749,74.456
2026-07-29,75.49,75.64,71.07,72.24,9251900,78.044,78.164,74.254,40.13,0.668,1.137,-0.468,78.164,83.031,73.297
2026-07-30,71.13,72.23,70.62,71.8,4146900,77.004,77.69,74.391,39.402,0.149,0.939,-0.79,77.69,83.096,72.284
2026-07-31,71.85,71.96,70.63,71.17,2963600,75.454,77.128,74.537,38.329,-0.31,0.689,-0.999,77.128,82.799,71.457
2026-08-03,72.23,74.41,71.75,74.4,2381200,74.172,76.814,74.704,46.388,-0.408,0.47,-0.878,76.814,82.348,71.279
2026-08-04,75.07,76.84,74.45,76.74,2967500,73.27,76.701,74.908,51.348,-0.293,0.317,-0.611,76.701,82.14,71.262
2026-08-05,76.07,77.43,75.78,76.98,2453600,74.218,76.779,75.108,51.84,-0.181,0.218,-0.399,76.779,82.185,71.373
2026-08-06,76.83,77.23,74.74,75.14,2944000,74.886,76.72,75.239,47.844,-0.238,0.126,-0.364,76.72,82.173,71.268
2026-08-07,75.45,77.51,75.35,77.17,1838800,76.086,76.704,75.392,52.22,-0.118,0.078,-0.196,76.704,82.149,71.259
2026-08-10,76.56,77.29,74.21,74.39,2709500,76.084,76.631,75.472,46.47,-0.244,0.013,-0.257,76.631,82.163,71.099
2026-08-11,74.69,75.86,74.42,75.81,2619200,75.898,76.546,75.589,49.527,-0.227,-0.035,-0.192,76.546,82.073,71.019
2026-08-12,76.3,76.36,73.51,74.31,1969300,75.364,76.376,75.702,46.506,-0.331,-0.094,-0.237,76.376,81.962,70.791
2026-08-13,75.43,76.18,74.16,74.25,2047300,75.186,76.1,75.813,46.384,-0.413,-0.158,-0.255,76.1,81.519,70.68
2026-08-14,73.85,74.24,73.25,74.01,1484300,74.554,75.884,75.908,45.866,-0.492,-0.225,-0.267,75.884,81.276,70.493
2026-08-17,73.31,73.71,72.26,73.61,2002100,74.398,75.708,75.988,44.965,-0.58,-0.296,-0.284,75.708,81.157,70.258
2026-08-18,73.56,74.08,72.28,73.06,2028100,73.848,75.536,76.067,43.694,-0.686,-0.374,-0.312,75.536,81.097,69.976
2026-08-19,74.31,76.1,74.06,74.92,1701900,73.97,75.399,76.192,48.95,-0.613,-0.422,-0.192,75.399,80.873,69.925
2026-08-20,73.62,74.14,72.82,73.01,1329000,73.722,75.2,76.212,44.37,-0.702,-0.478,-0.224,75.2,80.718,69.681
2026-08-21,73.24,73.89,72.45,72.97,1184500,73.514,74.902,76.26,44.276,-0.766,-0.535,-0.231,74.902,80.214,69.59
2026-08-24,73.18,74.54,72.43,73.21,1285600,73.434,74.522,76.256,45.024,-0.789,-0.586,-0.202,74.522,79.089,69.955
2026-08-25,73.96,74.01,72.63,72.92,1620100,73.406,74.106,76.24,44.251,-0.82,-0.633,-0.187,74.106,77.443,70.768
2026-08-26,73.36,73.8,72.75,73.6,2007100,73.142,74.174,76.232,46.568,-0.782,-0.663,-0.119,74.174,77.405,70.942
2026-08-27,72.73,73.29,72.29,72.79,1748300,73.098,74.223,76.198,44.211,-0.807,-0.692,-0.116,74.223,77.329,71.117
2026-08-28,73.23,74.02,72.42,73.25,1314000,73.154,74.327,76.217,45.886,-0.781,-0.709,-0.072,74.327,77.127,71.527
2026-08-31,72.46,72.98,72.06,72.16,1781500,72.944,74.215,76.179,42.621,-0.839,-0.735,-0.103,74.215,77.177,71.253
2026-09-01,71.76,71.86,70.04,70.25,2432400,72.41,73.89,76.119,37.575,-1.027,-0.794,-0.233,73.89,77.1,70.681
2026-09-02,70.93,71.82,70.39,70.94,1929300,71.878,73.588,76.08,40.324,-1.107,-0.856,-0.251,73.588,76.709,70.468
2026-09-03,71.82,72.35,70.1,71.42,1557100,71.604,73.402,75.954,42.229,-1.12,-0.909,-0.211,73.402,76.577,70.228
2026-09-04,71.0,73.27,70.99,72.7,1992200,71.494,73.179,75.821,47.082,-1.014,-0.93,-0.084,73.179,75.821,70.537
