Date,Open,High,Low,Close,Volume,SMA5,SMA20,SMA50,RSI,MACD,MACD_signal,MACD_hist,BB_mid,BB_upper,BB_lower
2021-09-20,34.71,34.91,33.89,34.55,13967100,,,,,0.0,0.0,0.0,,,
2021-09-21,34.8,35.11,34.25,34.37,6875400,,,,,-0.014,-0.003,-0.011,,,
2021-09-22,34.74,35.68,34.7,34.85,9331300,,,,,0.013,0.0,0.013,,,
2021-09-23,35.07,35.94,34.93,35.61,8066800,,,,,0.095,0.019,0.075,,,
2021-09-24,35.5,35.83,35.2,35.55,5406400,34.986,,,,0.153,0.046,0.107,,,
2021-09-27,35.51,36.56,35.45,35.95,7119000,35.266,,,,0.229,0.082,0.146,,,
2021-09-28,35.97,36.61,35.57,35.76,9474000,35.544,,,,0.27,0.12,0.15,,,
2021-09-29,35.9,36.02,35.41,35.67,7628300,35.708,,,,0.293,0.155,0.138,,,
2021-09-30,35.82,35.88,34.97,35.12,9657300,35.61,,,,0.263,0.176,0.087,,,
2021-10-01,35.45,35.76,34.78,35.47,6887500,35.594,,,,0.265,0.194,0.071,,,
2021-10-04,35.43,35.45,34.66,34.77,7925800,35.358,,,,0.207,0.196,0.01,,,
2021-10-05,34.79,35.44,34.63,35.18,7714200,35.242,,,,0.192,0.196,-0.003,,,
2021-10-06,34.95,34.96,34.32,34.82,9146900,35.072,,,,0.15,0.186,-0.037,,,
2021-10-07,35.03,36.0,34.96,35.42,9246900,35.132,,,,0.163,0.182,-0.019,,,
2021-10-08,35.61,36.52,35.36,35.39,6541900,35.116,,,55.946,0.168,0.179,-0.011,,,
2021-10-11,35.43,35.61,34.96,35.0,6762700,35.162,,,49.689,0.14,0.171,-0.031,,,
2021-10-12,35.07,35.42,34.7,34.8,6081800,35.086,,,46.798,0.1,0.157,-0.057,,,
2021-10-13,34.81,35.19,34.66,35.0,7715400,35.122,,,49.935,0.084,0.142,-0.059,,,
2021-10-14,35.49,35.49,34.96,35.09,6305600,35.056,,,51.326,0.077,0.129,-0.052,,,
2021-10-15,35.22,35.36,34.56,34.6,12981100,34.898,35.148,,44.137,0.032,0.11,-0.078,35.148,36.028,34.269
2021-10-18,34.47,34.88,34.1,34.25,12958100,34.748,35.134,,39.845,-0.032,0.082,-0.113,35.134,36.065,34.202
2021-10-19,34.38,34.78,34.38,34.73,6645500,34.734,35.152,,47.4,-0.043,0.057,-0.1,35.152,36.033,34.27
2021-10-20,34.59,35.15,34.5,34.56,6878300,34.646,35.137,,45.233,-0.065,0.032,-0.097,35.137,36.049,34.225
2021-10-21,34.53,34.91,32.97,33.59,15778100,34.346,35.036,,35.313,-0.159,-0.006,-0.153,35.036,36.152,33.92
2021-10-22,33.57,33.66,32.83,33.35,13533900,34.096,34.926,,33.364,-0.249,-0.054,-0.195,34.926,36.244,33.608
2021-10-25,33.44,33.55,33.05,33.44,7760800,33.934,34.8,,34.817,-0.31,-0.106,-0.205,34.8,36.184,33.417
2021-10-26,33.58,33.66,32.9,32.96,7146300,33.58,34.66,,30.941,-0.393,-0.163,-0.23,34.66,36.194,33.127
2021-10-27,32.9,32.92,31.76,31.85,17112300,33.038,34.47,,24.225,-0.542,-0.239,-0.303,34.47,36.379,32.56
2021-10-28,31.85,33.13,31.64,32.91,9769000,32.902,34.359,,38.053,-0.568,-0.305,-0.263,34.359,36.363,32.355
2021-10-29,32.76,32.92,32.06,32.2,8460000,32.672,34.196,,33.627,-0.638,-0.371,-0.267,34.196,36.346,32.045
2021-11-01,32.45,33.36,32.33,33.12,9750900,32.608,34.113,,42.896,-0.613,-0.42,-0.193,34.113,36.297,31.929
2021-11-02,32.98,33.23,32.66,33.22,7792800,32.66,34.015,,43.815,-0.578,-0.451,-0.127,34.015,36.174,31.856
2021-11-03,33.1,33.52,32.9,33.38,7745700,32.966,33.943,,45.33,-0.531,-0.467,-0.064,33.943,36.085,31.801
2021-11-04,33.51,33.78,31.77,31.91,21669100,32.766,33.768,,35.782,-0.606,-0.495,-0.111,33.768,35.974,31.561
2021-11-05,31.9,32.78,31.26,32.31,11927300,32.788,33.614,,39.515,-0.625,-0.521,-0.104,33.614,35.772,31.455
2021-11-08,32.31,32.4,31.52,31.86,12223600,32.536,33.456,,36.915,-0.67,-0.551,-0.119,33.456,35.647,31.266
2021-11-09,31.91,31.98,31.24,31.56,8759300,32.204,33.294,,35.25,-0.72,-0.585,-0.136,33.294,35.545,31.044
2021-11-10,31.52,32.36,31.4,31.46,9085500,31.82,33.118,,34.689,-0.76,-0.62,-0.14,33.118,35.36,30.875
2021-11-11,31.41,31.83,30.84,31.65,10585300,31.768,32.945,,36.751,-0.767,-0.649,-0.118,32.945,35.076,30.815
2021-11-12,31.7,31.9,31.12,31.29,11691800,31.564,32.78,,34.526,-0.793,-0.678,-0.115,32.78,34.884,30.676
2021-11-15,31.58,32.55,31.53,31.81,10887400,31.554,32.658,,40.16,-0.763,-0.695,-0.068,32.658,34.684,30.632
2021-11-16,31.84,31.9,31.24,31.25,10061900,31.492,32.484,,36.516,-0.775,-0.711,-0.064,32.484,34.353,30.615
2021-11-17,31.22,31.38,30.87,31.19,9241200,31.438,32.316,,36.138,-0.78,-0.725,-0.055,32.316,33.994,30.637
2021-11-18,31.35,31.51,30.25,30.43,13599300,31.194,32.158,,31.662,-0.836,-0.747,-0.089,32.158,33.924,30.391
2021-11-19,30.22,30.53,29.63,29.92,12878500,30.92,31.986,,29.061,-0.911,-0.78,-0.131,31.986,33.922,30.05
2021-11-22,29.98,30.19,29.28,29.82,12943800,30.522,31.805,,28.566,-0.968,-0.817,-0.15,31.805,33.843,29.767
2021-11-23,29.75,29.91,29.09,29.29,15514800,30.13,31.621,,26.032,-1.043,-0.863,-0.181,31.621,33.872,29.371
2021-11-24,29.15,29.73,28.96,29.55,12147400,29.802,31.506,,29.343,-1.07,-0.904,-0.166,31.506,33.935,29.078
2021-11-26,28.89,29.31,28.7,28.99,8737400,29.514,31.31,,26.583,-1.123,-0.948,-0.175,31.31,33.891,28.73
2021-11-29,29.06,29.15,28.05,28.7,15881300,29.27,31.135,33.19,25.258,-1.175,-0.993,-0.182,31.135,33.928,28.343
2021-11-30,28.57,28.57,27.09,27.51,21862400,28.808,30.855,33.05,20.7,-1.297,-1.054,-0.243,30.855,33.921,27.789
2021-12-01,27.56,28.33,26.4,26.4,17249900,28.23,30.514,32.89,17.523,-1.467,-1.136,-0.33,30.514,33.966,27.062
2021-12-02,26.45,26.72,25.69,26.28,31862500,27.576,30.159,32.719,17.215,-1.592,-1.228,-0.365,30.159,33.823,26.495
2021-12-03,26.85,27.7,26.58,27.62,24840000,27.302,29.944,32.559,31.645,-1.566,-1.295,-0.271,29.944,33.679,26.21
2021-12-06,27.66,28.39,27.19,27.67,14798200,27.096,29.712,32.401,32.121,-1.523,-1.341,-0.182,29.712,33.404,26.021
2021-12-07,27.94,28.93,27.64,27.9,16599200,27.174,29.514,32.24,34.382,-1.454,-1.364,-0.091,29.514,33.146,25.883
2021-12-08,27.91,28.54,27.75,28.31,10991900,27.556,29.352,32.091,38.326,-1.351,-1.361,0.01,29.352,32.887,25.817
2021-12-09,27.99,28.39,27.47,27.62,10748400,27.824,29.16,31.93,34.561,-1.309,-1.351,0.041,29.16,32.63,25.69
2021-12-10,27.78,27.93,27.37,27.75,18471600,27.85,28.965,31.783,35.84,-1.252,-1.331,0.079,28.965,32.281,25.649
2021-12-13,27.65,27.68,26.72,26.96,8300100,27.708,28.748,31.613,31.776,-1.255,-1.316,0.061,28.748,31.99,25.507
2021-12-14,26.78,27.05,26.46,26.52,12239300,27.432,28.484,31.448,29.753,-1.279,-1.308,0.03,28.484,31.531,25.437
2021-12-15,26.37,26.6,25.68,26.49,13234200,27.068,28.246,31.274,29.614,-1.285,-1.304,0.019,28.246,31.122,25.37
2021-12-16,26.65,27.17,26.57,26.65,11798400,26.874,28.019,31.111,31.447,-1.263,-1.295,0.033,28.019,30.62,25.418
2021-12-17,26.66,26.83,25.56,26.45,18207700,26.614,27.82,30.931,30.382,-1.247,-1.286,0.039,27.82,30.247,25.393
2021-12-20,26.0,26.11,25.35,25.7,15714400,26.362,27.609,30.737,26.727,-1.28,-1.284,0.005,27.609,30.001,25.217
2021-12-21,25.96,26.84,25.73,26.3,11746900,26.318,27.433,30.563,33.608,-1.243,-1.276,0.033,27.433,29.652,25.214
2021-12-22,26.26,26.38,25.67,26.15,14243900,26.25,27.276,30.39,32.779,-1.212,-1.263,0.051,27.276,29.383,25.169
2021-12-23,26.26,27.5,26.13,27.4,14137400,26.4,27.168,30.238,44.959,-1.075,-1.226,0.151,27.168,28.987,25.35
2021-12-27,27.36,27.4,26.79,26.99,12801800,26.508,27.068,30.076,42.255,-0.987,-1.178,0.191,27.068,28.672,25.465
2021-12-28,26.91,27.48,26.86,26.99,11393400,26.766,26.983,29.924,42.255,-0.907,-1.124,0.216,26.983,28.391,25.575
2021-12-29,26.99,27.29,26.52,26.87,13096800,26.88,26.951,29.777,41.409,-0.844,-1.068,0.224,26.951,28.338,25.564
2021-12-30,26.81,28.24,26.74,27.89,12386300,27.228,27.026,29.64,50.48,-0.704,-0.995,0.291,27.026,28.447,25.604
2021-12-31,27.91,28.0,26.99,27.04,14554500,27.156,27.063,29.489,44.322,-0.653,-0.927,0.273,27.063,28.441,25.686
2022-01-03,27.44,29.38,27.4,28.89,19555600,27.536,27.127,29.395,56.702,-0.459,-0.833,0.374,27.127,28.714,25.54
2022-01-04,29.24,30.01,28.97,29.62,20568400,28.062,27.224,29.321,60.44,-0.243,-0.715,0.472,27.224,29.154,25.295
2022-01-05,29.97,30.55,29.18,29.32,18118900,28.552,27.295,29.238,58.215,-0.095,-0.591,0.496,27.295,29.424,25.167
2022-01-06,29.75,29.88,28.82,29.32,11555100,28.838,27.346,29.166,58.215,0.022,-0.468,0.49,27.346,29.619,25.073
2022-01-07,29.88,32.01,29.64,31.71,27736100,29.772,27.55,29.163,68.818,0.304,-0.314,0.618,27.55,30.548,24.553
2022-01-10,32.75,32.87,30.76,31.28,21648300,30.25,27.727,29.13,65.593,0.487,-0.154,0.641,27.727,31.158,24.296
2022-01-11,31.28,31.66,30.9,31.33,9730600,30.592,27.946,29.113,65.794,0.629,0.003,0.626,27.946,31.711,24.18
2022-01-12,31.53,31.88,31.13,31.34,8473900,30.996,28.187,29.077,65.837,0.734,0.149,0.585,28.187,32.178,24.195
2022-01-13,32.19,33.02,31.65,32.43,15606600,31.618,28.484,29.061,70.223,0.895,0.298,0.597,28.484,32.813,24.154
2022-01-14,32.17,33.05,31.73,32.99,10259000,31.874,28.8,29.054,72.198,1.055,0.45,0.606,28.8,33.48,24.121
2022-01-18,32.7,33.51,31.18,31.55,20056700,31.928,29.056,29.046,60.995,1.054,0.57,0.483,29.056,33.751,24.36
2022-01-19,31.9,32.81,31.15,31.43,18207400,31.948,29.342,29.029,60.157,1.031,0.663,0.369,29.342,33.872,24.812
2022-01-20,31.37,31.86,30.17,30.23,15664500,31.726,29.538,28.996,52.406,0.906,0.711,0.195,29.538,33.848,25.229
2022-01-21,29.3,29.41,27.9,28.0,21435800,30.84,29.631,28.925,41.662,0.62,0.693,-0.073,29.631,33.708,25.554
2022-01-24,27.3,29.19,26.73,29.17,18787300,30.076,29.72,28.879,47.718,0.482,0.651,-0.169,29.72,33.667,25.772
2022-01-25,28.86,29.71,27.95,29.45,11808800,29.656,29.842,28.835,49.081,0.391,0.599,-0.208,29.842,33.58,26.105
2022-01-26,29.71,29.85,27.96,28.38,15505200,29.046,29.912,28.777,44.327,0.229,0.525,-0.296,29.912,33.473,26.351
2022-01-27,28.77,29.05,27.99,28.15,14309800,28.63,29.976,28.704,43.355,0.082,0.436,-0.354,29.976,33.348,26.604
2022-01-28,28.16,29.62,27.79,29.54,14852900,28.938,30.059,28.67,50.43,0.077,0.364,-0.288,30.059,33.294,26.823
2022-01-31,29.29,30.33,28.85,29.97,10162300,29.098,30.205,28.645,52.41,0.106,0.313,-0.207,30.205,33.114,27.296
2022-02-01,29.66,30.68,29.37,30.2,8991500,29.248,30.27,28.641,53.48,0.146,0.279,-0.134,30.27,33.113,27.428
2022-02-02,30.05,30.06,29.28,29.36,10144600,29.444,30.258,28.629,49.134,0.108,0.245,-0.137,30.258,33.114,27.401
2022-02-03,29.12,30.54,28.99,29.66,9594900,29.746,30.274,28.626,50.675,0.102,0.216,-0.115,30.274,33.112,27.437
2022-02-04,29.69,30.28,29.28,29.94,8516300,29.826,30.306,28.639,52.134,0.118,0.197,-0.079,30.306,33.112,27.499
2022-02-07,30.05,30.81,30.02,30.47,8546300,29.926,30.244,28.658,54.855,0.171,0.192,-0.02,30.244,32.974,27.513
2022-02-08,30.48,31.18,30.15,30.94,9715300,30.074,30.226,28.697,57.179,0.249,0.203,0.046,30.226,32.934,27.519
2022-02-09,31.18,32.14,30.86,32.06,10466300,30.614,30.263,28.764,62.177,0.396,0.242,0.154,30.263,33.051,27.475
2022-02-10,31.82,32.88,31.61,32.15,11436200,31.112,30.304,28.857,62.555,0.514,0.296,0.218,30.304,33.18,27.427
2022-02-11,32.09,33.0,31.9,32.26,10450100,31.576,30.295,28.974,63.042,0.609,0.359,0.251,30.295,33.146,27.444
2022-02-14,32.17,32.61,31.26,31.39,10548200,31.76,30.215,29.076,56.761,0.608,0.408,0.199,30.215,32.827,27.603
2022-02-15,31.36,32.29,31.14,32.25,13294700,32.022,30.25,29.169,60.907,0.668,0.46,0.208,30.25,32.954,27.546
2022-02-16,27.1,27.18,24.95,26.51,87606200,30.912,30.004,29.145,36.057,0.25,0.418,-0.168,30.004,33.12,26.888
2022-02-17,26.44,27.29,26.08,26.3,12100500,29.742,29.808,29.113,35.486,-0.097,0.315,-0.413,29.808,33.332,26.283
2022-02-18,25.99,26.56,24.75,25.43,17020000,28.376,29.679,29.056,33.146,-0.438,0.165,-0.602,29.679,33.642,25.716
2022-02-22,25.2,26.11,24.87,24.96,13261100,27.09,29.468,29.003,31.922,-0.737,-0.016,-0.721,29.468,33.957,24.98
2022-02-23,25.15,25.92,24.91,25.45,14566900,25.73,29.268,28.957,34.633,-0.924,-0.197,-0.726,29.268,34.104,24.433
2022-02-24,24.51,26.05,24.42,26.03,13670600,25.634,29.151,28.938,37.791,-1.013,-0.361,-0.653,29.151,34.187,24.115
2022-02-25,26.08,26.6,25.43,26.49,9130000,25.672,29.068,28.937,40.256,-1.035,-0.496,-0.54,29.068,34.227,23.909
2022-02-28,25.83,27.69,25.83,27.43,23784100,26.072,28.962,28.956,45.049,-0.966,-0.59,-0.376,28.962,34.167,23.758
2022-03-01,27.42,29.61,27.26,28.91,21537700,26.862,28.909,29.001,51.628,-0.782,-0.628,-0.154,28.909,34.092,23.727
2022-03-02,29.16,32.03,29.12,31.58,30575500,28.088,28.979,29.104,60.756,-0.417,-0.586,0.169,28.979,34.269,23.688
2022-03-03,31.14,31.84,30.87,31.76,15983400,29.234,29.098,29.225,61.287,-0.111,-0.491,0.38,29.098,34.533,23.664
2022-03-04,31.31,31.89,30.17,30.53,17458900,30.042,29.142,29.31,55.742,0.032,-0.386,0.418,29.142,34.609,23.675
2022-03-07,30.23,30.62,29.72,30.04,14670000,30.564,29.147,29.388,53.66,0.104,-0.288,0.392,29.147,34.617,23.677
2022-03-08,30.01,31.73,29.93,30.24,12438500,30.83,29.135,29.444,54.409,0.175,-0.196,0.371,29.135,34.595,23.676
2022-03-09,31.29,31.48,30.09,30.23,8303800,30.56,29.1,29.509,54.361,0.229,-0.111,0.339,29.1,34.519,23.681
2022-03-10,29.97,30.41,29.17,29.78,10428900,30.164,28.986,29.565,52.164,0.232,-0.042,0.274,28.986,34.236,23.736
2022-03-11,30.08,30.17,29.11,29.23,6783900,29.904,28.84,29.612,49.529,0.188,0.004,0.184,28.84,33.878,23.802
2022-03-14,29.81,32.92,29.65,32.29,25229200,30.354,28.841,29.7,61.256,0.395,0.082,0.313,28.841,33.884,23.799
2022-03-15,32.05,32.64,31.11,31.79,13143100,30.664,28.862,29.795,58.85,0.513,0.168,0.345,28.862,33.949,23.774
2022-03-16,31.86,32.76,31.82,32.72,10120500,31.162,28.885,29.872,61.851,0.674,0.269,0.405,28.885,34.042,23.728
2022-03-17,32.37,33.35,32.21,33.28,9887800,31.862,29.224,29.945,63.574,0.837,0.383,0.454,29.224,34.608,23.839
2022-03-18,33.33,33.64,32.49,33.48,26711400,32.712,29.583,30.028,64.196,0.971,0.501,0.471,29.583,35.102,24.063
2022-03-21,33.46,34.07,32.35,32.86,9914000,32.826,29.954,30.099,60.734,1.016,0.604,0.412,29.954,35.294,24.614
2022-03-22,33.04,34.75,32.87,33.79,15019400,33.226,30.396,30.141,63.881,1.113,0.706,0.408,30.396,35.45,25.341
2022-03-23,33.61,34.72,33.55,33.96,8950100,33.474,30.821,30.194,64.442,1.191,0.803,0.388,30.821,35.544,26.098
2022-03-24,34.05,34.28,33.71,34.2,5347500,33.658,31.23,30.252,65.262,1.257,0.893,0.363,31.23,35.609,26.85
2022-03-25,34.09,34.94,34.01,34.74,7591800,33.91,31.642,30.32,67.101,1.337,0.982,0.355,31.642,35.682,27.602
2022-03-28,34.68,35.4,33.39,33.94,9030100,34.126,31.968,30.35,61.875,1.321,1.05,0.271,31.968,35.608,28.327
2022-03-29,34.24,34.54,33.92,34.47,6210200,34.262,32.246,30.379,63.882,1.336,1.107,0.229,32.246,35.75,28.741
2022-03-30,34.2,34.8,34.16,34.39,4589500,34.348,32.386,30.436,63.34,1.326,1.151,0.175,32.386,36.002,28.77
2022-03-31,34.1,34.48,33.91,34.13,7264200,34.334,32.504,30.49,61.513,1.282,1.177,0.105,32.504,36.188,28.821
2022-04-01,34.23,34.45,33.23,33.76,7748400,34.138,32.666,30.561,58.91,1.204,1.183,0.021,32.666,36.268,29.064
2022-04-04,33.75,34.14,32.75,34.05,8486100,34.16,32.866,30.682,60.327,1.152,1.177,-0.025,32.866,36.295,29.438
2022-04-05,34.0,34.34,33.14,33.26,6770000,33.918,33.018,30.764,54.784,1.035,1.148,-0.113,33.018,36.217,29.818
2022-04-06,32.83,33.1,31.95,32.36,10361600,33.512,33.124,30.822,49.233,0.86,1.091,-0.231,33.124,36.065,30.183
2022-04-07,32.18,32.37,31.04,31.88,10673500,33.062,33.229,30.892,46.526,0.675,1.007,-0.333,33.229,35.793,30.665
2022-04-08,31.68,32.54,31.6,32.44,8966300,32.798,33.39,30.978,49.982,0.566,0.919,-0.353,33.39,35.186,31.593
2022-04-11,32.31,33.4,32.3,32.42,5494300,32.472,33.396,31.035,49.858,0.474,0.83,-0.357,33.396,35.177,31.615
2022-04-12,32.6,33.28,32.4,32.55,5670600,32.33,33.434,31.087,50.713,0.406,0.745,-0.339,33.434,35.099,31.769
2022-04-13,32.45,32.89,32.32,32.71,4497900,32.4,33.433,31.137,51.803,0.361,0.668,-0.308,33.433,35.1,31.767
2022-04-14,32.81,33.38,32.52,32.87,3950800,32.598,33.413,31.207,52.924,0.334,0.602,-0.267,33.413,35.097,31.729
2022-04-18,32.82,32.98,32.2,32.47,4182200,32.604,33.362,31.263,49.805,0.278,0.537,-0.259,33.362,35.098,31.627
2022-04-19,32.41,32.96,32.29,32.75,5788100,32.67,33.357,31.32,51.94,0.253,0.48,-0.227,33.357,35.1,31.614
2022-04-20,31.11,31.2,28.73,29.93,20866000,32.146,33.164,31.309,35.543,0.005,0.385,-0.38,33.164,35.469,30.859
2022-04-21,30.34,30.6,28.79,29.17,8322900,31.438,32.924,31.273,32.56,-0.25,0.258,-0.508,32.924,35.805,30.044
2022-04-22,29.02,29.3,27.73,28.02,9089800,30.468,32.615,31.193,28.642,-0.538,0.099,-0.637,32.615,36.167,29.064
2022-04-25,27.57,28.37,27.4,28.17,7009500,29.608,32.287,31.113,29.828,-0.746,-0.07,-0.676,32.287,36.208,28.366
2022-04-26,27.73,28.06,26.5,26.51,8956400,28.36,31.915,30.998,24.896,-1.032,-0.263,-0.77,31.915,36.524,27.307
2022-04-27,26.42,26.76,25.8,26.12,7891100,27.598,31.498,30.893,23.897,-1.277,-0.465,-0.811,31.498,36.617,26.379
2022-04-28,26.34,26.43,25.35,26.22,6742100,27.008,31.09,30.772,24.731,-1.445,-0.661,-0.784,31.09,36.531,25.648
2022-04-29,26.17,26.89,26.14,26.29,7523000,26.662,30.698,30.768,25.348,-1.555,-0.84,-0.715,30.698,36.342,25.053
2022-05-02,26.31,27.74,26.26,27.33,12111200,26.494,30.376,30.788,34.005,-1.541,-0.98,-0.561,30.376,36.019,24.733
2022-05-03,25.74,27.13,24.9,26.97,18703000,26.586,30.022,30.819,32.596,-1.541,-1.092,-0.448,30.022,35.582,24.462
2022-05-04,26.87,27.37,25.91,27.24,13527200,26.81,29.721,30.865,34.779,-1.501,-1.174,-0.327,29.721,35.194,24.248
2022-05-05,26.95,27.69,26.43,26.83,10597700,26.932,29.444,30.892,33.03,-1.486,-1.237,-0.25,29.444,34.915,23.974
2022-05-06,26.63,26.63,24.91,25.2,11249300,26.714,29.11,30.876,27.177,-1.588,-1.307,-0.281,29.11,34.767,23.454
2022-05-09,24.59,25.04,24.14,24.77,9804200,26.202,28.727,30.841,25.875,-1.683,-1.382,-0.301,28.727,34.473,22.981
2022-05-10,25.01,25.4,24.48,24.75,8890300,25.758,28.344,30.788,25.813,-1.74,-1.454,-0.287,28.344,34.075,22.612
2022-05-11,24.69,25.15,24.04,24.09,7066800,25.128,27.92,30.691,23.788,-1.818,-1.527,-0.291,27.92,33.593,22.248
2022-05-12,23.95,25.11,23.57,24.48,11178700,24.658,27.509,30.549,27.411,-1.827,-1.587,-0.24,27.509,32.906,22.112
2022-05-13,24.95,25.66,24.73,25.59,7768500,24.736,27.145,30.426,36.643,-1.725,-1.614,-0.11,27.145,31.972,22.318
2022-05-16,25.7,25.94,25.06,25.29,7932500,24.84,26.786,30.321,35.335,-1.649,-1.621,-0.028,26.786,30.971,22.601
2022-05-17,27.84,29.44,27.5,29.18,27198900,25.726,26.607,30.304,56.846,-1.26,-1.549,0.289,26.607,29.938,23.277
2022-05-18,28.77,30.14,28.43,28.48,13586400,26.604,26.535,30.269,53.403,-0.997,-1.439,0.441,26.535,29.615,23.455
2022-05-19,28.36,29.65,28.34,29.09,10148600,27.526,26.531,30.246,55.909,-0.731,-1.297,0.566,26.531,29.597,23.465
2022-05-20,29.33,29.61,28.32,29.47,9845700,28.302,26.603,30.24,57.444,-0.484,-1.135,0.65,26.603,29.879,23.328
2022-05-23,29.66,30.32,29.09,29.87,8864300,29.218,26.688,30.252,59.06,-0.253,-0.958,0.705,26.688,30.214,23.163
2022-05-24,29.09,29.31,28.04,28.71,7081200,29.124,26.798,30.181,52.799,-0.162,-0.799,0.637,26.798,30.436,23.161
2022-05-25,28.84,29.53,28.72,29.2,10647900,29.268,26.952,30.129,54.97,-0.049,-0.649,0.6,26.952,30.727,23.178
2022-05-26,29.28,29.82,29.09,29.25,6418200,29.3,27.104,30.06,55.197,0.043,-0.511,0.554,27.104,30.996,23.212
2022-05-27,29.52,30.66,29.3,30.61,9179100,29.528,27.32,30.006,60.951,0.224,-0.364,0.588,27.32,31.492,23.148
2022-05-31,30.75,31.14,30.14,30.99,13664700,29.752,27.503,29.956,62.404,0.393,-0.212,0.606,27.503,31.986,23.02
2022-06-01,31.12,31.14,28.63,29.2,12810000,29.85,27.615,29.883,52.495,0.378,-0.094,0.473,27.615,32.152,23.077
2022-06-02,28.39,28.45,27.43,28.37,19731900,29.684,27.671,29.775,48.639,0.296,-0.016,0.313,27.671,32.217,23.125
2022-06-03,28.17,28.49,27.52,27.8,8669800,29.394,27.72,29.652,46.132,0.183,0.024,0.16,27.72,32.249,23.19
2022-06-06,27.82,28.05,27.39,27.46,6316500,28.764,27.833,29.517,44.654,0.066,0.032,0.033,27.833,32.207,23.458
2022-06-07,27.39,27.65,26.99,27.59,5179000,28.084,27.973,29.374,45.375,-0.017,0.022,-0.039,27.973,32.108,23.839
2022-06-08,27.44,28.05,27.35,27.75,4649600,27.794,28.123,29.25,46.302,-0.069,0.004,-0.073,28.123,31.973,24.274
2022-06-09,27.62,27.67,26.28,26.31,6872100,27.382,28.235,29.087,39.763,-0.224,-0.041,-0.182,28.235,31.704,24.765
2022-06-10,25.93,26.16,25.29,25.36,10028800,26.894,28.278,28.906,36.137,-0.418,-0.117,-0.301,28.278,31.565,24.992
2022-06-13,24.83,24.83,23.04,23.3,19415400,26.062,28.164,28.69,29.793,-0.73,-0.239,-0.491,28.164,31.964,24.364
2022-06-14,23.55,23.76,22.93,23.15,13727100,25.174,28.057,28.477,29.388,-0.978,-0.387,-0.591,28.057,32.293,23.821
2022-06-15,23.38,23.81,22.99,23.37,9804300,24.298,27.766,28.264,30.871,-1.144,-0.538,-0.605,27.766,32.452,23.081
2022-06-16,22.96,23.17,21.59,22.1,14417200,23.456,27.447,28.041,27.306,-1.362,-0.703,-0.659,27.447,32.755,22.14
2022-06-17,22.1,22.78,21.91,22.38,14331300,22.86,27.112,27.841,29.246,-1.495,-0.861,-0.633,27.112,32.816,21.408
2022-06-21,23.04,23.14,22.29,22.42,10581800,22.684,26.76,27.652,29.535,-1.579,-1.005,-0.574,26.76,32.716,20.803
2022-06-22,22.12,22.54,22.01,22.27,6624400,22.508,26.38,27.448,29.055,-1.638,-1.132,-0.507,26.38,32.469,20.29
2022-06-23,22.27,22.39,21.9,22.34,5325000,22.302,26.061,27.247,29.63,-1.661,-1.237,-0.423,26.061,32.301,19.821
2022-06-24,22.46,23.58,22.42,23.47,7962300,22.576,25.774,27.065,38.313,-1.569,-1.304,-0.266,25.774,31.934,19.615
2022-06-27,23.65,23.86,23.24,23.67,5007100,22.834,25.496,26.884,39.731,-1.464,-1.336,-0.128,25.496,31.495,19.496
2022-06-28,23.72,24.24,23.25,23.29,4538200,23.008,25.13,26.693,37.947,-1.395,-1.348,-0.047,25.13,30.693,19.566
2022-06-29,23.31,23.35,22.43,22.85,5194600,23.124,24.722,26.5,35.934,-1.36,-1.35,-0.01,24.722,29.633,19.812
2022-06-30,22.51,22.92,22.13,22.49,6891400,23.154,24.387,26.295,34.33,-1.346,-1.349,0.003,24.387,28.911,19.863
2022-07-01,22.58,23.1,22.41,22.97,6442000,23.054,24.117,26.156,38.286,-1.281,-1.336,0.054,24.117,28.27,19.964
2022-07-05,22.25,22.96,21.72,22.95,7952600,22.91,23.874,26.032,38.183,-1.218,-1.312,0.094,23.874,27.673,20.076
2022-07-06,22.91,23.15,22.39,22.83,5869700,22.818,23.643,25.928,37.529,-1.164,-1.282,0.119,23.643,27.068,20.218
2022-07-07,23.07,23.74,23.07,23.6,5666700,22.968,23.444,25.836,44.138,-1.046,-1.235,0.189,23.444,26.321,20.566
2022-07-08,23.53,23.69,23.06,23.29,10021500,23.128,23.22,25.772,42.202,-0.967,-1.182,0.214,23.22,25.263,21.178
2022-07-11,22.85,23.06,21.97,22.02,10025000,22.938,23.006,25.69,35.36,-0.996,-1.145,0.149,23.006,24.513,21.499
2022-07-12,21.88,23.14,21.88,22.86,7581900,22.92,22.881,25.623,42.052,-0.94,-1.104,0.164,22.881,23.903,21.859
2022-07-13,22.5,22.93,22.11,22.8,4768700,22.914,22.856,25.553,41.72,-0.89,-1.061,0.171,22.856,23.859,21.853
2022-07-14,22.39,22.39,21.75,21.98,6283700,22.59,22.798,25.446,37.374,-0.906,-1.03,0.124,22.798,23.863,21.732
2022-07-15,22.33,22.8,22.13,22.78,6640700,22.488,22.768,25.362,43.552,-0.845,-0.993,0.148,22.768,23.799,21.737
2022-07-18,22.49,22.94,21.58,22.34,11639300,22.552,22.78,25.264,41.148,-0.822,-0.959,0.137,22.78,23.783,21.777
2022-07-19,22.77,23.26,22.35,22.83,9739400,22.546,22.803,25.184,44.802,-0.756,-0.918,0.162,22.803,23.788,21.817
2022-07-20,23.08,23.82,22.99,23.7,10033600,22.726,22.866,25.154,50.66,-0.626,-0.86,0.234,22.866,23.912,21.821
2022-07-21,23.42,23.75,23.17,23.71,6386200,23.072,22.938,25.133,50.725,-0.516,-0.791,0.275,22.938,24.009,21.868
2022-07-22,23.21,23.61,22.7,23.03,7962500,23.122,22.973,25.099,46.278,-0.479,-0.728,0.25,22.973,24.006,21.94
2022-07-25,23.2,23.54,22.96,23.09,6291800,23.272,22.954,25.079,46.722,-0.439,-0.671,0.232,22.954,23.962,21.946
2022-07-26,22.05,22.42,21.74,22.0,9745800,23.106,22.87,25.029,40.222,-0.49,-0.634,0.145,22.87,23.905,21.836
2022-07-27,22.15,22.49,21.97,22.35,6505000,22.836,22.824,24.964,42.966,-0.496,-0.607,0.111,22.824,23.863,21.784
2022-07-28,22.11,22.32,21.5,22.19,9365100,22.532,22.79,24.902,42.016,-0.508,-0.587,0.079,22.79,23.868,21.713
2022-07-29,21.97,21.97,21.29,21.55,15451700,22.236,22.744,24.75,38.364,-0.563,-0.582,0.019,22.744,23.95,21.537
2022-08-01,21.5,22.06,21.09,22.01,6976600,22.02,22.696,24.62,42.25,-0.563,-0.578,0.016,22.696,23.94,21.451
2022-08-02,21.83,22.91,21.75,22.3,6494400,22.08,22.663,24.484,44.62,-0.533,-0.569,0.036,22.663,23.914,21.412
2022-08-03,22.5,23.15,22.31,22.82,10863100,22.174,22.662,24.351,48.687,-0.462,-0.548,0.086,22.662,23.913,21.412
2022-08-04,21.78,23.59,21.51,23.06,14790000,22.348,22.636,24.215,50.494,-0.382,-0.515,0.132,22.636,23.822,21.449
2022-08-05,21.97,22.19,21.46,22.11,14571200,22.46,22.577,24.083,43.903,-0.391,-0.49,0.099,22.577,23.743,21.41
2022-08-08,22.32,23.58,22.32,22.97,11387500,22.652,22.624,23.959,50.235,-0.325,-0.457,0.132,22.624,23.773,21.475
2022-08-09,23.0,23.45,22.33,22.5,11436500,22.692,22.606,23.824,47.106,-0.307,-0.427,0.12,22.606,23.75,21.462
2022-08-10,23.06,23.32,22.76,22.86,6785100,22.7,22.609,23.669,49.691,-0.26,-0.394,0.133,22.609,23.756,21.462
2022-08-11,23.19,24.34,23.15,23.51,9007100,22.79,22.685,23.519,54.057,-0.169,-0.349,0.179,22.685,23.86,21.511
2022-08-12,23.85,23.92,23.24,23.86,5761400,23.14,22.74,23.412,56.259,-0.068,-0.293,0.225,22.74,24.026,21.453
2022-08-15,23.66,24.95,23.55,24.2,12383700,23.386,22.832,23.329,58.347,0.039,-0.226,0.265,22.832,24.259,21.406
2022-08-16,24.3,25.05,24.03,24.78,11285700,23.842,22.93,23.268,61.705,0.169,-0.147,0.316,22.93,24.601,21.259
2022-08-17,24.51,24.6,23.91,23.96,7213200,24.062,22.943,23.198,54.959,0.203,-0.077,0.28,22.943,24.643,21.243
2022-08-18,24.11,24.2,23.35,23.66,7053100,24.092,22.94,23.12,52.689,0.204,-0.021,0.225,22.94,24.636,21.245
2022-08-19,23.39,23.86,23.23,23.6,8227400,24.04,22.969,23.037,52.224,0.197,0.023,0.175,22.969,24.69,21.248
2022-08-22,23.26,23.28,22.34,22.38,13121400,23.676,22.934,22.958,43.774,0.093,0.037,0.056,22.934,24.673,21.194
2022-08-23,22.44,22.68,22.24,22.32,8362700,23.184,22.949,22.897,43.402,0.005,0.03,-0.026,22.949,24.658,21.241
2022-08-24,22.32,23.04,22.24,22.79,6255900,22.95,22.972,22.887,47.188,-0.027,0.019,-0.046,22.972,24.659,21.284
2022-08-25,22.84,23.65,22.83,23.64,5789400,22.946,23.044,22.897,53.275,0.017,0.019,-0.002,23.044,24.715,21.373
2022-08-26,23.58,23.82,22.69,22.69,12397100,22.764,23.101,22.883,46.784,-0.025,0.01,-0.035,23.101,24.629,21.573
2022-08-29,22.52,22.73,22.16,22.18,6339300,22.724,23.11,22.885,43.706,-0.098,-0.012,-0.086,23.11,24.613,21.606
2022-08-30,22.35,22.44,21.1,21.92,12212100,22.644,23.09,22.876,42.182,-0.175,-0.044,-0.131,23.09,24.646,21.535
2022-08-31,22.0,22.1,21.29,21.31,9959800,22.348,23.015,22.854,38.767,-0.282,-0.092,-0.19,23.015,24.761,21.269
2022-09-01,21.23,21.4,20.89,21.38,9014800,21.896,22.931,22.836,39.374,-0.357,-0.145,-0.212,22.931,24.823,21.039
2022-09-02,21.63,21.68,20.9,21.07,10100400,21.572,22.879,22.81,37.597,-0.437,-0.203,-0.233,22.879,24.918,20.84
2022-09-06,21.09,21.14,20.21,20.87,16381600,21.31,22.774,22.758,36.455,-0.51,-0.265,-0.245,22.774,25.001,20.547
2022-09-07,20.65,21.13,20.6,20.92,9966400,21.11,22.695,22.703,36.971,-0.557,-0.323,-0.234,22.695,25.07,20.32
2022-09-08,20.68,20.87,20.36,20.69,10065200,20.986,22.586,22.651,35.542,-0.607,-0.38,-0.227,22.586,25.122,20.051
2022-09-09,20.9,21.58,20.76,21.56,9158000,21.022,22.489,22.626,44.31,-0.569,-0.418,-0.151,22.489,25.025,19.953
2022-09-12,21.81,22.17,21.76,22.11,7972300,21.23,22.402,22.618,49.03,-0.489,-0.432,-0.057,22.402,24.858,19.945
2022-09-13,21.31,21.48,20.46,20.53,13391200,21.162,22.218,22.569,38.844,-0.547,-0.455,-0.092,22.218,24.657,19.779
2022-09-14,20.59,20.6,19.64,20.19,14941100,21.016,21.988,22.514,37.06,-0.613,-0.487,-0.127,21.988,24.272,19.705
2022-09-15,20.12,21.55,20.12,21.23,14745200,21.124,21.852,22.482,45.332,-0.575,-0.504,-0.071,21.852,23.958,19.746
2022-09-16,21.13,21.43,20.65,20.93,31555800,20.998,21.716,22.429,43.554,-0.563,-0.516,-0.047,21.716,23.677,19.754
2022-09-19,20.95,21.31,20.76,21.28,6730000,20.832,21.6,22.388,46.205,-0.519,-0.516,-0.002,21.6,23.356,19.843
2022-09-20,21.05,21.19,20.67,20.82,7830800,20.89,21.522,22.364,43.325,-0.515,-0.516,0.001,21.522,23.27,19.773
2022-09-21,20.87,20.91,19.7,19.71,8761200,20.794,21.391,22.301,37.285,-0.595,-0.532,-0.063,21.391,23.273,19.509
2022-09-22,19.81,19.98,19.2,19.22,9425900,20.392,21.212,22.23,34.968,-0.689,-0.563,-0.126,21.212,23.21,19.215
2022-09-23,18.66,18.88,18.3,18.58,14644900,19.922,20.96,22.162,32.156,-0.807,-0.612,-0.195,20.96,22.944,18.975
2022-09-26,18.46,18.83,18.09,18.11,12885000,19.288,20.73,22.068,30.234,-0.927,-0.675,-0.252,20.73,22.921,18.54
2022-09-27,18.44,18.75,17.75,17.87,9752500,18.698,20.515,21.979,29.272,-1.03,-0.746,-0.284,20.515,22.94,18.09
2022-09-28,17.83,18.39,17.74,18.26,7789800,18.408,20.332,21.888,33.003,-1.068,-0.81,-0.257,20.332,22.861,17.803
2022-09-29,18.02,18.13,17.32,17.45,12029000,18.054,20.139,21.763,29.52,-1.15,-0.878,-0.271,20.139,22.929,17.349
2022-09-30,17.46,18.18,17.45,17.54,9136300,17.846,19.947,21.639,30.399,-1.194,-0.941,-0.252,19.947,22.901,16.993
2022-10-03,17.84,18.21,17.43,18.07,8446900,17.838,19.797,21.54,35.501,-1.172,-0.987,-0.185,19.797,22.815,16.779
2022-10-04,18.09,18.49,17.88,18.48,10613700,17.96,19.678,21.448,39.213,-1.109,-1.012,-0.098,19.678,22.706,16.649
2022-10-05,18.12,18.15,17.42,18.02,11594800,17.912,19.532,21.368,36.663,-1.084,-1.026,-0.058,19.532,22.588,16.477
2022-10-06,18.01,18.14,17.41,17.62,10672300,17.946,19.379,21.274,34.559,-1.084,-1.038,-0.046,19.379,22.498,16.26
2022-10-07,17.41,17.62,17.03,17.18,9161200,17.874,19.16,21.173,32.359,-1.107,-1.052,-0.055,19.16,22.249,16.071
2022-10-10,17.27,17.43,16.95,17.09,6246900,17.678,18.909,21.084,31.912,-1.119,-1.065,-0.054,18.909,21.798,16.02
2022-10-11,16.95,17.21,16.58,16.8,8786400,17.342,18.722,20.98,30.451,-1.139,-1.08,-0.059,18.722,21.652,15.793
2022-10-12,16.69,17.19,16.51,17.08,6771200,17.154,18.567,20.876,33.611,-1.119,-1.088,-0.032,18.567,21.499,15.635
2022-10-13,16.85,17.74,16.56,17.64,9972800,17.158,18.388,20.772,39.531,-1.046,-1.079,0.033,18.388,21.061,15.714
2022-10-14,17.85,17.9,17.25,17.29,5577000,17.18,18.205,20.657,37.293,-1.005,-1.065,0.059,18.205,20.635,15.776
2022-10-17,17.65,18.08,17.45,17.77,9154000,17.316,18.03,20.57,42.131,-0.923,-1.036,0.113,18.03,19.985,16.075
2022-10-18,18.18,18.28,17.88,18.04,7659400,17.564,17.891,20.471,44.715,-0.827,-0.995,0.167,17.891,19.34,16.442
2022-10-19,18.3,18.5,17.51,17.57,7266600,17.662,17.784,20.373,41.261,-0.78,-0.952,0.172,17.784,18.958,16.61
2022-10-20,17.53,18.03,17.48,17.6,5938700,17.654,17.703,20.267,41.572,-0.732,-0.908,0.176,17.703,18.664,16.742
2022-10-21,17.57,17.85,17.32,17.7,9725000,17.736,17.659,20.151,42.659,-0.677,-0.862,0.184,17.659,18.527,16.791
2022-10-24,17.68,17.83,17.32,17.58,6977900,17.698,17.632,20.026,41.657,-0.637,-0.817,0.18,17.632,18.474,16.791
2022-10-25,17.62,18.17,17.62,18.12,6681400,17.714,17.645,19.904,47.618,-0.555,-0.764,0.21,17.645,18.509,16.781
2022-10-26,18.06,18.49,17.78,17.81,8154700,17.762,17.622,19.765,44.789,-0.509,-0.713,0.204,17.622,18.441,16.804
2022-10-27,17.76,17.86,16.91,16.95,12711200,17.632,17.598,19.624,38.037,-0.535,-0.678,0.142,17.598,18.467,16.728
2022-10-28,17.06,17.55,16.94,17.52,8907300,17.596,17.596,19.502,44.057,-0.505,-0.643,0.138,17.596,18.466,16.727
2022-10-31,16.98,17.22,16.5,16.87,16357100,17.454,17.536,19.367,39.361,-0.527,-0.62,0.093,17.536,18.434,16.639
2022-11-01,17.21,18.05,17.21,17.66,14504100,17.362,17.496,19.273,46.785,-0.475,-0.591,0.116,17.496,18.279,16.712
2022-11-02,15.64,16.48,15.44,15.46,34636100,16.892,17.368,19.135,34.22,-0.605,-0.594,-0.011,17.368,18.533,16.202
2022-11-03,15.47,15.49,14.48,14.93,20763900,16.488,17.233,18.978,31.991,-0.742,-0.623,-0.119,17.233,18.821,15.645
2022-11-04,15.18,15.23,14.08,14.34,16457700,15.852,17.091,18.792,29.674,-0.888,-0.676,-0.212,17.091,19.14,15.042
2022-11-07,14.52,15.1,14.31,15.08,14246800,15.494,16.99,18.64,35.941,-0.933,-0.728,-0.205,16.99,19.228,14.753
2022-11-08,15.1,15.93,15.01,15.27,14945000,15.016,16.914,18.502,37.482,-0.942,-0.77,-0.172,16.914,19.28,14.548
2022-11-09,14.9,15.0,14.28,14.3,14495900,14.784,16.775,18.349,33.105,-1.017,-0.82,-0.197,16.775,19.411,14.139
2022-11-10,14.99,15.8,14.74,15.26,18009100,14.85,16.656,18.228,40.509,-0.987,-0.853,-0.133,16.656,19.342,13.97
2022-11-11,15.33,17.78,15.15,17.32,29935200,15.446,16.658,18.147,52.627,-0.787,-0.84,0.053,16.658,19.345,13.97
2022-11-14,17.1,17.6,16.99,17.03,14656800,15.836,16.62,18.066,51.05,-0.646,-0.801,0.156,16.62,19.263,13.978
2022-11-15,18.25,18.88,17.66,17.9,30421400,16.362,16.614,18.007,55.37,-0.458,-0.732,0.275,16.614,19.241,13.986
2022-11-16,17.77,17.77,16.44,16.71,19353300,16.844,16.571,17.923,49.001,-0.4,-0.666,0.266,16.571,19.16,13.981
2022-11-17,16.39,16.99,15.9,16.96,12968200,17.184,16.538,17.848,50.294,-0.331,-0.599,0.268,16.538,19.09,13.987
2022-11-18,17.29,17.51,17.01,17.19,10379800,17.158,16.513,17.761,51.513,-0.254,-0.53,0.276,16.513,19.026,14.0
2022-11-21,17.19,17.36,16.79,17.06,8575300,17.164,16.487,17.66,50.755,-0.201,-0.464,0.263,16.487,18.964,14.01
2022-11-22,17.11,17.67,16.97,17.63,11642100,17.11,16.462,17.602,53.952,-0.112,-0.394,0.281,16.462,18.88,14.045
2022-11-23,17.6,18.25,17.6,18.11,8468600,17.39,16.478,17.56,56.512,-0.003,-0.316,0.312,16.478,18.934,14.021
2022-11-25,18.05,18.47,18.0,18.34,4850300,17.666,16.547,17.502,57.725,0.101,-0.232,0.333,16.547,19.135,13.959
2022-11-28,18.13,18.26,17.59,17.72,7794400,17.772,16.557,17.438,53.402,0.132,-0.16,0.291,16.557,19.162,13.952
2022-11-29,17.85,18.3,17.76,18.19,8143900,17.998,16.623,17.376,56.087,0.192,-0.089,0.281,16.623,19.327,13.919
2022-11-30,18.19,18.53,17.67,18.49,11839600,18.17,16.664,17.33,57.76,0.261,-0.019,0.28,16.664,19.459,13.87
2022-12-01,18.43,18.83,18.1,18.58,10115200,18.264,16.82,17.307,58.273,0.319,0.048,0.271,16.82,19.68,13.961
2022-12-02,18.39,18.87,18.16,18.77,7513400,18.35,17.012,17.298,59.396,0.376,0.114,0.262,17.012,19.853,14.172
2022-12-05,18.74,18.76,17.8,17.97,11282500,18.4,17.194,17.286,52.938,0.353,0.162,0.191,17.194,19.766,14.622
2022-12-06,17.92,18.2,16.21,16.72,21050800,18.106,17.276,17.258,44.751,0.231,0.175,0.055,17.276,19.663,14.889
2022-12-07,16.58,16.88,16.11,16.59,10483800,17.726,17.342,17.233,43.989,0.122,0.165,-0.043,17.342,19.562,15.122
2022-12-08,16.65,16.9,16.39,16.67,11494600,17.344,17.46,17.201,44.614,0.042,0.14,-0.098,17.46,19.197,15.724
2022-12-09,16.74,17.78,16.6,17.52,13049400,17.094,17.574,17.202,50.885,0.046,0.121,-0.075,17.574,18.968,16.179
2022-12-12,17.4,18.46,17.22,18.12,14828800,17.124,17.614,17.214,54.777,0.097,0.117,-0.019,17.614,19.023,16.204
2022-12-13,18.75,19.27,17.86,18.12,16741500,17.404,17.668,17.215,54.777,0.136,0.12,0.016,17.668,19.067,16.269
2022-12-14,17.93,18.55,17.8,18.05,8312800,17.696,17.676,17.206,54.196,0.159,0.128,0.031,17.676,19.081,16.27
2022-12-15,17.71,17.82,16.44,16.47,17240400,17.656,17.664,17.175,43.086,0.05,0.113,-0.063,17.664,19.107,16.22
2022-12-16,16.45,16.54,15.84,16.14,23845900,17.38,17.623,17.146,41.186,-0.063,0.077,-0.14,17.623,19.192,16.053
2022-12-19,16.08,16.14,15.62,15.78,11286600,16.912,17.552,17.118,39.159,-0.179,0.026,-0.205,17.552,19.317,15.787
2022-12-20,15.7,15.97,15.37,15.74,15489700,16.436,17.486,17.091,38.929,-0.272,-0.034,-0.238,17.486,19.42,15.552
2022-12-21,15.91,16.17,15.67,15.74,9827000,15.974,17.392,17.069,38.929,-0.341,-0.095,-0.246,17.392,19.474,15.309
2022-12-22,15.55,15.83,15.19,15.79,8433800,15.838,17.276,17.044,39.443,-0.387,-0.153,-0.234,17.276,19.446,15.105
2022-12-23,15.49,15.83,15.32,15.53,9685800,15.716,17.135,17.001,37.667,-0.44,-0.211,-0.229,17.135,19.378,14.892
2022-12-27,15.35,15.59,14.98,15.4,8231100,15.64,17.019,16.964,36.776,-0.487,-0.266,-0.221,17.019,19.372,14.666
2022-12-28,15.25,15.5,14.99,15.02,8819200,15.496,16.86,16.909,34.226,-0.548,-0.322,-0.226,16.86,19.307,14.414
2022-12-29,15.24,15.81,15.18,15.64,10443200,15.476,16.718,16.861,41.369,-0.54,-0.366,-0.174,16.718,19.096,14.34
2022-12-30,15.39,15.77,15.31,15.74,9652200,15.466,16.576,16.824,42.455,-0.52,-0.397,-0.123,16.576,18.821,14.331
2023-01-03,16.21,16.5,15.73,15.92,12693300,15.544,16.434,16.79,44.449,-0.484,-0.414,-0.07,16.434,18.442,14.425
2023-01-04,16.22,17.3,15.98,17.25,13236100,15.914,16.398,16.781,56.455,-0.344,-0.4,0.056,16.398,18.313,14.482
2023-01-05,17.06,17.5,16.71,17.4,8568600,16.39,16.432,16.778,57.569,-0.219,-0.364,0.145,16.432,18.395,14.468
2023-01-06,17.53,17.79,17.04,17.74,8439300,16.81,16.489,16.77,60.062,-0.091,-0.309,0.219,16.489,18.537,14.441
2023-01-09,17.87,18.32,17.63,18.23,10371600,17.308,16.567,16.779,63.401,0.05,-0.237,0.287,16.567,18.758,14.376
2023-01-10,18.11,18.61,18.0,18.55,9916200,17.834,16.618,16.811,65.433,0.185,-0.153,0.338,16.618,18.948,14.289
2023-01-11,18.69,18.75,18.16,18.65,11009200,18.114,16.645,16.833,66.067,0.296,-0.063,0.359,16.645,19.057,14.233
2023-01-12,18.83,19.1,18.49,18.86,8381300,18.406,16.682,16.873,67.418,0.397,0.029,0.368,16.682,19.209,14.155
2023-01-13,18.63,18.72,18.38,18.7,7647300,18.598,16.714,16.894,65.285,0.459,0.115,0.344,16.714,19.331,14.098
2023-01-17,18.69,19.45,18.53,19.24,10509800,18.8,16.853,16.969,68.866,0.545,0.201,0.344,16.853,19.698,14.008
2023-01-18,19.3,19.55,18.66,18.67,9207700,18.824,16.979,17.044,61.638,0.561,0.273,0.288,16.979,19.915,14.044
2023-01-19,18.28,18.37,17.87,18.25,9280000,18.744,17.103,17.122,56.899,0.533,0.325,0.208,17.103,20.034,14.172
2023-01-20,18.33,19.0,18.05,18.93,8541200,18.758,17.262,17.199,61.994,0.56,0.372,0.188,17.262,20.228,14.297
2023-01-23,18.99,19.84,18.97,19.73,9105200,18.964,17.462,17.289,66.944,0.638,0.425,0.213,17.462,20.531,14.393
2023-01-24,19.64,19.82,19.41,19.42,5835200,19.0,17.644,17.391,63.493,0.667,0.474,0.194,17.644,20.726,14.561
2023-01-25,19.15,20.55,19.02,20.45,12569900,19.356,17.89,17.495,69.179,0.765,0.532,0.233,17.89,21.046,14.733
2023-01-26,20.63,21.18,20.41,20.89,17152600,19.884,18.164,17.566,71.239,0.868,0.599,0.269,18.164,21.363,14.965
2023-01-27,20.84,21.72,20.7,21.51,12597300,20.4,18.488,17.656,73.889,0.988,0.677,0.311,18.488,21.662,15.315
2023-01-30,21.26,21.59,21.07,21.08,9024100,20.67,18.76,17.719,69.132,1.036,0.749,0.288,18.76,21.837,15.684
2023-01-31,20.68,21.63,20.31,21.59,27171400,21.104,19.053,17.817,71.477,1.103,0.82,0.284,19.053,22.031,16.075
2023-02-01,21.54,22.97,21.4,22.75,16302100,21.564,19.394,17.933,75.952,1.236,0.903,0.333,19.394,22.426,16.363
2023-02-02,23.22,24.18,23.14,23.54,20276500,22.094,19.709,18.06,78.434,1.388,1.0,0.388,19.709,23.088,16.33
2023-02-03,22.93,23.47,22.76,22.94,7279400,22.38,19.986,18.177,72.329,1.444,1.089,0.355,19.986,23.475,16.497
2023-02-06,22.69,22.79,22.26,22.43,8478100,22.65,20.22,18.273,67.519,1.431,1.157,0.274,20.22,23.704,16.737
2023-02-07,22.28,22.37,21.3,21.77,9283200,22.686,20.398,18.347,61.791,1.352,1.196,0.155,20.398,23.815,16.98
2023-02-08,21.75,21.81,20.87,20.9,9786300,22.316,20.515,18.398,55.15,1.205,1.198,0.007,20.515,23.824,17.206
2023-02-09,21.3,21.37,20.2,20.32,10279700,21.672,20.598,18.45,51.199,1.029,1.164,-0.135,20.598,23.792,17.405
2023-02-10,20.05,20.48,19.96,20.13,7748100,21.11,20.662,18.489,49.937,0.865,1.104,-0.239,20.662,23.759,17.565
2023-02-13,20.1,20.81,19.76,20.8,8906700,20.784,20.767,18.535,54.222,0.78,1.04,-0.259,20.767,23.723,17.811
2023-02-14,20.7,20.98,20.25,20.93,7773500,20.616,20.852,18.582,55.026,0.715,0.975,-0.26,20.852,23.719,17.984
2023-02-15,21.4,22.99,21.13,22.88,23919000,21.012,21.062,18.664,64.97,0.812,0.942,-0.131,21.062,23.873,18.251
2023-02-16,20.98,22.76,20.81,21.91,26736800,21.33,21.245,18.743,58.09,0.8,0.914,-0.113,21.245,23.744,18.746
2023-02-17,21.94,22.46,21.77,22.09,18133900,21.722,21.403,18.85,58.958,0.797,0.89,-0.093,21.403,23.676,19.13
2023-02-21,21.57,21.89,21.27,21.38,12343200,21.838,21.486,18.946,54.188,0.729,0.858,-0.129,21.486,23.618,19.353
2023-02-22,21.35,21.98,21.33,21.72,8819900,21.996,21.6,19.047,56.023,0.694,0.825,-0.131,21.6,23.499,19.702
2023-02-23,21.79,22.1,21.28,21.86,10965500,21.792,21.671,19.134,56.79,0.67,0.794,-0.124,21.671,23.493,19.849
2023-02-24,21.12,21.3,20.33,20.79,13419000,21.568,21.666,19.187,49.658,0.558,0.747,-0.189,21.666,23.497,19.835
2023-02-27,20.92,21.17,20.46,20.6,11372000,21.27,21.62,19.237,48.493,0.449,0.687,-0.238,21.62,23.512,19.729
2023-02-28,20.69,20.69,19.78,19.97,13354200,20.988,21.565,19.275,44.745,0.308,0.611,-0.303,21.565,23.584,19.546
2023-03-01,19.96,20.34,19.63,20.25,9925000,20.694,21.498,19.351,46.716,0.216,0.532,-0.316,21.498,23.601,19.395
2023-03-02,20.07,20.86,20.03,20.84,8009100,20.49,21.402,19.445,50.706,0.189,0.464,-0.274,21.402,23.439,19.366
2023-03-03,20.95,21.14,20.83,21.06,7552400,20.544,21.278,19.55,52.145,0.183,0.408,-0.224,21.278,23.052,19.505
2023-03-06,21.31,21.39,20.53,20.55,9241900,20.534,21.159,19.647,48.603,0.136,0.353,-0.217,21.159,22.776,19.542
2023-03-07,20.67,20.79,19.94,20.03,7756800,20.546,21.039,19.732,45.229,0.056,0.294,-0.238,21.039,22.614,19.464
2023-03-08,20.1,20.44,19.81,20.39,7210700,20.574,20.97,19.824,47.924,0.021,0.239,-0.218,20.97,22.531,19.409
2023-03-09,20.34,20.48,19.38,19.45,9073800,20.296,20.898,19.903,42.1,-0.081,0.175,-0.256,20.898,22.601,19.194
2023-03-10,19.27,19.34,18.32,18.55,11895200,19.794,20.809,19.966,37.411,-0.232,0.094,-0.326,20.809,22.799,18.819
2023-03-13,18.22,18.68,17.87,18.09,15789700,19.302,20.707,20.027,35.25,-0.385,-0.002,-0.383,20.707,23.025,18.389
2023-03-14,18.6,18.9,18.04,18.32,10390100,18.96,20.583,20.081,37.203,-0.481,-0.098,-0.384,20.583,23.134,18.032
2023-03-15,17.9,18.49,17.61,18.46,11795700,18.574,20.46,20.135,38.421,-0.54,-0.186,-0.354,20.46,23.174,17.745
2023-03-16,18.27,18.73,18.08,18.62,10474100,18.408,20.246,20.189,39.856,-0.568,-0.263,-0.305,20.246,22.826,17.667
2023-03-17,18.52,18.74,18.37,18.59,28213400,18.416,20.08,20.216,39.669,-0.585,-0.327,-0.258,20.08,22.637,17.524
2023-03-20,18.61,19.04,18.54,18.87,7202400,18.572,19.92,20.245,42.382,-0.57,-0.376,-0.194,19.92,22.345,17.494
2023-03-21,19.31,20.11,19.22,20.05,11417300,18.918,19.853,20.292,52.147,-0.457,-0.392,-0.065,19.853,22.181,17.525
2023-03-22,20.04,20.36,19.52,19.53,8618700,19.132,19.744,20.318,48.265,-0.405,-0.395,-0.011,19.744,21.901,17.586
2023-03-23,19.85,20.23,19.34,19.57,7610500,19.322,19.629,20.338,48.582,-0.357,-0.387,0.03,19.629,21.543,17.715
2023-03-24,19.32,19.38,18.64,19.09,10231600,19.422,19.544,20.347,45.017,-0.353,-0.38,0.027,19.544,21.391,17.697
2023-03-27,19.37,19.8,19.23,19.59,5256700,19.566,19.494,20.361,49.199,-0.306,-0.365,0.059,19.494,21.273,17.714
2023-03-28,21.11,21.46,20.09,20.21,16222600,19.598,19.506,20.392,53.884,-0.216,-0.336,0.119,19.506,21.302,17.709
2023-03-29,20.55,20.58,19.9,20.3,8438700,19.752,19.508,20.413,54.539,-0.136,-0.296,0.159,19.508,21.308,17.708
2023-03-30,20.48,20.6,20.33,20.49,5987300,19.936,19.49,20.449,55.962,-0.057,-0.248,0.191,19.49,21.243,17.738
2023-03-31,20.61,21.09,20.53,21.05,9649700,20.328,19.49,20.505,59.942,0.05,-0.188,0.239,19.49,21.24,17.74
2023-04-03,21.11,21.18,20.38,20.56,11501100,20.522,19.49,20.538,55.238,0.095,-0.132,0.227,19.49,21.242,17.739
2023-04-04,20.61,20.72,20.21,20.39,9940300,20.558,19.508,20.551,53.665,0.115,-0.082,0.197,19.508,21.291,17.726
2023-04-05,20.12,20.2,19.72,19.82,10836400,20.462,19.48,20.559,48.66,0.084,-0.049,0.133,19.48,21.22,17.74
2023-04-06,19.78,20.55,19.55,20.44,8478000,20.452,19.53,20.559,53.716,0.109,-0.017,0.126,19.53,21.322,17.737
2023-04-10,20.29,21.13,20.2,21.05,7208000,20.452,19.654,20.562,58.089,0.175,0.021,0.154,19.654,21.507,17.802
2023-04-11,21.19,22.15,21.15,21.59,13385900,20.658,19.83,20.564,61.553,0.268,0.071,0.198,19.83,21.721,17.938
2023-04-12,21.9,22.01,20.85,20.88,10768900,20.756,19.958,20.56,55.105,0.281,0.113,0.169,19.958,21.763,18.152
2023-04-13,20.84,21.18,20.72,20.89,9708500,20.97,20.079,20.546,55.176,0.289,0.148,0.141,20.079,21.784,18.374
2023-04-14,20.87,20.97,20.05,20.37,8089200,20.956,20.166,20.498,50.675,0.251,0.169,0.082,20.166,21.73,18.603
2023-04-17,20.48,20.94,20.37,20.84,6431900,20.914,20.279,20.444,54.303,0.255,0.186,0.069,20.279,21.681,18.877
2023-04-18,20.87,20.97,20.43,20.59,5583100,20.714,20.365,20.397,52.107,0.236,0.196,0.04,20.365,21.604,19.126
2023-04-19,20.34,21.5,20.16,21.29,10613400,20.796,20.427,20.374,57.313,0.274,0.212,0.062,20.427,21.723,19.131
2023-04-20,20.88,21.21,20.76,20.9,8104200,20.798,20.496,20.357,53.804,0.27,0.223,0.046,20.496,21.735,19.256
2023-04-21,20.9,21.3,20.64,21.26,7918700,20.976,20.58,20.364,56.454,0.292,0.237,0.055,20.58,21.784,19.376
2023-04-24,21.3,21.54,20.93,21.31,8892800,21.07,20.691,20.384,56.825,0.31,0.251,0.058,20.691,21.712,19.67
2023-04-25,21.07,21.19,20.64,20.73,9405900,21.098,20.748,20.396,51.366,0.274,0.256,0.018,20.748,21.628,19.868
2023-04-26,20.85,21.02,20.4,20.43,5664000,20.926,20.759,20.388,48.756,0.219,0.249,-0.03,20.759,21.616,19.902
2023-04-27,20.75,21.89,20.61,21.78,11427300,21.102,20.833,20.405,58.879,0.281,0.255,0.026,20.833,21.774,19.892
2023-04-28,21.7,22.27,21.37,22.02,9519100,21.254,20.91,20.388,60.377,0.346,0.273,0.072,20.91,21.974,19.845
2023-05-01,22.04,22.65,21.94,22.12,9924400,21.416,20.963,20.392,61.015,0.4,0.299,0.102,20.963,22.157,19.769
2023-05-02,21.87,21.94,21.42,21.7,11174600,21.61,21.02,20.385,56.876,0.405,0.32,0.085,21.02,22.241,19.799
2023-05-03,21.68,22.14,21.5,21.6,11986000,21.844,21.08,20.389,55.904,0.396,0.335,0.061,21.08,22.29,19.871
2023-05-04,17.85,17.97,15.47,15.48,72171000,20.584,20.864,20.264,26.286,-0.103,0.247,-0.351,20.864,23.608,18.119
2023-05-05,16.02,16.37,14.89,15.91,52342100,19.362,20.637,20.145,29.127,-0.459,0.106,-0.566,20.637,24.165,17.109
2023-05-08,16.02,16.14,15.37,16.03,18853400,18.144,20.386,20.05,29.939,-0.724,-0.06,-0.664,20.386,24.462,16.31
2023-05-09,15.85,16.14,15.56,15.6,14977700,16.924,20.086,19.95,28.672,-0.957,-0.239,-0.717,20.086,24.642,15.531
2023-05-10,15.67,15.7,14.68,14.96,18320700,15.596,19.79,19.85,26.85,-1.179,-0.427,-0.752,19.79,24.868,14.713
2023-05-11,14.72,14.79,14.31,14.51,19051700,15.402,19.472,19.735,25.618,-1.376,-0.617,-0.759,19.472,25.037,13.906
2023-05-12,14.49,14.63,14.08,14.17,14403600,15.054,19.162,19.602,24.696,-1.542,-0.802,-0.74,19.162,25.188,13.135
2023-05-15,14.34,14.92,14.16,14.92,14599700,14.832,18.866,19.479,30.628,-1.594,-0.96,-0.634,18.866,25.122,12.609
2023-05-16,14.84,14.84,14.09,14.11,16927600,14.534,18.542,19.35,28.058,-1.682,-1.105,-0.577,18.542,25.086,11.997
2023-05-17,14.21,14.81,14.04,14.69,15776200,14.48,18.211,19.243,32.431,-1.685,-1.221,-0.464,18.211,24.838,11.585
2023-05-18,14.78,15.21,14.58,14.83,17445700,14.544,17.908,19.132,33.482,-1.657,-1.308,-0.349,17.908,24.572,11.244
2023-05-19,14.81,14.84,14.28,14.32,11065700,14.574,17.561,19.029,31.556,-1.657,-1.378,-0.279,17.561,24.212,10.91
2023-05-22,14.34,14.36,13.93,14.15,18178400,14.42,17.203,18.941,30.918,-1.652,-1.433,-0.219,17.203,23.775,10.631
2023-05-23,14.19,14.67,14.05,14.08,19687400,14.414,16.87,18.861,30.643,-1.634,-1.473,-0.161,16.87,23.364,10.377
2023-05-24,13.86,13.98,13.53,13.82,24032100,14.24,16.54,18.771,29.591,-1.623,-1.503,-0.12,16.54,22.943,10.137
2023-05-25,13.65,13.72,13.02,13.29,28822700,13.932,16.116,18.668,27.516,-1.637,-1.53,-0.108,16.116,22.172,10.059
2023-05-26,14.28,14.33,13.78,14.07,26299800,13.882,15.718,18.577,34.764,-1.568,-1.537,-0.031,15.718,21.154,10.282
2023-05-30,14.31,15.02,14.23,14.97,26061500,14.046,15.361,18.504,41.975,-1.424,-1.515,0.091,15.361,19.889,10.832
2023-05-31,14.88,14.88,14.34,14.35,46194200,14.1,14.993,18.414,38.794,-1.345,-1.481,0.136,14.993,18.412,11.574
2023-06-01,14.49,14.8,14.09,14.52,11966100,14.24,14.639,18.303,40.133,-1.253,-1.435,0.182,14.639,16.06,13.218
2023-06-02,14.77,15.01,14.51,14.53,12417900,14.488,14.592,18.203,40.216,-1.167,-1.382,0.215,14.592,15.957,13.226
2023-06-05,14.43,14.67,14.16,14.28,12354500,14.53,14.51,18.098,38.771,-1.106,-1.326,0.221,14.51,15.731,13.289
2023-06-06,14.19,15.17,14.16,14.9,12253400,14.516,14.454,18.014,44.133,-0.996,-1.26,0.265,14.454,15.465,13.442
2023-06-07,14.94,16.22,14.87,15.48,28373600,14.742,14.448,17.932,48.663,-0.852,-1.179,0.327,14.448,15.431,13.464
2023-06-08,15.48,15.87,15.1,15.65,14195600,14.968,14.482,17.84,49.944,-0.716,-1.086,0.37,14.482,15.583,13.381
2023-06-09,15.59,15.68,15.02,15.19,13686200,15.1,14.516,17.738,46.558,-0.638,-0.996,0.358,14.516,15.661,13.371
2023-06-12,15.36,15.95,15.29,15.58,11436300,15.36,14.586,17.64,49.673,-0.538,-0.905,0.366,14.586,15.813,13.36
2023-06-13,15.68,15.94,15.63,15.68,9224900,15.516,14.625,17.533,50.47,-0.446,-0.813,0.367,14.625,15.938,13.311
2023-06-14,15.75,16.22,15.51,15.71,10376300,15.562,14.705,17.436,50.722,-0.367,-0.724,0.357,14.705,16.08,13.329
2023-06-15,15.56,15.92,15.33,15.65,10109400,15.562,14.753,17.341,50.172,-0.305,-0.64,0.335,14.753,16.191,13.314
2023-06-16,15.75,15.75,15.28,15.41,13016000,15.606,14.782,17.253,47.933,-0.272,-0.567,0.294,14.782,16.25,13.313
2023-06-20,15.25,15.33,14.81,14.83,11601200,15.456,14.807,17.14,42.944,-0.29,-0.511,0.221,14.807,16.259,13.355
2023-06-21,14.72,15.48,14.67,14.9,20746300,15.3,14.844,17.017,43.705,-0.295,-0.468,0.173,14.844,16.264,13.425
2023-06-22,14.89,14.91,14.54,14.72,10108700,15.102,14.877,16.88,42.147,-0.31,-0.436,0.127,14.877,16.251,13.502
2023-06-23,14.53,14.83,14.51,14.54,8522300,14.88,14.912,16.753,40.589,-0.332,-0.415,0.083,14.912,16.206,13.619
2023-06-26,14.59,14.89,14.47,14.74,9242600,14.746,14.985,16.63,43.106,-0.33,-0.398,0.068,14.985,16.036,13.934
2023-06-27,14.74,15.19,14.51,15.03,11224900,14.786,15.033,16.523,46.636,-0.301,-0.379,0.078,15.033,15.991,14.075
2023-06-28,14.86,14.91,14.68,14.9,7278900,14.786,15.029,16.405,45.28,-0.286,-0.36,0.074,15.029,15.989,14.07
2023-06-29,14.83,15.33,14.79,15.14,9163000,14.87,15.069,16.296,48.271,-0.251,-0.338,0.087,15.069,15.974,14.164
2023-06-30,15.25,15.33,15.04,15.06,8376700,14.974,15.096,16.171,47.342,-0.228,-0.316,0.089,15.096,15.964,14.228
2023-07-03,15.06,15.47,15.04,15.45,5382900,15.116,15.142,16.062,52.173,-0.176,-0.288,0.113,15.142,15.981,14.303
2023-07-05,15.15,15.5,14.8,15.29,9928100,15.168,15.192,15.943,50.141,-0.146,-0.26,0.114,15.192,15.928,14.457
2023-07-06,15.01,15.63,14.97,15.59,9911500,15.306,15.227,15.828,53.777,-0.096,-0.227,0.131,15.227,15.969,14.485
2023-07-07,15.16,15.81,14.96,15.42,12992100,15.362,15.224,15.722,51.486,-0.07,-0.196,0.125,15.224,15.962,14.486
2023-07-10,15.38,15.76,15.28,15.37,11417800,15.424,15.21,15.621,50.8,-0.053,-0.167,0.114,15.21,15.925,14.495
2023-07-11,15.45,16.11,15.41,15.93,9404800,15.52,15.247,15.504,57.609,0.006,-0.133,0.138,15.247,16.031,14.463
2023-07-12,16.17,16.27,15.63,15.66,13612500,15.594,15.251,15.377,53.747,0.03,-0.1,0.13,15.251,16.043,14.459
2023-07-13,15.73,16.04,15.49,15.92,11985900,15.66,15.263,15.253,56.753,0.07,-0.066,0.136,15.263,16.088,14.438
2023-07-14,15.83,15.87,15.01,15.11,16266200,15.598,15.233,15.121,46.592,0.035,-0.046,0.081,15.233,16.033,14.433
2023-07-17,14.86,14.88,14.38,14.54,18671400,15.432,15.178,14.98,41.026,-0.038,-0.044,0.007,15.178,16.009,14.346
2023-07-18,14.51,15.1,14.4,14.69,12672900,15.184,15.141,14.964,42.957,-0.082,-0.052,-0.03,15.141,15.993,14.29
2023-07-19,14.73,15.62,14.73,15.18,12852000,15.088,15.159,14.949,48.85,-0.077,-0.057,-0.02,15.159,15.998,14.32
2023-07-20,14.99,15.25,14.85,15.05,7502300,14.914,15.167,14.93,47.45,-0.083,-0.062,-0.021,15.167,15.998,14.335
2023-07-21,15.09,15.15,14.58,14.69,12118100,14.83,15.165,14.911,43.712,-0.115,-0.073,-0.042,15.165,16.0,14.33
2023-07-24,14.74,14.91,14.55,14.65,8893300,14.852,15.17,14.905,43.304,-0.142,-0.086,-0.055,15.17,15.99,14.351
2023-07-25,14.67,14.75,14.29,14.29,9463900,14.772,15.148,14.901,39.71,-0.19,-0.107,-0.083,15.148,16.039,14.257
2023-07-26,14.34,14.66,14.33,14.66,7211300,14.668,15.129,14.911,44.782,-0.196,-0.125,-0.071,15.129,16.046,14.213
2023-07-27,14.81,14.84,14.18,14.24,10479500,14.506,15.096,14.897,40.606,-0.233,-0.147,-0.086,15.096,16.091,14.102
2023-07-28,14.53,14.65,14.4,14.51,7631700,14.47,15.065,14.905,44.208,-0.237,-0.165,-0.072,15.065,16.094,14.036
2023-07-31,14.65,15.37,14.6,15.17,12208100,14.574,15.07,14.915,51.889,-0.184,-0.169,-0.016,15.07,16.1,14.041
2023-08-01,15.19,15.29,14.96,15.2,8947300,14.756,15.058,14.922,52.211,-0.139,-0.163,0.024,15.058,16.074,14.042
2023-08-02,15.0,15.18,14.7,14.72,9222900,14.768,15.03,14.93,46.812,-0.14,-0.158,0.018,15.03,16.05,14.009
2023-08-03,14.61,14.62,14.06,14.28,12955400,14.776,14.964,14.933,42.475,-0.175,-0.161,-0.013,14.964,16.001,13.927
2023-08-04,14.39,15.05,14.36,14.8,11777400,14.834,14.933,14.947,48.542,-0.158,-0.161,0.003,14.933,15.95,13.916
2023-08-07,14.88,15.38,14.86,15.23,20930100,14.846,14.926,14.975,52.96,-0.109,-0.15,0.041,14.926,15.932,13.92
2023-08-08,15.49,15.64,14.55,15.48,22037000,14.902,14.904,15.019,55.359,-0.05,-0.13,0.081,14.904,15.832,13.975
2023-08-09,15.43,15.57,14.76,14.79,10864200,14.916,14.86,15.033,48.071,-0.057,-0.116,0.058,14.86,15.718,14.002
2023-08-10,14.86,15.13,14.59,14.64,10570500,14.988,14.796,15.027,46.633,-0.075,-0.108,0.033,14.796,15.498,14.094
2023-08-11,14.51,14.61,14.32,14.45,9845400,14.918,14.763,15.029,44.806,-0.103,-0.107,0.004,14.763,15.465,14.061
2023-08-14,14.24,14.37,13.83,14.13,14998800,14.698,14.742,15.021,41.832,-0.149,-0.115,-0.034,14.742,15.494,13.991
2023-08-15,13.97,14.65,13.84,14.55,10156700,14.512,14.735,15.021,46.821,-0.15,-0.122,-0.028,14.735,15.492,13.979
2023-08-16,14.46,14.57,14.11,14.19,7086300,14.392,14.686,15.02,43.386,-0.178,-0.133,-0.045,14.686,15.449,13.923
2023-08-17,14.03,14.22,13.75,13.77,13194400,14.218,14.622,14.997,39.725,-0.231,-0.153,-0.078,14.622,15.467,13.777
2023-08-18,13.71,14.04,13.66,14.02,8817700,14.132,14.588,14.968,42.818,-0.25,-0.172,-0.078,14.588,15.474,13.703
2023-08-21,13.99,14.02,13.73,13.86,7215600,14.078,14.549,14.932,41.355,-0.275,-0.193,-0.082,14.549,15.492,13.606
2023-08-22,13.86,13.97,13.72,13.76,6447100,13.92,14.522,14.903,40.426,-0.3,-0.214,-0.085,14.522,15.524,13.521
2023-08-23,13.73,14.22,13.64,14.2,7547600,13.922,14.5,14.876,46.16,-0.28,-0.227,-0.053,14.5,15.509,13.49
2023-08-24,14.09,14.25,13.85,13.94,5919700,13.956,14.484,14.841,43.496,-0.282,-0.238,-0.044,14.484,15.519,13.45
2023-08-25,13.95,14.1,13.65,13.67,7713500,13.886,14.442,14.8,40.858,-0.303,-0.251,-0.051,14.442,15.539,13.346
2023-08-28,13.78,14.03,13.73,13.95,7048800,13.904,14.381,14.766,44.609,-0.293,-0.259,-0.033,14.381,15.442,13.321
2023-08-29,14.02,14.18,13.89,14.16,6560900,13.984,14.33,14.741,47.308,-0.265,-0.261,-0.004,14.33,15.321,13.338
2023-08-30,14.27,14.47,14.05,14.29,6440300,14.002,14.308,14.73,48.966,-0.229,-0.254,0.025,14.308,15.283,13.333
2023-08-31,14.32,14.51,14.25,14.28,6727400,14.07,14.308,14.718,48.839,-0.2,-0.243,0.043,14.308,15.283,13.333
2023-09-01,13.91,13.94,12.89,12.92,32745300,13.92,14.214,14.682,35.371,-0.283,-0.251,-0.032,14.214,15.34,13.088
2023-09-05,12.87,13.3,12.76,12.92,12582600,13.714,14.098,14.65,35.371,-0.345,-0.27,-0.075,14.098,15.259,12.938
2023-09-06,12.81,12.85,12.59,12.68,15497300,13.418,13.958,14.608,33.482,-0.409,-0.298,-0.111,13.958,15.092,12.825
2023-09-07,12.55,12.58,12.15,12.32,20686600,13.024,13.835,14.554,30.822,-0.483,-0.335,-0.148,13.835,15.116,12.554
2023-09-08,12.32,12.99,12.32,12.93,13775600,12.754,13.75,14.515,39.581,-0.487,-0.365,-0.121,13.75,15.033,12.466
2023-09-11,13.02,13.69,12.71,12.83,19227900,12.736,13.668,14.469,38.715,-0.492,-0.391,-0.101,13.668,14.97,12.367
2023-09-12,12.89,13.06,12.65,12.79,10494400,12.71,13.602,14.423,38.354,-0.494,-0.411,-0.083,13.602,14.94,12.263
2023-09-13,12.91,13.02,12.52,12.66,10485800,12.706,13.507,14.367,37.141,-0.5,-0.429,-0.071,13.507,14.83,12.184
2023-09-14,12.88,13.2,12.86,13.1,9988800,12.862,13.452,14.324,43.638,-0.464,-0.436,-0.028,13.452,14.747,12.158
2023-09-15,13.1,13.84,13.05,13.36,18420100,12.948,13.432,14.279,47.116,-0.41,-0.431,0.021,13.432,14.718,12.146
2023-09-18,13.29,13.33,12.8,12.92,9015800,12.966,13.377,14.229,42.353,-0.398,-0.424,0.026,13.377,14.651,12.103
2023-09-19,12.88,13.04,12.84,12.92,6225600,12.992,13.33,14.18,42.353,-0.384,-0.416,0.032,13.33,14.599,12.061
2023-09-20,13.02,13.03,12.56,12.58,7217200,12.976,13.271,14.113,38.834,-0.396,-0.412,0.016,13.271,14.565,11.977
2023-09-21,12.67,12.98,12.62,12.64,9280500,12.884,13.193,14.053,39.785,-0.396,-0.409,0.013,13.193,14.438,11.948
2023-09-22,12.72,12.94,11.93,12.01,20955900,12.614,13.096,13.974,33.838,-0.441,-0.415,-0.026,13.096,14.396,11.797
2023-09-25,12.1,12.1,11.6,12.03,16022300,12.436,13.015,13.913,34.174,-0.47,-0.426,-0.044,13.015,14.368,11.661
2023-09-26,11.85,12.13,11.81,11.84,9873900,12.22,12.909,13.859,32.484,-0.503,-0.442,-0.062,12.909,14.284,11.534
2023-09-27,11.91,12.27,11.86,12.14,9315700,12.132,12.808,13.808,37.721,-0.499,-0.453,-0.046,12.808,14.09,11.526
2023-09-28,12.11,12.3,12.03,12.18,6734000,12.04,12.702,13.748,38.407,-0.487,-0.46,-0.027,12.702,13.805,11.6
2023-09-29,12.24,12.47,12.13,12.26,8590300,12.09,12.602,13.692,39.834,-0.466,-0.461,-0.005,12.602,13.432,11.771
2023-10-02,12.15,12.25,11.81,11.96,7348000,12.076,12.554,13.637,36.425,-0.467,-0.462,-0.005,12.554,13.417,11.69
2023-10-03,11.82,12.02,11.38,11.39,17170700,11.986,12.477,13.572,30.998,-0.509,-0.472,-0.037,12.477,13.466,11.488
2023-10-04,11.5,11.51,11.11,11.24,12779100,11.806,12.405,13.511,29.742,-0.548,-0.487,-0.061,12.405,13.532,11.278
2023-10-05,11.18,11.3,10.91,11.09,12905300,11.588,12.344,13.44,28.498,-0.584,-0.506,-0.078,12.344,13.615,11.072
2023-10-06,10.98,11.39,10.82,11.23,11786000,11.382,12.258,13.38,31.382,-0.594,-0.524,-0.07,12.258,13.591,10.926
2023-10-09,11.07,11.38,10.82,11.36,9989000,11.262,12.185,13.317,34.042,-0.585,-0.536,-0.049,12.185,13.546,10.824
2023-10-10,11.32,11.87,11.32,11.81,8911300,11.346,12.136,13.249,42.37,-0.536,-0.536,0.0,12.136,13.476,10.796
2023-10-11,11.83,11.99,11.45,11.53,7185300,11.404,12.08,13.176,39.065,-0.513,-0.532,0.018,12.08,13.422,10.737
2023-10-12,11.5,11.53,11.02,11.15,8953900,11.416,11.982,13.105,35.067,-0.52,-0.529,0.009,11.982,13.295,10.669
2023-10-13,11.15,11.41,11.13,11.31,8957500,11.432,11.88,13.045,37.947,-0.507,-0.525,0.018,11.88,13.052,10.707
2023-10-16,11.36,11.72,11.2,11.65,9516500,11.49,11.816,12.982,43.664,-0.463,-0.512,0.049,11.816,12.884,10.748
2023-10-17,11.53,11.98,11.53,11.84,7986600,11.496,11.762,12.914,46.624,-0.409,-0.492,0.083,11.762,12.696,10.828
2023-10-18,11.72,11.78,11.55,11.58,6197000,11.506,11.712,12.836,43.273,-0.382,-0.47,0.088,11.712,12.565,10.859
2023-10-19,11.67,11.69,11.17,11.19,11896000,11.514,11.64,12.764,38.773,-0.388,-0.453,0.065,11.64,12.402,10.877
2023-10-20,11.12,11.32,10.91,10.93,9714800,11.438,11.586,12.69,36.079,-0.409,-0.445,0.035,11.586,12.39,10.781
2023-10-23,10.82,10.93,10.52,10.63,13490700,11.234,11.516,12.614,33.211,-0.445,-0.445,-0.0,11.516,12.397,10.634
2023-10-24,10.71,10.96,10.55,10.59,13659000,10.984,11.453,12.543,32.836,-0.471,-0.45,-0.021,11.453,12.411,10.495
2023-10-25,10.54,10.71,10.35,10.39,12903900,10.746,11.366,12.46,30.956,-0.502,-0.46,-0.042,11.366,12.378,10.353
2023-10-26,10.4,10.51,10.1,10.36,12000800,10.58,11.274,12.383,30.672,-0.523,-0.473,-0.05,11.274,12.306,10.243
2023-10-27,10.36,10.45,10.11,10.17,11126900,10.428,11.17,12.311,28.867,-0.549,-0.488,-0.061,11.17,12.204,10.136
2023-10-30,10.22,10.56,10.2,10.45,13337400,10.392,11.094,12.24,34.943,-0.54,-0.498,-0.042,11.094,12.106,10.083
2023-10-31,10.51,10.57,10.28,10.34,15194100,10.342,11.042,12.169,33.724,-0.536,-0.506,-0.03,11.042,12.097,9.987
2023-11-01,10.19,10.27,9.99,10.26,16678200,10.316,10.993,12.099,32.827,-0.533,-0.511,-0.022,10.993,12.099,9.887
2023-11-02,10.52,11.34,10.49,11.33,23944800,10.51,11.005,12.042,51.43,-0.439,-0.497,0.058,11.005,12.121,9.889
2023-11-03,12.3,13.12,12.21,13.07,31936400,11.09,11.097,12.025,67.293,-0.222,-0.442,0.22,11.097,12.545,9.649
2023-11-06,12.44,12.75,11.82,12.06,22297000,11.412,11.132,11.992,55.884,-0.13,-0.38,0.25,11.132,12.639,9.625
2023-11-07,11.99,12.3,11.88,12.2,12593400,11.784,11.151,11.957,56.973,-0.045,-0.313,0.268,11.151,12.705,9.598
2023-11-08,11.62,11.68,10.98,11.23,24142800,11.978,11.137,11.899,48.111,-0.056,-0.261,0.206,11.137,12.68,9.593
2023-11-09,11.56,11.75,11.22,11.53,18170000,12.018,11.156,11.844,50.667,-0.039,-0.217,0.178,11.156,12.709,9.602
2023-11-10,11.57,11.62,11.29,11.5,9588600,11.704,11.165,11.788,50.4,-0.028,-0.179,0.151,11.165,12.725,9.605
2023-11-13,11.44,11.64,11.32,11.4,8205800,11.572,11.152,11.758,49.463,-0.027,-0.149,0.121,11.152,12.7,9.605
2023-11-14,11.92,12.57,11.84,11.9,16142300,11.512,11.156,11.737,54.061,0.014,-0.116,0.13,11.156,12.709,9.602
2023-11-15,11.92,12.58,11.92,12.51,11573500,11.768,11.202,11.734,58.966,0.094,-0.074,0.168,11.202,12.861,9.543
2023-11-16,12.49,12.64,11.82,12.12,12066000,11.886,11.248,11.73,54.928,0.125,-0.034,0.159,11.248,12.958,9.539
2023-11-17,12.26,12.63,12.16,12.53,9407700,12.092,11.328,11.722,58.171,0.181,0.009,0.172,11.328,13.123,9.534
2023-11-20,12.76,13.55,12.58,13.24,21637600,12.46,11.459,11.73,63.12,0.279,0.063,0.216,11.459,13.412,9.506
2023-11-21,13.06,13.42,12.95,13.36,16462800,12.752,11.598,11.741,63.897,0.362,0.122,0.239,11.598,13.68,9.515
2023-11-22,13.49,13.53,13.35,13.45,15799100,12.94,11.75,11.757,64.502,0.43,0.184,0.246,11.75,13.907,9.594
2023-11-24,13.49,13.59,13.41,13.5,3299700,13.216,11.908,11.765,64.854,0.483,0.244,0.239,11.908,14.095,9.72
2023-11-27,13.34,13.5,13.17,13.44,7085400,13.398,12.071,11.767,64.033,0.514,0.298,0.216,12.071,14.2,9.942
2023-11-28,13.44,13.5,13.11,13.22,11999500,13.394,12.21,11.773,60.986,0.514,0.341,0.173,12.21,14.253,10.166
2023-11-29,13.37,13.73,13.29,13.69,10677500,13.46,12.377,11.788,64.836,0.547,0.382,0.165,12.377,14.322,10.432
2023-11-30,13.73,13.77,13.52,13.65,13241500,13.5,12.546,11.81,64.255,0.563,0.418,0.144,12.546,14.296,10.797
2023-12-01,14.06,15.02,13.7,14.99,30992200,13.798,12.73,11.857,72.989,0.675,0.47,0.206,12.73,14.695,10.764
2023-12-04,14.96,15.21,14.72,15.15,13153200,14.14,12.834,11.919,73.812,0.769,0.53,0.239,12.834,15.076,10.591
2023-12-05,15.02,15.08,14.59,14.74,12367500,14.444,12.968,11.974,68.088,0.801,0.584,0.217,12.968,15.332,10.603
2023-12-06,14.78,14.97,14.43,14.46,9695600,14.598,13.08,12.026,64.414,0.794,0.626,0.168,13.08,15.506,10.655
2023-12-07,14.49,14.58,14.21,14.28,9889100,14.724,13.233,12.069,62.095,0.766,0.654,0.112,13.233,15.55,10.916
2023-12-08,14.96,16.4,14.94,16.01,49773400,14.928,13.457,12.145,72.387,0.873,0.698,0.175,13.457,15.941,10.973
2023-12-11,16.52,16.63,15.32,15.43,26904100,14.984,13.654,12.209,65.924,0.9,0.738,0.162,13.654,16.107,11.2
2023-12-12,15.41,15.47,14.47,14.51,19420900,14.938,13.809,12.26,57.2,0.838,0.758,0.08,13.809,16.046,11.572
2023-12-13,14.31,15.09,13.94,14.95,26230000,15.036,13.961,12.331,59.931,0.815,0.77,0.046,13.961,16.062,11.861
2023-12-14,15.4,16.04,15.4,15.93,20096000,15.366,14.132,12.425,65.25,0.866,0.789,0.077,14.132,16.291,11.974
2023-12-15,15.81,15.85,15.23,15.51,24281300,15.266,14.302,12.513,61.483,0.862,0.803,0.059,14.302,16.323,12.281
2023-12-18,15.32,15.54,14.73,14.78,14119800,15.136,14.414,12.584,55.488,0.791,0.801,-0.01,14.414,16.264,12.565
2023-12-19,14.82,15.18,14.68,15.08,14748900,15.25,14.506,12.659,57.329,0.751,0.791,-0.04,14.506,16.292,12.721
2023-12-20,15.26,15.52,14.46,14.77,36752800,15.214,14.577,12.718,54.806,0.686,0.77,-0.084,14.577,16.281,12.873
2023-12-21,14.5,14.77,14.1,14.36,30003100,14.9,14.622,12.774,51.573,0.594,0.735,-0.141,14.622,16.247,12.998
2023-12-22,14.4,14.58,14.25,14.3,17819000,14.658,14.662,12.837,51.098,0.511,0.69,-0.179,14.662,16.208,13.117
2023-12-26,14.3,14.44,14.19,14.32,12556500,14.566,14.706,12.898,51.259,0.442,0.64,-0.199,14.706,16.152,13.261
2023-12-27,14.28,14.3,14.03,14.29,9116200,14.408,14.76,12.95,50.988,0.38,0.588,-0.209,14.76,16.044,13.476
2023-12-28,14.28,14.66,14.2,14.44,21671700,14.342,14.798,13.002,52.347,0.339,0.538,-0.199,14.798,15.991,13.604
2023-12-29,14.3,14.44,14.06,14.1,12177900,14.29,14.82,13.053,49.029,0.276,0.486,-0.21,14.82,15.937,13.703
2024-01-02,14.0,14.06,13.67,13.73,14285900,14.176,14.757,13.104,45.639,0.194,0.427,-0.234,14.757,15.971,13.543
2024-01-03,13.47,13.65,13.13,13.53,14447400,14.018,14.676,13.156,43.873,0.112,0.364,-0.253,14.676,15.992,13.36
2024-01-04,13.53,13.85,13.35,13.81,10727600,13.922,14.63,13.219,46.967,0.068,0.305,-0.237,14.63,16.0,13.259
2024-01-05,13.72,14.34,13.64,13.96,12739800,13.826,14.604,13.287,48.601,0.045,0.253,-0.208,14.604,16.006,13.203
2024-01-08,13.88,14.26,13.8,14.0,12360800,13.806,14.59,13.359,49.052,0.03,0.208,-0.179,14.59,16.011,13.17
2024-01-09,13.85,13.88,13.53,13.56,10562000,13.772,14.468,13.423,44.434,-0.018,0.163,-0.181,14.468,15.793,13.143
2024-01-10,13.47,13.88,13.27,13.46,21357300,13.758,14.369,13.489,43.433,-0.062,0.118,-0.181,14.369,15.686,13.053
2024-01-11,13.23,13.25,12.54,12.72,19492100,13.54,14.28,13.534,36.823,-0.156,0.063,-0.219,14.28,15.786,12.774
2024-01-12,12.69,13.03,12.62,12.71,12371300,13.29,14.168,13.581,36.742,-0.228,0.005,-0.233,14.168,15.793,12.543
2024-01-16,12.57,12.88,12.51,12.61,11028800,13.012,14.002,13.628,35.888,-0.29,-0.054,-0.236,14.002,15.545,12.459
2024-01-17,12.47,12.58,12.24,12.39,10282900,12.778,13.846,13.65,34.014,-0.353,-0.114,-0.239,13.846,15.378,12.314
2024-01-18,12.52,12.57,12.31,12.5,7927900,12.586,13.732,13.638,35.818,-0.389,-0.169,-0.22,13.732,15.31,12.154
2024-01-19,12.44,12.83,12.26,12.77,13799700,12.596,13.616,13.652,40.144,-0.392,-0.214,-0.178,13.616,15.115,12.118
2024-01-22,12.8,13.39,12.78,13.11,11615900,12.676,13.534,13.671,45.156,-0.362,-0.243,-0.119,13.534,14.944,12.123
2024-01-23,13.25,13.33,13.01,13.04,9361500,12.762,13.468,13.707,44.333,-0.341,-0.263,-0.078,13.468,14.839,12.096
2024-01-24,13.17,13.18,12.47,12.73,17391900,12.83,13.389,13.731,40.787,-0.345,-0.279,-0.065,13.389,14.739,12.039
2024-01-25,13.31,13.85,12.86,13.31,30678900,12.992,13.338,13.767,49.006,-0.297,-0.283,-0.015,13.338,14.615,12.062
2024-01-26,13.33,13.35,13.09,13.15,8992600,13.068,13.282,13.802,47.065,-0.27,-0.28,0.01,13.282,14.479,12.084
2024-01-29,13.11,13.19,12.83,13.11,8470100,13.068,13.215,13.826,46.568,-0.248,-0.274,0.026,13.215,14.282,12.148
2024-01-30,12.92,13.26,12.86,13.04,8704100,13.068,13.162,13.837,45.661,-0.234,-0.266,0.032,13.162,14.146,12.178
2024-01-31,14.93,14.96,13.89,13.91,71655800,13.304,13.171,13.873,56.905,-0.151,-0.243,0.092,13.171,14.18,12.162
2024-02-01,14.2,14.3,13.75,13.99,16944300,13.44,13.194,13.902,57.77,-0.078,-0.21,0.132,13.194,14.257,12.131
2024-02-02,13.84,13.87,13.59,13.75,14524400,13.56,13.191,13.912,54.251,-0.039,-0.176,0.137,13.191,14.247,12.135
2024-02-05,13.68,13.71,13.24,13.36,13217600,13.61,13.161,13.912,49.024,-0.039,-0.148,0.11,13.161,14.157,12.165
2024-02-06,13.34,13.51,13.28,13.33,11769800,13.668,13.128,13.91,48.636,-0.041,-0.127,0.086,13.128,14.047,12.208
2024-02-07,13.25,13.26,12.2,12.25,27707100,13.336,13.062,13.885,37.213,-0.128,-0.127,-0.001,13.062,14.037,12.087
2024-02-08,12.39,12.52,12.07,12.4,12737800,13.018,13.009,13.864,39.344,-0.183,-0.138,-0.045,13.009,14.008,12.01
2024-02-09,12.45,12.55,12.24,12.3,9780300,12.728,12.988,13.845,38.408,-0.232,-0.157,-0.075,12.988,14.029,11.947
2024-02-12,12.34,12.97,12.28,12.78,18549900,12.612,12.991,13.827,45.152,-0.229,-0.171,-0.058,12.991,14.029,11.954
2024-02-13,12.49,12.53,12.17,12.39,15176500,12.424,12.981,13.802,41.204,-0.256,-0.188,-0.067,12.981,14.04,11.921
2024-02-14,12.54,12.62,12.37,12.57,12184200,12.488,12.99,13.754,43.653,-0.259,-0.202,-0.057,12.99,14.03,11.949
2024-02-15,12.07,12.51,11.77,12.0,20832800,12.408,12.965,13.691,38.224,-0.304,-0.223,-0.082,12.965,14.077,11.852
2024-02-16,11.88,11.95,11.44,11.44,21617200,12.236,12.898,13.625,33.78,-0.381,-0.254,-0.127,12.898,14.202,11.594
2024-02-20,11.38,11.59,11.29,11.39,13027000,11.958,12.812,13.563,33.406,-0.441,-0.292,-0.149,12.812,14.274,11.35
2024-02-21,11.28,11.33,11.15,11.25,10259800,11.73,12.722,13.503,32.328,-0.494,-0.332,-0.162,12.722,14.337,11.108
2024-02-22,11.36,11.38,11.14,11.16,11178600,11.448,12.644,13.406,31.622,-0.537,-0.373,-0.164,12.644,14.403,10.885
2024-02-23,10.82,10.97,10.48,10.68,23106600,11.184,12.512,13.311,28.096,-0.602,-0.419,-0.184,12.512,14.446,10.579
2024-02-26,10.68,10.86,10.5,10.57,19461400,11.01,12.384,13.232,27.344,-0.656,-0.466,-0.19,12.384,14.476,10.291
2024-02-27,10.6,10.81,10.39,10.72,25111200,10.876,12.264,13.147,30.093,-0.678,-0.509,-0.17,12.264,14.453,10.075
2024-02-28,10.56,10.84,10.42,10.54,28898500,10.734,12.139,13.039,28.69,-0.703,-0.548,-0.155,12.139,14.425,9.853
2024-02-29,10.85,11.42,10.48,10.52,38591000,10.606,11.97,12.94,28.531,-0.715,-0.581,-0.134,11.97,14.204,9.735
2024-03-01,10.53,10.55,10.3,10.44,15587000,10.558,11.792,12.853,27.865,-0.723,-0.61,-0.114,11.792,13.912,9.672
2024-03-04,10.34,10.39,9.72,9.82,25771200,10.408,11.596,12.748,23.322,-0.771,-0.642,-0.129,11.596,13.68,9.511
2024-03-05,9.77,9.9,9.68,9.73,11957200,10.21,11.414,12.647,22.742,-0.807,-0.675,-0.132,11.414,13.483,9.345
2024-03-06,9.79,10.13,9.73,10.01,14075000,10.104,11.248,12.56,28.681,-0.803,-0.7,-0.103,11.248,13.199,9.297
2024-03-07,10.04,10.48,10.03,10.29,15283600,10.058,11.15,12.48,34.134,-0.769,-0.714,-0.055,11.15,13.086,9.214
2024-03-08,10.39,10.51,10.28,10.42,12173600,10.054,11.051,12.402,36.559,-0.723,-0.716,-0.007,11.051,12.92,9.182
2024-03-11,10.41,11.14,10.34,11.08,18432600,10.306,10.99,12.337,47.19,-0.626,-0.698,0.072,10.99,12.764,9.216
2024-03-12,11.63,11.64,10.92,11.05,19020600,10.57,10.904,12.27,46.806,-0.545,-0.667,0.122,10.904,12.466,9.341
2024-03-13,11.01,11.32,11.01,11.13,9810100,10.794,10.84,12.21,48.021,-0.469,-0.628,0.158,10.84,12.244,9.437
2024-03-14,11.15,11.15,10.65,10.78,16119900,10.892,10.751,12.151,43.357,-0.432,-0.589,0.156,10.751,11.895,9.607
2024-03-15,10.78,10.88,10.66,10.73,35215200,10.954,10.688,12.095,42.718,-0.403,-0.551,0.149,10.688,11.669,9.706
2024-03-18,10.75,10.78,10.56,10.72,9527200,10.882,10.652,12.033,42.583,-0.376,-0.516,0.141,10.652,11.567,9.736
2024-03-19,10.63,10.88,10.61,10.71,10960200,10.814,10.618,11.968,42.439,-0.351,-0.483,0.132,10.618,11.466,9.769
2024-03-20,10.68,12.02,10.6,11.98,40555900,10.984,10.654,11.928,60.682,-0.226,-0.432,0.206,10.654,11.664,9.644
2024-03-21,12.03,12.17,11.27,11.31,25037500,11.09,10.662,11.883,51.423,-0.179,-0.381,0.202,10.662,11.69,9.633
2024-03-22,11.33,11.33,10.76,10.77,16685700,11.098,10.666,11.829,45.409,-0.184,-0.342,0.158,10.666,11.695,9.637
2024-03-25,10.86,10.98,10.71,10.96,9294800,11.146,10.686,11.794,47.725,-0.17,-0.307,0.138,10.686,11.722,9.649
2024-03-26,11.04,11.13,10.82,10.88,8956500,11.18,10.694,11.757,46.824,-0.163,-0.279,0.115,10.694,11.734,9.653
2024-03-27,10.9,11.24,10.8,11.2,17754500,11.024,10.726,11.729,50.823,-0.131,-0.249,0.118,10.726,11.788,9.665
2024-03-28,11.12,11.4,11.11,11.27,9850400,11.016,10.764,11.707,51.68,-0.099,-0.219,0.12,10.764,11.847,9.681
2024-04-01,11.31,11.33,11.07,11.25,9544600,11.112,10.804,11.682,51.404,-0.074,-0.19,0.116,10.804,11.897,9.712
2024-04-02,11.09,11.28,10.99,11.26,10179800,11.172,10.877,11.652,51.543,-0.052,-0.162,0.11,10.877,11.882,9.871
2024-04-03,11.35,13.21,10.84,12.94,63228800,11.584,11.037,11.648,68.069,0.099,-0.11,0.209,11.037,12.271,9.803
2024-04-04,11.86,12.94,11.58,11.84,51854600,11.712,11.128,11.624,54.873,0.128,-0.062,0.191,11.128,12.312,9.945
2024-04-05,11.98,12.24,11.18,11.46,51436900,11.75,11.187,11.599,51.182,0.12,-0.026,0.146,11.187,12.311,10.063
2024-04-08,11.32,11.33,10.59,10.59,36881000,11.618,11.196,11.544,43.9,0.042,-0.012,0.055,11.196,12.297,10.094
2024-04-09,10.54,10.77,10.42,10.5,17748200,11.466,11.167,11.491,43.216,-0.026,-0.015,-0.011,11.167,12.31,10.023
2024-04-10,10.24,10.51,9.69,10.05,35124900,10.888,11.116,11.43,39.866,-0.115,-0.035,-0.08,11.116,12.365,9.868
2024-04-11,10.15,10.89,10.13,10.79,27581200,10.678,11.1,11.385,47.124,-0.125,-0.053,-0.072,11.1,12.356,9.843
2024-04-12,10.64,10.76,10.43,10.49,14768800,10.484,11.085,11.317,44.765,-0.155,-0.073,-0.081,11.085,12.364,9.806
2024-04-15,10.46,10.62,10.29,10.43,18417000,10.452,11.07,11.246,44.287,-0.181,-0.095,-0.086,11.07,12.373,9.767
2024-04-16,10.24,10.37,9.93,9.98,14883100,10.348,11.033,11.17,40.775,-0.236,-0.123,-0.113,11.033,12.417,9.649
2024-04-17,10.05,10.43,10.04,10.35,11543100,10.408,11.015,11.11,44.661,-0.246,-0.148,-0.099,11.015,12.426,9.604
2024-04-18,10.33,10.7,10.3,10.5,11669400,10.35,10.941,11.053,46.203,-0.24,-0.166,-0.074,10.941,12.293,9.589
2024-04-19,11.43,12.04,11.17,11.91,45625400,10.634,10.971,11.047,58.034,-0.12,-0.157,0.037,10.971,12.383,9.559
2024-04-22,11.93,11.99,11.42,11.85,19616800,10.918,11.025,11.036,57.455,-0.029,-0.131,0.102,11.025,12.486,9.564
2024-04-23,11.69,12.43,11.68,12.2,15385700,11.362,11.087,11.034,59.965,0.071,-0.091,0.162,11.087,12.639,9.535
2024-04-24,12.11,12.26,11.87,12.14,9629300,11.72,11.15,11.021,59.319,0.143,-0.044,0.187,11.15,12.767,9.533
2024-04-25,11.99,12.19,11.56,11.66,18338200,11.952,11.173,11.006,54.281,0.16,-0.003,0.163,11.173,12.806,9.54
2024-04-26,11.38,11.71,11.31,11.4,15347000,11.85,11.18,10.983,51.719,0.15,0.027,0.123,11.18,12.816,9.543
2024-04-29,11.97,12.21,11.64,11.73,26501600,11.826,11.204,10.977,54.645,0.167,0.055,0.112,11.204,12.858,9.549
2024-04-30,11.58,11.6,10.85,10.9,23834600,11.566,11.186,10.967,46.939,0.113,0.067,0.046,11.186,12.845,9.526
2024-05-01,10.98,11.79,10.97,11.74,18519500,11.486,11.125,10.974,54.008,0.136,0.081,0.055,11.125,12.594,9.657
2024-05-02,11.75,13.4,11.54,13.27,64803800,11.808,11.197,11.014,63.536,0.274,0.119,0.155,11.197,12.928,9.466
2024-05-03,13.74,13.92,12.31,12.34,67049300,11.996,11.241,11.038,55.949,0.305,0.157,0.149,11.241,13.043,9.439
2024-05-06,12.77,13.2,12.62,12.72,23587300,12.194,11.348,11.078,58.148,0.357,0.197,0.16,11.348,13.237,9.458
2024-05-07,12.68,12.79,12.29,12.34,15564800,12.482,11.439,11.114,55.181,0.362,0.23,0.133,11.439,13.335,9.544
2024-05-08,12.25,12.36,12.06,12.27,12066800,12.588,11.55,11.145,54.628,0.357,0.255,0.102,11.55,13.361,9.74
2024-05-09,12.27,12.55,12.16,12.52,10530600,12.438,11.637,11.184,56.312,0.369,0.278,0.091,11.637,13.46,9.814
2024-05-10,12.57,12.68,12.44,12.49,9494500,12.468,11.737,11.224,56.043,0.372,0.297,0.075,11.737,13.514,9.96
2024-05-13,12.49,12.83,12.43,12.45,8930600,12.414,11.838,11.264,55.662,0.366,0.311,0.056,11.838,13.53,10.146
2024-05-14,12.59,12.79,11.38,11.8,29621000,12.306,11.929,11.304,49.737,0.306,0.31,-0.004,11.929,13.378,10.48
2024-05-15,11.79,12.13,11.79,12.02,12064600,12.256,12.012,11.349,51.614,0.273,0.302,-0.029,12.012,13.257,10.768
2024-05-16,11.96,12.21,11.95,12.1,8150100,12.172,12.092,11.391,52.312,0.25,0.292,-0.042,12.092,13.113,11.072
2024-05-17,12.04,12.06,11.51,11.51,17127600,11.976,12.072,11.416,46.938,0.183,0.27,-0.087,12.072,13.123,11.022
2024-05-20,11.76,11.76,11.39,11.51,10345300,11.788,12.056,11.437,46.938,0.127,0.242,-0.114,12.056,13.132,10.979
2024-05-21,11.4,11.76,11.39,11.58,11484900,11.744,12.024,11.447,47.678,0.088,0.211,-0.122,12.024,13.119,10.93
2024-05-22,11.5,11.72,11.41,11.68,6800600,11.676,12.002,11.46,48.776,0.065,0.182,-0.117,12.002,13.105,10.898
2024-05-23,11.61,11.64,11.15,11.29,12475700,11.514,11.983,11.463,44.824,0.014,0.148,-0.134,11.983,13.122,10.844
2024-05-24,11.35,11.47,11.23,11.45,6795900,11.502,11.986,11.477,46.731,-0.012,0.116,-0.129,11.986,13.12,10.851
2024-05-28,11.33,11.53,11.28,11.5,8082900,11.5,11.974,11.492,47.343,-0.029,0.087,-0.116,11.974,13.124,10.824
2024-05-29,11.33,11.41,11.13,11.2,7820000,11.424,11.989,11.502,44.069,-0.066,0.056,-0.123,11.989,13.086,10.892
2024-05-30,11.17,11.6,10.88,11.31,25535200,11.35,11.968,11.514,45.556,-0.085,0.028,-0.114,11.968,13.102,10.833
2024-05-31,11.38,11.61,11.25,11.4,19774900,11.372,11.874,11.502,46.802,-0.092,0.004,-0.096,11.874,12.854,10.894
2024-06-03,12.3,12.49,12.14,12.25,34518500,11.532,11.87,11.521,56.847,-0.029,-0.003,-0.026,11.87,12.841,10.898
2024-06-04,12.11,12.13,11.57,11.72,18380100,11.576,11.82,11.54,50.45,-0.021,-0.006,-0.015,11.82,12.706,10.933
2024-06-05,11.76,11.84,11.48,11.56,10877700,11.648,11.78,11.552,48.67,-0.028,-0.011,-0.017,11.78,12.639,10.922
2024-06-06,11.48,11.67,11.39,11.46,9480400,11.678,11.74,11.563,47.54,-0.041,-0.017,-0.024,11.74,12.577,10.903
2024-06-07,11.39,11.68,11.38,11.5,10860800,11.698,11.689,11.569,48.06,-0.047,-0.023,-0.024,11.689,12.447,10.931
2024-06-10,11.39,11.5,11.27,11.47,8942600,11.542,11.638,11.573,47.678,-0.054,-0.029,-0.025,11.638,12.3,10.976
2024-06-11,11.37,11.87,10.19,10.57,36348700,11.312,11.544,11.56,37.955,-0.13,-0.049,-0.081,11.544,12.253,10.835
2024-06-12,10.22,10.68,10.22,10.64,31180700,11.128,11.486,11.547,38.997,-0.183,-0.076,-0.107,11.486,12.29,10.682
2024-06-13,10.51,10.51,9.79,9.91,30459800,10.818,11.381,11.487,32.809,-0.281,-0.117,-0.164,11.381,12.411,10.35
2024-06-14,9.89,10.2,9.72,9.74,15167100,10.466,11.262,11.445,31.553,-0.368,-0.167,-0.2,11.262,12.471,10.054
2024-06-17,9.73,9.77,9.44,9.46,15370600,10.064,11.16,11.405,29.547,-0.454,-0.224,-0.229,11.16,12.605,9.715
2024-06-18,9.44,9.53,9.18,9.24,14859900,9.798,11.046,11.378,28.039,-0.534,-0.286,-0.247,11.046,12.715,9.378
2024-06-20,9.24,9.71,9.23,9.68,22311000,9.606,10.952,11.361,35.167,-0.555,-0.34,-0.215,10.952,12.706,9.197
2024-06-21,9.63,9.88,9.63,9.76,20933000,9.576,10.856,11.356,36.401,-0.559,-0.384,-0.175,10.856,12.652,9.059
2024-06-24,9.74,9.99,9.62,9.9,9452400,9.608,10.786,11.338,38.602,-0.545,-0.416,-0.129,10.786,12.619,8.953
2024-06-25,9.68,9.86,9.46,9.73,12852200,9.662,10.7,11.323,36.93,-0.541,-0.441,-0.1,10.7,12.563,8.837
2024-06-26,9.67,9.72,9.49,9.59,9644000,9.732,10.604,11.306,35.564,-0.543,-0.461,-0.081,10.604,12.49,8.719
2024-06-27,9.57,9.9,9.55,9.87,12023600,9.77,10.538,11.304,40.319,-0.516,-0.472,-0.044,10.538,12.429,8.647
2024-06-28,9.88,10.08,9.83,10.0,14708800,9.818,10.472,11.297,42.442,-0.478,-0.473,-0.005,10.472,12.342,8.603
2024-07-01,10.0,10.08,9.68,9.75,11285400,9.788,10.39,11.282,39.53,-0.464,-0.471,0.008,10.39,12.232,8.548
2024-07-02,10.1,10.34,9.92,10.31,20170500,9.904,10.293,11.25,48.119,-0.402,-0.458,0.056,10.293,11.914,8.672
2024-07-03,11.66,11.67,10.96,11.02,35905200,10.19,10.258,11.233,56.546,-0.293,-0.425,0.132,10.258,11.776,8.74
2024-07-05,11.01,11.41,10.92,11.36,20846500,10.488,10.248,11.216,59.905,-0.176,-0.375,0.199,10.248,11.733,8.763
2024-07-08,11.51,11.51,10.69,10.76,42675400,10.64,10.213,11.189,52.232,-0.131,-0.326,0.195,10.213,11.608,8.818
2024-07-09,10.64,11.12,10.63,11.09,22295800,10.908,10.192,11.177,55.601,-0.068,-0.275,0.207,10.192,11.518,8.867
2024-07-10,11.13,11.37,11.05,11.26,16335400,11.098,10.182,11.174,57.272,-0.004,-0.22,0.216,10.182,11.467,8.897
2024-07-11,11.34,11.43,11.2,11.28,9200700,11.15,10.218,11.165,57.475,0.048,-0.167,0.214,10.218,11.585,8.85
2024-07-12,11.27,11.34,10.92,11.12,9730400,11.102,10.242,11.17,55.217,0.075,-0.119,0.193,10.242,11.656,8.827
2024-07-15,11.19,11.2,10.99,11.14,6543700,11.178,10.303,11.158,55.452,0.097,-0.075,0.172,10.303,11.763,8.843
2024-07-16,11.11,11.51,11.01,11.5,9595700,11.26,10.391,11.122,59.575,0.142,-0.032,0.174,10.391,11.919,8.863
2024-07-17,11.37,11.52,11.35,11.42,7943300,11.292,10.489,11.104,58.284,0.169,0.008,0.161,10.489,12.017,8.961
2024-07-18,11.41,11.44,11.17,11.19,10673900,11.274,10.586,11.073,54.62,0.17,0.04,0.129,10.586,12.025,9.148
2024-07-19,11.21,11.21,11.01,11.08,6278100,11.266,10.656,11.048,52.907,0.16,0.064,0.096,10.656,12.044,9.269
2024-07-22,10.99,11.12,10.81,11.1,7978000,11.258,10.724,11.025,53.194,0.152,0.082,0.07,10.724,12.057,9.39
2024-07-23,11.01,11.34,10.99,11.29,6932100,11.216,10.793,11.0,55.945,0.159,0.097,0.062,10.793,12.091,9.495
2024-07-24,11.24,11.35,11.18,11.21,6750600,11.174,10.867,10.975,54.493,0.157,0.109,0.047,10.867,12.075,9.659
2024-07-25,11.16,11.28,11.01,11.02,9255800,11.14,10.938,10.946,51.1,0.138,0.115,0.023,10.938,11.987,9.89
2024-07-26,11.15,11.26,10.73,10.76,9816100,11.076,10.983,10.925,46.805,0.1,0.112,-0.012,10.983,11.909,10.057
2024-07-29,10.77,10.85,10.61,10.64,8021000,10.984,11.015,10.898,44.928,0.061,0.102,-0.041,11.015,11.836,10.194
2024-07-30,10.6,10.89,10.54,10.81,9522500,10.888,11.068,10.872,48.103,0.042,0.09,-0.048,11.068,11.647,10.489
2024-07-31,10.92,11.26,10.83,10.99,15478600,10.844,11.102,10.861,51.304,0.042,0.08,-0.038,11.102,11.56,10.644
2024-08-01,10.93,11.02,10.59,10.69,7553400,10.778,11.086,10.845,46.19,0.017,0.068,-0.051,11.086,11.579,10.592
2024-08-02,10.58,10.71,10.34,10.58,8915000,10.742,11.046,10.825,44.441,-0.011,0.052,-0.063,11.046,11.571,10.522
2024-08-05,10.2,10.57,10.08,10.13,10478600,10.64,11.015,10.794,38.087,-0.069,0.028,-0.097,11.015,11.671,10.359
2024-08-06,10.14,10.41,10.05,10.05,10465900,10.488,10.963,10.769,37.072,-0.12,-0.002,-0.118,10.963,11.746,10.18
2024-08-07,10.12,10.23,10.0,10.06,7896200,10.302,10.903,10.741,37.297,-0.158,-0.033,-0.125,10.903,11.77,10.036
2024-08-08,10.0,10.05,9.73,9.82,14892300,10.128,10.83,10.708,34.143,-0.205,-0.068,-0.138,10.83,11.803,9.857
2024-08-09,10.21,10.38,9.81,9.91,14193200,9.994,10.769,10.682,36.318,-0.233,-0.101,-0.132,10.769,11.814,9.725
2024-08-12,9.9,10.01,9.79,9.93,6385100,9.954,10.709,10.654,36.817,-0.25,-0.13,-0.119,10.709,11.802,9.616
2024-08-13,9.93,9.99,9.79,9.9,10119300,9.924,10.629,10.624,36.356,-0.263,-0.157,-0.106,10.629,11.713,9.545
2024-08-14,9.91,9.94,9.79,9.84,7187100,9.88,10.55,10.576,35.403,-0.275,-0.18,-0.094,10.55,11.621,9.479
2024-08-15,9.94,10.74,9.93,10.54,22511200,10.024,10.518,10.553,51.416,-0.225,-0.189,-0.036,10.518,11.546,9.489
2024-08-16,10.57,10.63,10.4,10.58,9840300,10.158,10.493,10.533,52.146,-0.18,-0.188,0.007,10.493,11.487,9.498
2024-08-19,10.52,10.74,10.45,10.65,11324000,10.302,10.47,10.517,53.464,-0.138,-0.178,0.04,10.47,11.426,9.514
2024-08-20,10.31,10.67,10.28,10.52,12681800,10.426,10.432,10.497,50.673,-0.113,-0.165,0.052,10.432,11.307,9.556
2024-08-21,10.63,10.77,10.56,10.67,7176000,10.592,10.404,10.481,53.678,-0.081,-0.148,0.067,10.404,11.209,9.6
2024-08-22,10.78,10.87,10.63,10.76,7863300,10.636,10.392,10.485,55.432,-0.047,-0.128,0.081,10.392,11.162,9.621
2024-08-23,10.69,10.97,10.61,10.93,7642300,10.706,10.4,10.491,58.619,-0.007,-0.104,0.097,10.4,11.191,9.609
2024-08-26,10.95,11.02,10.85,10.9,9390300,10.756,10.413,10.511,57.833,0.023,-0.078,0.101,10.413,11.229,9.597
2024-08-27,10.48,10.53,10.11,10.12,17312700,10.676,10.378,10.518,42.046,-0.017,-0.066,0.049,10.378,11.182,9.575
2024-08-28,10.1,10.38,10.09,10.29,9517700,10.6,10.344,10.535,45.535,-0.034,-0.06,0.026,10.344,11.094,9.593
2024-08-29,10.32,10.41,10.04,10.06,11261800,10.46,10.312,10.551,41.863,-0.066,-0.061,-0.005,10.312,11.054,9.57
2024-08-30,10.16,10.2,9.88,10.07,18652600,10.288,10.286,10.559,42.081,-0.089,-0.066,-0.022,10.286,11.025,9.548
2024-09-03,10.02,10.13,9.93,10.02,7184300,10.112,10.281,10.564,41.246,-0.11,-0.075,-0.035,10.281,11.026,9.536
2024-09-04,10.06,10.16,10.02,10.06,7891100,10.1,10.282,10.567,42.234,-0.122,-0.084,-0.037,10.282,11.026,9.537
2024-09-05,10.1,10.18,9.96,9.99,10023300,10.04,10.278,10.573,40.936,-0.135,-0.095,-0.041,10.278,11.028,9.528
2024-09-06,10.0,10.02,9.7,9.71,8040200,9.97,10.272,10.575,36.152,-0.167,-0.109,-0.058,10.272,11.038,9.507
2024-09-09,9.72,9.97,9.69,9.92,9985400,9.94,10.273,10.576,41.659,-0.173,-0.122,-0.051,10.273,11.037,9.509
2024-09-10,9.94,9.96,9.63,9.71,8484900,9.878,10.262,10.57,38.118,-0.192,-0.136,-0.056,10.262,11.053,9.471
2024-09-11,9.71,9.74,9.57,9.6,7634600,9.786,10.247,10.567,36.374,-0.214,-0.152,-0.063,10.247,11.077,9.417
2024-09-12,9.67,9.89,9.6,9.87,7202800,9.762,10.248,10.558,43.239,-0.207,-0.163,-0.045,10.248,11.076,9.421
2024-09-13,9.91,10.22,9.91,10.17,8732500,9.854,10.23,10.541,49.729,-0.176,-0.165,-0.01,10.23,11.046,9.414
2024-09-16,10.24,10.3,10.01,10.07,6489100,9.884,10.204,10.516,47.769,-0.157,-0.164,0.007,10.204,11.006,9.403
2024-09-17,10.1,10.28,9.97,10.09,5793000,9.96,10.176,10.502,48.209,-0.139,-0.159,0.02,10.176,10.952,9.401
2024-09-18,10.14,10.4,10.12,10.21,7193200,10.082,10.161,10.485,50.881,-0.113,-0.15,0.036,10.161,10.919,9.403
2024-09-19,10.36,10.48,10.01,10.11,6670400,10.13,10.133,10.462,48.629,-0.1,-0.14,0.04,10.133,10.853,9.413
2024-09-20,10.08,10.11,9.94,10.02,33505500,10.1,10.096,10.436,46.629,-0.096,-0.131,0.035,10.096,10.753,9.439
2024-09-23,10.02,10.07,9.95,10.03,5902300,10.092,10.051,10.415,46.89,-0.091,-0.123,0.032,10.051,10.578,9.524
2024-09-24,10.07,10.2,9.99,10.2,4747500,10.114,10.016,10.396,51.261,-0.072,-0.113,0.041,10.016,10.37,9.662
2024-09-25,10.18,10.21,10.06,10.2,4942500,10.112,10.02,10.37,51.261,-0.056,-0.101,0.045,10.02,10.381,9.659
2024-09-26,10.25,10.31,10.16,10.3,4399000,10.15,10.021,10.347,53.851,-0.036,-0.088,0.053,10.021,10.383,9.658
2024-09-27,10.38,10.54,10.26,10.43,5269800,10.232,10.039,10.332,57.048,-0.009,-0.072,0.064,10.039,10.445,9.633
2024-09-30,10.34,10.4,10.2,10.26,7416200,10.278,10.048,10.316,51.978,-0.001,-0.058,0.057,10.048,10.467,9.63
2024-10-01,10.25,10.38,10.2,10.25,5953800,10.288,10.06,10.299,51.687,0.004,-0.046,0.05,10.06,10.487,9.633
2024-10-02,10.25,10.27,10.07,10.08,5171000,10.264,10.061,10.275,46.882,-0.005,-0.037,0.032,10.061,10.488,9.634
2024-10-03,10.04,10.18,9.93,10.1,6605000,10.224,10.066,10.252,47.5,-0.011,-0.032,0.021,10.066,10.493,9.64
2024-10-04,10.16,10.21,10.04,10.17,5152100,10.172,10.09,10.235,49.707,-0.01,-0.028,0.018,10.09,10.483,9.696
2024-10-07,10.16,10.2,10.06,10.17,4937800,10.154,10.102,10.224,49.707,-0.009,-0.024,0.015,10.102,10.489,9.715
2024-10-08,10.11,10.17,10.07,10.15,4109100,10.134,10.124,10.214,49.024,-0.009,-0.021,0.012,10.124,10.464,9.784
2024-10-09,10.12,10.24,10.1,10.2,6750700,10.158,10.154,10.202,50.842,-0.006,-0.018,0.012,10.154,10.39,9.918
2024-10-10,10.16,10.2,9.97,9.99,4974400,10.136,10.16,10.182,43.78,-0.02,-0.018,-0.001,10.16,10.37,9.95
2024-10-11,9.96,10.1,9.96,10.0,4382500,10.102,10.152,10.168,44.177,-0.03,-0.021,-0.009,10.152,10.373,9.93
2024-10-14,10.0,10.08,9.98,10.02,3350500,10.072,10.149,10.157,45.015,-0.035,-0.024,-0.012,10.149,10.376,9.922
2024-10-15,10.0,10.16,10.0,10.15,6693000,10.072,10.152,10.157,50.242,-0.029,-0.025,-0.005,10.152,10.377,9.927
2024-10-16,10.13,10.25,10.13,10.17,4658600,10.066,10.15,10.159,51.013,-0.022,-0.024,0.002,10.15,10.373,9.927
2024-10-17,10.14,10.17,9.94,9.98,9025300,10.064,10.144,10.158,44.029,-0.032,-0.026,-0.006,10.144,10.379,9.908
2024-10-18,10.11,10.17,10.06,10.1,4590700,10.084,10.148,10.163,48.797,-0.029,-0.027,-0.003,10.148,10.377,9.918
2024-10-21,10.11,10.13,9.97,9.97,5225400,10.074,10.144,10.165,44.386,-0.038,-0.029,-0.009,10.144,10.382,9.907
2024-10-22,9.96,10.03,9.93,9.93,5931500,10.03,10.131,10.165,43.095,-0.047,-0.032,-0.014,10.131,10.385,9.877
2024-10-23,9.93,10.01,9.88,9.97,4890600,9.99,10.119,10.166,44.823,-0.05,-0.036,-0.014,10.119,10.381,9.858
2024-10-24,9.97,9.99,9.9,9.96,3633000,9.986,10.102,10.168,44.459,-0.053,-0.039,-0.014,10.102,10.359,9.846
2024-10-25,9.97,10.1,9.91,9.93,5719700,9.952,10.078,10.156,43.324,-0.057,-0.043,-0.014,10.078,10.294,9.861
2024-10-28,9.99,10.15,9.95,10.08,5253800,9.974,10.068,10.146,50.175,-0.048,-0.044,-0.004,10.068,10.267,9.87
2024-10-29,10.04,10.18,10.02,10.12,3973100,10.012,10.062,10.136,51.846,-0.037,-0.042,0.006,10.062,10.243,9.881
2024-10-30,10.05,10.31,10.04,10.3,5231700,10.078,10.073,10.131,58.58,-0.013,-0.037,0.023,10.073,10.283,9.863
2024-10-31,10.39,10.61,10.35,10.57,8559600,10.2,10.096,10.129,66.212,0.027,-0.024,0.051,10.096,10.403,9.79
2024-11-01,10.55,10.63,10.36,10.61,6577400,10.336,10.119,10.126,67.177,0.061,-0.007,0.068,10.119,10.501,9.736
2024-11-04,10.63,10.68,10.48,10.51,4809700,10.422,10.136,10.118,62.381,0.079,0.01,0.069,10.136,10.556,9.715
2024-11-05,10.53,10.77,10.47,10.72,6898200,10.542,10.164,10.114,67.611,0.11,0.03,0.079,10.164,10.659,9.669
2024-11-06,10.84,11.07,10.74,11.0,12576200,10.682,10.204,10.132,73.001,0.154,0.055,0.099,10.204,10.825,9.583
2024-11-07,10.99,11.16,10.89,11.14,10617900,10.796,10.262,10.149,75.221,0.199,0.084,0.115,10.262,11.0,9.523
2024-11-08,11.13,11.15,10.51,10.7,15682600,10.814,10.296,10.162,58.843,0.196,0.106,0.09,10.296,11.049,9.544
2024-11-11,10.79,11.2,10.73,11.16,14093800,10.944,10.354,10.183,66.946,0.229,0.131,0.098,10.354,11.187,9.52
2024-11-12,11.02,11.13,10.86,11.07,10026800,11.014,10.4,10.204,64.279,0.244,0.153,0.091,10.4,11.285,9.514
2024-11-13,11.12,11.13,10.77,10.79,12007300,10.972,10.43,10.219,56.711,0.231,0.169,0.062,10.43,11.326,9.535
2024-11-14,10.86,11.0,10.73,10.97,9294800,10.938,10.48,10.239,59.974,0.233,0.182,0.051,10.48,11.38,9.58
2024-11-15,10.86,11.0,10.44,10.48,14795800,10.894,10.499,10.254,49.121,0.192,0.184,0.009,10.499,11.381,9.617
2024-11-18,10.42,10.55,10.21,10.26,12238900,10.714,10.513,10.261,45.169,0.141,0.175,-0.034,10.513,11.368,9.659
2024-11-19,10.16,10.2,9.93,9.98,16248600,10.496,10.516,10.266,40.682,0.077,0.156,-0.079,10.516,11.364,9.668
2024-11-20,10.0,10.25,9.95,10.23,8702400,10.384,10.529,10.279,45.853,0.046,0.134,-0.088,10.529,11.349,9.709
2024-11-21,10.18,10.75,10.18,10.72,11221100,10.334,10.567,10.296,54.269,0.06,0.119,-0.059,10.567,11.345,9.789
2024-11-22,10.73,10.82,10.49,10.52,11242700,10.342,10.596,10.303,50.798,0.054,0.106,-0.052,10.596,11.315,9.878
2024-11-25,10.44,10.87,10.42,10.75,55191500,10.44,10.63,10.316,54.409,0.067,0.098,-0.031,10.63,11.309,9.951
2024-11-26,10.74,10.82,10.25,10.28,13048300,10.5,10.638,10.32,46.844,0.04,0.086,-0.047,10.638,11.295,9.981
2024-11-27,10.26,10.51,10.23,10.41,11266300,10.536,10.644,10.324,48.958,0.028,0.075,-0.047,10.644,11.29,9.997
2024-11-29,10.43,10.55,10.4,10.49,3651800,10.49,10.64,10.332,50.269,0.024,0.065,-0.04,10.64,11.289,9.99
2024-12-02,10.52,10.63,10.39,10.61,6265800,10.508,10.64,10.344,52.249,0.031,0.058,-0.027,10.64,11.289,9.99
2024-12-03,10.53,10.62,10.43,10.55,5923400,10.468,10.642,10.354,51.152,0.031,0.053,-0.021,10.642,11.29,9.993
2024-12-04,10.48,10.73,10.48,10.65,8061700,10.542,10.638,10.363,52.926,0.039,0.05,-0.011,10.638,11.285,9.991
2024-12-05,10.64,10.71,10.41,10.45,7051400,10.55,10.61,10.368,49.087,0.029,0.046,-0.017,10.61,11.24,9.981
2024-12-06,10.49,10.62,10.32,10.62,7609400,10.576,10.584,10.374,52.257,0.034,0.043,-0.009,10.584,11.162,10.007
2024-12-09,10.66,10.84,10.56,10.8,11064900,10.614,10.59,10.382,55.423,0.052,0.045,0.007,10.59,11.173,10.006
2024-12-10,10.72,10.9,10.65,10.83,8990300,10.67,10.573,10.393,55.947,0.068,0.05,0.018,10.573,11.105,10.041
2024-12-11,10.81,10.9,10.69,10.82,9915500,10.704,10.561,10.405,55.712,0.079,0.055,0.023,10.561,11.054,10.067
2024-12-12,10.89,11.3,10.77,11.24,11272600,10.862,10.583,10.428,62.787,0.12,0.068,0.052,10.583,11.155,10.011
2024-12-13,11.25,11.26,10.83,10.84,5618800,10.906,10.576,10.443,53.947,0.119,0.078,0.04,10.576,11.133,10.02
2024-12-16,10.85,10.91,10.64,10.66,8274700,10.878,10.586,10.452,50.502,0.102,0.083,0.019,10.586,11.141,10.03
2024-12-17,10.59,10.64,10.48,10.5,7242400,10.812,10.598,10.459,47.592,0.075,0.082,-0.006,10.598,11.134,10.061
2024-12-18,10.53,10.73,10.33,10.37,12328500,10.722,10.617,10.463,45.308,0.043,0.074,-0.031,10.617,11.082,10.152
2024-12-19,10.41,10.51,10.26,10.27,9067300,10.528,10.619,10.465,43.575,0.009,0.061,-0.052,10.619,11.078,10.16
2024-12-20,10.28,10.56,10.17,10.35,18990900,10.43,10.6,10.472,45.375,-0.011,0.047,-0.057,10.6,11.072,10.129
2024-12-23,10.31,10.34,10.03,10.05,9671800,10.308,10.577,10.473,40.197,-0.05,0.027,-0.078,10.577,11.108,10.046
2024-12-24,10.08,10.15,10.01,10.12,4116200,10.232,10.546,10.475,41.864,-0.075,0.007,-0.082,10.546,11.107,9.984
2024-12-26,10.09,10.17,10.03,10.14,6849800,10.186,10.538,10.475,42.358,-0.092,-0.013,-0.079,10.538,11.117,9.96
2024-12-27,10.09,10.24,10.02,10.1,5766200,10.152,10.523,10.473,41.597,-0.108,-0.032,-0.076,10.523,11.132,9.914
2024-12-30,10.05,10.1,9.91,10.04,8242100,10.09,10.5,10.475,40.422,-0.124,-0.05,-0.073,10.5,11.147,9.854
2024-12-31,10.04,10.19,10.03,10.16,9559000,10.112,10.478,10.476,43.838,-0.125,-0.065,-0.06,10.478,11.139,9.817
2025-01-02,10.2,10.3,10.1,10.27,9216900,10.142,10.464,10.482,46.846,-0.116,-0.075,-0.04,10.464,11.131,9.797
2025-01-03,10.29,10.44,10.21,10.36,5765700,10.186,10.449,10.49,49.241,-0.1,-0.08,-0.02,10.449,11.112,9.787
2025-01-06,10.47,10.67,10.44,10.61,7853300,10.288,10.458,10.503,55.271,-0.067,-0.078,0.011,10.458,11.124,9.791
2025-01-07,10.68,10.73,10.52,10.57,6841200,10.394,10.455,10.515,54.162,-0.043,-0.071,0.028,10.455,11.119,9.791
2025-01-08,10.48,10.51,10.16,10.33,8025400,10.428,10.432,10.523,47.948,-0.043,-0.065,0.022,10.432,11.077,9.786
2025-01-10,10.22,10.32,10.16,10.17,10085800,10.408,10.398,10.525,44.299,-0.055,-0.063,0.008,10.398,11.026,9.771
2025-01-13,10.15,10.45,10.11,10.41,8253900,10.418,10.378,10.531,50.397,-0.045,-0.06,0.014,10.378,10.973,9.783
2025-01-14,10.4,10.45,10.26,10.36,6133200,10.368,10.334,10.532,49.189,-0.041,-0.056,0.015,10.334,10.77,9.898
2025-01-15,10.49,10.51,10.14,10.14,9453600,10.282,10.299,10.524,44.171,-0.054,-0.056,0.001,10.299,10.671,9.927
2025-01-16,10.14,10.17,9.86,9.86,14965800,10.188,10.259,10.509,38.752,-0.087,-0.062,-0.025,10.259,10.64,9.878
2025-01-17,9.98,10.15,9.9,9.97,9459900,10.148,10.232,10.498,41.774,-0.102,-0.07,-0.032,10.232,10.616,9.849
2025-01-21,9.99,10.2,9.95,10.17,7972400,10.1,10.222,10.487,46.904,-0.097,-0.075,-0.022,10.222,10.602,9.843
2025-01-22,10.19,10.28,10.1,10.2,10114900,10.068,10.219,10.471,47.649,-0.09,-0.078,-0.012,10.219,10.598,9.84
2025-01-23,10.25,10.56,10.19,10.55,8743400,10.15,10.229,10.459,55.495,-0.055,-0.074,0.018,10.229,10.632,9.826
2025-01-24,10.55,10.94,10.45,10.75,22305800,10.328,10.264,10.46,59.253,-0.012,-0.061,0.05,10.264,10.72,9.808
2025-01-27,10.73,10.86,10.58,10.84,7964000,10.502,10.3,10.454,60.854,0.03,-0.043,0.073,10.3,10.817,9.783
2025-01-28,10.82,10.83,10.64,10.74,7049400,10.616,10.33,10.447,58.12,0.054,-0.024,0.078,10.33,10.877,9.783
2025-01-29,10.72,10.85,10.68,10.77,12097100,10.73,10.363,10.447,58.72,0.075,-0.004,0.079,10.363,10.933,9.794
2025-01-30,10.83,10.85,10.51,10.66,6086600,10.752,10.394,10.44,55.58,0.082,0.013,0.068,10.394,10.957,9.832
2025-01-31,10.62,10.7,10.51,10.56,6730700,10.714,10.414,10.442,52.815,0.078,0.026,0.052,10.414,10.97,9.859
2025-02-03,10.37,10.52,10.35,10.42,7747900,10.63,10.422,10.445,49.13,0.063,0.034,0.03,10.422,10.974,9.87
2025-02-04,10.46,10.66,10.39,10.6,5069800,10.602,10.434,10.458,53.611,0.065,0.04,0.025,10.434,10.991,9.877
2025-02-05,10.56,10.59,10.47,10.52,7610000,10.552,10.43,10.463,51.442,0.059,0.044,0.016,10.43,10.981,9.878
2025-02-06,10.64,10.67,10.42,10.52,6509000,10.524,10.427,10.459,51.442,0.054,0.046,0.008,10.427,10.977,9.877
2025-02-07,10.6,10.65,10.27,10.32,9713800,10.476,10.426,10.455,46.041,0.034,0.043,-0.01,10.426,10.977,9.876
2025-02-10,10.34,10.37,10.22,10.24,6986900,10.44,10.43,10.445,44.049,0.011,0.037,-0.026,10.43,10.974,9.886
2025-02-11,10.21,10.4,10.19,10.26,6600800,10.372,10.422,10.445,44.693,-0.006,0.028,-0.034,10.422,10.972,9.873
2025-02-12,10.2,10.38,10.18,10.33,7056800,10.334,10.421,10.443,46.994,-0.013,0.02,-0.033,10.421,10.971,9.871
2025-02-13,10.34,10.58,10.3,10.5,8157300,10.33,10.439,10.443,52.195,-0.005,0.015,-0.02,10.439,10.974,9.904
2025-02-14,10.57,11.01,10.52,10.97,15196900,10.46,10.494,10.451,63.003,0.039,0.02,0.019,10.494,11.006,9.983
2025-02-18,10.99,11.0,10.84,10.98,8662300,10.608,10.545,10.459,63.194,0.074,0.031,0.043,10.545,11.038,10.052
2025-02-19,10.99,11.23,10.96,11.11,12558300,10.778,10.592,10.468,65.671,0.111,0.047,0.064,10.592,11.113,10.071
2025-02-20,11.09,11.19,11.05,11.14,8716500,10.94,10.639,10.482,66.236,0.14,0.065,0.075,10.639,11.18,10.098
2025-02-21,11.19,11.29,11.13,11.16,10479100,11.072,10.67,10.493,66.63,0.164,0.085,0.079,10.67,11.256,10.083
2025-02-24,11.19,11.49,11.09,11.33,12170900,11.144,10.698,10.504,69.851,0.194,0.107,0.087,10.698,11.355,10.042
2025-02-25,11.36,11.52,11.16,11.17,6808500,11.182,10.715,10.51,63.626,0.202,0.126,0.076,10.715,11.403,10.027
2025-02-26,11.17,11.26,10.8,10.89,10721000,11.138,10.722,10.512,54.476,0.185,0.138,0.047,10.722,11.414,10.031
2025-02-27,10.63,11.06,10.52,10.91,13022700,11.092,10.73,10.505,54.974,0.17,0.144,0.026,10.73,11.426,10.033
2025-02-28,10.91,11.13,10.79,11.03,10644800,11.066,10.748,10.509,57.947,0.166,0.149,0.018,10.748,11.457,10.039
2025-03-03,11.04,11.13,10.95,10.98,7531500,10.996,10.769,10.515,56.28,0.157,0.15,0.007,10.769,11.479,10.059
2025-03-04,10.94,11.23,10.92,11.15,9896800,10.992,10.805,10.528,60.447,0.162,0.153,0.01,10.805,11.515,10.096
2025-03-05,11.21,11.26,11.09,11.17,7340600,11.048,10.834,10.544,60.919,0.166,0.155,0.01,10.834,11.554,10.114
2025-03-06,11.17,11.46,11.06,11.42,9580300,11.15,10.879,10.567,66.328,0.187,0.162,0.025,10.879,11.629,10.129
2025-03-07,11.4,12.17,11.33,11.79,23490100,11.302,10.942,10.596,72.413,0.23,0.175,0.055,10.942,11.775,10.11
2025-03-10,11.68,11.9,11.55,11.65,9701200,11.436,11.009,10.628,67.446,0.251,0.19,0.06,11.009,11.844,10.174
2025-03-11,11.61,11.66,11.12,11.14,9890300,11.434,11.054,10.649,53.146,0.223,0.197,0.026,11.054,11.808,10.3
2025-03-12,11.21,11.26,10.94,11.24,8263300,11.448,11.103,10.671,55.153,0.207,0.199,0.008,11.103,11.761,10.445
2025-03-13,11.17,11.4,11.13,11.3,8631100,11.424,11.152,10.695,56.362,0.197,0.199,-0.002,11.152,11.704,10.599
2025-03-14,11.36,11.48,11.21,11.35,7311000,11.336,11.194,10.721,57.392,0.191,0.197,-0.006,11.194,11.66,10.728
2025-03-17,11.45,11.51,11.35,11.39,4617800,11.284,11.215,10.745,58.241,0.187,0.195,-0.008,11.215,11.676,10.754
2025-03-18,11.33,11.41,11.2,11.37,5674500,11.33,11.234,10.767,57.623,0.18,0.192,-0.012,11.234,11.686,10.783
2025-03-19,11.37,11.49,11.36,11.45,4716900,11.372,11.252,10.789,59.477,0.179,0.189,-0.01,11.252,11.709,10.794
2025-03-20,11.39,11.8,11.36,11.63,7015300,11.438,11.276,10.81,63.361,0.191,0.19,0.001,11.276,11.76,10.792
2025-03-21,11.62,11.7,11.47,11.56,14225600,11.48,11.296,10.829,60.916,0.192,0.19,0.002,11.296,11.793,10.799
2025-03-24,11.68,11.71,11.25,11.35,8707200,11.472,11.297,10.85,54.163,0.174,0.187,-0.013,11.297,11.794,10.8
2025-03-25,11.4,11.4,11.21,11.32,5114600,11.462,11.304,10.873,53.254,0.156,0.181,-0.025,11.304,11.798,10.811
2025-03-26,11.38,11.62,11.36,11.56,9531000,11.484,11.338,10.896,59.155,0.158,0.176,-0.018,11.338,11.803,10.873
2025-03-27,11.6,11.6,11.35,11.39,4951500,11.436,11.362,10.916,53.959,0.145,0.17,-0.025,11.362,11.782,10.942
2025-03-28,11.33,11.36,11.19,11.27,5616800,11.378,11.374,10.939,50.582,0.124,0.161,-0.037,11.374,11.767,10.981
2025-03-31,11.19,11.69,11.16,11.66,27065100,11.44,11.408,10.975,59.463,0.137,0.156,-0.019,11.408,11.774,11.042
2025-04-01,11.68,11.72,11.43,11.44,8941400,11.464,11.423,11.004,53.61,0.128,0.15,-0.023,11.423,11.768,11.077
2025-04-02,11.32,11.7,11.14,11.6,9139800,11.472,11.444,11.033,56.93,0.132,0.147,-0.015,11.444,11.776,11.112
2025-04-03,11.42,11.67,11.18,11.19,12422900,11.432,11.433,11.053,47.541,0.101,0.138,-0.036,11.433,11.784,11.081
2025-04-04,11.01,11.05,10.6,10.79,12062000,11.336,11.382,11.058,40.519,0.044,0.119,-0.075,11.382,11.798,10.967
2025-04-07,10.44,11.05,10.32,10.59,10078500,11.122,11.33,11.054,37.534,-0.017,0.092,-0.109,11.33,11.857,10.802
2025-04-08,10.86,10.86,10.33,10.38,9428100,10.91,11.292,11.045,34.648,-0.082,0.057,-0.139,11.292,11.966,10.617
2025-04-09,10.25,11.31,10.21,10.86,13870800,10.762,11.272,11.048,45.049,-0.093,0.027,-0.12,11.272,11.974,10.571
2025-04-10,10.85,10.86,10.51,10.65,9002300,10.654,11.24,11.045,41.907,-0.118,-0.002,-0.116,11.24,11.994,10.486
2025-04-11,10.7,10.75,10.37,10.42,5527900,10.58,11.194,11.04,38.721,-0.154,-0.033,-0.122,11.194,12.029,10.358
2025-04-14,10.48,10.63,10.27,10.42,7252100,10.546,11.145,11.038,38.721,-0.181,-0.062,-0.119,11.145,12.043,10.247
2025-04-15,10.43,10.64,10.39,10.59,7281300,10.588,11.106,11.041,42.47,-0.186,-0.087,-0.099,11.106,12.03,10.182
2025-04-16,10.54,10.61,10.36,10.44,6800400,10.504,11.055,11.038,40.137,-0.2,-0.11,-0.091,11.055,12.01,10.101
2025-04-17,10.53,10.75,10.42,10.67,6698700,10.508,11.008,11.041,45.116,-0.19,-0.126,-0.065,11.008,11.937,10.078
2025-04-21,10.58,10.66,10.46,10.49,8080100,10.522,10.954,11.04,42.16,-0.195,-0.14,-0.055,10.954,11.873,10.035
2025-04-22,10.56,10.75,10.55,10.71,8037700,10.58,10.922,11.048,46.752,-0.179,-0.148,-0.031,10.922,11.827,10.017
2025-04-23,10.83,11.0,10.78,10.92,7790600,10.646,10.902,11.062,50.769,-0.147,-0.148,0.0,10.902,11.787,10.017
2025-04-24,10.93,11.19,10.85,11.14,7738800,10.786,10.881,11.079,54.631,-0.104,-0.139,0.035,10.881,11.719,10.043
2025-04-25,11.14,11.46,11.14,11.44,9442400,10.94,10.884,11.101,59.317,-0.044,-0.12,0.076,10.884,11.729,10.038
2025-04-28,11.42,11.46,11.31,11.4,5973300,11.122,10.89,11.119,58.45,-0.0,-0.096,0.096,10.89,11.75,10.03
2025-04-29,11.36,11.49,11.28,11.46,6566200,11.272,10.88,11.129,59.409,0.039,-0.069,0.108,10.88,11.706,10.054
2025-04-30,11.3,11.48,11.12,11.45,9558900,11.378,10.88,11.139,59.164,0.068,-0.041,0.11,10.88,11.708,10.053
2025-05-01,11.45,11.45,11.3,11.36,6187900,11.422,10.869,11.144,56.89,0.084,-0.016,0.1,10.869,11.658,10.079
2025-05-02,11.46,11.53,11.14,11.14,8118200,11.362,10.866,11.144,51.665,0.077,0.002,0.075,10.866,11.651,10.081
2025-05-05,10.92,11.12,10.88,10.97,8507100,11.276,10.875,11.14,47.996,0.057,0.013,0.044,10.875,11.661,10.089
2025-05-06,10.89,11.24,10.83,11.21,6553000,11.226,10.906,11.137,53.063,0.06,0.023,0.038,10.906,11.693,10.119
2025-05-07,11.21,11.44,11.17,11.28,6747000,11.192,10.951,11.14,54.457,0.068,0.032,0.036,10.951,11.714,10.188
2025-05-08,11.23,11.43,11.16,11.39,7212600,11.198,10.978,11.15,56.637,0.081,0.042,0.04,10.978,11.764,10.191
2025-05-09,11.53,11.74,11.44,11.64,10208500,11.298,11.027,11.164,61.183,0.111,0.056,0.056,11.027,11.85,10.204
2025-05-12,11.76,11.79,11.62,11.65,8104900,11.434,11.088,11.177,61.358,0.134,0.071,0.063,11.088,11.905,10.272
2025-05-13,11.67,11.75,11.61,11.69,5141100,11.53,11.152,11.191,62.092,0.154,0.088,0.066,11.152,11.947,10.357
2025-05-14,11.71,11.78,11.45,11.52,7454300,11.578,11.198,11.198,57.124,0.154,0.101,0.053,11.198,11.963,10.434
2025-05-15,11.53,11.6,11.47,11.6,5352400,11.62,11.256,11.207,58.795,0.158,0.112,0.046,11.256,11.951,10.562
2025-05-16,11.6,11.63,11.38,11.41,10259000,11.574,11.294,11.207,53.466,0.145,0.119,0.026,11.294,11.934,10.653
2025-05-19,11.47,11.57,11.33,11.49,6316300,11.542,11.344,11.201,55.303,0.139,0.123,0.016,11.344,11.865,10.822
2025-05-20,11.45,11.59,11.45,11.57,5254000,11.518,11.387,11.199,57.126,0.14,0.126,0.013,11.387,11.822,10.951
2025-05-21,11.55,11.73,11.51,11.59,9160700,11.532,11.42,11.208,57.591,0.14,0.129,0.011,11.42,11.805,11.035
2025-05-22,11.61,11.63,11.54,11.56,4032000,11.524,11.441,11.214,56.599,0.136,0.13,0.006,11.441,11.807,11.075
2025-05-23,11.53,11.73,11.5,11.67,4866700,11.576,11.452,11.222,59.365,0.14,0.132,0.008,11.452,11.833,11.072
2025-05-27,11.75,11.78,11.67,11.73,4326400,11.624,11.469,11.229,60.831,0.147,0.135,0.012,11.469,11.868,11.07
2025-05-28,11.7,11.83,11.66,11.79,6120100,11.668,11.485,11.237,62.296,0.155,0.139,0.016,11.485,11.909,11.062
2025-05-29,11.75,11.88,11.68,11.88,6924400,11.726,11.507,11.248,64.445,0.167,0.145,0.022,11.507,11.965,11.049
2025-05-30,11.86,11.92,11.71,11.8,9097500,11.774,11.529,11.255,61.111,0.168,0.149,0.019,11.529,12.0,11.058
2025-06-02,11.74,11.86,11.55,11.64,8611900,11.768,11.554,11.255,54.985,0.154,0.15,0.004,11.554,11.989,11.119
2025-06-03,11.65,11.8,11.58,11.71,5524700,11.764,11.591,11.258,57.015,0.147,0.15,-0.003,11.591,11.933,11.249
2025-06-04,11.72,11.78,11.62,11.63,4624700,11.732,11.612,11.263,54.017,0.133,0.146,-0.013,11.612,11.904,11.32
2025-06-05,11.66,11.84,11.57,11.6,6600700,11.676,11.628,11.269,52.893,0.119,0.141,-0.022,11.628,11.875,11.381
2025-06-06,11.75,11.77,11.58,11.62,4884400,11.64,11.64,11.27,53.586,0.108,0.134,-0.027,11.64,11.859,11.42
2025-06-09,11.61,11.72,11.58,11.7,4614200,11.652,11.642,11.276,56.352,0.104,0.128,-0.024,11.642,11.864,11.421
2025-06-10,11.66,11.9,11.64,11.87,6573900,11.684,11.654,11.288,61.591,0.114,0.125,-0.012,11.654,11.897,11.41
2025-06-11,11.89,11.98,11.84,11.93,6809900,11.744,11.666,11.294,63.266,0.125,0.125,-0.001,11.666,11.939,11.392
2025-06-12,11.92,11.92,11.51,11.64,9140400,11.752,11.672,11.298,51.559,0.109,0.122,-0.013,11.672,11.936,11.407
2025-06-13,11.59,11.66,11.49,11.59,5725100,11.746,11.671,11.298,49.846,0.091,0.116,-0.025,11.671,11.936,11.406
2025-06-16,11.73,11.77,11.65,11.74,5138800,11.754,11.688,11.309,54.707,0.088,0.11,-0.022,11.688,11.924,11.451
2025-06-17,11.69,11.76,11.6,11.72,10746300,11.724,11.699,11.327,53.956,0.083,0.105,-0.022,11.699,11.917,11.481
2025-06-18,11.82,11.95,11.71,11.79,9770900,11.696,11.71,11.351,56.221,0.084,0.101,-0.017,11.71,11.923,11.497
2025-06-20,11.86,12.11,11.81,12.09,27163800,11.786,11.735,11.385,64.321,0.107,0.102,0.006,11.735,11.999,11.471
2025-06-23,12.1,12.2,12.03,12.06,6341000,11.88,11.76,11.409,63.065,0.122,0.106,0.016,11.76,12.048,11.472
2025-06-24,12.06,12.19,11.96,11.96,4993100,11.924,11.774,11.436,58.932,0.125,0.11,0.015,11.774,12.073,11.476
2025-06-25,11.89,12.01,11.88,11.97,5850400,11.974,11.786,11.467,59.219,0.126,0.113,0.013,11.786,12.096,11.477
2025-06-26,12.03,12.12,11.99,12.06,5008500,12.028,11.8,11.499,61.813,0.132,0.117,0.016,11.8,12.133,11.467
2025-06-27,12.12,12.28,12.09,12.27,8020200,12.064,11.82,11.533,67.076,0.153,0.124,0.029,11.82,12.213,11.426
2025-06-30,12.29,12.65,12.29,12.63,12951100,12.178,11.861,11.577,73.753,0.196,0.138,0.057,11.861,12.395,11.327
2025-07-01,12.63,12.99,12.6,12.89,12925600,12.364,11.924,11.621,77.329,0.248,0.16,0.088,11.924,12.617,11.23
2025-07-02,12.96,13.01,12.55,12.57,10630400,12.484,11.966,11.663,65.5,0.261,0.18,0.08,11.966,12.71,11.223
2025-07-03,12.62,12.68,12.55,12.63,4141400,12.598,12.016,11.701,66.534,0.272,0.199,0.073,12.016,12.798,11.235
2025-07-07,12.62,12.62,12.26,12.27,9746000,12.598,12.05,11.728,55.742,0.25,0.209,0.041,12.05,12.813,11.287
2025-07-08,12.29,12.43,12.16,12.37,7522800,12.546,12.088,11.753,57.79,0.237,0.215,0.022,12.088,12.836,11.339
2025-07-09,12.46,12.58,12.32,12.35,7622500,12.438,12.12,11.771,57.22,0.223,0.216,0.007,12.12,12.853,11.387
2025-07-10,12.38,12.53,12.29,12.5,5848900,12.424,12.152,11.793,60.378,0.221,0.217,0.004,12.152,12.894,11.409
2025-07-11,12.43,12.49,12.31,12.48,4084500,12.394,12.179,11.813,59.745,0.216,0.217,-0.001,12.179,12.927,11.431
2025-07-14,12.41,12.78,12.4,12.73,10525400,12.486,12.234,11.839,64.726,0.229,0.219,0.01,12.234,12.975,11.492
2025-07-15,12.8,12.8,12.66,12.69,9600400,12.55,12.288,11.866,63.375,0.233,0.222,0.011,12.288,12.992,11.585
2025-07-16,12.72,12.76,12.67,12.7,3037200,12.62,12.336,11.897,63.579,0.235,0.225,0.01,12.336,13.013,11.66
2025-07-17,12.67,12.74,12.64,12.67,5853100,12.654,12.384,11.931,62.452,0.231,0.226,0.005,12.384,13.009,11.759
2025-07-18,12.72,12.8,12.6,12.72,6848200,12.702,12.43,11.961,63.61,0.23,0.227,0.003,12.43,13.006,11.855
2025-07-21,12.76,12.85,12.69,12.76,4758000,12.708,12.464,11.991,64.552,0.229,0.227,0.002,12.464,13.034,11.894
2025-07-22,12.86,12.93,12.78,12.84,4139600,12.738,12.503,12.02,66.425,0.232,0.228,0.004,12.503,13.063,11.943
2025-07-23,12.9,12.96,12.84,12.93,4885900,12.784,12.552,12.045,68.444,0.239,0.23,0.009,12.552,13.081,12.022
2025-07-24,12.91,13.02,12.86,12.98,10758000,12.846,12.602,12.072,69.54,0.246,0.234,0.013,12.602,13.089,12.115
2025-07-25,13.2,13.31,12.6,12.78,25566700,12.858,12.638,12.094,60.489,0.233,0.233,-0.001,12.638,13.058,12.218
2025-07-28,12.72,13.03,12.51,12.77,25205600,12.86,12.663,12.119,60.068,0.219,0.231,-0.012,12.663,13.049,12.277
2025-07-29,12.78,13.04,12.77,12.97,28752100,12.886,12.68,12.146,65.274,0.221,0.229,-0.007,12.68,13.089,12.271
2025-07-30,13.02,13.25,12.85,13.02,32766300,12.904,12.686,12.178,66.451,0.225,0.228,-0.003,12.686,13.114,12.259
2025-07-31,11.75,12.35,11.3,12.31,12951500,12.77,12.674,12.195,43.761,0.168,0.216,-0.048,12.674,13.13,12.217
2025-08-01,12.38,13.04,12.09,12.74,9689900,12.762,12.679,12.218,54.005,0.156,0.204,-0.048,12.679,13.136,12.222
2025-08-04,12.74,12.78,12.04,12.05,6560500,12.618,12.668,12.227,41.076,0.09,0.181,-0.091,12.668,13.175,12.161
2025-08-05,12.05,12.1,11.3,11.51,10124100,12.326,12.625,12.226,34.179,-0.006,0.144,-0.15,12.625,13.341,11.909
2025-08-06,11.37,11.41,10.64,10.81,75616700,11.884,12.548,12.209,27.69,-0.137,0.088,-0.224,12.548,13.627,11.469
2025-08-07,11.4,12.52,10.35,11.5,43086700,11.722,12.498,12.205,39.82,-0.183,0.034,-0.216,12.498,13.675,11.321
2025-08-08,11.18,11.61,10.16,10.29,39967400,11.232,12.388,12.175,30.24,-0.313,-0.036,-0.277,12.388,13.925,10.852
2025-08-11,10.4,10.44,9.74,9.91,51349500,10.804,12.247,12.135,27.964,-0.442,-0.117,-0.325,12.247,14.131,10.364
2025-08-12,10.02,11.06,9.93,10.74,30385100,10.65,12.15,12.114,38.797,-0.472,-0.188,-0.284,12.15,14.136,10.164
2025-08-13,10.97,17.16,10.92,14.69,133664900,11.426,12.25,12.175,65.436,-0.175,-0.185,0.011,12.25,14.529,9.97
2025-08-14,14.59,14.63,13.39,14.08,26039900,11.942,12.32,12.222,61.019,0.011,-0.146,0.157,12.32,14.737,9.903
2025-08-15,14.08,14.3,13.38,13.43,16703500,12.57,12.356,12.258,56.632,0.105,-0.096,0.201,12.356,14.818,9.893
2025-08-18,13.43,13.61,12.95,13.22,11959400,13.232,12.378,12.291,55.25,0.161,-0.044,0.205,12.378,14.865,9.892
2025-08-19,13.23,13.39,12.69,13.2,11058900,13.724,12.396,12.322,55.112,0.201,0.005,0.196,12.396,14.903,9.89
2025-08-20,13.22,13.77,13.04,13.69,9088500,13.524,12.434,12.362,57.886,0.269,0.058,0.212,12.434,14.997,9.872
2025-08-21,13.66,15.96,13.66,15.7,46431500,13.848,12.57,12.439,66.918,0.48,0.142,0.338,12.57,15.515,9.626
2025-08-22,15.25,16.29,14.93,15.67,14871600,14.296,12.715,12.514,66.688,0.637,0.241,0.396,12.715,15.97,9.46
2025-08-25,15.58,16.06,15.42,15.63,8131600,14.778,12.858,12.593,66.361,0.75,0.343,0.407,12.858,16.365,9.351
2025-08-26,15.38,15.58,14.83,15.51,14226800,15.24,12.985,12.672,65.325,0.82,0.438,0.382,12.985,16.688,9.282
2025-08-27,15.38,15.38,14.33,14.5,12166100,15.402,13.059,12.727,57.227,0.785,0.508,0.278,13.059,16.823,9.295
2025-08-28,14.46,14.72,14.12,14.38,5585000,15.138,13.162,12.78,56.334,0.739,0.554,0.185,13.162,16.954,9.371
2025-08-29,14.32,14.48,14.08,14.39,4862800,14.882,13.245,12.832,56.395,0.696,0.582,0.113,13.245,17.069,9.421
2025-09-02,14.24,14.35,13.89,14.16,5127200,14.588,13.35,12.874,54.506,0.635,0.593,0.042,13.35,17.152,9.549
2025-09-03,14.15,14.99,14.09,14.75,8362700,14.436,13.512,12.927,58.359,0.628,0.6,0.028,13.512,17.26,9.765
2025-09-04,14.61,14.73,14.11,14.43,5291800,14.422,13.694,12.977,55.608,0.589,0.598,-0.009,13.694,17.235,10.152
2025-09-05,14.18,14.86,14.18,14.69,7422200,14.484,13.853,13.031,57.367,0.573,0.593,-0.02,13.853,17.264,10.442
2025-09-08,14.76,14.92,14.44,14.87,6514800,14.58,14.082,13.087,58.59,0.568,0.588,-0.02,14.082,17.075,11.089
2025-09-09,14.64,15.15,14.41,14.88,6071100,14.724,14.33,13.14,58.661,0.559,0.582,-0.023,14.33,16.603,12.058
2025-09-10,14.98,15.46,14.52,14.8,6164300,14.734,14.534,13.183,57.807,0.539,0.573,-0.035,14.534,16.058,13.009
2025-09-11,14.71,17.21,13.7,17.1,48508800,15.268,14.654,13.267,70.909,0.7,0.599,0.101,14.654,16.563,12.745
2025-09-12,17.1,18.48,16.55,18.4,32421300,16.01,14.87,13.384,75.534,0.922,0.663,0.259,14.87,17.387,12.353
2025-09-15,18.46,18.7,17.89,18.24,11157400,16.684,15.11,13.496,73.975,1.073,0.745,0.328,15.11,17.947,12.274
2025-09-16,18.25,18.28,17.13,17.21,9622700,17.15,15.31,13.595,64.717,1.097,0.816,0.281,15.31,18.148,12.472
2025-09-17,17.32,17.98,17.25,17.59,7332400,17.708,15.529,13.699,66.388,1.134,0.879,0.254,15.529,18.359,12.7
2025-09-18,17.67,17.82,17.34,17.55,5567000,17.798,15.722,13.803,66.033,1.146,0.933,0.213,15.722,18.55,12.895
2025-09-19,17.67,18.88,17.38,18.58,21734800,17.834,15.866,13.925,70.415,1.225,0.991,0.234,15.866,18.969,12.764
2025-09-22,18.58,18.95,18.14,18.27,13813100,17.84,15.997,14.041,67.589,1.248,1.042,0.206,15.997,19.278,12.715
2025-09-23,18.35,20.48,17.96,19.37,23432200,18.272,16.184,14.173,71.899,1.34,1.102,0.238,16.184,19.787,12.58
2025-09-24,19.22,19.68,18.65,18.77,11908400,18.508,16.346,14.295,66.69,1.348,1.151,0.197,16.346,20.113,12.58
2025-09-25,18.39,18.99,18.26,18.59,7548200,18.716,16.551,14.413,65.164,1.325,1.186,0.139,16.551,20.339,12.763
2025-09-26,18.57,18.79,18.34,18.58,4528900,18.716,16.761,14.531,65.075,1.291,1.207,0.084,16.761,20.508,13.014
2025-09-29,18.82,19.34,17.98,19.14,8183600,18.89,16.998,14.659,67.735,1.295,1.225,0.07,16.998,20.715,13.282
2025-09-30,18.96,19.72,18.53,18.58,11997100,18.732,17.22,14.776,62.601,1.238,1.227,0.011,17.22,20.746,13.693
2025-10-01,18.54,18.78,18.26,18.55,4903000,18.688,17.41,14.89,62.329,1.177,1.217,-0.04,17.41,20.782,14.037
2025-10-02,18.57,18.8,18.27,18.28,4635400,18.626,17.602,14.997,59.806,1.094,1.193,-0.098,17.602,20.685,14.519
2025-10-03,18.26,19.1,18.26,18.74,12239000,18.658,17.804,15.112,62.585,1.054,1.165,-0.111,17.804,20.601,15.008
2025-10-06,18.79,18.87,18.34,18.78,10251200,18.586,18.0,15.232,62.825,1.013,1.135,-0.121,18.0,20.459,15.541
2025-10-07,18.74,18.87,17.9,18.17,5035200,18.504,18.164,15.34,56.822,0.921,1.092,-0.171,18.164,20.137,16.192
2025-10-08,18.05,18.53,17.81,18.16,8336300,18.426,18.332,15.444,56.726,0.838,1.041,-0.203,18.332,19.511,17.154
2025-10-09,18.16,18.31,17.57,17.64,4697900,18.298,18.36,15.536,51.837,0.721,0.977,-0.256,18.36,19.44,17.279
2025-10-10,17.77,17.77,16.58,16.69,6055600,17.888,18.274,15.624,44.322,0.546,0.891,-0.345,18.274,19.587,16.961
2025-10-13,16.82,17.22,16.73,16.79,4426700,17.49,18.202,15.705,45.222,0.411,0.795,-0.384,18.202,19.673,16.73
2025-10-14,16.65,17.12,16.33,16.98,4230800,17.252,18.19,15.804,46.977,0.315,0.699,-0.384,18.19,19.697,16.683
2025-10-15,16.96,17.36,16.77,17.11,3790100,17.042,18.166,15.916,48.199,0.247,0.609,-0.362,18.166,19.728,16.604
2025-10-16,17.03,17.11,16.45,16.59,4354500,16.832,18.118,16.031,43.845,0.149,0.517,-0.368,18.118,19.813,16.423
2025-10-17,16.47,16.68,16.21,16.46,4216200,16.786,18.012,16.13,42.804,0.061,0.425,-0.365,18.012,19.845,16.179
2025-10-20,16.62,16.78,16.35,16.68,2422000,16.764,17.932,16.258,45.176,0.008,0.342,-0.334,17.932,19.854,16.011
2025-10-21,16.84,16.98,16.15,16.21,4350700,16.61,17.774,16.384,41.241,-0.071,0.259,-0.33,17.774,19.718,15.831
2025-10-22,16.17,16.43,15.98,16.27,2655200,16.442,17.65,16.495,41.936,-0.127,0.182,-0.309,17.65,19.644,15.655
2025-10-23,16.27,16.56,16.16,16.17,3585500,16.358,17.528,16.524,41.064,-0.177,0.11,-0.288,17.528,19.576,15.481
2025-10-24,16.39,16.58,16.28,16.42,2239000,16.35,17.42,16.571,44.189,-0.195,0.049,-0.244,17.42,19.462,15.379
2025-10-27,16.5,16.62,16.06,16.27,3798300,16.268,17.277,16.628,42.725,-0.219,-0.004,-0.214,17.277,19.21,15.344
2025-10-28,16.26,16.26,15.82,15.91,3481800,16.208,17.144,16.682,39.355,-0.263,-0.056,-0.207,17.144,19.067,15.22
2025-10-29,15.91,15.98,15.52,15.59,4414400,16.072,16.996,16.73,36.592,-0.321,-0.109,-0.212,16.996,18.918,15.073
2025-10-30,15.5,15.57,15.09,15.18,4880200,15.874,16.84,16.759,33.361,-0.395,-0.166,-0.229,16.84,18.826,14.855
2025-10-31,15.1,15.36,15.01,15.11,6730500,15.612,16.659,16.748,32.828,-0.454,-0.224,-0.23,16.659,18.576,14.742
2025-11-03,15.08,15.19,14.6,15.14,6608200,15.386,16.477,16.737,33.319,-0.493,-0.278,-0.215,16.477,18.23,14.724
2025-11-04,14.93,15.16,14.52,14.57,7350400,15.118,16.297,16.716,28.979,-0.563,-0.335,-0.228,16.297,18.058,14.536
2025-11-05,14.58,15.06,14.56,14.82,6114600,14.964,16.13,16.702,33.096,-0.592,-0.386,-0.206,16.13,17.777,14.483
2025-11-06,14.82,15.12,14.46,14.53,6506000,14.834,15.974,16.703,30.861,-0.631,-0.435,-0.196,15.974,17.608,14.341
2025-11-07,14.39,15.0,14.38,14.83,9772900,14.778,15.881,16.712,35.698,-0.63,-0.474,-0.156,15.881,17.555,14.208
2025-11-10,14.85,15.04,14.7,14.97,13006300,14.744,15.79,16.723,37.882,-0.611,-0.501,-0.11,15.79,17.454,14.127
2025-11-11,15.91,16.85,15.72,16.44,15858700,15.118,15.763,16.769,55.12,-0.472,-0.496,0.024,15.763,17.362,14.165
2025-11-12,16.26,16.3,14.99,15.29,12218000,15.212,15.673,16.78,44.675,-0.449,-0.486,0.037,15.673,17.151,14.194
2025-11-13,15.2,15.5,15.01,15.09,5957600,15.324,15.598,16.793,43.144,-0.443,-0.478,0.035,15.598,17.031,14.164
2025-11-14,15.0,15.48,14.78,15.39,6226900,15.436,15.544,16.807,46.127,-0.408,-0.464,0.055,15.544,16.921,14.167
2025-11-17,15.43,15.64,15.32,15.44,7821900,15.53,15.482,16.818,46.629,-0.373,-0.446,0.073,15.482,16.751,14.213
2025-11-18,15.41,16.01,14.97,15.8,10117500,15.402,15.462,16.837,50.229,-0.312,-0.419,0.107,15.462,16.694,14.229
2025-11-19,15.69,15.86,15.17,15.19,7942600,15.382,15.407,16.844,44.724,-0.309,-0.397,0.088,15.407,16.584,14.231
2025-11-20,15.3,16.0,15.24,15.39,8946300,15.442,15.369,16.81,46.784,-0.288,-0.375,0.087,15.369,16.489,14.248
2025-11-21,15.41,15.75,15.18,15.6,5483100,15.484,15.328,16.754,48.935,-0.251,-0.35,0.099,15.328,16.341,14.314
2025-11-24,15.6,15.61,14.73,14.79,13558300,15.354,15.253,16.685,41.899,-0.284,-0.337,0.053,15.253,16.19,14.317
2025-11-25,14.87,15.38,14.83,15.36,4552500,15.266,15.226,16.648,47.608,-0.261,-0.322,0.061,15.226,16.112,14.34
2025-11-26,15.39,15.56,15.17,15.5,6666200,15.328,15.221,16.606,48.935,-0.229,-0.303,0.074,15.221,16.101,14.342
2025-11-28,15.51,15.74,15.21,15.73,2774900,15.396,15.249,16.57,51.125,-0.183,-0.279,0.096,15.249,16.157,14.341
2025-12-01,15.52,15.61,15.22,15.42,4571600,15.36,15.265,16.507,48.129,-0.169,-0.257,0.088,15.265,16.173,14.356
2025-12-02,15.42,15.76,15.22,15.53,6446300,15.508,15.284,16.452,49.265,-0.148,-0.235,0.087,15.284,16.198,14.37
2025-12-03,15.51,15.54,14.37,14.4,9614700,15.316,15.276,16.353,39.655,-0.22,-0.232,0.012,15.276,16.22,14.331
2025-12-04,14.36,14.64,13.99,14.55,7527200,15.126,15.262,16.268,41.292,-0.262,-0.238,-0.023,15.262,16.241,14.283
2025-12-05,14.15,14.15,12.96,13.13,27103900,14.606,15.192,16.159,32.346,-0.405,-0.271,-0.133,15.192,16.527,13.857
2025-12-08,13.82,14.49,13.28,14.3,39522900,14.382,15.166,16.073,43.255,-0.419,-0.301,-0.118,15.166,16.551,13.78
2025-12-09,14.16,14.54,13.72,14.37,15404800,14.15,15.135,15.978,43.838,-0.419,-0.325,-0.095,15.135,16.564,13.707
2025-12-10,14.41,15.02,14.29,14.45,14626200,14.16,15.036,15.895,44.54,-0.409,-0.341,-0.067,15.036,16.355,13.717
2025-12-11,14.54,14.76,13.79,13.86,19132600,14.022,14.964,15.802,40.518,-0.443,-0.362,-0.081,14.964,16.377,13.552
2025-12-12,13.83,13.98,13.46,13.49,10241500,14.094,14.884,15.706,38.19,-0.494,-0.388,-0.106,14.884,16.441,13.328
2025-12-15,13.53,13.75,13.22,13.74,6609300,13.982,14.802,15.606,40.671,-0.509,-0.412,-0.096,14.802,16.42,13.184
2025-12-16,13.61,13.73,13.26,13.6,7513000,13.828,14.71,15.502,39.71,-0.525,-0.435,-0.09,14.71,16.383,13.037
2025-12-17,13.3,13.33,12.82,12.86,12883200,13.51,14.563,15.396,35.0,-0.592,-0.466,-0.125,14.563,16.346,12.78
2025-12-18,12.92,13.05,12.76,12.82,7405300,13.302,14.444,15.289,34.76,-0.64,-0.501,-0.139,14.444,16.362,12.527
2025-12-19,12.76,12.95,12.68,12.86,23333000,13.176,14.318,15.194,35.238,-0.667,-0.534,-0.133,14.318,16.305,12.331
2025-12-22,13.29,13.9,13.25,13.41,11618000,13.11,14.208,15.128,41.579,-0.637,-0.555,-0.082,14.208,16.139,12.278
2025-12-23,13.3,13.44,13.25,13.33,4407500,13.056,14.135,15.059,40.951,-0.613,-0.566,-0.046,14.135,16.084,12.187
2025-12-24,13.3,13.55,13.17,13.54,2464100,13.192,14.045,14.99,43.369,-0.57,-0.567,-0.003,14.045,15.92,12.169
2025-12-26,13.5,13.54,13.27,13.39,2886800,13.306,13.939,14.916,42.045,-0.542,-0.562,0.02,13.939,15.704,12.174
2025-12-29,13.3,13.36,13.23,13.3,4764400,13.394,13.818,14.85,41.231,-0.521,-0.554,0.033,13.818,15.388,12.247
2025-12-30,13.21,13.49,13.21,13.31,3937200,13.374,13.712,14.787,41.367,-0.497,-0.542,0.045,13.712,15.102,12.322
2025-12-31,13.2,13.31,13.15,13.21,5084300,13.35,13.596,14.717,40.363,-0.482,-0.53,0.049,13.596,14.706,12.486
2026-01-02,13.21,13.24,12.94,12.99,5927700,13.24,13.526,14.653,38.168,-0.481,-0.52,0.039,13.526,14.599,12.452
2026-01-05,12.94,12.98,12.7,12.79,7570600,13.12,13.438,14.583,36.238,-0.491,-0.515,0.023,13.438,14.444,12.431
2026-01-06,12.79,12.79,12.27,12.32,11137900,12.924,13.397,14.506,32.128,-0.531,-0.518,-0.013,13.397,14.515,12.279
2026-01-07,12.38,12.42,12.05,12.19,6702800,12.7,13.292,14.422,31.078,-0.567,-0.528,-0.039,13.292,14.448,12.135
2026-01-08,12.18,12.33,12.07,12.09,7859300,12.476,13.178,14.338,30.259,-0.596,-0.541,-0.055,13.178,14.336,12.019
2026-01-09,12.11,12.14,11.85,11.89,7700100,12.256,13.05,14.258,28.633,-0.628,-0.559,-0.07,13.05,14.181,11.918
2026-01-12,11.84,12.02,11.8,11.97,6919800,12.092,12.955,14.185,30.247,-0.64,-0.575,-0.065,12.955,14.117,11.793
2026-01-13,11.95,12.04,11.87,11.96,7364500,12.02,12.878,14.121,30.155,-0.643,-0.589,-0.054,12.878,14.092,11.665
2026-01-14,11.95,12.02,11.83,11.91,4829700,11.964,12.787,14.057,29.67,-0.641,-0.599,-0.042,12.787,14.003,11.571
2026-01-15,11.9,11.94,11.6,11.66,6835800,11.878,12.69,13.987,27.306,-0.653,-0.61,-0.043,12.69,13.942,11.438
2026-01-16,11.72,11.79,11.58,11.63,6144200,11.826,12.628,13.929,27.027,-0.657,-0.619,-0.038,12.628,13.964,11.293
2026-01-20,11.36,11.65,11.28,11.38,11269900,11.708,12.556,13.86,24.762,-0.673,-0.63,-0.043,12.556,13.999,11.114
2026-01-21,11.34,11.46,11.25,11.43,5892500,11.602,12.485,13.798,26.096,-0.673,-0.639,-0.035,12.485,14.004,10.966
2026-01-22,11.54,11.77,11.48,11.61,7224800,11.542,12.395,13.733,30.85,-0.652,-0.641,-0.01,12.395,13.897,10.893
2026-01-23,11.56,11.66,11.53,11.53,4484100,11.516,12.305,13.665,29.929,-0.634,-0.64,0.006,12.305,13.786,10.824
2026-01-26,11.58,11.83,11.41,11.72,6274200,11.534,12.214,13.57,34.902,-0.597,-0.631,0.034,12.214,13.596,10.832
2026-01-27,11.74,11.79,11.29,11.38,5415900,11.534,12.114,13.492,30.703,-0.589,-0.623,0.034,12.114,13.426,10.801
2026-01-28,11.42,11.49,11.17,11.18,4473300,11.484,12.008,13.414,28.528,-0.592,-0.617,0.025,12.008,13.258,10.757
2026-01-29,11.18,11.18,10.8,11.1,7729500,11.382,11.897,13.328,27.684,-0.594,-0.612,0.018,11.897,13.049,10.745
2026-01-30,11.06,11.1,10.82,11.05,5752700,11.286,11.789,13.24,27.143,-0.592,-0.608,0.016,11.789,12.822,10.756
2026-02-02,10.94,11.07,10.87,11.02,5975900,11.146,11.69,13.145,26.804,-0.587,-0.604,0.017,11.69,12.611,10.77
2026-02-03,10.95,10.99,10.59,10.65,11221700,11.0,11.584,13.054,22.996,-0.606,-0.604,-0.001,11.584,12.462,10.705
2026-02-04,10.64,10.82,10.5,10.59,11096000,10.882,11.497,12.958,22.44,-0.618,-0.607,-0.011,11.497,12.41,10.584
2026-02-05,10.64,10.69,10.19,10.37,7618700,10.736,11.406,12.853,20.482,-0.638,-0.613,-0.025,11.406,12.388,10.424
2026-02-06,10.45,10.62,10.3,10.41,7137200,10.608,11.322,12.766,21.817,-0.644,-0.619,-0.024,11.322,12.345,10.299
2026-02-09,10.35,10.54,10.16,10.53,7458900,10.51,11.254,12.669,25.842,-0.631,-0.622,-0.009,11.254,12.298,10.21
2026-02-10,10.61,10.77,10.55,10.68,8683400,10.516,11.189,12.573,30.648,-0.602,-0.618,0.016,11.189,12.207,10.172
2026-02-11,10.67,10.91,10.53,10.85,6938500,10.568,11.134,12.475,35.731,-0.559,-0.606,0.047,11.134,12.094,10.174
2026-02-12,10.84,10.86,10.0,10.1,10202100,10.514,11.043,12.369,26.502,-0.578,-0.6,0.022,11.043,12.036,10.051
2026-02-13,10.12,10.3,10.04,10.17,8460500,10.466,10.969,12.261,28.362,-0.582,-0.597,0.015,10.969,11.99,9.948
2026-02-17,10.47,11.17,10.47,10.67,13681700,10.494,10.921,12.187,40.034,-0.538,-0.585,0.047,10.921,11.9,9.942
2026-02-18,10.67,11.09,10.55,10.96,7349000,10.55,10.9,12.115,45.573,-0.474,-0.563,0.089,10.9,11.856,9.944
2026-02-19,10.92,10.97,10.62,10.78,6815200,10.536,10.868,12.068,42.923,-0.433,-0.537,0.104,10.868,11.791,9.944
2026-02-20,10.79,10.81,10.56,10.56,8880900,10.628,10.815,11.993,39.871,-0.413,-0.512,0.099,10.815,11.678,9.952
2026-02-23,10.57,10.58,10.25,10.41,9263800,10.676,10.759,11.914,37.893,-0.405,-0.491,0.085,10.759,11.57,9.948
2026-02-24,10.36,10.53,10.21,10.24,7891300,10.59,10.685,11.83,35.729,-0.408,-0.474,0.066,10.685,11.39,9.98
2026-02-25,10.25,10.4,10.0,10.01,13242200,10.4,10.616,11.753,32.985,-0.424,-0.464,0.04,10.616,11.304,9.929
2026-02-26,10.17,11.14,10.16,11.02,16079400,10.448,10.609,11.703,50.841,-0.351,-0.441,0.091,10.609,11.271,9.946
2026-02-27,11.05,13.8,10.82,13.31,91699600,10.998,10.719,11.695,70.217,-0.107,-0.374,0.268,10.719,12.088,9.35
2026-03-02,13.9,13.9,12.87,13.15,27383800,11.546,10.824,11.686,68.195,0.073,-0.285,0.358,10.824,12.57,9.078
2026-03-03,12.66,12.93,12.07,12.27,22139400,11.952,10.886,11.674,58.256,0.142,-0.2,0.342,10.886,12.748,9.025
2026-03-04,12.12,12.45,11.84,11.88,14241900,12.326,10.948,11.655,54.467,0.164,-0.127,0.291,10.948,12.857,9.039
2026-03-05,11.89,12.33,11.54,11.57,17429400,12.436,10.997,11.629,51.595,0.155,-0.071,0.225,10.997,12.917,9.077
2026-03-06,11.36,11.96,11.17,11.82,11347300,12.138,11.07,11.598,53.715,0.165,-0.023,0.189,11.07,13.0,9.139
2026-03-09,11.32,11.43,10.86,11.03,13474600,11.714,11.1,11.552,46.748,0.109,0.003,0.106,11.1,13.006,9.195
2026-03-10,10.87,10.93,10.1,10.18,21087800,11.296,11.083,11.484,40.64,-0.004,0.002,-0.006,11.083,13.017,9.149
2026-03-11,10.23,10.27,9.77,9.8,12482400,10.88,11.039,11.413,38.235,-0.123,-0.023,-0.1,11.039,13.05,9.028
2026-03-12,9.71,9.9,9.65,9.66,10735700,10.498,10.98,11.34,37.358,-0.226,-0.064,-0.162,10.98,13.082,8.877
2026-03-13,9.71,9.85,9.4,9.58,16612900,10.05,10.954,11.265,36.838,-0.311,-0.113,-0.198,10.954,13.114,8.793
2026-03-16,9.53,9.63,9.39,9.41,12748500,9.726,10.916,11.189,35.7,-0.387,-0.168,-0.219,10.916,13.159,8.672
2026-03-17,9.43,9.61,9.13,9.14,11598900,9.518,10.839,11.112,33.91,-0.464,-0.227,-0.237,10.839,13.218,8.46
2026-03-18,9.03,9.21,8.88,8.92,8799700,9.342,10.737,11.035,32.48,-0.537,-0.289,-0.247,10.737,13.265,8.209
2026-03-19,8.81,8.92,8.54,8.88,10724900,9.186,10.642,10.966,32.214,-0.59,-0.349,-0.241,10.642,13.302,7.982
2026-03-20,8.84,9.15,8.78,9.06,23898500,9.082,10.567,10.903,34.801,-0.612,-0.402,-0.21,10.567,13.32,7.814
2026-03-23,9.15,9.33,8.96,9.05,9541000,9.01,10.499,10.843,34.722,-0.622,-0.446,-0.176,10.499,13.334,7.664
2026-03-24,9.01,9.26,9.0,9.08,9786300,8.998,10.441,10.786,35.199,-0.621,-0.481,-0.14,10.441,13.345,7.537
2026-03-25,9.11,9.23,8.99,9.14,9298800,9.042,10.398,10.73,36.203,-0.608,-0.506,-0.101,10.398,13.354,7.441
2026-03-26,9.07,9.16,8.78,8.8,10668100,9.026,10.286,10.667,33.076,-0.618,-0.528,-0.089,10.286,13.311,7.262
2026-03-27,8.8,8.94,8.57,8.71,9833500,8.956,10.056,10.603,32.281,-0.626,-0.548,-0.078,10.056,12.799,7.314
2026-03-30,8.77,8.99,8.68,8.84,8343700,8.914,9.841,10.546,34.721,-0.614,-0.561,-0.053,9.841,12.213,7.469
2026-03-31,8.82,9.16,8.63,8.94,27912700,8.886,9.674,10.492,36.613,-0.591,-0.567,-0.024,9.674,11.781,7.568
2026-04-01,8.95,9.19,8.89,9.16,9585500,8.89,9.538,10.448,40.687,-0.548,-0.563,0.015,9.538,11.38,7.697
2026-04-02,8.94,9.62,8.94,9.43,12892300,9.016,9.432,10.408,45.33,-0.486,-0.548,0.061,9.432,11.005,7.858
2026-04-06,9.43,9.95,9.38,9.76,10663200,9.226,9.328,10.371,50.437,-0.406,-0.52,0.113,9.328,10.448,8.209
2026-04-07,9.67,11.05,9.67,10.8,37937400,9.618,9.317,10.356,62.368,-0.256,-0.467,0.211,9.317,10.365,8.269
2026-04-08,10.86,11.23,10.7,10.72,19513100,9.974,9.344,10.336,61.149,-0.142,-0.402,0.26,9.344,10.507,8.181
2026-04-09,10.68,10.86,10.33,10.75,13849800,10.292,9.392,10.324,61.453,-0.048,-0.331,0.283,9.392,10.701,8.082
2026-04-10,10.8,10.91,10.39,10.52,9474500,10.51,9.434,10.311,57.72,0.007,-0.264,0.271,9.434,10.835,8.034
2026-04-13,10.43,10.66,10.22,10.63,11251900,10.684,9.487,10.301,59.003,0.059,-0.199,0.258,9.487,10.986,7.988
2026-04-14,10.67,11.04,10.64,10.98,8876300,10.72,9.566,10.3,62.863,0.127,-0.134,0.261,9.566,11.205,7.926
2026-04-15,11.0,11.67,10.95,11.56,11100600,10.888,9.686,10.311,68.207,0.225,-0.062,0.287,9.686,11.537,7.836
2026-04-16,11.65,11.83,11.49,11.62,5981200,11.062,9.822,10.33,68.708,0.305,0.011,0.293,9.822,11.825,7.818
2026-04-17,11.68,11.86,11.5,11.63,7187800,11.284,9.959,10.351,68.797,0.364,0.082,0.282,9.959,12.065,7.853
2026-04-20,11.57,11.76,11.5,11.71,5952000,11.5,10.092,10.378,69.538,0.413,0.148,0.265,10.092,12.291,7.892
2026-04-21,11.75,11.81,11.5,11.5,8428900,11.604,10.214,10.399,65.163,0.429,0.204,0.225,10.214,12.442,7.986
2026-04-22,11.6,11.72,11.37,11.69,5347500,11.63,10.344,10.423,67.175,0.453,0.254,0.199,10.344,12.598,8.091
2026-04-23,11.69,11.71,10.96,11.16,8489700,11.538,10.446,10.432,57.243,0.424,0.288,0.136,10.446,12.652,8.239
2026-04-24,11.16,11.22,10.8,10.87,6288900,11.386,10.549,10.433,52.655,0.373,0.305,0.068,10.549,12.621,8.477
2026-04-27,10.92,11.09,10.47,10.49,9839300,11.142,10.638,10.44,47.305,0.298,0.304,-0.005,10.638,12.522,8.754
2026-04-28,10.48,10.53,10.2,10.42,9172100,10.926,10.717,10.445,46.37,0.231,0.289,-0.058,10.717,12.406,9.028
2026-04-29,10.45,10.45,10.11,10.24,5899600,10.636,10.782,10.437,43.965,0.162,0.264,-0.102,10.782,12.271,9.293
2026-04-30,10.16,10.3,10.08,10.14,15083300,10.432,10.831,10.42,42.641,0.097,0.23,-0.133,10.831,12.15,9.512
2026-05-01,10.68,11.14,10.61,10.99,12286000,10.456,10.909,10.425,55.032,0.113,0.207,-0.094,10.909,12.052,9.766
2026-05-04,10.91,11.12,10.74,11.03,12353800,10.564,10.972,10.434,55.519,0.128,0.191,-0.063,10.972,11.979,9.966
2026-05-05,10.73,10.86,10.07,10.56,12843600,10.592,10.96,10.437,48.828,0.101,0.173,-0.073,10.96,11.982,9.939
2026-05-06,10.7,10.95,10.59,10.81,10000400,10.706,10.965,10.448,52.133,0.098,0.158,-0.06,10.965,11.982,9.948
2026-05-07,10.76,10.96,10.57,10.66,13606400,10.81,10.96,10.461,50.045,0.083,0.143,-0.06,10.96,11.983,9.938
2026-05-08,10.61,11.01,10.56,10.99,8164900,10.81,10.984,10.461,54.375,0.096,0.133,-0.038,10.984,11.985,9.983
2026-05-11,11.05,11.07,10.63,10.8,13264200,10.764,10.992,10.411,51.601,0.09,0.125,-0.035,10.992,11.984,10.001
2026-05-12,10.81,10.86,10.43,10.59,11018800,10.77,10.973,10.359,48.648,0.068,0.113,-0.045,10.973,11.98,9.966
2026-05-13,10.51,10.55,10.29,10.37,10685900,10.682,10.914,10.321,45.697,0.032,0.097,-0.065,10.914,11.916,9.911
2026-05-14,10.4,10.52,10.01,10.02,10650600,10.554,10.833,10.284,41.396,-0.024,0.073,-0.097,10.833,11.853,9.814
2026-05-15,9.94,10.05,9.72,9.8,14996600,10.316,10.742,10.249,38.916,-0.085,0.041,-0.127,10.742,11.789,9.695
2026-05-18,9.81,9.92,9.67,9.73,7559500,10.102,10.643,10.207,38.133,-0.138,0.005,-0.144,10.643,11.679,9.607
2026-05-19,9.72,9.87,9.62,9.81,9796300,9.946,10.558,10.183,39.628,-0.171,-0.03,-0.142,10.558,11.576,9.541
2026-05-20,9.77,10.09,9.63,10.04,12427200,9.88,10.476,10.18,43.829,-0.177,-0.059,-0.118,10.476,11.367,9.585
2026-05-21,9.98,10.27,9.84,10.18,5373000,9.912,10.427,10.187,46.28,-0.169,-0.081,-0.087,10.427,11.265,9.589
2026-05-22,10.24,10.51,10.19,10.36,5042200,10.024,10.402,10.201,49.34,-0.146,-0.094,-0.051,10.402,11.214,9.589
2026-05-26,10.31,10.44,10.2,10.27,4730400,10.132,10.39,10.215,47.871,-0.133,-0.102,-0.031,10.39,11.204,9.577
2026-05-27,10.2,10.77,10.19,10.52,7290000,10.274,10.396,10.237,52.133,-0.102,-0.102,0.0,10.396,11.211,9.58
2026-05-28,10.46,10.74,10.33,10.71,5717000,10.408,10.419,10.269,55.135,-0.061,-0.094,0.033,10.419,11.242,9.596
2026-05-29,10.56,10.75,10.43,10.51,6996700,10.474,10.438,10.301,51.475,-0.044,-0.084,0.04,10.438,11.251,9.624
2026-06-01,10.5,11.07,10.35,10.88,7128000,10.578,10.432,10.341,57.143,-0.001,-0.067,0.066,10.432,11.231,9.633
2026-06-02,10.81,10.84,10.53,10.68,8088700,10.66,10.414,10.373,53.505,0.017,-0.051,0.067,10.414,11.173,9.656
2026-06-03,10.68,10.68,10.3,10.35,6224000,10.626,10.404,10.399,48.068,0.004,-0.04,0.044,10.404,11.16,9.648
2026-06-04,10.41,10.77,10.41,10.58,4881900,10.6,10.392,10.429,51.748,0.013,-0.029,0.042,10.392,11.129,9.656
2026-06-05,10.55,10.62,9.72,10.12,14616000,10.522,10.366,10.449,44.895,-0.018,-0.027,0.009,10.366,11.1,9.631
2026-06-08,10.06,10.32,9.78,10.29,8844000,10.404,10.33,10.478,47.654,-0.027,-0.027,-0.001,10.33,11.004,9.657
2026-06-09,10.3,10.41,10.12,10.14,8326800,10.296,10.298,10.507,45.49,-0.047,-0.031,-0.016,10.298,10.938,9.657
2026-06-10,10.16,10.33,10.09,10.21,6066300,10.268,10.278,10.534,46.706,-0.056,-0.036,-0.02,10.278,10.905,9.652
2026-06-11,10.15,10.66,9.99,10.39,6901400,10.23,10.279,10.563,49.808,-0.048,-0.038,-0.01,10.279,10.907,9.652
2026-06-12,10.36,10.43,10.07,10.37,4767900,10.28,10.297,10.588,49.463,-0.043,-0.039,-0.004,10.297,10.913,9.681
2026-06-15,10.8,10.92,10.32,10.44,10877700,10.31,10.329,10.608,50.747,-0.033,-0.038,0.005,10.329,10.901,9.757
2026-06-16,10.39,10.74,10.15,10.25,7950100,10.332,10.355,10.618,47.239,-0.04,-0.038,-0.001,10.355,10.855,9.855
2026-06-17,10.14,10.24,9.86,9.93,9025100,10.276,10.361,10.6,41.976,-0.07,-0.045,-0.025,10.361,10.836,9.886
2026-06-18,9.93,10.15,9.71,9.89,28105400,10.176,10.354,10.584,41.356,-0.096,-0.055,-0.041,10.354,10.854,9.853
2026-06-22,9.83,10.05,9.71,9.84,8102900,10.07,10.336,10.565,40.55,-0.12,-0.068,-0.052,10.336,10.883,9.79
2026-06-23,9.75,9.84,9.55,9.68,7896600,9.918,10.302,10.549,37.996,-0.15,-0.084,-0.065,10.302,10.922,9.683
2026-06-24,9.65,9.83,9.6,9.71,5872000,9.81,10.274,10.53,38.774,-0.169,-0.101,-0.068,10.274,10.949,9.6
2026-06-25,9.66,9.79,9.36,9.39,6645400,9.702,10.218,10.498,33.887,-0.208,-0.123,-0.085,10.218,10.988,9.448
2026-06-26,9.32,9.78,9.31,9.6,7282800,9.644,10.162,10.459,39.295,-0.219,-0.142,-0.077,10.162,10.943,9.382
2026-06-29,9.77,9.91,9.63,9.77,7001500,9.63,10.125,10.422,43.336,-0.211,-0.156,-0.056,10.125,10.907,9.344
2026-06-30,9.75,9.96,9.57,9.81,14379400,9.656,10.072,10.386,44.276,-0.2,-0.165,-0.036,10.072,10.779,9.365
2026-07-01,9.85,10.19,9.68,10.12,7970800,9.738,10.044,10.354,51.052,-0.164,-0.165,0.0,10.044,10.692,9.396
2026-07-02,10.18,10.34,10.04,10.34,5750500,9.928,10.044,10.331,55.215,-0.117,-0.155,0.038,10.044,10.69,9.397
2026-07-06,10.27,10.32,9.92,10.04,6825500,10.016,10.016,10.298,49.085,-0.102,-0.144,0.042,10.016,10.612,9.421
2026-07-07,10.09,10.17,9.88,9.89,4327400,10.04,10.005,10.272,46.316,-0.101,-0.136,0.034,10.005,10.601,9.409
2026-07-08,9.9,9.9,9.56,9.71,6541300,10.02,9.976,10.249,43.169,-0.114,-0.131,0.017,9.976,10.57,9.382
2026-07-09,9.21,9.38,8.8,9.29,18873900,9.854,9.934,10.225,36.874,-0.156,-0.136,-0.02,9.934,10.596,9.271
2026-07-10,9.38,9.49,9.2,9.37,9351900,9.66,9.891,10.204,38.708,-0.181,-0.145,-0.036,9.891,10.586,9.197
2026-07-13,9.42,9.75,9.34,9.51,10841700,9.554,9.848,10.19,41.888,-0.187,-0.154,-0.034,9.848,10.52,9.175
2026-07-14,9.42,9.51,9.06,9.08,7986500,9.392,9.783,10.168,35.751,-0.224,-0.168,-0.057,9.783,10.491,9.075
2026-07-15,9.18,9.31,9.03,9.21,6546200,9.292,9.722,10.133,38.677,-0.241,-0.182,-0.058,9.722,10.402,9.041
2026-07-16,9.24,9.34,9.08,9.1,9007400,9.254,9.664,10.094,37.136,-0.259,-0.198,-0.061,9.664,10.351,8.977
2026-07-17,9.02,9.09,8.65,8.71,12992400,9.122,9.603,10.057,32.233,-0.302,-0.219,-0.083,9.603,10.399,8.807
2026-07-20,8.76,8.8,8.52,8.53,9185400,8.926,9.535,10.012,30.248,-0.346,-0.244,-0.102,9.535,10.451,8.619
2026-07-21,8.47,8.61,8.37,8.49,9092300,8.808,9.468,9.968,29.809,-0.38,-0.271,-0.109,9.468,10.482,8.453
2026-07-22,8.53,8.88,8.42,8.74,11617700,8.714,9.42,9.923,36.059,-0.383,-0.294,-0.089,9.42,10.48,8.361
2026-07-23,8.63,8.69,8.42,8.45,6753000,8.584,9.358,9.876,32.45,-0.403,-0.316,-0.088,9.358,10.492,8.223
2026-07-24,8.46,8.53,8.13,8.17,8476600,8.476,9.296,9.828,29.39,-0.437,-0.34,-0.097,9.296,10.548,8.045
2026-07-27,8.16,8.2,7.82,7.99,18407200,8.368,9.216,9.78,27.59,-0.473,-0.367,-0.107,9.216,10.587,7.845
2026-07-28,8.04,8.14,7.92,8.03,15794300,8.276,9.129,9.74,28.636,-0.493,-0.392,-0.101,9.129,10.571,7.687
2026-07-29,8.07,8.09,7.78,7.91,14341900,8.11,9.034,9.703,27.359,-0.512,-0.416,-0.096,9.034,10.536,7.532
2026-07-30,7.86,7.87,7.62,7.77,13565500,7.974,8.917,9.663,25.907,-0.533,-0.439,-0.093,8.917,10.429,7.404
2026-07-31,7.76,7.96,7.58,7.92,15142300,7.924,8.796,9.626,30.182,-0.531,-0.458,-0.073,8.796,10.212,7.379
2026-08-03,7.96,8.19,7.88,8.18,15180700,7.962,8.702,9.588,36.97,-0.502,-0.467,-0.036,8.702,10.016,7.389
2026-08-04,8.19,8.48,8.17,8.34,16253300,8.024,8.625,9.552,40.786,-0.462,-0.466,0.004,8.625,9.821,7.429
2026-08-05,8.45,8.81,8.05,8.72,19256300,8.186,8.576,9.519,48.725,-0.394,-0.451,0.057,8.576,9.659,7.492
2026-08-06,8.88,9.22,8.67,9.02,13262500,8.436,8.562,9.494,53.972,-0.313,-0.424,0.111,8.562,9.614,7.51
2026-08-07,9.02,9.42,8.99,9.15,9326900,8.682,8.551,9.466,56.07,-0.235,-0.386,0.151,8.551,9.572,7.53
2026-08-10,9.09,9.26,8.96,9.23,9787600,8.892,8.537,9.437,57.357,-0.165,-0.342,0.176,8.537,9.509,7.565
2026-08-11,9.19,9.38,9.1,9.34,8369700,9.092,8.55,9.413,59.132,-0.1,-0.293,0.193,8.55,9.559,7.541
2026-08-12,9.29,9.95,9.27,9.46,15823200,9.24,8.562,9.385,61.036,-0.038,-0.242,0.204,8.562,9.611,7.514
2026-08-13,9.46,10.0,9.46,9.92,15035900,9.42,8.604,9.37,67.323,0.048,-0.184,0.232,8.604,9.795,7.412
2026-08-14,9.94,10.27,9.92,10.09,10676100,9.608,8.672,9.365,69.295,0.128,-0.122,0.25,8.672,10.037,7.308
2026-08-17,10.0,10.28,9.95,10.23,6878300,9.808,8.758,9.358,70.854,0.2,-0.057,0.258,8.758,10.287,7.228
2026-08-18,10.29,10.42,10.1,10.38,9512600,10.016,8.852,9.363,72.468,0.267,0.007,0.259,8.852,10.537,7.167
2026-08-19,10.39,10.58,10.28,10.55,10702700,10.234,8.942,9.368,74.211,0.329,0.072,0.258,8.942,10.789,7.096
2026-08-20,10.45,10.6,10.12,10.24,9308200,10.298,9.032,9.37,66.006,0.35,0.127,0.223,9.032,10.95,7.114
2026-08-21,10.32,10.37,10.18,10.3,7448700,10.34,9.138,9.372,66.772,0.367,0.175,0.192,9.138,11.091,7.186
2026-08-24,10.26,10.5,10.08,10.3,11258300,10.354,9.254,9.37,66.772,0.376,0.215,0.161,9.254,11.194,7.314
2026-08-25,10.27,10.71,10.21,10.62,9603500,10.402,9.384,9.375,70.835,0.404,0.253,0.151,9.384,11.325,7.442
2026-08-26,10.58,10.72,10.39,10.69,7899700,10.43,9.522,9.38,71.652,0.428,0.288,0.139,9.522,11.418,7.627
2026-08-27,10.63,10.93,10.46,10.75,8432400,10.532,9.671,9.39,72.366,0.446,0.32,0.126,9.671,11.452,7.891
2026-08-28,10.73,10.93,10.63,10.83,10029400,10.638,9.817,9.408,73.331,0.461,0.348,0.113,9.817,11.465,8.169
2026-08-31,10.75,11.16,10.69,10.86,11109800,10.75,9.951,9.427,73.702,0.47,0.372,0.098,9.951,11.469,8.433
2026-09-01,10.76,10.81,10.32,10.5,10431800,10.726,10.059,9.441,62.475,0.443,0.387,0.057,10.059,11.391,8.727
2026-09-02,10.5,11.15,10.5,10.92,11984000,10.772,10.169,9.465,68.503,0.451,0.399,0.051,10.169,11.394,8.944
2026-09-03,11.09,11.14,10.73,10.99,9272700,10.82,10.268,9.491,69.386,0.457,0.411,0.046,10.268,11.418,9.117
2026-09-04,10.91,11.08,10.71,10.81,8468100,10.816,10.35,9.519,64.389,0.443,0.417,0.025,10.35,11.397,9.304
2026-09-08,10.7,10.98,10.57,10.75,14293500,10.794,10.426,9.542,62.766,0.421,0.418,0.003,10.426,11.343,9.51
2026-09-09,10.73,10.76,10.14,10.17,13151100,10.728,10.468,9.55,49.722,0.353,0.405,-0.052,10.468,11.241,9.695
2026-09-10,10.14,10.5,10.12,10.33,13039800,10.61,10.512,9.561,52.646,0.309,0.386,-0.077,10.512,11.128,9.895
2026-09-11,10.4,10.58,10.36,10.55,8178000,10.522,10.543,9.569,56.4,0.288,0.366,-0.078,10.543,11.093,9.993
2026-09-14,10.79,11.05,10.65,10.82,11123400,10.524,10.58,9.579,60.535,0.29,0.351,-0.061,10.58,11.099,10.06
2026-09-15,10.8,11.06,10.75,11.01,12310500,10.576,10.619,9.598,63.182,0.304,0.342,-0.038,10.619,11.144,10.093
2026-09-16,10.9,11.28,10.9,11.14,17221900,10.77,10.656,9.623,64.915,0.321,0.338,-0.016,10.656,11.218,10.095
