Date,Open,High,Low,Close,Volume,SMA5,SMA20,SMA50,RSI,MACD,MACD_signal,MACD_hist,BB_mid,BB_upper,BB_lower
2021-10-06,113.35,116.21,113.23,116.04,1310200,,,,,0.0,0.0,0.0,,,
2021-10-07,116.7,118.32,116.47,117.49,944100,,,,,0.116,0.023,0.093,,,
2021-10-08,117.33,118.42,116.7,118.04,656900,,,,,0.249,0.068,0.181,,,
2021-10-11,117.93,119.45,117.46,118.51,1041800,,,,,0.388,0.132,0.256,,,
2021-10-12,119.2,119.88,118.36,118.58,955300,117.732,,,,0.498,0.205,0.293,,,
2021-10-13,118.92,119.33,117.29,118.89,855600,118.302,,,,0.603,0.285,0.318,,,
2021-10-14,119.78,120.93,119.34,120.87,1000500,118.978,,,,0.837,0.395,0.441,,,
2021-10-15,121.67,121.78,119.95,120.0,1003900,119.37,,,,0.941,0.504,0.436,,,
2021-10-18,119.98,120.27,119.23,119.67,735500,119.602,,,,0.985,0.601,0.385,,,
2021-10-19,119.97,120.67,119.34,120.63,678400,120.012,,,,1.086,0.698,0.388,,,
2021-10-20,120.61,121.96,120.43,121.67,581900,120.568,,,,1.235,0.805,0.43,,,
2021-10-21,122.8,123.47,121.34,123.35,1108600,121.064,,,,1.471,0.938,0.533,,,
2021-10-22,123.52,125.31,123.3,125.21,682900,122.106,,,,1.788,1.108,0.68,,,
2021-10-25,125.21,125.21,123.01,123.32,676500,122.836,,,,1.866,1.26,0.606,,,
2021-10-26,122.56,123.05,120.85,122.53,1840800,123.216,,,67.037,1.842,1.376,0.466,,,
2021-10-27,122.57,122.77,121.28,121.32,933600,123.146,,,59.262,1.706,1.442,0.264,,,
2021-10-28,121.84,122.47,120.95,122.07,1577000,122.89,,,62.189,1.64,1.482,0.158,,,
2021-10-29,131.85,137.15,124.16,126.46,2668700,123.14,,,73.976,1.919,1.569,0.35,,,
2021-11-01,127.0,127.45,124.41,124.63,1730500,123.402,,,64.895,1.971,1.649,0.321,,,
2021-11-02,124.95,127.23,124.61,126.08,1279700,124.112,121.268,,68.223,2.104,1.74,0.364,121.268,127.164,115.372
2021-11-03,125.85,126.91,124.05,124.4,1102300,124.728,121.686,,61.006,2.05,1.802,0.248,121.686,127.194,116.178
2021-11-04,124.27,125.61,124.03,125.46,667000,125.406,122.084,,63.621,2.07,1.856,0.214,122.084,127.466,116.703
2021-11-05,125.89,126.03,124.63,124.73,1023700,125.06,122.419,,60.606,2.003,1.885,0.118,122.419,127.569,117.269
2021-11-08,125.18,125.74,124.06,125.03,765300,125.14,122.745,,61.415,1.952,1.899,0.053,122.745,127.674,117.816
2021-11-09,125.03,125.34,124.55,125.09,543900,124.942,123.071,,61.585,1.894,1.898,-0.003,123.071,127.692,118.449
2021-11-10,124.85,126.4,124.72,126.31,628100,125.324,123.441,,64.964,1.925,1.903,0.022,123.441,127.835,119.048
2021-11-11,126.22,126.5,125.36,125.53,545900,125.338,123.674,,61.255,1.865,1.895,-0.031,123.674,127.987,119.362
2021-11-12,126.01,127.68,125.47,127.1,948000,125.812,124.029,,65.522,1.922,1.901,0.021,124.029,128.237,119.822
2021-11-15,126.78,127.24,126.66,127.08,507200,126.222,124.4,,65.423,1.943,1.909,0.034,124.4,128.283,120.517
2021-11-16,127.33,128.39,127.02,128.17,845200,126.838,124.777,,68.236,2.024,1.932,0.092,124.777,128.582,120.972
2021-11-17,128.31,129.37,128.07,129.14,631700,127.404,125.151,,70.534,2.142,1.974,0.168,125.151,129.134,121.167
2021-11-18,129.09,129.45,128.32,129.13,668300,128.124,125.439,,70.477,2.209,2.021,0.188,125.439,129.702,121.177
2021-11-19,129.56,129.74,127.41,128.2,1075100,128.344,125.589,,65.235,2.163,2.049,0.113,125.589,130.024,121.154
2021-11-22,128.67,129.28,127.83,128.68,911600,128.664,125.857,,66.615,2.14,2.067,0.072,125.857,130.362,121.352
2021-11-23,128.39,129.65,128.17,129.54,724000,128.938,126.207,,68.991,2.166,2.087,0.079,126.207,130.713,121.702
2021-11-24,129.02,130.17,128.73,130.02,689000,129.114,126.642,,70.262,2.2,2.11,0.09,126.642,130.83,122.455
2021-11-26,128.61,129.57,126.55,126.85,675700,128.658,126.882,,54.395,1.949,2.078,-0.129,126.882,130.473,123.29
2021-11-29,127.8,130.59,127.62,129.87,879200,128.992,127.052,,62.974,1.971,2.056,-0.085,127.052,130.876,123.228
2021-11-30,128.72,129.38,123.4,124.26,2365700,128.108,127.033,,45.756,1.518,1.949,-0.431,127.033,130.91,123.157
2021-12-01,125.42,127.68,123.9,123.95,1477300,126.99,126.927,,45.023,1.121,1.783,-0.662,126.927,131.024,122.83
2021-12-02,124.48,128.63,124.39,127.79,1270400,126.544,127.097,,54.698,1.104,1.647,-0.543,127.097,131.031,123.162
2021-12-03,128.65,128.76,126.03,127.21,592300,126.616,127.184,,53.176,1.031,1.524,-0.493,127.184,131.042,123.326
2021-12-06,128.34,128.92,126.52,127.09,859600,126.06,127.302,,52.849,0.953,1.41,-0.457,127.302,130.985,123.619
2021-12-07,127.96,129.34,126.78,127.4,1021500,126.688,127.42,,53.643,0.906,1.309,-0.403,127.42,130.945,123.896
2021-12-08,127.34,127.83,125.92,127.09,803600,127.316,127.52,,52.687,0.834,1.214,-0.38,127.52,130.876,124.165
2021-12-09,126.98,127.56,125.83,126.36,825400,127.03,127.523,,50.408,0.71,1.113,-0.404,127.523,130.874,124.172
2021-12-10,126.98,128.14,126.43,127.29,904900,127.046,127.611,,53.186,0.678,1.026,-0.348,127.611,130.832,124.39
2021-12-13,127.7,128.66,126.97,127.92,832400,127.212,127.652,,55.024,0.697,0.96,-0.264,127.652,130.866,124.438
2021-12-14,127.49,128.15,126.41,127.27,1061200,127.186,127.662,,52.724,0.651,0.898,-0.248,127.662,130.87,124.453
2021-12-15,127.73,129.05,127.22,128.85,1126300,127.538,127.696,124.763,57.387,0.734,0.866,-0.132,127.696,130.941,124.45
2021-12-16,129.16,131.36,128.82,130.68,1098000,128.402,127.772,125.056,62.056,0.936,0.88,0.057,127.772,131.228,124.317
2021-12-17,130.49,130.54,126.74,126.81,1950900,128.306,127.657,125.243,49.664,0.776,0.859,-0.083,127.657,131.076,124.237
2021-12-20,125.99,126.27,123.89,125.63,1393400,127.848,127.528,125.394,46.608,0.547,0.796,-0.25,127.528,131.053,124.003
2021-12-21,126.36,126.79,124.54,125.31,886900,127.456,127.36,125.53,45.785,0.336,0.704,-0.369,127.36,130.974,123.745
2021-12-22,125.49,126.27,124.87,125.96,478000,126.878,127.181,125.678,47.801,0.218,0.607,-0.389,127.181,130.693,123.668
2021-12-23,126.46,127.86,126.12,127.23,544500,126.188,127.041,125.845,51.589,0.225,0.531,-0.306,127.041,130.291,123.791
2021-12-27,127.79,129.11,127.65,128.98,449100,126.622,127.148,126.007,56.295,0.368,0.498,-0.13,127.148,130.509,123.786
2021-12-28,128.88,130.14,128.88,130.05,298400,127.506,127.157,126.208,58.924,0.56,0.511,0.05,127.157,130.549,123.764
2021-12-29,129.94,131.13,129.65,130.98,386500,128.64,127.493,126.434,61.113,0.779,0.564,0.215,127.493,131.006,123.979
2021-12-30,131.53,131.54,130.07,130.2,313600,129.488,127.805,126.626,58.306,0.88,0.627,0.252,127.805,131.097,124.513
2021-12-31,130.06,132.05,129.63,131.45,447900,130.332,127.988,126.821,61.369,1.048,0.711,0.336,127.988,131.661,124.315
2022-01-03,131.21,131.46,126.01,127.64,1150600,130.064,128.01,126.907,49.447,0.864,0.742,0.122,128.01,131.668,124.351
2022-01-04,128.18,129.93,128.06,128.75,912500,129.804,128.093,126.978,52.351,0.798,0.753,0.045,128.093,131.739,124.446
2022-01-05,128.87,129.44,126.1,126.46,1011800,128.9,128.046,127.041,46.425,0.555,0.714,-0.158,128.046,131.753,124.338
2022-01-06,126.75,128.38,125.89,126.71,841600,128.202,128.026,127.124,47.129,0.378,0.647,-0.268,128.026,131.759,124.294
2022-01-07,126.6,126.87,124.94,126.1,910600,127.132,128.013,127.22,45.557,0.187,0.555,-0.368,128.013,131.772,124.255
2022-01-10,125.3,125.3,122.89,124.08,1196800,126.42,127.853,127.26,40.713,-0.126,0.418,-0.545,127.853,131.996,123.71
2022-01-11,124.24,124.54,122.64,124.52,1087100,125.574,127.683,127.221,42.156,-0.335,0.268,-0.603,127.683,132.085,123.281
2022-01-12,125.0,125.18,123.25,124.26,1393800,125.134,127.532,127.214,41.513,-0.516,0.111,-0.627,127.532,132.192,122.873
2022-01-13,124.61,124.61,122.77,123.15,1141700,124.422,127.247,127.155,38.793,-0.74,-0.059,-0.681,127.247,132.253,122.242
2022-01-14,122.36,122.79,121.37,122.41,1235900,123.684,126.834,127.115,37.051,-0.966,-0.241,-0.726,126.834,132.009,121.659
2022-01-18,121.35,121.95,120.03,121.23,1443500,123.114,126.555,127.031,34.397,-1.227,-0.438,-0.789,126.555,132.305,120.805
2022-01-19,121.32,122.95,120.76,121.74,1025700,122.558,126.36,126.971,36.514,-1.376,-0.625,-0.751,126.36,132.493,120.228
2022-01-20,121.95,123.26,120.88,120.99,1238300,121.904,126.144,126.89,34.739,-1.537,-0.808,-0.729,126.144,132.721,119.568
2022-01-21,121.03,122.67,120.13,120.65,1167500,121.404,125.879,126.801,33.934,-1.673,-0.981,-0.692,125.879,132.9,118.858
2022-01-24,119.44,120.56,117.21,120.28,1858900,120.978,125.532,126.681,33.036,-1.79,-1.143,-0.647,125.532,132.948,118.115
2022-01-25,118.76,119.58,116.65,117.67,1633900,120.266,124.966,126.524,27.509,-2.069,-1.328,-0.741,124.966,132.976,116.956
2022-01-26,118.22,120.1,117.07,117.91,1740800,119.5,124.359,126.34,28.691,-2.245,-1.511,-0.734,124.359,132.584,116.134
2022-01-27,118.53,120.07,116.06,116.5,1323100,118.602,123.635,126.128,26.009,-2.47,-1.703,-0.767,123.635,131.955,115.315
2022-01-28,116.62,119.33,115.31,119.32,1196200,118.336,123.091,125.951,38.409,-2.393,-1.841,-0.552,123.091,131.017,115.165
2022-01-31,118.46,120.44,118.46,120.34,1389300,118.348,122.536,125.775,42.183,-2.225,-1.918,-0.307,122.536,129.493,115.578
2022-02-01,120.31,121.05,117.32,118.75,1733500,118.564,122.091,125.568,38.248,-2.194,-1.973,-0.221,122.091,128.807,115.375
2022-02-02,118.46,121.58,117.89,121.31,1988300,119.244,121.719,125.43,46.845,-1.94,-1.967,0.026,121.719,127.662,115.776
2022-02-03,120.2,121.66,119.6,119.79,1046200,119.902,121.386,125.252,43.016,-1.841,-1.941,0.1,121.386,126.944,115.827
2022-02-04,119.17,120.56,118.11,119.21,1167100,119.88,121.011,125.045,41.618,-1.788,-1.911,0.122,121.011,126.044,115.977
2022-02-07,119.26,120.48,118.91,119.17,1023200,119.646,120.664,124.828,41.518,-1.73,-1.875,0.145,120.664,125.146,116.182
2022-02-08,119.48,119.94,118.57,119.67,1289300,119.83,120.444,124.685,43.354,-1.625,-1.825,0.2,120.444,124.643,116.244
2022-02-09,118.24,120.93,118.07,120.32,1829800,119.632,120.234,124.494,45.739,-1.472,-1.754,0.282,120.234,123.969,116.498
2022-02-10,118.66,120.85,117.85,118.52,2133000,119.378,119.947,124.379,40.636,-1.479,-1.699,0.22,119.947,123.235,116.658
2022-02-11,117.54,118.28,112.35,113.29,3188300,118.194,119.454,124.166,30.122,-1.885,-1.736,-0.149,119.454,123.571,115.336
2022-02-14,113.29,113.6,110.29,111.77,2768100,116.714,118.922,123.845,27.865,-2.302,-1.849,-0.453,118.922,124.055,113.788
2022-02-15,113.09,113.36,111.16,111.66,2250700,115.112,118.443,123.534,27.704,-2.612,-2.002,-0.61,118.443,124.39,112.496
2022-02-16,111.51,111.74,109.03,110.81,2384800,113.21,117.896,123.209,26.427,-2.893,-2.18,-0.713,117.896,124.536,111.257
2022-02-17,110.81,111.63,109.98,110.03,1204700,111.512,117.349,122.861,25.276,-3.142,-2.373,-0.77,117.349,124.686,110.011
2022-02-18,109.95,111.35,109.21,110.8,1952700,111.014,116.856,122.536,28.583,-3.24,-2.546,-0.694,116.856,124.573,109.139
2022-02-22,111.7,112.06,109.7,110.44,1385600,110.748,116.364,122.217,27.96,-3.309,-2.699,-0.61,116.364,124.409,108.319
2022-02-23,110.66,111.24,109.21,109.31,1701800,110.278,115.946,121.858,26.041,-3.415,-2.842,-0.573,115.946,124.555,107.337
2022-02-24,107.82,111.2,107.05,110.73,1604000,110.262,115.587,121.514,32.326,-3.346,-2.943,-0.403,115.587,124.446,106.728
2022-02-25,111.24,114.02,110.76,113.96,1114800,111.048,115.46,121.248,43.986,-2.996,-2.954,-0.043,115.46,124.337,106.583
2022-02-28,112.85,114.62,112.47,113.38,1880300,111.564,115.163,120.938,42.567,-2.734,-2.91,0.175,115.163,123.892,106.434
2022-03-01,113.4,114.75,113.13,114.27,1766700,112.33,114.86,120.61,45.473,-2.427,-2.813,0.386,114.86,123.246,106.473
2022-03-02,114.48,118.77,114.48,117.69,2176700,114.006,114.806,120.428,54.912,-1.886,-2.628,0.742,114.806,123.103,106.51
2022-03-03,118.19,119.71,118.12,119.01,1236600,115.662,114.691,120.295,57.938,-1.335,-2.369,1.034,114.691,122.665,106.718
2022-03-04,117.93,122.7,117.77,122.51,2232900,117.372,114.828,120.239,64.704,-0.609,-2.017,1.408,114.828,123.248,106.407
2022-03-07,122.18,122.63,119.87,120.62,2297400,118.82,114.898,120.132,59.169,-0.184,-1.65,1.467,114.898,123.495,106.301
2022-03-08,120.36,121.35,115.96,116.05,1972400,119.176,114.742,119.909,48.391,-0.213,-1.363,1.15,114.742,123.123,106.361
2022-03-09,117.57,119.12,116.66,118.56,1429100,119.35,114.686,119.7,53.411,-0.034,-1.097,1.063,114.686,122.944,106.429
2022-03-10,117.54,119.59,117.51,119.52,920300,119.452,114.646,119.49,55.205,0.184,-0.841,1.025,114.646,122.796,106.497
2022-03-11,120.04,120.92,119.21,119.28,899100,118.806,114.684,119.256,54.639,0.333,-0.606,0.939,114.684,122.916,106.453
2022-03-14,120.03,121.12,118.92,121.1,1648600,118.902,115.075,119.074,58.147,0.592,-0.366,0.958,115.075,123.757,106.393
2022-03-15,122.25,122.34,120.38,121.66,970400,120.024,115.569,118.878,59.193,0.832,-0.127,0.959,115.569,124.579,106.56
2022-03-16,122.22,123.13,120.59,122.57,948600,120.826,116.115,118.777,60.902,1.083,0.115,0.968,116.115,125.444,106.786
2022-03-17,122.68,124.12,122.42,123.98,900200,121.718,116.774,118.681,63.457,1.381,0.368,1.012,116.774,126.381,107.166
2022-03-18,124.29,124.47,122.54,123.95,1429700,122.652,117.47,118.631,63.362,1.595,0.614,0.981,117.47,127.036,107.903
2022-03-21,123.86,124.58,123.3,123.98,714900,123.228,118.128,118.576,63.421,1.748,0.84,0.907,118.128,127.576,108.681
2022-03-22,124.53,124.58,122.03,122.09,901900,123.314,118.711,118.496,57.185,1.696,1.012,0.685,118.711,127.582,109.84
2022-03-23,121.67,123.08,121.23,122.05,790100,123.21,119.348,118.456,57.057,1.634,1.136,0.498,119.348,127.14,111.556
2022-03-24,122.36,123.43,121.76,122.72,769000,122.958,119.948,118.42,58.722,1.619,1.233,0.387,119.948,126.727,113.168
2022-03-25,123.13,124.05,122.5,123.96,614700,122.96,120.448,118.414,61.683,1.688,1.324,0.365,120.448,126.831,114.064
2022-03-28,124.3,125.6,123.8,125.43,849400,123.25,121.05,118.459,64.898,1.841,1.427,0.414,121.05,126.875,115.225
2022-03-29,125.87,126.31,124.85,125.96,1242800,124.024,121.634,118.53,66.005,1.981,1.538,0.443,121.634,126.916,116.353
2022-03-30,125.94,126.97,125.57,126.96,545700,125.006,122.098,118.645,68.053,2.149,1.66,0.489,122.098,127.547,116.649
2022-03-31,127.24,127.95,125.32,125.33,1269000,125.528,122.414,118.717,61.545,2.125,1.753,0.372,122.414,127.841,116.987
2022-04-01,125.45,126.18,124.58,126.04,1054800,125.944,122.59,118.818,63.196,2.139,1.83,0.309,122.59,128.256,116.925
2022-04-04,125.8,126.21,124.29,124.99,948600,125.856,122.809,118.904,59.151,2.042,1.873,0.17,122.809,128.491,117.127
2022-04-05,124.89,127.59,124.55,126.06,1104200,125.876,123.31,119.02,61.832,2.028,1.904,0.124,123.31,128.192,118.427
2022-04-06,125.51,127.02,125.12,126.22,1281100,125.728,123.692,119.191,62.231,2.007,1.925,0.082,123.692,128.193,119.192
2022-04-07,126.02,128.52,125.63,127.96,1303000,126.254,124.114,119.392,66.352,2.106,1.961,0.145,124.114,128.55,119.679
2022-04-08,128.45,129.17,127.77,128.48,937200,126.742,124.575,119.632,67.494,2.201,2.009,0.192,124.575,128.802,120.347
2022-04-11,128.62,129.32,128.0,128.42,1171200,127.428,124.94,119.814,67.211,2.246,2.056,0.19,124.94,129.169,120.712
2022-04-12,127.97,128.99,126.35,126.66,863900,127.548,125.19,119.94,59.341,2.115,2.068,0.047,125.19,129.188,121.193
2022-04-13,126.56,127.28,125.07,125.94,849600,127.492,125.359,120.084,56.43,1.931,2.041,-0.11,125.359,129.171,121.547
2022-04-14,126.43,127.34,125.46,125.53,890700,127.006,125.436,120.168,54.782,1.732,1.979,-0.247,125.436,129.193,121.68
2022-04-18,125.9,126.47,124.57,125.14,761500,126.338,125.496,120.275,53.191,1.525,1.888,-0.363,125.496,129.19,121.802
2022-04-19,125.82,126.86,125.61,126.48,906200,125.95,125.621,120.421,57.734,1.453,1.801,-0.348,125.621,129.268,121.974
2022-04-20,127.29,128.05,126.68,127.05,790800,126.028,125.869,120.578,59.533,1.425,1.726,-0.301,125.869,129.163,122.575
2022-04-21,127.63,128.9,127.1,127.51,1032400,126.342,126.142,120.735,60.976,1.424,1.666,-0.242,126.142,128.976,123.308
2022-04-22,127.46,127.76,125.1,125.23,1501500,126.282,126.268,120.833,51.223,1.224,1.577,-0.353,126.268,128.65,123.885
2022-04-25,125.12,125.51,123.33,125.28,1261700,126.31,126.333,120.968,51.406,1.058,1.474,-0.415,126.333,128.511,124.156
2022-04-26,126.9,130.21,126.33,127.67,2081700,126.548,126.446,121.256,59.293,1.107,1.4,-0.293,126.446,128.657,124.234
2022-04-27,127.68,130.58,127.49,129.64,1799200,127.066,126.629,121.613,64.419,1.29,1.378,-0.089,126.629,129.246,124.013
2022-04-28,129.44,130.91,128.55,130.63,999600,127.69,126.813,121.993,66.689,1.497,1.402,0.095,126.813,129.984,123.642
2022-04-29,129.9,130.16,126.77,127.0,1610500,128.044,126.896,122.317,53.269,1.353,1.392,-0.039,126.896,129.99,123.803
2022-05-02,126.78,127.91,122.43,123.9,1943200,127.768,126.79,122.594,44.95,0.977,1.309,-0.332,126.79,130.144,123.435
2022-05-03,124.05,126.19,123.7,124.13,1202200,127.06,126.747,122.861,45.628,0.69,1.185,-0.495,126.747,130.219,123.274
2022-05-04,124.32,126.53,123.23,126.34,1270600,126.4,126.76,123.179,51.778,0.633,1.075,-0.442,126.76,130.223,123.298
2022-05-05,125.84,126.3,122.39,123.27,1332800,124.928,126.613,123.458,44.285,0.337,0.927,-0.59,126.613,130.408,122.818
2022-05-06,123.87,128.72,123.55,127.87,2450200,125.102,126.608,123.801,54.832,0.468,0.835,-0.368,126.608,130.397,122.82
2022-05-09,126.76,127.45,123.06,123.86,1595300,125.094,126.377,123.999,46.558,0.245,0.717,-0.472,126.377,130.248,122.507
2022-05-10,124.66,125.47,121.0,122.12,1377500,124.692,126.062,124.173,43.491,-0.071,0.56,-0.631,126.062,130.246,121.879
2022-05-11,121.79,124.14,121.55,122.15,1146000,123.854,125.837,124.331,43.56,-0.315,0.385,-0.7,125.837,130.357,121.317
2022-05-12,122.39,123.09,119.77,120.81,1866600,123.362,125.58,124.393,41.142,-0.61,0.186,-0.796,125.58,130.628,120.533
2022-05-13,122.49,124.18,121.69,123.8,1743300,122.548,125.494,124.489,48.068,-0.596,0.029,-0.625,125.494,130.604,120.384
2022-05-16,123.8,125.14,122.51,123.74,967600,122.524,125.424,124.514,47.946,-0.582,-0.093,-0.489,125.424,130.592,120.256
2022-05-17,124.29,125.21,122.72,125.17,1332600,123.134,125.358,124.605,51.128,-0.451,-0.165,-0.287,125.358,130.504,120.213
2022-05-18,124.49,125.19,121.0,121.16,1159700,122.936,125.064,124.707,43.161,-0.663,-0.264,-0.399,125.064,130.469,119.659
2022-05-19,120.14,121.61,118.62,120.61,1395700,122.896,124.719,124.748,42.19,-0.865,-0.385,-0.481,124.719,130.343,119.095
2022-05-20,121.36,122.59,119.84,122.44,1142900,122.624,124.579,124.806,46.503,-0.868,-0.481,-0.387,124.579,130.288,118.871
2022-05-23,122.96,124.4,122.29,123.87,1177500,122.65,124.509,124.898,49.663,-0.746,-0.534,-0.212,124.509,130.216,118.802
2022-05-24,124.23,126.48,123.69,126.23,1113000,122.862,124.437,125.001,54.446,-0.454,-0.518,0.064,124.437,130.011,118.863
2022-05-25,126.23,126.57,125.16,125.75,2718700,123.78,124.243,125.083,53.336,-0.258,-0.466,0.208,124.243,129.299,119.186
2022-05-26,126.74,127.51,126.34,126.88,1108700,125.034,124.055,125.169,55.629,-0.012,-0.375,0.364,124.055,128.333,119.777
2022-05-27,127.29,129.53,126.89,129.46,1129200,126.438,124.178,125.278,60.413,0.387,-0.223,0.61,124.178,128.928,119.428
2022-05-31,128.76,129.35,126.06,126.59,3575800,126.982,124.312,125.331,53.503,0.467,-0.085,0.552,124.312,129.18,119.445
2022-06-01,126.2,127.25,126.2,126.72,1186600,127.08,124.442,125.386,53.761,0.534,0.039,0.495,124.442,129.425,119.459
2022-06-02,126.89,128.26,125.66,128.06,838300,127.542,124.528,125.505,56.444,0.687,0.168,0.519,124.528,129.705,119.351
2022-06-03,127.31,127.7,126.47,127.13,854400,127.592,124.721,125.607,54.098,0.725,0.28,0.446,124.721,129.987,119.455
2022-06-06,127.71,127.79,125.93,126.03,1072300,126.906,124.629,125.673,51.378,0.659,0.356,0.304,124.629,129.725,119.533
2022-06-07,125.57,128.07,125.25,128.04,895100,127.196,124.838,125.755,55.755,0.76,0.437,0.324,124.838,130.14,119.536
2022-06-08,127.27,127.27,124.8,125.02,759100,126.856,124.983,125.747,48.666,0.59,0.467,0.123,124.983,130.129,119.837
2022-06-09,124.89,125.46,121.46,121.52,1253700,125.548,124.952,125.658,42.0,0.171,0.408,-0.237,124.952,130.177,119.726
2022-06-10,120.1,121.14,118.92,119.69,1494400,124.06,124.896,125.512,38.993,-0.306,0.265,-0.571,124.896,130.328,119.463
2022-06-13,117.95,119.19,116.92,117.47,1386100,122.348,124.579,125.355,35.657,-0.853,0.042,-0.895,124.579,130.939,118.219
2022-06-14,117.38,118.31,115.7,116.4,1285900,120.02,124.212,125.162,34.141,-1.357,-0.238,-1.119,124.212,131.548,116.876
2022-06-15,117.12,118.12,115.35,116.68,1387500,118.352,123.788,124.996,34.921,-1.714,-0.533,-1.181,123.788,131.838,115.737
2022-06-16,115.37,116.11,114.27,115.17,1355300,117.082,123.488,124.778,32.674,-2.095,-0.846,-1.249,123.488,132.354,114.622
2022-06-17,115.39,115.74,113.24,114.19,1925200,115.982,123.167,124.538,31.269,-2.448,-1.166,-1.282,123.167,132.895,113.439
2022-06-21,115.35,118.17,115.12,117.79,1263300,116.046,122.934,124.334,41.266,-2.409,-1.415,-0.994,122.934,132.953,112.916
2022-06-22,116.88,119.85,116.45,118.2,1140300,116.406,122.651,124.129,42.296,-2.318,-1.595,-0.723,122.651,132.877,112.425
2022-06-23,118.71,119.99,118.31,119.85,951300,117.04,122.332,123.957,46.37,-2.089,-1.694,-0.395,122.332,132.486,112.178
2022-06-24,120.6,123.19,120.39,122.87,1781700,118.58,122.188,123.882,52.922,-1.645,-1.684,0.039,122.188,132.219,112.157
2022-06-27,122.57,123.41,122.03,122.39,1153200,120.22,121.964,123.811,51.838,-1.317,-1.611,0.294,121.964,131.75,112.177
2022-06-28,122.8,123.76,120.86,120.99,990700,120.86,121.54,123.72,48.704,-1.156,-1.52,0.364,121.54,130.672,112.408
2022-06-29,121.35,123.39,120.43,123.16,946000,121.852,121.368,123.68,53.406,-0.844,-1.385,0.541,121.368,130.226,112.511
2022-06-30,122.21,124.46,121.95,124.22,1387800,122.726,121.244,123.635,55.549,-0.505,-1.209,0.704,121.244,129.85,112.637
2022-07-01,124.31,126.44,123.53,126.28,983600,123.408,121.154,123.62,59.452,-0.07,-0.981,0.911,121.154,129.497,112.812
2022-07-05,125.18,125.37,121.43,122.98,1224200,123.526,120.947,123.529,51.631,0.009,-0.783,0.792,120.947,128.859,113.035
2022-07-06,123.65,126.08,122.75,125.13,906200,124.354,120.902,123.527,55.718,0.242,-0.578,0.82,120.902,128.701,113.103
2022-07-07,125.17,125.51,122.91,123.31,1815800,124.384,120.666,123.488,51.733,0.277,-0.407,0.684,120.666,127.813,113.518
2022-07-08,123.33,123.89,122.47,123.27,836800,124.194,120.578,123.4,51.645,0.297,-0.266,0.564,120.578,127.542,113.614
2022-07-11,122.96,123.93,122.96,123.51,456300,123.64,120.678,123.277,52.168,0.33,-0.147,0.477,120.678,127.754,113.601
2022-07-12,123.14,124.22,121.38,121.88,651900,123.42,120.787,123.102,48.348,0.221,-0.073,0.294,120.787,127.867,113.707
2022-07-13,120.67,122.03,120.25,121.17,703400,122.628,120.972,122.985,46.742,0.077,-0.043,0.12,120.972,127.878,114.066
2022-07-14,119.91,122.01,119.64,121.85,549800,122.336,121.244,122.944,48.506,0.017,-0.031,0.048,121.244,127.813,114.676
2022-07-15,123.24,123.35,121.46,122.45,686500,122.172,121.533,122.911,50.077,0.018,-0.022,0.039,121.533,127.755,115.311
2022-07-18,122.69,122.69,120.1,120.31,756500,121.532,121.79,122.79,44.824,-0.152,-0.048,-0.105,121.79,127.288,116.292
2022-07-19,121.4,122.45,120.99,122.34,854200,121.624,122.198,122.772,50.164,-0.122,-0.063,-0.059,122.198,126.372,118.023
2022-07-20,122.97,123.13,121.87,122.71,830400,121.932,122.444,122.668,51.093,-0.067,-0.063,-0.004,122.444,126.069,118.818
2022-07-21,123.21,124.62,122.34,124.58,697400,122.478,122.762,122.683,55.599,0.125,-0.026,0.151,122.762,125.906,119.619
2022-07-22,124.78,125.17,123.62,124.37,673100,122.862,122.988,122.728,54.986,0.258,0.031,0.227,122.988,125.891,120.086
2022-07-25,124.48,125.46,124.02,125.34,587500,123.868,123.112,122.792,57.325,0.437,0.112,0.325,123.112,126.198,120.026
2022-07-26,125.29,125.44,124.14,124.82,885200,124.364,123.234,122.872,55.656,0.53,0.196,0.334,123.234,126.39,120.077
2022-07-27,125.1,126.81,124.86,126.19,860000,125.06,123.494,122.92,59.041,0.707,0.298,0.409,123.494,126.728,120.259
2022-07-28,126.86,130.5,126.41,130.29,995800,126.202,123.85,123.051,67.127,1.164,0.471,0.693,123.85,128.28,119.42
2022-07-29,131.06,133.15,130.69,131.62,1639800,127.652,124.22,123.18,69.248,1.615,0.7,0.915,124.22,129.853,118.587
2022-08-01,130.94,131.54,130.38,130.74,1316600,128.732,124.443,123.371,66.205,1.88,0.936,0.944,124.443,130.734,118.152
2022-08-02,131.04,131.75,130.0,131.21,1304300,130.01,124.854,123.583,67.038,2.103,1.169,0.934,124.854,131.787,117.922
2022-08-03,131.53,133.81,131.36,133.27,1065300,131.426,125.262,123.8,70.474,2.419,1.419,1.0,125.262,133.151,117.372
2022-08-04,132.96,135.38,132.9,134.35,1132100,132.238,125.814,124.009,72.116,2.725,1.68,1.044,125.814,134.62,117.007
2022-08-05,133.65,136.39,132.61,134.69,1374800,132.852,126.384,124.179,72.632,2.96,1.936,1.024,126.384,135.945,116.824
2022-08-08,135.58,136.97,134.5,135.59,1202700,133.822,126.988,124.375,74.002,3.183,2.186,0.997,126.988,137.283,116.694
2022-08-09,136.17,136.92,135.31,135.57,714300,134.694,127.673,124.549,73.914,3.319,2.412,0.907,127.673,138.351,116.995
2022-08-10,137.26,137.26,135.11,135.68,770100,135.176,128.399,124.674,74.098,3.397,2.609,0.788,128.399,139.187,117.61
2022-08-11,135.86,135.92,134.01,134.6,1353400,135.226,129.036,124.834,68.963,3.334,2.754,0.579,129.036,139.701,118.371
2022-08-12,135.03,137.41,134.74,137.36,1494800,135.76,129.782,125.047,73.934,3.466,2.897,0.569,129.782,140.592,118.971
2022-08-15,137.33,138.97,136.64,138.58,942400,136.358,130.695,125.257,75.781,3.627,3.043,0.585,130.695,141.219,120.171
2022-08-16,137.85,140.25,137.28,139.65,913900,137.174,131.56,125.507,77.3,3.798,3.194,0.604,131.56,142.039,121.082
2022-08-17,139.22,140.6,138.91,140.43,735300,138.124,132.446,125.795,78.365,3.95,3.345,0.605,132.446,142.769,122.124
2022-08-18,140.73,140.73,138.94,139.83,665900,139.17,133.209,126.031,75.432,3.977,3.471,0.505,133.209,143.336,123.082
2022-08-19,140.02,140.23,138.89,139.0,889500,139.498,133.94,126.311,71.45,3.886,3.554,0.332,133.94,143.476,124.405
2022-08-22,137.9,139.47,137.53,138.92,669000,139.566,134.62,126.659,71.06,3.764,3.596,0.168,134.62,143.487,125.752
2022-08-23,138.31,138.67,137.5,138.34,684300,139.304,135.296,127.032,68.159,3.58,3.593,-0.013,135.296,143.003,127.588
2022-08-24,138.45,139.71,138.27,139.23,684300,139.064,135.948,127.467,70.172,3.466,3.568,-0.102,135.948,142.536,129.359
2022-08-25,139.42,140.11,138.83,140.07,673900,139.112,136.436,127.94,71.972,3.403,3.535,-0.131,136.436,142.701,130.172
2022-08-26,140.2,140.49,137.11,137.33,708900,138.778,136.722,128.353,59.382,3.097,3.447,-0.35,136.722,142.569,130.875
2022-08-29,136.51,138.99,136.4,138.08,680100,138.61,137.089,128.812,61.374,2.882,3.334,-0.452,137.089,142.234,131.944
2022-08-30,138.46,138.46,136.25,136.54,587300,138.25,137.356,129.259,55.37,2.558,3.179,-0.621,137.356,141.71,133.001
2022-08-31,136.77,137.25,135.43,135.47,1578200,137.498,137.466,129.612,51.593,2.189,2.981,-0.792,137.466,141.484,133.447
2022-09-01,134.74,136.7,134.47,136.66,937500,136.816,137.581,129.981,55.249,1.97,2.779,-0.808,137.581,141.347,133.815
2022-09-02,137.38,137.94,135.19,135.54,740400,136.458,137.624,130.295,51.32,1.687,2.561,-0.873,137.624,141.269,133.978
2022-09-06,136.28,137.46,135.53,136.73,1222100,136.188,137.68,130.572,54.983,1.541,2.357,-0.816,137.68,141.227,134.134
2022-09-07,136.78,140.43,136.46,139.97,1568500,136.874,137.901,130.924,63.119,1.667,2.219,-0.551,137.901,141.441,134.36
2022-09-08,139.54,141.45,139.24,140.48,1011400,137.876,138.14,131.314,64.216,1.788,2.133,-0.345,138.14,141.698,134.583
2022-09-09,141.26,141.26,139.55,140.21,1121300,138.586,138.421,131.655,63.145,1.841,2.074,-0.234,138.421,141.675,135.167
2022-09-12,140.32,141.59,139.95,140.58,728000,139.594,138.582,131.982,64.03,1.89,2.038,-0.147,138.582,141.932,135.232
2022-09-13,139.01,140.46,138.46,138.88,1101300,140.024,138.597,132.234,57.232,1.772,1.984,-0.212,138.597,141.95,135.244
2022-09-14,139.18,140.59,138.14,138.55,1601400,139.74,138.542,132.545,55.99,1.633,1.914,-0.281,138.542,141.858,135.226
2022-09-15,138.63,139.16,137.74,138.27,1115600,139.298,138.434,132.808,54.9,1.483,1.828,-0.345,138.434,141.63,135.238
2022-09-16,136.34,136.86,135.56,136.35,2338800,138.526,138.26,133.069,48.004,1.196,1.702,-0.506,138.26,141.514,135.006
2022-09-19,136.23,138.65,135.42,138.57,955900,138.124,138.238,133.375,55.037,1.134,1.588,-0.454,138.238,141.478,134.999
2022-09-20,137.65,137.86,135.48,137.01,974800,137.75,138.143,133.645,49.927,0.948,1.46,-0.512,138.143,141.41,134.876
2022-09-21,137.86,139.07,135.97,135.99,1325700,137.238,138.026,133.927,46.863,0.71,1.31,-0.6,138.026,141.429,134.622
2022-09-22,135.69,135.86,133.76,134.37,882100,136.458,137.782,134.191,42.411,0.387,1.125,-0.739,137.782,141.503,134.062
2022-09-23,133.31,133.58,131.87,133.37,1029300,135.862,137.448,134.422,39.892,0.049,0.91,-0.861,137.448,141.493,133.402
2022-09-26,133.21,134.09,132.52,132.96,1208900,134.74,137.229,134.632,38.872,-0.249,0.678,-0.927,137.229,141.746,132.712
2022-09-27,133.83,133.88,130.85,131.56,1116100,133.65,136.903,134.857,35.533,-0.591,0.425,-1.015,136.903,142.058,131.748
2022-09-28,132.21,133.51,130.59,132.94,916300,133.04,136.723,135.069,40.921,-0.742,0.191,-0.933,136.723,142.174,131.272
2022-09-29,132.74,132.74,129.52,130.47,1083900,132.26,136.473,135.224,35.243,-1.049,-0.057,-0.992,136.473,142.584,130.362
2022-09-30,130.77,131.15,129.48,129.6,1619200,131.506,136.12,135.324,33.481,-1.347,-0.315,-1.032,136.12,142.958,129.282
2022-10-03,130.64,133.37,129.7,132.7,1163500,131.454,135.978,135.491,44.189,-1.318,-0.516,-0.803,135.978,142.983,128.973
2022-10-04,134.05,136.4,133.49,135.77,1189400,132.296,135.93,135.7,52.366,-1.035,-0.62,-0.416,135.93,142.926,128.934
2022-10-05,134.57,135.54,134.05,134.49,984500,132.606,135.656,135.893,49.134,-0.904,-0.677,-0.228,135.656,142.411,128.901
2022-10-06,133.2,133.59,126.96,127.09,2136800,131.93,134.986,135.911,35.493,-1.381,-0.818,-0.564,134.986,142.355,127.618
2022-10-07,126.02,126.34,122.96,123.11,1482300,130.632,134.132,135.767,30.577,-2.057,-1.065,-0.992,134.132,142.801,125.462
2022-10-10,123.75,124.57,122.86,123.94,1231300,128.88,133.3,135.614,32.671,-2.497,-1.352,-1.145,133.3,142.539,124.06
2022-10-11,123.41,124.94,123.12,123.5,1168400,126.426,132.531,135.469,32.118,-2.848,-1.651,-1.197,132.531,142.356,122.705
2022-10-12,123.98,123.98,122.34,122.37,910400,124.002,131.722,135.292,30.681,-3.181,-1.957,-1.224,131.722,142.108,121.335
2022-10-13,120.32,125.04,119.19,124.49,1119100,123.482,131.032,135.117,36.427,-3.236,-2.213,-1.023,131.032,141.418,120.647
2022-10-14,125.51,125.63,121.13,121.42,1080000,123.144,130.286,134.858,32.257,-3.487,-2.468,-1.02,130.286,141.196,119.376
2022-10-17,122.99,125.5,122.96,124.59,940900,123.274,129.587,134.656,39.907,-3.392,-2.653,-0.739,129.587,140.044,119.13
2022-10-18,126.47,127.33,125.8,127.32,928200,124.038,129.102,134.491,45.604,-3.06,-2.734,-0.326,129.102,138.994,119.211
2022-10-19,126.87,127.94,126.44,127.64,983800,125.092,128.685,134.332,46.247,-2.74,-2.735,-0.005,128.685,138.043,119.327
2022-10-20,128.01,128.01,125.51,126.03,753600,125.4,128.268,134.139,43.462,-2.587,-2.706,0.119,128.268,137.297,119.239
2022-10-21,125.7,127.48,124.62,127.22,1114100,126.56,127.96,133.991,46.048,-2.342,-2.633,0.291,127.96,136.671,119.25
2022-10-24,128.4,129.84,127.99,128.19,878200,127.28,127.722,133.808,48.131,-2.046,-2.516,0.469,127.722,136.111,119.333
2022-10-25,128.42,129.18,127.86,128.73,1891000,127.562,127.58,133.611,49.304,-1.748,-2.362,0.614,127.58,135.791,119.37
2022-10-26,129.83,130.49,127.19,127.29,1489700,127.492,127.298,133.364,46.297,-1.61,-2.212,0.602,127.298,135.111,119.485
2022-10-27,127.89,129.54,127.63,128.26,1350600,127.938,127.188,133.12,48.572,-1.405,-2.05,0.645,127.188,134.873,119.502
2022-10-28,125.82,126.95,123.06,126.87,2370800,127.868,127.051,132.861,45.591,-1.34,-1.908,0.568,127.051,134.653,119.449
2022-10-31,126.23,128.5,125.55,126.34,1934300,127.498,126.733,132.608,44.47,-1.316,-1.79,0.474,126.733,133.857,119.609
2022-11-01,127.16,128.08,124.37,124.97,1213800,126.746,126.193,132.329,41.622,-1.391,-1.71,0.319,126.193,131.936,120.45
2022-11-02,124.69,127.6,124.12,124.15,1208500,126.118,125.676,132.045,39.972,-1.5,-1.668,0.168,125.676,129.947,121.405
2022-11-03,123.16,126.92,123.16,125.53,1585200,125.572,125.598,131.771,43.996,-1.458,-1.626,0.168,125.598,129.817,121.379
2022-11-04,126.33,127.36,122.46,123.76,2127600,124.95,125.63,131.445,40.267,-1.55,-1.611,0.061,125.63,129.778,121.483
2022-11-07,124.35,125.91,123.95,125.26,1201600,124.734,125.696,131.204,44.556,-1.484,-1.585,0.101,125.696,129.772,121.621
2022-11-08,125.24,126.55,124.37,126.25,1115300,124.99,125.834,130.967,47.248,-1.337,-1.536,0.199,125.834,129.781,121.887
2022-11-09,126.25,126.99,125.69,125.82,965800,125.324,126.006,130.753,46.199,-1.241,-1.477,0.236,126.006,129.602,122.411
2022-11-10,129.04,129.56,125.42,128.46,1541500,125.91,126.205,130.612,53.087,-0.94,-1.369,0.429,126.205,129.886,122.524
2022-11-11,128.79,129.27,123.49,124.85,2259700,126.128,126.376,130.376,44.666,-0.982,-1.292,0.31,126.376,129.375,123.378
2022-11-14,125.12,126.14,123.73,123.83,1271700,125.842,126.338,130.142,42.609,-1.086,-1.251,0.165,126.338,129.449,123.228
2022-11-15,124.79,125.7,122.08,122.72,1731400,125.136,126.108,129.862,40.428,-1.243,-1.249,0.007,126.108,129.574,122.643
2022-11-16,123.13,124.95,122.8,124.63,2154700,124.898,125.958,129.555,45.59,-1.199,-1.239,0.04,125.958,129.405,122.511
2022-11-17,124.01,125.82,123.59,125.66,1831700,124.338,125.94,129.259,48.197,-1.069,-1.205,0.136,125.94,129.389,122.49
2022-11-18,127.07,127.81,126.42,127.55,1027500,124.878,125.956,129.005,52.677,-0.804,-1.125,0.321,125.956,129.434,122.478
2022-11-21,128.13,129.17,127.76,128.27,751200,125.766,125.96,128.759,54.299,-0.53,-1.006,0.476,125.96,129.449,122.471
2022-11-22,128.62,129.52,128.06,128.98,892300,127.018,125.973,128.561,55.904,-0.253,-0.855,0.602,125.973,129.505,122.44
2022-11-23,128.85,130.29,128.45,129.49,1405000,127.99,126.082,128.38,57.07,0.008,-0.683,0.691,126.082,129.912,122.253
2022-11-25,130.03,130.93,129.6,130.4,510200,128.938,126.19,128.223,59.146,0.285,-0.489,0.774,126.19,130.378,122.001
2022-11-28,129.91,131.48,129.59,130.06,1437600,129.44,126.349,128.097,58.017,0.471,-0.297,0.769,126.349,130.876,121.822
2022-11-29,129.69,130.4,128.9,130.18,1334800,129.822,126.541,127.929,58.319,0.622,-0.113,0.735,126.541,131.381,121.701
2022-11-30,129.68,132.69,129.6,132.69,2107000,130.564,126.927,127.843,64.138,0.933,0.096,0.837,126.927,132.426,121.428
2022-12-01,133.76,134.3,132.84,133.13,1044600,131.292,127.376,127.785,65.058,1.201,0.317,0.884,127.376,133.365,121.387
2022-12-02,132.4,133.94,131.29,133.87,809900,131.986,127.793,127.775,66.611,1.456,0.545,0.911,127.793,134.373,121.213
2022-12-05,132.64,133.06,131.63,132.52,760900,132.478,128.231,127.758,61.263,1.532,0.742,0.79,128.231,134.847,121.615
2022-12-06,132.24,132.46,129.76,130.42,841100,132.526,128.489,127.708,53.999,1.406,0.875,0.531,128.489,135.019,121.959
2022-12-07,128.73,130.39,128.49,129.15,844400,131.818,128.634,127.659,50.129,1.191,0.938,0.253,128.634,135.083,122.185
2022-12-08,129.08,130.44,129.06,129.89,707200,131.17,128.838,127.598,52.275,1.067,0.964,0.103,128.838,135.168,122.507
2022-12-09,130.09,130.93,129.35,129.38,643000,130.272,128.883,127.577,50.657,0.918,0.955,-0.037,128.883,135.216,122.551
2022-12-12,130.22,131.05,129.17,130.34,767100,129.836,129.158,127.591,53.571,0.866,0.937,-0.071,129.158,135.225,123.091
2022-12-13,131.82,131.82,129.55,129.94,896400,129.74,129.464,127.536,52.188,0.785,0.907,-0.122,129.464,134.992,123.935
2022-12-14,130.29,131.58,128.95,129.49,1029200,129.808,129.802,127.411,50.605,0.676,0.86,-0.185,129.802,134.331,125.273
2022-12-15,128.48,128.78,126.11,127.08,1006300,129.246,129.925,127.262,43.072,0.39,0.766,-0.376,129.925,133.971,125.878
2022-12-16,126.03,126.24,124.78,125.32,2485700,128.434,129.908,127.227,38.558,0.022,0.617,-0.596,129.908,134.031,125.784
2022-12-19,124.8,124.85,122.95,123.51,1768800,127.068,129.706,127.235,34.547,-0.411,0.412,-0.823,129.706,134.633,124.778
2022-12-20,123.36,124.28,122.52,123.88,1117400,125.856,129.486,127.234,36.012,-0.717,0.186,-0.903,129.486,135.035,123.937
2022-12-21,124.58,125.34,123.73,125.25,922600,125.008,129.3,127.269,41.256,-0.838,-0.019,-0.819,129.3,135.162,123.437
2022-12-22,124.9,124.9,122.11,123.31,806300,124.254,128.991,127.288,36.673,-1.079,-0.231,-0.848,128.991,135.433,122.548
2022-12-23,122.91,124.77,122.62,124.58,519500,124.106,128.7,127.289,41.272,-1.154,-0.415,-0.738,128.7,135.395,122.004
2022-12-27,124.62,124.92,123.8,124.72,778600,124.348,128.432,127.355,41.774,-1.188,-0.57,-0.618,128.432,135.323,121.542
2022-12-28,124.84,125.08,123.2,123.28,900700,124.228,128.088,127.329,38.161,-1.316,-0.719,-0.597,128.088,135.293,120.882
2022-12-29,123.98,125.17,123.61,124.56,969200,124.09,127.681,127.274,42.889,-1.3,-0.835,-0.464,127.681,134.708,120.654
2022-12-30,124.2,124.45,122.4,123.35,801300,124.098,127.192,127.188,39.792,-1.368,-0.942,-0.426,127.192,133.98,120.404
2023-01-03,124.01,124.31,122.15,123.05,1354500,123.792,126.651,127.129,39.039,-1.43,-1.04,-0.391,126.651,132.901,120.401
2023-01-04,123.34,123.54,122.0,122.64,1513300,123.376,126.157,127.037,37.981,-1.496,-1.131,-0.365,126.157,132.003,120.311
2023-01-05,122.15,122.43,119.59,120.03,1874000,122.726,125.638,126.874,32.032,-1.738,-1.252,-0.486,125.638,131.73,119.545
2023-01-06,120.82,123.44,120.82,122.75,2265700,122.364,125.318,126.754,42.194,-1.691,-1.34,-0.351,125.318,131.304,119.331
2023-01-09,123.35,124.0,121.74,122.14,2350700,122.122,124.93,126.651,40.724,-1.683,-1.409,-0.275,124.93,130.669,119.191
2023-01-10,120.05,120.42,117.81,119.7,3225000,121.452,124.446,126.48,35.408,-1.853,-1.497,-0.355,124.446,130.237,118.655
2023-01-11,120.84,121.42,119.72,121.37,2086500,121.198,123.997,126.37,41.077,-1.831,-1.564,-0.267,123.997,129.229,118.766
2023-01-12,121.5,121.5,117.55,117.88,1893400,120.768,123.394,126.201,34.302,-2.072,-1.666,-0.406,123.394,128.521,118.268
2023-01-13,117.54,119.5,117.14,119.43,2365400,120.104,122.892,126.09,39.106,-2.113,-1.755,-0.358,122.892,127.442,118.341
2023-01-17,120.11,120.95,119.34,120.18,1858300,119.712,122.546,126.011,41.341,-2.062,-1.817,-0.245,122.546,126.796,118.297
2023-01-18,120.23,121.16,116.78,116.79,1158800,119.13,122.12,125.836,35.074,-2.268,-1.907,-0.361,122.12,126.879,117.361
2023-01-19,116.46,117.46,116.17,116.3,1449900,118.116,121.76,125.687,34.266,-2.444,-2.014,-0.429,121.76,127.128,116.391
2023-01-20,116.11,117.88,115.31,117.76,1194000,118.092,121.454,125.537,38.793,-2.436,-2.099,-0.338,121.454,127.008,115.899
2023-01-23,117.95,118.6,116.96,117.93,1176400,117.792,121.088,125.37,39.317,-2.389,-2.157,-0.233,121.088,126.552,115.623
2023-01-24,118.11,118.82,116.86,117.82,1269200,117.32,120.813,125.21,39.084,-2.334,-2.192,-0.142,120.813,126.359,115.267
2023-01-25,117.16,118.86,116.88,118.85,909100,117.732,120.526,125.018,42.522,-2.182,-2.19,0.008,120.526,125.84,115.213
2023-01-26,119.32,119.45,117.69,118.45,898700,118.162,120.213,124.89,41.541,-2.07,-2.166,0.096,120.213,125.216,115.21
2023-01-27,118.22,118.62,117.16,118.43,1018300,118.296,119.97,124.782,41.49,-1.96,-2.125,0.165,119.97,124.815,115.126
2023-01-30,118.41,120.01,118.4,118.69,1230000,118.448,119.677,124.701,42.488,-1.831,-2.066,0.235,119.677,124.038,115.316
2023-01-31,118.89,119.39,117.99,119.36,1582700,118.756,119.478,124.596,45.088,-1.656,-1.984,0.328,119.478,123.481,115.474
2023-02-01,118.04,120.52,116.67,119.33,2259500,118.852,119.292,124.469,44.99,-1.502,-1.888,0.386,119.292,122.925,115.658
2023-02-02,119.12,119.12,117.04,117.18,1936600,118.598,119.018,124.262,38.522,-1.536,-1.817,0.282,119.018,122.405,115.632
2023-02-03,117.04,118.0,115.87,117.7,1499700,118.452,118.902,124.051,40.741,-1.503,-1.754,0.251,118.902,122.302,115.502
2023-02-06,117.5,118.77,117.09,118.47,1111100,118.408,118.688,123.84,43.967,-1.399,-1.683,0.284,118.688,121.567,115.809
2023-02-07,117.43,119.01,117.15,118.85,1504700,118.306,118.523,123.628,45.542,-1.271,-1.601,0.33,118.523,120.905,116.142
2023-02-08,118.45,119.36,118.21,118.98,1151000,118.236,118.488,123.399,46.1,-1.146,-1.51,0.364,118.488,120.815,116.16
2023-02-09,119.32,120.53,119.22,119.95,1807300,118.79,118.417,123.197,50.202,-0.958,-1.4,0.442,118.417,120.441,116.392
2023-02-10,120.18,121.94,120.04,121.79,1850900,119.608,118.612,123.029,56.902,-0.653,-1.25,0.598,118.612,121.116,116.108
2023-02-13,122.1,122.65,120.25,120.53,1463600,120.02,118.667,122.786,51.766,-0.507,-1.102,0.595,118.667,121.292,116.042
2023-02-14,120.3,120.97,119.07,119.4,1145400,120.13,118.628,122.511,47.615,-0.477,-0.977,0.5,118.628,121.181,116.075
2023-02-15,119.06,120.7,118.84,120.31,2021600,120.396,118.804,122.24,51.021,-0.375,-0.856,0.481,118.804,121.308,116.3
2023-02-16,122.68,125.51,121.25,124.31,2401100,121.268,119.204,122.076,62.549,0.028,-0.679,0.707,119.204,122.469,115.94
2023-02-17,124.58,126.8,124.53,126.19,2108300,122.148,119.626,121.991,66.535,0.493,-0.445,0.938,119.626,124.069,115.183
2023-02-21,126.11,126.64,123.61,124.62,1979800,122.966,119.96,121.901,60.722,0.727,-0.21,0.938,119.96,124.851,115.07
2023-02-22,125.24,125.64,123.5,123.59,1323500,123.804,120.249,121.775,57.192,0.82,-0.004,0.824,120.249,125.287,115.211
2023-02-23,123.48,123.76,122.32,123.09,1127700,124.36,120.461,121.649,55.505,0.843,0.165,0.678,120.461,125.606,115.316
2023-02-24,123.31,124.19,122.79,123.94,1091000,124.286,120.736,121.521,57.785,0.92,0.316,0.604,120.736,126.013,115.458
2023-02-27,124.45,125.77,123.22,123.6,1543700,123.768,120.994,121.394,56.537,0.942,0.441,0.501,120.994,126.303,115.685
2023-02-28,123.66,124.53,123.0,123.29,1823400,123.502,121.224,121.27,55.363,0.924,0.538,0.386,121.224,126.511,115.937
2023-03-01,123.5,123.57,122.32,123.0,1223000,123.384,121.406,121.189,54.229,0.876,0.606,0.271,121.406,126.673,116.139
2023-03-02,122.94,123.55,122.57,123.48,1206000,123.462,121.614,121.152,55.841,0.867,0.658,0.209,121.614,126.863,116.364
2023-03-03,123.4,123.87,122.05,123.3,1260100,123.334,121.92,121.148,55.058,0.836,0.693,0.142,121.92,126.78,117.059
2023-03-06,123.36,124.35,122.79,123.77,910600,123.368,122.223,121.145,56.764,0.839,0.723,0.117,122.223,126.719,117.727
2023-03-07,123.44,124.18,121.92,122.02,1408400,123.114,122.401,121.081,49.266,0.693,0.717,-0.024,122.401,126.538,118.263
2023-03-08,121.99,122.53,121.44,122.38,990800,122.99,122.577,121.062,50.708,0.599,0.693,-0.094,122.577,126.364,118.79
2023-03-09,123.05,124.32,122.28,122.71,1710000,122.836,122.764,121.025,52.054,0.545,0.663,-0.119,122.764,126.15,119.377
2023-03-10,122.95,123.7,121.44,121.49,2116500,122.474,122.84,120.96,46.951,0.399,0.61,-0.212,122.84,126.022,119.659
2023-03-13,121.17,124.31,121.04,122.78,1572500,122.276,122.89,120.95,52.278,0.383,0.565,-0.182,122.89,126.033,119.747
2023-03-14,123.84,126.72,123.72,126.26,2581800,123.124,123.176,120.984,63.056,0.644,0.581,0.063,123.176,126.456,119.897
2023-03-15,125.62,127.55,124.82,126.99,3085300,124.046,123.556,121.057,64.85,0.899,0.644,0.254,123.556,126.75,120.362
2023-03-16,126.68,129.1,126.6,127.73,2111400,125.05,123.927,121.151,66.619,1.147,0.745,0.403,123.927,127.255,120.599
2023-03-17,127.83,127.83,124.75,125.01,1887500,125.754,123.962,121.198,55.552,1.112,0.818,0.294,123.962,127.321,120.603
2023-03-20,125.4,127.25,125.18,126.01,1378700,126.4,123.953,121.318,58.295,1.152,0.885,0.267,123.953,127.288,120.618
2023-03-21,126.43,126.91,124.44,124.9,1239300,126.128,123.967,121.361,54.29,1.081,0.924,0.157,123.967,127.316,120.618
2023-03-22,124.81,125.46,123.73,123.81,1084900,125.492,123.978,121.394,50.613,0.926,0.925,0.002,123.978,127.323,120.633
2023-03-23,123.64,124.18,122.11,122.36,1109800,124.418,123.941,121.447,46.136,0.679,0.876,-0.197,123.941,127.343,120.54
2023-03-24,122.4,125.45,122.35,125.19,1177200,124.454,124.004,121.524,54.58,0.703,0.841,-0.138,124.004,127.451,120.557
2023-03-27,125.99,127.32,124.64,124.78,1738100,124.208,124.063,121.662,53.277,0.681,0.809,-0.128,124.063,127.522,120.604
2023-03-28,124.77,126.18,124.64,125.57,927500,124.342,124.177,121.784,55.482,0.72,0.791,-0.072,124.177,127.678,120.676
2023-03-29,126.23,127.28,125.75,127.15,776800,125.01,124.384,121.924,59.591,0.867,0.806,0.061,124.384,128.079,120.69
2023-03-30,128.37,129.02,127.59,128.95,1044200,126.328,124.658,122.167,63.701,1.117,0.868,0.248,124.658,128.847,120.469
2023-03-31,129.57,130.39,129.23,129.78,1146600,127.246,124.982,122.437,65.446,1.366,0.968,0.398,124.982,129.698,120.266
2023-04-03,129.7,131.22,129.28,130.66,906400,128.422,125.326,122.695,67.244,1.615,1.097,0.518,125.326,130.639,120.014
2023-04-04,130.67,131.18,129.77,130.65,1295000,129.438,125.758,122.949,67.201,1.792,1.236,0.556,125.758,131.335,120.181
2023-04-05,131.35,132.0,129.34,129.79,1118200,129.966,126.128,123.188,63.461,1.841,1.357,0.484,126.128,131.745,120.512
2023-04-06,130.0,130.62,129.37,130.24,919800,130.224,126.505,123.416,64.572,1.894,1.465,0.43,126.505,132.166,120.844
2023-04-10,129.58,129.98,128.89,129.52,768400,130.172,126.907,123.638,61.357,1.857,1.543,0.314,126.907,132.196,121.617
2023-04-11,129.13,130.4,128.43,129.63,1011800,129.966,127.249,123.862,61.671,1.816,1.598,0.218,127.249,132.295,122.203
2023-04-12,129.97,132.01,129.8,131.47,858100,130.13,127.51,124.117,66.565,1.909,1.66,0.249,127.51,132.869,122.15
2023-04-13,131.1,132.82,130.94,132.54,914400,130.68,127.787,124.381,69.041,2.046,1.737,0.309,127.787,133.59,121.984
2023-04-14,131.76,132.48,131.54,131.85,781400,131.002,127.993,124.631,65.664,2.075,1.805,0.27,127.993,134.073,121.913
2023-04-17,132.52,133.21,131.99,133.09,1087100,131.716,128.397,124.949,68.633,2.173,1.879,0.295,128.397,134.712,122.082
2023-04-18,133.22,133.58,131.92,132.11,1083900,132.212,128.702,125.238,63.928,2.147,1.932,0.215,128.702,135.12,122.284
2023-04-19,132.45,132.76,131.86,132.01,875400,132.32,129.058,125.508,63.45,2.094,1.965,0.129,129.058,135.375,122.74
2023-04-20,132.27,132.8,131.51,132.77,827000,132.366,129.506,125.787,65.558,2.089,1.989,0.1,129.506,135.52,123.491
2023-04-21,133.07,133.48,132.79,133.04,1008300,132.604,130.04,126.068,66.301,2.083,2.008,0.075,130.04,135.222,124.857
2023-04-24,133.09,133.51,132.36,133.51,947200,132.688,130.456,126.339,67.612,2.092,2.025,0.067,130.456,135.325,125.586
2023-04-25,133.71,134.36,133.01,133.3,1080800,132.926,130.882,126.569,66.37,2.059,2.032,0.027,130.882,135.109,126.654
2023-04-26,132.13,132.95,131.58,131.73,1167300,132.87,131.19,126.793,57.819,1.884,2.002,-0.118,131.19,134.608,127.771
2023-04-27,131.82,132.66,129.89,132.15,1927100,132.746,131.44,127.048,59.328,1.759,1.953,-0.195,131.44,134.299,128.58
2023-04-28,134.35,139.1,133.15,138.81,2154500,133.9,131.932,127.418,74.757,2.172,1.997,0.175,131.932,136.09,127.775
2023-05-01,138.9,139.86,138.59,139.15,1174800,135.028,132.401,127.715,75.273,2.498,2.097,0.401,132.401,137.535,127.267
2023-05-02,139.32,140.1,137.91,139.13,1106200,136.194,132.824,127.974,75.175,2.724,2.223,0.501,132.824,138.698,126.951
2023-05-03,139.58,140.88,139.35,140.16,1490600,137.88,133.3,128.285,76.836,2.951,2.368,0.583,133.3,139.924,126.676
2023-05-04,140.13,141.07,139.62,139.95,1035500,139.44,133.808,128.612,75.724,3.08,2.511,0.569,133.808,140.844,126.772
2023-05-05,139.09,140.91,139.06,140.0,1482900,139.678,134.296,128.95,75.813,3.149,2.638,0.511,134.296,141.637,126.955
2023-05-08,139.58,141.15,139.51,139.98,1092900,139.844,134.819,129.271,75.693,3.166,2.744,0.422,134.819,142.218,127.42
2023-05-09,140.62,141.47,140.15,141.08,1116900,140.234,135.392,129.621,77.785,3.23,2.841,0.389,135.392,142.871,127.912
2023-05-10,141.66,142.65,141.26,142.14,1077300,140.63,135.925,129.998,79.607,3.329,2.939,0.39,135.925,143.741,128.109
2023-05-11,141.91,142.39,141.13,142.16,1012300,141.072,136.406,130.381,79.641,3.37,3.025,0.345,136.406,144.524,128.288
2023-05-12,142.63,143.3,141.75,142.23,833500,141.518,136.925,130.756,79.768,3.369,3.094,0.275,136.925,145.143,128.707
2023-05-15,142.16,142.82,141.18,141.87,824600,141.896,137.364,131.127,77.107,3.301,3.135,0.166,137.364,145.657,129.071
2023-05-16,141.91,141.91,140.45,140.84,967400,141.848,137.8,131.469,69.92,3.128,3.134,-0.005,137.8,145.844,129.757
2023-05-17,141.17,141.43,138.77,139.69,1280300,141.358,138.184,131.822,62.873,2.865,3.08,-0.215,138.184,145.785,130.584
2023-05-18,139.1,139.17,137.66,138.89,1052300,140.704,138.49,132.152,58.459,2.563,2.977,-0.414,138.49,145.654,131.327
2023-05-19,139.19,139.66,138.77,139.26,921000,140.11,138.801,132.483,59.863,2.326,2.847,-0.52,138.801,145.493,132.11
2023-05-22,139.02,139.43,137.59,138.17,1163500,139.37,139.034,132.817,54.068,2.028,2.683,-0.655,139.034,145.258,132.811
2023-05-23,137.6,138.04,136.63,136.96,1077300,138.594,139.218,133.1,48.459,1.674,2.481,-0.807,139.218,144.925,133.51
2023-05-24,137.2,138.0,136.57,136.75,884500,138.006,139.468,133.31,47.538,1.361,2.257,-0.896,139.468,144.137,134.8
2023-05-25,136.47,136.66,135.04,136.01,1028900,137.43,139.662,133.491,44.338,1.041,2.014,-0.973,139.662,143.25,136.073
2023-05-26,136.32,136.75,135.17,135.41,1065700,136.66,139.492,133.644,41.877,0.731,1.757,-1.026,139.492,143.542,135.441
2023-05-30,135.4,136.59,134.44,136.29,1298600,136.284,139.348,133.87,46.562,0.55,1.516,-0.966,139.348,143.645,135.052
2023-05-31,136.57,137.14,135.3,135.94,4090500,136.08,139.189,134.068,45.008,0.374,1.287,-0.914,139.189,143.748,134.63
2023-06-01,136.31,137.0,135.69,136.99,949500,136.128,139.03,134.31,50.361,0.315,1.093,-0.778,139.03,143.667,134.394
2023-06-02,137.02,138.85,137.02,138.69,849000,136.664,138.968,134.608,57.563,0.401,0.954,-0.553,138.968,143.586,134.349
2023-06-05,138.72,139.72,137.9,137.96,894000,137.174,138.866,134.92,53.944,0.406,0.845,-0.439,138.866,143.478,134.253
2023-06-06,138.57,138.99,137.08,137.56,889900,137.428,138.744,135.167,52.014,0.373,0.75,-0.377,138.744,143.361,134.128
2023-06-07,136.77,137.11,135.55,136.15,1382600,137.47,138.498,135.395,45.794,0.231,0.646,-0.416,138.498,143.116,133.88
2023-06-08,136.15,137.93,135.74,137.67,778600,137.606,138.274,135.637,52.402,0.238,0.565,-0.327,138.274,142.571,133.978
2023-06-09,137.14,137.9,136.35,137.54,696800,137.376,138.044,135.844,51.82,0.23,0.498,-0.268,138.044,141.939,134.148
2023-06-12,137.89,138.21,136.66,137.99,813300,137.382,137.832,136.025,53.735,0.257,0.45,-0.192,137.832,141.192,134.471
2023-06-13,137.46,137.85,136.72,137.35,917800,137.34,137.606,136.177,50.651,0.225,0.405,-0.18,137.606,140.38,134.831
2023-06-14,137.18,138.55,136.34,137.79,1104500,137.668,137.453,136.319,52.662,0.232,0.37,-0.138,137.453,139.777,135.129
2023-06-15,137.98,139.26,137.54,138.74,999300,137.882,137.406,136.481,56.76,0.31,0.358,-0.048,137.406,139.571,135.24
2023-06-16,139.54,140.42,139.4,139.87,1516300,138.348,137.454,136.683,61.075,0.459,0.378,0.08,137.454,139.798,135.111
2023-06-20,139.58,140.72,139.4,140.0,1188500,138.75,137.492,136.878,61.551,0.58,0.419,0.161,137.492,139.974,135.009
2023-06-21,139.97,140.79,138.81,140.48,818200,139.376,137.607,137.097,63.332,0.707,0.476,0.23,137.607,140.416,134.798
2023-06-22,140.48,141.71,140.06,141.68,1191300,140.154,137.843,137.338,67.397,0.894,0.56,0.334,137.843,141.169,134.517
2023-06-23,141.66,142.2,140.19,140.64,1515200,140.534,138.038,137.521,61.077,0.947,0.637,0.31,138.038,141.544,134.531
2023-06-26,140.44,142.06,139.47,141.83,983000,140.926,138.328,137.707,65.109,1.073,0.724,0.349,138.328,142.084,134.573
2023-06-27,142.09,144.17,141.58,144.15,1111800,141.756,138.766,137.953,71.342,1.344,0.848,0.496,138.766,143.083,134.448
2023-06-28,144.13,144.47,142.42,142.83,1102000,142.226,139.092,138.148,64.303,1.436,0.966,0.47,139.092,143.607,134.578
2023-06-29,142.48,145.49,142.05,145.35,1027300,142.96,139.563,138.413,70.323,1.693,1.111,0.582,139.563,144.622,134.504
2023-06-30,145.53,147.71,145.15,147.49,1013300,144.33,140.088,138.722,74.288,2.046,1.298,0.748,140.088,146.111,134.065
2023-07-03,146.53,146.53,145.22,145.79,369900,145.122,140.443,138.983,66.668,2.163,1.471,0.692,140.443,146.937,133.949
2023-07-05,145.21,145.8,144.69,145.55,824400,145.402,140.823,139.233,65.644,2.211,1.619,0.592,140.823,147.587,134.058
2023-07-06,144.99,146.28,144.33,145.82,850300,146.0,141.236,139.479,66.271,2.245,1.744,0.501,141.236,148.168,134.303
2023-07-07,144.89,145.78,144.54,144.76,625100,145.882,141.666,139.708,61.521,2.162,1.828,0.334,141.666,148.333,134.999
2023-07-10,145.06,146.5,144.57,145.3,894000,145.444,142.047,139.98,62.977,2.115,1.885,0.23,142.047,148.624,135.471
2023-07-11,145.28,145.8,142.57,144.3,1216800,145.146,142.386,140.223,58.557,1.974,1.903,0.071,142.386,148.676,136.095
2023-07-12,145.39,145.55,143.41,143.65,1073600,144.766,142.668,140.32,55.816,1.79,1.88,-0.091,142.668,148.627,136.71
2023-07-13,143.57,144.36,142.99,144.06,1166300,144.414,143.004,140.418,57.178,1.657,1.836,-0.178,143.004,148.433,137.575
2023-07-14,144.04,144.48,143.3,144.42,798800,144.346,143.336,140.524,58.391,1.564,1.781,-0.218,143.336,148.205,138.466
2023-07-17,144.33,145.78,144.33,144.58,785900,144.202,143.628,140.612,58.947,1.485,1.722,-0.237,143.628,148.013,139.242
2023-07-18,144.27,144.99,142.93,143.54,874000,144.05,143.811,140.684,53.901,1.324,1.642,-0.319,143.811,147.826,139.796
2023-07-19,143.96,144.26,143.17,143.93,1146300,144.106,144.008,140.762,55.441,1.213,1.557,-0.343,144.008,147.6,140.415
2023-07-20,144.44,148.87,144.21,148.79,1177900,145.052,144.423,140.939,69.237,1.5,1.545,-0.045,144.423,148.214,140.632
2023-07-21,148.86,150.16,148.79,149.21,1353000,146.01,144.8,141.101,70.099,1.742,1.585,0.157,144.8,148.925,140.674
2023-07-24,148.99,149.18,147.84,148.58,1041800,146.81,145.196,141.23,67.064,1.861,1.64,0.221,145.196,149.161,141.232
2023-07-25,147.95,149.07,147.01,148.24,729400,147.75,145.517,141.352,65.419,1.906,1.693,0.213,145.517,149.371,141.663
2023-07-26,146.55,148.56,146.07,147.2,1380200,148.404,145.67,141.451,60.526,1.837,1.722,0.115,145.67,149.537,141.802
2023-07-27,147.44,147.89,144.04,145.98,1528900,147.842,145.827,141.533,55.301,1.664,1.71,-0.046,145.827,149.457,142.197
2023-07-28,146.9,147.39,145.44,145.89,1249300,147.178,145.854,141.634,54.924,1.503,1.669,-0.166,145.854,149.477,142.231
2023-07-31,145.6,145.62,144.41,145.51,1575400,146.564,145.755,141.751,53.274,1.329,1.601,-0.272,145.755,149.297,142.213
2023-08-01,147.76,150.84,146.02,146.45,1909600,146.206,145.788,141.902,56.737,1.252,1.531,-0.279,145.788,149.343,142.233
2023-08-02,146.66,147.82,146.25,146.92,1244100,146.15,145.856,142.055,58.397,1.216,1.468,-0.252,145.856,149.445,142.268
2023-08-03,146.3,146.85,143.47,143.59,1632500,145.672,145.745,142.163,45.172,0.907,1.356,-0.448,145.745,149.474,142.016
2023-08-04,143.59,144.37,142.72,143.03,1320900,145.1,145.658,142.285,43.392,0.611,1.207,-0.596,145.658,149.56,141.757
2023-08-07,143.23,144.3,143.06,143.37,1017300,144.672,145.562,142.417,44.814,0.399,1.045,-0.646,145.562,149.594,141.53
2023-08-08,143.54,143.69,141.4,141.81,992600,143.744,145.438,142.533,39.867,0.104,0.857,-0.753,145.438,149.776,141.099
2023-08-09,141.57,143.51,141.45,142.99,1002100,142.958,145.404,142.685,44.828,-0.035,0.679,-0.713,145.404,149.81,140.999
2023-08-10,142.91,143.59,141.28,141.95,1145400,142.63,145.299,142.798,41.573,-0.226,0.498,-0.723,145.299,149.935,140.663
2023-08-11,142.14,142.4,141.4,142.1,766200,142.444,145.183,142.921,42.224,-0.361,0.326,-0.687,145.183,150.023,140.343
2023-08-14,142.01,142.94,141.71,142.53,793400,142.276,145.08,143.032,44.148,-0.428,0.175,-0.603,145.08,150.059,140.102
2023-08-15,142.25,142.45,140.62,140.66,750300,142.046,144.936,143.071,38.193,-0.625,0.015,-0.64,144.936,150.258,139.615
2023-08-16,140.66,143.13,140.64,142.28,1461000,141.904,144.854,143.158,45.101,-0.643,-0.116,-0.527,144.854,150.291,139.417
2023-08-17,142.12,142.47,140.34,140.39,885500,141.592,144.434,143.214,39.548,-0.801,-0.253,-0.547,144.434,149.888,138.98
2023-08-18,140.16,141.92,139.97,140.86,1386300,141.344,144.016,143.309,41.478,-0.878,-0.378,-0.499,144.016,149.203,138.83
2023-08-21,140.73,141.73,140.36,141.3,958200,141.098,143.652,143.381,43.302,-0.893,-0.481,-0.412,143.652,148.502,138.803
2023-08-22,141.06,142.05,140.87,140.97,992300,141.16,143.289,143.45,42.239,-0.921,-0.569,-0.352,143.289,147.766,138.812
2023-08-23,141.6,141.82,140.53,140.88,813900,140.88,142.973,143.508,41.936,-0.939,-0.643,-0.296,142.973,147.171,138.775
2023-08-24,140.67,141.43,139.63,139.64,855000,140.73,142.656,143.553,37.907,-1.042,-0.723,-0.319,142.656,146.856,138.456
2023-08-25,140.18,141.23,140.07,140.64,690300,140.686,142.394,143.61,42.689,-1.031,-0.785,-0.247,142.394,146.393,138.394
2023-08-28,140.6,141.22,139.69,140.05,545200,140.436,142.12,143.637,40.698,-1.058,-0.839,-0.219,142.12,145.967,138.274
2023-08-29,139.69,140.58,138.79,140.53,1045500,140.348,141.824,143.65,43.026,-1.028,-0.877,-0.151,141.824,145.143,138.506
2023-08-30,141.23,141.73,139.99,140.49,794100,140.27,141.503,143.66,42.875,-0.997,-0.901,-0.096,141.503,143.846,139.16
2023-08-31,140.94,140.94,138.78,138.79,1190800,140.1,141.263,143.626,36.938,-1.096,-0.94,-0.156,141.263,143.688,138.838
2023-09-01,139.08,140.03,138.84,139.53,947600,139.878,141.088,143.583,40.782,-1.102,-0.972,-0.13,141.088,143.481,138.695
2023-09-05,139.39,140.1,138.5,139.69,1209800,139.806,140.904,143.564,41.611,-1.082,-0.994,-0.088,140.904,143.117,138.691
2023-09-06,139.32,139.51,138.46,138.81,811800,139.462,140.754,143.503,38.426,-1.124,-1.02,-0.104,140.754,143.11,138.398
2023-09-07,139.3,141.44,139.08,141.32,1131500,139.628,140.67,143.447,50.147,-0.944,-1.005,0.061,140.67,142.801,138.54
2023-09-08,142.28,142.57,140.43,140.8,816800,140.03,140.613,143.406,48.104,-0.834,-0.971,0.137,140.613,142.658,138.568
2023-09-11,140.77,142.2,140.77,141.87,842100,140.498,140.602,143.337,52.402,-0.652,-0.907,0.255,140.602,142.614,138.589
2023-09-12,142.2,143.32,141.81,143.06,974700,141.172,140.628,143.248,56.696,-0.408,-0.807,0.399,140.628,142.758,138.498
2023-09-13,143.39,145.54,142.98,145.42,1381900,142.494,140.866,143.241,63.693,-0.023,-0.65,0.627,140.866,143.888,137.844
2023-09-14,145.68,146.16,144.18,144.86,1208500,143.202,140.995,143.227,61.168,0.234,-0.474,0.707,140.995,144.459,137.531
2023-09-15,144.83,146.13,144.29,144.58,1494100,143.958,141.204,143.202,59.889,0.41,-0.297,0.707,141.204,145.005,137.404
2023-09-18,144.44,144.8,143.04,143.44,867500,144.272,141.334,143.176,54.861,0.452,-0.147,0.599,141.334,145.258,137.409
2023-09-19,143.44,143.82,142.72,143.72,655700,144.404,141.454,143.144,55.841,0.503,-0.017,0.52,141.454,145.521,137.388
2023-09-20,143.88,145.04,143.1,143.77,712500,144.074,141.594,143.133,56.025,0.54,0.094,0.446,141.594,145.782,137.407
2023-09-21,143.8,144.56,141.72,141.89,1024000,143.48,141.645,143.098,47.947,0.414,0.158,0.256,141.645,145.82,137.47
2023-09-22,141.25,142.38,140.76,140.94,717200,142.752,141.71,143.036,44.459,0.234,0.173,0.061,141.71,145.793,137.627
2023-09-25,140.74,141.58,140.46,140.93,1147700,142.25,141.724,142.966,44.422,0.09,0.157,-0.067,141.724,145.794,137.655
2023-09-26,140.79,141.26,139.89,140.28,1163100,141.562,141.736,142.88,41.999,-0.076,0.11,-0.186,141.736,145.787,137.685
2023-09-27,140.42,140.65,138.65,139.37,874800,140.682,141.678,142.797,38.808,-0.278,0.033,-0.31,141.678,145.833,137.523
2023-09-28,139.81,140.3,139.51,139.61,829400,140.226,141.634,142.71,40.101,-0.413,-0.057,-0.357,141.634,145.86,137.408
2023-09-29,139.23,139.92,137.5,137.74,1093100,139.586,141.582,142.489,34.063,-0.664,-0.178,-0.486,141.582,145.979,137.184
2023-10-02,137.47,137.67,135.62,136.43,1455700,138.686,141.426,142.234,30.588,-0.957,-0.334,-0.624,141.426,146.319,136.534
2023-10-03,136.1,137.91,135.53,137.73,1128800,138.176,141.329,142.017,37.411,-1.073,-0.482,-0.591,141.329,146.441,136.216
2023-10-04,137.91,138.79,136.82,138.37,1647700,137.976,141.306,141.819,40.512,-1.1,-0.605,-0.494,141.306,146.469,136.144
2023-10-05,138.43,139.32,138.16,138.69,1062900,137.792,141.175,141.649,42.057,-1.083,-0.701,-0.382,141.175,146.468,135.882
2023-10-06,138.2,139.81,137.05,139.55,1164700,138.154,141.112,141.52,46.109,-0.989,-0.758,-0.23,141.112,146.453,135.772
2023-10-09,139.56,141.79,139.27,141.71,854100,139.21,141.104,141.437,54.681,-0.731,-0.753,0.022,141.104,146.441,135.768
2023-10-10,141.75,142.12,140.47,141.49,1160600,139.962,141.026,141.356,53.743,-0.539,-0.71,0.171,141.026,146.287,135.765
2023-10-11,141.43,141.8,139.97,141.56,1035000,140.6,140.833,141.259,54.014,-0.376,-0.643,0.267,140.833,145.683,135.983
2023-10-12,142.72,143.07,140.38,141.1,1249500,141.082,140.645,141.142,51.869,-0.282,-0.571,0.289,140.645,145.114,136.176
2023-10-13,141.28,142.41,140.9,142.41,1015600,141.654,140.536,141.119,57.093,-0.099,-0.477,0.377,140.536,144.698,136.375
2023-10-16,142.29,143.66,141.94,143.27,918400,141.966,140.528,141.123,60.151,0.113,-0.359,0.472,140.528,144.665,136.391
2023-10-17,143.05,144.02,142.54,143.13,1054600,142.294,140.498,141.119,59.409,0.267,-0.234,0.501,140.498,144.547,136.45
2023-10-18,143.37,143.6,141.89,142.29,878300,142.44,140.424,141.128,55.022,0.317,-0.123,0.441,140.424,144.27,136.579
2023-10-19,141.5,142.85,140.46,140.91,900000,142.402,140.376,141.087,48.664,0.243,-0.05,0.293,140.376,144.167,136.584
2023-10-20,141.11,141.83,140.13,140.28,1140200,141.976,140.342,141.053,46.048,0.132,-0.014,0.146,140.342,144.125,136.56
2023-10-23,140.91,142.17,139.52,139.58,1433500,141.238,140.275,141.003,43.265,-0.012,-0.013,0.001,140.275,144.062,136.488
2023-10-24,139.82,140.8,137.87,138.5,1467700,140.312,140.186,140.922,39.317,-0.211,-0.053,-0.158,140.186,144.055,136.317
2023-10-25,138.74,143.37,138.74,142.64,1648200,140.382,140.35,140.962,55.922,-0.035,-0.049,0.015,140.35,144.347,136.352
2023-10-26,142.17,142.73,140.45,141.13,2502000,140.426,140.426,140.939,50.495,-0.016,-0.043,0.026,140.426,144.422,136.429
2023-10-27,143.11,144.72,140.72,141.11,1865200,140.592,140.594,140.953,50.425,-0.003,-0.035,0.031,140.594,144.393,136.795
2023-10-30,141.52,142.6,141.25,142.32,1092700,141.14,140.888,140.982,54.521,0.103,-0.007,0.111,140.888,144.212,137.565
2023-10-31,143.05,143.7,141.9,143.52,865800,142.144,141.178,141.027,58.209,0.282,0.051,0.231,141.178,144.348,138.008
2023-11-01,143.74,144.64,142.42,143.76,1071900,142.368,141.448,141.083,58.926,0.437,0.128,0.309,141.448,144.528,138.367
2023-11-02,143.39,146.73,143.39,146.63,1363500,143.468,141.844,141.198,66.362,0.783,0.259,0.524,141.844,145.433,138.256
2023-11-03,147.61,148.44,147.12,148.31,1263300,144.908,142.282,141.371,69.808,1.179,0.443,0.736,142.282,146.728,137.837
2023-11-06,148.12,149.5,148.0,149.47,1317500,146.338,142.67,141.548,71.945,1.568,0.668,0.9,142.67,148.142,137.199
2023-11-07,149.81,150.14,149.33,149.72,1284000,147.578,143.082,141.741,72.399,1.875,0.909,0.966,143.082,149.358,136.806
2023-11-08,150.31,150.56,149.32,150.4,901200,148.906,143.524,141.938,73.646,2.149,1.157,0.992,143.524,150.549,136.499
2023-11-09,150.5,151.5,149.73,151.11,1276300,149.802,144.025,142.151,74.921,2.395,1.405,0.99,144.025,151.717,136.332
2023-11-10,151.53,152.6,150.95,152.51,1381100,150.642,144.529,142.425,77.257,2.673,1.659,1.014,144.529,153.057,136.002
2023-11-13,151.98,153.23,151.87,153.09,924300,151.366,145.02,142.696,78.164,2.906,1.908,0.998,145.02,154.337,135.704
2023-11-14,152.71,154.68,152.13,153.73,1417000,152.168,145.55,142.977,79.153,3.107,2.148,0.959,145.55,155.592,135.509
2023-11-15,153.62,154.54,151.58,151.76,1947500,152.44,146.024,143.236,68.825,3.071,2.332,0.739,146.024,156.308,135.74
2023-11-16,152.3,153.59,152.19,153.56,1334900,152.93,146.656,143.481,72.372,3.152,2.496,0.656,146.656,157.17,136.143
2023-11-17,153.65,153.86,153.05,153.4,1321500,153.108,147.312,143.733,71.592,3.167,2.63,0.536,147.312,157.788,136.837
2023-11-20,153.08,154.35,152.62,154.16,723700,153.322,148.041,143.979,73.076,3.203,2.745,0.458,148.041,158.278,137.805
2023-11-21,153.94,154.87,153.37,154.68,1207200,153.512,148.85,144.211,74.074,3.236,2.843,0.393,148.85,158.449,139.252
2023-11-22,154.82,155.38,154.38,154.65,726700,154.09,149.451,144.396,73.904,3.223,2.919,0.304,149.451,158.915,139.987
2023-11-24,154.56,155.04,153.9,155.03,371700,154.384,150.146,144.599,74.697,3.206,2.977,0.23,150.146,159.063,141.229
2023-11-27,155.95,155.95,154.74,154.88,792200,154.68,150.834,144.805,73.744,3.144,3.01,0.134,150.834,158.9,142.769
2023-11-28,154.52,155.11,154.02,154.49,1012600,154.746,151.443,145.026,71.202,3.029,3.014,0.015,151.443,158.587,144.299
2023-11-29,154.41,154.7,153.77,154.57,1200600,154.724,151.996,145.243,71.42,2.911,2.993,-0.083,151.996,158.208,145.783
2023-11-30,154.43,156.43,154.04,156.42,1621900,155.078,152.628,145.496,75.947,2.932,2.981,-0.049,152.628,157.801,147.456
2023-12-01,156.54,158.46,156.42,158.43,976400,155.758,153.218,145.827,79.709,3.076,3.0,0.076,153.218,158.198,148.239
2023-12-04,157.7,158.29,156.71,157.12,1505000,156.206,153.659,146.151,71.825,3.049,3.01,0.039,153.659,158.362,148.956
2023-12-05,157.04,157.41,155.77,156.05,1286500,156.518,153.988,146.453,66.077,2.908,2.99,-0.081,153.988,158.366,149.61
2023-12-06,155.93,156.78,155.02,156.43,1233800,156.89,154.324,146.776,67.084,2.795,2.951,-0.156,154.324,158.338,150.309
2023-12-07,156.43,157.34,155.22,156.18,924600,156.842,154.612,147.112,65.702,2.654,2.891,-0.237,154.612,158.252,150.973
2023-12-08,156.62,156.62,155.05,156.37,864600,156.43,154.876,147.447,66.271,2.529,2.819,-0.29,154.876,158.196,151.555
2023-12-11,156.51,157.59,156.12,157.0,854600,156.406,155.1,147.833,68.157,2.452,2.746,-0.293,155.1,158.353,151.847
2023-12-12,157.14,159.78,156.64,159.64,684700,157.124,155.428,148.297,74.574,2.575,2.711,-0.137,155.428,159.118,151.737
2023-12-13,159.79,161.57,159.65,161.51,1042000,158.14,155.816,148.772,77.961,2.791,2.727,0.063,155.816,160.307,151.326
2023-12-14,161.21,161.21,156.91,157.24,2212000,158.352,156.091,149.15,58.722,2.587,2.699,-0.112,156.091,160.191,151.99
2023-12-15,155.42,157.11,155.27,156.65,2886300,158.408,156.245,149.509,56.642,2.351,2.63,-0.278,156.245,160.173,152.317
2023-12-18,157.41,159.05,157.19,158.09,1063500,158.626,156.48,149.88,60.335,2.255,2.555,-0.3,156.48,160.249,152.71
2023-12-19,158.12,158.49,156.84,157.35,1615100,158.168,156.639,150.193,57.619,2.094,2.463,-0.368,156.639,160.263,153.015
2023-12-20,156.95,158.09,156.75,156.77,1389900,157.22,156.743,150.498,55.51,1.898,2.35,-0.451,156.743,160.248,153.239
2023-12-21,156.57,157.95,155.79,156.24,1311400,157.02,156.823,150.792,53.58,1.681,2.216,-0.535,156.823,160.197,153.449
2023-12-22,156.56,157.42,155.94,157.24,1213000,157.138,156.934,151.115,56.643,1.571,2.087,-0.516,156.934,160.204,153.663
2023-12-26,156.9,157.94,156.52,157.61,545000,157.042,157.07,151.419,57.754,1.497,1.969,-0.472,157.07,160.204,153.936
2023-12-27,157.41,158.33,157.12,158.28,569600,157.228,157.26,151.719,59.764,1.475,1.87,-0.395,157.26,160.188,154.331
2023-12-28,158.59,159.36,158.23,158.81,758800,157.636,157.472,152.032,61.331,1.483,1.793,-0.309,157.472,160.187,154.756
2023-12-29,159.2,160.05,158.75,159.91,676100,158.37,157.646,152.385,64.429,1.561,1.746,-0.186,157.646,160.521,154.771
2024-01-02,158.73,160.98,158.73,159.94,1068000,158.91,157.722,152.765,64.512,1.606,1.718,-0.112,157.722,160.758,154.685
2024-01-03,160.73,162.06,158.72,158.75,1343900,159.138,157.803,153.135,58.634,1.528,1.68,-0.152,157.803,160.859,154.747
2024-01-04,159.7,160.87,158.8,159.18,713000,159.318,157.96,153.527,60.05,1.484,1.641,-0.157,157.96,160.957,154.962
2024-01-05,159.23,159.5,157.81,158.56,693500,159.268,158.066,153.928,57.018,1.383,1.59,-0.206,158.066,160.985,155.147
2024-01-08,158.96,159.41,157.35,159.36,956600,159.158,158.225,154.262,59.836,1.352,1.542,-0.19,158.225,161.057,155.393
2024-01-09,159.05,159.63,158.26,158.84,694000,158.938,158.348,154.617,57.211,1.271,1.488,-0.217,158.348,161.052,155.645
2024-01-10,158.51,159.39,157.92,159.32,629200,159.052,158.465,154.981,58.999,1.231,1.437,-0.205,158.465,161.123,155.806
2024-01-11,159.54,159.71,158.22,158.96,778100,159.008,158.43,155.314,57.072,1.157,1.381,-0.223,158.43,161.043,155.818
2024-01-12,159.43,161.18,158.49,161.1,1064100,159.516,158.41,155.665,64.495,1.257,1.356,-0.099,158.41,160.925,155.895
2024-01-16,160.65,161.56,160.05,160.62,952300,159.768,158.579,156.002,61.909,1.282,1.341,-0.059,158.579,161.215,155.943
2024-01-17,160.58,163.12,160.24,161.16,840300,160.232,158.805,156.293,63.674,1.331,1.339,-0.008,158.805,161.516,156.093
2024-01-18,161.16,162.71,160.95,162.66,743400,160.9,159.033,156.58,68.095,1.473,1.366,0.107,159.033,162.219,155.847
2024-01-19,162.98,164.02,162.55,163.56,1487500,161.82,159.344,156.862,70.421,1.64,1.421,0.219,159.344,163.013,155.674
2024-01-22,163.58,164.13,162.43,163.71,928000,162.342,159.69,157.142,70.803,1.764,1.489,0.274,159.69,163.637,155.744
2024-01-23,163.56,164.72,162.91,164.67,1109000,163.152,160.112,157.427,73.19,1.917,1.575,0.342,160.112,164.301,155.923
2024-01-24,164.84,165.21,164.07,164.2,2188900,163.76,160.46,157.689,70.166,1.978,1.655,0.322,160.46,164.798,156.122
2024-01-25,163.6,165.2,163.47,165.11,1506300,164.25,160.835,157.941,72.532,2.076,1.74,0.336,160.835,165.425,156.245
2024-01-26,165.41,166.16,165.18,166.09,1298200,164.756,161.225,158.201,74.846,2.207,1.833,0.374,161.225,166.212,156.239
2024-01-29,165.91,166.53,165.41,166.27,1257300,165.268,161.598,158.452,75.259,2.299,1.926,0.373,161.598,166.928,156.269
2024-01-30,166.56,167.71,166.11,167.64,968000,165.862,161.985,158.769,78.189,2.454,2.032,0.422,161.985,167.889,156.081
2024-01-31,168.25,168.29,165.3,165.93,2427300,166.208,162.284,159.017,67.451,2.411,2.108,0.303,162.284,168.357,156.212
2024-02-01,165.54,168.59,164.68,168.56,982700,166.898,162.775,159.32,73.483,2.56,2.198,0.362,162.775,169.219,156.331
2024-02-02,168.63,169.17,167.55,168.39,801200,167.358,163.236,159.604,72.547,2.634,2.285,0.348,163.236,169.91,156.561
2024-02-05,168.2,168.84,167.44,167.99,832400,167.702,163.707,159.871,70.279,2.63,2.354,0.276,163.707,170.323,157.091
2024-02-06,168.15,168.48,167.26,168.41,1009200,167.856,164.16,160.146,71.294,2.63,2.409,0.221,164.16,170.762,157.557
2024-02-07,168.87,170.03,167.97,169.26,967200,168.522,164.68,160.43,73.282,2.668,2.461,0.207,164.68,171.159,158.202
2024-02-08,169.7,169.76,167.84,169.34,1131600,168.678,165.181,160.72,73.468,2.674,2.503,0.17,165.181,171.461,158.902
2024-02-09,169.7,169.76,167.55,168.23,1006300,168.646,165.645,160.994,66.537,2.559,2.515,0.045,165.645,171.331,159.959
2024-02-12,167.7,167.96,165.87,166.78,1172700,168.404,165.929,161.239,58.741,2.325,2.477,-0.152,165.929,171.212,160.646
2024-02-13,167.96,171.18,167.01,170.28,1828300,168.778,166.412,161.516,68.374,2.394,2.46,-0.066,166.412,171.41,161.414
2024-02-14,170.97,173.36,170.95,173.32,2308900,169.59,167.02,161.814,74.042,2.663,2.501,0.162,167.02,172.28,161.76
2024-02-15,173.08,174.52,171.66,174.4,1441700,170.602,167.607,162.159,75.708,2.93,2.587,0.343,167.607,173.411,161.803
2024-02-16,174.73,175.84,174.04,174.96,902800,171.948,168.177,162.537,76.549,3.15,2.699,0.451,168.177,174.521,161.833
2024-02-20,175.91,176.74,174.37,174.55,1283600,173.502,168.719,162.9,74.516,3.254,2.81,0.444,168.719,175.304,162.134
2024-02-21,174.55,176.01,174.17,175.86,1074600,174.618,169.278,163.293,76.649,3.403,2.929,0.474,169.278,176.302,162.255
2024-02-22,176.28,178.41,175.68,177.77,1072000,175.508,169.957,163.721,79.362,3.633,3.07,0.564,169.957,177.516,162.398
2024-02-23,178.02,179.7,177.96,179.37,1233200,176.502,170.67,164.169,81.32,3.9,3.236,0.664,170.67,178.959,162.381
2024-02-26,179.71,180.55,179.1,179.26,1468900,177.362,171.329,164.561,80.753,4.056,3.4,0.656,171.329,180.16,162.497
2024-02-27,179.11,179.33,177.77,178.92,1324600,178.236,171.961,164.909,78.921,4.104,3.541,0.564,171.961,181.075,162.847
2024-02-28,186.73,186.73,178.89,180.31,2064200,179.126,172.594,165.371,80.835,4.206,3.674,0.533,172.594,182.192,162.997
2024-02-29,179.39,179.53,177.22,178.03,1933800,179.178,173.2,165.798,69.659,4.057,3.75,0.306,173.2,182.551,163.848
2024-03-01,177.35,178.49,176.52,178.07,1258600,178.918,173.675,166.198,69.738,3.896,3.78,0.117,173.675,183.0,164.35
2024-03-04,178.1,179.6,177.91,179.33,914500,178.932,174.222,166.638,72.196,3.827,3.789,0.038,174.222,183.525,164.919
2024-03-05,179.39,179.95,177.03,178.19,1008800,178.786,174.732,167.066,66.902,3.638,3.759,-0.121,174.732,183.709,165.755
2024-03-06,177.56,179.14,177.21,178.22,1081700,178.368,175.223,167.506,66.971,3.451,3.697,-0.247,175.223,183.809,166.636
2024-03-07,179.19,179.27,177.84,178.42,925600,178.446,175.68,167.929,67.455,3.281,3.614,-0.333,175.68,183.897,167.464
2024-03-08,177.83,179.12,177.23,178.6,816100,178.552,176.144,168.349,67.912,3.124,3.516,-0.392,176.144,183.885,168.402
2024-03-11,178.42,178.93,177.27,178.68,1037600,178.422,176.666,168.757,68.125,2.973,3.407,-0.435,176.666,183.518,169.814
2024-03-12,178.52,180.45,178.3,179.81,974300,178.746,177.318,169.177,71.059,2.91,3.308,-0.398,177.318,182.482,172.153
2024-03-13,180.04,180.39,178.64,180.25,795300,179.152,177.816,169.584,72.135,2.863,3.219,-0.356,177.816,181.941,173.691
2024-03-14,180.88,181.11,178.83,180.68,880000,179.604,178.184,169.999,73.184,2.828,3.141,-0.313,178.184,181.914,174.454
2024-03-15,178.83,180.95,178.8,180.66,1790600,180.016,178.497,170.437,73.046,2.767,3.066,-0.299,178.497,181.929,175.065
2024-03-18,180.66,182.45,180.63,181.89,788500,180.658,178.844,170.891,76.033,2.785,3.01,-0.225,178.844,182.169,175.518
2024-03-19,182.57,182.76,181.77,182.44,1097200,181.184,179.238,171.369,77.248,2.812,2.97,-0.158,179.238,182.279,176.197
2024-03-20,182.79,182.94,181.6,182.1,1193100,181.554,179.55,171.823,74.727,2.773,2.931,-0.157,179.55,182.407,176.693
2024-03-21,182.28,183.65,181.62,183.38,2009900,182.094,179.83,172.314,77.68,2.814,2.907,-0.094,179.83,183.032,176.629
2024-03-22,183.99,184.93,183.24,184.73,1239200,182.908,180.098,172.822,80.295,2.921,2.91,0.011,180.098,183.966,176.231
2024-03-25,184.67,184.82,183.27,183.97,1112100,183.324,180.334,173.323,74.97,2.911,2.91,0.001,180.334,184.545,176.123
2024-03-26,183.97,184.64,183.59,183.94,1316700,183.624,180.585,173.779,74.759,2.868,2.902,-0.034,180.585,185.033,176.137
2024-03-27,184.56,185.76,183.95,185.71,1228300,184.346,180.855,174.281,78.584,2.943,2.91,0.033,180.855,185.854,175.856
2024-03-28,186.06,186.23,185.23,185.63,1187400,184.796,181.235,174.771,78.009,2.961,2.92,0.041,181.235,186.479,175.991
2024-04-01,185.42,185.59,184.04,184.59,1473400,184.768,181.561,175.209,70.755,2.859,2.908,-0.049,181.561,186.787,176.335
2024-04-02,184.4,185.07,183.7,183.7,1171000,184.714,181.78,175.612,65.171,2.676,2.862,-0.186,181.78,186.978,176.581
2024-04-03,183.64,184.4,183.22,184.01,1051500,184.728,182.07,176.018,66.172,2.526,2.794,-0.269,182.07,187.071,177.07
2024-04-04,184.93,185.2,181.28,181.62,1605500,183.91,182.24,176.357,53.418,2.189,2.673,-0.484,182.24,186.91,177.571
2024-04-05,182.3,183.27,181.23,183.2,735600,183.424,182.48,176.737,59.039,2.027,2.544,-0.518,182.48,186.802,178.157
2024-04-08,182.44,184.03,182.34,183.31,1222000,183.168,182.715,177.101,59.406,1.885,2.412,-0.527,182.715,186.643,178.787
2024-04-09,183.75,184.13,182.32,183.59,1175000,183.146,182.96,177.451,60.38,1.775,2.285,-0.51,182.96,186.412,179.509
2024-04-10,182.81,184.89,182.44,184.45,1412000,183.234,183.192,177.815,63.292,1.737,2.175,-0.438,183.192,186.364,180.021
2024-04-11,183.84,184.28,182.59,183.96,1260400,183.702,183.378,178.141,60.561,1.648,2.07,-0.422,183.378,186.244,180.512
2024-04-12,183.58,184.12,181.86,182.63,1006400,183.588,183.476,178.475,53.777,1.454,1.946,-0.493,183.476,186.076,180.875
2024-04-15,184.18,184.66,181.58,182.07,961900,183.34,183.546,178.745,51.177,1.24,1.805,-0.565,183.546,185.889,181.203
2024-04-16,183.25,183.76,181.8,182.3,1479900,183.082,183.566,179.023,52.199,1.077,1.66,-0.582,183.566,185.855,181.278
2024-04-17,183.41,183.93,181.93,183.73,1460500,182.938,183.631,179.338,58.075,1.051,1.538,-0.487,183.631,185.857,181.405
2024-04-18,183.86,184.59,182.98,183.75,1586300,182.896,183.714,179.645,58.153,1.02,1.434,-0.414,183.714,185.82,181.607
2024-04-19,185.0,185.4,183.63,184.52,1576400,183.274,183.77,179.95,61.131,1.046,1.357,-0.311,183.77,185.901,181.64
2024-04-22,185.33,187.43,184.97,186.46,1262700,184.152,183.857,180.293,67.423,1.209,1.327,-0.118,183.857,186.273,181.441
2024-04-23,187.0,187.66,184.78,185.35,1348400,184.762,183.926,180.635,61.308,1.235,1.309,-0.074,183.926,186.432,181.42
2024-04-24,185.2,187.27,184.9,186.69,1135700,185.354,184.064,181.033,65.389,1.347,1.316,0.031,184.064,186.858,181.269
2024-04-25,186.39,188.47,185.35,188.21,1358400,186.246,184.188,181.392,69.339,1.541,1.361,0.18,184.188,187.474,180.903
2024-04-26,188.08,188.33,186.29,186.62,1893300,186.666,184.238,181.658,61.44,1.549,1.399,0.15,184.238,187.642,180.834
2024-04-29,186.52,188.27,186.43,188.07,1139400,186.988,184.412,181.931,65.32,1.653,1.45,0.203,184.412,188.224,180.6
2024-04-30,188.12,191.33,186.28,186.41,2047800,187.2,184.547,182.16,58.111,1.584,1.477,0.107,184.547,188.444,180.651
2024-05-01,182.56,182.56,176.36,180.86,3286500,186.034,184.39,182.286,41.585,1.068,1.395,-0.327,184.39,188.619,180.161
2024-05-02,182.08,182.81,180.53,181.29,2025700,184.65,184.373,182.395,42.939,0.687,1.253,-0.567,184.373,188.65,180.097
2024-05-03,181.49,182.61,178.85,180.39,1219300,183.404,184.233,182.447,40.807,0.308,1.064,-0.756,184.233,188.843,179.623
2024-05-06,181.0,181.56,180.31,181.55,1185100,182.1,184.145,182.491,44.623,0.1,0.871,-0.771,184.145,188.895,179.395
2024-05-07,182.21,183.46,182.03,183.35,1097600,181.488,184.133,182.573,50.009,0.08,0.713,-0.633,184.133,188.89,179.376
2024-05-08,183.37,184.09,181.98,182.16,1489100,181.748,184.018,182.638,46.771,-0.032,0.564,-0.596,184.018,188.853,179.184
2024-05-09,182.13,183.06,181.89,182.93,954200,182.076,183.967,182.69,49.069,-0.057,0.44,-0.497,183.967,188.826,179.108
2024-05-10,183.6,184.64,183.58,184.01,689900,182.8,184.036,182.81,52.187,0.009,0.354,-0.344,184.036,188.854,179.218
2024-05-13,183.89,184.59,182.84,183.03,839000,183.096,184.084,182.909,49.241,-0.017,0.28,-0.296,184.084,188.838,179.33
2024-05-14,183.02,183.99,182.06,182.17,804100,182.86,184.078,182.966,46.747,-0.106,0.203,-0.308,184.078,188.842,179.313
2024-05-15,181.93,183.05,181.39,181.81,670700,182.79,183.982,183.038,45.704,-0.203,0.121,-0.324,183.982,188.852,179.111
2024-05-16,182.32,182.77,181.16,182.52,907700,182.708,183.92,183.124,48.161,-0.22,0.053,-0.273,183.92,188.834,179.006
2024-05-17,182.82,183.42,181.21,182.96,711700,182.498,183.842,183.215,49.682,-0.196,0.003,-0.199,183.842,188.765,178.919
2024-05-20,182.74,182.74,180.57,180.84,908500,182.06,183.561,183.26,43.12,-0.344,-0.066,-0.278,183.561,188.496,178.626
2024-05-21,181.14,181.65,180.66,181.33,718700,181.892,183.36,183.313,44.931,-0.417,-0.136,-0.28,183.36,188.316,178.404
2024-05-22,181.37,181.84,180.44,181.61,694600,181.852,183.106,183.349,45.988,-0.447,-0.198,-0.248,183.106,187.86,178.352
2024-05-23,181.61,181.96,180.75,181.18,605300,181.584,182.754,183.367,44.572,-0.499,-0.258,-0.241,182.754,186.923,178.586
2024-05-24,181.59,181.83,179.75,181.65,832800,181.322,182.506,183.387,46.511,-0.497,-0.306,-0.191,182.506,186.278,178.734
2024-05-28,181.03,181.03,178.28,178.44,866700,180.842,182.024,183.342,36.994,-0.746,-0.394,-0.352,182.024,185.221,178.828
2024-05-29,177.77,177.77,176.43,176.57,787200,179.89,181.532,183.236,32.785,-1.082,-0.532,-0.55,181.532,184.91,178.155
2024-05-30,176.57,177.74,175.92,177.04,1210000,178.976,181.342,183.128,34.793,-1.295,-0.685,-0.611,181.342,185.267,177.416
2024-05-31,176.92,180.13,176.5,180.08,2388000,178.756,181.281,183.087,46.025,-1.205,-0.789,-0.416,181.281,185.247,177.315
2024-06-03,179.57,180.91,178.73,180.2,1668700,178.466,181.272,183.024,46.417,-1.111,-0.853,-0.258,181.272,185.247,177.296
2024-06-04,180.14,182.23,179.4,182.19,1428300,179.216,181.304,182.973,52.574,-0.866,-0.856,-0.01,181.304,185.299,177.308
2024-06-05,182.41,183.21,180.31,182.88,1173400,180.478,181.28,182.951,54.525,-0.609,-0.806,0.197,181.28,185.23,177.33
2024-06-06,183.11,183.64,180.85,181.9,871500,181.45,181.267,182.91,51.297,-0.479,-0.741,0.262,181.267,185.207,177.327
2024-06-07,182.28,184.05,181.48,181.79,883100,181.792,181.21,182.832,50.933,-0.38,-0.669,0.288,181.21,185.081,177.339
2024-06-10,181.72,182.93,181.46,182.54,585500,182.26,181.136,182.77,53.366,-0.239,-0.583,0.344,181.136,184.835,177.438
2024-06-11,182.01,182.45,180.56,181.49,770200,182.12,181.06,182.708,49.654,-0.209,-0.508,0.299,181.06,184.655,177.464
2024-06-12,181.01,182.51,179.96,182.1,781900,181.964,181.056,182.676,51.753,-0.135,-0.434,0.299,181.056,184.647,177.465
2024-06-13,182.01,182.4,180.0,182.25,701400,182.034,181.078,182.641,52.28,-0.063,-0.359,0.296,181.078,184.694,177.462
2024-06-14,181.49,183.59,180.87,183.43,653900,182.362,181.123,182.677,56.322,0.088,-0.27,0.358,181.123,184.837,177.41
2024-06-17,183.02,186.83,182.94,186.4,1014400,183.134,181.296,182.741,64.477,0.442,-0.128,0.57,181.296,185.634,176.957
2024-06-18,186.3,186.99,185.44,186.55,771800,184.146,181.581,182.806,64.835,0.727,0.043,0.683,181.581,186.505,176.657
2024-06-20,186.27,187.07,185.39,186.53,815100,185.032,181.841,182.865,64.741,0.94,0.223,0.717,181.841,187.236,176.446
2024-06-21,187.01,187.01,186.07,186.55,1289700,185.892,182.088,182.907,64.796,1.097,0.397,0.7,182.088,187.876,176.3
2024-06-24,187.26,189.46,186.74,189.28,770300,187.062,182.493,183.013,71.328,1.426,0.603,0.823,182.493,189.091,175.895
2024-06-25,189.42,189.89,188.53,189.13,1051700,187.608,182.867,183.143,70.554,1.656,0.814,0.842,182.867,190.083,175.651
2024-06-26,188.11,189.54,187.83,188.73,1495800,188.044,183.382,183.276,68.42,1.785,1.008,0.777,183.382,190.734,176.029
2024-06-27,189.3,189.97,188.79,189.44,707400,188.626,184.025,183.419,70.146,1.922,1.191,0.731,184.025,191.116,176.934
2024-06-28,189.56,190.4,188.71,188.97,4550500,189.11,184.622,183.524,67.515,1.97,1.347,0.624,184.622,191.229,178.014
2024-07-01,189.44,189.68,186.79,187.55,1427700,188.764,184.995,183.6,60.172,1.872,1.452,0.421,184.995,191.361,178.629
2024-07-02,187.44,188.75,186.77,188.35,1653400,188.608,185.402,183.677,62.638,1.838,1.529,0.309,185.402,191.515,179.29
2024-07-03,188.7,189.1,187.88,188.72,713300,188.606,185.729,183.722,63.755,1.82,1.587,0.233,185.729,191.816,179.642
2024-07-05,189.17,190.25,187.64,190.03,2240900,188.724,186.086,183.815,67.465,1.889,1.648,0.242,186.086,192.308,179.865
2024-07-08,190.29,191.23,190.06,190.42,1362400,189.014,186.512,183.89,68.499,1.953,1.709,0.245,186.512,192.693,180.332
2024-07-09,190.14,190.9,189.23,190.45,577200,189.594,186.945,183.935,68.582,1.984,1.764,0.22,186.945,192.944,180.947
2024-07-10,190.9,192.16,189.98,191.97,923200,190.318,187.417,184.042,72.519,2.106,1.832,0.274,187.417,193.44,181.394
2024-07-11,192.43,194.4,192.24,193.75,1213800,191.324,188.03,184.155,76.269,2.32,1.93,0.39,188.03,194.008,182.052
2024-07-12,194.34,196.32,194.1,195.26,893800,192.37,188.688,184.332,78.899,2.581,2.06,0.521,188.688,194.813,182.563
2024-07-15,195.5,196.53,195.13,196.18,1082200,193.522,189.384,184.639,80.33,2.83,2.214,0.616,189.384,195.595,183.174
2024-07-16,196.69,199.16,196.22,199.09,953300,195.25,190.168,184.995,84.021,3.225,2.416,0.809,190.168,197.121,183.214
2024-07-17,199.49,201.34,198.94,200.3,1017100,196.916,190.862,185.393,85.259,3.594,2.652,0.942,190.862,198.921,182.804
2024-07-18,199.86,201.39,198.96,199.47,869000,198.06,191.508,185.751,80.642,3.776,2.877,0.9,191.508,200.161,182.856
2024-07-19,200.93,200.93,198.09,198.39,1141900,198.686,192.102,186.052,74.954,3.79,3.059,0.73,192.102,200.941,183.262
2024-07-22,198.98,200.06,198.01,199.97,590400,199.444,192.772,186.408,77.459,3.883,3.224,0.659,192.772,201.872,183.673
2024-07-23,199.08,199.23,193.3,194.08,2081100,198.442,193.012,186.631,55.269,3.442,3.268,0.174,193.012,201.976,184.049
2024-07-24,193.35,195.69,192.88,194.7,1952000,197.322,193.291,186.845,56.676,3.107,3.236,-0.129,193.291,202.091,184.491
2024-07-25,196.89,197.5,184.55,184.62,2370300,194.352,193.086,186.877,36.548,2.005,2.99,-0.985,193.086,202.504,183.667
2024-07-26,184.74,187.22,184.12,185.56,1860600,191.786,192.892,186.945,38.733,1.194,2.63,-1.437,192.892,202.775,183.008
2024-07-29,187.08,188.64,185.75,187.37,1299600,189.266,192.811,187.056,42.817,0.689,2.242,-1.553,192.811,202.853,182.77
2024-07-30,187.41,189.83,187.32,187.57,1007800,187.964,192.812,187.157,43.267,0.301,1.854,-1.553,192.812,202.852,182.773
2024-07-31,188.02,190.1,187.84,189.48,1478100,186.92,192.869,187.287,47.514,0.146,1.512,-1.366,192.869,202.815,182.923
2024-08-01,190.01,192.63,188.97,192.62,1585400,188.52,193.064,187.523,53.657,0.274,1.265,-0.991,193.064,202.819,183.309
2024-08-02,193.04,195.07,191.39,195.02,1634400,190.412,193.314,187.797,57.729,0.562,1.124,-0.562,193.314,202.996,183.631
2024-08-05,195.02,196.62,188.92,190.29,1912600,190.996,193.307,187.97,48.655,0.405,0.98,-0.576,193.307,202.998,183.616
2024-08-06,190.81,194.53,190.49,191.8,1268800,191.842,193.374,188.183,51.287,0.397,0.864,-0.467,193.374,203.0,183.749
2024-08-07,192.38,198.15,192.38,196.54,2852700,193.254,193.603,188.481,58.483,0.764,0.844,-0.079,193.603,203.305,183.901
2024-08-08,196.3,197.26,195.4,196.47,1141100,194.024,193.739,188.841,58.346,1.038,0.883,0.155,193.739,203.526,183.952
2024-08-09,196.36,196.51,192.7,196.21,901400,194.262,193.786,189.234,57.804,1.22,0.95,0.27,193.786,203.613,183.96
2024-08-12,196.1,196.1,193.82,194.54,1051900,195.112,193.704,189.584,54.315,1.215,1.003,0.212,193.704,203.475,183.934
2024-08-13,195.08,195.58,194.12,195.4,640000,195.832,193.52,189.89,55.795,1.266,1.056,0.21,193.52,202.997,184.043
2024-08-14,195.02,197.59,194.53,197.41,484600,196.006,193.376,190.235,59.127,1.452,1.135,0.317,193.376,202.499,184.252
2024-08-15,197.77,198.22,196.65,197.83,583900,196.278,193.294,190.547,59.809,1.615,1.231,0.384,193.294,202.213,184.374
2024-08-16,198.18,198.72,197.51,198.21,747900,196.678,193.284,190.854,60.452,1.754,1.336,0.419,193.284,202.183,184.386
2024-08-19,198.11,199.89,197.78,199.85,574400,197.74,193.278,191.213,63.188,1.974,1.463,0.511,193.278,202.158,184.399
2024-08-20,200.35,200.44,199.41,200.19,450300,198.698,193.584,191.581,63.748,2.151,1.601,0.55,193.584,202.985,184.183
2024-08-21,200.58,200.77,199.7,200.69,455800,199.354,193.884,191.944,64.601,2.305,1.742,0.563,193.884,203.801,183.966
2024-08-22,201.54,202.58,200.99,201.76,547700,200.14,194.74,192.349,66.422,2.485,1.89,0.595,194.74,204.241,185.24
2024-08-23,202.14,202.82,200.35,201.13,675500,200.724,195.519,192.73,64.324,2.547,2.022,0.525,195.519,204.383,186.655
2024-08-26,201.46,203.42,201.36,201.68,536800,201.09,196.234,193.119,65.353,2.611,2.14,0.471,196.234,204.626,187.843
2024-08-27,202.08,202.74,200.82,201.81,575000,201.414,196.946,193.486,65.605,2.641,2.24,0.401,196.946,204.629,189.264
2024-08-28,202.42,203.12,201.27,202.18,531600,201.712,197.582,193.802,66.357,2.665,2.325,0.34,197.582,204.748,190.415
2024-08-29,202.74,203.49,200.34,200.81,1164700,201.522,197.991,194.087,61.039,2.543,2.368,0.175,197.991,204.895,191.087
2024-08-30,200.78,203.45,200.66,203.02,885400,201.9,198.391,194.417,65.8,2.595,2.414,0.182,198.391,205.494,191.288
2024-09-03,203.01,203.39,199.74,200.7,1122100,201.704,198.912,194.7,57.814,2.422,2.415,0.006,198.912,204.963,192.86
2024-09-04,200.87,202.71,200.48,202.54,792100,201.85,199.448,194.965,61.776,2.405,2.413,-0.009,199.448,204.696,194.201
2024-09-05,202.54,202.62,199.28,200.31,672100,201.476,199.637,195.189,55.03,2.186,2.368,-0.182,199.637,204.712,194.562
2024-09-06,200.41,201.84,197.75,197.77,1033400,200.868,199.702,195.369,48.529,1.787,2.252,-0.464,199.702,204.638,194.766
2024-09-09,198.86,202.04,198.04,200.19,882700,200.302,199.901,195.584,54.093,1.648,2.131,-0.483,199.901,204.557,195.245
2024-09-10,200.68,201.95,199.54,201.17,704800,200.396,200.233,195.828,56.16,1.597,2.024,-0.427,200.233,204.17,196.295
2024-09-11,199.56,200.41,195.74,199.7,829000,199.828,200.448,196.071,52.352,1.423,1.904,-0.481,200.448,203.681,197.214
2024-09-12,199.01,200.2,197.76,200.13,885300,199.792,200.584,196.307,53.349,1.304,1.784,-0.48,200.584,203.491,197.676
2024-09-13,200.06,201.65,199.38,200.66,763000,200.37,200.725,196.546,54.609,1.238,1.675,-0.437,200.725,203.328,198.122
2024-09-16,201.38,202.65,200.14,200.24,657800,200.38,200.826,196.75,53.378,1.139,1.568,-0.428,200.826,203.161,198.492
2024-09-17,199.56,200.02,196.28,196.72,856900,199.49,200.67,196.876,44.359,0.768,1.408,-0.64,200.67,203.619,197.721
2024-09-18,196.64,197.01,193.22,194.22,838200,198.394,200.372,196.951,39.281,0.269,1.18,-0.911,200.372,204.498,196.245
2024-09-19,194.94,196.25,192.76,195.9,1316100,197.548,200.132,197.03,43.926,0.009,0.946,-0.937,200.132,204.712,195.552
2024-09-20,193.02,196.47,193.02,196.37,1951100,196.69,199.862,197.082,45.189,-0.158,0.725,-0.883,199.862,204.668,195.057
2024-09-23,196.62,198.28,196.34,197.76,740300,196.194,199.694,197.132,48.859,-0.176,0.545,-0.72,199.694,204.549,194.839
2024-09-24,197.12,198.44,196.62,198.29,1557900,196.508,199.525,197.175,50.227,-0.145,0.407,-0.552,199.525,204.323,194.726
2024-09-25,199.14,199.74,198.23,199.4,864200,197.544,199.404,197.181,53.059,-0.031,0.319,-0.35,199.404,204.081,194.727
2024-09-26,198.47,199.99,195.65,195.77,751200,197.518,199.084,197.09,44.201,-0.231,0.209,-0.44,199.084,203.837,194.33
2024-09-27,195.41,196.5,194.15,194.41,1565100,197.126,198.764,196.989,41.411,-0.493,0.069,-0.562,198.764,203.876,193.651
2024-09-30,194.16,195.96,193.41,195.84,1266200,196.742,198.404,196.938,45.319,-0.579,-0.061,-0.518,198.404,203.26,193.549
2024-10-01,195.8,196.79,194.33,196.27,698900,196.338,198.183,196.864,46.475,-0.606,-0.17,-0.436,198.183,203.002,193.364
2024-10-02,196.18,196.79,195.09,195.67,666200,195.592,197.84,196.896,45.044,-0.667,-0.269,-0.398,197.84,202.318,193.361
2024-10-03,195.19,197.58,195.19,197.44,1379900,195.926,197.696,196.951,49.941,-0.567,-0.329,-0.238,197.696,202.023,193.369
2024-10-04,196.5,196.7,195.09,196.24,957800,196.292,197.62,197.183,46.89,-0.577,-0.379,-0.199,197.62,201.995,193.244
2024-10-07,195.05,195.51,193.44,194.22,2229500,195.968,197.321,197.356,42.215,-0.74,-0.451,-0.289,197.321,201.772,192.87
2024-10-08,195.58,197.86,194.74,197.6,752900,196.234,197.142,197.561,51.015,-0.59,-0.479,-0.111,197.142,201.213,193.072
2024-10-09,197.91,200.6,196.47,200.31,609600,197.162,197.173,197.816,56.708,-0.249,-0.433,0.184,197.173,201.333,193.013
2024-10-10,200.53,200.85,198.49,198.59,553900,197.392,197.096,197.998,52.535,-0.116,-0.369,0.253,197.096,201.079,193.113
2024-10-11,199.3,200.32,198.36,199.92,780800,198.128,197.059,198.144,55.276,0.095,-0.277,0.372,197.059,200.914,193.204
2024-10-14,200.63,202.41,200.05,201.22,702100,199.528,197.108,198.268,57.838,0.363,-0.149,0.512,197.108,201.153,193.063
2024-10-15,202.48,203.93,201.48,201.93,983900,200.394,197.368,198.501,59.213,0.626,0.006,0.62,197.368,201.945,192.792
2024-10-16,201.11,202.61,200.44,200.99,515100,200.53,197.707,198.684,56.583,0.75,0.155,0.595,197.707,202.304,193.11
2024-10-17,201.71,202.23,200.09,201.08,626400,201.028,197.966,198.775,56.781,0.845,0.293,0.552,197.966,202.716,193.216
2024-10-18,200.93,201.45,199.48,200.27,780200,201.098,198.161,198.851,54.378,0.846,0.404,0.442,198.161,202.955,193.367
2024-10-21,199.97,200.86,198.49,199.6,666000,200.774,198.253,198.919,52.402,0.783,0.479,0.304,198.253,203.085,193.421
2024-10-22,198.9,199.65,197.55,199.41,552700,200.27,198.309,199.016,51.827,0.71,0.526,0.184,198.309,203.168,193.45
2024-10-23,198.94,200.16,198.29,199.47,554700,199.966,198.312,199.098,52.007,0.649,0.55,0.099,198.312,203.175,193.45
2024-10-24,198.77,199.34,196.85,197.08,642400,199.166,198.378,199.091,44.854,0.404,0.521,-0.117,198.378,203.131,193.625
2024-10-25,196.86,197.67,195.18,195.41,517300,198.194,198.428,199.043,40.647,0.074,0.431,-0.358,198.428,203.023,193.833
2024-10-28,196.54,196.74,195.48,195.99,707900,197.472,198.436,198.998,42.658,-0.14,0.317,-0.457,198.436,203.014,193.857
2024-10-29,196.77,201.15,196.15,199.8,1182600,197.55,198.612,198.997,53.747,-0.001,0.254,-0.255,198.612,203.11,194.114
2024-10-30,199.49,202.92,194.12,194.42,1391000,196.54,198.55,198.882,41.533,-0.322,0.138,-0.46,198.55,203.25,193.849
2024-10-31,193.63,195.7,193.24,193.62,1434100,195.848,198.358,198.741,40.075,-0.633,-0.016,-0.617,198.358,203.535,193.182
2024-11-01,194.46,195.75,193.48,194.19,1010800,195.604,198.256,198.589,41.647,-0.825,-0.178,-0.647,198.256,203.684,192.828
2024-11-04,195.58,196.82,194.5,196.16,1061500,195.638,198.353,198.49,46.838,-0.808,-0.304,-0.504,198.353,203.542,193.164
2024-11-05,196.45,198.07,195.58,197.67,730700,195.212,198.356,198.41,50.475,-0.665,-0.376,-0.289,198.356,203.543,193.17
2024-11-06,201.13,203.22,198.25,202.49,1442300,196.826,198.466,198.423,59.905,-0.161,-0.333,0.172,198.466,203.91,193.021
2024-11-07,203.23,204.47,202.29,203.48,865800,198.798,198.71,198.449,61.525,0.314,-0.204,0.518,198.71,204.599,192.821
2024-11-08,204.52,208.54,199.87,206.91,1011900,201.342,199.06,198.571,66.566,0.957,0.028,0.928,199.06,205.989,192.13
2024-11-11,207.8,210.21,206.84,207.14,891100,203.538,199.355,198.654,66.88,1.468,0.316,1.152,199.355,207.128,191.583
2024-11-12,207.81,208.61,206.79,207.55,929700,205.514,199.636,198.791,67.465,1.884,0.63,1.254,199.636,208.17,191.103
2024-11-13,207.68,211.4,206.79,209.94,1056100,207.004,200.084,198.939,70.715,2.38,0.98,1.4,200.084,209.776,190.392
2024-11-14,209.14,209.53,204.28,204.83,1113400,207.274,200.272,199.029,57.492,2.333,1.25,1.082,200.272,210.187,190.356
2024-11-15,203.89,204.98,202.62,203.44,984400,206.58,200.43,199.142,54.507,2.159,1.432,0.727,200.43,210.447,190.413
2024-11-18,202.98,205.26,202.62,204.46,683100,206.044,200.673,199.228,56.3,2.079,1.562,0.518,200.673,210.84,190.506
2024-11-19,203.44,206.37,202.37,206.25,907000,205.784,201.015,199.329,59.33,2.136,1.676,0.46,201.015,211.459,190.571
2024-11-20,206.25,208.02,204.91,207.92,990600,205.38,201.438,199.494,61.979,2.289,1.799,0.49,201.438,212.294,190.581
2024-11-21,208.29,210.48,206.62,209.33,1108200,206.28,202.05,199.678,64.104,2.496,1.938,0.557,202.05,213.248,190.852
2024-11-22,210.26,212.07,210.26,212.0,755400,207.992,202.88,199.905,67.778,2.842,2.119,0.723,202.88,214.458,191.301
2024-11-25,211.91,214.06,211.25,213.05,2052300,209.71,203.732,200.161,69.116,3.165,2.328,0.837,203.732,215.682,191.783
2024-11-26,214.13,215.08,212.96,213.92,835600,211.244,204.438,200.505,70.22,3.451,2.553,0.898,204.438,217.059,191.818
2024-11-27,215.1,215.71,213.12,213.46,771300,212.352,205.391,200.89,68.82,3.599,2.762,0.837,205.391,217.698,193.083
2024-11-29,213.76,215.14,213.18,213.48,631500,213.182,206.384,201.241,68.849,3.676,2.945,0.731,206.384,217.869,194.898
2024-12-02,213.55,213.55,209.75,210.21,792600,212.824,207.184,201.518,59.134,3.433,3.043,0.391,207.184,217.235,197.134
2024-12-03,210.24,210.93,208.98,210.04,996900,212.222,207.879,201.764,58.67,3.191,3.072,0.118,207.879,216.545,199.212
2024-12-04,209.7,211.18,209.4,210.79,1219900,211.596,208.535,202.014,60.154,3.024,3.063,-0.039,208.535,215.824,201.245
2024-12-05,210.33,211.1,208.79,210.72,1102400,211.048,208.946,202.24,59.938,2.853,3.021,-0.168,208.946,215.709,202.183
2024-12-06,212.1,213.76,211.62,211.89,1053800,210.73,209.366,202.562,62.373,2.78,2.973,-0.192,209.366,215.733,203.0
2024-12-09,211.88,212.87,206.79,207.65,1022400,210.218,209.403,202.827,50.413,2.353,2.849,-0.496,209.403,215.718,203.089
2024-12-10,208.76,208.87,206.04,207.01,651700,209.612,209.397,203.051,48.889,1.941,2.667,-0.726,209.397,215.722,203.072
2024-12-11,207.43,208.3,204.96,205.7,835900,208.594,209.305,203.239,45.835,1.491,2.432,-0.941,209.305,215.795,202.814
2024-12-12,206.34,206.57,204.87,205.49,501300,207.548,209.082,203.436,45.346,1.105,2.166,-1.062,209.082,215.782,202.382
2024-12-13,205.75,205.75,204.1,204.35,805700,206.04,209.058,203.574,42.684,0.699,1.873,-1.174,209.058,215.825,202.291
2024-12-16,205.01,205.75,203.03,203.54,1013400,205.218,209.063,203.72,40.848,0.308,1.56,-1.252,209.063,215.813,202.313
2024-12-17,202.91,203.72,200.62,201.08,1077900,204.032,208.894,203.857,35.812,-0.198,1.208,-1.406,208.894,216.27,201.518
2024-12-18,201.39,202.24,198.88,198.96,2226300,202.684,208.53,203.884,32.136,-0.761,0.814,-1.576,208.53,217.082,199.977
2024-12-19,198.68,200.8,198.0,199.44,1603000,201.474,208.105,203.867,33.793,-1.155,0.421,-1.576,208.105,217.577,198.634
2024-12-20,199.92,201.06,198.34,199.23,2366700,200.45,207.6,203.88,33.409,-1.468,0.043,-1.511,207.6,217.842,197.359
2024-12-23,199.4,199.45,196.24,197.79,1027600,199.3,206.89,203.837,30.819,-1.811,-0.328,-1.483,206.89,217.797,195.983
2024-12-24,197.39,199.63,197.31,199.63,326800,199.01,206.219,203.805,37.486,-1.912,-0.645,-1.267,206.219,217.181,195.257
2024-12-26,199.0,201.83,198.03,199.59,394100,199.136,205.502,203.758,37.402,-1.973,-0.91,-1.063,205.502,216.216,194.789
2024-12-27,198.71,200.25,197.77,198.4,559600,198.928,204.75,203.707,34.886,-2.093,-1.147,-0.946,204.75,215.222,194.277
2024-12-30,197.2,197.63,196.1,196.74,880800,198.43,203.912,203.62,31.684,-2.296,-1.377,-0.919,203.912,214.12,193.705
2024-12-31,197.02,197.19,195.32,196.73,832200,198.218,203.238,203.549,31.665,-2.429,-1.587,-0.842,203.238,213.475,193.002
2025-01-02,197.33,198.81,195.61,196.23,877500,197.538,202.548,203.482,30.682,-2.546,-1.779,-0.767,202.548,212.716,192.38
2025-01-03,196.46,197.66,195.59,197.17,779500,197.054,201.867,203.437,34.782,-2.533,-1.93,-0.603,201.867,211.522,192.212
2025-01-06,197.18,198.59,196.38,197.08,864200,196.79,201.185,203.389,34.571,-2.502,-2.044,-0.458,201.185,210.106,192.264
2025-01-07,198.01,199.75,197.98,199.14,1057300,197.27,200.547,203.43,43.075,-2.284,-2.092,-0.192,200.547,207.938,193.157
2025-01-08,199.96,203.25,199.7,202.97,1114500,198.518,200.314,203.581,54.831,-1.782,-2.03,0.248,200.314,207.022,193.605
2025-01-10,203.15,204.69,201.84,202.32,1315600,199.736,200.079,203.708,52.836,-1.42,-1.908,0.488,200.079,206.094,194.064
2025-01-13,201.81,203.26,199.98,203.23,1350600,200.948,199.955,203.777,55.288,-1.048,-1.736,0.688,199.955,205.573,194.338
2025-01-14,203.01,203.09,201.21,203.01,849200,202.134,199.832,203.948,54.55,-0.762,-1.541,0.779,199.832,205.029,194.634
2025-01-15,204.16,206.16,203.66,205.72,1207000,203.45,199.9,204.19,61.39,-0.313,-1.296,0.983,199.9,205.376,194.424
2025-01-16,205.72,208.77,205.48,207.84,909300,204.424,200.115,204.463,65.734,0.211,-0.994,1.206,200.115,206.462,193.768
2025-01-17,208.38,210.54,208.12,209.61,1252800,205.882,200.542,204.732,68.882,0.761,-0.643,1.404,200.542,208.177,192.906
2025-01-21,210.84,212.98,210.3,210.8,931200,207.396,201.134,204.995,70.823,1.278,-0.259,1.537,201.134,209.991,192.276
2025-01-22,210.0,210.27,207.72,208.39,981700,208.472,201.581,205.113,62.342,1.476,0.088,1.388,201.581,210.967,192.195
2025-01-23,208.73,208.93,207.2,208.18,655600,208.964,202.028,205.207,61.65,1.598,0.39,1.208,202.028,211.788,192.269
2025-01-24,208.61,208.69,207.58,207.75,736500,208.946,202.526,205.224,60.175,1.641,0.64,1.0,202.526,212.391,192.662
2025-01-27,208.79,211.61,207.91,211.42,1057300,209.308,203.116,205.309,67.352,1.948,0.902,1.046,203.116,213.639,192.593
2025-01-28,211.38,212.07,209.9,211.9,1318100,209.528,203.731,205.396,68.16,2.205,1.162,1.043,203.731,214.812,192.651
2025-01-29,211.97,211.99,208.05,208.22,1140500,209.494,204.222,205.362,56.594,2.088,1.348,0.74,204.222,215.177,193.268
2025-01-30,209.95,214.7,208.49,214.15,863200,210.688,205.093,205.548,66.468,2.445,1.567,0.878,205.093,216.308,193.878
2025-01-31,214.33,215.33,212.52,212.69,943900,211.676,205.891,205.733,62.687,2.581,1.77,0.811,205.891,216.869,194.913
2025-02-03,211.25,217.48,210.94,216.8,1130500,212.752,206.92,205.98,68.176,2.986,2.013,0.973,206.92,217.941,195.898
2025-02-04,215.79,216.07,214.41,215.02,724500,213.376,207.812,206.156,63.799,3.127,2.236,0.891,207.812,218.392,197.232
2025-02-05,216.49,217.1,215.4,216.74,892600,215.08,208.795,206.332,66.066,3.339,2.456,0.883,208.795,218.815,198.775
2025-02-06,216.0,217.41,215.21,217.3,650800,215.71,209.703,206.491,66.795,3.512,2.668,0.844,209.703,219.322,200.084
2025-02-07,217.66,218.36,216.51,216.81,616500,216.534,210.395,206.588,65.469,3.568,2.848,0.72,210.395,219.966,200.824
2025-02-10,217.51,219.12,216.01,217.82,740200,216.738,211.17,206.683,66.926,3.652,3.009,0.644,211.17,220.495,201.845
2025-02-11,217.92,218.97,216.74,218.95,751400,217.524,211.956,206.784,68.526,3.766,3.16,0.606,211.956,221.111,202.801
2025-02-12,217.73,220.13,217.23,219.19,1145400,218.014,212.765,206.898,68.871,3.832,3.295,0.538,212.765,221.438,204.092
2025-02-13,219.18,220.35,216.44,220.16,1382300,218.586,213.487,207.032,70.286,3.917,3.419,0.498,213.487,222.095,204.879
2025-02-14,224.13,228.04,222.98,226.91,1506700,220.606,214.44,207.366,77.838,4.478,3.631,0.847,214.44,224.515,204.366
2025-02-18,224.21,226.7,223.08,224.15,1224900,221.872,215.167,207.648,70.004,4.646,3.834,0.812,215.167,225.854,204.481
2025-02-19,225.47,225.97,223.37,225.23,1133400,223.128,215.889,207.937,71.224,4.811,4.029,0.782,215.889,227.26,204.518
2025-02-20,224.16,226.89,222.88,226.41,1143200,224.572,216.79,208.251,72.539,4.979,4.219,0.76,216.79,228.51,205.07
2025-02-21,225.13,226.98,223.87,226.42,1231700,225.824,217.702,208.541,72.55,5.055,4.387,0.669,217.702,229.439,205.965
2025-02-24,226.2,228.92,225.83,228.23,1063200,226.088,218.726,208.953,74.613,5.202,4.55,0.652,218.726,230.381,207.071
2025-02-25,228.24,229.52,227.71,229.01,1525500,227.06,219.606,209.393,75.468,5.319,4.704,0.616,219.606,231.589,207.622
2025-02-26,227.52,229.47,226.87,227.11,947600,227.436,220.366,209.821,69.339,5.199,4.803,0.397,220.366,232.22,208.512
2025-02-27,226.88,229.19,226.03,228.21,642800,227.796,221.366,210.275,70.817,5.134,4.869,0.265,221.366,232.238,210.493
2025-02-28,229.1,232.94,228.77,232.45,1509900,229.002,222.28,210.837,75.682,5.362,4.968,0.395,222.28,233.665,210.896
2025-03-03,232.69,236.0,232.69,235.0,1126900,230.356,223.396,211.467,78.052,5.683,5.111,0.573,223.396,235.188,211.604
2025-03-04,235.0,236.31,230.82,231.39,1555100,230.832,224.126,212.073,67.955,5.582,5.205,0.377,224.126,236.004,212.247
2025-03-05,228.66,232.51,220.66,231.22,1367700,231.654,224.936,212.718,67.513,5.426,5.249,0.177,224.936,236.402,213.469
2025-03-06,229.43,230.75,225.02,227.03,1109200,231.418,225.45,213.27,57.556,4.907,5.181,-0.273,225.45,236.274,214.626
2025-03-07,225.64,230.09,224.8,229.67,972300,230.862,226.068,213.879,61.417,4.656,5.076,-0.42,226.068,236.331,215.806
2025-03-10,228.49,233.55,228.0,228.8,1050100,229.622,226.668,214.499,59.496,4.336,4.928,-0.592,226.668,236.013,217.323
2025-03-11,228.95,229.35,226.93,227.25,1107000,228.794,227.14,215.051,56.128,3.913,4.725,-0.812,227.14,235.505,218.774
2025-03-12,227.07,228.3,225.51,226.19,1118900,227.788,227.502,215.583,53.882,3.452,4.47,-1.018,227.502,234.951,220.052
2025-03-13,225.71,226.25,224.4,224.86,928800,227.354,227.785,216.112,51.118,2.945,4.165,-1.22,227.785,234.272,221.298
2025-03-14,225.05,227.7,224.22,227.54,940200,226.928,228.154,216.728,56.015,2.729,3.878,-1.149,228.154,233.565,222.743
2025-03-17,226.75,231.69,226.75,231.22,788100,227.412,228.37,217.418,61.69,2.821,3.667,-0.845,228.37,233.914,222.825
2025-03-18,230.68,231.58,228.92,229.53,946100,227.868,228.638,218.084,57.989,2.727,3.479,-0.752,228.638,233.832,223.445
2025-03-19,229.61,230.79,228.49,230.04,732900,228.638,228.879,218.742,58.793,2.663,3.315,-0.653,228.879,233.848,223.91
2025-03-20,230.39,230.96,228.51,230.33,957700,229.732,229.075,219.407,59.27,2.605,3.173,-0.568,229.075,233.942,224.208
2025-03-21,229.89,230.5,227.45,228.84,1625600,229.992,229.196,220.001,55.703,2.411,3.021,-0.61,229.196,233.903,224.489
2025-03-24,229.9,231.94,228.61,231.44,2079300,230.036,229.356,220.57,60.203,2.44,2.905,-0.465,229.356,234.143,224.57
2025-03-25,232.26,233.61,231.22,233.21,832400,230.772,229.566,221.188,62.962,2.575,2.839,-0.264,229.566,234.649,224.484
2025-03-26,233.9,235.68,232.97,233.17,1554500,231.398,229.87,221.787,62.856,2.649,2.801,-0.152,229.87,235.056,224.683
2025-03-27,234.54,236.44,232.9,235.15,1256500,232.362,230.216,222.429,65.917,2.834,2.808,0.027,230.216,235.846,224.587
2025-03-28,235.27,236.24,233.72,233.94,1044000,233.382,230.291,222.994,62.526,2.851,2.816,0.035,230.291,236.082,224.5
2025-03-31,234.61,238.4,234.5,237.49,1745500,234.592,230.416,223.587,67.765,3.114,2.876,0.239,230.416,236.717,224.114
2025-04-01,237.78,239.3,236.58,239.02,1366400,235.754,230.797,224.175,69.729,3.407,2.982,0.425,230.797,238.178,223.416
2025-04-02,237.56,240.85,236.27,240.68,1866600,237.256,231.27,224.773,71.741,3.731,3.132,0.599,231.27,239.876,222.664
2025-04-03,240.68,245.5,237.77,244.23,2745400,239.072,232.13,225.489,75.492,4.224,3.35,0.874,232.13,242.256,222.004
2025-04-04,242.82,244.86,231.09,231.43,3157700,238.57,232.218,225.954,49.815,3.542,3.389,0.154,232.218,242.284,222.152
2025-04-07,226.6,234.13,222.52,227.02,2407400,236.476,232.129,226.34,44.233,2.616,3.234,-0.619,232.129,242.353,221.905
2025-04-08,230.66,233.15,220.34,223.35,2476100,233.342,231.934,226.578,40.196,1.567,2.901,-1.334,231.934,242.685,221.183
2025-04-09,221.93,235.59,221.41,235.21,2568600,232.248,232.385,227.045,54.612,1.674,2.655,-0.982,232.385,242.875,221.895
2025-04-10,232.25,237.45,230.15,236.16,1684700,230.634,232.95,227.603,55.536,1.814,2.487,-0.673,232.95,242.938,222.962
2025-04-11,233.89,240.76,233.89,239.79,1569300,232.306,233.562,228.116,58.975,2.193,2.428,-0.235,233.562,243.656,223.469
2025-04-14,240.88,242.91,239.7,241.4,918800,235.182,234.072,228.69,60.437,2.593,2.461,0.132,234.072,244.681,223.462
2025-04-15,242.81,243.05,239.46,240.85,1154200,238.682,234.638,229.171,59.655,2.833,2.535,0.298,234.638,245.433,223.842
2025-04-16,242.16,242.43,238.2,239.49,1232500,239.538,235.11,229.661,57.668,2.88,2.604,0.276,235.11,245.885,224.335
2025-04-17,239.87,241.18,238.78,239.16,837800,240.138,235.552,230.109,57.171,2.858,2.655,0.203,235.552,246.225,224.878
2025-04-21,238.42,238.54,231.78,234.33,1372700,239.046,235.826,230.45,50.327,2.423,2.609,-0.186,235.826,246.046,225.606
2025-04-22,235.94,239.29,234.71,238.46,1188700,238.458,236.177,230.883,55.259,2.384,2.564,-0.18,236.177,246.244,226.11
2025-04-23,239.09,240.39,235.22,237.28,1586600,237.744,236.38,231.272,53.621,2.232,2.498,-0.265,236.38,246.359,226.402
2025-04-24,238.09,238.09,233.73,236.68,1771500,237.182,236.556,231.627,52.764,2.04,2.406,-0.366,236.556,246.419,226.693
2025-04-25,239.47,239.91,234.62,239.44,1947500,237.238,236.77,232.032,56.228,2.086,2.342,-0.256,236.77,246.692,226.849
2025-04-28,238.81,242.4,238.26,241.94,1480300,238.76,237.17,232.467,59.15,2.298,2.333,-0.035,237.17,247.255,227.086
2025-04-29,241.45,243.85,239.43,243.51,986600,239.77,237.471,232.799,60.915,2.563,2.379,0.184,237.471,247.948,226.995
2025-04-30,242.84,247.44,240.22,246.5,1679900,241.614,237.846,233.246,64.095,2.98,2.499,0.481,237.846,249.062,226.629
2025-05-01,244.97,246.45,242.02,245.19,833400,243.316,238.071,233.645,61.725,3.168,2.633,0.535,238.071,249.702,226.44
2025-05-02,247.3,248.13,244.82,246.28,894100,244.684,238.174,234.043,62.953,3.367,2.78,0.587,238.174,250.066,226.281
2025-05-05,246.78,247.0,244.36,246.49,1071300,245.594,238.926,234.444,63.198,3.5,2.924,0.576,238.926,250.928,226.925
2025-05-06,246.22,247.06,244.54,246.6,759900,246.212,239.906,234.812,63.334,3.574,3.054,0.52,239.906,250.975,228.836
2025-05-07,246.76,248.66,245.41,247.55,1098100,246.422,241.116,235.182,64.559,3.667,3.177,0.49,241.116,249.54,232.691
2025-05-08,248.23,249.25,244.85,245.11,1152200,246.406,241.61,235.542,59.099,3.503,3.242,0.261,241.61,249.732,233.489
2025-05-09,244.1,245.11,243.15,244.37,794200,246.024,242.021,235.866,57.511,3.276,3.249,0.027,242.021,249.806,234.236
2025-05-12,243.35,243.42,233.93,237.37,1790900,244.2,241.9,235.964,45.148,2.502,3.099,-0.597,241.9,249.903,233.897
2025-05-13,237.35,238.05,233.63,233.96,2874800,241.672,241.528,235.943,40.573,1.595,2.799,-1.203,241.528,250.285,232.771
2025-05-14,234.26,234.5,231.37,234.04,1428100,238.97,241.188,235.996,40.725,0.873,2.414,-1.54,241.188,250.563,231.812
2025-05-15,235.72,240.83,234.6,240.81,1268600,238.11,241.253,236.188,51.916,0.837,2.098,-1.261,241.253,250.597,231.91
2025-05-16,240.11,243.67,239.66,243.6,1248100,237.956,241.476,236.519,55.634,1.022,1.883,-0.861,241.476,250.821,232.13
2025-05-19,243.22,246.33,242.43,246.13,1023800,239.708,242.066,236.849,58.748,1.358,1.778,-0.42,242.066,250.992,233.139
2025-05-20,246.25,248.02,245.77,247.92,1148000,242.5,242.538,237.231,60.843,1.747,1.772,-0.024,242.538,251.661,233.416
2025-05-21,247.43,249.1,246.94,247.92,1134000,245.276,243.07,237.644,60.843,2.033,1.824,0.209,243.07,252.143,233.998
2025-05-22,248.37,248.6,243.5,246.75,2147100,246.464,243.574,238.056,58.588,2.14,1.887,0.253,243.574,252.262,234.886
2025-05-23,246.37,249.46,245.47,248.58,1074400,247.46,244.031,238.53,61.021,2.346,1.979,0.367,244.031,252.765,235.297
2025-05-27,248.19,251.21,248.02,250.59,1819100,248.352,244.463,238.991,63.554,2.641,2.111,0.529,244.463,253.609,235.318
2025-05-28,250.18,251.06,249.01,249.78,1156800,248.724,244.777,239.362,61.811,2.777,2.244,0.532,244.777,254.21,235.344
2025-05-29,249.0,250.47,247.97,250.13,840300,249.166,244.959,239.774,62.292,2.88,2.371,0.508,244.959,254.667,235.25
2025-05-30,250.63,253.56,249.61,252.93,2680700,250.402,245.346,240.232,65.986,3.151,2.527,0.624,245.346,255.689,235.002
2025-06-02,251.79,253.75,250.24,253.7,1431300,251.426,245.716,240.699,66.945,3.389,2.7,0.689,245.716,256.713,234.72
2025-06-03,253.14,254.37,250.26,252.12,1303600,251.732,245.998,241.165,63.019,3.411,2.842,0.569,245.998,257.36,234.636
2025-06-04,252.38,252.5,249.37,249.82,1465600,251.74,246.159,241.533,57.713,3.205,2.915,0.291,246.159,257.647,234.671
2025-06-05,250.41,250.41,247.34,248.87,1182500,251.488,246.225,241.846,55.63,2.932,2.918,0.014,246.225,257.762,234.688
2025-06-06,248.98,251.15,248.23,248.69,709600,250.64,246.404,242.156,55.223,2.671,2.869,-0.198,246.404,257.979,234.829
2025-06-09,247.71,247.86,242.15,245.18,1561400,248.936,246.444,242.357,47.873,2.155,2.726,-0.571,246.444,257.995,234.894
2025-06-10,245.36,246.67,242.87,243.79,1628700,247.27,246.766,242.554,45.301,1.616,2.504,-0.888,246.766,257.588,235.943
2025-06-11,243.56,244.93,240.94,244.04,1327400,246.114,247.27,242.685,45.864,1.195,2.242,-1.047,247.27,256.386,238.153
2025-06-12,244.9,247.65,243.63,247.59,956600,245.858,247.947,242.856,53.229,1.134,2.02,-0.886,247.947,254.607,241.287
2025-06-13,247.48,249.09,246.44,247.01,661700,245.522,248.257,242.983,51.985,1.028,1.822,-0.794,248.257,254.037,242.477
2025-06-16,246.98,248.18,243.95,244.28,735600,245.342,248.291,242.984,46.477,0.715,1.601,-0.886,248.291,253.962,242.62
2025-06-17,243.56,246.0,242.32,244.76,1211800,245.536,248.223,243.25,47.53,0.5,1.381,-0.88,248.223,254.035,242.41
2025-06-18,244.84,245.9,242.97,244.08,793200,245.544,248.031,243.592,46.145,0.272,1.159,-0.887,248.031,254.132,241.929
2025-06-20,245.07,246.44,242.93,243.99,1442200,244.824,247.834,244.004,45.955,0.082,0.943,-0.861,247.834,254.198,241.47
2025-06-23,244.82,246.5,243.44,246.44,981500,244.71,247.818,244.229,51.798,0.129,0.781,-0.652,247.818,254.195,241.442
2025-06-24,246.32,246.92,243.69,246.5,1622900,245.154,247.714,244.436,51.935,0.168,0.658,-0.49,247.714,254.106,241.323
2025-06-25,246.31,246.31,238.44,239.75,1539200,244.152,247.172,244.435,38.628,-0.341,0.458,-0.799,247.172,254.33,240.015
2025-06-26,240.51,242.04,239.72,240.58,1712100,243.452,246.712,244.419,40.642,-0.67,0.233,-0.903,246.712,254.332,239.093
2025-06-27,239.91,241.96,239.23,240.23,1896000,242.7,246.218,244.406,40.046,-0.948,-0.004,-0.945,246.218,254.181,238.254
2025-06-30,240.57,242.64,239.41,242.44,1572800,241.9,245.693,244.465,45.488,-0.979,-0.199,-0.78,245.693,253.161,238.225
2025-07-01,242.11,242.62,238.16,240.53,1131700,240.706,245.035,244.493,41.944,-1.144,-0.388,-0.756,245.035,251.822,238.247
2025-07-02,238.99,239.41,232.8,234.22,1965400,239.6,244.14,244.49,32.841,-1.764,-0.663,-1.101,244.14,251.672,236.607
2025-07-03,234.98,237.62,233.63,237.62,1262000,239.008,243.53,244.474,40.353,-1.958,-0.922,-1.036,243.53,251.101,235.958
2025-07-07,237.69,238.94,236.09,238.94,1470100,238.75,243.033,244.507,43.018,-1.983,-1.134,-0.849,243.033,250.431,235.635
2025-07-08,236.52,238.66,235.55,235.82,1893600,237.426,242.39,244.49,38.625,-2.228,-1.353,-0.875,242.39,249.952,234.827
2025-07-09,235.54,237.63,234.48,237.0,1387700,236.72,241.98,244.441,41.076,-2.301,-1.543,-0.759,241.98,249.789,234.172
2025-07-10,236.59,237.92,234.98,236.59,1561200,237.194,241.62,244.334,40.471,-2.365,-1.707,-0.658,241.62,249.735,233.506
2025-07-11,236.73,238.99,235.67,237.69,1768400,237.208,241.303,244.217,42.9,-2.3,-1.826,-0.474,241.303,249.516,233.09
2025-07-14,237.84,242.06,237.21,240.61,1265000,237.542,240.954,244.1,48.864,-1.99,-1.859,-0.131,240.954,248.617,233.291
2025-07-15,239.55,240.86,238.14,238.33,1199300,238.044,240.52,243.962,44.919,-1.906,-1.868,-0.038,240.52,247.707,233.333
2025-07-16,237.94,238.32,234.83,237.83,1087800,238.21,240.198,243.793,44.078,-1.859,-1.866,0.007,240.198,247.252,233.143
2025-07-17,237.02,238.84,234.83,236.67,1683000,238.226,239.793,243.597,42.11,-1.893,-1.872,-0.022,239.793,246.671,232.915
2025-07-18,236.83,238.56,236.41,236.99,1338100,238.086,239.438,243.405,42.868,-1.873,-1.872,-0.001,239.438,246.114,232.763
2025-07-21,236.17,237.86,235.24,236.54,1078400,237.272,239.066,243.185,42.034,-1.872,-1.872,0.0,239.066,245.499,232.633
2025-07-22,236.64,239.24,236.64,238.77,1029100,237.36,238.683,243.058,47.484,-1.671,-1.832,0.16,238.683,244.099,233.266
2025-07-23,238.35,240.12,237.06,239.72,1195700,237.738,238.344,242.965,49.655,-1.42,-1.749,0.33,238.344,242.37,234.317
2025-07-24,239.08,242.33,238.86,241.53,1045700,238.71,238.433,243.048,53.592,-1.062,-1.612,0.55,238.433,242.664,234.201
2025-07-25,241.67,242.61,240.94,241.58,935900,239.628,238.482,243.2,53.7,-0.765,-1.442,0.677,238.482,242.842,234.123
2025-07-28,240.85,241.24,237.64,237.89,989300,239.898,238.366,243.277,45.337,-0.819,-1.318,0.499,238.366,242.653,234.078
2025-07-29,239.61,242.66,238.48,242.42,1861500,240.628,238.365,243.31,54.67,-0.49,-1.152,0.662,238.365,242.648,234.081
2025-07-30,235.35,237.39,228.02,228.31,3177700,238.346,237.753,243.004,34.761,-1.352,-1.192,-0.16,237.753,243.842,231.665
2025-07-31,228.61,231.31,227.03,227.28,2244600,235.496,237.406,242.627,33.793,-2.095,-1.373,-0.722,237.406,244.958,229.855
2025-08-01,229.38,229.38,225.9,227.84,1481300,232.748,236.917,242.225,34.855,-2.608,-1.62,-0.988,236.917,245.594,228.241
2025-08-04,227.45,228.85,226.44,228.33,1196300,230.836,236.387,241.833,35.825,-2.941,-1.884,-1.057,236.387,245.808,226.966
2025-08-05,227.95,230.27,227.62,228.69,1938600,228.09,236.031,241.472,36.572,-3.14,-2.135,-1.005,236.031,246.062,225.999
2025-08-06,228.76,232.72,227.68,232.08,1573300,228.844,235.785,241.142,43.268,-2.989,-2.306,-0.683,235.785,245.956,225.613
2025-08-07,232.56,233.34,230.7,232.19,1593700,229.826,235.564,240.774,43.477,-2.829,-2.41,-0.418,235.564,245.852,225.277
2025-08-08,232.37,233.89,231.66,231.78,718000,230.614,235.269,240.414,42.845,-2.703,-2.469,-0.234,235.269,245.639,224.899
2025-08-11,232.19,233.82,231.26,233.57,904200,231.662,234.917,240.083,46.502,-2.431,-2.461,0.03,234.917,244.998,224.836
2025-08-12,233.15,233.98,229.02,230.12,998600,231.948,234.507,239.627,41.05,-2.466,-2.462,-0.003,234.507,244.67,224.343
2025-08-13,230.74,230.74,227.39,229.34,1906400,231.4,234.082,239.14,39.91,-2.527,-2.475,-0.052,234.082,244.37,223.794
2025-08-14,229.36,230.63,228.01,229.12,1097800,230.786,233.704,238.68,39.577,-2.564,-2.493,-0.071,233.704,244.145,223.264
2025-08-15,229.2,230.42,228.42,229.45,902200,230.32,233.328,238.272,40.382,-2.537,-2.502,-0.035,233.328,243.813,222.842
2025-08-18,229.57,230.59,228.58,229.04,912000,229.414,232.953,237.876,39.675,-2.52,-2.505,-0.014,232.953,243.491,222.414
2025-08-19,229.44,232.07,228.48,231.37,940700,229.664,232.582,237.529,45.515,-2.291,-2.463,0.171,232.582,242.775,222.39
2025-08-20,233.23,235.14,232.05,232.66,1210700,230.328,232.229,237.279,48.489,-1.984,-2.367,0.383,232.229,241.854,222.605
2025-08-21,231.77,232.98,230.86,232.0,706800,230.904,231.753,237.043,47.073,-1.773,-2.248,0.475,231.753,240.325,223.181
2025-08-22,232.68,233.6,230.28,230.9,1183900,231.194,231.219,236.78,44.73,-1.675,-2.133,0.458,231.219,238.437,224.001
2025-08-25,230.8,232.54,228.41,228.83,674700,231.152,230.766,236.405,40.63,-1.744,-2.056,0.311,230.766,237.328,224.204
2025-08-26,228.29,231.27,228.29,230.91,1466200,231.06,230.19,236.083,45.987,-1.613,-1.967,0.354,230.19,233.808,226.573
2025-08-27,231.08,231.66,230.4,231.47,885100,230.822,230.348,235.827,47.364,-1.447,-1.863,0.416,230.348,233.895,226.802
2025-08-28,230.22,231.06,228.02,229.7,886000,230.362,230.47,235.526,43.582,-1.442,-1.779,0.337,230.47,233.729,227.21
2025-08-29,230.06,230.91,229.63,230.56,875300,230.294,230.606,235.255,45.845,-1.352,-1.693,0.341,230.606,233.621,227.59
2025-09-02,230.41,231.16,227.92,229.72,988900,230.472,230.675,234.97,43.989,-1.334,-1.622,0.288,230.675,233.529,227.821
2025-09-03,229.43,229.92,227.78,229.1,797700,230.11,230.695,234.623,42.618,-1.354,-1.568,0.214,230.695,233.495,227.896
2025-09-04,230.26,231.75,229.11,230.44,709300,229.904,230.614,234.302,46.499,-1.247,-1.504,0.257,230.614,233.337,227.89
2025-09-05,230.22,230.36,224.97,226.38,1088300,229.24,230.323,234.034,38.092,-1.473,-1.498,0.024,230.323,233.534,227.112
2025-09-08,226.12,226.12,223.17,224.8,1270200,228.088,229.974,233.719,35.408,-1.76,-1.55,-0.209,229.974,233.946,226.002
2025-09-09,224.32,225.96,223.28,225.73,1325400,227.29,229.582,233.429,38.169,-1.89,-1.618,-0.272,229.582,233.607,225.557
2025-09-10,224.95,226.02,223.27,225.18,1105500,226.506,229.335,233.084,37.158,-2.014,-1.697,-0.317,229.335,233.803,224.867
2025-09-11,225.38,229.49,224.08,228.82,1180800,226.182,229.309,232.849,47.142,-1.798,-1.717,-0.081,229.309,233.782,224.836
2025-09-12,228.42,229.23,224.5,225.15,891800,225.936,229.11,232.668,40.206,-1.901,-1.754,-0.147,229.11,233.956,224.265
2025-09-15,224.94,225.82,223.78,224.81,799100,225.938,228.878,232.412,39.624,-1.987,-1.801,-0.187,228.878,234.086,223.671
2025-09-16,224.42,225.28,221.6,222.04,1648300,225.2,228.528,232.074,35.162,-2.253,-1.891,-0.362,228.528,234.566,222.491
2025-09-17,221.99,224.98,221.98,222.97,1326200,224.758,228.108,231.817,37.699,-2.362,-1.985,-0.376,228.108,234.473,221.744
2025-09-18,222.18,224.46,221.64,223.4,1052700,223.674,227.646,231.545,38.889,-2.385,-2.065,-0.32,227.646,233.963,221.328
2025-09-19,224.01,224.63,222.59,223.63,1968200,223.37,227.227,231.286,39.555,-2.358,-2.124,-0.234,227.227,233.438,221.016
2025-09-22,223.56,224.03,222.35,222.96,957200,223.0,226.83,230.991,38.248,-2.364,-2.172,-0.192,226.83,233.068,220.592
2025-09-23,223.19,224.22,221.34,224.21,1408100,223.434,226.599,230.663,42.091,-2.242,-2.186,-0.056,226.599,232.867,220.331
2025-09-24,223.39,225.3,222.33,224.08,1516300,223.656,226.258,230.378,41.8,-2.131,-2.175,0.044,226.258,232.276,220.239
2025-09-25,224.69,225.67,223.17,223.55,1443400,223.686,225.861,230.092,40.567,-2.062,-2.152,0.091,225.861,231.463,220.26
2025-09-26,225.22,227.31,223.91,224.88,906900,223.936,225.62,229.857,44.955,-1.878,-2.097,0.219,225.62,230.934,220.307
2025-09-29,224.68,225.77,224.15,225.72,829400,224.488,225.378,229.631,47.587,-1.646,-2.007,0.361,225.378,230.159,220.598
2025-09-30,226.05,228.27,225.93,226.13,1553800,224.872,225.199,229.423,48.872,-1.412,-1.888,0.476,225.199,229.543,220.855
2025-10-01,225.47,226.48,223.16,223.97,1287900,224.85,224.943,229.127,42.904,-1.385,-1.787,0.402,224.943,228.906,220.979
2025-10-02,222.49,223.16,218.93,219.93,1493800,224.126,224.417,228.731,34.435,-1.671,-1.764,0.093,224.417,228.087,220.747
2025-10-03,219.93,223.08,219.39,221.49,1054100,223.448,224.172,228.33,39.408,-1.751,-1.762,0.01,224.172,227.942,220.403
2025-10-06,221.43,221.66,219.68,220.53,927600,222.41,223.959,227.909,37.522,-1.871,-1.783,-0.087,223.959,228.049,219.869
2025-10-07,220.81,220.94,218.5,220.1,1063300,221.204,223.678,227.554,36.675,-1.977,-1.822,-0.155,223.678,228.022,219.333
2025-10-08,220.2,223.42,219.38,222.67,1263600,220.944,223.552,227.159,44.707,-1.833,-1.824,-0.009,223.552,227.858,219.246
2025-10-09,222.14,222.69,218.71,219.06,1181200,220.77,223.064,226.974,37.51,-1.988,-1.857,-0.131,223.064,227.057,219.071
2025-10-10,219.22,223.63,218.16,222.49,1654500,220.97,222.931,226.878,46.348,-1.812,-1.848,0.036,222.931,226.807,219.055
2025-10-13,219.65,222.78,219.65,220.39,1026100,220.942,222.71,226.729,42.395,-1.822,-1.843,0.021,222.71,226.639,218.781
2025-10-14,220.65,223.51,220.13,221.81,1058400,221.284,222.699,226.598,45.763,-1.695,-1.813,0.118,222.699,226.637,218.76
2025-10-15,221.02,222.21,217.34,218.4,708100,220.43,222.47,226.393,39.751,-1.848,-1.82,-0.028,222.47,226.848,218.092
2025-10-16,217.67,217.8,215.1,215.64,992700,219.746,222.082,226.064,35.667,-2.168,-1.89,-0.278,222.082,227.39,216.774
2025-10-17,215.89,217.86,215.5,217.21,1299900,218.69,221.761,225.764,39.477,-2.268,-1.965,-0.303,221.761,227.438,216.084
2025-10-20,217.16,218.19,215.41,217.52,1108700,218.116,221.489,225.479,40.229,-2.296,-2.032,-0.264,221.489,227.439,215.539
2025-10-21,217.37,218.75,216.41,218.32,911800,217.418,221.194,225.174,42.226,-2.228,-2.071,-0.157,221.194,227.16,215.229
2025-10-22,219.27,222.68,217.81,220.63,990400,217.864,221.022,224.984,47.662,-1.965,-2.05,0.085,221.022,226.834,215.21
2025-10-23,221.01,221.88,217.36,220.46,1256800,218.828,220.868,224.807,47.309,-1.75,-1.99,0.24,220.868,226.56,215.175
2025-10-24,221.25,221.97,219.27,220.44,951800,219.474,220.646,224.633,47.265,-1.563,-1.904,0.341,220.646,226.016,215.275
2025-10-27,220.21,220.82,217.4,218.41,1153200,219.652,220.28,224.412,42.874,-1.561,-1.836,0.275,220.28,225.17,215.39
2025-10-28,215.46,218.93,212.45,215.14,1782800,219.016,219.73,224.134,36.923,-1.803,-1.829,0.027,219.73,224.313,215.148
2025-10-29,212.89,213.95,207.34,208.0,2364100,216.49,218.932,223.667,27.838,-2.541,-1.972,-0.569,218.932,225.527,212.337
2025-10-30,207.42,210.18,207.26,207.43,2493000,213.884,218.307,223.162,27.261,-3.136,-2.204,-0.931,218.307,226.643,209.971
2025-10-31,206.89,208.58,203.58,205.77,2577800,210.95,217.521,222.638,25.598,-3.698,-2.503,-1.195,217.521,227.413,207.629
2025-11-03,204.85,204.85,200.9,202.84,2220900,207.836,216.636,222.076,22.938,-4.331,-2.869,-1.462,216.636,228.385,204.888
2025-11-04,205.31,205.4,202.15,205.27,1355000,205.862,215.895,221.605,29.483,-4.583,-3.212,-1.372,215.895,228.559,203.231
2025-11-05,205.3,206.23,203.88,203.98,1168800,205.058,214.96,221.067,28.118,-4.831,-3.536,-1.296,214.96,228.262,201.659
2025-11-06,203.56,205.62,200.98,201.8,1700000,203.932,214.098,220.473,25.932,-5.145,-3.857,-1.287,214.098,228.475,199.72
2025-11-07,202.58,203.99,201.3,203.15,1218000,203.408,213.13,219.942,29.582,-5.224,-4.131,-1.093,213.13,227.731,198.53
2025-11-10,201.03,202.25,199.03,201.7,1144800,203.18,212.196,219.365,27.987,-5.342,-4.373,-0.969,212.196,227.227,197.165
2025-11-11,201.65,204.71,201.65,204.67,1337700,203.06,211.339,218.864,35.643,-5.137,-4.526,-0.611,211.339,226.012,196.666
2025-11-12,204.17,205.63,202.01,202.71,1137500,202.806,210.555,218.336,33.139,-5.074,-4.636,-0.439,210.555,225.315,195.794
2025-11-13,202.61,205.42,202.48,203.57,1221200,203.16,209.951,217.799,35.287,-4.898,-4.688,-0.21,209.951,224.823,195.079
2025-11-14,205.5,208.09,203.66,207.31,1546500,203.992,209.456,217.417,43.75,-4.407,-4.632,0.225,209.456,223.965,194.947
2025-11-17,206.97,208.37,206.06,207.32,2499000,205.116,208.946,217.068,43.771,-3.97,-4.5,0.529,208.946,222.971,194.921
2025-11-18,208.22,211.99,207.09,211.42,1806000,206.466,208.601,216.782,51.786,-3.256,-4.251,0.995,208.601,221.979,195.223
2025-11-19,211.34,215.23,211.05,214.89,2063400,208.902,208.314,216.576,57.329,-2.383,-3.877,1.495,208.314,220.824,195.804
2025-11-20,214.08,216.43,213.72,215.84,1964100,211.356,208.083,216.316,58.728,-1.595,-3.421,1.826,208.083,219.794,196.372
2025-11-21,216.22,217.41,213.9,216.4,2475900,213.174,207.881,216.141,59.569,-0.916,-2.92,2.004,207.881,218.807,196.955
2025-11-24,215.82,215.82,212.0,212.6,2421400,214.23,207.591,215.897,51.845,-0.676,-2.471,1.795,207.591,217.609,197.572
2025-11-25,213.53,215.52,212.53,214.51,1494900,214.848,207.559,215.746,55.003,-0.328,-2.042,1.714,207.559,217.482,197.636
2025-11-26,214.92,216.48,214.36,214.79,1228600,214.828,207.898,215.583,55.464,-0.029,-1.64,1.611,207.898,218.336,197.461
2025-11-28,213.34,215.12,213.34,214.48,596800,214.556,208.251,215.404,54.795,0.18,-1.276,1.456,208.251,219.09,197.412
2025-12-01,214.82,214.82,211.37,211.53,1574900,213.582,208.539,215.162,48.762,0.107,-0.999,1.106,208.539,219.407,197.671
2025-12-02,212.16,212.31,210.1,210.14,1295600,213.09,208.904,214.906,46.182,-0.062,-0.812,0.75,208.904,219.451,198.357
2025-12-03,210.47,212.86,209.48,212.81,1235200,212.75,209.281,214.678,51.491,0.019,-0.646,0.664,209.281,219.821,198.741
2025-12-04,215.51,217.22,210.58,212.57,1538700,212.306,209.71,214.448,51.004,0.063,-0.504,0.567,209.71,220.038,199.383
2025-12-05,211.64,214.61,211.21,213.96,1438000,212.202,210.318,214.256,53.734,0.208,-0.362,0.569,210.318,220.103,200.534
2025-12-08,213.21,213.58,208.78,208.93,1475200,211.682,210.608,213.937,44.149,-0.083,-0.306,0.223,210.608,219.826,201.389
2025-12-09,209.71,210.37,206.62,206.83,1252500,211.02,210.864,213.559,40.871,-0.477,-0.34,-0.137,210.864,219.29,202.438
2025-12-10,206.34,207.21,204.52,205.09,2104800,209.476,210.885,213.138,38.331,-0.919,-0.456,-0.463,210.885,219.248,202.522
2025-12-11,206.74,210.32,206.39,208.67,1189500,208.696,211.183,212.832,45.794,-0.969,-0.558,-0.411,211.183,218.701,203.665
2025-12-12,209.96,211.23,208.72,211.11,1018300,208.126,211.56,212.656,50.216,-0.803,-0.607,-0.195,211.56,218.173,204.947
2025-12-15,210.78,213.55,210.4,212.77,1302800,208.894,211.833,212.482,53.024,-0.531,-0.592,0.061,211.833,218.151,205.515
2025-12-16,213.31,214.15,211.28,211.47,1253000,209.822,212.04,212.3,50.616,-0.416,-0.557,0.141,212.04,217.997,206.084
2025-12-17,210.77,213.93,210.24,212.18,2201600,211.24,212.078,212.142,51.901,-0.264,-0.498,0.234,212.078,218.028,206.129
2025-12-18,211.87,212.6,210.38,210.92,2178800,211.69,211.88,211.907,49.443,-0.242,-0.447,0.205,211.88,217.698,206.062
2025-12-19,210.04,211.03,209.15,210.61,3963200,211.59,211.618,211.738,48.83,-0.248,-0.407,0.159,211.618,217.15,206.087
2025-12-22,209.43,211.28,208.68,210.39,2044300,211.114,211.318,211.496,48.372,-0.266,-0.379,0.113,211.318,216.39,206.246
2025-12-23,210.38,211.33,210.11,210.53,1618500,210.926,211.214,211.299,48.702,-0.267,-0.357,0.09,211.214,216.26,206.169
2025-12-24,211.16,212.6,210.6,210.67,917200,210.624,211.022,211.076,49.052,-0.253,-0.336,0.083,211.022,215.827,206.218
2025-12-26,210.47,211.67,210.24,210.84,641400,210.608,210.825,210.925,49.504,-0.226,-0.314,0.088,210.825,215.29,206.36
2025-12-29,211.45,212.82,211.3,211.97,969700,210.88,210.7,210.851,52.514,-0.112,-0.273,0.162,210.7,214.863,206.536
2025-12-30,211.46,212.73,210.66,212.14,997500,211.23,210.73,210.75,52.968,-0.008,-0.22,0.213,210.73,214.928,206.532
2025-12-31,212.14,212.21,209.05,209.41,1036000,211.006,210.694,210.588,45.449,-0.144,-0.205,0.061,210.694,214.925,206.462
2026-01-02,208.66,208.91,207.37,208.32,1151600,210.536,210.469,210.388,42.834,-0.336,-0.231,-0.104,210.469,214.705,206.233
2026-01-05,207.33,211.72,206.41,210.93,1368800,210.554,210.387,210.194,50.219,-0.274,-0.24,-0.034,210.387,214.513,206.261
2026-01-06,210.59,212.55,207.29,209.04,1837200,209.968,210.141,209.965,45.623,-0.373,-0.266,-0.107,210.141,213.944,206.338
2026-01-07,209.85,210.26,206.83,207.21,1604700,208.982,210.055,209.701,41.648,-0.593,-0.332,-0.261,210.055,214.047,206.063
2026-01-08,207.0,210.24,207.0,209.96,1427900,209.092,210.211,209.532,48.859,-0.539,-0.373,-0.166,210.211,213.905,206.518
2026-01-09,210.06,211.84,209.82,210.32,988800,209.492,210.473,209.435,49.734,-0.461,-0.391,-0.071,210.473,213.272,207.674
2026-01-12,210.75,211.37,208.71,208.96,1131400,209.098,210.488,209.455,46.496,-0.504,-0.413,-0.091,210.488,213.25,207.725
2026-01-13,208.71,209.56,206.04,207.77,1153700,208.844,210.32,209.461,43.807,-0.627,-0.456,-0.171,210.32,213.319,207.322
2026-01-14,207.22,209.62,207.0,209.09,1616900,209.22,210.136,209.528,47.438,-0.61,-0.487,-0.123,210.136,212.948,207.325
2026-01-15,207.77,209.14,207.77,208.9,1455800,209.008,210.008,209.649,46.967,-0.606,-0.511,-0.095,210.008,212.797,207.219
2026-01-16,207.25,209.37,207.25,209.07,1752900,208.758,209.853,209.725,47.469,-0.582,-0.525,-0.057,209.853,212.474,207.231
2026-01-20,207.74,209.56,206.28,208.73,2156200,208.712,209.743,209.82,46.521,-0.583,-0.537,-0.047,209.743,212.359,207.127
2026-01-21,209.38,212.45,208.53,212.37,1363600,209.632,209.831,210.031,56.532,-0.288,-0.487,0.199,209.831,212.678,206.984
2026-01-22,212.45,214.33,212.06,213.82,1013900,210.578,210.002,210.245,59.763,0.063,-0.377,0.44,210.002,213.359,206.646
2026-01-23,214.04,216.23,213.69,215.66,1685200,211.93,210.259,210.524,63.474,0.484,-0.205,0.689,210.259,214.463,206.055
2026-01-26,216.33,218.03,215.36,217.12,1176500,213.54,210.582,210.773,66.142,0.924,0.021,0.903,210.582,215.788,205.375
2026-01-27,216.14,217.24,214.74,215.25,1019200,214.844,210.802,211.024,60.088,1.11,0.239,0.871,210.802,216.412,205.192
2026-01-28,214.61,216.98,213.45,215.65,972500,215.5,210.986,211.265,60.912,1.275,0.446,0.829,210.986,216.986,204.986
2026-01-29,214.86,217.22,211.53,212.83,1884700,215.302,211.02,211.376,52.656,1.164,0.59,0.574,211.02,217.056,204.985
2026-01-30,213.07,213.35,209.53,213.16,2213000,214.802,211.208,211.493,53.451,1.091,0.69,0.401,211.208,217.266,205.15
2026-02-02,213.44,214.65,211.37,213.8,1072400,214.138,211.482,211.54,55.029,1.072,0.766,0.305,211.482,217.485,205.479
2026-02-03,211.37,214.48,210.83,212.03,1102800,213.494,211.537,211.483,49.984,0.903,0.794,0.11,211.537,217.539,205.535
2026-02-04,211.95,217.85,210.86,216.25,1627900,213.614,211.897,211.491,59.514,1.098,0.854,0.243,211.897,218.13,205.665
2026-02-05,217.93,220.38,216.05,216.76,2018800,214.4,212.375,211.498,60.493,1.278,0.939,0.339,212.375,218.558,206.192
2026-02-06,216.76,219.66,216.45,217.97,1039100,215.362,212.776,211.606,62.794,1.502,1.052,0.45,212.776,219.327,206.224
2026-02-09,218.03,222.24,217.32,222.07,1562900,217.016,213.363,211.757,69.314,1.987,1.239,0.748,213.363,221.004,205.722
2026-02-10,222.17,223.67,220.85,221.07,1610700,218.824,213.968,211.883,66.264,2.264,1.444,0.82,213.968,222.047,205.89
2026-02-11,220.76,226.05,220.02,223.95,1518000,220.364,214.778,212.072,70.315,2.686,1.692,0.994,214.778,223.46,206.095
2026-02-12,223.24,225.23,217.3,218.89,2317400,220.79,215.268,212.219,57.296,2.582,1.87,0.712,215.268,223.702,206.833
2026-02-13,218.99,222.54,218.6,221.17,1441600,221.43,215.881,212.44,60.817,2.653,2.027,0.626,215.881,224.148,207.614
2026-02-17,222.07,223.76,218.86,219.21,2181200,220.858,216.388,212.568,56.504,2.522,2.126,0.396,216.388,224.123,208.653
2026-02-18,217.34,217.34,207.6,214.9,2974900,219.624,216.696,212.614,48.38,2.046,2.11,-0.063,216.696,223.592,209.801
2026-02-19,216.56,222.6,215.8,219.65,1324800,218.764,217.06,212.728,55.905,2.03,2.094,-0.064,217.06,223.76,210.361
2026-02-20,220.01,220.01,216.46,217.53,1264800,218.492,217.246,212.9,52.244,1.824,2.04,-0.216,217.246,223.771,210.721
2026-02-23,217.7,220.6,217.08,219.21,1792000,218.1,217.423,213.148,54.772,1.777,1.987,-0.211,217.423,223.96,210.887
2026-02-24,219.63,222.18,217.93,218.76,1134200,218.01,217.505,213.421,53.948,1.683,1.926,-0.243,217.505,224.067,210.944
2026-02-25,218.76,219.8,216.33,219.61,1139800,218.952,217.724,213.64,55.315,1.659,1.873,-0.214,217.724,224.259,211.188
2026-02-26,220.94,222.79,219.16,222.58,1190200,219.538,218.07,213.869,59.804,1.857,1.87,-0.012,218.07,224.872,211.268
2026-02-27,223.2,227.27,223.03,226.95,1437700,221.422,218.776,214.153,65.324,2.34,1.964,0.377,218.776,226.192,211.36
2026-03-02,227.94,229.39,225.89,228.31,899200,223.242,219.534,214.49,66.849,2.801,2.131,0.67,219.534,227.6,211.467
2026-03-03,227.99,231.33,225.45,230.19,1293100,225.528,220.353,214.85,68.887,3.279,2.361,0.919,220.353,229.254,211.452
2026-03-04,229.04,230.12,228.25,229.5,985100,227.506,221.226,215.222,67.253,3.562,2.601,0.961,221.226,230.118,212.335
2026-03-05,228.37,229.71,226.12,229.6,1271200,228.91,221.894,215.601,67.374,3.751,2.831,0.92,221.894,231.207,212.581
2026-03-06,228.78,230.58,227.8,228.98,938800,229.316,222.505,215.973,65.754,3.807,3.026,0.781,222.505,232.001,213.009
2026-03-09,227.53,229.3,226.04,228.08,1300400,229.27,223.01,216.324,63.373,3.735,3.168,0.567,223.01,232.566,213.455
2026-03-10,226.77,226.77,218.04,221.53,1313600,227.538,222.984,216.541,49.362,3.114,3.157,-0.043,222.984,232.553,213.414
2026-03-11,221.05,222.99,219.78,221.79,996700,225.996,223.019,216.76,49.836,2.613,3.048,-0.436,223.019,232.565,213.474
2026-03-12,222.47,227.15,221.32,223.76,1040000,224.828,223.01,216.996,53.396,2.347,2.908,-0.561,223.01,232.551,213.469
2026-03-13,225.32,225.52,221.71,222.27,1206200,223.486,223.179,217.199,50.478,1.994,2.725,-0.731,223.179,232.531,213.827
2026-03-16,222.94,223.26,221.01,222.12,874700,222.294,223.227,217.453,50.181,1.682,2.517,-0.835,223.227,232.545,213.908
2026-03-17,223.08,224.78,222.28,222.76,967000,222.54,223.404,217.742,51.494,1.47,2.307,-0.838,223.404,232.534,214.274
2026-03-18,222.04,223.42,220.0,220.0,1155000,222.182,223.659,217.923,45.879,1.066,2.059,-0.993,223.659,232.043,215.275
2026-03-19,220.22,222.8,219.03,221.02,1148700,221.634,223.728,218.163,48.13,0.82,1.811,-0.991,223.728,231.995,215.46
2026-03-20,221.38,221.9,216.89,217.34,2266500,220.648,223.718,218.365,41.434,0.324,1.514,-1.19,223.718,232.016,215.42
2026-03-23,218.34,219.47,214.74,214.79,1745500,219.182,223.497,218.462,37.537,-0.272,1.156,-1.429,223.497,232.506,214.488
2026-03-24,214.0,216.78,213.19,213.34,1629800,217.298,223.226,218.522,35.493,-0.852,0.755,-1.607,223.226,233.118,213.334
2026-03-25,214.2,214.53,208.88,213.62,1221700,216.022,222.926,218.616,36.216,-1.274,0.349,-1.623,222.926,233.61,212.243
2026-03-26,213.71,216.87,213.68,215.32,1030700,214.882,222.563,218.767,40.567,-1.454,-0.012,-1.443,222.563,233.777,211.35
2026-03-27,215.36,217.0,213.84,213.9,1063500,214.194,221.911,218.863,38.221,-1.692,-0.348,-1.345,221.911,233.56,210.262
2026-03-30,215.19,222.44,213.91,219.7,1935900,215.176,221.481,219.079,50.748,-1.397,-0.557,-0.839,221.481,232.764,210.197
2026-03-31,219.29,220.22,216.02,217.06,1954500,215.92,220.824,219.239,46.16,-1.36,-0.718,-0.642,220.824,231.485,210.163
2026-04-01,216.9,219.25,216.16,218.67,998000,216.93,220.282,219.437,49.178,-1.187,-0.812,-0.375,220.282,230.159,210.406
2026-04-02,219.64,223.61,219.27,221.82,891000,218.23,219.894,219.626,54.546,-0.787,-0.807,0.02,219.894,228.789,210.998
2026-04-06,221.39,221.46,218.42,219.5,1429400,219.35,219.42,219.74,50.329,-0.65,-0.775,0.126,219.42,227.22,211.619
2026-04-07,220.39,221.69,217.88,219.03,1144200,219.216,218.967,219.807,49.495,-0.572,-0.735,0.163,218.967,225.617,212.317
2026-04-08,216.27,218.04,213.12,215.18,2821100,218.84,218.65,219.769,43.178,-0.812,-0.75,-0.062,218.65,225.39,211.909
2026-04-09,215.97,216.84,214.82,215.67,1853600,218.24,218.344,219.777,44.155,-0.951,-0.79,-0.161,218.344,225.039,211.648
2026-04-10,215.67,215.7,211.32,213.34,1621200,216.544,217.822,219.731,40.582,-1.236,-0.88,-0.356,217.822,224.363,211.282
2026-04-13,213.95,213.95,209.92,212.17,1991900,215.078,217.317,219.718,38.88,-1.538,-1.011,-0.527,217.317,223.971,210.664
2026-04-14,211.69,212.79,207.51,210.43,2372400,213.358,216.733,219.663,36.434,-1.896,-1.188,-0.708,216.733,223.658,209.808
2026-04-15,209.79,210.84,208.52,209.58,1387200,212.238,216.074,219.579,35.267,-2.222,-1.395,-0.827,216.074,223.092,209.056
2026-04-16,210.64,212.27,207.91,208.37,1131900,210.778,215.492,219.505,33.616,-2.55,-1.626,-0.924,215.492,223.048,207.937
2026-04-17,207.51,207.61,205.19,206.39,2197600,209.388,214.761,219.308,31.053,-2.935,-1.888,-1.047,214.761,222.875,206.647
2026-04-20,206.72,207.91,206.28,207.17,1626500,208.388,214.252,219.116,33.213,-3.141,-2.138,-1.003,214.252,222.941,205.564
2026-04-21,206.84,207.42,203.7,204.04,2008700,207.11,213.715,218.838,29.253,-3.516,-2.414,-1.102,213.715,223.521,203.909
2026-04-22,203.73,205.76,203.01,204.03,1606200,206.0,213.249,218.477,29.241,-3.771,-2.685,-1.086,213.249,223.972,202.527
2026-04-23,204.91,212.79,204.91,212.73,1811500,206.872,213.205,218.31,48.88,-3.234,-2.795,-0.439,213.205,223.928,202.482
2026-04-24,211.04,212.29,208.09,208.5,1061200,207.294,212.864,218.001,42.678,-3.113,-2.859,-0.255,212.864,223.737,201.991
2026-04-27,207.99,209.58,204.67,204.84,1122000,206.828,212.411,217.72,38.165,-3.275,-2.942,-0.333,212.411,223.843,200.979
2026-04-28,207.97,208.3,205.65,206.87,2078800,207.394,211.77,217.434,41.839,-3.203,-2.994,-0.209,211.77,222.915,200.624
2026-04-29,206.72,207.45,203.87,207.03,1385300,207.994,211.268,217.191,42.13,-3.097,-3.015,-0.082,211.268,222.314,200.222
2026-04-30,206.6,208.77,206.22,207.94,1630800,207.036,210.732,217.051,43.856,-2.906,-2.993,0.087,210.732,221.295,200.168
2026-05-01,209.75,210.4,205.09,205.29,1243400,206.394,209.905,216.764,40.106,-2.935,-2.982,0.046,209.905,219.342,200.468
2026-05-04,204.61,206.6,203.93,205.28,1627200,206.482,209.194,216.519,40.092,-2.925,-2.97,0.045,209.194,217.683,200.705
2026-05-05,205.25,205.25,202.45,202.63,1247900,205.634,208.374,216.188,36.476,-3.095,-2.995,-0.1,208.374,215.985,200.763
2026-05-06,201.16,201.75,198.33,198.46,2386600,203.92,207.538,215.782,31.641,-3.526,-3.101,-0.425,207.538,215.657,199.419
2026-05-07,197.72,200.73,197.02,200.31,2782700,202.394,206.77,215.396,35.712,-3.676,-3.216,-0.459,206.77,214.549,198.991
2026-05-08,203.1,203.19,197.57,198.79,2272900,201.094,206.042,214.92,33.925,-3.872,-3.347,-0.525,206.042,213.955,198.13
2026-05-11,198.38,198.66,195.2,196.52,2265100,199.342,205.26,214.311,31.396,-4.163,-3.511,-0.653,205.26,213.699,196.821
2026-05-12,197.92,203.09,197.17,201.14,2119000,199.044,204.796,213.768,41.028,-3.975,-3.604,-0.372,204.796,213.057,196.534
2026-05-13,199.16,202.5,198.78,202.42,1912100,199.836,204.438,213.212,43.4,-3.681,-3.619,-0.062,204.438,212.443,196.432
2026-05-14,203.94,207.69,203.05,207.4,1956300,201.254,204.389,212.77,51.56,-3.01,-3.497,0.487,204.389,212.305,196.473
2026-05-15,209.77,209.82,206.0,207.04,2508200,202.904,204.422,212.319,50.988,-2.48,-3.294,0.814,204.422,212.378,196.465
2026-05-18,206.59,214.15,206.59,213.2,1954300,206.24,204.723,212.004,59.31,-1.544,-2.944,1.399,204.723,213.529,195.917
2026-05-19,214.86,217.57,213.53,213.65,1988100,208.742,205.204,211.715,59.847,-0.758,-2.507,1.749,205.204,214.86,195.547
2026-05-20,211.7,213.0,210.1,210.9,2051900,210.438,205.547,211.502,55.069,-0.353,-2.076,1.723,205.547,215.512,195.582
2026-05-21,210.32,210.38,206.1,206.81,1764000,210.32,205.251,211.203,48.826,-0.357,-1.732,1.375,205.251,214.653,195.849
2026-05-22,206.18,208.63,206.15,207.65,1612000,210.442,205.209,210.881,50.078,-0.29,-1.444,1.154,205.209,214.557,195.86
2026-05-26,205.74,207.24,204.22,205.78,1788300,208.958,205.256,210.551,47.304,-0.383,-1.232,0.849,205.256,214.605,195.906
2026-05-27,204.8,206.83,203.72,204.34,1627900,207.096,205.129,210.195,45.226,-0.567,-1.099,0.532,205.129,214.455,195.803
2026-05-28,204.54,205.47,202.13,202.44,1464900,205.404,204.9,209.789,42.569,-0.855,-1.05,0.195,204.9,214.255,195.544
2026-05-29,202.14,202.42,199.05,199.21,3280600,203.884,204.463,209.373,38.436,-1.33,-1.106,-0.224,204.463,214.033,194.893
2026-06-01,200.0,202.06,199.53,199.6,1474400,202.274,204.178,208.945,39.203,-1.655,-1.216,-0.439,204.178,213.98,194.377
2026-06-02,199.25,200.56,196.41,200.43,1867900,201.204,203.936,208.606,40.892,-1.825,-1.337,-0.487,203.936,213.862,194.01
2026-06-03,200.01,204.14,199.68,202.95,1850000,200.926,203.952,208.37,45.815,-1.736,-1.417,-0.319,203.952,213.871,194.033
2026-06-04,206.19,207.01,204.73,206.63,1593700,201.764,204.36,208.235,52.09,-1.353,-1.404,0.051,204.36,213.996,194.725
2026-06-05,209.42,211.48,208.41,208.75,1319500,203.672,204.782,208.138,55.301,-0.868,-1.297,0.429,204.782,214.41,195.155
2026-06-08,206.89,208.59,203.18,203.67,2002600,204.486,205.026,207.905,47.146,-0.884,-1.214,0.33,205.026,214.253,195.8
2026-06-09,204.24,209.76,203.22,208.89,1701200,206.178,205.645,207.805,54.561,-0.47,-1.065,0.596,205.645,214.097,197.193
2026-06-10,210.66,211.86,208.03,211.29,1455100,207.846,206.152,207.637,57.512,0.052,-0.842,0.894,206.152,214.684,197.621
2026-06-11,211.64,212.73,206.65,206.77,1598800,207.874,206.37,207.431,50.818,0.099,-0.654,0.753,206.37,214.721,198.019
2026-06-12,206.15,208.65,205.9,208.62,1342800,207.848,206.431,207.23,53.218,0.282,-0.467,0.749,206.431,214.831,198.031
2026-06-15,205.75,208.0,205.73,206.81,1379000,208.476,206.419,206.93,50.615,0.278,-0.318,0.596,206.419,214.817,198.022
2026-06-16,206.9,209.13,206.59,207.75,1803900,208.248,206.147,206.695,51.93,0.347,-0.185,0.532,206.147,213.95,198.344
2026-06-17,205.73,208.8,205.65,206.16,2247600,207.222,205.772,206.437,49.528,0.27,-0.094,0.364,205.772,212.733,198.812
2026-06-18,206.35,206.74,201.9,203.68,2917400,206.604,205.412,206.207,45.957,0.009,-0.073,0.082,205.412,211.991,198.832
2026-06-22,202.78,204.87,202.36,203.11,2084700,205.502,205.226,205.956,45.152,-0.241,-0.107,-0.134,205.226,211.848,198.605
2026-06-23,206.64,208.1,204.63,207.82,2217300,205.704,205.235,205.846,52.554,-0.059,-0.097,0.039,205.235,211.87,198.6
2026-06-24,208.64,214.47,206.61,212.27,1632600,206.608,205.56,205.848,58.282,0.44,0.01,0.43,205.56,212.904,198.215
2026-06-25,211.37,214.85,209.85,212.19,1527600,207.814,205.952,205.883,58.146,0.819,0.172,0.647,205.952,213.841,198.063
2026-06-26,215.22,216.2,214.04,215.06,2093800,210.09,206.583,205.992,61.606,1.336,0.405,0.931,206.583,215.268,197.898
2026-06-29,215.49,216.07,212.69,213.36,1065300,212.14,207.29,206.092,58.52,1.59,0.642,0.948,207.29,215.749,198.832
2026-06-30,212.59,213.33,210.93,211.77,1149200,212.93,207.899,206.2,55.71,1.644,0.842,0.802,207.899,215.758,200.04
2026-07-01,213.02,214.85,212.63,213.39,1277300,213.154,208.547,206.324,57.927,1.797,1.033,0.764,208.547,215.936,201.158
2026-07-02,214.61,217.57,211.06,216.64,939700,214.044,209.232,206.576,62.033,2.155,1.258,0.898,209.232,216.965,201.498
2026-07-06,215.78,215.89,213.29,213.89,1145100,213.81,209.594,206.773,56.967,2.192,1.445,0.748,209.594,217.494,201.695
2026-07-07,217.83,222.55,217.29,221.74,1975600,215.486,210.244,206.954,65.602,2.823,1.72,1.102,210.244,219.811,200.677
2026-07-08,222.6,223.09,219.09,219.75,1431100,217.082,211.048,207.179,62.195,3.125,2.001,1.124,211.048,220.985,201.111
2026-07-09,217.44,219.71,216.39,217.98,953000,218.0,211.502,207.441,59.248,3.186,2.238,0.948,211.502,221.847,201.158
2026-07-10,218.87,220.27,215.73,218.49,773400,218.37,211.862,207.674,59.838,3.238,2.438,0.8,211.862,222.666,201.059
2026-07-13,220.67,223.48,219.81,222.66,1171600,220.124,212.657,207.986,64.383,3.574,2.665,0.909,212.657,224.196,201.118
2026-07-14,219.8,221.73,218.08,219.32,1317800,219.64,213.192,208.214,58.657,3.53,2.838,0.692,213.192,224.934,201.45
2026-07-15,219.4,220.83,216.03,216.64,1501600,219.018,213.684,208.441,54.471,3.242,2.919,0.323,213.684,225.119,202.248
2026-07-16,219.64,224.73,218.2,223.78,1223400,220.178,214.485,208.811,62.209,3.549,3.045,0.504,214.485,226.406,202.564
2026-07-17,227.03,227.48,219.7,221.59,1772800,220.798,215.257,209.19,58.902,3.574,3.151,0.423,215.257,226.903,203.61
2026-07-20,221.35,222.46,218.81,219.82,1327900,220.23,216.063,209.617,56.298,3.412,3.203,0.209,216.063,226.508,205.619
2026-07-21,215.91,216.96,213.11,213.94,1247900,219.154,216.605,209.89,48.608,2.777,3.118,-0.341,216.605,225.176,208.034
2026-07-22,216.3,216.52,214.16,215.82,1136000,218.99,217.005,210.231,50.916,2.398,2.974,-0.576,217.005,224.533,209.477
2026-07-23,215.49,218.1,213.91,216.72,1134300,217.578,217.228,210.635,52.027,2.145,2.808,-0.663,217.228,224.422,210.033
2026-07-24,217.1,218.05,214.85,216.21,1159900,216.502,217.429,210.936,51.318,1.882,2.623,-0.741,217.429,224.245,210.612
2026-07-27,215.77,219.88,215.34,216.2,1374800,215.778,217.486,211.212,51.304,1.654,2.429,-0.775,217.486,224.238,210.733
2026-07-28,219.21,220.52,215.85,215.93,1463400,216.176,217.614,211.382,50.878,1.434,2.23,-0.796,217.614,224.129,211.099
2026-07-29,217.53,221.94,216.67,218.2,1655400,216.652,217.936,211.605,54.309,1.427,2.069,-0.642,217.936,223.843,212.028
2026-07-30,214.3,216.07,208.22,210.65,2177400,215.438,217.798,211.554,43.441,0.803,1.816,-1.013,217.798,224.252,211.345
2026-07-31,208.54,211.13,207.61,209.87,1150100,214.17,217.46,211.479,42.495,0.243,1.502,-1.259,217.46,224.816,210.104
2026-08-03,210.3,211.29,208.19,208.94,1130100,212.718,217.212,211.44,41.339,-0.273,1.147,-1.42,217.212,225.364,209.061
2026-08-04,207.11,208.49,205.32,206.99,1594000,210.93,216.475,211.443,38.947,-0.83,0.751,-1.581,216.475,225.522,207.428
2026-08-05,207.22,207.22,204.14,206.35,1570500,208.56,215.805,211.417,38.166,-1.307,0.34,-1.647,215.805,225.769,205.841
2026-08-06,208.79,209.08,204.35,208.91,1437600,208.212,215.352,211.48,43.081,-1.463,-0.021,-1.442,215.352,225.716,204.987
2026-08-07,213.07,218.58,211.19,213.87,1922800,209.012,215.12,211.67,51.178,-1.172,-0.251,-0.921,215.12,225.396,204.845
2026-08-10,213.74,215.9,212.84,213.93,1432300,210.01,214.684,211.9,51.268,-0.926,-0.386,-0.54,214.684,224.334,205.034
2026-08-11,213.79,216.57,212.88,214.38,1199200,211.488,214.437,212.204,51.986,-0.687,-0.446,-0.241,214.437,223.837,205.037
2026-08-12,212.38,216.64,211.53,213.57,1312000,212.932,214.284,212.483,50.543,-0.556,-0.468,-0.088,214.284,223.632,204.935
2026-08-13,214.56,216.09,214.33,214.52,1363800,214.054,213.82,212.765,52.218,-0.372,-0.449,0.077,213.82,222.037,205.604
2026-08-14,214.99,215.87,213.87,214.01,1038500,214.082,213.442,212.986,51.215,-0.264,-0.412,0.148,213.442,220.804,206.079
2026-08-17,212.31,215.13,212.31,214.56,1096900,214.208,213.178,213.145,52.279,-0.132,-0.356,0.224,213.178,219.933,206.424
2026-08-18,217.29,217.85,215.07,216.27,1705400,214.586,213.295,213.295,55.527,0.109,-0.263,0.372,213.295,220.184,206.406
2026-08-19,217.07,223.5,215.03,220.32,1418600,215.936,213.52,213.628,62.105,0.619,-0.087,0.706,213.52,221.022,206.018
2026-08-20,220.18,221.38,218.65,218.79,1392700,216.79,213.623,213.826,58.58,0.89,0.109,0.781,213.623,221.365,205.882
2026-08-21,218.95,220.26,217.91,219.96,1075300,217.98,213.811,213.999,60.429,1.186,0.324,0.862,213.811,221.986,205.636
2026-08-24,220.83,223.44,220.83,222.36,1362300,219.54,214.119,214.311,63.982,1.595,0.578,1.017,214.119,223.098,205.14
2026-08-25,220.87,223.24,219.68,220.24,1344000,220.334,214.335,214.544,58.947,1.729,0.808,0.92,214.335,223.695,204.974
2026-08-26,219.68,221.91,219.22,221.46,1439100,220.562,214.498,214.837,60.856,1.911,1.029,0.882,214.498,224.247,204.748
2026-08-27,219.73,220.66,218.15,218.56,1771400,220.516,214.893,215.053,54.383,1.801,1.183,0.617,214.893,224.627,205.159
2026-08-28,220.28,221.77,218.87,221.39,1401700,220.802,215.469,215.357,58.97,1.919,1.33,0.589,215.469,225.314,205.624
2026-08-31,220.94,223.36,220.17,220.2,1967700,220.37,216.032,215.688,56.402,1.896,1.443,0.452,216.032,225.589,206.475
2026-09-01,221.89,223.86,219.9,222.57,1878200,220.836,216.811,216.077,60.126,2.044,1.564,0.481,216.811,225.787,207.835
2026-09-02,222.65,223.48,219.78,221.8,1713500,220.904,217.584,216.357,58.381,2.076,1.666,0.41,217.584,225.346,209.821
2026-09-03,222.96,225.01,221.44,224.39,1395500,222.07,218.358,216.599,62.34,2.284,1.79,0.494,218.358,225.544,211.171
2026-09-04,222.18,223.82,219.76,221.99,1611000,222.19,218.764,216.795,56.935,2.23,1.878,0.352,218.764,225.798,211.729
2026-09-08,220.42,222.43,219.45,220.91,1504000,222.332,219.112,216.912,54.639,2.075,1.917,0.158,219.112,225.823,212.402
2026-09-09,221.16,221.89,218.87,221.75,1744500,222.168,219.481,217.08,56.121,1.998,1.933,0.064,219.481,225.9,213.062
2026-09-10,223.2,223.53,220.28,220.36,1672200,221.88,219.82,217.252,53.034,1.803,1.907,-0.104,219.82,225.611,214.03
2026-09-11,220.93,223.25,219.95,222.02,1341600,221.406,220.195,217.424,56.137,1.763,1.879,-0.116,220.195,225.49,214.901
2026-09-14,224.75,226.58,224.34,225.12,1393200,222.032,220.751,217.594,61.283,1.959,1.895,0.064,220.751,225.628,215.874
2026-09-15,224.51,225.05,221.69,222.32,1618700,222.314,221.139,217.762,55.006,1.866,1.889,-0.023,221.139,225.089,217.189
2026-09-16,221.8,224.39,219.0,219.09,1740600,221.782,221.28,217.709,48.797,1.515,1.814,-0.299,221.28,224.658,217.902
2026-09-17,219.99,219.99,217.06,218.22,2119000,221.354,221.175,217.679,47.25,1.153,1.682,-0.529,221.175,224.8,217.55
2026-09-18,218.01,218.99,215.76,217.36,3637800,220.422,221.104,217.666,45.708,0.787,1.503,-0.716,221.104,224.975,217.232
2026-09-21,216.09,216.33,213.17,213.24,2081800,218.046,220.768,217.561,39.118,0.163,1.235,-1.072,220.768,225.988,215.547
2026-09-22,213.52,214.73,212.78,213.19,1944500,216.22,220.309,217.372,39.045,-0.331,0.922,-1.253,220.309,226.467,214.151
2026-09-23,212.78,214.99,211.92,212.41,1208200,214.884,219.917,217.234,37.849,-0.777,0.582,-1.359,219.917,227.018,212.817
2026-09-24,213.8,215.34,212.0,212.03,1104200,213.646,219.446,217.142,37.251,-1.148,0.236,-1.384,219.446,227.325,211.567
2026-09-25,211.23,212.53,210.55,211.41,1058000,212.456,219.088,216.894,36.244,-1.475,-0.106,-1.369,219.088,227.747,210.43
2026-09-28,211.36,213.79,210.62,212.24,1046000,212.256,218.631,216.707,38.635,-1.648,-0.415,-1.234,218.631,227.733,209.529
2026-09-29,210.62,211.9,210.18,211.23,974800,211.864,218.182,216.535,36.825,-1.846,-0.701,-1.145,218.182,227.827,208.538
2026-09-30,211.56,211.67,208.83,209.19,1137200,211.22,217.514,216.44,33.419,-2.142,-0.989,-1.153,217.514,227.716,207.311
2026-10-01,209.77,210.98,206.02,206.31,1490700,210.076,216.739,216.25,29.299,-2.58,-1.307,-1.272,216.739,227.88,205.598
2026-10-02,206.48,210.23,205.86,209.56,1178400,209.706,215.998,216.107,38.511,-2.634,-1.572,-1.061,215.998,226.967,205.028
2026-10-05,209.34,213.7,208.34,212.83,1236800,209.824,215.54,216.039,46.119,-2.385,-1.735,-0.65,215.54,226.217,204.862
