Date,Open,High,Low,Close,Volume,SMA5,SMA20,SMA50,RSI,MACD,MACD_signal,MACD_hist,BB_mid,BB_upper,BB_lower
2021-10-11,72.75,73.27,71.98,72.5,1463300,,,,,0.0,0.0,0.0,,,
2021-10-12,72.33,73.35,71.82,72.67,1795000,,,,,0.014,0.003,0.011,,,
2021-10-13,72.36,72.48,70.37,71.6,1603400,,,,,-0.061,-0.01,-0.051,,,
2021-10-14,71.94,72.42,71.65,71.94,1418000,,,,,-0.092,-0.027,-0.066,,,
2021-10-15,72.67,73.34,71.86,71.94,1791700,72.13,,,,-0.115,-0.044,-0.071,,,
2021-10-18,71.21,71.8,70.75,71.13,1474100,71.856,,,,-0.197,-0.075,-0.122,,,
2021-10-19,71.46,71.51,69.55,71.17,2066400,71.556,,,,-0.255,-0.111,-0.144,,,
2021-10-20,71.17,71.38,69.71,69.84,2737600,71.204,,,,-0.404,-0.169,-0.235,,,
2021-10-21,69.91,70.66,69.41,69.67,1567100,70.75,,,,-0.53,-0.241,-0.288,,,
2021-10-22,69.59,69.98,68.8,68.84,1418400,70.13,,,,-0.688,-0.331,-0.357,,,
2021-10-25,68.27,69.45,68.18,68.29,1822800,69.562,,,,-0.848,-0.434,-0.414,,,
2021-10-26,68.22,68.41,66.76,67.4,2681500,68.808,,,,-1.035,-0.555,-0.481,,,
2021-10-27,67.48,68.03,66.73,66.86,1799800,68.212,,,,-1.213,-0.686,-0.527,,,
2021-10-28,66.82,67.48,66.43,67.05,1375000,67.688,,,,-1.323,-0.814,-0.51,,,
2021-10-29,66.78,67.56,66.53,67.28,2769600,67.376,,,14.12,-1.376,-0.926,-0.45,,,
2021-11-01,67.55,69.23,67.46,68.57,1781100,67.432,,,34.174,-1.299,-1.001,-0.298,,,
2021-11-02,68.78,68.78,67.75,67.9,1523400,67.532,,,30.226,-1.277,-1.056,-0.221,,,
2021-11-03,67.71,68.59,67.54,67.7,1751100,67.7,,,29.144,-1.262,-1.097,-0.165,,,
2021-11-04,67.88,68.89,67.74,67.99,1839500,67.888,,,32.896,-1.212,-1.12,-0.092,,,
2021-11-05,68.9,71.31,68.9,71.14,2562100,68.66,69.574,,58.563,-0.908,-1.078,0.17,69.574,73.592,65.556
2021-11-08,71.31,71.56,69.85,70.35,2710100,69.016,69.466,,53.079,-0.722,-1.007,0.284,69.466,73.264,65.669
2021-11-09,69.67,71.55,68.06,69.64,3931200,69.364,69.315,,48.669,-0.625,-0.93,0.305,69.315,72.804,65.826
2021-11-10,69.38,69.73,67.6,68.72,2572500,69.568,69.171,,43.612,-0.616,-0.867,0.252,69.171,72.496,65.846
2021-11-11,68.59,69.23,67.52,67.87,1984700,69.544,68.968,,39.525,-0.669,-0.828,0.159,68.968,72.07,65.865
2021-11-12,67.93,68.24,66.66,66.68,2039300,68.652,68.704,,34.633,-0.798,-0.822,0.024,68.704,71.633,65.776
2021-11-15,67.02,67.63,66.5,66.87,1757500,67.956,68.492,,35.995,-0.875,-0.832,-0.042,68.492,71.294,65.689
2021-11-16,66.9,66.97,65.9,66.96,2872200,67.42,68.281,,36.668,-0.918,-0.849,-0.068,68.281,70.86,65.702
2021-11-17,66.6,67.32,65.91,66.2,2314900,66.916,68.099,,33.467,-1.001,-0.88,-0.122,68.099,70.728,65.47
2021-11-18,66.23,66.51,64.97,65.56,2408600,66.454,67.893,,31.012,-1.107,-0.925,-0.182,67.893,70.645,65.142
2021-11-19,65.25,65.43,63.88,64.89,3266400,66.096,67.696,,28.642,-1.23,-0.986,-0.244,67.696,70.716,64.676
2021-11-22,65.37,66.54,64.91,65.94,1880500,65.91,67.578,,36.792,-1.229,-1.035,-0.194,67.578,70.683,64.474
2021-11-23,66.17,67.32,65.79,66.94,2862400,65.906,67.556,,43.42,-1.134,-1.055,-0.08,67.556,70.672,64.439
2021-11-24,66.5,66.91,65.92,66.78,1684400,66.022,67.552,,42.649,-1.06,-1.056,-0.004,67.552,70.672,64.431
2021-11-26,64.42,65.17,63.05,63.63,2905200,65.636,67.38,,30.989,-1.241,-1.093,-0.148,67.38,70.958,63.803
2021-11-29,64.1,64.74,63.41,64.04,2489900,65.466,67.218,,33.536,-1.336,-1.141,-0.195,67.218,71.096,63.341
2021-11-30,63.27,63.74,61.17,61.28,4560000,64.534,66.854,,26.457,-1.615,-1.236,-0.379,66.854,71.493,62.215
2021-12-01,62.52,63.21,59.54,59.56,4241500,63.058,66.437,,23.174,-1.953,-1.38,-0.573,66.437,72.072,60.802
2021-12-02,60.13,61.97,59.78,61.4,3153800,61.982,66.122,,32.783,-2.048,-1.513,-0.535,66.122,72.15,60.094
2021-12-03,61.83,61.96,60.85,61.23,2680100,61.502,65.784,,32.38,-2.114,-1.633,-0.48,65.784,72.122,59.446
2021-12-06,62.26,65.45,62.22,63.86,4385100,61.466,65.42,,43.874,-1.931,-1.693,-0.238,65.42,71.281,59.559
2021-12-07,64.32,65.18,63.7,63.8,2934600,61.97,65.092,,43.692,-1.77,-1.708,-0.062,65.092,70.508,59.677
2021-12-08,64.17,64.79,63.88,64.31,2424000,62.92,64.826,,45.757,-1.583,-1.683,0.1,64.826,69.807,59.845
2021-12-09,63.96,64.64,63.62,64.63,2718000,63.566,64.622,,47.068,-1.394,-1.625,0.232,64.622,69.253,59.99
2021-12-10,65.12,65.53,64.12,64.46,1622100,64.212,64.451,,46.426,-1.243,-1.549,0.306,64.451,68.822,60.08
2021-12-13,64.18,64.8,63.29,64.2,3390400,64.28,64.327,,45.406,-1.131,-1.465,0.334,64.327,68.571,60.083
2021-12-14,64.27,64.83,63.73,64.32,3534300,64.384,64.2,,45.996,-1.021,-1.376,0.355,64.2,68.271,60.128
2021-12-15,64.91,65.73,64.0,65.24,3153500,64.57,64.114,,50.42,-0.85,-1.271,0.421,64.114,68.009,60.218
2021-12-16,65.24,65.9,64.66,64.75,2670200,64.594,64.041,,48.157,-0.745,-1.166,0.421,64.041,67.825,60.257
2021-12-17,64.04,65.29,62.87,63.09,7433900,64.32,63.918,,41.381,-0.787,-1.09,0.303,63.918,67.654,60.181
2021-12-20,61.79,62.74,61.1,62.3,3357900,63.94,63.788,66.82,38.598,-0.874,-1.047,0.173,63.788,67.562,60.014
2021-12-21,62.81,65.3,62.63,65.17,3724900,64.11,63.75,66.673,51.39,-0.703,-0.978,0.275,63.75,67.446,60.053
2021-12-22,65.01,65.88,64.84,65.85,1950100,64.232,63.695,66.537,53.843,-0.507,-0.884,0.377,63.695,67.221,60.169
2021-12-23,66.34,67.37,65.99,67.06,2438900,64.694,63.709,66.446,57.914,-0.251,-0.757,0.506,63.709,67.289,60.129
2021-12-27,66.81,67.88,66.55,67.81,1412600,65.638,63.918,66.363,60.254,0.012,-0.603,0.616,63.918,67.939,59.897
2021-12-28,67.76,68.82,67.76,68.52,1588300,66.882,64.142,66.295,62.385,0.275,-0.428,0.703,64.142,68.66,59.624
2021-12-29,68.42,68.8,68.04,68.19,1122400,67.486,64.488,66.236,60.754,0.452,-0.252,0.703,64.488,69.139,59.836
2021-12-30,68.31,68.82,68.05,68.24,719900,67.964,64.921,66.177,60.921,0.589,-0.084,0.672,64.921,69.245,60.598
2021-12-31,68.24,69.12,68.04,68.72,1402700,68.296,65.287,66.155,62.565,0.728,0.079,0.649,65.287,69.596,60.979
2022-01-03,68.49,69.11,68.32,69.07,1951100,68.548,65.679,66.143,63.762,0.856,0.234,0.622,65.679,69.858,61.501
2022-01-04,69.51,71.03,69.4,70.76,2537000,68.996,66.024,66.181,68.929,1.082,0.404,0.678,66.024,70.682,61.367
2022-01-05,71.0,71.38,69.93,70.17,2825600,69.392,66.343,66.219,65.422,1.199,0.563,0.636,66.343,71.226,61.46
2022-01-06,70.41,71.22,70.05,70.12,2006500,69.768,66.634,66.273,65.12,1.274,0.705,0.569,66.634,71.695,61.572
2022-01-07,70.12,71.23,70.1,70.81,3688100,70.186,66.942,66.352,67.362,1.372,0.838,0.534,66.942,72.238,61.647
2022-01-10,71.01,71.11,68.27,69.8,2610100,70.332,67.21,66.407,61.164,1.354,0.941,0.412,67.21,72.517,61.902
2022-01-11,69.97,70.23,68.5,69.02,2772300,69.984,67.45,66.442,56.817,1.261,1.005,0.256,67.45,72.618,62.283
2022-01-12,69.09,69.8,68.28,68.81,3320200,69.712,67.675,66.447,55.67,1.158,1.036,0.122,67.675,72.657,62.693
2022-01-13,69.23,71.27,69.16,70.78,2372900,69.844,67.952,66.505,63.181,1.221,1.073,0.148,67.952,72.98,62.924
2022-01-14,69.45,70.36,69.21,70.22,2334500,69.726,68.226,66.555,60.065,1.211,1.1,0.111,68.226,73.113,63.338
2022-01-18,69.87,70.54,68.98,69.46,2573100,69.658,68.544,66.584,56.027,1.129,1.106,0.023,68.544,72.814,64.274
2022-01-19,69.09,69.53,68.1,68.37,2005900,69.528,68.848,66.529,50.757,0.966,1.078,-0.113,68.848,71.952,65.743
2022-01-20,68.21,69.85,68.13,68.67,3066400,69.5,69.022,66.495,52.093,0.85,1.033,-0.182,69.022,71.605,66.44
2022-01-21,68.93,69.46,67.84,68.13,3234100,68.97,69.136,66.465,49.491,0.707,0.967,-0.26,69.136,71.296,66.977
2022-01-24,66.77,68.24,65.1,67.92,3126500,68.51,69.18,66.449,48.477,0.57,0.888,-0.318,69.18,71.195,67.164
2022-01-25,66.9,68.57,65.31,67.83,2585800,68.184,69.181,66.448,48.022,0.449,0.8,-0.351,69.181,71.193,67.168
2022-01-26,68.3,69.77,67.0,67.82,2659000,68.074,69.146,66.471,47.969,0.348,0.71,-0.362,69.146,71.229,67.062
2022-01-27,68.36,69.58,67.12,67.47,2228700,67.834,69.11,66.483,46.026,0.237,0.615,-0.378,69.11,71.286,66.933
2022-01-28,67.33,68.43,66.31,68.32,2305000,67.872,69.114,66.51,51.195,0.216,0.535,-0.32,69.114,71.283,66.944
2022-01-31,67.55,68.87,67.53,68.78,2215200,68.044,69.116,66.562,53.776,0.233,0.475,-0.242,69.116,71.284,66.949
2022-02-01,69.53,70.3,69.1,69.93,2457100,68.464,69.16,66.649,59.535,0.335,0.447,-0.112,69.16,71.357,66.962
2022-02-02,69.53,70.69,69.47,70.4,2297400,68.98,69.142,66.76,61.639,0.449,0.447,0.002,69.142,71.289,66.994
2022-02-03,70.1,70.52,69.54,69.73,1634800,69.432,69.12,66.835,57.083,0.48,0.454,0.026,69.12,71.232,67.007
2022-02-04,69.13,69.85,67.99,69.31,1805700,69.63,69.079,66.883,54.37,0.465,0.456,0.009,69.079,71.141,67.017
2022-02-07,69.87,70.96,69.68,70.34,2836400,69.942,69.056,66.954,59.459,0.531,0.471,0.059,69.056,71.044,67.067
2022-02-08,66.04,71.83,65.83,71.59,5428100,70.274,69.145,67.113,64.616,0.675,0.512,0.163,69.145,71.415,66.875
2022-02-09,71.95,74.27,71.46,71.63,4061200,70.52,69.276,67.265,64.771,0.784,0.566,0.218,69.276,71.801,66.75
2022-02-10,71.66,73.09,70.99,72.99,2852700,71.172,69.484,67.499,69.625,0.969,0.647,0.322,69.484,72.494,66.475
2022-02-11,73.06,74.16,72.23,72.67,2677500,71.844,69.579,67.761,67.276,1.077,0.733,0.344,69.579,72.865,66.293
2022-02-14,72.96,73.38,71.13,72.16,3162000,72.208,69.676,67.977,63.593,1.109,0.808,0.301,69.676,73.151,66.201
2022-02-15,73.05,74.38,72.92,74.23,2427400,72.736,69.914,68.237,70.622,1.287,0.904,0.383,69.914,73.939,65.89
2022-02-16,74.12,75.68,74.12,75.31,2594600,73.472,70.262,68.466,73.497,1.497,1.023,0.475,70.262,74.878,65.645
2022-02-17,74.6,75.04,73.87,74.16,2193800,73.706,70.536,68.673,66.082,1.553,1.129,0.425,70.536,75.4,65.672
2022-02-18,73.88,75.12,73.21,73.53,2034100,73.878,70.806,68.857,62.369,1.529,1.209,0.321,70.806,75.707,65.905
2022-02-22,73.77,74.63,72.84,74.14,2214100,74.274,71.117,69.047,64.451,1.542,1.276,0.266,71.117,76.037,66.197
2022-02-23,74.44,75.09,73.59,74.01,2682300,74.23,71.426,69.238,63.643,1.524,1.325,0.199,71.426,76.252,66.6
2022-02-24,73.13,75.04,72.28,74.77,3450600,74.122,71.774,69.45,66.304,1.553,1.371,0.182,71.774,76.506,67.041
2022-02-25,75.19,76.83,74.9,76.79,2444100,74.648,72.239,69.699,72.14,1.719,1.44,0.279,72.239,77.023,67.456
2022-02-28,75.88,77.05,75.45,76.65,2798800,75.272,72.656,69.927,71.219,1.818,1.516,0.302,72.656,77.453,67.859
2022-03-01,76.34,76.8,74.99,75.82,2570200,75.608,73.008,70.149,65.853,1.809,1.575,0.235,73.008,77.638,68.378
2022-03-02,76.13,78.52,76.07,77.77,3393500,76.36,73.4,70.442,71.321,1.937,1.647,0.29,73.4,78.255,68.545
2022-03-03,78.0,78.43,76.2,76.64,2011000,76.734,73.712,70.729,64.842,1.925,1.703,0.222,73.712,78.557,68.867
2022-03-04,75.46,75.84,72.9,74.77,3960900,76.33,73.964,70.921,55.807,1.745,1.711,0.033,73.964,78.448,69.48
2022-03-07,74.67,74.68,68.28,68.43,5409500,74.686,73.92,70.973,36.989,1.077,1.584,-0.507,73.92,78.608,69.232
2022-03-08,68.43,69.81,66.21,66.28,6094400,72.778,73.717,70.957,32.934,0.371,1.342,-0.971,73.717,79.32,68.114
2022-03-09,68.65,70.98,68.44,70.19,3307300,71.262,73.647,71.005,44.789,0.125,1.098,-0.973,73.647,79.395,67.899
2022-03-10,68.72,70.78,68.39,70.39,2338800,70.012,73.585,71.042,45.322,-0.053,0.868,-0.921,73.585,79.451,67.719
2022-03-11,71.06,71.61,68.39,68.49,1768600,68.756,73.36,71.048,41.252,-0.343,0.626,-0.969,73.36,79.651,67.069
2022-03-14,69.0,69.31,66.85,67.55,1737500,68.58,73.104,71.034,39.368,-0.642,0.372,-1.014,73.104,79.909,66.299
2022-03-15,68.67,69.8,68.1,68.46,2113500,69.016,72.919,71.029,42.123,-0.796,0.139,-0.935,72.919,80.027,65.811
2022-03-16,68.91,70.5,68.76,70.48,2381100,69.074,72.732,71.057,47.794,-0.746,-0.038,-0.708,72.732,79.891,65.572
2022-03-17,69.79,70.39,69.33,70.19,2082100,69.034,72.476,71.046,47.081,-0.722,-0.175,-0.547,72.476,79.613,65.338
2022-03-18,70.16,71.62,69.2,71.5,4020200,69.636,72.342,71.073,50.663,-0.591,-0.258,-0.332,72.342,79.447,65.238
2022-03-21,71.47,72.01,69.93,71.07,2087000,70.34,72.22,71.092,49.479,-0.515,-0.31,-0.205,72.22,79.323,65.116
2022-03-22,71.5,72.18,70.98,71.38,1755500,70.924,72.081,71.103,50.379,-0.425,-0.333,-0.093,72.081,79.135,65.028
2022-03-23,70.97,71.18,70.19,70.78,1976600,70.984,71.92,71.123,48.575,-0.398,-0.346,-0.052,71.92,78.935,64.905
2022-03-24,71.12,71.95,70.59,71.75,1350600,71.296,71.769,71.177,51.593,-0.295,-0.336,0.041,71.769,78.655,64.883
2022-03-25,71.88,72.34,70.62,71.21,1297200,71.238,71.49,71.225,49.84,-0.253,-0.319,0.066,71.49,77.959,65.021
2022-03-28,71.0,71.44,70.25,71.23,1244400,71.27,71.219,71.234,49.908,-0.217,-0.299,0.082,71.219,77.214,65.224
2022-03-29,72.18,73.5,72.16,73.13,1810000,71.62,71.084,71.292,56.002,-0.034,-0.246,0.212,71.084,76.757,65.412
2022-03-30,72.61,73.96,72.58,73.04,2903800,72.072,70.848,71.364,55.656,0.103,-0.176,0.279,70.848,75.679,66.017
2022-03-31,72.96,73.48,72.25,72.27,2229300,72.176,70.63,71.442,52.663,0.147,-0.111,0.258,70.63,74.692,66.567
2022-04-01,72.41,72.99,72.04,72.94,2725500,72.522,70.538,71.527,54.934,0.234,-0.042,0.276,70.538,74.277,66.799
2022-04-04,72.9,74.06,72.21,73.36,2389900,72.948,70.784,71.632,56.348,0.332,0.033,0.3,70.784,74.588,66.981
2022-04-05,73.07,73.84,72.23,73.02,1774500,72.926,71.122,71.734,54.848,0.379,0.102,0.277,71.122,74.403,67.84
2022-04-06,72.8,73.66,71.97,73.5,2278100,73.018,71.287,71.847,56.604,0.449,0.171,0.278,71.287,74.702,67.872
2022-04-07,73.69,74.11,73.29,74.06,3071200,73.376,71.47,71.972,58.626,0.544,0.246,0.298,71.47,75.072,67.869
2022-04-08,74.99,76.62,74.48,75.74,3078000,73.936,71.833,72.138,64.039,0.745,0.346,0.4,71.833,75.625,68.041
2022-04-11,75.56,76.21,74.85,74.98,2910800,74.26,72.204,72.271,60.202,0.835,0.443,0.391,72.204,75.672,68.737
2022-04-12,74.97,76.41,74.55,74.85,2772400,74.626,72.524,72.392,59.545,0.885,0.532,0.353,72.524,75.705,69.343
2022-04-13,75.3,76.75,74.93,76.71,1921300,75.268,72.836,72.528,65.37,1.062,0.638,0.424,72.836,76.373,69.298
2022-04-14,76.92,77.58,76.34,76.36,1593500,75.728,73.144,72.647,63.517,1.161,0.742,0.419,73.144,76.785,69.503
2022-04-18,75.45,76.4,75.24,76.04,1633500,75.788,73.371,72.773,61.792,1.2,0.834,0.366,73.371,77.144,69.598
2022-04-19,76.21,78.29,75.75,77.98,1954300,76.388,73.716,72.947,67.546,1.371,0.941,0.43,73.716,77.851,69.582
2022-04-20,78.68,79.3,78.2,78.86,1797100,77.19,74.09,73.117,69.77,1.56,1.065,0.495,74.09,78.665,69.516
2022-04-21,79.66,81.01,78.98,79.43,3290600,77.734,74.523,73.274,71.149,1.736,1.199,0.537,74.523,79.405,69.641
2022-04-22,79.16,79.82,78.48,78.6,2367600,78.182,74.866,73.413,66.399,1.787,1.317,0.471,74.866,79.887,69.844
2022-04-25,78.49,79.6,77.35,79.43,2360800,78.86,75.276,73.542,68.653,1.874,1.428,0.446,75.276,80.383,70.17
2022-04-26,79.56,79.56,77.5,77.58,1881600,78.78,75.594,73.64,59.132,1.773,1.497,0.275,75.594,80.424,70.764
2022-04-27,77.54,79.02,77.1,77.64,2116800,78.536,75.819,73.75,59.329,1.678,1.533,0.145,75.819,80.585,71.054
2022-04-28,78.1,78.28,77.06,78.17,1844000,78.284,76.076,73.829,61.112,1.627,1.552,0.075,76.076,80.764,71.388
2022-04-29,78.09,78.68,75.44,75.66,3457000,77.696,76.246,73.836,49.944,1.368,1.515,-0.147,76.246,80.586,71.905
2022-05-02,76.46,76.47,73.77,75.36,2545900,76.882,76.366,73.86,48.796,1.126,1.437,-0.312,76.366,80.446,72.287
2022-05-03,75.87,76.32,74.44,75.91,2299400,76.548,76.494,73.907,51.018,0.967,1.343,-0.376,76.494,80.33,72.658
2022-05-04,75.67,76.44,74.26,76.29,3093600,76.278,76.658,73.95,52.551,0.862,1.247,-0.385,76.658,80.132,73.183
2022-05-05,75.13,75.6,73.43,74.02,2732700,75.448,76.684,73.95,43.746,0.588,1.115,-0.527,76.684,80.065,73.302
2022-05-06,73.8,74.06,71.77,73.0,2389300,74.916,76.631,73.915,40.465,0.286,0.949,-0.663,76.631,80.212,73.049
2022-05-09,72.05,73.26,71.36,71.76,3430900,74.196,76.432,73.814,36.847,-0.053,0.749,-0.802,76.432,80.614,72.249
2022-05-10,78.77,80.31,75.67,76.16,6798900,74.246,76.491,73.805,52.929,0.033,0.606,-0.572,76.491,80.619,72.362
2022-05-11,76.44,77.26,74.05,74.4,4074800,73.868,76.468,73.776,47.697,-0.04,0.477,-0.517,76.468,80.639,72.297
2022-05-12,74.47,74.47,71.82,73.12,2663800,73.688,76.289,73.683,44.27,-0.199,0.342,-0.541,76.289,80.717,71.86
2022-05-13,73.83,75.86,73.79,74.99,2017100,74.086,76.22,73.65,49.93,-0.172,0.239,-0.411,76.22,80.686,71.754
2022-05-16,74.98,75.48,74.47,74.83,1419700,74.7,76.16,73.651,49.467,-0.162,0.159,-0.321,76.16,80.668,71.651
2022-05-17,75.52,76.17,74.91,76.05,1490700,74.678,76.063,73.804,53.043,-0.055,0.116,-0.171,76.063,80.49,71.636
2022-05-18,75.15,75.47,71.14,71.44,1983300,74.086,75.692,73.907,41.185,-0.338,0.025,-0.363,75.692,80.368,71.016
2022-05-19,70.69,71.18,69.06,69.99,2667000,73.46,75.22,73.903,38.285,-0.672,-0.114,-0.558,75.22,80.203,70.237
2022-05-20,70.45,70.71,66.6,68.13,3277400,72.088,74.696,73.858,34.892,-1.074,-0.306,-0.768,74.696,80.341,69.052
2022-05-23,68.74,69.58,67.57,69.56,1612400,71.034,74.203,73.879,39.343,-1.263,-0.498,-0.765,74.203,79.83,68.576
2022-05-24,68.89,69.05,67.05,68.25,2749600,69.474,73.736,73.893,36.857,-1.501,-0.698,-0.803,73.736,79.721,67.752
2022-05-25,68.28,70.51,68.21,70.05,2323600,69.196,73.357,73.925,42.256,-1.526,-0.864,-0.663,73.357,79.261,67.453
2022-05-26,72.46,74.03,71.89,73.32,2635200,69.862,73.114,73.982,50.531,-1.268,-0.945,-0.324,73.114,78.567,67.662
2022-05-27,73.34,74.94,73.32,74.77,1927000,71.19,73.07,74.073,53.699,-0.936,-0.943,0.007,73.07,78.449,67.691
2022-05-31,74.45,74.98,73.49,74.51,2564700,72.18,73.028,74.134,53.043,-0.686,-0.892,0.206,73.028,78.344,67.711
2022-06-01,74.45,74.89,73.18,73.68,1923500,73.266,72.916,74.186,50.905,-0.548,-0.823,0.275,72.916,78.069,67.763
2022-06-02,73.87,74.65,73.28,74.63,1461900,74.182,72.833,74.251,53.229,-0.358,-0.73,0.372,72.833,77.807,67.859
2022-06-03,74.14,74.68,73.82,74.57,1536600,74.432,72.86,74.327,53.058,-0.21,-0.626,0.416,72.86,77.868,67.853
2022-06-06,75.24,75.87,74.42,74.98,1092500,74.474,72.96,74.391,54.141,-0.059,-0.513,0.454,72.96,78.057,67.862
2022-06-07,73.81,75.43,73.69,75.33,1229000,74.638,73.138,74.474,55.094,0.088,-0.392,0.48,73.138,78.308,67.968
2022-06-08,74.73,76.11,74.7,75.37,1843800,74.976,73.098,74.556,55.208,0.205,-0.273,0.478,73.098,78.182,68.015
2022-06-09,75.09,75.33,72.98,73.01,1446200,74.652,73.029,74.554,47.511,0.107,-0.197,0.304,73.029,78.076,67.982
2022-06-10,71.51,73.26,70.91,72.5,2083900,74.238,72.998,74.543,46.018,-0.013,-0.16,0.148,72.998,78.05,67.946
2022-06-13,70.89,72.07,70.16,70.56,1999600,73.354,72.776,74.509,40.77,-0.261,-0.18,-0.08,72.776,77.849,67.704
2022-06-14,70.78,71.72,70.58,70.93,2179600,72.474,72.581,74.469,42.126,-0.422,-0.229,-0.194,72.581,77.622,67.541
2022-06-15,71.53,72.82,70.64,71.5,1662900,71.7,72.354,74.432,44.243,-0.499,-0.283,-0.216,72.354,77.139,67.569
2022-06-16,70.41,70.41,68.85,69.43,2064800,70.984,72.254,74.36,38.705,-0.718,-0.37,-0.348,72.254,77.201,67.306
2022-06-17,69.65,70.34,69.23,69.72,4620700,70.428,72.24,74.284,39.841,-0.859,-0.468,-0.391,72.24,77.215,67.265
2022-06-21,70.89,71.25,70.03,70.87,1814700,70.49,72.377,74.22,44.254,-0.867,-0.548,-0.32,72.377,77.015,67.739
2022-06-22,70.03,70.21,68.95,69.3,2405500,70.164,72.364,74.092,39.946,-0.989,-0.636,-0.354,72.364,77.037,67.691
2022-06-23,70.73,71.62,69.76,71.54,2233300,70.172,72.528,74.023,47.759,-0.895,-0.688,-0.207,72.528,76.806,68.251
2022-06-24,72.19,75.78,71.89,75.74,2761500,71.434,72.813,74.041,58.628,-0.476,-0.645,0.169,72.813,77.153,68.473
2022-06-27,76.06,76.8,75.0,76.21,2416900,72.732,72.958,74.031,59.64,-0.105,-0.537,0.433,72.958,77.554,68.361
2022-06-28,76.53,77.29,75.05,75.28,1906200,73.614,72.983,74.009,56.686,0.113,-0.407,0.52,72.983,77.627,68.339
2022-06-29,76.34,76.9,75.42,75.5,2425500,74.854,73.032,73.998,57.226,0.3,-0.266,0.566,73.032,77.765,68.3
2022-06-30,74.98,75.74,73.82,75.41,2443500,75.628,73.119,73.947,56.913,0.436,-0.125,0.561,73.119,77.963,68.275
2022-07-01,75.32,76.95,75.25,76.84,2649900,75.848,73.23,73.906,60.595,0.652,0.03,0.622,73.23,78.314,68.145
2022-07-05,75.93,76.45,75.44,75.85,3203900,75.776,73.294,73.835,56.966,0.734,0.171,0.563,73.294,78.48,68.107
2022-07-06,75.76,76.31,75.28,75.51,3259600,75.822,73.32,73.773,55.731,0.763,0.289,0.474,73.32,78.548,68.092
2022-07-07,75.9,76.65,75.13,76.6,2703400,76.042,73.384,73.716,58.813,0.864,0.404,0.46,73.384,78.744,68.023
2022-07-08,76.75,77.83,76.43,76.69,1962600,76.298,73.45,73.699,59.066,0.941,0.512,0.429,73.45,78.943,67.956
2022-07-11,76.35,77.29,76.03,76.86,1414800,76.302,73.642,73.683,59.572,1.004,0.61,0.394,73.642,79.337,67.947
2022-07-12,76.84,78.02,76.59,76.9,1537700,76.512,73.862,73.658,59.698,1.045,0.697,0.348,73.862,79.709,68.015
2022-07-13,76.1,77.52,75.59,76.8,1503200,76.77,74.174,73.68,59.201,1.057,0.769,0.288,74.174,79.945,68.403
2022-07-14,75.75,77.34,75.62,77.22,1586300,76.894,74.488,73.718,60.683,1.088,0.833,0.255,74.488,80.2,68.777
2022-07-15,78.36,78.55,77.75,78.0,1846500,77.156,74.814,73.759,63.347,1.162,0.899,0.263,74.814,80.549,69.078
2022-07-18,78.5,78.82,76.56,76.87,2504600,77.158,75.186,73.771,57.291,1.117,0.942,0.174,75.186,80.391,69.98
2022-07-19,77.71,78.58,76.87,77.77,2741000,77.332,75.588,73.846,60.528,1.14,0.982,0.158,75.588,80.229,70.947
2022-07-20,78.1,79.09,78.1,78.54,2009700,77.68,75.971,73.957,63.104,1.207,1.027,0.18,75.971,80.222,71.721
2022-07-21,78.2,78.45,77.07,77.38,2569700,77.712,76.376,74.069,57.062,1.153,1.052,0.101,76.376,79.278,73.473
2022-07-22,77.52,78.11,76.67,77.32,2343200,77.576,76.664,74.092,56.759,1.093,1.06,0.033,76.664,78.492,74.837
2022-07-25,77.63,78.29,77.35,78.21,1496200,77.844,76.788,74.169,60.137,1.105,1.069,0.035,76.788,78.685,74.891
2022-07-26,77.52,77.87,76.61,76.72,2714200,77.634,76.814,74.241,52.713,0.982,1.052,-0.07,76.814,78.692,74.935
2022-07-27,77.2,77.47,76.32,76.89,3168400,77.304,76.894,74.279,53.42,0.888,1.019,-0.131,76.894,78.628,75.16
2022-07-28,76.78,77.74,76.63,77.7,2669400,77.368,77.004,74.336,56.737,0.87,0.989,-0.12,77.004,78.642,75.366
2022-07-29,77.41,77.6,75.26,75.58,4015300,77.02,77.012,74.327,47.252,0.676,0.927,-0.251,77.012,78.617,75.408
2022-08-01,75.19,76.87,74.58,76.56,2862100,76.69,76.998,74.429,51.305,0.594,0.86,-0.266,76.998,78.614,75.383
2022-08-02,76.49,76.6,75.57,76.03,2314500,76.552,77.008,74.55,49.107,0.482,0.784,-0.303,77.008,78.598,75.417
2022-08-03,76.11,77.16,75.92,76.91,2126200,76.556,77.078,74.725,52.727,0.458,0.719,-0.261,77.078,78.505,75.65
2022-08-04,76.8,77.32,76.23,76.82,1791800,76.38,77.088,74.871,52.318,0.427,0.661,-0.234,77.088,78.504,75.673
2022-08-05,76.11,76.98,75.73,76.78,1829200,76.62,77.093,75.041,52.124,0.395,0.608,-0.213,77.093,78.504,75.682
2022-08-08,76.98,77.71,76.63,77.22,2368800,76.752,77.111,75.185,54.138,0.4,0.566,-0.166,77.111,78.519,75.703
2022-08-09,75.16,76.73,73.11,73.3,3609100,76.206,76.931,75.184,38.57,0.087,0.47,-0.383,76.931,79.143,74.719
2022-08-10,74.44,74.84,72.43,72.75,3312800,75.374,76.728,75.144,36.964,-0.203,0.336,-0.539,76.728,79.626,73.831
2022-08-11,73.58,74.3,72.99,73.23,2227100,74.656,76.529,75.118,39.338,-0.39,0.19,-0.58,76.529,79.809,73.249
2022-08-12,73.25,75.5,73.25,75.46,3205300,74.392,76.402,75.154,48.956,-0.354,0.082,-0.436,76.402,79.638,73.166
2022-08-15,75.12,76.25,75.12,75.81,1854300,74.11,76.349,75.177,50.289,-0.294,0.006,-0.3,76.349,79.588,73.11
2022-08-16,76.11,76.88,75.45,76.82,1947100,74.814,76.302,75.222,54.018,-0.163,-0.027,-0.135,76.302,79.48,73.123
2022-08-17,76.35,76.59,75.68,76.17,1738600,75.498,76.183,75.246,51.348,-0.11,-0.044,-0.066,76.183,79.181,73.185
2022-08-18,76.43,76.86,75.26,76.84,1299900,76.22,76.156,75.276,53.879,-0.014,-0.038,0.024,76.156,79.119,73.193
2022-08-19,76.42,77.6,76.41,77.16,2052000,76.56,76.148,75.312,55.08,0.087,-0.013,0.1,76.148,79.098,73.198
2022-08-22,76.37,76.52,75.18,75.55,1580400,76.508,76.015,75.363,48.266,0.036,-0.003,0.04,76.015,78.809,73.221
2022-08-23,75.19,76.31,75.19,75.92,1649500,76.328,75.975,75.431,49.803,0.026,0.003,0.023,75.975,78.75,73.2
2022-08-24,76.23,76.67,75.91,76.6,1503000,76.414,75.96,75.552,52.591,0.072,0.017,0.055,75.96,78.718,73.203
2022-08-25,76.81,77.6,76.49,76.9,1683700,76.426,75.92,75.672,53.81,0.131,0.039,0.091,75.92,78.594,73.247
2022-08-26,76.88,77.35,74.25,74.45,1916700,75.884,75.864,75.731,43.887,-0.02,0.028,-0.047,75.864,78.614,73.114
2022-08-29,73.83,74.8,73.25,73.96,1615500,75.566,75.734,75.821,42.211,-0.177,-0.013,-0.163,75.734,78.59,72.878
2022-08-30,74.39,74.52,73.41,73.53,1513900,75.088,75.609,75.897,40.74,-0.332,-0.077,-0.255,75.609,78.624,72.594
2022-08-31,73.81,74.14,73.19,73.19,2131600,74.406,75.423,75.944,39.566,-0.477,-0.157,-0.32,75.423,78.557,72.289
2022-09-01,73.06,73.06,71.49,72.86,2554700,73.598,75.225,76.015,38.409,-0.611,-0.248,-0.364,75.225,78.485,71.965
2022-09-02,73.52,73.58,71.61,71.91,1882900,73.09,74.982,76.022,35.217,-0.786,-0.355,-0.43,74.982,78.472,71.491
2022-09-06,72.42,72.48,71.15,71.6,2389800,72.618,74.7,75.94,34.218,-0.938,-0.472,-0.466,74.7,78.334,71.067
2022-09-07,71.71,73.94,71.71,73.8,1921200,72.672,74.726,75.891,45.942,-0.871,-0.552,-0.319,74.726,78.325,71.126
2022-09-08,73.41,74.08,72.7,73.92,1561400,72.818,74.784,75.864,46.502,-0.799,-0.601,-0.198,74.784,78.285,71.283
2022-09-09,74.25,75.32,73.97,74.68,1567300,73.182,74.856,75.848,50.033,-0.673,-0.615,-0.057,74.856,78.282,71.431
2022-09-12,75.03,75.76,74.73,74.99,1415300,73.798,74.833,75.839,51.441,-0.542,-0.601,0.059,74.833,78.247,71.419
2022-09-13,73.75,74.42,71.56,71.8,1483600,73.838,74.632,75.739,39.201,-0.687,-0.618,-0.069,74.632,78.269,70.996
2022-09-14,71.7,71.91,69.74,70.69,2387400,73.216,74.326,75.635,35.992,-0.882,-0.671,-0.211,74.326,78.211,70.441
2022-09-15,70.6,71.54,70.39,70.91,1527400,72.614,74.063,75.543,37.091,-1.007,-0.738,-0.269,74.063,78.13,69.996
2022-09-16,70.66,70.81,69.16,69.6,2922300,71.598,73.701,75.403,33.411,-1.198,-0.83,-0.368,73.701,78.009,69.393
2022-09-19,69.07,71.09,69.07,71.03,1521500,70.806,73.394,75.29,40.366,-1.22,-0.908,-0.312,73.394,77.535,69.254
2022-09-20,70.44,70.87,69.8,70.8,1545400,70.606,73.157,75.169,39.649,-1.241,-0.975,-0.267,73.157,77.322,68.992
2022-09-21,71.22,71.67,69.82,69.84,1934800,70.436,72.853,75.028,36.716,-1.321,-1.044,-0.277,72.853,77.056,68.65
2022-09-22,69.63,69.67,68.4,68.88,3234800,70.03,72.467,74.869,34.007,-1.444,-1.124,-0.32,72.467,76.639,68.295
2022-09-23,68.26,68.26,65.85,66.69,2274200,69.448,71.956,74.659,28.789,-1.699,-1.239,-0.46,71.956,76.338,67.575
2022-09-26,66.43,66.97,65.19,65.54,2087900,68.35,71.511,74.41,26.491,-1.972,-1.386,-0.586,71.511,76.583,66.439
2022-09-27,66.44,66.61,64.41,64.97,1746600,67.184,71.062,74.172,25.408,-2.208,-1.55,-0.658,71.062,76.773,65.35
2022-09-28,65.51,66.0,64.75,65.66,2492800,66.348,70.668,73.929,29.182,-2.313,-1.703,-0.61,70.668,76.736,64.6
2022-09-29,65.05,65.28,63.22,63.63,2421300,65.298,70.19,73.631,25.15,-2.531,-1.868,-0.663,70.19,76.895,63.485
2022-09-30,63.71,64.59,62.86,62.95,3073900,64.55,69.694,73.343,23.956,-2.727,-2.04,-0.687,69.694,77.006,62.383
2022-10-03,63.67,64.64,63.21,64.17,2628500,64.276,69.308,73.08,30.345,-2.752,-2.182,-0.57,69.308,76.937,61.678
2022-10-04,65.26,66.88,65.26,66.77,3503600,64.636,69.066,72.851,41.605,-2.533,-2.253,-0.28,69.066,76.696,61.436
2022-10-05,66.19,67.55,66.05,67.21,2639100,64.946,68.736,72.661,43.276,-2.297,-2.262,-0.036,68.736,76.069,61.404
2022-10-06,67.18,67.51,65.48,65.65,2268700,65.35,68.323,72.436,39.013,-2.211,-2.251,0.04,68.323,75.351,61.295
2022-10-07,65.03,65.26,64.29,64.68,2106100,65.696,67.823,72.175,36.599,-2.196,-2.24,0.045,67.823,74.352,61.294
2022-10-10,65.07,65.77,64.4,65.23,2259900,65.908,67.335,71.968,38.907,-2.115,-2.215,0.1,67.335,73.012,61.658
2022-10-11,65.22,66.08,64.77,65.82,2413600,65.718,67.036,71.754,41.373,-1.98,-2.168,0.188,67.036,72.341,61.731
2022-10-12,65.75,66.67,65.29,65.33,2385100,65.342,66.768,71.54,39.932,-1.891,-2.113,0.222,66.768,71.831,61.705
2022-10-13,64.25,67.15,63.63,66.73,2144400,65.558,66.559,71.336,45.748,-1.688,-2.028,0.34,66.559,71.233,61.885
2022-10-14,67.34,67.74,65.86,66.07,1932100,65.836,66.383,71.121,43.604,-1.563,-1.935,0.372,66.383,70.834,61.931
2022-10-17,67.01,67.83,66.67,67.72,2080000,66.334,66.217,70.94,49.922,-1.315,-1.811,0.496,66.217,70.158,62.276
2022-10-18,68.92,69.65,68.11,68.99,3246000,66.968,66.126,70.775,54.176,-1.004,-1.65,0.645,66.126,69.689,62.564
2022-10-19,69.09,70.02,68.93,69.4,3072300,67.782,66.104,70.697,55.491,-0.717,-1.463,0.746,66.104,69.575,62.634
2022-10-20,69.62,70.11,68.59,69.17,4385400,68.27,66.119,70.626,54.546,-0.502,-1.271,0.769,66.119,69.64,62.598
2022-10-21,69.4,71.93,68.93,71.73,2481800,69.402,66.371,70.596,62.254,-0.124,-1.041,0.918,66.371,70.694,62.048
2022-10-24,72.15,73.31,71.98,73.03,2947600,70.464,66.746,70.547,65.458,0.278,-0.778,1.055,66.746,71.969,61.522
2022-10-25,72.89,74.49,72.66,73.94,2611900,71.454,67.194,70.51,67.535,0.662,-0.49,1.152,67.194,73.25,61.138
2022-10-26,74.35,75.45,73.97,74.86,2770900,72.546,67.654,70.47,69.53,1.029,-0.186,1.215,67.654,74.558,60.75
2022-10-27,75.37,75.64,74.72,75.04,3035000,73.72,68.224,70.448,69.92,1.319,0.115,1.204,68.224,75.598,60.851
2022-10-28,75.44,77.33,75.09,77.04,2767500,74.782,68.929,70.452,73.91,1.69,0.43,1.26,68.929,76.852,61.006
2022-10-31,76.54,78.32,76.54,77.56,4793900,75.688,69.598,70.46,74.844,2.004,0.745,1.259,69.598,78.072,61.125
2022-11-01,75.48,76.3,73.98,75.36,4799600,75.972,70.028,70.456,64.345,2.051,1.006,1.045,70.028,78.765,61.291
2022-11-02,74.56,74.99,72.85,72.98,4634500,75.596,70.316,70.397,55.306,1.875,1.18,0.695,70.316,79.043,61.59
2022-11-03,72.5,73.63,71.81,72.8,2557200,75.148,70.674,70.321,54.68,1.701,1.284,0.417,70.674,79.178,62.17
2022-11-04,73.55,73.97,72.29,73.7,3976300,74.48,71.125,70.257,57.282,1.617,1.351,0.267,71.125,79.239,63.011
2022-11-07,73.84,74.77,73.65,74.57,2497700,73.882,71.592,70.26,59.692,1.603,1.401,0.202,71.592,79.344,63.84
2022-11-08,74.87,75.21,74.06,74.75,2180900,73.76,72.038,70.275,60.192,1.587,1.438,0.149,72.038,79.41,64.667
2022-11-09,74.71,75.43,74.18,74.33,2494100,74.03,72.489,70.291,58.371,1.524,1.455,0.068,72.489,79.206,65.771
2022-11-10,76.3,76.56,74.89,75.48,3298300,74.566,72.926,70.337,61.78,1.548,1.474,0.074,72.926,79.188,66.664
2022-11-11,76.2,76.26,74.91,75.69,3500400,74.964,73.407,70.394,62.385,1.566,1.492,0.074,73.407,78.88,67.934
2022-11-14,75.6,76.84,75.05,75.84,3483800,75.218,73.813,70.472,62.838,1.575,1.509,0.066,73.813,78.681,68.945
2022-11-15,76.65,76.96,74.35,74.77,2436000,75.222,74.102,70.536,57.517,1.478,1.503,-0.025,74.102,78.42,69.784
2022-11-16,74.76,75.9,74.71,75.54,1361000,75.464,74.409,70.571,60.134,1.447,1.492,-0.045,74.409,78.154,70.664
2022-11-17,74.79,75.44,74.66,75.35,1328600,75.438,74.718,70.599,59.165,1.391,1.471,-0.08,74.718,77.552,71.884
2022-11-18,76.7,77.06,75.75,76.22,2396500,75.544,74.942,70.63,62.169,1.401,1.457,-0.057,74.942,77.476,72.409
2022-11-21,76.18,76.72,75.87,76.37,2184400,75.65,75.11,70.658,62.679,1.404,1.447,-0.043,75.11,77.55,72.669
2022-11-22,76.86,77.36,76.56,77.25,1408500,76.146,75.275,70.767,65.606,1.461,1.45,0.012,75.275,77.828,72.722
2022-11-23,77.63,77.94,76.97,77.11,1034800,76.46,75.388,70.895,64.736,1.478,1.455,0.023,75.388,78.059,72.716
2022-11-25,77.15,77.54,76.93,77.46,615400,76.882,75.508,71.026,65.952,1.502,1.465,0.038,75.508,78.329,72.688
2022-11-28,76.96,77.85,76.52,76.99,2645500,77.036,75.506,71.174,62.82,1.467,1.465,0.002,75.506,78.321,72.691
2022-11-29,77.06,77.38,76.11,76.24,1632200,77.01,75.44,71.278,58.08,1.362,1.444,-0.082,75.44,78.11,72.77
2022-11-30,76.01,77.53,75.74,77.51,2932400,77.062,75.548,71.412,63.151,1.366,1.429,-0.063,75.548,78.373,72.722
2022-12-01,77.9,78.14,76.98,77.09,1994300,77.058,75.753,71.557,60.543,1.32,1.407,-0.087,75.753,78.383,73.123
2022-12-02,76.3,76.49,75.53,76.46,1398600,76.858,75.936,71.709,56.756,1.219,1.369,-0.151,75.936,78.183,73.689
2022-12-05,75.71,76.59,75.64,76.28,1272000,76.716,76.065,71.901,55.685,1.111,1.318,-0.207,76.065,78.052,74.078
2022-12-06,76.71,76.83,75.3,75.5,1113700,76.568,76.112,72.1,51.176,0.952,1.245,-0.293,76.112,77.992,74.231
2022-12-07,75.44,75.95,75.01,75.44,1450400,76.154,76.146,72.309,50.835,0.812,1.158,-0.346,76.146,77.945,74.347
2022-12-08,75.6,75.61,74.8,75.18,1719600,75.772,76.188,72.5,49.302,0.672,1.061,-0.389,76.188,77.841,74.536
2022-12-09,74.71,74.84,73.6,73.68,1767800,75.216,76.098,72.701,41.523,0.435,0.936,-0.501,76.098,78.077,74.12
2022-12-12,73.88,74.5,73.53,74.49,1853100,74.858,76.038,72.931,46.438,0.309,0.81,-0.501,76.038,78.139,73.938
2022-12-13,75.96,75.97,73.52,73.93,2505700,74.544,75.943,73.127,43.703,0.162,0.68,-0.519,75.943,78.245,73.641
2022-12-14,74.0,74.39,72.79,73.6,1857400,74.176,75.884,73.263,42.128,0.018,0.548,-0.53,75.884,78.365,73.404
2022-12-15,71.0,71.65,69.42,70.15,3778500,73.17,75.615,73.322,29.971,-0.369,0.365,-0.734,75.615,79.185,72.045
2022-12-16,69.81,70.79,69.31,70.5,4403400,72.534,75.372,73.419,32.111,-0.641,0.164,-0.804,75.372,79.614,71.131
2022-12-19,70.79,71.21,68.97,69.81,2799100,71.598,75.052,73.522,30.155,-0.901,-0.049,-0.852,75.052,79.943,70.161
2022-12-20,69.76,70.5,69.4,70.14,1890800,70.84,74.74,73.62,32.28,-1.069,-0.253,-0.816,74.74,80.053,69.428
2022-12-21,70.6,70.69,68.97,69.12,3313200,69.944,74.334,73.686,29.311,-1.269,-0.457,-0.813,74.334,80.066,68.602
2022-12-22,68.56,69.19,67.88,69.19,1769700,69.752,73.938,73.763,29.788,-1.406,-0.646,-0.76,73.938,79.95,67.926
2022-12-23,69.11,70.01,68.89,69.97,1094600,69.646,73.564,73.828,35.051,-1.435,-0.804,-0.631,73.564,79.585,67.542
2022-12-27,70.08,70.25,69.15,69.86,2213800,69.656,73.207,73.904,34.656,-1.451,-0.933,-0.517,73.207,79.218,67.196
2022-12-28,70.1,70.22,68.76,68.98,2655600,69.424,72.844,73.929,31.593,-1.516,-1.05,-0.466,72.844,78.96,66.728
2022-12-29,69.18,69.52,68.81,68.85,1555300,69.37,72.411,73.926,31.155,-1.561,-1.152,-0.408,72.411,78.36,66.462
2022-12-30,68.41,68.59,67.71,68.5,2006300,69.232,71.982,73.908,29.95,-1.606,-1.243,-0.363,71.982,77.746,66.217
2023-01-03,68.5,68.64,67.33,68.09,2002500,68.856,71.563,73.886,28.558,-1.655,-1.325,-0.33,71.563,77.171,65.955
2023-01-04,68.28,68.74,67.69,68.71,2438700,68.626,71.184,73.826,33.587,-1.626,-1.385,-0.24,71.184,76.465,65.904
2023-01-05,68.74,69.27,68.27,68.78,2092900,68.586,70.848,73.741,34.15,-1.579,-1.424,-0.155,70.848,75.818,65.879
2023-01-06,69.63,71.18,69.18,70.98,1909600,69.012,70.626,73.682,48.843,-1.348,-1.409,0.061,70.626,75.104,66.147
2023-01-09,71.3,71.96,71.2,71.42,2678900,69.596,70.438,73.613,51.189,-1.117,-1.351,0.233,70.438,74.396,66.479
2023-01-10,71.58,72.26,71.3,72.11,2150900,70.4,70.359,73.554,54.697,-0.868,-1.254,0.386,70.359,74.104,66.614
2023-01-11,72.49,72.71,71.94,72.68,1714200,71.194,70.268,73.467,57.419,-0.618,-1.127,0.509,70.268,73.664,66.873
2023-01-12,73.15,73.49,72.27,72.37,2215400,71.912,70.19,73.363,55.467,-0.44,-0.99,0.55,70.19,73.291,67.09
2023-01-13,72.06,72.57,71.59,72.44,1827000,72.204,70.133,73.305,55.832,-0.289,-0.849,0.56,70.133,72.999,67.266
2023-01-17,72.26,72.86,71.71,72.02,2021900,72.324,70.226,73.286,53.023,-0.202,-0.72,0.518,70.226,73.214,67.238
2023-01-18,72.18,72.34,69.64,69.71,2292500,71.844,70.186,73.224,40.847,-0.315,-0.639,0.324,70.186,73.18,67.193
2023-01-19,69.41,69.73,68.96,69.41,2036100,71.19,70.167,73.138,39.576,-0.424,-0.596,0.172,70.167,73.176,67.157
2023-01-20,69.76,70.2,69.2,70.19,2494000,70.754,70.169,73.051,44.419,-0.443,-0.565,0.123,70.169,73.179,67.159
2023-01-23,70.26,71.69,70.0,71.47,1835700,70.56,70.286,72.985,51.314,-0.35,-0.522,0.172,70.286,73.307,67.266
2023-01-24,74.29,74.29,70.28,70.44,2291600,70.244,70.349,72.907,46.333,-0.356,-0.489,0.133,70.349,73.326,67.372
2023-01-25,69.71,71.52,69.71,71.38,2192000,70.578,70.42,72.825,51.007,-0.281,-0.447,0.166,70.42,73.425,67.414
2023-01-26,71.5,71.62,70.56,70.65,1805500,70.826,70.459,72.724,47.544,-0.277,-0.413,0.136,70.459,73.454,67.464
2023-01-27,70.57,70.83,69.82,70.24,2477100,70.836,70.522,72.612,45.669,-0.304,-0.392,0.087,70.522,73.438,67.606
2023-01-30,70.02,71.16,69.9,70.43,4297500,70.628,70.601,72.526,46.718,-0.307,-0.375,0.068,70.601,73.41,67.792
2023-01-31,68.08,69.89,66.44,69.85,9251600,70.51,70.668,72.412,43.929,-0.351,-0.37,0.019,70.668,73.326,68.011
2023-02-01,70.23,70.61,69.17,70.27,4641000,70.288,70.778,72.31,46.423,-0.349,-0.366,0.017,70.778,73.153,68.402
2023-02-02,69.97,70.15,68.17,69.55,3885400,70.068,70.819,72.177,42.901,-0.4,-0.373,-0.028,70.819,73.068,68.571
2023-02-03,69.56,69.7,68.8,69.18,3302700,69.856,70.84,72.033,41.172,-0.465,-0.391,-0.074,70.84,73.017,68.662
2023-02-06,68.94,69.66,68.83,69.36,3143500,69.642,70.758,71.875,42.388,-0.497,-0.412,-0.085,70.758,73.033,68.484
2023-02-07,68.98,69.83,67.86,69.67,2544000,69.606,70.671,71.726,44.516,-0.491,-0.428,-0.063,70.671,72.973,68.369
2023-02-08,69.29,69.67,68.25,68.73,2785500,69.298,70.502,71.552,39.725,-0.556,-0.454,-0.102,70.502,72.854,68.15
2023-02-09,68.97,69.46,68.65,68.95,1980800,69.178,70.316,71.391,41.317,-0.583,-0.48,-0.104,70.316,72.528,68.103
2023-02-10,69.09,69.98,68.84,69.96,1787200,69.334,70.195,71.265,48.094,-0.517,-0.487,-0.03,70.195,72.188,68.202
2023-02-13,70.04,70.55,69.79,70.55,1545900,69.572,70.1,71.126,51.61,-0.412,-0.472,0.06,70.1,71.804,68.397
2023-02-14,70.57,70.57,69.48,70.14,1483500,69.666,70.006,70.987,49.12,-0.358,-0.449,0.091,70.006,71.452,68.561
2023-02-15,69.74,69.88,69.18,69.78,1838700,69.876,70.01,70.854,46.977,-0.341,-0.428,0.087,70.01,71.452,68.568
2023-02-16,69.39,70.35,69.39,69.86,1457100,70.058,70.032,70.725,47.525,-0.316,-0.405,0.089,70.032,71.449,68.616
2023-02-17,70.01,70.99,69.69,70.98,1884700,70.262,70.072,70.635,54.598,-0.205,-0.365,0.161,70.072,71.55,68.594
2023-02-21,70.62,70.66,69.14,69.27,2320400,70.006,69.962,70.511,44.693,-0.251,-0.342,0.091,69.962,71.325,68.599
2023-02-22,69.45,70.46,69.19,69.86,1787800,69.95,69.933,70.405,48.186,-0.237,-0.321,0.084,69.933,71.278,68.588
2023-02-23,69.84,70.09,68.75,69.03,1673900,69.8,69.816,70.312,43.978,-0.29,-0.315,0.025,69.816,71.032,68.599
2023-02-24,68.52,68.93,68.19,68.38,1844200,69.504,69.702,70.19,40.961,-0.38,-0.328,-0.052,69.702,71.011,68.393
2023-02-27,68.84,69.24,68.09,68.26,1247400,68.96,69.603,70.076,40.41,-0.456,-0.354,-0.102,69.603,71.035,68.171
2023-02-28,68.17,68.4,67.25,67.25,2864800,68.556,69.444,69.949,36.018,-0.591,-0.401,-0.19,69.444,71.166,67.722
2023-03-01,66.74,67.75,66.54,67.71,1900800,68.126,69.337,69.901,39.256,-0.653,-0.451,-0.201,69.337,71.212,67.462
2023-03-02,67.71,68.2,67.53,68.13,1656200,67.946,69.23,69.853,42.136,-0.661,-0.493,-0.167,69.23,71.125,67.335
2023-03-03,68.52,68.99,68.11,68.77,1602300,68.024,69.191,69.832,46.313,-0.608,-0.516,-0.092,69.191,71.09,67.292
2023-03-06,68.51,69.26,68.46,68.85,1760500,68.142,69.174,69.807,46.829,-0.554,-0.524,-0.03,69.174,71.08,67.269
2023-03-07,68.9,69.05,68.06,68.19,1410700,68.33,69.116,69.788,43.141,-0.557,-0.53,-0.027,69.116,71.068,67.164
2023-03-08,67.53,67.53,66.61,67.49,2249700,68.286,69.007,69.754,39.58,-0.61,-0.546,-0.063,69.007,71.07,66.944
2023-03-09,68.1,68.6,66.83,67.01,1803500,68.062,68.921,69.695,37.306,-0.682,-0.573,-0.109,68.921,71.167,66.675
2023-03-10,66.85,67.03,65.57,65.95,1804500,67.498,68.771,69.617,32.822,-0.815,-0.622,-0.194,68.771,71.381,66.161
2023-03-13,65.14,66.97,64.95,66.6,2627500,67.048,68.603,69.569,37.762,-0.859,-0.669,-0.19,68.603,71.321,65.885
2023-03-14,67.26,67.63,66.61,67.33,2485600,66.876,68.442,69.539,42.846,-0.825,-0.7,-0.125,68.442,71.053,65.831
2023-03-15,66.41,67.63,66.13,67.62,2886600,66.902,68.316,69.521,44.776,-0.766,-0.713,-0.052,68.316,70.824,65.808
2023-03-16,67.43,67.5,66.25,67.18,2755100,66.936,68.186,69.503,42.435,-0.746,-0.72,-0.026,68.186,70.643,65.729
2023-03-17,66.8,66.81,65.23,65.78,5389300,66.902,67.982,69.444,35.987,-0.833,-0.743,-0.091,67.982,70.53,65.434
2023-03-20,66.08,67.2,65.87,66.81,2189800,66.944,67.774,69.405,42.865,-0.81,-0.756,-0.054,67.774,69.943,65.604
2023-03-21,67.24,68.06,67.05,67.81,2243600,67.04,67.7,69.341,48.636,-0.703,-0.746,0.042,67.7,69.753,65.648
2023-03-22,67.76,68.15,66.78,66.79,1604400,66.874,67.547,69.249,43.779,-0.693,-0.735,0.042,67.547,69.365,65.729
2023-03-23,66.78,67.26,65.81,66.04,2007300,66.646,67.398,69.127,40.571,-0.736,-0.735,-0.001,67.398,69.193,65.602
2023-03-24,65.86,67.4,65.69,67.31,1907500,66.952,67.344,69.02,47.576,-0.661,-0.72,0.06,67.344,69.079,65.609
2023-03-27,67.9,68.9,67.86,68.57,2337700,67.304,67.36,68.944,53.44,-0.494,-0.675,0.181,67.36,69.135,65.584
2023-03-28,68.77,69.34,68.59,68.86,1997000,67.514,67.44,68.872,54.697,-0.334,-0.607,0.273,67.44,69.336,65.544
2023-03-29,69.32,70.01,69.26,69.79,2464900,68.114,67.544,68.828,58.558,-0.131,-0.512,0.381,67.544,69.711,65.377
2023-03-30,70.03,70.22,69.3,69.38,1611900,68.782,67.606,68.821,56.28,-0.003,-0.41,0.407,67.606,69.912,65.301
2023-03-31,69.8,69.81,69.12,69.64,2802100,69.248,67.65,68.826,57.412,0.118,-0.304,0.422,67.65,70.078,65.222
2023-04-03,69.75,70.65,69.69,70.48,1504500,69.63,67.732,68.832,60.929,0.279,-0.188,0.466,67.732,70.424,65.039
2023-04-04,70.64,71.26,69.88,70.1,1688200,69.878,67.827,68.804,58.572,0.371,-0.076,0.447,67.827,70.716,64.938
2023-04-05,70.15,70.57,69.77,70.29,1863200,69.978,67.967,68.801,59.417,0.454,0.03,0.424,67.967,71.052,64.882
2023-04-06,70.2,70.75,69.93,70.12,2125500,70.126,68.122,68.776,58.272,0.501,0.124,0.376,68.122,71.316,64.929
2023-04-10,69.63,70.67,69.6,70.52,1519200,70.302,68.351,68.773,60.215,0.563,0.212,0.351,68.351,71.544,65.158
2023-04-11,70.78,71.21,70.52,71.08,1304400,70.422,68.575,68.79,62.826,0.65,0.3,0.351,68.575,71.878,65.272
2023-04-12,71.08,71.09,67.84,67.91,3844700,69.984,68.604,68.74,44.876,0.459,0.331,0.127,68.604,71.871,65.337
2023-04-13,67.61,67.96,66.74,67.75,4499800,69.476,68.61,68.698,44.189,0.29,0.323,-0.033,68.61,71.869,65.352
2023-04-14,67.74,67.86,66.37,66.68,3038400,68.788,68.586,68.626,39.805,0.07,0.273,-0.203,68.586,71.898,65.273
2023-04-17,67.11,68.32,66.89,68.32,2657500,68.348,68.712,68.601,48.276,0.027,0.223,-0.196,68.712,71.756,65.669
2023-04-18,68.4,68.47,67.4,67.85,1411500,67.702,68.764,68.575,46.266,-0.044,0.17,-0.214,68.764,71.705,65.824
2023-04-19,68.05,68.23,67.73,67.84,2201000,67.688,68.766,68.544,46.222,-0.101,0.116,-0.216,68.766,71.704,65.828
2023-04-20,67.83,67.84,67.31,67.52,1434900,67.642,68.803,68.501,44.753,-0.169,0.059,-0.228,68.803,71.654,65.951
2023-04-21,67.78,68.69,67.69,68.57,2156500,68.02,68.929,68.498,50.332,-0.137,0.02,-0.157,68.929,71.473,66.385
2023-04-24,68.47,68.92,68.24,68.52,1221900,68.06,68.989,68.49,50.073,-0.114,-0.007,-0.107,68.989,71.426,66.553
2023-04-25,68.29,68.82,67.99,68.04,1961800,68.098,68.963,68.451,47.541,-0.133,-0.032,-0.101,68.963,71.43,66.496
2023-04-26,67.73,68.63,66.83,67.13,2545100,67.956,68.876,68.383,43.091,-0.219,-0.07,-0.15,68.876,71.477,66.276
2023-04-27,67.25,68.17,67.06,68.13,1495200,68.078,68.794,68.343,48.766,-0.205,-0.097,-0.108,68.794,71.377,66.21
2023-04-28,68.06,69.91,68.04,69.64,2717000,68.292,68.806,68.34,55.914,-0.07,-0.091,0.021,68.806,71.405,66.208
2023-05-01,69.77,70.68,69.52,69.71,3616300,68.53,68.81,68.337,56.219,0.042,-0.065,0.106,68.81,71.413,66.207
2023-05-02,69.54,69.54,66.08,68.79,5818900,68.68,68.726,68.293,51.206,0.055,-0.041,0.096,68.726,71.207,66.244
2023-05-03,68.19,68.86,67.98,68.35,3587500,68.924,68.638,68.275,48.957,0.03,-0.027,0.057,68.638,71.038,66.238
2023-05-04,68.43,68.97,67.81,68.56,2757000,69.01,68.552,68.249,50.084,0.027,-0.016,0.043,68.552,70.822,66.281
2023-05-05,69.14,69.68,68.8,69.67,1930200,69.016,68.529,68.261,55.655,0.113,0.01,0.103,68.529,70.742,66.316
2023-05-08,69.91,70.0,68.8,69.04,1749000,68.882,68.455,68.275,52.101,0.128,0.033,0.095,68.455,70.479,66.431
2023-05-09,68.9,69.31,68.23,68.95,2061000,68.914,68.348,68.288,51.594,0.132,0.053,0.079,68.348,69.976,66.721
2023-05-10,69.21,69.35,66.51,66.6,3421200,68.564,68.283,68.275,40.51,-0.054,0.032,-0.086,68.283,70.081,66.485
2023-05-11,66.21,66.97,65.25,66.85,3154700,68.222,68.238,68.258,41.939,-0.18,-0.011,-0.169,68.238,70.135,66.341
2023-05-12,67.13,67.86,66.92,67.74,2213600,67.836,68.291,68.25,46.835,-0.205,-0.049,-0.155,68.291,70.059,66.523
2023-05-15,67.63,67.8,67.09,67.56,2024400,67.54,68.253,68.226,45.99,-0.236,-0.087,-0.15,68.253,70.051,66.455
2023-05-16,67.28,67.28,66.56,66.63,1666100,67.076,68.192,68.182,41.796,-0.333,-0.136,-0.197,68.192,70.125,66.259
2023-05-17,66.68,66.9,65.98,66.52,1531300,67.06,68.126,68.148,41.316,-0.413,-0.191,-0.222,68.126,70.195,66.057
2023-05-18,66.36,66.59,65.51,66.42,1967400,66.974,68.071,68.127,40.857,-0.479,-0.249,-0.23,68.071,70.263,65.879
2023-05-19,66.75,67.0,66.14,66.37,3050100,66.7,67.961,68.114,40.614,-0.53,-0.305,-0.225,67.961,70.266,65.656
2023-05-22,66.36,66.59,65.07,65.16,2510100,66.22,67.793,68.098,35.161,-0.66,-0.376,-0.284,67.793,70.396,65.19
2023-05-23,64.66,64.92,63.86,64.25,3262200,65.744,67.604,68.051,31.712,-0.827,-0.466,-0.361,67.604,70.646,64.561
2023-05-24,64.14,64.9,64.01,64.67,2669200,65.374,67.48,67.998,34.886,-0.915,-0.556,-0.359,67.48,70.791,64.17
2023-05-25,64.08,64.71,63.49,63.99,3002100,64.888,67.274,67.926,32.271,-1.027,-0.65,-0.377,67.274,70.914,63.633
2023-05-26,63.99,64.46,63.76,64.18,2352100,64.45,67.0,67.866,33.765,-1.089,-0.738,-0.351,67.0,70.712,63.289
2023-05-30,63.72,64.25,62.82,63.09,2859000,64.036,66.67,67.812,29.715,-1.212,-0.833,-0.379,66.67,70.541,62.798
2023-05-31,63.14,63.7,62.95,63.48,4130100,63.882,66.404,67.745,32.82,-1.263,-0.919,-0.344,66.404,70.39,62.418
2023-06-01,63.81,64.88,63.63,64.69,3330900,63.886,66.221,67.683,41.461,-1.192,-0.973,-0.219,66.221,70.166,62.276
2023-06-02,65.2,66.01,64.82,65.92,2011800,64.272,66.089,67.665,48.686,-1.025,-0.984,-0.041,66.089,69.878,62.3
2023-06-05,65.82,66.08,65.01,65.83,2163300,64.602,65.897,67.661,48.217,-0.889,-0.965,0.076,65.897,69.291,62.503
2023-06-06,65.58,66.24,65.35,66.13,1576400,65.21,65.752,67.638,49.948,-0.749,-0.922,0.173,65.752,68.811,62.692
2023-06-07,65.22,66.38,64.89,65.97,2782600,65.708,65.602,67.586,49.007,-0.643,-0.866,0.223,65.602,68.272,62.933
2023-06-08,65.98,65.98,64.91,65.41,2519400,65.852,65.543,67.517,45.759,-0.598,-0.812,0.214,65.543,68.171,62.915
2023-06-09,65.37,66.0,65.11,65.83,1694300,65.834,65.492,67.437,48.515,-0.522,-0.754,0.232,65.492,68.052,62.932
2023-06-12,66.07,66.12,65.28,65.64,2165300,65.796,65.387,67.363,47.343,-0.472,-0.698,0.226,65.387,67.721,63.053
2023-06-13,65.36,66.19,65.11,66.03,3087200,65.776,65.311,67.29,50.012,-0.396,-0.637,0.241,65.311,67.436,63.185
2023-06-14,66.52,66.87,65.82,66.09,2063200,65.8,65.284,67.203,50.429,-0.327,-0.575,0.248,65.284,67.351,63.216
2023-06-15,66.24,66.78,65.88,66.61,2960900,66.04,65.288,67.133,54.005,-0.228,-0.506,0.278,65.288,67.367,63.209
2023-06-16,66.55,66.97,66.05,66.6,4398900,66.194,65.297,67.059,53.924,-0.149,-0.434,0.286,65.297,67.399,63.195
2023-06-20,66.27,66.59,65.76,65.78,1978100,66.222,65.268,66.972,47.648,-0.15,-0.378,0.227,65.268,67.322,63.213
2023-06-21,65.57,66.07,65.26,65.88,1673200,66.192,65.304,66.879,48.436,-0.142,-0.33,0.189,65.304,67.375,63.232
2023-06-22,66.47,66.56,66.04,66.47,1380400,66.268,65.415,66.787,52.938,-0.086,-0.282,0.195,65.415,67.486,63.343
2023-06-23,66.4,66.58,65.49,65.75,2640100,66.096,65.468,66.744,47.489,-0.099,-0.245,0.146,65.468,67.515,63.422
2023-06-26,65.78,66.08,65.34,65.68,3403900,65.912,65.553,66.703,46.982,-0.114,-0.219,0.105,65.553,67.478,63.628
2023-06-27,65.62,66.87,65.58,66.59,2443600,66.074,65.674,66.701,53.869,-0.052,-0.186,0.134,65.674,67.537,63.81
2023-06-28,66.41,66.5,65.6,66.13,1905900,66.124,65.826,66.657,50.311,-0.039,-0.156,0.117,65.826,67.245,64.406
2023-06-29,65.98,66.4,65.72,66.37,1767500,66.104,65.97,66.627,52.089,-0.009,-0.127,0.117,65.97,66.882,65.058
2023-06-30,66.75,67.43,66.37,67.34,2517600,66.422,66.102,66.617,58.545,0.091,-0.083,0.174,66.102,67.001,65.204
2023-07-03,67.1,68.35,66.98,68.33,1386900,66.952,66.223,66.634,63.892,0.248,-0.017,0.265,66.223,67.559,64.887
2023-07-05,68.01,68.01,67.05,67.41,2689800,67.116,66.302,66.61,56.587,0.295,0.045,0.249,66.302,67.724,64.88
2023-07-06,67.17,68.02,66.73,67.77,2624900,67.444,66.384,66.595,58.583,0.357,0.108,0.249,66.384,67.946,64.822
2023-07-07,67.64,68.51,67.64,67.91,2614100,67.752,66.481,66.593,59.365,0.412,0.169,0.244,66.481,68.171,64.791
2023-07-10,67.98,68.56,67.39,67.67,2106300,67.818,66.594,66.604,57.365,0.432,0.221,0.211,66.594,68.285,64.903
2023-07-11,67.83,68.27,67.42,67.6,2457100,67.672,66.682,66.593,56.764,0.437,0.264,0.173,66.682,68.39,64.975
2023-07-12,67.98,68.09,67.33,67.45,2122300,67.68,66.773,66.549,55.424,0.424,0.296,0.128,66.773,68.439,65.107
2023-07-13,67.52,67.63,66.93,66.96,2093300,67.518,66.819,66.494,51.176,0.37,0.311,0.059,66.819,68.45,65.189
2023-07-14,66.79,67.13,66.17,66.79,2136100,67.294,66.854,66.454,49.751,0.309,0.311,-0.001,66.854,68.449,65.26
2023-07-17,66.6,67.32,66.38,67.07,1543000,67.174,66.878,66.429,52.116,0.281,0.305,-0.024,66.878,68.47,65.285
2023-07-18,66.87,67.28,66.08,66.22,2616800,66.898,66.858,66.382,45.167,0.188,0.281,-0.093,66.858,68.474,65.243
2023-07-19,66.38,67.87,66.38,67.75,2598700,66.958,66.957,66.343,56.429,0.235,0.272,-0.037,66.957,68.535,65.379
2023-07-20,68.09,68.87,67.69,68.85,2032800,67.336,67.105,66.34,62.407,0.356,0.289,0.068,67.105,68.811,65.4
2023-07-21,69.14,69.28,68.57,68.71,2369200,67.72,67.218,66.335,61.255,0.437,0.318,0.118,67.218,69.037,65.398
2023-07-24,68.93,69.62,68.93,69.26,2517600,68.158,67.393,66.388,64.061,0.538,0.362,0.176,67.393,69.292,65.494
2023-07-25,69.01,69.13,68.13,69.0,2123500,68.714,67.559,66.431,61.783,0.591,0.408,0.183,67.559,69.408,65.71
2023-07-26,69.13,69.67,68.65,68.93,1725700,68.95,67.676,66.455,61.152,0.62,0.451,0.17,67.676,69.562,65.79
2023-07-27,69.14,69.53,68.93,68.98,2148900,68.976,67.818,66.483,61.455,0.64,0.489,0.151,67.818,69.643,65.994
2023-07-28,69.41,70.0,69.34,69.49,2597200,69.132,67.974,66.54,64.493,0.689,0.529,0.16,67.974,69.811,66.138
2023-07-31,69.67,69.94,69.44,69.72,5923700,69.224,68.093,66.604,65.802,0.738,0.57,0.167,68.093,70.06,66.127
2023-08-01,70.28,71.49,67.89,69.58,4859300,69.34,68.156,66.668,64.25,0.756,0.608,0.149,68.156,70.231,66.081
2023-08-02,69.06,69.98,68.5,69.1,2037100,69.374,68.24,66.722,59.1,0.724,0.631,0.093,68.24,70.325,66.156
2023-08-03,68.61,69.09,67.76,67.81,3089400,69.14,68.242,66.775,47.972,0.587,0.622,-0.035,68.242,70.325,66.16
2023-08-04,67.89,68.4,67.34,67.42,2677200,68.726,68.218,66.839,45.201,0.443,0.586,-0.144,68.218,70.329,66.107
2023-08-07,67.48,67.94,67.26,67.77,1396000,68.336,68.223,66.901,48.098,0.352,0.539,-0.187,68.223,70.329,66.117
2023-08-08,67.49,67.67,66.55,66.8,1685100,67.78,68.183,66.957,41.542,0.2,0.471,-0.272,68.183,70.367,65.999
2023-08-09,66.88,67.61,66.77,67.18,1826800,67.396,68.17,67.017,44.721,0.109,0.399,-0.29,68.17,70.376,65.963
2023-08-10,67.21,67.43,65.64,65.85,2208800,67.004,68.114,67.072,37.114,-0.07,0.305,-0.375,68.114,70.497,65.731
2023-08-11,65.88,66.19,65.43,65.75,1778000,66.67,68.062,67.117,36.61,-0.218,0.201,-0.418,68.062,70.607,65.517
2023-08-14,65.78,65.97,64.66,64.82,2499500,66.08,67.95,67.12,32.225,-0.405,0.079,-0.484,67.95,70.853,65.046
2023-08-15,64.45,65.21,64.12,65.06,2230600,65.732,67.892,67.103,34.408,-0.528,-0.042,-0.486,67.892,70.981,64.802
2023-08-16,65.38,67.24,65.27,65.86,2968900,65.468,67.797,67.103,41.207,-0.554,-0.144,-0.41,67.797,71.017,64.577
2023-08-17,65.98,66.47,65.25,65.29,2009400,65.356,67.619,67.087,38.171,-0.614,-0.238,-0.376,67.619,70.984,64.254
2023-08-18,65.06,65.8,64.95,65.3,4652500,65.266,67.448,67.073,38.257,-0.653,-0.321,-0.332,67.448,70.925,63.972
2023-08-21,65.12,65.36,64.55,64.93,1703100,65.288,67.232,67.064,36.249,-0.706,-0.398,-0.308,67.232,70.772,63.692
2023-08-22,64.65,64.91,63.74,64.14,2090600,65.104,66.989,67.03,32.346,-0.802,-0.479,-0.323,66.989,70.682,63.296
2023-08-23,64.06,64.43,63.87,64.25,2801500,64.782,66.755,67.002,33.421,-0.859,-0.555,-0.304,66.755,70.523,62.987
2023-08-24,64.05,64.83,63.75,63.86,2676500,64.496,66.499,66.959,31.509,-0.926,-0.629,-0.297,66.499,70.325,62.673
2023-08-25,64.27,64.57,63.6,63.74,2250200,64.184,66.212,66.912,30.923,-0.977,-0.699,-0.278,66.212,69.955,62.468
2023-08-28,63.96,64.34,63.74,64.21,1786500,64.04,65.936,66.864,35.949,-0.968,-0.753,-0.216,65.936,69.392,62.48
2023-08-29,64.28,64.49,63.49,64.39,1940300,64.09,65.676,66.819,37.815,-0.936,-0.789,-0.147,65.676,68.737,62.616
2023-08-30,64.54,64.68,63.96,64.04,2202000,64.048,65.424,66.785,35.641,-0.928,-0.817,-0.111,65.424,68.106,62.741
2023-08-31,64.08,64.3,63.63,63.64,2551400,64.004,65.215,66.74,33.285,-0.943,-0.842,-0.101,65.215,67.761,62.669
2023-09-01,63.85,64.45,63.83,64.22,2007500,64.1,65.055,66.695,39.526,-0.898,-0.853,-0.045,65.055,67.413,62.697
2023-09-05,63.96,63.96,62.29,62.73,3467200,63.804,64.803,66.634,31.4,-0.971,-0.877,-0.094,64.803,67.012,62.594
2023-09-06,62.67,63.18,62.35,62.54,3112900,63.434,64.59,66.572,30.538,-1.033,-0.908,-0.125,64.59,66.81,62.37
2023-09-07,62.7,63.32,62.58,63.19,2595700,63.264,64.39,66.504,36.919,-1.017,-0.93,-0.087,64.39,66.329,62.452
2023-09-08,63.22,63.95,62.92,63.91,2496200,63.318,64.294,66.459,43.149,-0.936,-0.931,-0.005,64.294,66.115,62.472
2023-09-11,63.97,64.7,63.83,64.11,2221700,63.296,64.212,66.414,44.78,-0.846,-0.914,0.068,64.212,65.9,62.523
2023-09-12,64.28,64.28,63.72,63.91,1859100,63.532,64.166,66.345,43.438,-0.782,-0.888,0.106,64.166,65.835,62.497
2023-09-13,64.07,64.13,63.43,63.87,1686800,63.798,64.106,66.256,43.159,-0.725,-0.855,0.13,64.106,65.725,62.488
2023-09-14,64.17,65.08,64.17,64.93,1704700,64.146,64.06,66.207,51.956,-0.589,-0.802,0.213,64.06,65.511,62.609
2023-09-15,65.03,65.46,64.83,64.89,4145900,64.342,64.04,66.149,51.631,-0.478,-0.737,0.259,64.04,65.429,62.651
2023-09-18,64.91,64.97,64.25,64.7,1785900,64.46,64.01,66.085,50.031,-0.401,-0.67,0.269,64.01,65.308,62.712
2023-09-19,64.71,65.11,64.31,64.42,1754600,64.562,63.985,66.02,47.687,-0.358,-0.608,0.249,63.985,65.225,62.744
2023-09-20,64.58,64.97,64.42,64.49,2054900,64.686,64.002,65.958,48.339,-0.315,-0.549,0.234,64.002,65.261,62.743
2023-09-21,64.38,64.49,63.49,63.52,2384400,64.404,63.966,65.879,40.76,-0.355,-0.51,0.155,63.966,65.237,62.694
2023-09-22,63.45,63.63,62.68,62.7,2339500,63.966,63.908,65.794,35.669,-0.448,-0.498,0.05,63.908,65.299,62.516
2023-09-25,62.36,62.94,62.16,62.85,1891300,63.596,63.863,65.715,37.214,-0.504,-0.499,-0.005,63.863,65.332,62.394
2023-09-26,62.43,62.58,60.49,60.51,3073000,62.814,63.678,65.584,26.516,-0.728,-0.545,-0.183,63.678,65.765,61.591
2023-09-27,60.46,60.51,59.22,59.58,3133700,61.832,63.438,65.451,23.611,-0.97,-0.63,-0.34,63.438,66.184,60.691
2023-09-28,59.79,60.88,59.58,60.78,3222500,61.284,63.274,65.312,33.704,-1.053,-0.714,-0.338,63.274,66.248,60.301
2023-09-29,61.22,61.47,60.26,60.35,2625300,60.814,63.11,65.142,32.069,-1.14,-0.8,-0.34,63.11,66.35,59.87
2023-10-02,60.31,60.31,59.3,59.55,2450700,60.154,62.876,64.958,29.228,-1.259,-0.891,-0.367,62.876,66.437,59.316
2023-10-03,59.18,59.61,58.36,58.73,2283800,59.798,62.676,64.748,26.624,-1.403,-0.994,-0.409,62.676,66.692,58.661
2023-10-04,58.97,59.56,58.56,59.39,2650400,59.76,62.519,64.556,31.884,-1.447,-1.084,-0.363,62.519,66.796,58.242
2023-10-05,59.36,59.63,58.6,58.6,2440500,59.324,62.29,64.349,29.187,-1.529,-1.173,-0.356,62.29,66.895,57.684
2023-10-06,58.39,58.48,57.31,57.96,3282300,58.846,61.992,64.129,27.181,-1.626,-1.264,-0.362,61.992,66.914,57.07
2023-10-09,57.67,58.56,57.45,58.4,2315200,58.616,61.707,63.907,30.707,-1.649,-1.341,-0.308,61.707,66.772,56.641
2023-10-10,58.63,59.5,58.63,59.18,3065000,58.706,61.47,63.696,36.57,-1.586,-1.39,-0.196,61.47,66.544,56.396
2023-10-11,59.57,59.64,58.44,59.0,2650900,58.628,61.226,63.484,35.817,-1.532,-1.418,-0.114,61.226,66.283,56.17
2023-10-12,59.05,59.1,57.5,57.72,3412500,58.452,60.866,63.257,30.937,-1.575,-1.45,-0.126,60.866,65.838,55.894
2023-10-13,57.65,58.45,57.65,58.25,2845600,58.51,60.534,63.066,34.892,-1.549,-1.469,-0.079,60.534,65.255,55.813
2023-10-16,58.56,59.4,58.17,59.3,2248600,58.69,60.264,62.903,41.981,-1.426,-1.461,0.035,60.264,64.582,55.946
2023-10-17,59.3,59.88,59.07,59.72,2235600,58.798,60.029,62.742,44.581,-1.281,-1.425,0.144,60.029,63.881,56.177
2023-10-18,59.62,60.18,59.24,60.01,2356200,59.0,59.805,62.606,46.367,-1.129,-1.366,0.237,59.805,63.036,56.574
2023-10-19,60.1,61.23,60.04,60.46,2914700,59.548,59.652,62.472,49.109,-0.961,-1.285,0.323,59.652,62.395,56.909
2023-10-20,60.66,61.03,60.14,60.24,2841300,59.946,59.529,62.36,47.822,-0.837,-1.195,0.359,59.529,61.891,57.167
2023-10-23,59.85,60.64,59.81,59.85,2183800,60.056,59.379,62.242,45.543,-0.76,-1.108,0.348,59.379,61.163,57.595
2023-10-24,60.17,60.84,60.13,60.14,2292500,60.14,59.36,62.148,47.545,-0.669,-1.02,0.351,59.36,61.102,57.619
2023-10-25,60.24,60.81,60.15,60.53,2006200,60.244,59.408,62.058,50.196,-0.559,-0.928,0.369,59.408,61.225,57.591
2023-10-26,60.7,61.06,60.23,60.28,2156000,60.208,59.383,61.946,48.504,-0.486,-0.84,0.354,59.383,61.133,57.633
2023-10-27,60.07,60.5,59.3,59.38,2895000,60.036,59.335,61.828,42.897,-0.495,-0.771,0.276,59.335,61.025,57.644
2023-10-30,59.52,60.68,59.52,60.34,3971200,60.134,59.374,61.729,49.591,-0.42,-0.7,0.281,59.374,61.121,57.627
2023-10-31,60.93,61.77,59.18,61.22,6214700,60.35,59.498,61.654,54.819,-0.286,-0.617,0.332,59.498,61.401,57.596
2023-11-01,61.1,61.13,60.28,60.45,4885900,60.334,59.552,61.581,49.938,-0.239,-0.542,0.303,59.552,61.499,57.604
2023-11-02,60.88,61.48,60.02,60.45,3462300,60.368,59.644,61.505,49.938,-0.2,-0.473,0.274,59.644,61.577,57.711
2023-11-03,61.03,61.99,60.8,61.71,2330400,60.834,59.832,61.462,57.174,-0.066,-0.392,0.326,59.832,61.804,57.859
2023-11-06,61.82,62.2,61.35,61.52,2033500,61.07,59.988,61.417,55.863,0.024,-0.309,0.333,59.988,61.977,57.998
2023-11-07,61.49,62.25,61.27,62.2,2402100,61.266,60.139,61.377,59.448,0.149,-0.217,0.366,60.139,62.319,57.958
2023-11-08,62.24,62.54,61.33,61.72,3121100,61.52,60.274,61.324,55.991,0.206,-0.133,0.339,60.274,62.495,58.054
2023-11-09,62.0,62.06,61.02,61.4,2397800,61.71,60.458,61.271,53.747,0.224,-0.061,0.285,60.458,62.377,58.54
2023-11-10,61.66,62.05,61.04,62.0,1984800,61.768,60.646,61.238,57.21,0.282,0.007,0.275,60.646,62.38,58.912
2023-11-13,61.96,62.1,61.57,61.9,1821000,61.844,60.776,61.192,56.451,0.317,0.069,0.248,60.776,62.474,59.078
2023-11-14,62.41,63.63,62.4,63.5,3263900,62.104,60.965,61.207,64.55,0.469,0.149,0.32,60.965,62.98,58.95
2023-11-15,63.83,65.35,63.83,64.91,3940500,62.742,61.21,61.254,69.868,0.695,0.258,0.436,61.21,63.836,58.584
2023-11-16,64.6,65.15,64.54,65.07,3850700,63.476,61.44,61.292,70.411,0.876,0.382,0.494,61.44,64.553,58.328
2023-11-17,65.33,65.4,64.94,65.27,3271300,64.13,61.692,61.319,71.111,1.025,0.51,0.514,61.692,65.186,58.198
2023-11-20,65.22,65.92,64.64,65.62,3160400,64.874,61.98,61.349,72.344,1.157,0.64,0.517,61.98,65.774,58.187
2023-11-21,65.47,65.83,65.07,65.65,2568700,65.304,62.256,61.384,72.453,1.25,0.762,0.488,62.256,66.28,58.232
2023-11-22,65.64,66.42,65.45,66.32,2398800,65.586,62.546,61.433,74.829,1.362,0.882,0.48,62.546,66.868,58.223
2023-11-24,66.45,66.67,66.22,66.43,1023900,65.858,62.853,61.463,75.207,1.443,0.994,0.449,62.853,67.368,58.338
2023-11-27,66.42,66.51,65.9,66.2,2146500,66.044,63.194,61.489,72.746,1.472,1.09,0.382,63.194,67.634,58.754
2023-11-28,66.2,66.62,65.89,66.14,2267800,66.148,63.484,61.518,72.084,1.473,1.166,0.306,63.484,67.897,59.071
2023-11-29,66.29,66.54,65.85,66.03,2244900,66.224,63.724,61.55,70.81,1.448,1.223,0.225,63.724,68.142,59.307
2023-11-30,65.88,66.49,65.63,66.45,4219300,66.25,64.024,61.59,72.787,1.446,1.267,0.178,64.024,68.319,59.73
2023-12-01,66.66,67.13,66.31,67.03,2985600,66.37,64.354,61.66,75.277,1.473,1.308,0.165,64.354,68.501,60.206
2023-12-04,66.75,67.62,66.58,67.21,2963100,66.572,64.628,61.75,76.01,1.493,1.345,0.147,64.628,68.767,60.49
2023-12-05,67.25,67.54,67.05,67.41,2828000,66.826,64.923,61.841,76.833,1.507,1.378,0.129,64.923,68.967,60.879
2023-12-06,67.55,67.81,67.15,67.26,1935500,67.072,65.176,61.976,74.762,1.489,1.4,0.089,65.176,69.135,61.217
2023-12-07,67.89,68.49,67.54,68.3,2224600,67.442,65.505,62.151,78.99,1.541,1.428,0.113,65.505,69.347,61.663
2023-12-08,68.21,68.35,67.77,67.98,3689900,67.632,65.834,62.295,74.836,1.538,1.45,0.088,65.834,69.305,62.363
2023-12-11,68.29,68.46,67.77,68.07,2389200,67.804,66.138,62.449,75.231,1.526,1.465,0.061,66.138,69.239,63.036
2023-12-12,68.12,68.27,67.54,67.77,2063100,67.876,66.431,62.613,71.222,1.475,1.467,0.008,66.431,68.888,63.974
2023-12-13,67.88,69.52,67.54,69.37,4800100,68.298,66.724,62.826,77.965,1.546,1.483,0.063,66.724,69.108,64.341
2023-12-14,69.26,69.7,68.14,68.32,8326300,68.302,66.895,63.005,66.889,1.5,1.486,0.014,66.895,69.219,64.571
2023-12-15,68.08,68.32,67.27,67.71,6944200,68.248,67.027,63.187,61.429,1.399,1.469,-0.07,67.027,69.211,64.843
2023-12-18,68.12,68.12,66.99,67.08,2727500,68.05,67.117,63.369,56.316,1.253,1.426,-0.173,67.117,69.138,65.097
2023-12-19,66.99,67.62,66.96,67.49,2170700,67.994,67.211,63.551,58.723,1.157,1.372,-0.215,67.211,69.11,65.312
2023-12-20,67.28,67.74,66.8,67.44,3242900,67.608,67.3,63.716,58.301,1.065,1.31,-0.246,67.3,69.052,65.549
2023-12-21,67.71,68.05,67.39,67.7,2851600,67.484,67.369,63.89,59.915,1.001,1.249,-0.248,67.369,69.067,65.672
2023-12-22,67.97,68.44,67.66,67.7,2247600,67.482,67.433,64.09,59.915,0.94,1.187,-0.247,67.433,69.076,65.79
2023-12-26,67.54,67.77,67.44,67.52,1307800,67.57,67.499,64.275,58.11,0.867,1.123,-0.256,67.499,69.036,65.962
2023-12-27,67.31,67.5,66.98,67.24,2190100,67.52,67.554,64.434,55.318,0.777,1.054,-0.276,67.554,68.96,66.148
2023-12-28,67.26,67.54,67.13,67.25,1856700,67.482,67.615,64.585,55.4,0.699,0.983,-0.284,67.615,68.836,66.394
2023-12-29,67.07,67.52,66.9,67.33,1912300,67.408,67.659,64.731,56.098,0.636,0.913,-0.277,67.659,68.761,66.557
2024-01-02,67.18,68.84,67.12,68.52,3218700,67.572,67.734,64.892,64.895,0.675,0.866,-0.191,67.734,68.857,66.61
2024-01-03,69.05,69.76,68.54,69.04,3766900,67.876,67.825,65.068,67.92,0.738,0.84,-0.102,67.825,69.062,66.588
2024-01-04,69.3,69.94,69.0,69.63,3639100,68.354,67.936,65.264,70.976,0.827,0.838,-0.01,67.936,69.395,66.477
2024-01-05,69.69,70.45,69.29,70.12,2740100,68.928,68.079,65.464,73.254,0.926,0.855,0.071,68.079,69.796,66.362
2024-01-08,70.04,70.42,69.36,70.08,3047300,69.478,68.168,65.655,72.752,0.99,0.882,0.108,68.168,70.104,66.232
2024-01-09,69.6,70.14,69.52,70.06,2074600,69.786,68.272,65.85,72.485,1.028,0.911,0.116,68.272,70.381,66.163
2024-01-10,69.9,70.43,69.54,69.55,3392300,69.888,68.346,66.054,65.836,1.004,0.93,0.074,68.346,70.528,66.164
2024-01-11,69.52,69.99,69.34,69.94,2456800,69.95,68.454,66.246,68.235,1.006,0.945,0.061,68.454,70.73,66.179
2024-01-12,70.19,70.43,69.75,70.21,2862300,69.968,68.496,66.425,69.816,1.017,0.96,0.058,68.496,70.872,66.121
2024-01-16,70.01,70.13,69.29,69.43,2428700,69.838,68.552,66.605,60.457,0.952,0.958,-0.006,68.552,70.962,66.142
2024-01-17,69.16,69.99,69.1,69.21,2368300,69.668,68.627,66.78,58.092,0.873,0.941,-0.068,68.627,71.02,66.234
2024-01-18,69.23,69.89,68.9,69.7,2926400,69.698,68.758,66.94,61.687,0.84,0.921,-0.081,68.758,71.08,66.436
2024-01-19,69.92,70.0,69.18,69.71,2908300,69.652,68.869,67.104,61.759,0.805,0.898,-0.093,68.869,71.147,66.591
2024-01-22,69.88,70.5,69.59,70.08,2772500,69.626,69.001,67.261,64.427,0.798,0.878,-0.079,69.001,71.236,66.766
2024-01-23,70.3,70.74,69.98,70.0,3287400,69.74,69.116,67.427,63.397,0.777,0.858,-0.08,69.116,71.306,66.926
2024-01-24,70.45,70.52,69.14,69.51,4243300,69.8,69.206,67.589,57.351,0.713,0.829,-0.116,69.206,71.297,67.116
2024-01-25,70.39,70.39,69.42,69.77,3187200,69.814,69.319,67.745,59.555,0.675,0.798,-0.123,69.319,71.265,67.373
2024-01-26,69.9,70.11,69.46,69.66,3096900,69.804,69.44,67.9,58.185,0.629,0.764,-0.135,69.44,71.125,67.755
2024-01-29,69.64,69.86,69.42,69.68,3721600,69.724,69.562,68.023,58.372,0.588,0.729,-0.141,69.562,70.895,68.228
2024-01-30,70.03,75.05,69.85,74.91,7413400,70.706,69.94,68.223,81.604,0.966,0.776,0.189,69.94,72.42,67.461
2024-01-31,74.91,75.52,74.2,75.01,7354200,71.806,70.265,68.422,81.813,1.259,0.873,0.386,70.265,73.535,66.995
2024-02-01,74.89,76.52,74.75,76.34,4367600,73.12,70.63,68.644,84.359,1.58,1.014,0.566,70.63,74.823,66.437
2024-02-02,76.47,76.83,75.5,75.52,3831400,74.292,70.924,68.842,77.186,1.748,1.161,0.587,70.924,75.619,66.23
2024-02-05,75.06,75.52,74.41,74.93,4134700,75.342,71.165,69.027,72.415,1.813,1.292,0.522,71.165,76.169,66.161
2024-02-06,74.84,75.27,74.44,74.53,2493400,75.266,71.388,69.191,69.288,1.812,1.396,0.416,71.388,76.58,66.195
2024-02-07,74.4,74.58,73.69,73.85,3461600,75.034,71.577,69.34,64.212,1.735,1.464,0.272,71.577,76.842,66.312
2024-02-08,73.92,73.95,72.99,73.52,4603600,74.47,71.776,69.486,61.844,1.63,1.497,0.133,71.776,77.018,66.533
2024-02-09,73.53,73.81,73.24,73.74,2198500,74.114,71.965,69.638,62.829,1.546,1.506,0.039,71.965,77.203,66.728
2024-02-12,73.85,74.29,73.69,74.19,2288500,73.966,72.164,69.801,64.827,1.498,1.505,-0.007,72.164,77.424,66.905
2024-02-13,74.07,74.91,72.63,73.36,2355600,73.732,72.361,69.94,58.572,1.378,1.479,-0.102,72.361,77.482,67.24
2024-02-14,73.38,73.64,72.8,73.23,2282200,73.608,72.562,70.064,57.634,1.257,1.435,-0.178,72.562,77.474,67.65
2024-02-15,73.31,73.73,72.99,73.58,3363500,73.62,72.756,70.191,59.514,1.176,1.383,-0.207,72.756,77.495,68.017
2024-02-16,73.51,74.16,73.18,73.69,2168100,73.61,72.955,70.317,60.113,1.108,1.328,-0.22,72.955,77.485,68.425
2024-02-20,73.82,74.52,73.17,73.29,2731600,73.43,73.116,70.437,56.821,1.011,1.265,-0.254,73.116,77.44,68.791
2024-02-21,73.54,74.33,73.54,73.86,3094800,73.53,73.308,70.548,60.169,0.968,1.205,-0.237,73.308,77.385,69.232
2024-02-22,73.61,74.68,73.2,74.56,3334200,73.796,73.561,70.68,63.873,0.979,1.16,-0.181,73.561,77.254,69.868
2024-02-23,74.73,75.42,74.33,74.91,3057200,74.062,73.818,70.817,65.596,1.005,1.129,-0.124,73.818,77.092,70.544
2024-02-26,74.91,75.46,74.6,74.93,2586700,74.31,74.082,70.96,65.696,1.015,1.106,-0.091,74.082,76.736,71.427
2024-02-27,74.88,75.4,74.72,75.21,2340900,74.694,74.358,71.077,67.146,1.034,1.092,-0.058,74.358,76.065,72.651
2024-02-28,75.28,75.61,74.63,74.77,2215500,74.876,74.351,71.206,62.665,1.002,1.074,-0.072,74.351,76.05,72.652
2024-02-29,74.82,75.39,74.55,75.05,3926600,74.974,74.353,71.353,64.298,0.988,1.057,-0.069,74.353,76.055,72.651
2024-03-01,74.9,74.92,73.82,74.12,2209200,74.816,74.242,71.493,55.6,0.891,1.024,-0.132,74.242,75.665,72.819
2024-03-04,73.71,74.1,73.5,73.7,2310700,74.57,74.151,71.618,52.168,0.772,0.973,-0.201,74.151,75.458,72.844
2024-03-05,74.01,74.4,73.59,73.76,2227700,74.28,74.092,71.744,52.618,0.674,0.913,-0.239,74.092,75.357,72.828
2024-03-06,73.95,74.58,73.25,73.38,2655500,74.002,74.035,71.858,49.446,0.56,0.843,-0.283,74.035,75.32,72.75
2024-03-07,73.78,74.07,73.39,74.03,2846700,73.798,74.044,71.984,54.499,0.516,0.777,-0.262,74.044,75.326,72.762
2024-03-08,73.69,74.89,73.69,74.67,2715900,73.908,74.102,72.127,58.86,0.526,0.727,-0.201,74.102,75.388,72.815
2024-03-11,74.15,74.62,74.02,74.17,2435200,74.002,74.123,72.266,54.468,0.489,0.679,-0.191,74.123,75.398,72.848
2024-03-12,74.19,74.59,74.05,74.27,1819600,74.104,74.127,72.406,55.188,0.462,0.636,-0.174,74.127,75.404,72.85
2024-03-13,74.38,74.98,74.24,74.63,2225900,74.354,74.19,72.552,57.777,0.464,0.601,-0.138,74.19,75.432,72.949
2024-03-14,74.53,74.66,73.85,74.18,2655800,74.384,74.238,72.665,53.608,0.424,0.566,-0.142,74.238,75.395,73.081
2024-03-15,73.9,75.02,73.87,75.01,5421100,74.452,74.31,72.785,59.424,0.455,0.544,-0.089,74.31,75.472,73.147
2024-03-18,75.09,75.47,74.66,74.76,3287200,74.57,74.363,72.887,57.102,0.454,0.526,-0.072,74.363,75.504,73.222
2024-03-19,75.08,75.67,74.94,75.39,2550200,74.794,74.468,72.993,61.215,0.498,0.52,-0.022,74.468,75.579,73.357
2024-03-20,75.27,75.69,74.56,75.24,1748100,74.916,74.537,73.096,59.746,0.515,0.519,-0.004,74.537,75.66,73.414
2024-03-21,75.27,75.8,74.75,75.67,2287900,75.214,74.592,73.208,62.523,0.556,0.527,0.03,74.592,75.825,73.36
2024-03-22,75.65,75.72,75.4,75.63,2002200,75.338,74.628,73.33,62.094,0.58,0.537,0.042,74.628,75.94,73.317
2024-03-25,75.78,75.98,74.69,74.97,2452400,75.38,74.63,73.43,55.345,0.538,0.537,0.001,74.63,75.944,73.317
2024-03-26,75.17,75.65,74.89,74.99,2017400,75.3,74.619,73.526,55.503,0.502,0.53,-0.029,74.619,75.916,73.323
2024-03-27,75.45,76.31,75.01,75.95,1973100,75.442,74.678,73.656,62.376,0.544,0.533,0.011,74.678,76.105,73.252
2024-03-28,76.08,76.22,75.16,75.25,3203400,75.358,74.688,73.777,55.629,0.515,0.529,-0.015,74.688,76.128,73.249
2024-04-01,74.97,75.39,74.66,74.68,2284200,75.168,74.717,73.877,50.809,0.441,0.512,-0.071,74.717,76.131,73.302
2024-04-02,74.76,75.15,74.45,74.55,2289600,75.084,74.759,73.974,49.75,0.367,0.483,-0.116,74.759,76.094,73.424
2024-04-03,74.45,74.63,73.97,74.11,2645300,74.908,74.777,74.054,46.238,0.27,0.44,-0.17,74.777,76.065,73.488
2024-04-04,74.45,74.49,71.36,71.4,5211400,73.998,74.678,74.082,31.493,-0.025,0.347,-0.372,74.678,76.577,72.778
2024-04-05,71.22,71.75,70.46,71.51,3576100,73.25,74.552,74.122,32.435,-0.247,0.228,-0.475,74.552,76.911,72.192
2024-04-08,71.23,71.75,71.05,71.58,2466500,72.63,74.397,74.158,33.066,-0.413,0.1,-0.513,74.397,77.103,71.691
2024-04-09,71.82,72.31,71.6,72.3,2075400,72.18,74.304,74.211,39.338,-0.48,-0.016,-0.464,74.304,77.167,71.44
2024-04-10,71.91,72.22,71.52,71.78,2098900,71.714,74.179,74.253,36.665,-0.569,-0.127,-0.443,74.179,77.257,71.101
2024-04-11,71.89,72.03,71.27,71.42,2063700,71.718,74.018,74.183,34.898,-0.661,-0.234,-0.428,74.018,77.324,70.713
2024-04-12,70.99,71.27,70.08,70.19,2027500,71.454,73.819,74.087,29.641,-0.824,-0.352,-0.472,73.819,77.539,70.099
2024-04-15,70.71,70.99,70.13,70.56,2106700,71.25,73.596,73.971,32.915,-0.913,-0.464,-0.449,73.596,77.542,69.651
2024-04-16,70.69,71.04,70.34,70.73,2269800,70.936,73.395,73.876,34.424,-0.958,-0.563,-0.395,73.395,77.499,69.291
2024-04-17,71.21,71.35,69.64,70.37,2142500,70.654,73.144,73.784,32.744,-1.011,-0.652,-0.359,73.144,77.347,68.941
2024-04-18,70.66,70.93,70.37,70.55,2184800,70.48,72.91,73.705,34.466,-1.027,-0.727,-0.3,72.91,77.143,68.676
2024-04-19,70.91,71.61,70.71,71.57,2530100,70.756,72.704,73.659,43.325,-0.947,-0.771,-0.175,72.704,76.769,68.64
2024-04-22,71.91,72.47,71.46,72.12,2600700,71.068,72.529,73.631,47.451,-0.829,-0.783,-0.046,72.529,76.358,68.7
2024-04-23,72.42,72.48,71.64,71.78,2129600,71.278,72.37,73.592,45.258,-0.754,-0.777,0.023,72.37,76.032,68.707
2024-04-24,71.63,72.32,71.45,72.09,1765200,71.622,72.224,73.55,47.634,-0.662,-0.754,0.092,72.224,75.674,68.775
2024-04-25,72.18,72.71,71.45,71.89,2326700,71.89,72.022,73.521,46.239,-0.599,-0.723,0.124,72.022,74.993,69.05
2024-04-26,72.32,72.54,71.41,71.89,2072300,71.954,71.854,73.494,46.239,-0.542,-0.687,0.145,71.854,74.407,69.3
2024-04-29,71.9,72.67,71.73,72.03,3088500,71.936,71.721,73.463,47.487,-0.481,-0.646,0.165,71.721,73.905,69.537
2024-04-30,69.44,70.95,69.17,69.32,7972700,71.444,71.46,73.375,32.0,-0.643,-0.645,0.002,71.46,73.462,69.457
2024-05-01,69.2,69.76,67.99,68.14,4975000,70.654,71.161,73.272,27.755,-0.857,-0.687,-0.17,71.161,73.276,69.046
2024-05-02,68.33,69.47,68.15,69.26,3087900,70.128,71.054,73.18,36.381,-0.926,-0.735,-0.19,71.054,73.329,68.779
2024-05-03,69.25,70.47,69.16,70.29,2709700,69.808,70.993,73.095,43.109,-0.887,-0.765,-0.121,70.993,73.282,68.704
2024-05-06,70.46,70.7,69.81,70.4,2567400,69.482,70.934,73.005,43.792,-0.837,-0.78,-0.057,70.934,73.22,68.648
2024-05-07,70.64,70.86,70.37,70.71,3333300,69.76,70.854,72.92,45.77,-0.764,-0.777,0.012,70.854,73.049,68.66
2024-05-08,70.43,71.15,69.44,69.6,2943400,70.052,70.746,72.808,40.302,-0.787,-0.779,-0.008,70.746,72.963,68.528
2024-05-09,69.54,70.28,69.42,70.1,2185800,70.22,70.679,72.715,43.572,-0.756,-0.774,0.018,70.679,72.891,68.468
2024-05-10,70.13,71.13,69.91,71.05,1793400,70.372,70.722,72.635,49.259,-0.647,-0.749,0.102,70.722,72.928,68.517
2024-05-13,71.16,71.66,70.45,70.48,2495400,70.388,70.718,72.562,46.247,-0.6,-0.719,0.119,70.718,72.925,68.512
2024-05-14,70.78,71.04,70.43,70.79,2299300,70.404,70.722,72.504,48.106,-0.531,-0.681,0.15,70.722,72.928,68.515
2024-05-15,70.64,70.97,70.38,70.86,1974600,70.656,70.746,72.446,48.538,-0.466,-0.638,0.172,70.746,72.947,68.545
2024-05-16,71.15,71.74,70.97,71.11,3626900,70.858,70.774,72.4,50.137,-0.39,-0.589,0.199,70.774,72.979,68.569
2024-05-17,71.12,71.24,70.52,70.8,3781600,70.808,70.736,72.336,48.14,-0.35,-0.541,0.191,70.736,72.909,68.562
2024-05-20,70.75,70.85,69.96,70.01,2206000,70.714,70.63,72.243,43.396,-0.378,-0.508,0.13,70.63,72.724,68.536
2024-05-21,70.29,70.5,69.92,70.25,2621700,70.606,70.554,72.164,45.164,-0.377,-0.482,0.105,70.554,72.581,68.526
2024-05-22,70.25,71.12,67.4,67.84,5922400,70.002,70.341,72.036,33.76,-0.563,-0.498,-0.065,70.341,72.571,68.111
2024-05-23,67.62,68.78,67.47,67.97,3513300,69.374,70.145,71.902,34.717,-0.693,-0.537,-0.156,70.145,72.488,67.802
2024-05-24,68.18,68.29,67.28,68.04,2249300,68.822,69.953,71.78,35.26,-0.781,-0.586,-0.195,69.953,72.324,67.581
2024-05-28,68.23,68.63,67.29,67.6,4072200,68.34,69.731,71.631,33.382,-0.876,-0.644,-0.232,69.731,72.113,67.349
2024-05-29,67.33,67.99,66.64,66.66,4139300,67.622,69.598,71.469,29.737,-1.016,-0.718,-0.297,69.598,72.346,66.85
2024-05-30,66.89,67.09,66.71,66.83,2767600,67.42,69.532,71.298,31.2,-1.1,-0.795,-0.305,69.532,72.482,66.583
2024-05-31,66.75,67.95,66.46,67.92,6278700,67.41,69.465,71.152,39.848,-1.066,-0.849,-0.217,69.465,72.501,66.43
2024-06-03,67.61,68.58,67.47,68.27,2807000,67.456,69.364,71.004,42.354,-1.0,-0.879,-0.121,69.364,72.418,66.311
2024-06-04,68.14,68.49,67.65,67.81,2917800,67.498,69.235,70.847,39.996,-0.973,-0.898,-0.075,69.235,72.323,66.147
2024-06-05,67.83,68.18,67.14,67.38,3224400,67.642,69.068,70.696,37.873,-0.976,-0.914,-0.062,69.068,72.181,65.956
2024-06-06,67.35,67.98,67.09,67.77,2750300,67.83,68.977,70.551,40.935,-0.935,-0.918,-0.017,68.977,72.131,65.823
2024-06-07,67.68,68.08,67.53,67.77,2223000,67.8,68.86,70.388,40.935,-0.893,-0.913,0.02,68.86,72.012,65.709
2024-06-10,67.54,67.74,67.06,67.39,2313900,67.624,68.678,70.23,38.776,-0.88,-0.906,0.026,68.678,71.717,65.638
2024-06-11,67.13,67.39,66.83,66.9,2574600,67.442,68.498,70.075,36.129,-0.899,-0.905,0.006,68.498,71.512,65.485
2024-06-12,67.14,67.48,66.3,66.35,2582000,67.236,68.276,69.911,33.375,-0.947,-0.913,-0.034,68.276,71.233,65.32
2024-06-13,66.3,66.58,65.42,66.26,2449600,66.934,68.046,69.754,32.932,-0.981,-0.927,-0.055,68.046,70.87,65.223
2024-06-14,65.98,66.16,65.5,65.94,2201500,66.568,67.788,69.645,31.342,-1.023,-0.946,-0.077,67.788,70.366,65.21
2024-06-17,65.96,68.34,65.95,68.03,3777200,66.696,67.65,69.575,48.752,-0.877,-0.932,0.056,67.65,69.81,65.489
2024-06-18,68.3,68.64,67.66,67.79,4875600,66.874,67.538,69.499,47.27,-0.771,-0.9,0.129,67.538,69.396,65.681
2024-06-20,67.79,68.58,67.71,67.86,5447700,67.176,67.419,69.41,47.769,-0.674,-0.855,0.18,67.419,68.784,66.054
2024-06-21,68.11,68.73,67.69,68.42,8655300,67.608,67.448,69.343,51.705,-0.546,-0.793,0.247,67.448,68.874,66.022
2024-06-24,68.26,69.67,68.26,69.56,4613900,68.332,67.528,69.306,58.553,-0.349,-0.704,0.356,67.528,69.227,65.828
2024-06-25,69.45,69.88,69.21,69.45,4569200,68.616,67.598,69.291,57.703,-0.199,-0.603,0.405,67.598,69.493,65.703
2024-06-26,69.21,69.36,67.29,67.42,3583200,68.542,67.589,69.228,44.78,-0.241,-0.531,0.29,67.589,69.485,65.693
2024-06-27,67.35,67.79,67.16,67.6,2393200,68.49,67.636,69.166,45.936,-0.257,-0.476,0.219,67.636,69.481,65.791
2024-06-28,67.59,67.78,66.28,66.59,15189200,68.124,67.624,69.09,40.777,-0.347,-0.45,0.103,67.624,69.494,65.754
2024-07-01,66.9,67.04,65.05,65.18,2456100,67.248,67.487,68.983,34.887,-0.526,-0.465,-0.061,67.487,69.645,65.329
2024-07-02,65.22,65.9,64.8,65.84,2540000,66.526,67.366,68.868,39.306,-0.607,-0.494,-0.114,67.366,69.61,65.121
2024-07-03,65.62,66.1,65.34,65.34,1781900,66.11,67.242,68.733,37.244,-0.704,-0.536,-0.169,67.242,69.649,64.835
2024-07-05,65.35,65.64,64.93,65.54,2308700,65.698,67.15,68.608,38.631,-0.756,-0.58,-0.177,67.15,69.673,64.627
2024-07-08,65.77,66.12,65.07,65.45,1673300,65.47,67.034,68.475,38.222,-0.796,-0.623,-0.173,67.034,69.649,64.419
2024-07-09,65.4,65.57,64.95,64.98,2050400,65.43,66.894,68.337,36.072,-0.855,-0.669,-0.185,66.894,69.638,64.151
2024-07-10,65.22,65.55,64.86,65.43,2314700,65.348,66.797,68.208,39.576,-0.856,-0.707,-0.149,66.797,69.605,63.988
2024-07-11,65.55,67.63,65.53,67.36,3187500,65.752,66.82,68.114,51.785,-0.693,-0.704,0.011,66.82,69.639,64.0
2024-07-12,67.65,68.03,67.38,67.81,1854700,66.206,66.893,68.084,54.113,-0.521,-0.667,0.146,66.893,69.737,64.048
2024-07-15,67.38,67.99,67.23,67.46,1930400,66.608,66.953,68.07,52.009,-0.408,-0.616,0.207,66.953,69.791,64.114
2024-07-16,67.54,68.66,67.07,68.62,2685300,67.336,67.086,68.058,57.856,-0.223,-0.537,0.314,67.086,69.976,64.197
2024-07-17,68.39,70.69,68.32,70.52,3012800,68.354,67.211,68.062,65.311,0.076,-0.414,0.491,67.211,70.464,63.958
2024-07-18,69.9,71.11,69.82,69.87,1993900,68.856,67.315,68.052,61.315,0.258,-0.28,0.538,67.315,70.772,63.858
2024-07-19,70.25,70.25,69.06,69.17,2038500,69.128,67.38,68.021,57.253,0.341,-0.156,0.497,67.38,70.93,63.831
2024-07-22,69.06,69.44,68.6,69.17,2320600,69.47,67.418,68.012,57.253,0.403,-0.044,0.447,67.418,71.029,63.807
2024-07-23,69.24,69.32,68.66,68.76,2028300,69.498,67.378,67.985,54.787,0.414,0.048,0.366,67.378,70.906,63.85
2024-07-24,68.4,68.4,66.17,66.9,4224200,68.774,67.25,67.902,45.263,0.27,0.092,0.178,67.25,70.645,63.856
2024-07-25,66.9,68.25,66.9,67.76,3329000,68.352,67.268,67.848,49.623,0.222,0.118,0.104,67.268,70.668,63.867
2024-07-26,68.12,69.08,67.84,68.45,3196600,68.208,67.31,67.801,52.868,0.237,0.142,0.095,67.31,70.75,63.87
2024-07-29,67.59,69.08,67.18,68.83,3777900,68.14,67.422,67.761,54.602,0.277,0.169,0.108,67.422,70.908,63.936
2024-07-30,70.23,72.4,68.35,71.82,6630900,68.752,67.754,67.775,65.391,0.543,0.244,0.299,67.754,71.589,63.919
2024-07-31,72.02,72.29,71.12,72.02,6846700,69.776,68.063,67.799,65.973,0.761,0.347,0.414,68.063,72.23,63.896
2024-08-01,72.34,72.81,71.03,71.23,2609000,70.47,68.358,67.824,61.565,0.861,0.45,0.411,68.358,72.547,64.168
2024-08-02,71.46,72.13,70.68,72.08,3313100,71.196,68.684,67.86,64.327,0.997,0.559,0.437,68.684,72.967,64.402
2024-08-05,71.65,72.58,69.6,70.11,4128400,71.452,68.918,67.906,54.545,0.935,0.634,0.3,68.918,72.96,64.875
2024-08-06,70.31,71.66,70.04,70.65,2727000,71.218,69.201,67.959,56.498,0.918,0.691,0.227,69.201,72.857,65.545
2024-08-07,71.17,71.84,70.66,70.7,3170300,70.954,69.464,68.012,56.683,0.899,0.733,0.167,69.464,72.714,66.215
2024-08-08,70.76,71.86,70.76,70.99,2672700,70.906,69.646,68.08,57.807,0.897,0.766,0.132,69.646,72.804,66.488
2024-08-09,70.81,71.28,70.29,71.06,2258800,70.702,69.809,68.168,58.09,0.891,0.791,0.1,69.809,72.903,66.714
2024-08-12,71.04,71.26,70.38,70.69,1657100,70.818,69.97,68.245,55.956,0.846,0.802,0.044,69.97,72.88,67.06
2024-08-13,70.8,70.93,69.95,70.82,2023700,70.852,70.08,68.303,56.56,0.812,0.804,0.008,70.08,72.941,67.219
2024-08-14,71.03,71.84,70.85,71.42,3134300,70.996,70.125,68.366,59.331,0.824,0.808,0.016,70.125,73.043,67.207
2024-08-15,71.88,72.08,70.56,71.18,2768200,71.034,70.19,68.434,57.744,0.805,0.807,-0.003,70.19,73.143,67.238
2024-08-16,71.28,71.97,70.87,71.94,2197200,71.21,70.329,68.525,61.277,0.841,0.814,0.027,70.329,73.339,67.319
2024-08-19,71.87,72.38,71.73,72.26,2028200,71.524,70.484,68.615,62.691,0.885,0.828,0.057,70.484,73.56,67.407
2024-08-20,72.19,72.54,71.86,71.92,1409500,71.744,70.642,68.698,60.176,0.883,0.839,0.044,70.642,73.669,67.614
2024-08-21,72.35,72.61,71.99,72.47,1774500,71.954,70.92,68.799,62.778,0.915,0.854,0.061,70.92,73.489,68.351
2024-08-22,72.52,73.0,72.1,72.89,1808800,72.296,71.176,68.919,64.675,0.963,0.876,0.087,71.176,73.42,68.933
2024-08-23,73.09,73.13,72.26,72.5,2004900,72.408,71.379,69.042,61.538,0.958,0.892,0.066,71.379,73.294,69.464
2024-08-26,72.85,73.05,72.18,72.34,2246500,72.424,71.554,69.164,60.247,0.931,0.9,0.031,71.554,73.092,70.017
2024-08-27,72.36,72.37,71.56,71.6,2861800,72.36,71.544,69.277,54.547,0.84,0.888,-0.048,71.544,73.076,70.011
2024-08-28,71.6,72.39,71.44,72.04,2519200,72.274,71.544,69.357,57.143,0.795,0.87,-0.075,71.544,73.078,70.011
2024-08-29,72.01,73.16,71.69,72.85,2882700,72.266,71.626,69.458,61.503,0.815,0.859,-0.044,71.626,73.257,69.994
2024-08-30,73.21,73.44,72.83,73.26,2346500,72.418,71.684,69.566,63.525,0.853,0.858,-0.004,71.684,73.464,69.905
2024-09-03,73.21,74.22,73.13,73.54,2379100,72.658,71.856,69.669,64.882,0.896,0.865,0.031,71.856,73.658,70.054
2024-09-04,73.4,74.22,73.22,73.98,2330300,73.134,72.022,69.757,66.962,0.955,0.883,0.072,72.022,73.965,70.08
2024-09-05,74.34,74.5,73.1,74.21,4558200,73.568,72.198,69.852,68.028,1.009,0.908,0.1,72.198,74.267,70.129
2024-09-06,74.23,74.84,73.67,73.83,2155000,73.764,72.34,69.981,64.335,1.009,0.928,0.08,72.34,74.45,70.23
2024-09-09,73.79,74.34,73.64,73.67,2783100,73.846,72.47,70.102,62.789,0.984,0.94,0.045,72.47,74.57,70.371
2024-09-10,73.74,74.18,73.32,73.76,2783300,73.89,72.624,70.245,63.323,0.961,0.944,0.017,72.624,74.622,70.626
2024-09-11,73.31,73.56,71.6,71.61,4125100,73.416,72.664,70.374,46.252,0.761,0.907,-0.146,72.664,74.538,70.789
2024-09-12,71.62,72.34,71.21,72.32,3308100,73.038,72.708,70.504,50.954,0.652,0.856,-0.204,72.708,74.499,70.918
2024-09-13,72.16,72.55,71.31,71.9,3384500,72.652,72.744,70.635,48.264,0.525,0.79,-0.265,72.744,74.431,71.058
2024-09-16,72.34,73.25,72.26,72.46,4535600,72.41,72.77,70.773,51.91,0.465,0.725,-0.26,72.77,74.421,71.12
2024-09-17,72.08,73.56,72.04,73.08,3056300,72.274,72.812,70.926,55.637,0.462,0.672,-0.211,72.812,74.449,71.174
2024-09-18,73.09,73.85,69.84,70.04,6904000,71.96,72.718,71.027,39.48,0.212,0.58,-0.369,72.718,74.741,70.694
2024-09-19,70.45,70.67,69.24,69.66,5793400,71.428,72.577,71.112,37.995,-0.017,0.461,-0.478,72.577,75.02,70.134
2024-09-20,69.82,70.93,69.37,70.65,10651600,71.178,72.465,71.177,43.915,-0.117,0.345,-0.462,72.465,75.049,69.881
2024-09-23,70.52,71.76,70.09,71.58,4741200,71.002,72.419,71.253,48.855,-0.12,0.252,-0.372,72.419,75.033,69.805
2024-09-24,71.67,71.95,70.91,71.79,4512900,70.744,72.392,71.339,49.927,-0.104,0.181,-0.285,72.392,75.02,69.763
2024-09-25,72.24,72.42,71.59,72.12,3701100,71.16,72.417,71.409,51.643,-0.064,0.132,-0.196,72.417,75.023,69.812
2024-09-26,72.16,73.41,72.09,73.25,2950400,71.878,72.478,71.464,57.069,0.058,0.117,-0.059,72.478,75.103,69.853
2024-09-27,73.44,73.78,72.13,72.97,4084000,72.342,72.484,71.526,55.41,0.131,0.12,0.011,72.484,75.113,69.855
2024-09-30,73.26,73.65,72.41,73.34,3355400,72.694,72.488,71.609,57.181,0.216,0.139,0.077,72.488,75.122,69.854
2024-10-01,73.29,73.85,72.6,73.04,4126300,72.944,72.463,71.687,55.264,0.256,0.162,0.094,72.463,75.065,69.861
2024-10-02,72.59,73.26,72.43,72.71,2664200,73.062,72.4,71.766,53.153,0.258,0.181,0.077,72.4,74.905,69.894
2024-10-03,72.55,72.94,71.47,71.54,3056700,72.72,72.266,71.859,46.388,0.164,0.178,-0.014,72.266,74.647,69.885
2024-10-04,71.86,72.2,71.17,71.33,2791800,72.392,72.141,71.93,45.274,0.071,0.156,-0.086,72.141,74.438,69.844
2024-10-07,71.23,71.36,70.47,70.69,2508500,71.862,71.992,71.975,41.967,-0.054,0.114,-0.168,71.992,74.257,69.727
2024-10-08,70.73,71.33,70.03,71.25,1628300,71.504,71.866,72.023,45.704,-0.106,0.07,-0.176,71.866,73.993,69.74
2024-10-09,71.28,71.44,70.4,70.58,2976600,71.078,71.815,71.998,42.202,-0.199,0.017,-0.215,71.815,74.016,69.614
2024-10-10,70.51,70.58,69.4,69.81,2946400,70.732,71.69,71.954,38.547,-0.331,-0.053,-0.278,71.69,74.05,69.329
2024-10-11,69.82,70.83,69.64,70.4,4012000,70.546,71.614,71.938,42.646,-0.384,-0.119,-0.265,71.614,74.041,69.188
2024-10-14,70.5,71.65,70.12,71.15,2743500,70.638,71.549,71.919,47.446,-0.361,-0.167,-0.193,71.549,73.95,69.148
2024-10-15,71.54,72.4,71.38,71.47,3757000,70.682,71.468,71.946,49.391,-0.313,-0.197,-0.117,71.468,73.759,69.178
2024-10-16,71.0,72.04,70.97,71.67,4676400,70.9,71.55,71.967,50.622,-0.256,-0.209,-0.048,71.55,73.74,69.36
2024-10-17,71.78,71.78,71.04,71.3,1889000,71.198,71.632,71.979,48.283,-0.239,-0.215,-0.024,71.632,73.64,69.624
2024-10-18,71.63,71.71,71.1,71.45,3048200,71.408,71.672,71.988,49.306,-0.21,-0.214,0.004,71.672,73.629,69.715
2024-10-21,71.31,71.88,70.6,70.67,2437700,71.312,71.626,71.98,44.39,-0.247,-0.22,-0.027,71.626,73.634,69.619
2024-10-22,70.68,70.91,70.28,70.73,1917500,71.164,71.574,71.981,44.846,-0.269,-0.23,-0.039,71.574,73.618,69.529
2024-10-23,70.47,70.76,70.14,70.59,2148100,70.948,71.497,71.976,43.941,-0.294,-0.243,-0.051,71.497,73.57,69.424
2024-10-24,70.47,70.59,68.74,70.36,3539900,70.76,71.352,71.955,42.427,-0.328,-0.26,-0.069,71.352,73.311,69.394
2024-10-25,70.5,70.75,69.79,69.92,2512500,70.454,71.2,71.93,39.616,-0.387,-0.285,-0.102,71.2,73.102,69.298
2024-10-28,70.41,71.31,70.26,71.04,3446500,70.528,71.085,71.912,48.899,-0.339,-0.296,-0.043,71.085,72.698,69.472
2024-10-29,69.8,71.43,68.57,70.16,5900200,70.414,70.941,71.87,43.27,-0.368,-0.31,-0.057,70.941,72.316,69.566
2024-10-30,69.87,70.84,69.24,70.23,4986600,70.342,70.817,71.836,43.824,-0.381,-0.324,-0.056,70.817,71.946,69.688
2024-10-31,70.4,71.28,70.15,70.9,3574000,70.45,70.785,71.805,48.961,-0.333,-0.326,-0.007,70.785,71.863,69.707
2024-11-01,71.04,71.37,70.7,70.97,2640700,70.66,70.767,71.766,49.481,-0.286,-0.318,0.032,70.767,71.818,69.716
2024-11-04,70.84,71.54,70.84,71.29,3185300,70.71,70.797,71.742,51.893,-0.221,-0.299,0.078,70.797,71.873,69.721
2024-11-05,71.11,72.22,71.1,72.22,2016100,71.122,70.846,71.74,58.147,-0.093,-0.257,0.165,70.846,72.083,69.608
2024-11-06,72.68,74.07,71.98,72.85,6023800,71.646,70.959,71.765,61.773,0.059,-0.194,0.253,70.959,72.478,69.44
2024-11-07,73.04,73.34,72.25,72.71,2623900,72.008,71.104,71.778,60.518,0.166,-0.122,0.288,71.104,72.712,69.496
2024-11-08,72.62,73.89,72.62,73.2,2237200,72.454,71.244,71.785,63.326,0.287,-0.04,0.327,71.244,73.067,69.421
2024-11-11,73.31,74.36,73.16,73.73,2175000,72.942,71.373,71.794,66.131,0.421,0.052,0.369,71.373,73.507,69.239
2024-11-12,73.57,74.1,73.07,73.11,2363300,73.12,71.455,71.786,60.318,0.471,0.136,0.335,71.455,73.726,69.184
2024-11-13,73.12,73.21,71.65,72.51,2571600,73.052,71.497,71.756,55.257,0.458,0.2,0.257,71.497,73.816,69.178
2024-11-14,72.66,72.93,70.78,70.91,2841600,72.692,71.478,71.69,44.526,0.314,0.223,0.091,71.478,73.81,69.145
2024-11-15,70.92,71.51,70.66,70.9,2636600,72.232,71.45,71.632,44.468,0.197,0.218,-0.021,71.45,73.796,69.104
2024-11-18,71.01,71.78,70.32,71.66,2877300,71.818,71.5,71.592,49.828,0.164,0.207,-0.043,71.5,73.818,69.181
2024-11-19,71.15,71.38,70.29,70.38,2850900,71.272,71.482,71.524,42.404,0.034,0.173,-0.138,71.482,73.83,69.134
2024-11-20,70.16,70.25,69.35,69.65,2724600,70.7,71.435,71.485,38.849,-0.126,0.113,-0.239,71.435,73.893,68.977
2024-11-21,70.13,71.28,69.68,71.02,3309700,70.722,71.468,71.459,47.709,-0.141,0.062,-0.203,71.468,73.883,69.053
2024-11-22,71.52,72.04,71.14,71.69,2472100,70.88,71.556,71.455,51.417,-0.098,0.03,-0.128,71.556,73.86,69.253
2024-11-25,72.25,73.25,71.91,72.72,2985800,71.092,71.64,71.46,56.52,0.019,0.028,-0.009,71.64,73.987,69.294
2024-11-26,72.79,72.92,72.05,72.26,2710200,71.468,71.746,71.443,53.802,0.074,0.037,0.037,71.746,73.999,69.492
2024-11-27,72.65,73.18,72.45,72.5,1672600,72.038,71.859,71.493,55.018,0.136,0.057,0.079,71.859,74.017,69.701
2024-11-29,72.21,72.96,72.11,72.94,1533400,72.422,71.961,71.558,57.239,0.217,0.089,0.128,71.961,74.121,69.801
2024-12-02,72.5,72.5,71.48,72.15,2240900,72.514,72.02,71.588,52.25,0.216,0.114,0.101,72.02,74.13,69.91
2024-12-03,72.42,75.28,72.21,75.19,4943100,73.008,72.215,71.66,64.921,0.454,0.182,0.272,72.215,74.724,69.706
2024-12-04,74.88,76.09,74.76,76.02,3777400,73.76,72.405,71.745,67.46,0.703,0.286,0.416,72.405,75.437,69.373
2024-12-05,75.88,77.36,75.53,77.35,5859500,74.73,72.63,71.85,71.073,0.995,0.428,0.567,72.63,76.383,68.877
2024-12-06,77.55,77.78,76.14,76.36,4833300,75.414,72.812,71.912,65.264,1.134,0.569,0.565,72.812,76.92,68.705
2024-12-09,76.18,77.3,75.93,76.69,4357700,76.322,72.987,71.986,66.254,1.256,0.707,0.55,72.987,77.446,68.528
2024-12-10,76.57,76.9,75.77,76.45,3695500,76.574,73.123,72.048,64.807,1.318,0.829,0.489,73.123,77.836,68.41
2024-12-11,76.7,76.86,75.89,76.0,2101100,76.57,73.268,72.108,62.07,1.316,0.926,0.39,73.268,78.153,68.382
2024-12-12,76.16,76.33,73.16,75.45,1817300,76.19,73.414,72.162,58.802,1.256,0.992,0.263,73.414,78.38,68.449
2024-12-13,75.7,75.88,74.95,75.64,2509100,76.046,73.651,72.244,59.593,1.209,1.036,0.173,73.651,78.564,68.738
2024-12-16,75.62,76.18,74.96,74.96,1976400,75.7,73.854,72.317,55.485,1.105,1.05,0.055,73.854,78.622,69.086
2024-12-17,74.56,75.0,73.67,73.81,3239300,75.172,73.962,72.379,49.294,0.918,1.023,-0.105,73.962,78.617,69.306
2024-12-18,73.72,74.41,72.77,72.91,3057900,74.554,74.088,72.413,45.058,0.69,0.957,-0.266,74.088,78.463,69.713
2024-12-19,72.68,73.37,72.28,72.41,2551100,73.946,74.226,72.449,42.854,0.464,0.858,-0.394,74.226,78.164,70.288
2024-12-20,72.17,73.09,71.73,72.81,7354000,73.38,74.316,72.509,45.165,0.313,0.749,-0.436,74.316,78.021,70.61
2024-12-23,72.44,72.88,71.72,72.73,2545500,72.934,74.367,72.556,44.775,0.185,0.636,-0.451,74.367,77.945,70.79
2024-12-24,72.68,73.37,72.42,73.34,903300,72.84,74.398,72.6,48.43,0.131,0.535,-0.404,74.398,77.926,70.871
2024-12-26,72.9,73.24,72.68,73.13,1199700,72.884,74.442,72.633,47.27,0.071,0.442,-0.372,74.442,77.879,71.005
2024-12-27,72.63,73.38,72.44,72.79,1279300,72.96,74.456,72.655,45.375,-0.005,0.353,-0.358,74.456,77.861,71.052
2024-12-30,72.54,72.54,71.59,72.23,1604600,72.844,74.421,72.674,42.363,-0.108,0.261,-0.369,74.421,77.906,70.936
2024-12-31,72.31,72.78,72.09,72.33,1133800,72.764,74.43,72.691,43.089,-0.18,0.172,-0.353,74.43,77.891,70.969
2025-01-02,72.71,72.91,71.55,71.62,1643800,72.42,74.252,72.71,39.301,-0.291,0.08,-0.371,74.252,77.91,70.593
2025-01-03,71.7,72.0,70.94,71.83,1727200,72.16,74.042,72.732,40.954,-0.358,-0.008,-0.35,74.042,77.754,70.33
2025-01-06,72.06,72.11,71.07,71.18,1690700,71.838,73.734,72.744,37.545,-0.458,-0.098,-0.36,73.734,77.311,70.156
2025-01-07,71.43,72.05,70.83,71.0,1885300,71.592,73.465,72.757,36.636,-0.546,-0.187,-0.358,73.465,77.017,69.914
2025-01-08,70.77,71.31,70.14,71.28,1976400,71.382,73.195,72.784,39.107,-0.586,-0.267,-0.319,73.195,76.53,69.86
2025-01-10,70.92,71.24,69.96,70.08,2460200,71.074,72.876,72.765,33.141,-0.706,-0.355,-0.351,72.876,76.118,69.635
2025-01-13,70.25,70.61,69.9,70.2,2537000,70.748,72.586,72.766,34.222,-0.783,-0.441,-0.342,72.586,75.686,69.487
2025-01-14,70.63,70.76,69.74,70.42,2306200,70.596,72.335,72.77,36.256,-0.817,-0.516,-0.301,72.335,75.268,69.402
2025-01-15,71.09,71.48,70.43,70.47,2853900,70.49,72.076,72.761,36.735,-0.83,-0.579,-0.251,72.076,74.676,69.477
2025-01-16,70.5,70.93,69.16,69.73,3015300,70.18,71.815,72.736,32.807,-0.89,-0.641,-0.249,71.815,74.239,69.391
2025-01-17,70.03,70.57,69.47,69.59,3555600,70.082,71.604,72.702,32.108,-0.938,-0.7,-0.237,71.604,74.032,69.176
2025-01-21,69.63,70.44,69.34,69.99,3298700,70.04,71.458,72.658,36.287,-0.932,-0.747,-0.186,71.458,73.906,69.01
2025-01-22,69.73,70.4,69.57,69.92,3525500,69.94,71.334,72.599,35.871,-0.923,-0.782,-0.141,71.334,73.831,68.836
2025-01-23,69.65,70.52,69.65,70.19,3461600,69.884,71.203,72.549,38.787,-0.884,-0.802,-0.082,71.203,73.648,68.757
2025-01-24,69.75,71.33,69.74,71.21,3675300,70.18,71.126,72.509,48.344,-0.762,-0.794,0.032,71.126,73.464,68.789
2025-01-27,71.89,73.36,71.59,73.2,4931000,70.902,71.119,72.498,61.103,-0.499,-0.735,0.236,71.119,73.43,68.809
2025-01-28,70.28,71.0,68.11,68.83,9594900,70.67,70.905,72.413,38.572,-0.636,-0.715,0.08,70.905,73.227,68.582
2025-01-29,69.32,69.81,68.43,68.49,7762100,70.384,70.69,72.332,37.416,-0.763,-0.725,-0.038,70.69,73.073,68.306
2025-01-30,68.76,69.99,68.25,69.84,5146200,70.314,70.57,72.311,44.525,-0.746,-0.729,-0.017,70.57,72.866,68.274
2025-01-31,69.47,70.09,68.95,69.44,4673400,69.96,70.426,72.282,42.968,-0.756,-0.735,-0.022,70.426,72.617,68.234
2025-02-03,68.87,69.88,68.49,68.86,3914800,69.092,70.288,72.226,40.742,-0.802,-0.748,-0.054,70.288,72.509,68.066
2025-02-04,68.68,68.71,67.23,68.0,5480000,68.926,70.096,72.178,37.63,-0.897,-0.778,-0.119,70.096,72.416,67.776
2025-02-05,68.06,68.19,67.2,68.0,4047600,68.828,69.937,72.145,37.63,-0.962,-0.815,-0.147,69.937,72.377,67.497
2025-02-06,68.54,68.66,67.55,67.86,2303200,68.432,69.78,72.082,37.095,-1.012,-0.854,-0.158,69.78,72.333,67.227
2025-02-07,67.85,68.21,67.51,67.73,3078300,68.09,69.602,72.003,36.575,-1.051,-0.893,-0.157,69.602,72.21,66.995
2025-02-10,67.8,67.92,66.61,66.85,3778900,67.688,69.441,71.885,33.184,-1.139,-0.943,-0.197,69.441,72.311,66.571
2025-02-11,66.67,67.4,66.65,67.18,2205800,67.524,69.29,71.784,35.596,-1.169,-0.988,-0.181,69.29,72.306,66.274
2025-02-12,66.65,67.31,66.6,66.86,2549900,67.296,69.112,71.671,34.303,-1.205,-1.031,-0.173,69.112,72.264,65.96
2025-02-13,67.19,68.47,66.59,68.44,3086100,67.412,69.011,71.581,44.937,-1.093,-1.044,-0.049,69.011,72.109,65.912
2025-02-14,68.33,68.83,67.6,67.71,2542000,67.408,68.91,71.492,41.587,-1.051,-1.045,-0.006,68.91,72.04,65.779
2025-02-18,67.63,67.98,66.45,66.66,5046300,67.37,68.763,71.321,37.283,-1.09,-1.054,-0.036,68.763,72.031,65.495
2025-02-19,67.06,67.65,66.71,67.32,6876000,67.398,68.63,71.147,41.389,-1.056,-1.054,-0.001,68.63,71.905,65.354
2025-02-20,67.16,67.85,67.08,67.83,6024500,67.592,68.525,70.957,44.418,-0.976,-1.039,0.063,68.525,71.76,65.29
2025-02-21,67.72,69.88,67.62,69.73,5381500,67.85,68.502,70.824,53.962,-0.751,-0.981,0.23,68.502,71.693,65.311
2025-02-24,69.65,70.61,69.39,70.14,2833400,68.336,68.448,70.693,55.729,-0.533,-0.891,0.358,68.448,71.481,65.416
2025-02-25,70.28,71.02,70.01,70.89,4436600,69.182,68.333,70.582,58.84,-0.297,-0.773,0.476,68.333,70.708,65.958
2025-02-26,71.18,71.18,70.16,70.69,2823900,69.856,68.426,70.476,57.676,-0.124,-0.643,0.519,68.426,71.018,65.834
2025-02-27,70.56,71.53,70.42,71.16,2390700,70.522,68.56,70.39,59.694,0.05,-0.504,0.554,68.56,71.426,65.693
2025-02-28,71.64,72.43,71.23,71.94,6466000,70.964,68.664,70.316,62.859,0.248,-0.354,0.602,68.664,71.863,65.466
2025-03-03,72.09,72.9,71.78,72.08,3373800,71.352,68.796,70.259,63.414,0.412,-0.201,0.613,68.796,72.33,65.263
2025-03-04,72.24,73.68,71.26,71.35,5317700,71.444,68.921,70.209,58.503,0.477,-0.065,0.542,68.921,72.635,65.207
2025-03-05,71.1,72.03,70.6,70.89,3359400,71.484,69.066,70.169,55.581,0.486,0.045,0.441,69.066,72.853,65.278
2025-03-06,70.36,71.9,70.36,71.51,3498500,71.554,69.241,70.151,58.583,0.537,0.144,0.393,69.241,73.144,65.338
2025-03-07,71.19,73.27,70.81,72.9,5424500,71.746,69.493,70.153,64.393,0.682,0.251,0.431,69.493,73.662,65.324
2025-03-10,73.22,75.06,72.75,73.45,3913300,72.02,69.779,70.167,66.402,0.831,0.367,0.464,69.779,74.215,65.343
2025-03-11,73.22,73.3,70.77,70.97,3736900,71.944,69.985,70.12,52.125,0.741,0.442,0.299,69.985,74.227,65.743
2025-03-12,70.26,70.77,69.55,70.13,2691700,71.792,70.133,70.06,48.334,0.595,0.473,0.122,70.133,74.164,66.101
2025-03-13,70.31,70.31,68.99,69.2,2656900,71.33,70.25,69.988,44.477,0.399,0.458,-0.059,70.25,74.007,66.492
2025-03-14,69.01,69.88,68.61,69.78,2075800,70.706,70.316,69.939,47.301,0.288,0.424,-0.136,70.316,73.985,66.648
2025-03-17,69.85,71.45,69.61,71.17,2206500,70.25,70.489,69.916,53.417,0.308,0.401,-0.093,70.489,73.962,67.017
2025-03-18,70.93,71.51,70.7,70.82,1950600,70.22,70.698,69.9,51.787,0.293,0.379,-0.086,70.698,73.666,67.729
2025-03-19,70.25,70.8,67.84,68.94,5902600,69.982,70.779,69.842,44.019,0.127,0.329,-0.202,70.779,73.43,68.127
2025-03-20,68.81,68.88,67.51,67.8,5122400,69.702,70.777,69.774,40.092,-0.095,0.244,-0.339,70.777,73.436,68.118
2025-03-21,67.58,67.9,66.9,67.72,4898000,69.29,70.676,69.709,39.823,-0.274,0.141,-0.414,70.676,73.637,67.716
2025-03-24,67.88,68.42,67.77,68.03,2659100,68.662,70.571,69.644,41.459,-0.387,0.035,-0.422,70.571,73.754,67.388
2025-03-25,67.55,67.86,66.66,67.03,3403200,67.904,70.378,69.583,37.881,-0.55,-0.082,-0.468,70.378,73.927,66.829
2025-03-26,67.66,69.33,67.43,69.28,3190800,67.972,70.307,69.564,48.624,-0.493,-0.164,-0.328,70.307,73.886,66.729
2025-03-27,69.67,70.6,69.28,70.51,2689200,68.514,70.275,69.566,53.372,-0.344,-0.2,-0.144,70.275,73.832,66.718
2025-03-28,70.76,70.81,70.1,70.57,2140500,69.084,70.206,69.568,53.597,-0.218,-0.204,-0.015,70.206,73.681,66.732
2025-03-31,70.79,71.72,70.77,71.46,3351700,69.77,70.176,69.603,56.922,-0.047,-0.172,0.126,70.176,73.59,66.761
2025-04-01,71.63,71.97,71.05,71.83,2482400,70.73,70.199,69.648,58.26,0.118,-0.114,0.232,70.199,73.655,66.744
2025-04-02,71.91,72.26,71.24,71.71,3069600,71.216,70.24,69.682,57.635,0.236,-0.044,0.28,70.24,73.75,66.731
2025-04-03,71.87,72.61,71.37,71.82,5029600,71.478,70.256,69.72,58.079,0.334,0.031,0.303,70.256,73.791,66.721
2025-04-04,71.59,71.66,68.33,68.5,5117200,71.064,70.036,69.686,43.312,0.143,0.054,0.089,70.036,73.423,66.649
2025-04-07,67.48,68.19,65.82,66.6,4539300,70.092,69.694,69.594,37.445,-0.16,0.011,-0.171,69.694,73.012,66.375
2025-04-08,68.18,68.18,64.61,65.2,4452500,68.766,69.405,69.434,33.81,-0.508,-0.093,-0.415,69.405,73.222,65.588
2025-04-09,64.85,68.4,64.36,68.14,5273300,68.052,69.306,69.42,45.724,-0.539,-0.182,-0.357,69.306,73.146,65.465
2025-04-10,67.65,67.95,65.44,66.81,4374900,67.05,69.186,69.387,42.038,-0.664,-0.279,-0.386,69.186,73.186,65.186
2025-04-11,67.05,68.11,66.4,67.53,2453200,66.856,69.074,69.34,44.64,-0.697,-0.362,-0.335,69.074,73.13,65.017
2025-04-14,67.84,69.03,67.47,68.88,2469600,67.312,68.959,69.329,49.241,-0.607,-0.411,-0.196,68.959,72.893,65.025
2025-04-15,68.57,69.32,68.28,68.34,2322700,67.94,68.835,69.319,47.539,-0.573,-0.444,-0.129,68.835,72.678,64.992
2025-04-16,68.74,68.95,67.49,67.78,2478900,67.868,68.777,69.314,45.772,-0.584,-0.472,-0.113,68.777,72.648,64.906
2025-04-17,67.96,69.52,67.96,68.79,2762500,68.264,68.826,69.33,49.424,-0.506,-0.479,-0.027,68.826,72.67,64.983
2025-04-21,68.78,68.85,67.87,68.5,2198400,68.458,68.866,69.343,48.416,-0.462,-0.475,0.013,68.866,72.677,65.054
2025-04-22,69.01,70.49,68.94,70.27,3340300,68.736,68.977,69.394,54.513,-0.281,-0.436,0.155,68.977,72.818,65.137
2025-04-23,70.47,71.25,69.3,69.89,4577700,69.046,69.12,69.455,53.063,-0.166,-0.382,0.216,69.12,72.867,65.374
2025-04-24,69.47,70.12,69.09,69.55,2649200,69.4,69.134,69.502,51.737,-0.102,-0.326,0.225,69.134,72.885,65.383
2025-04-25,68.99,69.46,67.54,68.01,3720500,69.244,69.009,69.525,46.115,-0.173,-0.296,0.123,69.009,72.733,65.285
2025-04-28,67.91,68.55,67.13,67.52,5022700,69.048,68.857,69.507,44.459,-0.266,-0.29,0.024,68.857,72.561,65.152
2025-04-29,65.55,68.27,65.2,67.35,5940200,68.464,68.651,69.499,43.871,-0.349,-0.301,-0.047,68.651,72.201,65.101
2025-04-30,67.71,68.6,66.74,68.46,4730600,68.178,68.482,69.535,48.65,-0.321,-0.305,-0.016,68.482,71.701,65.264
2025-05-01,67.92,68.11,67.17,67.26,2919900,67.72,68.26,69.534,44.262,-0.392,-0.323,-0.069,68.26,71.136,65.384
2025-05-02,67.95,68.47,67.37,67.84,2512100,67.686,68.061,69.534,46.762,-0.397,-0.338,-0.059,68.061,70.401,65.721
2025-05-05,67.83,68.03,67.2,67.72,2542900,67.726,68.022,69.494,46.299,-0.405,-0.351,-0.054,68.022,70.357,65.687
2025-05-06,67.35,67.64,66.87,67.13,2801900,67.682,68.048,69.434,43.995,-0.455,-0.372,-0.083,68.048,70.327,65.77
2025-05-07,67.05,68.06,67.05,67.61,2462500,67.512,68.169,69.368,46.335,-0.45,-0.387,-0.062,68.169,70.03,66.308
2025-05-08,67.73,69.61,67.65,68.65,3097800,67.79,68.194,69.328,51.102,-0.358,-0.382,0.024,68.194,70.068,66.321
2025-05-09,68.63,68.8,67.79,67.84,2401000,67.79,68.246,69.261,47.558,-0.346,-0.375,0.028,68.246,70.013,66.479
2025-05-12,68.22,69.02,67.74,68.97,3377700,68.04,68.318,69.202,52.506,-0.243,-0.348,0.105,68.318,70.079,66.557
2025-05-13,68.99,69.05,67.87,67.88,3162700,68.19,68.268,69.118,47.819,-0.247,-0.328,0.081,68.268,70.019,66.517
2025-05-14,67.87,68.57,67.45,68.2,3425600,68.308,68.261,69.055,49.252,-0.221,-0.307,0.086,68.261,70.012,66.51
2025-05-15,67.96,69.37,67.96,69.37,2603700,68.452,68.34,69.024,54.201,-0.105,-0.266,0.161,68.34,70.143,66.538
2025-05-16,69.48,69.77,69.11,69.46,3218800,68.776,68.374,68.983,54.568,-0.006,-0.214,0.208,68.374,70.235,66.513
2025-05-19,69.21,69.99,69.02,69.99,2024100,68.98,68.448,68.925,56.766,0.114,-0.149,0.263,68.448,70.445,66.452
2025-05-20,70.04,70.99,69.76,70.68,2625500,69.54,68.469,68.87,59.511,0.262,-0.066,0.328,68.469,70.551,66.387
2025-05-21,70.2,70.6,69.2,69.26,2543500,69.752,68.438,68.836,52.169,0.262,-0.001,0.262,68.438,70.447,66.428
2025-05-22,69.19,69.39,68.44,69.02,2772200,69.682,68.411,68.813,51.023,0.239,0.047,0.192,68.411,70.372,66.45
2025-05-23,68.08,68.79,68.08,68.53,2628400,69.496,68.437,68.8,48.672,0.18,0.074,0.106,68.437,70.39,66.484
2025-05-27,69.04,69.55,68.77,69.3,2943300,69.358,68.526,68.79,52.384,0.193,0.097,0.095,68.526,70.465,66.587
2025-05-28,69.25,70.05,68.5,68.57,2003600,68.936,68.587,68.738,48.782,0.142,0.106,0.036,68.587,70.445,66.729
2025-05-29,68.55,69.22,68.37,69.1,2588900,68.904,68.619,68.704,51.395,0.143,0.114,0.03,68.619,70.49,66.748
2025-05-30,69.04,70.75,68.72,69.99,5362900,69.098,68.756,68.725,55.501,0.214,0.134,0.08,68.756,70.607,66.904
2025-06-02,69.64,70.2,69.38,70.05,2811800,69.402,68.866,68.77,55.773,0.271,0.161,0.11,68.866,70.751,66.981
2025-06-03,69.77,70.66,69.71,70.6,2655100,69.662,69.01,68.828,58.283,0.357,0.2,0.156,69.01,70.965,67.055
2025-06-04,70.58,70.68,69.88,69.9,2198700,69.928,69.148,68.865,54.076,0.364,0.233,0.131,69.148,70.927,67.37
2025-06-05,69.62,70.86,69.36,70.73,3009300,70.254,69.304,68.939,57.952,0.432,0.273,0.159,69.304,71.062,67.547
2025-06-06,71.3,72.15,71.07,71.43,2722700,70.542,69.444,68.982,60.945,0.536,0.325,0.21,69.444,71.411,67.476
2025-06-09,71.48,72.59,71.37,72.13,3375000,70.958,69.658,69.014,63.726,0.667,0.394,0.273,69.658,71.815,67.501
2025-06-10,72.21,72.95,72.14,72.4,2461200,71.318,69.83,69.051,64.768,0.784,0.472,0.312,69.83,72.282,67.377
2025-06-11,72.18,72.49,71.4,71.66,2136600,71.67,70.018,69.055,59.705,0.807,0.539,0.268,70.018,72.42,67.617
2025-06-12,71.44,72.36,71.14,72.29,2420500,71.982,70.223,69.064,62.4,0.867,0.605,0.262,70.223,72.669,67.777
2025-06-13,71.99,72.38,70.97,71.23,2255200,71.942,70.316,69.055,55.656,0.819,0.647,0.172,70.316,72.767,67.865
2025-06-16,71.7,72.3,71.09,71.67,2924100,71.85,70.426,69.052,57.7,0.807,0.679,0.128,70.426,72.914,67.939
2025-06-17,71.44,71.72,71.06,71.19,2351100,71.608,70.486,69.105,54.736,0.751,0.694,0.057,70.486,72.987,67.986
2025-06-18,71.27,71.7,70.87,70.92,2826200,71.46,70.498,69.192,53.084,0.676,0.69,-0.014,70.498,73.006,67.991
2025-06-20,71.1,71.99,70.95,71.6,4904800,71.322,70.616,69.32,56.634,0.664,0.685,-0.021,70.616,73.097,68.134
2025-06-23,71.8,72.87,71.6,72.78,2632200,71.632,70.804,69.413,62.005,0.742,0.696,0.045,70.804,73.345,68.262
2025-06-24,73.04,73.23,72.41,72.75,2309100,71.848,71.014,69.531,61.796,0.791,0.715,0.076,71.014,73.461,68.568
2025-06-25,72.5,72.85,71.85,71.96,2601000,72.002,71.148,69.62,56.391,0.758,0.724,0.034,71.148,73.488,68.807
2025-06-26,71.97,72.25,71.21,71.46,2265400,72.11,71.292,69.672,53.218,0.684,0.716,-0.032,71.292,73.295,69.289
2025-06-27,71.54,72.14,71.43,71.92,3546200,72.174,71.433,69.743,55.688,0.654,0.704,-0.049,71.433,73.165,69.701
2025-06-30,72.12,72.81,71.94,72.62,4262500,72.142,71.565,69.84,59.217,0.68,0.699,-0.019,71.565,73.234,69.895
2025-07-01,72.84,74.5,72.2,74.17,3167100,72.426,71.77,69.948,65.726,0.815,0.722,0.093,71.77,73.656,69.885
2025-07-02,74.16,74.58,73.63,74.48,2768800,72.93,71.964,70.067,66.865,0.937,0.765,0.172,71.964,74.121,69.808
2025-07-03,74.25,74.63,73.66,74.52,1878000,73.542,72.196,70.152,67.017,1.025,0.817,0.208,72.196,74.41,69.981
2025-07-07,74.37,74.66,73.6,74.07,2760200,73.972,72.362,70.236,63.482,1.046,0.863,0.183,72.362,74.615,70.11
2025-07-08,74.31,74.5,73.78,73.89,2118700,74.226,72.486,70.323,62.071,1.037,0.898,0.139,72.486,74.792,70.179
2025-07-09,73.81,73.91,73.29,73.7,1672700,74.132,72.564,70.436,60.542,1.002,0.919,0.084,72.564,74.926,70.202
2025-07-10,73.56,75.47,73.46,74.79,2435200,74.194,72.684,70.582,65.754,1.051,0.945,0.106,72.684,75.244,70.123
2025-07-11,74.7,75.04,73.72,74.19,3049100,74.128,72.81,70.719,60.979,1.029,0.962,0.067,72.81,75.407,70.213
2025-07-14,74.12,75.07,73.99,75.02,2550900,74.318,72.946,70.85,64.789,1.066,0.983,0.084,72.946,75.71,70.183
2025-07-15,74.91,75.5,73.69,73.74,2713200,74.288,73.072,70.979,55.75,0.981,0.983,-0.001,73.072,75.734,70.41
2025-07-16,74.14,74.83,73.67,74.64,2844700,74.476,73.22,71.115,59.978,0.976,0.981,-0.006,73.22,75.884,70.557
2025-07-17,74.66,75.37,73.93,75.22,3322900,74.562,73.422,71.265,62.467,1.006,0.986,0.02,73.422,76.048,70.796
2025-07-18,75.35,76.09,75.28,75.71,2333200,74.866,73.662,71.437,64.476,1.057,1.0,0.057,73.662,76.199,71.124
2025-07-21,75.79,76.48,75.67,76.01,2305900,75.064,73.882,71.605,65.688,1.11,1.022,0.087,73.882,76.432,71.332
2025-07-22,76.18,77.46,76.18,77.44,2428000,75.804,74.115,71.781,70.8,1.252,1.068,0.184,74.115,77.062,71.168
2025-07-23,77.58,78.63,77.44,77.98,2633900,76.472,74.376,71.984,72.468,1.392,1.133,0.259,74.376,77.715,71.038
2025-07-24,78.22,78.22,77.11,77.11,2707700,76.85,74.634,72.146,65.933,1.417,1.19,0.227,74.634,77.982,71.286
2025-07-25,77.18,77.86,76.99,77.53,2951700,77.214,74.938,72.339,67.459,1.454,1.243,0.211,74.938,78.173,71.702
2025-07-28,77.27,78.14,77.12,77.58,4450700,77.528,75.22,72.527,67.644,1.47,1.288,0.182,75.22,78.333,72.108
2025-07-29,75.47,77.1,73.18,75.68,7259800,77.176,75.374,72.653,54.834,1.314,1.293,0.021,75.374,78.238,72.509
2025-07-30,76.06,77.97,76.02,77.35,4225300,77.05,75.532,72.811,61.7,1.311,1.297,0.014,75.532,78.468,72.597
2025-07-31,76.72,77.5,76.08,76.86,3101200,77.0,75.652,72.948,58.872,1.254,1.288,-0.035,75.652,78.6,72.703
2025-08-01,77.03,77.22,76.14,77.13,2101300,76.92,75.782,73.077,59.961,1.216,1.274,-0.057,75.782,78.751,72.813
2025-08-04,77.1,77.66,76.51,76.73,2092900,76.75,75.915,73.227,57.531,1.141,1.247,-0.106,75.915,78.798,73.032
2025-08-05,76.52,77.19,76.36,76.52,3928100,76.918,76.047,73.377,56.242,1.053,1.208,-0.156,76.047,78.777,73.316
2025-08-06,76.66,78.67,76.52,78.66,5291100,77.18,76.294,73.579,64.877,1.142,1.195,-0.053,76.294,79.028,73.561
2025-08-07,78.94,79.33,76.8,77.6,4288800,77.328,76.435,73.745,58.698,1.114,1.179,-0.064,76.435,79.132,73.738
2025-08-08,77.69,78.23,77.01,77.87,3584600,77.476,76.619,73.931,59.75,1.102,1.164,-0.062,76.619,79.169,74.069
2025-08-11,78.0,78.01,76.55,77.12,3374000,77.554,76.724,74.092,55.521,1.019,1.135,-0.115,76.724,79.168,74.28
2025-08-12,77.28,78.11,77.16,77.97,2512900,77.844,76.936,74.251,59.058,1.011,1.11,-0.099,76.936,78.993,74.878
2025-08-13,77.99,79.79,77.46,79.36,3916400,77.984,77.172,74.438,64.086,1.104,1.109,-0.005,77.172,79.203,75.14
2025-08-14,79.09,79.26,78.02,78.4,2315400,78.144,77.33,74.594,58.722,1.087,1.104,-0.017,77.33,79.211,75.45
2025-08-15,78.56,78.56,76.72,76.78,3937800,77.926,77.384,74.731,50.969,0.933,1.07,-0.137,77.384,79.127,75.641
2025-08-18,76.8,77.17,75.89,76.49,2489100,77.8,77.408,74.846,49.703,0.778,1.012,-0.234,77.408,79.083,75.733
2025-08-19,76.73,77.5,76.51,76.75,2232500,77.556,77.374,74.953,50.881,0.669,0.943,-0.274,77.374,79.074,75.673
2025-08-20,77.11,78.23,76.95,78.19,2720000,77.322,77.384,75.074,56.898,0.69,0.892,-0.202,77.384,79.103,75.665
2025-08-21,77.77,77.9,76.74,76.97,2048100,77.036,77.377,75.165,51.178,0.602,0.834,-0.233,77.377,79.101,75.653
2025-08-22,77.06,77.67,76.48,77.52,2428600,77.184,77.376,75.283,53.45,0.57,0.781,-0.212,77.376,79.101,75.652
2025-08-25,77.24,77.45,76.35,76.6,2370000,77.206,77.328,75.369,49.316,0.465,0.718,-0.254,77.328,79.083,75.572
2025-08-26,76.47,76.96,76.47,76.89,3970500,77.234,77.388,75.482,50.612,0.4,0.654,-0.254,77.388,78.98,75.796
2025-08-27,77.16,77.88,77.05,77.53,3134200,77.102,77.397,75.599,53.443,0.396,0.603,-0.207,77.397,78.99,75.804
2025-08-28,77.53,77.7,76.38,76.85,1527000,77.078,77.396,75.712,50.154,0.334,0.549,-0.215,77.396,78.99,75.803
2025-08-29,77.02,77.83,77.01,77.7,2139600,77.114,77.425,75.848,53.968,0.35,0.509,-0.16,77.425,79.019,75.831
2025-09-02,77.57,78.4,77.56,77.77,1917900,77.348,77.477,75.971,54.278,0.363,0.48,-0.117,77.477,79.043,75.911
2025-09-03,77.33,79.56,77.08,78.25,3985400,77.62,77.564,76.081,56.446,0.408,0.466,-0.057,77.564,79.098,76.029
2025-09-04,78.72,79.71,78.21,79.67,3068600,78.048,77.614,76.219,62.162,0.552,0.483,0.069,77.614,79.353,75.875
2025-09-05,79.59,80.3,78.75,79.61,2675000,78.6,77.714,76.372,61.793,0.654,0.517,0.137,77.714,79.669,75.76
2025-09-08,79.25,79.37,77.56,78.74,3043600,78.808,77.758,76.518,56.551,0.656,0.545,0.111,77.758,79.765,75.751
2025-09-09,78.4,78.66,77.44,78.06,1451500,78.866,77.805,76.641,52.782,0.597,0.555,0.042,77.805,79.793,75.817
2025-09-10,77.54,77.96,77.03,77.43,2135800,78.702,77.778,76.737,49.491,0.493,0.543,-0.05,77.778,79.772,75.784
2025-09-11,77.51,78.54,77.21,78.25,2403100,78.418,77.722,76.818,53.55,0.472,0.529,-0.057,77.722,79.588,75.857
2025-09-12,78.33,78.79,77.51,78.49,2415700,78.194,77.727,76.899,54.698,0.469,0.517,-0.048,77.727,79.6,75.854
2025-09-15,78.34,78.43,77.11,77.12,2104000,77.87,77.744,76.951,47.486,0.351,0.484,-0.132,77.744,79.587,75.901
2025-09-16,77.18,78.84,77.12,78.72,4449200,78.002,77.855,77.044,54.956,0.383,0.464,-0.08,77.855,79.648,76.063
2025-09-17,78.98,79.99,78.65,79.62,3524900,78.44,77.999,77.158,58.529,0.476,0.466,0.01,77.999,79.877,76.121
2025-09-18,79.1,79.5,78.16,79.11,3594900,78.612,78.045,77.266,55.827,0.502,0.473,0.029,78.045,79.986,76.104
2025-09-19,79.36,80.37,79.14,79.55,7527000,78.824,78.174,77.362,57.644,0.552,0.489,0.063,78.174,80.157,76.191
2025-09-22,79.42,79.67,78.42,78.57,2391800,79.114,78.227,77.449,52.467,0.507,0.493,0.014,78.227,80.192,76.261
2025-09-23,78.63,79.44,78.41,79.39,2670200,79.248,78.366,77.537,56.026,0.531,0.5,0.031,78.366,80.239,76.493
2025-09-24,79.3,79.72,78.84,79.0,2330100,79.124,78.472,77.642,53.956,0.513,0.503,0.01,78.472,80.229,76.714
2025-09-25,79.32,79.38,77.63,78.32,3910600,78.966,78.511,77.715,50.457,0.438,0.49,-0.051,78.511,80.214,76.808
2025-09-26,78.43,79.25,78.23,79.12,3008500,78.88,78.624,77.793,54.219,0.439,0.48,-0.041,78.624,80.155,77.094
2025-09-29,79.13,79.4,77.57,79.02,2278700,78.97,78.69,77.86,53.67,0.426,0.469,-0.043,78.69,80.166,77.215
2025-09-30,78.76,79.64,78.59,79.5,2863200,78.992,78.777,77.929,55.973,0.45,0.465,-0.015,78.777,80.228,77.326
2025-10-01,79.17,80.13,79.1,79.97,2952200,79.186,78.863,77.98,58.165,0.501,0.472,0.028,78.863,80.385,77.341
2025-10-02,79.51,80.59,79.51,80.4,2700000,79.602,78.9,78.028,60.122,0.569,0.492,0.078,78.9,80.534,77.265
2025-10-03,80.39,80.79,79.82,79.84,2227400,79.746,78.911,78.083,56.421,0.572,0.508,0.064,78.911,80.569,77.253
2025-10-06,79.53,79.66,78.45,78.55,2204300,79.652,78.902,78.103,48.946,0.464,0.499,-0.035,78.902,80.566,77.237
2025-10-07,78.64,78.8,77.02,77.7,3385100,79.292,78.884,78.106,44.74,0.307,0.461,-0.154,78.884,80.594,77.173
2025-10-08,77.69,77.72,75.68,76.54,3169300,78.606,78.839,78.123,39.724,0.088,0.386,-0.298,78.839,80.744,76.934
2025-10-09,76.78,77.0,75.78,75.84,2433500,77.694,78.718,78.093,37.026,-0.141,0.281,-0.422,78.718,81.039,76.398
2025-10-10,76.09,76.8,75.83,76.24,2020800,76.974,78.606,78.08,39.552,-0.287,0.167,-0.454,78.606,81.178,76.034
2025-10-13,75.76,76.41,75.29,76.07,1788400,76.478,78.554,78.059,38.839,-0.411,0.052,-0.463,78.554,81.291,75.816
2025-10-14,76.2,77.93,75.97,77.88,2025500,76.514,78.512,78.082,49.318,-0.359,-0.031,-0.329,78.512,81.264,75.759
2025-10-15,77.88,79.49,77.63,77.83,3474900,76.772,78.422,78.108,49.067,-0.319,-0.088,-0.231,78.422,81.139,75.705
2025-10-16,77.77,78.02,76.3,76.61,2954700,76.926,78.297,78.067,43.298,-0.381,-0.147,-0.234,78.297,81.109,75.485
2025-10-17,77.08,77.72,76.4,77.66,2504000,77.21,78.202,78.069,48.87,-0.341,-0.186,-0.156,78.202,80.964,75.441
2025-10-20,77.65,77.97,77.43,77.65,1921400,77.526,78.156,78.064,48.821,-0.307,-0.21,-0.097,78.156,80.923,75.39
2025-10-21,77.86,78.13,76.85,76.93,2680900,77.336,78.034,78.06,45.285,-0.334,-0.235,-0.099,78.034,80.787,75.28
2025-10-22,76.75,77.55,76.33,76.39,2716300,77.048,77.903,78.029,42.783,-0.395,-0.267,-0.128,77.903,80.711,75.095
2025-10-23,76.22,76.44,75.49,76.01,3856400,76.928,77.788,77.962,41.063,-0.468,-0.307,-0.161,77.788,80.711,74.864
2025-10-24,76.2,76.4,74.98,75.17,2228200,76.43,77.59,77.897,37.477,-0.587,-0.363,-0.224,77.59,80.664,74.516
2025-10-27,74.84,75.84,74.65,75.8,4052500,76.06,77.429,77.878,41.597,-0.624,-0.415,-0.208,77.429,80.525,74.333
2025-10-28,74.83,75.51,72.89,73.75,5540200,75.424,77.142,77.823,33.794,-0.809,-0.494,-0.315,77.142,80.486,73.797
2025-10-29,73.2,73.55,72.02,72.2,4057100,74.586,76.753,77.732,29.316,-1.068,-0.609,-0.459,76.753,80.495,73.011
2025-10-30,72.29,73.08,71.96,72.6,5229500,73.904,76.363,77.62,31.827,-1.227,-0.732,-0.495,76.363,80.131,72.595
2025-10-31,72.1,72.67,71.74,72.19,3396400,73.308,75.98,77.524,30.626,-1.37,-0.86,-0.51,75.98,79.814,72.147
2025-11-03,71.82,71.87,70.57,70.85,3679300,72.318,75.596,77.391,27.036,-1.574,-1.003,-0.571,75.596,79.865,71.326
2025-11-04,70.75,71.54,70.71,71.04,2845800,71.776,75.262,77.28,28.319,-1.7,-1.142,-0.558,75.262,79.866,70.659
2025-11-05,71.23,71.33,70.54,71.12,3480200,71.56,74.992,77.164,28.886,-1.774,-1.268,-0.505,74.992,79.906,70.077
2025-11-06,71.12,71.61,70.82,70.86,2894800,71.212,74.742,77.031,28.108,-1.832,-1.381,-0.45,74.742,79.971,69.514
2025-11-07,71.42,73.14,70.94,73.06,3697000,71.386,74.584,76.955,42.278,-1.681,-1.441,-0.24,74.584,79.814,69.353
2025-11-10,73.05,73.15,72.05,72.48,2748800,71.712,74.404,76.851,40.038,-1.589,-1.471,-0.119,74.404,79.666,69.142
2025-11-11,72.26,73.49,71.95,73.36,3251000,72.176,74.178,76.763,44.816,-1.43,-1.462,0.033,74.178,79.194,69.162
2025-11-12,73.56,74.01,73.25,73.3,3005500,72.612,73.952,76.664,44.555,-1.293,-1.429,0.136,73.952,78.673,69.23
2025-11-13,73.25,73.73,72.88,72.96,2743100,73.032,73.769,76.529,43.028,-1.198,-1.383,0.184,73.769,78.338,69.2
2025-11-14,73.18,73.62,72.17,72.61,2542900,72.942,73.517,76.389,41.452,-1.138,-1.334,0.195,73.517,77.724,69.309
2025-11-17,73.24,73.58,72.65,73.01,3167400,73.048,73.285,76.275,43.977,-1.047,-1.276,0.23,73.285,77.017,69.552
2025-11-18,73.47,73.98,73.08,73.76,2619500,73.128,73.126,76.189,48.464,-0.903,-1.202,0.299,73.126,76.454,69.798
2025-11-19,73.8,73.95,73.02,73.6,2362700,73.188,72.986,76.112,47.589,-0.793,-1.12,0.327,72.986,75.953,70.02
2025-11-20,73.74,74.11,73.01,73.35,2824400,73.266,72.854,76.014,46.184,-0.717,-1.039,0.322,72.854,75.466,70.241
2025-11-21,73.84,75.28,73.58,74.47,3416000,73.638,72.818,75.934,52.891,-0.561,-0.944,0.383,72.818,75.317,70.32
2025-11-24,74.05,74.37,72.11,72.6,4249300,73.556,72.658,75.843,43.209,-0.581,-0.871,0.29,72.658,74.725,70.592
2025-11-25,72.92,74.14,72.92,73.77,3981000,73.558,72.66,75.744,49.445,-0.497,-0.796,0.299,72.66,74.729,70.59
2025-11-26,73.71,74.33,73.57,73.76,3219600,73.59,72.738,75.627,49.395,-0.426,-0.722,0.296,72.738,74.851,70.624
2025-11-28,73.6,74.64,73.35,74.05,1825200,73.73,72.81,75.526,50.942,-0.342,-0.646,0.304,72.81,75.002,70.618
2025-12-01,73.78,74.16,73.19,73.77,3748700,73.59,72.889,75.41,49.372,-0.296,-0.576,0.281,72.889,75.1,70.678
2025-12-02,73.48,73.53,71.79,72.34,4761300,73.538,72.964,75.286,42.219,-0.369,-0.535,0.165,72.964,74.977,70.95
2025-12-03,72.54,73.14,71.25,71.29,3753800,73.042,72.976,75.124,37.879,-0.507,-0.529,0.022,72.976,74.942,71.01
2025-12-04,71.74,72.01,70.94,71.37,3072300,72.564,72.988,74.971,38.399,-0.602,-0.544,-0.059,72.988,74.907,71.07
2025-12-05,71.19,71.86,71.01,71.04,3181500,71.962,72.998,74.826,37.023,-0.697,-0.574,-0.122,72.998,74.875,71.12
2025-12-08,71.07,71.28,70.22,70.66,2661200,71.34,72.878,74.656,35.449,-0.793,-0.618,-0.175,72.878,75.026,70.729
2025-12-09,70.6,71.36,70.51,70.55,3585200,70.982,72.781,74.487,34.985,-0.868,-0.668,-0.2,72.781,75.165,70.397
2025-12-10,70.65,71.55,70.38,71.5,3390600,71.024,72.688,74.327,42.039,-0.841,-0.703,-0.139,72.688,75.122,70.254
2025-12-11,71.8,72.44,71.45,72.14,3015400,71.178,72.63,74.17,46.269,-0.76,-0.714,-0.046,72.63,75.057,70.203
2025-12-12,72.15,72.45,71.75,72.25,2195400,71.42,72.595,74.007,46.985,-0.678,-0.707,0.029,72.595,75.022,70.167
2025-12-15,72.51,74.47,72.25,73.31,3268400,71.95,72.63,73.877,53.426,-0.522,-0.67,0.148,72.63,75.078,70.181
2025-12-16,73.73,73.95,72.76,73.0,2931100,72.44,72.629,73.766,51.457,-0.419,-0.62,0.201,72.629,75.078,70.18
2025-12-17,73.09,73.8,72.94,73.62,2271000,72.864,72.622,73.684,55.027,-0.283,-0.553,0.269,72.622,75.058,70.186
2025-12-18,73.59,73.87,72.77,72.96,3753700,73.028,72.59,73.613,50.749,-0.227,-0.487,0.261,72.59,74.988,70.192
2025-12-19,73.02,73.13,72.39,72.39,5962500,73.056,72.542,73.544,47.326,-0.225,-0.435,0.21,72.542,74.914,70.17
2025-12-22,72.08,72.7,71.91,72.48,2010100,72.89,72.442,73.468,47.923,-0.215,-0.391,0.176,72.442,74.634,70.251
2025-12-23,72.38,72.55,71.65,71.91,2111200,72.672,72.408,73.385,44.483,-0.249,-0.363,0.114,72.408,74.611,70.205
2025-12-24,72.05,72.33,71.82,72.16,956100,72.38,72.328,73.271,46.304,-0.253,-0.341,0.087,72.328,74.437,70.218
2025-12-26,72.08,72.36,71.9,72.14,1155900,72.216,72.246,73.157,46.173,-0.255,-0.324,0.068,72.246,74.246,70.247
2025-12-29,72.31,72.42,72.0,72.36,1952500,72.21,72.162,73.072,47.912,-0.236,-0.306,0.07,72.162,73.974,70.35
2025-12-30,72.1,72.42,72.0,72.11,1334000,72.136,72.079,72.961,46.09,-0.239,-0.293,0.054,72.079,73.726,70.432
2025-12-31,72.02,72.16,71.6,71.61,1480800,72.076,72.042,72.84,42.602,-0.278,-0.29,0.012,72.042,73.697,70.388
2026-01-02,71.4,71.56,70.34,71.1,3105300,71.864,72.033,72.724,39.331,-0.346,-0.301,-0.045,72.033,73.708,70.358
2026-01-05,70.46,71.61,69.73,71.26,4067600,71.688,72.028,72.621,40.865,-0.383,-0.317,-0.065,72.028,73.712,70.343
2026-01-06,71.04,71.62,70.8,71.49,3042800,71.514,72.05,72.531,43.092,-0.389,-0.332,-0.057,72.05,73.691,70.409
2026-01-07,71.72,72.19,70.58,70.61,4176800,71.214,72.048,72.439,37.304,-0.459,-0.357,-0.102,72.048,73.697,70.398
2026-01-08,70.54,73.2,70.34,72.71,3206800,71.434,72.156,72.378,53.393,-0.342,-0.354,0.012,72.156,73.67,70.641
2026-01-09,72.68,72.97,71.98,72.72,2379000,71.758,72.217,72.357,53.454,-0.245,-0.332,0.087,72.217,73.718,70.715
2026-01-12,73.11,73.51,72.44,72.77,4053300,72.06,72.248,72.368,53.781,-0.162,-0.298,0.136,72.248,73.769,70.727
2026-01-13,72.84,74.67,72.84,74.46,5125400,72.654,72.358,72.406,63.196,0.039,-0.231,0.27,72.358,74.173,70.544
2026-01-14,74.62,76.08,74.62,75.49,4909300,73.63,72.468,72.472,67.536,0.278,-0.129,0.407,72.468,74.729,70.206
2026-01-15,75.53,77.59,75.25,77.52,5675900,74.592,72.694,72.605,74.035,0.625,0.022,0.603,72.694,75.89,69.497
2026-01-16,77.02,77.32,76.06,77.15,3608500,75.478,72.87,72.727,71.236,0.86,0.189,0.67,72.87,76.623,69.117
2026-01-20,76.8,76.9,74.74,74.91,5418200,75.906,72.968,72.803,57.148,0.855,0.322,0.533,72.968,76.83,69.105
2026-01-21,75.17,75.73,74.91,75.32,2773500,76.078,73.114,72.892,58.756,0.874,0.433,0.442,73.114,77.104,69.124
2026-01-22,75.3,75.71,74.83,75.23,2936000,76.026,73.252,72.936,58.24,0.872,0.521,0.352,73.252,77.338,69.165
2026-01-23,75.03,75.38,74.24,74.61,3359900,75.444,73.386,72.978,54.674,0.812,0.579,0.233,73.386,77.465,69.308
2026-01-26,75.41,75.51,74.02,74.04,4302100,74.822,73.48,72.992,51.549,0.709,0.605,0.104,73.48,77.527,69.434
2026-01-27,77.26,82.2,75.69,82.16,11004300,76.272,73.982,73.169,74.185,1.269,0.738,0.531,73.982,79.531,68.432
2026-01-28,82.24,83.54,81.17,81.76,5696000,77.56,74.452,73.345,72.39,1.66,0.922,0.738,74.452,80.936,67.967
2026-01-29,82.01,82.4,81.26,82.34,4081700,78.982,74.963,73.54,73.395,1.995,1.137,0.858,74.963,82.236,67.69
2026-01-30,82.27,82.56,81.34,82.09,5243100,80.478,75.487,73.721,72.176,2.214,1.352,0.862,75.487,83.237,67.737
2026-02-02,82.35,82.61,80.9,81.12,5313200,81.894,75.988,73.868,67.491,2.283,1.538,0.745,75.988,83.839,68.137
2026-02-03,80.88,83.14,80.3,82.84,4443800,82.03,76.567,74.053,71.076,2.449,1.721,0.728,76.567,84.654,68.48
2026-02-04,83.22,83.78,82.1,82.87,4249800,82.252,77.136,74.244,71.136,2.553,1.887,0.666,77.136,85.32,68.952
2026-02-05,82.96,84.1,82.62,82.84,3739800,82.352,77.748,74.411,70.978,2.603,2.03,0.573,77.748,85.703,69.792
2026-02-06,83.0,84.9,82.79,84.71,3286500,82.876,78.348,74.653,74.744,2.762,2.176,0.585,78.348,86.51,70.185
2026-02-09,84.73,85.52,84.27,84.65,3888700,83.582,78.944,74.871,74.41,2.85,2.311,0.539,78.944,87.119,70.769
2026-02-10,84.65,86.52,84.37,85.78,3747900,84.17,79.594,75.111,76.535,2.976,2.444,0.532,79.594,87.771,71.418
2026-02-11,85.17,86.8,85.03,86.19,5503900,84.834,80.181,75.354,77.272,3.075,2.57,0.504,80.181,88.489,71.873
2026-02-12,86.42,89.48,86.42,88.02,8640500,85.87,80.808,75.639,80.254,3.262,2.709,0.554,80.808,89.507,72.108
2026-02-13,87.88,89.45,87.14,88.66,4028000,86.66,81.364,75.965,81.184,3.423,2.852,0.572,81.364,90.588,72.141
2026-02-17,89.51,89.92,87.04,87.82,4259500,87.294,81.898,76.296,76.117,3.443,2.97,0.473,81.898,91.327,72.469
2026-02-18,87.59,88.46,87.13,87.41,3430000,87.62,82.523,76.617,73.7,3.387,3.053,0.334,82.523,91.654,73.392
2026-02-19,87.49,88.17,87.1,87.79,2586700,87.94,83.146,76.952,74.508,3.335,3.11,0.225,83.146,91.902,74.391
2026-02-20,88.12,88.39,87.49,88.24,2645500,87.984,83.797,77.303,75.469,3.292,3.146,0.146,83.797,91.991,75.603
2026-02-23,88.03,88.91,87.0,87.55,3754500,87.762,84.444,77.643,71.045,3.165,3.15,0.015,84.444,91.556,77.332
2026-02-24,87.62,88.28,87.05,87.98,2442600,87.794,85.141,77.973,72.141,3.065,3.133,-0.068,85.141,90.468,79.814
2026-02-25,87.66,87.81,86.15,87.26,2257200,87.764,85.396,78.275,67.532,2.893,3.085,-0.192,85.396,90.609,80.183
2026-02-26,87.72,88.43,86.98,87.25,3031900,87.656,85.67,78.575,67.468,2.725,3.013,-0.288,85.67,90.651,80.69
2026-02-27,87.27,89.28,87.14,89.25,3742300,87.858,86.016,78.894,73.016,2.722,2.955,-0.233,86.016,90.982,81.05
2026-03-02,88.96,89.54,87.99,88.58,2466400,88.064,86.34,79.206,68.784,2.635,2.891,-0.256,86.34,91.069,81.612
2026-03-03,87.49,88.09,85.83,86.16,4025500,87.7,86.592,79.457,56.128,2.344,2.782,-0.437,86.592,90.637,82.548
2026-03-04,86.58,86.58,84.61,85.79,4058400,87.406,86.74,79.713,54.478,2.06,2.637,-0.577,86.74,90.406,83.074
2026-03-05,84.21,85.37,83.79,83.98,4767500,86.752,86.796,79.945,47.171,1.669,2.444,-0.774,86.796,90.242,83.349
2026-03-06,83.17,83.96,82.24,83.44,4052700,85.59,86.826,80.164,45.222,1.301,2.215,-0.914,86.826,90.135,83.516
2026-03-09,82.78,83.08,81.02,82.92,3190800,84.458,86.736,80.384,43.364,0.956,1.963,-1.007,86.736,90.367,83.105
2026-03-10,82.68,83.66,82.05,82.52,2643700,83.73,86.63,80.592,41.937,0.643,1.699,-1.056,86.63,90.625,82.634
2026-03-11,82.16,82.86,81.73,82.79,2946600,83.13,86.48,80.805,43.293,0.412,1.442,-1.03,86.48,90.818,82.142
2026-03-12,81.96,84.08,81.77,83.13,2959500,82.96,86.327,81.02,45.035,0.254,1.204,-0.95,86.327,90.917,81.737
2026-03-13,83.75,84.12,83.07,83.7,2585300,83.012,86.111,81.252,47.923,0.172,0.998,-0.826,86.111,90.772,81.45
2026-03-16,83.83,83.94,82.69,82.75,2343900,82.978,85.816,81.475,43.793,0.031,0.805,-0.774,85.816,90.545,81.086
2026-03-17,83.15,83.51,82.38,82.52,2275000,82.978,85.55,81.703,42.831,-0.099,0.624,-0.723,85.55,90.399,80.702
2026-03-18,82.06,82.37,80.75,80.78,2573600,82.576,85.219,81.893,36.327,-0.338,0.431,-0.77,85.219,90.426,80.012
2026-03-19,80.73,81.06,79.29,79.96,2658900,81.942,84.828,82.063,33.728,-0.587,0.228,-0.815,84.828,90.386,79.269
2026-03-20,80.32,80.97,79.32,79.62,4954600,81.126,84.396,82.243,32.684,-0.803,0.021,-0.824,84.396,90.173,78.62
2026-03-23,80.77,81.19,79.81,79.89,3115500,80.554,84.014,82.387,34.42,-0.941,-0.171,-0.77,84.014,89.924,78.103
2026-03-24,79.46,81.11,79.15,80.61,3246000,80.172,83.645,82.544,38.943,-0.981,-0.333,-0.648,83.645,89.432,77.858
2026-03-25,81.06,81.49,79.7,81.06,3005800,80.228,83.335,82.71,41.651,-0.966,-0.46,-0.506,83.335,88.969,77.701
2026-03-26,80.44,81.93,80.34,80.91,2023700,80.418,83.018,82.839,40.999,-0.954,-0.559,-0.396,83.018,88.434,77.602
2026-03-27,80.89,80.98,79.93,80.08,2616000,80.51,82.56,82.931,37.496,-1.001,-0.647,-0.354,82.56,87.259,77.86
2026-03-30,73.27,73.68,66.78,67.85,24642400,78.102,81.523,82.738,15.918,-2.001,-0.918,-1.084,81.523,88.972,74.074
2026-03-31,67.89,69.93,66.76,69.83,15501500,75.946,80.706,82.591,23.585,-2.605,-1.255,-1.349,80.706,89.478,71.935
2026-04-01,70.18,71.03,69.58,70.66,9668200,73.866,79.95,82.506,26.606,-2.981,-1.6,-1.381,79.95,89.454,70.446
2026-04-02,70.12,71.27,69.46,70.19,6761300,71.722,79.261,82.404,25.98,-3.28,-1.936,-1.344,79.261,89.506,69.015
2026-04-06,69.74,72.28,69.66,72.24,6396000,70.154,78.7,82.344,33.35,-3.313,-2.212,-1.101,78.7,89.205,68.196
2026-04-07,71.58,72.87,71.04,72.24,4914800,71.032,78.167,82.296,33.35,-3.301,-2.43,-0.872,78.167,88.852,67.481
2026-04-08,72.82,74.3,72.82,74.13,5962200,71.892,77.747,82.298,39.764,-3.104,-2.564,-0.539,77.747,88.371,67.123
2026-04-09,73.68,74.18,72.88,73.97,3875300,72.554,77.306,82.134,39.418,-2.926,-2.637,-0.289,77.306,87.78,66.832
2026-04-10,73.98,74.32,70.65,71.83,9906400,72.882,76.741,81.936,35.03,-2.924,-2.694,-0.23,76.741,87.111,66.371
2026-04-13,72.03,72.73,71.64,72.36,6922400,72.906,76.174,81.736,36.903,-2.847,-2.725,-0.123,76.174,86.175,66.173
2026-04-14,72.54,73.36,72.48,73.03,6018500,73.064,75.688,81.555,39.287,-2.701,-2.72,0.019,75.688,85.28,66.096
2026-04-15,72.99,73.96,72.66,73.08,8039000,72.854,75.216,81.394,39.47,-2.552,-2.687,0.135,75.216,84.309,66.123
2026-04-16,73.19,73.58,72.06,73.04,5914500,72.668,74.829,81.198,39.368,-2.409,-2.631,0.222,74.829,83.577,66.081
2026-04-17,73.13,75.59,73.11,75.23,5748100,73.348,74.592,81.045,47.429,-2.095,-2.524,0.429,74.592,83.006,66.179
2026-04-20,75.4,75.98,74.89,75.22,3169800,73.92,74.372,80.893,47.398,-1.826,-2.384,0.558,74.372,82.456,66.289
2026-04-21,75.74,75.85,73.73,73.77,3493400,74.068,74.066,80.674,43.01,-1.71,-2.249,0.539,74.066,81.723,66.41
2026-04-22,74.13,74.69,73.65,74.5,3874100,74.352,73.761,80.471,45.734,-1.541,-2.108,0.566,73.761,80.779,66.743
2026-04-23,74.72,75.3,74.29,74.78,4341000,74.7,73.447,80.251,46.784,-1.369,-1.96,0.591,73.447,79.598,67.296
2026-04-24,74.49,75.78,74.06,75.52,4798600,74.758,73.178,80.038,49.563,-1.16,-1.8,0.64,73.178,78.345,68.01
2026-04-27,75.31,75.69,73.9,74.33,5394700,74.58,72.89,79.764,45.453,-1.078,-1.656,0.578,72.89,76.965,68.815
2026-04-28,72.99,73.4,70.59,72.37,8000400,74.3,73.116,79.438,39.623,-1.157,-1.556,0.399,73.116,76.448,69.784
2026-04-29,71.51,73.15,71.51,72.96,5738400,73.992,73.273,79.141,42.033,-1.159,-1.477,0.317,73.273,76.228,70.317
2026-04-30,73.03,74.1,73.03,73.69,4713800,73.774,73.424,78.867,44.961,-1.089,-1.399,0.31,73.424,76.114,70.734
2026-05-01,74.03,74.45,72.88,73.04,3489300,73.278,73.566,78.572,42.884,-1.074,-1.334,0.26,73.566,75.798,71.335
2026-05-04,72.5,73.29,71.2,71.5,3692000,72.712,73.53,78.237,38.363,-1.173,-1.302,0.129,73.53,75.875,71.184
2026-05-05,71.56,72.31,71.28,71.85,2624100,72.608,73.51,77.923,39.913,-1.209,-1.283,0.074,73.51,75.907,71.113
2026-05-06,72.66,73.05,72.04,72.33,4327800,72.482,73.42,77.61,42.066,-1.185,-1.264,0.079,73.42,75.854,70.986
2026-05-07,72.0,72.08,70.61,71.89,5008700,72.122,73.316,77.302,40.629,-1.188,-1.248,0.061,73.316,75.827,70.805
2026-05-08,72.27,72.7,71.43,71.45,3654800,71.804,73.297,76.986,39.188,-1.212,-1.241,0.029,73.297,75.861,70.733
2026-05-11,71.38,71.94,71.04,71.58,3191200,71.82,73.258,76.633,39.866,-1.206,-1.234,0.028,73.258,75.904,70.612
2026-05-12,71.68,72.42,70.96,71.99,2863700,71.848,73.206,76.301,42.063,-1.155,-1.218,0.063,73.206,75.911,70.501
2026-05-13,71.68,72.66,71.61,72.19,3219500,71.82,73.162,76.022,43.154,-1.087,-1.192,0.105,73.162,75.904,70.419
2026-05-14,72.62,72.82,72.0,72.06,2418900,71.854,73.112,75.747,42.592,-1.031,-1.16,0.129,73.112,75.899,70.326
2026-05-15,72.07,72.22,71.45,71.58,5034900,71.88,72.93,75.499,40.498,-1.013,-1.13,0.117,72.93,75.609,70.251
2026-05-18,71.82,72.75,71.49,72.52,3707200,72.068,72.795,75.281,46.089,-0.913,-1.087,0.174,72.795,75.251,70.339
2026-05-19,72.58,74.76,71.97,74.17,3642700,72.504,72.815,75.106,54.221,-0.693,-1.008,0.315,72.815,75.31,70.32
2026-05-20,73.87,74.81,73.23,74.43,3081500,72.952,72.812,74.944,55.363,-0.491,-0.905,0.413,72.812,75.297,70.326
2026-05-21,72.99,76.05,72.34,75.95,3771100,73.73,72.87,74.807,61.425,-0.207,-0.765,0.558,72.87,75.594,70.146
2026-05-22,75.87,76.04,74.88,75.25,3331600,74.464,72.857,74.65,57.549,-0.037,-0.62,0.582,72.857,75.528,70.185
2026-05-26,74.87,75.22,73.93,74.29,2873200,74.818,72.854,74.461,52.643,0.019,-0.492,0.511,72.854,75.521,70.188
2026-05-27,74.57,75.16,74.06,74.2,2983700,74.824,72.946,74.29,52.194,0.056,-0.382,0.439,72.946,75.668,70.224
2026-05-28,75.23,75.38,73.91,74.89,2759200,74.916,73.042,74.138,55.34,0.14,-0.278,0.418,73.042,75.9,70.185
2026-05-29,74.68,75.03,74.16,74.78,5236200,74.682,73.097,74.018,54.722,0.195,-0.183,0.378,73.097,76.046,70.148
2026-06-01,73.81,74.28,72.42,72.72,3315600,74.176,73.081,73.873,44.659,0.071,-0.132,0.204,73.081,76.035,70.127
2026-06-02,72.54,73.6,72.04,73.09,3634900,73.936,73.16,73.742,46.56,0.003,-0.105,0.108,73.16,76.019,70.302
2026-06-03,72.71,74.3,72.65,74.22,2912100,73.94,73.279,73.629,51.984,0.04,-0.076,0.116,73.279,76.105,70.453
2026-06-04,75.11,75.36,73.23,73.34,2426700,73.63,73.33,73.484,47.906,-0.002,-0.061,0.059,73.33,76.12,70.539
2026-06-05,73.6,75.36,73.49,75.25,3605300,73.724,73.498,73.367,55.978,0.118,-0.025,0.143,73.498,76.328,70.667
2026-06-08,75.01,75.81,74.97,75.44,2801500,74.268,73.697,73.258,56.697,0.225,0.025,0.201,73.697,76.482,70.912
2026-06-09,75.3,77.12,74.97,76.49,2490300,74.948,73.943,73.186,60.533,0.391,0.098,0.293,73.943,76.806,71.079
2026-06-10,77.25,78.0,76.73,77.47,2761700,75.598,74.217,73.379,63.759,0.594,0.197,0.397,74.217,77.331,71.102
2026-06-11,77.34,79.02,77.34,78.56,3582500,76.642,74.535,73.553,66.992,0.834,0.324,0.509,74.535,78.054,71.016
2026-06-12,79.11,79.11,77.88,78.11,2490800,77.214,74.838,73.702,64.436,0.976,0.455,0.521,74.838,78.498,71.177
2026-06-15,77.89,78.64,77.27,78.61,4565200,77.848,75.189,73.871,65.989,1.116,0.587,0.529,75.189,78.882,71.496
2026-06-16,78.99,79.54,77.87,78.36,2775000,78.222,75.481,73.993,64.473,1.193,0.708,0.485,75.481,79.209,71.753
2026-06-17,77.91,78.42,77.42,77.92,3692500,78.312,75.669,74.107,61.784,1.205,0.808,0.397,75.669,79.495,71.842
2026-06-18,79.28,79.28,77.35,77.63,6460800,78.126,75.828,74.177,60.008,1.177,0.882,0.296,75.828,79.704,71.953
2026-06-22,77.61,78.12,76.88,76.92,3759100,77.888,75.877,74.236,55.779,1.086,0.922,0.163,75.877,79.783,71.971
2026-06-23,77.9,78.5,77.19,78.2,3641500,77.806,76.024,74.363,61.101,1.104,0.959,0.145,76.024,80.052,71.997
2026-06-24,78.59,79.96,77.82,79.49,3804300,78.032,76.285,74.506,65.595,1.208,1.008,0.199,76.285,80.507,72.062
2026-06-25,79.46,81.01,79.36,79.75,3345300,78.398,76.562,74.64,66.437,1.297,1.066,0.231,76.562,80.934,72.19
2026-06-26,80.83,81.79,80.53,81.69,5704700,79.21,76.902,74.812,71.95,1.506,1.154,0.352,76.902,81.758,72.046
2026-06-29,81.57,82.41,81.16,82.26,3334400,80.278,77.276,74.997,73.336,1.699,1.263,0.436,77.276,82.576,71.976
2026-06-30,81.77,82.51,81.33,82.44,4263700,81.126,77.762,75.141,73.777,1.844,1.379,0.465,77.762,83.085,72.439
2026-07-01,81.9,82.63,81.64,82.39,4021300,81.706,78.227,75.284,73.414,1.934,1.49,0.443,78.227,83.456,72.998
2026-07-02,82.48,84.27,82.33,84.23,3651600,82.602,78.727,75.493,77.751,2.128,1.618,0.51,78.727,84.249,73.206
2026-07-06,83.81,84.24,82.45,83.63,4154300,82.99,79.242,75.676,73.538,2.209,1.736,0.473,79.242,84.564,73.92
2026-07-07,82.95,84.71,82.45,84.02,2882300,83.342,79.681,75.861,74.505,2.277,1.844,0.433,79.681,85.063,74.298
2026-07-08,84.09,84.12,82.25,82.58,2527900,83.37,80.038,76.002,65.052,2.191,1.913,0.277,80.038,85.177,74.898
2026-07-09,82.77,83.54,81.22,81.45,5367000,83.182,80.286,76.144,58.752,2.007,1.932,0.075,80.286,85.177,75.394
2026-07-10,81.75,83.35,81.56,83.24,2635900,82.984,80.574,76.362,64.6,1.984,1.943,0.041,80.574,85.447,75.701
2026-07-13,83.54,84.21,82.78,82.87,2014800,82.832,80.79,76.56,62.624,1.913,1.937,-0.023,80.79,85.669,75.91
2026-07-14,82.96,82.98,81.51,82.26,2786300,82.48,80.997,76.731,59.397,1.788,1.907,-0.119,80.997,85.747,76.247
2026-07-15,81.97,82.27,79.7,80.16,2819200,81.996,81.074,76.874,49.871,1.501,1.826,-0.325,81.074,85.71,76.439
2026-07-16,80.71,82.14,80.58,81.67,2428700,82.04,81.24,77.077,55.409,1.38,1.737,-0.357,81.24,85.701,76.779
2026-07-17,82.48,83.51,80.57,81.11,3495300,81.614,81.4,77.262,53.068,1.225,1.634,-0.409,81.4,85.58,77.219
2026-07-20,81.86,82.05,80.16,80.21,2200800,81.082,81.529,77.42,49.451,1.017,1.511,-0.493,81.529,85.364,77.693
2026-07-21,79.73,81.21,79.34,80.65,2202200,80.76,81.715,77.595,51.202,0.878,1.384,-0.506,81.715,84.917,78.513
2026-07-22,81.08,82.46,80.54,81.54,2793400,81.036,81.882,77.797,54.626,0.831,1.274,-0.443,81.882,84.628,79.136
2026-07-23,79.58,81.32,79.58,81.15,2165900,80.932,81.965,77.988,52.875,0.752,1.169,-0.417,81.965,84.499,79.431
2026-07-24,81.62,82.64,81.38,82.52,2213500,81.214,82.104,78.199,57.971,0.792,1.094,-0.302,82.104,84.422,79.785
2026-07-27,82.6,83.76,82.58,83.5,2057300,81.872,82.194,78.425,61.202,0.892,1.054,-0.161,82.194,84.584,79.804
2026-07-28,84.65,86.04,83.99,84.6,3853100,82.662,82.311,78.676,64.502,1.048,1.052,-0.004,82.311,84.933,79.689
2026-07-29,84.47,85.29,84.21,84.72,3315900,83.298,82.425,78.939,64.853,1.168,1.076,0.092,82.425,85.26,79.59
2026-07-30,84.13,84.52,82.96,84.11,2851200,83.89,82.511,79.171,61.521,1.2,1.1,0.099,82.511,85.444,79.578
2026-07-31,83.85,85.09,83.48,84.64,3328600,84.314,82.532,79.38,63.286,1.254,1.131,0.122,82.532,85.52,79.543
2026-08-03,84.83,85.83,81.22,84.38,10093600,84.49,82.569,79.579,61.789,1.261,1.157,0.104,82.569,85.634,79.504
2026-08-04,84.12,84.37,79.86,82.2,8141100,84.01,82.478,79.704,50.913,1.078,1.141,-0.063,82.478,85.469,79.487
2026-08-05,83.41,84.44,82.84,83.61,5206400,83.788,82.53,79.871,56.274,1.035,1.12,-0.085,82.53,85.563,79.496
2026-08-06,84.4,84.56,83.17,83.75,3522800,83.716,82.644,80.06,56.779,1.0,1.096,-0.096,82.644,85.68,79.609
2026-08-07,83.15,83.7,82.27,83.69,3278900,83.526,82.667,80.25,56.478,0.957,1.068,-0.111,82.667,85.727,79.607
2026-08-10,83.35,84.16,82.74,83.28,3309600,83.306,82.688,80.418,54.358,0.88,1.031,-0.151,82.688,85.759,79.616
2026-08-11,82.8,83.93,82.8,83.66,3001500,83.598,82.758,80.596,56.006,0.84,0.992,-0.153,82.758,85.852,79.663
2026-08-12,83.0,84.69,82.8,84.09,3730500,83.694,82.954,80.823,57.861,0.833,0.96,-0.128,82.954,85.846,80.062
2026-08-13,84.39,84.8,82.79,82.96,2646400,83.536,83.018,81.02,51.694,0.728,0.914,-0.186,83.018,85.847,80.19
2026-08-14,82.84,83.41,82.27,82.4,2767900,83.278,83.083,81.184,48.912,0.593,0.85,-0.257,83.083,85.784,80.382
2026-08-17,81.55,81.87,81.14,81.27,2175700,82.876,83.136,81.343,43.791,0.39,0.758,-0.368,83.136,85.634,80.638
2026-08-18,82.35,82.42,81.32,81.38,1970900,82.42,83.172,81.465,44.401,0.235,0.653,-0.418,83.172,85.535,80.81
2026-08-19,81.92,82.56,81.35,81.88,2048100,81.978,83.19,81.594,47.207,0.151,0.553,-0.402,83.19,85.507,80.872
2026-08-20,81.82,84.11,81.79,82.47,3022100,81.88,83.256,81.714,50.389,0.131,0.468,-0.338,83.256,85.397,81.114
2026-08-21,83.02,83.69,82.81,83.51,2171400,82.102,83.305,81.834,55.482,0.196,0.414,-0.218,83.305,85.421,81.189
2026-08-24,83.5,84.65,83.15,83.27,1746800,82.502,83.294,81.929,54.101,0.226,0.376,-0.15,83.294,85.407,81.18
2026-08-25,82.95,83.21,82.32,82.87,1670300,82.8,83.207,82.024,51.789,0.215,0.344,-0.129,83.207,85.235,81.179
2026-08-26,83.11,83.63,82.66,82.68,1945300,82.96,83.105,82.105,50.681,0.189,0.313,-0.124,83.105,85.015,81.195
2026-08-27,82.23,82.36,81.72,81.87,1446600,82.84,82.993,82.175,46.147,0.102,0.271,-0.169,82.993,84.917,81.069
2026-08-28,81.93,82.12,80.9,81.36,2083100,82.41,82.829,82.244,43.508,-0.009,0.215,-0.224,82.829,84.721,80.937
2026-08-31,81.44,81.65,79.97,80.51,2761000,81.858,82.636,82.302,39.458,-0.163,0.139,-0.302,82.636,84.648,80.623
2026-09-01,81.17,82.11,80.76,81.53,2200100,81.59,82.602,82.394,45.959,-0.2,0.071,-0.272,82.602,84.666,80.538
2026-09-02,81.92,82.31,81.15,81.18,2932500,81.29,82.48,82.454,44.205,-0.255,0.006,-0.261,82.48,84.581,80.38
2026-09-03,81.52,81.82,80.4,80.51,2383900,81.018,82.318,82.474,40.981,-0.349,-0.065,-0.284,82.318,84.504,80.133
2026-09-04,80.08,80.73,79.44,79.48,2161400,80.642,82.108,82.469,36.565,-0.501,-0.152,-0.348,82.108,84.535,79.681
2026-09-08,78.93,79.73,78.9,79.28,2255900,80.396,81.908,82.42,35.76,-0.63,-0.248,-0.382,81.908,84.576,79.24
2026-09-09,79.73,83.33,79.14,80.99,6119200,80.288,81.774,82.395,46.595,-0.587,-0.315,-0.272,81.774,84.338,79.211
2026-09-10,81.12,81.84,80.64,81.73,4294900,80.398,81.657,82.381,50.487,-0.488,-0.35,-0.138,81.657,83.978,79.335
2026-09-11,82.41,84.1,82.36,82.62,3487000,80.82,81.64,82.385,54.757,-0.334,-0.347,0.013,81.64,83.925,79.354
2026-09-14,83.72,84.04,82.73,82.95,2310700,81.514,81.667,82.36,56.264,-0.183,-0.314,0.131,81.667,84.004,79.33
2026-09-15,81.54,81.54,78.59,79.04,13660900,81.466,81.556,82.268,39.488,-0.375,-0.326,-0.048,81.556,84.168,78.943
2026-09-16,79.17,79.57,77.82,78.15,6312000,80.898,81.394,82.151,36.799,-0.591,-0.379,-0.212,81.394,84.419,78.369
2026-09-17,78.47,79.05,78.01,78.55,4800300,80.262,81.227,82.07,38.816,-0.723,-0.448,-0.275,81.227,84.497,77.958
2026-09-18,78.28,79.2,77.92,78.49,7356900,79.436,81.029,82.011,38.617,-0.822,-0.523,-0.299,81.029,84.46,77.597
2026-09-21,78.44,78.57,77.59,77.88,3929200,78.422,80.747,81.904,36.563,-0.939,-0.606,-0.333,80.747,84.244,77.25
2026-09-22,78.43,78.61,77.76,78.11,3565300,78.236,80.489,81.808,37.904,-1.002,-0.685,-0.317,80.489,83.964,77.014
2026-09-23,78.04,78.47,76.49,76.59,5543700,77.924,80.175,81.695,32.948,-1.161,-0.78,-0.381,80.175,83.872,76.478
2026-09-24,76.96,78.05,76.46,77.64,6855600,77.742,79.923,81.645,38.892,-1.188,-0.862,-0.327,79.923,83.588,76.258
2026-09-25,77.56,78.59,76.96,77.91,5472500,77.626,79.725,81.569,40.356,-1.175,-0.925,-0.25,79.725,83.375,76.075
2026-09-28,77.74,78.11,77.09,78.01,4151500,77.652,79.558,81.507,40.92,-1.143,-0.968,-0.175,79.558,83.199,75.916
2026-09-29,77.85,78.74,77.28,77.93,3631100,77.616,79.428,81.462,40.589,-1.111,-0.997,-0.115,79.428,83.11,75.747
2026-09-30,78.48,78.51,77.41,77.41,4604100,77.78,79.222,81.397,38.414,-1.115,-1.021,-0.095,79.222,82.87,75.575
2026-10-01,77.53,78.01,76.64,77.22,4642700,77.696,79.024,81.311,37.621,-1.121,-1.041,-0.08,79.024,82.655,75.394
2026-10-02,77.42,77.97,77.09,77.49,3987700,77.612,78.874,81.237,39.532,-1.091,-1.051,-0.04,78.874,82.495,75.252
2026-10-05,77.43,77.64,76.09,76.38,5342500,77.286,78.718,81.115,34.811,-1.144,-1.069,-0.074,78.718,82.493,74.944
2026-10-06,76.57,77.46,76.52,77.45,3341500,77.19,78.627,80.994,42.002,-1.087,-1.073,-0.014,78.627,82.432,74.822
2026-10-07,77.39,77.65,76.69,76.79,2378200,77.066,78.417,80.837,39.134,-1.082,-1.075,-0.007,78.417,82.136,74.698
2026-10-08,76.76,79.04,76.56,78.2,4808500,77.262,78.24,80.707,47.397,-0.954,-1.05,0.097,78.24,81.617,74.864
